interval,ips,create,start,destroy,apparentips,ram,disk,hostalloc,active
1,"[1876.4565081617916, 520.8668579276933, 3464.41286996805, 1646.6233023008167, 2180.662757134983, 628.9803113908888, 3752.9130163235823]","[0, 0, 0, 0, 0, 0, 0]","[1, 1, 1, 1, 1, 1, 1]","[-1, -1, -1, -1, -1, -1, -1]","[4029.0, 1451.6217778134383, 4029.0, 2577.3782221865617, 4029.0, 4029.0, 4029.0]","[(258.64820000000003, 0.019533333333333337, 0.0016), (0.0, 0.0046, 6.666666666666668e-05), (168.47066666666663, 0.27493333333333336, 0.023333333333333327), (125.829, 0.9397333333333332, 0.7602666666666668), (473.9556, 4.806, 0.02386666666666667), (320.1647333333333, 0.0011333333333333332, 0.0015333333333333334), (388.67179999999996, 7.663399999999999, 2.4918666666666667)]","[(3, 0.05115, 0.03694444444444444), (1, 0.0, 0.0008722222222222223), (3, 0.2927833333333333, 0.026605555555555556), (2, 0.0, 0.009888888888888888), (1, 0.0, 0.005094444444444444), (2, 0.0037166666666666667, 0.0028777777777777777), (2, 0.0, 0.016355555555555557)]","[3, 6, 10, 6, 14, 4, 11]","[True, True, True, True, True, True, True]"
2,"[1328.8784523992754, 530.8835282724567, 4442.116739200141, 1622.8881916370212, 1462.6758357381586, 634.9140879134446, 2794.65141873918, 1108.5118598755066, 2180.662757134983, 884.1326637750533, 744.572766635591, 80.13338746088, 1714.4051397483977]","[0, 0, 0, 0, 0, 0, 0, 1, 1, 1, 1, 1, 1]","[1, 1, 1, 1, 1, 1, 1, 2, 2, 2, 2, 2, 2]","[-1, -1, -1, -1, -1, -1, -1, -1, -1, -1, -1, -1, -1]","[4029.0, 584.4912417198316, 4029.0, 1676.495905084396, 4029.0, 4029.0, 4029.0, 2528.689236207313, 4029.0, 4029.0, 4029.0, 1500.3107637926867, 1768.0128531957725]","[(328.5534, 0.0005333333333333334, 0.0006), (0.0, 0.004733333333333333, 0.00013333333333333334), (313.1741333333334, 0.2986666666666667, 0.020266666666666665), (139.81, 0.972, 0.7780666666666667), (384.4776, 1.923, 0.024933333333333335), (300.59133333333324, 0.0011333333333333332, 0.0015333333333333334), (651.5146, 19.004533333333335, 2.486266666666667), (67.1088, 0.0, 0.001), (473.9556, 4.806, 0.02386666666666667), (128.62506666666664, 0.00046666666666666666, 0.0014), (142.60586666666666, 0.0007333333333333332, 0.0006), (75.84646666666666, 0.0, 0.0), (105.5042, 0.28773333333333334, 0.22433333333333338)]","[(3, 0.06125, 0.025472222222222222), (1, 0.0, 0.0008388888888888889), (3, 0.10841666666666666, 0.0281), (2, 0.0, 0.011461111111111111), (1, 0.0, 0.005011111111111111), (2, 0.0004, 0.0023666666666666667), (2, 0.0, 0.0053), (3, 0.0, 0.0), (1, 0.0, 0.005094444444444444), (2, 0.0705, 0.025599999999999998), (1, 0.0, 0.02883888888888889), (2, 0.00015, 0.0002722222222222222), (1, 0.0030666666666666663, 0.05871111111111111)]","[3, 6, 10, 6, 14, 5, 11, 9, 1, 7, 4, 9, 6]","[True, True, True, True, True, True, True, True, True, True, True, True, True]"
3,"[2050.0788185255155, 554.2557590769045, 3143.9889128247596, 1578.3848591424044, 2530.7555535185593, 557.7749931202221, 1739.5619942211624, 1578.3845313240047, 1115.189642163913, 1462.6758357381586, 845.5631180399, 554.2559608139378, 0, 1429.5838385761401, 450.7502254398, 501.40426599866777]","[0, 0, 0, 0, 0, 0, 0, 0, 1, 1, 1, 1, 1, 1, 2, 2]","[1, 1, 1, 1, 1, 1, 1, 3, 2, 2, 2, 2, 2, 2, 3, 3]","[-1, -1, -1, -1, -1, -1, -1, -1, -1, -1, -1, -1, -1, -1, -1, -1]","[4029.0, 4029.0, 4029.0, 4029.0, 4029.0, 2068.012383840211, 4029.0, 2246.0974445800457, 1782.9025554199543, 4029.0, 4029.0, 4029.0, 4029.0, 2478.589786288736, 1960.987616159789, 1550.4102137112639]","[(298.49406666666664, 0.0016666666666666668, 0.005466666666666667), (0.0, 0.0044, 0.0), (205.5204, 0.03793333333333333, 0.025266666666666666), (184.5492, 0.9548666666666666, 0.7652666666666668), (419.43, 3.8347333333333333, 0.0464), (288.00833333333327, 0.0011333333333333332, 0.0014), (369.0984, 16.1096, 2.579733333333333), (223.696, 0.11593333333333333, 0.0992), (47.5354, 0.0, 0.001), (384.4776, 1.923, 0.024933333333333335), (120.23626666666664, 0.0, 0.001066666666666667), (98.56566666666669, 0.0007333333333333332, 0.0002666666666666667), (71.827, 0.0, 0.0), (110.71433333333331, 0.20726666666666668, 0.17506666666666665), (184.549, 0.0, 0.0), (0.0, 0.0048, 6.666666666666668e-05)]","[(3, 0.0008666666666666667, 0.016138888888888887), (1, 0.0, 0.0008277777777777778), (3, 0.00125, 0.027633333333333336), (2, 1.666666666666667e-05, 0.010605555555555557), (1, 0.00031666666666666665, 0.004988888888888889), (2, 0.00026666666666666673, 0.002455555555555556), (2, 0.0, 0.00225), (2, 0.0, 0.0010277777777777776), (3, 0.0, 0.0), (1, 0.0, 0.005011111111111111), (2, 1.666666666666667e-05, 0.0006111111111111112), (1, 0.0, 0.0016666666666666668), (2, 0.09475, 0.017716666666666665), (1, 0.0002333333333333333, 0.05122222222222223), (1, 0.0, 0.00029444444444444445), (2, 0.0, 0.0013222222222222222)]","[3, 6, 10, 12, 14, 5, 11, 0, 0, 1, 7, 4, 9, 2, 5, 2]","[True, True, True, True, True, True, True, True, True, True, True, True, True, True, True, True]"
4,"[1896.4898516652977, 0, 3601.346184986549, 1622.8881916370212, 1379.6029687996834, 590.4107639942779, 1826.3731494030244, 1566.5169784569066, 1115.189642163913, 2530.7555535185593, 809.96046043822, 597.6615481065954, 0, 1845.861124904825, 570.9502855570801, 498.43737685074666, 454.0891471920266]","[0, 0, 0, 0, 0, 0, 0, 0, 1, 1, 1, 1, 1, 1, 2, 2, 2]","[1, 1, 1, 1, 1, 1, 1, 3, 2, 2, 2, 2, 2, 2, 3, 3, 4]","[-1, -1, -1, -1, -1, -1, -1, -1, -1, -1, -1, -1, 4, -1, -1, -1, -1]","[1989.8617393344848, 4029.0, 4029.0, 4029.0, 4029.0, 683.7826516634651, 4029.0, 2240.163668146497, 1788.8363318535032, 4029.0, 4029.0, 691.0334357757827, 0, 2688.211874027039, 664.3221732262673, 1340.7881259729609, 4029.0]","[(294.3, 0.001066666666666667, 0.005466666666666667), (0.0, 0.0046, 0.00013333333333333334), (130.0228, 0.042466666666666666, 0.027733333333333336), (131.4214, 0.9578666666666666, 0.7716000000000001), (442.49846666666673, 3.044, 0.055333333333333345), (311.7758666666666, 0.0011333333333333332, 0.0015333333333333334), (268.4352, 13.852799999999998, 1.682), (268.4352, 0.11646666666666668, 0.09953333333333332), (72.7012, 0.0, 0.001), (419.43, 3.8347333333333333, 0.0464), (72.7008, 6.666666666666668e-05, 0.0015333333333333334), (121.6344, 0.0005333333333333334, 0.0002), 0, (109.4118, 0.21166666666666664, 0.17653333333333332), (225.0938, 0.0, 0.0), (145.4024, 0.004733333333333333, 6.666666666666668e-05), (29.621666666666673, 4.1293999999999995, 4.1416)]","[(3, 0.0002, 0.014294444444444445), (1, 0.0, 0.0008111111111111112), (3, 0.0008, 0.02777777777777778), (2, 0.0, 0.010555555555555558), (1, 0.0, 0.004972222222222222), (2, 0.0, 0.002388888888888889), (2, 0.0, 0.005916666666666666), (2, 0.0, 0.0009611111111111112), (3, 0.0, 0.0), (1, 0.00031666666666666665, 0.004988888888888889), (2, 0.0, 0.0005666666666666668), (1, 0.0, 0.0015388888888888887), 0, (1, 0.00011666666666666667, 0.05212222222222222), (1, 0.0, 0.0002833333333333333), (2, 0.0, 0.0012666666666666666), (3, 0.0, 1.6666666666666667e-05)]","[5, 6, 10, 12, 14, 5, 11, 0, 0, 1, 7, 5, -1, 2, 5, 2, 15]","[True, True, True, True, True, True, True, True, True, True, True, True, False, True, True, True, True]"
5,"[2227.0400194731583, 0, 3261.75156374067, 1596.1861921402513, 1530.9142621519063, 534.03988703, 1612.6841520322869, 1560.5832020233572, 1105.1729687313032, 1379.6029687996834, 1317.2983312621604, 554.2559608139378, 0, 1812.9971286157179, 500.8335838220001, 498.43737685074666, 1315.5229705416066, 884.1326637750533]","[0, 0, 0, 0, 0, 0, 0, 0, 1, 1, 1, 1, 1, 1, 2, 2, 2, 2]","[1, 1, 1, 1, 1, 1, 1, 3, 2, 2, 2, 2, 2, 2, 3, 3, 4, 5]","[-1, 5, -1, -1, -1, -1, -1, -1, -1, -1, -1, -1, 4, -1, -1, -1, -1, -1]","[2438.2185253367375, 0, 4029.0, 4029.0, 4029.0, 814.6829462979755, 4029.0, 2242.205116646027, 1786.794883353973, 1590.7814746632625, 1597.9413905301358, 834.8990200819132, 0, 2671.7798758824856, 781.4766430899756, 1357.2201241175144, 4029.0, 4029.0]","[(234.18133333333338, 0.0016666666666666668, 0.0016), 0, (110.44946666666667, 0.04046666666666667, 0.026666666666666672), (153.791, 0.9633999999999999, 0.7669333333333332), (440.4012, 3.206266666666667, 0.1867333333333333), (325.75713333333334, 0.0011333333333333332, 0.0014666666666666665), (383.0794, 15.210066666666668, 1.8525333333333331), (33.5544, 0.11626666666666668, 0.09953333333333332), (33.5544, 0.0, 0.001), (442.49846666666673, 3.044, 0.055333333333333345), (75.49706666666667, 0.0, 0.001066666666666667), (125.82866666666669, 0.0007333333333333332, 0.0002666666666666667), 0, (108.76053333333334, 0.20446666666666666, 0.17406666666666665), (191.5394, 0.0, 0.0), (67.1088, 0.004666666666666667, 0.0), (29.53446666666667, 12.107333333333337, 12.139266666666664), (128.62506666666664, 0.00046666666666666666, 0.0014)]","[(3, 0.0006666666666666666, 0.02163888888888889), 0, (3, 0.00011666666666666667, 0.02971666666666666), (2, 0.0, 0.0117), (1, 1.666666666666667e-05, 0.0052), (2, 0.0006666666666666666, 0.0023944444444444447), (2, 0.0, 0.0036999999999999997), (2, 0.0, 0.000972222222222222), (3, 0.0, 0.0), (1, 0.0, 0.004972222222222222), (2, 1.666666666666667e-05, 0.0007), (1, 0.0, 0.00165), 0, (1, 0.0, 0.05014999999999999), (1, 1.666666666666667e-05, 0.0002611111111111111), (2, 0.0, 0.0012333333333333335), (3, 0.0, 1.6666666666666667e-05), (2, 0.0705, 0.025599999999999998)]","[1, -1, 10, 12, 14, 5, 11, 0, 0, 1, 5, 5, -1, 2, 5, 2, 15, 6]","[True, False, True, True, True, True, True, True, True, True, True, True, False, True, True, True, True, True]"
6,"[1766.2731188925045, 0, 3502.7541981732297, 1655.52396879974, 1483.4440524727775, 522.1723339848888, 1499.1618721790824, 1566.5169784569066, 1111.8507510197098, 1530.9142621519063, 1459.7089616688797, 597.6615481065954, 0, 1886.9411202662081, 474.12245935149326, 498.43737685074666, 1135.2228679800667, 845.5631180399]","[0, 0, 0, 0, 0, 0, 0, 0, 1, 1, 1, 1, 1, 1, 2, 2, 2, 2]","[1, 1, 1, 1, 1, 1, 1, 3, 2, 2, 2, 2, 2, 2, 3, 3, 4, 5]","[-1, 5, -1, -1, -1, -1, -1, -1, -1, -1, -1, -1, 4, -1, -1, -1, -1, -1]","[2132.1794283702993, 0, 4029.0, 4029.0, 4029.0, 847.1275316291278, 4029.0, 2241.8331137185983, 1787.1668862814015, 1896.820571629701, 4029.0, 922.6167457508344, 0, 2708.751871707731, 799.0776569957322, 1320.2481282922693, 1460.1780656243056, 4029.0]","[(242.57, 0.0003333333333333333, 0.0004), 0, (119.5372, 0.03373333333333334, 0.02686666666666667), (125.829, 0.9370666666666667, 0.7570666666666667), (478.84913333333344, 2.3301999999999996, 0.8102), (304.78553333333326, 0.0011333333333333332, 0.0014666666666666665), (279.62, 9.749466666666667, 1.610333333333333), (0.0, 0.1156, 0.0996), (39.146800000000006, 0.0, 0.001), (440.4012, 3.206266666666667, 0.1867333333333333), (114.64386666666668, 0.0, 0.0011333333333333332), (98.56533333333331, 0.0005333333333333334, 0.0002), 0, (115.2732, 0.21046666666666666, 0.17566666666666664), (225.09366666666662, 0.0, 0.0), (100.6632, 0.004666666666666667, 6.666666666666668e-05), (31.3258, 10.272666666666666, 10.300266666666666), (120.23626666666664, 0.0, 0.001066666666666667)]","[(3, 6.666666666666667e-05, 0.009744444444444444), 0, (3, 0.0013666666666666669, 0.04000555555555556), (2, 0.06273333333333334, 0.031105555555555553), (1, 0.0, 0.004461111111111111), (2, 6.666666666666667e-05, 0.0023833333333333337), (2, 0.05768333333333333, 0.023244444444444446), (2, 0.0, 0.00095), (3, 0.0, 0.0), (1, 1.666666666666667e-05, 0.0052), (2, 0.0, 0.0006555555555555555), (1, 0.0, 0.0015500000000000002), 0, (1, 0.0, 0.05059444444444444), (1, 0.0, 0.0002833333333333333), (2, 0.0, 0.001238888888888889), (3, 0.0, 4.4444444444444447e-05), (2, 1.666666666666667e-05, 0.0006111111111111112)]","[1, -1, 10, 12, 14, 5, 11, 0, 0, 1, 7, 5, -1, 2, 5, 2, 5, 6]","[True, False, True, True, True, True, True, True, True, True, True, True, False, True, True, True, True, True]"
7,"[1993.317678598913, 0, 2935.85027399664, 2278.570623724373, 0, 0, 1863.10094582612, 1593.2189724078767, 1252.08417907625, 1483.4440524727775, 0, 567.6115261347555, 0, 1906.1117847681867, 580.9669572335199, 495.47048770282555, 1145.2395403445964, 809.96046043822]","[0, 0, 0, 0, 0, 0, 0, 0, 1, 1, 1, 1, 1, 1, 2, 2, 2, 2]","[1, 1, 1, 1, 1, 1, 1, 3, 2, 2, 2, 2, 2, 2, 3, 3, 4, 5]","[-1, 5, -1, -1, -1, -1, -1, -1, -1, -1, -1, -1, 4, -1, -1, -1, -1, -1]","[2269.436813063068, 0, 4029.0, 4029.0, 4029.0, 433.79549407178206, 4029.0, 2185.0673966658132, 1843.9326033341865, 1759.5631869369322, 4029.0, 1001.4070202065376, 0, 2719.8206485326805, 1014.762451305302, 1309.1793514673193, 1579.0350344163785, 4029.0]","[(231.3854, 0.0005333333333333334, 0.0008), 0, (105.55626666666666, 0.03646666666666667, 0.024466666666666664), (226.49220000000003, 0.9202666666666668, 0.7430666666666668), (333.44686666666666, 0.9099333333333333, 0.8626), (258.64813333333325, 0.0011333333333333332, 0.0015333333333333334), (338.34020000000004, 2.189, 3.0638666666666667), (167.772, 0.1156, 0.09933333333333332), (173.3644, 6.666666666666668e-05, 0.0016), (478.84913333333344, 2.3301999999999996, 0.8102), (92.27413333333331, 6.666666666666668e-05, 0.0013333333333333333), (113.24566666666668, 0.0007333333333333332, 0.0002666666666666667), 0, (97.689, 0.24573333333333333, 0.20893333333333336), (159.38313333333332, 0.0, 0.0), (0.0, 0.004666666666666667, 6.666666666666668e-05), (31.238400000000002, 10.958333333333334, 10.986266666666667), (72.7008, 6.666666666666668e-05, 0.0015333333333333334)]","[(3, 6.666666666666667e-05, 0.011649999999999999), 0, (3, 0.0, 0.024422222222222224), (2, 0.09268333333333334, 0.011455555555555556), (1, 0.0, 0.004088888888888889), (2, 0.0010333333333333334, 0.0024222222222222223), (2, 1.1261166666666667, 0.002977777777777778), (2, 0.0, 0.0014166666666666668), (3, 0.03166666666666667, 0.0017722222222222221), (1, 0.0, 0.004461111111111111), (2, 1.666666666666667e-05, 0.003455555555555556), (1, 0.0, 0.0016666666666666668), 0, (1, 0.0, 0.05149444444444444), (1, 0.0, 0.0002722222222222222), (2, 0.0, 0.0012722222222222221), (3, 0.0, 2.2222222222222223e-05), (2, 0.0, 0.0005666666666666668)]","[1, -1, 10, 12, 14, 5, 11, 0, 0, 1, 7, 5, -1, 2, 5, 2, 5, 6]","[True, False, True, True, True, True, True, True, True, True, True, True, False, True, True, True, True, True]"
8,"[1889.8120704974624, 0, 2837.2582871833197, 1590.2524144743022, 0, 0, 2634.3846707111265, 1563.5500902401322, 1105.1729687313032, 949.4041935825778, 0, 0, 0, 1908.8504511256126, 450.7502254398, 492.5035985549045, 1218.6951376844836, 1317.2983312621604, 517.5280212281833, 1235.3895160495777, 3464.41286996805]","[0, 0, 0, 0, 0, 0, 0, 0, 1, 1, 1, 1, 1, 1, 2, 2, 2, 2, 2, 2, 2]","[1, 1, 1, 1, 1, 1, 1, 3, 2, 2, 2, 2, 2, 2, 3, 3, 4, 5, 8, 8, 8]","[-1, 5, -1, -1, 8, 8, -1, -1, -1, -1, 8, -1, 4, -1, -1, -1, -1, -1, -1, -1, -1]","[2484.7039384574423, 0, 3174.3651329775685, 4029.0, 0, 0, 4029.0, 2243.6885607544145, 1785.3114392455855, 1544.2960615425577, 0, 1396.8052419752112, 0, 2722.6734262853543, 1630.5275438776582, 1306.326573714646, 2398.472456122342, 4029.0, 854.6348670224319, 2632.194758024789, 4029.0]","[(253.7549333333333, 0.0006666666666666666, 0.0008), 0, (111.8476, 0.035666666666666666, 0.024), (142.6062, 0.9306666666666665, 0.7520666666666668), 0, 0, (408.2452, 3.357266666666667, 2.6136666666666666), (67.1088, 0.11593333333333333, 0.09953333333333332), (156.58720000000002, 6.666666666666668e-05, 0.001066666666666667), (333.44686666666666, 0.9099333333333333, 0.8626), 0, (127.92593333333336, 0.0005333333333333334, 0.0002), 0, (125.0422, 0.247, 0.19506666666666664), (201.3262, 0.0, 0.0), (0.0, 0.0046, 6.666666666666668e-05), (30.75773333333333, 11.004733333333336, 11.030333333333335), (75.49706666666667, 0.0, 0.001066666666666667), (58.7202, 0.004733333333333333, 0.00013333333333333334), (267.736, 0.28726666666666667, 0.0504), (168.47066666666663, 0.27493333333333336, 0.023333333333333327)]","[(3, 0.00018333333333333334, 0.015666666666666666), 0, (3, 0.0, 0.028383333333333337), (2, 0.0, 0.012455555555555557), 0, 0, (2, 1.092625, 0.013255555555555555), (2, 0.0, 0.00095), (3, 0.0, 0.0002833333333333333), (1, 0.0, 0.004088888888888889), 0, (1, 0.0, 0.0015222222222222221), 0, (1, 3.3333333333333335e-05, 0.05121666666666667), (1, 0.0, 0.0002666666666666667), (2, 0.0, 0.0012166666666666667), (3, 0.0, 2.2222222222222223e-05), (2, 1.666666666666667e-05, 0.0007), (2, 0.0, 0.0010944444444444443), (1, 0.0, 0.0011611111111111112), (3, 0.2927833333333333, 0.026605555555555556)]","[1, -1, 10, 12, -1, -1, 11, 0, 0, 1, -1, 4, -1, 2, 5, 2, 5, 6, 10, 4, 7]","[True, False, True, True, False, False, True, True, True, True, False, True, False, True, True, True, True, True, True, True, True]"
9,"[2103.5010678682, 0, 2777.0076285751793, 1563.5504149775322, 0, 0, 1779.6286812281753, 1572.4507548904555, 1118.528533308117, 732.8213619215522, 0, 0, 0, 1714.4051397483977, 537.5613799689467, 498.43737685074666, 1191.9840113790701, 1459.7089616688797, 510.85024030910995, 1235.3895160495777, 4442.116739200141, 1876.4565081617916]","[0, 0, 0, 0, 0, 0, 0, 0, 1, 1, 1, 1, 1, 1, 2, 2, 2, 2, 2, 2, 2, 3]","[1, 1, 1, 1, 1, 1, 1, 3, 2, 2, 2, 2, 2, 2, 3, 3, 4, 5, 8, 8, 8, 9]","[-1, 5, -1, -1, 8, 8, -1, -1, -1, -1, 8, 9, 4, -1, -1, -1, -1, -1, -1, -1, -1, -1]","[2699.839852973324, 0, 4029.0, 4029.0, 0, 0, 4029.0, 2551.506689019854, 4029.0, 1329.160147026676, 0, 0, 0, 2141.848089039759, 2027.8555698299183, 1477.4933109801455, 4029.0, 1887.1519109602411, 2001.1444301700817, 1693.966503943893, 4029.0, 2335.0334960561067]","[(244.66713333333328, 0.0014666666666666665, 0.0012), 0, (115.3428, 0.03426666666666667, 0.023266666666666665), (117.4404, 0.9303333333333335, 0.7412666666666667), 0, 0, (645.9222, 2.945, 2.129), (100.6632, 0.11566666666666668, 0.09933333333333332), (97.867, 0.0, 0.001), (199.92773333333332, 0.9031333333333333, 0.010666666666666666), 0, 0, 0, (93.78139999999999, 0.23493333333333336, 0.19066666666666662), (183.15086666666667, 0.00013333333333333334, 6.666666666666668e-05), (0.0, 0.004666666666666667, 6.666666666666668e-05), (30.932599999999997, 11.007200000000001, 11.033333333333335), (114.64386666666668, 0.0, 0.0011333333333333332), (50.3316, 0.004666666666666667, 0.00013333333333333334), (279.6198, 0.2951333333333333, 0.05206666666666667), (313.1741333333334, 0.2986666666666667, 0.020266666666666665), (258.64820000000003, 0.019533333333333337, 0.0016)]","[(3, 0.00015, 0.019816666666666666), 0, (3, 0.0, 0.027411111111111112), (2, 0.0, 0.010772222222222223), 0, 0, (2, 0.0, 0.0070888888888888885), (2, 0.0, 0.0009611111111111112), (3, 0.008, 0.00039999999999999996), (1, 0.0, 0.005077777777777777), 0, 0, 0, (1, 0.0, 0.049894444444444436), (1, 0.005966666666666668, 0.0008777777777777778), (2, 0.0, 0.001261111111111111), (3, 0.0, 2.2222222222222223e-05), (2, 0.0, 0.0006555555555555555), (2, 0.0, 0.0010555555555555557), (1, 0.0, 0.0009000000000000001), (3, 0.10841666666666666, 0.0281), (3, 0.05115, 0.03694444444444444)]","[1, -1, 10, 12, -1, -1, 11, 2, 0, 1, -1, -1, -1, 6, 5, 2, 14, 6, 5, 4, 7, 4]","[True, False, True, True, False, False, True, True, True, True, False, False, False, True, True, True, True, True, True, True, True, True]"
10,"[2073.45105261294, 0, 3089.2155868173595, 1554.649748478609, 0, 0, 2090.1455055325287, 1566.5169784569066, 0, 851.4968861193744, 0, 0, 0, 1851.3384576196752, 0, 0, 1198.6617929554236, 845.5631180399, 510.85024030910995, 1128.5450173642087, 3143.9889128247596, 1328.8784523992754]","[0, 0, 0, 0, 0, 0, 0, 0, 1, 1, 1, 1, 1, 1, 2, 2, 2, 2, 2, 2, 2, 3]","[1, 1, 1, 1, 1, 1, 1, 3, 2, 2, 2, 2, 2, 2, 3, 3, 4, 5, 8, 8, 8, 9]","[-1, 5, -1, -1, 8, 8, -1, -1, -1, -1, 8, 9, 4, -1, -1, -1, -1, -1, -1, -1, -1, -1]","[2625.477083246783, 0, 3303.682673254125, 4029.0, 0, 0, 4029.0, 4029.0, 4029.0, 1403.522916753217, 0, 0, 0, 2517.3876697898877, 4029.0, 4029.0, 4029.0, 1511.6123302101123, 725.3173267458753, 1914.3332824824668, 4029.0, 2114.6667175175335]","[(254.4540666666667, 0.0026, 0.0088), 0, (111.1486, 0.03153333333333334, 0.0434), (83.886, 0.8937333333333333, 0.7318666666666667), 0, 0, (402.6528, 3.2084, 1.765466666666667), (22.3696, 0.11606666666666667, 0.09953333333333332), (81.0898, 0.0, 0.001), (167.77133333333336, 0.8164666666666667, 0.02233333333333333), 0, 0, 0, (104.85293333333334, 0.21746666666666667, 0.18180000000000002), (222.2977333333333, 0.0, 0.0), (0.0, 0.0057333333333333325, 0.001), (29.2284, 11.277066666666668, 11.304066666666667), (92.27413333333331, 6.666666666666668e-05, 0.0013333333333333333), (47.5354, 0.004533333333333333, 0.00013333333333333334), (271.93059999999997, 0.26839999999999997, 0.0528), (205.5204, 0.03793333333333333, 0.025266666666666666), (328.5534, 0.0005333333333333334, 0.0006)]","[(3, 0.00011666666666666667, 0.017588888888888887), 0, (3, 0.0009, 0.029877777777777774), (2, 0.0, 0.007866666666666668), 0, 0, (2, 0.0, 0.005355555555555555), (2, 0.0, 0.0009388888888888888), (3, 0.0, 0.0), (1, 0.0, 0.005544444444444444), 0, 0, 0, (1, 3.3333333333333335e-05, 0.05011111111111111), (1, 0.0, 0.00019999999999999998), (2, 0.0, 0.0012055555555555554), (3, 0.0, 2.2222222222222223e-05), (2, 1.666666666666667e-05, 0.003455555555555556), (2, 0.0, 0.0011222222222222222), (1, 0.0, 0.00115), (3, 0.00125, 0.027633333333333336), (3, 0.06125, 0.025472222222222222)]","[1, -1, 10, 12, -1, -1, 11, 8, 0, 1, -1, -1, -1, 6, 5, 2, 14, 6, 10, 4, 7, 4]","[True, False, True, True, False, False, True, True, True, True, False, False, False, True, True, True, True, True, True, True, True, True]"
11,"[2293.817831151513, 0, 2842.73561978406, 0, 0, 0, 1232.0506254656602, 1563.5500902401322, 0, 1483.4440524727775, 0, 0, 0, 1802.042463186016, 0, 0, 1178.6284482263632, 0, 510.85024030910995, 1135.2227985320444, 3601.346184986549, 2050.0788185255155, 390.65025572768]","[0, 0, 0, 0, 0, 0, 0, 0, 1, 1, 1, 1, 1, 1, 2, 2, 2, 2, 2, 2, 2, 3, 3]","[1, 1, 1, 1, 1, 1, 1, 3, 2, 2, 2, 2, 2, 2, 3, 3, 4, 5, 8, 8, 8, 9, 11]","[-1, 5, -1, -1, 8, 8, -1, -1, 11, -1, 8, 9, 4, -1, 11, 11, -1, -1, -1, -1, -1, -1, -1]","[2419.6868893393676, 0, 3180.442689737475, 4029.0, 0, 0, 4029.0, 4029.0, 0, 1609.3131106606322, 0, 0, 0, 2915.521231593008, 0, 0, 4029.0, 1113.478768406992, 848.5573102625251, 1286.2388409369644, 4029.0, 2201.0948609304355, 541.6662981326]","[(268.435, 0.0018666666666666666, 0.0016), 0, (97.86666666666669, 0.0338, 0.023066666666666666), (92.2746, 0.9142666666666668, 0.7324666666666667), 0, 0, (444.5958, 2.369733333333333, 2.1395999999999997), (67.1088, 0.11606666666666667, 0.09946666666666669), 0, (186.64606666666668, 3.3434, 0.0272), 0, 0, 0, (98.34026666666666, 0.21266666666666662, 0.17426666666666668), 0, 0, (27.96146666666667, 11.744666666666664, 11.770666666666664), (76.89526666666666, 0.0, 0.001), (55.924, 0.004733333333333333, 6.666666666666668e-05), (277.5227333333333, 0.25306666666666666, 0.0498), (130.0228, 0.042466666666666666, 0.027733333333333336), (298.49406666666664, 0.0016666666666666668, 0.005466666666666667), (499.1218, 0.0004, 0.0003333333333333333)]","[(3, 0.00013333333333333334, 0.023688888888888888), 0, (3, 0.0, 0.02947777777777778), (2, 0.0, 0.010216666666666666), 0, 0, (2, 0.0, 0.005061111111111111), (2, 0.0, 0.0009555555555555554), 0, (1, 0.0, 0.005394444444444445), 0, 0, 0, (1, 0.00011666666666666667, 0.04876111111111111), 0, 0, (3, 0.0, 2.2222222222222223e-05), (2, 0.0, 0.0005055555555555555), (2, 0.0, 0.0010555555555555555), (1, 0.0, 0.001172222222222222), (3, 0.0008, 0.02777777777777778), (3, 0.0008666666666666667, 0.016138888888888887), (2, 0.012733333333333334, 0.0036666666666666666)]","[1, -1, 10, 12, -1, -1, 11, 8, -1, 1, -1, -1, -1, 6, -1, -1, 14, 6, 10, 4, 7, 4, 4]","[True, False, True, True, False, False, True, True, False, True, False, False, False, True, False, False, True, True, True, True, True, True, True]"
12,"[2203.667785385733, 0, 2867.38361648739, 0, 0, 0, 2534.217953193593, 1563.5500902401322, 0, 1397.4042974293563, 0, 0, 0, 1136.5465383316057, 0, 0, 1141.90064955642, 0, 510.85024030910995, 1208.6783913782356, 3261.75156374067, 1896.4898516652977, 530.8836808606934, 1763.7010974382797, 744.572766635591, 1155.2559781834066, 1155.2559781834066]","[0, 0, 0, 0, 0, 0, 0, 0, 1, 1, 1, 1, 1, 1, 2, 2, 2, 2, 2, 2, 2, 3, 3, 3, 4, 4, 4]","[1, 1, 1, 1, 1, 1, 1, 3, 2, 2, 2, 2, 2, 2, 3, 3, 4, 5, 8, 8, 8, 9, 11, 12, 12, 12, 12]","[-1, 5, -1, 12, 8, 8, -1, -1, 11, -1, 8, 9, 4, -1, 11, 11, -1, 12, -1, -1, -1, -1, -1, -1, -1, -1, -1]","[2417.6317439781883, 0, 3192.76668808914, 0, 0, 0, 2909.322593279001, 4029.0, 0, 1611.3682560218115, 0, 0, 0, 1700.922720446663, 0, 0, 4029.0, 0, 836.23331191086, 1339.66108341016, 4029.0, 2027.4725436972221, 661.8663728926177, 2328.077279553337, 1119.677406720999, 4029.0, 4029.0]","[(269.134, 0.0016666666666666668, 0.0014666666666666665), 0, (98.5656, 0.03406666666666667, 0.023066666666666666), 0, 0, 0, (349.525, 5.339466666666667, 2.7218), (78.29360000000001, 0.11573333333333333, 0.09953333333333332), 0, (441.79940000000005, 3.5278666666666667, 0.02166666666666667), 0, 0, 0, (87.92, 0.21286666666666668, 0.18966666666666662), 0, 0, (28.00533333333333, 10.849266666666667, 10.8736), 0, (58.7202, 0.0046, 6.666666666666668e-05), (304.0866, 0.2961333333333333, 0.05726666666666666), (110.44946666666667, 0.04046666666666667, 0.026666666666666672), (294.3, 0.001066666666666667, 0.005466666666666667), (455.08166666666676, 0.012533333333333334, 0.18906666666666663), (39.146666666666654, 0.29753333333333337, 0.0019333333333333331), (142.60586666666666, 0.0007333333333333332, 0.0006), (67.10839999999999, 0.00013333333333333334, 0.001), (67.10839999999999, 0.00013333333333333334, 0.001)]","[(3, 0.00031666666666666665, 0.026144444444444446), 0, (3, 0.0, 0.029166666666666667), 0, 0, 0, (2, 0.0, 0.01048888888888889), (2, 0.0, 0.0009166666666666666), 0, (1, 0.0, 0.005505555555555555), 0, 0, 0, (1, 0.0, 0.050077777777777784), 0, 0, (3, 0.0, 1.6666666666666667e-05), 0, (2, 0.0, 0.0010388888888888887), (1, 0.0, 0.0010444444444444444), (3, 0.00011666666666666667, 0.02971666666666666), (3, 0.0002, 0.014294444444444445), (2, 0.0002833333333333333, 0.0029611111111111123), (1, 0.003, 0.06097777777777777), (1, 0.0, 0.02883888888888889), (1, 0.0, 0.0005722222222222222), (1, 0.0, 0.0005722222222222222)]","[1, -1, 10, -1, -1, -1, 11, 8, -1, 1, -1, -1, -1, 6, -1, -1, 14, -1, 10, 4, 7, 4, 4, 6, 11, 5, 3]","[True, False, True, False, False, False, True, True, False, True, False, False, False, True, False, False, True, False, True, True, True, True, True, True, True, True, True]"
13,"[2664.4346859663865, 0, 3604.08485128692, 0, 0, 0, 5161.924842736884, 1563.5500902401322, 0, 1605.0864647755454, 0, 0, 0, 1426.8451722187147, 0, 0, 0, 0, 510.85024030910995, 1225.3728442978247, 3502.7541981732297, 2227.0400194731583, 537.5614630098844, 1385.7651479872202, 0, 1151.9170880730503, 1151.9170880730503]","[0, 0, 0, 0, 0, 0, 0, 0, 1, 1, 1, 1, 1, 1, 2, 2, 2, 2, 2, 2, 2, 3, 3, 3, 4, 4, 4]","[1, 1, 1, 1, 1, 1, 1, 3, 2, 2, 2, 2, 2, 2, 3, 3, 4, 5, 8, 8, 8, 9, 11, 12, 12, 12, 12]","[-1, 5, -1, 12, 8, 8, -1, -1, 11, -1, 8, 9, 4, -1, 11, 11, -1, 12, -1, -1, -1, -1, -1, -1, -1, -1, -1]","[2544.1741105954206, 0, 3561.117305488905, 0, 0, 0, 4595.462421368442, 4029.0, 0, 1484.8258894045796, 0, 0, 0, 2035.0400121157472, 0, 0, 4029.0, 0, 467.88269451109477, 1238.3814020375357, 4029.0, 2240.048577212869, 550.5700207495953, 1993.9599878842528, -566.4624213684419, 2014.5, 2014.5]","[(369.09826666666675, 0.0032, 0.0020666666666666667), 0, (159.383, 0.27046666666666663, 0.022466666666666666), 0, 0, 0, (553.6476, 10.710466666666667, 4.053266666666667), (33.5544, 0.1158, 0.09953333333333332), 0, (421.5272, 3.163133333333333, 0.021933333333333332), 0, 0, 0, (83.36113333333331, 0.21606666666666663, 0.18393333333333337), 0, 0, (29.18493333333334, 11.238933333333332, 11.264533333333333), 0, (8.3886, 0.0046, 6.666666666666668e-05), (292.20259999999996, 0.28073333333333333, 0.056799999999999996), (119.5372, 0.03373333333333334, 0.02686666666666667), (234.18133333333338, 0.0016666666666666668, 0.0016), (471.15966666666674, 0.013066666666666664, 0.18946666666666667), (65.71033333333331, 0.2166, 0.004533333333333333), (98.56566666666669, 0.0007333333333333332, 0.0002666666666666667), (72.70093333333334, 6.666666666666668e-05, 0.001), (72.70093333333334, 6.666666666666668e-05, 0.001)]","[(3, 0.2675166666666666, 0.1220111111111111), 0, (3, 0.0013666666666666669, 0.02918888888888889), 0, 0, 0, (2, 0.0, 0.008927777777777778), (2, 0.0, 0.000977777777777778), 0, (1, 0.04335, 0.02068888888888889), 0, 0, 0, (1, 0.0, 0.04877777777777778), 0, 0, (3, 0.0, 4.4444444444444447e-05), 0, (2, 0.0, 0.00105), (1, 0.0, 0.001027777777777778), (3, 0.0013666666666666669, 0.04000555555555556), (3, 0.0006666666666666666, 0.02163888888888889), (2, 0.00035, 0.0039833333333333335), (1, 0.0002833333333333333, 0.09404444444444444), (1, 0.0, 0.0016666666666666668), (1, 0.0, 0.0005666666666666666), (1, 0.0, 0.0005666666666666666)]","[1, -1, 10, -1, -1, -1, 11, 8, -1, 1, -1, -1, -1, 6, -1, -1, 14, -1, 10, 4, 7, 4, 4, 6, 11, 5, 5]","[True, False, True, False, False, False, True, True, False, True, False, False, False, True, False, False, True, False, True, True, True, True, True, True, True, True, True]"
14,"[2310.5122840711024, 0, 4107.999450555, 0, 0, 0, 3255.4183193198332, 0, 0, 1661.4573387695111, 0, 0, 0, 2127.9437597196566, 0, 0, 0, 0, 517.5280212281833, 1228.7117348817424, 2935.85027399664, 1766.2731188925045, 544.2392451590755, 1569.2557901120101, 0, 1158.5948682937635, 1158.5948682937635, 599.3113997345512, 450.7502254398]","[0, 0, 0, 0, 0, 0, 0, 0, 1, 1, 1, 1, 1, 1, 2, 2, 2, 2, 2, 2, 2, 3, 3, 3, 4, 4, 4, 5, 5]","[1, 1, 1, 1, 1, 1, 1, 3, 2, 2, 2, 2, 2, 2, 3, 3, 4, 5, 8, 8, 8, 9, 11, 12, 12, 12, 12, 14, 14]","[-1, 5, -1, 12, 8, 8, -1, -1, 11, -1, 8, 9, 4, -1, 11, 11, 14, 12, -1, -1, -1, -1, -1, -1, 14, -1, -1, -1, -1]","[2339.0274726507955, 0, 3809.7357146634085, 0, 0, 0, 4029.0, 4029.0, 0, 1689.9725273492043, 0, 0, 0, 2293.8439848038233, 0, 0, 0, 0, 219.26428533659157, 1391.970368570635, 4029.0, 1929.531752581397, 707.4978788479681, 1735.156015196177, 0, 2014.5, 2014.5, 4029.0, 4029.0]","[(364.904, 0.0027333333333333333, 0.0014666666666666665), 0, (234.88039999999998, 0.2981333333333333, 0.018066666666666665), 0, 0, 0, (503.316, 17.2942, 4.714533333333334), (22.3696, 0.11553333333333332, 0.0994), 0, (462.072, 4.105733333333333, 0.02813333333333333), 0, 0, 0, (90.52506666666666, 0.3320666666666667, 0.2432666666666667), 0, 0, 0, 0, (22.3696, 0.004533333333333333, 6.666666666666668e-05), (276.8236, 0.27726666666666666, 0.054666666666666655), (105.55626666666666, 0.03646666666666667, 0.024466666666666664), (242.57, 0.0003333333333333333, 0.0004), (486.5389333333335, 0.012733333333333333, 0.18919999999999998), (40.54486666666667, 0.21746666666666667, 0.0017333333333333335), 0, (75.49719999999999, 0.0004, 0.0014666666666666665), (75.49719999999999, 0.0004, 0.0014666666666666665), (0.0, 0.004733333333333333, 0.00013333333333333334), (184.549, 0.0, 0.0)]","[(3, 0.0012833333333333332, 0.025400000000000002), 0, (3, 8.333333333333333e-05, 0.02883888888888889), 0, 0, 0, (2, 2.327875, 0.009094444444444445), (2, 0.0, 0.0009444444444444444), 0, (1, 0.0, 0.005383333333333333), 0, 0, 0, (1, 0.0002333333333333333, 0.0568888888888889), 0, 0, 0, 0, (2, 0.0, 0.0010722222222222222), (1, 0.0, 0.0013833333333333334), (3, 0.0, 0.024422222222222224), (3, 6.666666666666667e-05, 0.009744444444444444), (2, 0.07660000000000003, 0.0032111111111111108), (1, 0.0, 0.05373333333333333), 0, (1, 0.0, 0.0005499999999999999), (1, 0.0, 0.0005499999999999999), (3, 0.0, 0.0014222222222222223), (1, 0.0, 0.00029444444444444445)]","[1, -1, 10, -1, -1, -1, 11, 8, -1, 1, -1, -1, -1, 6, -1, -1, -1, -1, 10, 4, 7, 4, 4, 6, -1, 5, 5, 12, 14]","[True, False, True, False, False, False, True, True, False, True, False, False, False, True, False, False, False, False, True, True, True, True, True, True, False, True, True, True, True]"
15,"[2560.9290778649356, 0, 3519.18619597545, 0, 0, 0, 3689.4740952291445, 0, 0, 952.3710816875233, 0, 0, 0, 2445.6290571810214, 0, 0, 0, 0, 544.2391449044768, 1318.8617806475224, 2837.2582871833197, 1993.317678598913, 524.2058987115023, 1517.22113040498, 0, 1151.9170880730503, 1151.9170880730503, 620.0796165570354, 570.9502855570801]","[0, 0, 0, 0, 0, 0, 0, 0, 1, 1, 1, 1, 1, 1, 2, 2, 2, 2, 2, 2, 2, 3, 3, 3, 4, 4, 4, 5, 5]","[1, 1, 1, 1, 1, 1, 1, 3, 2, 2, 2, 2, 2, 2, 3, 3, 4, 5, 8, 8, 8, 9, 11, 12, 12, 12, 12, 14, 14]","[-1, 5, -1, 12, 8, 8, -1, 15, 11, -1, 8, 9, 4, -1, 11, 11, 14, 12, -1, -1, -1, -1, -1, -1, 14, -1, -1, -1, -1]","[2818.7789980887064, 0, 3501.9735255354867, 0, 0, 0, 4029.0, 0, 0, 1210.221001911294, 0, 0, 0, 2478.703963388021, 0, 0, 0, 0, 527.0264744645134, 1383.0666613282099, 4029.0, 2057.5225592796005, 588.4107793921897, 1550.2960366119794, 0, 2014.5, 2014.5, 4029.0, 4029.0]","[(271.9302, 0.0026666666666666666, 0.0020666666666666667), 0, (221.59853333333334, 0.0404, 0.026733333333333335), 0, 0, 0, (570.4248, 42.85653333333333, 4.105333333333333), 0, 0, (451.5861333333334, 0.8108, 0.02433333333333333), 0, 0, 0, (126.996, 0.5407333333333333, 0.289), 0, 0, 0, 0, (8.3886, 0.0046, 0.00013333333333333334), (332.04866666666675, 0.30326666666666663, 0.05866666666666666), (111.8476, 0.035666666666666666, 0.024), (231.3854, 0.0005333333333333334, 0.0008), (462.072, 0.012733333333333333, 0.18913333333333332), (26.56353333333333, 0.21073333333333333, 0.0014), 0, (75.49719999999999, 0.0003333333333333333, 0.0014), (75.49719999999999, 0.0003333333333333333, 0.0014), (0.0, 0.004666666666666667, 6.666666666666668e-05), (225.0938, 0.0, 0.0)]","[(3, 0.005633333333333334, 0.03143333333333334), 0, (3, 0.0, 0.02946666666666667), 0, 0, 0, (2, 0.0, 0.005988888888888888), 0, 0, (1, 0.0, 0.0049277777777777775), 0, 0, 0, (1, 0.0001, 0.059855555555555565), 0, 0, 0, 0, (2, 0.0, 0.00145), (1, 0.0, 0.0009222222222222221), (3, 0.0, 0.028383333333333337), (3, 6.666666666666667e-05, 0.011649999999999999), (2, 0.07893333333333334, 0.003822222222222222), (1, 1.666666666666667e-05, 0.05187222222222222), 0, (1, 0.0, 0.0005611111111111111), (1, 0.0, 0.0005611111111111111), (3, 0.0, 0.001661111111111111), (1, 0.0, 0.0002833333333333333)]","[1, -1, 10, -1, -1, -1, 11, -1, -1, 1, -1, -1, -1, 6, -1, -1, -1, -1, 10, 4, 7, 4, 4, 6, -1, 5, 5, 12, 14]","[True, False, True, False, False, False, True, False, False, True, False, False, False, True, False, False, False, False, True, True, True, True, True, True, False, True, True, True, True]"
16,"[2520.8623908579216, 0, 3576.69818828322, 0, 0, 0, 2510.845719106169, 0, 0, 976.1061865270877, 0, 0, 0, 2166.2850887236145, 0, 0, 0, 0, 504.17245939003664, 1228.7117348817424, 2777.0076285751793, 1889.8120704974624, 447.41140399580445, 1569.2557901120101, 0, 1168.6115386248337, 1168.6115386248337, 578.5431829120669, 0, 1155.2559781834066]","[0, 0, 0, 0, 0, 0, 0, 0, 1, 1, 1, 1, 1, 1, 2, 2, 2, 2, 2, 2, 2, 3, 3, 3, 4, 4, 4, 5, 5, 5]","[1, 1, 1, 1, 1, 1, 1, 3, 2, 2, 2, 2, 2, 2, 3, 3, 4, 5, 8, 8, 8, 9, 11, 12, 12, 12, 12, 14, 14, 16]","[-1, 5, -1, 12, 8, 8, -1, 15, 11, -1, 8, 9, 4, -1, 11, 11, 14, 12, -1, -1, -1, -1, -1, -1, 14, -1, -1, -1, -1, -1]","[2786.8781021654167, 0, 3550.7628644465917, 0, 0, 0, 4029.0, 0, 0, 1242.1218978345833, 0, 0, 0, 2313.0146493058023, 0, 0, 0, 0, 478.2371355534082, 1383.0666650900725, 4029.0, 2044.1670007057926, 601.7663342041346, 1715.985350694198, 0, 2014.5, 2014.5, 4029.0, 4029.0, 4029.0]","[(274.72646666666674, 0.0041333333333333335, 0.009866666666666668), 0, (117.44013333333332, 0.04193333333333333, 0.027666666666666673), 0, 0, 0, (394.2642, 30.276, 3.311533333333333), 0, 0, (211.11260000000001, 1.1520666666666666, 0.015533333333333333), 0, 0, 0, (113.97066666666669, 0.33546666666666664, 0.21846666666666667), 0, 0, 0, 0, (2.7962, 0.004533333333333333, 6.666666666666668e-05), (318.06759999999997, 0.2734, 0.057466666666666666), (115.3428, 0.03426666666666667, 0.023266666666666665), (253.7549333333333, 0.0006666666666666666, 0.0008), (442.4987333333333, 0.0128, 0.18926666666666667), (40.54466666666666, 0.2174, 0.0013333333333333333), 0, (77.5942, 0.00046666666666666666, 0.0014), (77.5942, 0.00046666666666666666, 0.0014), (0.0, 0.004533333333333333, 0.0), (191.5394, 0.0, 0.0), (67.10839999999999, 0.00013333333333333334, 0.001)]","[(3, 0.0009833333333333335, 0.03336666666666666), 0, (3, 0.0027166666666666667, 0.027800000000000002), 0, 0, 0, (2, 0.0, 0.003466666666666667), 0, 0, (1, 0.0, 0.0046), 0, 0, 0, (1, 0.0, 0.05419444444444445), 0, 0, 0, 0, (2, 0.0, 0.0010833333333333333), (1, 0.0, 0.0007888888888888889), (3, 0.0, 0.027411111111111112), (3, 0.00018333333333333334, 0.015666666666666666), (2, 0.058866666666666664, 0.003477777777777778), (1, 0.00013333333333333334, 0.05250555555555555), 0, (1, 0.0, 0.001627777777777778), (1, 0.0, 0.001627777777777778), (3, 0.0, 0.0012944444444444446), (1, 1.666666666666667e-05, 0.0002611111111111111), (1, 0.0, 0.0005722222222222222)]","[1, -1, 10, -1, -1, -1, 11, -1, -1, 1, -1, -1, -1, 6, -1, -1, -1, -1, 10, 4, 7, 4, 4, 6, -1, 5, 5, 12, 14, 0]","[True, False, True, False, False, False, True, False, False, True, False, False, False, True, False, False, False, False, True, True, True, True, True, True, False, True, True, True, True, True]"
17,"[2607.673546039784, 0, 3261.75156374067, 0, 0, 0, 2781.295856403509, 0, 0, 676.4504879275866, 0, 0, 0, 2018.3971054226345, 0, 0, 0, 0, 514.1891307686467, 1175.2894855390578, 3089.2155868173595, 2103.5010678682, 340.5668896087467, 1662.37044432459, 0, 1165.2726485144767, 1165.2726485144767, 0, 0, 1151.9170880730503, 501.40426599866777]","[0, 0, 0, 0, 0, 0, 0, 0, 1, 1, 1, 1, 1, 1, 2, 2, 2, 2, 2, 2, 2, 3, 3, 3, 4, 4, 4, 5, 5, 5, 5]","[1, 1, 1, 1, 1, 1, 1, 3, 2, 2, 2, 2, 2, 2, 3, 3, 4, 5, 8, 8, 8, 9, 11, 12, 12, 12, 12, 14, 14, 16, 17]","[-1, 5, -1, 12, 8, 8, -1, 15, 11, -1, 8, 9, 4, -1, 11, 11, 14, 12, -1, -1, -1, -1, -1, -1, 14, -1, -1, -1, 17, -1, -1]","[2980.111529056099, 0, 3388.2812164860115, 0, 0, 0, 4029.0, 0, 0, 1048.8884709439012, 0, 0, 0, 2192.513330549022, 0, 0, 0, 0, 640.7187835139882, 1311.8370045337228, 4029.0, 2240.0485868628652, 477.1144086034118, 1836.4866694509776, 0, 2014.5, 2014.5, 4029.0, 0, 4029.0, 4029.0]","[(269.13426666666675, 0.0028, 0.002466666666666667), 0, (115.3428, 0.04046666666666667, 0.026666666666666672), 0, 0, 0, (260.0466, 23.217133333333337, 6.089266666666666), 0, 0, (174.762, 0.599, 0.17253333333333334), 0, 0, 0, (114.62193333333336, 0.28486666666666666, 0.20433333333333337), 0, 0, 0, 0, (41.943, 0.0044666666666666665, 6.666666666666668e-05), (304.0866, 0.26866666666666666, 0.058866666666666664), (111.1486, 0.03153333333333334, 0.0434), (244.66713333333328, 0.0014666666666666665, 0.0012), (473.9558, 0.00013333333333333334, 0.00013333333333333334), (36.35026666666667, 0.25166666666666665, 0.0012), 0, (69.2056, 0.00046666666666666666, 0.0013333333333333333), (69.2056, 0.00046666666666666666, 0.0013333333333333333), (0.0, 0.004733333333333333, 0.0), 0, (72.70093333333334, 6.666666666666668e-05, 0.001), (0.0, 0.0048, 6.666666666666668e-05)]","[(3, 0.0003333333333333333, 0.03149444444444444), 0, (3, 0.0, 0.025622222222222223), 0, 0, 0, (2, 1.4859958333333334, 0.002738888888888889), 0, 0, (1, 0.0, 0.005438888888888889), 0, 0, 0, (1, 3.3333333333333335e-05, 0.05196111111111111), 0, 0, 0, 0, (2, 0.0, 0.0010444444444444444), (1, 0.0, 0.000861111111111111), (3, 0.0009, 0.029877777777777774), (3, 0.00015, 0.019816666666666666), (2, 0.06814999999999999, 0.0033166666666666665), (1, 0.0, 0.05533333333333333), 0, (1, 0.0, 0.0005499999999999999), (1, 0.0, 0.0005499999999999999), (3, 0.0, 0.0012333333333333335), 0, (1, 0.0, 0.0005666666666666666), (2, 0.0, 0.0013222222222222222)]","[1, -1, 10, -1, -1, -1, 11, -1, -1, 1, -1, -1, -1, 6, -1, -1, -1, -1, 10, 4, 7, 4, 4, 6, -1, 5, 5, 12, -1, 0, 14]","[True, False, True, False, False, False, True, False, False, True, False, False, False, True, False, False, False, False, True, True, True, True, True, True, False, True, True, True, False, True, True]"
18,"[2350.5789710781155, 0, 3409.63954396065, 0, 0, 0, 3151.9127112183824, 0, 0, 0, 0, 0, 0, 1966.362444631549, 0, 0, 0, 0, 507.5113498495734, 1252.0839689691668, 2842.73561978406, 2073.45105261294, 510.85033441312004, 1654.15444542348, 0, 1178.6282089559033, 1178.6282089559033, 0, 0, 1158.5948682937635, 498.43737685074666, 1646.6233023008167]","[0, 0, 0, 0, 0, 0, 0, 0, 1, 1, 1, 1, 1, 1, 2, 2, 2, 2, 2, 2, 2, 3, 3, 3, 4, 4, 4, 5, 5, 5, 5, 6]","[1, 1, 1, 1, 1, 1, 1, 3, 2, 2, 2, 2, 2, 2, 3, 3, 4, 5, 8, 8, 8, 9, 11, 12, 12, 12, 12, 14, 14, 16, 17, 18]","[-1, 5, -1, 12, 8, 8, -1, 15, 11, -1, 8, 9, 4, -1, 11, 11, 14, 12, -1, -1, -1, -1, -1, -1, 14, -1, -1, 18, 17, -1, -1, -1]","[3189.7894855390578, 0, 3465.5640970555382, 0, 0, 0, 4029.0, 0, 0, 839.2105144609422, 0, 0, 0, 2170.6039996040345, 0, 0, 0, 0, 563.4359029444618, 1316.2888503040913, 4029.0, 2137.6559339478645, 575.0552157480445, 1858.3960003959655, 0, 2014.5, 2014.5, 0, 0, 4029.0, 4029.0, 4029.0]","[(272.62946666666676, 0.0018666666666666666, 0.0016), 0, (132.12006666666667, 0.0338, 0.0268), 0, 0, 0, (262.8428, 20.403266666666667, 7.649333333333332), 0, 0, (218.8024, 1.1536666666666668, 0.8213333333333335), 0, 0, 0, (98.99153333333334, 0.26739999999999997, 0.19593333333333338), 0, 0, 0, 0, (53.1278, 0.004533333333333333, 6.666666666666668e-05), (299.8922, 0.2914, 0.05526666666666666), (97.86666666666669, 0.0338, 0.023066666666666666), (254.4540666666667, 0.0026, 0.0088), (501.219, 0.012666666666666665, 0.18913333333333332), (36.35046666666667, 0.2538666666666667, 0.0013333333333333333), 0, (82.4876, 0.0007333333333333332, 0.002), (82.4876, 0.0007333333333333332, 0.002), 0, 0, (75.49719999999999, 0.0004, 0.0014666666666666665), (145.4024, 0.004733333333333333, 6.666666666666668e-05), (125.829, 0.9397333333333332, 0.7602666666666668)]","[(3, 0.0004166666666666666, 0.026177777777777776), 0, (3, 0.0, 0.03398333333333334), 0, 0, 0, (2, 0.5451666666666666, 0.006800000000000002), 0, 0, (1, 0.0, 0.00525), 0, 0, 0, (1, 0.0, 0.051827777777777785), 0, 0, 0, 0, (2, 0.0, 0.001027777777777778), (1, 0.0, 0.0008333333333333334), (3, 0.0, 0.02947777777777778), (3, 0.00011666666666666667, 0.017588888888888887), (2, 0.08508333333333333, 0.0030222222222222226), (1, 0.0, 0.0559388888888889), 0, (1, 0.0, 0.0005722222222222222), (1, 0.0, 0.0005722222222222222), 0, 0, (1, 0.0, 0.0005499999999999999), (2, 0.0, 0.0012666666666666666), (2, 0.0, 0.009888888888888888)]","[1, -1, 10, -1, -1, -1, 11, -1, -1, 1, -1, -1, -1, 6, -1, -1, -1, -1, 10, 4, 7, 4, 4, 6, -1, 5, 5, -1, -1, 0, 14, 9]","[True, False, True, False, False, False, True, False, False, True, False, False, False, True, False, False, False, False, True, True, True, True, True, True, False, True, True, False, False, True, True, True]"
19,"[2417.356782756471, 0, 2935.85027399664, 0, 0, 0, 0, 0, 0, 0, 0, 0, 0, 1996.48777456323, 0, 0, 0, 0, 510.85024030910995, 1205.339500794318, 2867.38361648739, 2293.817831151513, 550.9170273082667, 1678.80244212681, 0, 1165.2726485144767, 1165.2726485144767, 0, 0, 1151.9170880730503, 498.43737685074666, 1622.8881916370212]","[0, 0, 0, 0, 0, 0, 0, 0, 1, 1, 1, 1, 1, 1, 2, 2, 2, 2, 2, 2, 2, 3, 3, 3, 4, 4, 4, 5, 5, 5, 5, 6]","[1, 1, 1, 1, 1, 1, 1, 3, 2, 2, 2, 2, 2, 2, 3, 3, 4, 5, 8, 8, 8, 9, 11, 12, 12, 12, 12, 14, 14, 16, 17, 18]","[-1, 5, -1, 12, 8, 8, -1, 15, 11, 19, 8, 9, 4, -1, 11, 11, 14, 12, -1, -1, -1, -1, -1, -1, 14, -1, -1, 18, 17, -1, -1, -1]","[4029.0, 0, 3227.000016843765, 0, 0, 0, 4029.0, 0, 0, 0, 0, 0, 0, 2173.34266621821, 0, 0, 0, 0, 801.9999831562347, 1198.3147143762853, 4029.0, 2286.7930447334807, 543.8922408902342, 1855.65733378179, 0, 2014.5, 2014.5, 0, 0, 4029.0, 4029.0, 4029.0]","[(289.4064, 0.0022, 0.0018666666666666666), 0, (107.65339999999999, 0.037200000000000004, 0.024933333333333335), 0, 0, 0, (385.87559999999996, 26.65153333333333, 5.9102), 0, 0, 0, 0, 0, 0, (100.29406666666667, 0.28213333333333335, 0.20133333333333336), 0, 0, 0, 0, (100.6632, 0.0044666666666666665, 0.00013333333333333334), (294.2998, 0.28173333333333334, 0.05493333333333333), (98.5656, 0.03406666666666667, 0.023066666666666666), (268.435, 0.0018666666666666666, 0.0016), (447.39213333333333, 0.013266666666666668, 0.18946666666666667), (71.3028, 0.24086666666666667, 0.0012), 0, (81.08953333333334, 0.0002666666666666667, 0.001), (81.08953333333334, 0.0002666666666666667, 0.001), 0, 0, (75.49719999999999, 0.0003333333333333333, 0.0014), (67.1088, 0.004666666666666667, 0.0), (139.81, 0.972, 0.7780666666666667)]","[(3, 0.19908333333333336, 0.026938888888888887), 0, (3, 0.0, 0.03331111111111111), 0, 0, 0, (2, 0.5542222222222222, 0.004355555555555555), 0, 0, 0, 0, 0, 0, (1, 1.666666666666667e-05, 0.05187777777777777), 0, 0, 0, 0, (2, 0.0, 0.001077777777777778), (1, 0.0, 0.001), (3, 0.0, 0.029166666666666667), (3, 0.00013333333333333334, 0.023688888888888888), (2, 0.07923333333333334, 0.004383333333333332), (1, 0.0, 0.05382777777777778), 0, (1, 0.0, 0.000538888888888889), (1, 0.0, 0.000538888888888889), 0, 0, (1, 0.0, 0.0005611111111111111), (2, 0.0, 0.0012333333333333335), (2, 0.0, 0.011461111111111111)]","[1, -1, 10, -1, -1, -1, 11, -1, -1, -1, -1, -1, -1, 6, -1, -1, -1, -1, 10, 4, 7, 4, 4, 6, -1, 5, 5, -1, -1, 0, 14, 9]","[True, False, True, False, False, False, True, False, False, False, False, False, False, True, False, False, False, False, True, True, True, True, True, True, False, True, True, False, False, True, True, True]"
20,"[0, 0, 2733.1889677692598, 0, 0, 0, 0, 0, 0, 0, 0, 0, 0, 2029.3517708523368, 0, 0, 0, 0, 510.85024030910995, 1238.7284066334953, 3604.08485128692, 2203.667785385733, 507.51144333852443, 1615.8131172183, 0, 1158.5948682937635, 1158.5948682937635, 0, 0, 1168.6115386248337, 0, 1578.3848591424044, 744.572766635591]","[0, 0, 0, 0, 0, 0, 0, 0, 1, 1, 1, 1, 1, 1, 2, 2, 2, 2, 2, 2, 2, 3, 3, 3, 4, 4, 4, 5, 5, 5, 5, 6, 6]","[1, 1, 1, 1, 1, 1, 1, 3, 2, 2, 2, 2, 2, 2, 3, 3, 4, 5, 8, 8, 8, 9, 11, 12, 12, 12, 12, 14, 14, 16, 17, 18, 20]","[-1, 5, -1, 12, 8, 8, 20, 15, 11, 19, 8, 9, 4, -1, 11, 11, 14, 12, -1, -1, -1, -1, -1, -1, 14, -1, -1, 18, 17, -1, -1, -1, -1]","[1642.2136166822045, 0, 3125.669363730075, 0, 0, 0, 0, 0, 0, 0, 0, 0, 0, 2221.2693268170183, 0, 0, 0, 0, 903.3306362699252, 1265.092528180911, 4029.0, 2230.031906933149, 533.8755648859401, 1807.7306731829815, 0, 2014.5, 2014.5, 0, 0, 4029.0, 4029.0, 4029.0, 2386.7863833177953]","[(292.9018, 0.0003333333333333333, 0.0004), 0, (99.96353333333334, 0.03306666666666667, 0.022733333333333335), 0, 0, 0, 0, 0, 0, 0, 0, 0, 0, (104.20166666666668, 0.267, 0.19686666666666666), 0, 0, 0, 0, (95.0708, 0.0044666666666666665, 0.00013333333333333334), (281.7169333333334, 0.28753333333333336, 0.054), (159.383, 0.27046666666666663, 0.022466666666666666), (269.134, 0.0016666666666666668, 0.0014666666666666665), (457.87773333333325, 0.012866666666666667, 0.18946666666666667), (46.137, 0.22346666666666667, 0.0013333333333333333), 0, (78.99233333333332, 0.0004, 0.0014), (78.99233333333332, 0.0004, 0.0014), 0, 0, (77.5942, 0.00046666666666666666, 0.0014), (100.6632, 0.004666666666666667, 6.666666666666668e-05), (184.5492, 0.9548666666666666, 0.7652666666666668), (142.60586666666666, 0.0007333333333333332, 0.0006)]","[(3, 0.04091666666666667, 0.011177777777777778), 0, (3, 0.0, 0.026605555555555556), 0, 0, 0, 0, 0, 0, 0, 0, 0, 0, (1, 3.3333333333333335e-05, 0.05137777777777777), 0, 0, 0, 0, (2, 0.0, 0.0011055555555555554), (1, 0.0, 0.00115), (3, 0.0013666666666666669, 0.02918888888888889), (3, 0.00031666666666666665, 0.026144444444444446), (2, 0.08313333333333334, 0.0036777777777777776), (1, 5e-05, 0.05402777777777778), 0, (1, 0.0, 0.0005777777777777778), (1, 0.0, 0.0005777777777777778), 0, 0, (1, 0.0, 0.001627777777777778), (2, 0.0, 0.001238888888888889), (2, 1.666666666666667e-05, 0.010605555555555557), (1, 0.0, 0.02883888888888889)]","[1, -1, 10, -1, -1, -1, -1, -1, -1, -1, -1, -1, -1, 6, -1, -1, -1, -1, 10, 4, 7, 4, 4, 6, -1, 5, 5, -1, -1, 0, 14, 12, 1]","[True, False, True, False, False, False, False, False, False, False, False, False, False, True, False, False, False, False, True, True, True, True, True, True, False, True, True, False, False, True, True, True, True]"
21,"[0, 0, 2831.7809545825808, 0, 0, 0, 0, 0, 0, 0, 0, 0, 0, 1991.0104418483793, 0, 0, 0, 0, 517.5280212281833, 1255.4228595530844, 4107.999450555, 2664.4346859663865, 530.8836808606934, 1536.3917945075702, 0, 1168.6115386248337, 1168.6115386248337, 0, 0, 1165.2726485144767, 0, 1622.8881916370212, 1115.1894634134223, 554.2559608139378, 2327.8664038117226]","[0, 0, 0, 0, 0, 0, 0, 0, 1, 1, 1, 1, 1, 1, 2, 2, 2, 2, 2, 2, 2, 3, 3, 3, 4, 4, 4, 5, 5, 5, 5, 6, 6, 6, 7]","[1, 1, 1, 1, 1, 1, 1, 3, 2, 2, 2, 2, 2, 2, 3, 3, 4, 5, 8, 8, 8, 9, 11, 12, 12, 12, 12, 14, 14, 16, 17, 18, 21, 20, 21]","[21, 5, -1, 12, 8, 8, 20, 15, 11, 19, 8, 9, 4, -1, 11, 11, 14, 12, -1, -1, -1, -1, -1, -1, 14, -1, -1, 18, 17, -1, 21, -1, -1, -1, -1]","[0, 0, 3171.6264666771986, 0, 0, 0, 0, 0, 0, 0, 0, 0, 0, 2241.8093236704044, 0, 0, 0, 0, 857.3735333228013, 1114.8424507596962, 4029.0, 2523.8542771729985, 390.30327206730533, 1787.1906763295954, 0, 2014.5, 2014.5, 0, 0, 4029.0, 0, 4029.0, 4029.0, 4029.0, 4029.0]","[0, 0, (103.459, 0.03553333333333333, 0.025), 0, 0, 0, 0, 0, 0, 0, 0, 0, 0, (76.1972, 0.28906666666666664, 0.20346666666666666), 0, 0, 0, 0, (30.758200000000002, 0.0046, 6.666666666666668e-05), (282.41613333333333, 0.3092, 0.0536), (234.88039999999998, 0.2981333333333333, 0.018066666666666665), (369.09826666666675, 0.0032, 0.0020666666666666667), (450.1882, 0.0128, 0.18919999999999998), (58.719800000000006, 0.21913333333333332, 0.0012), 0, (67.10826666666667, 0.0004, 0.0014666666666666665), (67.10826666666667, 0.0004, 0.0014666666666666665), 0, 0, (69.2056, 0.00046666666666666666, 0.0013333333333333333), 0, (131.4214, 0.9578666666666666, 0.7716000000000001), (499.1218, 0.0016666666666666668, 0.0011333333333333332), (98.56566666666669, 0.0007333333333333332, 0.0002666666666666667), (335.544, 0.016466666666666664, 0.009866666666666668)]","[0, 0, (3, 0.0001, 0.02427222222222222), 0, 0, 0, 0, 0, 0, 0, 0, 0, 0, (1, 0.00013333333333333334, 0.05233888888888889), 0, 0, 0, 0, (2, 0.0, 0.00105), (1, 0.0, 0.0005888888888888889), (3, 8.333333333333333e-05, 0.02883888888888889), (3, 0.2675166666666666, 0.1220111111111111), (2, 0.07976666666666667, 0.004427777777777778), (1, 1.666666666666667e-05, 0.053094444444444444), 0, (1, 0.0, 0.0005333333333333334), (1, 0.0, 0.0005333333333333334), 0, 0, (1, 0.0, 0.0005499999999999999), 0, (2, 0.0, 0.010555555555555558), (2, 0.0, 0.0010999999999999998), (1, 0.0, 0.0016666666666666668), (3, 0.0, 0.015905555555555555)]","[-1, -1, 10, -1, -1, -1, -1, -1, -1, -1, -1, -1, -1, 6, -1, -1, -1, -1, 10, 4, 7, 4, 4, 6, -1, 5, 5, -1, -1, 0, -1, 12, 3, 1, 14]","[False, False, True, False, False, False, False, False, False, False, False, False, False, True, False, False, False, False, True, True, True, True, True, True, False, True, True, False, False, True, False, True, True, True, True]"
22,"[0, 0, 2809.8716241796205, 0, 0, 0, 0, 0, 0, 0, 0, 0, 0, 1865.0317894068035, 0, 0, 0, 0, 507.5113498495734, 1101.8338926928666, 3519.18619597545, 2310.5122840711024, 424.0391664736356, 1618.55178351867, 0, 1158.5948682937635, 1158.5948682937635, 0, 0, 1178.6282089559033, 0, 1596.1861921402513, 1175.2894943758222, 597.6615481065954, 2503.141050686958, 2251.868135745323]","[0, 0, 0, 0, 0, 0, 0, 0, 1, 1, 1, 1, 1, 1, 2, 2, 2, 2, 2, 2, 2, 3, 3, 3, 4, 4, 4, 5, 5, 5, 5, 6, 6, 6, 7, 7]","[1, 1, 1, 1, 1, 1, 1, 3, 2, 2, 2, 2, 2, 2, 3, 3, 4, 5, 8, 8, 8, 9, 11, 12, 12, 12, 12, 14, 14, 16, 17, 18, 21, 20, 21, 22]","[21, 5, -1, 12, 8, 8, 20, 15, 11, 19, 8, 9, 4, -1, 11, 11, 14, 12, -1, -1, -1, -1, -1, -1, 14, -1, -1, 18, 17, -1, 21, -1, -1, -1, -1, -1]","[0, 0, 3165.6801371650236, 0, 0, 0, 0, 0, 0, 0, 0, 0, 0, 2137.740002944067, 0, 0, 0, 0, 863.3198628349764, 1166.0387782803318, 4029.0, 2374.7171696585674, 488.2440520611008, 1891.2599970559334, 0, 2014.5, 2014.5, 0, 0, 4029.0, 0, 4029.0, 4029.0, 4029.0, 4029.0, 4029.0]","[0, 0, (96.46846666666666, 0.0338, 0.023066666666666666), 0, 0, 0, 0, 0, 0, 0, 0, 0, 0, (85.9662, 0.27253333333333335, 0.19946666666666668), 0, 0, 0, 0, (33.5544, 0.0046, 6.666666666666668e-05), (264.94006666666667, 0.23893333333333336, 0.04573333333333334), (221.59853333333334, 0.0404, 0.026733333333333335), (364.904, 0.0027333333333333333, 0.0014666666666666665), (483.74273333333326, 0.012666666666666665, 0.18913333333333332), (46.1372, 0.21906666666666663, 0.0013333333333333333), 0, (99.26446666666666, 0.0004, 0.0014), (99.26446666666666, 0.0004, 0.0014), 0, 0, (82.4876, 0.0007333333333333332, 0.002), 0, (153.791, 0.9633999999999999, 0.7669333333333332), (553.6476, 0.0017333333333333335, 0.0015333333333333334), (121.6344, 0.0005333333333333334, 0.0002), (427.8186, 0.011466666666666667, 0.006066666666666666), (100.6632, 0.009333333333333334, 0.0108)]","[0, 0, (3, 0.0001833333333333333, 0.029927777777777772), 0, 0, 0, 0, 0, 0, 0, 0, 0, 0, (1, 0.0, 0.052361111111111115), 0, 0, 0, 0, (2, 0.0, 0.0010888888888888888), (1, 0.0, 0.0006888888888888888), (3, 0.0, 0.02946666666666667), (3, 0.0012833333333333332, 0.025400000000000002), (2, 0.07776666666666666, 0.0032166666666666654), (1, 0.0, 0.05315555555555555), 0, (1, 0.0, 0.0005111111111111112), (1, 0.0, 0.0005111111111111112), 0, 0, (1, 0.0, 0.0005722222222222222), 0, (2, 0.0, 0.0117), (2, 0.0, 0.0005222222222222223), (1, 0.0, 0.0015388888888888887), (3, 1.666666666666667e-05, 0.017866666666666666), (2, 0.0, 0.002416666666666667)]","[-1, -1, 10, -1, -1, -1, -1, -1, -1, -1, -1, -1, -1, 6, -1, -1, -1, -1, 10, 4, 7, 4, 4, 6, -1, 5, 5, -1, -1, 9, -1, 12, 3, 1, 14, 0]","[False, False, True, False, False, False, False, False, False, False, False, False, False, True, False, False, False, False, True, True, True, True, True, True, False, True, True, False, False, True, False, True, True, True, True, True]"
23,"[0, 0, 2809.8716241796205, 0, 0, 0, 0, 0, 0, 0, 0, 0, 0, 1982.7944427761026, 0, 0, 0, 0, 510.85024030910995, 1111.85056444462, 3576.69818828322, 2560.9290778649356, 574.2892648304356, 1607.5971183171898, 0, 1168.6115386248337, 1168.6115386248337, 0, 0, 0, 0, 1655.52396879974, 1121.8672446314667, 0, 2497.663717972107, 2266.7025766922616]","[0, 0, 0, 0, 0, 0, 0, 0, 1, 1, 1, 1, 1, 1, 2, 2, 2, 2, 2, 2, 2, 3, 3, 3, 4, 4, 4, 5, 5, 5, 5, 6, 6, 6, 7, 7]","[1, 1, 1, 1, 1, 1, 1, 3, 2, 2, 2, 2, 2, 2, 3, 3, 4, 5, 8, 8, 8, 9, 11, 12, 12, 12, 12, 14, 14, 16, 17, 18, 21, 20, 21, 22]","[21, 5, -1, 12, 8, 8, 20, 15, 11, 19, 8, 9, 4, -1, 11, 11, 14, 12, -1, -1, -1, -1, -1, -1, 14, -1, -1, 18, 17, -1, 21, -1, -1, -1, -1, -1]","[0, 0, 3164.010691935255, 0, 0, 0, 0, 0, 0, 0, 0, 0, 0, 2202.0986622294563, 0, 0, 0, 0, 864.9893080647446, 1039.1609287312897, 4029.0, 2488.239442151605, 501.5996291171053, 1826.9013377705435, 0, 2014.5, 2014.5, 0, 0, 4029.0, 0, 4029.0, 4029.0, 4029.0, 4029.0, 4029.0]","[0, 0, (111.1486, 0.03306666666666667, 0.022600000000000002), 0, 0, 0, 0, 0, 0, 0, 0, 0, 0, (92.47886666666669, 0.26613333333333333, 0.19846666666666668), 0, 0, 0, 0, (0.0, 0.004666666666666667, 6.666666666666668e-05), (278.9208, 0.29560000000000003, 0.05173333333333334), (117.44013333333332, 0.04193333333333333, 0.027666666666666673), (271.9302, 0.0026666666666666666, 0.0020666666666666667), (522.8896, 0.0003333333333333333, 0.0004), (32.15606666666666, 0.22213333333333332, 0.0012666666666666666), 0, (85.28386666666668, 0.0005333333333333334, 0.0014), (85.28386666666668, 0.0005333333333333334, 0.0014), 0, 0, (81.08953333333334, 0.0002666666666666667, 0.001), 0, (125.829, 0.9370666666666667, 0.7570666666666667), (461.3726, 0.008400000000000001, 0.008866666666666667), (125.82866666666669, 0.0007333333333333332, 0.0002666666666666667), (419.43, 0.0086, 0.004933333333333334), (150.9948, 0.009333333333333334, 0.010933333333333335)]","[0, 0, (3, 0.0, 0.026805555555555558), 0, 0, 0, 0, 0, 0, 0, 0, 0, 0, (1, 0.0026333333333333334, 0.052366666666666666), 0, 0, 0, 0, (2, 0.0, 0.0010555555555555557), (1, 0.0, 0.0006055555555555556), (3, 0.0027166666666666667, 0.027800000000000002), (3, 0.005633333333333334, 0.03143333333333334), (2, 0.6217333333333334, 0.037983333333333334), (1, 0.0, 0.05301111111111111), 0, (1, 0.0, 0.0005444444444444444), (1, 0.0, 0.0005444444444444444), 0, 0, (1, 0.0, 0.000538888888888889), 0, (2, 0.06273333333333334, 0.031105555555555553), (2, 0.0, 0.0004944444444444445), (1, 0.0, 0.00165), (3, 0.0, 0.021744444444444445), (2, 0.0, 0.0026888888888888887)]","[-1, -1, 10, -1, -1, -1, -1, -1, -1, -1, -1, -1, -1, 6, -1, -1, -1, -1, 10, 4, 7, 4, 4, 6, -1, 5, 5, -1, -1, 9, -1, 12, 3, 1, 14, 0]","[False, False, True, False, False, False, False, False, False, False, False, False, False, True, False, False, False, False, True, True, True, True, True, True, False, True, True, False, False, True, False, True, True, True, True, True]"
24,"[0, 0, 2746.88229927111, 0, 0, 0, 0, 0, 0, 0, 0, 0, 0, 1854.077123977101, 0, 0, 0, 0, 507.5113498495734, 1292.15065597618, 0, 2520.8623908579216, 570.95037375584, 1917.0664102590001, 0, 1161.9337584041202, 1161.9337584041202, 0, 0, 0, 0, 2278.570623724373, 1035.0560887968888, 0, 2664.722365775066, 2248.9012475559352, 450.7502254398]","[0, 0, 0, 0, 0, 0, 0, 0, 1, 1, 1, 1, 1, 1, 2, 2, 2, 2, 2, 2, 2, 3, 3, 3, 4, 4, 4, 5, 5, 5, 5, 6, 6, 6, 7, 7, 7]","[1, 1, 1, 1, 1, 1, 1, 3, 2, 2, 2, 2, 2, 2, 3, 3, 4, 5, 8, 8, 8, 9, 11, 12, 12, 12, 12, 14, 14, 16, 17, 18, 21, 20, 21, 22, 24]","[21, 5, -1, 12, 8, 8, 20, 15, 11, 19, 8, 9, 4, -1, 11, 11, 14, 12, -1, -1, -1, -1, -1, -1, 14, -1, -1, 18, 17, 24, 21, -1, -1, 24, -1, -1, -1]","[0, 0, 3134.185474710768, 0, 0, 0, 0, 0, 0, 0, 0, 0, 0, 1983.0053568590506, 0, 0, 0, 0, 894.8145252892318, 1173.8295157795326, 4029.0, 2402.5412506612743, 452.6292335591927, 2045.9946431409496, 0, 2014.5, 2014.5, 0, 0, 0, 0, 4029.0, 4029.0, 0, 4029.0, 4029.0, 4029.0]","[0, 0, (104.15793333333333, 0.032733333333333337, 0.0224), 0, 0, 0, 0, 0, 0, 0, 0, 0, 0, (121.1346, 0.2476, 0.193), 0, 0, 0, 0, (33.5544, 0.004666666666666667, 6.666666666666668e-05), (292.9019333333334, 0.3054, 0.05866666666666666), (115.3428, 0.04046666666666667, 0.026666666666666672), (274.72646666666674, 0.0041333333333333335, 0.009866666666666668), (428.5174, 0.0031333333333333335, 0.0476), (58.719800000000006, 0.34153333333333336, 0.0017333333333333335), 0, (99.964, 0.0005333333333333334, 0.0016666666666666668), (99.964, 0.0005333333333333334, 0.0016666666666666668), 0, 0, 0, 0, (226.49220000000003, 0.9202666666666668, 0.7430666666666668), (448.7898, 0.009933333333333334, 0.0104), 0, (455.7806, 0.011333333333333336, 0.005066666666666666), (150.9948, 0.009266666666666668, 0.0106), (184.549, 0.0, 0.0)]","[0, 0, (3, 0.0, 0.026166666666666668), 0, 0, 0, 0, 0, 0, 0, 0, 0, 0, (1, 1.666666666666667e-05, 0.051916666666666667), 0, 0, 0, 0, (2, 0.0, 0.0010388888888888889), (1, 0.0, 0.000977777777777778), (3, 0.0, 0.025622222222222223), (3, 0.0009833333333333335, 0.03336666666666666), (2, 0.6187666666666667, 0.009888888888888888), (1, 0.00016666666666666666, 0.06364444444444443), 0, (1, 0.0, 0.000538888888888889), (1, 0.0, 0.000538888888888889), 0, 0, 0, 0, (2, 0.09268333333333334, 0.011455555555555556), (2, 0.0, 0.0004944444444444445), 0, (3, 0.0, 0.016805555555555553), (2, 0.0, 0.0023555555555555556), (1, 0.0, 0.00029444444444444445)]","[-1, -1, 10, -1, -1, -1, -1, -1, -1, -1, -1, -1, -1, 6, -1, -1, -1, -1, 10, 4, 7, 4, 4, 6, -1, 5, 5, -1, -1, -1, -1, 12, 3, -1, 14, 0, 8]","[False, False, True, False, False, False, False, False, False, False, False, False, False, True, False, False, False, False, True, True, True, True, True, True, False, True, True, False, False, False, False, True, True, False, True, True, True]"
25,"[0, 0, 0, 0, 0, 0, 0, 0, 0, 0, 0, 0, 0, 0, 0, 0, 0, 0, 0, 1238.7284066334953, 0, 2607.673546039784, 617.6948488001779, 2037.56772747528, 0, 1212.0175234543567, 0, 0, 0, 0, 0, 1590.2524144743022, 1051.750541842, 0, 2478.4930534701275, 2254.8350239347114, 1155.2559781834066, 570.9502855570801]","[0, 0, 0, 0, 0, 0, 0, 0, 1, 1, 1, 1, 1, 1, 2, 2, 2, 2, 2, 2, 2, 3, 3, 3, 4, 4, 4, 5, 5, 5, 5, 6, 6, 6, 7, 7, 7, 7]","[1, 1, 1, 1, 1, 1, 1, 3, 2, 2, 2, 2, 2, 2, 3, 3, 4, 5, 8, 8, 8, 9, 11, 12, 12, 12, 12, 14, 14, 16, 17, 18, 21, 20, 21, 22, 25, 24]","[21, 5, -1, 12, 8, 8, 20, 15, 11, 19, 8, 9, 4, -1, 11, 11, 14, 12, -1, -1, 25, -1, -1, -1, 14, -1, -1, 18, 17, 24, 21, -1, -1, 24, -1, -1, -1, -1]","[0, 0, 2014.5, 0, 0, 0, 0, 0, 0, 0, 0, 0, 0, 995.71613626236, 0, 0, 0, 0, 2014.5, 1093.6961394756763, 0, 2462.641278881965, 472.66258164235876, 3033.28386373764, 0, 2620.5087617271784, 1408.4912382728216, 0, 0, 0, 0, 4029.0, 4029.0, 0, 4029.0, 4029.0, 4029.0, 4029.0]","[0, 0, (147.4990666666667, 0.2773333333333333, 0.023), 0, 0, 0, 0, 0, 0, 0, 0, 0, 0, (99.64280000000001, 0.27926666666666666, 0.19913333333333333), 0, 0, 0, 0, (36.3506, 0.0046, 6.666666666666668e-05), (262.1436, 0.27673333333333333, 0.05373333333333334), 0, (269.13426666666675, 0.0028, 0.002466666666666667), (371.8944, 0.0048, 0.06446666666666667), (29.3598, 0.5571333333333334, 0.0044), 0, (73.4, 0.0005, 0.0015), (73.4, 0.0005, 0.0015), 0, 0, 0, 0, (142.6062, 0.9306666666666665, 0.7520666666666668), (450.1882666666667, 0.0092, 0.009466666666666667), 0, (332.7478, 0.012333333333333335, 0.0056), (184.5492, 0.009333333333333334, 0.0108), (67.10839999999999, 0.00013333333333333334, 0.001), (225.0938, 0.0, 0.0)]","[0, 0, (3, 0.0, 0.026427777777777776), 0, 0, 0, 0, 0, 0, 0, 0, 0, 0, (1, 0.0, 0.0523111111111111), 0, 0, 0, 0, (2, 0.0, 0.0010222222222222221), (1, 0.0, 0.0009944444444444447), 0, (3, 0.0003333333333333333, 0.03149444444444444), (2, 0.6185666666666666, 0.005033333333333333), (1, 0.00015, 0.1132611111111111), 0, (1, 0.0, 0.0011666666666666668), (1, 0.0, 0.0011666666666666668), 0, 0, 0, 0, (2, 0.0, 0.012455555555555557), (2, 0.0, 0.0005166666666666667), 0, (3, 0.0, 0.021144444444444445), (2, 0.0, 0.002338888888888889), (1, 0.0, 0.0005722222222222222), (1, 0.0, 0.0002833333333333333)]","[-1, -1, 10, -1, -1, -1, -1, -1, -1, -1, -1, -1, -1, 6, -1, -1, -1, -1, 10, 4, -1, 4, 4, 6, -1, 5, 5, -1, -1, -1, -1, 12, 3, -1, 14, 0, 1, 8]","[False, False, True, False, False, False, False, False, False, False, False, False, False, True, False, False, False, False, True, True, False, True, True, True, False, True, True, False, False, False, False, True, True, False, True, True, True, True]"
26,"[0, 0, 0, 0, 0, 0, 0, 0, 0, 0, 0, 0, 0, 0, 0, 0, 0, 0, 0, 0, 0, 2350.5789710781155, 590.9837202034133, 1878.7250820538202, 0, 0, 0, 0, 0, 0, 0, 1563.5504149775322, 1055.0894324510223, 0, 2629.1197031285333, 2248.9012475559352, 1151.9170880730503, 0, 1235.3895160495777, 2047.1528695743666, 2251.868135745323, 1147.5012037613078]","[0, 0, 0, 0, 0, 0, 0, 0, 1, 1, 1, 1, 1, 1, 2, 2, 2, 2, 2, 2, 2, 3, 3, 3, 4, 4, 4, 5, 5, 5, 5, 6, 6, 6, 7, 7, 7, 7, 7, 8, 8, 8]","[1, 1, 1, 1, 1, 1, 1, 3, 2, 2, 2, 2, 2, 2, 3, 3, 4, 5, 8, 8, 8, 9, 11, 12, 12, 12, 12, 14, 14, 16, 17, 18, 21, 20, 21, 22, 25, 24, 26, 26, 26, 26]","[21, 5, 26, 12, 8, 8, 20, 15, 11, 19, 8, 9, 4, 26, 11, 11, 14, 12, 26, -1, 25, -1, -1, -1, 14, -1, 26, 18, 17, 24, 21, -1, -1, 24, -1, -1, -1, -1, -1, -1, -1, -1]","[0, 0, 0, 0, 0, 0, 0, 0, 0, 0, 0, 0, 0, 0, 0, 0, 0, 0, 0, 362.4791029061571, 0, 2713.0580739842726, 953.4628231095704, 2380.111939146256, 0, 4029.0, 0, 0, 0, 0, 0, 4029.0, 4029.0, 0, 4029.0, 4029.0, 4029.0, 4029.0, 1506.2606901521274, 4029.0, 2522.7393098478724, 1648.8880608537438]","[0, 0, 0, 0, 0, 0, 0, 0, 0, 0, 0, 0, 0, 0, 0, 0, 0, 0, 0, (271.93026666666674, 0.2806, 0.05026666666666666), 0, (272.62946666666676, 0.0018666666666666666, 0.0016), (318.06759999999997, 0.003933333333333333, 0.06373333333333334), (50.3314, 0.34666666666666673, 0.0016666666666666668), 0, (78.99226666666667, 0.0008, 0.0018666666666666666), 0, 0, 0, 0, 0, (117.4404, 0.9303333333333335, 0.7412666666666667), (461.373, 0.0016666666666666668, 0.0013333333333333333), 0, (377.487, 0.011333333333333336, 0.0054), (218.1036, 0.009266666666666668, 0.010533333333333334), (72.70093333333334, 6.666666666666668e-05, 0.001), (191.5394, 0.0, 0.0), (267.736, 0.28726666666666667, 0.0504), (545.259, 0.6861333333333334, 1.4692), (100.6632, 0.009333333333333334, 0.0108), (386.924, 1.3948666666666665, 0.0056)]","[0, 0, 0, 0, 0, 0, 0, 0, 0, 0, 0, 0, 0, 0, 0, 0, 0, 0, 0, (1, 0.0, 0.0010166666666666666), 0, (3, 0.0004166666666666666, 0.026177777777777776), (2, 0.6186833333333334, 0.003605555555555555), (1, 0.002466666666666667, 0.06152777777777777), 0, (1, 0.0, 0.0005666666666666666), 0, 0, 0, 0, 0, (2, 0.0, 0.010772222222222223), (2, 0.0, 0.01923888888888889), 0, (3, 0.0, 0.030616666666666664), (2, 0.0, 0.0022555555555555554), (1, 0.0, 0.0005666666666666666), (1, 1.666666666666667e-05, 0.0002611111111111111), (1, 0.0, 0.0011611111111111112), (1, 0.07585, 0.04698333333333333), (2, 0.0, 0.002416666666666667), (1, 0.0, 0.009683333333333334)]","[-1, -1, -1, -1, -1, -1, -1, -1, -1, -1, -1, -1, -1, -1, -1, -1, -1, -1, -1, 4, -1, 4, 4, 6, -1, 5, -1, -1, -1, -1, -1, 12, 3, -1, 14, 0, 1, 8, 10, 2, 10, 6]","[False, False, False, False, False, False, False, False, False, False, False, False, False, False, False, False, False, False, False, True, False, True, True, True, False, True, False, False, False, False, False, True, True, False, True, True, True, True, True, True, True, True]"
27,"[0, 0, 0, 0, 0, 0, 0, 0, 0, 0, 0, 0, 0, 0, 0, 0, 0, 0, 0, 0, 0, 2417.356782756471, 460.76696829418665, 1700.71177252977, 0, 0, 0, 0, 0, 0, 0, 0, 0, 0, 2505.879717044383, 2201.431036525731, 1158.5948682937635, 0, 1235.3895160495777, 1922.54356446984, 2266.7025766922616, 925.6692288098378, 390.65025572768, 590.9835929581135, 501.40426599866777]","[0, 0, 0, 0, 0, 0, 0, 0, 1, 1, 1, 1, 1, 1, 2, 2, 2, 2, 2, 2, 2, 3, 3, 3, 4, 4, 4, 5, 5, 5, 5, 6, 6, 6, 7, 7, 7, 7, 7, 8, 8, 8, 8, 8, 8]","[1, 1, 1, 1, 1, 1, 1, 3, 2, 2, 2, 2, 2, 2, 3, 3, 4, 5, 8, 8, 8, 9, 11, 12, 12, 12, 12, 14, 14, 16, 17, 18, 21, 20, 21, 22, 25, 24, 26, 26, 26, 26, 27, 27, 27]","[21, 5, 26, 12, 8, 8, 20, 15, 11, 19, 8, 9, 4, 26, 11, 11, 14, 12, 26, 27, 25, -1, -1, -1, 14, 27, 26, 18, 17, 24, 21, -1, -1, 24, -1, -1, -1, 27, -1, -1, -1, -1, -1, -1, -1]","[0, 0, 0, 0, 0, 0, 0, 0, 0, 0, 0, 0, 0, 0, 0, 0, 0, 0, 0, 0, 0, 2992.794907231142, 1036.2050927688576, 1971.256907763863, 0, 0, 0, 0, 0, 0, 0, 4029.0, 4029.0, 0, 4029.0, 4029.0, 4029.0, 0, 1498.843469678658, 4029.0, 2530.156530321342, 1196.2143640439308, 4029.0, 861.5287281922064, 4029.0]","[0, 0, 0, 0, 0, 0, 0, 0, 0, 0, 0, 0, 0, 0, 0, 0, 0, 0, 0, 0, 0, (289.4064, 0.0022, 0.0018666666666666666), (259.3472666666667, 0.001066666666666667, 0.013266666666666668), (54.525800000000004, 0.2951333333333333, 0.0012666666666666666), 0, 0, 0, 0, 0, 0, 0, (83.886, 0.8937333333333333, 0.7318666666666667), (450.1881333333334, 0.0015333333333333334, 0.0012), 0, (321.563, 0.0134, 0.007933333333333334), (268.4352, 0.009333333333333334, 0.0108), (75.49719999999999, 0.0004, 0.0014666666666666665), 0, (279.6198, 0.2951333333333333, 0.05206666666666667), (738.1968, 0.7232666666666667, 1.2136), (150.9948, 0.009333333333333334, 0.010933333333333335), (349.1754, 0.6480666666666667, 0.003466666666666667), (499.1218, 0.0004, 0.0003333333333333333), (265.6387333333333, 0.05313333333333333, 0.031266666666666665), (0.0, 0.0048, 6.666666666666668e-05)]","[0, 0, 0, 0, 0, 0, 0, 0, 0, 0, 0, 0, 0, 0, 0, 0, 0, 0, 0, 0, 0, (3, 0.19908333333333336, 0.026938888888888887), (2, 0.3472166666666667, 0.0044444444444444444), (1, 0.0001, 0.058061111111111105), 0, 0, 0, 0, 0, 0, 0, (2, 0.0, 0.007866666666666668), (2, 0.0, 0.0005), 0, (3, 0.0, 0.017744444444444448), (2, 0.0, 0.0022944444444444444), (1, 0.0, 0.0005499999999999999), 0, (1, 0.0, 0.0009000000000000001), (1, 0.0017166666666666665, 0.0023777777777777777), (2, 0.0, 0.0026888888888888887), (1, 0.0, 0.00023333333333333333), (2, 0.012733333333333334, 0.0036666666666666666), (3, 0.0, 0.006316666666666667), (2, 0.0, 0.0013222222222222222)]","[-1, -1, -1, -1, -1, -1, -1, -1, -1, -1, -1, -1, -1, -1, -1, -1, -1, -1, -1, -1, -1, 4, 4, 6, -1, -1, -1, -1, -1, -1, -1, 12, 3, -1, 14, 0, 1, -1, 10, 2, 10, 6, 8, 6, 15]","[False, False, False, False, False, False, False, False, False, False, False, False, False, False, False, False, False, False, False, False, False, True, True, True, False, False, False, False, False, False, False, True, True, False, True, True, True, False, True, True, True, True, True, True, True]"
28,"[0, 0, 0, 0, 0, 0, 0, 0, 0, 0, 0, 0, 0, 0, 0, 0, 0, 0, 0, 0, 0, 1893.1509610813798, 851.4172240218669, 1752.7464322368, 0, 0, 0, 0, 0, 0, 0, 0, 0, 0, 2519.573048831511, 2248.9012475559352, 1151.9170880730503, 0, 1128.5450173642087, 2011.5502109730733, 2248.9012475559352, 2251.868135745323, 1237.8771935563511, 530.8836808606934, 580.9669218910268, 498.43737685074666, 2006.6731654957287, 1071.7839430047102]","[0, 0, 0, 0, 0, 0, 0, 0, 1, 1, 1, 1, 1, 1, 2, 2, 2, 2, 2, 2, 2, 3, 3, 3, 4, 4, 4, 5, 5, 5, 5, 6, 6, 6, 7, 7, 7, 7, 7, 8, 8, 8, 8, 8, 8, 8, 8, 9]","[1, 1, 1, 1, 1, 1, 1, 3, 2, 2, 2, 2, 2, 2, 3, 3, 4, 5, 8, 8, 8, 9, 11, 12, 12, 12, 12, 14, 14, 16, 17, 18, 21, 20, 21, 22, 25, 24, 26, 26, 26, 28, 26, 27, 27, 27, 28, 28]","[21, 5, 26, 12, 8, 8, 20, 15, 11, 19, 8, 9, 4, 26, 11, 11, 14, 12, 26, 27, 25, -1, -1, -1, 14, 27, 26, 18, 17, 24, 21, 28, 28, 24, -1, -1, -1, 27, -1, -1, -1, -1, -1, -1, -1, -1, -1, -1]","[0, 0, 0, 0, 0, 0, 0, 0, 0, 0, 0, 0, 0, 0, 0, 0, 0, 0, 0, 0, 0, 2535.366868529756, 1493.6331314702434, 1905.2162496754074, 0, 0, 0, 0, 0, 0, 0, 0, 0, 0, 4029.0, 4029.0, 4029.0, 0, 1454.3218849041366, 4029.0, 2574.678115095863, 4029.0, 1390.3470109949585, 4029.0, 733.4367393296341, 4029.0, 2481.944611245509, 1547.0553887544907]","[0, 0, 0, 0, 0, 0, 0, 0, 0, 0, 0, 0, 0, 0, 0, 0, 0, 0, 0, 0, 0, (292.9018, 0.0003333333333333333, 0.0004), (442.49846666666673, 0.015266666666666668, 0.23006666666666664), (37.7482, 0.27673333333333333, 0.0014), 0, 0, 0, 0, 0, 0, 0, 0, 0, 0, (343.9326, 0.013333333333333336, 0.0074666666666666675), (33.5544, 0.009266666666666668, 0.010666666666666666), (75.49719999999999, 0.0003333333333333333, 0.0014), 0, (271.93059999999997, 0.26839999999999997, 0.0528), (564.8324, 0.6947333333333332, 1.3258666666666665), (150.9948, 0.009266666666666668, 0.0106), (100.6632, 0.009333333333333334, 0.0108), (320.86379999999997, 0.6452, 0.0048), (455.08166666666676, 0.012533333333333334, 0.18906666666666663), (272.62933333333325, 0.053200000000000004, 0.03573333333333333), (145.4024, 0.004733333333333333, 6.666666666666668e-05), (306.18366666666674, 0.5942000000000001, 0.19193333333333337), (125.829, 0.0033333333333333335, 0.0012666666666666666)]","[0, 0, 0, 0, 0, 0, 0, 0, 0, 0, 0, 0, 0, 0, 0, 0, 0, 0, 0, 0, 0, (3, 0.04091666666666667, 0.011177777777777778), (2, 1.0279, 0.004183333333333333), (1, 0.0, 0.057172222222222215), 0, 0, 0, 0, 0, 0, 0, 0, 0, 0, (3, 0.0, 0.017083333333333332), (2, 0.0, 0.0023555555555555556), (1, 0.0, 0.0005611111111111111), 0, (1, 0.0, 0.00115), (1, 0.00225, 0.06516111111111111), (2, 0.0, 0.0023555555555555556), (2, 0.0, 0.002416666666666667), (1, 0.0, 0.0002222222222222222), (2, 0.0002833333333333333, 0.0029611111111111123), (3, 0.0, 0.0011611111111111112), (2, 0.0, 0.0012666666666666666), (3, 0.011550000000000001, 0.43049444444444446), (3, 0.0, 0.0006444444444444443)]","[-1, -1, -1, -1, -1, -1, -1, -1, -1, -1, -1, -1, -1, -1, -1, -1, -1, -1, -1, -1, -1, 4, 4, 6, -1, -1, -1, -1, -1, -1, -1, -1, -1, -1, 14, 0, 1, -1, 10, 2, 10, 3, 6, 8, 6, 5, 12, 12]","[False, False, False, False, False, False, False, False, False, False, False, False, False, False, False, False, False, False, False, False, False, True, True, True, False, False, False, False, False, False, False, False, False, False, True, True, True, False, True, True, True, True, True, True, True, True, True, True]"
29,"[0, 0, 0, 0, 0, 0, 0, 0, 0, 0, 0, 0, 0, 0, 0, 0, 0, 0, 0, 0, 0, 2464.10125093132, 781.30051145536, 1670.5864432257001, 0, 0, 0, 0, 0, 0, 0, 0, 0, 0, 2440.1517244661704, 5046.6768101486105, 1168.6115386248337, 0, 1135.2227985320444, 2940.186222823474, 2254.8350239347114, 2266.7025766922616, 1317.298517921692, 0, 557.5946894011578, 498.43737685074666, 1352.2506356501997, 1068.445052216534]","[0, 0, 0, 0, 0, 0, 0, 0, 1, 1, 1, 1, 1, 1, 2, 2, 2, 2, 2, 2, 2, 3, 3, 3, 4, 4, 4, 5, 5, 5, 5, 6, 6, 6, 7, 7, 7, 7, 7, 8, 8, 8, 8, 8, 8, 8, 8, 9]","[1, 1, 1, 1, 1, 1, 1, 3, 2, 2, 2, 2, 2, 2, 3, 3, 4, 5, 8, 8, 8, 9, 11, 12, 12, 12, 12, 14, 14, 16, 17, 18, 21, 20, 21, 22, 25, 24, 26, 26, 26, 28, 26, 27, 27, 27, 28, 28]","[21, 5, 26, 12, 8, 8, 20, 15, 11, 19, 8, 9, 4, 26, 11, 11, 14, 12, 26, 27, 25, -1, -1, -1, 14, 27, 26, 18, 17, 24, 21, 28, 28, 24, -1, -1, -1, 27, -1, -1, -1, -1, -1, -1, -1, -1, -1, -1]","[0, 0, 0, 0, 0, 0, 0, 0, 0, 0, 0, 0, 0, 0, 0, 0, 0, 0, 0, 0, 0, 2855.90036973798, 1173.09963026202, 1831.75989304285, 0, 0, 0, 0, 0, 0, 0, 0, 0, 0, 4029.0, 4029.0, 4029.0, 0, 1454.6938872986664, 4029.0, 2574.3061127013334, 4029.0, 1478.471967738842, 4029.0, 718.7681392183077, 4029.0, 2156.4027917168332, 1872.5972082831672]","[0, 0, 0, 0, 0, 0, 0, 0, 0, 0, 0, 0, 0, 0, 0, 0, 0, 0, 0, 0, 0, (276.82340000000005, 0.0026, 0.0022), (662.6993333333335, 0.010066666666666666, 0.14859999999999998), (30.75786666666666, 0.2919333333333333, 0.001066666666666667), 0, 0, 0, 0, 0, 0, 0, 0, 0, 0, (478.1502, 0.012199999999999999, 0.007066666666666666), (369.0984, 0.018533333333333336, 0.025066666666666668), (77.5942, 0.00046666666666666666, 0.0014), 0, (277.5227333333333, 0.25306666666666666, 0.0498), (1015.0211999999999, 0.7137333333333332, 1.397666666666667), (184.5492, 0.009333333333333334, 0.0108), (150.9948, 0.009333333333333334, 0.010933333333333335), (301.98920000000004, 0.6321333333333333, 0.005666666666666668), (471.15966666666674, 0.013066666666666664, 0.18946666666666667), (160.78126666666668, 0.05293333333333333, 0.031466666666666664), (67.1088, 0.004666666666666667, 0.0), (281.018, 0.42160000000000003, 0.13533333333333333), (170.56820000000002, 0.0034, 0.0014666666666666665)]","[0, 0, 0, 0, 0, 0, 0, 0, 0, 0, 0, 0, 0, 0, 0, 0, 0, 0, 0, 0, 0, (3, 0.009683333333333334, 0.0308), (2, 0.5962833333333333, 0.006688888888888889), (1, 3.3333333333333335e-05, 0.057200000000000015), 0, 0, 0, 0, 0, 0, 0, 0, 0, 0, (3, 0.0009, 0.02215), (2, 0.0, 0.0054888888888888895), (1, 0.0, 0.001627777777777778), 0, (1, 0.0, 0.001172222222222222), (1, 1.0436000000000003, 0.5150888888888889), (2, 0.0, 0.002338888888888889), (2, 0.0, 0.0026888888888888887), (1, 0.0, 0.00025), (2, 0.00035, 0.0039833333333333335), (3, 0.0, 0.0011222222222222222), (2, 0.0, 0.0012333333333333335), (3, 1.666666666666667e-05, 0.2272388888888889), (3, 0.0, 0.0005666666666666666)]","[-1, -1, -1, -1, -1, -1, -1, -1, -1, -1, -1, -1, -1, -1, -1, -1, -1, -1, -1, -1, -1, 4, 4, 6, -1, -1, -1, -1, -1, -1, -1, -1, -1, -1, 14, 0, 1, -1, 10, 2, 10, 3, 6, 8, 6, 5, 12, 12]","[False, False, False, False, False, False, False, False, False, False, False, False, False, False, False, False, False, False, False, False, False, True, True, True, False, False, False, False, False, False, False, False, False, False, True, True, True, False, True, True, True, True, True, True, True, True, True, True]"
30,"[0, 0, 0, 0, 0, 0, 0, 0, 0, 0, 0, 0, 0, 0, 0, 0, 0, 0, 0, 0, 0, 2297.1567217354313, 804.672748977529, 0, 0, 0, 0, 0, 0, 0, 0, 0, 0, 0, 2429.1970590364676, 6361.008278047395, 1165.2726485144767, 0, 1208.6783913782356, 2067.9210870917877, 2248.9012475559352, 2248.9012475559352, 1309.0825188494155, 0, 574.2891411796356, 0, 1409.0117734429248, 1095.1561785219467]","[0, 0, 0, 0, 0, 0, 0, 0, 1, 1, 1, 1, 1, 1, 2, 2, 2, 2, 2, 2, 2, 3, 3, 3, 4, 4, 4, 5, 5, 5, 5, 6, 6, 6, 7, 7, 7, 7, 7, 8, 8, 8, 8, 8, 8, 8, 8, 9]","[1, 1, 1, 1, 1, 1, 1, 3, 2, 2, 2, 2, 2, 2, 3, 3, 4, 5, 8, 8, 8, 9, 11, 12, 12, 12, 12, 14, 14, 16, 17, 18, 21, 20, 21, 22, 25, 24, 26, 26, 26, 28, 26, 27, 27, 27, 28, 28]","[21, 5, 26, 12, 8, 8, 20, 15, 11, 19, 8, 9, 4, 26, 11, 11, 14, 12, 26, 27, 25, -1, -1, -1, 14, 27, 26, 18, 17, 24, 21, 28, 28, 24, -1, -1, -1, 27, -1, -1, -1, -1, -1, 30, -1, -1, -1, -1]","[0, 0, 0, 0, 0, 0, 0, 0, 0, 0, 0, 0, 0, 0, 0, 0, 0, 0, 0, 0, 0, 2760.741986378951, 1268.2580136210488, 715.209446656983, 0, 0, 0, 0, 0, 0, 0, 0, 0, 0, 4029.0, 4029.0, 4029.0, 0, 1494.3885719111502, 4029.0, 2534.6114280888496, 4029.0, 2024.2919655063984, 0, 1289.4985878366188, 4029.0, 2171.4277974604893, 1857.572202539511]","[0, 0, 0, 0, 0, 0, 0, 0, 0, 0, 0, 0, 0, 0, 0, 0, 0, 0, 0, 0, 0, (274.72679999999997, 0.0028666666666666667, 0.008733333333333333), (598.3869333333334, 0.0126, 0.18913333333333332), (50.3314, 0.2760666666666667, 0.0014), 0, 0, 0, 0, 0, 0, 0, 0, 0, 0, (461.373, 0.013266666666666668, 0.0067333333333333325), (1157.6274666666666, 0.016533333333333334, 0.022133333333333328), (69.2056, 0.00046666666666666666, 0.0013333333333333333), 0, (304.0866, 0.2961333333333333, 0.05726666666666666), (679.4766, 0.7587999999999999, 1.3356666666666668), (218.1036, 0.009266666666666668, 0.010533333333333334), (150.9948, 0.009266666666666668, 0.0106), (333.44653333333326, 0.6355333333333333, 0.0052), 0, (143.3049333333333, 0.05273333333333334, 0.030533333333333336), (100.6632, 0.004666666666666667, 6.666666666666668e-05), (255.852, 0.49213333333333326, 0.15953333333333333), (170.56820000000002, 0.0033333333333333335, 0.0014)]","[0, 0, 0, 0, 0, 0, 0, 0, 0, 0, 0, 0, 0, 0, 0, 0, 0, 0, 0, 0, 0, (3, 0.0124, 0.02162777777777778), (2, 0.7702666666666665, 0.024955555555555557), (1, 1.666666666666667e-05, 0.05597222222222223), 0, 0, 0, 0, 0, 0, 0, 0, 0, 0, (3, 0.0, 0.017055555555555553), (2, 0.0, 0.005333333333333333), (1, 0.0, 0.0005499999999999999), 0, (1, 0.0, 0.0010444444444444444), (1, 0.0012666666666666666, 0.0020055555555555556), (2, 0.0, 0.0022555555555555554), (2, 0.0, 0.0023555555555555556), (1, 0.0, 0.0002111111111111111), 0, (3, 0.0, 0.0011333333333333332), (2, 0.0, 0.001238888888888889), (3, 8.333333333333333e-05, 0.28617777777777775), (3, 0.0, 0.0008388888888888889)]","[-1, -1, -1, -1, -1, -1, -1, -1, -1, -1, -1, -1, -1, -1, -1, -1, -1, -1, -1, -1, -1, 4, 4, 6, -1, -1, -1, -1, -1, -1, -1, -1, -1, -1, 14, 0, 1, -1, 10, 2, 10, 3, 6, -1, 6, 5, 12, 12]","[False, False, False, False, False, False, False, False, False, False, False, False, False, False, False, False, False, False, False, False, False, True, True, True, False, False, False, False, False, False, False, False, False, False, True, True, True, False, True, True, True, True, True, False, True, True, True, True]"
31,"[0, 0, 0, 0, 0, 0, 0, 0, 0, 0, 0, 0, 0, 0, 0, 0, 0, 0, 0, 0, 0, 2106.839958452118, 661.10043276992, 0, 0, 0, 0, 0, 0, 0, 0, 0, 0, 0, 2420.981059964191, 2438.7820916767528, 1178.6282089559033, 0, 1225.3728442978247, 2038.2522049240424, 2201.431036525731, 2254.8350239347114, 1207.75186362467, 0, 577.6280315353312, 0, 1816.3564093671823, 1105.1728508864767, 1646.6233023008167, 1646.6233023008167]","[0, 0, 0, 0, 0, 0, 0, 0, 1, 1, 1, 1, 1, 1, 2, 2, 2, 2, 2, 2, 2, 3, 3, 3, 4, 4, 4, 5, 5, 5, 5, 6, 6, 6, 7, 7, 7, 7, 7, 8, 8, 8, 8, 8, 8, 8, 8, 9, 9, 9]","[1, 1, 1, 1, 1, 1, 1, 3, 2, 2, 2, 2, 2, 2, 3, 3, 4, 5, 8, 8, 8, 9, 11, 12, 12, 12, 12, 14, 14, 16, 17, 18, 21, 20, 21, 22, 25, 24, 26, 26, 26, 28, 26, 27, 27, 27, 28, 28, 31, 31]","[21, 5, 26, 12, 8, 8, 20, 15, 11, 19, 8, 9, 4, 26, 11, 11, 14, 12, 26, 27, 25, -1, -1, 31, 14, 27, 26, 18, 17, 24, 21, 28, 28, 24, -1, -1, -1, 27, -1, -1, -1, -1, -1, 30, -1, 31, -1, -1, -1, -1]","[0, 0, 0, 0, 0, 0, 0, 0, 0, 0, 0, 0, 0, 0, 0, 0, 0, 0, 0, 0, 0, 2737.369762841099, 1291.630237158901, 0, 0, 0, 0, 0, 0, 0, 0, 0, 0, 0, 4029.0, 4029.0, 1780.5024533275434, 0, 1526.4709038860467, 4029.0, 2502.529096113953, 4029.0, 2329.5619160446695, 0, 1699.4380839553305, 0, 2370.0917792403525, 1658.908220759647, 2248.497546672457, 4029.0]","[0, 0, 0, 0, 0, 0, 0, 0, 0, 0, 0, 0, 0, 0, 0, 0, 0, 0, 0, 0, 0, (245.36620000000002, 0.0009333333333333332, 0.001066666666666667), (560.6383333333334, 0.013266666666666668, 0.18946666666666667), 0, 0, 0, 0, 0, 0, 0, 0, 0, 0, 0, (416.6338, 0.0116, 0.0067333333333333325), (167.772, 0.009333333333333334, 0.0104), (82.4876, 0.0007333333333333332, 0.002), 0, (292.20259999999996, 0.28073333333333333, 0.056799999999999996), (654.3108000000001, 0.7628666666666667, 1.1362666666666668), (268.4352, 0.009333333333333334, 0.0108), (184.5492, 0.009333333333333334, 0.0108), (333.44653333333326, 0.7292666666666667, 0.004666666666666667), 0, (167.77166666666662, 0.052866666666666666, 0.030466666666666666), 0, (226.49179999999998, 0.6, 0.19540000000000002), (128.6252, 0.0032, 0.0014), (125.829, 0.9397333333333332, 0.7602666666666668), (125.829, 0.9397333333333332, 0.7602666666666668)]","[0, 0, 0, 0, 0, 0, 0, 0, 0, 0, 0, 0, 0, 0, 0, 0, 0, 0, 0, 0, 0, (3, 0.003333333333333334, 0.01565), (2, 0.08003333333333333, 0.004966666666666667), 0, 0, 0, 0, 0, 0, 0, 0, 0, 0, 0, (3, 0.0, 0.024077777777777778), (2, 0.0, 0.002172222222222222), (1, 0.0, 0.0005722222222222222), 0, (1, 0.0, 0.001027777777777778), (1, 0.011416666666666664, 0.047094444444444446), (2, 0.0, 0.0022944444444444444), (2, 0.0, 0.002338888888888889), (1, 0.0, 0.00021666666666666668), 0, (3, 1.666666666666667e-05, 0.0011833333333333333), 0, (3, 0.00016666666666666666, 0.37338333333333334), (3, 0.0, 0.0005555555555555557), (2, 0.0, 0.009888888888888888), (2, 0.0, 0.009888888888888888)]","[-1, -1, -1, -1, -1, -1, -1, -1, -1, -1, -1, -1, -1, -1, -1, -1, -1, -1, -1, -1, -1, 4, 4, -1, -1, -1, -1, -1, -1, -1, -1, -1, -1, -1, 14, 0, 1, -1, 10, 2, 10, 3, 6, -1, 6, -1, 12, 12, 1, 5]","[False, False, False, False, False, False, False, False, False, False, False, False, False, False, False, False, False, False, False, False, False, True, True, False, False, False, False, False, False, False, False, False, False, False, True, True, True, False, True, True, True, True, True, False, True, False, True, True, True, True]"
32,"[0, 0, 0, 0, 0, 0, 0, 0, 0, 0, 0, 0, 0, 0, 0, 0, 0, 0, 0, 0, 0, 1869.7787269939558, 0, 0, 0, 0, 0, 0, 0, 0, 0, 0, 0, 0, 2366.2077328156797, 2554.490731062876, 1165.2726485144767, 0, 1228.7117348817424, 2070.887975308562, 2248.9012475559352, 2248.9012475559352, 1246.093192628628, 0, 564.2724701125491, 0, 2230.3788262082307, 1078.4617245810634, 1622.8881916370212, 1622.8881916370212]","[0, 0, 0, 0, 0, 0, 0, 0, 1, 1, 1, 1, 1, 1, 2, 2, 2, 2, 2, 2, 2, 3, 3, 3, 4, 4, 4, 5, 5, 5, 5, 6, 6, 6, 7, 7, 7, 7, 7, 8, 8, 8, 8, 8, 8, 8, 8, 9, 9, 9]","[1, 1, 1, 1, 1, 1, 1, 3, 2, 2, 2, 2, 2, 2, 3, 3, 4, 5, 8, 8, 8, 9, 11, 12, 12, 12, 12, 14, 14, 16, 17, 18, 21, 20, 21, 22, 25, 24, 26, 26, 26, 28, 26, 27, 27, 27, 28, 28, 31, 31]","[21, 5, 26, 12, 8, 8, 20, 15, 11, 19, 8, 9, 4, 26, 11, 11, 14, 12, 26, 27, 25, -1, -1, 31, 14, 27, 26, 18, 17, 24, 21, 28, 28, 24, -1, -1, -1, 27, -1, -1, -1, -1, -1, 30, -1, 31, -1, -1, -1, -1]","[0, 0, 0, 0, 0, 0, 0, 0, 0, 0, 0, 0, 0, 0, 0, 0, 0, 0, 0, 0, 0, 2949.389363496978, 1079.610636503022, 0, 0, 0, 0, 0, 0, 0, 0, 0, 0, 0, 4029.0, 4029.0, 1785.6922284387279, 0, 1504.4052436629036, 4029.0, 2524.5947563370964, 4029.0, 2355.4103612580393, 0, 1673.5896387419607, 0, 2590.4585508135838, 1438.5414491864165, 2243.3077715612726, 4029.0]","[0, 0, 0, 0, 0, 0, 0, 0, 0, 0, 0, 0, 0, 0, 0, 0, 0, 0, 0, 0, 0, (207.61720000000003, 0.0003333333333333333, 0.0008666666666666667), (477.45133333333325, 0.013066666666666664, 0.18980000000000002), 0, 0, 0, 0, 0, 0, 0, 0, 0, 0, 0, (402.6528, 0.011733333333333332, 0.0074666666666666675), (536.8704, 0.009266666666666668, 0.0106), (81.08953333333334, 0.0002666666666666667, 0.001), 0, (276.8236, 0.27726666666666666, 0.054666666666666655), (506.11220000000003, 0.7000666666666667, 1.4158), (33.5544, 0.009266666666666668, 0.010666666666666666), (218.1036, 0.009266666666666668, 0.010533333333333334), (415.23546666666675, 0.7115333333333334, 0.006666666666666668), 0, (150.2954, 0.0526, 0.03033333333333333), 0, (209.7148, 0.7276, 0.23566666666666664), (134.2176, 0.0033333333333333335, 0.0014), (139.81, 0.972, 0.7780666666666667), (139.81, 0.972, 0.7780666666666667)]","[0, 0, 0, 0, 0, 0, 0, 0, 0, 0, 0, 0, 0, 0, 0, 0, 0, 0, 0, 0, 0, (3, 0.003016666666666666, 0.010844444444444443), (2, 0.09561666666666667, 0.004766666666666667), 0, 0, 0, 0, 0, 0, 0, 0, 0, 0, 0, (3, 1.666666666666667e-05, 0.02868888888888889), (2, 0.0, 0.0023777777777777777), (1, 0.0, 0.000538888888888889), 0, (1, 0.0, 0.0013833333333333334), (1, 0.0675, 0.04805), (2, 0.0, 0.0023555555555555556), (2, 0.0, 0.0022555555555555554), (1, 0.0, 0.0005666666666666666), 0, (3, 0.0, 0.0011055555555555556), 0, (3, 0.00021666666666666668, 0.5190777777777777), (3, 0.0, 0.0007111111111111111), (2, 0.0, 0.011461111111111111), (2, 0.0, 0.011461111111111111)]","[-1, -1, -1, -1, -1, -1, -1, -1, -1, -1, -1, -1, -1, -1, -1, -1, -1, -1, -1, -1, -1, 4, 4, -1, -1, -1, -1, -1, -1, -1, -1, -1, -1, -1, 14, 0, 1, -1, 10, 2, 10, 3, 6, -1, 6, -1, 12, 12, 1, 5]","[False, False, False, False, False, False, False, False, False, False, False, False, False, False, False, False, False, False, False, False, False, True, True, False, False, False, False, False, False, False, False, False, False, False, True, True, True, False, True, True, True, True, True, False, True, False, True, True, True, True]"
33,"[0, 0, 0, 0, 0, 0, 0, 0, 0, 0, 0, 0, 0, 0, 0, 0, 0, 0, 0, 0, 0, 2307.1733934871845, 0, 0, 0, 0, 0, 0, 0, 0, 0, 0, 0, 0, 2826.303680863173, 2450.6496444343047, 0, 0, 1318.8617806475224, 1964.079999504682, 5046.6768101486105, 2201.431036525731, 1084.51187754052, 0, 554.2557990454623, 0, 1318.8617310662446, 1058.4283798520034, 2251.868135745323, 1578.3848591424044, 1578.3848591424044]","[0, 0, 0, 0, 0, 0, 0, 0, 1, 1, 1, 1, 1, 1, 2, 2, 2, 2, 2, 2, 2, 3, 3, 3, 4, 4, 4, 5, 5, 5, 5, 6, 6, 6, 7, 7, 7, 7, 7, 8, 8, 8, 8, 8, 8, 8, 8, 9, 9, 9, 9]","[1, 1, 1, 1, 1, 1, 1, 3, 2, 2, 2, 2, 2, 2, 3, 3, 4, 5, 8, 8, 8, 9, 11, 12, 12, 12, 12, 14, 14, 16, 17, 18, 21, 20, 21, 22, 25, 24, 26, 26, 26, 28, 26, 27, 27, 27, 28, 28, 33, 31, 31]","[21, 5, 26, 12, 8, 8, 20, 15, 11, 19, 8, 9, 4, 26, 11, 11, 14, 12, 26, 27, 25, -1, 33, 31, 14, 27, 26, 18, 17, 24, 21, 28, 28, 24, -1, -1, -1, 27, -1, -1, -1, -1, -1, 30, -1, 31, -1, -1, -1, -1, -1]","[0, 0, 0, 0, 0, 0, 0, 0, 0, 0, 0, 0, 0, 0, 0, 0, 0, 0, 0, 0, 0, 4029.0, 0, 0, 0, 0, 0, 0, 0, 0, 0, 0, 0, 0, 4029.0, 4029.0, 1225.3075704287978, 0, 150.5924852494561, 4029.0, 3878.407514750544, 4029.0, 1130.633273430085, 0, 600.3771949350273, 0, 2144.7166756071206, 1884.2833243928794, 2297.989531634888, 2803.6924295712024, 4029.0]","[0, 0, 0, 0, 0, 0, 0, 0, 0, 0, 0, 0, 0, 0, 0, 0, 0, 0, 0, 0, 0, (220.20046666666667, 0.002, 0.0018), 0, 0, 0, 0, 0, 0, 0, 0, 0, 0, 0, 0, (363.506, 0.0166, 0.009666666666666665), (738.197, 0.009333333333333334, 0.0108), (78.99233333333332, 0.0004, 0.0014), 0, (332.04866666666675, 0.30326666666666663, 0.05866666666666666), (713.031, 0.7426, 1.2830666666666666), (369.0984, 0.018533333333333336, 0.025066666666666668), (268.4352, 0.009333333333333334, 0.0108), (202.37446666666668, 0.6932, 0.0088), 0, (104.857, 0.052866666666666666, 0.0304), 0, (255.852, 0.40273333333333333, 0.13053333333333333), (268.4352, 0.0032666666666666664, 0.0013333333333333333), (100.6632, 0.009333333333333334, 0.0108), (184.5492, 0.9548666666666666, 0.7652666666666668), (184.5492, 0.9548666666666666, 0.7652666666666668)]","[0, 0, 0, 0, 0, 0, 0, 0, 0, 0, 0, 0, 0, 0, 0, 0, 0, 0, 0, 0, 0, (3, 0.0059833333333333336, 0.025311111111111114), 0, 0, 0, 0, 0, 0, 0, 0, 0, 0, 0, 0, (3, 0.0, 0.017905555555555557), (2, 0.0, 0.0023666666666666667), (1, 0.0, 0.0005777777777777778), 0, (1, 0.0, 0.0009222222222222221), (1, 0.0019333333333333331, 0.002327777777777778), (2, 0.0, 0.0054888888888888895), (2, 0.0, 0.0022944444444444444), (1, 0.0, 0.00025), 0, (3, 0.0, 0.0011222222222222222), 0, (3, 5e-05, 0.20164999999999994), (3, 0.0, 0.00065), (2, 0.0, 0.002416666666666667), (2, 1.666666666666667e-05, 0.010605555555555557), (2, 1.666666666666667e-05, 0.010605555555555557)]","[-1, -1, -1, -1, -1, -1, -1, -1, -1, -1, -1, -1, -1, -1, -1, -1, -1, -1, -1, -1, -1, 4, -1, -1, -1, -1, -1, -1, -1, -1, -1, -1, -1, -1, 14, 0, 1, -1, 10, 2, 10, 3, 6, -1, 6, -1, 12, 12, 6, 1, 5]","[False, False, False, False, False, False, False, False, False, False, False, False, False, False, False, False, False, False, False, False, False, True, False, False, False, False, False, False, False, False, False, False, False, False, True, True, True, False, True, True, True, True, True, False, True, False, True, True, True, True, True]"
34,"[0, 0, 0, 0, 0, 0, 0, 0, 0, 0, 0, 0, 0, 0, 0, 0, 0, 0, 0, 0, 0, 0, 0, 0, 0, 0, 0, 0, 0, 0, 0, 0, 0, 0, 0, 2453.616532623692, 0, 0, 1228.7117348817424, 2079.788639958885, 6361.008278047395, 2248.9012475559352, 1229.6611944840745, 0, 554.2557990454623, 0, 1425.7062257349019, 1075.1228337928867, 2266.7025766922616, 1622.8881916370212, 1622.8881916370212, 3464.41286996805]","[0, 0, 0, 0, 0, 0, 0, 0, 1, 1, 1, 1, 1, 1, 2, 2, 2, 2, 2, 2, 2, 3, 3, 3, 4, 4, 4, 5, 5, 5, 5, 6, 6, 6, 7, 7, 7, 7, 7, 8, 8, 8, 8, 8, 8, 8, 8, 9, 9, 9, 9, 9]","[1, 1, 1, 1, 1, 1, 1, 3, 2, 2, 2, 2, 2, 2, 3, 3, 4, 5, 8, 8, 8, 9, 11, 12, 12, 12, 12, 14, 14, 16, 17, 18, 21, 20, 21, 22, 25, 24, 26, 26, 26, 28, 26, 27, 27, 27, 28, 28, 33, 31, 31, 34]","[21, 5, 26, 12, 8, 8, 20, 15, 11, 19, 8, 9, 4, 26, 11, 11, 14, 12, 26, 27, 25, -1, 33, 31, 14, 27, 26, 18, 17, 24, 21, 28, 28, 24, -1, -1, 34, 27, -1, -1, -1, -1, -1, 30, -1, 31, -1, -1, -1, -1, -1, -1]","[0, 0, 0, 0, 0, 0, 0, 0, 0, 0, 0, 0, 0, 0, 0, 0, 0, 0, 0, 0, 0, 4029.0, 0, 0, 0, 0, 0, 0, 0, 0, 0, 0, 0, 0, 4029.0, 4029.0, 0, 0, 1328.5314700785652, 4029.0, 4029.0, 4029.0, 1222.4546710768084, 0, 547.0492756381961, 0, 1525.5259609317247, 1174.9425689897096, 2259.4960532849955, 4029.0, 4029.0, 4029.0]","[0, 0, 0, 0, 0, 0, 0, 0, 0, 0, 0, 0, 0, 0, 0, 0, 0, 0, 0, 0, 0, (255.8518, 0.003, 0.0022), 0, 0, 0, 0, 0, 0, 0, 0, 0, 0, 0, 0, (422.2262, 0.03953333333333333, 0.018666666666666668), (352.32120000000003, 0.0094, 0.010866666666666667), 0, 0, (318.06759999999997, 0.2734, 0.057466666666666666), (458.5768, 0.723, 1.306), (1157.6274666666666, 0.016533333333333334, 0.022133333333333328), (33.5544, 0.009266666666666668, 0.010666666666666666), (105.9056, 0.6556666666666666, 0.0064), 0, (251.65766666666661, 0.05273333333333334, 0.0304), 0, (213.9092, 0.46873333333333334, 0.15180000000000002), (248.8618, 0.0033333333333333335, 0.0014), (150.9948, 0.009333333333333334, 0.010933333333333335), (131.4214, 0.9578666666666666, 0.7716000000000001), (131.4214, 0.9578666666666666, 0.7716000000000001), (168.47066666666663, 0.27493333333333336, 0.023333333333333327)]","[0, 0, 0, 0, 0, 0, 0, 0, 0, 0, 0, 0, 0, 0, 0, 0, 0, 0, 0, 0, 0, (3, 0.0034, 0.033966666666666666), 0, 0, 0, 0, 0, 0, 0, 0, 0, 0, 0, 0, (3, 0.0, 0.019144444444444443), (2, 0.0, 0.002344444444444444), 0, 0, (1, 0.0, 0.0007888888888888889), (1, 0.059366666666666665, 0.06801666666666667), (2, 0.0, 0.005333333333333333), (2, 0.0, 0.0023555555555555556), (1, 0.0, 0.00020555555555555556), 0, (3, 0.0, 0.0010222222222222223), 0, (3, 3.3333333333333335e-05, 0.2765777777777778), (3, 0.0, 0.0008222222222222222), (2, 0.0, 0.0026888888888888887), (2, 0.0, 0.010555555555555558), (2, 0.0, 0.010555555555555558), (3, 0.2927833333333333, 0.026605555555555556)]","[-1, -1, -1, -1, -1, -1, -1, -1, -1, -1, -1, -1, -1, -1, -1, -1, -1, -1, -1, -1, -1, 4, -1, -1, -1, -1, -1, -1, -1, -1, -1, -1, -1, -1, 14, 0, -1, -1, 12, 2, 10, 3, 6, -1, 6, -1, 12, 12, 6, 1, 5, 9]","[False, False, False, False, False, False, False, False, False, False, False, False, False, False, False, False, False, False, False, False, False, True, False, False, False, False, False, False, False, False, False, False, False, False, True, True, False, False, True, True, True, True, True, False, True, False, True, True, True, True, True, True]"
35,"[0, 0, 0, 0, 0, 0, 0, 0, 0, 0, 0, 0, 0, 0, 0, 0, 0, 0, 0, 0, 0, 0, 0, 0, 0, 0, 0, 0, 0, 0, 0, 0, 0, 0, 0, 2495.1529672751212, 0, 0, 1175.2894855390578, 2871.947793837662, 2438.7820916767528, 5046.6768101486105, 1150.2398701187337, 0, 580.9669218910268, 0, 2036.723179621289, 1061.76727064018, 2248.9012475559352, 1596.1861921402513, 1596.1861921402513, 4442.116739200141, 3464.41286996805, 731.2170323801198, 501.40426599866777]","[0, 0, 0, 0, 0, 0, 0, 0, 1, 1, 1, 1, 1, 1, 2, 2, 2, 2, 2, 2, 2, 3, 3, 3, 4, 4, 4, 5, 5, 5, 5, 6, 6, 6, 7, 7, 7, 7, 7, 8, 8, 8, 8, 8, 8, 8, 8, 9, 9, 9, 9, 9, 10, 10, 10]","[1, 1, 1, 1, 1, 1, 1, 3, 2, 2, 2, 2, 2, 2, 3, 3, 4, 5, 8, 8, 8, 9, 11, 12, 12, 12, 12, 14, 14, 16, 17, 18, 21, 20, 21, 22, 25, 24, 26, 26, 26, 28, 26, 27, 27, 27, 28, 28, 33, 31, 31, 34, 35, 35, 35]","[21, 5, 26, 12, 8, 8, 20, 15, 11, 19, 8, 9, 4, 26, 11, 11, 14, 12, 26, 27, 25, 35, 33, 31, 14, 27, 26, 18, 17, 24, 21, 28, 28, 24, 35, -1, 34, 27, -1, -1, -1, -1, -1, 30, -1, 31, -1, -1, -1, -1, -1, -1, -1, -1, -1]","[0, 0, 0, 0, 0, 0, 0, 0, 0, 0, 0, 0, 0, 0, 0, 0, 0, 0, 0, 0, 0, 0, 0, 0, 0, 0, 0, 0, 0, 0, 0, 0, 0, 0, 0, 3011.374350638227, 0, 0, 1093.696173605549, 3159.9904359733177, 4029.0, 4029.0, 1465.1693112813994, 0, 869.0095640266824, 0, 1955.1298676877802, 980.173958706671, 2563.830688718601, 4029.0, 4029.0, 4029.0, 4029.0, 4029.0, 1017.6256493617734]","[0, 0, 0, 0, 0, 0, 0, 0, 0, 0, 0, 0, 0, 0, 0, 0, 0, 0, 0, 0, 0, 0, 0, 0, 0, 0, 0, 0, 0, 0, 0, 0, 0, 0, 0, (218.1036, 0.009333333333333334, 0.010666666666666666), 0, 0, (304.0866, 0.26866666666666666, 0.058866666666666664), (824.879, 0.7441333333333333, 1.3625333333333334), (167.772, 0.009333333333333334, 0.0104), (369.0984, 0.018533333333333336, 0.025066666666666668), (111.1484, 0.6268666666666667, 0.0044666666666666665), 0, (230.6862666666667, 0.053333333333333344, 0.0358), 0, (212.51093333333333, 0.6914, 0.224), (139.81, 0.0034, 0.0014), (150.9948, 0.009266666666666668, 0.0106), (153.791, 0.9633999999999999, 0.7669333333333332), (153.791, 0.9633999999999999, 0.7669333333333332), (313.1741333333334, 0.2986666666666667, 0.020266666666666665), (168.47066666666663, 0.27493333333333336, 0.023333333333333327), (178.9568, 0.0019333333333333331, 0.0014666666666666665), (0.0, 0.0048, 6.666666666666668e-05)]","[0, 0, 0, 0, 0, 0, 0, 0, 0, 0, 0, 0, 0, 0, 0, 0, 0, 0, 0, 0, 0, 0, 0, 0, 0, 0, 0, 0, 0, 0, 0, 0, 0, 0, 0, (2, 0.0, 0.002655555555555556), 0, 0, (1, 0.0, 0.000861111111111111), (1, 1.0255833333333333, 0.54465), (2, 0.0, 0.002172222222222222), (2, 0.0, 0.0054888888888888895), (1, 0.0, 0.00023333333333333333), 0, (3, 0.0, 0.0011277777777777777), 0, (3, 0.0002333333333333333, 0.49188333333333323), (3, 0.0, 0.0006222222222222223), (2, 0.0, 0.0023555555555555556), (2, 0.0, 0.0117), (2, 0.0, 0.0117), (3, 0.10841666666666666, 0.0281), (3, 0.2927833333333333, 0.026605555555555556), (1, 0.36411666666666676, 0.01315), (2, 0.0, 0.0013222222222222222)]","[-1, -1, -1, -1, -1, -1, -1, -1, -1, -1, -1, -1, -1, -1, -1, -1, -1, -1, -1, -1, -1, -1, -1, -1, -1, -1, -1, -1, -1, -1, -1, -1, -1, -1, -1, 0, -1, -1, 12, 2, 7, 3, 6, -1, 2, -1, 12, 12, 6, 1, 5, 9, 8, 13, 0]","[False, False, False, False, False, False, False, False, False, False, False, False, False, False, False, False, False, False, False, False, False, False, False, False, False, False, False, False, False, False, False, False, False, False, False, True, False, False, True, True, True, True, True, False, True, False, True, True, True, True, True, True, True, True, True]"
36,"[0, 0, 0, 0, 0, 0, 0, 0, 0, 0, 0, 0, 0, 0, 0, 0, 0, 0, 0, 0, 0, 0, 0, 0, 0, 0, 0, 0, 0, 0, 0, 0, 0, 0, 0, 2423.947650729814, 0, 0, 1252.0839689691668, 1993.7488816724258, 2554.490731062876, 6361.008278047395, 733.962583790049, 0, 627.7113868707645, 0, 1769.6119429496443, 1081.80061536924, 2254.8350239347114, 1655.52396879974, 1655.52396879974, 3143.9889128247596, 4442.116739200141, 657.7614400862267, 498.43737685074666]","[0, 0, 0, 0, 0, 0, 0, 0, 1, 1, 1, 1, 1, 1, 2, 2, 2, 2, 2, 2, 2, 3, 3, 3, 4, 4, 4, 5, 5, 5, 5, 6, 6, 6, 7, 7, 7, 7, 7, 8, 8, 8, 8, 8, 8, 8, 8, 9, 9, 9, 9, 9, 10, 10, 10]","[1, 1, 1, 1, 1, 1, 1, 3, 2, 2, 2, 2, 2, 2, 3, 3, 4, 5, 8, 8, 8, 9, 11, 12, 12, 12, 12, 14, 14, 16, 17, 18, 21, 20, 21, 22, 25, 24, 26, 26, 26, 28, 26, 27, 27, 27, 28, 28, 33, 31, 31, 34, 35, 35, 35]","[21, 5, 26, 12, 8, 8, 20, 15, 11, 19, 8, 9, 4, 26, 11, 11, 14, 12, 26, 27, 25, 35, 33, 31, 14, 27, 26, 18, 17, 24, 21, 28, 28, 24, 35, -1, 34, 27, -1, -1, -1, -1, -1, 30, -1, 31, -1, -1, -1, -1, -1, -1, -1, -1, -1]","[0, 0, 0, 0, 0, 0, 0, 0, 0, 0, 0, 0, 0, 0, 0, 0, 0, 0, 0, 0, 0, 0, 0, 0, 0, 0, 0, 0, 0, 0, 0, 0, 0, 0, 0, 2977.2551369395337, 0, 0, 1227.2517932064832, 2697.5187474008308, 4029.0, 4029.0, 1254.0637799276687, 0, 1331.4812525991695, 0, 1744.7797671869607, 1056.9684396065563, 2774.9362200723313, 4029.0, 4029.0, 4029.0, 4029.0, 4029.0, 1051.7448630604663]","[0, 0, 0, 0, 0, 0, 0, 0, 0, 0, 0, 0, 0, 0, 0, 0, 0, 0, 0, 0, 0, 0, 0, 0, 0, 0, 0, 0, 0, 0, 0, 0, 0, 0, 0, (134.2176, 0.009266666666666668, 0.010666666666666666), 0, 0, (299.8922, 0.2914, 0.05526666666666666), (721.4196, 0.7326, 1.4462000000000002), (536.8704, 0.009266666666666668, 0.0106), (1157.6274666666666, 0.016533333333333334, 0.022133333333333328), (80.73986666666669, 0.6493333333333333, 0.004200000000000001), 0, (290.10566666666676, 0.05273333333333334, 0.030666666666666672), 0, (190.14146666666667, 0.5508, 0.17880000000000001), (204.1226, 0.003466666666666667, 0.0014666666666666665), (184.5492, 0.009333333333333334, 0.0108), (125.829, 0.9370666666666667, 0.7570666666666667), (125.829, 0.9370666666666667, 0.7570666666666667), (205.5204, 0.03793333333333333, 0.025266666666666666), (313.1741333333334, 0.2986666666666667, 0.020266666666666665), (192.93779999999998, 0.003933333333333333, 0.0014666666666666665), (145.4024, 0.004733333333333333, 6.666666666666668e-05)]","[0, 0, 0, 0, 0, 0, 0, 0, 0, 0, 0, 0, 0, 0, 0, 0, 0, 0, 0, 0, 0, 0, 0, 0, 0, 0, 0, 0, 0, 0, 0, 0, 0, 0, 0, (2, 0.0, 0.0023833333333333337), 0, 0, (1, 0.0, 0.0008333333333333334), (1, 0.0, 0.0003444444444444444), (2, 0.0, 0.0023777777777777777), (2, 0.0, 0.005333333333333333), (1, 0.0, 0.0002222222222222222), 0, (3, 0.0396, 0.01505), 0, (3, 0.00013333333333333334, 0.3462888888888889), (3, 0.0, 0.0008111111111111111), (2, 0.0, 0.002338888888888889), (2, 0.06273333333333334, 0.031105555555555553), (2, 0.06273333333333334, 0.031105555555555553), (3, 0.00125, 0.027633333333333336), (3, 0.10841666666666666, 0.0281), (1, 0.26766666666666666, 0.015294444444444444), (2, 0.0, 0.0012666666666666666)]","[-1, -1, -1, -1, -1, -1, -1, -1, -1, -1, -1, -1, -1, -1, -1, -1, -1, -1, -1, -1, -1, -1, -1, -1, -1, -1, -1, -1, -1, -1, -1, -1, -1, -1, -1, 0, -1, -1, 12, 2, 7, 3, 6, -1, 2, -1, 12, 12, 6, 1, 5, 9, 8, 13, 0]","[False, False, False, False, False, False, False, False, False, False, False, False, False, False, False, False, False, False, False, False, False, False, False, False, False, False, False, False, False, False, False, False, False, False, False, True, False, False, True, True, True, True, True, False, True, False, True, True, True, True, True, True, True, True, True]"
37,"[0, 0, 0, 0, 0, 0, 0, 0, 0, 0, 0, 0, 0, 0, 0, 0, 0, 0, 0, 0, 0, 0, 0, 0, 0, 0, 0, 0, 0, 0, 0, 0, 0, 0, 0, 2423.947650729814, 0, 0, 1205.339500794318, 2118.3581867769535, 2450.6496444343047, 2438.7820916767528, 928.4078951672633, 0, 604.3391543808957, 0, 1292.1506073990797, 1075.1228337928867, 2248.9012475559352, 2278.570623724373, 2278.570623724373, 3601.346184986549, 3143.9889128247596, 711.18368902724, 498.43737685074666]","[0, 0, 0, 0, 0, 0, 0, 0, 1, 1, 1, 1, 1, 1, 2, 2, 2, 2, 2, 2, 2, 3, 3, 3, 4, 4, 4, 5, 5, 5, 5, 6, 6, 6, 7, 7, 7, 7, 7, 8, 8, 8, 8, 8, 8, 8, 8, 9, 9, 9, 9, 9, 10, 10, 10]","[1, 1, 1, 1, 1, 1, 1, 3, 2, 2, 2, 2, 2, 2, 3, 3, 4, 5, 8, 8, 8, 9, 11, 12, 12, 12, 12, 14, 14, 16, 17, 18, 21, 20, 21, 22, 25, 24, 26, 26, 26, 28, 26, 27, 27, 27, 28, 28, 33, 31, 31, 34, 35, 35, 35]","[21, 5, 26, 12, 8, 8, 20, 15, 11, 19, 8, 9, 4, 26, 11, 11, 14, 12, 26, 27, 25, 35, 33, 31, 14, 27, 26, 18, 17, 24, 21, 28, 28, 24, 35, -1, 34, 27, -1, -1, -1, -1, -1, 30, -1, 31, -1, -1, -1, -1, -1, -1, -1, -1, -1]","[0, 0, 0, 0, 0, 0, 0, 0, 0, 0, 0, 0, 0, 0, 0, 0, 0, 0, 0, 0, 0, 0, 0, 0, 0, 0, 0, 0, 0, 0, 0, 0, 0, 0, 0, 2977.2551369395337, 0, 0, 1357.4685201322231, 2771.509516198029, 4029.0, 4029.0, 1354.253323805664, 0, 1257.490483801971, 0, 1444.279626736985, 1227.251853130792, 2674.746676194336, 4029.0, 4029.0, 4029.0, 4029.0, 4029.0, 1051.7448630604663]","[0, 0, 0, 0, 0, 0, 0, 0, 0, 0, 0, 0, 0, 0, 0, 0, 0, 0, 0, 0, 0, 0, 0, 0, 0, 0, 0, 0, 0, 0, 0, 0, 0, 0, 0, (33.5544, 0.009333333333333334, 0.010466666666666668), 0, 0, (294.2998, 0.28173333333333334, 0.05493333333333333), (626.3488000000001, 0.7791333333333333, 1.1652666666666667), (738.197, 0.009333333333333334, 0.0108), (167.772, 0.009333333333333334, 0.0104), (90.177, 0.6436666666666666, 0.004533333333333333), 0, (377.48706666666664, 0.054, 0.037), 0, (198.53, 0.4244, 0.13933333333333334), (181.753, 0.0032, 0.0012666666666666666), (218.1036, 0.009266666666666668, 0.010533333333333334), (226.49220000000003, 0.9202666666666668, 0.7430666666666668), (226.49220000000003, 0.9202666666666668, 0.7430666666666668), (130.0228, 0.042466666666666666, 0.027733333333333336), (205.5204, 0.03793333333333333, 0.025266666666666666), (134.2176, 0.002, 0.0014), (67.1088, 0.004666666666666667, 0.0)]","[0, 0, 0, 0, 0, 0, 0, 0, 0, 0, 0, 0, 0, 0, 0, 0, 0, 0, 0, 0, 0, 0, 0, 0, 0, 0, 0, 0, 0, 0, 0, 0, 0, 0, 0, (2, 0.0, 0.0022833333333333334), 0, 0, (1, 0.0, 0.001), (1, 0.0019833333333333335, 0.0026333333333333334), (2, 0.0, 0.0023666666666666667), (2, 0.0, 0.002172222222222222), (1, 0.0, 0.0002222222222222222), 0, (3, 0.0, 0.0011888888888888889), 0, (3, 1.666666666666667e-05, 0.19247222222222224), (3, 0.0, 0.00046111111111111103), (2, 0.0, 0.0022555555555555554), (2, 0.09268333333333334, 0.011455555555555556), (2, 0.09268333333333334, 0.011455555555555556), (3, 0.0008, 0.02777777777777778), (3, 0.00125, 0.027633333333333336), (1, 0.2701, 0.013050000000000004), (2, 0.0, 0.0012333333333333335)]","[-1, -1, -1, -1, -1, -1, -1, -1, -1, -1, -1, -1, -1, -1, -1, -1, -1, -1, -1, -1, -1, -1, -1, -1, -1, -1, -1, -1, -1, -1, -1, -1, -1, -1, -1, 0, -1, -1, 12, 2, 7, 3, 6, -1, 2, -1, 12, 12, 6, 1, 5, 9, 8, 13, 0]","[False, False, False, False, False, False, False, False, False, False, False, False, False, False, False, False, False, False, False, False, False, False, False, False, False, False, False, False, False, False, False, False, False, False, False, True, False, False, True, True, True, True, True, False, True, False, True, True, True, True, True, True, True, True, True]"
38,"[0, 0, 0, 0, 0, 0, 0, 0, 0, 0, 0, 0, 0, 0, 0, 0, 0, 0, 0, 0, 0, 0, 0, 0, 0, 0, 0, 0, 0, 0, 0, 0, 0, 0, 0, 2394.2787688359367, 0, 0, 1238.7284066334953, 2145.060180727923, 2453.616532623692, 2554.490731062876, 1174.8878673355634, 0, 577.6280315353312, 0, 961.60045201792, 1085.1395061574167, 2201.431036525731, 1590.2524144743022, 1590.2524144743022, 3261.75156374067, 3601.346184986549, 0, 498.43737685074666]","[0, 0, 0, 0, 0, 0, 0, 0, 1, 1, 1, 1, 1, 1, 2, 2, 2, 2, 2, 2, 2, 3, 3, 3, 4, 4, 4, 5, 5, 5, 5, 6, 6, 6, 7, 7, 7, 7, 7, 8, 8, 8, 8, 8, 8, 8, 8, 9, 9, 9, 9, 9, 10, 10, 10]","[1, 1, 1, 1, 1, 1, 1, 3, 2, 2, 2, 2, 2, 2, 3, 3, 4, 5, 8, 8, 8, 9, 11, 12, 12, 12, 12, 14, 14, 16, 17, 18, 21, 20, 21, 22, 25, 24, 26, 26, 26, 28, 26, 27, 27, 27, 28, 28, 33, 31, 31, 34, 35, 35, 35]","[21, 5, 26, 12, 8, 8, 20, 15, 11, 19, 8, 9, 4, 26, 11, 11, 14, 12, 26, 27, 25, 35, 33, 31, 14, 27, 26, 18, 17, 24, 21, 28, 28, 24, 35, -1, 34, 27, -1, -1, -1, -1, -1, 30, -1, 31, -1, -1, -1, -1, -1, -1, -1, -1, -1]","[0, 0, 0, 0, 0, 0, 0, 0, 0, 0, 0, 0, 0, 0, 0, 0, 0, 0, 0, 0, 0, 0, 0, 0, 0, 0, 0, 0, 0, 0, 0, 0, 0, 0, 0, 2962.420695992595, 0, 0, 1486.5722850305513, 2798.216074596296, 4029.0, 4029.0, 1501.2284154049162, 0, 1230.783925403704, 0, 1209.4443304149759, 1332.9833845544727, 2527.771584595084, 4029.0, 4029.0, 4029.0, 4029.0, 4029.0, 1066.579304007405]","[0, 0, 0, 0, 0, 0, 0, 0, 0, 0, 0, 0, 0, 0, 0, 0, 0, 0, 0, 0, 0, 0, 0, 0, 0, 0, 0, 0, 0, 0, 0, 0, 0, 0, 0, (100.6632, 0.009266666666666668, 0.010733333333333333), 0, 0, (281.7169333333334, 0.28753333333333336, 0.054), (542.4628, 0.7475333333333333, 1.4531333333333334), (352.32120000000003, 0.0094, 0.010866666666666667), (536.8704, 0.009266666666666668, 0.0106), (88.07973333333334, 0.8984, 0.004200000000000001), 0, (251.65786666666673, 0.0528, 0.030533333333333336), 0, (194.33579999999998, 0.31493333333333334, 0.10186666666666666), (109.0518, 0.003533333333333333, 0.0013333333333333333), (268.4352, 0.009333333333333334, 0.0108), (142.6062, 0.9306666666666665, 0.7520666666666668), (142.6062, 0.9306666666666665, 0.7520666666666668), (110.44946666666667, 0.04046666666666667, 0.026666666666666672), (130.0228, 0.042466666666666666, 0.027733333333333336), (226.49220000000003, 0.0016666666666666668, 0.0014), (100.6632, 0.004666666666666667, 6.666666666666668e-05)]","[0, 0, 0, 0, 0, 0, 0, 0, 0, 0, 0, 0, 0, 0, 0, 0, 0, 0, 0, 0, 0, 0, 0, 0, 0, 0, 0, 0, 0, 0, 0, 0, 0, 0, 0, (2, 0.0, 0.002338888888888889), 0, 0, (1, 0.0, 0.00115), (1, 0.07328333333333333, 0.0468111111111111), (2, 0.0, 0.002344444444444444), (2, 0.0, 0.0023777777777777777), (1, 0.0, 0.00032777777777777775), 0, (3, 0.0, 0.00105), 0, (3, 0.0, 0.12192777777777777), (3, 0.0, 0.0006333333333333333), (2, 0.0, 0.0022944444444444444), (2, 0.0, 0.012455555555555557), (2, 0.0, 0.012455555555555557), (3, 0.00011666666666666667, 0.02971666666666666), (3, 0.0008, 0.02777777777777778), (1, 0.27021666666666666, 0.012733333333333334), (2, 0.0, 0.001238888888888889)]","[-1, -1, -1, -1, -1, -1, -1, -1, -1, -1, -1, -1, -1, -1, -1, -1, -1, -1, -1, -1, -1, -1, -1, -1, -1, -1, -1, -1, -1, -1, -1, -1, -1, -1, -1, 0, -1, -1, 12, 2, 7, 3, 6, -1, 2, -1, 12, 12, 6, 1, 5, 9, 8, 13, 0]","[False, False, False, False, False, False, False, False, False, False, False, False, False, False, False, False, False, False, False, False, False, False, False, False, False, False, False, False, False, False, False, False, False, False, False, True, False, False, True, True, True, True, True, False, True, False, True, True, True, True, True, True, True, True, True]"
39,"[0, 0, 0, 0, 0, 0, 0, 0, 0, 0, 0, 0, 0, 0, 0, 0, 0, 0, 0, 0, 0, 0, 0, 0, 0, 0, 0, 0, 0, 0, 0, 0, 0, 0, 0, 2376.47743969961, 0, 0, 1255.4228595530844, 2245.9343800982538, 2495.1529672751212, 2450.6496444343047, 1366.594512355352, 0, 564.2724701125491, 0, 1021.7004802690399, 1071.7839430047102, 2248.9012475559352, 1563.5504149775322, 0, 3502.7541981732297, 3261.75156374067, 0, 495.47048770282555, 922.7020845904912]","[0, 0, 0, 0, 0, 0, 0, 0, 1, 1, 1, 1, 1, 1, 2, 2, 2, 2, 2, 2, 2, 3, 3, 3, 4, 4, 4, 5, 5, 5, 5, 6, 6, 6, 7, 7, 7, 7, 7, 8, 8, 8, 8, 8, 8, 8, 8, 9, 9, 9, 9, 9, 10, 10, 10, 10]","[1, 1, 1, 1, 1, 1, 1, 3, 2, 2, 2, 2, 2, 2, 3, 3, 4, 5, 8, 8, 8, 9, 11, 12, 12, 12, 12, 14, 14, 16, 17, 18, 21, 20, 21, 22, 25, 24, 26, 26, 26, 28, 26, 27, 27, 27, 28, 28, 33, 31, 31, 34, 35, 35, 35, 39]","[21, 5, 26, 12, 8, 8, 20, 15, 11, 19, 8, 9, 4, 26, 11, 11, 14, 12, 26, 27, 25, 35, 33, 31, 14, 27, 26, 18, 17, 24, 21, 28, 28, 24, 35, -1, 34, 27, -1, -1, -1, -1, -1, 30, -1, 31, -1, -1, -1, -1, -1, -1, -1, 39, -1, -1]","[0, 0, 0, 0, 0, 0, 0, 0, 0, 0, 0, 0, 0, 0, 0, 0, 0, 0, 0, 0, 0, 0, 0, 0, 0, 0, 0, 0, 0, 0, 0, 0, 0, 0, 0, 2955.003475998392, 0, 0, 1482.1204319441397, 2855.3309549928526, 4029.0, 4029.0, 1573.3466323997084, 0, 1173.6690450071478, 0, 1248.3980526600951, 1298.4815153957654, 2455.653367600292, 4029.0, 4029.0, 4029.0, 4029.0, 0, 1073.9965240016077, 4029.0]","[0, 0, 0, 0, 0, 0, 0, 0, 0, 0, 0, 0, 0, 0, 0, 0, 0, 0, 0, 0, 0, 0, 0, 0, 0, 0, 0, 0, 0, 0, 0, 0, 0, 0, 0, (117.4404, 0.0092, 0.0106), 0, 0, (282.41613333333333, 0.3092, 0.0536), (710.2348000000001, 0.9372, 1.3942), (218.1036, 0.009333333333333334, 0.010666666666666666), (738.197, 0.009333333333333334, 0.0108), (108.00293333333333, 1.1823333333333332, 0.0031333333333333335), 0, (157.286, 0.053, 0.030733333333333335), 0, (146.80033333333338, 0.3725333333333334, 0.1176), (150.9948, 0.003466666666666667, 0.0019333333333333331), (33.5544, 0.009266666666666668, 0.010666666666666666), (117.4404, 0.9303333333333335, 0.7412666666666667), (117.4404, 0.9303333333333335, 0.7412666666666667), (119.5372, 0.03373333333333334, 0.02686666666666667), (110.44946666666667, 0.04046666666666667, 0.026666666666666672), 0, (0.0, 0.004666666666666667, 6.666666666666668e-05), (97.867, 0.5311333333333333, 0.4374666666666666)]","[0, 0, 0, 0, 0, 0, 0, 0, 0, 0, 0, 0, 0, 0, 0, 0, 0, 0, 0, 0, 0, 0, 0, 0, 0, 0, 0, 0, 0, 0, 0, 0, 0, 0, 0, (2, 0.0, 0.0023166666666666665), 0, 0, (1, 0.0, 0.0005888888888888889), (1, 0.003016666666666666, 0.05234444444444444), (2, 0.0, 0.002655555555555556), (2, 0.0, 0.0023666666666666667), (1, 0.0, 0.00023333333333333333), 0, (3, 0.0, 0.0012166666666666667), 0, (3, 5e-05, 0.20093333333333338), (3, 0.0, 0.0008055555555555556), (2, 0.0, 0.0023555555555555556), (2, 0.0, 0.010772222222222223), (2, 0.0, 0.010772222222222223), (3, 0.0013666666666666669, 0.04000555555555556), (3, 0.00011666666666666667, 0.02971666666666666), 0, (2, 0.0, 0.0012722222222222221), (1, 0.0, 0.0014666666666666662)]","[-1, -1, -1, -1, -1, -1, -1, -1, -1, -1, -1, -1, -1, -1, -1, -1, -1, -1, -1, -1, -1, -1, -1, -1, -1, -1, -1, -1, -1, -1, -1, -1, -1, -1, -1, 0, -1, -1, 12, 2, 7, 3, 6, -1, 2, -1, 12, 12, 6, 1, 5, 9, 8, -1, 0, 11]","[False, False, False, False, False, False, False, False, False, False, False, False, False, False, False, False, False, False, False, False, False, False, False, False, False, False, False, False, False, False, False, False, False, False, False, True, False, False, True, True, True, True, True, False, True, False, True, True, True, True, True, True, True, False, True, True]"
40,"[0, 0, 0, 0, 0, 0, 0, 0, 0, 0, 0, 0, 0, 0, 0, 0, 0, 0, 0, 0, 0, 0, 0, 0, 0, 0, 0, 0, 0, 0, 0, 0, 0, 0, 0, 2382.4112160783857, 0, 0, 1101.8338926928666, 3233.9081562841443, 2423.947650729814, 2453.616532623692, 1385.7651768573314, 0, 560.9335797568533, 0, 3549.2405572744774, 1078.4617245810634, 5046.6768101486105, 1554.649748478609, 0, 2935.85027399664, 3502.7541981732297, 0, 492.5035985549045, 925.6689723222934, 744.572766635591]","[0, 0, 0, 0, 0, 0, 0, 0, 1, 1, 1, 1, 1, 1, 2, 2, 2, 2, 2, 2, 2, 3, 3, 3, 4, 4, 4, 5, 5, 5, 5, 6, 6, 6, 7, 7, 7, 7, 7, 8, 8, 8, 8, 8, 8, 8, 8, 9, 9, 9, 9, 9, 10, 10, 10, 10, 11]","[1, 1, 1, 1, 1, 1, 1, 3, 2, 2, 2, 2, 2, 2, 3, 3, 4, 5, 8, 8, 8, 9, 11, 12, 12, 12, 12, 14, 14, 16, 17, 18, 21, 20, 21, 22, 25, 24, 26, 26, 26, 28, 26, 27, 27, 27, 28, 28, 33, 31, 31, 34, 35, 35, 35, 39, 40]","[21, 5, 26, 12, 8, 8, 20, 15, 11, 19, 8, 9, 4, 26, 11, 11, 14, 12, 26, 27, 25, 35, 33, 31, 14, 27, 26, 18, 17, 24, 21, 28, 28, 24, 35, -1, 34, 27, -1, -1, -1, -1, -1, 30, -1, 31, -1, -1, -1, -1, 40, -1, -1, 39, -1, -1, -1]","[0, 0, 0, 0, 0, 0, 0, 0, 0, 0, 0, 0, 0, 0, 0, 0, 0, 0, 0, 0, 0, 0, 0, 0, 0, 0, 0, 0, 0, 0, 0, 0, 0, 0, 0, 2959.4538087617407, 0, 0, 534.9885011767309, 3350.9872882636455, 4029.0, 4029.0, 184.04418335436048, 0, 678.0127117363545, 0, 2982.3951657583416, 511.61633306492774, 3844.9558166456395, 4029.0, 0, 3110.1387536805246, 4029.0, 0, 1069.5461912382596, 4029.0, 918.8612463194754]","[0, 0, 0, 0, 0, 0, 0, 0, 0, 0, 0, 0, 0, 0, 0, 0, 0, 0, 0, 0, 0, 0, 0, 0, 0, 0, 0, 0, 0, 0, 0, 0, 0, 0, 0, (134.2176, 0.0092, 0.010733333333333333), 0, 0, (264.94006666666667, 0.23893333333333336, 0.04573333333333334), (478.1502, 1.5555999999999999, 1.8252000000000002), (134.2176, 0.009266666666666668, 0.010666666666666666), (352.32120000000003, 0.0094, 0.010866666666666667), (106.95439999999999, 0.8705333333333333, 0.007), 0, (122.33333333333331, 0.0528, 0.030466666666666666), 0, (290.8046, 0.5733333333333334, 0.17), (156.58720000000002, 0.0034, 0.0014666666666666665), (369.0984, 0.018533333333333336, 0.025066666666666668), (83.886, 0.8937333333333333, 0.7318666666666667), 0, (105.55626666666666, 0.03646666666666667, 0.024466666666666664), (119.5372, 0.03373333333333334, 0.02686666666666667), 0, (0.0, 0.0046, 6.666666666666668e-05), (114.6442, 0.5428, 0.4749333333333333), (142.60586666666666, 0.0007333333333333332, 0.0006)]","[0, 0, 0, 0, 0, 0, 0, 0, 0, 0, 0, 0, 0, 0, 0, 0, 0, 0, 0, 0, 0, 0, 0, 0, 0, 0, 0, 0, 0, 0, 0, 0, 0, 0, 0, (2, 0.0, 0.002361111111111111), 0, 0, (1, 0.0, 0.0006888888888888888), (1, 0.0011333333333333332, 0.0015055555555555556), (2, 0.0, 0.0023833333333333337), (2, 0.0, 0.002344444444444444), (1, 0.0, 0.00021666666666666668), 0, (3, 0.0, 0.0011166666666666666), 0, (3, 0.0017833333333333332, 0.2834388888888889), (3, 0.0, 0.0011333333333333332), (2, 0.0, 0.0054888888888888895), (2, 0.0, 0.007866666666666668), 0, (3, 0.0, 0.024422222222222224), (3, 0.0013666666666666669, 0.04000555555555556), 0, (2, 0.0, 0.0012166666666666667), (1, 0.0, 0.001527777777777778), (1, 0.0, 0.02883888888888889)]","[-1, -1, -1, -1, -1, -1, -1, -1, -1, -1, -1, -1, -1, -1, -1, -1, -1, -1, -1, -1, -1, -1, -1, -1, -1, -1, -1, -1, -1, -1, -1, -1, -1, -1, -1, 0, -1, -1, 12, 2, 7, 3, 6, -1, 2, -1, 12, 12, 6, 1, -1, 9, 8, -1, 0, 11, 9]","[False, False, False, False, False, False, False, False, False, False, False, False, False, False, False, False, False, False, False, False, False, False, False, False, False, False, False, False, False, False, False, False, False, False, False, True, False, False, True, True, True, True, True, False, True, False, True, True, True, True, False, True, True, False, True, True, True]"
41,"[0, 0, 0, 0, 0, 0, 0, 0, 0, 0, 0, 0, 0, 0, 0, 0, 0, 0, 0, 0, 0, 0, 0, 0, 0, 0, 0, 0, 0, 0, 0, 0, 0, 0, 0, 2397.245657025325, 0, 0, 1111.85056444462, 0, 2423.947650729814, 2495.1529672751212, 0, 0, 0, 0, 2160.2621265819243, 1048.4117074874732, 6361.008278047395, 1554.649748478609, 0, 2837.2582871833197, 2935.85027399664, 0, 498.43737685074666, 928.6358600540952, 554.2559608139378]","[0, 0, 0, 0, 0, 0, 0, 0, 1, 1, 1, 1, 1, 1, 2, 2, 2, 2, 2, 2, 2, 3, 3, 3, 4, 4, 4, 5, 5, 5, 5, 6, 6, 6, 7, 7, 7, 7, 7, 8, 8, 8, 8, 8, 8, 8, 8, 9, 9, 9, 9, 9, 10, 10, 10, 10, 11]","[1, 1, 1, 1, 1, 1, 1, 3, 2, 2, 2, 2, 2, 2, 3, 3, 4, 5, 8, 8, 8, 9, 11, 12, 12, 12, 12, 14, 14, 16, 17, 18, 21, 20, 21, 22, 25, 24, 26, 26, 26, 28, 26, 27, 27, 27, 28, 28, 33, 31, 31, 34, 35, 35, 35, 39, 40]","[21, 5, 26, 12, 8, 8, 20, 15, 11, 19, 8, 9, 4, 26, 11, 11, 14, 12, 26, 27, 25, 35, 33, 31, 14, 27, 26, 18, 17, 24, 21, 28, 28, 24, 35, -1, 34, 27, -1, -1, -1, -1, -1, 30, -1, 31, -1, -1, -1, -1, 40, -1, -1, 39, -1, -1, -1]","[0, 0, 0, 0, 0, 0, 0, 0, 0, 0, 0, 0, 0, 0, 0, 0, 0, 0, 0, 0, 0, 0, 0, 0, 0, 0, 0, 0, 0, 0, 0, 0, 0, 0, 0, 2963.9041400872893, 0, 0, 1014.6757649399474, 2014.5, 4029.0, 4029.0, -1166.0041390236975, 0, 2014.5, 0, 2063.0873270772518, 951.2369079828006, 5195.0041390236975, 4029.0, 0, 3156.001163184691, 4029.0, 0, 1065.095859912711, 4029.0, 872.9988368153091]","[0, 0, 0, 0, 0, 0, 0, 0, 0, 0, 0, 0, 0, 0, 0, 0, 0, 0, 0, 0, 0, 0, 0, 0, 0, 0, 0, 0, 0, 0, 0, 0, 0, 0, 0, (268.4352, 0.009333333333333334, 0.0104), 0, 0, (278.9208, 0.29560000000000003, 0.05173333333333334), (673.8842, 1.5523333333333331, 1.8134000000000001), (33.5544, 0.009333333333333334, 0.010466666666666668), (218.1036, 0.009333333333333334, 0.010666666666666666), (100.663, 0.7605333333333333, 0.005333333333333333), 0, (178.25753333333333, 0.05346666666666667, 0.035866666666666665), 0, (278.22166666666675, 0.49906666666666666, 0.15853333333333333), (142.6062, 0.0036, 0.0014), (1157.6274666666666, 0.016533333333333334, 0.022133333333333328), (92.2746, 0.9142666666666668, 0.7324666666666667), 0, (111.8476, 0.035666666666666666, 0.024), (105.55626666666666, 0.03646666666666667, 0.024466666666666664), 0, (0.0, 0.004666666666666667, 6.666666666666668e-05), (109.0518, 0.5416666666666666, 0.5044666666666666), (98.56566666666669, 0.0007333333333333332, 0.0002666666666666667)]","[0, 0, 0, 0, 0, 0, 0, 0, 0, 0, 0, 0, 0, 0, 0, 0, 0, 0, 0, 0, 0, 0, 0, 0, 0, 0, 0, 0, 0, 0, 0, 0, 0, 0, 0, (2, 0.0, 0.0024055555555555557), 0, 0, (1, 0.0, 0.0006055555555555556), (1, 1.0415999999999999, 0.5724111111111111), (2, 0.0, 0.0022833333333333334), (2, 0.0, 0.002655555555555556), (1, 0.0, 0.00023333333333333333), 0, (3, 0.0, 0.0012166666666666667), 0, (3, 0.04115, 0.5988777777777777), (3, 0.0, 0.0011111111111111113), (2, 0.0, 0.005333333333333333), (2, 0.0, 0.010216666666666666), 0, (3, 0.0, 0.028383333333333337), (3, 0.0, 0.024422222222222224), 0, (2, 0.0, 0.001261111111111111), (1, 0.0, 0.0017222222222222224), (1, 0.0, 0.0016666666666666668)]","[-1, -1, -1, -1, -1, -1, -1, -1, -1, -1, -1, -1, -1, -1, -1, -1, -1, -1, -1, -1, -1, -1, -1, -1, -1, -1, -1, -1, -1, -1, -1, -1, -1, -1, -1, 0, -1, -1, 12, 2, 7, 3, 6, -1, 2, -1, 12, 12, 6, 1, -1, 9, 8, -1, 0, 11, 9]","[False, False, False, False, False, False, False, False, False, False, False, False, False, False, False, False, False, False, False, False, False, False, False, False, False, False, False, False, False, False, False, False, False, False, False, True, False, False, True, True, True, True, True, False, True, False, True, True, True, True, False, True, True, False, True, True, True]"
42,"[0, 0, 0, 0, 0, 0, 0, 0, 0, 0, 0, 0, 0, 0, 0, 0, 0, 0, 0, 0, 0, 0, 0, 0, 0, 0, 0, 0, 0, 0, 0, 0, 0, 0, 0, 2382.4112160783857, 0, 0, 1292.15065597618, 0, 0, 2423.947650729814, 0, 0, 0, 0, 3262.0959778524575, 1068.445052216534, 2438.7820916767528, 0, 0, 2777.0076285751793, 2837.2582871833197, 0, 501.40426599866777, 931.6027477858978, 597.6615481065954, 2047.1528695743666, 450.7502254398]","[0, 0, 0, 0, 0, 0, 0, 0, 1, 1, 1, 1, 1, 1, 2, 2, 2, 2, 2, 2, 2, 3, 3, 3, 4, 4, 4, 5, 5, 5, 5, 6, 6, 6, 7, 7, 7, 7, 7, 8, 8, 8, 8, 8, 8, 8, 8, 9, 9, 9, 9, 9, 10, 10, 10, 10, 11, 11, 12]","[1, 1, 1, 1, 1, 1, 1, 3, 2, 2, 2, 2, 2, 2, 3, 3, 4, 5, 8, 8, 8, 9, 11, 12, 12, 12, 12, 14, 14, 16, 17, 18, 21, 20, 21, 22, 25, 24, 26, 26, 26, 28, 26, 27, 27, 27, 28, 28, 33, 31, 31, 34, 35, 35, 35, 39, 40, 42, 42]","[21, 5, 26, 12, 8, 8, 20, 15, 11, 19, 8, 9, 4, 26, 11, 11, 14, 12, 26, 27, 25, 35, 33, 31, 14, 27, 26, 18, 17, 24, 21, 28, 28, 24, 35, -1, 34, 27, -1, 42, -1, -1, 42, 30, 42, 31, -1, -1, -1, -1, 40, -1, -1, 39, -1, -1, -1, -1, -1]","[0, 0, 0, 0, 0, 0, 0, 0, 0, 0, 0, 0, 0, 0, 0, 0, 0, 0, 0, 0, 0, 0, 0, 0, 0, 0, 0, 0, 0, 0, 0, 0, 0, 0, 0, 2955.003475039859, 0, 0, 760.9200939611229, 0, 4029.0, 4029.0, 0, 0, 0, 0, 2730.8654158374006, 537.2144902014769, 4029.0, 4029.0, 0, 2844.8678278679877, 4029.0, 0, 1073.9965249601412, 4029.0, 665.5217473994038, 4029.0, 518.6104247326084]","[0, 0, 0, 0, 0, 0, 0, 0, 0, 0, 0, 0, 0, 0, 0, 0, 0, 0, 0, 0, 0, 0, 0, 0, 0, 0, 0, 0, 0, 0, 0, 0, 0, 0, 0, (100.6632, 0.009333333333333334, 0.010466666666666668), 0, 0, (292.9019333333334, 0.3054, 0.05866666666666666), 0, (100.6632, 0.009266666666666668, 0.010733333333333333), (134.2176, 0.009266666666666668, 0.010666666666666666), 0, 0, 0, 0, (392.8656, 0.7547333333333333, 0.24346666666666666), (204.1226, 0.0031333333333333335, 0.0012666666666666666), (167.772, 0.009333333333333334, 0.0104), (134.2176, 0.8891333333333333, 0.7291333333333333), 0, (115.3428, 0.03426666666666667, 0.023266666666666665), (111.8476, 0.035666666666666666, 0.024), 0, (0.0, 0.0057333333333333325, 0.001), (109.0518, 0.5368666666666667, 0.4758666666666667), (121.6344, 0.0005333333333333334, 0.0002), (545.259, 0.6861333333333334, 1.4692), (184.549, 0.0, 0.0)]","[0, 0, 0, 0, 0, 0, 0, 0, 0, 0, 0, 0, 0, 0, 0, 0, 0, 0, 0, 0, 0, 0, 0, 0, 0, 0, 0, 0, 0, 0, 0, 0, 0, 0, 0, (2, 0.0, 0.0023777777777777777), 0, 0, (1, 0.0, 0.000977777777777778), 0, (2, 0.0, 0.002338888888888889), (2, 0.0, 0.0023833333333333337), 0, 0, 0, 0, (3, 0.00026666666666666673, 1.4022944444444445), (3, 0.0, 0.0011833333333333333), (2, 0.0, 0.002172222222222222), (2, 1.666666666666667e-05, 0.00786111111111111), 0, (3, 0.0, 0.027411111111111112), (3, 0.0, 0.028383333333333337), 0, (2, 0.0, 0.0012055555555555554), (1, 0.0, 0.0017166666666666667), (1, 0.0, 0.0015388888888888887), (1, 0.07585, 0.04698333333333333), (1, 0.0, 0.00029444444444444445)]","[-1, -1, -1, -1, -1, -1, -1, -1, -1, -1, -1, -1, -1, -1, -1, -1, -1, -1, -1, -1, -1, -1, -1, -1, -1, -1, -1, -1, -1, -1, -1, -1, -1, -1, -1, 0, -1, -1, 12, -1, 7, 3, -1, -1, -1, -1, 12, 12, 6, 1, -1, 9, 8, -1, 0, 11, 9, 14, 9]","[False, False, False, False, False, False, False, False, False, False, False, False, False, False, False, False, False, False, False, False, False, False, False, False, False, False, False, False, False, False, False, False, False, False, False, True, False, False, True, False, True, True, False, False, False, False, True, True, True, True, False, True, True, False, True, True, True, True, True]"
43,"[0, 0, 0, 0, 0, 0, 0, 0, 0, 0, 0, 0, 0, 0, 0, 0, 0, 0, 0, 0, 0, 0, 0, 0, 0, 0, 0, 0, 0, 0, 0, 0, 0, 0, 0, 2382.4112160783857, 0, 0, 1238.7284066334953, 0, 0, 0, 0, 0, 0, 0, 3983.2963168658976, 1111.85063246283, 2554.490731062876, 0, 0, 3089.2155868173595, 2777.0076285751793, 0, 554.8082706612477, 925.6689723222934, 554.2559608139378, 1922.54356446984, 2006.6731654957287, 570.9502855570801, 0]","[0, 0, 0, 0, 0, 0, 0, 0, 1, 1, 1, 1, 1, 1, 2, 2, 2, 2, 2, 2, 2, 3, 3, 3, 4, 4, 4, 5, 5, 5, 5, 6, 6, 6, 7, 7, 7, 7, 7, 8, 8, 8, 8, 8, 8, 8, 8, 9, 9, 9, 9, 9, 10, 10, 10, 10, 11, 11, 11, 12, 12]","[1, 1, 1, 1, 1, 1, 1, 3, 2, 2, 2, 2, 2, 2, 3, 3, 4, 5, 8, 8, 8, 9, 11, 12, 12, 12, 12, 14, 14, 16, 17, 18, 21, 20, 21, 22, 25, 24, 26, 26, 26, 28, 26, 27, 27, 27, 28, 28, 33, 31, 31, 34, 35, 35, 35, 39, 40, 42, 43, 42, 43]","[21, 5, 26, 12, 8, 8, 20, 15, 11, 19, 8, 9, 4, 26, 11, 11, 14, 12, 26, 27, 25, 35, 33, 31, 14, 27, 26, 18, 17, 24, 21, 28, 28, 24, 35, -1, 34, 27, -1, 42, 43, -1, 42, 30, 42, 31, -1, -1, -1, 43, 40, -1, -1, 39, -1, -1, -1, -1, -1, -1, -1]","[0, 0, 0, 0, 0, 0, 0, 0, 0, 0, 0, 0, 0, 0, 0, 0, 0, 0, 0, 0, 0, 0, 0, 0, 0, 0, 0, 0, 0, 0, 0, 0, 0, 0, 0, 2928.3014727085692, 0, 0, 470.43662131275437, 0, 0, 4029.0, 0, 0, 0, 0, 3215.0045315451566, 343.558847142089, 4029.0, 0, 0, 3027.4083090879003, 4029.0, 0, 1100.698527291431, 4029.0, 492.4486830844786, 1972.4351994870558, 2056.564800512944, 509.14300782762086, 4029.0]","[0, 0, 0, 0, 0, 0, 0, 0, 0, 0, 0, 0, 0, 0, 0, 0, 0, 0, 0, 0, 0, 0, 0, 0, 0, 0, 0, 0, 0, 0, 0, 0, 0, 0, 0, (201.3264, 0.009066666666666666, 0.010666666666666666), 0, 0, (262.1436, 0.27673333333333333, 0.05373333333333334), 0, 0, (33.5544, 0.009333333333333334, 0.010466666666666668), 0, 0, 0, 0, (432.01279999999997, 0.8446, 0.2776), (156.58720000000002, 0.003533333333333333, 0.0013333333333333333), (536.8704, 0.009266666666666668, 0.0106), 0, 0, (111.1486, 0.03153333333333334, 0.0434), (115.3428, 0.03426666666666667, 0.023266666666666665), 0, (33.5544, 0.005333333333333333, 0.001), (95.0708, 0.5381333333333334, 0.44586666666666674), (125.82866666666669, 0.0007333333333333332, 0.0002666666666666667), (738.1968, 0.7232666666666667, 1.2136), (306.18366666666674, 0.5942000000000001, 0.19193333333333337), (225.0938, 0.0, 0.0), (75.84646666666666, 0.0, 0.0)]","[0, 0, 0, 0, 0, 0, 0, 0, 0, 0, 0, 0, 0, 0, 0, 0, 0, 0, 0, 0, 0, 0, 0, 0, 0, 0, 0, 0, 0, 0, 0, 0, 0, 0, 0, (2, 0.0, 0.0023555555555555556), 0, 0, (1, 0.0, 0.0009944444444444447), 0, 0, (2, 0.0, 0.0022833333333333334), 0, 0, 0, 0, (3, 0.0, 1.846088888888889), (3, 0.0, 0.0009833333333333335), (2, 0.0, 0.0023777777777777777), 0, 0, (3, 0.0009, 0.029877777777777774), (3, 0.0, 0.027411111111111112), 0, (2, 0.0, 0.002505555555555556), (1, 0.0, 0.0017277777777777773), (1, 0.0, 0.00165), (1, 0.0017166666666666665, 0.0023777777777777777), (3, 0.011550000000000001, 0.43049444444444446), (1, 0.0, 0.0002833333333333333), (2, 0.00015, 0.0002722222222222222)]","[-1, -1, -1, -1, -1, -1, -1, -1, -1, -1, -1, -1, -1, -1, -1, -1, -1, -1, -1, -1, -1, -1, -1, -1, -1, -1, -1, -1, -1, -1, -1, -1, -1, -1, -1, 0, -1, -1, 12, -1, -1, 3, -1, -1, -1, -1, 12, 12, 6, -1, -1, 9, 8, -1, 0, 11, 9, 14, 14, 9, 7]","[False, False, False, False, False, False, False, False, False, False, False, False, False, False, False, False, False, False, False, False, False, False, False, False, False, False, False, False, False, False, False, False, False, False, False, True, False, False, True, False, False, True, False, False, False, False, True, True, True, False, False, True, True, False, True, True, True, True, True, True, True]"
44,"[0, 0, 0, 0, 0, 0, 0, 0, 0, 0, 0, 0, 0, 0, 0, 0, 0, 0, 0, 0, 0, 0, 0, 0, 0, 0, 0, 0, 0, 0, 0, 0, 0, 0, 0, 0, 0, 0, 1215.356172546071, 0, 0, 0, 0, 0, 0, 0, 3906.5018363228, 1125.2061956155367, 2450.6496444343047, 0, 0, 2842.73561978406, 3089.2155868173595, 0, 528.1062683299576, 0, 597.6615481065954, 2011.5502109730733, 1352.2506356501997, 500.8335838220001, 0, 3121.8625785998443, 590.9835929581135, 3815.4812123039737]","[0, 0, 0, 0, 0, 0, 0, 0, 1, 1, 1, 1, 1, 1, 2, 2, 2, 2, 2, 2, 2, 3, 3, 3, 4, 4, 4, 5, 5, 5, 5, 6, 6, 6, 7, 7, 7, 7, 7, 8, 8, 8, 8, 8, 8, 8, 8, 9, 9, 9, 9, 9, 10, 10, 10, 10, 11, 11, 11, 12, 12, 12, 12, 12]","[1, 1, 1, 1, 1, 1, 1, 3, 2, 2, 2, 2, 2, 2, 3, 3, 4, 5, 8, 8, 8, 9, 11, 12, 12, 12, 12, 14, 14, 16, 17, 18, 21, 20, 21, 22, 25, 24, 26, 26, 26, 28, 26, 27, 27, 27, 28, 28, 33, 31, 31, 34, 35, 35, 35, 39, 40, 42, 43, 42, 43, 44, 44, 44]","[21, 5, 26, 12, 8, 8, 20, 15, 11, 19, 8, 9, 4, 26, 11, 11, 14, 12, 26, 27, 25, 35, 33, 31, 14, 27, 26, 18, 17, 24, 21, 28, 28, 24, 35, -1, 34, 27, -1, 42, 43, 44, 42, 30, 42, 31, -1, -1, -1, 43, 40, -1, -1, 39, -1, -1, -1, -1, -1, -1, 44, -1, -1, -1]","[0, 0, 0, 0, 0, 0, 0, 0, 0, 0, 0, 0, 0, 0, 0, 0, 0, 0, 0, 0, 0, 0, 0, 0, 0, 0, 0, 0, 0, 0, 0, 0, 0, 0, 0, 1750.446865835021, 0, 0, 476.0014377179351, 0, 0, 0, 0, 0, 0, 0, 3167.147101494664, 385.8514607874007, 4029.0, 0, 0, 2871.9920358798413, 4029.0, 0, 2278.5531341649785, 4029.0, 626.9179642023769, 2344.1497876614367, 1684.850212338563, 530.0899999177816, 0, 4029.0, 4029.0, 4029.0]","[0, 0, 0, 0, 0, 0, 0, 0, 0, 0, 0, 0, 0, 0, 0, 0, 0, 0, 0, 0, 0, 0, 0, 0, 0, 0, 0, 0, 0, 0, 0, 0, 0, 0, 0, (402.6528, 0.009266666666666668, 0.010733333333333333), 0, 0, (271.93026666666674, 0.2806, 0.05026666666666666), 0, 0, 0, 0, 0, 0, 0, (339.7382, 0.8196, 0.2693333333333333), (204.1226, 0.0036666666666666666, 0.0014666666666666665), (738.197, 0.009333333333333334, 0.0108), 0, 0, (97.86666666666669, 0.0338, 0.023066666666666666), (111.1486, 0.03153333333333334, 0.0434), 0, (134.2176, 0.0048, 0.0), (92.2746, 0.5394, 0.44333333333333325), (98.56533333333331, 0.0005333333333333334, 0.0002), (564.8324, 0.6947333333333332, 1.3258666666666665), (281.018, 0.42160000000000003, 0.13533333333333333), (191.5394, 0.0, 0.0), 0, (0.0, 0.0, 0.0), (265.6387333333333, 0.05313333333333333, 0.031266666666666665), (1426.063, 0.14286666666666667, 0.5943999999999999)]","[0, 0, 0, 0, 0, 0, 0, 0, 0, 0, 0, 0, 0, 0, 0, 0, 0, 0, 0, 0, 0, 0, 0, 0, 0, 0, 0, 0, 0, 0, 0, 0, 0, 0, 0, (2, 0.0, 0.002327777777777778), 0, 0, (1, 0.0, 0.0010166666666666666), 0, 0, 0, 0, 0, 0, 0, (3, 3.3333333333333335e-05, 1.7759777777777779), (3, 0.0, 0.0017777777777777776), (2, 0.0, 0.0023666666666666667), 0, 0, (3, 0.0, 0.02947777777777778), (3, 0.0009, 0.029877777777777774), 0, (2, 0.0, 0.0018000000000000002), (1, 0.0, 0.0022722222222222224), (1, 0.0, 0.0015500000000000002), (1, 0.00225, 0.06516111111111111), (3, 1.666666666666667e-05, 0.2272388888888889), (1, 1.666666666666667e-05, 0.0002611111111111111), 0, (2, 0.0, 0.0), (3, 0.0, 0.006316666666666667), (3, 0.005116666666666666, 0.1869)]","[-1, -1, -1, -1, -1, -1, -1, -1, -1, -1, -1, -1, -1, -1, -1, -1, -1, -1, -1, -1, -1, -1, -1, -1, -1, -1, -1, -1, -1, -1, -1, -1, -1, -1, -1, 0, -1, -1, 12, -1, -1, -1, -1, -1, -1, -1, 12, 12, 6, -1, -1, 9, 8, -1, 0, 11, 9, 14, 14, 9, -1, 15, 7, 5]","[False, False, False, False, False, False, False, False, False, False, False, False, False, False, False, False, False, False, False, False, False, False, False, False, False, False, False, False, False, False, False, False, False, False, False, True, False, False, True, False, False, False, False, False, False, False, True, True, True, False, False, True, True, False, True, True, True, True, True, True, False, True, True, True]"
45,"[0, 0, 0, 0, 0, 0, 0, 0, 0, 0, 0, 0, 0, 0, 0, 0, 0, 0, 0, 0, 0, 0, 0, 0, 0, 0, 0, 0, 0, 0, 0, 0, 0, 0, 0, 0, 0, 0, 1171.9505949551399, 0, 0, 0, 0, 0, 0, 0, 4300.490910413475, 1111.85063246283, 2453.616532623692, 0, 0, 2867.38361648739, 2842.73561978406, 0, 0, 0, 567.6115261347555, 2940.186222823474, 1409.0117734429248, 474.12245935149326, 0, 3065.1014408071205, 580.9669218910268, 2446.521763816231, 0, 685.3513090824399]","[0, 0, 0, 0, 0, 0, 0, 0, 1, 1, 1, 1, 1, 1, 2, 2, 2, 2, 2, 2, 2, 3, 3, 3, 4, 4, 4, 5, 5, 5, 5, 6, 6, 6, 7, 7, 7, 7, 7, 8, 8, 8, 8, 8, 8, 8, 8, 9, 9, 9, 9, 9, 10, 10, 10, 10, 11, 11, 11, 12, 12, 12, 12, 12, 12, 13]","[1, 1, 1, 1, 1, 1, 1, 3, 2, 2, 2, 2, 2, 2, 3, 3, 4, 5, 8, 8, 8, 9, 11, 12, 12, 12, 12, 14, 14, 16, 17, 18, 21, 20, 21, 22, 25, 24, 26, 26, 26, 28, 26, 27, 27, 27, 28, 28, 33, 31, 31, 34, 35, 35, 35, 39, 40, 42, 43, 42, 43, 44, 44, 44, 45, 45]","[21, 5, 26, 12, 8, 8, 20, 15, 11, 19, 8, 9, 4, 26, 11, 11, 14, 12, 26, 27, 25, 35, 33, 31, 14, 27, 26, 18, 17, 24, 21, 28, 28, 24, 35, 45, 34, 27, -1, 42, 43, 44, 42, 30, 42, 31, -1, -1, -1, 43, 40, -1, -1, 39, -1, 45, -1, -1, -1, -1, 44, -1, -1, -1, -1, -1]","[0, 0, 0, 0, 0, 0, 0, 0, 0, 0, 0, 0, 0, 0, 0, 0, 0, 0, 0, 0, 0, 0, 0, 0, 0, 0, 0, 0, 0, 0, 0, 0, 0, 0, 0, 0, 0, 0, 320.1865490113249, 0, 0, 0, 0, 0, 0, 0, 3448.72686446966, 260.086586519015, 4029.0, 0, 0, 2907.3444158295106, 4029.0, 0, 4029.0, 0, 607.572325476876, 2780.0872246902745, 1248.9127753097252, 514.0832586936137, 0, 4029.0, 4029.0, 4029.0, 4029.0, 4029.0]","[0, 0, 0, 0, 0, 0, 0, 0, 0, 0, 0, 0, 0, 0, 0, 0, 0, 0, 0, 0, 0, 0, 0, 0, 0, 0, 0, 0, 0, 0, 0, 0, 0, 0, 0, 0, 0, 0, (272.62953333333326, 0.2581333333333333, 0.05413333333333333), 0, 0, 0, 0, 0, 0, 0, (322.9608666666666, 0.8597333333333332, 0.2828), (209.715, 0.0033333333333333335, 0.0012666666666666666), (352.32120000000003, 0.0094, 0.010866666666666667), 0, 0, (98.5656, 0.03406666666666667, 0.023066666666666666), (97.86666666666669, 0.0338, 0.023066666666666666), 0, (67.1088, 0.0046, 0.0), 0, (113.24566666666668, 0.0007333333333333332, 0.0002666666666666667), (1015.0211999999999, 0.7137333333333332, 1.397666666666667), (255.852, 0.49213333333333326, 0.15953333333333333), (225.09366666666662, 0.0, 0.0), 0, (0.0, 0.0, 0.0), (272.62933333333325, 0.053200000000000004, 0.03573333333333333), (1311.4188000000001, 0.1956, 0.7402000000000001), (75.84646666666666, 0.0, 0.0), (232.08433333333338, 0.9976, 0.007)]","[0, 0, 0, 0, 0, 0, 0, 0, 0, 0, 0, 0, 0, 0, 0, 0, 0, 0, 0, 0, 0, 0, 0, 0, 0, 0, 0, 0, 0, 0, 0, 0, 0, 0, 0, 0, 0, 0, (1, 0.0, 0.0009222222222222221), 0, 0, 0, 0, 0, 0, 0, (3, 0.00455, 1.9583666666666668), (3, 0.0, 0.0010833333333333333), (2, 0.0, 0.002344444444444444), 0, 0, (3, 0.0, 0.029166666666666667), (3, 0.0, 0.02947777777777778), 0, (2, 0.0, 0.0012333333333333335), 0, (1, 0.0, 0.0016666666666666668), (1, 1.0436000000000003, 0.5150888888888889), (3, 8.333333333333333e-05, 0.28617777777777775), (1, 0.0, 0.0002833333333333333), 0, (2, 0.0, 0.0), (3, 0.0, 0.0011611111111111112), (3, 0.0006, 0.11304444444444445), (2, 0.00015, 0.0002722222222222222), (3, 0.0, 0.0005111111111111112)]","[-1, -1, -1, -1, -1, -1, -1, -1, -1, -1, -1, -1, -1, -1, -1, -1, -1, -1, -1, -1, -1, -1, -1, -1, -1, -1, -1, -1, -1, -1, -1, -1, -1, -1, -1, -1, -1, -1, 12, -1, -1, -1, -1, -1, -1, -1, 12, 12, 6, -1, -1, 9, 8, -1, 0, -1, 9, 14, 14, 9, -1, 15, 7, 5, 13, 10]","[False, False, False, False, False, False, False, False, False, False, False, False, False, False, False, False, False, False, False, False, False, False, False, False, False, False, False, False, False, False, False, False, False, False, False, False, False, False, True, False, False, False, False, False, False, False, True, True, True, False, False, True, True, False, True, False, True, True, True, True, False, True, True, True, True, True]"
46,"[0, 0, 0, 0, 0, 0, 0, 0, 0, 0, 0, 0, 0, 0, 0, 0, 0, 0, 0, 0, 0, 0, 0, 0, 0, 0, 0, 0, 0, 0, 0, 0, 0, 0, 0, 0, 0, 0, 1188.6450478747288, 0, 0, 0, 0, 0, 0, 0, 4420.690966915716, 1111.85063246283, 2495.1529672751212, 0, 0, 3604.08485128692, 2867.38361648739, 0, 0, 0, 611.0171134274134, 2067.9210870917877, 1816.3564093671823, 580.9669572335199, 0, 2911.512479720924, 557.5946894011578, 2303.8585840403466, 0, 741.7221959766666, 922.7020845904912]","[0, 0, 0, 0, 0, 0, 0, 0, 1, 1, 1, 1, 1, 1, 2, 2, 2, 2, 2, 2, 2, 3, 3, 3, 4, 4, 4, 5, 5, 5, 5, 6, 6, 6, 7, 7, 7, 7, 7, 8, 8, 8, 8, 8, 8, 8, 8, 9, 9, 9, 9, 9, 10, 10, 10, 10, 11, 11, 11, 12, 12, 12, 12, 12, 12, 13, 13]","[1, 1, 1, 1, 1, 1, 1, 3, 2, 2, 2, 2, 2, 2, 3, 3, 4, 5, 8, 8, 8, 9, 11, 12, 12, 12, 12, 14, 14, 16, 17, 18, 21, 20, 21, 22, 25, 24, 26, 26, 26, 28, 26, 27, 27, 27, 28, 28, 33, 31, 31, 34, 35, 35, 35, 39, 40, 42, 43, 42, 43, 44, 44, 44, 45, 45, 46]","[21, 5, 26, 12, 8, 8, 20, 15, 11, 19, 8, 9, 4, 26, 11, 11, 14, 12, 26, 27, 25, 35, 33, 31, 14, 27, 26, 18, 17, 24, 21, 28, 28, 24, 35, 45, 34, 27, -1, 42, 43, 44, 42, 30, 42, 31, -1, -1, -1, 43, 40, -1, -1, 39, 46, 45, -1, -1, -1, -1, 44, -1, -1, -1, 46, -1, -1]","[0, 0, 0, 0, 0, 0, 0, 0, 0, 0, 0, 0, 0, 0, 0, 0, 0, 0, 0, 0, 0, 0, 0, 0, 0, 0, 0, 0, 0, 0, 0, 0, 0, 0, 0, 0, 0, 0, 291.2494987903042, 0, 0, 0, 0, 0, 0, 0, 3523.295417831291, 214.45508337840533, 4029.0, 0, 0, 3348.3952106376355, 4029.0, 0, 0, 0, 355.3274727781288, 2140.282338862303, 1888.7176611376974, 325.27731658423534, 0, 4029.0, 4029.0, 4029.0, 0, 1924.0100556930877, 2104.989944306912]","[0, 0, 0, 0, 0, 0, 0, 0, 0, 0, 0, 0, 0, 0, 0, 0, 0, 0, 0, 0, 0, 0, 0, 0, 0, 0, 0, 0, 0, 0, 0, 0, 0, 0, 0, 0, 0, 0, (276.8238, 0.27046666666666663, 0.055666666666666656), 0, 0, 0, 0, 0, 0, 0, (436.2071333333334, 0.5388, 0.25873333333333337), (215.3074, 0.0034, 0.0012666666666666666), (218.1036, 0.009333333333333334, 0.010666666666666666), 0, 0, (159.383, 0.27046666666666663, 0.022466666666666666), (98.5656, 0.03406666666666667, 0.023066666666666666), 0, 0, 0, (127.92593333333336, 0.0005333333333333334, 0.0002), (679.4766, 0.7587999999999999, 1.3356666666666668), (226.49179999999998, 0.6, 0.19540000000000002), (159.38313333333332, 0.0, 0.0), 0, (0.0, 0.0, 0.0), (160.78126666666668, 0.05293333333333333, 0.031466666666666664), (1255.4948, 0.13406666666666667, 0.4640666666666667), 0, (264.24086666666665, 0.7731333333333333, 0.0056), (97.867, 0.5311333333333333, 0.4374666666666666)]","[0, 0, 0, 0, 0, 0, 0, 0, 0, 0, 0, 0, 0, 0, 0, 0, 0, 0, 0, 0, 0, 0, 0, 0, 0, 0, 0, 0, 0, 0, 0, 0, 0, 0, 0, 0, 0, 0, (1, 0.0, 0.0015722222222222223), 0, 0, 0, 0, 0, 0, 0, (3, 0.009816666666666666, 1.9489666666666665), (3, 0.0, 0.0010944444444444443), (2, 0.0, 0.002655555555555556), 0, 0, (3, 0.0013666666666666669, 0.02918888888888889), (3, 0.0, 0.029166666666666667), 0, 0, 0, (1, 0.0, 0.0015222222222222221), (1, 0.0012666666666666666, 0.0020055555555555556), (3, 0.00016666666666666666, 0.37338333333333334), (1, 0.0, 0.0002722222222222222), 0, (2, 0.0, 0.0), (3, 0.0, 0.0011222222222222222), (3, 1.666666666666667e-05, 0.12178333333333334), 0, (3, 0.0, 0.0006277777777777777), (1, 0.0, 0.0014666666666666662)]","[-1, -1, -1, -1, -1, -1, -1, -1, -1, -1, -1, -1, -1, -1, -1, -1, -1, -1, -1, -1, -1, -1, -1, -1, -1, -1, -1, -1, -1, -1, -1, -1, -1, -1, -1, -1, -1, -1, 12, -1, -1, -1, -1, -1, -1, -1, 12, 12, 6, -1, -1, 9, 8, -1, -1, -1, 9, 14, 14, 9, -1, 15, 7, 5, -1, 10, 10]","[False, False, False, False, False, False, False, False, False, False, False, False, False, False, False, False, False, False, False, False, False, False, False, False, False, False, False, False, False, False, False, False, False, False, False, False, False, False, True, False, False, False, False, False, False, False, True, True, True, False, False, True, True, False, False, False, True, True, True, True, False, True, True, True, False, True, True]"
47,"[0, 0, 0, 0, 0, 0, 0, 0, 0, 0, 0, 0, 0, 0, 0, 0, 0, 0, 0, 0, 0, 0, 0, 0, 0, 0, 0, 0, 0, 0, 0, 0, 0, 0, 0, 0, 0, 0, 1198.6617196264822, 0, 0, 0, 0, 0, 0, 0, 3412.3460484802577, 1111.85063246283, 0, 0, 0, 4107.999450555, 3604.08485128692, 0, 0, 0, 554.2559608139378, 2038.2522049240424, 2230.3788262082307, 450.7502254398, 0, 3145.2348118086134, 0, 2662.034226881929, 0, 623.0466446204, 925.6689723222934, 454.0891471920266]","[0, 0, 0, 0, 0, 0, 0, 0, 1, 1, 1, 1, 1, 1, 2, 2, 2, 2, 2, 2, 2, 3, 3, 3, 4, 4, 4, 5, 5, 5, 5, 6, 6, 6, 7, 7, 7, 7, 7, 8, 8, 8, 8, 8, 8, 8, 8, 9, 9, 9, 9, 9, 10, 10, 10, 10, 11, 11, 11, 12, 12, 12, 12, 12, 12, 13, 13, 13]","[1, 1, 1, 1, 1, 1, 1, 3, 2, 2, 2, 2, 2, 2, 3, 3, 4, 5, 8, 8, 8, 9, 11, 12, 12, 12, 12, 14, 14, 16, 17, 18, 21, 20, 21, 22, 25, 24, 26, 26, 26, 28, 26, 27, 27, 27, 28, 28, 33, 31, 31, 34, 35, 35, 35, 39, 40, 42, 43, 42, 43, 44, 44, 44, 45, 45, 46, 47]","[21, 5, 26, 12, 8, 8, 20, 15, 11, 19, 8, 9, 4, 26, 11, 11, 14, 12, 26, 27, 25, 35, 33, 31, 14, 27, 26, 18, 17, 24, 21, 28, 28, 24, 35, 45, 34, 27, -1, 42, 43, 44, 42, 30, 42, 31, -1, -1, -1, 43, 40, -1, -1, 39, 46, 45, -1, -1, -1, -1, 44, -1, -1, -1, 46, -1, -1, -1]","[0, 0, 0, 0, 0, 0, 0, 0, 0, 0, 0, 0, 0, 0, 0, 0, 0, 0, 0, 0, 0, 0, 0, 0, 0, 0, 0, 0, 0, 0, 0, 0, 0, 0, 0, 0, 0, 0, 634.0422527699591, 0, 0, 0, 0, 0, 0, 0, 2847.7265816237345, 547.2311656063068, 4029.0, 0, 0, 3746.664238285421, 4029.0, 0, 0, 0, 192.92074854435845, 1918.4366893579058, 2110.563310642094, 89.41501317022062, 0, 4029.0, 1787.4554264039866, 4029.0, 0, 1863.1888361490533, 2165.8111638509467, 2241.5445735960134]","[0, 0, 0, 0, 0, 0, 0, 0, 0, 0, 0, 0, 0, 0, 0, 0, 0, 0, 0, 0, 0, 0, 0, 0, 0, 0, 0, 0, 0, 0, 0, 0, 0, 0, 0, 0, 0, 0, (288.00840000000005, 0.27266666666666667, 0.058), 0, 0, 0, 0, 0, 0, 0, (391.46766666666673, 0.6240666666666668, 0.2032), (204.1226, 0.0036666666666666666, 0.0014666666666666665), (134.2176, 0.009266666666666668, 0.010666666666666666), 0, 0, (234.88039999999998, 0.2981333333333333, 0.018066666666666665), (159.383, 0.27046666666666663, 0.022466666666666666), 0, 0, 0, (79.69133333333332, 0.0007333333333333332, 0.0002666666666666667), (654.3108000000001, 0.7628666666666667, 1.1362666666666668), (209.7148, 0.7276, 0.23566666666666664), (201.3262, 0.0, 0.0), 0, (0.0, 0.0, 0.0), (143.3049333333333, 0.05273333333333334, 0.030533333333333336), (1470.8021999999999, 0.18553333333333333, 0.47233333333333327), 0, (260.0463333333334, 0.6686, 0.004866666666666666), (114.6442, 0.5428, 0.4749333333333333), (29.621666666666673, 4.1293999999999995, 4.1416)]","[0, 0, 0, 0, 0, 0, 0, 0, 0, 0, 0, 0, 0, 0, 0, 0, 0, 0, 0, 0, 0, 0, 0, 0, 0, 0, 0, 0, 0, 0, 0, 0, 0, 0, 0, 0, 0, 0, (1, 0.0, 0.0010166666666666666), 0, 0, 0, 0, 0, 0, 0, (3, 0.0, 1.7597444444444446), (3, 0.0, 0.0011055555555555556), (2, 0.0, 0.0023833333333333337), 0, 0, (3, 8.333333333333333e-05, 0.02883888888888889), (3, 0.0013666666666666669, 0.02918888888888889), 0, 0, 0, (1, 0.0, 0.0016666666666666668), (1, 0.011416666666666664, 0.047094444444444446), (3, 0.00021666666666666668, 0.5190777777777777), (1, 0.0, 0.0002666666666666667), 0, (2, 0.0, 0.0), (3, 0.0, 0.0011333333333333332), (3, 1.666666666666667e-05, 0.1395388888888889), 0, (3, 0.0, 0.0004277777777777778), (1, 0.0, 0.001527777777777778), (3, 0.0, 1.6666666666666667e-05)]","[-1, -1, -1, -1, -1, -1, -1, -1, -1, -1, -1, -1, -1, -1, -1, -1, -1, -1, -1, -1, -1, -1, -1, -1, -1, -1, -1, -1, -1, -1, -1, -1, -1, -1, -1, -1, -1, -1, 12, -1, -1, -1, -1, -1, -1, -1, 12, 12, 6, -1, -1, 9, 8, -1, -1, -1, 9, 14, 14, 9, -1, 15, 7, 5, -1, 10, 10, 7]","[False, False, False, False, False, False, False, False, False, False, False, False, False, False, False, False, False, False, False, False, False, False, False, False, False, False, False, False, False, False, False, False, False, False, False, False, False, False, True, False, False, False, False, False, False, False, True, True, True, False, False, True, True, False, False, False, True, True, True, True, False, True, True, True, False, True, True, True]"
48,"[0, 0, 0, 0, 0, 0, 0, 0, 0, 0, 0, 0, 0, 0, 0, 0, 0, 0, 0, 0, 0, 0, 0, 0, 0, 0, 0, 0, 0, 0, 0, 0, 0, 0, 0, 0, 0, 0, 1305.5062183118512, 0, 0, 0, 0, 0, 0, 0, 3545.9016668160803, 1135.2228679800667, 0, 0, 0, 3519.18619597545, 4107.999450555, 0, 0, 0, 597.6615481065954, 2070.887975308562, 1318.8617310662446, 537.5613799689467, 0, 2988.3069602640226, 0, 2986.820614882346, 0, 620.0797558364931, 928.6358600540952, 1315.5229705416066, 520.8668579276933]","[0, 0, 0, 0, 0, 0, 0, 0, 1, 1, 1, 1, 1, 1, 2, 2, 2, 2, 2, 2, 2, 3, 3, 3, 4, 4, 4, 5, 5, 5, 5, 6, 6, 6, 7, 7, 7, 7, 7, 8, 8, 8, 8, 8, 8, 8, 8, 9, 9, 9, 9, 9, 10, 10, 10, 10, 11, 11, 11, 12, 12, 12, 12, 12, 12, 13, 13, 13, 13]","[1, 1, 1, 1, 1, 1, 1, 3, 2, 2, 2, 2, 2, 2, 3, 3, 4, 5, 8, 8, 8, 9, 11, 12, 12, 12, 12, 14, 14, 16, 17, 18, 21, 20, 21, 22, 25, 24, 26, 26, 26, 28, 26, 27, 27, 27, 28, 28, 33, 31, 31, 34, 35, 35, 35, 39, 40, 42, 43, 42, 43, 44, 44, 44, 45, 45, 46, 47, 48]","[21, 5, 26, 12, 8, 8, 20, 15, 11, 19, 8, 9, 4, 26, 11, 11, 14, 12, 26, 27, 25, 35, 33, 31, 14, 27, 26, 18, 17, 24, 21, 28, 28, 24, 35, 45, 34, 27, -1, 42, 43, 44, 42, 30, 42, 31, -1, -1, 48, 43, 40, -1, -1, 39, 46, 45, -1, -1, -1, -1, 44, -1, 48, -1, 46, -1, -1, -1, -1]","[0, 0, 0, 0, 0, 0, 0, 0, 0, 0, 0, 0, 0, 0, 0, 0, 0, 0, 0, 0, 0, 0, 0, 0, 0, 0, 0, 0, 0, 0, 0, 0, 0, 0, 0, 0, 0, 0, 652.9626339425184, 0, 0, 0, 0, 0, 0, 0, 2893.3580824467476, 482.67928361073393, 0, 0, 0, 3310.716487958453, 4029.0, 0, 0, 0, 389.19184008959826, 2390.5131221211586, 1638.4868778788411, 329.0916719519495, 0, 3248.220051168165, 0, 4029.0, 0, 1860.2219478911989, 2168.778052108801, 4029.0, 780.7799488318354]","[0, 0, 0, 0, 0, 0, 0, 0, 0, 0, 0, 0, 0, 0, 0, 0, 0, 0, 0, 0, 0, 0, 0, 0, 0, 0, 0, 0, 0, 0, 0, 0, 0, 0, 0, 0, 0, 0, (266.33820000000003, 0.2906, 0.057133333333333335), 0, 0, 0, 0, 0, 0, 0, (271.23113333333333, 0.6398666666666667, 0.20813333333333334), (190.1416, 0.003533333333333333, 0.0013333333333333333), 0, 0, 0, (221.59853333333334, 0.0404, 0.026733333333333335), (234.88039999999998, 0.2981333333333333, 0.018066666666666665), 0, 0, 0, (121.6344, 0.0005333333333333334, 0.0002), (506.11220000000003, 0.7000666666666667, 1.4158), (255.852, 0.40273333333333333, 0.13053333333333333), (183.15086666666667, 0.00013333333333333334, 6.666666666666668e-05), 0, (0.0, 0.0, 0.0), 0, (1311.4188000000001, 0.14286666666666667, 0.5135333333333333), 0, (222.2978, 0.6696, 0.0051333333333333335), (109.0518, 0.5416666666666666, 0.5044666666666666), (29.53446666666667, 12.107333333333337, 12.139266666666664), (0.0, 0.0046, 6.666666666666668e-05)]","[0, 0, 0, 0, 0, 0, 0, 0, 0, 0, 0, 0, 0, 0, 0, 0, 0, 0, 0, 0, 0, 0, 0, 0, 0, 0, 0, 0, 0, 0, 0, 0, 0, 0, 0, 0, 0, 0, (1, 0.0, 0.0010388888888888889), 0, 0, 0, 0, 0, 0, 0, (3, 0.0, 1.805188888888889), (3, 0.0, 0.001222222222222222), 0, 0, 0, (3, 0.0, 0.02946666666666667), (3, 8.333333333333333e-05, 0.02883888888888889), 0, 0, 0, (1, 0.0, 0.0015611111111111112), (1, 0.0675, 0.04805), (3, 5e-05, 0.20164999999999994), (1, 0.005966666666666668, 0.0008777777777777778), 0, (2, 0.0, 0.0), 0, (3, 5e-05, 0.13139444444444442), 0, (3, 0.0, 0.0005), (1, 0.0, 0.0017222222222222224), (3, 0.0, 1.6666666666666667e-05), (1, 0.0, 0.0008722222222222223)]","[-1, -1, -1, -1, -1, -1, -1, -1, -1, -1, -1, -1, -1, -1, -1, -1, -1, -1, -1, -1, -1, -1, -1, -1, -1, -1, -1, -1, -1, -1, -1, -1, -1, -1, -1, -1, -1, -1, 12, -1, -1, -1, -1, -1, -1, -1, 12, 12, -1, -1, -1, 9, 8, -1, -1, -1, 9, 14, 14, 9, -1, 15, -1, 5, -1, 10, 10, 7, 15]","[False, False, False, False, False, False, False, False, False, False, False, False, False, False, False, False, False, False, False, False, False, False, False, False, False, False, False, False, False, False, False, False, False, False, False, False, False, False, True, False, False, False, False, False, False, False, True, True, False, False, False, True, True, False, False, False, True, True, True, True, False, True, False, True, False, True, True, True, True]"
49,"[0, 0, 0, 0, 0, 0, 0, 0, 0, 0, 0, 0, 0, 0, 0, 0, 0, 0, 0, 0, 0, 0, 0, 0, 0, 0, 0, 0, 0, 0, 0, 0, 0, 0, 0, 0, 0, 0, 1148.5783608677157, 0, 0, 0, 0, 0, 0, 0, 3429.0405007722356, 1158.5951034973036, 0, 0, 0, 3576.69818828322, 3519.18619597545, 0, 0, 0, 560.9337434743467, 1964.079999504682, 1425.7062257349019, 527.5447082925066, 0, 3008.340303014396, 0, 2953.431360041183, 0, 640.8479773238399, 931.6027477858978, 1135.2228679800667, 731.2170323801198, 530.8835282724567]","[0, 0, 0, 0, 0, 0, 0, 0, 1, 1, 1, 1, 1, 1, 2, 2, 2, 2, 2, 2, 2, 3, 3, 3, 4, 4, 4, 5, 5, 5, 5, 6, 6, 6, 7, 7, 7, 7, 7, 8, 8, 8, 8, 8, 8, 8, 8, 9, 9, 9, 9, 9, 10, 10, 10, 10, 11, 11, 11, 12, 12, 12, 12, 12, 12, 13, 13, 13, 13, 13]","[1, 1, 1, 1, 1, 1, 1, 3, 2, 2, 2, 2, 2, 2, 3, 3, 4, 5, 8, 8, 8, 9, 11, 12, 12, 12, 12, 14, 14, 16, 17, 18, 21, 20, 21, 22, 25, 24, 26, 26, 26, 28, 26, 27, 27, 27, 28, 28, 33, 31, 31, 34, 35, 35, 35, 39, 40, 42, 43, 42, 43, 44, 44, 44, 45, 45, 46, 47, 49, 48]","[21, 5, 26, 12, 8, 8, 20, 15, 11, 19, 8, 9, 4, 26, 11, 11, 14, 12, 26, 27, 25, 35, 33, 31, 14, 27, 26, 18, 17, 24, 21, 28, 28, 24, 35, 45, 34, 27, -1, 42, 43, 44, 42, 30, 42, 31, -1, -1, 48, 43, 40, -1, -1, 39, 46, 45, -1, -1, -1, -1, 44, -1, 48, -1, 46, -1, -1, -1, -1, -1]","[0, 0, 0, 0, 0, 0, 0, 0, 0, 0, 0, 0, 0, 0, 0, 0, 0, 0, 0, 0, 0, 0, 0, 0, 0, 0, 0, 0, 0, 0, 0, 0, 0, 0, 0, 0, 0, 0, 579.5070391552975, 0, 0, 0, 0, 0, 0, 0, 2859.9691790598176, 589.5237817848855, 0, 0, 0, 3364.639308266529, 4029.0, 0, 0, 0, 348.87486345765547, 2283.68688688489, 1745.31311311511, 315.4858282758154, 0, 3253.2283873709694, 0, 4029.0, 0, 1869.1226147689713, 2159.877385231029, 4029.0, 4029.0, 775.7716126290304]","[0, 0, 0, 0, 0, 0, 0, 0, 0, 0, 0, 0, 0, 0, 0, 0, 0, 0, 0, 0, 0, 0, 0, 0, 0, 0, 0, 0, 0, 0, 0, 0, 0, 0, 0, 0, 0, 0, (262.8427333333333, 0.2687333333333333, 0.05033333333333334), 0, 0, 0, 0, 0, 0, 0, (255.85193333333328, 0.6706666666666666, 0.21606666666666663), (173.3644, 0.0036666666666666666, 0.0014), 0, 0, 0, (117.44013333333332, 0.04193333333333333, 0.027666666666666673), (221.59853333333334, 0.0404, 0.026733333333333335), 0, 0, 0, (127.9256, 0.0007333333333333332, 0.0002666666666666667), (713.031, 0.7426, 1.2830666666666666), (213.9092, 0.46873333333333334, 0.15180000000000002), (222.2977333333333, 0.0, 0.0), 0, (0.0, 0.0, 0.0), 0, (1311.4188000000001, 0.188, 0.5201333333333333), 0, (184.54886666666667, 0.6701333333333334, 0.0057333333333333325), (109.0518, 0.5368666666666667, 0.4758666666666667), (31.3258, 10.272666666666666, 10.300266666666666), (178.9568, 0.0019333333333333331, 0.0014666666666666665), (0.0, 0.004733333333333333, 0.00013333333333333334)]","[0, 0, 0, 0, 0, 0, 0, 0, 0, 0, 0, 0, 0, 0, 0, 0, 0, 0, 0, 0, 0, 0, 0, 0, 0, 0, 0, 0, 0, 0, 0, 0, 0, 0, 0, 0, 0, 0, (1, 0.0, 0.0007444444444444445), 0, 0, 0, 0, 0, 0, 0, (3, 0.0, 1.6603722222222224), (3, 0.0, 0.0010888888888888888), 0, 0, 0, (3, 0.0027166666666666667, 0.027800000000000002), (3, 0.0, 0.02946666666666667), 0, 0, 0, (1, 0.0, 0.0017055555555555554), (1, 0.0019333333333333331, 0.002327777777777778), (3, 3.3333333333333335e-05, 0.2765777777777778), (1, 0.0, 0.00019999999999999998), 0, (2, 0.0, 0.0), 0, (3, 3.3333333333333335e-05, 0.16156666666666666), 0, (3, 0.0, 0.00046111111111111103), (1, 0.0, 0.0017166666666666667), (3, 0.0, 4.4444444444444447e-05), (1, 0.36411666666666676, 0.01315), (1, 0.0, 0.0008388888888888889)]","[-1, -1, -1, -1, -1, -1, -1, -1, -1, -1, -1, -1, -1, -1, -1, -1, -1, -1, -1, -1, -1, -1, -1, -1, -1, -1, -1, -1, -1, -1, -1, -1, -1, -1, -1, -1, -1, -1, 12, -1, -1, -1, -1, -1, -1, -1, 12, 12, -1, -1, -1, 9, 8, -1, -1, -1, 9, 14, 14, 9, -1, 15, -1, 5, -1, 10, 10, 7, 6, 15]","[False, False, False, False, False, False, False, False, False, False, False, False, False, False, False, False, False, False, False, False, False, False, False, False, False, False, False, False, False, False, False, False, False, False, False, False, False, False, True, False, False, False, False, False, False, False, True, True, False, False, False, True, True, False, False, False, True, True, True, True, False, True, False, True, False, True, True, True, True, True]"
50,"[0, 0, 0, 0, 0, 0, 0, 0, 0, 0, 0, 0, 0, 0, 0, 0, 0, 0, 0, 0, 0, 0, 0, 0, 0, 0, 0, 0, 0, 0, 0, 0, 0, 0, 0, 0, 0, 0, 1232.0506254656602, 0, 0, 0, 0, 0, 0, 0, 3479.1238576481687, 1155.2562127091267, 0, 0, 0, 3261.75156374067, 3576.69818828322, 0, 0, 0, 597.6615481065954, 2079.788639958885, 2036.723179621289, 450.7502254398, 0, 3068.4403312655163, 0, 2989.8560016860883, 0, 0, 925.6689723222934, 1145.2395403445964, 657.7614400862267, 554.2557590769045]","[0, 0, 0, 0, 0, 0, 0, 0, 1, 1, 1, 1, 1, 1, 2, 2, 2, 2, 2, 2, 2, 3, 3, 3, 4, 4, 4, 5, 5, 5, 5, 6, 6, 6, 7, 7, 7, 7, 7, 8, 8, 8, 8, 8, 8, 8, 8, 9, 9, 9, 9, 9, 10, 10, 10, 10, 11, 11, 11, 12, 12, 12, 12, 12, 12, 13, 13, 13, 13, 13]","[1, 1, 1, 1, 1, 1, 1, 3, 2, 2, 2, 2, 2, 2, 3, 3, 4, 5, 8, 8, 8, 9, 11, 12, 12, 12, 12, 14, 14, 16, 17, 18, 21, 20, 21, 22, 25, 24, 26, 26, 26, 28, 26, 27, 27, 27, 28, 28, 33, 31, 31, 34, 35, 35, 35, 39, 40, 42, 43, 42, 43, 44, 44, 44, 45, 45, 46, 47, 49, 48]","[21, 5, 26, 12, 8, 8, 20, 15, 11, 19, 8, 9, 4, 26, 11, 11, 14, 12, 26, 27, 25, 35, 33, 31, 14, 27, 26, 18, 17, 24, 21, 28, 28, 24, 35, 45, 34, 27, -1, 42, 43, 44, 42, 30, 42, 31, -1, -1, 48, 43, 40, -1, -1, 39, 46, 45, -1, -1, -1, -1, 44, -1, 48, -1, 46, -1, -1, -1, -1, -1]","[0, 0, 0, 0, 0, 0, 0, 0, 0, 0, 0, 0, 0, 0, 0, 0, 0, 0, 0, 0, 0, 0, 0, 0, 0, 0, 0, 0, 0, 0, 0, 0, 0, 0, 0, 0, 0, 0, 619.5737268580082, 0, 0, 0, 0, 0, 0, 0, 2866.646959040517, 542.7793141014746, 0, 0, 0, 3168.030451311648, 4029.0, 0, 0, 0, 503.9404356775736, 2036.032730168798, 1992.967269831202, 357.02911301077813, 0, 3271.592286094306, 0, 4029.0, 0, 1551.6655138388533, 2477.3344861611467, 4029.0, 4029.0, 757.4077139056942]","[0, 0, 0, 0, 0, 0, 0, 0, 0, 0, 0, 0, 0, 0, 0, 0, 0, 0, 0, 0, 0, 0, 0, 0, 0, 0, 0, 0, 0, 0, 0, 0, 0, 0, 0, 0, 0, 0, (269.8332666666667, 0.28646666666666665, 0.05893333333333333), 0, 0, 0, 0, 0, 0, 0, (292.20266666666674, 0.6238666666666667, 0.20366666666666663), (100.6632, 0.0034, 0.0013333333333333333), 0, 0, 0, (115.3428, 0.04046666666666667, 0.026666666666666672), (117.44013333333332, 0.04193333333333333, 0.027666666666666673), 0, 0, 0, (123.7314, 0.0005333333333333334, 0.0002), (458.5768, 0.723, 1.306), (212.51093333333333, 0.6914, 0.224), (257.2502, 0.0, 0.0), 0, (0.0, 0.0, 0.0), 0, (1177.2012, 0.14893333333333333, 0.6776666666666666), 0, (183.1509333333333, 0.6727333333333332, 0.005), (95.0708, 0.5381333333333334, 0.44586666666666674), (31.238400000000002, 10.958333333333334, 10.986266666666667), (192.93779999999998, 0.003933333333333333, 0.0014666666666666665), (0.0, 0.0044, 0.0)]","[0, 0, 0, 0, 0, 0, 0, 0, 0, 0, 0, 0, 0, 0, 0, 0, 0, 0, 0, 0, 0, 0, 0, 0, 0, 0, 0, 0, 0, 0, 0, 0, 0, 0, 0, 0, 0, 0, (1, 0.0, 0.0008444444444444446), 0, 0, 0, 0, 0, 0, 0, (3, 0.0, 1.8029666666666666), (3, 0.0, 0.001172222222222222), 0, 0, 0, (3, 0.0, 0.025622222222222223), (3, 0.0027166666666666667, 0.027800000000000002), 0, 0, 0, (1, 0.0, 0.0016055555555555554), (1, 0.059366666666666665, 0.06801666666666667), (3, 0.0002333333333333333, 0.49188333333333323), (1, 0.0, 0.00023888888888888888), 0, (2, 0.0, 0.0), 0, (3, 5e-05, 0.12382222222222221), 0, (3, 0.0, 0.0005277777777777777), (1, 0.0, 0.0017277777777777773), (3, 0.0, 2.2222222222222223e-05), (1, 0.26766666666666666, 0.015294444444444444), (1, 0.0, 0.0008277777777777778)]","[-1, -1, -1, -1, -1, -1, -1, -1, -1, -1, -1, -1, -1, -1, -1, -1, -1, -1, -1, -1, -1, -1, -1, -1, -1, -1, -1, -1, -1, -1, -1, -1, -1, -1, -1, -1, -1, -1, 12, -1, -1, -1, -1, -1, -1, -1, 12, 12, -1, -1, -1, 9, 8, -1, -1, -1, 9, 14, 14, 9, -1, 15, -1, 5, -1, 10, 10, 7, 6, 15]","[False, False, False, False, False, False, False, False, False, False, False, False, False, False, False, False, False, False, False, False, False, False, False, False, False, False, False, False, False, False, False, False, False, False, False, False, False, False, True, False, False, False, False, False, False, False, True, True, False, False, False, True, True, False, False, False, True, True, True, True, False, True, False, True, False, True, True, True, True, True]"
51,"[0, 0, 0, 0, 0, 0, 0, 0, 0, 0, 0, 0, 0, 0, 0, 0, 0, 0, 0, 0, 0, 0, 0, 0, 0, 0, 0, 0, 0, 0, 0, 0, 0, 0, 0, 0, 0, 0, 1258.7617501370025, 0, 0, 0, 0, 0, 0, 0, 3562.5961191080573, 1151.91732192095, 0, 0, 0, 3409.63954396065, 0, 0, 0, 0, 554.2559608139378, 2871.947793837662, 1769.6119429496443, 564.2725044394533, 0, 3021.6958648479776, 0, 5888.650399259911, 0, 0, 934.5696355177, 1218.6951376844836, 711.18368902724, 520.8668579276933, 520.8668579276933]","[0, 0, 0, 0, 0, 0, 0, 0, 1, 1, 1, 1, 1, 1, 2, 2, 2, 2, 2, 2, 2, 3, 3, 3, 4, 4, 4, 5, 5, 5, 5, 6, 6, 6, 7, 7, 7, 7, 7, 8, 8, 8, 8, 8, 8, 8, 8, 9, 9, 9, 9, 9, 10, 10, 10, 10, 11, 11, 11, 12, 12, 12, 12, 12, 12, 13, 13, 13, 13, 13, 13]","[1, 1, 1, 1, 1, 1, 1, 3, 2, 2, 2, 2, 2, 2, 3, 3, 4, 5, 8, 8, 8, 9, 11, 12, 12, 12, 12, 14, 14, 16, 17, 18, 21, 20, 21, 22, 25, 24, 26, 26, 26, 28, 26, 27, 27, 27, 28, 28, 33, 31, 31, 34, 35, 35, 35, 39, 40, 42, 43, 42, 43, 44, 44, 44, 45, 45, 46, 47, 49, 48, 51]","[21, 5, 26, 12, 8, 8, 20, 15, 11, 19, 8, 9, 4, 26, 11, 11, 14, 12, 26, 27, 25, 35, 33, 31, 14, 27, 26, 18, 17, 24, 21, 28, 28, 24, 35, 45, 34, 27, -1, 42, 43, 44, 42, 30, 42, 31, -1, -1, 48, 43, 40, -1, -1, 39, 46, 45, -1, -1, -1, -1, 44, -1, 48, -1, 46, 51, -1, -1, -1, -1, -1]","[0, 0, 0, 0, 0, 0, 0, 0, 0, 0, 0, 0, 0, 0, 0, 0, 0, 0, 0, 0, 0, 0, 0, 0, 0, 0, 0, 0, 0, 0, 0, 0, 0, 0, 0, 0, 0, 0, 610.6700197483326, 0, 0, 0, 0, 0, 0, 0, 2914.5043887193874, 503.82559153228, 0, 0, 0, 3243.2502075559696, 4029.0, 0, 0, 0, 387.8666244092574, 2565.6679254440087, 1463.3320745559909, 397.8831680347729, 0, 3264.9145034601424, 0, 4029.0, 0, 0, 2221.3513887950035, 4029.0, 4029.0, 764.0854965398579, 1807.6486112049965]","[0, 0, 0, 0, 0, 0, 0, 0, 0, 0, 0, 0, 0, 0, 0, 0, 0, 0, 0, 0, 0, 0, 0, 0, 0, 0, 0, 0, 0, 0, 0, 0, 0, 0, 0, 0, 0, 0, (302.6884666666667, 0.29, 0.05453333333333333), 0, 0, 0, 0, 0, 0, 0, (251.65779999999998, 0.6265333333333333, 0.20466666666666664), (131.4214, 0.0038, 0.002), 0, 0, 0, (132.12006666666667, 0.0338, 0.0268), (115.3428, 0.04046666666666667, 0.026666666666666672), 0, 0, 0, (111.14853333333335, 0.0007333333333333332, 0.0002666666666666667), (824.879, 0.7441333333333333, 1.3625333333333334), (190.14146666666667, 0.5508, 0.17880000000000001), (192.93746666666667, 0.0, 0.0), 0, (0.0, 0.0, 0.0), 0, (1269.4758, 0.3529333333333333, 0.49439999999999995), 0, 0, (92.2746, 0.5394, 0.44333333333333325), (30.75773333333333, 11.004733333333336, 11.030333333333335), (134.2176, 0.002, 0.0014), (0.0, 0.0046, 0.00013333333333333334), (0.0, 0.0046, 6.666666666666668e-05)]","[0, 0, 0, 0, 0, 0, 0, 0, 0, 0, 0, 0, 0, 0, 0, 0, 0, 0, 0, 0, 0, 0, 0, 0, 0, 0, 0, 0, 0, 0, 0, 0, 0, 0, 0, 0, 0, 0, (1, 0.0, 0.0009222222222222221), 0, 0, 0, 0, 0, 0, 0, (3, 0.0, 1.8758555555555556), (3, 0.0, 0.0013499999999999999), 0, 0, 0, (3, 0.0, 0.03398333333333334), (3, 0.0, 0.025622222222222223), 0, 0, 0, (1, 0.0, 0.00165), (1, 1.0255833333333333, 0.54465), (3, 0.00013333333333333334, 0.3462888888888889), (1, 0.0, 0.0002777777777777778), 0, (2, 0.0, 0.0), 0, (3, 0.1731833333333333, 0.38794999999999996), 0, 0, (1, 0.0, 0.0022722222222222224), (3, 0.0, 2.2222222222222223e-05), (1, 0.2701, 0.013050000000000004), (1, 0.0, 0.0008111111111111112), (1, 0.0, 0.0008722222222222223)]","[-1, -1, -1, -1, -1, -1, -1, -1, -1, -1, -1, -1, -1, -1, -1, -1, -1, -1, -1, -1, -1, -1, -1, -1, -1, -1, -1, -1, -1, -1, -1, -1, -1, -1, -1, -1, -1, -1, 12, -1, -1, -1, -1, -1, -1, -1, 12, 12, -1, -1, -1, 9, 8, -1, -1, -1, 9, 14, 14, 9, -1, 15, -1, 5, -1, -1, 10, 7, 6, 15, 10]","[False, False, False, False, False, False, False, False, False, False, False, False, False, False, False, False, False, False, False, False, False, False, False, False, False, False, False, False, False, False, False, False, False, False, False, False, False, False, True, False, False, False, False, False, False, False, True, True, False, False, False, True, True, False, False, False, True, True, True, True, False, True, False, True, False, False, True, True, True, True, True]"
52,"[0, 0, 0, 0, 0, 0, 0, 0, 0, 0, 0, 0, 0, 0, 0, 0, 0, 0, 0, 0, 0, 0, 0, 0, 0, 0, 0, 0, 0, 0, 0, 0, 0, 0, 0, 0, 0, 0, 1272.1173124726736, 0, 0, 0, 0, 0, 0, 0, 0, 0, 0, 0, 0, 2935.85027399664, 0, 0, 0, 0, 597.6615481065954, 1993.7488816724258, 1292.1506073990797, 500.8335838220001, 0, 2894.8180274289466, 0, 4252.576912042853, 0, 0, 1284.662387870362, 1191.9840113790701, 647.7447684097866, 510.85018758292983, 530.8835282724567, 454.0891471920266]","[0, 0, 0, 0, 0, 0, 0, 0, 1, 1, 1, 1, 1, 1, 2, 2, 2, 2, 2, 2, 2, 3, 3, 3, 4, 4, 4, 5, 5, 5, 5, 6, 6, 6, 7, 7, 7, 7, 7, 8, 8, 8, 8, 8, 8, 8, 8, 9, 9, 9, 9, 9, 10, 10, 10, 10, 11, 11, 11, 12, 12, 12, 12, 12, 12, 13, 13, 13, 13, 13, 13, 14]","[1, 1, 1, 1, 1, 1, 1, 3, 2, 2, 2, 2, 2, 2, 3, 3, 4, 5, 8, 8, 8, 9, 11, 12, 12, 12, 12, 14, 14, 16, 17, 18, 21, 20, 21, 22, 25, 24, 26, 26, 26, 28, 26, 27, 27, 27, 28, 28, 33, 31, 31, 34, 35, 35, 35, 39, 40, 42, 43, 42, 43, 44, 44, 44, 45, 45, 46, 47, 49, 48, 51, 52]","[21, 5, 26, 12, 8, 8, 20, 15, 11, 19, 8, 9, 4, 26, 11, 11, 14, 12, 26, 27, 25, 35, 33, 31, 14, 27, 26, 18, 17, 24, 21, 28, 28, 24, 35, 45, 34, 27, -1, 42, 43, 44, 42, 30, 42, 31, -1, -1, 48, 43, 40, -1, 52, 39, 46, 45, -1, -1, -1, -1, 44, -1, 48, -1, 46, 51, -1, -1, -1, -1, -1, -1]","[0, 0, 0, 0, 0, 0, 0, 0, 0, 0, 0, 0, 0, 0, 0, 0, 0, 0, 0, 0, 0, 0, 0, 0, 0, 0, 0, 0, 0, 0, 0, 0, 0, 0, 0, 0, 0, 0, 2191.0782083151157, 0, 0, 0, 0, 0, 0, 0, 918.960895842442, 918.960895842442, 0, 0, 0, 2934.068472021562, 0, 0, 0, 0, 595.8797461315169, 2090.086002917915, 1388.487728644569, 499.0517818469215, 0, 4029.0, 0, 4029.0, 0, 0, 1852.197019961779, 4029.0, 4029.0, 1078.384819674347, 1098.418160363874, 550.4262684375158]","[0, 0, 0, 0, 0, 0, 0, 0, 0, 0, 0, 0, 0, 0, 0, 0, 0, 0, 0, 0, 0, 0, 0, 0, 0, 0, 0, 0, 0, 0, 0, 0, 0, 0, 0, 0, 0, 0, (281.01806666666664, 0.2826, 0.05993333333333333), 0, 0, 0, 0, 0, 0, 0, (243.2692, 0.629, 0.209), (181.753, 0.0036, 0.0016), 0, 0, 0, (107.65339999999999, 0.037200000000000004, 0.024933333333333335), 0, 0, 0, 0, (102.75993333333334, 0.0005333333333333334, 0.0002), (721.4196, 0.7326, 1.4462000000000002), (198.53, 0.4244, 0.13933333333333334), (187.3452, 0.0, 0.0), 0, (0.0, 0.0, 0.0), 0, (1974.1186, 0.14053333333333334, 0.48906666666666665), 0, 0, (226.49220000000003, 0.5299333333333333, 0.43666666666666676), (30.932599999999997, 11.007200000000001, 11.033333333333335), (226.49220000000003, 0.0016666666666666668, 0.0014), (0.0, 0.004533333333333333, 0.0), (0.0, 0.004733333333333333, 0.00013333333333333334), (29.621666666666673, 4.1293999999999995, 4.1416)]","[0, 0, 0, 0, 0, 0, 0, 0, 0, 0, 0, 0, 0, 0, 0, 0, 0, 0, 0, 0, 0, 0, 0, 0, 0, 0, 0, 0, 0, 0, 0, 0, 0, 0, 0, 0, 0, 0, (1, 0.0, 0.0011388888888888887), 0, 0, 0, 0, 0, 0, 0, (3, 0.011533333333333333, 1.894555555555556), (3, 0.0, 0.0014333333333333333), 0, 0, 0, (3, 0.0, 0.03331111111111111), 0, 0, 0, 0, (1, 0.0, 0.0015777777777777778), (1, 0.0, 0.0003444444444444444), (3, 1.666666666666667e-05, 0.19247222222222224), (1, 0.0, 0.0002833333333333333), 0, (2, 0.0, 0.0), 0, (3, 1.666666666666667e-05, 0.31198333333333333), 0, 0, (1, 0.0007666666666666667, 0.00215), (3, 0.0, 2.2222222222222223e-05), (1, 0.27021666666666666, 0.012733333333333334), (1, 0.0, 0.0008055555555555557), (1, 0.0, 0.0008388888888888889), (3, 0.0, 1.6666666666666667e-05)]","[-1, -1, -1, -1, -1, -1, -1, -1, -1, -1, -1, -1, -1, -1, -1, -1, -1, -1, -1, -1, -1, -1, -1, -1, -1, -1, -1, -1, -1, -1, -1, -1, -1, -1, -1, -1, -1, -1, 12, -1, -1, -1, -1, -1, -1, -1, 12, 12, -1, -1, -1, 9, -1, -1, -1, -1, 9, 14, 14, 9, -1, 15, -1, 5, -1, -1, 10, 7, 6, 10, 10, 14]","[False, False, False, False, False, False, False, False, False, False, False, False, False, False, False, False, False, False, False, False, False, False, False, False, False, False, False, False, False, False, False, False, False, False, False, False, False, False, True, False, False, False, False, False, False, False, True, True, False, False, False, True, False, False, False, False, True, True, True, True, False, True, False, True, False, False, True, True, True, True, True, True]"
53,"[0, 0, 0, 0, 0, 0, 0, 0, 0, 0, 0, 0, 0, 0, 0, 0, 0, 0, 0, 0, 0, 0, 0, 0, 0, 0, 0, 0, 0, 0, 0, 0, 0, 0, 0, 0, 0, 0, 0, 0, 0, 0, 0, 0, 0, 0, 0, 0, 0, 0, 0, 0, 0, 0, 0, 0, 554.2559608139378, 2118.3581867769535, 961.60045201792, 510.85025549844005, 0, 3151.912592725404, 0, 3235.722332789209, 0, 0, 931.6027477858978, 1198.6617929554236, 724.5392512624934, 520.8668579276933, 554.2557590769045, 1315.5229705416066, 884.1326637750533]","[0, 0, 0, 0, 0, 0, 0, 0, 1, 1, 1, 1, 1, 1, 2, 2, 2, 2, 2, 2, 2, 3, 3, 3, 4, 4, 4, 5, 5, 5, 5, 6, 6, 6, 7, 7, 7, 7, 7, 8, 8, 8, 8, 8, 8, 8, 8, 9, 9, 9, 9, 9, 10, 10, 10, 10, 11, 11, 11, 12, 12, 12, 12, 12, 12, 13, 13, 13, 13, 13, 13, 14, 14]","[1, 1, 1, 1, 1, 1, 1, 3, 2, 2, 2, 2, 2, 2, 3, 3, 4, 5, 8, 8, 8, 9, 11, 12, 12, 12, 12, 14, 14, 16, 17, 18, 21, 20, 21, 22, 25, 24, 26, 26, 26, 28, 26, 27, 27, 27, 28, 28, 33, 31, 31, 34, 35, 35, 35, 39, 40, 42, 43, 42, 43, 44, 44, 44, 45, 45, 46, 47, 49, 48, 51, 52, 53]","[21, 5, 26, 12, 8, 8, 20, 15, 11, 19, 8, 9, 4, 26, 11, 11, 14, 12, 26, 27, 25, 35, 33, 31, 14, 27, 26, 18, 17, 24, 21, 28, 28, 24, 35, 45, 34, 27, -1, 42, 43, 44, 42, 30, 42, 31, 53, 53, 48, 43, 40, -1, 52, 39, 46, 45, -1, -1, -1, -1, 44, -1, 48, -1, 46, 51, -1, -1, -1, -1, -1, -1, -1]","[0, 0, 0, 0, 0, 0, 0, 0, 0, 0, 0, 0, 0, 0, 0, 0, 0, 0, 0, 0, 0, 0, 0, 0, 0, 0, 0, 0, 0, 0, 0, 0, 0, 0, 0, 0, 0, 0, 4029.0, 0, 0, 0, 0, 0, 0, 0, 0, 0, 0, 0, 0, 987.9645945625407, 0, 0, 0, 0, 1542.2205553764784, 1996.19765033146, 839.4399155724265, 1498.8148500609807, 0, 4029.0, 0, 4029.0, 0, 0, 2203.1734943544966, 2353.397467513865, 4029.0, 1675.6025324861348, 1825.8265056455034, 1193.362434096113, 4029.0]","[0, 0, 0, 0, 0, 0, 0, 0, 0, 0, 0, 0, 0, 0, 0, 0, 0, 0, 0, 0, 0, 0, 0, 0, 0, 0, 0, 0, 0, 0, 0, 0, 0, 0, 0, 0, 0, 0, (254.454, 0.27613333333333334, 0.054799999999999995), 0, 0, 0, 0, 0, 0, 0, 0, 0, 0, 0, 0, (99.96353333333334, 0.03306666666666667, 0.022733333333333335), 0, 0, 0, 0, (130.02306666666664, 0.0007333333333333332, 0.0002666666666666667), (626.3488000000001, 0.7791333333333333, 1.1652666666666667), (194.33579999999998, 0.31493333333333334, 0.10186666666666666), (160.7812, 0.0, 0.0), 0, (0.0, 0.0, 0.0), 0, (1730.8488, 0.18693333333333337, 0.49646666666666667), 0, 0, (204.1226, 0.5370666666666667, 0.4422), (29.2284, 11.277066666666668, 11.304066666666667), (271.2314, 0.0722, 0.0028666666666666667), (0.0, 0.0046, 0.00013333333333333334), (0.0, 0.0044, 0.0), (29.53446666666667, 12.107333333333337, 12.139266666666664), (128.62506666666664, 0.00046666666666666666, 0.0014)]","[0, 0, 0, 0, 0, 0, 0, 0, 0, 0, 0, 0, 0, 0, 0, 0, 0, 0, 0, 0, 0, 0, 0, 0, 0, 0, 0, 0, 0, 0, 0, 0, 0, 0, 0, 0, 0, 0, (1, 0.0, 0.001), 0, 0, 0, 0, 0, 0, 0, 0, 0, 0, 0, 0, (3, 0.0, 0.026605555555555556), 0, 0, 0, 0, (1, 0.0, 0.001738888888888889), (1, 0.0019833333333333335, 0.0026333333333333334), (3, 0.0, 0.12192777777777777), (1, 0.0, 0.0002666666666666667), 0, (2, 0.0, 0.0), 0, (3, 1.666666666666667e-05, 0.20562222222222223), 0, 0, (1, 0.0, 0.004783333333333333), (3, 0.0, 2.2222222222222223e-05), (1, 0.24863333333333332, 0.04668333333333334), (1, 0.0, 0.0008166666666666667), (1, 0.0, 0.0008277777777777778), (3, 0.0, 1.6666666666666667e-05), (2, 0.0705, 0.025599999999999998)]","[-1, -1, -1, -1, -1, -1, -1, -1, -1, -1, -1, -1, -1, -1, -1, -1, -1, -1, -1, -1, -1, -1, -1, -1, -1, -1, -1, -1, -1, -1, -1, -1, -1, -1, -1, -1, -1, -1, 12, -1, -1, -1, -1, -1, -1, -1, -1, -1, -1, -1, -1, 9, -1, -1, -1, -1, 9, 14, 14, 9, -1, 15, -1, 5, -1, -1, 10, 7, 6, 7, 10, 14, 2]","[False, False, False, False, False, False, False, False, False, False, False, False, False, False, False, False, False, False, False, False, False, False, False, False, False, False, False, False, False, False, False, False, False, False, False, False, False, False, True, False, False, False, False, False, False, False, False, False, False, False, False, True, False, False, False, False, True, True, True, True, False, True, False, True, False, False, True, True, True, True, True, True, True]"
54,"[0, 0, 0, 0, 0, 0, 0, 0, 0, 0, 0, 0, 0, 0, 0, 0, 0, 0, 0, 0, 0, 0, 0, 0, 0, 0, 0, 0, 0, 0, 0, 0, 0, 0, 0, 0, 0, 0, 0, 0, 0, 0, 0, 0, 0, 0, 0, 0, 0, 0, 0, 0, 0, 0, 0, 0, 597.6615481065954, 2145.060180727923, 1021.7004802690399, 560.93361388064, 0, 2938.223603388089, 0, 2452.592537423716, 0, 0, 0, 1178.6284482263632, 737.8948134977464, 510.85018758292983, 520.8668579276933, 1135.2228679800667, 845.5631180399, 3121.8625785998443, 628.9803113908888]","[0, 0, 0, 0, 0, 0, 0, 0, 1, 1, 1, 1, 1, 1, 2, 2, 2, 2, 2, 2, 2, 3, 3, 3, 4, 4, 4, 5, 5, 5, 5, 6, 6, 6, 7, 7, 7, 7, 7, 8, 8, 8, 8, 8, 8, 8, 8, 9, 9, 9, 9, 9, 10, 10, 10, 10, 11, 11, 11, 12, 12, 12, 12, 12, 12, 13, 13, 13, 13, 13, 13, 14, 14, 14, 15]","[1, 1, 1, 1, 1, 1, 1, 3, 2, 2, 2, 2, 2, 2, 3, 3, 4, 5, 8, 8, 8, 9, 11, 12, 12, 12, 12, 14, 14, 16, 17, 18, 21, 20, 21, 22, 25, 24, 26, 26, 26, 28, 26, 27, 27, 27, 28, 28, 33, 31, 31, 34, 35, 35, 35, 39, 40, 42, 43, 42, 43, 44, 44, 44, 45, 45, 46, 47, 49, 48, 51, 52, 53, 54, 54]","[21, 5, 26, 12, 8, 8, 20, 15, 11, 19, 8, 9, 4, 26, 11, 11, 14, 12, 26, 27, 25, 35, 33, 31, 14, 27, 26, 18, 17, 24, 21, 28, 28, 24, 35, 45, 34, 27, 54, 42, 43, 44, 42, 30, 42, 31, 53, 53, 48, 43, 40, 54, 52, 39, 46, 45, -1, -1, -1, -1, 44, -1, 48, -1, 46, 51, -1, -1, -1, -1, -1, -1, -1, -1, -1]","[0, 0, 0, 0, 0, 0, 0, 0, 0, 0, 0, 0, 0, 0, 0, 0, 0, 0, 0, 0, 0, 0, 0, 0, 0, 0, 0, 0, 0, 0, 0, 0, 0, 0, 0, 0, 0, 0, 0, 0, 0, 0, 0, 0, 0, 0, 0, 0, 0, 0, 0, 0, 0, 0, 0, 0, 2032.8639671129777, 2054.065671068913, 930.7059706100299, 1996.1360328870223, 0, 4029.0, 0, 2871.8488619629848, 0, 0, 1754.0665710361534, 2348.389130321717, 1157.1511380370152, 1680.6108696782835, 2274.933428963847, 1044.2283583210567, 2122.7914033245056, 4029.0, 1906.2085966754944]","[0, 0, 0, 0, 0, 0, 0, 0, 0, 0, 0, 0, 0, 0, 0, 0, 0, 0, 0, 0, 0, 0, 0, 0, 0, 0, 0, 0, 0, 0, 0, 0, 0, 0, 0, 0, 0, 0, 0, 0, 0, 0, 0, 0, 0, 0, 0, 0, 0, 0, 0, 0, 0, 0, 0, 0, (100.66266666666668, 0.0005333333333333334, 0.0002), (542.4628, 0.7475333333333333, 1.4531333333333334), (146.80033333333338, 0.3725333333333334, 0.1176), (209.7147333333333, 0.0, 0.0), 0, (0.0, 0.0, 0.0), 0, (1356.158, 0.1402, 0.49906666666666666), 0, 0, (131.4214, 0.5352666666666668, 0.49666666666666676), (27.96146666666667, 11.744666666666664, 11.770666666666664), (164.9758, 0.0021333333333333334, 0.0014666666666666665), (0.0, 0.0046, 0.0), (0.0, 0.0046, 0.00013333333333333334), (31.3258, 10.272666666666666, 10.300266666666666), (120.23626666666664, 0.0, 0.001066666666666667), (0.0, 0.0, 0.0), (320.1647333333333, 0.0011333333333333332, 0.0015333333333333334)]","[0, 0, 0, 0, 0, 0, 0, 0, 0, 0, 0, 0, 0, 0, 0, 0, 0, 0, 0, 0, 0, 0, 0, 0, 0, 0, 0, 0, 0, 0, 0, 0, 0, 0, 0, 0, 0, 0, 0, 0, 0, 0, 0, 0, 0, 0, 0, 0, 0, 0, 0, 0, 0, 0, 0, 0, (1, 0.0, 0.0015722222222222223), (1, 0.07328333333333333, 0.0468111111111111), (3, 5e-05, 0.20093333333333338), (1, 0.0, 0.00030555555555555555), 0, (2, 0.0, 0.0), 0, (3, 8.333333333333333e-05, 0.11315), 0, 0, (1, 1.666666666666667e-05, 0.0021166666666666664), (3, 0.0, 2.2222222222222223e-05), (1, 0.2376, 0.013488888888888885), (1, 0.0, 0.0008222222222222222), (1, 0.0, 0.0008111111111111112), (3, 0.0, 4.4444444444444447e-05), (2, 1.666666666666667e-05, 0.0006111111111111112), (2, 0.0, 0.0), (2, 0.0037166666666666667, 0.0028777777777777777)]","[-1, -1, -1, -1, -1, -1, -1, -1, -1, -1, -1, -1, -1, -1, -1, -1, -1, -1, -1, -1, -1, -1, -1, -1, -1, -1, -1, -1, -1, -1, -1, -1, -1, -1, -1, -1, -1, -1, -1, -1, -1, -1, -1, -1, -1, -1, -1, -1, -1, -1, -1, -1, -1, -1, -1, -1, 9, 14, 14, 9, -1, 15, -1, 6, -1, -1, 10, 7, 6, 7, 10, 14, 11, 12, 11]","[False, False, False, False, False, False, False, False, False, False, False, False, False, False, False, False, False, False, False, False, False, False, False, False, False, False, False, False, False, False, False, False, False, False, False, False, False, False, False, False, False, False, False, False, False, False, False, False, False, False, False, False, False, False, False, False, True, True, True, True, False, True, False, True, False, False, True, True, True, True, True, True, True, True, True]"
55,"[0, 0, 0, 0, 0, 0, 0, 0, 0, 0, 0, 0, 0, 0, 0, 0, 0, 0, 0, 0, 0, 0, 0, 0, 0, 0, 0, 0, 0, 0, 0, 0, 0, 0, 0, 0, 0, 0, 0, 0, 0, 0, 0, 0, 0, 0, 0, 0, 0, 0, 0, 0, 0, 0, 0, 0, 557.5948521441422, 2245.9343800982538, 3549.2405572744774, 464.1057876750533, 0, 2958.2569461384624, 0, 2677.21116090064, 0, 0, 0, 0, 0, 524.2057480426145, 510.85018758292983, 1145.2395403445964, 809.96046043822, 3065.1014408071205, 1714.4051397483977, 634.9140879134446, 454.0891471920266]","[0, 0, 0, 0, 0, 0, 0, 0, 1, 1, 1, 1, 1, 1, 2, 2, 2, 2, 2, 2, 2, 3, 3, 3, 4, 4, 4, 5, 5, 5, 5, 6, 6, 6, 7, 7, 7, 7, 7, 8, 8, 8, 8, 8, 8, 8, 8, 9, 9, 9, 9, 9, 10, 10, 10, 10, 11, 11, 11, 12, 12, 12, 12, 12, 12, 13, 13, 13, 13, 13, 13, 14, 14, 14, 14, 15, 15]","[1, 1, 1, 1, 1, 1, 1, 3, 2, 2, 2, 2, 2, 2, 3, 3, 4, 5, 8, 8, 8, 9, 11, 12, 12, 12, 12, 14, 14, 16, 17, 18, 21, 20, 21, 22, 25, 24, 26, 26, 26, 28, 26, 27, 27, 27, 28, 28, 33, 31, 31, 34, 35, 35, 35, 39, 40, 42, 43, 42, 43, 44, 44, 44, 45, 45, 46, 47, 49, 48, 51, 52, 53, 54, 55, 54, 55]","[21, 5, 26, 12, 8, 8, 20, 15, 11, 19, 8, 9, 4, 26, 11, 11, 14, 12, 26, 27, 25, 35, 33, 31, 14, 27, 26, 18, 17, 24, 21, 28, 28, 24, 35, 45, 34, 27, 54, 42, 43, 44, 42, 30, 42, 31, 53, 53, 48, 43, 40, 54, 52, 39, 46, 45, -1, -1, -1, -1, 44, -1, 48, -1, 46, 51, 55, -1, -1, -1, -1, -1, -1, -1, -1, -1, -1]","[0, 0, 0, 0, 0, 0, 0, 0, 0, 0, 0, 0, 0, 0, 0, 0, 0, 0, 0, 0, 0, 0, 0, 0, 0, 0, 0, 0, 0, 0, 0, 0, 0, 0, 0, 0, 0, 0, 0, 0, 0, 0, 0, 0, 0, 0, 0, 0, 0, 0, 0, 0, 0, 0, 0, 0, 2061.2445322345443, 1275.4628875258113, 2578.769064702035, 1967.7554677654555, 0, 4029.0, 0, 3353.1055804503203, 0, 0, 0, 1752.3971259786927, 675.8944195496799, 2276.602874021307, 4029.0, 174.76804777215386, 2102.0231862623878, 4029.0, 4029.0, 1926.9768137376122, 4029.0]","[0, 0, 0, 0, 0, 0, 0, 0, 0, 0, 0, 0, 0, 0, 0, 0, 0, 0, 0, 0, 0, 0, 0, 0, 0, 0, 0, 0, 0, 0, 0, 0, 0, 0, 0, 0, 0, 0, 0, 0, 0, 0, 0, 0, 0, 0, 0, 0, 0, 0, 0, 0, 0, 0, 0, 0, (132.1199333333333, 0.0007333333333333332, 0.0002666666666666667), (710.2348000000001, 0.9372, 1.3942), (290.8046, 0.5733333333333334, 0.17), (181.75279999999998, 0.0, 0.0), 0, (0.0, 0.0, 0.0), 0, (1227.5328, 0.18566666666666662, 0.4779333333333333), 0, 0, 0, (28.00533333333333, 10.849266666666667, 10.8736), (159.3834, 0.0022666666666666664, 0.0018), (22.3696, 0.004666666666666667, 0.0002), (0.0, 0.004533333333333333, 0.0), (31.238400000000002, 10.958333333333334, 10.986266666666667), (72.7008, 6.666666666666668e-05, 0.0015333333333333334), (0.0, 0.0, 0.0), (105.5042, 0.28773333333333334, 0.22433333333333338), (300.59133333333324, 0.0011333333333333332, 0.0015333333333333334), (29.621666666666673, 4.1293999999999995, 4.1416)]","[0, 0, 0, 0, 0, 0, 0, 0, 0, 0, 0, 0, 0, 0, 0, 0, 0, 0, 0, 0, 0, 0, 0, 0, 0, 0, 0, 0, 0, 0, 0, 0, 0, 0, 0, 0, 0, 0, 0, 0, 0, 0, 0, 0, 0, 0, 0, 0, 0, 0, 0, 0, 0, 0, 0, 0, (1, 0.0, 0.00175), (1, 0.003016666666666666, 0.05234444444444444), (3, 0.0017833333333333332, 0.2834388888888889), (1, 0.0, 0.0002111111111111111), 0, (2, 0.0, 0.0), 0, (3, 3.3333333333333335e-05, 0.15232222222222222), 0, 0, 0, (3, 0.0, 1.6666666666666667e-05), (1, 0.27031666666666665, 0.012972222222222222), (1, 0.0, 0.0008666666666666667), (1, 0.0, 0.0008055555555555557), (3, 0.0, 2.2222222222222223e-05), (2, 0.0, 0.0005666666666666668), (2, 0.0, 0.0), (1, 0.0030666666666666663, 0.05871111111111111), (2, 0.0004, 0.0023666666666666667), (3, 0.0, 1.6666666666666667e-05)]","[-1, -1, -1, -1, -1, -1, -1, -1, -1, -1, -1, -1, -1, -1, -1, -1, -1, -1, -1, -1, -1, -1, -1, -1, -1, -1, -1, -1, -1, -1, -1, -1, -1, -1, -1, -1, -1, -1, -1, -1, -1, -1, -1, -1, -1, -1, -1, -1, -1, -1, -1, -1, -1, -1, -1, -1, 9, 14, 14, 9, -1, 15, -1, 6, -1, -1, -1, 7, 6, 7, 10, 14, 11, 12, 4, 11, 0]","[False, False, False, False, False, False, False, False, False, False, False, False, False, False, False, False, False, False, False, False, False, False, False, False, False, False, False, False, False, False, False, False, False, False, False, False, False, False, False, False, False, False, False, False, False, False, False, False, False, False, False, False, False, False, False, False, True, True, True, True, False, True, False, True, False, False, False, True, True, True, True, True, True, True, True, True, True]"
56,"[0, 0, 0, 0, 0, 0, 0, 0, 0, 0, 0, 0, 0, 0, 0, 0, 0, 0, 0, 0, 0, 0, 0, 0, 0, 0, 0, 0, 0, 0, 0, 0, 0, 0, 0, 0, 0, 0, 0, 0, 0, 0, 0, 0, 0, 0, 0, 0, 0, 0, 0, 0, 0, 0, 0, 0, 0, 3233.9081562841443, 2160.2621265819243, 550.9169422041998, 0, 3018.356974389583, 0, 6028.278192232053, 0, 0, 0, 0, 0, 517.5279678127722, 0, 1218.6951376844836, 1317.2983312621604, 2911.512479720924, 1429.5838385761401, 557.7749931202221, 1315.5229705416066, 501.40426599866777]","[0, 0, 0, 0, 0, 0, 0, 0, 1, 1, 1, 1, 1, 1, 2, 2, 2, 2, 2, 2, 2, 3, 3, 3, 4, 4, 4, 5, 5, 5, 5, 6, 6, 6, 7, 7, 7, 7, 7, 8, 8, 8, 8, 8, 8, 8, 8, 9, 9, 9, 9, 9, 10, 10, 10, 10, 11, 11, 11, 12, 12, 12, 12, 12, 12, 13, 13, 13, 13, 13, 13, 14, 14, 14, 14, 15, 15, 15]","[1, 1, 1, 1, 1, 1, 1, 3, 2, 2, 2, 2, 2, 2, 3, 3, 4, 5, 8, 8, 8, 9, 11, 12, 12, 12, 12, 14, 14, 16, 17, 18, 21, 20, 21, 22, 25, 24, 26, 26, 26, 28, 26, 27, 27, 27, 28, 28, 33, 31, 31, 34, 35, 35, 35, 39, 40, 42, 43, 42, 43, 44, 44, 44, 45, 45, 46, 47, 49, 48, 51, 52, 53, 54, 55, 54, 55, 56]","[21, 5, 26, 12, 8, 8, 20, 15, 11, 19, 8, 9, 4, 26, 11, 11, 14, 12, 26, 27, 25, 35, 33, 31, 14, 27, 26, 18, 17, 24, 21, 28, 28, 24, 35, 45, 34, 27, 54, 42, 43, 44, 42, 30, 42, 31, 53, 53, 48, 43, 40, 54, 52, 39, 46, 45, -1, -1, -1, -1, 44, -1, 48, -1, 46, 51, 55, 56, 56, -1, -1, -1, -1, -1, -1, -1, -1, -1]","[0, 0, 0, 0, 0, 0, 0, 0, 0, 0, 0, 0, 0, 0, 0, 0, 0, 0, 0, 0, 0, 0, 0, 0, 0, 0, 0, 0, 0, 0, 0, 0, 0, 0, 0, 0, 0, 0, 0, 0, 0, 0, 0, 0, 0, 0, 0, 0, 0, 0, 0, 0, 0, 0, 0, 0, 1739.0415288979002, 2372.6196827672934, 1298.9736530650734, 2289.9584711021, 0, 4029.0, 0, 4029.0, 0, 0, 0, 0, 0, 4029.0, 4029.0, 357.4066641676327, 2394.261669070969, 4029.0, 4029.0, 1634.7383309290308, 4029.0, 4029.0]","[0, 0, 0, 0, 0, 0, 0, 0, 0, 0, 0, 0, 0, 0, 0, 0, 0, 0, 0, 0, 0, 0, 0, 0, 0, 0, 0, 0, 0, 0, 0, 0, 0, 0, 0, 0, 0, 0, 0, 0, 0, 0, 0, 0, 0, 0, 0, 0, 0, 0, 0, 0, 0, 0, 0, 0, (163.57733333333337, 0.0005333333333333334, 0.0002), (478.1502, 1.5555999999999999, 1.8252000000000002), (278.22166666666675, 0.49906666666666666, 0.15853333333333333), (170.56806666666668, 0.0, 0.0), 0, (0.0, 0.0, 0.0), 0, (1551.892, 0.19686666666666666, 1.39), 0, 0, 0, 0, 0, (78.29360000000001, 0.004533333333333333, 6.666666666666668e-05), (0.0, 0.0046, 0.00013333333333333334), (30.75773333333333, 11.004733333333336, 11.030333333333335), (75.49706666666667, 0.0, 0.001066666666666667), (0.0, 0.0, 0.0), (110.71433333333331, 0.20726666666666668, 0.17506666666666665), (288.00833333333327, 0.0011333333333333332, 0.0014), (29.53446666666667, 12.107333333333337, 12.139266666666664), (0.0, 0.0048, 6.666666666666668e-05)]","[0, 0, 0, 0, 0, 0, 0, 0, 0, 0, 0, 0, 0, 0, 0, 0, 0, 0, 0, 0, 0, 0, 0, 0, 0, 0, 0, 0, 0, 0, 0, 0, 0, 0, 0, 0, 0, 0, 0, 0, 0, 0, 0, 0, 0, 0, 0, 0, 0, 0, 0, 0, 0, 0, 0, 0, (1, 0.0, 0.0015055555555555556), (1, 0.0011333333333333332, 0.0015055555555555556), (3, 0.04115, 0.5988777777777777), (1, 0.0, 0.0002888888888888889), 0, (2, 0.0, 0.0), 0, (3, 0.0001, 0.1530611111111111), 0, 0, 0, 0, 0, (1, 0.0, 0.000861111111111111), (1, 0.0, 0.0008166666666666667), (3, 0.0, 2.2222222222222223e-05), (2, 1.666666666666667e-05, 0.0007), (2, 0.0, 0.0), (1, 0.0002333333333333333, 0.05122222222222223), (2, 0.00026666666666666673, 0.002455555555555556), (3, 0.0, 1.6666666666666667e-05), (2, 0.0, 0.0013222222222222222)]","[-1, -1, -1, -1, -1, -1, -1, -1, -1, -1, -1, -1, -1, -1, -1, -1, -1, -1, -1, -1, -1, -1, -1, -1, -1, -1, -1, -1, -1, -1, -1, -1, -1, -1, -1, -1, -1, -1, -1, -1, -1, -1, -1, -1, -1, -1, -1, -1, -1, -1, -1, -1, -1, -1, -1, -1, 9, 14, 14, 9, -1, 15, -1, 6, -1, -1, -1, -1, -1, 7, 10, 14, 11, 12, 4, 11, 0, 13]","[False, False, False, False, False, False, False, False, False, False, False, False, False, False, False, False, False, False, False, False, False, False, False, False, False, False, False, False, False, False, False, False, False, False, False, False, False, False, False, False, False, False, False, False, False, False, False, False, False, False, False, False, False, False, False, False, True, True, True, True, False, True, False, True, False, False, False, False, False, True, True, True, True, True, True, True, True, True]"
57,"[0, 0, 0, 0, 0, 0, 0, 0, 0, 0, 0, 0, 0, 0, 0, 0, 0, 0, 0, 0, 0, 0, 0, 0, 0, 0, 0, 0, 0, 0, 0, 0, 0, 0, 0, 0, 0, 0, 0, 0, 0, 0, 0, 0, 0, 0, 0, 0, 0, 0, 0, 0, 0, 0, 0, 0, 0, 4138.80906240035, 3262.0959778524575, 0, 0, 3148.573702267009, 0, 6374.312287858666, 0, 0, 0, 0, 0, 0, 0, 1191.9840113790701, 1459.7089616688797, 3145.2348118086134, 1845.861124904825, 590.4107639942779, 1135.2228679800667, 777.9614183128089, 498.43737685074666]","[0, 0, 0, 0, 0, 0, 0, 0, 1, 1, 1, 1, 1, 1, 2, 2, 2, 2, 2, 2, 2, 3, 3, 3, 4, 4, 4, 5, 5, 5, 5, 6, 6, 6, 7, 7, 7, 7, 7, 8, 8, 8, 8, 8, 8, 8, 8, 9, 9, 9, 9, 9, 10, 10, 10, 10, 11, 11, 11, 12, 12, 12, 12, 12, 12, 13, 13, 13, 13, 13, 13, 14, 14, 14, 14, 15, 15, 15, 15]","[1, 1, 1, 1, 1, 1, 1, 3, 2, 2, 2, 2, 2, 2, 3, 3, 4, 5, 8, 8, 8, 9, 11, 12, 12, 12, 12, 14, 14, 16, 17, 18, 21, 20, 21, 22, 25, 24, 26, 26, 26, 28, 26, 27, 27, 27, 28, 28, 33, 31, 31, 34, 35, 35, 35, 39, 40, 42, 43, 42, 43, 44, 44, 44, 45, 45, 46, 47, 49, 48, 51, 52, 53, 54, 55, 54, 55, 57, 56]","[21, 5, 26, 12, 8, 8, 20, 15, 11, 19, 8, 9, 4, 26, 11, 11, 14, 12, 26, 27, 25, 35, 33, 31, 14, 27, 26, 18, 17, 24, 21, 28, 28, 24, 35, 45, 34, 27, 54, 42, 43, 44, 42, 30, 42, 31, 53, 53, 48, 43, 40, 54, 52, 39, 46, 45, 57, -1, -1, -1, 44, -1, 48, -1, 46, 51, 55, 56, 56, -1, 57, -1, -1, -1, -1, -1, -1, -1, -1]","[0, 0, 0, 0, 0, 0, 0, 0, 0, 0, 0, 0, 0, 0, 0, 0, 0, 0, 0, 0, 0, 0, 0, 0, 0, 0, 0, 0, 0, 0, 0, 0, 0, 0, 0, 0, 0, 0, 0, 0, 0, 0, 0, 0, 0, 0, 0, 0, 0, 0, 0, 0, 0, 0, 0, 0, 0, 2617.5127118563905, 1740.7996273084984, 4029.0, 0, 3199.8061419771, 0, 4029.0, 0, 0, 0, 0, 0, 4029.0, 0, -329.31233916488895, 2449.1490988373007, 4029.0, 4029.0, 1579.850901162699, 4029.0, 829.1938580228999, 4029.0]","[0, 0, 0, 0, 0, 0, 0, 0, 0, 0, 0, 0, 0, 0, 0, 0, 0, 0, 0, 0, 0, 0, 0, 0, 0, 0, 0, 0, 0, 0, 0, 0, 0, 0, 0, 0, 0, 0, 0, 0, 0, 0, 0, 0, 0, 0, 0, 0, 0, 0, 0, 0, 0, 0, 0, 0, 0, (673.8842, 1.5523333333333331, 1.8134000000000001), (392.8656, 0.7547333333333333, 0.24346666666666666), (184.5488, 0.0, 0.0), 0, (0.0, 0.0, 0.0), 0, (1736.4414, 0.2492666666666667, 1.2721333333333333), 0, 0, 0, 0, 0, (0.0, 0.004666666666666667, 0.00013333333333333334), 0, (30.932599999999997, 11.007200000000001, 11.033333333333335), (114.64386666666668, 0.0, 0.0011333333333333332), (0.0, 0.0, 0.0), (109.4118, 0.21166666666666664, 0.17653333333333332), (311.7758666666666, 0.0011333333333333332, 0.0015333333333333334), (31.3258, 10.272666666666666, 10.300266666666666), (123.73126666666663, 0.009733333333333332, 0.0028), (145.4024, 0.004733333333333333, 6.666666666666668e-05)]","[0, 0, 0, 0, 0, 0, 0, 0, 0, 0, 0, 0, 0, 0, 0, 0, 0, 0, 0, 0, 0, 0, 0, 0, 0, 0, 0, 0, 0, 0, 0, 0, 0, 0, 0, 0, 0, 0, 0, 0, 0, 0, 0, 0, 0, 0, 0, 0, 0, 0, 0, 0, 0, 0, 0, 0, 0, (1, 1.0415999999999999, 0.5724111111111111), (3, 0.00026666666666666673, 1.4022944444444445), (1, 0.0, 0.00029444444444444445), 0, (2, 0.0, 0.0), 0, (3, 0.00015, 0.2104), 0, 0, 0, 0, 0, (1, 0.0, 0.0008388888888888889), 0, (3, 0.0, 2.2222222222222223e-05), (2, 0.0, 0.0006555555555555555), (2, 0.0, 0.0), (1, 0.00011666666666666667, 0.05212222222222222), (2, 0.0, 0.002388888888888889), (3, 0.0, 4.4444444444444447e-05), (2, 0.0, 2.2222222222222223e-05), (2, 0.0, 0.0012666666666666666)]","[-1, -1, -1, -1, -1, -1, -1, -1, -1, -1, -1, -1, -1, -1, -1, -1, -1, -1, -1, -1, -1, -1, -1, -1, -1, -1, -1, -1, -1, -1, -1, -1, -1, -1, -1, -1, -1, -1, -1, -1, -1, -1, -1, -1, -1, -1, -1, -1, -1, -1, -1, -1, -1, -1, -1, -1, -1, 14, 14, 9, -1, 15, -1, 6, -1, -1, -1, -1, -1, 7, -1, 14, 11, 12, 4, 11, 0, 15, 13]","[False, False, False, False, False, False, False, False, False, False, False, False, False, False, False, False, False, False, False, False, False, False, False, False, False, False, False, False, False, False, False, False, False, False, False, False, False, False, False, False, False, False, False, False, False, False, False, False, False, False, False, False, False, False, False, False, False, True, True, True, False, True, False, True, False, False, False, False, False, True, False, True, True, True, True, True, True, True, True]"
58,"[0, 0, 0, 0, 0, 0, 0, 0, 0, 0, 0, 0, 0, 0, 0, 0, 0, 0, 0, 0, 0, 0, 0, 0, 0, 0, 0, 0, 0, 0, 0, 0, 0, 0, 0, 0, 0, 0, 0, 0, 0, 0, 0, 0, 0, 0, 0, 0, 0, 0, 0, 0, 0, 0, 0, 0, 0, 3308.0803617035053, 3983.2963168658976, 0, 0, 3425.7016103138403, 0, 3703.171900565511, 0, 0, 0, 0, 0, 0, 0, 0, 845.5631180399, 2988.3069602640226, 1812.9971286157179, 534.03988703, 1145.2395403445964, 888.1447951553957, 498.43737685074666, 517.5280212281833, 685.3513090824399, 590.9835929581135, 1108.5118598755066]","[0, 0, 0, 0, 0, 0, 0, 0, 1, 1, 1, 1, 1, 1, 2, 2, 2, 2, 2, 2, 2, 3, 3, 3, 4, 4, 4, 5, 5, 5, 5, 6, 6, 6, 7, 7, 7, 7, 7, 8, 8, 8, 8, 8, 8, 8, 8, 9, 9, 9, 9, 9, 10, 10, 10, 10, 11, 11, 11, 12, 12, 12, 12, 12, 12, 13, 13, 13, 13, 13, 13, 14, 14, 14, 14, 15, 15, 15, 15, 15, 16, 16, 16]","[1, 1, 1, 1, 1, 1, 1, 3, 2, 2, 2, 2, 2, 2, 3, 3, 4, 5, 8, 8, 8, 9, 11, 12, 12, 12, 12, 14, 14, 16, 17, 18, 21, 20, 21, 22, 25, 24, 26, 26, 26, 28, 26, 27, 27, 27, 28, 28, 33, 31, 31, 34, 35, 35, 35, 39, 40, 42, 43, 42, 43, 44, 44, 44, 45, 45, 46, 47, 49, 48, 51, 52, 53, 54, 55, 54, 55, 57, 56, 58, 58, 58, 58]","[21, 5, 26, 12, 8, 8, 20, 15, 11, 19, 8, 9, 4, 26, 11, 11, 14, 12, 26, 27, 25, 35, 33, 31, 14, 27, 26, 18, 17, 24, 21, 28, 28, 24, 35, 45, 34, 27, 54, 42, 43, 44, 42, 30, 42, 31, 53, 53, 48, 43, 40, 54, 52, 39, 46, 45, 57, -1, -1, 58, 44, -1, 48, -1, 46, 51, 55, 56, 56, 58, 57, -1, -1, -1, -1, -1, -1, -1, -1, -1, -1, -1, -1]","[0, 0, 0, 0, 0, 0, 0, 0, 0, 0, 0, 0, 0, 0, 0, 0, 0, 0, 0, 0, 0, 0, 0, 0, 0, 0, 0, 0, 0, 0, 0, 0, 0, 0, 0, 0, 0, 0, 0, 0, 0, 0, 0, 0, 0, 0, 0, 0, 0, 0, 0, 0, 0, 0, 0, 0, 0, 2220.621468847038, 2895.83742400943, 0, 0, 4029.0, 0, 4029.0, 0, 0, 0, 0, 0, 0, 0, -1087.4588928564674, 1359.191496391431, 4029.0, 4029.0, 1047.668265381531, 4029.0, 4029.0, 1968.2268919463165, 4029.0, 4029.0, 2060.7731080536832, 1622.1402382270376]","[0, 0, 0, 0, 0, 0, 0, 0, 0, 0, 0, 0, 0, 0, 0, 0, 0, 0, 0, 0, 0, 0, 0, 0, 0, 0, 0, 0, 0, 0, 0, 0, 0, 0, 0, 0, 0, 0, 0, 0, 0, 0, 0, 0, 0, 0, 0, 0, 0, 0, 0, 0, 0, 0, 0, 0, 0, (894.7841999999999, 1.598466666666667, 1.968333333333333), (432.01279999999997, 0.8446, 0.2776), 0, 0, (0.0, 0.0, 0.0), 0, (1493.1718, 0.1692, 0.7876000000000001), 0, 0, 0, 0, 0, 0, 0, (29.2284, 11.277066666666668, 11.304066666666667), (92.27413333333331, 6.666666666666668e-05, 0.0013333333333333333), (0.0, 0.0, 0.0), (108.76053333333334, 0.20446666666666666, 0.17406666666666665), (325.75713333333334, 0.0011333333333333332, 0.0014666666666666665), (31.238400000000002, 10.958333333333334, 10.986266666666667), (120.93533333333332, 0.045200000000000004, 0.020266666666666665), (67.1088, 0.004666666666666667, 0.0), (58.7202, 0.004733333333333333, 0.00013333333333333334), (232.08433333333338, 0.9976, 0.007), (265.6387333333333, 0.05313333333333333, 0.031266666666666665), (67.1088, 0.0, 0.001)]","[0, 0, 0, 0, 0, 0, 0, 0, 0, 0, 0, 0, 0, 0, 0, 0, 0, 0, 0, 0, 0, 0, 0, 0, 0, 0, 0, 0, 0, 0, 0, 0, 0, 0, 0, 0, 0, 0, 0, 0, 0, 0, 0, 0, 0, 0, 0, 0, 0, 0, 0, 0, 0, 0, 0, 0, 0, (1, 0.0013, 0.001966666666666667), (3, 0.0, 1.846088888888889), 0, 0, (2, 0.0, 0.0), 0, (3, 0.0001, 0.13415555555555556), 0, 0, 0, 0, 0, 0, 0, (3, 0.0, 2.2222222222222223e-05), (2, 1.666666666666667e-05, 0.003455555555555556), (2, 0.0, 0.0), (1, 0.0, 0.05014999999999999), (2, 0.0006666666666666666, 0.0023944444444444447), (3, 0.0, 2.2222222222222223e-05), (2, 0.0, 0.0), (2, 0.0, 0.0012333333333333335), (2, 0.0, 0.0010944444444444443), (3, 0.0, 0.0005111111111111112), (3, 0.0, 0.006316666666666667), (3, 0.0, 0.0)]","[-1, -1, -1, -1, -1, -1, -1, -1, -1, -1, -1, -1, -1, -1, -1, -1, -1, -1, -1, -1, -1, -1, -1, -1, -1, -1, -1, -1, -1, -1, -1, -1, -1, -1, -1, -1, -1, -1, -1, -1, -1, -1, -1, -1, -1, -1, -1, -1, -1, -1, -1, -1, -1, -1, -1, -1, -1, 14, 14, -1, -1, 15, -1, 6, -1, -1, -1, -1, -1, -1, -1, 14, 11, 12, 4, 11, 0, 5, 13, 7, 10, 13, 11]","[False, False, False, False, False, False, False, False, False, False, False, False, False, False, False, False, False, False, False, False, False, False, False, False, False, False, False, False, False, False, False, False, False, False, False, False, False, False, False, False, False, False, False, False, False, False, False, False, False, False, False, False, False, False, False, False, False, True, True, False, False, True, False, True, False, False, False, False, False, False, False, True, True, True, True, True, True, True, True, True, True, True, True]"
59,"[0, 0, 0, 0, 0, 0, 0, 0, 0, 0, 0, 0, 0, 0, 0, 0, 0, 0, 0, 0, 0, 0, 0, 0, 0, 0, 0, 0, 0, 0, 0, 0, 0, 0, 0, 0, 0, 0, 0, 0, 0, 0, 0, 0, 0, 0, 0, 0, 0, 0, 0, 0, 0, 0, 0, 0, 0, 3144.901509780911, 3906.5018363228, 0, 0, 3442.3960626058183, 0, 3949.038231668631, 0, 0, 0, 0, 0, 0, 0, 0, 833.6955655060068, 3008.340303014396, 1886.9411202662081, 522.1723339848888, 1218.6951376844836, 851.4170028745334, 498.43737685074666, 510.85024030910995, 741.7221959766666, 580.9669218910268, 1115.189642163913, 1364.7688631682443]","[0, 0, 0, 0, 0, 0, 0, 0, 1, 1, 1, 1, 1, 1, 2, 2, 2, 2, 2, 2, 2, 3, 3, 3, 4, 4, 4, 5, 5, 5, 5, 6, 6, 6, 7, 7, 7, 7, 7, 8, 8, 8, 8, 8, 8, 8, 8, 9, 9, 9, 9, 9, 10, 10, 10, 10, 11, 11, 11, 12, 12, 12, 12, 12, 12, 13, 13, 13, 13, 13, 13, 14, 14, 14, 14, 15, 15, 15, 15, 15, 16, 16, 16, 17]","[1, 1, 1, 1, 1, 1, 1, 3, 2, 2, 2, 2, 2, 2, 3, 3, 4, 5, 8, 8, 8, 9, 11, 12, 12, 12, 12, 14, 14, 16, 17, 18, 21, 20, 21, 22, 25, 24, 26, 26, 26, 28, 26, 27, 27, 27, 28, 28, 33, 31, 31, 34, 35, 35, 35, 39, 40, 42, 43, 42, 43, 44, 44, 44, 45, 45, 46, 47, 49, 48, 51, 52, 53, 54, 55, 54, 55, 57, 56, 58, 58, 58, 58, 59]","[21, 5, 26, 12, 8, 8, 20, 15, 11, 19, 8, 9, 4, 26, 11, 11, 14, 12, 26, 27, 25, 35, 33, 31, 14, 27, 26, 18, 17, 24, 21, 28, 28, 24, 35, 45, 34, 27, 54, 42, 43, 44, 42, 30, 42, 31, 53, 53, 48, 43, 40, 54, 52, 39, 46, 45, 57, -1, -1, 58, 44, -1, 48, -1, 46, 51, 55, 56, 56, 58, 57, 59, -1, -1, -1, -1, -1, -1, -1, -1, -1, -1, -1, -1]","[0, 0, 0, 0, 0, 0, 0, 0, 0, 0, 0, 0, 0, 0, 0, 0, 0, 0, 0, 0, 0, 0, 0, 0, 0, 0, 0, 0, 0, 0, 0, 0, 0, 0, 0, 0, 0, 0, 0, 0, 0, 0, 0, 0, 0, 0, 0, 0, 0, 0, 0, 0, 0, 0, 0, 0, 0, 1633.6998367290557, 2395.3001632709447, 0, 0, 4029.0, 0, 4029.0, 0, 0, 0, 0, 0, 0, 0, 0, 1353.0097182877373, 4029.0, 4029.0, 1041.4864867666192, 4029.0, 4029.0, 1973.23522747986, 4029.0, 4029.0, 2055.76477252014, 1634.5037949456437, 4029.0]","[0, 0, 0, 0, 0, 0, 0, 0, 0, 0, 0, 0, 0, 0, 0, 0, 0, 0, 0, 0, 0, 0, 0, 0, 0, 0, 0, 0, 0, 0, 0, 0, 0, 0, 0, 0, 0, 0, 0, 0, 0, 0, 0, 0, 0, 0, 0, 0, 0, 0, 0, 0, 0, 0, 0, 0, 0, (727.012, 1.5444666666666669, 1.7056666666666669), (339.7382, 0.8196, 0.2693333333333333), 0, 0, (0.0, 0.0, 0.0), 0, (1484.7831999999999, 0.21580000000000002, 0.8416666666666666), 0, 0, 0, 0, 0, 0, 0, 0, (76.89526666666666, 0.0, 0.001), (0.0, 0.0, 0.0), (115.2732, 0.21046666666666666, 0.17566666666666664), (304.78553333333326, 0.0011333333333333332, 0.0014666666666666665), (30.75773333333333, 11.004733333333336, 11.030333333333335), (120.23626666666664, 0.034466666666666666, 0.0114), (100.6632, 0.004666666666666667, 6.666666666666668e-05), (50.3316, 0.004666666666666667, 0.00013333333333333334), (264.24086666666665, 0.7731333333333333, 0.0056), (272.62933333333325, 0.053200000000000004, 0.03573333333333333), (47.5354, 0.0, 0.001), (402.65259999999995, 0.0, 0.0)]","[0, 0, 0, 0, 0, 0, 0, 0, 0, 0, 0, 0, 0, 0, 0, 0, 0, 0, 0, 0, 0, 0, 0, 0, 0, 0, 0, 0, 0, 0, 0, 0, 0, 0, 0, 0, 0, 0, 0, 0, 0, 0, 0, 0, 0, 0, 0, 0, 0, 0, 0, 0, 0, 0, 0, 0, 0, (1, 0.0019666666666666665, 0.05048333333333333), (3, 3.3333333333333335e-05, 1.7759777777777779), 0, 0, (2, 0.0, 0.0), 0, (3, 0.0001, 0.17663333333333334), 0, 0, 0, 0, 0, 0, 0, 0, (2, 0.0, 0.0005055555555555555), (2, 0.0, 0.0), (1, 0.0, 0.05059444444444444), (2, 6.666666666666667e-05, 0.0023833333333333337), (3, 0.0, 2.2222222222222223e-05), (2, 0.0, 2.2222222222222223e-05), (2, 0.0, 0.001238888888888889), (2, 0.0, 0.0010555555555555557), (3, 0.0, 0.0006277777777777777), (3, 0.0, 0.0011611111111111112), (3, 0.0, 0.0), (3, 0.1085, 0.004066666666666666)]","[-1, -1, -1, -1, -1, -1, -1, -1, -1, -1, -1, -1, -1, -1, -1, -1, -1, -1, -1, -1, -1, -1, -1, -1, -1, -1, -1, -1, -1, -1, -1, -1, -1, -1, -1, -1, -1, -1, -1, -1, -1, -1, -1, -1, -1, -1, -1, -1, -1, -1, -1, -1, -1, -1, -1, -1, -1, 14, 14, -1, -1, 15, -1, 6, -1, -1, -1, -1, -1, -1, -1, -1, 11, 12, 4, 11, 0, 5, 13, 7, 10, 13, 11, 9]","[False, False, False, False, False, False, False, False, False, False, False, False, False, False, False, False, False, False, False, False, False, False, False, False, False, False, False, False, False, False, False, False, False, False, False, False, False, False, False, False, False, False, False, False, False, False, False, False, False, False, False, False, False, False, False, False, False, True, True, False, False, True, False, True, False, False, False, False, False, False, False, False, True, True, True, True, True, True, True, True, True, True, True, True]"
60,"[0, 0, 0, 0, 0, 0, 0, 0, 0, 0, 0, 0, 0, 0, 0, 0, 0, 0, 0, 0, 0, 0, 0, 0, 0, 0, 0, 0, 0, 0, 0, 0, 0, 0, 0, 0, 0, 0, 0, 0, 0, 0, 0, 0, 0, 0, 0, 0, 0, 0, 0, 0, 0, 0, 0, 0, 0, 3242.8088209344673, 4300.490910413475, 0, 0, 3475.784967189774, 0, 3566.579494397111, 0, 0, 0, 0, 0, 0, 0, 0, 0, 3068.4403312655163, 1906.1117847681867, 531.0729987687222, 1191.9840113790701, 834.7225518377779, 0, 510.85024030910995, 623.0466446204, 557.5946894011578, 1115.189642163913, 1691.1266347954333]","[0, 0, 0, 0, 0, 0, 0, 0, 1, 1, 1, 1, 1, 1, 2, 2, 2, 2, 2, 2, 2, 3, 3, 3, 4, 4, 4, 5, 5, 5, 5, 6, 6, 6, 7, 7, 7, 7, 7, 8, 8, 8, 8, 8, 8, 8, 8, 9, 9, 9, 9, 9, 10, 10, 10, 10, 11, 11, 11, 12, 12, 12, 12, 12, 12, 13, 13, 13, 13, 13, 13, 14, 14, 14, 14, 15, 15, 15, 15, 15, 16, 16, 16, 17]","[1, 1, 1, 1, 1, 1, 1, 3, 2, 2, 2, 2, 2, 2, 3, 3, 4, 5, 8, 8, 8, 9, 11, 12, 12, 12, 12, 14, 14, 16, 17, 18, 21, 20, 21, 22, 25, 24, 26, 26, 26, 28, 26, 27, 27, 27, 28, 28, 33, 31, 31, 34, 35, 35, 35, 39, 40, 42, 43, 42, 43, 44, 44, 44, 45, 45, 46, 47, 49, 48, 51, 52, 53, 54, 55, 54, 55, 57, 56, 58, 58, 58, 58, 59]","[21, 5, 26, 12, 8, 8, 20, 15, 11, 19, 8, 9, 4, 26, 11, 11, 14, 12, 26, 27, 25, 35, 33, 31, 14, 27, 26, 18, 17, 24, 21, 28, 28, 24, 35, 45, 34, 27, 54, 42, 43, 44, 42, 30, 42, 31, 53, 53, 48, 43, 40, 54, 52, 39, 46, 45, 57, -1, -1, 58, 44, -1, 48, -1, 46, 51, 55, 56, 56, 58, 57, 59, -1, -1, -1, -1, -1, -1, -1, -1, -1, -1, -1, -1]","[0, 0, 0, 0, 0, 0, 0, 0, 0, 0, 0, 0, 0, 0, 0, 0, 0, 0, 0, 0, 0, 0, 0, 0, 0, 0, 0, 0, 0, 0, 0, 0, 0, 0, 0, 0, 0, 0, 0, 0, 0, 0, 0, 0, 0, 0, 0, 0, 0, 0, 0, 0, 0, 0, 0, 0, 0, 1485.658955260496, 2543.3410447395036, 0, 0, 4029.0, 0, 4029.0, 0, 0, 0, 0, 0, 0, 0, 0, 794.2457863557883, 4029.0, 4029.0, 1325.3187851245104, 4029.0, 1586.2979585211722, 1735.7026552994212, 4029.0, 4029.0, 2293.297344700579, 1909.4354285197014, 2442.7020414788276]","[0, 0, 0, 0, 0, 0, 0, 0, 0, 0, 0, 0, 0, 0, 0, 0, 0, 0, 0, 0, 0, 0, 0, 0, 0, 0, 0, 0, 0, 0, 0, 0, 0, 0, 0, 0, 0, 0, 0, 0, 0, 0, 0, 0, 0, 0, 0, 0, 0, 0, 0, 0, 0, 0, 0, 0, 0, (578.8134, 1.5288, 1.8861333333333334), (322.9608666666666, 0.8597333333333332, 0.2828), 0, 0, (0.0, 0.0, 0.0), 0, (1644.1666, 0.15380000000000002, 0.6252666666666667), 0, 0, 0, 0, 0, 0, 0, 0, (79.6912, 6.666666666666668e-05, 0.001), (0.0, 0.0, 0.0), (97.689, 0.24573333333333333, 0.20893333333333336), (258.64813333333325, 0.0011333333333333332, 0.0015333333333333334), (30.932599999999997, 11.007200000000001, 11.033333333333335), (130.722, 0.026466666666666666, 0.011066666666666664), (0.0, 0.004666666666666667, 6.666666666666668e-05), (47.5354, 0.004533333333333333, 0.00013333333333333334), (260.0463333333334, 0.6686, 0.004866666666666666), (160.78126666666668, 0.05293333333333333, 0.031466666666666664), (72.7012, 0.0, 0.001), (339.738, 0.0, 0.0)]","[0, 0, 0, 0, 0, 0, 0, 0, 0, 0, 0, 0, 0, 0, 0, 0, 0, 0, 0, 0, 0, 0, 0, 0, 0, 0, 0, 0, 0, 0, 0, 0, 0, 0, 0, 0, 0, 0, 0, 0, 0, 0, 0, 0, 0, 0, 0, 0, 0, 0, 0, 0, 0, 0, 0, 0, 0, (1, 0.07088333333333334, 0.05034444444444444), (3, 0.00455, 1.9583666666666668), 0, 0, (2, 0.0, 0.0), 0, (3, 5e-05, 0.16941111111111112), 0, 0, 0, 0, 0, 0, 0, 0, (2, 1.666666666666667e-05, 0.0004111111111111111), (2, 0.0, 0.0), (1, 0.0, 0.05149444444444444), (2, 0.0010333333333333334, 0.0024222222222222223), (3, 0.0, 2.2222222222222223e-05), (2, 0.0, 4.4444444444444447e-05), (2, 0.0, 0.0012722222222222221), (2, 0.0, 0.0011222222222222222), (3, 0.0, 0.0004277777777777778), (3, 0.0, 0.0011222222222222222), (3, 0.0, 0.0), (3, 0.2122, 0.00935)]","[-1, -1, -1, -1, -1, -1, -1, -1, -1, -1, -1, -1, -1, -1, -1, -1, -1, -1, -1, -1, -1, -1, -1, -1, -1, -1, -1, -1, -1, -1, -1, -1, -1, -1, -1, -1, -1, -1, -1, -1, -1, -1, -1, -1, -1, -1, -1, -1, -1, -1, -1, -1, -1, -1, -1, -1, -1, 14, 14, -1, -1, 15, -1, 6, -1, -1, -1, -1, -1, -1, -1, -1, 11, 12, 4, 11, 0, 5, 13, 7, 10, 13, 11, 5]","[False, False, False, False, False, False, False, False, False, False, False, False, False, False, False, False, False, False, False, False, False, False, False, False, False, False, False, False, False, False, False, False, False, False, False, False, False, False, False, False, False, False, False, False, False, False, False, False, False, False, False, False, False, False, False, False, False, True, True, False, False, True, False, True, False, False, False, False, False, False, False, False, True, True, True, True, True, True, True, True, True, True, True, True]"
61,"[0, 0, 0, 0, 0, 0, 0, 0, 0, 0, 0, 0, 0, 0, 0, 0, 0, 0, 0, 0, 0, 0, 0, 0, 0, 0, 0, 0, 0, 0, 0, 0, 0, 0, 0, 0, 0, 0, 0, 0, 0, 0, 0, 0, 0, 0, 0, 0, 0, 0, 0, 0, 0, 0, 0, 0, 0, 3296.2128088364075, 4420.690966915716, 0, 0, 3732.8795324862313, 0, 4726.09725342664, 0, 0, 0, 0, 0, 0, 0, 0, 0, 3021.6958648479776, 1908.8504511256126, 537.0067752912778, 1198.6617929554236, 791.3169791422134, 0, 0, 0, 574.2891411796356, 1105.1729687313032, 1254.9939763481898, 1115.1894634134223]","[0, 0, 0, 0, 0, 0, 0, 0, 1, 1, 1, 1, 1, 1, 2, 2, 2, 2, 2, 2, 2, 3, 3, 3, 4, 4, 4, 5, 5, 5, 5, 6, 6, 6, 7, 7, 7, 7, 7, 8, 8, 8, 8, 8, 8, 8, 8, 9, 9, 9, 9, 9, 10, 10, 10, 10, 11, 11, 11, 12, 12, 12, 12, 12, 12, 13, 13, 13, 13, 13, 13, 14, 14, 14, 14, 15, 15, 15, 15, 15, 16, 16, 16, 17, 17]","[1, 1, 1, 1, 1, 1, 1, 3, 2, 2, 2, 2, 2, 2, 3, 3, 4, 5, 8, 8, 8, 9, 11, 12, 12, 12, 12, 14, 14, 16, 17, 18, 21, 20, 21, 22, 25, 24, 26, 26, 26, 28, 26, 27, 27, 27, 28, 28, 33, 31, 31, 34, 35, 35, 35, 39, 40, 42, 43, 42, 43, 44, 44, 44, 45, 45, 46, 47, 49, 48, 51, 52, 53, 54, 55, 54, 55, 57, 56, 58, 58, 58, 58, 59, 61]","[21, 5, 26, 12, 8, 8, 20, 15, 11, 19, 8, 9, 4, 26, 11, 11, 14, 12, 26, 27, 25, 35, 33, 31, 14, 27, 26, 18, 17, 24, 21, 28, 28, 24, 35, 45, 34, 27, 54, 42, 43, 44, 42, 30, 42, 31, 53, 53, 48, 43, 40, 54, 52, 39, 46, 45, 57, -1, -1, 58, 44, -1, 48, -1, 46, 51, 55, 56, 56, 58, 57, 59, 61, -1, -1, -1, -1, -1, 61, -1, -1, -1, -1, -1, -1]","[0, 0, 0, 0, 0, 0, 0, 0, 0, 0, 0, 0, 0, 0, 0, 0, 0, 0, 0, 0, 0, 0, 0, 0, 0, 0, 0, 0, 0, 0, 0, 0, 0, 0, 0, 0, 0, 0, 0, 0, 0, 0, 0, 0, 0, 0, 0, 0, 0, 0, 0, 0, 0, 0, 0, 0, 0, 1452.2609209603456, 2576.739079039654, 0, 0, 4029.0, 0, 4029.0, 0, 0, 0, 0, 0, 0, 0, 0, 0, 4029.0, 4029.0, 1730.4169032799873, 4029.0, 1782.6615013970118, 0, 4029.0, 4029.0, 4029.0, 2298.5830967200127, 2246.3384986029882, 4029.0]","[0, 0, 0, 0, 0, 0, 0, 0, 0, 0, 0, 0, 0, 0, 0, 0, 0, 0, 0, 0, 0, 0, 0, 0, 0, 0, 0, 0, 0, 0, 0, 0, 0, 0, 0, 0, 0, 0, 0, 0, 0, 0, 0, 0, 0, 0, 0, 0, 0, 0, 0, 0, 0, 0, 0, 0, 0, (746.5854, 1.6389333333333334, 1.749), (436.2071333333334, 0.5388, 0.25873333333333337), 0, 0, (0.0, 0.0, 0.0), 0, (1434.4516, 0.22206666666666663, 0.8742666666666667), 0, 0, 0, 0, 0, 0, 0, 0, 0, (0.0, 0.0, 0.0), (125.0422, 0.247, 0.19506666666666664), (289.4064, 0.0012, 0.0015333333333333334), (29.2284, 11.277066666666668, 11.304066666666667), (164.2764, 0.008733333333333333, 0.0061333333333333335), 0, (55.924, 0.004733333333333333, 6.666666666666668e-05), (222.2978, 0.6696, 0.0051333333333333335), (143.3049333333333, 0.05273333333333334, 0.030533333333333336), (33.5544, 0.0, 0.001), (343.93240000000003, 0.0, 0.0), (499.1218, 0.0016666666666666668, 0.0011333333333333332)]","[0, 0, 0, 0, 0, 0, 0, 0, 0, 0, 0, 0, 0, 0, 0, 0, 0, 0, 0, 0, 0, 0, 0, 0, 0, 0, 0, 0, 0, 0, 0, 0, 0, 0, 0, 0, 0, 0, 0, 0, 0, 0, 0, 0, 0, 0, 0, 0, 0, 0, 0, 0, 0, 0, 0, 0, 0, (1, 0.0016833333333333331, 0.04975), (3, 0.009816666666666666, 1.9489666666666665), 0, 0, (2, 0.0, 0.0), 0, (3, 0.0001, 0.21292777777777777), 0, 0, 0, 0, 0, 0, 0, 0, 0, (2, 0.0, 0.0), (1, 3.3333333333333335e-05, 0.05121666666666667), (2, 0.00013333333333333334, 0.0024055555555555557), (3, 0.0, 2.2222222222222223e-05), (2, 0.0, 8.88888888888889e-05), 0, (2, 0.0, 0.0010555555555555555), (3, 0.0, 0.0005), (3, 0.0, 0.0011333333333333332), (3, 0.0, 0.0), (3, 0.020033333333333334, 0.0038777777777777777), (2, 0.0, 0.0010999999999999998)]","[-1, -1, -1, -1, -1, -1, -1, -1, -1, -1, -1, -1, -1, -1, -1, -1, -1, -1, -1, -1, -1, -1, -1, -1, -1, -1, -1, -1, -1, -1, -1, -1, -1, -1, -1, -1, -1, -1, -1, -1, -1, -1, -1, -1, -1, -1, -1, -1, -1, -1, -1, -1, -1, -1, -1, -1, -1, 14, 14, -1, -1, 15, -1, 6, -1, -1, -1, -1, -1, -1, -1, -1, -1, 12, 4, 11, 0, 5, -1, 7, 10, 13, 11, 5, 1]","[False, False, False, False, False, False, False, False, False, False, False, False, False, False, False, False, False, False, False, False, False, False, False, False, False, False, False, False, False, False, False, False, False, False, False, False, False, False, False, False, False, False, False, False, False, False, False, False, False, False, False, False, False, False, False, False, False, True, True, False, False, True, False, True, False, False, False, False, False, False, False, False, False, True, True, True, True, True, False, True, True, True, True, True, True]"
62,"[0, 0, 0, 0, 0, 0, 0, 0, 0, 0, 0, 0, 0, 0, 0, 0, 0, 0, 0, 0, 0, 0, 0, 0, 0, 0, 0, 0, 0, 0, 0, 0, 0, 0, 0, 0, 0, 0, 0, 0, 0, 0, 0, 0, 0, 0, 0, 0, 0, 0, 0, 0, 0, 0, 0, 0, 0, 3136.0008451305875, 3412.3460484802577, 0, 0, 3782.9628893621643, 0, 3065.7406717796443, 0, 0, 0, 0, 0, 0, 0, 0, 0, 2894.8180274289466, 1714.4051397483977, 534.03988703, 0, 794.6558693495645, 0, 0, 0, 577.6280315353312, 1111.8507510197098, 1266.8615316800874, 1175.2894943758222, 731.2170323801198, 644.4058826961312]","[0, 0, 0, 0, 0, 0, 0, 0, 1, 1, 1, 1, 1, 1, 2, 2, 2, 2, 2, 2, 2, 3, 3, 3, 4, 4, 4, 5, 5, 5, 5, 6, 6, 6, 7, 7, 7, 7, 7, 8, 8, 8, 8, 8, 8, 8, 8, 9, 9, 9, 9, 9, 10, 10, 10, 10, 11, 11, 11, 12, 12, 12, 12, 12, 12, 13, 13, 13, 13, 13, 13, 14, 14, 14, 14, 15, 15, 15, 15, 15, 16, 16, 16, 17, 17, 18, 18]","[1, 1, 1, 1, 1, 1, 1, 3, 2, 2, 2, 2, 2, 2, 3, 3, 4, 5, 8, 8, 8, 9, 11, 12, 12, 12, 12, 14, 14, 16, 17, 18, 21, 20, 21, 22, 25, 24, 26, 26, 26, 28, 26, 27, 27, 27, 28, 28, 33, 31, 31, 34, 35, 35, 35, 39, 40, 42, 43, 42, 43, 44, 44, 44, 45, 45, 46, 47, 49, 48, 51, 52, 53, 54, 55, 54, 55, 57, 56, 58, 58, 58, 58, 59, 61, 62, 62]","[21, 5, 26, 12, 8, 8, 20, 15, 11, 19, 8, 9, 4, 26, 11, 11, 14, 12, 26, 27, 25, 35, 33, 31, 14, 27, 26, 18, 17, 24, 21, 28, 28, 24, 35, 45, 34, 27, 54, 42, 43, 44, 42, 30, 42, 31, 53, 53, 48, 43, 40, 54, 52, 39, 46, 45, 57, -1, -1, 58, 44, -1, 48, -1, 46, 51, 55, 56, 56, 58, 57, 59, 61, -1, -1, -1, -1, -1, 61, 62, 62, -1, -1, -1, -1, -1, -1]","[0, 0, 0, 0, 0, 0, 0, 0, 0, 0, 0, 0, 0, 0, 0, 0, 0, 0, 0, 0, 0, 0, 0, 0, 0, 0, 0, 0, 0, 0, 0, 0, 0, 0, 0, 0, 0, 0, 0, 0, 0, 0, 0, 0, 0, 0, 0, 0, 0, 0, 0, 0, 0, 0, 0, 0, 0, 1876.3273983251647, 2152.672601674835, 0, 0, 4029.0, 0, 3150.0424012150397, 0, 0, 0, 0, 0, 0, 0, 0, 0, 4029.0, 2506.094053684139, 1725.594568005145, 4029.0, 878.95759878496, 0, 0, 0, 1981.1110744195998, 2303.4054319948546, 4029.0, 4029.0, 1522.905946315861, 2047.8889255804002]","[0, 0, 0, 0, 0, 0, 0, 0, 0, 0, 0, 0, 0, 0, 0, 0, 0, 0, 0, 0, 0, 0, 0, 0, 0, 0, 0, 0, 0, 0, 0, 0, 0, 0, 0, 0, 0, 0, 0, 0, 0, 0, 0, 0, 0, 0, 0, 0, 0, 0, 0, 0, 0, 0, 0, 0, 0, (606.7754, 1.5655999999999999, 1.7066), (391.46766666666673, 0.6240666666666668, 0.2032), 0, 0, (0.0, 0.0, 0.0), 0, (1392.5086000000001, 0.1512, 0.6417333333333333), 0, 0, 0, 0, 0, 0, 0, 0, 0, (0.0, 0.0, 0.0), (93.78139999999999, 0.23493333333333336, 0.19066666666666662), (239.0746, 0.0012, 0.0016), (27.96146666666667, 11.744666666666664, 11.770666666666664), (148.19806666666668, 0.008400000000000001, 0.004866666666666666), 0, 0, 0, (167.77166666666662, 0.052866666666666666, 0.030466666666666666), (39.146800000000006, 0.0, 0.001), (306.18359999999996, 0.0, 0.0), (553.6476, 0.0017333333333333335, 0.0015333333333333334), (178.9568, 0.0019333333333333331, 0.0014666666666666665), (32.15606666666666, 0.0009333333333333332, 6.666666666666668e-05)]","[0, 0, 0, 0, 0, 0, 0, 0, 0, 0, 0, 0, 0, 0, 0, 0, 0, 0, 0, 0, 0, 0, 0, 0, 0, 0, 0, 0, 0, 0, 0, 0, 0, 0, 0, 0, 0, 0, 0, 0, 0, 0, 0, 0, 0, 0, 0, 0, 0, 0, 0, 0, 0, 0, 0, 0, 0, (1, 0.0, 0.0005055555555555555), (3, 0.0, 1.7597444444444446), 0, 0, (2, 0.0, 0.0), 0, (3, 6.666666666666667e-05, 0.11822222222222224), 0, 0, 0, 0, 0, 0, 0, 0, 0, (2, 0.0, 0.0), (1, 0.0, 0.049894444444444436), (2, 0.00016666666666666666, 0.002361111111111111), (3, 0.0, 2.2222222222222223e-05), (2, 0.0, 0.0), 0, 0, 0, (3, 1.666666666666667e-05, 0.0011833333333333333), (3, 0.0, 0.0), (3, 0.008033333333333333, 0.003372222222222222), (2, 0.0, 0.0005222222222222223), (1, 0.36411666666666676, 0.01315), (1, 0.0, 0.000638888888888889)]","[-1, -1, -1, -1, -1, -1, -1, -1, -1, -1, -1, -1, -1, -1, -1, -1, -1, -1, -1, -1, -1, -1, -1, -1, -1, -1, -1, -1, -1, -1, -1, -1, -1, -1, -1, -1, -1, -1, -1, -1, -1, -1, -1, -1, -1, -1, -1, -1, -1, -1, -1, -1, -1, -1, -1, -1, -1, 14, 14, -1, -1, 15, -1, 6, -1, -1, -1, -1, -1, -1, -1, -1, -1, 12, 4, 11, 0, 6, -1, -1, -1, 13, 11, 7, 1, 4, 13]","[False, False, False, False, False, False, False, False, False, False, False, False, False, False, False, False, False, False, False, False, False, False, False, False, False, False, False, False, False, False, False, False, False, False, False, False, False, False, False, False, False, False, False, False, False, False, False, False, False, False, False, False, False, False, False, False, False, True, True, False, False, True, False, True, False, False, False, False, False, False, False, False, False, True, True, True, True, True, False, False, False, True, True, True, True, True, True]"
63,"[0, 0, 0, 0, 0, 0, 0, 0, 0, 0, 0, 0, 0, 0, 0, 0, 0, 0, 0, 0, 0, 0, 0, 0, 0, 0, 0, 0, 0, 0, 0, 0, 0, 0, 0, 0, 0, 0, 0, 0, 0, 0, 0, 0, 0, 0, 0, 0, 0, 0, 0, 0, 0, 0, 0, 0, 0, 3097.431298312519, 3545.9016668160803, 0, 0, 0, 0, 5157.122179558036, 0, 0, 0, 0, 0, 0, 0, 0, 0, 3151.912592725404, 1851.3384576196752, 0, 0, 0, 0, 0, 0, 564.2724701125491, 1252.08417907625, 1204.5568661876246, 1121.8672446314667, 657.7614400862267, 647.744773280049, 3464.41286996805]","[0, 0, 0, 0, 0, 0, 0, 0, 1, 1, 1, 1, 1, 1, 2, 2, 2, 2, 2, 2, 2, 3, 3, 3, 4, 4, 4, 5, 5, 5, 5, 6, 6, 6, 7, 7, 7, 7, 7, 8, 8, 8, 8, 8, 8, 8, 8, 9, 9, 9, 9, 9, 10, 10, 10, 10, 11, 11, 11, 12, 12, 12, 12, 12, 12, 13, 13, 13, 13, 13, 13, 14, 14, 14, 14, 15, 15, 15, 15, 15, 16, 16, 16, 17, 17, 18, 18, 18]","[1, 1, 1, 1, 1, 1, 1, 3, 2, 2, 2, 2, 2, 2, 3, 3, 4, 5, 8, 8, 8, 9, 11, 12, 12, 12, 12, 14, 14, 16, 17, 18, 21, 20, 21, 22, 25, 24, 26, 26, 26, 28, 26, 27, 27, 27, 28, 28, 33, 31, 31, 34, 35, 35, 35, 39, 40, 42, 43, 42, 43, 44, 44, 44, 45, 45, 46, 47, 49, 48, 51, 52, 53, 54, 55, 54, 55, 57, 56, 58, 58, 58, 58, 59, 61, 62, 62, 63]","[21, 5, 26, 12, 8, 8, 20, 15, 11, 19, 8, 9, 4, 26, 11, 11, 14, 12, 26, 27, 25, 35, 33, 31, 14, 27, 26, 18, 17, 24, 21, 28, 28, 24, 35, 45, 34, 27, 54, 42, 43, 44, 42, 30, 42, 31, 53, 53, 48, 43, 40, 54, 52, 39, 46, 45, 57, -1, -1, 58, 44, -1, 48, -1, 46, 51, 55, 56, 56, 58, 57, 59, 61, -1, -1, -1, 63, -1, 61, 62, 62, -1, -1, -1, -1, -1, -1, -1]","[0, 0, 0, 0, 0, 0, 0, 0, 0, 0, 0, 0, 0, 0, 0, 0, 0, 0, 0, 0, 0, 0, 0, 0, 0, 0, 0, 0, 0, 0, 0, 0, 0, 0, 0, 0, 0, 0, 0, 0, 0, 0, 0, 0, 0, 0, 0, 0, 0, 0, 0, 0, 0, 0, 0, 0, 0, 1790.2648157482195, 2238.7351842517805, 0, 0, 4029.0, 0, 4593.0610897790175, 0, 0, 0, 0, 0, 0, 0, 0, 0, 4029.0, 2611.2885087667246, 1388.4579104618751, 0, -564.061089779018, 0, 0, 0, 1972.7638484162499, 2640.542089538125, 4029.0, 4029.0, 1417.7114912332759, 2056.23615158375, 4029.0]","[0, 0, 0, 0, 0, 0, 0, 0, 0, 0, 0, 0, 0, 0, 0, 0, 0, 0, 0, 0, 0, 0, 0, 0, 0, 0, 0, 0, 0, 0, 0, 0, 0, 0, 0, 0, 0, 0, 0, 0, 0, 0, 0, 0, 0, 0, 0, 0, 0, 0, 0, 0, 0, 0, 0, 0, 0, (469.7616, 1.4955999999999998, 1.822733333333333), (271.23113333333333, 0.6398666666666667, 0.20813333333333334), 0, 0, (0.0, 0.0, 0.0), 0, (1632.9818, 0.3732, 0.7381333333333333), 0, 0, 0, 0, 0, 0, 0, 0, 0, (0.0, 0.0, 0.0), (104.85293333333334, 0.21746666666666667, 0.18180000000000002), (244.6674, 0.0012, 0.0014666666666666665), 0, (134.21720000000002, 0.002466666666666667, 0.0006666666666666666), 0, 0, 0, (150.2954, 0.0526, 0.03033333333333333), (173.3644, 6.666666666666668e-05, 0.0016), (322.961, 0.0, 0.0), (461.3726, 0.008400000000000001, 0.008866666666666667), (192.93779999999998, 0.003933333333333333, 0.0014666666666666665), (35.6514, 0.001, 0.0), (168.47066666666663, 0.27493333333333336, 0.023333333333333327)]","[0, 0, 0, 0, 0, 0, 0, 0, 0, 0, 0, 0, 0, 0, 0, 0, 0, 0, 0, 0, 0, 0, 0, 0, 0, 0, 0, 0, 0, 0, 0, 0, 0, 0, 0, 0, 0, 0, 0, 0, 0, 0, 0, 0, 0, 0, 0, 0, 0, 0, 0, 0, 0, 0, 0, 0, 0, (1, 0.24515, 0.08227777777777777), (3, 0.0, 1.805188888888889), 0, 0, (2, 0.0, 0.0), 0, (3, 0.09808333333333331, 0.2580777777777778), 0, 0, 0, 0, 0, 0, 0, 0, 0, (2, 0.0, 0.0), (1, 3.3333333333333335e-05, 0.05011111111111111), (2, 0.0, 0.002361111111111111), 0, (2, 0.0, 4.4444444444444447e-05), 0, 0, 0, (3, 0.0, 0.0011055555555555556), (3, 0.03166666666666667, 0.0017722222222222221), (3, 0.007916666666666667, 0.003444444444444445), (2, 0.0, 0.0004944444444444445), (1, 0.26766666666666666, 0.015294444444444444), (1, 0.0, 0.0006222222222222223), (3, 0.2927833333333333, 0.026605555555555556)]","[-1, -1, -1, -1, -1, -1, -1, -1, -1, -1, -1, -1, -1, -1, -1, -1, -1, -1, -1, -1, -1, -1, -1, -1, -1, -1, -1, -1, -1, -1, -1, -1, -1, -1, -1, -1, -1, -1, -1, -1, -1, -1, -1, -1, -1, -1, -1, -1, -1, -1, -1, -1, -1, -1, -1, -1, -1, 14, 14, -1, -1, 15, -1, 6, -1, -1, -1, -1, -1, -1, -1, -1, -1, 12, 4, 11, -1, 6, -1, -1, -1, 13, 11, 7, 1, 4, 13, 0]","[False, False, False, False, False, False, False, False, False, False, False, False, False, False, False, False, False, False, False, False, False, False, False, False, False, False, False, False, False, False, False, False, False, False, False, False, False, False, False, False, False, False, False, False, False, False, False, False, False, False, False, False, False, False, False, False, False, True, True, False, False, True, False, True, False, False, False, False, False, False, False, False, False, True, True, True, False, True, False, False, False, True, True, True, True, True, True, True]"
64,"[0, 0, 0, 0, 0, 0, 0, 0, 0, 0, 0, 0, 0, 0, 0, 0, 0, 0, 0, 0, 0, 0, 0, 0, 0, 0, 0, 0, 0, 0, 0, 0, 0, 0, 0, 0, 0, 0, 0, 0, 0, 0, 0, 0, 0, 0, 0, 0, 0, 0, 0, 0, 0, 0, 0, 0, 0, 2097.589969259532, 3429.0405007722356, 0, 0, 0, 0, 6377.347674662409, 0, 0, 0, 0, 0, 0, 0, 0, 0, 2938.223603388089, 1802.042463186016, 0, 0, 0, 0, 0, 0, 0, 1105.1729687313032, 1252.0270875152155, 3815.4812123039737, 1035.0560887968888, 711.18368902724, 631.0503203604601, 4442.116739200141, 652.7155422502, 2251.868135745323]","[0, 0, 0, 0, 0, 0, 0, 0, 1, 1, 1, 1, 1, 1, 2, 2, 2, 2, 2, 2, 2, 3, 3, 3, 4, 4, 4, 5, 5, 5, 5, 6, 6, 6, 7, 7, 7, 7, 7, 8, 8, 8, 8, 8, 8, 8, 8, 9, 9, 9, 9, 9, 10, 10, 10, 10, 11, 11, 11, 12, 12, 12, 12, 12, 12, 13, 13, 13, 13, 13, 13, 14, 14, 14, 14, 15, 15, 15, 15, 15, 16, 16, 16, 17, 17, 17, 18, 18, 18, 18, 19]","[1, 1, 1, 1, 1, 1, 1, 3, 2, 2, 2, 2, 2, 2, 3, 3, 4, 5, 8, 8, 8, 9, 11, 12, 12, 12, 12, 14, 14, 16, 17, 18, 21, 20, 21, 22, 25, 24, 26, 26, 26, 28, 26, 27, 27, 27, 28, 28, 33, 31, 31, 34, 35, 35, 35, 39, 40, 42, 43, 42, 43, 44, 44, 44, 45, 45, 46, 47, 49, 48, 51, 52, 53, 54, 55, 54, 55, 57, 56, 58, 58, 58, 58, 59, 64, 61, 62, 62, 63, 64, 64]","[21, 5, 26, 12, 8, 8, 20, 15, 11, 19, 8, 9, 4, 26, 11, 11, 14, 12, 26, 27, 25, 35, 33, 31, 14, 27, 26, 18, 17, 24, 21, 28, 28, 24, 35, 45, 34, 27, 54, 42, 43, 44, 42, 30, 42, 31, 53, 53, 48, 43, 40, 54, 52, 39, 46, 45, 57, -1, -1, 58, 44, 64, 48, -1, 46, 51, 55, 56, 56, 58, 57, 59, 61, -1, -1, 64, 63, 64, 61, 62, 62, -1, -1, -1, -1, -1, -1, -1, -1, -1, -1]","[0, 0, 0, 0, 0, 0, 0, 0, 0, 0, 0, 0, 0, 0, 0, 0, 0, 0, 0, 0, 0, 0, 0, 0, 0, 0, 0, 0, 0, 0, 0, 0, 0, 0, 0, 0, 0, 0, 0, 0, 0, 0, 0, 0, 0, 0, 0, 0, 0, 0, 0, 0, 0, 0, 0, 0, 0, 1348.7747342436483, 2680.2252657563517, 0, 0, 0, 0, 4029.0, 0, 0, 0, 0, 0, 0, 0, 0, 0, 4029.0, 2559.929387079388, 0, 0, 0, 0, 0, 0, 1698.9748398197698, 1441.1524164929901, 4029.0, 4029.0, 4029.0, 1469.0706129206121, 2330.02516018023, 4029.0, 4029.0, 2587.84758350701]","[0, 0, 0, 0, 0, 0, 0, 0, 0, 0, 0, 0, 0, 0, 0, 0, 0, 0, 0, 0, 0, 0, 0, 0, 0, 0, 0, 0, 0, 0, 0, 0, 0, 0, 0, 0, 0, 0, 0, 0, 0, 0, 0, 0, 0, 0, 0, 0, 0, 0, 0, 0, 0, 0, 0, 0, 0, (436.2072, 0.7686666666666665, 1.4219333333333335), (255.85193333333328, 0.6706666666666666, 0.21606666666666663), 0, 0, 0, 0, (1756.0146000000002, 0.15113333333333331, 0.6404), 0, 0, 0, 0, 0, 0, 0, 0, 0, (0.0, 0.0, 0.0), (98.34026666666666, 0.21266666666666662, 0.17426666666666668), 0, 0, 0, 0, 0, 0, (104.857, 0.052866666666666666, 0.0304), (156.58720000000002, 6.666666666666668e-05, 0.001066666666666667), (301.98940000000005, 0.0, 0.0), (1426.063, 0.14286666666666667, 0.5943999999999999), (448.7898, 0.009933333333333334, 0.0104), (134.2176, 0.002, 0.0014), (48.234, 0.001066666666666667, 0.0), (313.1741333333334, 0.2986666666666667, 0.020266666666666665), (433.41086666666666, 0.0023333333333333335, 0.0030666666666666668), (100.6632, 0.009333333333333334, 0.0108)]","[0, 0, 0, 0, 0, 0, 0, 0, 0, 0, 0, 0, 0, 0, 0, 0, 0, 0, 0, 0, 0, 0, 0, 0, 0, 0, 0, 0, 0, 0, 0, 0, 0, 0, 0, 0, 0, 0, 0, 0, 0, 0, 0, 0, 0, 0, 0, 0, 0, 0, 0, 0, 0, 0, 0, 0, 0, (1, 0.0, 0.0004555555555555556), (3, 0.0, 1.6603722222222224), 0, 0, 0, 0, (3, 0.07565000000000001, 0.43214444444444444), 0, 0, 0, 0, 0, 0, 0, 0, 0, (2, 0.0, 0.0), (1, 0.00011666666666666667, 0.04876111111111111), 0, 0, 0, 0, 0, 0, (3, 0.0, 0.0011222222222222222), (3, 0.0, 0.0002833333333333333), (3, 0.00785, 0.003533333333333333), (3, 0.005116666666666666, 0.1869), (2, 0.0, 0.0004944444444444445), (1, 0.2701, 0.013050000000000004), (1, 0.0, 0.0006333333333333333), (3, 0.10841666666666666, 0.0281), (1, 0.011300000000000001, 0.0010833333333333333), (2, 0.0, 0.002416666666666667)]","[-1, -1, -1, -1, -1, -1, -1, -1, -1, -1, -1, -1, -1, -1, -1, -1, -1, -1, -1, -1, -1, -1, -1, -1, -1, -1, -1, -1, -1, -1, -1, -1, -1, -1, -1, -1, -1, -1, -1, -1, -1, -1, -1, -1, -1, -1, -1, -1, -1, -1, -1, -1, -1, -1, -1, -1, -1, 14, 14, -1, -1, -1, -1, 6, -1, -1, -1, -1, -1, -1, -1, -1, -1, 12, 4, -1, -1, -1, -1, -1, -1, 13, 11, 7, 3, 1, 4, 13, 0, 8, 11]","[False, False, False, False, False, False, False, False, False, False, False, False, False, False, False, False, False, False, False, False, False, False, False, False, False, False, False, False, False, False, False, False, False, False, False, False, False, False, False, False, False, False, False, False, False, False, False, False, False, False, False, False, False, False, False, False, False, True, True, False, False, False, False, True, False, False, False, False, False, False, False, False, False, True, True, False, False, False, False, False, False, True, True, True, True, True, True, True, True, True, True]"
65,"[0, 0, 0, 0, 0, 0, 0, 0, 0, 0, 0, 0, 0, 0, 0, 0, 0, 0, 0, 0, 0, 0, 0, 0, 0, 0, 0, 0, 0, 0, 0, 0, 0, 0, 0, 0, 0, 0, 0, 0, 0, 0, 0, 0, 0, 0, 0, 0, 0, 0, 0, 0, 0, 0, 0, 0, 0, 1744.5302714633733, 3479.1238576481687, 0, 0, 0, 0, 4197.939949575493, 0, 0, 0, 0, 0, 0, 0, 0, 0, 2958.2569461384624, 1136.5465383316057, 0, 0, 0, 0, 0, 0, 0, 1118.528533308117, 1225.3250880184453, 2446.521763816231, 1051.750541842, 647.7447684097866, 644.4058826961312, 3143.9889128247596, 634.9142092797401, 2266.7025766922616, 1578.3845313240047]","[0, 0, 0, 0, 0, 0, 0, 0, 1, 1, 1, 1, 1, 1, 2, 2, 2, 2, 2, 2, 2, 3, 3, 3, 4, 4, 4, 5, 5, 5, 5, 6, 6, 6, 7, 7, 7, 7, 7, 8, 8, 8, 8, 8, 8, 8, 8, 9, 9, 9, 9, 9, 10, 10, 10, 10, 11, 11, 11, 12, 12, 12, 12, 12, 12, 13, 13, 13, 13, 13, 13, 14, 14, 14, 14, 15, 15, 15, 15, 15, 16, 16, 16, 17, 17, 17, 18, 18, 18, 18, 19, 19]","[1, 1, 1, 1, 1, 1, 1, 3, 2, 2, 2, 2, 2, 2, 3, 3, 4, 5, 8, 8, 8, 9, 11, 12, 12, 12, 12, 14, 14, 16, 17, 18, 21, 20, 21, 22, 25, 24, 26, 26, 26, 28, 26, 27, 27, 27, 28, 28, 33, 31, 31, 34, 35, 35, 35, 39, 40, 42, 43, 42, 43, 44, 44, 44, 45, 45, 46, 47, 49, 48, 51, 52, 53, 54, 55, 54, 55, 57, 56, 58, 58, 58, 58, 59, 64, 61, 62, 62, 63, 64, 64, 65]","[21, 5, 26, 12, 8, 8, 20, 15, 11, 19, 8, 9, 4, 26, 11, 11, 14, 12, 26, 27, 25, 35, 33, 31, 14, 27, 26, 18, 17, 24, 21, 28, 28, 24, 35, 45, 34, 27, 54, 42, 43, 44, 42, 30, 42, 31, 53, 53, 48, 43, 40, 54, 52, 39, 46, 45, 57, -1, -1, 58, 44, 64, 48, -1, 46, 51, 55, 56, 56, 58, 57, 59, 61, -1, -1, 64, 63, 64, 61, 62, 62, 65, -1, -1, -1, -1, -1, -1, -1, -1, -1, -1]","[0, 0, 0, 0, 0, 0, 0, 0, 0, 0, 0, 0, 0, 0, 0, 0, 0, 0, 0, 0, 0, 0, 0, 0, 0, 0, 0, 0, 0, 0, 0, 0, 0, 0, 0, 0, 0, 0, 0, 0, 0, 0, 0, 0, 0, 0, 0, 0, 0, 0, 0, 0, 0, 0, 0, 0, 0, 1147.2032069076024, 2881.796793092398, 0, 0, 0, 0, 4029.0, 0, 0, 0, 0, 0, 0, 0, 0, 0, 4029.0, 2258.9008849609095, 0, 0, 0, 0, 0, 0, 0, 1440.4129783079277, 4029.0, 4029.0, 4029.0, 1770.0991150390905, 4029.0, 4029.0, 4029.0, 2588.587021692072, 4029.0]","[0, 0, 0, 0, 0, 0, 0, 0, 0, 0, 0, 0, 0, 0, 0, 0, 0, 0, 0, 0, 0, 0, 0, 0, 0, 0, 0, 0, 0, 0, 0, 0, 0, 0, 0, 0, 0, 0, 0, 0, 0, 0, 0, 0, 0, 0, 0, 0, 0, 0, 0, 0, 0, 0, 0, 0, 0, (360.7098, 0.7321333333333333, 1.3404), (292.20266666666674, 0.6238666666666667, 0.20366666666666663), 0, 0, 0, 0, (1834.3084, 0.274, 0.7126), 0, 0, 0, 0, 0, 0, 0, 0, 0, (0.0, 0.0, 0.0), (87.92, 0.21286666666666668, 0.18966666666666662), 0, 0, 0, 0, 0, 0, 0, (97.867, 0.0, 0.001), (328.5532, 0.0, 0.0), (1311.4188000000001, 0.1956, 0.7402000000000001), (450.1882666666667, 0.0092, 0.009466666666666667), (226.49220000000003, 0.0016666666666666668, 0.0014), (41.94273333333333, 0.0009333333333333332, 6.666666666666668e-05), (205.5204, 0.03793333333333333, 0.025266666666666666), (398.45840000000004, 0.0016666666666666668, 0.0003333333333333333), (150.9948, 0.009333333333333334, 0.010933333333333335), (223.696, 0.11593333333333333, 0.0992)]","[0, 0, 0, 0, 0, 0, 0, 0, 0, 0, 0, 0, 0, 0, 0, 0, 0, 0, 0, 0, 0, 0, 0, 0, 0, 0, 0, 0, 0, 0, 0, 0, 0, 0, 0, 0, 0, 0, 0, 0, 0, 0, 0, 0, 0, 0, 0, 0, 0, 0, 0, 0, 0, 0, 0, 0, 0, (1, 0.0, 0.00023333333333333333), (3, 0.0, 1.8029666666666666), 0, 0, 0, 0, (3, 5e-05, 0.20435555555555557), 0, 0, 0, 0, 0, 0, 0, 0, 0, (2, 0.0, 0.0), (1, 0.0, 0.050077777777777784), 0, 0, 0, 0, 0, 0, 0, (3, 0.008, 0.00039999999999999996), (3, 0.007816666666666666, 0.003527777777777778), (3, 0.0006, 0.11304444444444445), (2, 0.0, 0.0005166666666666667), (1, 0.27021666666666666, 0.012733333333333334), (1, 0.0, 0.0006222222222222223), (3, 0.00125, 0.027633333333333336), (1, 0.015133333333333334, 0.0009777777777777777), (2, 0.0, 0.0026888888888888887), (2, 0.0, 0.0010277777777777776)]","[-1, -1, -1, -1, -1, -1, -1, -1, -1, -1, -1, -1, -1, -1, -1, -1, -1, -1, -1, -1, -1, -1, -1, -1, -1, -1, -1, -1, -1, -1, -1, -1, -1, -1, -1, -1, -1, -1, -1, -1, -1, -1, -1, -1, -1, -1, -1, -1, -1, -1, -1, -1, -1, -1, -1, -1, -1, 14, 14, -1, -1, -1, -1, 6, -1, -1, -1, -1, -1, -1, -1, -1, -1, 12, 4, -1, -1, -1, -1, -1, -1, -1, 11, 7, 3, 1, 4, 13, 0, 8, 11, 15]","[False, False, False, False, False, False, False, False, False, False, False, False, False, False, False, False, False, False, False, False, False, False, False, False, False, False, False, False, False, False, False, False, False, False, False, False, False, False, False, False, False, False, False, False, False, False, False, False, False, False, False, False, False, False, False, False, False, True, True, False, False, False, False, True, False, False, False, False, False, False, False, False, False, True, True, False, False, False, False, False, False, False, True, True, True, True, True, True, True, True, True, True]"
66,"[0, 0, 0, 0, 0, 0, 0, 0, 0, 0, 0, 0, 0, 0, 0, 0, 0, 0, 0, 0, 0, 0, 0, 0, 0, 0, 0, 0, 0, 0, 0, 0, 0, 0, 0, 0, 0, 0, 0, 0, 0, 0, 0, 0, 0, 0, 0, 0, 0, 0, 0, 0, 0, 0, 0, 0, 0, 5485.776312815947, 3562.5961191080573, 0, 0, 0, 0, 7242.4329137289415, 0, 0, 0, 0, 0, 0, 0, 0, 0, 3018.356974389583, 1426.8451722187147, 0, 0, 0, 0, 0, 0, 0, 1121.86742445232, 0, 2303.8585840403466, 1055.0894324510223, 724.5392512624934, 641.0669921122135, 3601.346184986549, 655.6824310786097, 2248.9012475559352, 1566.5169784569066]","[0, 0, 0, 0, 0, 0, 0, 0, 1, 1, 1, 1, 1, 1, 2, 2, 2, 2, 2, 2, 2, 3, 3, 3, 4, 4, 4, 5, 5, 5, 5, 6, 6, 6, 7, 7, 7, 7, 7, 8, 8, 8, 8, 8, 8, 8, 8, 9, 9, 9, 9, 9, 10, 10, 10, 10, 11, 11, 11, 12, 12, 12, 12, 12, 12, 13, 13, 13, 13, 13, 13, 14, 14, 14, 14, 15, 15, 15, 15, 15, 16, 16, 16, 17, 17, 17, 18, 18, 18, 18, 19, 19]","[1, 1, 1, 1, 1, 1, 1, 3, 2, 2, 2, 2, 2, 2, 3, 3, 4, 5, 8, 8, 8, 9, 11, 12, 12, 12, 12, 14, 14, 16, 17, 18, 21, 20, 21, 22, 25, 24, 26, 26, 26, 28, 26, 27, 27, 27, 28, 28, 33, 31, 31, 34, 35, 35, 35, 39, 40, 42, 43, 42, 43, 44, 44, 44, 45, 45, 46, 47, 49, 48, 51, 52, 53, 54, 55, 54, 55, 57, 56, 58, 58, 58, 58, 59, 64, 61, 62, 62, 63, 64, 64, 65]","[21, 5, 26, 12, 8, 8, 20, 15, 11, 19, 8, 9, 4, 26, 11, 11, 14, 12, 26, 27, 25, 35, 33, 31, 14, 27, 26, 18, 17, 24, 21, 28, 28, 24, 35, 45, 34, 27, 54, 42, 43, 44, 42, 30, 42, 31, 53, 53, 48, 43, 40, 54, 52, 39, 46, 45, 57, -1, -1, 58, 44, 64, 48, -1, 46, 51, 55, 56, 56, 58, 57, 59, 61, -1, -1, 64, 63, 64, 61, 62, 62, 65, -1, -1, -1, -1, -1, -1, -1, -1, -1, -1]","[0, 0, 0, 0, 0, 0, 0, 0, 0, 0, 0, 0, 0, 0, 0, 0, 0, 0, 0, 0, 0, 0, 0, 0, 0, 0, 0, 0, 0, 0, 0, 0, 0, 0, 0, 0, 0, 0, 0, 0, 0, 0, 0, 0, 0, 0, 0, 0, 0, 0, 0, 0, 0, 0, 0, 0, 0, 2976.0900968539445, 1052.909903146055, 0, 0, 0, 0, 4029.0, 0, 0, 0, 0, 0, 0, 0, 0, 0, 4029.0, 2365.652960478111, 0, 0, 0, 0, 0, 0, 0, 1450.9830884481923, 4029.0, 4029.0, 4029.0, 1663.3470395218892, 4029.0, 4029.0, 4029.0, 2578.0169115518074, 4029.0]","[0, 0, 0, 0, 0, 0, 0, 0, 0, 0, 0, 0, 0, 0, 0, 0, 0, 0, 0, 0, 0, 0, 0, 0, 0, 0, 0, 0, 0, 0, 0, 0, 0, 0, 0, 0, 0, 0, 0, 0, 0, 0, 0, 0, 0, 0, 0, 0, 0, 0, 0, 0, 0, 0, 0, 0, 0, (1040.1868, 0.8433999999999999, 2.1876666666666664), (251.65779999999998, 0.6265333333333333, 0.20466666666666664), 0, 0, 0, 0, (1937.767933333333, 0.2582, 0.7142000000000001), 0, 0, 0, 0, 0, 0, 0, 0, 0, (0.0, 0.0, 0.0), (83.36113333333331, 0.21606666666666663, 0.18393333333333337), 0, 0, 0, 0, 0, 0, 0, (81.0898, 0.0, 0.001), (282.41606666666667, 0.0, 0.0), (1255.4948, 0.13406666666666667, 0.4640666666666667), (461.373, 0.0016666666666666668, 0.0013333333333333333), (271.2314, 0.0722, 0.0028666666666666667), (39.8456, 0.0008666666666666667, 6.666666666666668e-05), (130.0228, 0.042466666666666666, 0.027733333333333336), (349.5247333333333, 0.0023333333333333335, 0.003), (150.9948, 0.009266666666666668, 0.0106), (268.4352, 0.11646666666666668, 0.09953333333333332)]","[0, 0, 0, 0, 0, 0, 0, 0, 0, 0, 0, 0, 0, 0, 0, 0, 0, 0, 0, 0, 0, 0, 0, 0, 0, 0, 0, 0, 0, 0, 0, 0, 0, 0, 0, 0, 0, 0, 0, 0, 0, 0, 0, 0, 0, 0, 0, 0, 0, 0, 0, 0, 0, 0, 0, 0, 0, (1, 1.7971166666666665, 0.24540555555555552), (3, 0.0, 1.8758555555555556), 0, 0, 0, 0, (3, 0.17391666666666664, 0.4805555555555557), 0, 0, 0, 0, 0, 0, 0, 0, 0, (2, 0.0, 0.0), (1, 0.0, 0.04877777777777778), 0, 0, 0, 0, 0, 0, 0, (3, 0.0, 0.0), (3, 0.00675, 0.003411111111111111), (3, 1.666666666666667e-05, 0.12178333333333334), (2, 0.0, 0.01923888888888889), (1, 0.24863333333333332, 0.04668333333333334), (1, 0.0, 0.000638888888888889), (3, 0.0008, 0.02777777777777778), (1, 0.01145, 0.0009944444444444447), (2, 0.0, 0.0023555555555555556), (2, 0.0, 0.0009611111111111112)]","[-1, -1, -1, -1, -1, -1, -1, -1, -1, -1, -1, -1, -1, -1, -1, -1, -1, -1, -1, -1, -1, -1, -1, -1, -1, -1, -1, -1, -1, -1, -1, -1, -1, -1, -1, -1, -1, -1, -1, -1, -1, -1, -1, -1, -1, -1, -1, -1, -1, -1, -1, -1, -1, -1, -1, -1, -1, 14, 14, -1, -1, -1, -1, 6, -1, -1, -1, -1, -1, -1, -1, -1, -1, 12, 4, -1, -1, -1, -1, -1, -1, -1, 11, 7, 3, 1, 4, 13, 0, 8, 11, 15]","[False, False, False, False, False, False, False, False, False, False, False, False, False, False, False, False, False, False, False, False, False, False, False, False, False, False, False, False, False, False, False, False, False, False, False, False, False, False, False, False, False, False, False, False, False, False, False, False, False, False, False, False, False, False, False, False, False, True, True, False, False, False, False, True, False, False, False, False, False, False, False, False, False, True, True, False, False, False, False, False, False, False, True, True, True, True, True, True, True, True, True, True]"
67,"[0, 0, 0, 0, 0, 0, 0, 0, 0, 0, 0, 0, 0, 0, 0, 0, 0, 0, 0, 0, 0, 0, 0, 0, 0, 0, 0, 0, 0, 0, 0, 0, 0, 0, 0, 0, 0, 0, 0, 0, 0, 0, 0, 0, 0, 0, 0, 0, 0, 0, 0, 0, 0, 0, 0, 0, 0, 0, 3883.129603114031, 0, 0, 0, 0, 3861.0120143601066, 0, 0, 0, 0, 0, 0, 0, 0, 0, 3148.573702267009, 2127.9437597196566, 0, 0, 0, 0, 0, 0, 0, 1105.1729687313032, 0, 2662.034226881929, 0, 737.8948134977464, 0, 3261.75156374067, 0, 2254.8350239347114, 1560.5832020233572, 1235.3895160495777]","[0, 0, 0, 0, 0, 0, 0, 0, 1, 1, 1, 1, 1, 1, 2, 2, 2, 2, 2, 2, 2, 3, 3, 3, 4, 4, 4, 5, 5, 5, 5, 6, 6, 6, 7, 7, 7, 7, 7, 8, 8, 8, 8, 8, 8, 8, 8, 9, 9, 9, 9, 9, 10, 10, 10, 10, 11, 11, 11, 12, 12, 12, 12, 12, 12, 13, 13, 13, 13, 13, 13, 14, 14, 14, 14, 15, 15, 15, 15, 15, 16, 16, 16, 17, 17, 17, 18, 18, 18, 18, 19, 19, 20]","[1, 1, 1, 1, 1, 1, 1, 3, 2, 2, 2, 2, 2, 2, 3, 3, 4, 5, 8, 8, 8, 9, 11, 12, 12, 12, 12, 14, 14, 16, 17, 18, 21, 20, 21, 22, 25, 24, 26, 26, 26, 28, 26, 27, 27, 27, 28, 28, 33, 31, 31, 34, 35, 35, 35, 39, 40, 42, 43, 42, 43, 44, 44, 44, 45, 45, 46, 47, 49, 48, 51, 52, 53, 54, 55, 54, 55, 57, 56, 58, 58, 58, 58, 59, 64, 61, 62, 62, 63, 64, 64, 65, 67]","[21, 5, 26, 12, 8, 8, 20, 15, 11, 19, 8, 9, 4, 26, 11, 11, 14, 12, 26, 27, 25, 35, 33, 31, 14, 27, 26, 18, 17, 24, 21, 28, 28, 24, 35, 45, 34, 27, 54, 42, 43, 44, 42, 30, 42, 31, 53, 53, 48, 43, 40, 54, 52, 39, 46, 45, 57, -1, -1, 58, 44, 64, 48, -1, 46, 51, 55, 56, 56, 58, 57, 59, 61, -1, -1, 64, 63, 64, 61, 62, 62, 65, -1, 67, -1, -1, -1, -1, -1, -1, -1, -1, -1]","[0, 0, 0, 0, 0, 0, 0, 0, 0, 0, 0, 0, 0, 0, 0, 0, 0, 0, 0, 0, 0, 0, 0, 0, 0, 0, 0, 0, 0, 0, 0, 0, 0, 0, 0, 0, 0, 0, 0, 0, 0, 0, 0, 0, 0, 0, 0, 0, 0, 0, 0, 0, 0, 0, 0, 0, 0, 72.93519844298453, 3956.0648015570155, 0, 0, 0, 0, 4029.0, 0, 0, 0, 0, 0, 0, 0, 0, 0, 4029.0, 2709.524473110955, 0, 0, 0, 0, 0, 0, 0, 1439.6689723982959, 0, 4029.0, 4029.0, 1319.4755268890449, 4029.0, 4029.0, 4029.0, 2589.331027601704, 4029.0, 4029.0]","[0, 0, 0, 0, 0, 0, 0, 0, 0, 0, 0, 0, 0, 0, 0, 0, 0, 0, 0, 0, 0, 0, 0, 0, 0, 0, 0, 0, 0, 0, 0, 0, 0, 0, 0, 0, 0, 0, 0, 0, 0, 0, 0, 0, 0, 0, 0, 0, 0, 0, 0, 0, 0, 0, 0, 0, 0, (1996.488, 0.6658, 1.1106666666666667), (243.2692, 0.629, 0.209), 0, 0, 0, 0, (2088.762666666667, 0.21493333333333337, 0.8076), 0, 0, 0, 0, 0, 0, 0, 0, 0, (0.0, 0.0, 0.0), (90.52506666666666, 0.3320666666666667, 0.2432666666666667), 0, 0, 0, 0, 0, 0, 0, (117.4404, 0.0, 0.001), 0, (1470.8021999999999, 0.18553333333333333, 0.47233333333333327), (450.1881333333334, 0.0015333333333333334, 0.0012), (164.9758, 0.0021333333333333334, 0.0014666666666666665), (55.92373333333333, 0.0009333333333333332, 6.666666666666668e-05), (110.44946666666667, 0.04046666666666667, 0.026666666666666672), (475.3542666666667, 0.0017333333333333335, 0.0003333333333333333), (184.5492, 0.009333333333333334, 0.0108), (33.5544, 0.11626666666666668, 0.09953333333333332), (267.736, 0.28726666666666667, 0.0504)]","[0, 0, 0, 0, 0, 0, 0, 0, 0, 0, 0, 0, 0, 0, 0, 0, 0, 0, 0, 0, 0, 0, 0, 0, 0, 0, 0, 0, 0, 0, 0, 0, 0, 0, 0, 0, 0, 0, 0, 0, 0, 0, 0, 0, 0, 0, 0, 0, 0, 0, 0, 0, 0, 0, 0, 0, 0, (1, 0.7808833333333334, 1.2051888888888886), (3, 0.011533333333333333, 1.894555555555556), 0, 0, 0, 0, (3, 6.666666666666667e-05, 0.18205555555555555), 0, 0, 0, 0, 0, 0, 0, 0, 0, (2, 0.0, 0.0), (1, 0.0002333333333333333, 0.0568888888888889), 0, 0, 0, 0, 0, 0, 0, (3, 0.0, 0.0), 0, (3, 1.666666666666667e-05, 0.1395388888888889), (2, 0.0, 0.0005), (1, 0.2376, 0.013488888888888885), (1, 0.0, 0.0006555555555555555), (3, 0.00011666666666666667, 0.02971666666666666), (1, 0.015333333333333336, 0.0008833333333333333), (2, 0.0, 0.002338888888888889), (2, 0.0, 0.000972222222222222), (1, 0.0, 0.0011611111111111112)]","[-1, -1, -1, -1, -1, -1, -1, -1, -1, -1, -1, -1, -1, -1, -1, -1, -1, -1, -1, -1, -1, -1, -1, -1, -1, -1, -1, -1, -1, -1, -1, -1, -1, -1, -1, -1, -1, -1, -1, -1, -1, -1, -1, -1, -1, -1, -1, -1, -1, -1, -1, -1, -1, -1, -1, -1, -1, 14, 14, -1, -1, -1, -1, 6, -1, -1, -1, -1, -1, -1, -1, -1, -1, 12, 4, -1, -1, -1, -1, -1, -1, -1, 11, -1, 3, 1, 4, 13, 0, 8, 11, 15, 9]","[False, False, False, False, False, False, False, False, False, False, False, False, False, False, False, False, False, False, False, False, False, False, False, False, False, False, False, False, False, False, False, False, False, False, False, False, False, False, False, False, False, False, False, False, False, False, False, False, False, False, False, False, False, False, False, False, False, True, True, False, False, False, False, True, False, False, False, False, False, False, False, False, False, True, True, False, False, False, False, False, False, False, True, False, True, True, True, True, True, True, True, True, True]"
68,"[0, 0, 0, 0, 0, 0, 0, 0, 0, 0, 0, 0, 0, 0, 0, 0, 0, 0, 0, 0, 0, 0, 0, 0, 0, 0, 0, 0, 0, 0, 0, 0, 0, 0, 0, 0, 0, 0, 0, 0, 0, 0, 0, 0, 0, 0, 0, 0, 0, 0, 0, 0, 0, 0, 0, 0, 0, 0, 4016.6852214498535, 0, 0, 0, 0, 4753.41573466032, 0, 0, 0, 0, 0, 0, 0, 0, 0, 3425.7016103138403, 2445.6290571810214, 0, 0, 0, 0, 0, 0, 0, 1131.8840978849303, 0, 2986.820614882346, 0, 714.5225795860533, 0, 3502.7541981732297, 0, 2248.9012475559352, 1566.5169784569066, 1235.3895160495777, 501.40426599866777, 1108.5118598755066, 1154.1194728238213]","[0, 0, 0, 0, 0, 0, 0, 0, 1, 1, 1, 1, 1, 1, 2, 2, 2, 2, 2, 2, 2, 3, 3, 3, 4, 4, 4, 5, 5, 5, 5, 6, 6, 6, 7, 7, 7, 7, 7, 8, 8, 8, 8, 8, 8, 8, 8, 9, 9, 9, 9, 9, 10, 10, 10, 10, 11, 11, 11, 12, 12, 12, 12, 12, 12, 13, 13, 13, 13, 13, 13, 14, 14, 14, 14, 15, 15, 15, 15, 15, 16, 16, 16, 17, 17, 17, 18, 18, 18, 18, 19, 19, 20, 20, 20, 20]","[1, 1, 1, 1, 1, 1, 1, 3, 2, 2, 2, 2, 2, 2, 3, 3, 4, 5, 8, 8, 8, 9, 11, 12, 12, 12, 12, 14, 14, 16, 17, 18, 21, 20, 21, 22, 25, 24, 26, 26, 26, 28, 26, 27, 27, 27, 28, 28, 33, 31, 31, 34, 35, 35, 35, 39, 40, 42, 43, 42, 43, 44, 44, 44, 45, 45, 46, 47, 49, 48, 51, 52, 53, 54, 55, 54, 55, 57, 56, 58, 58, 58, 58, 59, 64, 61, 62, 62, 63, 64, 64, 65, 67, 68, 68, 68]","[21, 5, 26, 12, 8, 8, 20, 15, 11, 19, 8, 9, 4, 26, 11, 11, 14, 12, 26, 27, 25, 35, 33, 31, 14, 27, 26, 18, 17, 24, 21, 28, 28, 24, 35, 45, 34, 27, 54, 42, 43, 44, 42, 30, 42, 31, 53, 53, 48, 43, 40, 54, 52, 39, 46, 45, 57, 68, -1, 58, 44, 64, 48, -1, 46, 51, 55, 56, 56, 58, 57, 59, 61, -1, -1, 64, 63, 64, 61, 62, 62, 65, -1, 67, -1, 68, -1, 68, -1, 68, -1, -1, -1, -1, -1, -1]","[0, 0, 0, 0, 0, 0, 0, 0, 0, 0, 0, 0, 0, 0, 0, 0, 0, 0, 0, 0, 0, 0, 0, 0, 0, 0, 0, 0, 0, 0, 0, 0, 0, 0, 0, 0, 0, 0, 0, 0, 0, 0, 0, 0, 0, 0, 0, 0, 0, 0, 0, 0, 0, 0, 0, 0, 0, 0, 4029.0, 0, 0, 0, 0, 4029.0, 0, 0, 0, 0, 0, 0, 0, 0, 0, 4029.0, 4029.0, 0, 0, 0, 0, 0, 0, 0, 1180.8208940717525, 0, 4029.0, 0, 4029.0, 0, 4029.0, 0, 2297.8380437427577, 2220.6987528165428, 4029.0, 550.34106218549, 4029.0, 1808.3012471834575]","[0, 0, 0, 0, 0, 0, 0, 0, 0, 0, 0, 0, 0, 0, 0, 0, 0, 0, 0, 0, 0, 0, 0, 0, 0, 0, 0, 0, 0, 0, 0, 0, 0, 0, 0, 0, 0, 0, 0, 0, 0, 0, 0, 0, 0, 0, 0, 0, 0, 0, 0, 0, 0, 0, 0, 0, 0, 0, (432.01259999999996, 0.5439333333333333, 0.18546666666666667), 0, 0, 0, 0, (1599.4273999999998, 0.17526666666666668, 1.018), 0, 0, 0, 0, 0, 0, 0, 0, 0, (0.0, 0.0, 0.0), (126.996, 0.5407333333333333, 0.289), 0, 0, 0, 0, 0, 0, 0, (75.4974, 0.0, 0.001), 0, (1311.4188000000001, 0.14286666666666667, 0.5135333333333333), 0, (159.3834, 0.0022666666666666664, 0.0018), 0, (119.5372, 0.03373333333333334, 0.02686666666666667), 0, (218.1036, 0.009266666666666668, 0.010533333333333334), (0.0, 0.1156, 0.0996), (279.6198, 0.2951333333333333, 0.05206666666666667), (0.0, 0.0048, 6.666666666666668e-05), (67.1088, 0.0, 0.001), (176.16013333333333, 1.632466666666667, 0.017733333333333334)]","[0, 0, 0, 0, 0, 0, 0, 0, 0, 0, 0, 0, 0, 0, 0, 0, 0, 0, 0, 0, 0, 0, 0, 0, 0, 0, 0, 0, 0, 0, 0, 0, 0, 0, 0, 0, 0, 0, 0, 0, 0, 0, 0, 0, 0, 0, 0, 0, 0, 0, 0, 0, 0, 0, 0, 0, 0, 0, (3, 1.666666666666667e-05, 2.325155555555556), 0, 0, 0, 0, (3, 0.0005166666666666667, 0.18142777777777777), 0, 0, 0, 0, 0, 0, 0, 0, 0, (2, 0.0, 0.0), (1, 0.0001, 0.059855555555555565), 0, 0, 0, 0, 0, 0, 0, (3, 0.048083333333333346, 0.01686666666666667), 0, (3, 5e-05, 0.13139444444444442), 0, (1, 0.27031666666666665, 0.012972222222222222), 0, (3, 0.0013666666666666669, 0.04000555555555556), 0, (2, 0.0, 0.0022555555555555554), (2, 0.0, 0.00095), (1, 0.0, 0.0009000000000000001), (2, 0.0, 0.0013222222222222222), (3, 0.0, 0.0), (3, 0.0, 0.0001388888888888889)]","[-1, -1, -1, -1, -1, -1, -1, -1, -1, -1, -1, -1, -1, -1, -1, -1, -1, -1, -1, -1, -1, -1, -1, -1, -1, -1, -1, -1, -1, -1, -1, -1, -1, -1, -1, -1, -1, -1, -1, -1, -1, -1, -1, -1, -1, -1, -1, -1, -1, -1, -1, -1, -1, -1, -1, -1, -1, -1, 14, -1, -1, -1, -1, 6, -1, -1, -1, -1, -1, -1, -1, -1, -1, 12, 4, -1, -1, -1, -1, -1, -1, -1, 11, -1, 3, -1, 7, -1, 0, -1, 11, 15, 9, 11, 2, 15]","[False, False, False, False, False, False, False, False, False, False, False, False, False, False, False, False, False, False, False, False, False, False, False, False, False, False, False, False, False, False, False, False, False, False, False, False, False, False, False, False, False, False, False, False, False, False, False, False, False, False, False, False, False, False, False, False, False, False, True, False, False, False, False, True, False, False, False, False, False, False, False, False, False, True, True, False, False, False, False, False, False, False, True, False, True, False, True, False, True, False, True, True, True, True, True, True]"
69,"[0, 0, 0, 0, 0, 0, 0, 0, 0, 0, 0, 0, 0, 0, 0, 0, 0, 0, 0, 0, 0, 0, 0, 0, 0, 0, 0, 0, 0, 0, 0, 0, 0, 0, 0, 0, 0, 0, 0, 0, 0, 0, 0, 0, 0, 0, 0, 0, 0, 0, 0, 0, 0, 0, 0, 0, 0, 0, 3923.1962886147776, 0, 0, 0, 0, 5117.662151109386, 0, 0, 0, 0, 0, 0, 0, 0, 0, 3442.3960626058183, 0, 0, 0, 0, 0, 0, 0, 0, 1131.8840978849303, 0, 2953.431360041183, 0, 0, 0, 2935.85027399664, 0, 2201.431036525731, 1593.2189724078767, 1128.5450173642087, 498.43737685074666, 1115.189642163913, 1875.0732823255908]","[0, 0, 0, 0, 0, 0, 0, 0, 1, 1, 1, 1, 1, 1, 2, 2, 2, 2, 2, 2, 2, 3, 3, 3, 4, 4, 4, 5, 5, 5, 5, 6, 6, 6, 7, 7, 7, 7, 7, 8, 8, 8, 8, 8, 8, 8, 8, 9, 9, 9, 9, 9, 10, 10, 10, 10, 11, 11, 11, 12, 12, 12, 12, 12, 12, 13, 13, 13, 13, 13, 13, 14, 14, 14, 14, 15, 15, 15, 15, 15, 16, 16, 16, 17, 17, 17, 18, 18, 18, 18, 19, 19, 20, 20, 20, 20]","[1, 1, 1, 1, 1, 1, 1, 3, 2, 2, 2, 2, 2, 2, 3, 3, 4, 5, 8, 8, 8, 9, 11, 12, 12, 12, 12, 14, 14, 16, 17, 18, 21, 20, 21, 22, 25, 24, 26, 26, 26, 28, 26, 27, 27, 27, 28, 28, 33, 31, 31, 34, 35, 35, 35, 39, 40, 42, 43, 42, 43, 44, 44, 44, 45, 45, 46, 47, 49, 48, 51, 52, 53, 54, 55, 54, 55, 57, 56, 58, 58, 58, 58, 59, 64, 61, 62, 62, 63, 64, 64, 65, 67, 68, 68, 68]","[21, 5, 26, 12, 8, 8, 20, 15, 11, 19, 8, 9, 4, 26, 11, 11, 14, 12, 26, 27, 25, 35, 33, 31, 14, 27, 26, 18, 17, 24, 21, 28, 28, 24, 35, 45, 34, 27, 54, 42, 43, 44, 42, 30, 42, 31, 53, 53, 48, 43, 40, 54, 52, 39, 46, 45, 57, 68, -1, 58, 44, 64, 48, -1, 46, 51, 55, 56, 56, 58, 57, 59, 61, -1, -1, 64, 63, 64, 61, 62, 62, 65, -1, 67, -1, 68, -1, 68, -1, 68, -1, -1, -1, -1, -1, -1]","[0, 0, 0, 0, 0, 0, 0, 0, 0, 0, 0, 0, 0, 0, 0, 0, 0, 0, 0, 0, 0, 0, 0, 0, 0, 0, 0, 0, 0, 0, 0, 0, 0, 0, 0, 0, 0, 0, 0, 0, 0, 0, 0, 0, 0, 0, 0, 0, 0, 0, 0, 0, 0, 0, 0, 0, 0, 0, 4029.0, 0, 0, 0, 0, 4029.0, 0, 0, 0, 0, 0, 0, 0, 0, 0, 4029.0, 4029.0, 0, 0, 0, 0, 0, 0, 0, 1197.6332607977943, 0, 4029.0, 0, 4029.0, 0, 4029.0, 0, 2267.180199438595, 1873.572845041143, 4029.0, 564.1865397636107, 4029.0, 2155.427154958857]","[0, 0, 0, 0, 0, 0, 0, 0, 0, 0, 0, 0, 0, 0, 0, 0, 0, 0, 0, 0, 0, 0, 0, 0, 0, 0, 0, 0, 0, 0, 0, 0, 0, 0, 0, 0, 0, 0, 0, 0, 0, 0, 0, 0, 0, 0, 0, 0, 0, 0, 0, 0, 0, 0, 0, 0, 0, 0, (409.64293333333336, 0.5254666666666667, 0.178), 0, 0, 0, 0, (1652.5552, 0.23406666666666665, 1.0530666666666666), 0, 0, 0, 0, 0, 0, 0, 0, 0, (0.0, 0.0, 0.0), (113.97066666666669, 0.33546666666666664, 0.21846666666666667), 0, 0, 0, 0, 0, 0, 0, (75.4974, 0.0, 0.001), 0, (1311.4188000000001, 0.188, 0.5201333333333333), 0, (173.3644, 0.0022, 0.0016), 0, (105.55626666666666, 0.03646666666666667, 0.024466666666666664), 0, (268.4352, 0.009333333333333334, 0.0108), (167.772, 0.1156, 0.09933333333333332), (271.93059999999997, 0.26839999999999997, 0.0528), (145.4024, 0.004733333333333333, 6.666666666666668e-05), (47.5354, 0.0, 0.001), (214.6078, 3.082733333333333, 0.04673333333333334)]","[0, 0, 0, 0, 0, 0, 0, 0, 0, 0, 0, 0, 0, 0, 0, 0, 0, 0, 0, 0, 0, 0, 0, 0, 0, 0, 0, 0, 0, 0, 0, 0, 0, 0, 0, 0, 0, 0, 0, 0, 0, 0, 0, 0, 0, 0, 0, 0, 0, 0, 0, 0, 0, 0, 0, 0, 0, 0, (3, 0.0, 2.2688277777777777), 0, 0, 0, 0, (3, 6.666666666666667e-05, 0.19762222222222223), 0, 0, 0, 0, 0, 0, 0, 0, 0, (2, 0.0, 0.0), (1, 0.0, 0.05419444444444445), 0, 0, 0, 0, 0, 0, 0, (3, 0.0, 0.0), 0, (3, 3.3333333333333335e-05, 0.16156666666666666), 0, (1, 0.2694166666666667, 0.013116666666666667), 0, (3, 0.0, 0.024422222222222224), 0, (2, 0.0, 0.0022944444444444444), (2, 0.0, 0.0014166666666666668), (1, 0.0, 0.00115), (2, 0.0, 0.0012666666666666666), (3, 0.0, 0.0), (3, 0.0, 0.00015555555555555556)]","[-1, -1, -1, -1, -1, -1, -1, -1, -1, -1, -1, -1, -1, -1, -1, -1, -1, -1, -1, -1, -1, -1, -1, -1, -1, -1, -1, -1, -1, -1, -1, -1, -1, -1, -1, -1, -1, -1, -1, -1, -1, -1, -1, -1, -1, -1, -1, -1, -1, -1, -1, -1, -1, -1, -1, -1, -1, -1, 14, -1, -1, -1, -1, 6, -1, -1, -1, -1, -1, -1, -1, -1, -1, 12, 4, -1, -1, -1, -1, -1, -1, -1, 11, -1, 3, -1, 7, -1, 0, -1, 11, 15, 9, 11, 2, 15]","[False, False, False, False, False, False, False, False, False, False, False, False, False, False, False, False, False, False, False, False, False, False, False, False, False, False, False, False, False, False, False, False, False, False, False, False, False, False, False, False, False, False, False, False, False, False, False, False, False, False, False, False, False, False, False, False, False, False, True, False, False, False, False, True, False, False, False, False, False, False, False, False, False, True, True, False, False, False, False, False, False, False, True, False, True, False, True, False, True, False, True, True, True, True, True, True]"
70,"[0, 0, 0, 0, 0, 0, 0, 0, 0, 0, 0, 0, 0, 0, 0, 0, 0, 0, 0, 0, 0, 0, 0, 0, 0, 0, 0, 0, 0, 0, 0, 0, 0, 0, 0, 0, 0, 0, 0, 0, 0, 0, 0, 0, 0, 0, 0, 0, 0, 0, 0, 0, 0, 0, 0, 0, 0, 0, 3973.2796454907107, 0, 0, 0, 0, 4122.055279481939, 0, 0, 0, 0, 0, 0, 0, 0, 0, 3475.784967189774, 0, 0, 0, 0, 0, 0, 0, 0, 1111.8507510197098, 0, 2989.8560016860883, 0, 0, 0, 2837.2582871833197, 0, 2248.9012475559352, 1563.5500902401322, 1135.2227985320444, 498.43737685074666, 1115.189642163913, 1510.1460454172877, 644.4058826961312]","[0, 0, 0, 0, 0, 0, 0, 0, 1, 1, 1, 1, 1, 1, 2, 2, 2, 2, 2, 2, 2, 3, 3, 3, 4, 4, 4, 5, 5, 5, 5, 6, 6, 6, 7, 7, 7, 7, 7, 8, 8, 8, 8, 8, 8, 8, 8, 9, 9, 9, 9, 9, 10, 10, 10, 10, 11, 11, 11, 12, 12, 12, 12, 12, 12, 13, 13, 13, 13, 13, 13, 14, 14, 14, 14, 15, 15, 15, 15, 15, 16, 16, 16, 17, 17, 17, 18, 18, 18, 18, 19, 19, 20, 20, 20, 20, 20]","[1, 1, 1, 1, 1, 1, 1, 3, 2, 2, 2, 2, 2, 2, 3, 3, 4, 5, 8, 8, 8, 9, 11, 12, 12, 12, 12, 14, 14, 16, 17, 18, 21, 20, 21, 22, 25, 24, 26, 26, 26, 28, 26, 27, 27, 27, 28, 28, 33, 31, 31, 34, 35, 35, 35, 39, 40, 42, 43, 42, 43, 44, 44, 44, 45, 45, 46, 47, 49, 48, 51, 52, 53, 54, 55, 54, 55, 57, 56, 58, 58, 58, 58, 59, 64, 61, 62, 62, 63, 64, 64, 65, 67, 68, 68, 68, 70]","[21, 5, 26, 12, 8, 8, 20, 15, 11, 19, 8, 9, 4, 26, 11, 11, 14, 12, 26, 27, 25, 35, 33, 31, 14, 27, 26, 18, 17, 24, 21, 28, 28, 24, 35, 45, 34, 27, 54, 42, 43, 44, 42, 30, 42, 31, 53, 53, 48, 43, 40, 54, 52, 39, 46, 45, 57, 68, -1, 58, 44, 64, 48, -1, 46, 51, 55, 56, 56, 58, 57, 59, 61, -1, 70, 64, 63, 64, 61, 62, 62, 65, -1, 67, -1, 68, 70, 68, -1, 68, -1, -1, -1, -1, -1, -1, -1]","[0, 0, 0, 0, 0, 0, 0, 0, 0, 0, 0, 0, 0, 0, 0, 0, 0, 0, 0, 0, 0, 0, 0, 0, 0, 0, 0, 0, 0, 0, 0, 0, 0, 0, 0, 0, 0, 0, 0, 0, 0, 0, 0, 0, 0, 0, 0, 0, 0, 0, 0, 0, 0, 0, 0, 0, 0, 0, 4029.0, 0, 0, 0, 0, 4029.0, 0, 0, 0, 0, 0, 0, 0, 0, 0, 4029.0, 0, 0, 0, 0, 0, 0, 0, 0, 1168.4542925442458, 0, 3187.2250594949783, 0, 0, 0, 4029.0, 0, 2305.5047890804713, 2041.2020224114221, 4029.0, 555.0409183752827, 4029.0, 1987.7979775885776, 841.7749405050214]","[0, 0, 0, 0, 0, 0, 0, 0, 0, 0, 0, 0, 0, 0, 0, 0, 0, 0, 0, 0, 0, 0, 0, 0, 0, 0, 0, 0, 0, 0, 0, 0, 0, 0, 0, 0, 0, 0, 0, 0, 0, 0, 0, 0, 0, 0, 0, 0, 0, 0, 0, 0, 0, 0, 0, 0, 0, 0, (436.20706666666666, 0.5459333333333333, 0.18519999999999998), 0, 0, 0, 0, (1744.8298, 0.16613333333333333, 0.7657333333333333), 0, 0, 0, 0, 0, 0, 0, 0, 0, (0.0, 0.0, 0.0), 0, 0, 0, 0, 0, 0, 0, 0, (83.886, 0.0, 0.001), 0, (1177.2012, 0.14893333333333333, 0.6776666666666666), 0, 0, 0, (111.8476, 0.035666666666666666, 0.024), 0, (33.5544, 0.009266666666666668, 0.010666666666666666), (67.1088, 0.11593333333333333, 0.09953333333333332), (277.5227333333333, 0.25306666666666666, 0.0498), (67.1088, 0.004666666666666667, 0.0), (72.7012, 0.0, 0.001), (434.80906666666664, 2.7484, 0.018466666666666666), (32.15606666666666, 0.0009333333333333332, 6.666666666666668e-05)]","[0, 0, 0, 0, 0, 0, 0, 0, 0, 0, 0, 0, 0, 0, 0, 0, 0, 0, 0, 0, 0, 0, 0, 0, 0, 0, 0, 0, 0, 0, 0, 0, 0, 0, 0, 0, 0, 0, 0, 0, 0, 0, 0, 0, 0, 0, 0, 0, 0, 0, 0, 0, 0, 0, 0, 0, 0, 0, (3, 0.0, 2.321133333333333), 0, 0, 0, 0, (3, 5e-05, 0.15916666666666668), 0, 0, 0, 0, 0, 0, 0, 0, 0, (2, 0.0, 0.0), 0, 0, 0, 0, 0, 0, 0, 0, (3, 0.0, 2.2222222222222223e-05), 0, (3, 5e-05, 0.12382222222222221), 0, 0, 0, (3, 0.0, 0.028383333333333337), 0, (2, 0.0, 0.0023555555555555556), (2, 0.0, 0.00095), (1, 0.0, 0.001172222222222222), (2, 0.0, 0.0012333333333333335), (3, 0.0, 0.0), (3, 0.0, 0.00023888888888888888), (1, 0.0, 0.000638888888888889)]","[-1, -1, -1, -1, -1, -1, -1, -1, -1, -1, -1, -1, -1, -1, -1, -1, -1, -1, -1, -1, -1, -1, -1, -1, -1, -1, -1, -1, -1, -1, -1, -1, -1, -1, -1, -1, -1, -1, -1, -1, -1, -1, -1, -1, -1, -1, -1, -1, -1, -1, -1, -1, -1, -1, -1, -1, -1, -1, 14, -1, -1, -1, -1, 6, -1, -1, -1, -1, -1, -1, -1, -1, -1, 12, -1, -1, -1, -1, -1, -1, -1, -1, 11, -1, 3, -1, -1, -1, 0, -1, 11, 15, 9, 11, 2, 15, 3]","[False, False, False, False, False, False, False, False, False, False, False, False, False, False, False, False, False, False, False, False, False, False, False, False, False, False, False, False, False, False, False, False, False, False, False, False, False, False, False, False, False, False, False, False, False, False, False, False, False, False, False, False, False, False, False, False, False, False, True, False, False, False, False, True, False, False, False, False, False, False, False, False, False, True, False, False, False, False, False, False, False, False, True, False, True, False, False, False, True, False, True, True, True, True, True, True, True]"
71,"[0, 0, 0, 0, 0, 0, 0, 0, 0, 0, 0, 0, 0, 0, 0, 0, 0, 0, 0, 0, 0, 0, 0, 0, 0, 0, 0, 0, 0, 0, 0, 0, 0, 0, 0, 0, 0, 0, 0, 0, 0, 0, 0, 0, 0, 0, 0, 0, 0, 0, 0, 0, 0, 0, 0, 0, 0, 0, 0, 0, 0, 0, 0, 0, 0, 0, 0, 0, 0, 0, 0, 0, 0, 3732.8795324862313, 0, 0, 0, 0, 0, 0, 0, 0, 1101.8340775871, 0, 5888.650399259911, 0, 0, 0, 2777.0076285751793, 501.40426599866777, 0, 5046.6768101486105, 1572.4507548904555, 1208.6783913782356, 0, 1105.1729687313032, 1501.2453811024511, 731.2170323801198, 0, 450.7502254398]","[0, 0, 0, 0, 0, 0, 0, 0, 1, 1, 1, 1, 1, 1, 2, 2, 2, 2, 2, 2, 2, 3, 3, 3, 4, 4, 4, 5, 5, 5, 5, 6, 6, 6, 7, 7, 7, 7, 7, 8, 8, 8, 8, 8, 8, 8, 8, 9, 9, 9, 9, 9, 10, 10, 10, 10, 11, 11, 11, 12, 12, 12, 12, 12, 12, 13, 13, 13, 13, 13, 13, 14, 14, 14, 14, 15, 15, 15, 15, 15, 16, 16, 16, 17, 17, 17, 18, 18, 18, 18, 18, 19, 19, 20, 20, 20, 20, 20, 20, 21]","[1, 1, 1, 1, 1, 1, 1, 3, 2, 2, 2, 2, 2, 2, 3, 3, 4, 5, 8, 8, 8, 9, 11, 12, 12, 12, 12, 14, 14, 16, 17, 18, 21, 20, 21, 22, 25, 24, 26, 26, 26, 28, 26, 27, 27, 27, 28, 28, 33, 31, 31, 34, 35, 35, 35, 39, 40, 42, 43, 42, 43, 44, 44, 44, 45, 45, 46, 47, 49, 48, 51, 52, 53, 54, 55, 54, 55, 57, 56, 58, 58, 58, 58, 59, 64, 61, 62, 62, 63, 71, 64, 64, 65, 67, 68, 68, 68, 71, 70, 71]","[21, 5, 26, 12, 8, 8, 20, 15, 11, 19, 8, 9, 4, 26, 11, 11, 14, 12, 26, 27, 25, 35, 33, 31, 14, 27, 26, 18, 17, 24, 21, 28, 28, 24, 35, 45, 34, 27, 54, 42, 43, 44, 42, 30, 42, 31, 53, 53, 48, 43, 40, 54, 52, 39, 46, 45, 57, 68, -1, 58, 44, 64, 48, -1, 46, 51, 55, 56, 56, 58, 57, 59, 61, -1, 70, 64, 63, 64, 61, 62, 62, 65, -1, 67, -1, 68, 70, 68, -1, -1, 68, -1, -1, -1, -1, -1, -1, -1, -1, -1]","[0, 0, 0, 0, 0, 0, 0, 0, 0, 0, 0, 0, 0, 0, 0, 0, 0, 0, 0, 0, 0, 0, 0, 0, 0, 0, 0, 0, 0, 0, 0, 0, 0, 0, 0, 0, 0, 0, 0, 0, 0, 0, 0, 0, 0, 0, 0, 0, 0, 0, 0, 0, 0, 0, 0, 0, 0, 0, 4029.0, 0, 0, 0, 0, 1763.7978670006662, 0, 0, 0, 0, 0, 0, 0, 0, 0, 4029.0, 0, 0, 0, 0, 0, 0, 0, 0, 395.3304483418631, 0, 4958.825199629955, 0, 0, 0, 4029.0, 2265.202132999334, 0, 4340.173180903374, 2050.1026868940025, 4029.0, -706.5036292452369, 4029.0, 1978.897313105998, 4029.0, -929.8251996299555, 4029.0]","[0, 0, 0, 0, 0, 0, 0, 0, 0, 0, 0, 0, 0, 0, 0, 0, 0, 0, 0, 0, 0, 0, 0, 0, 0, 0, 0, 0, 0, 0, 0, 0, 0, 0, 0, 0, 0, 0, 0, 0, 0, 0, 0, 0, 0, 0, 0, 0, 0, 0, 0, 0, 0, 0, 0, 0, 0, 0, (419.4296, 1.603, 0.26126666666666665), 0, 0, 0, 0, (1400.8971999999999, 0.20986666666666667, 0.7470666666666668), 0, 0, 0, 0, 0, 0, 0, 0, 0, (0.0, 0.0, 0.0), 0, 0, 0, 0, 0, 0, 0, 0, (83.886, 0.0, 0.001), 0, (1269.4758, 0.3529333333333333, 0.49439999999999995), 0, 0, 0, (115.3428, 0.03426666666666667, 0.023266666666666665), (0.0, 0.0048, 6.666666666666668e-05), 0, (369.0984, 0.018533333333333336, 0.025066666666666668), (100.6632, 0.11566666666666668, 0.09933333333333332), (304.0866, 0.2961333333333333, 0.05726666666666666), (100.6632, 0.004666666666666667, 6.666666666666668e-05), (33.5544, 0.0, 0.001), (348.1266, 1.8001333333333334, 0.6946), (178.9568, 0.0019333333333333331, 0.0014666666666666665), (35.6514, 0.001, 0.0), (184.549, 0.0, 0.0)]","[0, 0, 0, 0, 0, 0, 0, 0, 0, 0, 0, 0, 0, 0, 0, 0, 0, 0, 0, 0, 0, 0, 0, 0, 0, 0, 0, 0, 0, 0, 0, 0, 0, 0, 0, 0, 0, 0, 0, 0, 0, 0, 0, 0, 0, 0, 0, 0, 0, 0, 0, 0, 0, 0, 0, 0, 0, 0, (3, 5e-05, 2.3596222222222227), 0, 0, 0, 0, (3, 5e-05, 0.10956111111111111), 0, 0, 0, 0, 0, 0, 0, 0, 0, (2, 0.0, 0.0), 0, 0, 0, 0, 0, 0, 0, 0, (3, 0.0, 0.0), 0, (3, 0.1731833333333333, 0.38794999999999996), 0, 0, 0, (3, 0.0, 0.027411111111111112), (2, 0.0, 0.0013222222222222222), 0, (2, 0.0, 0.0054888888888888895), (2, 0.0, 0.0009611111111111112), (1, 0.0, 0.0010444444444444444), (2, 0.0, 0.001238888888888889), (3, 0.0, 0.0), (3, 0.0, 0.00039999999999999996), (1, 0.36411666666666676, 0.01315), (1, 0.0, 0.0006222222222222223), (1, 0.0, 0.00029444444444444445)]","[-1, -1, -1, -1, -1, -1, -1, -1, -1, -1, -1, -1, -1, -1, -1, -1, -1, -1, -1, -1, -1, -1, -1, -1, -1, -1, -1, -1, -1, -1, -1, -1, -1, -1, -1, -1, -1, -1, -1, -1, -1, -1, -1, -1, -1, -1, -1, -1, -1, -1, -1, -1, -1, -1, -1, -1, -1, -1, 14, -1, -1, -1, -1, 6, -1, -1, -1, -1, -1, -1, -1, -1, -1, 12, -1, -1, -1, -1, -1, -1, -1, -1, 11, -1, 3, -1, -1, -1, 0, 6, -1, 11, 15, 9, 11, 2, 15, 5, 3, 4]","[False, False, False, False, False, False, False, False, False, False, False, False, False, False, False, False, False, False, False, False, False, False, False, False, False, False, False, False, False, False, False, False, False, False, False, False, False, False, False, False, False, False, False, False, False, False, False, False, False, False, False, False, False, False, False, False, False, False, True, False, False, False, False, True, False, False, False, False, False, False, False, False, False, True, False, False, False, False, False, False, False, False, True, False, True, False, False, False, True, True, False, True, True, True, True, True, True, True, True, True]"
72,"[0, 0, 0, 0, 0, 0, 0, 0, 0, 0, 0, 0, 0, 0, 0, 0, 0, 0, 0, 0, 0, 0, 0, 0, 0, 0, 0, 0, 0, 0, 0, 0, 0, 0, 0, 0, 0, 0, 0, 0, 0, 0, 0, 0, 0, 0, 0, 0, 0, 0, 0, 0, 0, 0, 0, 0, 0, 0, 0, 0, 0, 0, 0, 0, 0, 0, 0, 0, 0, 0, 0, 0, 0, 3782.9628893621643, 0, 0, 0, 0, 0, 0, 0, 0, 0, 0, 4252.576912042853, 0, 0, 0, 3089.2155868173595, 498.43737685074666, 0, 6361.008278047395, 1566.5169784569066, 1225.3728442978247, 0, 1111.8507510197098, 976.1061865270877, 657.7614400862267, 0, 570.9502855570801, 3815.4812123039737, 1578.3845313240047]","[0, 0, 0, 0, 0, 0, 0, 0, 1, 1, 1, 1, 1, 1, 2, 2, 2, 2, 2, 2, 2, 3, 3, 3, 4, 4, 4, 5, 5, 5, 5, 6, 6, 6, 7, 7, 7, 7, 7, 8, 8, 8, 8, 8, 8, 8, 8, 9, 9, 9, 9, 9, 10, 10, 10, 10, 11, 11, 11, 12, 12, 12, 12, 12, 12, 13, 13, 13, 13, 13, 13, 14, 14, 14, 14, 15, 15, 15, 15, 15, 16, 16, 16, 17, 17, 17, 18, 18, 18, 18, 18, 19, 19, 20, 20, 20, 20, 20, 20, 21, 21, 22]","[1, 1, 1, 1, 1, 1, 1, 3, 2, 2, 2, 2, 2, 2, 3, 3, 4, 5, 8, 8, 8, 9, 11, 12, 12, 12, 12, 14, 14, 16, 17, 18, 21, 20, 21, 22, 25, 24, 26, 26, 26, 28, 26, 27, 27, 27, 28, 28, 33, 31, 31, 34, 35, 35, 35, 39, 40, 42, 43, 42, 43, 44, 44, 44, 45, 45, 46, 47, 49, 48, 51, 52, 53, 54, 55, 54, 55, 57, 56, 58, 58, 58, 58, 59, 64, 61, 62, 62, 63, 71, 64, 64, 65, 67, 68, 68, 68, 71, 70, 71, 72, 72]","[21, 5, 26, 12, 8, 8, 20, 15, 11, 19, 8, 9, 4, 26, 11, 11, 14, 12, 26, 27, 25, 35, 33, 31, 14, 27, 26, 18, 17, 24, 21, 28, 28, 24, 35, 45, 34, 27, 54, 42, 43, 44, 42, 30, 42, 31, 53, 53, 48, 43, 40, 54, 52, 39, 46, 45, 57, 68, 72, 58, 44, 64, 48, 72, 46, 51, 55, 56, 56, 58, 57, 59, 61, -1, 70, 64, 63, 64, 61, 62, 62, 65, -1, 67, -1, 68, 70, 68, -1, -1, 68, -1, -1, -1, 72, -1, -1, -1, 72, -1, -1, -1]","[0, 0, 0, 0, 0, 0, 0, 0, 0, 0, 0, 0, 0, 0, 0, 0, 0, 0, 0, 0, 0, 0, 0, 0, 0, 0, 0, 0, 0, 0, 0, 0, 0, 0, 0, 0, 0, 0, 0, 0, 0, 0, 0, 0, 0, 0, 0, 0, 0, 0, 0, 0, 0, 0, 0, 0, 0, 0, 0, 0, 0, 0, 0, 0, 0, 0, 0, 0, 0, 0, 0, 0, 0, 4029.0, 0, 0, 0, 0, 0, 0, 0, 0, -1166.0041390236975, 0, 4029.0, 0, 0, 0, 4029.0, 4029.0, 0, 5195.0041390236975, 2309.7053959649093, 4029.0, 0, 4029.0, 1719.2946040350907, 4029.0, 0, 4029.0, 4029.0, 4029.0]","[0, 0, 0, 0, 0, 0, 0, 0, 0, 0, 0, 0, 0, 0, 0, 0, 0, 0, 0, 0, 0, 0, 0, 0, 0, 0, 0, 0, 0, 0, 0, 0, 0, 0, 0, 0, 0, 0, 0, 0, 0, 0, 0, 0, 0, 0, 0, 0, 0, 0, 0, 0, 0, 0, 0, 0, 0, 0, 0, 0, 0, 0, 0, 0, 0, 0, 0, 0, 0, 0, 0, 0, 0, (0.0, 0.0, 0.0), 0, 0, 0, 0, 0, 0, 0, 0, (83.886, 0.0, 0.001), 0, (1974.1186, 0.14053333333333334, 0.48906666666666665), 0, 0, 0, (111.1486, 0.03153333333333334, 0.0434), (145.4024, 0.004733333333333333, 6.666666666666668e-05), 0, (1157.6274666666666, 0.016533333333333334, 0.022133333333333328), (22.3696, 0.11606666666666667, 0.09953333333333332), (292.20259999999996, 0.28073333333333333, 0.056799999999999996), 0, (39.146800000000006, 0.0, 0.001), (230.686, 0.866, 0.3906666666666667), (192.93779999999998, 0.003933333333333333, 0.0014666666666666665), 0, (225.0938, 0.0, 0.0), (1426.063, 0.14286666666666667, 0.5943999999999999), (223.696, 0.11593333333333333, 0.0992)]","[0, 0, 0, 0, 0, 0, 0, 0, 0, 0, 0, 0, 0, 0, 0, 0, 0, 0, 0, 0, 0, 0, 0, 0, 0, 0, 0, 0, 0, 0, 0, 0, 0, 0, 0, 0, 0, 0, 0, 0, 0, 0, 0, 0, 0, 0, 0, 0, 0, 0, 0, 0, 0, 0, 0, 0, 0, 0, 0, 0, 0, 0, 0, 0, 0, 0, 0, 0, 0, 0, 0, 0, 0, (2, 0.0, 0.0), 0, 0, 0, 0, 0, 0, 0, 0, (3, 0.0, 0.0), 0, (3, 1.666666666666667e-05, 0.31198333333333333), 0, 0, 0, (3, 0.0009, 0.029877777777777774), (2, 0.0, 0.0012666666666666666), 0, (2, 0.0, 0.005333333333333333), (2, 0.0, 0.0009388888888888888), (1, 0.0, 0.001027777777777778), 0, (3, 0.0, 0.0), (3, 1.666666666666667e-05, 0.0003444444444444445), (1, 0.26766666666666666, 0.015294444444444444), 0, (1, 0.0, 0.0002833333333333333), (3, 0.005116666666666666, 0.1869), (2, 0.0, 0.0010277777777777776)]","[-1, -1, -1, -1, -1, -1, -1, -1, -1, -1, -1, -1, -1, -1, -1, -1, -1, -1, -1, -1, -1, -1, -1, -1, -1, -1, -1, -1, -1, -1, -1, -1, -1, -1, -1, -1, -1, -1, -1, -1, -1, -1, -1, -1, -1, -1, -1, -1, -1, -1, -1, -1, -1, -1, -1, -1, -1, -1, -1, -1, -1, -1, -1, -1, -1, -1, -1, -1, -1, -1, -1, -1, -1, 12, -1, -1, -1, -1, -1, -1, -1, -1, 11, -1, 3, -1, -1, -1, 0, 6, -1, 11, 15, 9, -1, 2, 15, 5, -1, 4, 14, 7]","[False, False, False, False, False, False, False, False, False, False, False, False, False, False, False, False, False, False, False, False, False, False, False, False, False, False, False, False, False, False, False, False, False, False, False, False, False, False, False, False, False, False, False, False, False, False, False, False, False, False, False, False, False, False, False, False, False, False, False, False, False, False, False, False, False, False, False, False, False, False, False, False, False, True, False, False, False, False, False, False, False, False, True, False, True, False, False, False, True, True, False, True, True, True, False, True, True, True, False, True, True, True]"
73,"[0, 0, 0, 0, 0, 0, 0, 0, 0, 0, 0, 0, 0, 0, 0, 0, 0, 0, 0, 0, 0, 0, 0, 0, 0, 0, 0, 0, 0, 0, 0, 0, 0, 0, 0, 0, 0, 0, 0, 0, 0, 0, 0, 0, 0, 0, 0, 0, 0, 0, 0, 0, 0, 0, 0, 0, 0, 0, 0, 0, 0, 0, 0, 0, 0, 0, 0, 0, 0, 0, 0, 0, 0, 3388.973815271489, 0, 0, 0, 0, 0, 0, 0, 0, 0, 0, 3235.722332789209, 0, 0, 0, 2842.73561978406, 498.43737685074666, 0, 2438.7820916767528, 1563.5500902401322, 0, 0, 1252.08417907625, 1465.6427238431045, 711.18368902724, 0, 500.8335838220001, 2446.521763816231, 1566.5169784569066]","[0, 0, 0, 0, 0, 0, 0, 0, 1, 1, 1, 1, 1, 1, 2, 2, 2, 2, 2, 2, 2, 3, 3, 3, 4, 4, 4, 5, 5, 5, 5, 6, 6, 6, 7, 7, 7, 7, 7, 8, 8, 8, 8, 8, 8, 8, 8, 9, 9, 9, 9, 9, 10, 10, 10, 10, 11, 11, 11, 12, 12, 12, 12, 12, 12, 13, 13, 13, 13, 13, 13, 14, 14, 14, 14, 15, 15, 15, 15, 15, 16, 16, 16, 17, 17, 17, 18, 18, 18, 18, 18, 19, 19, 20, 20, 20, 20, 20, 20, 21, 21, 22]","[1, 1, 1, 1, 1, 1, 1, 3, 2, 2, 2, 2, 2, 2, 3, 3, 4, 5, 8, 8, 8, 9, 11, 12, 12, 12, 12, 14, 14, 16, 17, 18, 21, 20, 21, 22, 25, 24, 26, 26, 26, 28, 26, 27, 27, 27, 28, 28, 33, 31, 31, 34, 35, 35, 35, 39, 40, 42, 43, 42, 43, 44, 44, 44, 45, 45, 46, 47, 49, 48, 51, 52, 53, 54, 55, 54, 55, 57, 56, 58, 58, 58, 58, 59, 64, 61, 62, 62, 63, 71, 64, 64, 65, 67, 68, 68, 68, 71, 70, 71, 72, 72]","[21, 5, 26, 12, 8, 8, 20, 15, 11, 19, 8, 9, 4, 26, 11, 11, 14, 12, 26, 27, 25, 35, 33, 31, 14, 27, 26, 18, 17, 24, 21, 28, 28, 24, 35, 45, 34, 27, 54, 42, 43, 44, 42, 30, 42, 31, 53, 53, 48, 43, 40, 54, 52, 39, 46, 45, 57, 68, 72, 58, 44, 64, 48, 72, 46, 51, 55, 56, 56, 58, 57, 59, 61, -1, 70, 64, 63, 64, 61, 62, 62, 65, 73, 67, -1, 68, 70, 68, -1, -1, 68, -1, -1, -1, 72, -1, -1, -1, 72, -1, -1, -1]","[0, 0, 0, 0, 0, 0, 0, 0, 0, 0, 0, 0, 0, 0, 0, 0, 0, 0, 0, 0, 0, 0, 0, 0, 0, 0, 0, 0, 0, 0, 0, 0, 0, 0, 0, 0, 0, 0, 0, 0, 0, 0, 0, 0, 0, 0, 0, 0, 0, 0, 0, 0, 0, 0, 0, 0, 0, 0, 0, 0, 0, 0, 0, 0, 0, 0, 0, 0, 0, 0, 0, 0, 0, 4029.0, 0, 0, 0, 0, 0, 0, 0, 0, 0, 0, 4029.0, 0, 0, 0, 4029.0, 4029.0, 0, 4029.0, 2063.4536831985138, 4029.0, 0, 4029.0, 1965.546316801486, 4029.0, 0, 1041.6559100028844, 2987.3440899971156, 4029.0]","[0, 0, 0, 0, 0, 0, 0, 0, 0, 0, 0, 0, 0, 0, 0, 0, 0, 0, 0, 0, 0, 0, 0, 0, 0, 0, 0, 0, 0, 0, 0, 0, 0, 0, 0, 0, 0, 0, 0, 0, 0, 0, 0, 0, 0, 0, 0, 0, 0, 0, 0, 0, 0, 0, 0, 0, 0, 0, 0, 0, 0, 0, 0, 0, 0, 0, 0, 0, 0, 0, 0, 0, 0, (0.0, 0.0, 0.0), 0, 0, 0, 0, 0, 0, 0, 0, 0, 0, (1730.8488, 0.18693333333333337, 0.49646666666666667), 0, 0, 0, (97.86666666666669, 0.0338, 0.023066666666666666), (67.1088, 0.004666666666666667, 0.0), 0, (167.772, 0.009333333333333334, 0.0104), (67.1088, 0.11606666666666667, 0.09946666666666669), (276.8236, 0.27726666666666666, 0.054666666666666655), 0, (173.3644, 6.666666666666668e-05, 0.0016), (331.3495333333333, 4.365933333333333, 0.022533333333333336), (134.2176, 0.002, 0.0014), 0, (191.5394, 0.0, 0.0), (1311.4188000000001, 0.1956, 0.7402000000000001), (268.4352, 0.11646666666666668, 0.09953333333333332)]","[0, 0, 0, 0, 0, 0, 0, 0, 0, 0, 0, 0, 0, 0, 0, 0, 0, 0, 0, 0, 0, 0, 0, 0, 0, 0, 0, 0, 0, 0, 0, 0, 0, 0, 0, 0, 0, 0, 0, 0, 0, 0, 0, 0, 0, 0, 0, 0, 0, 0, 0, 0, 0, 0, 0, 0, 0, 0, 0, 0, 0, 0, 0, 0, 0, 0, 0, 0, 0, 0, 0, 0, 0, (2, 0.0, 0.0), 0, 0, 0, 0, 0, 0, 0, 0, 0, 0, (3, 1.666666666666667e-05, 0.20562222222222223), 0, 0, 0, (3, 0.0, 0.02947777777777778), (2, 0.0, 0.0012333333333333335), 0, (2, 0.0, 0.002172222222222222), (2, 0.0, 0.0009555555555555554), (1, 0.0, 0.0013833333333333334), 0, (3, 0.03166666666666667, 0.0017722222222222221), (3, 0.0, 0.00019444444444444446), (1, 0.2701, 0.013050000000000004), 0, (1, 1.666666666666667e-05, 0.0002611111111111111), (3, 0.0006, 0.11304444444444445), (2, 0.0, 0.0009611111111111112)]","[-1, -1, -1, -1, -1, -1, -1, -1, -1, -1, -1, -1, -1, -1, -1, -1, -1, -1, -1, -1, -1, -1, -1, -1, -1, -1, -1, -1, -1, -1, -1, -1, -1, -1, -1, -1, -1, -1, -1, -1, -1, -1, -1, -1, -1, -1, -1, -1, -1, -1, -1, -1, -1, -1, -1, -1, -1, -1, -1, -1, -1, -1, -1, -1, -1, -1, -1, -1, -1, -1, -1, -1, -1, 12, -1, -1, -1, -1, -1, -1, -1, -1, -1, -1, 3, -1, -1, -1, 0, 6, -1, 11, 15, 9, -1, 2, 15, 5, -1, 14, 14, 7]","[False, False, False, False, False, False, False, False, False, False, False, False, False, False, False, False, False, False, False, False, False, False, False, False, False, False, False, False, False, False, False, False, False, False, False, False, False, False, False, False, False, False, False, False, False, False, False, False, False, False, False, False, False, False, False, False, False, False, False, False, False, False, False, False, False, False, False, False, False, False, False, False, False, True, False, False, False, False, False, False, False, False, False, False, True, False, False, False, True, True, False, True, True, True, False, True, True, True, False, True, True, True]"
74,"[0, 0, 0, 0, 0, 0, 0, 0, 0, 0, 0, 0, 0, 0, 0, 0, 0, 0, 0, 0, 0, 0, 0, 0, 0, 0, 0, 0, 0, 0, 0, 0, 0, 0, 0, 0, 0, 0, 0, 0, 0, 0, 0, 0, 0, 0, 0, 0, 0, 0, 0, 0, 0, 0, 0, 0, 0, 0, 0, 0, 0, 0, 0, 0, 0, 0, 0, 0, 0, 0, 0, 0, 0, 3395.6515961882797, 0, 0, 0, 0, 0, 0, 0, 0, 0, 0, 2452.592537423716, 0, 0, 0, 2867.38361648739, 0, 0, 2554.490731062876, 1563.5500902401322, 0, 0, 0, 1851.3381774860268, 647.7447684097866, 0, 474.12245935149326, 1714.4051397483977, 2303.8585840403466, 1560.5832020233572, 1646.6233023008167, 1155.2559781834066]","[0, 0, 0, 0, 0, 0, 0, 0, 1, 1, 1, 1, 1, 1, 2, 2, 2, 2, 2, 2, 2, 3, 3, 3, 4, 4, 4, 5, 5, 5, 5, 6, 6, 6, 7, 7, 7, 7, 7, 8, 8, 8, 8, 8, 8, 8, 8, 9, 9, 9, 9, 9, 10, 10, 10, 10, 11, 11, 11, 12, 12, 12, 12, 12, 12, 13, 13, 13, 13, 13, 13, 14, 14, 14, 14, 15, 15, 15, 15, 15, 16, 16, 16, 17, 17, 17, 18, 18, 18, 18, 18, 19, 19, 20, 20, 20, 20, 20, 20, 21, 21, 21, 22, 22, 22]","[1, 1, 1, 1, 1, 1, 1, 3, 2, 2, 2, 2, 2, 2, 3, 3, 4, 5, 8, 8, 8, 9, 11, 12, 12, 12, 12, 14, 14, 16, 17, 18, 21, 20, 21, 22, 25, 24, 26, 26, 26, 28, 26, 27, 27, 27, 28, 28, 33, 31, 31, 34, 35, 35, 35, 39, 40, 42, 43, 42, 43, 44, 44, 44, 45, 45, 46, 47, 49, 48, 51, 52, 53, 54, 55, 54, 55, 57, 56, 58, 58, 58, 58, 59, 64, 61, 62, 62, 63, 71, 64, 64, 65, 67, 68, 68, 68, 71, 70, 71, 74, 72, 72, 74, 74]","[21, 5, 26, 12, 8, 8, 20, 15, 11, 19, 8, 9, 4, 26, 11, 11, 14, 12, 26, 27, 25, 35, 33, 31, 14, 27, 26, 18, 17, 24, 21, 28, 28, 24, 35, 45, 34, 27, 54, 42, 43, 44, 42, 30, 42, 31, 53, 53, 48, 43, 40, 54, 52, 39, 46, 45, 57, 68, 72, 58, 44, 64, 48, 72, 46, 51, 55, 56, 56, 58, 57, 59, 61, -1, 70, 64, 63, 64, 61, 62, 62, 65, 73, 67, -1, 68, 70, 68, -1, -1, 68, -1, -1, 74, 72, -1, -1, -1, 72, -1, -1, -1, -1, -1, -1]","[0, 0, 0, 0, 0, 0, 0, 0, 0, 0, 0, 0, 0, 0, 0, 0, 0, 0, 0, 0, 0, 0, 0, 0, 0, 0, 0, 0, 0, 0, 0, 0, 0, 0, 0, 0, 0, 0, 0, 0, 0, 0, 0, 0, 0, 0, 0, 0, 0, 0, 0, 0, 0, 0, 0, 0, 0, 0, 0, 0, 0, 0, 0, 0, 0, 0, 0, 0, 0, 0, 0, 0, 0, 4029.0, 0, 0, 0, 0, 0, 0, 0, 0, 0, 0, 4029.0, 0, 0, 0, 4029.0, 4029.0, 0, 4029.0, 1870.6059563770527, 0, 0, 4029.0, 2158.3940436229473, 4029.0, 0, 1099.6319376555732, 4029.0, 2929.3680623444266, 4029.0, 4029.0, 4029.0]","[0, 0, 0, 0, 0, 0, 0, 0, 0, 0, 0, 0, 0, 0, 0, 0, 0, 0, 0, 0, 0, 0, 0, 0, 0, 0, 0, 0, 0, 0, 0, 0, 0, 0, 0, 0, 0, 0, 0, 0, 0, 0, 0, 0, 0, 0, 0, 0, 0, 0, 0, 0, 0, 0, 0, 0, 0, 0, 0, 0, 0, 0, 0, 0, 0, 0, 0, 0, 0, 0, 0, 0, 0, (0.0, 0.0, 0.0), 0, 0, 0, 0, 0, 0, 0, 0, 0, 0, (1356.158, 0.1402, 0.49906666666666666), 0, 0, 0, (98.5656, 0.03406666666666667, 0.023066666666666666), (100.6632, 0.004666666666666667, 6.666666666666668e-05), 0, (536.8704, 0.009266666666666668, 0.0106), (78.29360000000001, 0.11573333333333333, 0.09953333333333332), 0, 0, (156.58720000000002, 6.666666666666668e-05, 0.001066666666666667), (478.1502, 3.8014, 0.020733333333333333), (226.49220000000003, 0.0016666666666666668, 0.0014), 0, (225.09366666666662, 0.0, 0.0), (105.5042, 0.28773333333333334, 0.22433333333333338), (1255.4948, 0.13406666666666667, 0.4640666666666667), (33.5544, 0.11626666666666668, 0.09953333333333332), (125.829, 0.9397333333333332, 0.7602666666666668), (67.10839999999999, 0.00013333333333333334, 0.001)]","[0, 0, 0, 0, 0, 0, 0, 0, 0, 0, 0, 0, 0, 0, 0, 0, 0, 0, 0, 0, 0, 0, 0, 0, 0, 0, 0, 0, 0, 0, 0, 0, 0, 0, 0, 0, 0, 0, 0, 0, 0, 0, 0, 0, 0, 0, 0, 0, 0, 0, 0, 0, 0, 0, 0, 0, 0, 0, 0, 0, 0, 0, 0, 0, 0, 0, 0, 0, 0, 0, 0, 0, 0, (2, 0.0, 0.0), 0, 0, 0, 0, 0, 0, 0, 0, 0, 0, (3, 8.333333333333333e-05, 0.11315), 0, 0, 0, (3, 0.0, 0.029166666666666667), (2, 0.0, 0.001238888888888889), 0, (2, 0.0, 0.0023777777777777777), (2, 0.0, 0.0009166666666666666), 0, 0, (3, 0.0, 0.0002833333333333333), (3, 0.0428, 0.01527777777777778), (1, 0.27021666666666666, 0.012733333333333334), 0, (1, 0.0, 0.0002833333333333333), (1, 0.0030666666666666663, 0.05871111111111111), (3, 1.666666666666667e-05, 0.12178333333333334), (2, 0.0, 0.000972222222222222), (2, 0.0, 0.009888888888888888), (1, 0.0, 0.0005722222222222222)]","[-1, -1, -1, -1, -1, -1, -1, -1, -1, -1, -1, -1, -1, -1, -1, -1, -1, -1, -1, -1, -1, -1, -1, -1, -1, -1, -1, -1, -1, -1, -1, -1, -1, -1, -1, -1, -1, -1, -1, -1, -1, -1, -1, -1, -1, -1, -1, -1, -1, -1, -1, -1, -1, -1, -1, -1, -1, -1, -1, -1, -1, -1, -1, -1, -1, -1, -1, -1, -1, -1, -1, -1, -1, 12, -1, -1, -1, -1, -1, -1, -1, -1, -1, -1, 3, -1, -1, -1, 0, 6, -1, 11, 15, -1, -1, 2, 15, 5, -1, 14, 1, 14, 7, 9, 8]","[False, False, False, False, False, False, False, False, False, False, False, False, False, False, False, False, False, False, False, False, False, False, False, False, False, False, False, False, False, False, False, False, False, False, False, False, False, False, False, False, False, False, False, False, False, False, False, False, False, False, False, False, False, False, False, False, False, False, False, False, False, False, False, False, False, False, False, False, False, False, False, False, False, True, False, False, False, False, False, False, False, False, False, False, True, False, False, False, True, True, False, True, True, False, False, True, True, True, False, True, True, True, True, True, True]"
75,"[0, 0, 0, 0, 0, 0, 0, 0, 0, 0, 0, 0, 0, 0, 0, 0, 0, 0, 0, 0, 0, 0, 0, 0, 0, 0, 0, 0, 0, 0, 0, 0, 0, 0, 0, 0, 0, 0, 0, 0, 0, 0, 0, 0, 0, 0, 0, 0, 0, 0, 0, 0, 0, 0, 0, 0, 0, 0, 0, 0, 0, 0, 0, 0, 0, 0, 0, 0, 0, 0, 0, 0, 0, 3432.379391230631, 0, 0, 0, 0, 0, 0, 0, 0, 0, 0, 2677.21116090064, 0, 0, 0, 3604.08485128692, 0, 0, 2450.6496444343047, 1563.5500902401322, 0, 0, 0, 1646.6228982447833, 724.5392512624934, 0, 580.9669572335199, 1429.5838385761401, 2662.034226881929, 1566.5169784569066, 2251.868135745323, 1622.8881916370212, 1151.9170880730503, 744.572766635591]","[0, 0, 0, 0, 0, 0, 0, 0, 1, 1, 1, 1, 1, 1, 2, 2, 2, 2, 2, 2, 2, 3, 3, 3, 4, 4, 4, 5, 5, 5, 5, 6, 6, 6, 7, 7, 7, 7, 7, 8, 8, 8, 8, 8, 8, 8, 8, 9, 9, 9, 9, 9, 10, 10, 10, 10, 11, 11, 11, 12, 12, 12, 12, 12, 12, 13, 13, 13, 13, 13, 13, 14, 14, 14, 14, 15, 15, 15, 15, 15, 16, 16, 16, 17, 17, 17, 18, 18, 18, 18, 18, 19, 19, 20, 20, 20, 20, 20, 20, 21, 21, 21, 22, 22, 22, 22, 22]","[1, 1, 1, 1, 1, 1, 1, 3, 2, 2, 2, 2, 2, 2, 3, 3, 4, 5, 8, 8, 8, 9, 11, 12, 12, 12, 12, 14, 14, 16, 17, 18, 21, 20, 21, 22, 25, 24, 26, 26, 26, 28, 26, 27, 27, 27, 28, 28, 33, 31, 31, 34, 35, 35, 35, 39, 40, 42, 43, 42, 43, 44, 44, 44, 45, 45, 46, 47, 49, 48, 51, 52, 53, 54, 55, 54, 55, 57, 56, 58, 58, 58, 58, 59, 64, 61, 62, 62, 63, 71, 64, 64, 65, 67, 68, 68, 68, 71, 70, 71, 74, 72, 72, 75, 74, 74, 75]","[21, 5, 26, 12, 8, 8, 20, 15, 11, 19, 8, 9, 4, 26, 11, 11, 14, 12, 26, 27, 25, 35, 33, 31, 14, 27, 26, 18, 17, 24, 21, 28, 28, 24, 35, 45, 34, 27, 54, 42, 43, 44, 42, 30, 42, 31, 53, 53, 48, 43, 40, 54, 52, 39, 46, 45, 57, 68, 72, 58, 44, 64, 48, 72, 46, 51, 55, 56, 56, 58, 57, 59, 61, -1, 70, 64, 63, 64, 61, 62, 62, 65, 73, 67, -1, 68, 70, 68, -1, 75, 68, -1, -1, 74, 72, 75, -1, -1, 72, -1, -1, -1, -1, -1, -1, -1, -1]","[0, 0, 0, 0, 0, 0, 0, 0, 0, 0, 0, 0, 0, 0, 0, 0, 0, 0, 0, 0, 0, 0, 0, 0, 0, 0, 0, 0, 0, 0, 0, 0, 0, 0, 0, 0, 0, 0, 0, 0, 0, 0, 0, 0, 0, 0, 0, 0, 0, 0, 0, 0, 0, 0, 0, 0, 0, 0, 0, 0, 0, 0, 0, 0, 0, 0, 0, 0, 0, 0, 0, 0, 0, 4029.0, 0, 0, 0, 0, 0, 0, 0, 0, 0, 0, 4029.0, 0, 0, 0, 4029.0, 0, 0, 4029.0, 1972.9635959976745, 0, 0, 0, 2056.0364040023255, 4029.0, 0, 594.7756403165066, 4029.0, 2675.8429099649156, 1671.8244213557919, 2357.175578644208, 4029.0, 4029.0, 758.3814497185778]","[0, 0, 0, 0, 0, 0, 0, 0, 0, 0, 0, 0, 0, 0, 0, 0, 0, 0, 0, 0, 0, 0, 0, 0, 0, 0, 0, 0, 0, 0, 0, 0, 0, 0, 0, 0, 0, 0, 0, 0, 0, 0, 0, 0, 0, 0, 0, 0, 0, 0, 0, 0, 0, 0, 0, 0, 0, 0, 0, 0, 0, 0, 0, 0, 0, 0, 0, 0, 0, 0, 0, 0, 0, (0.0, 0.0, 0.0), 0, 0, 0, 0, 0, 0, 0, 0, 0, 0, (1227.5328, 0.18566666666666662, 0.4779333333333333), 0, 0, 0, (159.383, 0.27046666666666663, 0.022466666666666666), 0, 0, (738.197, 0.009333333333333334, 0.0108), (33.5544, 0.1158, 0.09953333333333332), 0, 0, 0, (450.887, 3.747866666666667, 0.0224), (271.2314, 0.0722, 0.0028666666666666667), 0, (159.38313333333332, 0.0, 0.0), (110.71433333333331, 0.20726666666666668, 0.17506666666666665), (1470.8021999999999, 0.18553333333333333, 0.47233333333333327), (0.0, 0.1156, 0.0996), (100.6632, 0.009333333333333334, 0.0108), (139.81, 0.972, 0.7780666666666667), (72.70093333333334, 6.666666666666668e-05, 0.001), (142.60586666666666, 0.0007333333333333332, 0.0006)]","[0, 0, 0, 0, 0, 0, 0, 0, 0, 0, 0, 0, 0, 0, 0, 0, 0, 0, 0, 0, 0, 0, 0, 0, 0, 0, 0, 0, 0, 0, 0, 0, 0, 0, 0, 0, 0, 0, 0, 0, 0, 0, 0, 0, 0, 0, 0, 0, 0, 0, 0, 0, 0, 0, 0, 0, 0, 0, 0, 0, 0, 0, 0, 0, 0, 0, 0, 0, 0, 0, 0, 0, 0, (2, 0.0, 0.0), 0, 0, 0, 0, 0, 0, 0, 0, 0, 0, (3, 3.3333333333333335e-05, 0.15232222222222222), 0, 0, 0, (3, 0.0013666666666666669, 0.02918888888888889), 0, 0, (2, 0.0, 0.0023666666666666667), (2, 0.0, 0.000977777777777778), 0, 0, 0, (3, 1.666666666666667e-05, 0.0003444444444444445), (1, 0.24863333333333332, 0.04668333333333334), 0, (1, 0.0, 0.0002722222222222222), (1, 0.0002333333333333333, 0.05122222222222223), (3, 1.666666666666667e-05, 0.1395388888888889), (2, 0.0, 0.00095), (2, 0.0, 0.002416666666666667), (2, 0.0, 0.011461111111111111), (1, 0.0, 0.0005666666666666666), (1, 0.0, 0.02883888888888889)]","[-1, -1, -1, -1, -1, -1, -1, -1, -1, -1, -1, -1, -1, -1, -1, -1, -1, -1, -1, -1, -1, -1, -1, -1, -1, -1, -1, -1, -1, -1, -1, -1, -1, -1, -1, -1, -1, -1, -1, -1, -1, -1, -1, -1, -1, -1, -1, -1, -1, -1, -1, -1, -1, -1, -1, -1, -1, -1, -1, -1, -1, -1, -1, -1, -1, -1, -1, -1, -1, -1, -1, -1, -1, 12, -1, -1, -1, -1, -1, -1, -1, -1, -1, -1, 3, -1, -1, -1, 0, -1, -1, 11, 15, -1, -1, -1, 15, 4, -1, 14, 1, 14, 7, 7, 9, 8, 14]","[False, False, False, False, False, False, False, False, False, False, False, False, False, False, False, False, False, False, False, False, False, False, False, False, False, False, False, False, False, False, False, False, False, False, False, False, False, False, False, False, False, False, False, False, False, False, False, False, False, False, False, False, False, False, False, False, False, False, False, False, False, False, False, False, False, False, False, False, False, False, False, False, False, True, False, False, False, False, False, False, False, False, False, False, True, False, False, False, True, False, False, True, True, False, False, False, True, True, False, True, True, True, True, True, True, True, True]"
76,"[0, 0, 0, 0, 0, 0, 0, 0, 0, 0, 0, 0, 0, 0, 0, 0, 0, 0, 0, 0, 0, 0, 0, 0, 0, 0, 0, 0, 0, 0, 0, 0, 0, 0, 0, 0, 0, 0, 0, 0, 0, 0, 0, 0, 0, 0, 0, 0, 0, 0, 0, 0, 0, 0, 0, 0, 0, 0, 0, 0, 0, 0, 0, 0, 0, 0, 0, 0, 0, 0, 0, 0, 0, 3385.6349248130928, 0, 0, 0, 0, 0, 0, 0, 0, 0, 0, 6028.278192232053, 0, 0, 0, 4107.999450555, 0, 0, 2453.616532623692, 1554.649425589809, 0, 0, 0, 922.7022006380679, 0, 0, 450.7502254398, 1845.861124904825, 2986.820614882346, 1593.2189724078767, 2266.7025766922616, 1578.3848591424044, 1158.5948682937635, 554.2559608139378]","[0, 0, 0, 0, 0, 0, 0, 0, 1, 1, 1, 1, 1, 1, 2, 2, 2, 2, 2, 2, 2, 3, 3, 3, 4, 4, 4, 5, 5, 5, 5, 6, 6, 6, 7, 7, 7, 7, 7, 8, 8, 8, 8, 8, 8, 8, 8, 9, 9, 9, 9, 9, 10, 10, 10, 10, 11, 11, 11, 12, 12, 12, 12, 12, 12, 13, 13, 13, 13, 13, 13, 14, 14, 14, 14, 15, 15, 15, 15, 15, 16, 16, 16, 17, 17, 17, 18, 18, 18, 18, 18, 19, 19, 20, 20, 20, 20, 20, 20, 21, 21, 21, 22, 22, 22, 22, 22]","[1, 1, 1, 1, 1, 1, 1, 3, 2, 2, 2, 2, 2, 2, 3, 3, 4, 5, 8, 8, 8, 9, 11, 12, 12, 12, 12, 14, 14, 16, 17, 18, 21, 20, 21, 22, 25, 24, 26, 26, 26, 28, 26, 27, 27, 27, 28, 28, 33, 31, 31, 34, 35, 35, 35, 39, 40, 42, 43, 42, 43, 44, 44, 44, 45, 45, 46, 47, 49, 48, 51, 52, 53, 54, 55, 54, 55, 57, 56, 58, 58, 58, 58, 59, 64, 61, 62, 62, 63, 71, 64, 64, 65, 67, 68, 68, 68, 71, 70, 71, 74, 72, 72, 75, 74, 74, 75]","[21, 5, 26, 12, 8, 8, 20, 15, 11, 19, 8, 9, 4, 26, 11, 11, 14, 12, 26, 27, 25, 35, 33, 31, 14, 27, 26, 18, 17, 24, 21, 28, 28, 24, 35, 45, 34, 27, 54, 42, 43, 44, 42, 30, 42, 31, 53, 53, 48, 43, 40, 54, 52, 39, 46, 45, 57, 68, 72, 58, 44, 64, 48, 72, 46, 51, 55, 56, 56, 58, 57, 59, 61, -1, 70, 64, 63, 64, 61, 62, 62, 65, 73, 67, -1, 68, 70, 68, -1, 75, 68, -1, -1, 74, 72, 75, -1, -1, 72, -1, -1, -1, -1, -1, -1, -1, -1]","[0, 0, 0, 0, 0, 0, 0, 0, 0, 0, 0, 0, 0, 0, 0, 0, 0, 0, 0, 0, 0, 0, 0, 0, 0, 0, 0, 0, 0, 0, 0, 0, 0, 0, 0, 0, 0, 0, 0, 0, 0, 0, 0, 0, 0, 0, 0, 0, 0, 0, 0, 0, 0, 0, 0, 0, 0, 0, 0, 0, 0, 0, 0, 0, 0, 0, 0, 0, 0, 0, 0, 0, 0, 4029.0, 0, 0, 0, 0, 0, 0, 0, 0, 0, 0, 4029.0, 0, 0, 0, 4029.0, 0, 0, 4029.0, 2330.4736124758706, 0, 0, 0, 1698.5263875241294, 4029.0, 0, 463.14129172777206, 4029.0, 2999.211681170318, 1677.7581978578075, 2351.2418021421927, 4029.0, 4029.0, 566.6470271019099]","[0, 0, 0, 0, 0, 0, 0, 0, 0, 0, 0, 0, 0, 0, 0, 0, 0, 0, 0, 0, 0, 0, 0, 0, 0, 0, 0, 0, 0, 0, 0, 0, 0, 0, 0, 0, 0, 0, 0, 0, 0, 0, 0, 0, 0, 0, 0, 0, 0, 0, 0, 0, 0, 0, 0, 0, 0, 0, 0, 0, 0, 0, 0, 0, 0, 0, 0, 0, 0, 0, 0, 0, 0, (0.0, 0.0, 0.0), 0, 0, 0, 0, 0, 0, 0, 0, 0, 0, (1551.892, 0.19686666666666666, 1.39), 0, 0, 0, (234.88039999999998, 0.2981333333333333, 0.018066666666666665), 0, 0, (352.32120000000003, 0.0094, 0.010866666666666667), (22.3696, 0.11553333333333332, 0.0994), 0, 0, 0, (434.1098, 1.2283333333333333, 0.020466666666666664), (164.9758, 0.0021333333333333334, 0.0014666666666666665), 0, (201.3262, 0.0, 0.0), (109.4118, 0.21166666666666664, 0.17653333333333332), (1311.4188000000001, 0.14286666666666667, 0.5135333333333333), (167.772, 0.1156, 0.09933333333333332), (150.9948, 0.009333333333333334, 0.010933333333333335), (184.5492, 0.9548666666666666, 0.7652666666666668), (75.49719999999999, 0.0004, 0.0014666666666666665), (98.56566666666669, 0.0007333333333333332, 0.0002666666666666667)]","[0, 0, 0, 0, 0, 0, 0, 0, 0, 0, 0, 0, 0, 0, 0, 0, 0, 0, 0, 0, 0, 0, 0, 0, 0, 0, 0, 0, 0, 0, 0, 0, 0, 0, 0, 0, 0, 0, 0, 0, 0, 0, 0, 0, 0, 0, 0, 0, 0, 0, 0, 0, 0, 0, 0, 0, 0, 0, 0, 0, 0, 0, 0, 0, 0, 0, 0, 0, 0, 0, 0, 0, 0, (2, 0.0, 0.0), 0, 0, 0, 0, 0, 0, 0, 0, 0, 0, (3, 0.0001, 0.1530611111111111), 0, 0, 0, (3, 8.333333333333333e-05, 0.02883888888888889), 0, 0, (2, 0.0, 0.002344444444444444), (2, 0.0, 0.0009444444444444444), 0, 0, 0, (3, 0.0, 0.0004555555555555556), (1, 0.2376, 0.013488888888888885), 0, (1, 0.0, 0.0002666666666666667), (1, 0.00011666666666666667, 0.05212222222222222), (3, 5e-05, 0.13139444444444442), (2, 0.0, 0.0014166666666666668), (2, 0.0, 0.0026888888888888887), (2, 1.666666666666667e-05, 0.010605555555555557), (1, 0.0, 0.0005499999999999999), (1, 0.0, 0.0016666666666666668)]","[-1, -1, -1, -1, -1, -1, -1, -1, -1, -1, -1, -1, -1, -1, -1, -1, -1, -1, -1, -1, -1, -1, -1, -1, -1, -1, -1, -1, -1, -1, -1, -1, -1, -1, -1, -1, -1, -1, -1, -1, -1, -1, -1, -1, -1, -1, -1, -1, -1, -1, -1, -1, -1, -1, -1, -1, -1, -1, -1, -1, -1, -1, -1, -1, -1, -1, -1, -1, -1, -1, -1, -1, -1, 12, -1, -1, -1, -1, -1, -1, -1, -1, -1, -1, 3, -1, -1, -1, 0, -1, -1, 11, 15, -1, -1, -1, 15, 4, -1, 14, 1, 14, 7, 7, 9, 8, 14]","[False, False, False, False, False, False, False, False, False, False, False, False, False, False, False, False, False, False, False, False, False, False, False, False, False, False, False, False, False, False, False, False, False, False, False, False, False, False, False, False, False, False, False, False, False, False, False, False, False, False, False, False, False, False, False, False, False, False, False, False, False, False, False, False, False, False, False, False, False, False, False, False, False, True, False, False, False, False, False, False, False, False, False, False, True, False, False, False, True, False, False, True, True, False, False, False, True, True, False, True, True, True, True, True, True, True, True]"
77,"[0, 0, 0, 0, 0, 0, 0, 0, 0, 0, 0, 0, 0, 0, 0, 0, 0, 0, 0, 0, 0, 0, 0, 0, 0, 0, 0, 0, 0, 0, 0, 0, 0, 0, 0, 0, 0, 0, 0, 0, 0, 0, 0, 0, 0, 0, 0, 0, 0, 0, 0, 0, 0, 0, 0, 0, 0, 0, 0, 0, 0, 0, 0, 0, 0, 0, 0, 0, 0, 0, 0, 0, 0, 3332.2126774787644, 0, 0, 0, 0, 0, 0, 0, 0, 0, 0, 6374.312287858666, 0, 0, 0, 3519.18619597545, 0, 0, 2495.1529672751212, 1587.2851959743275, 0, 0, 0, 1074.0134939902914, 0, 0, 537.5613799689467, 1812.9971286157179, 2953.431360041183, 1563.5500902401322, 2248.9012475559352, 1622.8881916370212, 1151.9170880730503, 597.6615481065954]","[0, 0, 0, 0, 0, 0, 0, 0, 1, 1, 1, 1, 1, 1, 2, 2, 2, 2, 2, 2, 2, 3, 3, 3, 4, 4, 4, 5, 5, 5, 5, 6, 6, 6, 7, 7, 7, 7, 7, 8, 8, 8, 8, 8, 8, 8, 8, 9, 9, 9, 9, 9, 10, 10, 10, 10, 11, 11, 11, 12, 12, 12, 12, 12, 12, 13, 13, 13, 13, 13, 13, 14, 14, 14, 14, 15, 15, 15, 15, 15, 16, 16, 16, 17, 17, 17, 18, 18, 18, 18, 18, 19, 19, 20, 20, 20, 20, 20, 20, 21, 21, 21, 22, 22, 22, 22, 22]","[1, 1, 1, 1, 1, 1, 1, 3, 2, 2, 2, 2, 2, 2, 3, 3, 4, 5, 8, 8, 8, 9, 11, 12, 12, 12, 12, 14, 14, 16, 17, 18, 21, 20, 21, 22, 25, 24, 26, 26, 26, 28, 26, 27, 27, 27, 28, 28, 33, 31, 31, 34, 35, 35, 35, 39, 40, 42, 43, 42, 43, 44, 44, 44, 45, 45, 46, 47, 49, 48, 51, 52, 53, 54, 55, 54, 55, 57, 56, 58, 58, 58, 58, 59, 64, 61, 62, 62, 63, 71, 64, 64, 65, 67, 68, 68, 68, 71, 70, 71, 74, 72, 72, 75, 74, 74, 75]","[21, 5, 26, 12, 8, 8, 20, 15, 11, 19, 8, 9, 4, 26, 11, 11, 14, 12, 26, 27, 25, 35, 33, 31, 14, 27, 26, 18, 17, 24, 21, 28, 28, 24, 35, 45, 34, 27, 54, 42, 43, 44, 42, 30, 42, 31, 53, 53, 48, 43, 40, 54, 52, 39, 46, 45, 57, 68, 72, 58, 44, 64, 48, 72, 46, 51, 55, 56, 56, 58, 57, 59, 61, -1, 70, 64, 63, 64, 61, 62, 62, 65, 73, 67, -1, 68, 70, 68, -1, 75, 68, -1, -1, 74, 72, 75, -1, 77, 72, -1, -1, -1, -1, -1, -1, -1, -1]","[0, 0, 0, 0, 0, 0, 0, 0, 0, 0, 0, 0, 0, 0, 0, 0, 0, 0, 0, 0, 0, 0, 0, 0, 0, 0, 0, 0, 0, 0, 0, 0, 0, 0, 0, 0, 0, 0, 0, 0, 0, 0, 0, 0, 0, 0, 0, 0, 0, 0, 0, 0, 0, 0, 0, 0, 0, 0, 0, 0, 0, 0, 0, 0, 0, 0, 0, 0, 0, 0, 0, 0, 0, 4029.0, 0, 0, 0, 0, 0, 0, 0, 0, 0, 0, 4029.0, 0, 0, 0, 4029.0, 0, 0, 4029.0, 2271.1358509920183, 0, 0, 0, 1757.864149007982, 0, 0, 517.6766172633716, 4029.0, 2933.5465973356077, 1671.8244213420985, 2357.1755786579015, 4029.0, 4029.0, 577.7767854010203]","[0, 0, 0, 0, 0, 0, 0, 0, 0, 0, 0, 0, 0, 0, 0, 0, 0, 0, 0, 0, 0, 0, 0, 0, 0, 0, 0, 0, 0, 0, 0, 0, 0, 0, 0, 0, 0, 0, 0, 0, 0, 0, 0, 0, 0, 0, 0, 0, 0, 0, 0, 0, 0, 0, 0, 0, 0, 0, 0, 0, 0, 0, 0, 0, 0, 0, 0, 0, 0, 0, 0, 0, 0, (0.0, 0.0, 0.0), 0, 0, 0, 0, 0, 0, 0, 0, 0, 0, (1736.4414, 0.2492666666666667, 1.2721333333333333), 0, 0, 0, (221.59853333333334, 0.0404, 0.026733333333333335), 0, 0, (218.1036, 0.009333333333333334, 0.010666666666666666), (167.772, 0.11646666666666668, 0.0996), 0, 0, 0, (243.2694, 1.3356666666666668, 0.18259999999999998), 0, 0, (183.15086666666667, 0.00013333333333333334, 6.666666666666668e-05), (108.76053333333334, 0.20446666666666666, 0.17406666666666665), (1311.4188000000001, 0.188, 0.5201333333333333), (67.1088, 0.11593333333333333, 0.09953333333333332), (150.9948, 0.009266666666666668, 0.0106), (131.4214, 0.9578666666666666, 0.7716000000000001), (75.49719999999999, 0.0003333333333333333, 0.0014), (121.6344, 0.0005333333333333334, 0.0002)]","[0, 0, 0, 0, 0, 0, 0, 0, 0, 0, 0, 0, 0, 0, 0, 0, 0, 0, 0, 0, 0, 0, 0, 0, 0, 0, 0, 0, 0, 0, 0, 0, 0, 0, 0, 0, 0, 0, 0, 0, 0, 0, 0, 0, 0, 0, 0, 0, 0, 0, 0, 0, 0, 0, 0, 0, 0, 0, 0, 0, 0, 0, 0, 0, 0, 0, 0, 0, 0, 0, 0, 0, 0, (2, 0.0, 0.0), 0, 0, 0, 0, 0, 0, 0, 0, 0, 0, (3, 0.00015, 0.2104), 0, 0, 0, (3, 0.0, 0.02946666666666667), 0, 0, (2, 0.0, 0.002655555555555556), (2, 0.0, 0.001027777777777778), 0, 0, 0, (3, 0.0, 0.0004166666666666667), 0, 0, (1, 0.005966666666666668, 0.0008777777777777778), (1, 0.0, 0.05014999999999999), (3, 3.3333333333333335e-05, 0.16156666666666666), (2, 0.0, 0.00095), (2, 0.0, 0.0023555555555555556), (2, 0.0, 0.010555555555555558), (1, 0.0, 0.0005611111111111111), (1, 0.0, 0.0015388888888888887)]","[-1, -1, -1, -1, -1, -1, -1, -1, -1, -1, -1, -1, -1, -1, -1, -1, -1, -1, -1, -1, -1, -1, -1, -1, -1, -1, -1, -1, -1, -1, -1, -1, -1, -1, -1, -1, -1, -1, -1, -1, -1, -1, -1, -1, -1, -1, -1, -1, -1, -1, -1, -1, -1, -1, -1, -1, -1, -1, -1, -1, -1, -1, -1, -1, -1, -1, -1, -1, -1, -1, -1, -1, -1, 12, -1, -1, -1, -1, -1, -1, -1, -1, -1, -1, 3, -1, -1, -1, 0, -1, -1, 11, 15, -1, -1, -1, 15, -1, -1, 14, 1, 14, 7, 7, 9, 8, 14]","[False, False, False, False, False, False, False, False, False, False, False, False, False, False, False, False, False, False, False, False, False, False, False, False, False, False, False, False, False, False, False, False, False, False, False, False, False, False, False, False, False, False, False, False, False, False, False, False, False, False, False, False, False, False, False, False, False, False, False, False, False, False, False, False, False, False, False, False, False, False, False, False, False, True, False, False, False, False, False, False, False, False, False, False, True, False, False, False, True, False, False, True, True, False, False, False, True, False, False, True, True, True, True, True, True, True, True]"
78,"[0, 0, 0, 0, 0, 0, 0, 0, 0, 0, 0, 0, 0, 0, 0, 0, 0, 0, 0, 0, 0, 0, 0, 0, 0, 0, 0, 0, 0, 0, 0, 0, 0, 0, 0, 0, 0, 0, 0, 0, 0, 0, 0, 0, 0, 0, 0, 0, 0, 0, 0, 0, 0, 0, 0, 0, 0, 0, 0, 0, 0, 0, 0, 0, 0, 0, 0, 0, 0, 0, 0, 0, 0, 3415.6849389386534, 0, 0, 0, 0, 0, 0, 0, 0, 0, 0, 3703.171900565511, 0, 0, 0, 3576.69818828322, 0, 0, 2423.947650729814, 1563.5500902401322, 0, 0, 0, 940.5035292677412, 0, 0, 527.5447082925066, 1886.9411202662081, 2989.8560016860883, 1572.4507548904555, 2254.8350239347114, 1596.1861921402513, 1168.6115386248337, 554.2559608139378, 1763.7010974382797, 501.40426599866777]","[0, 0, 0, 0, 0, 0, 0, 0, 1, 1, 1, 1, 1, 1, 2, 2, 2, 2, 2, 2, 2, 3, 3, 3, 4, 4, 4, 5, 5, 5, 5, 6, 6, 6, 7, 7, 7, 7, 7, 8, 8, 8, 8, 8, 8, 8, 8, 9, 9, 9, 9, 9, 10, 10, 10, 10, 11, 11, 11, 12, 12, 12, 12, 12, 12, 13, 13, 13, 13, 13, 13, 14, 14, 14, 14, 15, 15, 15, 15, 15, 16, 16, 16, 17, 17, 17, 18, 18, 18, 18, 18, 19, 19, 20, 20, 20, 20, 20, 20, 21, 21, 21, 22, 22, 22, 22, 22, 22, 22]","[1, 1, 1, 1, 1, 1, 1, 3, 2, 2, 2, 2, 2, 2, 3, 3, 4, 5, 8, 8, 8, 9, 11, 12, 12, 12, 12, 14, 14, 16, 17, 18, 21, 20, 21, 22, 25, 24, 26, 26, 26, 28, 26, 27, 27, 27, 28, 28, 33, 31, 31, 34, 35, 35, 35, 39, 40, 42, 43, 42, 43, 44, 44, 44, 45, 45, 46, 47, 49, 48, 51, 52, 53, 54, 55, 54, 55, 57, 56, 58, 58, 58, 58, 59, 64, 61, 62, 62, 63, 71, 64, 64, 65, 67, 68, 68, 68, 71, 70, 71, 74, 72, 72, 75, 74, 74, 75, 78, 78]","[21, 5, 26, 12, 8, 8, 20, 15, 11, 19, 8, 9, 4, 26, 11, 11, 14, 12, 26, 27, 25, 35, 33, 31, 14, 27, 26, 18, 17, 24, 21, 28, 28, 24, 35, 45, 34, 27, 54, 42, 43, 44, 42, 30, 42, 31, 53, 53, 48, 43, 40, 54, 52, 39, 46, 45, 57, 68, 72, 58, 44, 64, 48, 72, 46, 51, 55, 56, 56, 58, 57, 59, 61, -1, 70, 64, 63, 64, 61, 62, 62, 65, 73, 67, -1, 68, 70, 68, -1, 75, 68, -1, -1, 74, 72, 75, -1, 77, 72, -1, -1, -1, -1, -1, -1, -1, -1, -1, -1]","[0, 0, 0, 0, 0, 0, 0, 0, 0, 0, 0, 0, 0, 0, 0, 0, 0, 0, 0, 0, 0, 0, 0, 0, 0, 0, 0, 0, 0, 0, 0, 0, 0, 0, 0, 0, 0, 0, 0, 0, 0, 0, 0, 0, 0, 0, 0, 0, 0, 0, 0, 0, 0, 0, 0, 0, 0, 0, 0, 0, 0, 0, 0, 0, 0, 0, 0, 0, 0, 0, 0, 0, 0, 4029.0, 0, 0, 0, 0, 0, 0, 0, 0, 0, 0, 4029.0, 0, 0, 0, 4029.0, 0, 0, 4029.0, 2326.0232804861953, 0, 0, 0, 1702.9767195138045, 0, 0, 513.3258180283291, 4029.0, 2975.637111421911, 1673.3078654778722, 2355.692134522128, 4029.0, 1716.955220593277, 540.0370705497603, 2312.044779406723, 4029.0]","[0, 0, 0, 0, 0, 0, 0, 0, 0, 0, 0, 0, 0, 0, 0, 0, 0, 0, 0, 0, 0, 0, 0, 0, 0, 0, 0, 0, 0, 0, 0, 0, 0, 0, 0, 0, 0, 0, 0, 0, 0, 0, 0, 0, 0, 0, 0, 0, 0, 0, 0, 0, 0, 0, 0, 0, 0, 0, 0, 0, 0, 0, 0, 0, 0, 0, 0, 0, 0, 0, 0, 0, 0, (0.0, 0.0, 0.0), 0, 0, 0, 0, 0, 0, 0, 0, 0, 0, (1493.1718, 0.1692, 0.7876000000000001), 0, 0, 0, (117.44013333333332, 0.04193333333333333, 0.027666666666666673), 0, 0, (134.2176, 0.009266666666666668, 0.010666666666666666), (167.772, 0.11606666666666667, 0.09946666666666669), 0, 0, 0, (178.2574, 0.7554, 0.0208), 0, 0, (222.2977333333333, 0.0, 0.0), (115.2732, 0.21046666666666666, 0.17566666666666664), (1177.2012, 0.14893333333333333, 0.6776666666666666), (100.6632, 0.11566666666666668, 0.09933333333333332), (184.5492, 0.009333333333333334, 0.0108), (153.791, 0.9633999999999999, 0.7669333333333332), (77.5942, 0.00046666666666666666, 0.0014), (125.82866666666669, 0.0007333333333333332, 0.0002666666666666667), (39.146666666666654, 0.29753333333333337, 0.0019333333333333331), (0.0, 0.0048, 6.666666666666668e-05)]","[0, 0, 0, 0, 0, 0, 0, 0, 0, 0, 0, 0, 0, 0, 0, 0, 0, 0, 0, 0, 0, 0, 0, 0, 0, 0, 0, 0, 0, 0, 0, 0, 0, 0, 0, 0, 0, 0, 0, 0, 0, 0, 0, 0, 0, 0, 0, 0, 0, 0, 0, 0, 0, 0, 0, 0, 0, 0, 0, 0, 0, 0, 0, 0, 0, 0, 0, 0, 0, 0, 0, 0, 0, (2, 0.0, 0.0), 0, 0, 0, 0, 0, 0, 0, 0, 0, 0, (3, 0.0001, 0.13415555555555556), 0, 0, 0, (3, 0.0027166666666666667, 0.027800000000000002), 0, 0, (2, 0.0, 0.0023833333333333337), (2, 0.0, 0.000972222222222222), 0, 0, 0, (3, 0.0, 0.0004444444444444444), 0, 0, (1, 0.0, 0.00019999999999999998), (1, 0.0, 0.05059444444444444), (3, 5e-05, 0.12382222222222221), (2, 0.0, 0.0009611111111111112), (2, 0.0, 0.002338888888888889), (2, 0.0, 0.0117), (1, 0.0, 0.001627777777777778), (1, 0.0, 0.00165), (1, 0.003, 0.06097777777777777), (2, 0.0, 0.0013222222222222222)]","[-1, -1, -1, -1, -1, -1, -1, -1, -1, -1, -1, -1, -1, -1, -1, -1, -1, -1, -1, -1, -1, -1, -1, -1, -1, -1, -1, -1, -1, -1, -1, -1, -1, -1, -1, -1, -1, -1, -1, -1, -1, -1, -1, -1, -1, -1, -1, -1, -1, -1, -1, -1, -1, -1, -1, -1, -1, -1, -1, -1, -1, -1, -1, -1, -1, -1, -1, -1, -1, -1, -1, -1, -1, 12, -1, -1, -1, -1, -1, -1, -1, -1, -1, -1, 3, -1, -1, -1, 0, -1, -1, 11, 15, -1, -1, -1, 15, -1, -1, 14, 1, 14, 7, 7, 9, 8, 14, 8, 6]","[False, False, False, False, False, False, False, False, False, False, False, False, False, False, False, False, False, False, False, False, False, False, False, False, False, False, False, False, False, False, False, False, False, False, False, False, False, False, False, False, False, False, False, False, False, False, False, False, False, False, False, False, False, False, False, False, False, False, False, False, False, False, False, False, False, False, False, False, False, False, False, False, False, True, False, False, False, False, False, False, False, False, False, False, True, False, False, False, True, False, False, True, True, False, False, False, True, False, False, True, True, True, True, True, True, True, True, True, True]"
79,"[0, 0, 0, 0, 0, 0, 0, 0, 0, 0, 0, 0, 0, 0, 0, 0, 0, 0, 0, 0, 0, 0, 0, 0, 0, 0, 0, 0, 0, 0, 0, 0, 0, 0, 0, 0, 0, 0, 0, 0, 0, 0, 0, 0, 0, 0, 0, 0, 0, 0, 0, 0, 0, 0, 0, 0, 0, 0, 0, 0, 0, 0, 0, 0, 0, 0, 0, 0, 0, 0, 0, 0, 0, 3766.268437070187, 0, 0, 0, 0, 0, 0, 0, 0, 0, 0, 0, 0, 0, 0, 3261.75156374067, 0, 0, 2423.947650729814, 1569.483866673681, 0, 0, 0, 1468.6096119480499, 0, 0, 0, 1906.1117847681867, 5888.650399259911, 1566.5169784569066, 2248.9012475559352, 1655.52396879974, 1165.2726485144767, 0, 1385.7651479872202, 498.43737685074666]","[0, 0, 0, 0, 0, 0, 0, 0, 1, 1, 1, 1, 1, 1, 2, 2, 2, 2, 2, 2, 2, 3, 3, 3, 4, 4, 4, 5, 5, 5, 5, 6, 6, 6, 7, 7, 7, 7, 7, 8, 8, 8, 8, 8, 8, 8, 8, 9, 9, 9, 9, 9, 10, 10, 10, 10, 11, 11, 11, 12, 12, 12, 12, 12, 12, 13, 13, 13, 13, 13, 13, 14, 14, 14, 14, 15, 15, 15, 15, 15, 16, 16, 16, 17, 17, 17, 18, 18, 18, 18, 18, 19, 19, 20, 20, 20, 20, 20, 20, 21, 21, 21, 22, 22, 22, 22, 22, 22, 22]","[1, 1, 1, 1, 1, 1, 1, 3, 2, 2, 2, 2, 2, 2, 3, 3, 4, 5, 8, 8, 8, 9, 11, 12, 12, 12, 12, 14, 14, 16, 17, 18, 21, 20, 21, 22, 25, 24, 26, 26, 26, 28, 26, 27, 27, 27, 28, 28, 33, 31, 31, 34, 35, 35, 35, 39, 40, 42, 43, 42, 43, 44, 44, 44, 45, 45, 46, 47, 49, 48, 51, 52, 53, 54, 55, 54, 55, 57, 56, 58, 58, 58, 58, 59, 64, 61, 62, 62, 63, 71, 64, 64, 65, 67, 68, 68, 68, 71, 70, 71, 74, 72, 72, 75, 74, 74, 75, 78, 78]","[21, 5, 26, 12, 8, 8, 20, 15, 11, 19, 8, 9, 4, 26, 11, 11, 14, 12, 26, 27, 25, 35, 33, 31, 14, 27, 26, 18, 17, 24, 21, 28, 28, 24, 35, 45, 34, 27, 54, 42, 43, 44, 42, 30, 42, 31, 53, 53, 48, 43, 40, 54, 52, 39, 46, 45, 57, 68, 72, 58, 44, 64, 48, 72, 46, 51, 55, 56, 56, 58, 57, 59, 61, -1, 70, 64, 63, 64, 61, 62, 62, 65, 73, 67, -1, 68, 70, 68, -1, 75, 68, -1, -1, 74, 72, 75, -1, 77, 72, -1, -1, -1, -1, -1, -1, -1, -1, -1, -1]","[0, 0, 0, 0, 0, 0, 0, 0, 0, 0, 0, 0, 0, 0, 0, 0, 0, 0, 0, 0, 0, 0, 0, 0, 0, 0, 0, 0, 0, 0, 0, 0, 0, 0, 0, 0, 0, 0, 0, 0, 0, 0, 0, 0, 0, 0, 0, 0, 0, 0, 0, 0, 0, 0, 0, 0, 0, 0, 0, 0, 0, 0, 0, 0, 0, 0, 0, 0, 0, 0, 0, 0, 0, 4029.0, 0, 0, 0, 0, 0, 0, 0, 0, 0, 0, 4029.0, 0, 0, 0, 4029.0, 0, 0, 4029.0, 2064.9371273628158, 0, 0, 0, 1964.0628726371845, 0, 0, -619.8834664199703, 4029.0, 5268.766932839941, 1673.3078654504857, 2355.6921345495143, 4029.0, 1904.2537502636283, -619.8834664199703, 2124.7462497363717, 4029.0]","[0, 0, 0, 0, 0, 0, 0, 0, 0, 0, 0, 0, 0, 0, 0, 0, 0, 0, 0, 0, 0, 0, 0, 0, 0, 0, 0, 0, 0, 0, 0, 0, 0, 0, 0, 0, 0, 0, 0, 0, 0, 0, 0, 0, 0, 0, 0, 0, 0, 0, 0, 0, 0, 0, 0, 0, 0, 0, 0, 0, 0, 0, 0, 0, 0, 0, 0, 0, 0, 0, 0, 0, 0, (0.0, 0.0, 0.0), 0, 0, 0, 0, 0, 0, 0, 0, 0, 0, (1484.7831999999999, 0.21580000000000002, 0.8416666666666666), 0, 0, 0, (115.3428, 0.04046666666666667, 0.026666666666666672), 0, 0, (33.5544, 0.009333333333333334, 0.010466666666666668), (134.2176, 0.11626666666666668, 0.0994), 0, 0, 0, (344.63140000000004, 3.1724, 0.019733333333333335), 0, 0, (257.2502, 0.0, 0.0), (97.689, 0.24573333333333333, 0.20893333333333336), (1269.4758, 0.3529333333333333, 0.49439999999999995), (22.3696, 0.11606666666666667, 0.09953333333333332), (218.1036, 0.009266666666666668, 0.010533333333333334), (125.829, 0.9370666666666667, 0.7570666666666667), (69.2056, 0.00046666666666666666, 0.0013333333333333333), (98.56533333333331, 0.0005333333333333334, 0.0002), (65.71033333333331, 0.2166, 0.004533333333333333), (145.4024, 0.004733333333333333, 6.666666666666668e-05)]","[0, 0, 0, 0, 0, 0, 0, 0, 0, 0, 0, 0, 0, 0, 0, 0, 0, 0, 0, 0, 0, 0, 0, 0, 0, 0, 0, 0, 0, 0, 0, 0, 0, 0, 0, 0, 0, 0, 0, 0, 0, 0, 0, 0, 0, 0, 0, 0, 0, 0, 0, 0, 0, 0, 0, 0, 0, 0, 0, 0, 0, 0, 0, 0, 0, 0, 0, 0, 0, 0, 0, 0, 0, (2, 0.0, 0.0), 0, 0, 0, 0, 0, 0, 0, 0, 0, 0, (3, 0.0001, 0.17663333333333334), 0, 0, 0, (3, 0.0, 0.025622222222222223), 0, 0, (2, 0.0, 0.0022833333333333334), (2, 0.0, 0.0009555555555555555), 0, 0, 0, (3, 0.0, 0.0002722222222222222), 0, 0, (1, 0.0, 0.00023888888888888888), (1, 0.0, 0.05149444444444444), (3, 0.1731833333333333, 0.38794999999999996), (2, 0.0, 0.0009388888888888888), (2, 0.0, 0.0022555555555555554), (2, 0.06273333333333334, 0.031105555555555553), (1, 0.0, 0.0005499999999999999), (1, 0.0, 0.0015500000000000002), (1, 0.0002833333333333333, 0.09404444444444444), (2, 0.0, 0.0012666666666666666)]","[-1, -1, -1, -1, -1, -1, -1, -1, -1, -1, -1, -1, -1, -1, -1, -1, -1, -1, -1, -1, -1, -1, -1, -1, -1, -1, -1, -1, -1, -1, -1, -1, -1, -1, -1, -1, -1, -1, -1, -1, -1, -1, -1, -1, -1, -1, -1, -1, -1, -1, -1, -1, -1, -1, -1, -1, -1, -1, -1, -1, -1, -1, -1, -1, -1, -1, -1, -1, -1, -1, -1, -1, -1, 12, -1, -1, -1, -1, -1, -1, -1, -1, -1, -1, 3, -1, -1, -1, 0, -1, -1, 11, 15, -1, -1, -1, 15, -1, -1, 14, 1, 14, 7, 7, 9, 8, 14, 8, 6]","[False, False, False, False, False, False, False, False, False, False, False, False, False, False, False, False, False, False, False, False, False, False, False, False, False, False, False, False, False, False, False, False, False, False, False, False, False, False, False, False, False, False, False, False, False, False, False, False, False, False, False, False, False, False, False, False, False, False, False, False, False, False, False, False, False, False, False, False, False, False, False, False, False, True, False, False, False, False, False, False, False, False, False, False, True, False, False, False, True, False, False, True, True, False, False, False, True, False, False, True, True, True, True, True, True, True, True, True, True]"
80,"[0, 0, 0, 0, 0, 0, 0, 0, 0, 0, 0, 0, 0, 0, 0, 0, 0, 0, 0, 0, 0, 0, 0, 0, 0, 0, 0, 0, 0, 0, 0, 0, 0, 0, 0, 0, 0, 0, 0, 0, 0, 0, 0, 0, 0, 0, 0, 0, 0, 0, 0, 0, 0, 0, 0, 0, 0, 0, 0, 0, 0, 0, 0, 0, 0, 0, 0, 0, 0, 0, 0, 0, 0, 0, 0, 0, 0, 0, 0, 0, 0, 0, 0, 0, 0, 0, 0, 0, 3409.63954396065, 0, 0, 2394.2787688359367, 1566.5169784569066, 0, 0, 0, 913.8015363232312, 0, 0, 0, 1908.8504511256126, 4252.576912042853, 1563.5500902401322, 2201.431036525731, 2278.570623724373, 1178.6282089559033, 0, 1569.2557901120101, 498.43737685074666, 599.3113997345512]","[0, 0, 0, 0, 0, 0, 0, 0, 1, 1, 1, 1, 1, 1, 2, 2, 2, 2, 2, 2, 2, 3, 3, 3, 4, 4, 4, 5, 5, 5, 5, 6, 6, 6, 7, 7, 7, 7, 7, 8, 8, 8, 8, 8, 8, 8, 8, 9, 9, 9, 9, 9, 10, 10, 10, 10, 11, 11, 11, 12, 12, 12, 12, 12, 12, 13, 13, 13, 13, 13, 13, 14, 14, 14, 14, 15, 15, 15, 15, 15, 16, 16, 16, 17, 17, 17, 18, 18, 18, 18, 18, 19, 19, 20, 20, 20, 20, 20, 20, 21, 21, 21, 22, 22, 22, 22, 22, 22, 22, 23]","[1, 1, 1, 1, 1, 1, 1, 3, 2, 2, 2, 2, 2, 2, 3, 3, 4, 5, 8, 8, 8, 9, 11, 12, 12, 12, 12, 14, 14, 16, 17, 18, 21, 20, 21, 22, 25, 24, 26, 26, 26, 28, 26, 27, 27, 27, 28, 28, 33, 31, 31, 34, 35, 35, 35, 39, 40, 42, 43, 42, 43, 44, 44, 44, 45, 45, 46, 47, 49, 48, 51, 52, 53, 54, 55, 54, 55, 57, 56, 58, 58, 58, 58, 59, 64, 61, 62, 62, 63, 71, 64, 64, 65, 67, 68, 68, 68, 71, 70, 71, 74, 72, 72, 75, 74, 74, 75, 78, 78, 80]","[21, 5, 26, 12, 8, 8, 20, 15, 11, 19, 8, 9, 4, 26, 11, 11, 14, 12, 26, 27, 25, 35, 33, 31, 14, 27, 26, 18, 17, 24, 21, 28, 28, 24, 35, 45, 34, 27, 54, 42, 43, 44, 42, 30, 42, 31, 53, 53, 48, 43, 40, 54, 52, 39, 46, 45, 57, 68, 72, 58, 44, 64, 48, 72, 46, 51, 55, 56, 56, 58, 57, 59, 61, -1, 70, 64, 63, 64, 61, 62, 62, 65, 73, 67, 80, 68, 70, 68, -1, 75, 68, -1, -1, 74, 72, 75, -1, 77, 72, 80, -1, -1, -1, -1, -1, -1, 80, -1, -1, -1]","[0, 0, 0, 0, 0, 0, 0, 0, 0, 0, 0, 0, 0, 0, 0, 0, 0, 0, 0, 0, 0, 0, 0, 0, 0, 0, 0, 0, 0, 0, 0, 0, 0, 0, 0, 0, 0, 0, 0, 0, 0, 0, 0, 0, 0, 0, 0, 0, 0, 0, 0, 0, 0, 0, 0, 0, 0, 0, 0, 0, 0, 0, 0, 0, 0, 0, 0, 0, 0, 0, 0, 0, 0, 4029.0, 0, 0, 0, 0, 0, 0, 0, 0, 0, 0, 0, 0, 0, 0, 4029.0, 0, 0, 4029.0, 2340.8577210668377, 0, 0, 0, 1688.1422789331623, 0, 0, 0, 4029.0, 4029.0, 1695.5595268572006, 2333.4404731427994, 4029.0, 1819.1862094219466, 0, 2209.813790578053, 4029.0, 4029.0]","[0, 0, 0, 0, 0, 0, 0, 0, 0, 0, 0, 0, 0, 0, 0, 0, 0, 0, 0, 0, 0, 0, 0, 0, 0, 0, 0, 0, 0, 0, 0, 0, 0, 0, 0, 0, 0, 0, 0, 0, 0, 0, 0, 0, 0, 0, 0, 0, 0, 0, 0, 0, 0, 0, 0, 0, 0, 0, 0, 0, 0, 0, 0, 0, 0, 0, 0, 0, 0, 0, 0, 0, 0, (0.0, 0.0, 0.0), 0, 0, 0, 0, 0, 0, 0, 0, 0, 0, 0, 0, 0, 0, (132.12006666666667, 0.0338, 0.0268), 0, 0, (100.6632, 0.009266666666666668, 0.010733333333333333), (167.772, 0.11593333333333333, 0.0992), 0, 0, 0, (369.0984, 0.713, 0.022), 0, 0, 0, (125.0422, 0.247, 0.19506666666666664), (1974.1186, 0.14053333333333334, 0.48906666666666665), (67.1088, 0.11606666666666667, 0.09946666666666669), (268.4352, 0.009333333333333334, 0.0108), (226.49220000000003, 0.9202666666666668, 0.7430666666666668), (82.4876, 0.0007333333333333332, 0.002), 0, (40.54486666666667, 0.21746666666666667, 0.0017333333333333335), (67.1088, 0.004666666666666667, 0.0), (0.0, 0.004733333333333333, 0.00013333333333333334)]","[0, 0, 0, 0, 0, 0, 0, 0, 0, 0, 0, 0, 0, 0, 0, 0, 0, 0, 0, 0, 0, 0, 0, 0, 0, 0, 0, 0, 0, 0, 0, 0, 0, 0, 0, 0, 0, 0, 0, 0, 0, 0, 0, 0, 0, 0, 0, 0, 0, 0, 0, 0, 0, 0, 0, 0, 0, 0, 0, 0, 0, 0, 0, 0, 0, 0, 0, 0, 0, 0, 0, 0, 0, (2, 0.0, 0.0), 0, 0, 0, 0, 0, 0, 0, 0, 0, 0, 0, 0, 0, 0, (3, 0.0, 0.03398333333333334), 0, 0, (2, 0.0, 0.002338888888888889), (2, 0.0, 0.0009555555555555555), 0, 0, 0, (3, 0.0, 0.0003888888888888889), 0, 0, 0, (1, 3.3333333333333335e-05, 0.05121666666666667), (3, 1.666666666666667e-05, 0.31198333333333333), (2, 0.0, 0.0009555555555555554), (2, 0.0, 0.0022944444444444444), (2, 0.09268333333333334, 0.011455555555555556), (1, 0.0, 0.0005722222222222222), 0, (1, 0.0, 0.05373333333333333), (2, 0.0, 0.0012333333333333335), (3, 0.0, 0.0014222222222222223)]","[-1, -1, -1, -1, -1, -1, -1, -1, -1, -1, -1, -1, -1, -1, -1, -1, -1, -1, -1, -1, -1, -1, -1, -1, -1, -1, -1, -1, -1, -1, -1, -1, -1, -1, -1, -1, -1, -1, -1, -1, -1, -1, -1, -1, -1, -1, -1, -1, -1, -1, -1, -1, -1, -1, -1, -1, -1, -1, -1, -1, -1, -1, -1, -1, -1, -1, -1, -1, -1, -1, -1, -1, -1, 12, -1, -1, -1, -1, -1, -1, -1, -1, -1, -1, -1, -1, -1, -1, 0, -1, -1, 11, 15, -1, -1, -1, 15, -1, -1, -1, 1, 14, 7, 7, 9, 8, -1, 8, 6, 13]","[False, False, False, False, False, False, False, False, False, False, False, False, False, False, False, False, False, False, False, False, False, False, False, False, False, False, False, False, False, False, False, False, False, False, False, False, False, False, False, False, False, False, False, False, False, False, False, False, False, False, False, False, False, False, False, False, False, False, False, False, False, False, False, False, False, False, False, False, False, False, False, False, False, True, False, False, False, False, False, False, False, False, False, False, False, False, False, False, True, False, False, True, True, False, False, False, True, False, False, False, True, True, True, True, True, True, False, True, True, True]"
81,"[0, 0, 0, 0, 0, 0, 0, 0, 0, 0, 0, 0, 0, 0, 0, 0, 0, 0, 0, 0, 0, 0, 0, 0, 0, 0, 0, 0, 0, 0, 0, 0, 0, 0, 0, 0, 0, 0, 0, 0, 0, 0, 0, 0, 0, 0, 0, 0, 0, 0, 0, 0, 0, 0, 0, 0, 0, 0, 0, 0, 0, 0, 0, 0, 0, 0, 0, 0, 0, 0, 0, 0, 0, 0, 0, 0, 0, 0, 0, 0, 0, 0, 0, 0, 0, 0, 0, 0, 2935.85027399664, 0, 0, 0, 1608.0534134917489, 0, 0, 0, 1433.0069546887032, 0, 0, 0, 1714.4051397483977, 3235.722332789209, 1563.5500902401322, 2248.9012475559352, 1590.2524144743022, 1165.2726485144767, 0, 1517.22113040498, 498.43737685074666, 620.0796165570354, 3815.4812123039737, 644.4058826961312]","[0, 0, 0, 0, 0, 0, 0, 0, 1, 1, 1, 1, 1, 1, 2, 2, 2, 2, 2, 2, 2, 3, 3, 3, 4, 4, 4, 5, 5, 5, 5, 6, 6, 6, 7, 7, 7, 7, 7, 8, 8, 8, 8, 8, 8, 8, 8, 9, 9, 9, 9, 9, 10, 10, 10, 10, 11, 11, 11, 12, 12, 12, 12, 12, 12, 13, 13, 13, 13, 13, 13, 14, 14, 14, 14, 15, 15, 15, 15, 15, 16, 16, 16, 17, 17, 17, 18, 18, 18, 18, 18, 19, 19, 20, 20, 20, 20, 20, 20, 21, 21, 21, 22, 22, 22, 22, 22, 22, 22, 23, 23, 23]","[1, 1, 1, 1, 1, 1, 1, 3, 2, 2, 2, 2, 2, 2, 3, 3, 4, 5, 8, 8, 8, 9, 11, 12, 12, 12, 12, 14, 14, 16, 17, 18, 21, 20, 21, 22, 25, 24, 26, 26, 26, 28, 26, 27, 27, 27, 28, 28, 33, 31, 31, 34, 35, 35, 35, 39, 40, 42, 43, 42, 43, 44, 44, 44, 45, 45, 46, 47, 49, 48, 51, 52, 53, 54, 55, 54, 55, 57, 56, 58, 58, 58, 58, 59, 64, 61, 62, 62, 63, 71, 64, 64, 65, 67, 68, 68, 68, 71, 70, 71, 74, 72, 72, 75, 74, 74, 75, 78, 78, 80, 81, 81]","[21, 5, 26, 12, 8, 8, 20, 15, 11, 19, 8, 9, 4, 26, 11, 11, 14, 12, 26, 27, 25, 35, 33, 31, 14, 27, 26, 18, 17, 24, 21, 28, 28, 24, 35, 45, 34, 27, 54, 42, 43, 44, 42, 30, 42, 31, 53, 53, 48, 43, 40, 54, 52, 39, 46, 45, 57, 68, 72, 58, 44, 64, 48, 72, 46, 51, 55, 56, 56, 58, 57, 59, 61, 81, 70, 64, 63, 64, 61, 62, 62, 65, 73, 67, 80, 68, 70, 68, -1, 75, 68, -1, -1, 74, 72, 75, -1, 77, 72, 80, -1, -1, -1, -1, -1, -1, 80, -1, -1, -1, -1, -1]","[0, 0, 0, 0, 0, 0, 0, 0, 0, 0, 0, 0, 0, 0, 0, 0, 0, 0, 0, 0, 0, 0, 0, 0, 0, 0, 0, 0, 0, 0, 0, 0, 0, 0, 0, 0, 0, 0, 0, 0, 0, 0, 0, 0, 0, 0, 0, 0, 0, 0, 0, 0, 0, 0, 0, 0, 0, 0, 0, 0, 0, 0, 0, 0, 0, 0, 0, 0, 0, 0, 0, 0, 0, 0, 0, 0, 0, 0, 0, 0, 0, 0, 0, 0, 0, 0, 0, 0, 4029.0, 0, 0, 4029.0, 2102.0232294015227, 0, 0, 0, 1926.976770598477, 0, 0, 0, 4029.0, 3310.158225046539, 4029.0, 2889.7319353525945, 4029.0, 1838.5257590547485, 0, 2190.474240945252, 1139.2680646474057, 4029.0, 4029.0, 718.8417749534611]","[0, 0, 0, 0, 0, 0, 0, 0, 0, 0, 0, 0, 0, 0, 0, 0, 0, 0, 0, 0, 0, 0, 0, 0, 0, 0, 0, 0, 0, 0, 0, 0, 0, 0, 0, 0, 0, 0, 0, 0, 0, 0, 0, 0, 0, 0, 0, 0, 0, 0, 0, 0, 0, 0, 0, 0, 0, 0, 0, 0, 0, 0, 0, 0, 0, 0, 0, 0, 0, 0, 0, 0, 0, 0, 0, 0, 0, 0, 0, 0, 0, 0, 0, 0, 0, 0, 0, 0, (107.65339999999999, 0.037200000000000004, 0.024933333333333335), 0, 0, (117.4404, 0.0092, 0.0106), (167.772, 0.11613333333333334, 0.09953333333333332), 0, 0, 0, (216.70520000000002, 2.985266666666667, 0.017533333333333335), 0, 0, 0, (93.78139999999999, 0.23493333333333336, 0.19066666666666662), (1730.8488, 0.18693333333333337, 0.49646666666666667), (78.29360000000001, 0.11573333333333333, 0.09953333333333332), (33.5544, 0.009266666666666668, 0.010666666666666666), (142.6062, 0.9306666666666665, 0.7520666666666668), (81.08953333333334, 0.0002666666666666667, 0.001), 0, (26.56353333333333, 0.21073333333333333, 0.0014), (100.6632, 0.004666666666666667, 6.666666666666668e-05), (0.0, 0.004666666666666667, 6.666666666666668e-05), (1426.063, 0.14286666666666667, 0.5943999999999999), (32.15606666666666, 0.0009333333333333332, 6.666666666666668e-05)]","[0, 0, 0, 0, 0, 0, 0, 0, 0, 0, 0, 0, 0, 0, 0, 0, 0, 0, 0, 0, 0, 0, 0, 0, 0, 0, 0, 0, 0, 0, 0, 0, 0, 0, 0, 0, 0, 0, 0, 0, 0, 0, 0, 0, 0, 0, 0, 0, 0, 0, 0, 0, 0, 0, 0, 0, 0, 0, 0, 0, 0, 0, 0, 0, 0, 0, 0, 0, 0, 0, 0, 0, 0, 0, 0, 0, 0, 0, 0, 0, 0, 0, 0, 0, 0, 0, 0, 0, (3, 0.0, 0.03331111111111111), 0, 0, (2, 0.0, 0.0023166666666666665), (2, 0.0, 0.001388888888888889), 0, 0, 0, (3, 0.0, 0.0003111111111111111), 0, 0, 0, (1, 0.0, 0.049894444444444436), (3, 1.666666666666667e-05, 0.20562222222222223), (2, 0.0, 0.0009166666666666666), (2, 0.0, 0.0023555555555555556), (2, 0.0, 0.012455555555555557), (1, 0.0, 0.000538888888888889), 0, (1, 1.666666666666667e-05, 0.05187222222222222), (2, 0.0, 0.001238888888888889), (3, 0.0, 0.001661111111111111), (3, 0.005116666666666666, 0.1869), (1, 0.0, 0.000638888888888889)]","[-1, -1, -1, -1, -1, -1, -1, -1, -1, -1, -1, -1, -1, -1, -1, -1, -1, -1, -1, -1, -1, -1, -1, -1, -1, -1, -1, -1, -1, -1, -1, -1, -1, -1, -1, -1, -1, -1, -1, -1, -1, -1, -1, -1, -1, -1, -1, -1, -1, -1, -1, -1, -1, -1, -1, -1, -1, -1, -1, -1, -1, -1, -1, -1, -1, -1, -1, -1, -1, -1, -1, -1, -1, -1, -1, -1, -1, -1, -1, -1, -1, -1, -1, -1, -1, -1, -1, -1, 0, -1, -1, 11, 15, -1, -1, -1, 15, -1, -1, -1, 1, 14, 7, 6, 9, 8, -1, 8, 6, 13, 10, 14]","[False, False, False, False, False, False, False, False, False, False, False, False, False, False, False, False, False, False, False, False, False, False, False, False, False, False, False, False, False, False, False, False, False, False, False, False, False, False, False, False, False, False, False, False, False, False, False, False, False, False, False, False, False, False, False, False, False, False, False, False, False, False, False, False, False, False, False, False, False, False, False, False, False, False, False, False, False, False, False, False, False, False, False, False, False, False, False, False, True, False, False, True, True, False, False, False, True, False, False, False, True, True, True, True, True, True, False, True, True, True, True, True]"
82,"[0, 0, 0, 0, 0, 0, 0, 0, 0, 0, 0, 0, 0, 0, 0, 0, 0, 0, 0, 0, 0, 0, 0, 0, 0, 0, 0, 0, 0, 0, 0, 0, 0, 0, 0, 0, 0, 0, 0, 0, 0, 0, 0, 0, 0, 0, 0, 0, 0, 0, 0, 0, 0, 0, 0, 0, 0, 0, 0, 0, 0, 0, 0, 0, 0, 0, 0, 0, 0, 0, 0, 0, 0, 0, 0, 0, 0, 0, 0, 0, 0, 0, 0, 0, 0, 0, 0, 0, 2733.1889677692598, 0, 0, 0, 1569.483866673681, 0, 0, 0, 1041.37772483589, 0, 0, 0, 1851.3384576196752, 2452.592537423716, 0, 5046.6768101486105, 1563.5504149775322, 1158.5948682937635, 0, 1569.2557901120101, 0, 2180.662757134983, 578.5431829120669, 2446.521763816231, 647.744773280049, 1071.7839430047102]","[0, 0, 0, 0, 0, 0, 0, 0, 1, 1, 1, 1, 1, 1, 2, 2, 2, 2, 2, 2, 2, 3, 3, 3, 4, 4, 4, 5, 5, 5, 5, 6, 6, 6, 7, 7, 7, 7, 7, 8, 8, 8, 8, 8, 8, 8, 8, 9, 9, 9, 9, 9, 10, 10, 10, 10, 11, 11, 11, 12, 12, 12, 12, 12, 12, 13, 13, 13, 13, 13, 13, 14, 14, 14, 14, 15, 15, 15, 15, 15, 16, 16, 16, 17, 17, 17, 18, 18, 18, 18, 18, 19, 19, 20, 20, 20, 20, 20, 20, 21, 21, 21, 22, 22, 22, 22, 22, 22, 22, 23, 23, 23, 23, 23]","[1, 1, 1, 1, 1, 1, 1, 3, 2, 2, 2, 2, 2, 2, 3, 3, 4, 5, 8, 8, 8, 9, 11, 12, 12, 12, 12, 14, 14, 16, 17, 18, 21, 20, 21, 22, 25, 24, 26, 26, 26, 28, 26, 27, 27, 27, 28, 28, 33, 31, 31, 34, 35, 35, 35, 39, 40, 42, 43, 42, 43, 44, 44, 44, 45, 45, 46, 47, 49, 48, 51, 52, 53, 54, 55, 54, 55, 57, 56, 58, 58, 58, 58, 59, 64, 61, 62, 62, 63, 71, 64, 64, 65, 67, 68, 68, 68, 71, 70, 71, 74, 72, 72, 75, 74, 74, 75, 78, 78, 82, 80, 81, 81, 82]","[21, 5, 26, 12, 8, 8, 20, 15, 11, 19, 8, 9, 4, 26, 11, 11, 14, 12, 26, 27, 25, 35, 33, 31, 14, 27, 26, 18, 17, 24, 21, 28, 28, 24, 35, 45, 34, 27, 54, 42, 43, 44, 42, 30, 42, 31, 53, 53, 48, 43, 40, 54, 52, 39, 46, 45, 57, 68, 72, 58, 44, 64, 48, 72, 46, 51, 55, 56, 56, 58, 57, 59, 61, 81, 70, 64, 63, 64, 61, 62, 62, 65, 73, 67, 80, 68, 70, 68, -1, 75, 68, 82, -1, 74, 72, 75, -1, 77, 72, 80, -1, -1, -1, -1, -1, -1, 80, -1, -1, -1, -1, -1, -1, -1]","[0, 0, 0, 0, 0, 0, 0, 0, 0, 0, 0, 0, 0, 0, 0, 0, 0, 0, 0, 0, 0, 0, 0, 0, 0, 0, 0, 0, 0, 0, 0, 0, 0, 0, 0, 0, 0, 0, 0, 0, 0, 0, 0, 0, 0, 0, 0, 0, 0, 0, 0, 0, 0, 0, 0, 0, 0, 0, 0, 0, 0, 0, 0, 0, 0, 0, 0, 0, 0, 0, 0, 0, 0, 0, 0, 0, 0, 0, 0, 0, 0, 0, 0, 0, 0, 0, 0, 0, 4029.0, 0, 0, 0, 2278.5530709188956, 0, 0, 0, 1750.4469290811046, 0, 0, 0, 4029.0, 2916.9238820718333, 4029.0, 4537.838405074305, 4029.0, 1235.0500011569357, 0, 1645.7109229751823, -508.83840507430523, 4029.0, 4029.0, 4029.0, 1112.0761179281665, 1148.2390758678823]","[0, 0, 0, 0, 0, 0, 0, 0, 0, 0, 0, 0, 0, 0, 0, 0, 0, 0, 0, 0, 0, 0, 0, 0, 0, 0, 0, 0, 0, 0, 0, 0, 0, 0, 0, 0, 0, 0, 0, 0, 0, 0, 0, 0, 0, 0, 0, 0, 0, 0, 0, 0, 0, 0, 0, 0, 0, 0, 0, 0, 0, 0, 0, 0, 0, 0, 0, 0, 0, 0, 0, 0, 0, 0, 0, 0, 0, 0, 0, 0, 0, 0, 0, 0, 0, 0, 0, 0, (99.96353333333334, 0.03306666666666667, 0.022733333333333335), 0, 0, 0, (167.772, 0.11586666666666666, 0.0994), 0, 0, 0, (404.7498, 1.2064000000000001, 0.013733333333333332), 0, 0, 0, (104.85293333333334, 0.21746666666666667, 0.18180000000000002), (1356.158, 0.1402, 0.49906666666666666), (33.5544, 0.1158, 0.09953333333333332), (369.0984, 0.018533333333333336, 0.025066666666666668), (117.4404, 0.9303333333333335, 0.7412666666666667), (78.99233333333332, 0.0004, 0.0014), 0, (40.54466666666666, 0.2174, 0.0013333333333333333), (0.0, 0.004666666666666667, 6.666666666666668e-05), (473.9556, 4.806, 0.02386666666666667), (0.0, 0.004533333333333333, 0.0), (1311.4188000000001, 0.1956, 0.7402000000000001), (35.6514, 0.001, 0.0), (125.829, 0.0033333333333333335, 0.0012666666666666666)]","[0, 0, 0, 0, 0, 0, 0, 0, 0, 0, 0, 0, 0, 0, 0, 0, 0, 0, 0, 0, 0, 0, 0, 0, 0, 0, 0, 0, 0, 0, 0, 0, 0, 0, 0, 0, 0, 0, 0, 0, 0, 0, 0, 0, 0, 0, 0, 0, 0, 0, 0, 0, 0, 0, 0, 0, 0, 0, 0, 0, 0, 0, 0, 0, 0, 0, 0, 0, 0, 0, 0, 0, 0, 0, 0, 0, 0, 0, 0, 0, 0, 0, 0, 0, 0, 0, 0, 0, (3, 0.0, 0.026605555555555556), 0, 0, 0, (2, 0.0, 0.0009611111111111112), 0, 0, 0, (3, 0.0, 0.00029444444444444445), 0, 0, 0, (1, 3.3333333333333335e-05, 0.05011111111111111), (3, 8.333333333333333e-05, 0.11315), (2, 0.0, 0.000977777777777778), (2, 0.0, 0.0054888888888888895), (2, 0.0, 0.010772222222222223), (1, 0.0, 0.0005777777777777778), 0, (1, 0.00013333333333333334, 0.05250555555555555), (2, 0.0, 0.0012722222222222221), (1, 0.0, 0.005094444444444444), (3, 0.0, 0.0012944444444444446), (3, 0.0006, 0.11304444444444445), (1, 0.0, 0.0006222222222222223), (3, 0.0, 0.0006444444444444443)]","[-1, -1, -1, -1, -1, -1, -1, -1, -1, -1, -1, -1, -1, -1, -1, -1, -1, -1, -1, -1, -1, -1, -1, -1, -1, -1, -1, -1, -1, -1, -1, -1, -1, -1, -1, -1, -1, -1, -1, -1, -1, -1, -1, -1, -1, -1, -1, -1, -1, -1, -1, -1, -1, -1, -1, -1, -1, -1, -1, -1, -1, -1, -1, -1, -1, -1, -1, -1, -1, -1, -1, -1, -1, -1, -1, -1, -1, -1, -1, -1, -1, -1, -1, -1, -1, -1, -1, -1, 0, -1, -1, -1, 15, -1, -1, -1, 15, -1, -1, -1, 1, 14, 7, 6, 9, 8, -1, 8, 6, 3, 13, 10, 14, 8]","[False, False, False, False, False, False, False, False, False, False, False, False, False, False, False, False, False, False, False, False, False, False, False, False, False, False, False, False, False, False, False, False, False, False, False, False, False, False, False, False, False, False, False, False, False, False, False, False, False, False, False, False, False, False, False, False, False, False, False, False, False, False, False, False, False, False, False, False, False, False, False, False, False, False, False, False, False, False, False, False, False, False, False, False, False, False, False, False, True, False, False, False, True, False, False, False, True, False, False, False, True, True, True, True, True, True, False, True, True, True, True, True, True, True]"
83,"[0, 0, 0, 0, 0, 0, 0, 0, 0, 0, 0, 0, 0, 0, 0, 0, 0, 0, 0, 0, 0, 0, 0, 0, 0, 0, 0, 0, 0, 0, 0, 0, 0, 0, 0, 0, 0, 0, 0, 0, 0, 0, 0, 0, 0, 0, 0, 0, 0, 0, 0, 0, 0, 0, 0, 0, 0, 0, 0, 0, 0, 0, 0, 0, 0, 0, 0, 0, 0, 0, 0, 0, 0, 0, 0, 0, 0, 0, 0, 0, 0, 0, 0, 0, 0, 0, 0, 0, 2831.7809545825808, 0, 0, 0, 1575.4176431072299, 0, 0, 0, 1293.563213756262, 0, 0, 0, 1802.042463186016, 2677.21116090064, 0, 6361.008278047395, 0, 0, 0, 1662.37044432459, 0, 1462.6758357381586, 0, 2303.8585840403466, 631.0503203604601, 1068.445052216534, 922.7020845904912]","[0, 0, 0, 0, 0, 0, 0, 0, 1, 1, 1, 1, 1, 1, 2, 2, 2, 2, 2, 2, 2, 3, 3, 3, 4, 4, 4, 5, 5, 5, 5, 6, 6, 6, 7, 7, 7, 7, 7, 8, 8, 8, 8, 8, 8, 8, 8, 9, 9, 9, 9, 9, 10, 10, 10, 10, 11, 11, 11, 12, 12, 12, 12, 12, 12, 13, 13, 13, 13, 13, 13, 14, 14, 14, 14, 15, 15, 15, 15, 15, 16, 16, 16, 17, 17, 17, 18, 18, 18, 18, 18, 19, 19, 20, 20, 20, 20, 20, 20, 21, 21, 21, 22, 22, 22, 22, 22, 22, 22, 23, 23, 23, 23, 23, 24]","[1, 1, 1, 1, 1, 1, 1, 3, 2, 2, 2, 2, 2, 2, 3, 3, 4, 5, 8, 8, 8, 9, 11, 12, 12, 12, 12, 14, 14, 16, 17, 18, 21, 20, 21, 22, 25, 24, 26, 26, 26, 28, 26, 27, 27, 27, 28, 28, 33, 31, 31, 34, 35, 35, 35, 39, 40, 42, 43, 42, 43, 44, 44, 44, 45, 45, 46, 47, 49, 48, 51, 52, 53, 54, 55, 54, 55, 57, 56, 58, 58, 58, 58, 59, 64, 61, 62, 62, 63, 71, 64, 64, 65, 67, 68, 68, 68, 71, 70, 71, 74, 72, 72, 75, 74, 74, 75, 78, 78, 82, 80, 81, 81, 82, 83]","[21, 5, 26, 12, 8, 8, 20, 15, 11, 19, 8, 9, 4, 26, 11, 11, 14, 12, 26, 27, 25, 35, 33, 31, 14, 27, 26, 18, 17, 24, 21, 28, 28, 24, 35, 45, 34, 27, 54, 42, 43, 44, 42, 30, 42, 31, 53, 53, 48, 43, 40, 54, 52, 39, 46, 45, 57, 68, 72, 58, 44, 64, 48, 72, 46, 51, 55, 56, 56, 58, 57, 59, 61, 81, 70, 64, 63, 64, 61, 62, 62, 65, 73, 67, 80, 68, 70, 68, -1, 75, 68, 82, -1, 74, 72, 75, -1, 77, 72, 80, -1, -1, 83, -1, -1, -1, 80, -1, 83, -1, -1, -1, -1, -1, -1]","[0, 0, 0, 0, 0, 0, 0, 0, 0, 0, 0, 0, 0, 0, 0, 0, 0, 0, 0, 0, 0, 0, 0, 0, 0, 0, 0, 0, 0, 0, 0, 0, 0, 0, 0, 0, 0, 0, 0, 0, 0, 0, 0, 0, 0, 0, 0, 0, 0, 0, 0, 0, 0, 0, 0, 0, 0, 0, 0, 0, 0, 0, 0, 0, 0, 0, 0, 0, 0, 0, 0, 0, 0, 0, 0, 0, 0, 0, 0, 0, 0, 0, 0, 0, 0, 0, 0, 0, 4029.0, 0, 0, 0, 2155.427214675484, 0, 0, 0, 1873.5727853245162, 0, 0, 0, 4029.0, 3037.58042027009, 0, 4029.0, 4029.0, 432.7281678196253, 0, 2095.098612144215, 0, 4029.0, 4029.0, 4029.0, 991.4195797299101, 1501.1732200361591, 4029.0]","[0, 0, 0, 0, 0, 0, 0, 0, 0, 0, 0, 0, 0, 0, 0, 0, 0, 0, 0, 0, 0, 0, 0, 0, 0, 0, 0, 0, 0, 0, 0, 0, 0, 0, 0, 0, 0, 0, 0, 0, 0, 0, 0, 0, 0, 0, 0, 0, 0, 0, 0, 0, 0, 0, 0, 0, 0, 0, 0, 0, 0, 0, 0, 0, 0, 0, 0, 0, 0, 0, 0, 0, 0, 0, 0, 0, 0, 0, 0, 0, 0, 0, 0, 0, 0, 0, 0, 0, (103.459, 0.03553333333333333, 0.025), 0, 0, 0, (100.6632, 0.11586666666666666, 0.09966666666666668), 0, 0, 0, (257.9492, 1.6759333333333335, 0.7163333333333335), 0, 0, 0, (98.34026666666666, 0.21266666666666662, 0.17426666666666668), (1227.5328, 0.18566666666666662, 0.4779333333333333), 0, (1157.6274666666666, 0.016533333333333334, 0.022133333333333328), (83.886, 0.8937333333333333, 0.7318666666666667), (67.10826666666667, 0.0004, 0.0014666666666666665), 0, (36.35026666666667, 0.25166666666666665, 0.0012), 0, (384.4776, 1.923, 0.024933333333333335), (0.0, 0.004733333333333333, 0.0), (1255.4948, 0.13406666666666667, 0.4640666666666667), (48.234, 0.001066666666666667, 0.0), (170.56820000000002, 0.0034, 0.0014666666666666665), (97.867, 0.5311333333333333, 0.4374666666666666)]","[0, 0, 0, 0, 0, 0, 0, 0, 0, 0, 0, 0, 0, 0, 0, 0, 0, 0, 0, 0, 0, 0, 0, 0, 0, 0, 0, 0, 0, 0, 0, 0, 0, 0, 0, 0, 0, 0, 0, 0, 0, 0, 0, 0, 0, 0, 0, 0, 0, 0, 0, 0, 0, 0, 0, 0, 0, 0, 0, 0, 0, 0, 0, 0, 0, 0, 0, 0, 0, 0, 0, 0, 0, 0, 0, 0, 0, 0, 0, 0, 0, 0, 0, 0, 0, 0, 0, 0, (3, 0.0001, 0.02427222222222222), 0, 0, 0, (2, 0.0, 0.0009611111111111112), 0, 0, 0, (3, 0.0, 0.0003444444444444445), 0, 0, 0, (1, 0.00011666666666666667, 0.04876111111111111), (3, 3.3333333333333335e-05, 0.15232222222222222), 0, (2, 0.0, 0.005333333333333333), (2, 0.0, 0.007866666666666668), (1, 0.0, 0.0005333333333333334), 0, (1, 0.0, 0.05533333333333333), 0, (1, 0.0, 0.005011111111111111), (3, 0.0, 0.0012333333333333335), (3, 1.666666666666667e-05, 0.12178333333333334), (1, 0.0, 0.0006333333333333333), (3, 0.0, 0.0005666666666666666), (1, 0.0, 0.0014666666666666662)]","[-1, -1, -1, -1, -1, -1, -1, -1, -1, -1, -1, -1, -1, -1, -1, -1, -1, -1, -1, -1, -1, -1, -1, -1, -1, -1, -1, -1, -1, -1, -1, -1, -1, -1, -1, -1, -1, -1, -1, -1, -1, -1, -1, -1, -1, -1, -1, -1, -1, -1, -1, -1, -1, -1, -1, -1, -1, -1, -1, -1, -1, -1, -1, -1, -1, -1, -1, -1, -1, -1, -1, -1, -1, -1, -1, -1, -1, -1, -1, -1, -1, -1, -1, -1, -1, -1, -1, -1, 0, -1, -1, -1, 15, -1, -1, -1, 15, -1, -1, -1, 1, 14, -1, 6, 9, 8, -1, 8, -1, 3, 13, 10, 14, 8, 7]","[False, False, False, False, False, False, False, False, False, False, False, False, False, False, False, False, False, False, False, False, False, False, False, False, False, False, False, False, False, False, False, False, False, False, False, False, False, False, False, False, False, False, False, False, False, False, False, False, False, False, False, False, False, False, False, False, False, False, False, False, False, False, False, False, False, False, False, False, False, False, False, False, False, False, False, False, False, False, False, False, False, False, False, False, False, False, False, False, True, False, False, False, True, False, False, False, True, False, False, False, True, True, False, True, True, True, False, True, False, True, True, True, True, True, True]"
84,"[0, 0, 0, 0, 0, 0, 0, 0, 0, 0, 0, 0, 0, 0, 0, 0, 0, 0, 0, 0, 0, 0, 0, 0, 0, 0, 0, 0, 0, 0, 0, 0, 0, 0, 0, 0, 0, 0, 0, 0, 0, 0, 0, 0, 0, 0, 0, 0, 0, 0, 0, 0, 0, 0, 0, 0, 0, 0, 0, 0, 0, 0, 0, 0, 0, 0, 0, 0, 0, 0, 0, 0, 0, 0, 0, 0, 0, 0, 0, 0, 0, 0, 0, 0, 0, 0, 0, 0, 0, 0, 0, 0, 0, 0, 0, 0, 1008.7419556814889, 0, 0, 0, 1136.5465383316057, 6028.278192232053, 0, 2438.7820916767528, 0, 0, 0, 1654.15444542348, 0, 2530.7555535185593, 0, 2662.034226881929, 0, 1095.1561785219467, 2327.8664038117226, 925.6689723222934, 390.65025572768]","[0, 0, 0, 0, 0, 0, 0, 0, 1, 1, 1, 1, 1, 1, 2, 2, 2, 2, 2, 2, 2, 3, 3, 3, 4, 4, 4, 5, 5, 5, 5, 6, 6, 6, 7, 7, 7, 7, 7, 8, 8, 8, 8, 8, 8, 8, 8, 9, 9, 9, 9, 9, 10, 10, 10, 10, 11, 11, 11, 12, 12, 12, 12, 12, 12, 13, 13, 13, 13, 13, 13, 14, 14, 14, 14, 15, 15, 15, 15, 15, 16, 16, 16, 17, 17, 17, 18, 18, 18, 18, 18, 19, 19, 20, 20, 20, 20, 20, 20, 21, 21, 21, 22, 22, 22, 22, 22, 22, 22, 23, 23, 23, 23, 23, 23, 24, 24]","[1, 1, 1, 1, 1, 1, 1, 3, 2, 2, 2, 2, 2, 2, 3, 3, 4, 5, 8, 8, 8, 9, 11, 12, 12, 12, 12, 14, 14, 16, 17, 18, 21, 20, 21, 22, 25, 24, 26, 26, 26, 28, 26, 27, 27, 27, 28, 28, 33, 31, 31, 34, 35, 35, 35, 39, 40, 42, 43, 42, 43, 44, 44, 44, 45, 45, 46, 47, 49, 48, 51, 52, 53, 54, 55, 54, 55, 57, 56, 58, 58, 58, 58, 59, 64, 61, 62, 62, 63, 71, 64, 64, 65, 67, 68, 68, 68, 71, 70, 71, 74, 72, 72, 75, 74, 74, 75, 78, 78, 82, 80, 81, 81, 82, 84, 83, 84]","[21, 5, 26, 12, 8, 8, 20, 15, 11, 19, 8, 9, 4, 26, 11, 11, 14, 12, 26, 27, 25, 35, 33, 31, 14, 27, 26, 18, 17, 24, 21, 28, 28, 24, 35, 45, 34, 27, 54, 42, 43, 44, 42, 30, 42, 31, 53, 53, 48, 43, 40, 54, 52, 39, 46, 45, 57, 68, 72, 58, 44, 64, 48, 72, 46, 51, 55, 56, 56, 58, 57, 59, 61, 81, 70, 64, 63, 64, 61, 62, 62, 65, 73, 67, 80, 68, 70, 68, -1, 75, 68, 82, -1, 74, 72, 75, -1, 77, 72, 80, -1, -1, 83, -1, 84, 84, 80, -1, 83, -1, 84, -1, -1, -1, -1, -1, -1]","[0, 0, 0, 0, 0, 0, 0, 0, 0, 0, 0, 0, 0, 0, 0, 0, 0, 0, 0, 0, 0, 0, 0, 0, 0, 0, 0, 0, 0, 0, 0, 0, 0, 0, 0, 0, 0, 0, 0, 0, 0, 0, 0, 0, 0, 0, 0, 0, 0, 0, 0, 0, 0, 0, 0, 0, 0, 0, 0, 0, 0, 0, 0, 0, 0, 0, 0, 0, 0, 0, 0, 0, 0, 0, 0, 0, 0, 0, 0, 0, 0, 0, 0, 0, 0, 0, 0, 0, 4029.0, 0, 0, 0, 1510.1290221592556, 0, 0, 0, 2518.8709778407447, 0, 0, 0, 4029.0, 5028.639096116027, 0, 4029.0, 0, 0, 0, 2293.9991334507667, 0, 4029.0, 0, 4029.0, -999.6390961160264, 1735.0008665492335, 4029.0, 2282.009358297307, 1746.9906417026932]","[0, 0, 0, 0, 0, 0, 0, 0, 0, 0, 0, 0, 0, 0, 0, 0, 0, 0, 0, 0, 0, 0, 0, 0, 0, 0, 0, 0, 0, 0, 0, 0, 0, 0, 0, 0, 0, 0, 0, 0, 0, 0, 0, 0, 0, 0, 0, 0, 0, 0, 0, 0, 0, 0, 0, 0, 0, 0, 0, 0, 0, 0, 0, 0, 0, 0, 0, 0, 0, 0, 0, 0, 0, 0, 0, 0, 0, 0, 0, 0, 0, 0, 0, 0, 0, 0, 0, 0, (96.46846666666666, 0.0338, 0.023066666666666666), 0, 0, 0, (89.4784, 0.11613333333333334, 0.0994), 0, 0, 0, (293.6008, 1.66, 0.18393333333333337), 0, 0, 0, (87.92, 0.21286666666666668, 0.18966666666666662), (1551.892, 0.19686666666666666, 1.39), 0, (167.772, 0.009333333333333334, 0.0104), 0, 0, 0, (36.35046666666667, 0.2538666666666667, 0.0013333333333333333), 0, (419.43, 3.8347333333333333, 0.0464), 0, (1470.8021999999999, 0.18553333333333333, 0.47233333333333327), (41.94273333333333, 0.0009333333333333332, 6.666666666666668e-05), (170.56820000000002, 0.0033333333333333335, 0.0014), (335.544, 0.016466666666666664, 0.009866666666666668), (114.6442, 0.5428, 0.4749333333333333), (499.1218, 0.0004, 0.0003333333333333333)]","[0, 0, 0, 0, 0, 0, 0, 0, 0, 0, 0, 0, 0, 0, 0, 0, 0, 0, 0, 0, 0, 0, 0, 0, 0, 0, 0, 0, 0, 0, 0, 0, 0, 0, 0, 0, 0, 0, 0, 0, 0, 0, 0, 0, 0, 0, 0, 0, 0, 0, 0, 0, 0, 0, 0, 0, 0, 0, 0, 0, 0, 0, 0, 0, 0, 0, 0, 0, 0, 0, 0, 0, 0, 0, 0, 0, 0, 0, 0, 0, 0, 0, 0, 0, 0, 0, 0, 0, (3, 0.0001833333333333333, 0.029927777777777772), 0, 0, 0, (2, 0.0, 0.0009388888888888888), 0, 0, 0, (3, 0.0, 0.00039999999999999996), 0, 0, 0, (1, 0.0, 0.050077777777777784), (3, 0.0001, 0.1530611111111111), 0, (2, 0.0, 0.002172222222222222), 0, 0, 0, (1, 0.0, 0.0559388888888889), 0, (1, 0.00031666666666666665, 0.004988888888888889), 0, (3, 1.666666666666667e-05, 0.1395388888888889), (1, 0.0, 0.0006222222222222223), (3, 0.0, 0.0008388888888888889), (3, 0.0, 0.015905555555555555), (1, 0.0, 0.001527777777777778), (2, 0.012733333333333334, 0.0036666666666666666)]","[-1, -1, -1, -1, -1, -1, -1, -1, -1, -1, -1, -1, -1, -1, -1, -1, -1, -1, -1, -1, -1, -1, -1, -1, -1, -1, -1, -1, -1, -1, -1, -1, -1, -1, -1, -1, -1, -1, -1, -1, -1, -1, -1, -1, -1, -1, -1, -1, -1, -1, -1, -1, -1, -1, -1, -1, -1, -1, -1, -1, -1, -1, -1, -1, -1, -1, -1, -1, -1, -1, -1, -1, -1, -1, -1, -1, -1, -1, -1, -1, -1, -1, -1, -1, -1, -1, -1, -1, 0, -1, -1, -1, 15, -1, -1, -1, 15, -1, -1, -1, 1, 14, -1, 6, -1, -1, -1, 8, -1, 3, -1, 10, 14, 8, 2, 7, 7]","[False, False, False, False, False, False, False, False, False, False, False, False, False, False, False, False, False, False, False, False, False, False, False, False, False, False, False, False, False, False, False, False, False, False, False, False, False, False, False, False, False, False, False, False, False, False, False, False, False, False, False, False, False, False, False, False, False, False, False, False, False, False, False, False, False, False, False, False, False, False, False, False, False, False, False, False, False, False, False, False, False, False, False, False, False, False, False, False, True, False, False, False, True, False, False, False, True, False, False, False, True, True, False, True, False, False, False, True, False, True, False, True, True, True, True, True, True]"
85,"[0, 0, 0, 0, 0, 0, 0, 0, 0, 0, 0, 0, 0, 0, 0, 0, 0, 0, 0, 0, 0, 0, 0, 0, 0, 0, 0, 0, 0, 0, 0, 0, 0, 0, 0, 0, 0, 0, 0, 0, 0, 0, 0, 0, 0, 0, 0, 0, 0, 0, 0, 0, 0, 0, 0, 0, 0, 0, 0, 0, 0, 0, 0, 0, 0, 0, 0, 0, 0, 0, 0, 0, 0, 0, 0, 0, 0, 0, 0, 0, 0, 0, 0, 0, 0, 0, 0, 0, 0, 0, 0, 0, 0, 0, 0, 0, 0, 0, 0, 0, 0, 6374.312287858666, 0, 2554.490731062876, 0, 0, 0, 1678.80244212681, 0, 1379.6029687996834, 0, 2986.820614882346, 0, 1105.1728508864767, 2503.141050686958, 928.6358600540952, 530.8836808606934, 2006.6731654957287, 1155.2559781834066, 881.4670876440003, 1071.7839430047102]","[0, 0, 0, 0, 0, 0, 0, 0, 1, 1, 1, 1, 1, 1, 2, 2, 2, 2, 2, 2, 2, 3, 3, 3, 4, 4, 4, 5, 5, 5, 5, 6, 6, 6, 7, 7, 7, 7, 7, 8, 8, 8, 8, 8, 8, 8, 8, 9, 9, 9, 9, 9, 10, 10, 10, 10, 11, 11, 11, 12, 12, 12, 12, 12, 12, 13, 13, 13, 13, 13, 13, 14, 14, 14, 14, 15, 15, 15, 15, 15, 16, 16, 16, 17, 17, 17, 18, 18, 18, 18, 18, 19, 19, 20, 20, 20, 20, 20, 20, 21, 21, 21, 22, 22, 22, 22, 22, 22, 22, 23, 23, 23, 23, 23, 23, 24, 24, 24, 26, 26, 26]","[1, 1, 1, 1, 1, 1, 1, 3, 2, 2, 2, 2, 2, 2, 3, 3, 4, 5, 8, 8, 8, 9, 11, 12, 12, 12, 12, 14, 14, 16, 17, 18, 21, 20, 21, 22, 25, 24, 26, 26, 26, 28, 26, 27, 27, 27, 28, 28, 33, 31, 31, 34, 35, 35, 35, 39, 40, 42, 43, 42, 43, 44, 44, 44, 45, 45, 46, 47, 49, 48, 51, 52, 53, 54, 55, 54, 55, 57, 56, 58, 58, 58, 58, 59, 64, 61, 62, 62, 63, 71, 64, 64, 65, 67, 68, 68, 68, 71, 70, 71, 74, 72, 72, 75, 74, 74, 75, 78, 78, 82, 80, 81, 81, 82, 84, 83, 84, 85, 85, 85, 85]","[21, 5, 26, 12, 8, 8, 20, 15, 11, 19, 8, 9, 4, 26, 11, 11, 14, 12, 26, 27, 25, 35, 33, 31, 14, 27, 26, 18, 17, 24, 21, 28, 28, 24, 35, 45, 34, 27, 54, 42, 43, 44, 42, 30, 42, 31, 53, 53, 48, 43, 40, 54, 52, 39, 46, 45, 57, 68, 72, 58, 44, 64, 48, 72, 46, 51, 55, 56, 56, 58, 57, 59, 61, 81, 70, 64, 63, 64, 61, 62, 62, 65, 73, 67, 80, 68, 70, 68, 85, 75, 68, 82, 85, 74, 72, 75, -1, 77, 72, 80, -1, -1, 83, -1, 84, 84, 80, -1, 83, -1, 84, -1, 85, -1, -1, -1, -1, -1, -1, -1, -1]","[0, 0, 0, 0, 0, 0, 0, 0, 0, 0, 0, 0, 0, 0, 0, 0, 0, 0, 0, 0, 0, 0, 0, 0, 0, 0, 0, 0, 0, 0, 0, 0, 0, 0, 0, 0, 0, 0, 0, 0, 0, 0, 0, 0, 0, 0, 0, 0, 0, 0, 0, 0, 0, 0, 0, 0, 0, 0, 0, 0, 0, 0, 0, 0, 0, 0, 0, 0, 0, 0, 0, 0, 0, 0, 0, 0, 0, 0, 0, 0, 0, 0, 0, 0, 0, 0, 0, 0, 0, 0, 0, 0, 0, 0, 0, 0, 4029.0, 0, 0, 0, 4029.0, 4029.0, 0, 4029.0, 0, 0, 0, 2301.3147956201665, 0, 4029.0, 0, 4029.0, 0, 1727.6852043798333, 2730.178553841124, 1400.0440203546968, 1002.291841161295, 4029.0, 1626.6641384840082, 4029.0, 1298.8214461588761]","[0, 0, 0, 0, 0, 0, 0, 0, 0, 0, 0, 0, 0, 0, 0, 0, 0, 0, 0, 0, 0, 0, 0, 0, 0, 0, 0, 0, 0, 0, 0, 0, 0, 0, 0, 0, 0, 0, 0, 0, 0, 0, 0, 0, 0, 0, 0, 0, 0, 0, 0, 0, 0, 0, 0, 0, 0, 0, 0, 0, 0, 0, 0, 0, 0, 0, 0, 0, 0, 0, 0, 0, 0, 0, 0, 0, 0, 0, 0, 0, 0, 0, 0, 0, 0, 0, 0, 0, 0, 0, 0, 0, 0, 0, 0, 0, (454.38226666666674, 2.6148000000000002, 0.015), 0, 0, 0, (83.36113333333331, 0.21606666666666663, 0.18393333333333337), (1736.4414, 0.2492666666666667, 1.2721333333333333), 0, (536.8704, 0.009266666666666668, 0.0106), 0, 0, 0, (71.3028, 0.24086666666666667, 0.0012), 0, (442.49846666666673, 3.044, 0.055333333333333345), 0, (1311.4188000000001, 0.14286666666666667, 0.5135333333333333), 0, (128.6252, 0.0032, 0.0014), (427.8186, 0.011466666666666667, 0.006066666666666666), (109.0518, 0.5416666666666666, 0.5044666666666666), (455.08166666666676, 0.012533333333333334, 0.18906666666666663), (306.18366666666674, 0.5942000000000001, 0.19193333333333337), (67.10839999999999, 0.00013333333333333334, 0.001), (95.9442, 0.019933333333333334, 0.0208), (125.829, 0.0033333333333333335, 0.0012666666666666666)]","[0, 0, 0, 0, 0, 0, 0, 0, 0, 0, 0, 0, 0, 0, 0, 0, 0, 0, 0, 0, 0, 0, 0, 0, 0, 0, 0, 0, 0, 0, 0, 0, 0, 0, 0, 0, 0, 0, 0, 0, 0, 0, 0, 0, 0, 0, 0, 0, 0, 0, 0, 0, 0, 0, 0, 0, 0, 0, 0, 0, 0, 0, 0, 0, 0, 0, 0, 0, 0, 0, 0, 0, 0, 0, 0, 0, 0, 0, 0, 0, 0, 0, 0, 0, 0, 0, 0, 0, 0, 0, 0, 0, 0, 0, 0, 0, (3, 0.0, 0.0002666666666666667), 0, 0, 0, (1, 0.0, 0.04877777777777778), (3, 0.00015, 0.2104), 0, (2, 0.0, 0.0023777777777777777), 0, 0, 0, (1, 0.0, 0.05382777777777778), 0, (1, 0.0, 0.004972222222222222), 0, (3, 5e-05, 0.13139444444444442), 0, (3, 0.0, 0.0005555555555555557), (3, 1.666666666666667e-05, 0.017866666666666666), (1, 0.0, 0.0017222222222222224), (2, 0.0002833333333333333, 0.0029611111111111123), (3, 0.011550000000000001, 0.43049444444444446), (1, 0.0, 0.0005722222222222222), (1, 0.0012, 0.05558333333333333), (3, 0.0, 0.0006444444444444443)]","[-1, -1, -1, -1, -1, -1, -1, -1, -1, -1, -1, -1, -1, -1, -1, -1, -1, -1, -1, -1, -1, -1, -1, -1, -1, -1, -1, -1, -1, -1, -1, -1, -1, -1, -1, -1, -1, -1, -1, -1, -1, -1, -1, -1, -1, -1, -1, -1, -1, -1, -1, -1, -1, -1, -1, -1, -1, -1, -1, -1, -1, -1, -1, -1, -1, -1, -1, -1, -1, -1, -1, -1, -1, -1, -1, -1, -1, -1, -1, -1, -1, -1, -1, -1, -1, -1, -1, -1, -1, -1, -1, -1, -1, -1, -1, -1, 15, -1, -1, -1, 1, 14, -1, 6, -1, -1, -1, 8, -1, 3, -1, 10, -1, 8, 2, 7, 7, 4, 7, 11, 2]","[False, False, False, False, False, False, False, False, False, False, False, False, False, False, False, False, False, False, False, False, False, False, False, False, False, False, False, False, False, False, False, False, False, False, False, False, False, False, False, False, False, False, False, False, False, False, False, False, False, False, False, False, False, False, False, False, False, False, False, False, False, False, False, False, False, False, False, False, False, False, False, False, False, False, False, False, False, False, False, False, False, False, False, False, False, False, False, False, False, False, False, False, False, False, False, False, True, False, False, False, True, True, False, True, False, False, False, True, False, True, False, True, False, True, True, True, True, True, True, True, True]"
86,"[0, 0, 0, 0, 0, 0, 0, 0, 0, 0, 0, 0, 0, 0, 0, 0, 0, 0, 0, 0, 0, 0, 0, 0, 0, 0, 0, 0, 0, 0, 0, 0, 0, 0, 0, 0, 0, 0, 0, 0, 0, 0, 0, 0, 0, 0, 0, 0, 0, 0, 0, 0, 0, 0, 0, 0, 0, 0, 0, 0, 0, 0, 0, 0, 0, 0, 0, 0, 0, 0, 0, 0, 0, 0, 0, 0, 0, 0, 0, 0, 0, 0, 0, 0, 0, 0, 0, 0, 0, 0, 0, 0, 0, 0, 0, 0, 0, 0, 0, 0, 0, 3703.171900565511, 0, 2450.6496444343047, 0, 0, 0, 1615.8131172183, 0, 1530.9142621519063, 0, 2953.431360041183, 0, 1078.4617245810634, 2497.663717972107, 931.6027477858978, 537.5614630098844, 1352.2506356501997, 1151.9170880730503, 754.589249271, 1068.445052216534, 517.5280212281833]","[0, 0, 0, 0, 0, 0, 0, 0, 1, 1, 1, 1, 1, 1, 2, 2, 2, 2, 2, 2, 2, 3, 3, 3, 4, 4, 4, 5, 5, 5, 5, 6, 6, 6, 7, 7, 7, 7, 7, 8, 8, 8, 8, 8, 8, 8, 8, 9, 9, 9, 9, 9, 10, 10, 10, 10, 11, 11, 11, 12, 12, 12, 12, 12, 12, 13, 13, 13, 13, 13, 13, 14, 14, 14, 14, 15, 15, 15, 15, 15, 16, 16, 16, 17, 17, 17, 18, 18, 18, 18, 18, 19, 19, 20, 20, 20, 20, 20, 20, 21, 21, 21, 22, 22, 22, 22, 22, 22, 22, 23, 23, 23, 23, 23, 23, 24, 24, 24, 26, 26, 26, 26]","[1, 1, 1, 1, 1, 1, 1, 3, 2, 2, 2, 2, 2, 2, 3, 3, 4, 5, 8, 8, 8, 9, 11, 12, 12, 12, 12, 14, 14, 16, 17, 18, 21, 20, 21, 22, 25, 24, 26, 26, 26, 28, 26, 27, 27, 27, 28, 28, 33, 31, 31, 34, 35, 35, 35, 39, 40, 42, 43, 42, 43, 44, 44, 44, 45, 45, 46, 47, 49, 48, 51, 52, 53, 54, 55, 54, 55, 57, 56, 58, 58, 58, 58, 59, 64, 61, 62, 62, 63, 71, 64, 64, 65, 67, 68, 68, 68, 71, 70, 71, 74, 72, 72, 75, 74, 74, 75, 78, 78, 82, 80, 81, 81, 82, 84, 83, 84, 85, 85, 85, 85, 86]","[21, 5, 26, 12, 8, 8, 20, 15, 11, 19, 8, 9, 4, 26, 11, 11, 14, 12, 26, 27, 25, 35, 33, 31, 14, 27, 26, 18, 17, 24, 21, 28, 28, 24, 35, 45, 34, 27, 54, 42, 43, 44, 42, 30, 42, 31, 53, 53, 48, 43, 40, 54, 52, 39, 46, 45, 57, 68, 72, 58, 44, 64, 48, 72, 46, 51, 55, 56, 56, 58, 57, 59, 61, 81, 70, 64, 63, 64, 61, 62, 62, 65, 73, 67, 80, 68, 70, 68, 85, 75, 68, 82, 85, 74, 72, 75, 86, 77, 72, 80, 86, -1, 83, -1, 84, 84, 80, -1, 83, -1, 84, -1, 85, -1, -1, -1, -1, -1, -1, -1, -1, -1]","[0, 0, 0, 0, 0, 0, 0, 0, 0, 0, 0, 0, 0, 0, 0, 0, 0, 0, 0, 0, 0, 0, 0, 0, 0, 0, 0, 0, 0, 0, 0, 0, 0, 0, 0, 0, 0, 0, 0, 0, 0, 0, 0, 0, 0, 0, 0, 0, 0, 0, 0, 0, 0, 0, 0, 0, 0, 0, 0, 0, 0, 0, 0, 0, 0, 0, 0, 0, 0, 0, 0, 0, 0, 0, 0, 0, 0, 0, 0, 0, 0, 0, 0, 0, 0, 0, 0, 0, 0, 0, 0, 0, 0, 0, 0, 0, 0, 0, 0, 0, 0, 4029.0, 0, 4029.0, 0, 0, 0, 2283.175696318618, 0, 4029.0, 0, 3113.9210553850917, 0, 1745.8243036813817, 2729.1093328777865, 1400.908981496287, 1006.8676967202734, 2431.8613072110084, 1621.2233217834394, 915.0789446149086, 1299.8906671222135, 1597.1386927889916]","[0, 0, 0, 0, 0, 0, 0, 0, 0, 0, 0, 0, 0, 0, 0, 0, 0, 0, 0, 0, 0, 0, 0, 0, 0, 0, 0, 0, 0, 0, 0, 0, 0, 0, 0, 0, 0, 0, 0, 0, 0, 0, 0, 0, 0, 0, 0, 0, 0, 0, 0, 0, 0, 0, 0, 0, 0, 0, 0, 0, 0, 0, 0, 0, 0, 0, 0, 0, 0, 0, 0, 0, 0, 0, 0, 0, 0, 0, 0, 0, 0, 0, 0, 0, 0, 0, 0, 0, 0, 0, 0, 0, 0, 0, 0, 0, 0, 0, 0, 0, 0, (1493.1718, 0.1692, 0.7876000000000001), 0, (738.197, 0.009333333333333334, 0.0108), 0, 0, 0, (46.137, 0.22346666666666667, 0.0013333333333333333), 0, (440.4012, 3.206266666666667, 0.1867333333333333), 0, (1311.4188000000001, 0.188, 0.5201333333333333), 0, (134.2176, 0.0033333333333333335, 0.0014), (419.43, 0.0086, 0.004933333333333334), (109.0518, 0.5368666666666667, 0.4758666666666667), (471.15966666666674, 0.013066666666666664, 0.18946666666666667), (281.018, 0.42160000000000003, 0.13533333333333333), (72.70093333333334, 6.666666666666668e-05, 0.001), (96.9928, 0.020133333333333333, 0.014066666666666665), (170.56820000000002, 0.0034, 0.0014666666666666665), (58.7202, 0.004733333333333333, 0.00013333333333333334)]","[0, 0, 0, 0, 0, 0, 0, 0, 0, 0, 0, 0, 0, 0, 0, 0, 0, 0, 0, 0, 0, 0, 0, 0, 0, 0, 0, 0, 0, 0, 0, 0, 0, 0, 0, 0, 0, 0, 0, 0, 0, 0, 0, 0, 0, 0, 0, 0, 0, 0, 0, 0, 0, 0, 0, 0, 0, 0, 0, 0, 0, 0, 0, 0, 0, 0, 0, 0, 0, 0, 0, 0, 0, 0, 0, 0, 0, 0, 0, 0, 0, 0, 0, 0, 0, 0, 0, 0, 0, 0, 0, 0, 0, 0, 0, 0, 0, 0, 0, 0, 0, (3, 0.0001, 0.13415555555555556), 0, (2, 0.0, 0.0023666666666666667), 0, 0, 0, (1, 5e-05, 0.05402777777777778), 0, (1, 1.666666666666667e-05, 0.0052), 0, (3, 3.3333333333333335e-05, 0.16156666666666666), 0, (3, 0.0, 0.0007111111111111111), (3, 0.0, 0.021744444444444445), (1, 0.0, 0.0017166666666666667), (2, 0.00035, 0.0039833333333333335), (3, 1.666666666666667e-05, 0.2272388888888889), (1, 0.0, 0.0005666666666666666), (1, 0.0, 0.054338888888888895), (3, 0.0, 0.0005666666666666666), (2, 0.0, 0.0010944444444444443)]","[-1, -1, -1, -1, -1, -1, -1, -1, -1, -1, -1, -1, -1, -1, -1, -1, -1, -1, -1, -1, -1, -1, -1, -1, -1, -1, -1, -1, -1, -1, -1, -1, -1, -1, -1, -1, -1, -1, -1, -1, -1, -1, -1, -1, -1, -1, -1, -1, -1, -1, -1, -1, -1, -1, -1, -1, -1, -1, -1, -1, -1, -1, -1, -1, -1, -1, -1, -1, -1, -1, -1, -1, -1, -1, -1, -1, -1, -1, -1, -1, -1, -1, -1, -1, -1, -1, -1, -1, -1, -1, -1, -1, -1, -1, -1, -1, -1, -1, -1, -1, -1, 14, -1, 6, -1, -1, -1, 8, -1, 3, -1, 11, -1, 8, 2, 7, 7, 4, 7, 11, 2, 4]","[False, False, False, False, False, False, False, False, False, False, False, False, False, False, False, False, False, False, False, False, False, False, False, False, False, False, False, False, False, False, False, False, False, False, False, False, False, False, False, False, False, False, False, False, False, False, False, False, False, False, False, False, False, False, False, False, False, False, False, False, False, False, False, False, False, False, False, False, False, False, False, False, False, False, False, False, False, False, False, False, False, False, False, False, False, False, False, False, False, False, False, False, False, False, False, False, False, False, False, False, False, True, False, True, False, False, False, True, False, True, False, True, False, True, True, True, True, True, True, True, True, True]"
87,"[0, 0, 0, 0, 0, 0, 0, 0, 0, 0, 0, 0, 0, 0, 0, 0, 0, 0, 0, 0, 0, 0, 0, 0, 0, 0, 0, 0, 0, 0, 0, 0, 0, 0, 0, 0, 0, 0, 0, 0, 0, 0, 0, 0, 0, 0, 0, 0, 0, 0, 0, 0, 0, 0, 0, 0, 0, 0, 0, 0, 0, 0, 0, 0, 0, 0, 0, 0, 0, 0, 0, 0, 0, 0, 0, 0, 0, 0, 0, 0, 0, 0, 0, 0, 0, 0, 0, 0, 0, 0, 0, 0, 0, 0, 0, 0, 0, 0, 0, 0, 0, 3949.038231668631, 0, 2453.616532623692, 0, 0, 0, 1536.3917945075702, 0, 1483.4440524727775, 0, 2989.8560016860883, 0, 1058.4283798520034, 2664.722365775066, 925.6689723222934, 544.2392451590755, 1409.0117734429248, 1876.4565081617916, 1158.5948682937635, 754.589249271, 1095.1561785219467, 510.85024030910995]","[0, 0, 0, 0, 0, 0, 0, 0, 1, 1, 1, 1, 1, 1, 2, 2, 2, 2, 2, 2, 2, 3, 3, 3, 4, 4, 4, 5, 5, 5, 5, 6, 6, 6, 7, 7, 7, 7, 7, 8, 8, 8, 8, 8, 8, 8, 8, 9, 9, 9, 9, 9, 10, 10, 10, 10, 11, 11, 11, 12, 12, 12, 12, 12, 12, 13, 13, 13, 13, 13, 13, 14, 14, 14, 14, 15, 15, 15, 15, 15, 16, 16, 16, 17, 17, 17, 18, 18, 18, 18, 18, 19, 19, 20, 20, 20, 20, 20, 20, 21, 21, 21, 22, 22, 22, 22, 22, 22, 22, 23, 23, 23, 23, 23, 23, 24, 24, 24, 25, 26, 26, 26, 26]","[1, 1, 1, 1, 1, 1, 1, 3, 2, 2, 2, 2, 2, 2, 3, 3, 4, 5, 8, 8, 8, 9, 11, 12, 12, 12, 12, 14, 14, 16, 17, 18, 21, 20, 21, 22, 25, 24, 26, 26, 26, 28, 26, 27, 27, 27, 28, 28, 33, 31, 31, 34, 35, 35, 35, 39, 40, 42, 43, 42, 43, 44, 44, 44, 45, 45, 46, 47, 49, 48, 51, 52, 53, 54, 55, 54, 55, 57, 56, 58, 58, 58, 58, 59, 64, 61, 62, 62, 63, 71, 64, 64, 65, 67, 68, 68, 68, 71, 70, 71, 74, 72, 72, 75, 74, 74, 75, 78, 78, 82, 80, 81, 81, 82, 84, 83, 84, 85, 87, 85, 85, 85, 86]","[21, 5, 26, 12, 8, 8, 20, 15, 11, 19, 8, 9, 4, 26, 11, 11, 14, 12, 26, 27, 25, 35, 33, 31, 14, 27, 26, 18, 17, 24, 21, 28, 28, 24, 35, 45, 34, 27, 54, 42, 43, 44, 42, 30, 42, 31, 53, 53, 48, 43, 40, 54, 52, 39, 46, 45, 57, 68, 72, 58, 44, 64, 48, 72, 46, 51, 55, 56, 56, 58, 57, 59, 61, 81, 70, 64, 63, 64, 61, 62, 62, 65, 73, 67, 80, 68, 70, 68, 85, 75, 68, 82, 85, 74, 72, 75, 86, 77, 72, 80, 86, -1, 83, -1, 84, 84, 80, -1, 83, -1, 84, -1, 85, -1, -1, -1, -1, -1, -1, -1, -1, -1, -1]","[0, 0, 0, 0, 0, 0, 0, 0, 0, 0, 0, 0, 0, 0, 0, 0, 0, 0, 0, 0, 0, 0, 0, 0, 0, 0, 0, 0, 0, 0, 0, 0, 0, 0, 0, 0, 0, 0, 0, 0, 0, 0, 0, 0, 0, 0, 0, 0, 0, 0, 0, 0, 0, 0, 0, 0, 0, 0, 0, 0, 0, 0, 0, 0, 0, 0, 0, 0, 0, 0, 0, 0, 0, 0, 0, 0, 0, 0, 0, 0, 0, 0, 0, 0, 0, 0, 0, 0, 0, 0, 0, 0, 0, 0, 0, 0, 0, 0, 0, 0, 0, 4029.0, 0, 4029.0, 0, 0, 0, 2253.4817073277836, 0, 4029.0, 0, 3132.133376207544, 0, 1775.5182926722166, 2799.2830936265595, 1392.501277063916, 1011.071549900698, 2463.580766566907, 4029.0, 1625.427173035386, 896.8666237924558, 1229.7169063734402, 1565.4192334330926]","[0, 0, 0, 0, 0, 0, 0, 0, 0, 0, 0, 0, 0, 0, 0, 0, 0, 0, 0, 0, 0, 0, 0, 0, 0, 0, 0, 0, 0, 0, 0, 0, 0, 0, 0, 0, 0, 0, 0, 0, 0, 0, 0, 0, 0, 0, 0, 0, 0, 0, 0, 0, 0, 0, 0, 0, 0, 0, 0, 0, 0, 0, 0, 0, 0, 0, 0, 0, 0, 0, 0, 0, 0, 0, 0, 0, 0, 0, 0, 0, 0, 0, 0, 0, 0, 0, 0, 0, 0, 0, 0, 0, 0, 0, 0, 0, 0, 0, 0, 0, 0, (1484.7831999999999, 0.21580000000000002, 0.8416666666666666), 0, (352.32120000000003, 0.0094, 0.010866666666666667), 0, 0, 0, (58.719800000000006, 0.21913333333333332, 0.0012), 0, (478.84913333333344, 2.3301999999999996, 0.8102), 0, (1177.2012, 0.14893333333333333, 0.6776666666666666), 0, (268.4352, 0.0032666666666666664, 0.0013333333333333333), (455.7806, 0.011333333333333336, 0.005066666666666666), (95.0708, 0.5381333333333334, 0.44586666666666674), (486.5389333333335, 0.012733333333333333, 0.18919999999999998), (255.852, 0.49213333333333326, 0.15953333333333333), (258.64820000000003, 0.019533333333333337, 0.0016), (75.49719999999999, 0.0004, 0.0014666666666666665), (90.177, 0.02, 0.014), (170.56820000000002, 0.0033333333333333335, 0.0014), (50.3316, 0.004666666666666667, 0.00013333333333333334)]","[0, 0, 0, 0, 0, 0, 0, 0, 0, 0, 0, 0, 0, 0, 0, 0, 0, 0, 0, 0, 0, 0, 0, 0, 0, 0, 0, 0, 0, 0, 0, 0, 0, 0, 0, 0, 0, 0, 0, 0, 0, 0, 0, 0, 0, 0, 0, 0, 0, 0, 0, 0, 0, 0, 0, 0, 0, 0, 0, 0, 0, 0, 0, 0, 0, 0, 0, 0, 0, 0, 0, 0, 0, 0, 0, 0, 0, 0, 0, 0, 0, 0, 0, 0, 0, 0, 0, 0, 0, 0, 0, 0, 0, 0, 0, 0, 0, 0, 0, 0, 0, (3, 0.0001, 0.17663333333333334), 0, (2, 0.0, 0.002344444444444444), 0, 0, 0, (1, 1.666666666666667e-05, 0.053094444444444444), 0, (1, 0.0, 0.004461111111111111), 0, (3, 5e-05, 0.12382222222222221), 0, (3, 0.0, 0.00065), (3, 0.0, 0.016805555555555553), (1, 0.0, 0.0017277777777777773), (2, 0.07660000000000003, 0.0032111111111111108), (3, 8.333333333333333e-05, 0.28617777777777775), (3, 0.05115, 0.03694444444444444), (1, 0.0, 0.0005499999999999999), (1, 3.3333333333333335e-05, 0.05506666666666666), (3, 0.0, 0.0008388888888888889), (2, 0.0, 0.0010555555555555557)]","[-1, -1, -1, -1, -1, -1, -1, -1, -1, -1, -1, -1, -1, -1, -1, -1, -1, -1, -1, -1, -1, -1, -1, -1, -1, -1, -1, -1, -1, -1, -1, -1, -1, -1, -1, -1, -1, -1, -1, -1, -1, -1, -1, -1, -1, -1, -1, -1, -1, -1, -1, -1, -1, -1, -1, -1, -1, -1, -1, -1, -1, -1, -1, -1, -1, -1, -1, -1, -1, -1, -1, -1, -1, -1, -1, -1, -1, -1, -1, -1, -1, -1, -1, -1, -1, -1, -1, -1, -1, -1, -1, -1, -1, -1, -1, -1, -1, -1, -1, -1, -1, 14, -1, 6, -1, -1, -1, 8, -1, 3, -1, 11, -1, 8, 2, 7, 7, 4, 9, 7, 11, 2, 4]","[False, False, False, False, False, False, False, False, False, False, False, False, False, False, False, False, False, False, False, False, False, False, False, False, False, False, False, False, False, False, False, False, False, False, False, False, False, False, False, False, False, False, False, False, False, False, False, False, False, False, False, False, False, False, False, False, False, False, False, False, False, False, False, False, False, False, False, False, False, False, False, False, False, False, False, False, False, False, False, False, False, False, False, False, False, False, False, False, False, False, False, False, False, False, False, False, False, False, False, False, False, True, False, True, False, False, False, True, False, True, False, True, False, True, True, True, True, True, True, True, True, True, True]"
88,"[0, 0, 0, 0, 0, 0, 0, 0, 0, 0, 0, 0, 0, 0, 0, 0, 0, 0, 0, 0, 0, 0, 0, 0, 0, 0, 0, 0, 0, 0, 0, 0, 0, 0, 0, 0, 0, 0, 0, 0, 0, 0, 0, 0, 0, 0, 0, 0, 0, 0, 0, 0, 0, 0, 0, 0, 0, 0, 0, 0, 0, 0, 0, 0, 0, 0, 0, 0, 0, 0, 0, 0, 0, 0, 0, 0, 0, 0, 0, 0, 0, 0, 0, 0, 0, 0, 0, 0, 0, 0, 0, 0, 0, 0, 0, 0, 0, 0, 0, 0, 0, 3566.579494397111, 0, 2495.1529672751212, 0, 0, 0, 1618.55178351867, 0, 949.4041935825778, 0, 5888.650399259911, 0, 1075.1228337928867, 2478.4930534701275, 934.5696355177, 524.2058987115023, 1816.3564093671823, 1328.8784523992754, 1151.9170880730503, 0, 1105.1728508864767, 510.85024030910995]","[0, 0, 0, 0, 0, 0, 0, 0, 1, 1, 1, 1, 1, 1, 2, 2, 2, 2, 2, 2, 2, 3, 3, 3, 4, 4, 4, 5, 5, 5, 5, 6, 6, 6, 7, 7, 7, 7, 7, 8, 8, 8, 8, 8, 8, 8, 8, 9, 9, 9, 9, 9, 10, 10, 10, 10, 11, 11, 11, 12, 12, 12, 12, 12, 12, 13, 13, 13, 13, 13, 13, 14, 14, 14, 14, 15, 15, 15, 15, 15, 16, 16, 16, 17, 17, 17, 18, 18, 18, 18, 18, 19, 19, 20, 20, 20, 20, 20, 20, 21, 21, 21, 22, 22, 22, 22, 22, 22, 22, 23, 23, 23, 23, 23, 23, 24, 24, 24, 25, 26, 26, 26, 26]","[1, 1, 1, 1, 1, 1, 1, 3, 2, 2, 2, 2, 2, 2, 3, 3, 4, 5, 8, 8, 8, 9, 11, 12, 12, 12, 12, 14, 14, 16, 17, 18, 21, 20, 21, 22, 25, 24, 26, 26, 26, 28, 26, 27, 27, 27, 28, 28, 33, 31, 31, 34, 35, 35, 35, 39, 40, 42, 43, 42, 43, 44, 44, 44, 45, 45, 46, 47, 49, 48, 51, 52, 53, 54, 55, 54, 55, 57, 56, 58, 58, 58, 58, 59, 64, 61, 62, 62, 63, 71, 64, 64, 65, 67, 68, 68, 68, 71, 70, 71, 74, 72, 72, 75, 74, 74, 75, 78, 78, 82, 80, 81, 81, 82, 84, 83, 84, 85, 87, 85, 85, 85, 86]","[21, 5, 26, 12, 8, 8, 20, 15, 11, 19, 8, 9, 4, 26, 11, 11, 14, 12, 26, 27, 25, 35, 33, 31, 14, 27, 26, 18, 17, 24, 21, 28, 28, 24, 35, 45, 34, 27, 54, 42, 43, 44, 42, 30, 42, 31, 53, 53, 48, 43, 40, 54, 52, 39, 46, 45, 57, 68, 72, 58, 44, 64, 48, 72, 46, 51, 55, 56, 56, 58, 57, 59, 61, 81, 70, 64, 63, 64, 61, 62, 62, 65, 73, 67, 80, 68, 70, 68, 85, 75, 68, 82, 85, 74, 72, 75, 86, 77, 72, 80, 86, -1, 83, -1, 84, 84, 80, -1, 83, -1, 84, -1, 85, -1, -1, -1, -1, -1, -1, -1, -1, -1, -1]","[0, 0, 0, 0, 0, 0, 0, 0, 0, 0, 0, 0, 0, 0, 0, 0, 0, 0, 0, 0, 0, 0, 0, 0, 0, 0, 0, 0, 0, 0, 0, 0, 0, 0, 0, 0, 0, 0, 0, 0, 0, 0, 0, 0, 0, 0, 0, 0, 0, 0, 0, 0, 0, 0, 0, 0, 0, 0, 0, 0, 0, 0, 0, 0, 0, 0, 0, 0, 0, 0, 0, 0, 0, 0, 0, 0, 0, 0, 0, 0, 0, 0, 0, 0, 0, 0, 0, 0, 0, 0, 0, 0, 0, 0, 0, 0, 0, 0, 0, 0, 0, 4029.0, 0, 4029.0, 0, 0, 0, 2286.2144748628916, 0, 4029.0, 0, 4958.825199629955, 0, 1742.7855251371084, 2701.1601012918254, 1407.3387614169492, 996.9750246107513, 2667.253084529036, 4029.0, 1624.6862139722994, -929.8251996299555, 1327.8398987081746, 1361.7469154709638]","[0, 0, 0, 0, 0, 0, 0, 0, 0, 0, 0, 0, 0, 0, 0, 0, 0, 0, 0, 0, 0, 0, 0, 0, 0, 0, 0, 0, 0, 0, 0, 0, 0, 0, 0, 0, 0, 0, 0, 0, 0, 0, 0, 0, 0, 0, 0, 0, 0, 0, 0, 0, 0, 0, 0, 0, 0, 0, 0, 0, 0, 0, 0, 0, 0, 0, 0, 0, 0, 0, 0, 0, 0, 0, 0, 0, 0, 0, 0, 0, 0, 0, 0, 0, 0, 0, 0, 0, 0, 0, 0, 0, 0, 0, 0, 0, 0, 0, 0, 0, 0, (1644.1666, 0.15380000000000002, 0.6252666666666667), 0, (218.1036, 0.009333333333333334, 0.010666666666666666), 0, 0, 0, (46.1372, 0.21906666666666663, 0.0013333333333333333), 0, (333.44686666666666, 0.9099333333333333, 0.8626), 0, (1269.4758, 0.3529333333333333, 0.49439999999999995), 0, (248.8618, 0.0033333333333333335, 0.0014), (332.7478, 0.012333333333333335, 0.0056), (92.2746, 0.5394, 0.44333333333333325), (462.072, 0.012733333333333333, 0.18913333333333332), (226.49179999999998, 0.6, 0.19540000000000002), (328.5534, 0.0005333333333333334, 0.0006), (75.49719999999999, 0.0003333333333333333, 0.0014), (93.3228, 0.018333333333333333, 0.014133333333333333), (128.6252, 0.0032, 0.0014), (47.5354, 0.004533333333333333, 0.00013333333333333334)]","[0, 0, 0, 0, 0, 0, 0, 0, 0, 0, 0, 0, 0, 0, 0, 0, 0, 0, 0, 0, 0, 0, 0, 0, 0, 0, 0, 0, 0, 0, 0, 0, 0, 0, 0, 0, 0, 0, 0, 0, 0, 0, 0, 0, 0, 0, 0, 0, 0, 0, 0, 0, 0, 0, 0, 0, 0, 0, 0, 0, 0, 0, 0, 0, 0, 0, 0, 0, 0, 0, 0, 0, 0, 0, 0, 0, 0, 0, 0, 0, 0, 0, 0, 0, 0, 0, 0, 0, 0, 0, 0, 0, 0, 0, 0, 0, 0, 0, 0, 0, 0, (3, 5e-05, 0.16941111111111112), 0, (2, 0.0, 0.002655555555555556), 0, 0, 0, (1, 0.0, 0.05315555555555555), 0, (1, 0.0, 0.004088888888888889), 0, (3, 0.1731833333333333, 0.38794999999999996), 0, (3, 0.0, 0.0008222222222222222), (3, 0.0, 0.021144444444444445), (1, 0.0, 0.0022722222222222224), (2, 0.07893333333333334, 0.003822222222222222), (3, 0.00016666666666666666, 0.37338333333333334), (3, 0.06125, 0.025472222222222222), (1, 0.0, 0.0005611111111111111), (1, 0.0, 0.0557), (3, 0.0, 0.0005555555555555557), (2, 0.0, 0.0011222222222222222)]","[-1, -1, -1, -1, -1, -1, -1, -1, -1, -1, -1, -1, -1, -1, -1, -1, -1, -1, -1, -1, -1, -1, -1, -1, -1, -1, -1, -1, -1, -1, -1, -1, -1, -1, -1, -1, -1, -1, -1, -1, -1, -1, -1, -1, -1, -1, -1, -1, -1, -1, -1, -1, -1, -1, -1, -1, -1, -1, -1, -1, -1, -1, -1, -1, -1, -1, -1, -1, -1, -1, -1, -1, -1, -1, -1, -1, -1, -1, -1, -1, -1, -1, -1, -1, -1, -1, -1, -1, -1, -1, -1, -1, -1, -1, -1, -1, -1, -1, -1, -1, -1, 14, -1, 6, -1, -1, -1, 8, -1, 3, -1, 11, -1, 8, 2, 7, 7, 4, 9, 7, 11, 2, 4]","[False, False, False, False, False, False, False, False, False, False, False, False, False, False, False, False, False, False, False, False, False, False, False, False, False, False, False, False, False, False, False, False, False, False, False, False, False, False, False, False, False, False, False, False, False, False, False, False, False, False, False, False, False, False, False, False, False, False, False, False, False, False, False, False, False, False, False, False, False, False, False, False, False, False, False, False, False, False, False, False, False, False, False, False, False, False, False, False, False, False, False, False, False, False, False, False, False, False, False, False, False, True, False, True, False, False, False, True, False, True, False, True, False, True, True, True, True, True, True, True, True, True, True]"
89,"[0, 0, 0, 0, 0, 0, 0, 0, 0, 0, 0, 0, 0, 0, 0, 0, 0, 0, 0, 0, 0, 0, 0, 0, 0, 0, 0, 0, 0, 0, 0, 0, 0, 0, 0, 0, 0, 0, 0, 0, 0, 0, 0, 0, 0, 0, 0, 0, 0, 0, 0, 0, 0, 0, 0, 0, 0, 0, 0, 0, 0, 0, 0, 0, 0, 0, 0, 0, 0, 0, 0, 0, 0, 0, 0, 0, 0, 0, 0, 0, 0, 0, 0, 0, 0, 0, 0, 0, 0, 0, 0, 0, 0, 0, 0, 0, 0, 0, 0, 0, 0, 4726.09725342664, 0, 2423.947650729814, 0, 0, 0, 1607.5971183171898, 0, 732.8213619215522, 0, 4252.576912042853, 0, 1061.76727064018, 2629.1197031285333, 1284.662387870362, 447.41140399580445, 2230.3788262082307, 2050.0788185255155, 1168.6115386248337, 0, 1078.4617245810634, 510.85024030910995, 1646.6233023008167, 517.5280212281833]","[0, 0, 0, 0, 0, 0, 0, 0, 1, 1, 1, 1, 1, 1, 2, 2, 2, 2, 2, 2, 2, 3, 3, 3, 4, 4, 4, 5, 5, 5, 5, 6, 6, 6, 7, 7, 7, 7, 7, 8, 8, 8, 8, 8, 8, 8, 8, 9, 9, 9, 9, 9, 10, 10, 10, 10, 11, 11, 11, 12, 12, 12, 12, 12, 12, 13, 13, 13, 13, 13, 13, 14, 14, 14, 14, 15, 15, 15, 15, 15, 16, 16, 16, 17, 17, 17, 18, 18, 18, 18, 18, 19, 19, 20, 20, 20, 20, 20, 20, 21, 21, 21, 22, 22, 22, 22, 22, 22, 22, 23, 23, 23, 23, 23, 23, 24, 24, 24, 25, 26, 26, 26, 26, 26, 26]","[1, 1, 1, 1, 1, 1, 1, 3, 2, 2, 2, 2, 2, 2, 3, 3, 4, 5, 8, 8, 8, 9, 11, 12, 12, 12, 12, 14, 14, 16, 17, 18, 21, 20, 21, 22, 25, 24, 26, 26, 26, 28, 26, 27, 27, 27, 28, 28, 33, 31, 31, 34, 35, 35, 35, 39, 40, 42, 43, 42, 43, 44, 44, 44, 45, 45, 46, 47, 49, 48, 51, 52, 53, 54, 55, 54, 55, 57, 56, 58, 58, 58, 58, 59, 64, 61, 62, 62, 63, 71, 64, 64, 65, 67, 68, 68, 68, 71, 70, 71, 74, 72, 72, 75, 74, 74, 75, 78, 78, 82, 80, 81, 81, 82, 84, 83, 84, 85, 87, 85, 85, 85, 86, 89, 89]","[21, 5, 26, 12, 8, 8, 20, 15, 11, 19, 8, 9, 4, 26, 11, 11, 14, 12, 26, 27, 25, 35, 33, 31, 14, 27, 26, 18, 17, 24, 21, 28, 28, 24, 35, 45, 34, 27, 54, 42, 43, 44, 42, 30, 42, 31, 53, 53, 48, 43, 40, 54, 52, 39, 46, 45, 57, 68, 72, 58, 44, 64, 48, 72, 46, 51, 55, 56, 56, 58, 57, 59, 61, 81, 70, 64, 63, 64, 61, 62, 62, 65, 73, 67, 80, 68, 70, 68, 85, 75, 68, 82, 85, 74, 72, 75, 86, 77, 72, 80, 86, -1, 83, -1, 84, 84, 80, -1, 83, -1, 84, -1, 85, -1, -1, -1, -1, -1, -1, -1, 89, -1, -1, -1, -1]","[0, 0, 0, 0, 0, 0, 0, 0, 0, 0, 0, 0, 0, 0, 0, 0, 0, 0, 0, 0, 0, 0, 0, 0, 0, 0, 0, 0, 0, 0, 0, 0, 0, 0, 0, 0, 0, 0, 0, 0, 0, 0, 0, 0, 0, 0, 0, 0, 0, 0, 0, 0, 0, 0, 0, 0, 0, 0, 0, 0, 0, 0, 0, 0, 0, 0, 0, 0, 0, 0, 0, 0, 0, 0, 0, 0, 0, 0, 0, 0, 0, 0, 0, 0, 0, 0, 0, 0, 0, 0, 0, 0, 0, 0, 0, 0, 0, 0, 0, 0, 0, 4029.0, 0, 4029.0, 0, 0, 0, 2287.4149238385053, 0, 4029.0, 0, 4029.0, 0, 1741.5850761614952, 2789.828989273735, 1660.7672777066953, 823.5162938321378, 2874.2642929495605, 2780.775398648666, 1544.716428461167, 0, 1239.171010726265, 1154.7357070504397, 4029.0, 1248.224601351334]","[0, 0, 0, 0, 0, 0, 0, 0, 0, 0, 0, 0, 0, 0, 0, 0, 0, 0, 0, 0, 0, 0, 0, 0, 0, 0, 0, 0, 0, 0, 0, 0, 0, 0, 0, 0, 0, 0, 0, 0, 0, 0, 0, 0, 0, 0, 0, 0, 0, 0, 0, 0, 0, 0, 0, 0, 0, 0, 0, 0, 0, 0, 0, 0, 0, 0, 0, 0, 0, 0, 0, 0, 0, 0, 0, 0, 0, 0, 0, 0, 0, 0, 0, 0, 0, 0, 0, 0, 0, 0, 0, 0, 0, 0, 0, 0, 0, 0, 0, 0, 0, (1434.4516, 0.22206666666666663, 0.8742666666666667), 0, (134.2176, 0.009266666666666668, 0.010666666666666666), 0, 0, 0, (32.15606666666666, 0.22213333333333332, 0.0012666666666666666), 0, (199.92773333333332, 0.9031333333333333, 0.010666666666666666), 0, (1974.1186, 0.14053333333333334, 0.48906666666666665), 0, (139.81, 0.0034, 0.0014), (377.487, 0.011333333333333336, 0.0054), (226.49220000000003, 0.5299333333333333, 0.43666666666666676), (442.4987333333333, 0.0128, 0.18926666666666667), (209.7148, 0.7276, 0.23566666666666664), (298.49406666666664, 0.0016666666666666668, 0.005466666666666667), (77.5942, 0.00046666666666666666, 0.0014), 0, (134.2176, 0.0033333333333333335, 0.0014), (55.924, 0.004733333333333333, 6.666666666666668e-05), (125.829, 0.9397333333333332, 0.7602666666666668), (58.7202, 0.004733333333333333, 0.00013333333333333334)]","[0, 0, 0, 0, 0, 0, 0, 0, 0, 0, 0, 0, 0, 0, 0, 0, 0, 0, 0, 0, 0, 0, 0, 0, 0, 0, 0, 0, 0, 0, 0, 0, 0, 0, 0, 0, 0, 0, 0, 0, 0, 0, 0, 0, 0, 0, 0, 0, 0, 0, 0, 0, 0, 0, 0, 0, 0, 0, 0, 0, 0, 0, 0, 0, 0, 0, 0, 0, 0, 0, 0, 0, 0, 0, 0, 0, 0, 0, 0, 0, 0, 0, 0, 0, 0, 0, 0, 0, 0, 0, 0, 0, 0, 0, 0, 0, 0, 0, 0, 0, 0, (3, 0.0001, 0.21292777777777777), 0, (2, 0.0, 0.0023833333333333337), 0, 0, 0, (1, 0.0, 0.05301111111111111), 0, (1, 0.0, 0.005077777777777777), 0, (3, 1.666666666666667e-05, 0.31198333333333333), 0, (3, 0.0, 0.0006222222222222223), (3, 0.0, 0.030616666666666664), (1, 0.0007666666666666667, 0.00215), (2, 0.058866666666666664, 0.003477777777777778), (3, 0.00021666666666666668, 0.5190777777777777), (3, 0.0008666666666666667, 0.016138888888888887), (1, 0.0, 0.001627777777777778), 0, (3, 0.0, 0.0007111111111111111), (2, 0.0, 0.0010555555555555555), (2, 0.0, 0.009888888888888888), (2, 0.0, 0.0010944444444444443)]","[-1, -1, -1, -1, -1, -1, -1, -1, -1, -1, -1, -1, -1, -1, -1, -1, -1, -1, -1, -1, -1, -1, -1, -1, -1, -1, -1, -1, -1, -1, -1, -1, -1, -1, -1, -1, -1, -1, -1, -1, -1, -1, -1, -1, -1, -1, -1, -1, -1, -1, -1, -1, -1, -1, -1, -1, -1, -1, -1, -1, -1, -1, -1, -1, -1, -1, -1, -1, -1, -1, -1, -1, -1, -1, -1, -1, -1, -1, -1, -1, -1, -1, -1, -1, -1, -1, -1, -1, -1, -1, -1, -1, -1, -1, -1, -1, -1, -1, -1, -1, -1, 14, -1, 6, -1, -1, -1, 8, -1, 3, -1, 11, -1, 8, 2, 7, 7, 4, 9, 7, -1, 2, 4, 10, 9]","[False, False, False, False, False, False, False, False, False, False, False, False, False, False, False, False, False, False, False, False, False, False, False, False, False, False, False, False, False, False, False, False, False, False, False, False, False, False, False, False, False, False, False, False, False, False, False, False, False, False, False, False, False, False, False, False, False, False, False, False, False, False, False, False, False, False, False, False, False, False, False, False, False, False, False, False, False, False, False, False, False, False, False, False, False, False, False, False, False, False, False, False, False, False, False, False, False, False, False, False, False, True, False, True, False, False, False, True, False, True, False, True, False, True, True, True, True, True, True, True, False, True, True, True, True]"
90,"[0, 0, 0, 0, 0, 0, 0, 0, 0, 0, 0, 0, 0, 0, 0, 0, 0, 0, 0, 0, 0, 0, 0, 0, 0, 0, 0, 0, 0, 0, 0, 0, 0, 0, 0, 0, 0, 0, 0, 0, 0, 0, 0, 0, 0, 0, 0, 0, 0, 0, 0, 0, 0, 0, 0, 0, 0, 0, 0, 0, 0, 0, 0, 0, 0, 0, 0, 0, 0, 0, 0, 0, 0, 0, 0, 0, 0, 0, 0, 0, 0, 0, 0, 0, 0, 0, 0, 0, 0, 0, 0, 0, 0, 0, 0, 0, 0, 0, 0, 0, 0, 3065.7406717796443, 0, 2423.947650729814, 0, 0, 0, 1917.0664102590001, 0, 0, 0, 3235.722332789209, 0, 1081.80061536924, 2505.879717044383, 931.6027477858978, 340.5668896087467, 1318.8617310662446, 1896.4898516652977, 1165.2726485144767, 0, 1058.4283798520034, 510.85024030910995, 1622.8881916370212, 510.85024030910995]","[0, 0, 0, 0, 0, 0, 0, 0, 1, 1, 1, 1, 1, 1, 2, 2, 2, 2, 2, 2, 2, 3, 3, 3, 4, 4, 4, 5, 5, 5, 5, 6, 6, 6, 7, 7, 7, 7, 7, 8, 8, 8, 8, 8, 8, 8, 8, 9, 9, 9, 9, 9, 10, 10, 10, 10, 11, 11, 11, 12, 12, 12, 12, 12, 12, 13, 13, 13, 13, 13, 13, 14, 14, 14, 14, 15, 15, 15, 15, 15, 16, 16, 16, 17, 17, 17, 18, 18, 18, 18, 18, 19, 19, 20, 20, 20, 20, 20, 20, 21, 21, 21, 22, 22, 22, 22, 22, 22, 22, 23, 23, 23, 23, 23, 23, 24, 24, 24, 25, 26, 26, 26, 26, 26, 26]","[1, 1, 1, 1, 1, 1, 1, 3, 2, 2, 2, 2, 2, 2, 3, 3, 4, 5, 8, 8, 8, 9, 11, 12, 12, 12, 12, 14, 14, 16, 17, 18, 21, 20, 21, 22, 25, 24, 26, 26, 26, 28, 26, 27, 27, 27, 28, 28, 33, 31, 31, 34, 35, 35, 35, 39, 40, 42, 43, 42, 43, 44, 44, 44, 45, 45, 46, 47, 49, 48, 51, 52, 53, 54, 55, 54, 55, 57, 56, 58, 58, 58, 58, 59, 64, 61, 62, 62, 63, 71, 64, 64, 65, 67, 68, 68, 68, 71, 70, 71, 74, 72, 72, 75, 74, 74, 75, 78, 78, 82, 80, 81, 81, 82, 84, 83, 84, 85, 87, 85, 85, 85, 86, 89, 89]","[21, 5, 26, 12, 8, 8, 20, 15, 11, 19, 8, 9, 4, 26, 11, 11, 14, 12, 26, 27, 25, 35, 33, 31, 14, 27, 26, 18, 17, 24, 21, 28, 28, 24, 35, 45, 34, 27, 54, 42, 43, 44, 42, 30, 42, 31, 53, 53, 48, 43, 40, 54, 52, 39, 46, 45, 57, 68, 72, 58, 44, 64, 48, 72, 46, 51, 55, 56, 56, 58, 57, 59, 61, 81, 70, 64, 63, 64, 61, 62, 62, 65, 73, 67, 80, 68, 70, 68, 85, 75, 68, 82, 85, 74, 72, 75, 86, 77, 72, 80, 86, -1, 83, -1, 84, 84, 80, -1, 83, -1, 84, -1, 85, -1, -1, -1, -1, -1, -1, -1, 89, -1, -1, -1, -1]","[0, 0, 0, 0, 0, 0, 0, 0, 0, 0, 0, 0, 0, 0, 0, 0, 0, 0, 0, 0, 0, 0, 0, 0, 0, 0, 0, 0, 0, 0, 0, 0, 0, 0, 0, 0, 0, 0, 0, 0, 0, 0, 0, 0, 0, 0, 0, 0, 0, 0, 0, 0, 0, 0, 0, 0, 0, 0, 0, 0, 0, 0, 0, 0, 0, 0, 0, 0, 0, 0, 0, 0, 0, 0, 0, 0, 0, 0, 0, 0, 0, 0, 0, 0, 0, 0, 0, 0, 0, 0, 0, 0, 0, 0, 0, 0, 0, 0, 0, 0, 0, 4029.0, 0, 4029.0, 0, 0, 0, 2432.1328974448797, 0, 4029.0, 0, 4029.0, 0, 1596.8671025551198, 2738.2256685961897, 1462.1219858161908, 871.0861276390397, 2418.5057453785676, 2707.319805678094, 1695.7918865447696, 0, 1290.77433140381, 1610.4942546214327, 4029.0, 1321.6801943219061]","[0, 0, 0, 0, 0, 0, 0, 0, 0, 0, 0, 0, 0, 0, 0, 0, 0, 0, 0, 0, 0, 0, 0, 0, 0, 0, 0, 0, 0, 0, 0, 0, 0, 0, 0, 0, 0, 0, 0, 0, 0, 0, 0, 0, 0, 0, 0, 0, 0, 0, 0, 0, 0, 0, 0, 0, 0, 0, 0, 0, 0, 0, 0, 0, 0, 0, 0, 0, 0, 0, 0, 0, 0, 0, 0, 0, 0, 0, 0, 0, 0, 0, 0, 0, 0, 0, 0, 0, 0, 0, 0, 0, 0, 0, 0, 0, 0, 0, 0, 0, 0, (1392.5086000000001, 0.1512, 0.6417333333333333), 0, (33.5544, 0.009333333333333334, 0.010466666666666668), 0, 0, 0, (58.719800000000006, 0.34153333333333336, 0.0017333333333333335), 0, (167.77133333333336, 0.8164666666666667, 0.02233333333333333), 0, (1730.8488, 0.18693333333333337, 0.49646666666666667), 0, (204.1226, 0.003466666666666667, 0.0014666666666666665), (321.563, 0.0134, 0.007933333333333334), (204.1226, 0.5370666666666667, 0.4422), (473.9558, 0.00013333333333333334, 0.00013333333333333334), (255.852, 0.40273333333333333, 0.13053333333333333), (294.3, 0.001066666666666667, 0.005466666666666667), (69.2056, 0.00046666666666666666, 0.0013333333333333333), 0, (268.4352, 0.0032666666666666664, 0.0013333333333333333), (58.7202, 0.0046, 6.666666666666668e-05), (139.81, 0.972, 0.7780666666666667), (50.3316, 0.004666666666666667, 0.00013333333333333334)]","[0, 0, 0, 0, 0, 0, 0, 0, 0, 0, 0, 0, 0, 0, 0, 0, 0, 0, 0, 0, 0, 0, 0, 0, 0, 0, 0, 0, 0, 0, 0, 0, 0, 0, 0, 0, 0, 0, 0, 0, 0, 0, 0, 0, 0, 0, 0, 0, 0, 0, 0, 0, 0, 0, 0, 0, 0, 0, 0, 0, 0, 0, 0, 0, 0, 0, 0, 0, 0, 0, 0, 0, 0, 0, 0, 0, 0, 0, 0, 0, 0, 0, 0, 0, 0, 0, 0, 0, 0, 0, 0, 0, 0, 0, 0, 0, 0, 0, 0, 0, 0, (3, 6.666666666666667e-05, 0.11822222222222224), 0, (2, 0.0, 0.0022833333333333334), 0, 0, 0, (1, 0.00016666666666666666, 0.06364444444444443), 0, (1, 0.0, 0.005544444444444444), 0, (3, 1.666666666666667e-05, 0.20562222222222223), 0, (3, 0.0, 0.0008111111111111111), (3, 0.0, 0.017744444444444448), (1, 0.0, 0.004783333333333333), (2, 0.06814999999999999, 0.0033166666666666665), (3, 5e-05, 0.20164999999999994), (3, 0.0002, 0.014294444444444445), (1, 0.0, 0.0005499999999999999), 0, (3, 0.0, 0.00065), (2, 0.0, 0.0010388888888888887), (2, 0.0, 0.011461111111111111), (2, 0.0, 0.0010555555555555557)]","[-1, -1, -1, -1, -1, -1, -1, -1, -1, -1, -1, -1, -1, -1, -1, -1, -1, -1, -1, -1, -1, -1, -1, -1, -1, -1, -1, -1, -1, -1, -1, -1, -1, -1, -1, -1, -1, -1, -1, -1, -1, -1, -1, -1, -1, -1, -1, -1, -1, -1, -1, -1, -1, -1, -1, -1, -1, -1, -1, -1, -1, -1, -1, -1, -1, -1, -1, -1, -1, -1, -1, -1, -1, -1, -1, -1, -1, -1, -1, -1, -1, -1, -1, -1, -1, -1, -1, -1, -1, -1, -1, -1, -1, -1, -1, -1, -1, -1, -1, -1, -1, 14, -1, 6, -1, -1, -1, 8, -1, 3, -1, 11, -1, 8, 2, 7, 7, 4, 9, 7, -1, 2, 4, 10, 9]","[False, False, False, False, False, False, False, False, False, False, False, False, False, False, False, False, False, False, False, False, False, False, False, False, False, False, False, False, False, False, False, False, False, False, False, False, False, False, False, False, False, False, False, False, False, False, False, False, False, False, False, False, False, False, False, False, False, False, False, False, False, False, False, False, False, False, False, False, False, False, False, False, False, False, False, False, False, False, False, False, False, False, False, False, False, False, False, False, False, False, False, False, False, False, False, False, False, False, False, False, False, True, False, True, False, False, False, True, False, True, False, True, False, True, True, True, True, True, True, True, False, True, True, True, True]"
91,"[0, 0, 0, 0, 0, 0, 0, 0, 0, 0, 0, 0, 0, 0, 0, 0, 0, 0, 0, 0, 0, 0, 0, 0, 0, 0, 0, 0, 0, 0, 0, 0, 0, 0, 0, 0, 0, 0, 0, 0, 0, 0, 0, 0, 0, 0, 0, 0, 0, 0, 0, 0, 0, 0, 0, 0, 0, 0, 0, 0, 0, 0, 0, 0, 0, 0, 0, 0, 0, 0, 0, 0, 0, 0, 0, 0, 0, 0, 0, 0, 0, 0, 0, 0, 0, 0, 0, 0, 0, 0, 0, 0, 0, 0, 0, 0, 0, 0, 0, 0, 0, 0, 0, 2394.2787688359367, 0, 0, 0, 2037.56772747528, 0, 0, 0, 2452.592537423716, 0, 1075.1228337928867, 2519.573048831511, 937.5365232495022, 510.85033441312004, 1425.7062257349019, 2227.0400194731583, 1178.6282089559033, 0, 1075.1228337928867, 510.85024030910995, 1578.3848591424044, 510.85024030910995, 590.9835929581135]","[0, 0, 0, 0, 0, 0, 0, 0, 1, 1, 1, 1, 1, 1, 2, 2, 2, 2, 2, 2, 2, 3, 3, 3, 4, 4, 4, 5, 5, 5, 5, 6, 6, 6, 7, 7, 7, 7, 7, 8, 8, 8, 8, 8, 8, 8, 8, 9, 9, 9, 9, 9, 10, 10, 10, 10, 11, 11, 11, 12, 12, 12, 12, 12, 12, 13, 13, 13, 13, 13, 13, 14, 14, 14, 14, 15, 15, 15, 15, 15, 16, 16, 16, 17, 17, 17, 18, 18, 18, 18, 18, 19, 19, 20, 20, 20, 20, 20, 20, 21, 21, 21, 22, 22, 22, 22, 22, 22, 22, 23, 23, 23, 23, 23, 23, 24, 24, 24, 25, 26, 26, 26, 26, 26, 26, 27]","[1, 1, 1, 1, 1, 1, 1, 3, 2, 2, 2, 2, 2, 2, 3, 3, 4, 5, 8, 8, 8, 9, 11, 12, 12, 12, 12, 14, 14, 16, 17, 18, 21, 20, 21, 22, 25, 24, 26, 26, 26, 28, 26, 27, 27, 27, 28, 28, 33, 31, 31, 34, 35, 35, 35, 39, 40, 42, 43, 42, 43, 44, 44, 44, 45, 45, 46, 47, 49, 48, 51, 52, 53, 54, 55, 54, 55, 57, 56, 58, 58, 58, 58, 59, 64, 61, 62, 62, 63, 71, 64, 64, 65, 67, 68, 68, 68, 71, 70, 71, 74, 72, 72, 75, 74, 74, 75, 78, 78, 82, 80, 81, 81, 82, 84, 83, 84, 85, 87, 85, 85, 85, 86, 89, 89, 91]","[21, 5, 26, 12, 8, 8, 20, 15, 11, 19, 8, 9, 4, 26, 11, 11, 14, 12, 26, 27, 25, 35, 33, 31, 14, 27, 26, 18, 17, 24, 21, 28, 28, 24, 35, 45, 34, 27, 54, 42, 43, 44, 42, 30, 42, 31, 53, 53, 48, 43, 40, 54, 52, 39, 46, 45, 57, 68, 72, 58, 44, 64, 48, 72, 46, 51, 55, 56, 56, 58, 57, 59, 61, 81, 70, 64, 63, 64, 61, 62, 62, 65, 73, 67, 80, 68, 70, 68, 85, 75, 68, 82, 85, 74, 72, 75, 86, 77, 72, 80, 86, -1, 83, -1, 84, 84, 80, -1, 83, 91, 84, -1, 85, -1, -1, -1, -1, -1, -1, -1, 89, -1, -1, -1, -1, -1]","[0, 0, 0, 0, 0, 0, 0, 0, 0, 0, 0, 0, 0, 0, 0, 0, 0, 0, 0, 0, 0, 0, 0, 0, 0, 0, 0, 0, 0, 0, 0, 0, 0, 0, 0, 0, 0, 0, 0, 0, 0, 0, 0, 0, 0, 0, 0, 0, 0, 0, 0, 0, 0, 0, 0, 0, 0, 0, 0, 0, 0, 0, 0, 0, 0, 0, 0, 0, 0, 0, 0, 0, 0, 0, 0, 0, 0, 0, 0, 0, 0, 0, 0, 0, 0, 0, 0, 0, 0, 0, 0, 0, 0, 0, 0, 0, 0, 0, 0, 0, 0, 4029.0, 0, 4029.0, 0, 0, 0, 2495.722446841197, 0, 0, 0, 4029.0, 0, 1533.2775531588034, 2736.725107519312, 1404.8648343766604, 978.1786455402782, 2471.927992712896, 2872.5948895820243, 1645.9565200830616, 0, 1292.2748924806876, 1557.072007287104, 4029.0, 1156.405110417976, 4029.0]","[0, 0, 0, 0, 0, 0, 0, 0, 0, 0, 0, 0, 0, 0, 0, 0, 0, 0, 0, 0, 0, 0, 0, 0, 0, 0, 0, 0, 0, 0, 0, 0, 0, 0, 0, 0, 0, 0, 0, 0, 0, 0, 0, 0, 0, 0, 0, 0, 0, 0, 0, 0, 0, 0, 0, 0, 0, 0, 0, 0, 0, 0, 0, 0, 0, 0, 0, 0, 0, 0, 0, 0, 0, 0, 0, 0, 0, 0, 0, 0, 0, 0, 0, 0, 0, 0, 0, 0, 0, 0, 0, 0, 0, 0, 0, 0, 0, 0, 0, 0, 0, (1632.9818, 0.3732, 0.7381333333333333), 0, (100.6632, 0.009266666666666668, 0.010733333333333333), 0, 0, 0, (29.3598, 0.5571333333333334, 0.0044), 0, 0, 0, (1356.158, 0.1402, 0.49906666666666666), 0, (181.753, 0.0032, 0.0012666666666666666), (343.9326, 0.013333333333333336, 0.0074666666666666675), (131.4214, 0.5352666666666668, 0.49666666666666676), (501.219, 0.012666666666666665, 0.18913333333333332), (213.9092, 0.46873333333333334, 0.15180000000000002), (234.18133333333338, 0.0016666666666666668, 0.0016), (82.4876, 0.0007333333333333332, 0.002), 0, (248.8618, 0.0033333333333333335, 0.0014), (8.3886, 0.0046, 6.666666666666668e-05), (184.5492, 0.9548666666666666, 0.7652666666666668), (47.5354, 0.004533333333333333, 0.00013333333333333334), (265.6387333333333, 0.05313333333333333, 0.031266666666666665)]","[0, 0, 0, 0, 0, 0, 0, 0, 0, 0, 0, 0, 0, 0, 0, 0, 0, 0, 0, 0, 0, 0, 0, 0, 0, 0, 0, 0, 0, 0, 0, 0, 0, 0, 0, 0, 0, 0, 0, 0, 0, 0, 0, 0, 0, 0, 0, 0, 0, 0, 0, 0, 0, 0, 0, 0, 0, 0, 0, 0, 0, 0, 0, 0, 0, 0, 0, 0, 0, 0, 0, 0, 0, 0, 0, 0, 0, 0, 0, 0, 0, 0, 0, 0, 0, 0, 0, 0, 0, 0, 0, 0, 0, 0, 0, 0, 0, 0, 0, 0, 0, (3, 0.09808333333333331, 0.2580777777777778), 0, (2, 0.0, 0.002338888888888889), 0, 0, 0, (1, 0.00015, 0.1132611111111111), 0, 0, 0, (3, 8.333333333333333e-05, 0.11315), 0, (3, 0.0, 0.00046111111111111103), (3, 0.0, 0.017083333333333332), (1, 1.666666666666667e-05, 0.0021166666666666664), (2, 0.08508333333333333, 0.0030222222222222226), (3, 3.3333333333333335e-05, 0.2765777777777778), (3, 0.0006666666666666666, 0.02163888888888889), (1, 0.0, 0.0005722222222222222), 0, (3, 0.0, 0.0008222222222222222), (2, 0.0, 0.00105), (2, 1.666666666666667e-05, 0.010605555555555557), (2, 0.0, 0.0011222222222222222), (3, 0.0, 0.006316666666666667)]","[-1, -1, -1, -1, -1, -1, -1, -1, -1, -1, -1, -1, -1, -1, -1, -1, -1, -1, -1, -1, -1, -1, -1, -1, -1, -1, -1, -1, -1, -1, -1, -1, -1, -1, -1, -1, -1, -1, -1, -1, -1, -1, -1, -1, -1, -1, -1, -1, -1, -1, -1, -1, -1, -1, -1, -1, -1, -1, -1, -1, -1, -1, -1, -1, -1, -1, -1, -1, -1, -1, -1, -1, -1, -1, -1, -1, -1, -1, -1, -1, -1, -1, -1, -1, -1, -1, -1, -1, -1, -1, -1, -1, -1, -1, -1, -1, -1, -1, -1, -1, -1, 14, -1, 6, -1, -1, -1, 8, -1, -1, -1, 11, -1, 8, 2, 7, 7, 4, 9, 7, -1, 2, 4, 10, 9, 15]","[False, False, False, False, False, False, False, False, False, False, False, False, False, False, False, False, False, False, False, False, False, False, False, False, False, False, False, False, False, False, False, False, False, False, False, False, False, False, False, False, False, False, False, False, False, False, False, False, False, False, False, False, False, False, False, False, False, False, False, False, False, False, False, False, False, False, False, False, False, False, False, False, False, False, False, False, False, False, False, False, False, False, False, False, False, False, False, False, False, False, False, False, False, False, False, False, False, False, False, False, False, True, False, True, False, False, False, True, False, False, False, True, False, True, True, True, True, True, True, True, False, True, True, True, True, True]"
92,"[0, 0, 0, 0, 0, 0, 0, 0, 0, 0, 0, 0, 0, 0, 0, 0, 0, 0, 0, 0, 0, 0, 0, 0, 0, 0, 0, 0, 0, 0, 0, 0, 0, 0, 0, 0, 0, 0, 0, 0, 0, 0, 0, 0, 0, 0, 0, 0, 0, 0, 0, 0, 0, 0, 0, 0, 0, 0, 0, 0, 0, 0, 0, 0, 0, 0, 0, 0, 0, 0, 0, 0, 0, 0, 0, 0, 0, 0, 0, 0, 0, 0, 0, 0, 0, 0, 0, 0, 0, 0, 0, 0, 0, 0, 0, 0, 0, 0, 0, 0, 0, 0, 0, 2376.47743969961, 0, 0, 0, 1878.7250820538202, 0, 0, 0, 2677.21116090064, 0, 1085.1395061574167, 2440.1517244661704, 940.5034109813047, 550.9170273082667, 2036.723179621289, 1766.2731188925045, 1165.2726485144767, 0, 1061.76727064018, 517.5280212281833, 1622.8881916370212, 510.85024030910995, 580.9669218910268, 501.40426599866777]","[0, 0, 0, 0, 0, 0, 0, 0, 1, 1, 1, 1, 1, 1, 2, 2, 2, 2, 2, 2, 2, 3, 3, 3, 4, 4, 4, 5, 5, 5, 5, 6, 6, 6, 7, 7, 7, 7, 7, 8, 8, 8, 8, 8, 8, 8, 8, 9, 9, 9, 9, 9, 10, 10, 10, 10, 11, 11, 11, 12, 12, 12, 12, 12, 12, 13, 13, 13, 13, 13, 13, 14, 14, 14, 14, 15, 15, 15, 15, 15, 16, 16, 16, 17, 17, 17, 18, 18, 18, 18, 18, 19, 19, 20, 20, 20, 20, 20, 20, 21, 21, 21, 22, 22, 22, 22, 22, 22, 22, 23, 23, 23, 23, 23, 23, 24, 24, 24, 25, 26, 26, 26, 26, 26, 26, 27, 27]","[1, 1, 1, 1, 1, 1, 1, 3, 2, 2, 2, 2, 2, 2, 3, 3, 4, 5, 8, 8, 8, 9, 11, 12, 12, 12, 12, 14, 14, 16, 17, 18, 21, 20, 21, 22, 25, 24, 26, 26, 26, 28, 26, 27, 27, 27, 28, 28, 33, 31, 31, 34, 35, 35, 35, 39, 40, 42, 43, 42, 43, 44, 44, 44, 45, 45, 46, 47, 49, 48, 51, 52, 53, 54, 55, 54, 55, 57, 56, 58, 58, 58, 58, 59, 64, 61, 62, 62, 63, 71, 64, 64, 65, 67, 68, 68, 68, 71, 70, 71, 74, 72, 72, 75, 74, 74, 75, 78, 78, 82, 80, 81, 81, 82, 84, 83, 84, 85, 87, 85, 85, 85, 86, 89, 89, 91, 92]","[21, 5, 26, 12, 8, 8, 20, 15, 11, 19, 8, 9, 4, 26, 11, 11, 14, 12, 26, 27, 25, 35, 33, 31, 14, 27, 26, 18, 17, 24, 21, 28, 28, 24, 35, 45, 34, 27, 54, 42, 43, 44, 42, 30, 42, 31, 53, 53, 48, 43, 40, 54, 52, 39, 46, 45, 57, 68, 72, 58, 44, 64, 48, 72, 46, 51, 55, 56, 56, 58, 57, 59, 61, 81, 70, 64, 63, 64, 61, 62, 62, 65, 73, 67, 80, 68, 70, 68, 85, 75, 68, 82, 85, 74, 72, 75, 86, 77, 72, 80, 86, 92, 83, -1, 84, 84, 80, -1, 83, 91, 84, -1, 85, -1, -1, -1, -1, -1, -1, -1, 89, -1, -1, -1, -1, -1, -1]","[0, 0, 0, 0, 0, 0, 0, 0, 0, 0, 0, 0, 0, 0, 0, 0, 0, 0, 0, 0, 0, 0, 0, 0, 0, 0, 0, 0, 0, 0, 0, 0, 0, 0, 0, 0, 0, 0, 0, 0, 0, 0, 0, 0, 0, 0, 0, 0, 0, 0, 0, 0, 0, 0, 0, 0, 0, 0, 0, 0, 0, 0, 0, 0, 0, 0, 0, 0, 0, 0, 0, 0, 0, 0, 0, 0, 0, 0, 0, 0, 0, 0, 0, 0, 0, 0, 0, 0, 0, 0, 0, 0, 0, 0, 0, 0, 0, 0, 0, 0, 0, 0, 0, 4029.0, 0, 0, 0, 2066.635463983852, 0, 0, 0, 4029.0, 0, 1273.0498880874486, 2703.6922269129955, 1397.9390487132887, 1008.3526650402507, 2774.097579196553, 2642.2114392916974, 1622.7082862464606, 0, 1325.3077730870048, 1254.902420803447, 4029.0, 1386.7885607083028, 4029.0, 689.3146479286996]","[0, 0, 0, 0, 0, 0, 0, 0, 0, 0, 0, 0, 0, 0, 0, 0, 0, 0, 0, 0, 0, 0, 0, 0, 0, 0, 0, 0, 0, 0, 0, 0, 0, 0, 0, 0, 0, 0, 0, 0, 0, 0, 0, 0, 0, 0, 0, 0, 0, 0, 0, 0, 0, 0, 0, 0, 0, 0, 0, 0, 0, 0, 0, 0, 0, 0, 0, 0, 0, 0, 0, 0, 0, 0, 0, 0, 0, 0, 0, 0, 0, 0, 0, 0, 0, 0, 0, 0, 0, 0, 0, 0, 0, 0, 0, 0, 0, 0, 0, 0, 0, 0, 0, (117.4404, 0.0092, 0.0106), 0, 0, 0, (50.3314, 0.34666666666666673, 0.0016666666666666668), 0, 0, 0, (1227.5328, 0.18566666666666662, 0.4779333333333333), 0, (109.0518, 0.003533333333333333, 0.0013333333333333333), (478.1502, 0.012199999999999999, 0.007066666666666666), (109.0518, 0.5446, 0.4834), (447.39213333333333, 0.013266666666666668, 0.18946666666666667), (212.51093333333333, 0.6914, 0.224), (242.57, 0.0003333333333333333, 0.0004), (81.08953333333334, 0.0002666666666666667, 0.001), 0, (139.81, 0.0034, 0.0014), (22.3696, 0.004533333333333333, 6.666666666666668e-05), (131.4214, 0.9578666666666666, 0.7716000000000001), (55.924, 0.004733333333333333, 6.666666666666668e-05), (272.62933333333325, 0.053200000000000004, 0.03573333333333333), (0.0, 0.0048, 6.666666666666668e-05)]","[0, 0, 0, 0, 0, 0, 0, 0, 0, 0, 0, 0, 0, 0, 0, 0, 0, 0, 0, 0, 0, 0, 0, 0, 0, 0, 0, 0, 0, 0, 0, 0, 0, 0, 0, 0, 0, 0, 0, 0, 0, 0, 0, 0, 0, 0, 0, 0, 0, 0, 0, 0, 0, 0, 0, 0, 0, 0, 0, 0, 0, 0, 0, 0, 0, 0, 0, 0, 0, 0, 0, 0, 0, 0, 0, 0, 0, 0, 0, 0, 0, 0, 0, 0, 0, 0, 0, 0, 0, 0, 0, 0, 0, 0, 0, 0, 0, 0, 0, 0, 0, 0, 0, (2, 0.0, 0.0023166666666666665), 0, 0, 0, (1, 0.002466666666666667, 0.06152777777777777), 0, 0, 0, (3, 3.3333333333333335e-05, 0.15232222222222222), 0, (3, 0.0, 0.0006333333333333333), (3, 0.0009, 0.02215), (1, 0.0, 0.002838888888888889), (2, 0.07923333333333334, 0.004383333333333332), (3, 0.0002333333333333333, 0.49188333333333323), (3, 6.666666666666667e-05, 0.009744444444444444), (1, 0.0, 0.000538888888888889), 0, (3, 0.0, 0.0006222222222222223), (2, 0.0, 0.0010722222222222222), (2, 0.0, 0.010555555555555558), (2, 0.0, 0.0010555555555555555), (3, 0.0, 0.0011611111111111112), (2, 0.0, 0.0013222222222222222)]","[-1, -1, -1, -1, -1, -1, -1, -1, -1, -1, -1, -1, -1, -1, -1, -1, -1, -1, -1, -1, -1, -1, -1, -1, -1, -1, -1, -1, -1, -1, -1, -1, -1, -1, -1, -1, -1, -1, -1, -1, -1, -1, -1, -1, -1, -1, -1, -1, -1, -1, -1, -1, -1, -1, -1, -1, -1, -1, -1, -1, -1, -1, -1, -1, -1, -1, -1, -1, -1, -1, -1, -1, -1, -1, -1, -1, -1, -1, -1, -1, -1, -1, -1, -1, -1, -1, -1, -1, -1, -1, -1, -1, -1, -1, -1, -1, -1, -1, -1, -1, -1, -1, -1, 6, -1, -1, -1, 8, -1, -1, -1, 11, -1, 8, 2, 7, 7, 4, 9, 7, -1, 2, 4, 10, 9, 15, 8]","[False, False, False, False, False, False, False, False, False, False, False, False, False, False, False, False, False, False, False, False, False, False, False, False, False, False, False, False, False, False, False, False, False, False, False, False, False, False, False, False, False, False, False, False, False, False, False, False, False, False, False, False, False, False, False, False, False, False, False, False, False, False, False, False, False, False, False, False, False, False, False, False, False, False, False, False, False, False, False, False, False, False, False, False, False, False, False, False, False, False, False, False, False, False, False, False, False, False, False, False, False, False, False, True, False, False, False, True, False, False, False, True, False, True, True, True, True, True, True, True, False, True, True, True, True, True, True]"
93,"[0, 0, 0, 0, 0, 0, 0, 0, 0, 0, 0, 0, 0, 0, 0, 0, 0, 0, 0, 0, 0, 0, 0, 0, 0, 0, 0, 0, 0, 0, 0, 0, 0, 0, 0, 0, 0, 0, 0, 0, 0, 0, 0, 0, 0, 0, 0, 0, 0, 0, 0, 0, 0, 0, 0, 0, 0, 0, 0, 0, 0, 0, 0, 0, 0, 0, 0, 0, 0, 0, 0, 0, 0, 0, 0, 0, 0, 0, 0, 0, 0, 0, 0, 0, 0, 0, 0, 0, 0, 0, 0, 0, 0, 0, 0, 0, 0, 0, 0, 0, 0, 0, 0, 2382.4112160783857, 0, 0, 0, 1700.71177252977, 0, 0, 0, 6028.278192232053, 0, 1071.7839430047102, 2429.1970590364676, 967.2054005675245, 507.51144333852443, 1769.6119429496443, 1993.317678598913, 1158.5948682937635, 0, 1081.80061536924, 544.2391449044768, 1596.1861921402513, 510.85024030910995, 0, 498.43737685074666]","[0, 0, 0, 0, 0, 0, 0, 0, 1, 1, 1, 1, 1, 1, 2, 2, 2, 2, 2, 2, 2, 3, 3, 3, 4, 4, 4, 5, 5, 5, 5, 6, 6, 6, 7, 7, 7, 7, 7, 8, 8, 8, 8, 8, 8, 8, 8, 9, 9, 9, 9, 9, 10, 10, 10, 10, 11, 11, 11, 12, 12, 12, 12, 12, 12, 13, 13, 13, 13, 13, 13, 14, 14, 14, 14, 15, 15, 15, 15, 15, 16, 16, 16, 17, 17, 17, 18, 18, 18, 18, 18, 19, 19, 20, 20, 20, 20, 20, 20, 21, 21, 21, 22, 22, 22, 22, 22, 22, 22, 23, 23, 23, 23, 23, 23, 24, 24, 24, 25, 26, 26, 26, 26, 26, 26, 27, 27]","[1, 1, 1, 1, 1, 1, 1, 3, 2, 2, 2, 2, 2, 2, 3, 3, 4, 5, 8, 8, 8, 9, 11, 12, 12, 12, 12, 14, 14, 16, 17, 18, 21, 20, 21, 22, 25, 24, 26, 26, 26, 28, 26, 27, 27, 27, 28, 28, 33, 31, 31, 34, 35, 35, 35, 39, 40, 42, 43, 42, 43, 44, 44, 44, 45, 45, 46, 47, 49, 48, 51, 52, 53, 54, 55, 54, 55, 57, 56, 58, 58, 58, 58, 59, 64, 61, 62, 62, 63, 71, 64, 64, 65, 67, 68, 68, 68, 71, 70, 71, 74, 72, 72, 75, 74, 74, 75, 78, 78, 82, 80, 81, 81, 82, 84, 83, 84, 85, 87, 85, 85, 85, 86, 89, 89, 91, 92]","[21, 5, 26, 12, 8, 8, 20, 15, 11, 19, 8, 9, 4, 26, 11, 11, 14, 12, 26, 27, 25, 35, 33, 31, 14, 27, 26, 18, 17, 24, 21, 28, 28, 24, 35, 45, 34, 27, 54, 42, 43, 44, 42, 30, 42, 31, 53, 53, 48, 43, 40, 54, 52, 39, 46, 45, 57, 68, 72, 58, 44, 64, 48, 72, 46, 51, 55, 56, 56, 58, 57, 59, 61, 81, 70, 64, 63, 64, 61, 62, 62, 65, 73, 67, 80, 68, 70, 68, 85, 75, 68, 82, 85, 74, 72, 75, 86, 77, 72, 80, 86, 92, 83, -1, 84, 84, 80, -1, 83, 91, 84, -1, 85, -1, -1, -1, -1, -1, -1, -1, 89, -1, -1, -1, -1, -1, -1]","[0, 0, 0, 0, 0, 0, 0, 0, 0, 0, 0, 0, 0, 0, 0, 0, 0, 0, 0, 0, 0, 0, 0, 0, 0, 0, 0, 0, 0, 0, 0, 0, 0, 0, 0, 0, 0, 0, 0, 0, 0, 0, 0, 0, 0, 0, 0, 0, 0, 0, 0, 0, 0, 0, 0, 0, 0, 0, 0, 0, 0, 0, 0, 0, 0, 0, 0, 0, 0, 0, 0, 0, 0, 0, 0, 0, 0, 0, 0, 0, 0, 0, 0, 0, 0, 0, 0, 0, 0, 0, 0, 0, 0, 0, 0, 0, 0, 0, 0, 0, 0, 0, 0, 4029.0, 0, 0, 0, 1953.4007417346945, 0, 0, 0, 4029.0, 0, 1324.4729122096346, 2688.198221833614, 1432.4348298342536, 972.7408726052536, 2627.186399022584, 2755.7337191449014, 1623.8242975604926, 0, 1340.8017781663862, 1401.8136009774162, 4029.0, 1273.2662808550983, 4029.0, 751.1263460556711]","[0, 0, 0, 0, 0, 0, 0, 0, 0, 0, 0, 0, 0, 0, 0, 0, 0, 0, 0, 0, 0, 0, 0, 0, 0, 0, 0, 0, 0, 0, 0, 0, 0, 0, 0, 0, 0, 0, 0, 0, 0, 0, 0, 0, 0, 0, 0, 0, 0, 0, 0, 0, 0, 0, 0, 0, 0, 0, 0, 0, 0, 0, 0, 0, 0, 0, 0, 0, 0, 0, 0, 0, 0, 0, 0, 0, 0, 0, 0, 0, 0, 0, 0, 0, 0, 0, 0, 0, 0, 0, 0, 0, 0, 0, 0, 0, 0, 0, 0, 0, 0, 0, 0, (134.2176, 0.0092, 0.010733333333333333), 0, 0, 0, (54.525800000000004, 0.2951333333333333, 0.0012666666666666666), 0, 0, 0, (1551.892, 0.19686666666666666, 1.39), 0, (150.9948, 0.003466666666666667, 0.0019333333333333331), (461.373, 0.013266666666666668, 0.0067333333333333325), (131.4214, 0.5404, 0.4769333333333333), (457.87773333333325, 0.012866666666666667, 0.18946666666666667), (190.14146666666667, 0.5508, 0.17880000000000001), (231.3854, 0.0005333333333333334, 0.0008), (78.99233333333332, 0.0004, 0.0014), 0, (204.1226, 0.003466666666666667, 0.0014666666666666665), (8.3886, 0.0046, 0.00013333333333333334), (153.791, 0.9633999999999999, 0.7669333333333332), (58.7202, 0.0046, 6.666666666666668e-05), (160.78126666666668, 0.05293333333333333, 0.031466666666666664), (145.4024, 0.004733333333333333, 6.666666666666668e-05)]","[0, 0, 0, 0, 0, 0, 0, 0, 0, 0, 0, 0, 0, 0, 0, 0, 0, 0, 0, 0, 0, 0, 0, 0, 0, 0, 0, 0, 0, 0, 0, 0, 0, 0, 0, 0, 0, 0, 0, 0, 0, 0, 0, 0, 0, 0, 0, 0, 0, 0, 0, 0, 0, 0, 0, 0, 0, 0, 0, 0, 0, 0, 0, 0, 0, 0, 0, 0, 0, 0, 0, 0, 0, 0, 0, 0, 0, 0, 0, 0, 0, 0, 0, 0, 0, 0, 0, 0, 0, 0, 0, 0, 0, 0, 0, 0, 0, 0, 0, 0, 0, 0, 0, (2, 0.0, 0.002361111111111111), 0, 0, 0, (1, 0.0001, 0.058061111111111105), 0, 0, 0, (3, 0.0001, 0.1530611111111111), 0, (3, 0.0, 0.0008055555555555556), (3, 0.0, 0.017055555555555553), (1, 0.06126666666666666, 0.023866666666666675), (2, 0.08313333333333334, 0.0036777777777777776), (3, 0.00013333333333333334, 0.3462888888888889), (3, 6.666666666666667e-05, 0.011649999999999999), (1, 0.0, 0.0005777777777777778), 0, (3, 0.0, 0.0008111111111111111), (2, 0.0, 0.00145), (2, 0.0, 0.0117), (2, 0.0, 0.0010388888888888887), (3, 0.0, 0.0011222222222222222), (2, 0.0, 0.0012666666666666666)]","[-1, -1, -1, -1, -1, -1, -1, -1, -1, -1, -1, -1, -1, -1, -1, -1, -1, -1, -1, -1, -1, -1, -1, -1, -1, -1, -1, -1, -1, -1, -1, -1, -1, -1, -1, -1, -1, -1, -1, -1, -1, -1, -1, -1, -1, -1, -1, -1, -1, -1, -1, -1, -1, -1, -1, -1, -1, -1, -1, -1, -1, -1, -1, -1, -1, -1, -1, -1, -1, -1, -1, -1, -1, -1, -1, -1, -1, -1, -1, -1, -1, -1, -1, -1, -1, -1, -1, -1, -1, -1, -1, -1, -1, -1, -1, -1, -1, -1, -1, -1, -1, -1, -1, 6, -1, -1, -1, 8, -1, -1, -1, 11, -1, 8, 2, 7, 7, 4, 9, 7, -1, 2, 4, 10, 9, 15, 8]","[False, False, False, False, False, False, False, False, False, False, False, False, False, False, False, False, False, False, False, False, False, False, False, False, False, False, False, False, False, False, False, False, False, False, False, False, False, False, False, False, False, False, False, False, False, False, False, False, False, False, False, False, False, False, False, False, False, False, False, False, False, False, False, False, False, False, False, False, False, False, False, False, False, False, False, False, False, False, False, False, False, False, False, False, False, False, False, False, False, False, False, False, False, False, False, False, False, False, False, False, False, False, False, True, False, False, False, True, False, False, False, True, False, True, True, True, True, True, True, True, False, True, True, True, True, True, True]"
94,"[0, 0, 0, 0, 0, 0, 0, 0, 0, 0, 0, 0, 0, 0, 0, 0, 0, 0, 0, 0, 0, 0, 0, 0, 0, 0, 0, 0, 0, 0, 0, 0, 0, 0, 0, 0, 0, 0, 0, 0, 0, 0, 0, 0, 0, 0, 0, 0, 0, 0, 0, 0, 0, 0, 0, 0, 0, 0, 0, 0, 0, 0, 0, 0, 0, 0, 0, 0, 0, 0, 0, 0, 0, 0, 0, 0, 0, 0, 0, 0, 0, 0, 0, 0, 0, 0, 0, 0, 0, 0, 0, 0, 0, 0, 0, 0, 0, 0, 0, 0, 0, 0, 0, 0, 0, 0, 0, 1752.7464322368, 0, 0, 0, 6374.312287858666, 0, 1078.4617245810634, 2420.981059964191, 0, 530.8836808606934, 1292.1506073990797, 1889.8120704974624, 1168.6115386248337, 0, 1075.1228337928867, 0, 1655.52396879974, 510.85024030910995, 0, 498.43737685074666, 628.9803113908888]","[0, 0, 0, 0, 0, 0, 0, 0, 1, 1, 1, 1, 1, 1, 2, 2, 2, 2, 2, 2, 2, 3, 3, 3, 4, 4, 4, 5, 5, 5, 5, 6, 6, 6, 7, 7, 7, 7, 7, 8, 8, 8, 8, 8, 8, 8, 8, 9, 9, 9, 9, 9, 10, 10, 10, 10, 11, 11, 11, 12, 12, 12, 12, 12, 12, 13, 13, 13, 13, 13, 13, 14, 14, 14, 14, 15, 15, 15, 15, 15, 16, 16, 16, 17, 17, 17, 18, 18, 18, 18, 18, 19, 19, 20, 20, 20, 20, 20, 20, 21, 21, 21, 22, 22, 22, 22, 22, 22, 22, 23, 23, 23, 23, 23, 23, 24, 24, 24, 25, 26, 26, 26, 26, 26, 26, 27, 27, 27]","[1, 1, 1, 1, 1, 1, 1, 3, 2, 2, 2, 2, 2, 2, 3, 3, 4, 5, 8, 8, 8, 9, 11, 12, 12, 12, 12, 14, 14, 16, 17, 18, 21, 20, 21, 22, 25, 24, 26, 26, 26, 28, 26, 27, 27, 27, 28, 28, 33, 31, 31, 34, 35, 35, 35, 39, 40, 42, 43, 42, 43, 44, 44, 44, 45, 45, 46, 47, 49, 48, 51, 52, 53, 54, 55, 54, 55, 57, 56, 58, 58, 58, 58, 59, 64, 61, 62, 62, 63, 71, 64, 64, 65, 67, 68, 68, 68, 71, 70, 71, 74, 72, 72, 75, 74, 74, 75, 78, 78, 82, 80, 81, 81, 82, 84, 83, 84, 85, 87, 85, 85, 85, 86, 89, 89, 91, 92, 94]","[21, 5, 26, 12, 8, 8, 20, 15, 11, 19, 8, 9, 4, 26, 11, 11, 14, 12, 26, 27, 25, 35, 33, 31, 14, 27, 26, 18, 17, 24, 21, 28, 28, 24, 35, 45, 34, 27, 54, 42, 43, 44, 42, 30, 42, 31, 53, 53, 48, 43, 40, 54, 52, 39, 46, 45, 57, 68, 72, 58, 44, 64, 48, 72, 46, 51, 55, 56, 56, 58, 57, 59, 61, 81, 70, 64, 63, 64, 61, 62, 62, 65, 73, 67, 80, 68, 70, 68, 85, 75, 68, 82, 85, 74, 72, 75, 86, 77, 72, 80, 86, 92, 83, -1, 84, 84, 80, -1, 83, 91, 84, -1, 85, -1, -1, -1, -1, -1, -1, -1, 89, -1, -1, -1, -1, 94, -1, -1]","[0, 0, 0, 0, 0, 0, 0, 0, 0, 0, 0, 0, 0, 0, 0, 0, 0, 0, 0, 0, 0, 0, 0, 0, 0, 0, 0, 0, 0, 0, 0, 0, 0, 0, 0, 0, 0, 0, 0, 0, 0, 0, 0, 0, 0, 0, 0, 0, 0, 0, 0, 0, 0, 0, 0, 0, 0, 0, 0, 0, 0, 0, 0, 0, 0, 0, 0, 0, 0, 0, 0, 0, 0, 0, 0, 0, 0, 0, 0, 0, 0, 0, 0, 0, 0, 0, 0, 0, 0, 0, 0, 0, 0, 0, 0, 0, 0, 0, 0, 0, 0, 0, 0, 4029.0, 0, 0, 0, 1985.8645876805965, 0, 0, 0, 4029.0, 0, 1311.57988002486, 2687.4291130856523, 776.5015935048244, 1307.385274365518, 2660.57530369954, 2703.9809150941765, 1945.113132129658, 0, 1341.570886914348, 1368.4246963004603, 4029.0, 1325.0190849058238, 0, 731.5555322945432, 4029.0]","[0, 0, 0, 0, 0, 0, 0, 0, 0, 0, 0, 0, 0, 0, 0, 0, 0, 0, 0, 0, 0, 0, 0, 0, 0, 0, 0, 0, 0, 0, 0, 0, 0, 0, 0, 0, 0, 0, 0, 0, 0, 0, 0, 0, 0, 0, 0, 0, 0, 0, 0, 0, 0, 0, 0, 0, 0, 0, 0, 0, 0, 0, 0, 0, 0, 0, 0, 0, 0, 0, 0, 0, 0, 0, 0, 0, 0, 0, 0, 0, 0, 0, 0, 0, 0, 0, 0, 0, 0, 0, 0, 0, 0, 0, 0, 0, 0, 0, 0, 0, 0, 0, 0, (268.4352, 0.009333333333333334, 0.0104), 0, 0, 0, (37.7482, 0.27673333333333333, 0.0014), 0, 0, 0, (1736.4414, 0.2492666666666667, 1.2721333333333333), 0, (156.58720000000002, 0.0034, 0.0014666666666666665), (416.6338, 0.0116, 0.0067333333333333325), (89.4784, 0.5311333333333333, 0.46186666666666676), (450.1882, 0.0128, 0.18919999999999998), (198.53, 0.4244, 0.13933333333333334), (253.7549333333333, 0.0006666666666666666, 0.0008), (67.10826666666667, 0.0004, 0.0014666666666666665), 0, (181.753, 0.0032, 0.0012666666666666666), (2.7962, 0.004533333333333333, 6.666666666666668e-05), (125.829, 0.9370666666666667, 0.7570666666666667), (8.3886, 0.0046, 6.666666666666668e-05), 0, (67.1088, 0.004666666666666667, 0.0), (320.1647333333333, 0.0011333333333333332, 0.0015333333333333334)]","[0, 0, 0, 0, 0, 0, 0, 0, 0, 0, 0, 0, 0, 0, 0, 0, 0, 0, 0, 0, 0, 0, 0, 0, 0, 0, 0, 0, 0, 0, 0, 0, 0, 0, 0, 0, 0, 0, 0, 0, 0, 0, 0, 0, 0, 0, 0, 0, 0, 0, 0, 0, 0, 0, 0, 0, 0, 0, 0, 0, 0, 0, 0, 0, 0, 0, 0, 0, 0, 0, 0, 0, 0, 0, 0, 0, 0, 0, 0, 0, 0, 0, 0, 0, 0, 0, 0, 0, 0, 0, 0, 0, 0, 0, 0, 0, 0, 0, 0, 0, 0, 0, 0, (2, 0.0, 0.0024055555555555557), 0, 0, 0, (1, 0.0, 0.057172222222222215), 0, 0, 0, (3, 0.00015, 0.2104), 0, (3, 0.0, 0.0011333333333333332), (3, 0.0, 0.024077777777777778), (1, 1.666666666666667e-05, 0.0020666666666666667), (2, 0.07976666666666667, 0.004427777777777778), (3, 1.666666666666667e-05, 0.19247222222222224), (3, 0.00018333333333333334, 0.015666666666666666), (1, 0.0, 0.0005333333333333334), 0, (3, 0.0, 0.00046111111111111103), (2, 0.0, 0.0010833333333333333), (2, 0.06273333333333334, 0.031105555555555553), (2, 0.0, 0.00105), 0, (2, 0.0, 0.0012333333333333335), (2, 0.0037166666666666667, 0.0028777777777777777)]","[-1, -1, -1, -1, -1, -1, -1, -1, -1, -1, -1, -1, -1, -1, -1, -1, -1, -1, -1, -1, -1, -1, -1, -1, -1, -1, -1, -1, -1, -1, -1, -1, -1, -1, -1, -1, -1, -1, -1, -1, -1, -1, -1, -1, -1, -1, -1, -1, -1, -1, -1, -1, -1, -1, -1, -1, -1, -1, -1, -1, -1, -1, -1, -1, -1, -1, -1, -1, -1, -1, -1, -1, -1, -1, -1, -1, -1, -1, -1, -1, -1, -1, -1, -1, -1, -1, -1, -1, -1, -1, -1, -1, -1, -1, -1, -1, -1, -1, -1, -1, -1, -1, -1, 6, -1, -1, -1, 8, -1, -1, -1, 11, -1, 8, 2, 7, 7, 4, 9, 7, -1, 2, 4, 10, 9, -1, 8, 3]","[False, False, False, False, False, False, False, False, False, False, False, False, False, False, False, False, False, False, False, False, False, False, False, False, False, False, False, False, False, False, False, False, False, False, False, False, False, False, False, False, False, False, False, False, False, False, False, False, False, False, False, False, False, False, False, False, False, False, False, False, False, False, False, False, False, False, False, False, False, False, False, False, False, False, False, False, False, False, False, False, False, False, False, False, False, False, False, False, False, False, False, False, False, False, False, False, False, False, False, False, False, False, False, True, False, False, False, True, False, False, False, True, False, True, True, True, True, True, True, True, False, True, True, True, True, False, True, True]"
95,"[0, 0, 0, 0, 0, 0, 0, 0, 0, 0, 0, 0, 0, 0, 0, 0, 0, 0, 0, 0, 0, 0, 0, 0, 0, 0, 0, 0, 0, 0, 0, 0, 0, 0, 0, 0, 0, 0, 0, 0, 0, 0, 0, 0, 0, 0, 0, 0, 0, 0, 0, 0, 0, 0, 0, 0, 0, 0, 0, 0, 0, 0, 0, 0, 0, 0, 0, 0, 0, 0, 0, 0, 0, 0, 0, 0, 0, 0, 0, 0, 0, 0, 0, 0, 0, 0, 0, 0, 0, 0, 0, 0, 0, 0, 0, 0, 0, 0, 0, 0, 0, 0, 0, 0, 0, 0, 0, 1670.5864432257001, 0, 0, 0, 3703.171900565511, 0, 1048.4117074874732, 2366.2077328156797, 0, 424.0391664736356, 961.60045201792, 2103.5010678682, 1158.5948682937635, 0, 1085.1395061574167, 0, 2278.570623724373, 517.5280212281833, 0, 498.43737685074666, 634.9140879134446, 1147.5012037613078, 1147.5012037613078, 450.7502254398]","[0, 0, 0, 0, 0, 0, 0, 0, 1, 1, 1, 1, 1, 1, 2, 2, 2, 2, 2, 2, 2, 3, 3, 3, 4, 4, 4, 5, 5, 5, 5, 6, 6, 6, 7, 7, 7, 7, 7, 8, 8, 8, 8, 8, 8, 8, 8, 9, 9, 9, 9, 9, 10, 10, 10, 10, 11, 11, 11, 12, 12, 12, 12, 12, 12, 13, 13, 13, 13, 13, 13, 14, 14, 14, 14, 15, 15, 15, 15, 15, 16, 16, 16, 17, 17, 17, 18, 18, 18, 18, 18, 19, 19, 20, 20, 20, 20, 20, 20, 21, 21, 21, 22, 22, 22, 22, 22, 22, 22, 23, 23, 23, 23, 23, 23, 24, 24, 24, 25, 26, 26, 26, 26, 26, 26, 27, 27, 27, 27, 27, 27]","[1, 1, 1, 1, 1, 1, 1, 3, 2, 2, 2, 2, 2, 2, 3, 3, 4, 5, 8, 8, 8, 9, 11, 12, 12, 12, 12, 14, 14, 16, 17, 18, 21, 20, 21, 22, 25, 24, 26, 26, 26, 28, 26, 27, 27, 27, 28, 28, 33, 31, 31, 34, 35, 35, 35, 39, 40, 42, 43, 42, 43, 44, 44, 44, 45, 45, 46, 47, 49, 48, 51, 52, 53, 54, 55, 54, 55, 57, 56, 58, 58, 58, 58, 59, 64, 61, 62, 62, 63, 71, 64, 64, 65, 67, 68, 68, 68, 71, 70, 71, 74, 72, 72, 75, 74, 74, 75, 78, 78, 82, 80, 81, 81, 82, 84, 83, 84, 85, 87, 85, 85, 85, 86, 89, 89, 91, 92, 94, 95, 95, 95]","[21, 5, 26, 12, 8, 8, 20, 15, 11, 19, 8, 9, 4, 26, 11, 11, 14, 12, 26, 27, 25, 35, 33, 31, 14, 27, 26, 18, 17, 24, 21, 28, 28, 24, 35, 45, 34, 27, 54, 42, 43, 44, 42, 30, 42, 31, 53, 53, 48, 43, 40, 54, 52, 39, 46, 45, 57, 68, 72, 58, 44, 64, 48, 72, 46, 51, 55, 56, 56, 58, 57, 59, 61, 81, 70, 64, 63, 64, 61, 62, 62, 65, 73, 67, 80, 68, 70, 68, 85, 75, 68, 82, 85, 74, 72, 75, 86, 77, 72, 80, 86, 92, 83, 95, 84, 84, 80, -1, 83, 91, 84, -1, 85, -1, -1, 95, -1, -1, -1, -1, 89, -1, 95, -1, -1, 94, -1, -1, -1, -1, -1]","[0, 0, 0, 0, 0, 0, 0, 0, 0, 0, 0, 0, 0, 0, 0, 0, 0, 0, 0, 0, 0, 0, 0, 0, 0, 0, 0, 0, 0, 0, 0, 0, 0, 0, 0, 0, 0, 0, 0, 0, 0, 0, 0, 0, 0, 0, 0, 0, 0, 0, 0, 0, 0, 0, 0, 0, 0, 0, 0, 0, 0, 0, 0, 0, 0, 0, 0, 0, 0, 0, 0, 0, 0, 0, 0, 0, 0, 0, 0, 0, 0, 0, 0, 0, 0, 0, 0, 0, 0, 0, 0, 0, 0, 0, 0, 0, 0, 0, 0, 0, 0, 0, 0, 0, 0, 0, 0, 1760.79000497477, 0, 0, 0, 4029.0, 0, 1138.615269236543, 2655.0341133291313, 0, 1647.222149089936, 4029.0, 2807.4865233200085, 2381.777850910064, 0, 1373.9658866708685, 0, 4029.0, 1221.5134766799915, 0, 588.6409385998166, 1758.2064420760685, 4029.0, 2270.7935579239315, 540.9537871888699]","[0, 0, 0, 0, 0, 0, 0, 0, 0, 0, 0, 0, 0, 0, 0, 0, 0, 0, 0, 0, 0, 0, 0, 0, 0, 0, 0, 0, 0, 0, 0, 0, 0, 0, 0, 0, 0, 0, 0, 0, 0, 0, 0, 0, 0, 0, 0, 0, 0, 0, 0, 0, 0, 0, 0, 0, 0, 0, 0, 0, 0, 0, 0, 0, 0, 0, 0, 0, 0, 0, 0, 0, 0, 0, 0, 0, 0, 0, 0, 0, 0, 0, 0, 0, 0, 0, 0, 0, 0, 0, 0, 0, 0, 0, 0, 0, 0, 0, 0, 0, 0, 0, 0, 0, 0, 0, 0, (30.75786666666666, 0.2919333333333333, 0.001066666666666667), 0, 0, 0, (1493.1718, 0.1692, 0.7876000000000001), 0, (142.6062, 0.0036, 0.0014), (402.6528, 0.011733333333333332, 0.0074666666666666675), 0, (483.74273333333326, 0.012666666666666665, 0.18913333333333332), (194.33579999999998, 0.31493333333333334, 0.10186666666666666), (244.66713333333328, 0.0014666666666666665, 0.0012), (99.26446666666666, 0.0004, 0.0014), 0, (109.0518, 0.003533333333333333, 0.0013333333333333333), 0, (226.49220000000003, 0.9202666666666668, 0.7430666666666668), (22.3696, 0.004533333333333333, 6.666666666666668e-05), 0, (100.6632, 0.004666666666666667, 6.666666666666668e-05), (300.59133333333324, 0.0011333333333333332, 0.0015333333333333334), (386.924, 1.3948666666666665, 0.0056), (386.924, 1.3948666666666665, 0.0056), (184.549, 0.0, 0.0)]","[0, 0, 0, 0, 0, 0, 0, 0, 0, 0, 0, 0, 0, 0, 0, 0, 0, 0, 0, 0, 0, 0, 0, 0, 0, 0, 0, 0, 0, 0, 0, 0, 0, 0, 0, 0, 0, 0, 0, 0, 0, 0, 0, 0, 0, 0, 0, 0, 0, 0, 0, 0, 0, 0, 0, 0, 0, 0, 0, 0, 0, 0, 0, 0, 0, 0, 0, 0, 0, 0, 0, 0, 0, 0, 0, 0, 0, 0, 0, 0, 0, 0, 0, 0, 0, 0, 0, 0, 0, 0, 0, 0, 0, 0, 0, 0, 0, 0, 0, 0, 0, 0, 0, 0, 0, 0, 0, (1, 3.3333333333333335e-05, 0.057200000000000015), 0, 0, 0, (3, 0.0001, 0.13415555555555556), 0, (3, 0.0, 0.0011111111111111113), (3, 1.666666666666667e-05, 0.02868888888888889), 0, (2, 0.07776666666666666, 0.0032166666666666654), (3, 0.0, 0.12192777777777777), (3, 0.00015, 0.019816666666666666), (1, 0.0, 0.0005111111111111112), 0, (3, 0.0, 0.0006333333333333333), 0, (2, 0.09268333333333334, 0.011455555555555556), (2, 0.0, 0.0010722222222222222), 0, (2, 0.0, 0.001238888888888889), (2, 0.0004, 0.0023666666666666667), (1, 0.0, 0.009683333333333334), (1, 0.0, 0.009683333333333334), (1, 0.0, 0.00029444444444444445)]","[-1, -1, -1, -1, -1, -1, -1, -1, -1, -1, -1, -1, -1, -1, -1, -1, -1, -1, -1, -1, -1, -1, -1, -1, -1, -1, -1, -1, -1, -1, -1, -1, -1, -1, -1, -1, -1, -1, -1, -1, -1, -1, -1, -1, -1, -1, -1, -1, -1, -1, -1, -1, -1, -1, -1, -1, -1, -1, -1, -1, -1, -1, -1, -1, -1, -1, -1, -1, -1, -1, -1, -1, -1, -1, -1, -1, -1, -1, -1, -1, -1, -1, -1, -1, -1, -1, -1, -1, -1, -1, -1, -1, -1, -1, -1, -1, -1, -1, -1, -1, -1, -1, -1, -1, -1, -1, -1, 8, -1, -1, -1, 11, -1, 8, 2, -1, 7, 4, 9, 7, -1, 2, -1, 10, 9, -1, 8, 3, 6, 3, 8]","[False, False, False, False, False, False, False, False, False, False, False, False, False, False, False, False, False, False, False, False, False, False, False, False, False, False, False, False, False, False, False, False, False, False, False, False, False, False, False, False, False, False, False, False, False, False, False, False, False, False, False, False, False, False, False, False, False, False, False, False, False, False, False, False, False, False, False, False, False, False, False, False, False, False, False, False, False, False, False, False, False, False, False, False, False, False, False, False, False, False, False, False, False, False, False, False, False, False, False, False, False, False, False, False, False, False, False, True, False, False, False, True, False, True, True, False, True, True, True, True, False, True, False, True, True, False, True, True, True, True, True]"
96,"[0, 0, 0, 0, 0, 0, 0, 0, 0, 0, 0, 0, 0, 0, 0, 0, 0, 0, 0, 0, 0, 0, 0, 0, 0, 0, 0, 0, 0, 0, 0, 0, 0, 0, 0, 0, 0, 0, 0, 0, 0, 0, 0, 0, 0, 0, 0, 0, 0, 0, 0, 0, 0, 0, 0, 0, 0, 0, 0, 0, 0, 0, 0, 0, 0, 0, 0, 0, 0, 0, 0, 0, 0, 0, 0, 0, 0, 0, 0, 0, 0, 0, 0, 0, 0, 0, 0, 0, 0, 0, 0, 0, 0, 0, 0, 0, 0, 0, 0, 0, 0, 0, 0, 0, 0, 0, 0, 1722.6211029327299, 0, 0, 0, 3949.038231668631, 0, 1068.445052216534, 2826.303680863173, 0, 574.2892648304356, 1021.7004802690399, 2073.45105261294, 1168.6115386248337, 0, 1071.7839430047102, 0, 1590.2524144743022, 544.2391449044768, 0, 495.47048770282555, 557.7749931202221, 925.6692288098378, 925.6692288098378, 570.9502855570801]","[0, 0, 0, 0, 0, 0, 0, 0, 1, 1, 1, 1, 1, 1, 2, 2, 2, 2, 2, 2, 2, 3, 3, 3, 4, 4, 4, 5, 5, 5, 5, 6, 6, 6, 7, 7, 7, 7, 7, 8, 8, 8, 8, 8, 8, 8, 8, 9, 9, 9, 9, 9, 10, 10, 10, 10, 11, 11, 11, 12, 12, 12, 12, 12, 12, 13, 13, 13, 13, 13, 13, 14, 14, 14, 14, 15, 15, 15, 15, 15, 16, 16, 16, 17, 17, 17, 18, 18, 18, 18, 18, 19, 19, 20, 20, 20, 20, 20, 20, 21, 21, 21, 22, 22, 22, 22, 22, 22, 22, 23, 23, 23, 23, 23, 23, 24, 24, 24, 25, 26, 26, 26, 26, 26, 26, 27, 27, 27, 27, 27, 27]","[1, 1, 1, 1, 1, 1, 1, 3, 2, 2, 2, 2, 2, 2, 3, 3, 4, 5, 8, 8, 8, 9, 11, 12, 12, 12, 12, 14, 14, 16, 17, 18, 21, 20, 21, 22, 25, 24, 26, 26, 26, 28, 26, 27, 27, 27, 28, 28, 33, 31, 31, 34, 35, 35, 35, 39, 40, 42, 43, 42, 43, 44, 44, 44, 45, 45, 46, 47, 49, 48, 51, 52, 53, 54, 55, 54, 55, 57, 56, 58, 58, 58, 58, 59, 64, 61, 62, 62, 63, 71, 64, 64, 65, 67, 68, 68, 68, 71, 70, 71, 74, 72, 72, 75, 74, 74, 75, 78, 78, 82, 80, 81, 81, 82, 84, 83, 84, 85, 87, 85, 85, 85, 86, 89, 89, 91, 92, 94, 95, 95, 95]","[21, 5, 26, 12, 8, 8, 20, 15, 11, 19, 8, 9, 4, 26, 11, 11, 14, 12, 26, 27, 25, 35, 33, 31, 14, 27, 26, 18, 17, 24, 21, 28, 28, 24, 35, 45, 34, 27, 54, 42, 43, 44, 42, 30, 42, 31, 53, 53, 48, 43, 40, 54, 52, 39, 46, 45, 57, 68, 72, 58, 44, 64, 48, 72, 46, 51, 55, 56, 56, 58, 57, 59, 61, 81, 70, 64, 63, 64, 61, 62, 62, 65, 73, 67, 80, 68, 70, 68, 85, 75, 68, 82, 85, 74, 72, 75, 86, 77, 72, 80, 86, 92, 83, 95, 84, 84, 80, -1, 83, 91, 84, -1, 85, -1, -1, 95, -1, -1, -1, -1, 89, -1, 95, -1, -1, 94, -1, -1, -1, -1, -1]","[0, 0, 0, 0, 0, 0, 0, 0, 0, 0, 0, 0, 0, 0, 0, 0, 0, 0, 0, 0, 0, 0, 0, 0, 0, 0, 0, 0, 0, 0, 0, 0, 0, 0, 0, 0, 0, 0, 0, 0, 0, 0, 0, 0, 0, 0, 0, 0, 0, 0, 0, 0, 0, 0, 0, 0, 0, 0, 0, 0, 0, 0, 0, 0, 0, 0, 0, 0, 0, 0, 0, 0, 0, 0, 0, 0, 0, 0, 0, 0, 0, 0, 0, 0, 0, 0, 0, 0, 0, 0, 0, 0, 0, 0, 0, 0, 0, 0, 0, 0, 0, 0, 0, 0, 0, 0, 0, 1765.4993708304373, 0, 0, 0, 4029.0, 0, 1111.3233201142416, 2891.7598689292317, 0, 1717.338863102801, 4029.0, 2779.1059538542318, 2311.661136897199, 0, 1137.2401310707685, 0, 4029.0, 1249.8940461457682, 0, 538.3487556005332, 1830.552882155192, 4029.0, 2198.447117844808, 613.8285534547877]","[0, 0, 0, 0, 0, 0, 0, 0, 0, 0, 0, 0, 0, 0, 0, 0, 0, 0, 0, 0, 0, 0, 0, 0, 0, 0, 0, 0, 0, 0, 0, 0, 0, 0, 0, 0, 0, 0, 0, 0, 0, 0, 0, 0, 0, 0, 0, 0, 0, 0, 0, 0, 0, 0, 0, 0, 0, 0, 0, 0, 0, 0, 0, 0, 0, 0, 0, 0, 0, 0, 0, 0, 0, 0, 0, 0, 0, 0, 0, 0, 0, 0, 0, 0, 0, 0, 0, 0, 0, 0, 0, 0, 0, 0, 0, 0, 0, 0, 0, 0, 0, 0, 0, 0, 0, 0, 0, (50.3314, 0.2760666666666667, 0.0014), 0, 0, 0, (1484.7831999999999, 0.21580000000000002, 0.8416666666666666), 0, (204.1226, 0.0031333333333333335, 0.0012666666666666666), (363.506, 0.0166, 0.009666666666666665), 0, (522.8896, 0.0003333333333333333, 0.0004), (146.80033333333338, 0.3725333333333334, 0.1176), (254.4540666666667, 0.0026, 0.0088), (85.28386666666668, 0.0005333333333333334, 0.0014), 0, (150.9948, 0.003466666666666667, 0.0019333333333333331), 0, (142.6062, 0.9306666666666665, 0.7520666666666668), (8.3886, 0.0046, 0.00013333333333333334), 0, (0.0, 0.004666666666666667, 6.666666666666668e-05), (288.00833333333327, 0.0011333333333333332, 0.0014), (349.1754, 0.6480666666666667, 0.003466666666666667), (349.1754, 0.6480666666666667, 0.003466666666666667), (225.0938, 0.0, 0.0)]","[0, 0, 0, 0, 0, 0, 0, 0, 0, 0, 0, 0, 0, 0, 0, 0, 0, 0, 0, 0, 0, 0, 0, 0, 0, 0, 0, 0, 0, 0, 0, 0, 0, 0, 0, 0, 0, 0, 0, 0, 0, 0, 0, 0, 0, 0, 0, 0, 0, 0, 0, 0, 0, 0, 0, 0, 0, 0, 0, 0, 0, 0, 0, 0, 0, 0, 0, 0, 0, 0, 0, 0, 0, 0, 0, 0, 0, 0, 0, 0, 0, 0, 0, 0, 0, 0, 0, 0, 0, 0, 0, 0, 0, 0, 0, 0, 0, 0, 0, 0, 0, 0, 0, 0, 0, 0, 0, (1, 1.666666666666667e-05, 0.05597222222222223), 0, 0, 0, (3, 0.0001, 0.17663333333333334), 0, (3, 0.0, 0.0011833333333333333), (3, 0.0, 0.017905555555555557), 0, (2, 0.6217333333333334, 0.037983333333333334), (3, 5e-05, 0.20093333333333338), (3, 0.00011666666666666667, 0.017588888888888887), (1, 0.0, 0.0005444444444444444), 0, (3, 0.0, 0.0008055555555555556), 0, (2, 0.0, 0.012455555555555557), (2, 0.0, 0.00145), 0, (2, 0.0, 0.0012722222222222221), (2, 0.00026666666666666673, 0.002455555555555556), (1, 0.0, 0.00023333333333333333), (1, 0.0, 0.00023333333333333333), (1, 0.0, 0.0002833333333333333)]","[-1, -1, -1, -1, -1, -1, -1, -1, -1, -1, -1, -1, -1, -1, -1, -1, -1, -1, -1, -1, -1, -1, -1, -1, -1, -1, -1, -1, -1, -1, -1, -1, -1, -1, -1, -1, -1, -1, -1, -1, -1, -1, -1, -1, -1, -1, -1, -1, -1, -1, -1, -1, -1, -1, -1, -1, -1, -1, -1, -1, -1, -1, -1, -1, -1, -1, -1, -1, -1, -1, -1, -1, -1, -1, -1, -1, -1, -1, -1, -1, -1, -1, -1, -1, -1, -1, -1, -1, -1, -1, -1, -1, -1, -1, -1, -1, -1, -1, -1, -1, -1, -1, -1, -1, -1, -1, -1, 8, -1, -1, -1, 11, -1, 8, 2, -1, 7, 4, 9, 7, -1, 2, -1, 10, 9, -1, 8, 3, 6, 3, 8]","[False, False, False, False, False, False, False, False, False, False, False, False, False, False, False, False, False, False, False, False, False, False, False, False, False, False, False, False, False, False, False, False, False, False, False, False, False, False, False, False, False, False, False, False, False, False, False, False, False, False, False, False, False, False, False, False, False, False, False, False, False, False, False, False, False, False, False, False, False, False, False, False, False, False, False, False, False, False, False, False, False, False, False, False, False, False, False, False, False, False, False, False, False, False, False, False, False, False, False, False, False, False, False, False, False, False, False, True, False, False, False, True, False, True, True, False, True, True, True, True, False, True, False, True, True, False, True, True, True, True, True]"
97,"[0, 0, 0, 0, 0, 0, 0, 0, 0, 0, 0, 0, 0, 0, 0, 0, 0, 0, 0, 0, 0, 0, 0, 0, 0, 0, 0, 0, 0, 0, 0, 0, 0, 0, 0, 0, 0, 0, 0, 0, 0, 0, 0, 0, 0, 0, 0, 0, 0, 0, 0, 0, 0, 0, 0, 0, 0, 0, 0, 0, 0, 0, 0, 0, 0, 0, 0, 0, 0, 0, 0, 0, 0, 0, 0, 0, 0, 0, 0, 0, 0, 0, 0, 0, 0, 0, 0, 0, 0, 0, 0, 0, 0, 0, 0, 0, 0, 0, 0, 0, 0, 0, 0, 0, 0, 0, 0, 0, 0, 0, 0, 3566.579494397111, 0, 1111.85063246283, 2823.565014505748, 0, 570.95037375584, 3549.2405572744774, 2293.817831151513, 1161.9337584041202, 0, 1078.4617245810634, 0, 1563.5504149775322, 504.17245939003664, 0, 492.5035985549045, 590.4107639942779, 1237.8771935563511, 1237.8771935563511, 500.8335838220001]","[0, 0, 0, 0, 0, 0, 0, 0, 1, 1, 1, 1, 1, 1, 2, 2, 2, 2, 2, 2, 2, 3, 3, 3, 4, 4, 4, 5, 5, 5, 5, 6, 6, 6, 7, 7, 7, 7, 7, 8, 8, 8, 8, 8, 8, 8, 8, 9, 9, 9, 9, 9, 10, 10, 10, 10, 11, 11, 11, 12, 12, 12, 12, 12, 12, 13, 13, 13, 13, 13, 13, 14, 14, 14, 14, 15, 15, 15, 15, 15, 16, 16, 16, 17, 17, 17, 18, 18, 18, 18, 18, 19, 19, 20, 20, 20, 20, 20, 20, 21, 21, 21, 22, 22, 22, 22, 22, 22, 22, 23, 23, 23, 23, 23, 23, 24, 24, 24, 25, 26, 26, 26, 26, 26, 26, 27, 27, 27, 27, 27, 27]","[1, 1, 1, 1, 1, 1, 1, 3, 2, 2, 2, 2, 2, 2, 3, 3, 4, 5, 8, 8, 8, 9, 11, 12, 12, 12, 12, 14, 14, 16, 17, 18, 21, 20, 21, 22, 25, 24, 26, 26, 26, 28, 26, 27, 27, 27, 28, 28, 33, 31, 31, 34, 35, 35, 35, 39, 40, 42, 43, 42, 43, 44, 44, 44, 45, 45, 46, 47, 49, 48, 51, 52, 53, 54, 55, 54, 55, 57, 56, 58, 58, 58, 58, 59, 64, 61, 62, 62, 63, 71, 64, 64, 65, 67, 68, 68, 68, 71, 70, 71, 74, 72, 72, 75, 74, 74, 75, 78, 78, 82, 80, 81, 81, 82, 84, 83, 84, 85, 87, 85, 85, 85, 86, 89, 89, 91, 92, 94, 95, 95, 95]","[21, 5, 26, 12, 8, 8, 20, 15, 11, 19, 8, 9, 4, 26, 11, 11, 14, 12, 26, 27, 25, 35, 33, 31, 14, 27, 26, 18, 17, 24, 21, 28, 28, 24, 35, 45, 34, 27, 54, 42, 43, 44, 42, 30, 42, 31, 53, 53, 48, 43, 40, 54, 52, 39, 46, 45, 57, 68, 72, 58, 44, 64, 48, 72, 46, 51, 55, 56, 56, 58, 57, 59, 61, 81, 70, 64, 63, 64, 61, 62, 62, 65, 73, 67, 80, 68, 70, 68, 85, 75, 68, 82, 85, 74, 72, 75, 86, 77, 72, 80, 86, 92, 83, 95, 84, 84, 80, -1, 83, 91, 84, -1, 85, -1, -1, 95, -1, -1, -1, -1, 89, -1, 95, -1, -1, 94, -1, -1, -1, -1, -1]","[0, 0, 0, 0, 0, 0, 0, 0, 0, 0, 0, 0, 0, 0, 0, 0, 0, 0, 0, 0, 0, 0, 0, 0, 0, 0, 0, 0, 0, 0, 0, 0, 0, 0, 0, 0, 0, 0, 0, 0, 0, 0, 0, 0, 0, 0, 0, 0, 0, 0, 0, 0, 0, 0, 0, 0, 0, 0, 0, 0, 0, 0, 0, 0, 0, 0, 0, 0, 0, 0, 0, 0, 0, 0, 0, 0, 0, 0, 0, 0, 0, 0, 0, 0, 0, 0, 0, 0, 0, 0, 0, 0, 0, 0, 0, 0, 0, 0, 0, 0, 0, 0, 0, 0, 0, 0, 0, 480.95304629006637, 0, 0, 0, 4029.0, 0, 1592.8036787528963, 2887.0516449623424, 0, 1719.00830767586, 4029.0, 2909.3226858807384, 2309.99169232414, 0, 1141.9483550376578, 0, 4029.0, 1119.6773141192618, 0, 973.4566448449709, 1690.7667852189634, 4029.0, 2338.2332147810366, 981.7866301120664]","[0, 0, 0, 0, 0, 0, 0, 0, 0, 0, 0, 0, 0, 0, 0, 0, 0, 0, 0, 0, 0, 0, 0, 0, 0, 0, 0, 0, 0, 0, 0, 0, 0, 0, 0, 0, 0, 0, 0, 0, 0, 0, 0, 0, 0, 0, 0, 0, 0, 0, 0, 0, 0, 0, 0, 0, 0, 0, 0, 0, 0, 0, 0, 0, 0, 0, 0, 0, 0, 0, 0, 0, 0, 0, 0, 0, 0, 0, 0, 0, 0, 0, 0, 0, 0, 0, 0, 0, 0, 0, 0, 0, 0, 0, 0, 0, 0, 0, 0, 0, 0, 0, 0, 0, 0, 0, 0, (54.525800000000004, 0.298, 0.001), 0, 0, 0, (1644.1666, 0.15380000000000002, 0.6252666666666667), 0, (156.58720000000002, 0.003533333333333333, 0.0013333333333333333), (422.2262, 0.03953333333333333, 0.018666666666666668), 0, (428.5174, 0.0031333333333333335, 0.0476), (290.8046, 0.5733333333333334, 0.17), (268.435, 0.0018666666666666666, 0.0016), (99.964, 0.0005333333333333334, 0.0016666666666666668), 0, (156.58720000000002, 0.0034, 0.0014666666666666665), 0, (117.4404, 0.9303333333333335, 0.7412666666666667), (2.7962, 0.004533333333333333, 6.666666666666668e-05), 0, (0.0, 0.0046, 6.666666666666668e-05), (311.7758666666666, 0.0011333333333333332, 0.0015333333333333334), (320.86379999999997, 0.6452, 0.0048), (320.86379999999997, 0.6452, 0.0048), (191.5394, 0.0, 0.0)]","[0, 0, 0, 0, 0, 0, 0, 0, 0, 0, 0, 0, 0, 0, 0, 0, 0, 0, 0, 0, 0, 0, 0, 0, 0, 0, 0, 0, 0, 0, 0, 0, 0, 0, 0, 0, 0, 0, 0, 0, 0, 0, 0, 0, 0, 0, 0, 0, 0, 0, 0, 0, 0, 0, 0, 0, 0, 0, 0, 0, 0, 0, 0, 0, 0, 0, 0, 0, 0, 0, 0, 0, 0, 0, 0, 0, 0, 0, 0, 0, 0, 0, 0, 0, 0, 0, 0, 0, 0, 0, 0, 0, 0, 0, 0, 0, 0, 0, 0, 0, 0, 0, 0, 0, 0, 0, 0, (1, 1.666666666666667e-05, 0.05641111111111111), 0, 0, 0, (3, 5e-05, 0.16941111111111112), 0, (3, 0.0, 0.0009833333333333335), (3, 0.0, 0.019144444444444443), 0, (2, 0.6187666666666667, 0.009888888888888888), (3, 0.0017833333333333332, 0.2834388888888889), (3, 0.00013333333333333334, 0.023688888888888888), (1, 0.0, 0.000538888888888889), 0, (3, 0.0, 0.0011333333333333332), 0, (2, 0.0, 0.010772222222222223), (2, 0.0, 0.0010833333333333333), 0, (2, 0.0, 0.0012166666666666667), (2, 0.0, 0.002388888888888889), (1, 0.0, 0.0002222222222222222), (1, 0.0, 0.0002222222222222222), (1, 1.666666666666667e-05, 0.0002611111111111111)]","[-1, -1, -1, -1, -1, -1, -1, -1, -1, -1, -1, -1, -1, -1, -1, -1, -1, -1, -1, -1, -1, -1, -1, -1, -1, -1, -1, -1, -1, -1, -1, -1, -1, -1, -1, -1, -1, -1, -1, -1, -1, -1, -1, -1, -1, -1, -1, -1, -1, -1, -1, -1, -1, -1, -1, -1, -1, -1, -1, -1, -1, -1, -1, -1, -1, -1, -1, -1, -1, -1, -1, -1, -1, -1, -1, -1, -1, -1, -1, -1, -1, -1, -1, -1, -1, -1, -1, -1, -1, -1, -1, -1, -1, -1, -1, -1, -1, -1, -1, -1, -1, -1, -1, -1, -1, -1, -1, 8, -1, -1, -1, 11, -1, 8, 2, -1, 7, 4, 9, 7, -1, 2, -1, 10, 9, -1, 8, 3, 6, 3, 8]","[False, False, False, False, False, False, False, False, False, False, False, False, False, False, False, False, False, False, False, False, False, False, False, False, False, False, False, False, False, False, False, False, False, False, False, False, False, False, False, False, False, False, False, False, False, False, False, False, False, False, False, False, False, False, False, False, False, False, False, False, False, False, False, False, False, False, False, False, False, False, False, False, False, False, False, False, False, False, False, False, False, False, False, False, False, False, False, False, False, False, False, False, False, False, False, False, False, False, False, False, False, False, False, False, False, False, False, True, False, False, False, True, False, True, True, False, True, True, True, True, False, True, False, True, True, False, True, True, True, True, True]"
98,"[0, 0, 0, 0, 0, 0, 0, 0, 0, 0, 0, 0, 0, 0, 0, 0, 0, 0, 0, 0, 0, 0, 0, 0, 0, 0, 0, 0, 0, 0, 0, 0, 0, 0, 0, 0, 0, 0, 0, 0, 0, 0, 0, 0, 0, 0, 0, 0, 0, 0, 0, 0, 0, 0, 0, 0, 0, 0, 0, 0, 0, 0, 0, 0, 0, 0, 0, 0, 0, 0, 0, 0, 0, 0, 0, 0, 0, 0, 0, 0, 0, 0, 0, 0, 0, 0, 0, 0, 0, 0, 0, 0, 0, 0, 0, 0, 0, 0, 0, 0, 0, 0, 0, 0, 0, 0, 0, 0, 0, 0, 0, 4726.09725342664, 0, 1125.2061956155367, 2689.3703629918955, 0, 0, 2160.2621265819243, 2203.667785385733, 1212.0175234543567, 0, 1048.4117074874732, 0, 1554.649748478609, 514.1891307686467, 0, 498.43737685074666, 534.03988703, 1317.298517921692, 1317.298517921692, 474.12245935149326, 1115.1894634134223]","[0, 0, 0, 0, 0, 0, 0, 0, 1, 1, 1, 1, 1, 1, 2, 2, 2, 2, 2, 2, 2, 3, 3, 3, 4, 4, 4, 5, 5, 5, 5, 6, 6, 6, 7, 7, 7, 7, 7, 8, 8, 8, 8, 8, 8, 8, 8, 9, 9, 9, 9, 9, 10, 10, 10, 10, 11, 11, 11, 12, 12, 12, 12, 12, 12, 13, 13, 13, 13, 13, 13, 14, 14, 14, 14, 15, 15, 15, 15, 15, 16, 16, 16, 17, 17, 17, 18, 18, 18, 18, 18, 19, 19, 20, 20, 20, 20, 20, 20, 21, 21, 21, 22, 22, 22, 22, 22, 22, 22, 23, 23, 23, 23, 23, 23, 24, 24, 24, 25, 26, 26, 26, 26, 26, 26, 27, 27, 27, 27, 27, 27, 28]","[1, 1, 1, 1, 1, 1, 1, 3, 2, 2, 2, 2, 2, 2, 3, 3, 4, 5, 8, 8, 8, 9, 11, 12, 12, 12, 12, 14, 14, 16, 17, 18, 21, 20, 21, 22, 25, 24, 26, 26, 26, 28, 26, 27, 27, 27, 28, 28, 33, 31, 31, 34, 35, 35, 35, 39, 40, 42, 43, 42, 43, 44, 44, 44, 45, 45, 46, 47, 49, 48, 51, 52, 53, 54, 55, 54, 55, 57, 56, 58, 58, 58, 58, 59, 64, 61, 62, 62, 63, 71, 64, 64, 65, 67, 68, 68, 68, 71, 70, 71, 74, 72, 72, 75, 74, 74, 75, 78, 78, 82, 80, 81, 81, 82, 84, 83, 84, 85, 87, 85, 85, 85, 86, 89, 89, 91, 92, 94, 95, 95, 95, 98]","[21, 5, 26, 12, 8, 8, 20, 15, 11, 19, 8, 9, 4, 26, 11, 11, 14, 12, 26, 27, 25, 35, 33, 31, 14, 27, 26, 18, 17, 24, 21, 28, 28, 24, 35, 45, 34, 27, 54, 42, 43, 44, 42, 30, 42, 31, 53, 53, 48, 43, 40, 54, 52, 39, 46, 45, 57, 68, 72, 58, 44, 64, 48, 72, 46, 51, 55, 56, 56, 58, 57, 59, 61, 81, 70, 64, 63, 64, 61, 62, 62, 65, 73, 67, 80, 68, 70, 68, 85, 75, 68, 82, 85, 74, 72, 75, 86, 77, 72, 80, 86, 92, 83, 95, 84, 84, 80, 98, 83, 91, 84, -1, 85, -1, -1, 95, -1, -1, -1, -1, 89, -1, 95, -1, -1, 94, -1, -1, -1, -1, -1, -1]","[0, 0, 0, 0, 0, 0, 0, 0, 0, 0, 0, 0, 0, 0, 0, 0, 0, 0, 0, 0, 0, 0, 0, 0, 0, 0, 0, 0, 0, 0, 0, 0, 0, 0, 0, 0, 0, 0, 0, 0, 0, 0, 0, 0, 0, 0, 0, 0, 0, 0, 0, 0, 0, 0, 0, 0, 0, 0, 0, 0, 0, 0, 0, 0, 0, 0, 0, 0, 0, 0, 0, 0, 0, 0, 0, 0, 0, 0, 0, 0, 0, 0, 0, 0, 0, 0, 0, 0, 0, 0, 0, 0, 0, 0, 0, 0, 0, 0, 0, 0, 0, 0, 0, 0, 0, 0, 0, 0, 0, 0, 0, 4029.0, 0, 1768.9508516762776, 2834.9793277522112, 0, 1408.4912382728216, 4029.0, 2859.239327308543, 2620.5087617271784, 0, 1194.020672247789, 0, 4029.0, 1169.7606726914566, 0, 1142.1820329114876, 1622.870684554154, 4029.0, 2406.1293154458463, 1117.8671154122344, 4029.0]","[0, 0, 0, 0, 0, 0, 0, 0, 0, 0, 0, 0, 0, 0, 0, 0, 0, 0, 0, 0, 0, 0, 0, 0, 0, 0, 0, 0, 0, 0, 0, 0, 0, 0, 0, 0, 0, 0, 0, 0, 0, 0, 0, 0, 0, 0, 0, 0, 0, 0, 0, 0, 0, 0, 0, 0, 0, 0, 0, 0, 0, 0, 0, 0, 0, 0, 0, 0, 0, 0, 0, 0, 0, 0, 0, 0, 0, 0, 0, 0, 0, 0, 0, 0, 0, 0, 0, 0, 0, 0, 0, 0, 0, 0, 0, 0, 0, 0, 0, 0, 0, 0, 0, 0, 0, 0, 0, 0, 0, 0, 0, (1434.4516, 0.22206666666666663, 0.8742666666666667), 0, (204.1226, 0.0036666666666666666, 0.0014666666666666665), (433.411, 0.0188, 0.012333333333333335), 0, (371.8944, 0.0048, 0.06446666666666667), (278.22166666666675, 0.49906666666666666, 0.15853333333333333), (269.134, 0.0016666666666666668, 0.0014666666666666665), (73.4, 0.0005, 0.0015), 0, (142.6062, 0.0036, 0.0014), 0, (83.886, 0.8937333333333333, 0.7318666666666667), (41.943, 0.0044666666666666665, 6.666666666666668e-05), 0, (0.0, 0.004666666666666667, 6.666666666666668e-05), (325.75713333333334, 0.0011333333333333332, 0.0014666666666666665), (301.98920000000004, 0.6321333333333333, 0.005666666666666668), (301.98920000000004, 0.6321333333333333, 0.005666666666666668), (225.09366666666662, 0.0, 0.0), (499.1218, 0.0016666666666666668, 0.0011333333333333332)]","[0, 0, 0, 0, 0, 0, 0, 0, 0, 0, 0, 0, 0, 0, 0, 0, 0, 0, 0, 0, 0, 0, 0, 0, 0, 0, 0, 0, 0, 0, 0, 0, 0, 0, 0, 0, 0, 0, 0, 0, 0, 0, 0, 0, 0, 0, 0, 0, 0, 0, 0, 0, 0, 0, 0, 0, 0, 0, 0, 0, 0, 0, 0, 0, 0, 0, 0, 0, 0, 0, 0, 0, 0, 0, 0, 0, 0, 0, 0, 0, 0, 0, 0, 0, 0, 0, 0, 0, 0, 0, 0, 0, 0, 0, 0, 0, 0, 0, 0, 0, 0, 0, 0, 0, 0, 0, 0, 0, 0, 0, 0, (3, 0.0001, 0.21292777777777777), 0, (3, 0.0, 0.0017777777777777776), (3, 0.0, 0.02216111111111111), 0, (2, 0.6185666666666666, 0.005033333333333333), (3, 0.04115, 0.5988777777777777), (3, 0.00031666666666666665, 0.026144444444444446), (1, 0.0, 0.0011666666666666668), 0, (3, 0.0, 0.0011111111111111113), 0, (2, 0.0, 0.007866666666666668), (2, 0.0, 0.0010444444444444444), 0, (2, 0.0, 0.001261111111111111), (2, 0.0006666666666666666, 0.0023944444444444447), (1, 0.0, 0.00025), (1, 0.0, 0.00025), (1, 0.0, 0.0002833333333333333), (2, 0.0, 0.0010999999999999998)]","[-1, -1, -1, -1, -1, -1, -1, -1, -1, -1, -1, -1, -1, -1, -1, -1, -1, -1, -1, -1, -1, -1, -1, -1, -1, -1, -1, -1, -1, -1, -1, -1, -1, -1, -1, -1, -1, -1, -1, -1, -1, -1, -1, -1, -1, -1, -1, -1, -1, -1, -1, -1, -1, -1, -1, -1, -1, -1, -1, -1, -1, -1, -1, -1, -1, -1, -1, -1, -1, -1, -1, -1, -1, -1, -1, -1, -1, -1, -1, -1, -1, -1, -1, -1, -1, -1, -1, -1, -1, -1, -1, -1, -1, -1, -1, -1, -1, -1, -1, -1, -1, -1, -1, -1, -1, -1, -1, -1, -1, -1, -1, 11, -1, 8, 2, -1, 7, 4, 9, 7, -1, 2, -1, 10, 9, -1, 8, 3, 6, 3, 8, 14]","[False, False, False, False, False, False, False, False, False, False, False, False, False, False, False, False, False, False, False, False, False, False, False, False, False, False, False, False, False, False, False, False, False, False, False, False, False, False, False, False, False, False, False, False, False, False, False, False, False, False, False, False, False, False, False, False, False, False, False, False, False, False, False, False, False, False, False, False, False, False, False, False, False, False, False, False, False, False, False, False, False, False, False, False, False, False, False, False, False, False, False, False, False, False, False, False, False, False, False, False, False, False, False, False, False, False, False, False, False, False, False, True, False, True, True, False, True, True, True, True, False, True, False, True, True, False, True, True, True, True, True, True]"
99,"[0, 0, 0, 0, 0, 0, 0, 0, 0, 0, 0, 0, 0, 0, 0, 0, 0, 0, 0, 0, 0, 0, 0, 0, 0, 0, 0, 0, 0, 0, 0, 0, 0, 0, 0, 0, 0, 0, 0, 0, 0, 0, 0, 0, 0, 0, 0, 0, 0, 0, 0, 0, 0, 0, 0, 0, 0, 0, 0, 0, 0, 0, 0, 0, 0, 0, 0, 0, 0, 0, 0, 0, 0, 0, 0, 0, 0, 0, 0, 0, 0, 0, 0, 0, 0, 0, 0, 0, 0, 0, 0, 0, 0, 0, 0, 0, 0, 0, 0, 0, 0, 0, 0, 0, 0, 0, 0, 0, 0, 0, 0, 0, 0, 1111.85063246283, 2579.823708694874, 0, 0, 3262.0959778524575, 0, 0, 0, 1068.445052216534, 0, 1554.649748478609, 507.5113498495734, 0, 501.40426599866777, 522.1723339848888, 1309.0825188494155, 1309.0825188494155, 580.9669572335199, 1175.2894943758222]","[0, 0, 0, 0, 0, 0, 0, 0, 1, 1, 1, 1, 1, 1, 2, 2, 2, 2, 2, 2, 2, 3, 3, 3, 4, 4, 4, 5, 5, 5, 5, 6, 6, 6, 7, 7, 7, 7, 7, 8, 8, 8, 8, 8, 8, 8, 8, 9, 9, 9, 9, 9, 10, 10, 10, 10, 11, 11, 11, 12, 12, 12, 12, 12, 12, 13, 13, 13, 13, 13, 13, 14, 14, 14, 14, 15, 15, 15, 15, 15, 16, 16, 16, 17, 17, 17, 18, 18, 18, 18, 18, 19, 19, 20, 20, 20, 20, 20, 20, 21, 21, 21, 22, 22, 22, 22, 22, 22, 22, 23, 23, 23, 23, 23, 23, 24, 24, 24, 25, 26, 26, 26, 26, 26, 26, 27, 27, 27, 27, 27, 27, 28]","[1, 1, 1, 1, 1, 1, 1, 3, 2, 2, 2, 2, 2, 2, 3, 3, 4, 5, 8, 8, 8, 9, 11, 12, 12, 12, 12, 14, 14, 16, 17, 18, 21, 20, 21, 22, 25, 24, 26, 26, 26, 28, 26, 27, 27, 27, 28, 28, 33, 31, 31, 34, 35, 35, 35, 39, 40, 42, 43, 42, 43, 44, 44, 44, 45, 45, 46, 47, 49, 48, 51, 52, 53, 54, 55, 54, 55, 57, 56, 58, 58, 58, 58, 59, 64, 61, 62, 62, 63, 71, 64, 64, 65, 67, 68, 68, 68, 71, 70, 71, 74, 72, 72, 75, 74, 74, 75, 78, 78, 82, 80, 81, 81, 82, 84, 83, 84, 85, 87, 85, 85, 85, 86, 89, 89, 91, 92, 94, 95, 95, 95, 98]","[21, 5, 26, 12, 8, 8, 20, 15, 11, 19, 8, 9, 4, 26, 11, 11, 14, 12, 26, 27, 25, 35, 33, 31, 14, 27, 26, 18, 17, 24, 21, 28, 28, 24, 35, 45, 34, 27, 54, 42, 43, 44, 42, 30, 42, 31, 53, 53, 48, 43, 40, 54, 52, 39, 46, 45, 57, 68, 72, 58, 44, 64, 48, 72, 46, 51, 55, 56, 56, 58, 57, 59, 61, 81, 70, 64, 63, 64, 61, 62, 62, 65, 73, 67, 80, 68, 70, 68, 85, 75, 68, 82, 85, 74, 72, 75, 86, 77, 72, 80, 86, 92, 83, 95, 84, 84, 80, 98, 83, 91, 84, -1, 85, -1, -1, 95, 99, -1, -1, -1, 89, -1, 95, -1, -1, 94, -1, -1, -1, -1, -1, -1]","[0, 0, 0, 0, 0, 0, 0, 0, 0, 0, 0, 0, 0, 0, 0, 0, 0, 0, 0, 0, 0, 0, 0, 0, 0, 0, 0, 0, 0, 0, 0, 0, 0, 0, 0, 0, 0, 0, 0, 0, 0, 0, 0, 0, 0, 0, 0, 0, 0, 0, 0, 0, 0, 0, 0, 0, 0, 0, 0, 0, 0, 0, 0, 0, 0, 0, 0, 0, 0, 0, 0, 0, 0, 0, 0, 0, 0, 0, 0, 0, 0, 0, 0, 0, 0, 0, 0, 0, 0, 0, 0, 0, 0, 0, 0, 0, 0, 0, 0, 0, 0, 0, 0, 0, 0, 0, 0, 0, 0, 0, 0, 4029.0, 0, 1723.4433472311575, 2770.18932823917, 0, 0, 4029.0, 1760.7443250752133, 4029.0, 0, 1258.81067176083, 0, 4029.0, 2268.2556749247865, 0, 1112.9969807669952, 1621.0449075677368, 4029.0, 2407.9550924322634, 1192.5596720018475, 4029.0]","[0, 0, 0, 0, 0, 0, 0, 0, 0, 0, 0, 0, 0, 0, 0, 0, 0, 0, 0, 0, 0, 0, 0, 0, 0, 0, 0, 0, 0, 0, 0, 0, 0, 0, 0, 0, 0, 0, 0, 0, 0, 0, 0, 0, 0, 0, 0, 0, 0, 0, 0, 0, 0, 0, 0, 0, 0, 0, 0, 0, 0, 0, 0, 0, 0, 0, 0, 0, 0, 0, 0, 0, 0, 0, 0, 0, 0, 0, 0, 0, 0, 0, 0, 0, 0, 0, 0, 0, 0, 0, 0, 0, 0, 0, 0, 0, 0, 0, 0, 0, 0, 0, 0, 0, 0, 0, 0, 0, 0, 0, 0, (1392.5086000000001, 0.1512, 0.6417333333333333), 0, (209.715, 0.0033333333333333335, 0.0012666666666666666), (369.0984, 0.017666666666666667, 0.010733333333333333), 0, 0, (392.8656, 0.7547333333333333, 0.24346666666666666), (369.09826666666675, 0.0032, 0.0020666666666666667), (78.99226666666667, 0.0008, 0.0018666666666666666), 0, (204.1226, 0.0031333333333333335, 0.0012666666666666666), 0, (92.2746, 0.9142666666666668, 0.7324666666666667), (53.1278, 0.004533333333333333, 6.666666666666668e-05), 0, (0.0, 0.0057333333333333325, 0.001), (304.78553333333326, 0.0011333333333333332, 0.0014666666666666665), (333.44653333333326, 0.6355333333333333, 0.0052), (333.44653333333326, 0.6355333333333333, 0.0052), (159.38313333333332, 0.0, 0.0), (553.6476, 0.0017333333333333335, 0.0015333333333333334)]","[0, 0, 0, 0, 0, 0, 0, 0, 0, 0, 0, 0, 0, 0, 0, 0, 0, 0, 0, 0, 0, 0, 0, 0, 0, 0, 0, 0, 0, 0, 0, 0, 0, 0, 0, 0, 0, 0, 0, 0, 0, 0, 0, 0, 0, 0, 0, 0, 0, 0, 0, 0, 0, 0, 0, 0, 0, 0, 0, 0, 0, 0, 0, 0, 0, 0, 0, 0, 0, 0, 0, 0, 0, 0, 0, 0, 0, 0, 0, 0, 0, 0, 0, 0, 0, 0, 0, 0, 0, 0, 0, 0, 0, 0, 0, 0, 0, 0, 0, 0, 0, 0, 0, 0, 0, 0, 0, 0, 0, 0, 0, (3, 6.666666666666667e-05, 0.11822222222222224), 0, (3, 0.0, 0.0010833333333333333), (3, 0.0, 0.018283333333333335), 0, 0, (3, 0.00026666666666666673, 1.4022944444444445), (3, 0.2675166666666666, 0.1220111111111111), (1, 0.0, 0.0005666666666666666), 0, (3, 0.0, 0.0011833333333333333), 0, (2, 0.0, 0.010216666666666666), (2, 0.0, 0.001027777777777778), 0, (2, 0.0, 0.0012055555555555554), (2, 6.666666666666667e-05, 0.0023833333333333337), (1, 0.0, 0.0002111111111111111), (1, 0.0, 0.0002111111111111111), (1, 0.0, 0.0002722222222222222), (2, 0.0, 0.0005222222222222223)]","[-1, -1, -1, -1, -1, -1, -1, -1, -1, -1, -1, -1, -1, -1, -1, -1, -1, -1, -1, -1, -1, -1, -1, -1, -1, -1, -1, -1, -1, -1, -1, -1, -1, -1, -1, -1, -1, -1, -1, -1, -1, -1, -1, -1, -1, -1, -1, -1, -1, -1, -1, -1, -1, -1, -1, -1, -1, -1, -1, -1, -1, -1, -1, -1, -1, -1, -1, -1, -1, -1, -1, -1, -1, -1, -1, -1, -1, -1, -1, -1, -1, -1, -1, -1, -1, -1, -1, -1, -1, -1, -1, -1, -1, -1, -1, -1, -1, -1, -1, -1, -1, -1, -1, -1, -1, -1, -1, -1, -1, -1, -1, 11, -1, 8, 2, -1, -1, 4, 9, 7, -1, 2, -1, 10, 9, -1, 8, 3, 6, 3, 8, 14]","[False, False, False, False, False, False, False, False, False, False, False, False, False, False, False, False, False, False, False, False, False, False, False, False, False, False, False, False, False, False, False, False, False, False, False, False, False, False, False, False, False, False, False, False, False, False, False, False, False, False, False, False, False, False, False, False, False, False, False, False, False, False, False, False, False, False, False, False, False, False, False, False, False, False, False, False, False, False, False, False, False, False, False, False, False, False, False, False, False, False, False, False, False, False, False, False, False, False, False, False, False, False, False, False, False, False, False, False, False, False, False, True, False, True, True, False, False, True, True, True, False, True, False, True, True, False, True, True, True, True, True, True]"
100,"[0, 0, 0, 0, 0, 0, 0, 0, 0, 0, 0, 0, 0, 0, 0, 0, 0, 0, 0, 0, 0, 0, 0, 0, 0, 0, 0, 0, 0, 0, 0, 0, 0, 0, 0, 0, 0, 0, 0, 0, 0, 0, 0, 0, 0, 0, 0, 0, 0, 0, 0, 0, 0, 0, 0, 0, 0, 0, 0, 0, 0, 0, 0, 0, 0, 0, 0, 0, 0, 0, 0, 0, 0, 0, 0, 0, 0, 0, 0, 0, 0, 0, 0, 0, 0, 0, 0, 0, 0, 0, 0, 0, 0, 0, 0, 0, 0, 0, 0, 0, 0, 0, 0, 0, 0, 0, 0, 0, 0, 0, 0, 0, 0, 1111.85063246283, 2440.1517244661704, 0, 0, 3983.2963168658976, 0, 0, 0, 1111.85063246283, 0, 1560.5835261445573, 0, 0, 554.8082706612477, 531.0729987687222, 1207.75186362467, 1207.75186362467, 450.7502254398, 1121.8672446314667, 1115.1894634134223, 2180.662757134983, 2006.6731654957287]","[0, 0, 0, 0, 0, 0, 0, 0, 1, 1, 1, 1, 1, 1, 2, 2, 2, 2, 2, 2, 2, 3, 3, 3, 4, 4, 4, 5, 5, 5, 5, 6, 6, 6, 7, 7, 7, 7, 7, 8, 8, 8, 8, 8, 8, 8, 8, 9, 9, 9, 9, 9, 10, 10, 10, 10, 11, 11, 11, 12, 12, 12, 12, 12, 12, 13, 13, 13, 13, 13, 13, 14, 14, 14, 14, 15, 15, 15, 15, 15, 16, 16, 16, 17, 17, 17, 18, 18, 18, 18, 18, 19, 19, 20, 20, 20, 20, 20, 20, 21, 21, 21, 22, 22, 22, 22, 22, 22, 22, 23, 23, 23, 23, 23, 23, 24, 24, 24, 25, 26, 26, 26, 26, 26, 26, 27, 27, 27, 27, 27, 27, 28, 28, 28, 28]","[1, 1, 1, 1, 1, 1, 1, 3, 2, 2, 2, 2, 2, 2, 3, 3, 4, 5, 8, 8, 8, 9, 11, 12, 12, 12, 12, 14, 14, 16, 17, 18, 21, 20, 21, 22, 25, 24, 26, 26, 26, 28, 26, 27, 27, 27, 28, 28, 33, 31, 31, 34, 35, 35, 35, 39, 40, 42, 43, 42, 43, 44, 44, 44, 45, 45, 46, 47, 49, 48, 51, 52, 53, 54, 55, 54, 55, 57, 56, 58, 58, 58, 58, 59, 64, 61, 62, 62, 63, 71, 64, 64, 65, 67, 68, 68, 68, 71, 70, 71, 74, 72, 72, 75, 74, 74, 75, 78, 78, 82, 80, 81, 81, 82, 84, 83, 84, 85, 87, 85, 85, 85, 86, 89, 89, 91, 92, 94, 95, 95, 95, 98, 100, 100, 100]","[21, 5, 26, 12, 8, 8, 20, 15, 11, 19, 8, 9, 4, 26, 11, 11, 14, 12, 26, 27, 25, 35, 33, 31, 14, 27, 26, 18, 17, 24, 21, 28, 28, 24, 35, 45, 34, 27, 54, 42, 43, 44, 42, 30, 42, 31, 53, 53, 48, 43, 40, 54, 52, 39, 46, 45, 57, 68, 72, 58, 44, 64, 48, 72, 46, 51, 55, 56, 56, 58, 57, 59, 61, 81, 70, 64, 63, 64, 61, 62, 62, 65, 73, 67, 80, 68, 70, 68, 85, 75, 68, 82, 85, 74, 72, 75, 86, 77, 72, 80, 86, 92, 83, 95, 84, 84, 80, 98, 83, 91, 84, 100, 85, -1, -1, 95, 99, -1, 100, 100, 89, -1, 95, -1, -1, 94, -1, -1, -1, -1, -1, -1, -1, -1, -1]","[0, 0, 0, 0, 0, 0, 0, 0, 0, 0, 0, 0, 0, 0, 0, 0, 0, 0, 0, 0, 0, 0, 0, 0, 0, 0, 0, 0, 0, 0, 0, 0, 0, 0, 0, 0, 0, 0, 0, 0, 0, 0, 0, 0, 0, 0, 0, 0, 0, 0, 0, 0, 0, 0, 0, 0, 0, 0, 0, 0, 0, 0, 0, 0, 0, 0, 0, 0, 0, 0, 0, 0, 0, 0, 0, 0, 0, 0, 0, 0, 0, 0, 0, 0, 0, 0, 0, 0, 0, 0, 0, 0, 0, 0, 0, 0, 0, 0, 0, 0, 0, 0, 0, 0, 0, 0, 0, 0, 0, 0, 0, 0, 0, 1749.0475896082041, 2678.65054600167, 0, 0, 4029.0, 0, 0, 0, 1350.3494539983296, 0, 4029.0, 4029.0, 0, 1192.0052278066219, 1676.1605675720261, 4029.0, 2352.839432427974, 1087.9471825851742, 1572.0970395678692, 1481.7633531392196, 2547.2366468607806, 2456.9029604321313]","[0, 0, 0, 0, 0, 0, 0, 0, 0, 0, 0, 0, 0, 0, 0, 0, 0, 0, 0, 0, 0, 0, 0, 0, 0, 0, 0, 0, 0, 0, 0, 0, 0, 0, 0, 0, 0, 0, 0, 0, 0, 0, 0, 0, 0, 0, 0, 0, 0, 0, 0, 0, 0, 0, 0, 0, 0, 0, 0, 0, 0, 0, 0, 0, 0, 0, 0, 0, 0, 0, 0, 0, 0, 0, 0, 0, 0, 0, 0, 0, 0, 0, 0, 0, 0, 0, 0, 0, 0, 0, 0, 0, 0, 0, 0, 0, 0, 0, 0, 0, 0, 0, 0, 0, 0, 0, 0, 0, 0, 0, 0, 0, 0, (215.3074, 0.0034, 0.0012666666666666666), (346.7288, 0.020133333333333333, 0.010266666666666667), 0, 0, (432.01279999999997, 0.8446, 0.2776), 0, 0, 0, (156.58720000000002, 0.003533333333333333, 0.0013333333333333333), 0, (134.2176, 0.8891333333333333, 0.7291333333333333), (100.6632, 0.0044666666666666665, 0.00013333333333333334), 0, (33.5544, 0.005333333333333333, 0.001), (258.64813333333325, 0.0011333333333333332, 0.0015333333333333334), (333.44653333333326, 0.7292666666666667, 0.004666666666666667), (333.44653333333326, 0.7292666666666667, 0.004666666666666667), (201.3262, 0.0, 0.0), (461.3726, 0.008400000000000001, 0.008866666666666667), (499.1218, 0.0016666666666666668, 0.0011333333333333332), (473.9556, 4.806, 0.02386666666666667), (306.18366666666674, 0.5942000000000001, 0.19193333333333337)]","[0, 0, 0, 0, 0, 0, 0, 0, 0, 0, 0, 0, 0, 0, 0, 0, 0, 0, 0, 0, 0, 0, 0, 0, 0, 0, 0, 0, 0, 0, 0, 0, 0, 0, 0, 0, 0, 0, 0, 0, 0, 0, 0, 0, 0, 0, 0, 0, 0, 0, 0, 0, 0, 0, 0, 0, 0, 0, 0, 0, 0, 0, 0, 0, 0, 0, 0, 0, 0, 0, 0, 0, 0, 0, 0, 0, 0, 0, 0, 0, 0, 0, 0, 0, 0, 0, 0, 0, 0, 0, 0, 0, 0, 0, 0, 0, 0, 0, 0, 0, 0, 0, 0, 0, 0, 0, 0, 0, 0, 0, 0, 0, 0, (3, 0.0, 0.0010944444444444443), (3, 0.0, 0.02930555555555556), 0, 0, (3, 0.0, 1.846088888888889), 0, 0, 0, (3, 0.0, 0.0009833333333333335), 0, (2, 1.666666666666667e-05, 0.00786111111111111), (2, 0.0, 0.001077777777777778), 0, (2, 0.0, 0.002505555555555556), (2, 0.0010333333333333334, 0.0024222222222222223), (1, 0.0, 0.00021666666666666668), (1, 0.0, 0.00021666666666666668), (1, 0.0, 0.0002666666666666667), (2, 0.0, 0.0004944444444444445), (2, 0.0, 0.0010999999999999998), (1, 0.0, 0.005094444444444444), (3, 0.011550000000000001, 0.43049444444444446)]","[-1, -1, -1, -1, -1, -1, -1, -1, -1, -1, -1, -1, -1, -1, -1, -1, -1, -1, -1, -1, -1, -1, -1, -1, -1, -1, -1, -1, -1, -1, -1, -1, -1, -1, -1, -1, -1, -1, -1, -1, -1, -1, -1, -1, -1, -1, -1, -1, -1, -1, -1, -1, -1, -1, -1, -1, -1, -1, -1, -1, -1, -1, -1, -1, -1, -1, -1, -1, -1, -1, -1, -1, -1, -1, -1, -1, -1, -1, -1, -1, -1, -1, -1, -1, -1, -1, -1, -1, -1, -1, -1, -1, -1, -1, -1, -1, -1, -1, -1, -1, -1, -1, -1, -1, -1, -1, -1, -1, -1, -1, -1, -1, -1, 8, 2, -1, -1, 4, -1, -1, -1, 2, -1, 10, 9, -1, 8, 3, 6, 3, 8, 14, 11, 11, 14]","[False, False, False, False, False, False, False, False, False, False, False, False, False, False, False, False, False, False, False, False, False, False, False, False, False, False, False, False, False, False, False, False, False, False, False, False, False, False, False, False, False, False, False, False, False, False, False, False, False, False, False, False, False, False, False, False, False, False, False, False, False, False, False, False, False, False, False, False, False, False, False, False, False, False, False, False, False, False, False, False, False, False, False, False, False, False, False, False, False, False, False, False, False, False, False, False, False, False, False, False, False, False, False, False, False, False, False, False, False, False, False, False, False, True, True, False, False, True, False, False, False, True, False, True, True, False, True, True, True, True, True, True, True, True, True]"
101,"[0, 0, 0, 0, 0, 0, 0, 0, 0, 0, 0, 0, 0, 0, 0, 0, 0, 0, 0, 0, 0, 0, 0, 0, 0, 0, 0, 0, 0, 0, 0, 0, 0, 0, 0, 0, 0, 0, 0, 0, 0, 0, 0, 0, 0, 0, 0, 0, 0, 0, 0, 0, 0, 0, 0, 0, 0, 0, 0, 0, 0, 0, 0, 0, 0, 0, 0, 0, 0, 0, 0, 0, 0, 0, 0, 0, 0, 0, 0, 0, 0, 0, 0, 0, 0, 0, 0, 0, 0, 0, 0, 0, 0, 0, 0, 0, 0, 0, 0, 0, 0, 0, 0, 0, 0, 0, 0, 0, 0, 0, 0, 0, 0, 0, 2141.6370915067846, 0, 0, 3906.5018363228, 0, 0, 0, 1125.2061956155367, 0, 1530.9146378148132, 0, 0, 528.1062683299576, 537.0067752912778, 0, 1246.093192628628, 537.5613799689467, 1035.0560887968888, 1175.2894943758222, 1462.6758357381586, 1352.2506356501997, 922.7020845904912]","[0, 0, 0, 0, 0, 0, 0, 0, 1, 1, 1, 1, 1, 1, 2, 2, 2, 2, 2, 2, 2, 3, 3, 3, 4, 4, 4, 5, 5, 5, 5, 6, 6, 6, 7, 7, 7, 7, 7, 8, 8, 8, 8, 8, 8, 8, 8, 9, 9, 9, 9, 9, 10, 10, 10, 10, 11, 11, 11, 12, 12, 12, 12, 12, 12, 13, 13, 13, 13, 13, 13, 14, 14, 14, 14, 15, 15, 15, 15, 15, 16, 16, 16, 17, 17, 17, 18, 18, 18, 18, 18, 19, 19, 20, 20, 20, 20, 20, 20, 21, 21, 21, 22, 22, 22, 22, 22, 22, 22, 23, 23, 23, 23, 23, 23, 24, 24, 24, 25, 26, 26, 26, 26, 26, 26, 27, 27, 27, 27, 27, 27, 28, 28, 28, 28, 29]","[1, 1, 1, 1, 1, 1, 1, 3, 2, 2, 2, 2, 2, 2, 3, 3, 4, 5, 8, 8, 8, 9, 11, 12, 12, 12, 12, 14, 14, 16, 17, 18, 21, 20, 21, 22, 25, 24, 26, 26, 26, 28, 26, 27, 27, 27, 28, 28, 33, 31, 31, 34, 35, 35, 35, 39, 40, 42, 43, 42, 43, 44, 44, 44, 45, 45, 46, 47, 49, 48, 51, 52, 53, 54, 55, 54, 55, 57, 56, 58, 58, 58, 58, 59, 64, 61, 62, 62, 63, 71, 64, 64, 65, 67, 68, 68, 68, 71, 70, 71, 74, 72, 72, 75, 74, 74, 75, 78, 78, 82, 80, 81, 81, 82, 84, 83, 84, 85, 87, 85, 85, 85, 86, 89, 89, 91, 92, 94, 95, 95, 95, 98, 100, 100, 100, 101]","[21, 5, 26, 12, 8, 8, 20, 15, 11, 19, 8, 9, 4, 26, 11, 11, 14, 12, 26, 27, 25, 35, 33, 31, 14, 27, 26, 18, 17, 24, 21, 28, 28, 24, 35, 45, 34, 27, 54, 42, 43, 44, 42, 30, 42, 31, 53, 53, 48, 43, 40, 54, 52, 39, 46, 45, 57, 68, 72, 58, 44, 64, 48, 72, 46, 51, 55, 56, 56, 58, 57, 59, 61, 81, 70, 64, 63, 64, 61, 62, 62, 65, 73, 67, 80, 68, 70, 68, 85, 75, 68, 82, 85, 74, 72, 75, 86, 77, 72, 80, 86, 92, 83, 95, 84, 84, 80, 98, 83, 91, 84, 100, 85, -1, -1, 95, 99, -1, 100, 100, 89, -1, 95, -1, 101, 94, -1, -1, -1, -1, -1, -1, -1, -1, -1, -1]","[0, 0, 0, 0, 0, 0, 0, 0, 0, 0, 0, 0, 0, 0, 0, 0, 0, 0, 0, 0, 0, 0, 0, 0, 0, 0, 0, 0, 0, 0, 0, 0, 0, 0, 0, 0, 0, 0, 0, 0, 0, 0, 0, 0, 0, 0, 0, 0, 0, 0, 0, 0, 0, 0, 0, 0, 0, 0, 0, 0, 0, 0, 0, 0, 0, 0, 0, 0, 0, 0, 0, 0, 0, 0, 0, 0, 0, 0, 0, 0, 0, 0, 0, 0, 0, 0, 0, 0, 0, 0, 0, 0, 0, 0, 0, 0, 0, 0, 0, 0, 0, 0, 0, 0, 0, 0, 0, 0, 0, 0, 0, 0, 0, 987.7774505670319, 2522.715447945624, 0, 0, 4029.0, 0, 0, 0, 1506.284552054376, 0, 4029.0, 0, 0, 1515.8837188969896, 1659.956791331325, 4029.0, 2369.043208668675, 1525.3388305359786, 1855.9027265733446, 1331.4003561409982, 1618.7866975033346, 2173.097273426655, 1078.8129463556672]","[0, 0, 0, 0, 0, 0, 0, 0, 0, 0, 0, 0, 0, 0, 0, 0, 0, 0, 0, 0, 0, 0, 0, 0, 0, 0, 0, 0, 0, 0, 0, 0, 0, 0, 0, 0, 0, 0, 0, 0, 0, 0, 0, 0, 0, 0, 0, 0, 0, 0, 0, 0, 0, 0, 0, 0, 0, 0, 0, 0, 0, 0, 0, 0, 0, 0, 0, 0, 0, 0, 0, 0, 0, 0, 0, 0, 0, 0, 0, 0, 0, 0, 0, 0, 0, 0, 0, 0, 0, 0, 0, 0, 0, 0, 0, 0, 0, 0, 0, 0, 0, 0, 0, 0, 0, 0, 0, 0, 0, 0, 0, 0, 0, (204.1226, 0.0036666666666666666, 0.0014666666666666665), (570.4248, 0.0178, 0.010199999999999999), 0, 0, (339.7382, 0.8196, 0.2693333333333333), 0, 0, 0, (204.1226, 0.0036666666666666666, 0.0014666666666666665), 0, (120.23660000000001, 0.8804666666666667, 0.7153333333333335), 0, 0, (134.2176, 0.0048, 0.0), (289.4064, 0.0012, 0.0015333333333333334), (415.23546666666675, 0.7115333333333334, 0.006666666666666668), (415.23546666666675, 0.7115333333333334, 0.006666666666666668), (183.15086666666667, 0.00013333333333333334, 6.666666666666668e-05), (448.7898, 0.009933333333333334, 0.0104), (553.6476, 0.0017333333333333335, 0.0015333333333333334), (384.4776, 1.923, 0.024933333333333335), (281.018, 0.42160000000000003, 0.13533333333333333), (97.867, 0.5311333333333333, 0.4374666666666666)]","[0, 0, 0, 0, 0, 0, 0, 0, 0, 0, 0, 0, 0, 0, 0, 0, 0, 0, 0, 0, 0, 0, 0, 0, 0, 0, 0, 0, 0, 0, 0, 0, 0, 0, 0, 0, 0, 0, 0, 0, 0, 0, 0, 0, 0, 0, 0, 0, 0, 0, 0, 0, 0, 0, 0, 0, 0, 0, 0, 0, 0, 0, 0, 0, 0, 0, 0, 0, 0, 0, 0, 0, 0, 0, 0, 0, 0, 0, 0, 0, 0, 0, 0, 0, 0, 0, 0, 0, 0, 0, 0, 0, 0, 0, 0, 0, 0, 0, 0, 0, 0, 0, 0, 0, 0, 0, 0, 0, 0, 0, 0, 0, 0, (3, 0.0, 0.0011055555555555556), (3, 1.666666666666667e-05, 0.026933333333333333), 0, 0, (3, 3.3333333333333335e-05, 1.7759777777777779), 0, 0, 0, (3, 0.0, 0.0017777777777777776), 0, (2, 5e-05, 0.008244444444444445), 0, 0, (2, 0.0, 0.0018000000000000002), (2, 0.00013333333333333334, 0.0024055555555555557), (1, 0.0, 0.0005666666666666666), (1, 0.0, 0.0005666666666666666), (1, 0.005966666666666668, 0.0008777777777777778), (2, 0.0, 0.0004944444444444445), (2, 0.0, 0.0005222222222222223), (1, 0.0, 0.005011111111111111), (3, 1.666666666666667e-05, 0.2272388888888889), (1, 0.0, 0.0014666666666666662)]","[-1, -1, -1, -1, -1, -1, -1, -1, -1, -1, -1, -1, -1, -1, -1, -1, -1, -1, -1, -1, -1, -1, -1, -1, -1, -1, -1, -1, -1, -1, -1, -1, -1, -1, -1, -1, -1, -1, -1, -1, -1, -1, -1, -1, -1, -1, -1, -1, -1, -1, -1, -1, -1, -1, -1, -1, -1, -1, -1, -1, -1, -1, -1, -1, -1, -1, -1, -1, -1, -1, -1, -1, -1, -1, -1, -1, -1, -1, -1, -1, -1, -1, -1, -1, -1, -1, -1, -1, -1, -1, -1, -1, -1, -1, -1, -1, -1, -1, -1, -1, -1, -1, -1, -1, -1, -1, -1, -1, -1, -1, -1, -1, -1, 8, 2, -1, -1, 4, -1, -1, -1, 2, -1, 10, -1, -1, 8, 3, 6, 3, 8, 14, 11, 11, 14, 11]","[False, False, False, False, False, False, False, False, False, False, False, False, False, False, False, False, False, False, False, False, False, False, False, False, False, False, False, False, False, False, False, False, False, False, False, False, False, False, False, False, False, False, False, False, False, False, False, False, False, False, False, False, False, False, False, False, False, False, False, False, False, False, False, False, False, False, False, False, False, False, False, False, False, False, False, False, False, False, False, False, False, False, False, False, False, False, False, False, False, False, False, False, False, False, False, False, False, False, False, False, False, False, False, False, False, False, False, False, False, False, False, False, False, True, True, False, False, True, False, False, False, True, False, True, False, False, True, True, True, True, True, True, True, True, True, True]"
