interval,ips,create,start,destroy,apparentips,ram,disk,hostalloc,active
1,"[501.40426599866777, 450.7502254398, 80.13338746088, 2047.1528695743666, 3121.8625785998443, 2180.662757134983]","[0, 0, 0, 0, 0, 0]","[1, 1, 1, 1, 1, 1]","[-1, -1, -1, -1, -1, -1]","[4029.0, 2199.80841898946, 1829.19158101054, 4029.0, 4029.0, 4029.0]","[(0.0, 0.0048, 6.666666666666668e-05), (184.549, 0.0, 0.0), (75.84646666666666, 0.0, 0.0), (545.259, 0.6861333333333334, 1.4692), (0.0, 0.0, 0.0), (473.9556, 4.806, 0.02386666666666667)]","[(2, 0.0, 0.0013222222222222222), (1, 0.0, 0.00029444444444444445), (2, 0.00015, 0.0002722222222222222), (1, 0.07585, 0.04698333333333333), (2, 0.0, 0.0), (1, 0.0, 0.005094444444444444)]","[14, 10, 10, 11, 2, 7]","[True, True, True, True, True, True]"
2,"[498.43737685074666, 570.9502855570801, 0, 1922.54356446984, 3065.1014408071205, 1462.6758357381586, 1876.4565081617916]","[0, 0, 0, 0, 0, 0, 1]","[1, 1, 1, 1, 1, 1, 2]","[-1, -1, -1, -1, -1, -1, -1]","[4029.0, 4029.0, 4029.0, 4029.0, 4029.0, 4029.0, 4029.0]","[(145.4024, 0.004733333333333333, 6.666666666666668e-05), (225.0938, 0.0, 0.0), (71.827, 0.0, 0.0), (738.1968, 0.7232666666666667, 1.2136), (0.0, 0.0, 0.0), (384.4776, 1.923, 0.024933333333333335), (258.64820000000003, 0.019533333333333337, 0.0016)]","[(2, 0.0, 0.0012666666666666666), (1, 0.0, 0.0002833333333333333), (2, 0.09475, 0.017716666666666665), (1, 0.0017166666666666665, 0.0023777777777777777), (2, 0.0, 0.0), (1, 0.0, 0.005011111111111111), (3, 0.05115, 0.03694444444444444)]","[5, 10, 3, 4, 0, 1, 14]","[True, True, True, True, True, True, True]"
3,"[498.43737685074666, 500.8335838220001, 0, 2011.5502109730733, 2911.512479720924, 2530.7555535185593, 1328.8784523992754, 884.1326637750533, 590.9835929581135, 3752.9130163235823]","[0, 0, 0, 0, 0, 0, 1, 2, 2, 2]","[1, 1, 1, 1, 1, 1, 2, 3, 3, 3]","[-1, -1, 3, -1, -1, -1, -1, -1, -1, -1]","[4029.0, 4029.0, 0, 4029.0, 4029.0, 4029.0, 4029.0, 4029.0, 4029.0, 4029.0]","[(67.1088, 0.004666666666666667, 0.0), (191.5394, 0.0, 0.0), 0, (564.8324, 0.6947333333333332, 1.3258666666666665), (0.0, 0.0, 0.0), (419.43, 3.8347333333333333, 0.0464), (328.5534, 0.0005333333333333334, 0.0006), (128.62506666666664, 0.00046666666666666666, 0.0014), (265.6387333333333, 0.05313333333333333, 0.031266666666666665), (388.67179999999996, 7.663399999999999, 2.4918666666666667)]","[(2, 0.0, 0.0012333333333333335), (1, 1.666666666666667e-05, 0.0002611111111111111), 0, (1, 0.00225, 0.06516111111111111), (2, 0.0, 0.0), (1, 0.00031666666666666665, 0.004988888888888889), (3, 0.06125, 0.025472222222222222), (2, 0.0705, 0.025599999999999998), (3, 0.0, 0.006316666666666667), (2, 0.0, 0.016355555555555557)]","[7, 8, -1, 6, 2, 3, 9, 12, 1, 13]","[True, True, False, True, True, True, True, True, True, True]"
4,"[0, 0, 0, 2940.186222823474, 3145.2348118086134, 1379.6029687996834, 2050.0788185255155, 845.5631180399, 580.9669218910268, 2794.65141873918, 3121.8625785998443, 2006.6731654957287, 454.0891471920266, 628.9803113908888]","[0, 0, 0, 0, 0, 0, 1, 2, 2, 2, 3, 3, 3, 3]","[1, 1, 1, 1, 1, 1, 2, 3, 3, 3, 4, 4, 4, 4]","[-1, -1, 3, -1, -1, -1, -1, -1, -1, -1, -1, -1, -1, -1]","[453.5687107000779, 1787.4554264039866, 0, 4029.0, 4029.0, 4029.0, 4029.0, 4029.0, 4029.0, 4029.0, 3575.4312892999224, 4029.0, 2241.5445735960134, 4029.0]","[(100.6632, 0.004666666666666667, 6.666666666666668e-05), (225.09366666666662, 0.0, 0.0), 0, (1015.0211999999999, 0.7137333333333332, 1.397666666666667), (0.0, 0.0, 0.0), (442.49846666666673, 3.044, 0.055333333333333345), (298.49406666666664, 0.0016666666666666668, 0.005466666666666667), (120.23626666666664, 0.0, 0.001066666666666667), (272.62933333333325, 0.053200000000000004, 0.03573333333333333), (651.5146, 19.004533333333335, 2.486266666666667), (0.0, 0.0, 0.0), (306.18366666666674, 0.5942000000000001, 0.19193333333333337), (29.621666666666673, 4.1293999999999995, 4.1416), (320.1647333333333, 0.0011333333333333332, 0.0015333333333333334)]","[(2, 0.0, 0.001238888888888889), (1, 0.0, 0.0002833333333333333), 0, (1, 1.0436000000000003, 0.5150888888888889), (2, 0.0, 0.0), (1, 0.0, 0.004972222222222222), (3, 0.0008666666666666667, 0.016138888888888887), (2, 1.666666666666667e-05, 0.0006111111111111112), (3, 0.0, 0.0011611111111111112), (2, 0.0, 0.0053), (2, 0.0, 0.0), (3, 0.011550000000000001, 0.43049444444444446), (3, 0.0, 1.6666666666666667e-05), (2, 0.0037166666666666667, 0.0028777777777777777)]","[11, 14, -1, 10, 4, 5, 15, 1, 0, 2, 11, 3, 14, 9]","[True, True, False, True, True, True, True, True, True, True, True, True, True, True]"
5,"[0, 0, 0, 2067.9210870917877, 2988.3069602640226, 1530.9142621519063, 1896.4898516652977, 809.96046043822, 557.5946894011578, 1739.5619942211624, 3065.1014408071205, 1352.2506356501997, 1315.5229705416066, 634.9140879134446, 1155.2559781834066, 1115.1894634134223, 731.2170323801198, 454.0891471920266]","[0, 0, 0, 0, 0, 0, 1, 2, 2, 2, 3, 3, 3, 3, 3, 4, 4, 4]","[1, 1, 1, 1, 1, 1, 2, 3, 3, 3, 4, 4, 4, 4, 5, 5, 5, 5]","[5, 5, 3, -1, -1, -1, -1, -1, -1, -1, -1, -1, -1, -1, -1, -1, -1, -1]","[0, 0, 0, 4029.0, 4029.0, 4029.0, 2597.1364096425887, 4029.0, 4029.0, 4029.0, 4029.0, 4029.0, 4029.0, 4029.0, 4029.0, 2345.050158110698, 1431.8635903574109, 1683.949841889302]","[0, 0, 0, (679.4766, 0.7587999999999999, 1.3356666666666668), (0.0, 0.0, 0.0), (440.4012, 3.206266666666667, 0.1867333333333333), (294.3, 0.001066666666666667, 0.005466666666666667), (72.7008, 6.666666666666668e-05, 0.0015333333333333334), (160.78126666666668, 0.05293333333333333, 0.031466666666666664), (369.0984, 16.1096, 2.579733333333333), (0.0, 0.0, 0.0), (281.018, 0.42160000000000003, 0.13533333333333333), (29.53446666666667, 12.107333333333337, 12.139266666666664), (300.59133333333324, 0.0011333333333333332, 0.0015333333333333334), (67.10839999999999, 0.00013333333333333334, 0.001), (499.1218, 0.0016666666666666668, 0.0011333333333333332), (178.9568, 0.0019333333333333331, 0.0014666666666666665), (29.621666666666673, 4.1293999999999995, 4.1416)]","[0, 0, 0, (1, 0.0012666666666666666, 0.0020055555555555556), (2, 0.0, 0.0), (1, 1.666666666666667e-05, 0.0052), (3, 0.0002, 0.014294444444444445), (2, 0.0, 0.0005666666666666668), (3, 0.0, 0.0011222222222222222), (2, 0.0, 0.00225), (2, 0.0, 0.0), (3, 1.666666666666667e-05, 0.2272388888888889), (3, 0.0, 1.6666666666666667e-05), (2, 0.0004, 0.0023666666666666667), (1, 0.0, 0.0005722222222222222), (2, 0.0, 0.0010999999999999998), (1, 0.36411666666666676, 0.01315), (3, 0.0, 1.6666666666666667e-05)]","[-1, -1, -1, 10, 13, 0, 5, 7, 6, 8, 3, 12, 4, 1, 2, 15, 5, 15]","[False, False, False, True, True, True, True, True, True, True, True, True, True, True, True, True, True, True]"
6,"[0, 0, 0, 2038.2522049240424, 3008.340303014396, 1483.4440524727775, 2227.0400194731583, 1317.2983312621604, 574.2891411796356, 1826.3731494030244, 2911.512479720924, 1409.0117734429248, 1135.2228679800667, 557.7749931202221, 1151.9170880730503, 2047.1528695743666, 1175.2894943758222, 657.7614400862267, 1315.5229705416066]","[0, 0, 0, 0, 0, 0, 1, 2, 2, 2, 3, 3, 3, 3, 3, 4, 4, 4, 4]","[1, 1, 1, 1, 1, 1, 2, 3, 3, 3, 4, 4, 4, 4, 5, 6, 5, 5, 5]","[5, 5, 3, -1, -1, -1, -1, -1, -1, -1, -1, -1, -1, -1, -1, -1, -1, -1, -1]","[0, 0, 0, 2375.864617191218, 4029.0, 1642.7020164998096, 2386.2979835001906, 4029.0, 4029.0, 4029.0, 4029.0, 4029.0, 4029.0, 4029.0, 4029.0, 4029.0, 4029.0, 4029.0, 1653.135382808782]","[0, 0, 0, (654.3108000000001, 0.7628666666666667, 1.1362666666666668), (0.0, 0.0, 0.0), (478.84913333333344, 2.3301999999999996, 0.8102), (234.18133333333338, 0.0016666666666666668, 0.0016), (75.49706666666667, 0.0, 0.001066666666666667), (143.3049333333333, 0.05273333333333334, 0.030533333333333336), (268.4352, 13.852799999999998, 1.682), (0.0, 0.0, 0.0), (255.852, 0.49213333333333326, 0.15953333333333333), (31.3258, 10.272666666666666, 10.300266666666666), (288.00833333333327, 0.0011333333333333332, 0.0014), (72.70093333333334, 6.666666666666668e-05, 0.001), (545.259, 0.6861333333333334, 1.4692), (553.6476, 0.0017333333333333335, 0.0015333333333333334), (192.93779999999998, 0.003933333333333333, 0.0014666666666666665), (29.53446666666667, 12.107333333333337, 12.139266666666664)]","[0, 0, 0, (1, 0.011416666666666664, 0.047094444444444446), (2, 0.0, 0.0), (1, 0.0, 0.004461111111111111), (3, 0.0006666666666666666, 0.02163888888888889), (2, 1.666666666666667e-05, 0.0007), (3, 0.0, 0.0011333333333333332), (2, 0.0, 0.005916666666666666), (2, 0.0, 0.0), (3, 8.333333333333333e-05, 0.28617777777777775), (3, 0.0, 4.4444444444444447e-05), (2, 0.00026666666666666673, 0.002455555555555556), (1, 0.0, 0.0005666666666666666), (1, 0.07585, 0.04698333333333333), (2, 0.0, 0.0005222222222222223), (1, 0.26766666666666666, 0.015294444444444444), (3, 0.0, 1.6666666666666667e-05)]","[-1, -1, -1, 10, 8, 9, 9, 4, 3, 5, 0, 7, 1, 11, 14, 6, 15, 2, 10]","[False, False, False, True, True, True, True, True, True, True, True, True, True, True, True, True, True, True, True]"
7,"[0, 0, 0, 2070.887975308562, 3068.4403312655163, 0, 1766.2731188925045, 1459.7089616688797, 577.6280315353312, 1612.6841520322869, 3145.2348118086134, 1816.3564093671823, 1145.2395403445964, 0, 1158.5948682937635, 1922.54356446984, 1121.8672446314667, 711.18368902724, 1135.2228679800667]","[0, 0, 0, 0, 0, 0, 1, 2, 2, 2, 3, 3, 3, 3, 3, 4, 4, 4, 4]","[1, 1, 1, 1, 1, 1, 2, 3, 3, 3, 4, 4, 4, 4, 5, 6, 5, 5, 5]","[5, 5, 3, -1, -1, -1, -1, -1, -1, -1, -1, -1, -1, -1, -1, -1, -1, -1, -1]","[0, 0, 0, 2489.0103653385477, 4029.0, 1053.22821776508, 4029.0, 4029.0, 4029.0, 4029.0, 4029.0, 4029.0, 4029.0, 4029.0, 4029.0, 2975.77178223492, 1539.9896346614523, 4029.0, 4029.0]","[0, 0, 0, (506.11220000000003, 0.7000666666666667, 1.4158), (0.0, 0.0, 0.0), (333.44686666666666, 0.9099333333333333, 0.8626), (242.57, 0.0003333333333333333, 0.0004), (114.64386666666668, 0.0, 0.0011333333333333332), (167.77166666666662, 0.052866666666666666, 0.030466666666666666), (383.0794, 15.210066666666668, 1.8525333333333331), (0.0, 0.0, 0.0), (226.49179999999998, 0.6, 0.19540000000000002), (31.238400000000002, 10.958333333333334, 10.986266666666667), (311.7758666666666, 0.0011333333333333332, 0.0015333333333333334), (75.49719999999999, 0.0004, 0.0014666666666666665), (738.1968, 0.7232666666666667, 1.2136), (461.3726, 0.008400000000000001, 0.008866666666666667), (134.2176, 0.002, 0.0014), (31.3258, 10.272666666666666, 10.300266666666666)]","[0, 0, 0, (1, 0.0675, 0.04805), (2, 0.0, 0.0), (1, 0.0, 0.004088888888888889), (3, 6.666666666666667e-05, 0.009744444444444444), (2, 0.0, 0.0006555555555555555), (3, 1.666666666666667e-05, 0.0011833333333333333), (2, 0.0, 0.0036999999999999997), (2, 0.0, 0.0), (3, 0.00016666666666666666, 0.37338333333333334), (3, 0.0, 2.2222222222222223e-05), (2, 0.0, 0.002388888888888889), (1, 0.0, 0.0005499999999999999), (1, 0.0017166666666666665, 0.0023777777777777777), (2, 0.0, 0.0004944444444444445), (1, 0.2701, 0.013050000000000004), (3, 0.0, 4.4444444444444447e-05)]","[-1, -1, -1, 11, 8, 4, 7, 2, 1, 3, 12, 5, 13, 9, 14, 4, 11, 0, 10]","[False, False, False, True, True, True, True, True, True, True, True, True, True, True, True, True, True, True, True]"
8,"[0, 0, 0, 1964.079999504682, 3021.6958648479776, 0, 1993.317678598913, 0, 0, 1499.1618721790824, 2988.3069602640226, 2230.3788262082307, 1218.6951376844836, 0, 1151.9170880730503, 2011.5502109730733, 1035.0560887968888, 647.7447684097866, 1145.2395403445964, 685.3513090824399, 3121.8625785998443]","[0, 0, 0, 0, 0, 0, 1, 2, 2, 2, 3, 3, 3, 3, 3, 4, 4, 4, 4, 4, 4]","[1, 1, 1, 1, 1, 1, 2, 3, 3, 3, 4, 4, 4, 4, 5, 6, 5, 5, 5, 8, 8]","[5, 5, 3, -1, -1, 8, -1, -1, -1, -1, -1, -1, -1, 8, -1, -1, -1, -1, -1, -1, -1]","[0, 0, 0, 2420.5814557158155, 4029.0, 0, 4029.0, 453.5687107000779, 4029.0, 4029.0, 3165.9778255907913, 4029.0, 4029.0, 0, 1608.418544284184, 4029.0, 4029.0, 4029.0, 4029.0, 863.0221744092087, 3575.4312892999224]","[0, 0, 0, (713.031, 0.7426, 1.2830666666666666), (0.0, 0.0, 0.0), 0, (231.3854, 0.0005333333333333334, 0.0008), (92.27413333333331, 6.666666666666668e-05, 0.0013333333333333333), (150.2954, 0.0526, 0.03033333333333333), (279.62, 9.749466666666667, 1.610333333333333), (0.0, 0.0, 0.0), (209.7148, 0.7276, 0.23566666666666664), (30.75773333333333, 11.004733333333336, 11.030333333333335), 0, (75.49719999999999, 0.0003333333333333333, 0.0014), (564.8324, 0.6947333333333332, 1.3258666666666665), (448.7898, 0.009933333333333334, 0.0104), (226.49220000000003, 0.0016666666666666668, 0.0014), (31.238400000000002, 10.958333333333334, 10.986266666666667), (232.08433333333338, 0.9976, 0.007), (0.0, 0.0, 0.0)]","[0, 0, 0, (1, 0.0019333333333333331, 0.002327777777777778), (2, 0.0, 0.0), 0, (3, 6.666666666666667e-05, 0.011649999999999999), (2, 1.666666666666667e-05, 0.003455555555555556), (3, 0.0, 0.0011055555555555556), (2, 0.05768333333333333, 0.023244444444444446), (2, 0.0, 0.0), (3, 0.00021666666666666668, 0.5190777777777777), (3, 0.0, 2.2222222222222223e-05), 0, (1, 0.0, 0.0005611111111111111), (1, 0.00225, 0.06516111111111111), (2, 0.0, 0.0004944444444444445), (1, 0.27021666666666666, 0.012733333333333334), (3, 0.0, 2.2222222222222223e-05), (3, 0.0, 0.0005111111111111112), (2, 0.0, 0.0)]","[-1, -1, -1, 11, 8, -1, 3, 15, 9, 0, 12, 2, 10, -1, 11, 1, 7, 6, 5, 12, 15]","[False, False, False, True, True, False, True, True, True, True, True, True, True, False, True, True, True, True, True, True, True]"
9,"[0, 0, 0, 2079.788639958885, 2894.8180274289466, 0, 1889.8120704974624, 0, 0, 1863.10094582612, 3008.340303014396, 1318.8617310662446, 1191.9840113790701, 0, 1168.6115386248337, 2940.186222823474, 1051.750541842, 724.5392512624934, 1218.6951376844836, 741.7221959766666, 3065.1014408071205, 1155.2559781834066, 628.9803113908888]","[0, 0, 0, 0, 0, 0, 1, 2, 2, 2, 3, 3, 3, 3, 3, 4, 4, 4, 4, 4, 4, 4, 4]","[1, 1, 1, 1, 1, 1, 2, 3, 3, 3, 4, 4, 4, 4, 5, 6, 5, 5, 5, 8, 8, 9, 9]","[5, 5, 3, -1, -1, 8, -1, 9, 9, -1, -1, -1, -1, 8, -1, -1, -1, -1, -1, -1, -1, -1, -1]","[0, 0, 0, 4029.0, 4029.0, 0, 4029.0, 0, 0, 4029.0, 3147.809053518865, 4029.0, 4029.0, 0, 4029.0, 4029.0, 4029.0, 2062.2794699358024, 4029.0, 881.1909464811354, 4029.0, 4029.0, 1966.7205300641976]","[0, 0, 0, (458.5768, 0.723, 1.306), (0.0, 0.0, 0.0), 0, (253.7549333333333, 0.0006666666666666666, 0.0008), 0, 0, (338.34020000000004, 2.189, 3.0638666666666667), (0.0, 0.0, 0.0), (255.852, 0.40273333333333333, 0.13053333333333333), (30.932599999999997, 11.007200000000001, 11.033333333333335), 0, (77.5942, 0.00046666666666666666, 0.0014), (1015.0211999999999, 0.7137333333333332, 1.397666666666667), (450.1882666666667, 0.0092, 0.009466666666666667), (271.2314, 0.0722, 0.0028666666666666667), (30.75773333333333, 11.004733333333336, 11.030333333333335), (264.24086666666665, 0.7731333333333333, 0.0056), (0.0, 0.0, 0.0), (67.10839999999999, 0.00013333333333333334, 0.001), (320.1647333333333, 0.0011333333333333332, 0.0015333333333333334)]","[0, 0, 0, (1, 0.059366666666666665, 0.06801666666666667), (2, 0.0, 0.0), 0, (3, 0.00018333333333333334, 0.015666666666666666), 0, 0, (2, 1.1261166666666667, 0.002977777777777778), (2, 0.0, 0.0), (3, 5e-05, 0.20164999999999994), (3, 0.0, 2.2222222222222223e-05), 0, (1, 0.0, 0.001627777777777778), (1, 1.0436000000000003, 0.5150888888888889), (2, 0.0, 0.0005166666666666667), (1, 0.24863333333333332, 0.04668333333333334), (3, 0.0, 2.2222222222222223e-05), (3, 0.0, 0.0006277777777777777), (2, 0.0, 0.0), (1, 0.0, 0.0005722222222222222), (2, 0.0037166666666666667, 0.0028777777777777777)]","[-1, -1, -1, 11, 8, -1, 14, -1, -1, 4, 12, 13, 5, -1, 6, 9, 2, 1, 0, 12, 15, 10, 1]","[False, False, False, True, True, False, True, False, False, True, True, True, True, False, True, True, True, True, True, True, True, True, True]"
10,"[0, 0, 0, 2871.947793837662, 3151.912592725404, 0, 2103.5010678682, 0, 0, 2634.3846707111265, 3068.4403312655163, 1425.7062257349019, 1198.6617929554236, 0, 1165.2726485144767, 2067.9210870917877, 1055.0894324510223, 0, 1191.9840113790701, 623.0466446204, 2911.512479720924, 1151.9170880730503, 634.9140879134446]","[0, 0, 0, 0, 0, 0, 1, 2, 2, 2, 3, 3, 3, 3, 3, 4, 4, 4, 4, 4, 4, 4, 4]","[1, 1, 1, 1, 1, 1, 2, 3, 3, 3, 4, 4, 4, 4, 5, 6, 5, 5, 5, 8, 8, 9, 9]","[5, 5, 3, -1, -1, 8, -1, 9, 9, -1, -1, -1, -1, 8, -1, -1, -1, -1, -1, -1, -1, -1, -1]","[0, 0, 0, 4029.0, 4029.0, 0, 4029.0, 0, 0, 3014.2352913988407, 3237.1968433225584, 4029.0, 4029.0, 0, 4029.0, 4029.0, 4029.0, 4029.0, 4029.0, 791.8031566774418, 4029.0, 4029.0, 1014.764708601159]","[0, 0, 0, (824.879, 0.7441333333333333, 1.3625333333333334), (0.0, 0.0, 0.0), 0, (244.66713333333328, 0.0014666666666666665, 0.0012), 0, 0, (408.2452, 3.357266666666667, 2.6136666666666666), (0.0, 0.0, 0.0), (213.9092, 0.46873333333333334, 0.15180000000000002), (29.2284, 11.277066666666668, 11.304066666666667), 0, (69.2056, 0.00046666666666666666, 0.0013333333333333333), (679.4766, 0.7587999999999999, 1.3356666666666668), (461.373, 0.0016666666666666668, 0.0013333333333333333), (164.9758, 0.0021333333333333334, 0.0014666666666666665), (30.932599999999997, 11.007200000000001, 11.033333333333335), (260.0463333333334, 0.6686, 0.004866666666666666), (0.0, 0.0, 0.0), (72.70093333333334, 6.666666666666668e-05, 0.001), (300.59133333333324, 0.0011333333333333332, 0.0015333333333333334)]","[0, 0, 0, (1, 1.0255833333333333, 0.54465), (2, 0.0, 0.0), 0, (3, 0.00015, 0.019816666666666666), 0, 0, (2, 1.092625, 0.013255555555555555), (2, 0.0, 0.0), (3, 3.3333333333333335e-05, 0.2765777777777778), (3, 0.0, 2.2222222222222223e-05), 0, (1, 0.0, 0.0005499999999999999), (1, 0.0012666666666666666, 0.0020055555555555556), (2, 0.0, 0.01923888888888889), (1, 0.2376, 0.013488888888888885), (3, 0.0, 2.2222222222222223e-05), (3, 0.0, 0.0004277777777777778), (2, 0.0, 0.0), (1, 0.0, 0.0005666666666666666), (2, 0.0004, 0.0023666666666666667)]","[-1, -1, -1, 9, 8, -1, 14, -1, -1, 1, 12, 13, 2, -1, 4, 6, 0, 7, 3, 12, 15, 10, 1]","[False, False, False, True, True, False, True, False, False, True, True, True, True, False, True, True, True, True, True, True, True, True, True]"
11,"[0, 0, 0, 1993.7488816724258, 2938.223603388089, 0, 2073.45105261294, 0, 0, 1779.6286812281753, 3021.6958648479776, 2036.723179621289, 0, 0, 1178.6282089559033, 2038.2522049240424, 0, 0, 1198.6617929554236, 620.0797558364931, 3145.2348118086134, 1158.5948682937635, 557.7749931202221, 1155.2559781834066]","[0, 0, 0, 0, 0, 0, 1, 2, 2, 2, 3, 3, 3, 3, 3, 4, 4, 4, 4, 4, 4, 4, 4, 5]","[1, 1, 1, 1, 1, 1, 2, 3, 3, 3, 4, 4, 4, 4, 5, 6, 5, 5, 5, 8, 8, 9, 9, 11]","[5, 5, 3, -1, -1, 8, -1, 9, 9, -1, -1, -1, -1, 8, -1, -1, -1, 11, -1, -1, -1, -1, -1, -1]","[0, 0, 0, 2412.043544358501, 4029.0, 0, 4029.0, 0, 0, 2326.686351522384, 3215.3080545057423, 4029.0, 4029.0, 0, 4029.0, 4029.0, 4029.0, 0, 1616.956455641499, 813.6919454942578, 4029.0, 4029.0, 4029.0, 1702.3136484776155]","[0, 0, 0, (721.4196, 0.7326, 1.4462000000000002), (0.0, 0.0, 0.0), 0, (254.4540666666667, 0.0026, 0.0088), 0, 0, (645.9222, 2.945, 2.129), (0.0, 0.0, 0.0), (212.51093333333333, 0.6914, 0.224), (27.96146666666667, 11.744666666666664, 11.770666666666664), 0, (82.4876, 0.0007333333333333332, 0.002), (654.3108000000001, 0.7628666666666667, 1.1362666666666668), (450.1881333333334, 0.0015333333333333334, 0.0012), 0, (29.2284, 11.277066666666668, 11.304066666666667), (222.2978, 0.6696, 0.0051333333333333335), (0.0, 0.0, 0.0), (75.49719999999999, 0.0004, 0.0014666666666666665), (288.00833333333327, 0.0011333333333333332, 0.0014), (67.10839999999999, 0.00013333333333333334, 0.001)]","[0, 0, 0, (1, 0.0, 0.0003444444444444444), (2, 0.0, 0.0), 0, (3, 0.00011666666666666667, 0.017588888888888887), 0, 0, (2, 0.0, 0.0070888888888888885), (2, 0.0, 0.0), (3, 0.0002333333333333333, 0.49188333333333323), (3, 0.0, 2.2222222222222223e-05), 0, (1, 0.0, 0.0005722222222222222), (1, 0.011416666666666664, 0.047094444444444446), (2, 0.0, 0.0005), 0, (3, 0.0, 2.2222222222222223e-05), (3, 0.0, 0.0005), (2, 0.0, 0.0), (1, 0.0, 0.0005499999999999999), (2, 0.00026666666666666673, 0.002455555555555556), (1, 0.0, 0.0005722222222222222)]","[-1, -1, -1, 3, 8, -1, 9, -1, -1, 0, 12, 13, 11, -1, 1, 6, 5, -1, 3, 12, 10, 4, 7, 0]","[False, False, False, True, True, False, True, False, False, True, True, True, True, False, True, True, True, False, True, True, True, True, True, True]"
12,"[0, 0, 0, 2118.3581867769535, 2958.2569461384624, 0, 2293.817831151513, 0, 0, 2090.1455055325287, 2894.8180274289466, 1769.6119429496443, 0, 0, 1165.2726485144767, 2070.887975308562, 0, 0, 1178.6284482263632, 640.8479773238399, 2988.3069602640226, 1151.9170880730503, 590.4107639942779, 1151.9170880730503, 3121.8625785998443]","[0, 0, 0, 0, 0, 0, 1, 2, 2, 2, 3, 3, 3, 3, 3, 4, 4, 4, 4, 4, 4, 4, 4, 5, 5]","[1, 1, 1, 1, 1, 1, 2, 3, 3, 3, 4, 4, 4, 4, 5, 6, 5, 5, 5, 8, 8, 9, 9, 11, 12]","[5, 5, 3, -1, -1, 8, -1, 9, 9, -1, -1, -1, 12, 8, -1, -1, 12, 11, -1, -1, -1, -1, -1, -1, -1]","[0, 0, 0, 2484.364869275295, 3198.423091072092, 0, 2578.772591318518, 0, 0, 4029.0, 4029.0, 4029.0, 0, 0, 1450.2274086814818, 4029.0, 0, 0, 1544.6351307247048, 4029.0, 4029.0, 4029.0, 830.5769089279077, 4029.0, 4029.0]","[0, 0, 0, (626.3488000000001, 0.7791333333333333, 1.1652666666666667), (0.0, 0.0, 0.0), 0, (268.435, 0.0018666666666666666, 0.0016), 0, 0, (402.6528, 3.2084, 1.765466666666667), (0.0, 0.0, 0.0), (190.14146666666667, 0.5508, 0.17880000000000001), 0, 0, (81.08953333333334, 0.0002666666666666667, 0.001), (506.11220000000003, 0.7000666666666667, 1.4158), 0, 0, (27.96146666666667, 11.744666666666664, 11.770666666666664), (184.54886666666667, 0.6701333333333334, 0.0057333333333333325), (0.0, 0.0, 0.0), (75.49719999999999, 0.0003333333333333333, 0.0014), (311.7758666666666, 0.0011333333333333332, 0.0015333333333333334), (72.70093333333334, 6.666666666666668e-05, 0.001), (0.0, 0.0, 0.0)]","[0, 0, 0, (1, 0.0019833333333333335, 0.0026333333333333334), (2, 0.0, 0.0), 0, (3, 0.00013333333333333334, 0.023688888888888888), 0, 0, (2, 0.0, 0.005355555555555555), (2, 0.0, 0.0), (3, 0.00013333333333333334, 0.3462888888888889), 0, 0, (1, 0.0, 0.000538888888888889), (1, 0.0675, 0.04805), 0, 0, (3, 0.0, 2.2222222222222223e-05), (3, 0.0, 0.00046111111111111103), (2, 0.0, 0.0), (1, 0.0, 0.0005611111111111111), (2, 0.0, 0.002388888888888889), (1, 0.0, 0.0005666666666666666), (2, 0.0, 0.0)]","[-1, -1, -1, 11, 8, -1, 1, -1, -1, 0, 4, 6, -1, -1, 1, 15, -1, -1, 11, 12, 3, 14, 8, 2, 5]","[False, False, False, True, True, False, True, False, False, True, True, True, False, False, True, True, False, False, True, True, True, True, True, True, True]"
13,"[0, 0, 0, 2145.060180727923, 3018.356974389583, 0, 2203.667785385733, 0, 0, 1232.0506254656602, 3151.912592725404, 1292.1506073990797, 0, 0, 1158.5948682937635, 1964.079999504682, 0, 0, 0, 620.0797558364931, 3008.340303014396, 1168.6115386248337, 534.03988703, 1158.5948682937635, 3065.1014408071205]","[0, 0, 0, 0, 0, 0, 1, 2, 2, 2, 3, 3, 3, 3, 3, 4, 4, 4, 4, 4, 4, 4, 4, 5, 5]","[1, 1, 1, 1, 1, 1, 2, 3, 3, 3, 4, 4, 4, 4, 5, 6, 5, 5, 5, 8, 8, 9, 9, 11, 12]","[5, 5, 3, -1, -1, 8, -1, 9, 9, -1, -1, -1, 12, 8, -1, -1, 12, 11, -1, -1, -1, -1, -1, -1, -1]","[0, 0, 0, 3087.030090363962, 3256.6585436797914, 0, 4029.0, 0, 0, 4029.0, 4029.0, 4029.0, 0, 0, 4029.0, 4029.0, 0, 0, 941.9699096360384, 1745.2424437713648, 4029.0, 4029.0, 772.3414563202086, 2283.757556228635, 4029.0]","[0, 0, 0, (542.4628, 0.7475333333333333, 1.4531333333333334), (0.0, 0.0, 0.0), 0, (269.134, 0.0016666666666666668, 0.0014666666666666665), 0, 0, (444.5958, 2.369733333333333, 2.1395999999999997), (0.0, 0.0, 0.0), (198.53, 0.4244, 0.13933333333333334), 0, 0, (78.99233333333332, 0.0004, 0.0014), (713.031, 0.7426, 1.2830666666666666), 0, 0, (28.00533333333333, 10.849266666666667, 10.8736), (183.1509333333333, 0.6727333333333332, 0.005), (0.0, 0.0, 0.0), (77.5942, 0.00046666666666666666, 0.0014), (325.75713333333334, 0.0011333333333333332, 0.0014666666666666665), (75.49719999999999, 0.0004, 0.0014666666666666665), (0.0, 0.0, 0.0)]","[0, 0, 0, (1, 0.07328333333333333, 0.0468111111111111), (2, 0.0, 0.0), 0, (3, 0.00031666666666666665, 0.026144444444444446), 0, 0, (2, 0.0, 0.005061111111111111), (2, 0.0, 0.0), (3, 1.666666666666667e-05, 0.19247222222222224), 0, 0, (1, 0.0, 0.0005777777777777778), (1, 0.0019333333333333331, 0.002327777777777778), 0, 0, (3, 0.0, 1.6666666666666667e-05), (3, 0.0, 0.0005277777777777777), (2, 0.0, 0.0), (1, 0.0, 0.001627777777777778), (2, 0.0006666666666666666, 0.0023944444444444447), (1, 0.0, 0.0005499999999999999), (2, 0.0, 0.0)]","[-1, -1, -1, 11, 8, -1, 1, -1, -1, 7, 13, 0, -1, -1, 9, 15, -1, -1, 11, 2, 10, 12, 8, 2, 5]","[False, False, False, True, True, False, True, False, False, True, True, True, False, False, True, True, False, False, True, True, True, True, True, True, True]"
14,"[0, 0, 0, 2245.9343800982538, 3148.573702267009, 0, 2664.4346859663865, 0, 0, 2534.217953193593, 2938.223603388089, 961.60045201792, 0, 0, 1168.6115386248337, 2079.788639958885, 0, 0, 0, 596.34464556524, 3068.4403312655163, 1165.2726485144767, 0, 1151.9170880730503, 3752.9130163235823, 2911.512479720924]","[0, 0, 0, 0, 0, 0, 1, 2, 2, 2, 3, 3, 3, 3, 3, 4, 4, 4, 4, 4, 4, 4, 4, 5, 5, 5]","[1, 1, 1, 1, 1, 1, 2, 3, 3, 3, 4, 4, 4, 4, 5, 6, 5, 5, 5, 8, 8, 9, 9, 11, 14, 12]","[5, 5, 3, -1, -1, 8, -1, 9, 9, -1, -1, -1, 12, 8, -1, -1, 12, 11, 14, -1, -1, -1, -1, -1, -1, -1]","[0, 0, 0, 4029.0, 3588.7868511335046, 0, 3048.545020200573, 0, 0, 4029.0, 4029.0, 4029.0, 0, 0, 1558.9114493329741, 2470.0885506670256, 0, 0, 0, 980.4549797994266, 4029.0, 4029.0, 440.21314886649543, 4029.0, 4029.0, 4029.0]","[0, 0, 0, (710.2348000000001, 0.9372, 1.3942), (0.0, 0.0, 0.0), 0, (369.09826666666675, 0.0032, 0.0020666666666666667), 0, 0, (349.525, 5.339466666666667, 2.7218), (0.0, 0.0, 0.0), (194.33579999999998, 0.31493333333333334, 0.10186666666666666), 0, 0, (67.10826666666667, 0.0004, 0.0014666666666666665), (458.5768, 0.723, 1.306), 0, 0, 0, (211.11286666666666, 0.7809333333333333, 0.005533333333333332), (0.0, 0.0, 0.0), (69.2056, 0.00046666666666666666, 0.0013333333333333333), (304.78553333333326, 0.0011333333333333332, 0.0014666666666666665), (75.49719999999999, 0.0003333333333333333, 0.0014), (388.67179999999996, 7.663399999999999, 2.4918666666666667), (0.0, 0.0, 0.0)]","[0, 0, 0, (1, 0.003016666666666666, 0.05234444444444444), (2, 0.0, 0.0), 0, (3, 0.2675166666666666, 0.1220111111111111), 0, 0, (2, 0.0, 0.01048888888888889), (2, 0.0, 0.0), (3, 0.0, 0.12192777777777777), 0, 0, (1, 0.0, 0.0005333333333333334), (1, 0.059366666666666665, 0.06801666666666667), 0, 0, 0, (3, 0.0, 0.00045000000000000004), (2, 0.0, 0.0), (1, 0.0, 0.0005499999999999999), (2, 6.666666666666667e-05, 0.0023833333333333337), (1, 0.0, 0.0005611111111111111), (2, 0.0, 0.016355555555555557), (2, 0.0, 0.0)]","[-1, -1, -1, 2, 8, -1, 4, -1, -1, 0, 13, 3, -1, -1, 15, 15, -1, -1, -1, 4, 10, 5, 8, 6, 1, 14]","[False, False, False, True, True, False, True, False, False, True, True, True, False, False, True, True, False, False, False, True, True, True, True, True, True, True]"
15,"[0, 0, 0, 3233.9081562841443, 3425.7016103138403, 0, 0, 0, 0, 5161.924842736884, 2958.2569461384624, 1021.7004802690399, 0, 0, 1158.5948682937635, 2871.947793837662, 0, 0, 0, 759.5235286801067, 3021.6958648479776, 0, 0, 1168.6115386248337, 2794.65141873918, 3145.2348118086134, 80.13338746088]","[0, 0, 0, 0, 0, 0, 1, 2, 2, 2, 3, 3, 3, 3, 3, 4, 4, 4, 4, 4, 4, 4, 4, 5, 5, 5, 5]","[1, 1, 1, 1, 1, 1, 2, 3, 3, 3, 4, 4, 4, 4, 5, 6, 5, 5, 5, 8, 8, 9, 9, 11, 14, 12, 15]","[5, 5, 3, -1, -1, 8, -1, 9, 9, -1, -1, -1, 12, 8, -1, -1, 12, 11, 14, -1, -1, -1, 15, -1, -1, -1, -1]","[0, 0, 0, 4029.0, 4029.0, 0, 1634.7382356599467, 0, 0, 4029.0, 4029.0, 4029.0, 0, 0, 1157.8235372280508, 2871.1764627719494, 0, 0, 0, 2394.2617643400536, 4029.0, 1974.43330626956, 0, 4029.0, 4029.0, 4029.0, 2054.56669373044]","[0, 0, 0, (478.1502, 1.5555999999999999, 1.8252000000000002), (0.0, 0.0, 0.0), 0, (364.904, 0.0027333333333333333, 0.0014666666666666665), 0, 0, (553.6476, 10.710466666666667, 4.053266666666667), (0.0, 0.0, 0.0), (146.80033333333338, 0.3725333333333334, 0.1176), 0, 0, (99.26446666666666, 0.0004, 0.0014), (824.879, 0.7441333333333333, 1.3625333333333334), 0, 0, 0, (232.0842666666667, 0.9956, 0.0072), (0.0, 0.0, 0.0), (82.4876, 0.0007333333333333332, 0.002), 0, (77.5942, 0.00046666666666666666, 0.0014), (651.5146, 19.004533333333335, 2.486266666666667), (0.0, 0.0, 0.0), (75.84646666666666, 0.0, 0.0)]","[0, 0, 0, (1, 0.0011333333333333332, 0.0015055555555555556), (2, 0.0, 0.0), 0, (3, 0.0012833333333333332, 0.025400000000000002), 0, 0, (2, 0.0, 0.008927777777777778), (2, 0.0, 0.0), (3, 5e-05, 0.20093333333333338), 0, 0, (1, 0.0, 0.0005111111111111112), (1, 1.0255833333333333, 0.54465), 0, 0, 0, (3, 0.0, 0.0005), (2, 0.0, 0.0), (1, 0.0, 0.0005722222222222222), 0, (1, 0.0, 0.001627777777777778), (2, 0.0, 0.0053), (2, 0.0, 0.0), (2, 0.00015, 0.0002722222222222222)]","[-1, -1, -1, 11, 8, -1, 4, -1, -1, 0, 2, 3, -1, -1, 15, 15, -1, -1, -1, 4, 1, 12, -1, 6, 9, 14, 12]","[False, False, False, True, True, False, True, False, False, True, True, True, False, False, True, True, False, False, False, True, True, True, False, True, True, True, True]"
16,"[0, 0, 0, 4138.80906240035, 3442.3960626058183, 0, 0, 0, 0, 3255.4183193198332, 3018.356974389583, 3549.2405572744774, 0, 0, 1168.6115386248337, 0, 0, 0, 0, 0, 2894.8180274289466, 0, 0, 1165.2726485144767, 1739.5619942211624, 2988.3069602640226, 0]","[0, 0, 0, 0, 0, 0, 1, 2, 2, 2, 3, 3, 3, 3, 3, 4, 4, 4, 4, 4, 4, 4, 4, 5, 5, 5, 5]","[1, 1, 1, 1, 1, 1, 2, 3, 3, 3, 4, 4, 4, 4, 5, 6, 5, 5, 5, 8, 8, 9, 9, 11, 14, 12, 15]","[5, 5, 3, -1, -1, 8, 16, 9, 9, -1, -1, -1, 12, 8, -1, -1, 12, 11, 14, -1, -1, 16, 15, -1, -1, -1, -1]","[0, 0, 0, 4029.0, 4029.0, 0, 0, 0, 0, 4029.0, 4029.0, 4029.0, 0, 0, 4029.0, 4029.0, 0, 0, 0, 4029.0, 4029.0, 0, 0, 4029.0, 4029.0, 4029.0, 4029.0]","[0, 0, 0, (673.8842, 1.5523333333333331, 1.8134000000000001), (0.0, 0.0, 0.0), 0, 0, 0, 0, (503.316, 17.2942, 4.714533333333334), (0.0, 0.0, 0.0), (290.8046, 0.5733333333333334, 0.17), 0, 0, (85.28386666666668, 0.0005333333333333334, 0.0014), (721.4196, 0.7326, 1.4462000000000002), 0, 0, 0, (201.326, 1.1070666666666666, 0.0068), (0.0, 0.0, 0.0), 0, 0, (69.2056, 0.00046666666666666666, 0.0013333333333333333), (369.0984, 16.1096, 2.579733333333333), (0.0, 0.0, 0.0), (71.827, 0.0, 0.0)]","[0, 0, 0, (1, 1.0415999999999999, 0.5724111111111111), (2, 0.0, 0.0), 0, 0, 0, 0, (2, 2.327875, 0.009094444444444445), (2, 0.0, 0.0), (3, 0.0017833333333333332, 0.2834388888888889), 0, 0, (1, 0.0, 0.0005444444444444444), (1, 0.0, 0.0003444444444444444), 0, 0, 0, (3, 0.0, 0.0004388888888888889), (2, 0.0, 0.0), 0, 0, (1, 0.0, 0.0005499999999999999), (2, 0.0, 0.00225), (2, 0.0, 0.0), (2, 0.09475, 0.017716666666666665)]","[-1, -1, -1, 11, 8, -1, -1, -1, -1, 5, 10, 13, -1, -1, 6, 15, -1, -1, -1, 0, 7, -1, -1, 1, 3, 4, 12]","[False, False, False, True, True, False, False, False, False, True, True, True, False, False, True, True, False, False, False, True, True, False, False, True, True, True, True]"
17,"[0, 0, 0, 3308.0803617035053, 3475.784967189774, 0, 0, 0, 0, 3689.4740952291445, 3148.573702267009, 0, 0, 0, 1161.9337584041202, 0, 0, 0, 0, 0, 3151.912592725404, 0, 0, 1178.6282089559033, 1826.3731494030244, 3008.340303014396, 3464.41286996805, 0, 1876.4565081617916, 3752.9130163235823, 731.2170323801198]","[0, 0, 0, 0, 0, 0, 1, 2, 2, 2, 3, 3, 3, 3, 3, 4, 4, 4, 4, 4, 4, 4, 4, 5, 5, 5, 5, 5, 5, 6, 6]","[1, 1, 1, 1, 1, 1, 2, 3, 3, 3, 4, 4, 4, 4, 5, 6, 5, 5, 5, 8, 8, 9, 9, 11, 14, 12, 17, 15, 17, 17, 17]","[5, 5, 3, -1, -1, 8, 16, 9, 9, -1, -1, -1, 12, 8, -1, 17, 12, 11, 14, 17, -1, 16, 15, -1, -1, -1, -1, 17, -1, -1, -1]","[0, 0, 0, 4029.0, 4029.0, 0, 0, 0, 0, 4029.0, 3223.1783349434445, 4029.0, 0, 0, 1657.2386251211644, 0, 0, 0, 0, 0, 4029.0, 0, 0, 4029.0, 4029.0, 4029.0, 4029.0, 0, 2371.761374878836, 4029.0, 805.8216650565554]","[0, 0, 0, (894.7841999999999, 1.598466666666667, 1.968333333333333), (0.0, 0.0, 0.0), 0, 0, 0, 0, (570.4248, 42.85653333333333, 4.105333333333333), (0.0, 0.0, 0.0), (278.22166666666675, 0.49906666666666666, 0.15853333333333333), 0, 0, (99.964, 0.0005333333333333334, 0.0016666666666666668), 0, 0, 0, 0, 0, (0.0, 0.0, 0.0), 0, 0, (82.4876, 0.0007333333333333332, 0.002), (268.4352, 13.852799999999998, 1.682), (0.0, 0.0, 0.0), (168.47066666666663, 0.27493333333333336, 0.023333333333333327), 0, (258.64820000000003, 0.019533333333333337, 0.0016), (388.67179999999996, 7.663399999999999, 2.4918666666666667), (178.9568, 0.0019333333333333331, 0.0014666666666666665)]","[0, 0, 0, (1, 0.0013, 0.001966666666666667), (2, 0.0, 0.0), 0, 0, 0, 0, (2, 0.0, 0.005988888888888888), (2, 0.0, 0.0), (3, 0.04115, 0.5988777777777777), 0, 0, (1, 0.0, 0.000538888888888889), 0, 0, 0, 0, 0, (2, 0.0, 0.0), 0, 0, (1, 0.0, 0.0005722222222222222), (2, 0.0, 0.005916666666666666), (2, 0.0, 0.0), (3, 0.2927833333333333, 0.026605555555555556), 0, (3, 0.05115, 0.03694444444444444), (2, 0.0, 0.016355555555555557), (1, 0.36411666666666676, 0.01315)]","[-1, -1, -1, 11, 15, -1, -1, -1, -1, 0, 10, 13, -1, -1, 12, -1, -1, -1, -1, -1, 7, -1, -1, 1, 2, 9, 6, -1, 12, 14, 10]","[False, False, False, True, True, False, False, False, False, True, True, True, False, False, True, False, False, False, False, False, True, False, False, True, True, True, True, False, True, True, True]"
18,"[0, 0, 0, 0, 3732.8795324862313, 0, 0, 0, 0, 2510.845719106169, 3425.7016103138403, 0, 0, 0, 1212.0175234543567, 0, 0, 0, 0, 0, 2938.223603388089, 0, 0, 0, 1612.6841520322869, 3068.4403312655163, 4442.116739200141, 0, 1328.8784523992754, 2794.65141873918, 657.7614400862267, 685.3513090824399, 777.9614183128089]","[0, 0, 0, 0, 0, 0, 1, 2, 2, 2, 3, 3, 3, 3, 3, 4, 4, 4, 4, 4, 4, 4, 4, 5, 5, 5, 5, 5, 5, 6, 6, 6, 6]","[1, 1, 1, 1, 1, 1, 2, 3, 3, 3, 4, 4, 4, 4, 5, 6, 5, 5, 5, 8, 8, 9, 9, 11, 14, 12, 17, 15, 17, 17, 17, 18, 18]","[5, 5, 3, -1, -1, 8, 16, 9, 9, -1, -1, 18, 12, 8, -1, 17, 12, 11, 14, 17, -1, 16, 15, -1, -1, -1, -1, 17, -1, -1, -1, -1, -1]","[0, 0, 0, 4029.0, 4029.0, 0, 0, 0, 0, 4029.0, 4029.0, 0, 0, 0, 4029.0, 0, 0, 0, 0, 0, 4029.0, 0, 0, 4029.0, 4029.0, 4029.0, 4029.0, 0, 4029.0, 4029.0, 4029.0, 1968.1949453848156, 2060.8050546151844]","[0, 0, 0, (727.012, 1.5444666666666669, 1.7056666666666669), (0.0, 0.0, 0.0), 0, 0, 0, 0, (394.2642, 30.276, 3.311533333333333), (0.0, 0.0, 0.0), 0, 0, 0, (73.4, 0.0005, 0.0015), 0, 0, 0, 0, 0, (0.0, 0.0, 0.0), 0, 0, (81.08953333333334, 0.0002666666666666667, 0.001), (383.0794, 15.210066666666668, 1.8525333333333331), (0.0, 0.0, 0.0), (313.1741333333334, 0.2986666666666667, 0.020266666666666665), 0, (328.5534, 0.0005333333333333334, 0.0006), (651.5146, 19.004533333333335, 2.486266666666667), (192.93779999999998, 0.003933333333333333, 0.0014666666666666665), (232.08433333333338, 0.9976, 0.007), (123.73126666666663, 0.009733333333333332, 0.0028)]","[0, 0, 0, (1, 0.0019666666666666665, 0.05048333333333333), (2, 0.0, 0.0), 0, 0, 0, 0, (2, 0.0, 0.003466666666666667), (2, 0.0, 0.0), 0, 0, 0, (1, 0.0, 0.0011666666666666668), 0, 0, 0, 0, 0, (2, 0.0, 0.0), 0, 0, (1, 0.0, 0.000538888888888889), (2, 0.0, 0.0036999999999999997), (2, 0.0, 0.0), (3, 0.10841666666666666, 0.0281), 0, (3, 0.06125, 0.025472222222222222), (2, 0.0, 0.0053), (1, 0.26766666666666666, 0.015294444444444444), (3, 0.0, 0.0005111111111111112), (2, 0.0, 2.2222222222222223e-05)]","[-1, -1, -1, 11, 15, -1, -1, -1, -1, 0, 13, -1, -1, -1, 1, -1, -1, -1, -1, -1, 5, -1, -1, 3, 2, 8, 6, -1, 12, 14, 10, 7, 7]","[False, False, False, True, True, False, False, False, False, True, True, False, False, False, True, False, False, False, False, False, True, False, False, True, True, True, True, False, True, True, True, True, True]"
19,"[0, 0, 0, 0, 3782.9628893621643, 0, 0, 0, 0, 2781.295856403509, 3442.3960626058183, 0, 0, 0, 0, 0, 0, 0, 0, 0, 2958.2569461384624, 0, 0, 0, 1499.1618721790824, 3021.6958648479776, 3143.9889128247596, 0, 2050.0788185255155, 1739.5619942211624, 1646.6233023008167, 711.18368902724, 741.7221959766666, 888.1447951553957, 652.7155422502, 454.0891471920266]","[0, 0, 0, 0, 0, 0, 1, 2, 2, 2, 3, 3, 3, 3, 3, 4, 4, 4, 4, 4, 4, 4, 4, 5, 5, 5, 5, 5, 5, 6, 6, 6, 6, 6, 6, 6]","[1, 1, 1, 1, 1, 1, 2, 3, 3, 3, 4, 4, 4, 4, 5, 6, 5, 5, 5, 8, 8, 9, 9, 11, 14, 12, 17, 15, 17, 17, 19, 17, 18, 18, 19, 19]","[5, 5, 3, 19, -1, 8, 16, 9, 9, -1, -1, 18, 12, 8, -1, 17, 12, 11, 14, 17, -1, 16, 15, 19, -1, -1, -1, 17, -1, -1, -1, -1, -1, -1, -1, -1]","[0, 0, 0, 0, 4029.0, 0, 0, 0, 0, 4029.0, 4029.0, 0, 0, 0, 4029.0, 0, 0, 0, 0, 0, 3266.5838994732176, 0, 0, 0, 4029.0, 3169.756087910369, 4029.0, 0, 4029.0, 2513.419899122248, 4029.0, 859.2439120896313, 1515.580100877752, 4029.0, 4029.0, 762.416100526782]","[0, 0, 0, 0, (0.0, 0.0, 0.0), 0, 0, 0, 0, (260.0466, 23.217133333333337, 6.089266666666666), (0.0, 0.0, 0.0), 0, 0, 0, (78.99226666666667, 0.0008, 0.0018666666666666666), 0, 0, 0, 0, 0, (0.0, 0.0, 0.0), 0, 0, 0, (279.62, 9.749466666666667, 1.610333333333333), (0.0, 0.0, 0.0), (205.5204, 0.03793333333333333, 0.025266666666666666), 0, (298.49406666666664, 0.0016666666666666668, 0.005466666666666667), (369.0984, 16.1096, 2.579733333333333), (125.829, 0.9397333333333332, 0.7602666666666668), (134.2176, 0.002, 0.0014), (264.24086666666665, 0.7731333333333333, 0.0056), (120.93533333333332, 0.045200000000000004, 0.020266666666666665), (433.41086666666666, 0.0023333333333333335, 0.0030666666666666668), (29.621666666666673, 4.1293999999999995, 4.1416)]","[0, 0, 0, 0, (2, 0.0, 0.0), 0, 0, 0, 0, (2, 1.4859958333333334, 0.002738888888888889), (2, 0.0, 0.0), 0, 0, 0, (1, 0.0, 0.0005666666666666666), 0, 0, 0, 0, 0, (2, 0.0, 0.0), 0, 0, 0, (2, 0.05768333333333333, 0.023244444444444446), (2, 0.0, 0.0), (3, 0.00125, 0.027633333333333336), 0, (3, 0.0008666666666666667, 0.016138888888888887), (2, 0.0, 0.00225), (2, 0.0, 0.009888888888888888), (1, 0.2701, 0.013050000000000004), (3, 0.0, 0.0006277777777777777), (2, 0.0, 0.0), (1, 0.011300000000000001, 0.0010833333333333333), (3, 0.0, 1.6666666666666667e-05)]","[-1, -1, -1, -1, 15, -1, -1, -1, -1, 3, 13, -1, -1, -1, 4, -1, -1, -1, -1, -1, 5, -1, -1, -1, 9, 2, 0, -1, 12, 7, 11, 2, 7, 1, 6, 5]","[False, False, False, False, True, False, False, False, False, True, True, False, False, False, True, False, False, False, False, False, True, False, False, False, True, True, True, False, True, True, True, True, True, True, True, True]"
20,"[0, 0, 0, 0, 3388.973815271489, 0, 0, 0, 0, 3151.9127112183824, 3475.784967189774, 0, 0, 0, 0, 0, 0, 0, 0, 0, 3018.356974389583, 0, 0, 0, 1863.10094582612, 2894.8180274289466, 3601.346184986549, 0, 1896.4898516652977, 1826.3731494030244, 1622.8881916370212, 647.7447684097866, 623.0466446204, 851.4170028745334, 634.9142092797401, 1315.5229705416066]","[0, 0, 0, 0, 0, 0, 1, 2, 2, 2, 3, 3, 3, 3, 3, 4, 4, 4, 4, 4, 4, 4, 4, 5, 5, 5, 5, 5, 5, 6, 6, 6, 6, 6, 6, 6]","[1, 1, 1, 1, 1, 1, 2, 3, 3, 3, 4, 4, 4, 4, 5, 6, 5, 5, 5, 8, 8, 9, 9, 11, 14, 12, 17, 15, 17, 17, 19, 17, 18, 18, 19, 19]","[5, 5, 3, 19, -1, 8, 16, 9, 9, -1, -1, 18, 12, 8, 20, 17, 12, 11, 14, 17, -1, 16, 15, 19, -1, -1, -1, 17, -1, -1, -1, -1, -1, -1, -1, -1]","[0, 0, 0, 0, 4029.0, 0, 0, 0, 0, 4029.0, 4029.0, 0, 0, 0, 0, 0, 0, 0, 0, 0, 4029.0, 0, 0, 0, 2622.178088708167, 4029.0, 4029.0, 0, 4029.0, 4029.0, 4029.0, 1406.8219112918332, 4029.0, 4029.0, 4029.0, 4029.0]","[0, 0, 0, 0, (0.0, 0.0, 0.0), 0, 0, 0, 0, (262.8428, 20.403266666666667, 7.649333333333332), (0.0, 0.0, 0.0), 0, 0, 0, 0, 0, 0, 0, 0, 0, (0.0, 0.0, 0.0), 0, 0, 0, (338.34020000000004, 2.189, 3.0638666666666667), (0.0, 0.0, 0.0), (130.0228, 0.042466666666666666, 0.027733333333333336), 0, (294.3, 0.001066666666666667, 0.005466666666666667), (268.4352, 13.852799999999998, 1.682), (139.81, 0.972, 0.7780666666666667), (226.49220000000003, 0.0016666666666666668, 0.0014), (260.0463333333334, 0.6686, 0.004866666666666666), (120.23626666666664, 0.034466666666666666, 0.0114), (398.45840000000004, 0.0016666666666666668, 0.0003333333333333333), (29.53446666666667, 12.107333333333337, 12.139266666666664)]","[0, 0, 0, 0, (2, 0.0, 0.0), 0, 0, 0, 0, (2, 0.5451666666666666, 0.006800000000000002), (2, 0.0, 0.0), 0, 0, 0, 0, 0, 0, 0, 0, 0, (2, 0.0, 0.0), 0, 0, 0, (2, 1.1261166666666667, 0.002977777777777778), (2, 0.0, 0.0), (3, 0.0008, 0.02777777777777778), 0, (3, 0.0002, 0.014294444444444445), (2, 0.0, 0.005916666666666666), (2, 0.0, 0.011461111111111111), (1, 0.27021666666666666, 0.012733333333333334), (3, 0.0, 0.0004277777777777778), (2, 0.0, 2.2222222222222223e-05), (1, 0.015133333333333334, 0.0009777777777777777), (3, 0.0, 1.6666666666666667e-05)]","[-1, -1, -1, -1, 6, -1, -1, -1, -1, 3, 13, -1, -1, -1, -1, -1, -1, -1, -1, -1, 14, -1, -1, -1, 2, 10, 4, -1, 12, 7, 11, 2, 1, 8, 0, 5]","[False, False, False, False, True, False, False, False, False, True, True, False, False, False, False, False, False, False, False, False, True, False, False, False, True, True, True, False, True, True, True, True, True, True, True, True]"
21,"[0, 0, 0, 0, 3395.6515961882797, 0, 0, 0, 0, 3636.05184588646, 3732.8795324862313, 0, 0, 0, 0, 0, 0, 0, 0, 0, 3148.573702267009, 0, 0, 0, 2634.3846707111265, 3151.912592725404, 3261.75156374067, 0, 2227.0400194731583, 1612.6841520322869, 1578.3848591424044, 724.5392512624934, 620.0797558364931, 834.7225518377779, 655.6824310786097, 1135.2228679800667]","[0, 0, 0, 0, 0, 0, 1, 2, 2, 2, 3, 3, 3, 3, 3, 4, 4, 4, 4, 4, 4, 4, 4, 5, 5, 5, 5, 5, 5, 6, 6, 6, 6, 6, 6, 6]","[1, 1, 1, 1, 1, 1, 2, 3, 3, 3, 4, 4, 4, 4, 5, 6, 5, 5, 5, 8, 8, 9, 9, 11, 14, 12, 17, 15, 17, 17, 19, 17, 18, 18, 19, 19]","[5, 5, 3, 19, -1, 8, 16, 9, 9, -1, -1, 18, 12, 8, 20, 17, 12, 11, 14, 17, -1, 16, 15, 19, -1, -1, -1, 17, -1, -1, -1, -1, -1, -1, -1, -1]","[0, 0, 0, 0, 4029.0, 0, 0, 0, 0, 4029.0, 4029.0, 0, 0, 0, 0, 0, 0, 0, 0, 0, 4029.0, 0, 0, 0, 4029.0, 4029.0, 4029.0, 0, 2710.65873381769, 2253.23064202611, 4029.0, 4029.0, 4029.0, 1318.3412661823097, 4029.0, 1775.76935797389]","[0, 0, 0, 0, (0.0, 0.0, 0.0), 0, 0, 0, 0, (385.87559999999996, 26.65153333333333, 5.9102), (0.0, 0.0, 0.0), 0, 0, 0, 0, 0, 0, 0, 0, 0, (0.0, 0.0, 0.0), 0, 0, 0, (408.2452, 3.357266666666667, 2.6136666666666666), (0.0, 0.0, 0.0), (110.44946666666667, 0.04046666666666667, 0.026666666666666672), 0, (234.18133333333338, 0.0016666666666666668, 0.0016), (383.0794, 15.210066666666668, 1.8525333333333331), (184.5492, 0.9548666666666666, 0.7652666666666668), (271.2314, 0.0722, 0.0028666666666666667), (222.2978, 0.6696, 0.0051333333333333335), (130.722, 0.026466666666666666, 0.011066666666666664), (349.5247333333333, 0.0023333333333333335, 0.003), (31.3258, 10.272666666666666, 10.300266666666666)]","[0, 0, 0, 0, (2, 0.0, 0.0), 0, 0, 0, 0, (2, 0.5542222222222222, 0.004355555555555555), (2, 0.0, 0.0), 0, 0, 0, 0, 0, 0, 0, 0, 0, (2, 0.0, 0.0), 0, 0, 0, (2, 1.092625, 0.013255555555555555), (2, 0.0, 0.0), (3, 0.00011666666666666667, 0.02971666666666666), 0, (3, 0.0006666666666666666, 0.02163888888888889), (2, 0.0, 0.0036999999999999997), (2, 1.666666666666667e-05, 0.010605555555555557), (1, 0.24863333333333332, 0.04668333333333334), (3, 0.0, 0.0005), (2, 0.0, 4.4444444444444447e-05), (1, 0.01145, 0.0009944444444444447), (3, 0.0, 4.4444444444444447e-05)]","[-1, -1, -1, -1, 6, -1, -1, -1, -1, 3, 13, -1, -1, -1, -1, -1, -1, -1, -1, -1, 14, -1, -1, -1, 2, 10, 4, -1, 8, 5, 7, 0, 15, 8, 9, 5]","[False, False, False, False, True, False, False, False, False, True, True, False, False, False, False, False, False, False, False, False, True, False, False, False, True, True, True, False, True, True, True, True, True, True, True, True]"
22,"[0, 0, 0, 0, 3432.379391230631, 0, 0, 0, 0, 3372.279489756955, 0, 0, 0, 0, 0, 0, 0, 0, 0, 0, 3425.7016103138403, 0, 0, 0, 1779.6286812281753, 2938.223603388089, 3502.7541981732297, 0, 1766.2731188925045, 1499.1618721790824, 1622.8881916370212, 737.8948134977464, 640.8479773238399, 791.3169791422134, 640.84798693656, 1145.2395403445964, 884.1326637750533]","[0, 0, 0, 0, 0, 0, 1, 2, 2, 2, 3, 3, 3, 3, 3, 4, 4, 4, 4, 4, 4, 4, 4, 5, 5, 5, 5, 5, 5, 6, 6, 6, 6, 6, 6, 6, 7]","[1, 1, 1, 1, 1, 1, 2, 3, 3, 3, 4, 4, 4, 4, 5, 6, 5, 5, 5, 8, 8, 9, 9, 11, 14, 12, 17, 15, 17, 17, 19, 17, 18, 18, 19, 19, 22]","[5, 5, 3, 19, -1, 8, 16, 9, 9, -1, -1, 18, 12, 8, 20, 17, 12, 11, 14, 17, -1, 16, 15, 19, -1, -1, -1, 17, -1, -1, -1, -1, -1, -1, -1, -1, -1]","[0, 0, 0, 0, 4029.0, 0, 0, 0, 0, 4029.0, 4029.0, 0, 0, 0, 0, 0, 0, 0, 0, 0, 4029.0, 0, 0, 0, 4029.0, 4029.0, 4029.0, 0, 4029.0, 1783.9580338136327, 4029.0, 4029.0, 4029.0, 1076.1131407767639, 4029.0, 4029.0, 1168.9288254096036]","[0, 0, 0, 0, (0.0, 0.0, 0.0), 0, 0, 0, 0, (411.0414, 10.547933333333333, 4.230333333333333), (0.0, 0.0, 0.0), 0, 0, 0, 0, 0, 0, 0, 0, 0, (0.0, 0.0, 0.0), 0, 0, 0, (645.9222, 2.945, 2.129), (0.0, 0.0, 0.0), (119.5372, 0.03373333333333334, 0.02686666666666667), 0, (242.57, 0.0003333333333333333, 0.0004), (279.62, 9.749466666666667, 1.610333333333333), (131.4214, 0.9578666666666666, 0.7716000000000001), (164.9758, 0.0021333333333333334, 0.0014666666666666665), (184.54886666666667, 0.6701333333333334, 0.0057333333333333325), (164.2764, 0.008733333333333333, 0.0061333333333333335), (475.3542666666667, 0.0017333333333333335, 0.0003333333333333333), (31.238400000000002, 10.958333333333334, 10.986266666666667), (128.62506666666664, 0.00046666666666666666, 0.0014)]","[0, 0, 0, 0, (2, 0.0, 0.0), 0, 0, 0, 0, (2, 0.0, 0.009877777777777777), (2, 0.0, 0.0), 0, 0, 0, 0, 0, 0, 0, 0, 0, (2, 0.0, 0.0), 0, 0, 0, (2, 0.0, 0.0070888888888888885), (2, 0.0, 0.0), (3, 0.0013666666666666669, 0.04000555555555556), 0, (3, 6.666666666666667e-05, 0.009744444444444444), (2, 0.05768333333333333, 0.023244444444444446), (2, 0.0, 0.010555555555555558), (1, 0.2376, 0.013488888888888885), (3, 0.0, 0.00046111111111111103), (2, 0.0, 8.88888888888889e-05), (1, 0.015333333333333336, 0.0008833333333333333), (3, 0.0, 2.2222222222222223e-05), (2, 0.0705, 0.025599999999999998)]","[-1, -1, -1, -1, 6, -1, -1, -1, -1, 12, 13, -1, -1, -1, -1, -1, -1, -1, -1, -1, 14, -1, -1, -1, 11, 10, 4, -1, 8, 5, 7, 1, 15, 5, 9, 2, 5]","[False, False, False, False, True, False, False, False, False, True, True, False, False, False, False, False, False, False, False, False, True, False, False, False, True, True, True, False, True, True, True, True, True, True, True, True, True]"
23,"[0, 0, 0, 0, 3385.6349248130928, 0, 0, 0, 0, 3061.7626654526025, 0, 0, 0, 0, 0, 0, 0, 0, 0, 0, 0, 0, 0, 0, 2090.1455055325287, 2958.2569461384624, 2935.85027399664, 0, 1993.317678598913, 1863.10094582612, 1596.1861921402513, 0, 620.0797558364931, 794.6558693495645, 652.7155422502, 1218.6951376844836, 845.5631180399]","[0, 0, 0, 0, 0, 0, 1, 2, 2, 2, 3, 3, 3, 3, 3, 4, 4, 4, 4, 4, 4, 4, 4, 5, 5, 5, 5, 5, 5, 6, 6, 6, 6, 6, 6, 6, 7]","[1, 1, 1, 1, 1, 1, 2, 3, 3, 3, 4, 4, 4, 4, 5, 6, 5, 5, 5, 8, 8, 9, 9, 11, 14, 12, 17, 15, 17, 17, 19, 17, 18, 18, 19, 19, 22]","[5, 5, 3, 19, -1, 8, 16, 9, 9, -1, 23, 18, 12, 8, 20, 17, 12, 11, 14, 17, -1, 16, 15, 19, -1, -1, -1, 17, -1, -1, -1, -1, -1, -1, -1, -1, -1]","[0, 0, 0, 0, 4029.0, 0, 0, 0, 0, 4029.0, 0, 0, 0, 0, 0, 0, 0, 0, 0, 0, 4029.0, 0, 0, 0, 4029.0, 4029.0, 4029.0, 0, 4029.0, 2102.610160017492, 4029.0, 4029.0, 4029.0, 1034.1650835409362, 892.2247564415718, 4029.0, 4029.0]","[0, 0, 0, 0, (0.0, 0.0, 0.0), 0, 0, 0, 0, (377.487, 31.443133333333336, 6.020133333333332), 0, 0, 0, 0, 0, 0, 0, 0, 0, 0, (0.0, 0.0, 0.0), 0, 0, 0, (402.6528, 3.2084, 1.765466666666667), (0.0, 0.0, 0.0), (105.55626666666666, 0.03646666666666667, 0.024466666666666664), 0, (231.3854, 0.0005333333333333334, 0.0008), (338.34020000000004, 2.189, 3.0638666666666667), (153.791, 0.9633999999999999, 0.7669333333333332), (159.3834, 0.0022666666666666664, 0.0018), (183.1509333333333, 0.6727333333333332, 0.005), (148.19806666666668, 0.008400000000000001, 0.004866666666666666), (552.2496, 0.0023333333333333335, 0.0028666666666666667), (30.75773333333333, 11.004733333333336, 11.030333333333335), (120.23626666666664, 0.0, 0.001066666666666667)]","[0, 0, 0, 0, (2, 0.0, 0.0), 0, 0, 0, 0, (2, 0.0, 0.003505555555555556), 0, 0, 0, 0, 0, 0, 0, 0, 0, 0, (2, 0.0, 0.0), 0, 0, 0, (2, 0.0, 0.005355555555555555), (2, 0.0, 0.0), (3, 0.0, 0.024422222222222224), 0, (3, 6.666666666666667e-05, 0.011649999999999999), (2, 1.1261166666666667, 0.002977777777777778), (2, 0.0, 0.0117), (1, 0.27031666666666665, 0.012972222222222222), (3, 0.0, 0.0005277777777777777), (2, 0.0, 0.0), (1, 0.0116, 0.001061111111111111), (3, 0.0, 2.2222222222222223e-05), (2, 1.666666666666667e-05, 0.0006111111111111112)]","[-1, -1, -1, -1, 6, -1, -1, -1, -1, 12, -1, -1, -1, -1, -1, -1, -1, -1, -1, -1, 14, -1, -1, -1, 7, 10, 3, -1, 4, 5, 2, 1, 8, 5, 5, 0, 13]","[False, False, False, False, True, False, False, False, False, True, False, False, False, False, False, False, False, False, False, False, True, False, False, False, True, True, True, False, True, True, True, True, True, True, True, True, True]"
24,"[0, 0, 0, 0, 3332.2126774787644, 0, 0, 0, 0, 4060.0909500440175, 0, 0, 0, 0, 0, 0, 0, 0, 0, 0, 0, 0, 0, 0, 1232.0506254656602, 3018.356974389583, 2837.2582871833197, 0, 1889.8120704974624, 2634.3846707111265, 1655.52396879974, 0, 0, 781.30030852016, 623.0466539661, 1191.9840113790701, 809.96046043822, 80.13338746088]","[0, 0, 0, 0, 0, 0, 1, 2, 2, 2, 3, 3, 3, 3, 3, 4, 4, 4, 4, 4, 4, 4, 4, 5, 5, 5, 5, 5, 5, 6, 6, 6, 6, 6, 6, 6, 7, 7]","[1, 1, 1, 1, 1, 1, 2, 3, 3, 3, 4, 4, 4, 4, 5, 6, 5, 5, 5, 8, 8, 9, 9, 11, 14, 12, 17, 15, 17, 17, 19, 17, 18, 18, 19, 19, 22, 24]","[5, 5, 3, 19, -1, 8, 16, 9, 9, -1, 23, 18, 12, 8, 20, 17, 12, 11, 14, 17, 24, 16, 15, 19, -1, -1, -1, 17, -1, -1, -1, 24, -1, -1, -1, -1, -1, -1]","[0, 0, 0, 0, 4029.0, 0, 0, 0, 0, 4029.0, 0, 0, 0, 0, 0, 0, 0, 0, 0, 0, 0, 0, 0, 0, 4029.0, 4029.0, 4029.0, 0, 2919.339341518291, 4029.0, 4029.0, 0, 1418.507994310465, 4029.0, 4029.0, 2610.4920056895353, 4029.0, 1109.6606584817087]","[0, 0, 0, 0, (0.0, 0.0, 0.0), 0, 0, 0, 0, (388.67179999999996, 44.40693333333334, 4.9384), 0, 0, 0, 0, 0, 0, 0, 0, 0, 0, 0, 0, 0, 0, (444.5958, 2.369733333333333, 2.1395999999999997), (0.0, 0.0, 0.0), (111.8476, 0.035666666666666666, 0.024), 0, (253.7549333333333, 0.0006666666666666666, 0.0008), (408.2452, 3.357266666666667, 2.6136666666666666), (125.829, 0.9370666666666667, 0.7570666666666667), 0, (211.11286666666666, 0.7809333333333333, 0.005533333333333332), (134.21720000000002, 0.002466666666666667, 0.0006666666666666666), (503.316, 0.0016666666666666668, 0.0003333333333333333), (30.932599999999997, 11.007200000000001, 11.033333333333335), (72.7008, 6.666666666666668e-05, 0.0015333333333333334), (75.84646666666666, 0.0, 0.0)]","[0, 0, 0, 0, (2, 0.0, 0.0), 0, 0, 0, 0, (2, 0.0, 0.00715), 0, 0, 0, 0, 0, 0, 0, 0, 0, 0, 0, 0, 0, 0, (2, 0.0, 0.005061111111111111), (2, 0.0, 0.0), (3, 0.0, 0.028383333333333337), 0, (3, 0.00018333333333333334, 0.015666666666666666), (2, 1.092625, 0.013255555555555555), (2, 0.06273333333333334, 0.031105555555555553), 0, (3, 0.0, 0.00045000000000000004), (2, 0.0, 4.4444444444444447e-05), (1, 0.015533333333333333, 0.0008555555555555556), (3, 0.0, 2.2222222222222223e-05), (2, 0.0, 0.0005666666666666668), (2, 0.00015, 0.0002722222222222222)]","[-1, -1, -1, -1, 14, -1, -1, -1, -1, 12, -1, -1, -1, -1, -1, -1, -1, -1, -1, -1, -1, -1, -1, -1, 15, 2, 3, -1, 9, 5, 1, -1, 0, 11, 6, 0, 13, 9]","[False, False, False, False, True, False, False, False, False, True, False, False, False, False, False, False, False, False, False, False, False, False, False, False, True, True, True, False, True, True, True, False, True, True, True, True, True, True]"
25,"[0, 0, 0, 0, 0, 0, 0, 0, 0, 3402.329505012216, 0, 0, 0, 0, 0, 0, 0, 0, 0, 0, 0, 0, 0, 0, 2534.217953193593, 3148.573702267009, 2777.0076285751793, 0, 2103.5010678682, 1779.6286812281753, 2278.570623724373, 0, 0, 818.0281008010221, 0, 1198.6617929554236, 1317.2983312621604, 1714.4051397483977, 86.81116974928666]","[0, 0, 0, 0, 0, 0, 1, 2, 2, 2, 3, 3, 3, 3, 3, 4, 4, 4, 4, 4, 4, 4, 4, 5, 5, 5, 5, 5, 5, 6, 6, 6, 6, 6, 6, 6, 7, 7, 7]","[1, 1, 1, 1, 1, 1, 2, 3, 3, 3, 4, 4, 4, 4, 5, 6, 5, 5, 5, 8, 8, 9, 9, 11, 14, 12, 17, 15, 17, 17, 19, 17, 18, 18, 19, 19, 22, 25, 24]","[5, 5, 3, 19, -1, 8, 16, 9, 9, -1, 23, 18, 12, 8, 20, 17, 12, 11, 14, 17, 24, 16, 15, 19, -1, -1, -1, 17, -1, -1, -1, 24, 25, -1, -1, -1, -1, -1, -1]","[0, 0, 0, 0, 4029.0, 0, 0, 0, 0, 4029.0, 0, 0, 0, 0, 0, 0, 0, 0, 0, 0, 0, 0, 0, 0, 4029.0, 4029.0, 4029.0, 0, 3022.8449490594567, 4029.0, 4029.0, 0, 0, 4029.0, 4029.0, 4029.0, 4029.0, 4029.0, 1006.1550509405432]","[0, 0, 0, 0, (0.0, 0.0, 0.0), 0, 0, 0, 0, (399.85659999999996, 25.850333333333328, 7.905066666666667), 0, 0, 0, 0, 0, 0, 0, 0, 0, 0, 0, 0, 0, 0, (349.525, 5.339466666666667, 2.7218), (0.0, 0.0, 0.0), (115.3428, 0.03426666666666667, 0.023266666666666665), 0, (244.66713333333328, 0.0014666666666666665, 0.0012), (645.9222, 2.945, 2.129), (226.49220000000003, 0.9202666666666668, 0.7430666666666668), 0, 0, (95.76953333333334, 0.0094, 0.006266666666666668), (426.4208, 0.0021333333333333334, 0.002933333333333333), (29.2284, 11.277066666666668, 11.304066666666667), (75.49706666666667, 0.0, 0.001066666666666667), (105.5042, 0.28773333333333334, 0.22433333333333338), (71.827, 0.0, 0.0)]","[0, 0, 0, 0, (2, 0.0, 0.0), 0, 0, 0, 0, (2, 0.0, 0.0046), 0, 0, 0, 0, 0, 0, 0, 0, 0, 0, 0, 0, 0, 0, (2, 0.0, 0.01048888888888889), (2, 0.0, 0.0), (3, 0.0, 0.027411111111111112), 0, (3, 0.00015, 0.019816666666666666), (2, 0.0, 0.0070888888888888885), (2, 0.09268333333333334, 0.011455555555555556), 0, 0, (2, 0.0, 0.0), (1, 0.01175, 0.0009611111111111112), (3, 0.0, 2.2222222222222223e-05), (2, 1.666666666666667e-05, 0.0007), (1, 0.0030666666666666663, 0.05871111111111111), (2, 0.09475, 0.017716666666666665)]","[-1, -1, -1, -1, 14, -1, -1, -1, -1, 3, -1, -1, -1, -1, -1, -1, -1, -1, -1, -1, -1, -1, -1, -1, 15, 8, 10, -1, 9, 0, 7, -1, -1, 2, 1, 4, 5, 11, 9]","[False, False, False, False, True, False, False, False, False, True, False, False, False, False, False, False, False, False, False, False, False, False, False, False, True, True, True, False, True, True, True, False, False, True, True, True, True, True, True]"
26,"[0, 0, 0, 0, 0, 0, 0, 0, 0, 0, 0, 0, 0, 0, 0, 0, 0, 0, 0, 0, 0, 0, 0, 0, 5161.924842736884, 3425.7016103138403, 3089.2155868173595, 0, 2073.45105261294, 2090.1455055325287, 1590.2524144743022, 0, 0, 0, 0, 0, 1459.7089616688797, 2251.868135745323, 1429.5838385761401, 0, 1147.5012037613078, 2006.6731654957287]","[0, 0, 0, 0, 0, 0, 1, 2, 2, 2, 3, 3, 3, 3, 3, 4, 4, 4, 4, 4, 4, 4, 4, 5, 5, 5, 5, 5, 5, 6, 6, 6, 6, 6, 6, 6, 7, 7, 7, 7, 7, 8]","[1, 1, 1, 1, 1, 1, 2, 3, 3, 3, 4, 4, 4, 4, 5, 6, 5, 5, 5, 8, 8, 9, 9, 11, 14, 12, 17, 15, 17, 17, 19, 17, 18, 18, 19, 19, 22, 26, 25, 24, 26, 26]","[5, 5, 3, 19, 26, 8, 16, 9, 9, -1, 23, 18, 12, 8, 20, 17, 12, 11, 14, 17, 24, 16, 15, 19, -1, -1, -1, 17, -1, -1, -1, 24, 25, -1, 26, -1, -1, -1, -1, -1, -1, -1]","[0, 0, 0, 0, 0, 0, 0, 0, 0, 4029.0, 0, 0, 0, 0, 0, 0, 0, 0, 0, 0, 0, 0, 0, 0, 4029.0, 4029.0, 3559.1077934086798, 0, 2477.4749244258164, 4029.0, 4029.0, 0, 0, 469.89220659132025, 0, 4029.0, 4029.0, 3140.434067872661, 4029.0, 888.5659321273386, 1551.5250755741838, 4029.0]","[0, 0, 0, 0, 0, 0, 0, 0, 0, (377.487, 24.242, 6.6902), 0, 0, 0, 0, 0, 0, 0, 0, 0, 0, 0, 0, 0, 0, (553.6476, 10.710466666666667, 4.053266666666667), (0.0, 0.0, 0.0), (111.1486, 0.03153333333333334, 0.0434), 0, (254.4540666666667, 0.0026, 0.0088), (402.6528, 3.2084, 1.765466666666667), (142.6062, 0.9306666666666665, 0.7520666666666668), 0, 0, (113.94486666666668, 0.0015333333333333334, 0.0006666666666666666), 0, (27.96146666666667, 11.744666666666664, 11.770666666666664), (114.64386666666668, 0.0, 0.0011333333333333332), (100.6632, 0.009333333333333334, 0.0108), (110.71433333333331, 0.20726666666666668, 0.17506666666666665), (107.65333333333331, 0.0, 0.0), (386.924, 1.3948666666666665, 0.0056), (306.18366666666674, 0.5942000000000001, 0.19193333333333337)]","[0, 0, 0, 0, 0, 0, 0, 0, 0, (2, 0.0, 0.004911111111111111), 0, 0, 0, 0, 0, 0, 0, 0, 0, 0, 0, 0, 0, 0, (2, 0.0, 0.008927777777777778), (2, 0.0, 0.0), (3, 0.0009, 0.029877777777777774), 0, (3, 0.00011666666666666667, 0.017588888888888887), (2, 0.0, 0.005355555555555555), (2, 0.0, 0.012455555555555557), 0, 0, (2, 0.0, 1.6666666666666667e-05), 0, (3, 0.0, 2.2222222222222223e-05), (2, 0.0, 0.0006555555555555555), (2, 0.0, 0.002416666666666667), (1, 0.0002333333333333333, 0.05122222222222223), (2, 0.0006, 0.00018333333333333334), (1, 0.0, 0.009683333333333334), (3, 0.011550000000000001, 0.43049444444444446)]","[-1, -1, -1, -1, -1, -1, -1, -1, -1, 12, -1, -1, -1, -1, -1, -1, -1, -1, -1, -1, -1, -1, -1, -1, 15, 8, 6, -1, 9, 1, 11, -1, -1, 6, -1, 5, 13, 14, 0, 14, 9, 7]","[False, False, False, False, False, False, False, False, False, True, False, False, False, False, False, False, False, False, False, False, False, False, False, False, True, True, True, False, True, True, True, False, False, True, False, True, True, True, True, True, True, True]"
27,"[0, 0, 0, 0, 0, 0, 0, 0, 0, 0, 0, 0, 0, 0, 0, 0, 0, 0, 0, 0, 0, 0, 0, 0, 3255.4183193198332, 3442.3960626058183, 2842.73561978406, 0, 2293.817831151513, 1232.0506254656602, 1563.5504149775322, 0, 0, 0, 0, 0, 845.5631180399, 2266.7025766922616, 1845.861124904825, 0, 925.6692288098378, 1352.2506356501997, 922.7020845904912, 390.65025572768, 884.1326637750533]","[0, 0, 0, 0, 0, 0, 1, 2, 2, 2, 3, 3, 3, 3, 3, 4, 4, 4, 4, 4, 4, 4, 4, 5, 5, 5, 5, 5, 5, 6, 6, 6, 6, 6, 6, 6, 7, 7, 7, 7, 7, 8, 8, 8, 8]","[1, 1, 1, 1, 1, 1, 2, 3, 3, 3, 4, 4, 4, 4, 5, 6, 5, 5, 5, 8, 8, 9, 9, 11, 14, 12, 17, 15, 17, 17, 19, 17, 18, 18, 19, 19, 22, 26, 25, 24, 26, 26, 27, 27, 27]","[5, 5, 3, 19, 26, 8, 16, 9, 9, 27, 23, 18, 12, 8, 20, 17, 12, 11, 14, 17, 24, 16, 15, 19, -1, -1, -1, 17, -1, -1, -1, 24, 25, 27, 26, 27, -1, -1, -1, 27, -1, -1, -1, -1, -1]","[0, 0, 0, 0, 0, 0, 0, 0, 0, 0, 0, 0, 0, 0, 0, 0, 0, 0, 0, 0, 0, 0, 0, 0, 4029.0, 4029.0, 4029.0, 0, 4029.0, 4029.0, 4029.0, 0, 0, 0, 0, 0, 4029.0, 2685.0166739412116, 2495.364230564886, 0, 1343.983326058788, 4029.0, 4029.0, 4029.0, 1533.6357694351143]","[0, 0, 0, 0, 0, 0, 0, 0, 0, 0, 0, 0, 0, 0, 0, 0, 0, 0, 0, 0, 0, 0, 0, 0, (503.316, 17.2942, 4.714533333333334), (0.0, 0.0, 0.0), (97.86666666666669, 0.0338, 0.023066666666666666), 0, (268.435, 0.0018666666666666666, 0.0016), (444.5958, 2.369733333333333, 2.1395999999999997), (117.4404, 0.9303333333333335, 0.7412666666666667), 0, 0, 0, 0, 0, (92.27413333333331, 6.666666666666668e-05, 0.0013333333333333333), (150.9948, 0.009333333333333334, 0.010933333333333335), (109.4118, 0.21166666666666664, 0.17653333333333332), 0, (349.1754, 0.6480666666666667, 0.003466666666666667), (281.018, 0.42160000000000003, 0.13533333333333333), (97.867, 0.5311333333333333, 0.4374666666666666), (499.1218, 0.0004, 0.0003333333333333333), (128.62506666666664, 0.00046666666666666666, 0.0014)]","[0, 0, 0, 0, 0, 0, 0, 0, 0, 0, 0, 0, 0, 0, 0, 0, 0, 0, 0, 0, 0, 0, 0, 0, (2, 2.327875, 0.009094444444444445), (2, 0.0, 0.0), (3, 0.0, 0.02947777777777778), 0, (3, 0.00013333333333333334, 0.023688888888888888), (2, 0.0, 0.005061111111111111), (2, 0.0, 0.010772222222222223), 0, 0, 0, 0, 0, (2, 1.666666666666667e-05, 0.003455555555555556), (2, 0.0, 0.0026888888888888887), (1, 0.00011666666666666667, 0.05212222222222222), 0, (1, 0.0, 0.00023333333333333333), (3, 1.666666666666667e-05, 0.2272388888888889), (1, 0.0, 0.0014666666666666662), (2, 0.012733333333333334, 0.0036666666666666666), (2, 0.0705, 0.025599999999999998)]","[-1, -1, -1, -1, -1, -1, -1, -1, -1, -1, -1, -1, -1, -1, -1, -1, -1, -1, -1, -1, -1, -1, -1, -1, 15, 5, 6, -1, 10, 3, 12, -1, -1, -1, -1, -1, 13, 9, 2, -1, 9, 4, 0, 14, 2]","[False, False, False, False, False, False, False, False, False, False, False, False, False, False, False, False, False, False, False, False, False, False, False, False, True, True, True, False, True, True, True, False, False, False, False, False, True, True, True, False, True, True, True, True, True]"
28,"[0, 0, 0, 0, 0, 0, 0, 0, 0, 0, 0, 0, 0, 0, 0, 0, 0, 0, 0, 0, 0, 0, 0, 0, 3689.4740952291445, 3475.784967189774, 2867.38361648739, 0, 2203.667785385733, 2534.217953193593, 0, 0, 0, 0, 0, 0, 833.6955655060068, 2248.9012475559352, 1812.9971286157179, 0, 1237.8771935563511, 3121.8625785998443, 1409.0117734429248, 925.6689723222934, 530.8836808606934, 845.5631180399, 3752.9130163235823]","[0, 0, 0, 0, 0, 0, 1, 2, 2, 2, 3, 3, 3, 3, 3, 4, 4, 4, 4, 4, 4, 4, 4, 5, 5, 5, 5, 5, 5, 6, 6, 6, 6, 6, 6, 6, 7, 7, 7, 7, 7, 8, 8, 8, 8, 8, 8]","[1, 1, 1, 1, 1, 1, 2, 3, 3, 3, 4, 4, 4, 4, 5, 6, 5, 5, 5, 8, 8, 9, 9, 11, 14, 12, 17, 15, 17, 17, 19, 17, 18, 18, 19, 19, 22, 26, 25, 24, 26, 28, 26, 27, 27, 27, 28]","[5, 5, 3, 19, 26, 8, 16, 9, 9, 27, 23, 18, 12, 8, 20, 17, 12, 11, 14, 17, 24, 16, 15, 19, -1, -1, -1, 17, -1, -1, -1, 24, 25, 27, 26, 27, -1, -1, -1, 27, -1, -1, -1, -1, -1, -1, -1]","[0, 0, 0, 0, 0, 0, 0, 0, 0, 0, 0, 0, 0, 0, 0, 0, 0, 0, 0, 0, 0, 0, 0, 0, 4029.0, 4029.0, 4029.0, 0, 2653.4994065317196, 4029.0, 4029.0, 0, 0, 0, 0, 0, 2008.5662237330534, 4029.0, 4029.0, 0, 4029.0, 4029.0, 4029.0, 1375.50059346828, 4029.0, 2020.4337762669466, 4029.0]","[0, 0, 0, 0, 0, 0, 0, 0, 0, 0, 0, 0, 0, 0, 0, 0, 0, 0, 0, 0, 0, 0, 0, 0, (570.4248, 42.85653333333333, 4.105333333333333), (0.0, 0.0, 0.0), (98.5656, 0.03406666666666667, 0.023066666666666666), 0, (269.134, 0.0016666666666666668, 0.0014666666666666665), (349.525, 5.339466666666667, 2.7218), (83.886, 0.8937333333333333, 0.7318666666666667), 0, 0, 0, 0, 0, (76.89526666666666, 0.0, 0.001), (150.9948, 0.009266666666666668, 0.0106), (108.76053333333334, 0.20446666666666666, 0.17406666666666665), 0, (320.86379999999997, 0.6452, 0.0048), (0.0, 0.0, 0.0), (255.852, 0.49213333333333326, 0.15953333333333333), (114.6442, 0.5428, 0.4749333333333333), (455.08166666666676, 0.012533333333333334, 0.18906666666666663), (120.23626666666664, 0.0, 0.001066666666666667), (388.67179999999996, 7.663399999999999, 2.4918666666666667)]","[0, 0, 0, 0, 0, 0, 0, 0, 0, 0, 0, 0, 0, 0, 0, 0, 0, 0, 0, 0, 0, 0, 0, 0, (2, 0.0, 0.005988888888888888), (2, 0.0, 0.0), (3, 0.0, 0.029166666666666667), 0, (3, 0.00031666666666666665, 0.026144444444444446), (2, 0.0, 0.01048888888888889), (2, 0.0, 0.007866666666666668), 0, 0, 0, 0, 0, (2, 0.0, 0.0005055555555555555), (2, 0.0, 0.0023555555555555556), (1, 0.0, 0.05014999999999999), 0, (1, 0.0, 0.0002222222222222222), (2, 0.0, 0.0), (3, 8.333333333333333e-05, 0.28617777777777775), (1, 0.0, 0.001527777777777778), (2, 0.0002833333333333333, 0.0029611111111111123), (2, 1.666666666666667e-05, 0.0006111111111111112), (2, 0.0, 0.016355555555555557)]","[-1, -1, -1, -1, -1, -1, -1, -1, -1, -1, -1, -1, -1, -1, -1, -1, -1, -1, -1, -1, -1, -1, -1, -1, 15, 5, 6, -1, 0, 4, 12, -1, -1, -1, -1, -1, 2, 11, 14, -1, 9, 8, 7, 0, 3, 2, 1]","[False, False, False, False, False, False, False, False, False, False, False, False, False, False, False, False, False, False, False, False, False, False, False, False, True, True, True, False, True, True, True, False, False, False, False, False, True, True, True, False, True, True, True, True, True, True, True]"
29,"[0, 0, 0, 0, 0, 0, 0, 0, 0, 0, 0, 0, 0, 0, 0, 0, 0, 0, 0, 0, 0, 0, 0, 0, 0, 3732.8795324862313, 3604.08485128692, 0, 2664.4346859663865, 5161.924842736884, 0, 0, 0, 0, 0, 0, 0, 2254.8350239347114, 1886.9411202662081, 0, 1317.298517921692, 3065.1014408071205, 1816.3564093671823, 928.6358600540952, 537.5614630098844, 809.96046043822, 2794.65141873918, 922.7020845904912]","[0, 0, 0, 0, 0, 0, 1, 2, 2, 2, 3, 3, 3, 3, 3, 4, 4, 4, 4, 4, 4, 4, 4, 5, 5, 5, 5, 5, 5, 6, 6, 6, 6, 6, 6, 6, 7, 7, 7, 7, 7, 8, 8, 8, 8, 8, 8, 9]","[1, 1, 1, 1, 1, 1, 2, 3, 3, 3, 4, 4, 4, 4, 5, 6, 5, 5, 5, 8, 8, 9, 9, 11, 14, 12, 17, 15, 17, 17, 19, 17, 18, 18, 19, 19, 22, 26, 25, 24, 26, 28, 26, 27, 27, 27, 28, 29]","[5, 5, 3, 19, 26, 8, 16, 9, 9, 27, 23, 18, 12, 8, 20, 17, 12, 11, 14, 17, 24, 16, 15, 19, -1, -1, -1, 17, -1, -1, 29, 24, 25, 27, 26, 27, -1, -1, -1, 27, -1, -1, -1, -1, -1, -1, -1, -1]","[0, 0, 0, 0, 0, 0, 0, 0, 0, 0, 0, 0, 0, 0, 0, 0, 0, 0, 0, 0, 0, 0, 0, 0, 4029.0, 4029.0, 4029.0, 0, 2885.366300687948, 4029.0, 0, 0, 0, 0, 0, 0, 4029.0, 4029.0, 4029.0, 0, 4029.0, 4029.0, 4029.0, 4029.0, 4029.0, 4029.0, 4029.0, 1143.6336993120522]","[0, 0, 0, 0, 0, 0, 0, 0, 0, 0, 0, 0, 0, 0, 0, 0, 0, 0, 0, 0, 0, 0, 0, 0, (394.2642, 30.276, 3.311533333333333), (0.0, 0.0, 0.0), (159.383, 0.27046666666666663, 0.022466666666666666), 0, (369.09826666666675, 0.0032, 0.0020666666666666667), (553.6476, 10.710466666666667, 4.053266666666667), 0, 0, 0, 0, 0, 0, (79.6912, 6.666666666666668e-05, 0.001), (184.5492, 0.009333333333333334, 0.0108), (115.2732, 0.21046666666666666, 0.17566666666666664), 0, (301.98920000000004, 0.6321333333333333, 0.005666666666666668), (0.0, 0.0, 0.0), (226.49179999999998, 0.6, 0.19540000000000002), (109.0518, 0.5416666666666666, 0.5044666666666666), (471.15966666666674, 0.013066666666666664, 0.18946666666666667), (72.7008, 6.666666666666668e-05, 0.0015333333333333334), (651.5146, 19.004533333333335, 2.486266666666667), (97.867, 0.5311333333333333, 0.4374666666666666)]","[0, 0, 0, 0, 0, 0, 0, 0, 0, 0, 0, 0, 0, 0, 0, 0, 0, 0, 0, 0, 0, 0, 0, 0, (2, 0.0, 0.003466666666666667), (2, 0.0, 0.0), (3, 0.0013666666666666669, 0.02918888888888889), 0, (3, 0.2675166666666666, 0.1220111111111111), (2, 0.0, 0.008927777777777778), 0, 0, 0, 0, 0, 0, (2, 1.666666666666667e-05, 0.0004111111111111111), (2, 0.0, 0.002338888888888889), (1, 0.0, 0.05059444444444444), 0, (1, 0.0, 0.00025), (2, 0.0, 0.0), (3, 0.00016666666666666666, 0.37338333333333334), (1, 0.0, 0.0017222222222222224), (2, 0.00035, 0.0039833333333333335), (2, 0.0, 0.0005666666666666668), (2, 0.0, 0.0053), (1, 0.0, 0.0014666666666666662)]","[-1, -1, -1, -1, -1, -1, -1, -1, -1, -1, -1, -1, -1, -1, -1, -1, -1, -1, -1, -1, -1, -1, -1, -1, 6, 5, 3, -1, 12, 4, -1, -1, -1, -1, -1, -1, 13, 11, 14, -1, 9, 8, 7, 10, 0, 2, 1, 12]","[False, False, False, False, False, False, False, False, False, False, False, False, False, False, False, False, False, False, False, False, False, False, False, False, True, True, True, False, True, True, False, False, False, False, False, False, True, True, True, False, True, True, True, True, True, True, True, True]"
30,"[0, 0, 0, 0, 0, 0, 0, 0, 0, 0, 0, 0, 0, 0, 0, 0, 0, 0, 0, 0, 0, 0, 0, 0, 0, 3782.9628893621643, 4107.999450555, 0, 2310.5122840711024, 0, 0, 0, 0, 0, 0, 0, 0, 2248.9012475559352, 1906.1117847681867, 0, 1309.0825188494155, 2911.512479720924, 2230.3788262082307, 931.6027477858978, 544.2392451590755, 1317.2983312621604, 1739.5619942211624, 925.6689723222934]","[0, 0, 0, 0, 0, 0, 1, 2, 2, 2, 3, 3, 3, 3, 3, 4, 4, 4, 4, 4, 4, 4, 4, 5, 5, 5, 5, 5, 5, 6, 6, 6, 6, 6, 6, 6, 7, 7, 7, 7, 7, 8, 8, 8, 8, 8, 8, 9]","[1, 1, 1, 1, 1, 1, 2, 3, 3, 3, 4, 4, 4, 4, 5, 6, 5, 5, 5, 8, 8, 9, 9, 11, 14, 12, 17, 15, 17, 17, 19, 17, 18, 18, 19, 19, 22, 26, 25, 24, 26, 28, 26, 27, 27, 27, 28, 29]","[5, 5, 3, 19, 26, 8, 16, 9, 9, 27, 23, 18, 12, 8, 20, 17, 12, 11, 14, 17, 24, 16, 15, 19, 30, -1, -1, 17, -1, -1, 29, 24, 25, 27, 26, 27, 30, -1, -1, 27, -1, -1, -1, -1, -1, -1, -1, -1]","[0, 0, 0, 0, 0, 0, 0, 0, 0, 0, 0, 0, 0, 0, 0, 0, 0, 0, 0, 0, 0, 0, 0, 0, 0, 4029.0, 4029.0, 0, 4029.0, 4029.0, 0, 0, 0, 0, 0, 0, 0, 4029.0, 4029.0, 0, 4029.0, 4029.0, 2663.8880392111664, 1365.1119607888336, 4029.0, 4029.0, 4029.0, 4029.0]","[0, 0, 0, 0, 0, 0, 0, 0, 0, 0, 0, 0, 0, 0, 0, 0, 0, 0, 0, 0, 0, 0, 0, 0, 0, (0.0, 0.0, 0.0), (234.88039999999998, 0.2981333333333333, 0.018066666666666665), 0, (364.904, 0.0027333333333333333, 0.0014666666666666665), (503.316, 17.2942, 4.714533333333334), 0, 0, 0, 0, 0, 0, 0, (218.1036, 0.009266666666666668, 0.010533333333333334), (97.689, 0.24573333333333333, 0.20893333333333336), 0, (333.44653333333326, 0.6355333333333333, 0.0052), (0.0, 0.0, 0.0), (209.7148, 0.7276, 0.23566666666666664), (109.0518, 0.5368666666666667, 0.4758666666666667), (486.5389333333335, 0.012733333333333333, 0.18919999999999998), (75.49706666666667, 0.0, 0.001066666666666667), (369.0984, 16.1096, 2.579733333333333), (114.6442, 0.5428, 0.4749333333333333)]","[0, 0, 0, 0, 0, 0, 0, 0, 0, 0, 0, 0, 0, 0, 0, 0, 0, 0, 0, 0, 0, 0, 0, 0, 0, (2, 0.0, 0.0), (3, 8.333333333333333e-05, 0.02883888888888889), 0, (3, 0.0012833333333333332, 0.025400000000000002), (2, 2.327875, 0.009094444444444445), 0, 0, 0, 0, 0, 0, 0, (2, 0.0, 0.0022555555555555554), (1, 0.0, 0.05149444444444444), 0, (1, 0.0, 0.0002111111111111111), (2, 0.0, 0.0), (3, 0.00021666666666666668, 0.5190777777777777), (1, 0.0, 0.0017166666666666667), (2, 0.07660000000000003, 0.0032111111111111108), (2, 1.666666666666667e-05, 0.0007), (2, 0.0, 0.00225), (1, 0.0, 0.001527777777777778)]","[-1, -1, -1, -1, -1, -1, -1, -1, -1, -1, -1, -1, -1, -1, -1, -1, -1, -1, -1, -1, -1, -1, -1, -1, -1, 2, 3, -1, 12, 1, -1, -1, -1, -1, -1, -1, -1, 8, 10, -1, 5, 4, 7, 7, 6, 15, 13, 9]","[False, False, False, False, False, False, False, False, False, False, False, False, False, False, False, False, False, False, False, False, False, False, False, False, False, True, True, False, True, True, False, False, False, False, False, False, False, True, True, False, True, True, True, True, True, True, True, True]"
31,"[0, 0, 0, 0, 0, 0, 0, 0, 0, 0, 0, 0, 0, 0, 0, 0, 0, 0, 0, 0, 0, 0, 0, 0, 0, 3388.973815271489, 3519.18619597545, 0, 0, 0, 0, 0, 0, 0, 0, 0, 0, 2201.431036525731, 1908.8504511256126, 0, 1207.75186362467, 3145.2348118086134, 1318.8617310662446, 925.6689723222934, 524.2058987115023, 1459.7089616688797, 1826.3731494030244, 928.6358600540952, 1364.7688631682443, 1364.7688631682443]","[0, 0, 0, 0, 0, 0, 1, 2, 2, 2, 3, 3, 3, 3, 3, 4, 4, 4, 4, 4, 4, 4, 4, 5, 5, 5, 5, 5, 5, 6, 6, 6, 6, 6, 6, 6, 7, 7, 7, 7, 7, 8, 8, 8, 8, 8, 8, 9, 9, 9]","[1, 1, 1, 1, 1, 1, 2, 3, 3, 3, 4, 4, 4, 4, 5, 6, 5, 5, 5, 8, 8, 9, 9, 11, 14, 12, 17, 15, 17, 17, 19, 17, 18, 18, 19, 19, 22, 26, 25, 24, 26, 28, 26, 27, 27, 27, 28, 29, 31, 31]","[5, 5, 3, 19, 26, 8, 16, 9, 9, 27, 23, 18, 12, 8, 20, 17, 12, 11, 14, 17, 24, 16, 15, 19, 30, -1, -1, 17, -1, 31, 29, 24, 25, 27, 26, 27, 30, -1, -1, 27, -1, -1, -1, -1, -1, -1, -1, -1, -1, -1]","[0, 0, 0, 0, 0, 0, 0, 0, 0, 0, 0, 0, 0, 0, 0, 0, 0, 0, 0, 0, 0, 0, 0, 0, 0, 4029.0, 4029.0, 0, 4029.0, 0, 0, 0, 0, 0, 0, 0, 0, 4029.0, 4029.0, 0, 2356.272982456584, 4029.0, 1458.7618755473172, 1065.569116803366, 1672.727017543416, 4029.0, 4029.0, 4029.0, 4029.0, 1504.6690076493169]","[0, 0, 0, 0, 0, 0, 0, 0, 0, 0, 0, 0, 0, 0, 0, 0, 0, 0, 0, 0, 0, 0, 0, 0, 0, (0.0, 0.0, 0.0), (221.59853333333334, 0.0404, 0.026733333333333335), 0, (271.9302, 0.0026666666666666666, 0.0020666666666666667), 0, 0, 0, 0, 0, 0, 0, 0, (268.4352, 0.009333333333333334, 0.0108), (125.0422, 0.247, 0.19506666666666664), 0, (333.44653333333326, 0.7292666666666667, 0.004666666666666667), (0.0, 0.0, 0.0), (255.852, 0.40273333333333333, 0.13053333333333333), (95.0708, 0.5381333333333334, 0.44586666666666674), (462.072, 0.012733333333333333, 0.18913333333333332), (114.64386666666668, 0.0, 0.0011333333333333332), (268.4352, 13.852799999999998, 1.682), (109.0518, 0.5416666666666666, 0.5044666666666666), (402.65259999999995, 0.0, 0.0), (402.65259999999995, 0.0, 0.0)]","[0, 0, 0, 0, 0, 0, 0, 0, 0, 0, 0, 0, 0, 0, 0, 0, 0, 0, 0, 0, 0, 0, 0, 0, 0, (2, 0.0, 0.0), (3, 0.0, 0.02946666666666667), 0, (3, 0.005633333333333334, 0.03143333333333334), 0, 0, 0, 0, 0, 0, 0, 0, (2, 0.0, 0.0022944444444444444), (1, 3.3333333333333335e-05, 0.05121666666666667), 0, (1, 0.0, 0.00021666666666666668), (2, 0.0, 0.0), (3, 5e-05, 0.20164999999999994), (1, 0.0, 0.0017277777777777773), (2, 0.07893333333333334, 0.003822222222222222), (2, 0.0, 0.0006555555555555555), (2, 0.0, 0.005916666666666666), (1, 0.0, 0.0017222222222222224), (3, 0.1085, 0.004066666666666666), (3, 0.1085, 0.004066666666666666)]","[-1, -1, -1, -1, -1, -1, -1, -1, -1, -1, -1, -1, -1, -1, -1, -1, -1, -1, -1, -1, -1, -1, -1, -1, -1, 0, 1, -1, 6, -1, -1, -1, -1, -1, -1, -1, -1, 3, 5, -1, 14, 4, 7, 7, 14, 15, 13, 9, 11, 7]","[False, False, False, False, False, False, False, False, False, False, False, False, False, False, False, False, False, False, False, False, False, False, False, False, False, True, True, False, True, False, False, False, False, False, False, False, False, True, True, False, True, True, True, True, True, True, True, True, True, True]"
32,"[0, 0, 0, 0, 0, 0, 0, 0, 0, 0, 0, 0, 0, 0, 0, 0, 0, 0, 0, 0, 0, 0, 0, 0, 0, 3395.6515961882797, 3576.69818828322, 0, 0, 0, 0, 0, 0, 0, 0, 0, 0, 2248.9012475559352, 1714.4051397483977, 0, 1246.093192628628, 2988.3069602640226, 1425.7062257349019, 934.5696355177, 0, 845.5631180399, 1612.6841520322869, 931.6027477858978, 1691.1266347954333, 1646.6233023008167, 1691.1266347954333, 2180.662757134983]","[0, 0, 0, 0, 0, 0, 1, 2, 2, 2, 3, 3, 3, 3, 3, 4, 4, 4, 4, 4, 4, 4, 4, 5, 5, 5, 5, 5, 5, 6, 6, 6, 6, 6, 6, 6, 7, 7, 7, 7, 7, 8, 8, 8, 8, 8, 8, 9, 9, 9, 9, 9]","[1, 1, 1, 1, 1, 1, 2, 3, 3, 3, 4, 4, 4, 4, 5, 6, 5, 5, 5, 8, 8, 9, 9, 11, 14, 12, 17, 15, 17, 17, 19, 17, 18, 18, 19, 19, 22, 26, 25, 24, 26, 28, 26, 27, 27, 27, 28, 29, 31, 32, 31, 32]","[5, 5, 3, 19, 26, 8, 16, 9, 9, 27, 23, 18, 12, 8, 20, 17, 12, 11, 14, 17, 24, 16, 15, 19, 30, -1, -1, 17, 32, 31, 29, 24, 25, 27, 26, 27, 30, -1, -1, 27, -1, -1, -1, -1, -1, -1, -1, -1, -1, -1, -1, -1]","[0, 0, 0, 0, 0, 0, 0, 0, 0, 0, 0, 0, 0, 0, 0, 0, 0, 0, 0, 0, 0, 0, 0, 0, 0, 4029.0, 4029.0, 0, 0, 0, 0, 0, 0, 0, 0, 0, 0, 4029.0, 1781.3711913067073, 0, 2637.5465963143142, 4029.0, 1881.7897954697344, 4029.0, 1391.453403685686, 4029.0, 4029.0, 4029.0, 2036.7516662473083, 1992.2483337526917, 2147.210204530266, 2247.6288086932927]","[0, 0, 0, 0, 0, 0, 0, 0, 0, 0, 0, 0, 0, 0, 0, 0, 0, 0, 0, 0, 0, 0, 0, 0, 0, (0.0, 0.0, 0.0), (117.44013333333332, 0.04193333333333333, 0.027666666666666673), 0, 0, 0, 0, 0, 0, 0, 0, 0, 0, (33.5544, 0.009266666666666668, 0.010666666666666666), (93.78139999999999, 0.23493333333333336, 0.19066666666666662), 0, (415.23546666666675, 0.7115333333333334, 0.006666666666666668), (0.0, 0.0, 0.0), (213.9092, 0.46873333333333334, 0.15180000000000002), (92.2746, 0.5394, 0.44333333333333325), (442.4987333333333, 0.0128, 0.18926666666666667), (92.27413333333331, 6.666666666666668e-05, 0.0013333333333333333), (383.0794, 15.210066666666668, 1.8525333333333331), (109.0518, 0.5368666666666667, 0.4758666666666667), (339.738, 0.0, 0.0), (125.829, 0.9397333333333332, 0.7602666666666668), (339.738, 0.0, 0.0), (473.9556, 4.806, 0.02386666666666667)]","[0, 0, 0, 0, 0, 0, 0, 0, 0, 0, 0, 0, 0, 0, 0, 0, 0, 0, 0, 0, 0, 0, 0, 0, 0, (2, 0.0, 0.0), (3, 0.0027166666666666667, 0.027800000000000002), 0, 0, 0, 0, 0, 0, 0, 0, 0, 0, (2, 0.0, 0.0023555555555555556), (1, 0.0, 0.049894444444444436), 0, (1, 0.0, 0.0005666666666666666), (2, 0.0, 0.0), (3, 3.3333333333333335e-05, 0.2765777777777778), (1, 0.0, 0.0022722222222222224), (2, 0.058866666666666664, 0.003477777777777778), (2, 1.666666666666667e-05, 0.003455555555555556), (2, 0.0, 0.0036999999999999997), (1, 0.0, 0.0017166666666666667), (3, 0.2122, 0.00935), (2, 0.0, 0.009888888888888888), (3, 0.2122, 0.00935), (1, 0.0, 0.005094444444444444)]","[-1, -1, -1, -1, -1, -1, -1, -1, -1, -1, -1, -1, -1, -1, -1, -1, -1, -1, -1, -1, -1, -1, -1, -1, -1, 0, 6, -1, -1, -1, -1, -1, -1, -1, -1, -1, -1, 2, 8, -1, 14, 4, 7, 10, 14, 1, 13, 12, 11, 11, 7, 8]","[False, False, False, False, False, False, False, False, False, False, False, False, False, False, False, False, False, False, False, False, False, False, False, False, False, True, True, False, False, False, False, False, False, False, False, False, False, True, True, False, True, True, True, True, True, True, True, True, True, True, True, True]"
33,"[0, 0, 0, 0, 0, 0, 0, 0, 0, 0, 0, 0, 0, 0, 0, 0, 0, 0, 0, 0, 0, 0, 0, 0, 0, 3432.379391230631, 3261.75156374067, 0, 0, 0, 0, 0, 0, 0, 0, 0, 0, 5046.6768101486105, 1851.3384576196752, 0, 1084.51187754052, 3008.340303014396, 2036.723179621289, 1284.662387870362, 0, 0, 1499.1618721790824, 925.6689723222934, 1254.9939763481898, 1622.8881916370212, 1254.9939763481898, 1462.6758357381586, 2047.1528695743666]","[0, 0, 0, 0, 0, 0, 1, 2, 2, 2, 3, 3, 3, 3, 3, 4, 4, 4, 4, 4, 4, 4, 4, 5, 5, 5, 5, 5, 5, 6, 6, 6, 6, 6, 6, 6, 7, 7, 7, 7, 7, 8, 8, 8, 8, 8, 8, 9, 9, 9, 9, 9, 10]","[1, 1, 1, 1, 1, 1, 2, 3, 3, 3, 4, 4, 4, 4, 5, 6, 5, 5, 5, 8, 8, 9, 9, 11, 14, 12, 17, 15, 17, 17, 19, 17, 18, 18, 19, 19, 22, 26, 25, 24, 26, 28, 26, 27, 27, 27, 28, 29, 31, 32, 31, 32, 33]","[5, 5, 3, 19, 26, 8, 16, 9, 9, 27, 23, 18, 12, 8, 20, 17, 12, 11, 14, 17, 24, 16, 15, 19, 30, -1, -1, 17, 32, 31, 29, 24, 25, 27, 26, 27, 30, -1, -1, 27, -1, -1, -1, -1, 33, -1, -1, -1, -1, -1, -1, -1, -1]","[0, 0, 0, 0, 0, 0, 0, 0, 0, 0, 0, 0, 0, 0, 0, 0, 0, 0, 0, 0, 0, 0, 0, 0, 0, 4029.0, 4029.0, 0, 0, 0, 0, 0, 0, 0, 0, 0, 0, 4029.0, 2208.831310940758, 0, 4029.0, 4029.0, 4029.0, 4029.0, 0, 4029.0, 4029.0, 4029.0, 4029.0, 4029.0, 4029.0, 1820.1686890592418, 4029.0]","[0, 0, 0, 0, 0, 0, 0, 0, 0, 0, 0, 0, 0, 0, 0, 0, 0, 0, 0, 0, 0, 0, 0, 0, 0, (0.0, 0.0, 0.0), (115.3428, 0.04046666666666667, 0.026666666666666672), 0, 0, 0, 0, 0, 0, 0, 0, 0, 0, (369.0984, 0.018533333333333336, 0.025066666666666668), (104.85293333333334, 0.21746666666666667, 0.18180000000000002), 0, (202.37446666666668, 0.6932, 0.0088), (0.0, 0.0, 0.0), (212.51093333333333, 0.6914, 0.224), (226.49220000000003, 0.5299333333333333, 0.43666666666666676), 0, (76.89526666666666, 0.0, 0.001), (279.62, 9.749466666666667, 1.610333333333333), (95.0708, 0.5381333333333334, 0.44586666666666674), (343.93240000000003, 0.0, 0.0), (139.81, 0.972, 0.7780666666666667), (343.93240000000003, 0.0, 0.0), (384.4776, 1.923, 0.024933333333333335), (545.259, 0.6861333333333334, 1.4692)]","[0, 0, 0, 0, 0, 0, 0, 0, 0, 0, 0, 0, 0, 0, 0, 0, 0, 0, 0, 0, 0, 0, 0, 0, 0, (2, 0.0, 0.0), (3, 0.0, 0.025622222222222223), 0, 0, 0, 0, 0, 0, 0, 0, 0, 0, (2, 0.0, 0.0054888888888888895), (1, 3.3333333333333335e-05, 0.05011111111111111), 0, (1, 0.0, 0.00025), (2, 0.0, 0.0), (3, 0.0002333333333333333, 0.49188333333333323), (1, 0.0007666666666666667, 0.00215), 0, (2, 0.0, 0.0005055555555555555), (2, 0.05768333333333333, 0.023244444444444446), (1, 0.0, 0.0017277777777777773), (3, 0.020033333333333334, 0.0038777777777777777), (2, 0.0, 0.011461111111111111), (3, 0.020033333333333334, 0.0038777777777777777), (1, 0.0, 0.005011111111111111), (1, 0.07585, 0.04698333333333333)]","[-1, -1, -1, -1, -1, -1, -1, -1, -1, -1, -1, -1, -1, -1, -1, -1, -1, -1, -1, -1, -1, -1, -1, -1, -1, 3, 15, -1, -1, -1, -1, -1, -1, -1, -1, -1, -1, 2, 8, -1, 4, 9, 0, 10, -1, 5, 13, 12, 11, 1, 7, 8, 14]","[False, False, False, False, False, False, False, False, False, False, False, False, False, False, False, False, False, False, False, False, False, False, False, False, False, True, True, False, False, False, False, False, False, False, False, False, False, True, True, False, True, True, True, True, False, True, True, True, True, True, True, True, True]"
34,"[0, 0, 0, 0, 0, 0, 0, 0, 0, 0, 0, 0, 0, 0, 0, 0, 0, 0, 0, 0, 0, 0, 0, 0, 0, 0, 3409.63954396065, 0, 0, 0, 0, 0, 0, 0, 0, 0, 0, 6361.008278047395, 1802.042463186016, 0, 1229.6611944840745, 3068.4403312655163, 1769.6119429496443, 0, 0, 0, 1863.10094582612, 934.5696355177, 1266.8615316800874, 1578.3848591424044, 1266.8615316800874, 2530.7555535185593, 1922.54356446984]","[0, 0, 0, 0, 0, 0, 1, 2, 2, 2, 3, 3, 3, 3, 3, 4, 4, 4, 4, 4, 4, 4, 4, 5, 5, 5, 5, 5, 5, 6, 6, 6, 6, 6, 6, 6, 7, 7, 7, 7, 7, 8, 8, 8, 8, 8, 8, 9, 9, 9, 9, 9, 10]","[1, 1, 1, 1, 1, 1, 2, 3, 3, 3, 4, 4, 4, 4, 5, 6, 5, 5, 5, 8, 8, 9, 9, 11, 14, 12, 17, 15, 17, 17, 19, 17, 18, 18, 19, 19, 22, 26, 25, 24, 26, 28, 26, 27, 27, 27, 28, 29, 31, 32, 31, 32, 33]","[5, 5, 3, 19, 26, 8, 16, 9, 9, 27, 23, 18, 12, 8, 20, 17, 12, 11, 14, 17, 24, 16, 15, 19, 30, -1, -1, 17, 32, 31, 29, 24, 25, 27, 26, 27, 30, -1, -1, 27, -1, -1, -1, -1, 33, 34, -1, -1, -1, -1, -1, -1, -1]","[0, 0, 0, 0, 0, 0, 0, 0, 0, 0, 0, 0, 0, 0, 0, 0, 0, 0, 0, 0, 0, 0, 0, 0, 0, 4029.0, 4029.0, 0, 0, 0, 0, 0, 0, 0, 0, 0, 0, 4029.0, 1650.1434548337284, 0, 4029.0, 4029.0, 4029.0, 4029.0, 0, 0, 4029.0, 4029.0, 2014.5, 4029.0, 2014.5, 2378.8565451662716, 4029.0]","[0, 0, 0, 0, 0, 0, 0, 0, 0, 0, 0, 0, 0, 0, 0, 0, 0, 0, 0, 0, 0, 0, 0, 0, 0, (0.0, 0.0, 0.0), (132.12006666666667, 0.0338, 0.0268), 0, 0, 0, 0, 0, 0, 0, 0, 0, 0, (1157.6274666666666, 0.016533333333333334, 0.022133333333333328), (98.34026666666666, 0.21266666666666662, 0.17426666666666668), 0, (105.9056, 0.6556666666666666, 0.0064), (0.0, 0.0, 0.0), (190.14146666666667, 0.5508, 0.17880000000000001), (204.1226, 0.5370666666666667, 0.4422), 0, 0, (338.34020000000004, 2.189, 3.0638666666666667), (92.2746, 0.5394, 0.44333333333333325), (306.18359999999996, 0.0, 0.0), (184.5492, 0.9548666666666666, 0.7652666666666668), (306.18359999999996, 0.0, 0.0), (419.43, 3.8347333333333333, 0.0464), (738.1968, 0.7232666666666667, 1.2136)]","[0, 0, 0, 0, 0, 0, 0, 0, 0, 0, 0, 0, 0, 0, 0, 0, 0, 0, 0, 0, 0, 0, 0, 0, 0, (2, 0.0, 0.0), (3, 0.0, 0.03398333333333334), 0, 0, 0, 0, 0, 0, 0, 0, 0, 0, (2, 0.0, 0.005333333333333333), (1, 0.00011666666666666667, 0.04876111111111111), 0, (1, 0.0, 0.00020555555555555556), (2, 0.0, 0.0), (3, 0.00013333333333333334, 0.3462888888888889), (1, 0.0, 0.004783333333333333), 0, 0, (2, 1.1261166666666667, 0.002977777777777778), (1, 0.0, 0.0022722222222222224), (3, 0.008033333333333333, 0.003372222222222222), (2, 1.666666666666667e-05, 0.010605555555555557), (3, 0.008033333333333333, 0.003372222222222222), (1, 0.00031666666666666665, 0.004988888888888889), (1, 0.0017166666666666665, 0.0023777777777777777)]","[-1, -1, -1, -1, -1, -1, -1, -1, -1, -1, -1, -1, -1, -1, -1, -1, -1, -1, -1, -1, -1, -1, -1, -1, -1, 3, 15, -1, -1, -1, -1, -1, -1, -1, -1, -1, -1, 2, 8, -1, 1, 9, 5, 4, -1, -1, 13, 12, 7, 6, 7, 8, 10]","[False, False, False, False, False, False, False, False, False, False, False, False, False, False, False, False, False, False, False, False, False, False, False, False, False, True, True, False, False, False, False, False, False, False, False, False, False, True, True, False, True, True, True, True, False, False, True, True, True, True, True, True, True]"
35,"[0, 0, 0, 0, 0, 0, 0, 0, 0, 0, 0, 0, 0, 0, 0, 0, 0, 0, 0, 0, 0, 0, 0, 0, 0, 0, 0, 0, 0, 0, 0, 0, 0, 0, 0, 0, 0, 2438.7820916767528, 1136.5465383316057, 0, 0, 3021.6958648479776, 1292.1506073990797, 0, 0, 0, 2634.3846707111265, 1284.662387870362, 1204.5568661876246, 1622.8881916370212, 1204.5568661876246, 1379.6029687996834, 2011.5502109730733, 1071.7839430047102, 1714.4051397483977, 1763.7010974382797]","[0, 0, 0, 0, 0, 0, 1, 2, 2, 2, 3, 3, 3, 3, 3, 4, 4, 4, 4, 4, 4, 4, 4, 5, 5, 5, 5, 5, 5, 6, 6, 6, 6, 6, 6, 6, 7, 7, 7, 7, 7, 8, 8, 8, 8, 8, 8, 9, 9, 9, 9, 9, 10, 10, 10, 11]","[1, 1, 1, 1, 1, 1, 2, 3, 3, 3, 4, 4, 4, 4, 5, 6, 5, 5, 5, 8, 8, 9, 9, 11, 14, 12, 17, 15, 17, 17, 19, 17, 18, 18, 19, 19, 22, 26, 25, 24, 26, 28, 26, 27, 27, 27, 28, 29, 31, 32, 31, 32, 33, 35, 35, 35]","[5, 5, 3, 19, 26, 8, 16, 9, 9, 27, 23, 18, 12, 8, 20, 17, 12, 11, 14, 17, 24, 16, 15, 19, 30, 35, -1, 17, 32, 31, 29, 24, 25, 27, 26, 27, 30, -1, -1, 27, -1, -1, -1, 35, 33, 34, -1, -1, -1, -1, -1, -1, -1, -1, -1, -1]","[0, 0, 0, 0, 0, 0, 0, 0, 0, 0, 0, 0, 0, 0, 0, 0, 0, 0, 0, 0, 0, 0, 0, 0, 0, 0, 4029.0, 0, 0, 0, 0, 0, 0, 0, 0, 0, 0, 2587.8157421388364, 4029.0, 0, 1478.608028497645, 4029.0, 1441.1842578611634, 0, 0, 0, 4029.0, 4029.0, 4029.0, 4029.0, 4029.0, 4029.0, 4029.0, 2550.391971502355, 4029.0, 4029.0]","[0, 0, 0, 0, 0, 0, 0, 0, 0, 0, 0, 0, 0, 0, 0, 0, 0, 0, 0, 0, 0, 0, 0, 0, 0, 0, (107.65339999999999, 0.037200000000000004, 0.024933333333333335), 0, 0, 0, 0, 0, 0, 0, 0, 0, 0, (167.772, 0.009333333333333334, 0.0104), (87.92, 0.21286666666666668, 0.18966666666666662), 0, (111.1484, 0.6268666666666667, 0.0044666666666666665), (0.0, 0.0, 0.0), (198.53, 0.4244, 0.13933333333333334), 0, 0, 0, (408.2452, 3.357266666666667, 2.6136666666666666), (226.49220000000003, 0.5299333333333333, 0.43666666666666676), (322.961, 0.0, 0.0), (131.4214, 0.9578666666666666, 0.7716000000000001), (322.961, 0.0, 0.0), (442.49846666666673, 3.044, 0.055333333333333345), (564.8324, 0.6947333333333332, 1.3258666666666665), (125.829, 0.0033333333333333335, 0.0012666666666666666), (105.5042, 0.28773333333333334, 0.22433333333333338), (39.146666666666654, 0.29753333333333337, 0.0019333333333333331)]","[0, 0, 0, 0, 0, 0, 0, 0, 0, 0, 0, 0, 0, 0, 0, 0, 0, 0, 0, 0, 0, 0, 0, 0, 0, 0, (3, 0.0, 0.03331111111111111), 0, 0, 0, 0, 0, 0, 0, 0, 0, 0, (2, 0.0, 0.002172222222222222), (1, 0.0, 0.050077777777777784), 0, (1, 0.0, 0.00023333333333333333), (2, 0.0, 0.0), (3, 1.666666666666667e-05, 0.19247222222222224), 0, 0, 0, (2, 1.092625, 0.013255555555555555), (1, 0.0007666666666666667, 0.00215), (3, 0.007916666666666667, 0.003444444444444445), (2, 0.0, 0.010555555555555558), (3, 0.007916666666666667, 0.003444444444444445), (1, 0.0, 0.004972222222222222), (1, 0.00225, 0.06516111111111111), (3, 0.0, 0.0006444444444444443), (1, 0.0030666666666666663, 0.05871111111111111), (1, 0.003, 0.06097777777777777)]","[-1, -1, -1, -1, -1, -1, -1, -1, -1, -1, -1, -1, -1, -1, -1, -1, -1, -1, -1, -1, -1, -1, -1, -1, -1, -1, 15, -1, -1, -1, -1, -1, -1, -1, -1, -1, -1, 3, 14, -1, 0, 1, 3, -1, -1, -1, 6, 5, 11, 4, 7, 8, 2, 0, 10, 9]","[False, False, False, False, False, False, False, False, False, False, False, False, False, False, False, False, False, False, False, False, False, False, False, False, False, False, True, False, False, False, False, False, False, False, False, False, False, True, True, False, True, True, True, False, False, False, True, True, True, True, True, True, True, True, True, True]"
36,"[0, 0, 0, 0, 0, 0, 0, 0, 0, 0, 0, 0, 0, 0, 0, 0, 0, 0, 0, 0, 0, 0, 0, 0, 0, 0, 0, 0, 0, 0, 0, 0, 0, 0, 0, 0, 0, 2554.490731062876, 1426.8451722187147, 0, 0, 2894.8180274289466, 961.60045201792, 0, 0, 0, 1779.6286812281753, 0, 1252.0270875152155, 1596.1861921402513, 1252.0270875152155, 1530.9142621519063, 2940.186222823474, 1068.445052216534, 1429.5838385761401, 1385.7651479872202, 1235.3895160495777, 1071.7839430047102]","[0, 0, 0, 0, 0, 0, 1, 2, 2, 2, 3, 3, 3, 3, 3, 4, 4, 4, 4, 4, 4, 4, 4, 5, 5, 5, 5, 5, 5, 6, 6, 6, 6, 6, 6, 6, 7, 7, 7, 7, 7, 8, 8, 8, 8, 8, 8, 9, 9, 9, 9, 9, 10, 10, 10, 11, 12, 12]","[1, 1, 1, 1, 1, 1, 2, 3, 3, 3, 4, 4, 4, 4, 5, 6, 5, 5, 5, 8, 8, 9, 9, 11, 14, 12, 17, 15, 17, 17, 19, 17, 18, 18, 19, 19, 22, 26, 25, 24, 26, 28, 26, 27, 27, 27, 28, 29, 31, 32, 31, 32, 33, 35, 35, 35, 36, 36]","[5, 5, 3, 19, 26, 8, 16, 9, 9, 27, 23, 18, 12, 8, 20, 17, 12, 11, 14, 17, 24, 16, 15, 19, 30, 35, 36, 17, 32, 31, 29, 24, 25, 27, 26, 27, 30, -1, -1, 27, 36, -1, -1, 35, 33, 34, -1, -1, -1, -1, -1, -1, -1, -1, -1, -1, -1, -1]","[0, 0, 0, 0, 0, 0, 0, 0, 0, 0, 0, 0, 0, 0, 0, 0, 0, 0, 0, 0, 0, 0, 0, 0, 0, 0, 0, 0, 0, 0, 0, 0, 0, 0, 0, 0, 0, 2674.050607506649, 4029.0, 0, 0, 4029.0, 1729.8430949330068, 0, 0, 0, 4029.0, 1480.277473891733, 4029.0, 2119.710522076515, 4029.0, 2299.156905066993, 4029.0, 2548.7225261082667, 4029.0, 1909.2894779234844, 1354.9493924933508, 4029.0]","[0, 0, 0, 0, 0, 0, 0, 0, 0, 0, 0, 0, 0, 0, 0, 0, 0, 0, 0, 0, 0, 0, 0, 0, 0, 0, 0, 0, 0, 0, 0, 0, 0, 0, 0, 0, 0, (536.8704, 0.009266666666666668, 0.0106), (83.36113333333331, 0.21606666666666663, 0.18393333333333337), 0, 0, (0.0, 0.0, 0.0), (194.33579999999998, 0.31493333333333334, 0.10186666666666666), 0, 0, 0, (645.9222, 2.945, 2.129), (204.1226, 0.5370666666666667, 0.4422), (301.98940000000005, 0.0, 0.0), (153.791, 0.9633999999999999, 0.7669333333333332), (301.98940000000005, 0.0, 0.0), (440.4012, 3.206266666666667, 0.1867333333333333), (1015.0211999999999, 0.7137333333333332, 1.397666666666667), (170.56820000000002, 0.0034, 0.0014666666666666665), (110.71433333333331, 0.20726666666666668, 0.17506666666666665), (65.71033333333331, 0.2166, 0.004533333333333333), (267.736, 0.28726666666666667, 0.0504), (125.829, 0.0033333333333333335, 0.0012666666666666666)]","[0, 0, 0, 0, 0, 0, 0, 0, 0, 0, 0, 0, 0, 0, 0, 0, 0, 0, 0, 0, 0, 0, 0, 0, 0, 0, 0, 0, 0, 0, 0, 0, 0, 0, 0, 0, 0, (2, 0.0, 0.0023777777777777777), (1, 0.0, 0.04877777777777778), 0, 0, (2, 0.0, 0.0), (3, 0.0, 0.12192777777777777), 0, 0, 0, (2, 0.0, 0.0070888888888888885), (1, 0.0, 0.004783333333333333), (3, 0.00785, 0.003533333333333333), (2, 0.0, 0.0117), (3, 0.00785, 0.003533333333333333), (1, 1.666666666666667e-05, 0.0052), (1, 1.0436000000000003, 0.5150888888888889), (3, 0.0, 0.0005666666666666666), (1, 0.0002333333333333333, 0.05122222222222223), (1, 0.0002833333333333333, 0.09404444444444444), (1, 0.0, 0.0011611111111111112), (3, 0.0, 0.0006444444444444443)]","[-1, -1, -1, -1, -1, -1, -1, -1, -1, -1, -1, -1, -1, -1, -1, -1, -1, -1, -1, -1, -1, -1, -1, -1, -1, -1, -1, -1, -1, -1, -1, -1, -1, -1, -1, -1, -1, 15, 14, -1, -1, 12, 3, -1, -1, -1, 1, 0, 11, 4, 2, 3, 13, 0, 5, 4, 15, 6]","[False, False, False, False, False, False, False, False, False, False, False, False, False, False, False, False, False, False, False, False, False, False, False, False, False, False, False, False, False, False, False, False, False, False, False, False, False, True, True, False, False, True, True, False, False, False, True, True, True, True, True, True, True, True, True, True, True, True]"
37,"[0, 0, 0, 0, 0, 0, 0, 0, 0, 0, 0, 0, 0, 0, 0, 0, 0, 0, 0, 0, 0, 0, 0, 0, 0, 0, 0, 0, 0, 0, 0, 0, 0, 0, 0, 0, 0, 2450.6496444343047, 2127.9437597196566, 0, 0, 3151.912592725404, 1021.7004802690399, 0, 0, 0, 2090.1455055325287, 0, 1225.3250880184453, 1655.52396879974, 1225.3250880184453, 1483.4440524727775, 2067.9210870917877, 1095.1561785219467, 1845.861124904825, 1569.2557901120101, 1235.3895160495777, 1068.445052216534, 1115.1894634134223]","[0, 0, 0, 0, 0, 0, 1, 2, 2, 2, 3, 3, 3, 3, 3, 4, 4, 4, 4, 4, 4, 4, 4, 5, 5, 5, 5, 5, 5, 6, 6, 6, 6, 6, 6, 6, 7, 7, 7, 7, 7, 8, 8, 8, 8, 8, 8, 9, 9, 9, 9, 9, 10, 10, 10, 11, 12, 12, 12]","[1, 1, 1, 1, 1, 1, 2, 3, 3, 3, 4, 4, 4, 4, 5, 6, 5, 5, 5, 8, 8, 9, 9, 11, 14, 12, 17, 15, 17, 17, 19, 17, 18, 18, 19, 19, 22, 26, 25, 24, 26, 28, 26, 27, 27, 27, 28, 29, 31, 32, 31, 32, 33, 35, 35, 35, 36, 36, 37]","[5, 5, 3, 19, 26, 8, 16, 9, 9, 27, 23, 18, 12, 8, 20, 17, 12, 11, 14, 17, 24, 16, 15, 19, 30, 35, 36, 17, 32, 31, 29, 24, 25, 27, 26, 27, 30, -1, -1, 27, 36, -1, -1, 35, 33, 34, -1, 37, -1, -1, -1, -1, -1, -1, -1, -1, -1, -1, -1]","[0, 0, 0, 0, 0, 0, 0, 0, 0, 0, 0, 0, 0, 0, 0, 0, 0, 0, 0, 0, 0, 0, 0, 0, 0, 0, 0, 0, 0, 0, 0, 0, 0, 0, 0, 0, 0, 4029.0, 2336.74985362344, 0, 0, 4029.0, 1697.58825573465, 0, 0, 0, 2136.6421903138516, 0, 4029.0, 2331.41174426535, 4029.0, 1692.2501463765605, 4029.0, 4029.0, 1892.3578096861481, 4029.0, 4029.0, 4029.0, 4029.0]","[0, 0, 0, 0, 0, 0, 0, 0, 0, 0, 0, 0, 0, 0, 0, 0, 0, 0, 0, 0, 0, 0, 0, 0, 0, 0, 0, 0, 0, 0, 0, 0, 0, 0, 0, 0, 0, (738.197, 0.009333333333333334, 0.0108), (90.52506666666666, 0.3320666666666667, 0.2432666666666667), 0, 0, (0.0, 0.0, 0.0), (146.80033333333338, 0.3725333333333334, 0.1176), 0, 0, 0, (402.6528, 3.2084, 1.765466666666667), 0, (328.5532, 0.0, 0.0), (125.829, 0.9370666666666667, 0.7570666666666667), (328.5532, 0.0, 0.0), (478.84913333333344, 2.3301999999999996, 0.8102), (679.4766, 0.7587999999999999, 1.3356666666666668), (170.56820000000002, 0.0033333333333333335, 0.0014), (109.4118, 0.21166666666666664, 0.17653333333333332), (40.54486666666667, 0.21746666666666667, 0.0017333333333333335), (279.6198, 0.2951333333333333, 0.05206666666666667), (170.56820000000002, 0.0034, 0.0014666666666666665), (499.1218, 0.0016666666666666668, 0.0011333333333333332)]","[0, 0, 0, 0, 0, 0, 0, 0, 0, 0, 0, 0, 0, 0, 0, 0, 0, 0, 0, 0, 0, 0, 0, 0, 0, 0, 0, 0, 0, 0, 0, 0, 0, 0, 0, 0, 0, (2, 0.0, 0.0023666666666666667), (1, 0.0002333333333333333, 0.0568888888888889), 0, 0, (2, 0.0, 0.0), (3, 5e-05, 0.20093333333333338), 0, 0, 0, (2, 0.0, 0.005355555555555555), 0, (3, 0.007816666666666666, 0.003527777777777778), (2, 0.06273333333333334, 0.031105555555555553), (3, 0.007816666666666666, 0.003527777777777778), (1, 0.0, 0.004461111111111111), (1, 0.0012666666666666666, 0.0020055555555555556), (3, 0.0, 0.0008388888888888889), (1, 0.00011666666666666667, 0.05212222222222222), (1, 0.0, 0.05373333333333333), (1, 0.0, 0.0009000000000000001), (3, 0.0, 0.0005666666666666666), (2, 0.0, 0.0010999999999999998)]","[-1, -1, -1, -1, -1, -1, -1, -1, -1, -1, -1, -1, -1, -1, -1, -1, -1, -1, -1, -1, -1, -1, -1, -1, -1, -1, -1, -1, -1, -1, -1, -1, -1, -1, -1, -1, -1, 15, 4, -1, -1, 8, 10, -1, -1, -1, 1, -1, 3, 10, 9, 4, 13, 7, 1, 0, 6, 2, 11]","[False, False, False, False, False, False, False, False, False, False, False, False, False, False, False, False, False, False, False, False, False, False, False, False, False, False, False, False, False, False, False, False, False, False, False, False, False, True, True, False, False, True, True, False, False, False, True, False, True, True, True, True, True, True, True, True, True, True, True]"
38,"[0, 0, 0, 0, 0, 0, 0, 0, 0, 0, 0, 0, 0, 0, 0, 0, 0, 0, 0, 0, 0, 0, 0, 0, 0, 0, 0, 0, 0, 0, 0, 0, 0, 0, 0, 0, 0, 2453.616532623692, 2445.6290571810214, 0, 0, 2938.223603388089, 0, 0, 0, 0, 1232.0506254656602, 0, 1254.9939763481898, 2278.570623724373, 1254.9939763481898, 949.4041935825778, 2038.2522049240424, 1105.1728508864767, 1812.9971286157179, 1517.22113040498, 1128.5450173642087, 1095.1561785219467, 1175.2894943758222]","[0, 0, 0, 0, 0, 0, 1, 2, 2, 2, 3, 3, 3, 3, 3, 4, 4, 4, 4, 4, 4, 4, 4, 5, 5, 5, 5, 5, 5, 6, 6, 6, 6, 6, 6, 6, 7, 7, 7, 7, 7, 8, 8, 8, 8, 8, 8, 9, 9, 9, 9, 9, 10, 10, 10, 11, 12, 12, 12]","[1, 1, 1, 1, 1, 1, 2, 3, 3, 3, 4, 4, 4, 4, 5, 6, 5, 5, 5, 8, 8, 9, 9, 11, 14, 12, 17, 15, 17, 17, 19, 17, 18, 18, 19, 19, 22, 26, 25, 24, 26, 28, 26, 27, 27, 27, 28, 29, 31, 32, 31, 32, 33, 35, 35, 35, 36, 36, 37]","[5, 5, 3, 19, 26, 8, 16, 9, 9, 27, 23, 18, 12, 8, 20, 17, 12, 11, 14, 17, 24, 16, 15, 19, 30, 35, 36, 17, 32, 31, 29, 24, 25, 27, 26, 27, 30, -1, -1, 27, 36, -1, -1, 35, 33, 34, -1, 37, -1, -1, -1, -1, -1, -1, -1, -1, -1, -1, -1]","[0, 0, 0, 0, 0, 0, 0, 0, 0, 0, 0, 0, 0, 0, 0, 0, 0, 0, 0, 0, 0, 0, 0, 0, 0, 0, 0, 0, 0, 0, 0, 0, 0, 0, 0, 0, 0, 4029.0, 2762.6124317992217, 0, 0, 4029.0, 4029.0, 0, 0, 0, 4029.0, 0, 4029.0, 4029.0, 4029.0, 1266.387568200778, 4029.0, 4029.0, 4029.0, 4029.0, 4029.0, 4029.0, 4029.0]","[0, 0, 0, 0, 0, 0, 0, 0, 0, 0, 0, 0, 0, 0, 0, 0, 0, 0, 0, 0, 0, 0, 0, 0, 0, 0, 0, 0, 0, 0, 0, 0, 0, 0, 0, 0, 0, (352.32120000000003, 0.0094, 0.010866666666666667), (126.996, 0.5407333333333333, 0.289), 0, 0, (0.0, 0.0, 0.0), (290.8046, 0.5733333333333334, 0.17), 0, 0, 0, (444.5958, 2.369733333333333, 2.1395999999999997), 0, (282.41606666666667, 0.0, 0.0), (226.49220000000003, 0.9202666666666668, 0.7430666666666668), (282.41606666666667, 0.0, 0.0), (333.44686666666666, 0.9099333333333333, 0.8626), (654.3108000000001, 0.7628666666666667, 1.1362666666666668), (128.6252, 0.0032, 0.0014), (108.76053333333334, 0.20446666666666666, 0.17406666666666665), (26.56353333333333, 0.21073333333333333, 0.0014), (271.93059999999997, 0.26839999999999997, 0.0528), (170.56820000000002, 0.0033333333333333335, 0.0014), (553.6476, 0.0017333333333333335, 0.0015333333333333334)]","[0, 0, 0, 0, 0, 0, 0, 0, 0, 0, 0, 0, 0, 0, 0, 0, 0, 0, 0, 0, 0, 0, 0, 0, 0, 0, 0, 0, 0, 0, 0, 0, 0, 0, 0, 0, 0, (2, 0.0, 0.002344444444444444), (1, 0.0001, 0.059855555555555565), 0, 0, (2, 0.0, 0.0), (3, 0.0017833333333333332, 0.2834388888888889), 0, 0, 0, (2, 0.0, 0.005061111111111111), 0, (3, 0.00675, 0.003411111111111111), (2, 0.09268333333333334, 0.011455555555555556), (3, 0.00675, 0.003411111111111111), (1, 0.0, 0.004088888888888889), (1, 0.011416666666666664, 0.047094444444444446), (3, 0.0, 0.0005555555555555557), (1, 0.0, 0.05014999999999999), (1, 1.666666666666667e-05, 0.05187222222222222), (1, 0.0, 0.00115), (3, 0.0, 0.0008388888888888889), (2, 0.0, 0.0005222222222222223)]","[-1, -1, -1, -1, -1, -1, -1, -1, -1, -1, -1, -1, -1, -1, -1, -1, -1, -1, -1, -1, -1, -1, -1, -1, -1, -1, -1, -1, -1, -1, -1, -1, -1, -1, -1, -1, -1, 6, 4, -1, -1, 8, 15, -1, -1, -1, 1, -1, 0, 10, 9, 4, 13, 7, 12, 5, 2, 14, 3]","[False, False, False, False, False, False, False, False, False, False, False, False, False, False, False, False, False, False, False, False, False, False, False, False, False, False, False, False, False, False, False, False, False, False, False, False, False, True, True, False, False, True, True, False, False, False, True, False, True, True, True, True, True, True, True, True, True, True, True]"
39,"[0, 0, 0, 0, 0, 0, 0, 0, 0, 0, 0, 0, 0, 0, 0, 0, 0, 0, 0, 0, 0, 0, 0, 0, 0, 0, 0, 0, 0, 0, 0, 0, 0, 0, 0, 0, 0, 2495.1529672751212, 0, 0, 0, 2958.2569461384624, 0, 0, 0, 0, 2534.217953193593, 0, 1320.2655306736276, 1590.2524144743022, 0, 732.8213619215522, 2070.887975308562, 1078.4617245810634, 1886.9411202662081, 1569.2557901120101, 1135.2227985320444, 1105.1728508864767, 1121.8672446314667, 1235.3895160495777]","[0, 0, 0, 0, 0, 0, 1, 2, 2, 2, 3, 3, 3, 3, 3, 4, 4, 4, 4, 4, 4, 4, 4, 5, 5, 5, 5, 5, 5, 6, 6, 6, 6, 6, 6, 6, 7, 7, 7, 7, 7, 8, 8, 8, 8, 8, 8, 9, 9, 9, 9, 9, 10, 10, 10, 11, 12, 12, 12, 12]","[1, 1, 1, 1, 1, 1, 2, 3, 3, 3, 4, 4, 4, 4, 5, 6, 5, 5, 5, 8, 8, 9, 9, 11, 14, 12, 17, 15, 17, 17, 19, 17, 18, 18, 19, 19, 22, 26, 25, 24, 26, 28, 26, 27, 27, 27, 28, 29, 31, 32, 31, 32, 33, 35, 35, 35, 36, 36, 37, 39]","[5, 5, 3, 19, 26, 8, 16, 9, 9, 27, 23, 18, 12, 8, 20, 17, 12, 11, 14, 17, 24, 16, 15, 19, 30, 35, 36, 17, 32, 31, 29, 24, 25, 27, 26, 27, 30, -1, -1, 27, 36, -1, 39, 35, 33, 34, -1, 37, -1, -1, -1, -1, -1, -1, -1, -1, -1, -1, -1, -1]","[0, 0, 0, 0, 0, 0, 0, 0, 0, 0, 0, 0, 0, 0, 0, 0, 0, 0, 0, 0, 0, 0, 0, 0, 0, 0, 0, 0, 0, 0, 0, 0, 0, 0, 0, 0, 0, 4029.0, 4029.0, 0, 0, 4029.0, 0, 0, 0, 0, 4029.0, 0, 4029.0, 4029.0, 4029.0, 1841.6798186702445, 4029.0, 2187.3201813297555, 4029.0, 4029.0, 1964.4166412412335, 4029.0, 4029.0, 2064.5833587587667]","[0, 0, 0, 0, 0, 0, 0, 0, 0, 0, 0, 0, 0, 0, 0, 0, 0, 0, 0, 0, 0, 0, 0, 0, 0, 0, 0, 0, 0, 0, 0, 0, 0, 0, 0, 0, 0, (218.1036, 0.009333333333333334, 0.010666666666666666), (113.97066666666669, 0.33546666666666664, 0.21846666666666667), 0, 0, (0.0, 0.0, 0.0), 0, 0, 0, 0, (349.525, 5.339466666666667, 2.7218), 0, (459.97486666666657, 0.0, 0.0), (142.6062, 0.9306666666666665, 0.7520666666666668), (459.97486666666657, 0.0, 0.0), (199.92773333333332, 0.9031333333333333, 0.010666666666666666), (506.11220000000003, 0.7000666666666667, 1.4158), (134.2176, 0.0033333333333333335, 0.0014), (115.2732, 0.21046666666666666, 0.17566666666666664), (40.54466666666666, 0.2174, 0.0013333333333333333), (277.5227333333333, 0.25306666666666666, 0.0498), (128.6252, 0.0032, 0.0014), (461.3726, 0.008400000000000001, 0.008866666666666667), (267.736, 0.28726666666666667, 0.0504)]","[0, 0, 0, 0, 0, 0, 0, 0, 0, 0, 0, 0, 0, 0, 0, 0, 0, 0, 0, 0, 0, 0, 0, 0, 0, 0, 0, 0, 0, 0, 0, 0, 0, 0, 0, 0, 0, (2, 0.0, 0.002655555555555556), (1, 0.0, 0.05419444444444445), 0, 0, (2, 0.0, 0.0), 0, 0, 0, 0, (2, 0.0, 0.01048888888888889), 0, (3, 0.0192, 0.013244444444444444), (2, 0.0, 0.012455555555555557), (3, 0.0192, 0.013244444444444444), (1, 0.0, 0.005077777777777777), (1, 0.0675, 0.04805), (3, 0.0, 0.0007111111111111111), (1, 0.0, 0.05059444444444444), (1, 0.00013333333333333334, 0.05250555555555555), (1, 0.0, 0.001172222222222222), (3, 0.0, 0.0005555555555555557), (2, 0.0, 0.0004944444444444445), (1, 0.0, 0.0011611111111111112)]","[-1, -1, -1, -1, -1, -1, -1, -1, -1, -1, -1, -1, -1, -1, -1, -1, -1, -1, -1, -1, -1, -1, -1, -1, -1, -1, -1, -1, -1, -1, -1, -1, -1, -1, -1, -1, -1, 3, 2, -1, -1, 8, -1, -1, -1, -1, 15, -1, 11, 7, 6, 4, 9, 4, 12, 5, 0, 14, 1, 0]","[False, False, False, False, False, False, False, False, False, False, False, False, False, False, False, False, False, False, False, False, False, False, False, False, False, False, False, False, False, False, False, False, False, False, False, False, False, True, True, False, False, True, False, False, False, False, True, False, True, True, True, True, True, True, True, True, True, True, True, True]"
40,"[0, 0, 0, 0, 0, 0, 0, 0, 0, 0, 0, 0, 0, 0, 0, 0, 0, 0, 0, 0, 0, 0, 0, 0, 0, 0, 0, 0, 0, 0, 0, 0, 0, 0, 0, 0, 0, 2423.947650729814, 0, 0, 0, 3018.356974389583, 0, 0, 0, 0, 5161.924842736884, 0, 1269.8284205130622, 1563.5504149775322, 0, 851.4968861193744, 1964.079999504682, 1058.4283798520034, 1906.1117847681867, 1662.37044432459, 1208.6783913782356, 1078.4617245810634, 1035.0560887968888, 1235.3895160495777, 2180.662757134983]","[0, 0, 0, 0, 0, 0, 1, 2, 2, 2, 3, 3, 3, 3, 3, 4, 4, 4, 4, 4, 4, 4, 4, 5, 5, 5, 5, 5, 5, 6, 6, 6, 6, 6, 6, 6, 7, 7, 7, 7, 7, 8, 8, 8, 8, 8, 8, 9, 9, 9, 9, 9, 10, 10, 10, 11, 12, 12, 12, 12, 13]","[1, 1, 1, 1, 1, 1, 2, 3, 3, 3, 4, 4, 4, 4, 5, 6, 5, 5, 5, 8, 8, 9, 9, 11, 14, 12, 17, 15, 17, 17, 19, 17, 18, 18, 19, 19, 22, 26, 25, 24, 26, 28, 26, 27, 27, 27, 28, 29, 31, 32, 31, 32, 33, 35, 35, 35, 36, 36, 37, 39, 40]","[5, 5, 3, 19, 26, 8, 16, 9, 9, 27, 23, 18, 12, 8, 20, 17, 12, 11, 14, 17, 24, 16, 15, 19, 30, 35, 36, 17, 32, 31, 29, 24, 25, 27, 26, 27, 30, -1, 40, 27, 36, -1, 39, 35, 33, 34, -1, 37, -1, -1, 40, -1, -1, -1, -1, -1, -1, -1, -1, -1, -1]","[0, 0, 0, 0, 0, 0, 0, 0, 0, 0, 0, 0, 0, 0, 0, 0, 0, 0, 0, 0, 0, 0, 0, 0, 0, 0, 0, 0, 0, 0, 0, 0, 0, 0, 0, 0, 0, 4029.0, 0, 0, 0, 4029.0, 0, 0, 0, 0, 4029.0, 0, 4029.0, 4029.0, 0, 1458.208443307346, 2570.791556692654, 4029.0, 4029.0, 4029.0, 2101.3111512906735, 1463.39948372304, 1927.6888487093267, 4029.0, 2565.6005162769598]","[0, 0, 0, 0, 0, 0, 0, 0, 0, 0, 0, 0, 0, 0, 0, 0, 0, 0, 0, 0, 0, 0, 0, 0, 0, 0, 0, 0, 0, 0, 0, 0, 0, 0, 0, 0, 0, (134.2176, 0.009266666666666668, 0.010666666666666666), 0, 0, 0, (0.0, 0.0, 0.0), 0, 0, 0, 0, (553.6476, 10.710466666666667, 4.053266666666667), 0, (363.5057333333333, 0.0, 0.0), (117.4404, 0.9303333333333335, 0.7412666666666667), 0, (167.77133333333336, 0.8164666666666667, 0.02233333333333333), (713.031, 0.7426, 1.2830666666666666), (268.4352, 0.0032666666666666664, 0.0013333333333333333), (97.689, 0.24573333333333333, 0.20893333333333336), (36.35026666666667, 0.25166666666666665, 0.0012), (304.0866, 0.2961333333333333, 0.05726666666666666), (134.2176, 0.0033333333333333335, 0.0014), (448.7898, 0.009933333333333334, 0.0104), (279.6198, 0.2951333333333333, 0.05206666666666667), (473.9556, 4.806, 0.02386666666666667)]","[0, 0, 0, 0, 0, 0, 0, 0, 0, 0, 0, 0, 0, 0, 0, 0, 0, 0, 0, 0, 0, 0, 0, 0, 0, 0, 0, 0, 0, 0, 0, 0, 0, 0, 0, 0, 0, (2, 0.0, 0.0023833333333333337), 0, 0, 0, (2, 0.0, 0.0), 0, 0, 0, 0, (2, 0.0, 0.008927777777777778), 0, (3, 0.10526666666666666, 0.011727777777777776), (2, 0.0, 0.010772222222222223), 0, (1, 0.0, 0.005544444444444444), (1, 0.0019333333333333331, 0.002327777777777778), (3, 0.0, 0.00065), (1, 0.0, 0.05149444444444444), (1, 0.0, 0.05533333333333333), (1, 0.0, 0.0010444444444444444), (3, 0.0, 0.0007111111111111111), (2, 0.0, 0.0004944444444444445), (1, 0.0, 0.0009000000000000001), (1, 0.0, 0.005094444444444444)]","[-1, -1, -1, -1, -1, -1, -1, -1, -1, -1, -1, -1, -1, -1, -1, -1, -1, -1, -1, -1, -1, -1, -1, -1, -1, -1, -1, -1, -1, -1, -1, -1, -1, -1, -1, -1, -1, 10, -1, -1, -1, 8, -1, -1, -1, -1, 15, -1, 3, 1, -1, 4, 4, 13, 5, 0, 6, 7, 6, 2, 7]","[False, False, False, False, False, False, False, False, False, False, False, False, False, False, False, False, False, False, False, False, False, False, False, False, False, False, False, False, False, False, False, False, False, False, False, False, False, True, False, False, False, True, False, False, False, False, True, False, True, True, False, True, True, True, True, True, True, True, True, True, True]"
41,"[0, 0, 0, 0, 0, 0, 0, 0, 0, 0, 0, 0, 0, 0, 0, 0, 0, 0, 0, 0, 0, 0, 0, 0, 0, 0, 0, 0, 0, 0, 0, 0, 0, 0, 0, 0, 0, 2423.947650729814, 0, 0, 0, 3148.573702267009, 0, 0, 0, 0, 3255.4183193198332, 0, 1240.1595321833177, 0, 0, 1483.4440524727775, 2079.788639958885, 1075.1228337928867, 1908.8504511256126, 1654.15444542348, 1225.3728442978247, 1058.4283798520034, 1051.750541842, 1128.5450173642087, 2180.662757134983, 1462.6758357381586]","[0, 0, 0, 0, 0, 0, 1, 2, 2, 2, 3, 3, 3, 3, 3, 4, 4, 4, 4, 4, 4, 4, 4, 5, 5, 5, 5, 5, 5, 6, 6, 6, 6, 6, 6, 6, 7, 7, 7, 7, 7, 8, 8, 8, 8, 8, 8, 9, 9, 9, 9, 9, 10, 10, 10, 11, 12, 12, 12, 12, 13, 13]","[1, 1, 1, 1, 1, 1, 2, 3, 3, 3, 4, 4, 4, 4, 5, 6, 5, 5, 5, 8, 8, 9, 9, 11, 14, 12, 17, 15, 17, 17, 19, 17, 18, 18, 19, 19, 22, 26, 25, 24, 26, 28, 26, 27, 27, 27, 28, 29, 31, 32, 31, 32, 33, 35, 35, 35, 36, 36, 37, 39, 41, 40]","[5, 5, 3, 19, 26, 8, 16, 9, 9, 27, 23, 18, 12, 8, 20, 17, 12, 11, 14, 17, 24, 16, 15, 19, 30, 35, 36, 17, 32, 31, 29, 24, 25, 27, 26, 27, 30, -1, 40, 27, 36, -1, 39, 35, 33, 34, -1, 37, -1, -1, 40, -1, -1, -1, -1, -1, -1, -1, -1, -1, -1, -1]","[0, 0, 0, 0, 0, 0, 0, 0, 0, 0, 0, 0, 0, 0, 0, 0, 0, 0, 0, 0, 0, 0, 0, 0, 0, 0, 0, 0, 0, 0, 0, 0, 0, 0, 0, 0, 0, 4029.0, 0, 0, 0, 4029.0, 0, 0, 0, 0, 4029.0, 0, 4029.0, 1488.624729079, 0, 4029.0, 2227.3170972677026, 1461.7300383289519, 2356.238803413894, 1801.6829027322974, 1672.761196586106, 4029.0, 2540.3752709210003, 1847.4345908130251, 2567.2699616710483, 2181.565409186975]","[0, 0, 0, 0, 0, 0, 0, 0, 0, 0, 0, 0, 0, 0, 0, 0, 0, 0, 0, 0, 0, 0, 0, 0, 0, 0, 0, 0, 0, 0, 0, 0, 0, 0, 0, 0, 0, (33.5544, 0.009333333333333334, 0.010466666666666668), 0, 0, 0, (0.0, 0.0, 0.0), 0, 0, 0, 0, (503.316, 17.2942, 4.714533333333334), 0, (380.283, 0.0, 0.0), (83.886, 0.8937333333333333, 0.7318666666666667), 0, (186.64606666666668, 3.3434, 0.0272), (458.5768, 0.723, 1.306), (248.8618, 0.0033333333333333335, 0.0014), (125.0422, 0.247, 0.19506666666666664), (36.35046666666667, 0.2538666666666667, 0.0013333333333333333), (292.20259999999996, 0.28073333333333333, 0.056799999999999996), (268.4352, 0.0032666666666666664, 0.0013333333333333333), (450.1882666666667, 0.0092, 0.009466666666666667), (271.93059999999997, 0.26839999999999997, 0.0528), (473.9556, 4.806, 0.02386666666666667), (384.4776, 1.923, 0.024933333333333335)]","[0, 0, 0, 0, 0, 0, 0, 0, 0, 0, 0, 0, 0, 0, 0, 0, 0, 0, 0, 0, 0, 0, 0, 0, 0, 0, 0, 0, 0, 0, 0, 0, 0, 0, 0, 0, 0, (2, 0.0, 0.0022833333333333334), 0, 0, 0, (2, 0.0, 0.0), 0, 0, 0, 0, (2, 2.327875, 0.009094444444444445), 0, (3, 0.006966666666666668, 0.010794444444444445), (2, 0.0, 0.007866666666666668), 0, (1, 0.0, 0.005394444444444445), (1, 0.059366666666666665, 0.06801666666666667), (3, 0.0, 0.0008222222222222222), (1, 3.3333333333333335e-05, 0.05121666666666667), (1, 0.0, 0.0559388888888889), (1, 0.0, 0.001027777777777778), (3, 0.0, 0.00065), (2, 0.0, 0.0005166666666666667), (1, 0.0, 0.00115), (1, 0.0, 0.005094444444444444), (1, 0.0, 0.005011111111111111)]","[-1, -1, -1, -1, -1, -1, -1, -1, -1, -1, -1, -1, -1, -1, -1, -1, -1, -1, -1, -1, -1, -1, -1, -1, -1, -1, -1, -1, -1, -1, -1, -1, -1, -1, -1, -1, -1, 10, -1, -1, -1, 1, -1, -1, -1, -1, 2, -1, 12, 11, -1, 14, 9, 13, 6, 9, 6, 0, 11, 7, 13, 7]","[False, False, False, False, False, False, False, False, False, False, False, False, False, False, False, False, False, False, False, False, False, False, False, False, False, False, False, False, False, False, False, False, False, False, False, False, False, True, False, False, False, True, False, False, False, False, True, False, True, True, False, True, True, True, True, True, True, True, True, True, True, True]"
42,"[0, 0, 0, 0, 0, 0, 0, 0, 0, 0, 0, 0, 0, 0, 0, 0, 0, 0, 0, 0, 0, 0, 0, 0, 0, 0, 0, 0, 0, 0, 0, 0, 0, 0, 0, 0, 0, 2394.2787688359367, 0, 0, 0, 3425.7016103138403, 0, 0, 0, 0, 3689.4740952291445, 0, 0, 0, 0, 1397.4042974293563, 2871.947793837662, 0, 1714.4051397483977, 1678.80244212681, 1228.7117348817424, 1075.1228337928867, 1055.0894324510223, 1135.2227985320444, 1462.6758357381586, 2530.7555535185593, 731.2170323801198]","[0, 0, 0, 0, 0, 0, 1, 2, 2, 2, 3, 3, 3, 3, 3, 4, 4, 4, 4, 4, 4, 4, 4, 5, 5, 5, 5, 5, 5, 6, 6, 6, 6, 6, 6, 6, 7, 7, 7, 7, 7, 8, 8, 8, 8, 8, 8, 9, 9, 9, 9, 9, 10, 10, 10, 11, 12, 12, 12, 12, 13, 13, 13]","[1, 1, 1, 1, 1, 1, 2, 3, 3, 3, 4, 4, 4, 4, 5, 6, 5, 5, 5, 8, 8, 9, 9, 11, 14, 12, 17, 15, 17, 17, 19, 17, 18, 18, 19, 19, 22, 26, 25, 24, 26, 28, 26, 27, 27, 27, 28, 29, 31, 32, 31, 32, 33, 35, 35, 35, 36, 36, 37, 39, 41, 40, 42]","[5, 5, 3, 19, 26, 8, 16, 9, 9, 27, 23, 18, 12, 8, 20, 17, 12, 11, 14, 17, 24, 16, 15, 19, 30, 35, 36, 17, 32, 31, 29, 24, 25, 27, 26, 27, 30, -1, 40, 27, 36, -1, 39, 35, 33, 34, -1, 37, -1, 42, 40, -1, -1, -1, -1, -1, -1, -1, -1, -1, -1, -1, -1]","[0, 0, 0, 0, 0, 0, 0, 0, 0, 0, 0, 0, 0, 0, 0, 0, 0, 0, 0, 0, 0, 0, 0, 0, 0, 0, 0, 0, 0, 0, 0, 0, 0, 0, 0, 0, 0, 4029.0, 0, 0, 0, 4029.0, 0, 0, 0, 0, 4029.0, 0, 1446.888600733978, 0, 0, 4029.0, 2611.072675855426, 4029.0, 4029.0, 1417.927324144574, 4029.0, 4029.0, 4029.0, 2582.111399266022, 4029.0, 4029.0, 4029.0]","[0, 0, 0, 0, 0, 0, 0, 0, 0, 0, 0, 0, 0, 0, 0, 0, 0, 0, 0, 0, 0, 0, 0, 0, 0, 0, 0, 0, 0, 0, 0, 0, 0, 0, 0, 0, 0, (100.6632, 0.009266666666666668, 0.010733333333333333), 0, 0, 0, (0.0, 0.0, 0.0), 0, 0, 0, 0, (570.4248, 42.85653333333333, 4.105333333333333), 0, (353.719, 0.0, 0.0), 0, 0, (441.79940000000005, 3.5278666666666667, 0.02166666666666667), (824.879, 0.7441333333333333, 1.3625333333333334), (139.81, 0.0034, 0.0014), (93.78139999999999, 0.23493333333333336, 0.19066666666666662), (71.3028, 0.24086666666666667, 0.0012), (276.8236, 0.27726666666666666, 0.054666666666666655), (248.8618, 0.0033333333333333335, 0.0014), (461.373, 0.0016666666666666668, 0.0013333333333333333), (277.5227333333333, 0.25306666666666666, 0.0498), (384.4776, 1.923, 0.024933333333333335), (419.43, 3.8347333333333333, 0.0464), (178.9568, 0.0019333333333333331, 0.0014666666666666665)]","[0, 0, 0, 0, 0, 0, 0, 0, 0, 0, 0, 0, 0, 0, 0, 0, 0, 0, 0, 0, 0, 0, 0, 0, 0, 0, 0, 0, 0, 0, 0, 0, 0, 0, 0, 0, 0, (2, 0.0, 0.002338888888888889), 0, 0, 0, (2, 0.0, 0.0), 0, 0, 0, 0, (2, 0.0, 0.005988888888888888), 0, (3, 0.04356666666666667, 0.009866666666666668), 0, 0, (1, 0.0, 0.005505555555555555), (1, 1.0255833333333333, 0.54465), (3, 0.0, 0.0006222222222222223), (1, 0.0, 0.049894444444444436), (1, 0.0, 0.05382777777777778), (1, 0.0, 0.0013833333333333334), (3, 0.0, 0.0008222222222222222), (2, 0.0, 0.01923888888888889), (1, 0.0, 0.001172222222222222), (1, 0.0, 0.005011111111111111), (1, 0.00031666666666666665, 0.004988888888888889), (1, 0.36411666666666676, 0.01315)]","[-1, -1, -1, -1, -1, -1, -1, -1, -1, -1, -1, -1, -1, -1, -1, -1, -1, -1, -1, -1, -1, -1, -1, -1, -1, -1, -1, -1, -1, -1, -1, -1, -1, -1, -1, -1, -1, 0, -1, -1, -1, 4, -1, -1, -1, -1, 5, -1, 15, -1, -1, 14, 9, 2, 8, 9, 6, 3, 1, 15, 13, 7, 10]","[False, False, False, False, False, False, False, False, False, False, False, False, False, False, False, False, False, False, False, False, False, False, False, False, False, False, False, False, False, False, False, False, False, False, False, False, False, True, False, False, False, True, False, False, False, False, True, False, True, False, False, True, True, True, True, True, True, True, True, True, True, True, True]"
43,"[0, 0, 0, 0, 0, 0, 0, 0, 0, 0, 0, 0, 0, 0, 0, 0, 0, 0, 0, 0, 0, 0, 0, 0, 0, 0, 0, 0, 0, 0, 0, 0, 0, 0, 0, 0, 0, 2376.47743969961, 0, 0, 0, 0, 0, 0, 0, 0, 2510.845719106169, 0, 0, 0, 0, 1605.0864647755454, 1993.7488816724258, 0, 1851.3384576196752, 1615.8131172183, 1318.8617806475224, 1061.76727064018, 1038.394979405911, 1208.6783913782356, 2530.7555535185593, 1379.6029687996834, 657.7614400862267, 1714.4051397483977, 1147.5012037613078]","[0, 0, 0, 0, 0, 0, 1, 2, 2, 2, 3, 3, 3, 3, 3, 4, 4, 4, 4, 4, 4, 4, 4, 5, 5, 5, 5, 5, 5, 6, 6, 6, 6, 6, 6, 6, 7, 7, 7, 7, 7, 8, 8, 8, 8, 8, 8, 9, 9, 9, 9, 9, 10, 10, 10, 11, 12, 12, 12, 12, 13, 13, 13, 14, 14]","[1, 1, 1, 1, 1, 1, 2, 3, 3, 3, 4, 4, 4, 4, 5, 6, 5, 5, 5, 8, 8, 9, 9, 11, 14, 12, 17, 15, 17, 17, 19, 17, 18, 18, 19, 19, 22, 26, 25, 24, 26, 28, 26, 27, 27, 27, 28, 29, 31, 32, 31, 32, 33, 35, 35, 35, 36, 36, 37, 39, 41, 40, 42, 43, 43]","[5, 5, 3, 19, 26, 8, 16, 9, 9, 27, 23, 18, 12, 8, 20, 17, 12, 11, 14, 17, 24, 16, 15, 19, 30, 35, 36, 17, 32, 31, 29, 24, 25, 27, 26, 27, 30, -1, 40, 27, 36, -1, 39, 35, 33, 34, -1, 37, 43, 42, 40, -1, -1, 43, -1, -1, -1, -1, -1, -1, -1, -1, -1, -1, -1]","[0, 0, 0, 0, 0, 0, 0, 0, 0, 0, 0, 0, 0, 0, 0, 0, 0, 0, 0, 0, 0, 0, 0, 0, 0, 0, 0, 0, 0, 0, 0, 0, 0, 0, 0, 0, 0, 4029.0, 0, 0, 0, 4029.0, 0, 0, 0, 0, 4029.0, 0, 0, 0, 0, 4029.0, 4029.0, 0, 4029.0, 1965.2039887349513, 4029.0, 2216.5029152769766, 4029.0, 4029.0, 4029.0, 4029.0, 1812.4970847230234, 2063.796011265049, 4029.0]","[0, 0, 0, 0, 0, 0, 0, 0, 0, 0, 0, 0, 0, 0, 0, 0, 0, 0, 0, 0, 0, 0, 0, 0, 0, 0, 0, 0, 0, 0, 0, 0, 0, 0, 0, 0, 0, (117.4404, 0.0092, 0.0106), 0, 0, 0, (0.0, 0.0, 0.0), 0, 0, 0, 0, (394.2642, 30.276, 3.311533333333333), 0, 0, 0, 0, (421.5272, 3.163133333333333, 0.021933333333333332), (721.4196, 0.7326, 1.4462000000000002), 0, (104.85293333333334, 0.21746666666666667, 0.18180000000000002), (46.137, 0.22346666666666667, 0.0013333333333333333), (332.04866666666675, 0.30326666666666663, 0.05866666666666666), (139.81, 0.0034, 0.0014), (450.1881333333334, 0.0015333333333333334, 0.0012), (304.0866, 0.2961333333333333, 0.05726666666666666), (419.43, 3.8347333333333333, 0.0464), (442.49846666666673, 3.044, 0.055333333333333345), (192.93779999999998, 0.003933333333333333, 0.0014666666666666665), (105.5042, 0.28773333333333334, 0.22433333333333338), (386.924, 1.3948666666666665, 0.0056)]","[0, 0, 0, 0, 0, 0, 0, 0, 0, 0, 0, 0, 0, 0, 0, 0, 0, 0, 0, 0, 0, 0, 0, 0, 0, 0, 0, 0, 0, 0, 0, 0, 0, 0, 0, 0, 0, (2, 0.0, 0.0023166666666666665), 0, 0, 0, (2, 0.0, 0.0), 0, 0, 0, 0, (2, 0.0, 0.003466666666666667), 0, 0, 0, 0, (1, 0.04335, 0.02068888888888889), (1, 0.0, 0.0003444444444444444), 0, (1, 3.3333333333333335e-05, 0.05011111111111111), (1, 5e-05, 0.05402777777777778), (1, 0.0, 0.0009222222222222221), (3, 0.0, 0.0006222222222222223), (2, 0.0, 0.0005), (1, 0.0, 0.0010444444444444444), (1, 0.00031666666666666665, 0.004988888888888889), (1, 0.0, 0.004972222222222222), (1, 0.26766666666666666, 0.015294444444444444), (1, 0.0030666666666666663, 0.05871111111111111), (1, 0.0, 0.009683333333333334)]","[-1, -1, -1, -1, -1, -1, -1, -1, -1, -1, -1, -1, -1, -1, -1, -1, -1, -1, -1, -1, -1, -1, -1, -1, -1, -1, -1, -1, -1, -1, -1, -1, -1, -1, -1, -1, -1, 2, -1, -1, -1, 4, -1, -1, -1, -1, 5, -1, -1, -1, -1, 14, 9, -1, 8, 1, 12, 3, 11, 15, 13, 0, 3, 1, 10]","[False, False, False, False, False, False, False, False, False, False, False, False, False, False, False, False, False, False, False, False, False, False, False, False, False, False, False, False, False, False, False, False, False, False, False, False, False, True, False, False, False, True, False, False, False, False, True, False, False, False, False, True, True, False, True, True, True, True, True, True, True, True, True, True, True]"
44,"[0, 0, 0, 0, 0, 0, 0, 0, 0, 0, 0, 0, 0, 0, 0, 0, 0, 0, 0, 0, 0, 0, 0, 0, 0, 0, 0, 0, 0, 0, 0, 0, 0, 0, 0, 0, 0, 0, 0, 0, 0, 0, 0, 0, 0, 0, 0, 0, 0, 0, 0, 0, 2118.3581867769535, 0, 1802.042463186016, 1536.3917945075702, 1228.7117348817424, 1081.80061536924, 0, 1225.3728442978247, 1379.6029687996834, 1530.9142621519063, 711.18368902724, 1429.5838385761401, 925.6692288098378, 881.4670876440003]","[0, 0, 0, 0, 0, 0, 1, 2, 2, 2, 3, 3, 3, 3, 3, 4, 4, 4, 4, 4, 4, 4, 4, 5, 5, 5, 5, 5, 5, 6, 6, 6, 6, 6, 6, 6, 7, 7, 7, 7, 7, 8, 8, 8, 8, 8, 8, 9, 9, 9, 9, 9, 10, 10, 10, 11, 12, 12, 12, 12, 13, 13, 13, 14, 14, 14]","[1, 1, 1, 1, 1, 1, 2, 3, 3, 3, 4, 4, 4, 4, 5, 6, 5, 5, 5, 8, 8, 9, 9, 11, 14, 12, 17, 15, 17, 17, 19, 17, 18, 18, 19, 19, 22, 26, 25, 24, 26, 28, 26, 27, 27, 27, 28, 29, 31, 32, 31, 32, 33, 35, 35, 35, 36, 36, 37, 39, 41, 40, 42, 43, 43, 44]","[5, 5, 3, 19, 26, 8, 16, 9, 9, 27, 23, 18, 12, 8, 20, 17, 12, 11, 14, 17, 24, 16, 15, 19, 30, 35, 36, 17, 32, 31, 29, 24, 25, 27, 26, 27, 30, -1, 40, 27, 36, 44, 39, 35, 33, 34, -1, 37, 43, 42, 40, -1, -1, 43, -1, -1, -1, -1, -1, -1, -1, -1, -1, -1, -1, -1]","[0, 0, 0, 0, 0, 0, 0, 0, 0, 0, 0, 0, 0, 0, 0, 0, 0, 0, 0, 0, 0, 0, 0, 0, 0, 0, 0, 0, 0, 0, 0, 0, 0, 0, 0, 0, 0, 4029.0, 0, 0, 0, 0, 0, 0, 0, 0, 4029.0, 0, 0, 0, 0, 4029.0, 2383.877608988635, 0, 2200.729312304938, 4029.0, 2188.1223236188707, 4029.0, 4029.0, 4029.0, 1645.122391011365, 4029.0, 1907.2572301087012, 1828.2706876950622, 2121.742769891299, 1840.8776763811288]","[0, 0, 0, 0, 0, 0, 0, 0, 0, 0, 0, 0, 0, 0, 0, 0, 0, 0, 0, 0, 0, 0, 0, 0, 0, 0, 0, 0, 0, 0, 0, 0, 0, 0, 0, 0, 0, (134.2176, 0.0092, 0.010733333333333333), 0, 0, 0, 0, 0, 0, 0, 0, (260.0466, 23.217133333333337, 6.089266666666666), 0, 0, 0, 0, (462.072, 4.105733333333333, 0.02813333333333333), (626.3488000000001, 0.7791333333333333, 1.1652666666666667), 0, (98.34026666666666, 0.21266666666666662, 0.17426666666666668), (58.719800000000006, 0.21913333333333332, 0.0012), (318.06759999999997, 0.2734, 0.057466666666666666), (204.1226, 0.003466666666666667, 0.0014666666666666665), (471.1595333333333, 0.0023333333333333335, 0.0020666666666666667), (292.20259999999996, 0.28073333333333333, 0.056799999999999996), (442.49846666666673, 3.044, 0.055333333333333345), (440.4012, 3.206266666666667, 0.1867333333333333), (134.2176, 0.002, 0.0014), (110.71433333333331, 0.20726666666666668, 0.17506666666666665), (349.1754, 0.6480666666666667, 0.003466666666666667), (95.9442, 0.019933333333333334, 0.0208)]","[0, 0, 0, 0, 0, 0, 0, 0, 0, 0, 0, 0, 0, 0, 0, 0, 0, 0, 0, 0, 0, 0, 0, 0, 0, 0, 0, 0, 0, 0, 0, 0, 0, 0, 0, 0, 0, (2, 0.0, 0.002361111111111111), 0, 0, 0, 0, 0, 0, 0, 0, (2, 1.4859958333333334, 0.002738888888888889), 0, 0, 0, 0, (1, 0.0, 0.005383333333333333), (1, 0.0019833333333333335, 0.0026333333333333334), 0, (1, 0.00011666666666666667, 0.04876111111111111), (1, 1.666666666666667e-05, 0.053094444444444444), (1, 0.0, 0.0007888888888888889), (3, 0.0, 0.0008111111111111111), (2, 0.0, 0.0004777777777777777), (1, 0.0, 0.001027777777777778), (1, 0.0, 0.004972222222222222), (1, 1.666666666666667e-05, 0.0052), (1, 0.2701, 0.013050000000000004), (1, 0.0002333333333333333, 0.05122222222222223), (1, 0.0, 0.00023333333333333333), (1, 0.0012, 0.05558333333333333)]","[-1, -1, -1, -1, -1, -1, -1, -1, -1, -1, -1, -1, -1, -1, -1, -1, -1, -1, -1, -1, -1, -1, -1, -1, -1, -1, -1, -1, -1, -1, -1, -1, -1, -1, -1, -1, -1, 2, -1, -1, -1, -1, -1, -1, -1, -1, 0, -1, -1, -1, -1, 10, 9, -1, 1, 6, 8, 7, 5, 11, 9, 4, 3, 1, 3, 8]","[False, False, False, False, False, False, False, False, False, False, False, False, False, False, False, False, False, False, False, False, False, False, False, False, False, False, False, False, False, False, False, False, False, False, False, False, False, True, False, False, False, False, False, False, False, False, True, False, False, False, False, True, True, False, True, True, True, True, True, True, True, True, True, True, True, True]"
45,"[0, 0, 0, 0, 0, 0, 0, 0, 0, 0, 0, 0, 0, 0, 0, 0, 0, 0, 0, 0, 0, 0, 0, 0, 0, 0, 0, 0, 0, 0, 0, 0, 0, 0, 0, 0, 0, 0, 0, 0, 0, 0, 0, 0, 0, 0, 0, 0, 0, 0, 0, 0, 2145.060180727923, 0, 1136.5465383316057, 1618.55178351867, 1175.2894855390578, 0, 0, 1228.7117348817424, 1530.9142621519063, 1483.4440524727775, 647.7447684097866, 1845.861124904825, 1237.8771935563511, 754.589249271, 1154.1194728238213, 744.572766635591, 1364.7688631682443, 3815.4812123039737]","[0, 0, 0, 0, 0, 0, 1, 2, 2, 2, 3, 3, 3, 3, 3, 4, 4, 4, 4, 4, 4, 4, 4, 5, 5, 5, 5, 5, 5, 6, 6, 6, 6, 6, 6, 6, 7, 7, 7, 7, 7, 8, 8, 8, 8, 8, 8, 9, 9, 9, 9, 9, 10, 10, 10, 11, 12, 12, 12, 12, 13, 13, 13, 14, 14, 14, 14, 14, 15, 15]","[1, 1, 1, 1, 1, 1, 2, 3, 3, 3, 4, 4, 4, 4, 5, 6, 5, 5, 5, 8, 8, 9, 9, 11, 14, 12, 17, 15, 17, 17, 19, 17, 18, 18, 19, 19, 22, 26, 25, 24, 26, 28, 26, 27, 27, 27, 28, 29, 31, 32, 31, 32, 33, 35, 35, 35, 36, 36, 37, 39, 41, 40, 42, 43, 43, 44, 45, 45, 45, 45]","[5, 5, 3, 19, 26, 8, 16, 9, 9, 27, 23, 18, 12, 8, 20, 17, 12, 11, 14, 17, 24, 16, 15, 19, 30, 35, 36, 17, 32, 31, 29, 24, 25, 27, 26, 27, 30, 45, 40, 27, 36, 44, 39, 35, 33, 34, 45, 37, 43, 42, 40, 45, -1, 43, -1, -1, -1, -1, 45, -1, -1, -1, -1, -1, -1, -1, -1, -1, -1, -1]","[0, 0, 0, 0, 0, 0, 0, 0, 0, 0, 0, 0, 0, 0, 0, 0, 0, 0, 0, 0, 0, 0, 0, 0, 0, 0, 0, 0, 0, 0, 0, 0, 0, 0, 0, 0, 0, 0, 0, 0, 0, 0, 0, 0, 0, 0, 0, 0, 0, 0, 0, 0, 4029.0, 0, 1963.8346723876273, 2236.131148989806, 1792.8688510101938, 4029.0, 0, 4029.0, 4029.0, 4029.0, 1966.0860008870977, 4029.0, 2065.1653276123725, 4029.0, 4029.0, 2062.9139991129023, 4029.0, 4029.0]","[0, 0, 0, 0, 0, 0, 0, 0, 0, 0, 0, 0, 0, 0, 0, 0, 0, 0, 0, 0, 0, 0, 0, 0, 0, 0, 0, 0, 0, 0, 0, 0, 0, 0, 0, 0, 0, 0, 0, 0, 0, 0, 0, 0, 0, 0, 0, 0, 0, 0, 0, 0, (542.4628, 0.7475333333333333, 1.4531333333333334), 0, (87.92, 0.21286666666666668, 0.18966666666666662), (46.1372, 0.21906666666666663, 0.0013333333333333333), (304.0866, 0.26866666666666666, 0.058866666666666664), (181.753, 0.0032, 0.0012666666666666666), 0, (276.8236, 0.27726666666666666, 0.054666666666666655), (440.4012, 3.206266666666667, 0.1867333333333333), (478.84913333333344, 2.3301999999999996, 0.8102), (226.49220000000003, 0.0016666666666666668, 0.0014), (109.4118, 0.21166666666666664, 0.17653333333333332), (320.86379999999997, 0.6452, 0.0048), (96.9928, 0.020133333333333333, 0.014066666666666665), (176.16013333333333, 1.632466666666667, 0.017733333333333334), (142.60586666666666, 0.0007333333333333332, 0.0006), (402.65259999999995, 0.0, 0.0), (1426.063, 0.14286666666666667, 0.5943999999999999)]","[0, 0, 0, 0, 0, 0, 0, 0, 0, 0, 0, 0, 0, 0, 0, 0, 0, 0, 0, 0, 0, 0, 0, 0, 0, 0, 0, 0, 0, 0, 0, 0, 0, 0, 0, 0, 0, 0, 0, 0, 0, 0, 0, 0, 0, 0, 0, 0, 0, 0, 0, 0, (1, 0.07328333333333333, 0.0468111111111111), 0, (1, 0.0, 0.050077777777777784), (1, 0.0, 0.05315555555555555), (1, 0.0, 0.000861111111111111), (3, 0.0, 0.00046111111111111103), 0, (1, 0.0, 0.0013833333333333334), (1, 1.666666666666667e-05, 0.0052), (1, 0.0, 0.004461111111111111), (1, 0.27021666666666666, 0.012733333333333334), (1, 0.00011666666666666667, 0.05212222222222222), (1, 0.0, 0.0002222222222222222), (1, 0.0, 0.054338888888888895), (3, 0.0, 0.0001388888888888889), (1, 0.0, 0.02883888888888889), (3, 0.1085, 0.004066666666666666), (3, 0.005116666666666666, 0.1869)]","[-1, -1, -1, -1, -1, -1, -1, -1, -1, -1, -1, -1, -1, -1, -1, -1, -1, -1, -1, -1, -1, -1, -1, -1, -1, -1, -1, -1, -1, -1, -1, -1, -1, -1, -1, -1, -1, -1, -1, -1, -1, -1, -1, -1, -1, -1, -1, -1, -1, -1, -1, -1, 14, -1, 0, 6, 6, 7, -1, 13, 12, 5, 2, 15, 0, 10, 11, 2, 4, 1]","[False, False, False, False, False, False, False, False, False, False, False, False, False, False, False, False, False, False, False, False, False, False, False, False, False, False, False, False, False, False, False, False, False, False, False, False, False, False, False, False, False, False, False, False, False, False, False, False, False, False, False, False, True, False, True, True, True, True, False, True, True, True, True, True, True, True, True, True, True, True]"
46,"[0, 0, 0, 0, 0, 0, 0, 0, 0, 0, 0, 0, 0, 0, 0, 0, 0, 0, 0, 0, 0, 0, 0, 0, 0, 0, 0, 0, 0, 0, 0, 0, 0, 0, 0, 0, 0, 0, 0, 0, 0, 0, 0, 0, 0, 0, 0, 0, 0, 0, 0, 0, 2245.9343800982538, 0, 1426.8451722187147, 1607.5971183171898, 1252.0839689691668, 0, 0, 0, 1483.4440524727775, 0, 724.5392512624934, 1812.9971286157179, 1317.298517921692, 754.589249271, 1875.0732823255908, 554.2559608139378, 1691.1266347954333, 2446.521763816231, 1714.4051397483977]","[0, 0, 0, 0, 0, 0, 1, 2, 2, 2, 3, 3, 3, 3, 3, 4, 4, 4, 4, 4, 4, 4, 4, 5, 5, 5, 5, 5, 5, 6, 6, 6, 6, 6, 6, 6, 7, 7, 7, 7, 7, 8, 8, 8, 8, 8, 8, 9, 9, 9, 9, 9, 10, 10, 10, 11, 12, 12, 12, 12, 13, 13, 13, 14, 14, 14, 14, 14, 15, 15, 16]","[1, 1, 1, 1, 1, 1, 2, 3, 3, 3, 4, 4, 4, 4, 5, 6, 5, 5, 5, 8, 8, 9, 9, 11, 14, 12, 17, 15, 17, 17, 19, 17, 18, 18, 19, 19, 22, 26, 25, 24, 26, 28, 26, 27, 27, 27, 28, 29, 31, 32, 31, 32, 33, 35, 35, 35, 36, 36, 37, 39, 41, 40, 42, 43, 43, 44, 45, 45, 45, 45, 46]","[5, 5, 3, 19, 26, 8, 16, 9, 9, 27, 23, 18, 12, 8, 20, 17, 12, 11, 14, 17, 24, 16, 15, 19, 30, 35, 36, 17, 32, 31, 29, 24, 25, 27, 26, 27, 30, 45, 40, 27, 36, 44, 39, 35, 33, 34, 45, 37, 43, 42, 40, 45, -1, 43, -1, -1, -1, 46, 45, -1, -1, -1, -1, -1, -1, -1, -1, -1, -1, -1, -1]","[0, 0, 0, 0, 0, 0, 0, 0, 0, 0, 0, 0, 0, 0, 0, 0, 0, 0, 0, 0, 0, 0, 0, 0, 0, 0, 0, 0, 0, 0, 0, 0, 0, 0, 0, 0, 0, 0, 0, 0, 0, 0, 0, 0, 0, 0, 0, 0, 0, 0, 0, 0, 4029.0, 0, 1801.187281301312, 1961.095989284396, 4029.0, 0, 0, 791.2391180918844, 4029.0, 4029.0, 1098.8813603450908, 4029.0, 1735.6126177980507, 1128.9313583535973, 2293.3873822019495, 4029.0, 4029.0, 3237.7608819081156, 2067.904010715604]","[0, 0, 0, 0, 0, 0, 0, 0, 0, 0, 0, 0, 0, 0, 0, 0, 0, 0, 0, 0, 0, 0, 0, 0, 0, 0, 0, 0, 0, 0, 0, 0, 0, 0, 0, 0, 0, 0, 0, 0, 0, 0, 0, 0, 0, 0, 0, 0, 0, 0, 0, 0, (710.2348000000001, 0.9372, 1.3942), 0, (83.36113333333331, 0.21606666666666663, 0.18393333333333337), (32.15606666666666, 0.22213333333333332, 0.0012666666666666666), (299.8922, 0.2914, 0.05526666666666666), 0, 0, (332.04866666666675, 0.30326666666666663, 0.05866666666666666), (478.84913333333344, 2.3301999999999996, 0.8102), (333.44686666666666, 0.9099333333333333, 0.8626), (271.2314, 0.0722, 0.0028666666666666667), (108.76053333333334, 0.20446666666666666, 0.17406666666666665), (301.98920000000004, 0.6321333333333333, 0.005666666666666668), (90.177, 0.02, 0.014), (214.6078, 3.082733333333333, 0.04673333333333334), (98.56566666666669, 0.0007333333333333332, 0.0002666666666666667), (339.738, 0.0, 0.0), (1311.4188000000001, 0.1956, 0.7402000000000001), (105.5042, 0.28773333333333334, 0.22433333333333338)]","[0, 0, 0, 0, 0, 0, 0, 0, 0, 0, 0, 0, 0, 0, 0, 0, 0, 0, 0, 0, 0, 0, 0, 0, 0, 0, 0, 0, 0, 0, 0, 0, 0, 0, 0, 0, 0, 0, 0, 0, 0, 0, 0, 0, 0, 0, 0, 0, 0, 0, 0, 0, (1, 0.003016666666666666, 0.05234444444444444), 0, (1, 0.0, 0.04877777777777778), (1, 0.0, 0.05301111111111111), (1, 0.0, 0.0008333333333333334), 0, 0, (1, 0.0, 0.0009222222222222221), (1, 0.0, 0.004461111111111111), (1, 0.0, 0.004088888888888889), (1, 0.24863333333333332, 0.04668333333333334), (1, 0.0, 0.05014999999999999), (1, 0.0, 0.00025), (1, 3.3333333333333335e-05, 0.05506666666666666), (3, 0.0, 0.00015555555555555556), (1, 0.0, 0.0016666666666666668), (3, 0.2122, 0.00935), (3, 0.0006, 0.11304444444444445), (1, 0.0030666666666666663, 0.05871111111111111)]","[-1, -1, -1, -1, -1, -1, -1, -1, -1, -1, -1, -1, -1, -1, -1, -1, -1, -1, -1, -1, -1, -1, -1, -1, -1, -1, -1, -1, -1, -1, -1, -1, -1, -1, -1, -1, -1, -1, -1, -1, -1, -1, -1, -1, -1, -1, -1, -1, -1, -1, -1, -1, 14, -1, 10, 9, 6, -1, -1, 3, 1, 5, 10, 15, 0, 10, 0, 7, 8, 3, 9]","[False, False, False, False, False, False, False, False, False, False, False, False, False, False, False, False, False, False, False, False, False, False, False, False, False, False, False, False, False, False, False, False, False, False, False, False, False, False, False, False, False, False, False, False, False, False, False, False, False, False, False, False, True, False, True, True, True, False, False, True, True, True, True, True, True, True, True, True, True, True, True]"
47,"[0, 0, 0, 0, 0, 0, 0, 0, 0, 0, 0, 0, 0, 0, 0, 0, 0, 0, 0, 0, 0, 0, 0, 0, 0, 0, 0, 0, 0, 0, 0, 0, 0, 0, 0, 0, 0, 0, 0, 0, 0, 0, 0, 0, 0, 0, 0, 0, 0, 0, 0, 0, 3233.9081562841443, 0, 2127.9437597196566, 1917.0664102590001, 0, 0, 0, 0, 949.4041935825778, 0, 737.8948134977464, 1886.9411202662081, 1309.0825188494155, 741.2336873370001, 1510.1460454172877, 597.6615481065954, 1254.9939763481898, 2303.8585840403466, 1429.5838385761401, 1235.3895160495777, 1235.3895160495777]","[0, 0, 0, 0, 0, 0, 1, 2, 2, 2, 3, 3, 3, 3, 3, 4, 4, 4, 4, 4, 4, 4, 4, 5, 5, 5, 5, 5, 5, 6, 6, 6, 6, 6, 6, 6, 7, 7, 7, 7, 7, 8, 8, 8, 8, 8, 8, 9, 9, 9, 9, 9, 10, 10, 10, 11, 12, 12, 12, 12, 13, 13, 13, 14, 14, 14, 14, 14, 15, 15, 16, 16, 16]","[1, 1, 1, 1, 1, 1, 2, 3, 3, 3, 4, 4, 4, 4, 5, 6, 5, 5, 5, 8, 8, 9, 9, 11, 14, 12, 17, 15, 17, 17, 19, 17, 18, 18, 19, 19, 22, 26, 25, 24, 26, 28, 26, 27, 27, 27, 28, 29, 31, 32, 31, 32, 33, 35, 35, 35, 36, 36, 37, 39, 41, 40, 42, 43, 43, 44, 45, 45, 45, 45, 46, 47, 47]","[5, 5, 3, 19, 26, 8, 16, 9, 9, 27, 23, 18, 12, 8, 20, 17, 12, 11, 14, 17, 24, 16, 15, 19, 30, 35, 36, 17, 32, 31, 29, 24, 25, 27, 26, 27, 30, 45, 40, 27, 36, 44, 39, 35, 33, 34, 45, 37, 43, 42, 40, 45, -1, 43, -1, -1, -1, 46, 45, 47, -1, 47, -1, -1, -1, -1, -1, -1, -1, -1, -1, -1, -1]","[0, 0, 0, 0, 0, 0, 0, 0, 0, 0, 0, 0, 0, 0, 0, 0, 0, 0, 0, 0, 0, 0, 0, 0, 0, 0, 0, 0, 0, 0, 0, 0, 0, 0, 0, 0, 0, 0, 0, 0, 0, 0, 0, 0, 0, 0, 0, 0, 0, 0, 0, 0, 4029.0, 0, 4029.0, 2258.24128584143, 4029.0, 0, 0, 0, 4029.0, 0, 2012.830563080373, 2303.429300708396, 1725.5706992916037, 2016.1694369196266, 4029.0, 4029.0, 4029.0, 4029.0, 1770.75871415857, 2014.5, 2014.5]","[0, 0, 0, 0, 0, 0, 0, 0, 0, 0, 0, 0, 0, 0, 0, 0, 0, 0, 0, 0, 0, 0, 0, 0, 0, 0, 0, 0, 0, 0, 0, 0, 0, 0, 0, 0, 0, 0, 0, 0, 0, 0, 0, 0, 0, 0, 0, 0, 0, 0, 0, 0, (478.1502, 1.5555999999999999, 1.8252000000000002), 0, (90.52506666666666, 0.3320666666666667, 0.2432666666666667), (58.719800000000006, 0.34153333333333336, 0.0017333333333333335), (294.2998, 0.28173333333333334, 0.05493333333333333), 0, 0, 0, (333.44686666666666, 0.9099333333333333, 0.8626), 0, (164.9758, 0.0021333333333333334, 0.0014666666666666665), (115.2732, 0.21046666666666666, 0.17566666666666664), (333.44653333333326, 0.6355333333333333, 0.0052), (93.3228, 0.018333333333333333, 0.014133333333333333), (434.80906666666664, 2.7484, 0.018466666666666666), (121.6344, 0.0005333333333333334, 0.0002), (343.93240000000003, 0.0, 0.0), (1255.4948, 0.13406666666666667, 0.4640666666666667), (110.71433333333331, 0.20726666666666668, 0.17506666666666665), (267.736, 0.28726666666666667, 0.0504), (267.736, 0.28726666666666667, 0.0504)]","[0, 0, 0, 0, 0, 0, 0, 0, 0, 0, 0, 0, 0, 0, 0, 0, 0, 0, 0, 0, 0, 0, 0, 0, 0, 0, 0, 0, 0, 0, 0, 0, 0, 0, 0, 0, 0, 0, 0, 0, 0, 0, 0, 0, 0, 0, 0, 0, 0, 0, 0, 0, (1, 0.0011333333333333332, 0.0015055555555555556), 0, (1, 0.0002333333333333333, 0.0568888888888889), (1, 0.00016666666666666666, 0.06364444444444443), (1, 0.0, 0.001), 0, 0, 0, (1, 0.0, 0.004088888888888889), 0, (1, 0.2376, 0.013488888888888885), (1, 0.0, 0.05059444444444444), (1, 0.0, 0.0002111111111111111), (1, 0.0, 0.0557), (3, 0.0, 0.00023888888888888888), (1, 0.0, 0.0015388888888888887), (3, 0.020033333333333334, 0.0038777777777777777), (3, 1.666666666666667e-05, 0.12178333333333334), (1, 0.0002333333333333333, 0.05122222222222223), (1, 0.0, 0.0011611111111111112), (1, 0.0, 0.0011611111111111112)]","[-1, -1, -1, -1, -1, -1, -1, -1, -1, -1, -1, -1, -1, -1, -1, -1, -1, -1, -1, -1, -1, -1, -1, -1, -1, -1, -1, -1, -1, -1, -1, -1, -1, -1, -1, -1, -1, -1, -1, -1, -1, -1, -1, -1, -1, -1, -1, -1, -1, -1, -1, -1, 13, -1, 12, 9, 5, -1, -1, -1, 4, -1, 10, 0, 0, 10, 2, 11, 8, 3, 9, 7, 7]","[False, False, False, False, False, False, False, False, False, False, False, False, False, False, False, False, False, False, False, False, False, False, False, False, False, False, False, False, False, False, False, False, False, False, False, False, False, False, False, False, False, False, False, False, False, False, False, False, False, False, False, False, True, False, True, True, True, False, False, False, True, False, True, True, True, True, True, True, True, True, True, True, True]"
48,"[0, 0, 0, 0, 0, 0, 0, 0, 0, 0, 0, 0, 0, 0, 0, 0, 0, 0, 0, 0, 0, 0, 0, 0, 0, 0, 0, 0, 0, 0, 0, 0, 0, 0, 0, 0, 0, 0, 0, 0, 0, 0, 0, 0, 0, 0, 0, 0, 0, 0, 0, 0, 4138.80906240035, 0, 0, 0, 0, 0, 0, 0, 732.8213619215522, 0, 0, 1906.1117847681867, 1207.75186362467, 804.6726065235, 1501.2453811024511, 554.2559608139378, 1266.8615316800874, 2662.034226881929, 1845.861124904825, 1235.3895160495777, 1235.3895160495777]","[0, 0, 0, 0, 0, 0, 1, 2, 2, 2, 3, 3, 3, 3, 3, 4, 4, 4, 4, 4, 4, 4, 4, 5, 5, 5, 5, 5, 5, 6, 6, 6, 6, 6, 6, 6, 7, 7, 7, 7, 7, 8, 8, 8, 8, 8, 8, 9, 9, 9, 9, 9, 10, 10, 10, 11, 12, 12, 12, 12, 13, 13, 13, 14, 14, 14, 14, 14, 15, 15, 16, 16, 16]","[1, 1, 1, 1, 1, 1, 2, 3, 3, 3, 4, 4, 4, 4, 5, 6, 5, 5, 5, 8, 8, 9, 9, 11, 14, 12, 17, 15, 17, 17, 19, 17, 18, 18, 19, 19, 22, 26, 25, 24, 26, 28, 26, 27, 27, 27, 28, 29, 31, 32, 31, 32, 33, 35, 35, 35, 36, 36, 37, 39, 41, 40, 42, 43, 43, 44, 45, 45, 45, 45, 46, 47, 47]","[5, 5, 3, 19, 26, 8, 16, 9, 9, 27, 23, 18, 12, 8, 20, 17, 12, 11, 14, 17, 24, 16, 15, 19, 30, 35, 36, 17, 32, 31, 29, 24, 25, 27, 26, 27, 30, 45, 40, 27, 36, 44, 39, 35, 33, 34, 45, 37, 43, 42, 40, 45, -1, 43, -1, -1, 48, 46, 45, 47, -1, 47, -1, -1, -1, -1, -1, -1, -1, -1, -1, -1, -1]","[0, 0, 0, 0, 0, 0, 0, 0, 0, 0, 0, 0, 0, 0, 0, 0, 0, 0, 0, 0, 0, 0, 0, 0, 0, 0, 0, 0, 0, 0, 0, 0, 0, 0, 0, 0, 0, 0, 0, 0, 0, 0, 0, 0, 0, 0, 0, 0, 0, 0, 0, 0, 4029.0, 0, 4029.0, 1410.624068187665, 0, 0, 0, 0, 4029.0, 0, 4029.0, 4029.0, 2618.375931812335, 4029.0, 4029.0, 4029.0, 4029.0, 4029.0, 4029.0, 4029.0, 4029.0]","[0, 0, 0, 0, 0, 0, 0, 0, 0, 0, 0, 0, 0, 0, 0, 0, 0, 0, 0, 0, 0, 0, 0, 0, 0, 0, 0, 0, 0, 0, 0, 0, 0, 0, 0, 0, 0, 0, 0, 0, 0, 0, 0, 0, 0, 0, 0, 0, 0, 0, 0, 0, (673.8842, 1.5523333333333331, 1.8134000000000001), 0, (126.996, 0.5407333333333333, 0.289), (29.3598, 0.5571333333333334, 0.0044), 0, 0, 0, 0, (199.92773333333332, 0.9031333333333333, 0.010666666666666666), 0, (159.3834, 0.0022666666666666664, 0.0018), (97.689, 0.24573333333333333, 0.20893333333333336), (333.44653333333326, 0.7292666666666667, 0.004666666666666667), (93.8472, 0.0318, 0.0146), (348.1266, 1.8001333333333334, 0.6946), (125.82866666666669, 0.0007333333333333332, 0.0002666666666666667), (306.18359999999996, 0.0, 0.0), (1470.8021999999999, 0.18553333333333333, 0.47233333333333327), (109.4118, 0.21166666666666664, 0.17653333333333332), (279.6198, 0.2951333333333333, 0.05206666666666667), (279.6198, 0.2951333333333333, 0.05206666666666667)]","[0, 0, 0, 0, 0, 0, 0, 0, 0, 0, 0, 0, 0, 0, 0, 0, 0, 0, 0, 0, 0, 0, 0, 0, 0, 0, 0, 0, 0, 0, 0, 0, 0, 0, 0, 0, 0, 0, 0, 0, 0, 0, 0, 0, 0, 0, 0, 0, 0, 0, 0, 0, (1, 1.0415999999999999, 0.5724111111111111), 0, (1, 0.0001, 0.059855555555555565), (1, 0.00015, 0.1132611111111111), 0, 0, 0, 0, (1, 0.0, 0.005077777777777777), 0, (1, 0.27031666666666665, 0.012972222222222222), (1, 0.0, 0.05149444444444444), (1, 0.0, 0.00021666666666666668), (1, 0.00011666666666666667, 0.053427777777777775), (3, 0.0, 0.00039999999999999996), (1, 0.0, 0.00165), (3, 0.008033333333333333, 0.003372222222222222), (3, 1.666666666666667e-05, 0.1395388888888889), (1, 0.00011666666666666667, 0.05212222222222222), (1, 0.0, 0.0009000000000000001), (1, 0.0, 0.0009000000000000001)]","[-1, -1, -1, -1, -1, -1, -1, -1, -1, -1, -1, -1, -1, -1, -1, -1, -1, -1, -1, -1, -1, -1, -1, -1, -1, -1, -1, -1, -1, -1, -1, -1, -1, -1, -1, -1, -1, -1, -1, -1, -1, -1, -1, -1, -1, -1, -1, -1, -1, -1, -1, -1, 13, -1, 12, 0, -1, -1, -1, -1, 4, -1, 10, 1, 0, 2, 5, 11, 15, 6, 9, 14, 7]","[False, False, False, False, False, False, False, False, False, False, False, False, False, False, False, False, False, False, False, False, False, False, False, False, False, False, False, False, False, False, False, False, False, False, False, False, False, False, False, False, False, False, False, False, False, False, False, False, False, False, False, False, True, False, True, True, False, False, False, False, True, False, True, True, True, True, True, True, True, True, True, True, True]"
49,"[0, 0, 0, 0, 0, 0, 0, 0, 0, 0, 0, 0, 0, 0, 0, 0, 0, 0, 0, 0, 0, 0, 0, 0, 0, 0, 0, 0, 0, 0, 0, 0, 0, 0, 0, 0, 0, 0, 0, 0, 0, 0, 0, 0, 0, 0, 0, 0, 0, 0, 0, 0, 3308.0803617035053, 0, 0, 0, 0, 0, 0, 0, 851.4968861193744, 0, 0, 1908.8504511256126, 1246.093192628628, 844.7392923255, 976.1061865270877, 0, 1204.5568661876246, 2986.820614882346, 1812.9971286157179, 1128.5450173642087, 1128.5450173642087, 685.3513090824399, 922.7020845904912, 1364.7688631682443]","[0, 0, 0, 0, 0, 0, 1, 2, 2, 2, 3, 3, 3, 3, 3, 4, 4, 4, 4, 4, 4, 4, 4, 5, 5, 5, 5, 5, 5, 6, 6, 6, 6, 6, 6, 6, 7, 7, 7, 7, 7, 8, 8, 8, 8, 8, 8, 9, 9, 9, 9, 9, 10, 10, 10, 11, 12, 12, 12, 12, 13, 13, 13, 14, 14, 14, 14, 14, 15, 15, 16, 16, 16, 16, 16, 16]","[1, 1, 1, 1, 1, 1, 2, 3, 3, 3, 4, 4, 4, 4, 5, 6, 5, 5, 5, 8, 8, 9, 9, 11, 14, 12, 17, 15, 17, 17, 19, 17, 18, 18, 19, 19, 22, 26, 25, 24, 26, 28, 26, 27, 27, 27, 28, 29, 31, 32, 31, 32, 33, 35, 35, 35, 36, 36, 37, 39, 41, 40, 42, 43, 43, 44, 45, 45, 45, 45, 46, 47, 47, 49, 49, 49]","[5, 5, 3, 19, 26, 8, 16, 9, 9, 27, 23, 18, 12, 8, 20, 17, 12, 11, 14, 17, 24, 16, 15, 19, 30, 35, 36, 17, 32, 31, 29, 24, 25, 27, 26, 27, 30, 45, 40, 27, 36, 44, 39, 35, 33, 34, 45, 37, 43, 42, 40, 45, -1, 43, 49, 49, 48, 46, 45, 47, -1, 47, 49, -1, -1, -1, -1, -1, -1, -1, -1, -1, -1, -1, -1, -1]","[0, 0, 0, 0, 0, 0, 0, 0, 0, 0, 0, 0, 0, 0, 0, 0, 0, 0, 0, 0, 0, 0, 0, 0, 0, 0, 0, 0, 0, 0, 0, 0, 0, 0, 0, 0, 0, 0, 0, 0, 0, 0, 0, 0, 0, 0, 0, 0, 0, 0, 0, 0, 4029.0, 0, 0, 0, 0, 0, 0, 0, 2097.5727885184674, 0, 0, 4029.0, 4029.0, 4029.0, 4029.0, 4029.0, 4029.0, 4029.0, 4029.0, 4029.0, 4029.0, 1931.4272114815328, 4029.0, 4029.0]","[0, 0, 0, 0, 0, 0, 0, 0, 0, 0, 0, 0, 0, 0, 0, 0, 0, 0, 0, 0, 0, 0, 0, 0, 0, 0, 0, 0, 0, 0, 0, 0, 0, 0, 0, 0, 0, 0, 0, 0, 0, 0, 0, 0, 0, 0, 0, 0, 0, 0, 0, 0, (894.7841999999999, 1.598466666666667, 1.968333333333333), 0, 0, 0, 0, 0, 0, 0, (167.77133333333336, 0.8164666666666667, 0.02233333333333333), 0, 0, (125.0422, 0.247, 0.19506666666666664), (415.23546666666675, 0.7115333333333334, 0.006666666666666668), (99.0902, 0.043, 0.015133333333333334), (230.686, 0.866, 0.3906666666666667), (98.56533333333331, 0.0005333333333333334, 0.0002), (322.961, 0.0, 0.0), (1311.4188000000001, 0.14286666666666667, 0.5135333333333333), (108.76053333333334, 0.20446666666666666, 0.17406666666666665), (271.93059999999997, 0.26839999999999997, 0.0528), (271.93059999999997, 0.26839999999999997, 0.0528), (232.08433333333338, 0.9976, 0.007), (97.867, 0.5311333333333333, 0.4374666666666666), (402.65259999999995, 0.0, 0.0)]","[0, 0, 0, 0, 0, 0, 0, 0, 0, 0, 0, 0, 0, 0, 0, 0, 0, 0, 0, 0, 0, 0, 0, 0, 0, 0, 0, 0, 0, 0, 0, 0, 0, 0, 0, 0, 0, 0, 0, 0, 0, 0, 0, 0, 0, 0, 0, 0, 0, 0, 0, 0, (1, 0.0013, 0.001966666666666667), 0, 0, 0, 0, 0, 0, 0, (1, 0.0, 0.005544444444444444), 0, 0, (1, 3.3333333333333335e-05, 0.05121666666666667), (1, 0.0, 0.0005666666666666666), (1, 0.0, 0.05496666666666667), (3, 1.666666666666667e-05, 0.0003444444444444445), (1, 0.0, 0.0015500000000000002), (3, 0.007916666666666667, 0.003444444444444445), (3, 5e-05, 0.13139444444444442), (1, 0.0, 0.05014999999999999), (1, 0.0, 0.00115), (1, 0.0, 0.00115), (3, 0.0, 0.0005111111111111112), (1, 0.0, 0.0014666666666666662), (3, 0.1085, 0.004066666666666666)]","[-1, -1, -1, -1, -1, -1, -1, -1, -1, -1, -1, -1, -1, -1, -1, -1, -1, -1, -1, -1, -1, -1, -1, -1, -1, -1, -1, -1, -1, -1, -1, -1, -1, -1, -1, -1, -1, -1, -1, -1, -1, -1, -1, -1, -1, -1, -1, -1, -1, -1, -1, -1, 13, -1, -1, -1, -1, -1, -1, -1, 10, -1, -1, 9, 3, 8, 12, 2, 4, 6, 1, 7, 0, 10, 15, 5]","[False, False, False, False, False, False, False, False, False, False, False, False, False, False, False, False, False, False, False, False, False, False, False, False, False, False, False, False, False, False, False, False, False, False, False, False, False, False, False, False, False, False, False, False, False, False, False, False, False, False, False, False, True, False, False, False, False, False, False, False, True, False, False, True, True, True, True, True, True, True, True, True, True, True, True, True]"
50,"[0, 0, 0, 0, 0, 0, 0, 0, 0, 0, 0, 0, 0, 0, 0, 0, 0, 0, 0, 0, 0, 0, 0, 0, 0, 0, 0, 0, 0, 0, 0, 0, 0, 0, 0, 0, 0, 0, 0, 0, 0, 0, 0, 0, 0, 0, 0, 0, 0, 0, 0, 0, 3144.901509780911, 0, 0, 0, 0, 0, 0, 0, 1483.4440524727775, 0, 0, 1714.4051397483977, 1084.51187754052, 0, 1465.6427238431045, 0, 1252.0270875152155, 2953.431360041183, 1886.9411202662081, 1135.2227985320444, 1135.2227985320444, 3464.41286996805, 741.7221959766666, 925.6689723222934, 1691.1266347954333, 685.3513090824399]","[0, 0, 0, 0, 0, 0, 1, 2, 2, 2, 3, 3, 3, 3, 3, 4, 4, 4, 4, 4, 4, 4, 4, 5, 5, 5, 5, 5, 5, 6, 6, 6, 6, 6, 6, 6, 7, 7, 7, 7, 7, 8, 8, 8, 8, 8, 8, 9, 9, 9, 9, 9, 10, 10, 10, 11, 12, 12, 12, 12, 13, 13, 13, 14, 14, 14, 14, 14, 15, 15, 16, 16, 16, 16, 16, 16, 16, 17]","[1, 1, 1, 1, 1, 1, 2, 3, 3, 3, 4, 4, 4, 4, 5, 6, 5, 5, 5, 8, 8, 9, 9, 11, 14, 12, 17, 15, 17, 17, 19, 17, 18, 18, 19, 19, 22, 26, 25, 24, 26, 28, 26, 27, 27, 27, 28, 29, 31, 32, 31, 32, 33, 35, 35, 35, 36, 36, 37, 39, 41, 40, 42, 43, 43, 44, 45, 45, 45, 45, 46, 47, 47, 50, 49, 49, 49, 50]","[5, 5, 3, 19, 26, 8, 16, 9, 9, 27, 23, 18, 12, 8, 20, 17, 12, 11, 14, 17, 24, 16, 15, 19, 30, 35, 36, 17, 32, 31, 29, 24, 25, 27, 26, 27, 30, 45, 40, 27, 36, 44, 39, 35, 33, 34, 45, 37, 43, 42, 40, 45, -1, 43, 49, 49, 48, 46, 45, 47, -1, 47, 49, -1, -1, -1, -1, 50, -1, -1, -1, -1, -1, -1, -1, -1, -1, -1]","[0, 0, 0, 0, 0, 0, 0, 0, 0, 0, 0, 0, 0, 0, 0, 0, 0, 0, 0, 0, 0, 0, 0, 0, 0, 0, 0, 0, 0, 0, 0, 0, 0, 0, 0, 0, 0, 0, 0, 0, 0, 0, 0, 0, 0, 0, 0, 0, 0, 0, 0, 0, 4029.0, 0, 0, 0, 0, 0, 0, 0, 2130.2084824787808, 0, 0, 4029.0, 1123.8914405845208, 4029.0, 4029.0, 0, 1898.791517521219, 4029.0, 4029.0, 4029.0, 1174.6023615760453, 4029.0, 4029.0, 4029.0, 1730.5061978394342, 4029.0]","[0, 0, 0, 0, 0, 0, 0, 0, 0, 0, 0, 0, 0, 0, 0, 0, 0, 0, 0, 0, 0, 0, 0, 0, 0, 0, 0, 0, 0, 0, 0, 0, 0, 0, 0, 0, 0, 0, 0, 0, 0, 0, 0, 0, 0, 0, 0, 0, 0, 0, 0, 0, (727.012, 1.5444666666666669, 1.7056666666666669), 0, 0, 0, 0, 0, 0, 0, (186.64606666666668, 3.3434, 0.0272), 0, 0, (93.78139999999999, 0.23493333333333336, 0.19066666666666662), (202.37446666666668, 0.6932, 0.0088), (91.7496, 0.042133333333333335, 0.014666666666666665), (331.3495333333333, 4.365933333333333, 0.022533333333333336), 0, (301.98940000000005, 0.0, 0.0), (1311.4188000000001, 0.188, 0.5201333333333333), (115.2732, 0.21046666666666666, 0.17566666666666664), (277.5227333333333, 0.25306666666666666, 0.0498), (277.5227333333333, 0.25306666666666666, 0.0498), (168.47066666666663, 0.27493333333333336, 0.023333333333333327), (264.24086666666665, 0.7731333333333333, 0.0056), (114.6442, 0.5428, 0.4749333333333333), (339.738, 0.0, 0.0), (232.08433333333338, 0.9976, 0.007)]","[0, 0, 0, 0, 0, 0, 0, 0, 0, 0, 0, 0, 0, 0, 0, 0, 0, 0, 0, 0, 0, 0, 0, 0, 0, 0, 0, 0, 0, 0, 0, 0, 0, 0, 0, 0, 0, 0, 0, 0, 0, 0, 0, 0, 0, 0, 0, 0, 0, 0, 0, 0, (1, 0.0019666666666666665, 0.05048333333333333), 0, 0, 0, 0, 0, 0, 0, (1, 0.0, 0.005394444444444445), 0, 0, (1, 0.0, 0.049894444444444436), (1, 0.0, 0.00025), (1, 0.0, 0.05646666666666667), (3, 0.0, 0.00019444444444444446), 0, (3, 0.00785, 0.003533333333333333), (3, 3.3333333333333335e-05, 0.16156666666666666), (1, 0.0, 0.05059444444444444), (1, 0.0, 0.001172222222222222), (1, 0.0, 0.001172222222222222), (3, 0.2927833333333333, 0.026605555555555556), (3, 0.0, 0.0006277777777777777), (1, 0.0, 0.001527777777777778), (3, 0.2122, 0.00935), (3, 0.0, 0.0005111111111111112)]","[-1, -1, -1, -1, -1, -1, -1, -1, -1, -1, -1, -1, -1, -1, -1, -1, -1, -1, -1, -1, -1, -1, -1, -1, -1, -1, -1, -1, -1, -1, -1, -1, -1, -1, -1, -1, -1, -1, -1, -1, -1, -1, -1, -1, -1, -1, -1, -1, -1, -1, -1, -1, 6, -1, -1, -1, -1, -1, -1, -1, 14, -1, -1, 4, 0, 8, 5, -1, 14, 1, 11, 3, 0, 2, 10, 7, 0, 13]","[False, False, False, False, False, False, False, False, False, False, False, False, False, False, False, False, False, False, False, False, False, False, False, False, False, False, False, False, False, False, False, False, False, False, False, False, False, False, False, False, False, False, False, False, False, False, False, False, False, False, False, False, True, False, False, False, False, False, False, False, True, False, False, True, True, True, True, False, True, True, True, True, True, True, True, True, True, True]"
51,"[0, 0, 0, 0, 0, 0, 0, 0, 0, 0, 0, 0, 0, 0, 0, 0, 0, 0, 0, 0, 0, 0, 0, 0, 0, 0, 0, 0, 0, 0, 0, 0, 0, 0, 0, 0, 0, 0, 0, 0, 0, 0, 0, 0, 0, 0, 0, 0, 0, 0, 0, 0, 3242.8088209344673, 0, 0, 0, 0, 0, 0, 0, 0, 0, 0, 1851.3384576196752, 1229.6611944840745, 0, 1851.3381774860268, 0, 1225.3250880184453, 2989.8560016860883, 1906.1117847681867, 1208.6783913782356, 1208.6783913782356, 4442.116739200141, 623.0466446204, 928.6358600540952, 1254.9939763481898, 741.7221959766666]","[0, 0, 0, 0, 0, 0, 1, 2, 2, 2, 3, 3, 3, 3, 3, 4, 4, 4, 4, 4, 4, 4, 4, 5, 5, 5, 5, 5, 5, 6, 6, 6, 6, 6, 6, 6, 7, 7, 7, 7, 7, 8, 8, 8, 8, 8, 8, 9, 9, 9, 9, 9, 10, 10, 10, 11, 12, 12, 12, 12, 13, 13, 13, 14, 14, 14, 14, 14, 15, 15, 16, 16, 16, 16, 16, 16, 16, 17]","[1, 1, 1, 1, 1, 1, 2, 3, 3, 3, 4, 4, 4, 4, 5, 6, 5, 5, 5, 8, 8, 9, 9, 11, 14, 12, 17, 15, 17, 17, 19, 17, 18, 18, 19, 19, 22, 26, 25, 24, 26, 28, 26, 27, 27, 27, 28, 29, 31, 32, 31, 32, 33, 35, 35, 35, 36, 36, 37, 39, 41, 40, 42, 43, 43, 44, 45, 45, 45, 45, 46, 47, 47, 50, 49, 49, 49, 50]","[5, 5, 3, 19, 26, 8, 16, 9, 9, 27, 23, 18, 12, 8, 20, 17, 12, 11, 14, 17, 24, 16, 15, 19, 30, 35, 36, 17, 32, 31, 29, 24, 25, 27, 26, 27, 30, 45, 40, 27, 36, 44, 39, 35, 33, 34, 45, 37, 43, 42, 40, 45, -1, 43, 49, 49, 48, 46, 45, 47, -1, 47, 49, -1, -1, 51, -1, 50, -1, -1, -1, -1, -1, -1, -1, -1, -1, -1]","[0, 0, 0, 0, 0, 0, 0, 0, 0, 0, 0, 0, 0, 0, 0, 0, 0, 0, 0, 0, 0, 0, 0, 0, 0, 0, 0, 0, 0, 0, 0, 0, 0, 0, 0, 0, 0, 0, 0, 0, 0, 0, 0, 0, 0, 0, 0, 0, 0, 0, 0, 0, 4029.0, 0, 0, 0, 0, 0, 0, 0, 1401.8374559907775, 0, 0, 4029.0, 4029.0, 0, 2312.6721005689187, 0, 2627.162544009223, 4029.0, 4029.0, 4029.0, 2154.52126566207, 4029.0, 4029.0, 1874.4787343379298, 1716.3278994310815, 4029.0]","[0, 0, 0, 0, 0, 0, 0, 0, 0, 0, 0, 0, 0, 0, 0, 0, 0, 0, 0, 0, 0, 0, 0, 0, 0, 0, 0, 0, 0, 0, 0, 0, 0, 0, 0, 0, 0, 0, 0, 0, 0, 0, 0, 0, 0, 0, 0, 0, 0, 0, 0, 0, (578.8134, 1.5288, 1.8861333333333334), 0, 0, 0, 0, 0, 0, 0, (441.79940000000005, 3.5278666666666667, 0.02166666666666667), 0, 0, (104.85293333333334, 0.21746666666666667, 0.18180000000000002), (105.9056, 0.6556666666666666, 0.0064), 0, (478.1502, 3.8014, 0.020733333333333333), 0, (328.5532, 0.0, 0.0), (1177.2012, 0.14893333333333333, 0.6776666666666666), (97.689, 0.24573333333333333, 0.20893333333333336), (304.0866, 0.2961333333333333, 0.05726666666666666), (304.0866, 0.2961333333333333, 0.05726666666666666), (313.1741333333334, 0.2986666666666667, 0.020266666666666665), (260.0463333333334, 0.6686, 0.004866666666666666), (109.0518, 0.5416666666666666, 0.5044666666666666), (343.93240000000003, 0.0, 0.0), (264.24086666666665, 0.7731333333333333, 0.0056)]","[0, 0, 0, 0, 0, 0, 0, 0, 0, 0, 0, 0, 0, 0, 0, 0, 0, 0, 0, 0, 0, 0, 0, 0, 0, 0, 0, 0, 0, 0, 0, 0, 0, 0, 0, 0, 0, 0, 0, 0, 0, 0, 0, 0, 0, 0, 0, 0, 0, 0, 0, 0, (1, 0.07088333333333334, 0.05034444444444444), 0, 0, 0, 0, 0, 0, 0, (1, 0.0, 0.005505555555555555), 0, 0, (1, 3.3333333333333335e-05, 0.05011111111111111), (1, 0.0, 0.00020555555555555556), 0, (3, 0.0428, 0.01527777777777778), 0, (3, 0.007816666666666666, 0.003527777777777778), (3, 5e-05, 0.12382222222222221), (1, 0.0, 0.05149444444444444), (1, 0.0, 0.0010444444444444444), (1, 0.0, 0.0010444444444444444), (3, 0.10841666666666666, 0.0281), (3, 0.0, 0.0004277777777777778), (1, 0.0, 0.0017222222222222224), (3, 0.020033333333333334, 0.0038777777777777777), (3, 0.0, 0.0006277777777777777)]","[-1, -1, -1, -1, -1, -1, -1, -1, -1, -1, -1, -1, -1, -1, -1, -1, -1, -1, -1, -1, -1, -1, -1, -1, -1, -1, -1, -1, -1, -1, -1, -1, -1, -1, -1, -1, -1, -1, -1, -1, -1, -1, -1, -1, -1, -1, -1, -1, -1, -1, -1, -1, 6, -1, -1, -1, -1, -1, -1, -1, 14, -1, -1, 15, 8, -1, 5, -1, 14, 9, 11, 12, 7, 2, 3, 7, 5, 4]","[False, False, False, False, False, False, False, False, False, False, False, False, False, False, False, False, False, False, False, False, False, False, False, False, False, False, False, False, False, False, False, False, False, False, False, False, False, False, False, False, False, False, False, False, False, False, False, False, False, False, False, False, True, False, False, False, False, False, False, False, True, False, False, True, True, False, True, False, True, True, True, True, True, True, True, True, True, True]"
52,"[0, 0, 0, 0, 0, 0, 0, 0, 0, 0, 0, 0, 0, 0, 0, 0, 0, 0, 0, 0, 0, 0, 0, 0, 0, 0, 0, 0, 0, 0, 0, 0, 0, 0, 0, 0, 0, 0, 0, 0, 0, 0, 0, 0, 0, 0, 0, 0, 0, 0, 0, 0, 3296.2128088364075, 0, 0, 0, 0, 0, 0, 0, 0, 0, 0, 1802.042463186016, 0, 0, 1646.6228982447833, 0, 1254.9939763481898, 5888.650399259911, 1908.8504511256126, 1225.3728442978247, 1225.3728442978247, 3143.9889128247596, 620.0797558364931, 931.6027477858978, 1266.8615316800874, 623.0466446204, 685.3513090824399, 454.0891471920266]","[0, 0, 0, 0, 0, 0, 1, 2, 2, 2, 3, 3, 3, 3, 3, 4, 4, 4, 4, 4, 4, 4, 4, 5, 5, 5, 5, 5, 5, 6, 6, 6, 6, 6, 6, 6, 7, 7, 7, 7, 7, 8, 8, 8, 8, 8, 8, 9, 9, 9, 9, 9, 10, 10, 10, 11, 12, 12, 12, 12, 13, 13, 13, 14, 14, 14, 14, 14, 15, 15, 16, 16, 16, 16, 16, 16, 16, 17, 17, 17]","[1, 1, 1, 1, 1, 1, 2, 3, 3, 3, 4, 4, 4, 4, 5, 6, 5, 5, 5, 8, 8, 9, 9, 11, 14, 12, 17, 15, 17, 17, 19, 17, 18, 18, 19, 19, 22, 26, 25, 24, 26, 28, 26, 27, 27, 27, 28, 29, 31, 32, 31, 32, 33, 35, 35, 35, 36, 36, 37, 39, 41, 40, 42, 43, 43, 44, 45, 45, 45, 45, 46, 47, 47, 50, 49, 49, 49, 50, 52, 52]","[5, 5, 3, 19, 26, 8, 16, 9, 9, 27, 23, 18, 12, 8, 20, 17, 12, 11, 14, 17, 24, 16, 15, 19, 30, 35, 36, 17, 32, 31, 29, 24, 25, 27, 26, 27, 30, 45, 40, 27, 36, 44, 39, 35, 33, 34, 45, 37, 43, 42, 40, 45, -1, 43, 49, 49, 48, 46, 45, 47, 52, 47, 49, -1, -1, 51, -1, 50, -1, -1, -1, -1, -1, -1, -1, -1, -1, -1, -1, -1]","[0, 0, 0, 0, 0, 0, 0, 0, 0, 0, 0, 0, 0, 0, 0, 0, 0, 0, 0, 0, 0, 0, 0, 0, 0, 0, 0, 0, 0, 0, 0, 0, 0, 0, 0, 0, 0, 0, 0, 0, 0, 0, 0, 0, 0, 0, 0, 0, 0, 0, 0, 0, 4029.0, 0, 0, 0, 0, 0, 0, 0, 0, 0, 0, 4029.0, 4029.0, 0, 2495.1357945811715, 0, 2029.3105660251827, 4029.0, 4029.0, 4029.0, 1999.6894339748176, 4029.0, 4029.0, 4029.0, 4029.0, 4029.0, 1533.8642054188283, 4029.0]","[0, 0, 0, 0, 0, 0, 0, 0, 0, 0, 0, 0, 0, 0, 0, 0, 0, 0, 0, 0, 0, 0, 0, 0, 0, 0, 0, 0, 0, 0, 0, 0, 0, 0, 0, 0, 0, 0, 0, 0, 0, 0, 0, 0, 0, 0, 0, 0, 0, 0, 0, 0, (746.5854, 1.6389333333333334, 1.749), 0, 0, 0, 0, 0, 0, 0, 0, 0, 0, (98.34026666666666, 0.21266666666666662, 0.17426666666666668), (111.1484, 0.6268666666666667, 0.0044666666666666665), 0, (450.887, 3.747866666666667, 0.0224), 0, (282.41606666666667, 0.0, 0.0), (1269.4758, 0.3529333333333333, 0.49439999999999995), (125.0422, 0.247, 0.19506666666666664), (292.20259999999996, 0.28073333333333333, 0.056799999999999996), (292.20259999999996, 0.28073333333333333, 0.056799999999999996), (205.5204, 0.03793333333333333, 0.025266666666666666), (222.2978, 0.6696, 0.0051333333333333335), (109.0518, 0.5368666666666667, 0.4758666666666667), (306.18359999999996, 0.0, 0.0), (260.0463333333334, 0.6686, 0.004866666666666666), (232.08433333333338, 0.9976, 0.007), (29.621666666666673, 4.1293999999999995, 4.1416)]","[0, 0, 0, 0, 0, 0, 0, 0, 0, 0, 0, 0, 0, 0, 0, 0, 0, 0, 0, 0, 0, 0, 0, 0, 0, 0, 0, 0, 0, 0, 0, 0, 0, 0, 0, 0, 0, 0, 0, 0, 0, 0, 0, 0, 0, 0, 0, 0, 0, 0, 0, 0, (1, 0.0016833333333333331, 0.04975), 0, 0, 0, 0, 0, 0, 0, 0, 0, 0, (1, 0.00011666666666666667, 0.04876111111111111), (1, 0.0, 0.00023333333333333333), 0, (3, 1.666666666666667e-05, 0.0003444444444444445), 0, (3, 0.00675, 0.003411111111111111), (3, 0.1731833333333333, 0.38794999999999996), (1, 3.3333333333333335e-05, 0.05121666666666667), (1, 0.0, 0.001027777777777778), (1, 0.0, 0.001027777777777778), (3, 0.00125, 0.027633333333333336), (3, 0.0, 0.0005), (1, 0.0, 0.0017166666666666667), (3, 0.008033333333333333, 0.003372222222222222), (3, 0.0, 0.0004277777777777778), (3, 0.0, 0.0005111111111111112), (3, 0.0, 1.6666666666666667e-05)]","[-1, -1, -1, -1, -1, -1, -1, -1, -1, -1, -1, -1, -1, -1, -1, -1, -1, -1, -1, -1, -1, -1, -1, -1, -1, -1, -1, -1, -1, -1, -1, -1, -1, -1, -1, -1, -1, -1, -1, -1, -1, -1, -1, -1, -1, -1, -1, -1, -1, -1, -1, -1, 2, -1, -1, -1, -1, -1, -1, -1, -1, -1, -1, 15, 4, -1, 8, -1, 7, 9, 5, 12, 7, 0, 1, 3, 13, 10, 8, 6]","[False, False, False, False, False, False, False, False, False, False, False, False, False, False, False, False, False, False, False, False, False, False, False, False, False, False, False, False, False, False, False, False, False, False, False, False, False, False, False, False, False, False, False, False, False, False, False, False, False, False, False, False, True, False, False, False, False, False, False, False, False, False, False, True, True, False, True, False, True, True, True, True, True, True, True, True, True, True, True, True]"
53,"[0, 0, 0, 0, 0, 0, 0, 0, 0, 0, 0, 0, 0, 0, 0, 0, 0, 0, 0, 0, 0, 0, 0, 0, 0, 0, 0, 0, 0, 0, 0, 0, 0, 0, 0, 0, 0, 0, 0, 0, 0, 0, 0, 0, 0, 0, 0, 0, 0, 0, 0, 0, 3136.0008451305875, 0, 0, 0, 0, 0, 0, 0, 0, 0, 0, 1136.5465383316057, 0, 0, 922.7022006380679, 0, 1320.2655306736276, 4252.576912042853, 1714.4051397483977, 0, 1228.7117348817424, 3601.346184986549, 0, 925.6689723222934, 1204.5568661876246, 620.0797558364931, 741.7221959766666, 1315.5229705416066]","[0, 0, 0, 0, 0, 0, 1, 2, 2, 2, 3, 3, 3, 3, 3, 4, 4, 4, 4, 4, 4, 4, 4, 5, 5, 5, 5, 5, 5, 6, 6, 6, 6, 6, 6, 6, 7, 7, 7, 7, 7, 8, 8, 8, 8, 8, 8, 9, 9, 9, 9, 9, 10, 10, 10, 11, 12, 12, 12, 12, 13, 13, 13, 14, 14, 14, 14, 14, 15, 15, 16, 16, 16, 16, 16, 16, 16, 17, 17, 17]","[1, 1, 1, 1, 1, 1, 2, 3, 3, 3, 4, 4, 4, 4, 5, 6, 5, 5, 5, 8, 8, 9, 9, 11, 14, 12, 17, 15, 17, 17, 19, 17, 18, 18, 19, 19, 22, 26, 25, 24, 26, 28, 26, 27, 27, 27, 28, 29, 31, 32, 31, 32, 33, 35, 35, 35, 36, 36, 37, 39, 41, 40, 42, 43, 43, 44, 45, 45, 45, 45, 46, 47, 47, 50, 49, 49, 49, 50, 52, 52]","[5, 5, 3, 19, 26, 8, 16, 9, 9, 27, 23, 18, 12, 8, 20, 17, 12, 11, 14, 17, 24, 16, 15, 19, 30, 35, 36, 17, 32, 31, 29, 24, 25, 27, 26, 27, 30, 45, 40, 27, 36, 44, 39, 35, 33, 34, 45, 37, 43, 42, 40, 45, -1, 43, 49, 49, 48, 46, 45, 47, 52, 47, 49, -1, 53, 51, -1, 50, -1, -1, -1, -1, -1, -1, -1, -1, -1, -1, -1, -1]","[0, 0, 0, 0, 0, 0, 0, 0, 0, 0, 0, 0, 0, 0, 0, 0, 0, 0, 0, 0, 0, 0, 0, 0, 0, 0, 0, 0, 0, 0, 0, 0, 0, 0, 0, 0, 0, 0, 0, 0, 0, 0, 0, 0, 0, 0, 0, 0, 0, 0, 0, 0, 4029.0, 0, 0, 0, 0, 0, 0, 0, 0, 0, 0, 1925.0117838949996, 0, 0, 4029.0, 0, 4029.0, 4029.0, 4029.0, 1704.4601220817535, 4029.0, 4029.0, 4029.0, 4029.0, 4029.0, 2324.5398779182465, 4029.0, 2103.9882161050004]","[0, 0, 0, 0, 0, 0, 0, 0, 0, 0, 0, 0, 0, 0, 0, 0, 0, 0, 0, 0, 0, 0, 0, 0, 0, 0, 0, 0, 0, 0, 0, 0, 0, 0, 0, 0, 0, 0, 0, 0, 0, 0, 0, 0, 0, 0, 0, 0, 0, 0, 0, 0, (606.7754, 1.5655999999999999, 1.7066), 0, 0, 0, 0, 0, 0, 0, 0, 0, 0, (87.92, 0.21286666666666668, 0.18966666666666662), 0, 0, (434.1098, 1.2283333333333333, 0.020466666666666664), 0, (459.97486666666657, 0.0, 0.0), (1974.1186, 0.14053333333333334, 0.48906666666666665), (93.78139999999999, 0.23493333333333336, 0.19066666666666662), (276.8236, 0.27726666666666666, 0.054666666666666655), (276.8236, 0.27726666666666666, 0.054666666666666655), (130.0228, 0.042466666666666666, 0.027733333333333336), (184.54886666666667, 0.6701333333333334, 0.0057333333333333325), (95.0708, 0.5381333333333334, 0.44586666666666674), (322.961, 0.0, 0.0), (222.2978, 0.6696, 0.0051333333333333335), (264.24086666666665, 0.7731333333333333, 0.0056), (29.53446666666667, 12.107333333333337, 12.139266666666664)]","[0, 0, 0, 0, 0, 0, 0, 0, 0, 0, 0, 0, 0, 0, 0, 0, 0, 0, 0, 0, 0, 0, 0, 0, 0, 0, 0, 0, 0, 0, 0, 0, 0, 0, 0, 0, 0, 0, 0, 0, 0, 0, 0, 0, 0, 0, 0, 0, 0, 0, 0, 0, (1, 0.0, 0.0005055555555555555), 0, 0, 0, 0, 0, 0, 0, 0, 0, 0, (1, 0.0, 0.050077777777777784), 0, 0, (3, 0.0, 0.0004555555555555556), 0, (3, 0.0192, 0.013244444444444444), (3, 1.666666666666667e-05, 0.31198333333333333), (1, 0.0, 0.049894444444444436), (1, 0.0, 0.0013833333333333334), (1, 0.0, 0.0013833333333333334), (3, 0.0008, 0.02777777777777778), (3, 0.0, 0.00046111111111111103), (1, 0.0, 0.0017277777777777773), (3, 0.007916666666666667, 0.003444444444444445), (3, 0.0, 0.0005), (3, 0.0, 0.0006277777777777777), (3, 0.0, 1.6666666666666667e-05)]","[-1, -1, -1, -1, -1, -1, -1, -1, -1, -1, -1, -1, -1, -1, -1, -1, -1, -1, -1, -1, -1, -1, -1, -1, -1, -1, -1, -1, -1, -1, -1, -1, -1, -1, -1, -1, -1, -1, -1, -1, -1, -1, -1, -1, -1, -1, -1, -1, -1, -1, -1, -1, 4, -1, -1, -1, -1, -1, -1, -1, -1, -1, -1, 6, -1, -1, 8, -1, 1, 9, 14, 5, 7, 0, 10, 11, 13, 5, 2, 6]","[False, False, False, False, False, False, False, False, False, False, False, False, False, False, False, False, False, False, False, False, False, False, False, False, False, False, False, False, False, False, False, False, False, False, False, False, False, False, False, False, False, False, False, False, False, False, False, False, False, False, False, False, True, False, False, False, False, False, False, False, False, False, False, True, False, False, True, False, True, True, True, True, True, True, True, True, True, True, True, True]"
54,"[0, 0, 0, 0, 0, 0, 0, 0, 0, 0, 0, 0, 0, 0, 0, 0, 0, 0, 0, 0, 0, 0, 0, 0, 0, 0, 0, 0, 0, 0, 0, 0, 0, 0, 0, 0, 0, 0, 0, 0, 0, 0, 0, 0, 0, 0, 0, 0, 0, 0, 0, 0, 3097.431298312519, 0, 0, 0, 0, 0, 0, 0, 0, 0, 0, 1426.8451722187147, 0, 0, 1074.0134939902914, 0, 1269.8284205130622, 3235.722332789209, 1851.3384576196752, 0, 1318.8617806475224, 3261.75156374067, 0, 934.5696355177, 1252.0270875152155, 640.8479773238399, 623.0466446204, 1135.2228679800667, 1578.3845313240047, 501.40426599866777, 450.7502254398]","[0, 0, 0, 0, 0, 0, 1, 2, 2, 2, 3, 3, 3, 3, 3, 4, 4, 4, 4, 4, 4, 4, 4, 5, 5, 5, 5, 5, 5, 6, 6, 6, 6, 6, 6, 6, 7, 7, 7, 7, 7, 8, 8, 8, 8, 8, 8, 9, 9, 9, 9, 9, 10, 10, 10, 11, 12, 12, 12, 12, 13, 13, 13, 14, 14, 14, 14, 14, 15, 15, 16, 16, 16, 16, 16, 16, 16, 17, 17, 17, 17, 17, 17]","[1, 1, 1, 1, 1, 1, 2, 3, 3, 3, 4, 4, 4, 4, 5, 6, 5, 5, 5, 8, 8, 9, 9, 11, 14, 12, 17, 15, 17, 17, 19, 17, 18, 18, 19, 19, 22, 26, 25, 24, 26, 28, 26, 27, 27, 27, 28, 29, 31, 32, 31, 32, 33, 35, 35, 35, 36, 36, 37, 39, 41, 40, 42, 43, 43, 44, 45, 45, 45, 45, 46, 47, 47, 50, 49, 49, 49, 50, 52, 52, 54, 54, 54]","[5, 5, 3, 19, 26, 8, 16, 9, 9, 27, 23, 18, 12, 8, 20, 17, 12, 11, 14, 17, 24, 16, 15, 19, 30, 35, 36, 17, 32, 31, 29, 24, 25, 27, 26, 27, 30, 45, 40, 27, 36, 44, 39, 35, 33, 34, 45, 37, 43, 42, 40, 45, -1, 43, 49, 49, 48, 46, 45, 47, 52, 47, 49, -1, 53, 51, -1, 50, -1, -1, -1, 54, -1, -1, 54, -1, -1, -1, -1, -1, -1, -1, -1]","[0, 0, 0, 0, 0, 0, 0, 0, 0, 0, 0, 0, 0, 0, 0, 0, 0, 0, 0, 0, 0, 0, 0, 0, 0, 0, 0, 0, 0, 0, 0, 0, 0, 0, 0, 0, 0, 0, 0, 0, 0, 0, 0, 0, 0, 0, 0, 0, 0, 0, 0, 0, 4029.0, 0, 0, 0, 0, 0, 0, 0, 0, 0, 0, 2407.4985974474375, 0, 0, 4029.0, 0, 2182.129392497681, 4029.0, 4029.0, 0, 4029.0, 4029.0, 0, 1846.8706075023188, 4029.0, 1621.5014025525625, 1536.8310566481978, 2331.409300990699, 2492.168943351802, 1697.5906990093006, 4029.0]","[0, 0, 0, 0, 0, 0, 0, 0, 0, 0, 0, 0, 0, 0, 0, 0, 0, 0, 0, 0, 0, 0, 0, 0, 0, 0, 0, 0, 0, 0, 0, 0, 0, 0, 0, 0, 0, 0, 0, 0, 0, 0, 0, 0, 0, 0, 0, 0, 0, 0, 0, 0, (469.7616, 1.4955999999999998, 1.822733333333333), 0, 0, 0, 0, 0, 0, 0, 0, 0, 0, (83.36113333333331, 0.21606666666666663, 0.18393333333333337), 0, 0, (243.2694, 1.3356666666666668, 0.18259999999999998), 0, (363.5057333333333, 0.0, 0.0), (1730.8488, 0.18693333333333337, 0.49646666666666667), (104.85293333333334, 0.21746666666666667, 0.18180000000000002), 0, (332.04866666666675, 0.30326666666666663, 0.05866666666666666), (110.44946666666667, 0.04046666666666667, 0.026666666666666672), 0, (92.2746, 0.5394, 0.44333333333333325), (301.98940000000005, 0.0, 0.0), (184.54886666666667, 0.6701333333333334, 0.0057333333333333325), (260.0463333333334, 0.6686, 0.004866666666666666), (31.3258, 10.272666666666666, 10.300266666666666), (223.696, 0.11593333333333333, 0.0992), (0.0, 0.0048, 6.666666666666668e-05), (184.549, 0.0, 0.0)]","[0, 0, 0, 0, 0, 0, 0, 0, 0, 0, 0, 0, 0, 0, 0, 0, 0, 0, 0, 0, 0, 0, 0, 0, 0, 0, 0, 0, 0, 0, 0, 0, 0, 0, 0, 0, 0, 0, 0, 0, 0, 0, 0, 0, 0, 0, 0, 0, 0, 0, 0, 0, (1, 0.24515, 0.08227777777777777), 0, 0, 0, 0, 0, 0, 0, 0, 0, 0, (1, 0.0, 0.04877777777777778), 0, 0, (3, 0.0, 0.0004166666666666667), 0, (3, 0.10526666666666666, 0.011727777777777776), (3, 1.666666666666667e-05, 0.20562222222222223), (1, 3.3333333333333335e-05, 0.05011111111111111), 0, (1, 0.0, 0.0009222222222222221), (3, 0.00011666666666666667, 0.02971666666666666), 0, (1, 0.0, 0.0022722222222222224), (3, 0.00785, 0.003533333333333333), (3, 0.0, 0.00046111111111111103), (3, 0.0, 0.0004277777777777778), (3, 0.0, 4.4444444444444447e-05), (2, 0.0, 0.0010277777777777776), (2, 0.0, 0.0013222222222222222), (1, 0.0, 0.00029444444444444445)]","[-1, -1, -1, -1, -1, -1, -1, -1, -1, -1, -1, -1, -1, -1, -1, -1, -1, -1, -1, -1, -1, -1, -1, -1, -1, -1, -1, -1, -1, -1, -1, -1, -1, -1, -1, -1, -1, -1, -1, -1, -1, -1, -1, -1, -1, -1, -1, -1, -1, -1, -1, -1, 4, -1, -1, -1, -1, -1, -1, -1, -1, -1, -1, 15, -1, -1, 2, -1, 10, 9, 14, -1, 1, 3, -1, 10, 5, 15, 12, 0, 12, 0, 7]","[False, False, False, False, False, False, False, False, False, False, False, False, False, False, False, False, False, False, False, False, False, False, False, False, False, False, False, False, False, False, False, False, False, False, False, False, False, False, False, False, False, False, False, False, False, False, False, False, False, False, False, False, True, False, False, False, False, False, False, False, False, False, False, True, False, False, True, False, True, True, True, False, True, True, False, True, True, True, True, True, True, True, True]"
55,"[0, 0, 0, 0, 0, 0, 0, 0, 0, 0, 0, 0, 0, 0, 0, 0, 0, 0, 0, 0, 0, 0, 0, 0, 0, 0, 0, 0, 0, 0, 0, 0, 0, 0, 0, 0, 0, 0, 0, 0, 0, 0, 0, 0, 0, 0, 0, 0, 0, 0, 0, 0, 0, 0, 0, 0, 0, 0, 0, 0, 0, 0, 0, 2127.9437597196566, 0, 0, 940.5035292677412, 0, 1240.1595321833177, 2452.592537423716, 1802.042463186016, 0, 1228.7117348817424, 3502.7541981732297, 0, 0, 1225.3250880184453, 0, 620.0797558364931, 1145.2395403445964, 1566.5169784569066, 498.43737685074666, 570.9502855570801]","[0, 0, 0, 0, 0, 0, 1, 2, 2, 2, 3, 3, 3, 3, 3, 4, 4, 4, 4, 4, 4, 4, 4, 5, 5, 5, 5, 5, 5, 6, 6, 6, 6, 6, 6, 6, 7, 7, 7, 7, 7, 8, 8, 8, 8, 8, 8, 9, 9, 9, 9, 9, 10, 10, 10, 11, 12, 12, 12, 12, 13, 13, 13, 14, 14, 14, 14, 14, 15, 15, 16, 16, 16, 16, 16, 16, 16, 17, 17, 17, 17, 17, 17]","[1, 1, 1, 1, 1, 1, 2, 3, 3, 3, 4, 4, 4, 4, 5, 6, 5, 5, 5, 8, 8, 9, 9, 11, 14, 12, 17, 15, 17, 17, 19, 17, 18, 18, 19, 19, 22, 26, 25, 24, 26, 28, 26, 27, 27, 27, 28, 29, 31, 32, 31, 32, 33, 35, 35, 35, 36, 36, 37, 39, 41, 40, 42, 43, 43, 44, 45, 45, 45, 45, 46, 47, 47, 50, 49, 49, 49, 50, 52, 52, 54, 54, 54]","[5, 5, 3, 19, 26, 8, 16, 9, 9, 27, 23, 18, 12, 8, 20, 17, 12, 11, 14, 17, 24, 16, 15, 19, 30, 35, 36, 17, 32, 31, 29, 24, 25, 27, 26, 27, 30, 45, 40, 27, 36, 44, 39, 35, 33, 34, 45, 37, 43, 42, 40, 45, -1, 43, 49, 49, 48, 46, 45, 47, 52, 47, 49, -1, 53, 51, -1, 50, -1, -1, -1, 54, -1, -1, 54, -1, -1, -1, -1, -1, -1, -1, -1]","[0, 0, 0, 0, 0, 0, 0, 0, 0, 0, 0, 0, 0, 0, 0, 0, 0, 0, 0, 0, 0, 0, 0, 0, 0, 0, 0, 0, 0, 0, 0, 0, 0, 0, 0, 0, 0, 0, 0, 0, 0, 0, 0, 0, 0, 0, 0, 0, 0, 0, 0, 0, 4029.0, 0, 0, 0, 0, 0, 0, 0, 0, 0, 0, 4029.0, 0, 0, 4029.0, 0, 1733.558534498651, 3240.796268711858, 2295.4414655013493, 0, 2318.8159895226245, 4029.0, 0, 4029.0, 1611.991086280516, 788.2037312881421, 1710.1840104773755, 1531.905538606667, 4029.0, 885.1033751128173, 4029.0]","[0, 0, 0, 0, 0, 0, 0, 0, 0, 0, 0, 0, 0, 0, 0, 0, 0, 0, 0, 0, 0, 0, 0, 0, 0, 0, 0, 0, 0, 0, 0, 0, 0, 0, 0, 0, 0, 0, 0, 0, 0, 0, 0, 0, 0, 0, 0, 0, 0, 0, 0, 0, (436.2072, 0.7686666666666665, 1.4219333333333335), 0, 0, 0, 0, 0, 0, 0, 0, 0, 0, (90.52506666666666, 0.3320666666666667, 0.2432666666666667), 0, 0, (178.2574, 0.7554, 0.0208), 0, (380.283, 0.0, 0.0), (1356.158, 0.1402, 0.49906666666666666), (98.34026666666666, 0.21266666666666662, 0.17426666666666668), 0, (318.06759999999997, 0.2734, 0.057466666666666666), (119.5372, 0.03373333333333334, 0.02686666666666667), 0, (226.49220000000003, 0.5299333333333333, 0.43666666666666676), (328.5532, 0.0, 0.0), (183.1509333333333, 0.6727333333333332, 0.005), (222.2978, 0.6696, 0.0051333333333333335), (31.238400000000002, 10.958333333333334, 10.986266666666667), (268.4352, 0.11646666666666668, 0.09953333333333332), (145.4024, 0.004733333333333333, 6.666666666666668e-05), (225.0938, 0.0, 0.0)]","[0, 0, 0, 0, 0, 0, 0, 0, 0, 0, 0, 0, 0, 0, 0, 0, 0, 0, 0, 0, 0, 0, 0, 0, 0, 0, 0, 0, 0, 0, 0, 0, 0, 0, 0, 0, 0, 0, 0, 0, 0, 0, 0, 0, 0, 0, 0, 0, 0, 0, 0, 0, (1, 0.0, 0.0004555555555555556), 0, 0, 0, 0, 0, 0, 0, 0, 0, 0, (1, 0.0002333333333333333, 0.0568888888888889), 0, 0, (3, 0.0, 0.0004444444444444444), 0, (3, 0.006966666666666668, 0.010794444444444445), (3, 8.333333333333333e-05, 0.11315), (1, 0.00011666666666666667, 0.04876111111111111), 0, (1, 0.0, 0.0007888888888888889), (3, 0.0013666666666666669, 0.04000555555555556), 0, (1, 0.0007666666666666667, 0.00215), (3, 0.007816666666666666, 0.003527777777777778), (3, 0.0, 0.0005277777777777777), (3, 0.0, 0.0005), (3, 0.0, 2.2222222222222223e-05), (2, 0.0, 0.0009611111111111112), (2, 0.0, 0.0012666666666666666), (1, 0.0, 0.0002833333333333333)]","[-1, -1, -1, -1, -1, -1, -1, -1, -1, -1, -1, -1, -1, -1, -1, -1, -1, -1, -1, -1, -1, -1, -1, -1, -1, -1, -1, -1, -1, -1, -1, -1, -1, -1, -1, -1, -1, -1, -1, -1, -1, -1, -1, -1, -1, -1, -1, -1, -1, -1, -1, -1, 13, -1, -1, -1, -1, -1, -1, -1, -1, -1, -1, 15, -1, -1, 11, -1, 4, 2, 4, -1, 8, 6, -1, 3, 0, 2, 8, 0, 12, 0, 1]","[False, False, False, False, False, False, False, False, False, False, False, False, False, False, False, False, False, False, False, False, False, False, False, False, False, False, False, False, False, False, False, False, False, False, False, False, False, False, False, False, False, False, False, False, False, False, False, False, False, False, False, False, True, False, False, False, False, False, False, False, False, False, False, True, False, False, True, False, True, True, True, False, True, True, False, True, True, True, True, True, True, True, True]"
56,"[0, 0, 0, 0, 0, 0, 0, 0, 0, 0, 0, 0, 0, 0, 0, 0, 0, 0, 0, 0, 0, 0, 0, 0, 0, 0, 0, 0, 0, 0, 0, 0, 0, 0, 0, 0, 0, 0, 0, 0, 0, 0, 0, 0, 0, 0, 0, 0, 0, 0, 0, 0, 0, 0, 0, 0, 0, 0, 0, 0, 0, 0, 0, 0, 0, 0, 0, 0, 0, 2677.21116090064, 1136.5465383316057, 0, 1175.2894855390578, 2935.85027399664, 0, 0, 1254.9939763481898, 0, 640.8479773238399, 1218.6951376844836, 1560.5832020233572, 498.43737685074666, 500.8335838220001, 1147.5012037613078, 777.9614183128089, 777.9614183128089]","[0, 0, 0, 0, 0, 0, 1, 2, 2, 2, 3, 3, 3, 3, 3, 4, 4, 4, 4, 4, 4, 4, 4, 5, 5, 5, 5, 5, 5, 6, 6, 6, 6, 6, 6, 6, 7, 7, 7, 7, 7, 8, 8, 8, 8, 8, 8, 9, 9, 9, 9, 9, 10, 10, 10, 11, 12, 12, 12, 12, 13, 13, 13, 14, 14, 14, 14, 14, 15, 15, 16, 16, 16, 16, 16, 16, 16, 17, 17, 17, 17, 17, 17, 17, 18, 18]","[1, 1, 1, 1, 1, 1, 2, 3, 3, 3, 4, 4, 4, 4, 5, 6, 5, 5, 5, 8, 8, 9, 9, 11, 14, 12, 17, 15, 17, 17, 19, 17, 18, 18, 19, 19, 22, 26, 25, 24, 26, 28, 26, 27, 27, 27, 28, 29, 31, 32, 31, 32, 33, 35, 35, 35, 36, 36, 37, 39, 41, 40, 42, 43, 43, 44, 45, 45, 45, 45, 46, 47, 47, 50, 49, 49, 49, 50, 52, 52, 54, 54, 54, 56, 56, 56]","[5, 5, 3, 19, 26, 8, 16, 9, 9, 27, 23, 18, 12, 8, 20, 17, 12, 11, 14, 17, 24, 16, 15, 19, 30, 35, 36, 17, 32, 31, 29, 24, 25, 27, 26, 27, 30, 45, 40, 27, 36, 44, 39, 35, 33, 34, 45, 37, 43, 42, 40, 45, 56, 43, 49, 49, 48, 46, 45, 47, 52, 47, 49, -1, 53, 51, -1, 50, -1, -1, -1, 54, -1, -1, 54, 56, -1, 56, -1, -1, -1, -1, -1, -1, -1, -1]","[0, 0, 0, 0, 0, 0, 0, 0, 0, 0, 0, 0, 0, 0, 0, 0, 0, 0, 0, 0, 0, 0, 0, 0, 0, 0, 0, 0, 0, 0, 0, 0, 0, 0, 0, 0, 0, 0, 0, 0, 0, 0, 0, 0, 0, 0, 0, 0, 0, 0, 0, 0, 0, 0, 0, 0, 0, 0, 0, 0, 0, 0, 0, 4029.0, 0, 0, 4029.0, 0, 4029.0, 2964.124871293916, 4029.0, 0, 2281.7207541076086, 4029.0, 0, 0, 2391.580196263095, 0, 1747.279245892391, 4029.0, 4029.0, 4029.0, 1637.4198037369051, 2199.2698927242495, 1829.7301072757505, 1064.8751287060845]","[0, 0, 0, 0, 0, 0, 0, 0, 0, 0, 0, 0, 0, 0, 0, 0, 0, 0, 0, 0, 0, 0, 0, 0, 0, 0, 0, 0, 0, 0, 0, 0, 0, 0, 0, 0, 0, 0, 0, 0, 0, 0, 0, 0, 0, 0, 0, 0, 0, 0, 0, 0, 0, 0, 0, 0, 0, 0, 0, 0, 0, 0, 0, (126.996, 0.5407333333333333, 0.289), 0, 0, (344.63140000000004, 3.1724, 0.019733333333333335), 0, (353.719, 0.0, 0.0), (1227.5328, 0.18566666666666662, 0.4779333333333333), (87.92, 0.21286666666666668, 0.18966666666666662), 0, (304.0866, 0.26866666666666666, 0.058866666666666664), (105.55626666666666, 0.03646666666666667, 0.024466666666666664), 0, 0, (282.41606666666667, 0.0, 0.0), 0, (184.54886666666667, 0.6701333333333334, 0.0057333333333333325), (30.75773333333333, 11.004733333333336, 11.030333333333335), (33.5544, 0.11626666666666668, 0.09953333333333332), (67.1088, 0.004666666666666667, 0.0), (191.5394, 0.0, 0.0), (386.924, 1.3948666666666665, 0.0056), (123.73126666666663, 0.009733333333333332, 0.0028), (123.73126666666663, 0.009733333333333332, 0.0028)]","[0, 0, 0, 0, 0, 0, 0, 0, 0, 0, 0, 0, 0, 0, 0, 0, 0, 0, 0, 0, 0, 0, 0, 0, 0, 0, 0, 0, 0, 0, 0, 0, 0, 0, 0, 0, 0, 0, 0, 0, 0, 0, 0, 0, 0, 0, 0, 0, 0, 0, 0, 0, 0, 0, 0, 0, 0, 0, 0, 0, 0, 0, 0, (1, 0.0001, 0.059855555555555565), 0, 0, (3, 0.0, 0.0002722222222222222), 0, (3, 0.04356666666666667, 0.009866666666666668), (3, 3.3333333333333335e-05, 0.15232222222222222), (1, 0.0, 0.050077777777777784), 0, (1, 0.0, 0.000861111111111111), (3, 0.0, 0.024422222222222224), 0, 0, (3, 0.00675, 0.003411111111111111), 0, (3, 0.0, 0.00046111111111111103), (3, 0.0, 2.2222222222222223e-05), (2, 0.0, 0.000972222222222222), (2, 0.0, 0.0012333333333333335), (1, 1.666666666666667e-05, 0.0002611111111111111), (1, 0.0, 0.009683333333333334), (2, 0.0, 2.2222222222222223e-05), (2, 0.0, 2.2222222222222223e-05)]","[-1, -1, -1, -1, -1, -1, -1, -1, -1, -1, -1, -1, -1, -1, -1, -1, -1, -1, -1, -1, -1, -1, -1, -1, -1, -1, -1, -1, -1, -1, -1, -1, -1, -1, -1, -1, -1, -1, -1, -1, -1, -1, -1, -1, -1, -1, -1, -1, -1, -1, -1, -1, -1, -1, -1, -1, -1, -1, -1, -1, -1, -1, -1, 15, -1, -1, 10, -1, 4, 7, 9, -1, 8, 6, -1, -1, 5, -1, 8, 3, 13, 0, 5, 14, 14, 7]","[False, False, False, False, False, False, False, False, False, False, False, False, False, False, False, False, False, False, False, False, False, False, False, False, False, False, False, False, False, False, False, False, False, False, False, False, False, False, False, False, False, False, False, False, False, False, False, False, False, False, False, False, False, False, False, False, False, False, False, False, False, False, False, True, False, False, True, False, True, True, True, False, True, True, False, False, True, False, True, True, True, True, True, True, True, True]"
57,"[0, 0, 0, 0, 0, 0, 0, 0, 0, 0, 0, 0, 0, 0, 0, 0, 0, 0, 0, 0, 0, 0, 0, 0, 0, 0, 0, 0, 0, 0, 0, 0, 0, 0, 0, 0, 0, 0, 0, 0, 0, 0, 0, 0, 0, 0, 0, 0, 0, 0, 0, 0, 0, 0, 0, 0, 0, 0, 0, 0, 0, 0, 0, 0, 0, 0, 0, 0, 0, 6028.278192232053, 0, 0, 1252.0839689691668, 2837.2582871833197, 0, 0, 1320.2655306736276, 0, 0, 1191.9840113790701, 1566.5169784569066, 0, 474.12245935149326, 925.6692288098378, 888.1447951553957, 888.1447951553957, 777.9614183128089, 685.3513090824399, 744.572766635591]","[0, 0, 0, 0, 0, 0, 1, 2, 2, 2, 3, 3, 3, 3, 3, 4, 4, 4, 4, 4, 4, 4, 4, 5, 5, 5, 5, 5, 5, 6, 6, 6, 6, 6, 6, 6, 7, 7, 7, 7, 7, 8, 8, 8, 8, 8, 8, 9, 9, 9, 9, 9, 10, 10, 10, 11, 12, 12, 12, 12, 13, 13, 13, 14, 14, 14, 14, 14, 15, 15, 16, 16, 16, 16, 16, 16, 16, 17, 17, 17, 17, 17, 17, 17, 18, 18, 18, 19, 19]","[1, 1, 1, 1, 1, 1, 2, 3, 3, 3, 4, 4, 4, 4, 5, 6, 5, 5, 5, 8, 8, 9, 9, 11, 14, 12, 17, 15, 17, 17, 19, 17, 18, 18, 19, 19, 22, 26, 25, 24, 26, 28, 26, 27, 27, 27, 28, 29, 31, 32, 31, 32, 33, 35, 35, 35, 36, 36, 37, 39, 41, 40, 42, 43, 43, 44, 45, 45, 45, 45, 46, 47, 47, 50, 49, 49, 49, 50, 52, 52, 54, 54, 54, 56, 56, 56, 57, 57, 57]","[5, 5, 3, 19, 26, 8, 16, 9, 9, 27, 23, 18, 12, 8, 20, 17, 12, 11, 14, 17, 24, 16, 15, 19, 30, 35, 36, 17, 32, 31, 29, 24, 25, 27, 26, 27, 30, 45, 40, 27, 36, 44, 39, 35, 33, 34, 45, 37, 43, 42, 40, 45, 56, 43, 49, 49, 48, 46, 45, 47, 52, 47, 49, 57, 53, 51, 57, 50, 57, -1, -1, 54, -1, -1, 54, 56, -1, 56, -1, -1, -1, -1, -1, -1, -1, -1, -1, -1, -1]","[0, 0, 0, 0, 0, 0, 0, 0, 0, 0, 0, 0, 0, 0, 0, 0, 0, 0, 0, 0, 0, 0, 0, 0, 0, 0, 0, 0, 0, 0, 0, 0, 0, 0, 0, 0, 0, 0, 0, 0, 0, 0, 0, 0, 0, 0, 0, 0, 0, 0, 0, 0, 0, 0, 0, 0, 0, 0, 0, 0, 0, 0, 0, 0, 0, 0, 0, 0, 0, 4584.566698538329, 4029.0, 0, 2297.866329943364, 4029.0, 0, 0, 2437.571535661067, 0, 4029.0, 4029.0, 4029.0, 4029.0, 1591.4284643389328, 2033.262216827221, 1995.737783172779, -555.5666985383284, 4029.0, 1731.1336700566367, 4029.0]","[0, 0, 0, 0, 0, 0, 0, 0, 0, 0, 0, 0, 0, 0, 0, 0, 0, 0, 0, 0, 0, 0, 0, 0, 0, 0, 0, 0, 0, 0, 0, 0, 0, 0, 0, 0, 0, 0, 0, 0, 0, 0, 0, 0, 0, 0, 0, 0, 0, 0, 0, 0, 0, 0, 0, 0, 0, 0, 0, 0, 0, 0, 0, 0, 0, 0, 0, 0, 0, (1551.892, 0.19686666666666666, 1.39), (83.36113333333331, 0.21606666666666663, 0.18393333333333337), 0, (299.8922, 0.2914, 0.05526666666666666), (111.8476, 0.035666666666666666, 0.024), 0, 0, (459.97486666666657, 0.0, 0.0), 0, (183.1509333333333, 0.6727333333333332, 0.005), (30.932599999999997, 11.007200000000001, 11.033333333333335), (0.0, 0.1156, 0.0996), (100.6632, 0.004666666666666667, 6.666666666666668e-05), (225.09366666666662, 0.0, 0.0), (349.1754, 0.6480666666666667, 0.003466666666666667), (120.93533333333332, 0.045200000000000004, 0.020266666666666665), (120.93533333333332, 0.045200000000000004, 0.020266666666666665), (123.73126666666663, 0.009733333333333332, 0.0028), (232.08433333333338, 0.9976, 0.007), (142.60586666666666, 0.0007333333333333332, 0.0006)]","[0, 0, 0, 0, 0, 0, 0, 0, 0, 0, 0, 0, 0, 0, 0, 0, 0, 0, 0, 0, 0, 0, 0, 0, 0, 0, 0, 0, 0, 0, 0, 0, 0, 0, 0, 0, 0, 0, 0, 0, 0, 0, 0, 0, 0, 0, 0, 0, 0, 0, 0, 0, 0, 0, 0, 0, 0, 0, 0, 0, 0, 0, 0, 0, 0, 0, 0, 0, 0, (3, 0.0001, 0.1530611111111111), (1, 0.0, 0.04877777777777778), 0, (1, 0.0, 0.0008333333333333334), (3, 0.0, 0.028383333333333337), 0, 0, (3, 0.0192, 0.013244444444444444), 0, (3, 0.0, 0.0005277777777777777), (3, 0.0, 2.2222222222222223e-05), (2, 0.0, 0.00095), (2, 0.0, 0.001238888888888889), (1, 0.0, 0.0002833333333333333), (1, 0.0, 0.00023333333333333333), (2, 0.0, 0.0), (2, 0.0, 0.0), (2, 0.0, 2.2222222222222223e-05), (3, 0.0, 0.0005111111111111112), (1, 0.0, 0.02883888888888889)]","[-1, -1, -1, -1, -1, -1, -1, -1, -1, -1, -1, -1, -1, -1, -1, -1, -1, -1, -1, -1, -1, -1, -1, -1, -1, -1, -1, -1, -1, -1, -1, -1, -1, -1, -1, -1, -1, -1, -1, -1, -1, -1, -1, -1, -1, -1, -1, -1, -1, -1, -1, -1, -1, -1, -1, -1, -1, -1, -1, -1, -1, -1, -1, -1, -1, -1, -1, -1, -1, 7, 9, -1, 8, 4, -1, -1, 5, -1, 10, 2, 13, 1, 5, 14, 14, 7, 3, 8, 12]","[False, False, False, False, False, False, False, False, False, False, False, False, False, False, False, False, False, False, False, False, False, False, False, False, False, False, False, False, False, False, False, False, False, False, False, False, False, False, False, False, False, False, False, False, False, False, False, False, False, False, False, False, False, False, False, False, False, False, False, False, False, False, False, False, False, False, False, False, False, True, True, False, True, True, False, False, True, False, True, True, True, True, True, True, True, True, True, True, True]"
58,"[0, 0, 0, 0, 0, 0, 0, 0, 0, 0, 0, 0, 0, 0, 0, 0, 0, 0, 0, 0, 0, 0, 0, 0, 0, 0, 0, 0, 0, 0, 0, 0, 0, 0, 0, 0, 0, 0, 0, 0, 0, 0, 0, 0, 0, 0, 0, 0, 0, 0, 0, 0, 0, 0, 0, 0, 0, 0, 0, 0, 0, 0, 0, 0, 0, 0, 0, 0, 0, 6374.312287858666, 0, 0, 0, 2777.0076285751793, 0, 0, 0, 0, 0, 1198.6617929554236, 1593.2189724078767, 0, 580.9669572335199, 1237.8771935563511, 851.4170028745334, 0, 888.1447951553957, 741.7221959766666, 554.2559608139378, 454.0891471920266, 1108.5118598755066]","[0, 0, 0, 0, 0, 0, 1, 2, 2, 2, 3, 3, 3, 3, 3, 4, 4, 4, 4, 4, 4, 4, 4, 5, 5, 5, 5, 5, 5, 6, 6, 6, 6, 6, 6, 6, 7, 7, 7, 7, 7, 8, 8, 8, 8, 8, 8, 9, 9, 9, 9, 9, 10, 10, 10, 11, 12, 12, 12, 12, 13, 13, 13, 14, 14, 14, 14, 14, 15, 15, 16, 16, 16, 16, 16, 16, 16, 17, 17, 17, 17, 17, 17, 17, 18, 18, 18, 19, 19, 19, 20]","[1, 1, 1, 1, 1, 1, 2, 3, 3, 3, 4, 4, 4, 4, 5, 6, 5, 5, 5, 8, 8, 9, 9, 11, 14, 12, 17, 15, 17, 17, 19, 17, 18, 18, 19, 19, 22, 26, 25, 24, 26, 28, 26, 27, 27, 27, 28, 29, 31, 32, 31, 32, 33, 35, 35, 35, 36, 36, 37, 39, 41, 40, 42, 43, 43, 44, 45, 45, 45, 45, 46, 47, 47, 50, 49, 49, 49, 50, 52, 52, 54, 54, 54, 56, 56, 56, 57, 57, 57, 58, 58]","[5, 5, 3, 19, 26, 8, 16, 9, 9, 27, 23, 18, 12, 8, 20, 17, 12, 11, 14, 17, 24, 16, 15, 19, 30, 35, 36, 17, 32, 31, 29, 24, 25, 27, 26, 27, 30, 45, 40, 27, 36, 44, 39, 35, 33, 34, 45, 37, 43, 42, 40, 45, 56, 43, 49, 49, 48, 46, 45, 47, 52, 47, 49, 57, 53, 51, 57, 50, 57, -1, 58, 54, -1, -1, 54, 56, -1, 56, 58, -1, -1, 58, -1, -1, -1, -1, -1, -1, -1, -1, -1]","[0, 0, 0, 0, 0, 0, 0, 0, 0, 0, 0, 0, 0, 0, 0, 0, 0, 0, 0, 0, 0, 0, 0, 0, 0, 0, 0, 0, 0, 0, 0, 0, 0, 0, 0, 0, 0, 0, 0, 0, 0, 0, 0, 0, 0, 0, 0, 0, 0, 0, 0, 0, 0, 0, 0, 0, 0, 0, 0, 0, 0, 0, 0, 0, 0, 0, 0, 0, 0, 4029.0, 0, 0, 4029.0, 4029.0, 0, 0, 4029.0, 0, 0, 2323.3474178609517, 4029.0, 0, 1705.652582139048, 4029.0, 2213.1639278412536, 4029.0, 1904.3164676399447, 4029.0, 4029.0, 1815.8360721587467, 2124.6835323600553]","[0, 0, 0, 0, 0, 0, 0, 0, 0, 0, 0, 0, 0, 0, 0, 0, 0, 0, 0, 0, 0, 0, 0, 0, 0, 0, 0, 0, 0, 0, 0, 0, 0, 0, 0, 0, 0, 0, 0, 0, 0, 0, 0, 0, 0, 0, 0, 0, 0, 0, 0, 0, 0, 0, 0, 0, 0, 0, 0, 0, 0, 0, 0, 0, 0, 0, 0, 0, 0, (1736.4414, 0.2492666666666667, 1.2721333333333333), 0, 0, (294.2998, 0.28173333333333334, 0.05493333333333333), (115.3428, 0.03426666666666667, 0.023266666666666665), 0, 0, (363.5057333333333, 0.0, 0.0), 0, 0, (29.2284, 11.277066666666668, 11.304066666666667), (167.772, 0.1156, 0.09933333333333332), 0, (159.38313333333332, 0.0, 0.0), (320.86379999999997, 0.6452, 0.0048), (120.23626666666664, 0.034466666666666666, 0.0114), (120.23626666666664, 0.034466666666666666, 0.0114), (120.93533333333332, 0.045200000000000004, 0.020266666666666665), (264.24086666666665, 0.7731333333333333, 0.0056), (98.56566666666669, 0.0007333333333333332, 0.0002666666666666667), (29.621666666666673, 4.1293999999999995, 4.1416), (67.1088, 0.0, 0.001)]","[0, 0, 0, 0, 0, 0, 0, 0, 0, 0, 0, 0, 0, 0, 0, 0, 0, 0, 0, 0, 0, 0, 0, 0, 0, 0, 0, 0, 0, 0, 0, 0, 0, 0, 0, 0, 0, 0, 0, 0, 0, 0, 0, 0, 0, 0, 0, 0, 0, 0, 0, 0, 0, 0, 0, 0, 0, 0, 0, 0, 0, 0, 0, 0, 0, 0, 0, 0, 0, (3, 0.00015, 0.2104), 0, 0, (1, 0.0, 0.001), (3, 0.0, 0.027411111111111112), 0, 0, (3, 0.10526666666666666, 0.011727777777777776), 0, 0, (3, 0.0, 2.2222222222222223e-05), (2, 0.0, 0.0014166666666666668), 0, (1, 0.0, 0.0002722222222222222), (1, 0.0, 0.0002222222222222222), (2, 0.0, 2.2222222222222223e-05), (2, 0.0, 2.2222222222222223e-05), (2, 0.0, 0.0), (3, 0.0, 0.0006277777777777777), (1, 0.0, 0.0016666666666666668), (3, 0.0, 1.6666666666666667e-05), (3, 0.0, 0.0)]","[-1, -1, -1, -1, -1, -1, -1, -1, -1, -1, -1, -1, -1, -1, -1, -1, -1, -1, -1, -1, -1, -1, -1, -1, -1, -1, -1, -1, -1, -1, -1, -1, -1, -1, -1, -1, -1, -1, -1, -1, -1, -1, -1, -1, -1, -1, -1, -1, -1, -1, -1, -1, -1, -1, -1, -1, -1, -1, -1, -1, -1, -1, -1, -1, -1, -1, -1, -1, -1, 7, -1, -1, 8, 10, -1, -1, 5, -1, -1, 1, 13, -1, 1, 14, 11, 6, 0, 9, 12, 11, 0]","[False, False, False, False, False, False, False, False, False, False, False, False, False, False, False, False, False, False, False, False, False, False, False, False, False, False, False, False, False, False, False, False, False, False, False, False, False, False, False, False, False, False, False, False, False, False, False, False, False, False, False, False, False, False, False, False, False, False, False, False, False, False, False, False, False, False, False, False, False, True, False, False, True, True, False, False, True, False, False, True, True, False, True, True, True, True, True, True, True, True, True]"
59,"[0, 0, 0, 0, 0, 0, 0, 0, 0, 0, 0, 0, 0, 0, 0, 0, 0, 0, 0, 0, 0, 0, 0, 0, 0, 0, 0, 0, 0, 0, 0, 0, 0, 0, 0, 0, 0, 0, 0, 0, 0, 0, 0, 0, 0, 0, 0, 0, 0, 0, 0, 0, 0, 0, 0, 0, 0, 0, 0, 0, 0, 0, 0, 0, 0, 0, 0, 0, 0, 3703.171900565511, 0, 0, 0, 3089.2155868173595, 0, 0, 0, 0, 0, 1178.6284482263632, 1563.5500902401322, 0, 0, 1317.298517921692, 834.7225518377779, 0, 851.4170028745334, 623.0466446204, 597.6615481065954, 1108.5118598755066, 1315.5229705416066, 1115.189642163913, 1115.1894634134223, 777.9614183128089, 1578.3845313240047]","[0, 0, 0, 0, 0, 0, 1, 2, 2, 2, 3, 3, 3, 3, 3, 4, 4, 4, 4, 4, 4, 4, 4, 5, 5, 5, 5, 5, 5, 6, 6, 6, 6, 6, 6, 6, 7, 7, 7, 7, 7, 8, 8, 8, 8, 8, 8, 9, 9, 9, 9, 9, 10, 10, 10, 11, 12, 12, 12, 12, 13, 13, 13, 14, 14, 14, 14, 14, 15, 15, 16, 16, 16, 16, 16, 16, 16, 17, 17, 17, 17, 17, 17, 17, 18, 18, 18, 19, 19, 19, 19, 20, 20, 20, 20]","[1, 1, 1, 1, 1, 1, 2, 3, 3, 3, 4, 4, 4, 4, 5, 6, 5, 5, 5, 8, 8, 9, 9, 11, 14, 12, 17, 15, 17, 17, 19, 17, 18, 18, 19, 19, 22, 26, 25, 24, 26, 28, 26, 27, 27, 27, 28, 29, 31, 32, 31, 32, 33, 35, 35, 35, 36, 36, 37, 39, 41, 40, 42, 43, 43, 44, 45, 45, 45, 45, 46, 47, 47, 50, 49, 49, 49, 50, 52, 52, 54, 54, 54, 56, 56, 56, 57, 57, 57, 59, 58, 58, 59, 59, 59]","[5, 5, 3, 19, 26, 8, 16, 9, 9, 27, 23, 18, 12, 8, 20, 17, 12, 11, 14, 17, 24, 16, 15, 19, 30, 35, 36, 17, 32, 31, 29, 24, 25, 27, 26, 27, 30, 45, 40, 27, 36, 44, 39, 35, 33, 34, 45, 37, 43, 42, 40, 45, 56, 43, 49, 49, 48, 46, 45, 47, 52, 47, 49, 57, 53, 51, 57, 50, 57, -1, 58, 54, 59, -1, 54, 56, 59, 56, 58, -1, -1, 58, -1, -1, -1, 59, -1, -1, -1, -1, -1, -1, -1, -1, -1]","[0, 0, 0, 0, 0, 0, 0, 0, 0, 0, 0, 0, 0, 0, 0, 0, 0, 0, 0, 0, 0, 0, 0, 0, 0, 0, 0, 0, 0, 0, 0, 0, 0, 0, 0, 0, 0, 0, 0, 0, 0, 0, 0, 0, 0, 0, 0, 0, 0, 0, 0, 0, 0, 0, 0, 0, 0, 0, 0, 0, 0, 0, 0, 0, 0, 0, 0, 0, 0, 4029.0, 0, 0, 0, 4029.0, 0, 0, 0, 0, 0, 2046.2194924064704, 4029.0, 0, 1702.9766776898, 2284.1685498044417, 4029.0, 0, 4029.0, 2326.0233223102, 4029.0, 4029.0, 1883.069219608801, 4029.0, 1982.7805075935296, 1744.8314501955583, 2145.930780391199]","[0, 0, 0, 0, 0, 0, 0, 0, 0, 0, 0, 0, 0, 0, 0, 0, 0, 0, 0, 0, 0, 0, 0, 0, 0, 0, 0, 0, 0, 0, 0, 0, 0, 0, 0, 0, 0, 0, 0, 0, 0, 0, 0, 0, 0, 0, 0, 0, 0, 0, 0, 0, 0, 0, 0, 0, 0, 0, 0, 0, 0, 0, 0, 0, 0, 0, 0, 0, 0, (1493.1718, 0.1692, 0.7876000000000001), 0, 0, 0, (111.1486, 0.03153333333333334, 0.0434), 0, 0, 0, 0, 0, (27.96146666666667, 11.744666666666664, 11.770666666666664), (67.1088, 0.11593333333333333, 0.09953333333333332), 0, (201.3262, 0.0, 0.0), (301.98920000000004, 0.6321333333333333, 0.005666666666666668), (130.722, 0.026466666666666666, 0.011066666666666664), 0, (120.23626666666664, 0.034466666666666666, 0.0114), (260.0463333333334, 0.6686, 0.004866666666666666), (121.6344, 0.0005333333333333334, 0.0002), (67.1088, 0.0, 0.001), (29.53446666666667, 12.107333333333337, 12.139266666666664), (47.5354, 0.0, 0.001), (499.1218, 0.0016666666666666668, 0.0011333333333333332), (123.73126666666663, 0.009733333333333332, 0.0028), (223.696, 0.11593333333333333, 0.0992)]","[0, 0, 0, 0, 0, 0, 0, 0, 0, 0, 0, 0, 0, 0, 0, 0, 0, 0, 0, 0, 0, 0, 0, 0, 0, 0, 0, 0, 0, 0, 0, 0, 0, 0, 0, 0, 0, 0, 0, 0, 0, 0, 0, 0, 0, 0, 0, 0, 0, 0, 0, 0, 0, 0, 0, 0, 0, 0, 0, 0, 0, 0, 0, 0, 0, 0, 0, 0, 0, (3, 0.0001, 0.13415555555555556), 0, 0, 0, (3, 0.0009, 0.029877777777777774), 0, 0, 0, 0, 0, (3, 0.0, 2.2222222222222223e-05), (2, 0.0, 0.00095), 0, (1, 0.0, 0.0002666666666666667), (1, 0.0, 0.00025), (2, 0.0, 4.4444444444444447e-05), 0, (2, 0.0, 2.2222222222222223e-05), (3, 0.0, 0.0004277777777777778), (1, 0.0, 0.0015388888888888887), (3, 0.0, 0.0), (3, 0.0, 1.6666666666666667e-05), (3, 0.0, 0.0), (2, 0.0, 0.0010999999999999998), (2, 0.0, 2.2222222222222223e-05), (2, 0.0, 0.0010277777777777776)]","[-1, -1, -1, -1, -1, -1, -1, -1, -1, -1, -1, -1, -1, -1, -1, -1, -1, -1, -1, -1, -1, -1, -1, -1, -1, -1, -1, -1, -1, -1, -1, -1, -1, -1, -1, -1, -1, -1, -1, -1, -1, -1, -1, -1, -1, -1, -1, -1, -1, -1, -1, -1, -1, -1, -1, -1, -1, -1, -1, -1, -1, -1, -1, -1, -1, -1, -1, -1, -1, 2, -1, -1, -1, 4, -1, -1, -1, -1, -1, 1, 8, -1, 3, 15, 11, -1, 14, 3, 6, 9, 5, 0, 1, 15, 5]","[False, False, False, False, False, False, False, False, False, False, False, False, False, False, False, False, False, False, False, False, False, False, False, False, False, False, False, False, False, False, False, False, False, False, False, False, False, False, False, False, False, False, False, False, False, False, False, False, False, False, False, False, False, False, False, False, False, False, False, False, False, False, False, False, False, False, False, False, False, True, False, False, False, True, False, False, False, False, False, True, True, False, True, True, True, False, True, True, True, True, True, True, True, True, True]"
60,"[0, 0, 0, 0, 0, 0, 0, 0, 0, 0, 0, 0, 0, 0, 0, 0, 0, 0, 0, 0, 0, 0, 0, 0, 0, 0, 0, 0, 0, 0, 0, 0, 0, 0, 0, 0, 0, 0, 0, 0, 0, 0, 0, 0, 0, 0, 0, 0, 0, 0, 0, 0, 0, 0, 0, 0, 0, 0, 0, 0, 0, 0, 0, 0, 0, 0, 0, 0, 0, 3949.038231668631, 0, 0, 0, 2842.73561978406, 0, 0, 0, 0, 0, 1141.90064955642, 1572.4507548904555, 0, 0, 1309.0825188494155, 791.3169791422134, 0, 834.7225518377779, 620.0797558364931, 0, 1115.189642163913, 1135.2228679800667, 1115.189642163913, 1175.2894943758222, 888.1447951553957, 1566.5169784569066, 884.1326637750533]","[0, 0, 0, 0, 0, 0, 1, 2, 2, 2, 3, 3, 3, 3, 3, 4, 4, 4, 4, 4, 4, 4, 4, 5, 5, 5, 5, 5, 5, 6, 6, 6, 6, 6, 6, 6, 7, 7, 7, 7, 7, 8, 8, 8, 8, 8, 8, 9, 9, 9, 9, 9, 10, 10, 10, 11, 12, 12, 12, 12, 13, 13, 13, 14, 14, 14, 14, 14, 15, 15, 16, 16, 16, 16, 16, 16, 16, 17, 17, 17, 17, 17, 17, 17, 18, 18, 18, 19, 19, 19, 19, 20, 20, 20, 20, 21]","[1, 1, 1, 1, 1, 1, 2, 3, 3, 3, 4, 4, 4, 4, 5, 6, 5, 5, 5, 8, 8, 9, 9, 11, 14, 12, 17, 15, 17, 17, 19, 17, 18, 18, 19, 19, 22, 26, 25, 24, 26, 28, 26, 27, 27, 27, 28, 29, 31, 32, 31, 32, 33, 35, 35, 35, 36, 36, 37, 39, 41, 40, 42, 43, 43, 44, 45, 45, 45, 45, 46, 47, 47, 50, 49, 49, 49, 50, 52, 52, 54, 54, 54, 56, 56, 56, 57, 57, 57, 59, 58, 58, 59, 59, 59, 60]","[5, 5, 3, 19, 26, 8, 16, 9, 9, 27, 23, 18, 12, 8, 20, 17, 12, 11, 14, 17, 24, 16, 15, 19, 30, 35, 36, 17, 32, 31, 29, 24, 25, 27, 26, 27, 30, 45, 40, 27, 36, 44, 39, 35, 33, 34, 45, 37, 43, 42, 40, 45, 56, 43, 49, 49, 48, 46, 45, 47, 52, 47, 49, 57, 53, 51, 57, 50, 57, -1, 58, 54, 59, -1, 54, 56, 59, 56, 58, -1, -1, 58, 60, -1, -1, 59, -1, -1, -1, -1, -1, -1, -1, -1, -1, -1]","[0, 0, 0, 0, 0, 0, 0, 0, 0, 0, 0, 0, 0, 0, 0, 0, 0, 0, 0, 0, 0, 0, 0, 0, 0, 0, 0, 0, 0, 0, 0, 0, 0, 0, 0, 0, 0, 0, 0, 0, 0, 0, 0, 0, 0, 0, 0, 0, 0, 0, 0, 0, 0, 0, 0, 0, 0, 0, 0, 0, 0, 0, 0, 0, 0, 0, 0, 0, 0, 3989.0191158343155, 0, 0, 0, 4029.0, 0, 0, 0, 0, 0, 4029.0, 4029.0, 0, 0, 2251.6799835058187, 1822.5137423831957, 0, 1777.3200164941811, 1756.9284439282133, 39.98088416568453, 4029.0, 2272.0715560717867, 4029.0, 2206.4862576168043, 2016.5060656901712, 4029.0, 2012.4939343098288]","[0, 0, 0, 0, 0, 0, 0, 0, 0, 0, 0, 0, 0, 0, 0, 0, 0, 0, 0, 0, 0, 0, 0, 0, 0, 0, 0, 0, 0, 0, 0, 0, 0, 0, 0, 0, 0, 0, 0, 0, 0, 0, 0, 0, 0, 0, 0, 0, 0, 0, 0, 0, 0, 0, 0, 0, 0, 0, 0, 0, 0, 0, 0, 0, 0, 0, 0, 0, 0, (1484.7831999999999, 0.21580000000000002, 0.8416666666666666), 0, 0, 0, (97.86666666666669, 0.0338, 0.023066666666666666), 0, 0, 0, 0, 0, (28.00533333333333, 10.849266666666667, 10.8736), (100.6632, 0.11566666666666668, 0.09933333333333332), 0, 0, (333.44653333333326, 0.6355333333333333, 0.0052), (164.2764, 0.008733333333333333, 0.0061333333333333335), 0, (130.722, 0.026466666666666666, 0.011066666666666664), (222.2978, 0.6696, 0.0051333333333333335), (125.82866666666669, 0.0007333333333333332, 0.0002666666666666667), (47.5354, 0.0, 0.001), (31.3258, 10.272666666666666, 10.300266666666666), (72.7012, 0.0, 0.001), (553.6476, 0.0017333333333333335, 0.0015333333333333334), (120.93533333333332, 0.045200000000000004, 0.020266666666666665), (268.4352, 0.11646666666666668, 0.09953333333333332), (128.62506666666664, 0.00046666666666666666, 0.0014)]","[0, 0, 0, 0, 0, 0, 0, 0, 0, 0, 0, 0, 0, 0, 0, 0, 0, 0, 0, 0, 0, 0, 0, 0, 0, 0, 0, 0, 0, 0, 0, 0, 0, 0, 0, 0, 0, 0, 0, 0, 0, 0, 0, 0, 0, 0, 0, 0, 0, 0, 0, 0, 0, 0, 0, 0, 0, 0, 0, 0, 0, 0, 0, 0, 0, 0, 0, 0, 0, (3, 0.0001, 0.17663333333333334), 0, 0, 0, (3, 0.0, 0.02947777777777778), 0, 0, 0, 0, 0, (3, 0.0, 1.6666666666666667e-05), (2, 0.0, 0.0009611111111111112), 0, 0, (1, 0.0, 0.0002111111111111111), (2, 0.0, 8.88888888888889e-05), 0, (2, 0.0, 4.4444444444444447e-05), (3, 0.0, 0.0005), (1, 0.0, 0.00165), (3, 0.0, 0.0), (3, 0.0, 4.4444444444444447e-05), (3, 0.0, 0.0), (2, 0.0, 0.0005222222222222223), (2, 0.0, 0.0), (2, 0.0, 0.0009611111111111112), (2, 0.0705, 0.025599999999999998)]","[-1, -1, -1, -1, -1, -1, -1, -1, -1, -1, -1, -1, -1, -1, -1, -1, -1, -1, -1, -1, -1, -1, -1, -1, -1, -1, -1, -1, -1, -1, -1, -1, -1, -1, -1, -1, -1, -1, -1, -1, -1, -1, -1, -1, -1, -1, -1, -1, -1, -1, -1, -1, -1, -1, -1, -1, -1, -1, -1, -1, -1, -1, -1, -1, -1, -1, -1, -1, -1, 12, -1, -1, -1, 13, -1, -1, -1, -1, -1, 10, 8, -1, -1, 14, 1, -1, 14, 11, 12, 0, 11, 7, 1, 3, 5, 3]","[False, False, False, False, False, False, False, False, False, False, False, False, False, False, False, False, False, False, False, False, False, False, False, False, False, False, False, False, False, False, False, False, False, False, False, False, False, False, False, False, False, False, False, False, False, False, False, False, False, False, False, False, False, False, False, False, False, False, False, False, False, False, False, False, False, False, False, False, False, True, False, False, False, True, False, False, False, False, False, True, True, False, False, True, True, False, True, True, True, True, True, True, True, True, True, True]"
61,"[0, 0, 0, 0, 0, 0, 0, 0, 0, 0, 0, 0, 0, 0, 0, 0, 0, 0, 0, 0, 0, 0, 0, 0, 0, 0, 0, 0, 0, 0, 0, 0, 0, 0, 0, 0, 0, 0, 0, 0, 0, 0, 0, 0, 0, 0, 0, 0, 0, 0, 0, 0, 0, 0, 0, 0, 0, 0, 0, 0, 0, 0, 0, 0, 0, 0, 0, 0, 0, 3566.579494397111, 0, 0, 0, 2867.38361648739, 0, 0, 0, 0, 0, 1148.5784311327734, 1566.5169784569066, 0, 0, 1207.75186362467, 0, 0, 791.3169791422134, 640.8479773238399, 0, 1115.189642163913, 1145.2395403445964, 1105.1729687313032, 1121.8672446314667, 851.4170028745334, 1560.5832020233572, 845.5631180399, 1714.4051397483977]","[0, 0, 0, 0, 0, 0, 1, 2, 2, 2, 3, 3, 3, 3, 3, 4, 4, 4, 4, 4, 4, 4, 4, 5, 5, 5, 5, 5, 5, 6, 6, 6, 6, 6, 6, 6, 7, 7, 7, 7, 7, 8, 8, 8, 8, 8, 8, 9, 9, 9, 9, 9, 10, 10, 10, 11, 12, 12, 12, 12, 13, 13, 13, 14, 14, 14, 14, 14, 15, 15, 16, 16, 16, 16, 16, 16, 16, 17, 17, 17, 17, 17, 17, 17, 18, 18, 18, 19, 19, 19, 19, 20, 20, 20, 20, 21, 21]","[1, 1, 1, 1, 1, 1, 2, 3, 3, 3, 4, 4, 4, 4, 5, 6, 5, 5, 5, 8, 8, 9, 9, 11, 14, 12, 17, 15, 17, 17, 19, 17, 18, 18, 19, 19, 22, 26, 25, 24, 26, 28, 26, 27, 27, 27, 28, 29, 31, 32, 31, 32, 33, 35, 35, 35, 36, 36, 37, 39, 41, 40, 42, 43, 43, 44, 45, 45, 45, 45, 46, 47, 47, 50, 49, 49, 49, 50, 52, 52, 54, 54, 54, 56, 56, 56, 57, 57, 57, 59, 58, 58, 59, 59, 59, 60, 61]","[5, 5, 3, 19, 26, 8, 16, 9, 9, 27, 23, 18, 12, 8, 20, 17, 12, 11, 14, 17, 24, 16, 15, 19, 30, 35, 36, 17, 32, 31, 29, 24, 25, 27, 26, 27, 30, 45, 40, 27, 36, 44, 39, 35, 33, 34, 45, 37, 43, 42, 40, 45, 56, 43, 49, 49, 48, 46, 45, 47, 52, 47, 49, 57, 53, 51, 57, 50, 57, -1, 58, 54, 59, -1, 54, 56, 59, 56, 58, -1, -1, 58, 60, -1, -1, 59, -1, -1, 61, -1, -1, -1, -1, -1, -1, -1, -1]","[0, 0, 0, 0, 0, 0, 0, 0, 0, 0, 0, 0, 0, 0, 0, 0, 0, 0, 0, 0, 0, 0, 0, 0, 0, 0, 0, 0, 0, 0, 0, 0, 0, 0, 0, 0, 0, 0, 0, 0, 0, 0, 0, 0, 0, 0, 0, 0, 0, 0, 0, 0, 0, 0, 0, 0, 0, 0, 0, 0, 0, 0, 0, 0, 0, 0, 0, 0, 0, 4029.0, 0, 0, 0, 3022.483306806428, 0, 0, 0, 0, 0, 2036.2027312007351, 4029.0, 0, 0, 4029.0, 4029.0, 0, 1987.3769305511569, 4029.0, 0, 4029.0, 2026.186147856565, 1992.7972687992649, 2002.8138521434353, 1006.5166931935717, 4029.0, 2041.6230694488434, 4029.0]","[0, 0, 0, 0, 0, 0, 0, 0, 0, 0, 0, 0, 0, 0, 0, 0, 0, 0, 0, 0, 0, 0, 0, 0, 0, 0, 0, 0, 0, 0, 0, 0, 0, 0, 0, 0, 0, 0, 0, 0, 0, 0, 0, 0, 0, 0, 0, 0, 0, 0, 0, 0, 0, 0, 0, 0, 0, 0, 0, 0, 0, 0, 0, 0, 0, 0, 0, 0, 0, (1644.1666, 0.15380000000000002, 0.6252666666666667), 0, 0, 0, (98.5656, 0.03406666666666667, 0.023066666666666666), 0, 0, 0, 0, 0, (29.18493333333334, 11.238933333333332, 11.264533333333333), (22.3696, 0.11606666666666667, 0.09953333333333332), 0, 0, (333.44653333333326, 0.7292666666666667, 0.004666666666666667), (148.19806666666668, 0.008400000000000001, 0.004866666666666666), 0, (164.2764, 0.008733333333333333, 0.0061333333333333335), (184.54886666666667, 0.6701333333333334, 0.0057333333333333325), 0, (72.7012, 0.0, 0.001), (31.238400000000002, 10.958333333333334, 10.986266666666667), (33.5544, 0.0, 0.001), (461.3726, 0.008400000000000001, 0.008866666666666667), (120.23626666666664, 0.034466666666666666, 0.0114), (33.5544, 0.11626666666666668, 0.09953333333333332), (120.23626666666664, 0.0, 0.001066666666666667), (105.5042, 0.28773333333333334, 0.22433333333333338)]","[0, 0, 0, 0, 0, 0, 0, 0, 0, 0, 0, 0, 0, 0, 0, 0, 0, 0, 0, 0, 0, 0, 0, 0, 0, 0, 0, 0, 0, 0, 0, 0, 0, 0, 0, 0, 0, 0, 0, 0, 0, 0, 0, 0, 0, 0, 0, 0, 0, 0, 0, 0, 0, 0, 0, 0, 0, 0, 0, 0, 0, 0, 0, 0, 0, 0, 0, 0, 0, (3, 5e-05, 0.16941111111111112), 0, 0, 0, (3, 0.0, 0.029166666666666667), 0, 0, 0, 0, 0, (3, 0.0, 4.4444444444444447e-05), (2, 0.0, 0.0009388888888888888), 0, 0, (1, 0.0, 0.00021666666666666668), (2, 0.0, 0.0), 0, (2, 0.0, 8.88888888888889e-05), (3, 0.0, 0.00046111111111111103), 0, (3, 0.0, 0.0), (3, 0.0, 2.2222222222222223e-05), (3, 0.0, 0.0), (2, 0.0, 0.0004944444444444445), (2, 0.0, 2.2222222222222223e-05), (2, 0.0, 0.000972222222222222), (2, 1.666666666666667e-05, 0.0006111111111111112), (1, 0.0030666666666666663, 0.05871111111111111)]","[-1, -1, -1, -1, -1, -1, -1, -1, -1, -1, -1, -1, -1, -1, -1, -1, -1, -1, -1, -1, -1, -1, -1, -1, -1, -1, -1, -1, -1, -1, -1, -1, -1, -1, -1, -1, -1, -1, -1, -1, -1, -1, -1, -1, -1, -1, -1, -1, -1, -1, -1, -1, -1, -1, -1, -1, -1, -1, -1, -1, -1, -1, -1, -1, -1, -1, -1, -1, -1, 12, -1, -1, -1, 6, -1, -1, -1, -1, -1, 0, 15, -1, -1, 14, 4, -1, 3, 11, -1, 2, 1, 0, 1, 6, 9, 3, 8]","[False, False, False, False, False, False, False, False, False, False, False, False, False, False, False, False, False, False, False, False, False, False, False, False, False, False, False, False, False, False, False, False, False, False, False, False, False, False, False, False, False, False, False, False, False, False, False, False, False, False, False, False, False, False, False, False, False, False, False, False, False, False, False, False, False, False, False, False, False, True, False, False, False, True, False, False, False, False, False, True, True, False, False, True, True, False, True, True, False, True, True, True, True, True, True, True, True]"
62,"[0, 0, 0, 0, 0, 0, 0, 0, 0, 0, 0, 0, 0, 0, 0, 0, 0, 0, 0, 0, 0, 0, 0, 0, 0, 0, 0, 0, 0, 0, 0, 0, 0, 0, 0, 0, 0, 0, 0, 0, 0, 0, 0, 0, 0, 0, 0, 0, 0, 0, 0, 0, 0, 0, 0, 0, 0, 0, 0, 0, 0, 0, 0, 0, 0, 0, 0, 0, 0, 4726.09725342664, 0, 0, 0, 3604.08485128692, 0, 0, 0, 0, 0, 0, 1563.5500902401322, 0, 0, 1246.093192628628, 0, 0, 794.6558693495645, 620.0797558364931, 0, 1105.1729687313032, 1218.6951376844836, 1111.8507510197098, 1035.0560887968888, 834.7225518377779, 1566.5169784569066, 809.96046043822, 1429.5838385761401, 922.7020845904912]","[0, 0, 0, 0, 0, 0, 1, 2, 2, 2, 3, 3, 3, 3, 3, 4, 4, 4, 4, 4, 4, 4, 4, 5, 5, 5, 5, 5, 5, 6, 6, 6, 6, 6, 6, 6, 7, 7, 7, 7, 7, 8, 8, 8, 8, 8, 8, 9, 9, 9, 9, 9, 10, 10, 10, 11, 12, 12, 12, 12, 13, 13, 13, 14, 14, 14, 14, 14, 15, 15, 16, 16, 16, 16, 16, 16, 16, 17, 17, 17, 17, 17, 17, 17, 18, 18, 18, 19, 19, 19, 19, 20, 20, 20, 20, 21, 21, 21]","[1, 1, 1, 1, 1, 1, 2, 3, 3, 3, 4, 4, 4, 4, 5, 6, 5, 5, 5, 8, 8, 9, 9, 11, 14, 12, 17, 15, 17, 17, 19, 17, 18, 18, 19, 19, 22, 26, 25, 24, 26, 28, 26, 27, 27, 27, 28, 29, 31, 32, 31, 32, 33, 35, 35, 35, 36, 36, 37, 39, 41, 40, 42, 43, 43, 44, 45, 45, 45, 45, 46, 47, 47, 50, 49, 49, 49, 50, 52, 52, 54, 54, 54, 56, 56, 56, 57, 57, 57, 59, 58, 58, 59, 59, 59, 60, 61, 62]","[5, 5, 3, 19, 26, 8, 16, 9, 9, 27, 23, 18, 12, 8, 20, 17, 12, 11, 14, 17, 24, 16, 15, 19, 30, 35, 36, 17, 32, 31, 29, 24, 25, 27, 26, 27, 30, 45, 40, 27, 36, 44, 39, 35, 33, 34, 45, 37, 43, 42, 40, 45, 56, 43, 49, 49, 48, 46, 45, 47, 52, 47, 49, 57, 53, 51, 57, 50, 57, -1, 58, 54, 59, -1, 54, 56, 59, 56, 58, -1, -1, 58, 60, -1, 62, 59, -1, -1, 61, -1, -1, -1, -1, -1, -1, -1, -1, -1]","[0, 0, 0, 0, 0, 0, 0, 0, 0, 0, 0, 0, 0, 0, 0, 0, 0, 0, 0, 0, 0, 0, 0, 0, 0, 0, 0, 0, 0, 0, 0, 0, 0, 0, 0, 0, 0, 0, 0, 0, 0, 0, 0, 0, 0, 0, 0, 0, 0, 0, 0, 0, 0, 0, 0, 0, 0, 0, 0, 0, 0, 0, 0, 0, 0, 0, 0, 0, 0, 4029.0, 0, 0, 0, 4029.0, 0, 0, 0, 0, 0, 4029.0, 4029.0, 0, 0, 2240.218661639532, 0, 0, 1788.7813383604682, 1807.0118335198022, 0, 4029.0, 4029.0, 1855.6334562217849, 2221.988166480198, 4029.0, 4029.0, 4029.0, 2173.366543778215, 4029.0]","[0, 0, 0, 0, 0, 0, 0, 0, 0, 0, 0, 0, 0, 0, 0, 0, 0, 0, 0, 0, 0, 0, 0, 0, 0, 0, 0, 0, 0, 0, 0, 0, 0, 0, 0, 0, 0, 0, 0, 0, 0, 0, 0, 0, 0, 0, 0, 0, 0, 0, 0, 0, 0, 0, 0, 0, 0, 0, 0, 0, 0, 0, 0, 0, 0, 0, 0, 0, 0, (1434.4516, 0.22206666666666663, 0.8742666666666667), 0, 0, 0, (159.383, 0.27046666666666663, 0.022466666666666666), 0, 0, 0, 0, 0, (29.79646666666667, 11.306333333333336, 11.331333333333335), (67.1088, 0.11606666666666667, 0.09946666666666669), 0, 0, (415.23546666666675, 0.7115333333333334, 0.006666666666666668), 0, 0, (148.19806666666668, 0.008400000000000001, 0.004866666666666666), (183.1509333333333, 0.6727333333333332, 0.005), 0, (33.5544, 0.0, 0.001), (30.75773333333333, 11.004733333333336, 11.030333333333335), (39.146800000000006, 0.0, 0.001), (448.7898, 0.009933333333333334, 0.0104), (130.722, 0.026466666666666666, 0.011066666666666664), (0.0, 0.1156, 0.0996), (72.7008, 6.666666666666668e-05, 0.0015333333333333334), (110.71433333333331, 0.20726666666666668, 0.17506666666666665), (97.867, 0.5311333333333333, 0.4374666666666666)]","[0, 0, 0, 0, 0, 0, 0, 0, 0, 0, 0, 0, 0, 0, 0, 0, 0, 0, 0, 0, 0, 0, 0, 0, 0, 0, 0, 0, 0, 0, 0, 0, 0, 0, 0, 0, 0, 0, 0, 0, 0, 0, 0, 0, 0, 0, 0, 0, 0, 0, 0, 0, 0, 0, 0, 0, 0, 0, 0, 0, 0, 0, 0, 0, 0, 0, 0, 0, 0, (3, 0.0001, 0.21292777777777777), 0, 0, 0, (3, 0.0013666666666666669, 0.02918888888888889), 0, 0, 0, 0, 0, (3, 0.0, 1.6666666666666667e-05), (2, 0.0, 0.0009555555555555554), 0, 0, (1, 0.0, 0.0005666666666666666), 0, 0, (2, 0.0, 0.0), (3, 0.0, 0.0005277777777777777), 0, (3, 0.0, 0.0), (3, 0.0, 2.2222222222222223e-05), (3, 0.0, 0.0), (2, 0.0, 0.0004944444444444445), (2, 0.0, 4.4444444444444447e-05), (2, 0.0, 0.00095), (2, 0.0, 0.0005666666666666668), (1, 0.0002333333333333333, 0.05122222222222223), (1, 0.0, 0.0014666666666666662)]","[-1, -1, -1, -1, -1, -1, -1, -1, -1, -1, -1, -1, -1, -1, -1, -1, -1, -1, -1, -1, -1, -1, -1, -1, -1, -1, -1, -1, -1, -1, -1, -1, -1, -1, -1, -1, -1, -1, -1, -1, -1, -1, -1, -1, -1, -1, -1, -1, -1, -1, -1, -1, -1, -1, -1, -1, -1, -1, -1, -1, -1, -1, -1, -1, -1, -1, -1, -1, -1, 12, -1, -1, -1, 13, -1, -1, -1, -1, -1, 4, 15, -1, -1, 3, -1, -1, 3, 1, -1, 7, 5, 0, 1, 6, 9, 10, 0, 2]","[False, False, False, False, False, False, False, False, False, False, False, False, False, False, False, False, False, False, False, False, False, False, False, False, False, False, False, False, False, False, False, False, False, False, False, False, False, False, False, False, False, False, False, False, False, False, False, False, False, False, False, False, False, False, False, False, False, False, False, False, False, False, False, False, False, False, False, False, False, True, False, False, False, True, False, False, False, False, False, True, True, False, False, True, False, False, True, True, False, True, True, True, True, True, True, True, True, True]"
63,"[0, 0, 0, 0, 0, 0, 0, 0, 0, 0, 0, 0, 0, 0, 0, 0, 0, 0, 0, 0, 0, 0, 0, 0, 0, 0, 0, 0, 0, 0, 0, 0, 0, 0, 0, 0, 0, 0, 0, 0, 0, 0, 0, 0, 0, 0, 0, 0, 0, 0, 0, 0, 0, 0, 0, 0, 0, 0, 0, 0, 0, 0, 0, 0, 0, 0, 0, 0, 0, 3065.7406717796443, 0, 0, 0, 4107.999450555, 0, 0, 0, 0, 0, 0, 0, 0, 0, 1084.51187754052, 0, 0, 0, 0, 0, 1111.8507510197098, 1191.9840113790701, 1252.08417907625, 1051.750541842, 791.3169791422134, 1593.2189724078767, 1317.2983312621604, 1845.861124904825, 925.6689723222934, 2251.868135745323]","[0, 0, 0, 0, 0, 0, 1, 2, 2, 2, 3, 3, 3, 3, 3, 4, 4, 4, 4, 4, 4, 4, 4, 5, 5, 5, 5, 5, 5, 6, 6, 6, 6, 6, 6, 6, 7, 7, 7, 7, 7, 8, 8, 8, 8, 8, 8, 9, 9, 9, 9, 9, 10, 10, 10, 11, 12, 12, 12, 12, 13, 13, 13, 14, 14, 14, 14, 14, 15, 15, 16, 16, 16, 16, 16, 16, 16, 17, 17, 17, 17, 17, 17, 17, 18, 18, 18, 19, 19, 19, 19, 20, 20, 20, 20, 21, 21, 21, 21]","[1, 1, 1, 1, 1, 1, 2, 3, 3, 3, 4, 4, 4, 4, 5, 6, 5, 5, 5, 8, 8, 9, 9, 11, 14, 12, 17, 15, 17, 17, 19, 17, 18, 18, 19, 19, 22, 26, 25, 24, 26, 28, 26, 27, 27, 27, 28, 29, 31, 32, 31, 32, 33, 35, 35, 35, 36, 36, 37, 39, 41, 40, 42, 43, 43, 44, 45, 45, 45, 45, 46, 47, 47, 50, 49, 49, 49, 50, 52, 52, 54, 54, 54, 56, 56, 56, 57, 57, 57, 59, 58, 58, 59, 59, 59, 60, 61, 62, 63]","[5, 5, 3, 19, 26, 8, 16, 9, 9, 27, 23, 18, 12, 8, 20, 17, 12, 11, 14, 17, 24, 16, 15, 19, 30, 35, 36, 17, 32, 31, 29, 24, 25, 27, 26, 27, 30, 45, 40, 27, 36, 44, 39, 35, 33, 34, 45, 37, 43, 42, 40, 45, 56, 43, 49, 49, 48, 46, 45, 47, 52, 47, 49, 57, 53, 51, 57, 50, 57, -1, 58, 54, 59, -1, 54, 56, 59, 56, 58, 63, -1, 58, 60, -1, 62, 59, -1, -1, 61, -1, -1, -1, -1, -1, -1, -1, -1, -1, -1]","[0, 0, 0, 0, 0, 0, 0, 0, 0, 0, 0, 0, 0, 0, 0, 0, 0, 0, 0, 0, 0, 0, 0, 0, 0, 0, 0, 0, 0, 0, 0, 0, 0, 0, 0, 0, 0, 0, 0, 0, 0, 0, 0, 0, 0, 0, 0, 0, 0, 0, 0, 0, 0, 0, 0, 0, 0, 0, 0, 0, 0, 0, 0, 0, 0, 0, 0, 0, 0, 4029.0, 0, 0, 0, 4029.0, 0, 0, 0, 0, 0, 0, 4029.0, 0, 0, 1760.1464525663216, 0, 0, 4029.0, 4029.0, 0, 1336.3223162727832, 1416.4555766321434, 1717.6115270857124, 1276.2221070950734, 4029.0, 2268.8535474336786, 4029.0, 2311.3884729142874, 1351.400418288485, 2677.5995817115145]","[0, 0, 0, 0, 0, 0, 0, 0, 0, 0, 0, 0, 0, 0, 0, 0, 0, 0, 0, 0, 0, 0, 0, 0, 0, 0, 0, 0, 0, 0, 0, 0, 0, 0, 0, 0, 0, 0, 0, 0, 0, 0, 0, 0, 0, 0, 0, 0, 0, 0, 0, 0, 0, 0, 0, 0, 0, 0, 0, 0, 0, 0, 0, 0, 0, 0, 0, 0, 0, (1392.5086000000001, 0.1512, 0.6417333333333333), 0, 0, 0, (234.88039999999998, 0.2981333333333333, 0.018066666666666665), 0, 0, 0, 0, 0, 0, (78.29360000000001, 0.11573333333333333, 0.09953333333333332), 0, 0, (202.37446666666668, 0.6932, 0.0088), 0, 0, (134.21720000000002, 0.002466666666666667, 0.0006666666666666666), (211.11286666666666, 0.7809333333333333, 0.005533333333333332), 0, (39.146800000000006, 0.0, 0.001), (30.932599999999997, 11.007200000000001, 11.033333333333335), (173.3644, 6.666666666666668e-05, 0.0016), (450.1882666666667, 0.0092, 0.009466666666666667), (164.2764, 0.008733333333333333, 0.0061333333333333335), (167.772, 0.1156, 0.09933333333333332), (75.49706666666667, 0.0, 0.001066666666666667), (109.4118, 0.21166666666666664, 0.17653333333333332), (114.6442, 0.5428, 0.4749333333333333), (100.6632, 0.009333333333333334, 0.0108)]","[0, 0, 0, 0, 0, 0, 0, 0, 0, 0, 0, 0, 0, 0, 0, 0, 0, 0, 0, 0, 0, 0, 0, 0, 0, 0, 0, 0, 0, 0, 0, 0, 0, 0, 0, 0, 0, 0, 0, 0, 0, 0, 0, 0, 0, 0, 0, 0, 0, 0, 0, 0, 0, 0, 0, 0, 0, 0, 0, 0, 0, 0, 0, 0, 0, 0, 0, 0, 0, (3, 6.666666666666667e-05, 0.11822222222222224), 0, 0, 0, (3, 8.333333333333333e-05, 0.02883888888888889), 0, 0, 0, 0, 0, 0, (2, 0.0, 0.0009166666666666666), 0, 0, (1, 0.0, 0.00025), 0, 0, (2, 0.0, 4.4444444444444447e-05), (3, 0.0, 0.00045000000000000004), 0, (3, 0.0, 0.0), (3, 0.0, 2.2222222222222223e-05), (3, 0.03166666666666667, 0.0017722222222222221), (2, 0.0, 0.0005166666666666667), (2, 0.0, 8.88888888888889e-05), (2, 0.0, 0.0014166666666666668), (2, 1.666666666666667e-05, 0.0007), (1, 0.00011666666666666667, 0.05212222222222222), (1, 0.0, 0.001527777777777778), (2, 0.0, 0.002416666666666667)]","[-1, -1, -1, -1, -1, -1, -1, -1, -1, -1, -1, -1, -1, -1, -1, -1, -1, -1, -1, -1, -1, -1, -1, -1, -1, -1, -1, -1, -1, -1, -1, -1, -1, -1, -1, -1, -1, -1, -1, -1, -1, -1, -1, -1, -1, -1, -1, -1, -1, -1, -1, -1, -1, -1, -1, -1, -1, -1, -1, -1, -1, -1, -1, -1, -1, -1, -1, -1, -1, 5, -1, -1, -1, 13, -1, -1, -1, -1, -1, -1, 7, -1, -1, 2, -1, -1, 14, 8, -1, 1, 1, 4, 1, 0, 2, 3, 4, 11, 11]","[False, False, False, False, False, False, False, False, False, False, False, False, False, False, False, False, False, False, False, False, False, False, False, False, False, False, False, False, False, False, False, False, False, False, False, False, False, False, False, False, False, False, False, False, False, False, False, False, False, False, False, False, False, False, False, False, False, False, False, False, False, False, False, False, False, False, False, False, False, True, False, False, False, True, False, False, False, False, False, False, True, False, False, True, False, False, True, True, False, True, True, True, True, True, True, True, True, True, True]"
64,"[0, 0, 0, 0, 0, 0, 0, 0, 0, 0, 0, 0, 0, 0, 0, 0, 0, 0, 0, 0, 0, 0, 0, 0, 0, 0, 0, 0, 0, 0, 0, 0, 0, 0, 0, 0, 0, 0, 0, 0, 0, 0, 0, 0, 0, 0, 0, 0, 0, 0, 0, 0, 0, 0, 0, 0, 0, 0, 0, 0, 0, 0, 0, 0, 0, 0, 0, 0, 0, 5157.122179558036, 0, 0, 0, 3519.18619597545, 0, 0, 0, 0, 0, 0, 0, 0, 0, 1229.6611944840745, 0, 0, 0, 0, 0, 1252.08417907625, 1198.6617929554236, 1105.1729687313032, 1055.0894324510223, 0, 1563.5500902401322, 1459.7089616688797, 1812.9971286157179, 928.6358600540952, 2266.7025766922616, 517.5280212281833, 1155.2559781834066, 450.7502254398]","[0, 0, 0, 0, 0, 0, 1, 2, 2, 2, 3, 3, 3, 3, 3, 4, 4, 4, 4, 4, 4, 4, 4, 5, 5, 5, 5, 5, 5, 6, 6, 6, 6, 6, 6, 6, 7, 7, 7, 7, 7, 8, 8, 8, 8, 8, 8, 9, 9, 9, 9, 9, 10, 10, 10, 11, 12, 12, 12, 12, 13, 13, 13, 14, 14, 14, 14, 14, 15, 15, 16, 16, 16, 16, 16, 16, 16, 17, 17, 17, 17, 17, 17, 17, 18, 18, 18, 19, 19, 19, 19, 20, 20, 20, 20, 21, 21, 21, 21, 21, 21, 22]","[1, 1, 1, 1, 1, 1, 2, 3, 3, 3, 4, 4, 4, 4, 5, 6, 5, 5, 5, 8, 8, 9, 9, 11, 14, 12, 17, 15, 17, 17, 19, 17, 18, 18, 19, 19, 22, 26, 25, 24, 26, 28, 26, 27, 27, 27, 28, 29, 31, 32, 31, 32, 33, 35, 35, 35, 36, 36, 37, 39, 41, 40, 42, 43, 43, 44, 45, 45, 45, 45, 46, 47, 47, 50, 49, 49, 49, 50, 52, 52, 54, 54, 54, 56, 56, 56, 57, 57, 57, 59, 58, 58, 59, 59, 59, 60, 61, 62, 63, 64, 64, 64]","[5, 5, 3, 19, 26, 8, 16, 9, 9, 27, 23, 18, 12, 8, 20, 17, 12, 11, 14, 17, 24, 16, 15, 19, 30, 35, 36, 17, 32, 31, 29, 24, 25, 27, 26, 27, 30, 45, 40, 27, 36, 44, 39, 35, 33, 34, 45, 37, 43, 42, 40, 45, 56, 43, 49, 49, 48, 46, 45, 47, 52, 47, 49, 57, 53, 51, 57, 50, 57, -1, 58, 54, 59, -1, 54, 56, 59, 56, 58, 63, 64, 58, 60, -1, 62, 59, 64, 64, 61, -1, -1, -1, -1, -1, -1, -1, -1, -1, -1, -1, -1, -1]","[0, 0, 0, 0, 0, 0, 0, 0, 0, 0, 0, 0, 0, 0, 0, 0, 0, 0, 0, 0, 0, 0, 0, 0, 0, 0, 0, 0, 0, 0, 0, 0, 0, 0, 0, 0, 0, 0, 0, 0, 0, 0, 0, 0, 0, 0, 0, 0, 0, 0, 0, 0, 0, 0, 0, 0, 0, 0, 0, 0, 0, 0, 0, 0, 0, 0, 0, 0, 0, 4029.0, 0, 0, 0, 4029.0, 0, 0, 0, 0, 0, 0, 0, 0, 0, 4029.0, 0, 0, 0, 0, 0, 2041.211193060413, 1987.7888069395867, 4029.0, 2316.669603505611, 4029.0, 4029.0, 4029.0, 4029.0, 1345.4666416809168, 2683.533358319083, 4029.0, 4029.0, 1712.3303964943889]","[0, 0, 0, 0, 0, 0, 0, 0, 0, 0, 0, 0, 0, 0, 0, 0, 0, 0, 0, 0, 0, 0, 0, 0, 0, 0, 0, 0, 0, 0, 0, 0, 0, 0, 0, 0, 0, 0, 0, 0, 0, 0, 0, 0, 0, 0, 0, 0, 0, 0, 0, 0, 0, 0, 0, 0, 0, 0, 0, 0, 0, 0, 0, 0, 0, 0, 0, 0, 0, (1632.9818, 0.3732, 0.7381333333333333), 0, 0, 0, (221.59853333333334, 0.0404, 0.026733333333333335), 0, 0, 0, 0, 0, 0, 0, 0, 0, (105.9056, 0.6556666666666666, 0.0064), 0, 0, 0, 0, 0, (173.3644, 6.666666666666668e-05, 0.0016), (29.2284, 11.277066666666668, 11.304066666666667), (156.58720000000002, 6.666666666666668e-05, 0.001066666666666667), (461.373, 0.0016666666666666668, 0.0013333333333333333), (148.19806666666668, 0.008400000000000001, 0.004866666666666666), (67.1088, 0.11593333333333333, 0.09953333333333332), (114.64386666666668, 0.0, 0.0011333333333333332), (108.76053333333334, 0.20446666666666666, 0.17406666666666665), (109.0518, 0.5416666666666666, 0.5044666666666666), (150.9948, 0.009333333333333334, 0.010933333333333335), (58.7202, 0.004733333333333333, 0.00013333333333333334), (67.10839999999999, 0.00013333333333333334, 0.001), (184.549, 0.0, 0.0)]","[0, 0, 0, 0, 0, 0, 0, 0, 0, 0, 0, 0, 0, 0, 0, 0, 0, 0, 0, 0, 0, 0, 0, 0, 0, 0, 0, 0, 0, 0, 0, 0, 0, 0, 0, 0, 0, 0, 0, 0, 0, 0, 0, 0, 0, 0, 0, 0, 0, 0, 0, 0, 0, 0, 0, 0, 0, 0, 0, 0, 0, 0, 0, 0, 0, 0, 0, 0, 0, (3, 0.09808333333333331, 0.2580777777777778), 0, 0, 0, (3, 0.0, 0.02946666666666667), 0, 0, 0, 0, 0, 0, 0, 0, 0, (1, 0.0, 0.00020555555555555556), 0, 0, 0, 0, 0, (3, 0.03166666666666667, 0.0017722222222222221), (3, 0.0, 2.2222222222222223e-05), (3, 0.0, 0.0002833333333333333), (2, 0.0, 0.01923888888888889), (2, 0.0, 0.0), (2, 0.0, 0.00095), (2, 0.0, 0.0006555555555555555), (1, 0.0, 0.05014999999999999), (1, 0.0, 0.0017222222222222224), (2, 0.0, 0.0026888888888888887), (2, 0.0, 0.0010944444444444443), (1, 0.0, 0.0005722222222222222), (1, 0.0, 0.00029444444444444445)]","[-1, -1, -1, -1, -1, -1, -1, -1, -1, -1, -1, -1, -1, -1, -1, -1, -1, -1, -1, -1, -1, -1, -1, -1, -1, -1, -1, -1, -1, -1, -1, -1, -1, -1, -1, -1, -1, -1, -1, -1, -1, -1, -1, -1, -1, -1, -1, -1, -1, -1, -1, -1, -1, -1, -1, -1, -1, -1, -1, -1, -1, -1, -1, -1, -1, -1, -1, -1, -1, 5, -1, -1, -1, 14, -1, -1, -1, -1, -1, -1, -1, -1, -1, 2, -1, -1, -1, -1, -1, 7, 7, 4, 1, 6, 8, 9, 10, 11, 11, 15, 12, 1]","[False, False, False, False, False, False, False, False, False, False, False, False, False, False, False, False, False, False, False, False, False, False, False, False, False, False, False, False, False, False, False, False, False, False, False, False, False, False, False, False, False, False, False, False, False, False, False, False, False, False, False, False, False, False, False, False, False, False, False, False, False, False, False, False, False, False, False, False, False, True, False, False, False, True, False, False, False, False, False, False, False, False, False, True, False, False, False, False, False, True, True, True, True, True, True, True, True, True, True, True, True, True]"
65,"[0, 0, 0, 0, 0, 0, 0, 0, 0, 0, 0, 0, 0, 0, 0, 0, 0, 0, 0, 0, 0, 0, 0, 0, 0, 0, 0, 0, 0, 0, 0, 0, 0, 0, 0, 0, 0, 0, 0, 0, 0, 0, 0, 0, 0, 0, 0, 0, 0, 0, 0, 0, 0, 0, 0, 0, 0, 0, 0, 0, 0, 0, 0, 0, 0, 0, 0, 0, 0, 6377.347674662409, 0, 0, 0, 3576.69818828322, 0, 0, 0, 0, 0, 0, 0, 0, 0, 0, 0, 0, 0, 0, 0, 1105.1729687313032, 1178.6284482263632, 0, 1038.394979405911, 0, 1572.4507548904555, 845.5631180399, 1886.9411202662081, 931.6027477858978, 2248.9012475559352, 510.85024030910995, 1151.9170880730503, 570.9502855570801, 881.4670876440003]","[0, 0, 0, 0, 0, 0, 1, 2, 2, 2, 3, 3, 3, 3, 3, 4, 4, 4, 4, 4, 4, 4, 4, 5, 5, 5, 5, 5, 5, 6, 6, 6, 6, 6, 6, 6, 7, 7, 7, 7, 7, 8, 8, 8, 8, 8, 8, 9, 9, 9, 9, 9, 10, 10, 10, 11, 12, 12, 12, 12, 13, 13, 13, 14, 14, 14, 14, 14, 15, 15, 16, 16, 16, 16, 16, 16, 16, 17, 17, 17, 17, 17, 17, 17, 18, 18, 18, 19, 19, 19, 19, 20, 20, 20, 20, 21, 21, 21, 21, 21, 21, 22, 22]","[1, 1, 1, 1, 1, 1, 2, 3, 3, 3, 4, 4, 4, 4, 5, 6, 5, 5, 5, 8, 8, 9, 9, 11, 14, 12, 17, 15, 17, 17, 19, 17, 18, 18, 19, 19, 22, 26, 25, 24, 26, 28, 26, 27, 27, 27, 28, 29, 31, 32, 31, 32, 33, 35, 35, 35, 36, 36, 37, 39, 41, 40, 42, 43, 43, 44, 45, 45, 45, 45, 46, 47, 47, 50, 49, 49, 49, 50, 52, 52, 54, 54, 54, 56, 56, 56, 57, 57, 57, 59, 58, 58, 59, 59, 59, 60, 61, 62, 63, 64, 64, 64, 65]","[5, 5, 3, 19, 26, 8, 16, 9, 9, 27, 23, 18, 12, 8, 20, 17, 12, 11, 14, 17, 24, 16, 15, 19, 30, 35, 36, 17, 32, 31, 29, 24, 25, 27, 26, 27, 30, 45, 40, 27, 36, 44, 39, 35, 33, 34, 45, 37, 43, 42, 40, 45, 56, 43, 49, 49, 48, 46, 45, 47, 52, 47, 49, 57, 53, 51, 57, 50, 57, -1, 58, 54, 59, -1, 54, 56, 59, 56, 58, 63, 64, 58, 60, -1, 62, 59, 64, 64, 61, -1, -1, -1, -1, 65, -1, -1, -1, -1, -1, -1, -1, -1, -1]","[0, 0, 0, 0, 0, 0, 0, 0, 0, 0, 0, 0, 0, 0, 0, 0, 0, 0, 0, 0, 0, 0, 0, 0, 0, 0, 0, 0, 0, 0, 0, 0, 0, 0, 0, 0, 0, 0, 0, 0, 0, 0, 0, 0, 0, 0, 0, 0, 0, 0, 0, 0, 0, 0, 0, 0, 0, 0, 0, 0, 0, 0, 0, 0, 0, 0, 0, 0, 0, 4029.0, 0, 0, 0, 4029.0, 0, 0, 0, 0, 0, 0, 0, 0, 0, 4029.0, 0, 0, 0, 0, 0, 1405.0514570654477, 1478.5069365605077, 4029.0, 1590.2269295698513, 0, 4029.0, 1145.4416063740446, 2438.7730704301484, 4029.0, 4029.0, 4029.0, 4029.0, 4029.0, 4029.0]","[0, 0, 0, 0, 0, 0, 0, 0, 0, 0, 0, 0, 0, 0, 0, 0, 0, 0, 0, 0, 0, 0, 0, 0, 0, 0, 0, 0, 0, 0, 0, 0, 0, 0, 0, 0, 0, 0, 0, 0, 0, 0, 0, 0, 0, 0, 0, 0, 0, 0, 0, 0, 0, 0, 0, 0, 0, 0, 0, 0, 0, 0, 0, 0, 0, 0, 0, 0, 0, (1756.0146000000002, 0.15113333333333331, 0.6404), 0, 0, 0, (117.44013333333332, 0.04193333333333333, 0.027666666666666673), 0, 0, 0, 0, 0, 0, 0, 0, 0, (111.1484, 0.6268666666666667, 0.0044666666666666665), 0, 0, 0, 0, 0, (156.58720000000002, 6.666666666666668e-05, 0.001066666666666667), (27.96146666666667, 11.744666666666664, 11.770666666666664), (97.867, 0.0, 0.001), (450.1881333333334, 0.0015333333333333334, 0.0012), 0, (100.6632, 0.11566666666666668, 0.09933333333333332), (92.27413333333331, 6.666666666666668e-05, 0.0013333333333333333), (115.2732, 0.21046666666666666, 0.17566666666666664), (109.0518, 0.5368666666666667, 0.4758666666666667), (150.9948, 0.009266666666666668, 0.0106), (50.3316, 0.004666666666666667, 0.00013333333333333334), (72.70093333333334, 6.666666666666668e-05, 0.001), (225.0938, 0.0, 0.0), (95.9442, 0.019933333333333334, 0.0208)]","[0, 0, 0, 0, 0, 0, 0, 0, 0, 0, 0, 0, 0, 0, 0, 0, 0, 0, 0, 0, 0, 0, 0, 0, 0, 0, 0, 0, 0, 0, 0, 0, 0, 0, 0, 0, 0, 0, 0, 0, 0, 0, 0, 0, 0, 0, 0, 0, 0, 0, 0, 0, 0, 0, 0, 0, 0, 0, 0, 0, 0, 0, 0, 0, 0, 0, 0, 0, 0, (3, 0.07565000000000001, 0.43214444444444444), 0, 0, 0, (3, 0.0027166666666666667, 0.027800000000000002), 0, 0, 0, 0, 0, 0, 0, 0, 0, (1, 0.0, 0.00023333333333333333), 0, 0, 0, 0, 0, (3, 0.0, 0.0002833333333333333), (3, 0.0, 2.2222222222222223e-05), (3, 0.008, 0.00039999999999999996), (2, 0.0, 0.0005), 0, (2, 0.0, 0.0009611111111111112), (2, 1.666666666666667e-05, 0.003455555555555556), (1, 0.0, 0.05059444444444444), (1, 0.0, 0.0017166666666666667), (2, 0.0, 0.0023555555555555556), (2, 0.0, 0.0010555555555555557), (1, 0.0, 0.0005666666666666666), (1, 0.0, 0.0002833333333333333), (1, 0.0012, 0.05558333333333333)]","[-1, -1, -1, -1, -1, -1, -1, -1, -1, -1, -1, -1, -1, -1, -1, -1, -1, -1, -1, -1, -1, -1, -1, -1, -1, -1, -1, -1, -1, -1, -1, -1, -1, -1, -1, -1, -1, -1, -1, -1, -1, -1, -1, -1, -1, -1, -1, -1, -1, -1, -1, -1, -1, -1, -1, -1, -1, -1, -1, -1, -1, -1, -1, -1, -1, -1, -1, -1, -1, 5, -1, -1, -1, 6, -1, -1, -1, -1, -1, -1, -1, -1, -1, 3, -1, -1, -1, -1, -1, 7, 7, 4, 1, -1, 8, 7, 1, 2, 11, 15, 12, 0, 10]","[False, False, False, False, False, False, False, False, False, False, False, False, False, False, False, False, False, False, False, False, False, False, False, False, False, False, False, False, False, False, False, False, False, False, False, False, False, False, False, False, False, False, False, False, False, False, False, False, False, False, False, False, False, False, False, False, False, False, False, False, False, False, False, False, False, False, False, False, False, True, False, False, False, True, False, False, False, False, False, False, False, False, False, True, False, False, False, False, False, True, True, True, True, False, True, True, True, True, True, True, True, True, True]"
66,"[0, 0, 0, 0, 0, 0, 0, 0, 0, 0, 0, 0, 0, 0, 0, 0, 0, 0, 0, 0, 0, 0, 0, 0, 0, 0, 0, 0, 0, 0, 0, 0, 0, 0, 0, 0, 0, 0, 0, 0, 0, 0, 0, 0, 0, 0, 0, 0, 0, 0, 0, 0, 0, 0, 0, 0, 0, 0, 0, 0, 0, 0, 0, 0, 0, 0, 0, 0, 0, 4197.939949575493, 0, 0, 0, 3261.75156374067, 0, 0, 0, 0, 0, 0, 0, 0, 0, 0, 0, 0, 0, 0, 0, 1118.528533308117, 1141.90064955642, 0, 1071.7838854961333, 0, 1566.5169784569066, 833.6955655060068, 1906.1117847681867, 925.6689723222934, 2254.8350239347114, 510.85024030910995, 1158.5948682937635, 500.8335838220001, 754.589249271, 2047.1528695743666, 2240.395480738335]","[0, 0, 0, 0, 0, 0, 1, 2, 2, 2, 3, 3, 3, 3, 3, 4, 4, 4, 4, 4, 4, 4, 4, 5, 5, 5, 5, 5, 5, 6, 6, 6, 6, 6, 6, 6, 7, 7, 7, 7, 7, 8, 8, 8, 8, 8, 8, 9, 9, 9, 9, 9, 10, 10, 10, 11, 12, 12, 12, 12, 13, 13, 13, 14, 14, 14, 14, 14, 15, 15, 16, 16, 16, 16, 16, 16, 16, 17, 17, 17, 17, 17, 17, 17, 18, 18, 18, 19, 19, 19, 19, 20, 20, 20, 20, 21, 21, 21, 21, 21, 21, 22, 22, 22, 22]","[1, 1, 1, 1, 1, 1, 2, 3, 3, 3, 4, 4, 4, 4, 5, 6, 5, 5, 5, 8, 8, 9, 9, 11, 14, 12, 17, 15, 17, 17, 19, 17, 18, 18, 19, 19, 22, 26, 25, 24, 26, 28, 26, 27, 27, 27, 28, 29, 31, 32, 31, 32, 33, 35, 35, 35, 36, 36, 37, 39, 41, 40, 42, 43, 43, 44, 45, 45, 45, 45, 46, 47, 47, 50, 49, 49, 49, 50, 52, 52, 54, 54, 54, 56, 56, 56, 57, 57, 57, 59, 58, 58, 59, 59, 59, 60, 61, 62, 63, 64, 64, 64, 65, 66, 66]","[5, 5, 3, 19, 26, 8, 16, 9, 9, 27, 23, 18, 12, 8, 20, 17, 12, 11, 14, 17, 24, 16, 15, 19, 30, 35, 36, 17, 32, 31, 29, 24, 25, 27, 26, 27, 30, 45, 40, 27, 36, 44, 39, 35, 33, 34, 45, 37, 43, 42, 40, 45, 56, 43, 49, 49, 48, 46, 45, 47, 52, 47, 49, 57, 53, 51, 57, 50, 57, -1, 58, 54, 59, -1, 54, 56, 59, 56, 58, 63, 64, 58, 60, 66, 62, 59, 64, 64, 61, -1, -1, 66, -1, 65, -1, -1, -1, -1, -1, -1, -1, -1, -1, -1, -1]","[0, 0, 0, 0, 0, 0, 0, 0, 0, 0, 0, 0, 0, 0, 0, 0, 0, 0, 0, 0, 0, 0, 0, 0, 0, 0, 0, 0, 0, 0, 0, 0, 0, 0, 0, 0, 0, 0, 0, 0, 0, 0, 0, 0, 0, 0, 0, 0, 0, 0, 0, 0, 0, 0, 0, 0, 0, 0, 0, 0, 0, 0, 0, 0, 0, 0, 0, 0, 0, 4029.0, 0, 0, 0, 4029.0, 0, 0, 0, 0, 0, 0, 0, 0, 0, 0, 0, 0, 0, 0, 0, 2156.916483901055, 4029.0, 0, 1422.974430780711, 0, 4029.0, 1872.083516098945, 4029.0, 4029.0, 2606.025569219289, 4029.0, 4029.0, 678.5608125448883, 932.3164779938883, 4029.0, 2418.1227094612236]","[0, 0, 0, 0, 0, 0, 0, 0, 0, 0, 0, 0, 0, 0, 0, 0, 0, 0, 0, 0, 0, 0, 0, 0, 0, 0, 0, 0, 0, 0, 0, 0, 0, 0, 0, 0, 0, 0, 0, 0, 0, 0, 0, 0, 0, 0, 0, 0, 0, 0, 0, 0, 0, 0, 0, 0, 0, 0, 0, 0, 0, 0, 0, 0, 0, 0, 0, 0, 0, (1834.3084, 0.274, 0.7126), 0, 0, 0, (115.3428, 0.04046666666666667, 0.026666666666666672), 0, 0, 0, 0, 0, 0, 0, 0, 0, 0, 0, 0, 0, 0, 0, (97.867, 0.0, 0.001), (28.00533333333333, 10.849266666666667, 10.8736), 0, (471.1595333333333, 0.0023333333333333335, 0.0020666666666666667), 0, (22.3696, 0.11606666666666667, 0.09953333333333332), (76.89526666666666, 0.0, 0.001), (97.689, 0.24573333333333333, 0.20893333333333336), (95.0708, 0.5381333333333334, 0.44586666666666674), (184.5492, 0.009333333333333334, 0.0108), (47.5354, 0.004533333333333333, 0.00013333333333333334), (75.49719999999999, 0.0004, 0.0014666666666666665), (191.5394, 0.0, 0.0), (96.9928, 0.020133333333333333, 0.014066666666666665), (545.259, 0.6861333333333334, 1.4692), (973.0777333333333, 0.10640000000000001, 0.744)]","[0, 0, 0, 0, 0, 0, 0, 0, 0, 0, 0, 0, 0, 0, 0, 0, 0, 0, 0, 0, 0, 0, 0, 0, 0, 0, 0, 0, 0, 0, 0, 0, 0, 0, 0, 0, 0, 0, 0, 0, 0, 0, 0, 0, 0, 0, 0, 0, 0, 0, 0, 0, 0, 0, 0, 0, 0, 0, 0, 0, 0, 0, 0, 0, 0, 0, 0, 0, 0, (3, 5e-05, 0.20435555555555557), 0, 0, 0, (3, 0.0, 0.025622222222222223), 0, 0, 0, 0, 0, 0, 0, 0, 0, 0, 0, 0, 0, 0, 0, (3, 0.008, 0.00039999999999999996), (3, 0.0, 1.6666666666666667e-05), 0, (2, 0.0, 0.0004777777777777777), 0, (2, 0.0, 0.0009388888888888888), (2, 0.0, 0.0005055555555555555), (1, 0.0, 0.05149444444444444), (1, 0.0, 0.0017277777777777773), (2, 0.0, 0.002338888888888889), (2, 0.0, 0.0011222222222222222), (1, 0.0, 0.0005499999999999999), (1, 1.666666666666667e-05, 0.0002611111111111111), (1, 0.0, 0.054338888888888895), (1, 0.07585, 0.04698333333333333), (3, 0.0, 0.025061111111111114)]","[-1, -1, -1, -1, -1, -1, -1, -1, -1, -1, -1, -1, -1, -1, -1, -1, -1, -1, -1, -1, -1, -1, -1, -1, -1, -1, -1, -1, -1, -1, -1, -1, -1, -1, -1, -1, -1, -1, -1, -1, -1, -1, -1, -1, -1, -1, -1, -1, -1, -1, -1, -1, -1, -1, -1, -1, -1, -1, -1, -1, -1, -1, -1, -1, -1, -1, -1, -1, -1, 5, -1, -1, -1, 6, -1, -1, -1, -1, -1, -1, -1, -1, -1, -1, -1, -1, -1, -1, -1, 7, 13, -1, 1, -1, 14, 7, 3, 4, 1, 15, 2, 0, 0, 10, 0]","[False, False, False, False, False, False, False, False, False, False, False, False, False, False, False, False, False, False, False, False, False, False, False, False, False, False, False, False, False, False, False, False, False, False, False, False, False, False, False, False, False, False, False, False, False, False, False, False, False, False, False, False, False, False, False, False, False, False, False, False, False, False, False, False, False, False, False, False, False, True, False, False, False, True, False, False, False, False, False, False, False, False, False, False, False, False, False, False, False, True, True, False, True, False, True, True, True, True, True, True, True, True, True, True, True]"
67,"[0, 0, 0, 0, 0, 0, 0, 0, 0, 0, 0, 0, 0, 0, 0, 0, 0, 0, 0, 0, 0, 0, 0, 0, 0, 0, 0, 0, 0, 0, 0, 0, 0, 0, 0, 0, 0, 0, 0, 0, 0, 0, 0, 0, 0, 0, 0, 0, 0, 0, 0, 0, 0, 0, 0, 0, 0, 0, 0, 0, 0, 0, 0, 0, 0, 0, 0, 0, 0, 7242.4329137289415, 0, 0, 0, 0, 0, 0, 0, 0, 0, 0, 0, 0, 0, 0, 0, 0, 0, 0, 0, 1121.86742445232, 1148.5784311327734, 0, 1098.4950103683113, 0, 1563.5500902401322, 0, 1908.8504511256126, 934.5696355177, 2248.9012475559352, 0, 1151.9170880730503, 474.12245935149326, 754.589249271, 1922.54356446984, 1332.217282883153]","[0, 0, 0, 0, 0, 0, 1, 2, 2, 2, 3, 3, 3, 3, 3, 4, 4, 4, 4, 4, 4, 4, 4, 5, 5, 5, 5, 5, 5, 6, 6, 6, 6, 6, 6, 6, 7, 7, 7, 7, 7, 8, 8, 8, 8, 8, 8, 9, 9, 9, 9, 9, 10, 10, 10, 11, 12, 12, 12, 12, 13, 13, 13, 14, 14, 14, 14, 14, 15, 15, 16, 16, 16, 16, 16, 16, 16, 17, 17, 17, 17, 17, 17, 17, 18, 18, 18, 19, 19, 19, 19, 20, 20, 20, 20, 21, 21, 21, 21, 21, 21, 22, 22, 22, 22]","[1, 1, 1, 1, 1, 1, 2, 3, 3, 3, 4, 4, 4, 4, 5, 6, 5, 5, 5, 8, 8, 9, 9, 11, 14, 12, 17, 15, 17, 17, 19, 17, 18, 18, 19, 19, 22, 26, 25, 24, 26, 28, 26, 27, 27, 27, 28, 29, 31, 32, 31, 32, 33, 35, 35, 35, 36, 36, 37, 39, 41, 40, 42, 43, 43, 44, 45, 45, 45, 45, 46, 47, 47, 50, 49, 49, 49, 50, 52, 52, 54, 54, 54, 56, 56, 56, 57, 57, 57, 59, 58, 58, 59, 59, 59, 60, 61, 62, 63, 64, 64, 64, 65, 66, 66]","[5, 5, 3, 19, 26, 8, 16, 9, 9, 27, 23, 18, 12, 8, 20, 17, 12, 11, 14, 17, 24, 16, 15, 19, 30, 35, 36, 17, 32, 31, 29, 24, 25, 27, 26, 27, 30, 45, 40, 27, 36, 44, 39, 35, 33, 34, 45, 37, 43, 42, 40, 45, 56, 43, 49, 49, 48, 46, 45, 47, 52, 47, 49, 57, 53, 51, 57, 50, 57, -1, 58, 54, 59, -1, 54, 56, 59, 56, 58, 63, 64, 58, 60, 66, 62, 59, 64, 64, 61, -1, -1, 66, -1, 65, -1, -1, -1, -1, -1, -1, -1, -1, -1, -1, -1]","[0, 0, 0, 0, 0, 0, 0, 0, 0, 0, 0, 0, 0, 0, 0, 0, 0, 0, 0, 0, 0, 0, 0, 0, 0, 0, 0, 0, 0, 0, 0, 0, 0, 0, 0, 0, 0, 0, 0, 0, 0, 0, 0, 0, 0, 0, 0, 0, 0, 0, 0, 0, 0, 0, 0, 0, 0, 0, 0, 0, 0, 0, 0, 0, 0, 0, 0, 0, 0, 4029.0, 0, 0, 0, 4029.0, 0, 0, 0, 0, 0, 0, 0, 0, 0, 0, 0, 0, 0, 0, 0, 4029.0, 2211.4945909308867, 0, 2563.7475051841557, 0, 4029.0, 1465.2524948158443, 2968.925225562806, 4029.0, 4029.0, 1060.0747744371938, 2353.3973143607786, 1675.6026856392216, 1817.5054090691133, 4029.0, 4029.0]","[0, 0, 0, 0, 0, 0, 0, 0, 0, 0, 0, 0, 0, 0, 0, 0, 0, 0, 0, 0, 0, 0, 0, 0, 0, 0, 0, 0, 0, 0, 0, 0, 0, 0, 0, 0, 0, 0, 0, 0, 0, 0, 0, 0, 0, 0, 0, 0, 0, 0, 0, 0, 0, 0, 0, 0, 0, 0, 0, 0, 0, 0, 0, 0, 0, 0, 0, 0, 0, (1937.767933333333, 0.2582, 0.7142000000000001), 0, 0, 0, (132.12006666666667, 0.0338, 0.0268), 0, 0, 0, 0, 0, 0, 0, 0, 0, 0, 0, 0, 0, 0, 0, (81.0898, 0.0, 0.001), (29.18493333333334, 11.238933333333332, 11.264533333333333), 0, (452.98440000000005, 0.0015333333333333334, 0.0012), 0, (67.1088, 0.11606666666666667, 0.09946666666666669), (79.6912, 6.666666666666668e-05, 0.001), (125.0422, 0.247, 0.19506666666666664), (92.2746, 0.5394, 0.44333333333333325), (218.1036, 0.009266666666666668, 0.010533333333333334), (55.924, 0.004733333333333333, 6.666666666666668e-05), (75.49719999999999, 0.0003333333333333333, 0.0014), (225.09366666666662, 0.0, 0.0), (90.177, 0.02, 0.014), (738.1968, 0.7232666666666667, 1.2136), (805.3058666666667, 0.081, 0.3894666666666666)]","[0, 0, 0, 0, 0, 0, 0, 0, 0, 0, 0, 0, 0, 0, 0, 0, 0, 0, 0, 0, 0, 0, 0, 0, 0, 0, 0, 0, 0, 0, 0, 0, 0, 0, 0, 0, 0, 0, 0, 0, 0, 0, 0, 0, 0, 0, 0, 0, 0, 0, 0, 0, 0, 0, 0, 0, 0, 0, 0, 0, 0, 0, 0, 0, 0, 0, 0, 0, 0, (3, 0.17391666666666664, 0.4805555555555557), 0, 0, 0, (3, 0.0, 0.03398333333333334), 0, 0, 0, 0, 0, 0, 0, 0, 0, 0, 0, 0, 0, 0, 0, (3, 0.0, 0.0), (3, 0.0, 4.4444444444444447e-05), 0, (2, 0.0, 0.0005055555555555555), 0, (2, 0.0, 0.0009555555555555554), (2, 1.666666666666667e-05, 0.0004111111111111111), (1, 3.3333333333333335e-05, 0.05121666666666667), (1, 0.0, 0.0022722222222222224), (2, 0.0, 0.0022555555555555554), (2, 0.0, 0.0010555555555555555), (1, 0.0, 0.0005611111111111111), (1, 0.0, 0.0002833333333333333), (1, 3.3333333333333335e-05, 0.05506666666666666), (1, 0.0017166666666666665, 0.0023777777777777777), (3, 0.0, 0.023311111111111112)]","[-1, -1, -1, -1, -1, -1, -1, -1, -1, -1, -1, -1, -1, -1, -1, -1, -1, -1, -1, -1, -1, -1, -1, -1, -1, -1, -1, -1, -1, -1, -1, -1, -1, -1, -1, -1, -1, -1, -1, -1, -1, -1, -1, -1, -1, -1, -1, -1, -1, -1, -1, -1, -1, -1, -1, -1, -1, -1, -1, -1, -1, -1, -1, -1, -1, -1, -1, -1, -1, 5, -1, -1, -1, 6, -1, -1, -1, -1, -1, -1, -1, -1, -1, -1, -1, -1, -1, -1, -1, 7, 8, -1, 1, -1, 3, 1, 4, 14, 9, 4, 11, 11, 8, 2, 0]","[False, False, False, False, False, False, False, False, False, False, False, False, False, False, False, False, False, False, False, False, False, False, False, False, False, False, False, False, False, False, False, False, False, False, False, False, False, False, False, False, False, False, False, False, False, False, False, False, False, False, False, False, False, False, False, False, False, False, False, False, False, False, False, False, False, False, False, False, False, True, False, False, False, True, False, False, False, False, False, False, False, False, False, False, False, False, False, False, False, True, True, False, True, False, True, True, True, True, True, True, True, True, True, True, True]"
68,"[0, 0, 0, 0, 0, 0, 0, 0, 0, 0, 0, 0, 0, 0, 0, 0, 0, 0, 0, 0, 0, 0, 0, 0, 0, 0, 0, 0, 0, 0, 0, 0, 0, 0, 0, 0, 0, 0, 0, 0, 0, 0, 0, 0, 0, 0, 0, 0, 0, 0, 0, 0, 0, 0, 0, 0, 0, 0, 0, 0, 0, 0, 0, 0, 0, 0, 0, 0, 0, 0, 0, 0, 0, 0, 0, 0, 0, 0, 0, 0, 0, 0, 0, 0, 0, 0, 0, 0, 0, 0, 0, 0, 1041.7338700149332, 0, 0, 0, 1714.4051397483977, 1284.662387870362, 2201.431036525731, 0, 1168.6115386248337, 580.9669572335199, 741.2336873370001, 2011.5502109730733, 888.1448552554355, 80.13338746088, 1763.7010974382797, 644.4058826961312]","[0, 0, 0, 0, 0, 0, 1, 2, 2, 2, 3, 3, 3, 3, 3, 4, 4, 4, 4, 4, 4, 4, 4, 5, 5, 5, 5, 5, 5, 6, 6, 6, 6, 6, 6, 6, 7, 7, 7, 7, 7, 8, 8, 8, 8, 8, 8, 9, 9, 9, 9, 9, 10, 10, 10, 11, 12, 12, 12, 12, 13, 13, 13, 14, 14, 14, 14, 14, 15, 15, 16, 16, 16, 16, 16, 16, 16, 17, 17, 17, 17, 17, 17, 17, 18, 18, 18, 19, 19, 19, 19, 20, 20, 20, 20, 21, 21, 21, 21, 21, 21, 22, 22, 22, 22, 23, 23, 23]","[1, 1, 1, 1, 1, 1, 2, 3, 3, 3, 4, 4, 4, 4, 5, 6, 5, 5, 5, 8, 8, 9, 9, 11, 14, 12, 17, 15, 17, 17, 19, 17, 18, 18, 19, 19, 22, 26, 25, 24, 26, 28, 26, 27, 27, 27, 28, 29, 31, 32, 31, 32, 33, 35, 35, 35, 36, 36, 37, 39, 41, 40, 42, 43, 43, 44, 45, 45, 45, 45, 46, 47, 47, 50, 49, 49, 49, 50, 52, 52, 54, 54, 54, 56, 56, 56, 57, 57, 57, 59, 58, 58, 59, 59, 59, 60, 61, 62, 63, 64, 64, 64, 65, 66, 66, 68, 68, 68]","[5, 5, 3, 19, 26, 8, 16, 9, 9, 27, 23, 18, 12, 8, 20, 17, 12, 11, 14, 17, 24, 16, 15, 19, 30, 35, 36, 17, 32, 31, 29, 24, 25, 27, 26, 27, 30, 45, 40, 27, 36, 44, 39, 35, 33, 34, 45, 37, 43, 42, 40, 45, 56, 43, 49, 49, 48, 46, 45, 47, 52, 47, 49, 57, 53, 51, 57, 50, 57, -1, 58, 54, 59, 68, 54, 56, 59, 56, 58, 63, 64, 58, 60, 66, 62, 59, 64, 64, 61, -1, -1, 66, -1, 65, -1, 68, -1, -1, -1, 68, -1, -1, -1, -1, -1, -1, -1, -1]","[0, 0, 0, 0, 0, 0, 0, 0, 0, 0, 0, 0, 0, 0, 0, 0, 0, 0, 0, 0, 0, 0, 0, 0, 0, 0, 0, 0, 0, 0, 0, 0, 0, 0, 0, 0, 0, 0, 0, 0, 0, 0, 0, 0, 0, 0, 0, 0, 0, 0, 0, 0, 0, 0, 0, 0, 0, 0, 0, 0, 0, 0, 0, 0, 0, 0, 0, 0, 0, 4029.0, 0, 0, 0, 0, 0, 0, 0, 0, 0, 0, 0, 0, 0, 0, 0, 0, 0, 0, 0, 4029.0, 4029.0, 0, 4029.0, 0, 4029.0, 0, 2501.085726205699, 1957.9285018612377, 4029.0, 0, 2308.322290695657, 1720.6777093043431, 1527.9142737943012, 4029.0, 1576.721878908578, 753.3995014517557, 2452.2781210914222, 1317.6719966870069]","[0, 0, 0, 0, 0, 0, 0, 0, 0, 0, 0, 0, 0, 0, 0, 0, 0, 0, 0, 0, 0, 0, 0, 0, 0, 0, 0, 0, 0, 0, 0, 0, 0, 0, 0, 0, 0, 0, 0, 0, 0, 0, 0, 0, 0, 0, 0, 0, 0, 0, 0, 0, 0, 0, 0, 0, 0, 0, 0, 0, 0, 0, 0, 0, 0, 0, 0, 0, 0, (2088.762666666667, 0.21493333333333337, 0.8076), 0, 0, 0, 0, 0, 0, 0, 0, 0, 0, 0, 0, 0, 0, 0, 0, 0, 0, 0, (117.4404, 0.0, 0.001), (29.79646666666667, 11.306333333333336, 11.331333333333335), 0, (473.9558, 0.0015333333333333334, 0.0011333333333333332), 0, (78.29360000000001, 0.11573333333333333, 0.09953333333333332), 0, (93.78139999999999, 0.23493333333333336, 0.19066666666666662), (226.49220000000003, 0.5299333333333333, 0.43666666666666676), (268.4352, 0.009333333333333334, 0.0108), 0, (77.5942, 0.00046666666666666666, 0.0014), (159.38313333333332, 0.0, 0.0), (93.3228, 0.018333333333333333, 0.014133333333333333), (564.8324, 0.6947333333333332, 1.3258666666666665), (624.9507333333332, 0.08693333333333333, 0.30760000000000004), (75.84646666666666, 0.0, 0.0), (39.146666666666654, 0.29753333333333337, 0.0019333333333333331), (32.15606666666666, 0.0009333333333333332, 6.666666666666668e-05)]","[0, 0, 0, 0, 0, 0, 0, 0, 0, 0, 0, 0, 0, 0, 0, 0, 0, 0, 0, 0, 0, 0, 0, 0, 0, 0, 0, 0, 0, 0, 0, 0, 0, 0, 0, 0, 0, 0, 0, 0, 0, 0, 0, 0, 0, 0, 0, 0, 0, 0, 0, 0, 0, 0, 0, 0, 0, 0, 0, 0, 0, 0, 0, 0, 0, 0, 0, 0, 0, (3, 6.666666666666667e-05, 0.18205555555555555), 0, 0, 0, 0, 0, 0, 0, 0, 0, 0, 0, 0, 0, 0, 0, 0, 0, 0, 0, (3, 0.0, 0.0), (3, 0.0, 1.6666666666666667e-05), 0, (2, 0.0, 0.0005111111111111112), 0, (2, 0.0, 0.0009166666666666666), 0, (1, 0.0, 0.049894444444444436), (1, 0.0007666666666666667, 0.00215), (2, 0.0, 0.0022944444444444444), 0, (1, 0.0, 0.001627777777777778), (1, 0.0, 0.0002722222222222222), (1, 0.0, 0.0557), (1, 0.00225, 0.06516111111111111), (3, 0.0, 0.013066666666666667), (2, 0.00015, 0.0002722222222222222), (1, 0.003, 0.06097777777777777), (1, 0.0, 0.000638888888888889)]","[-1, -1, -1, -1, -1, -1, -1, -1, -1, -1, -1, -1, -1, -1, -1, -1, -1, -1, -1, -1, -1, -1, -1, -1, -1, -1, -1, -1, -1, -1, -1, -1, -1, -1, -1, -1, -1, -1, -1, -1, -1, -1, -1, -1, -1, -1, -1, -1, -1, -1, -1, -1, -1, -1, -1, -1, -1, -1, -1, -1, -1, -1, -1, -1, -1, -1, -1, -1, -1, 0, -1, -1, -1, -1, -1, -1, -1, -1, -1, -1, -1, -1, -1, -1, -1, -1, -1, -1, -1, 1, 8, -1, 10, -1, 13, -1, 15, 3, 9, -1, 11, 11, 15, 12, 6, 3, 6, 3]","[False, False, False, False, False, False, False, False, False, False, False, False, False, False, False, False, False, False, False, False, False, False, False, False, False, False, False, False, False, False, False, False, False, False, False, False, False, False, False, False, False, False, False, False, False, False, False, False, False, False, False, False, False, False, False, False, False, False, False, False, False, False, False, False, False, False, False, False, False, True, False, False, False, False, False, False, False, False, False, False, False, False, False, False, False, False, False, False, False, True, True, False, True, False, True, False, True, True, True, False, True, True, True, True, True, True, True, True]"
69,"[0, 0, 0, 0, 0, 0, 0, 0, 0, 0, 0, 0, 0, 0, 0, 0, 0, 0, 0, 0, 0, 0, 0, 0, 0, 0, 0, 0, 0, 0, 0, 0, 0, 0, 0, 0, 0, 0, 0, 0, 0, 0, 0, 0, 0, 0, 0, 0, 0, 0, 0, 0, 0, 0, 0, 0, 0, 0, 0, 0, 0, 0, 0, 0, 0, 0, 0, 0, 0, 0, 0, 0, 0, 0, 0, 0, 0, 0, 0, 0, 0, 0, 0, 0, 0, 0, 0, 0, 0, 0, 0, 0, 0, 0, 0, 0, 1851.3384576196752, 931.6027477858978, 2248.9012475559352, 0, 0, 450.7502254398, 804.6726065235, 2940.186222823474, 1101.8338429860667, 0, 1385.7651479872202, 647.744773280049, 1154.1194728238213, 1155.2559781834066, 0, 450.7502254398]","[0, 0, 0, 0, 0, 0, 1, 2, 2, 2, 3, 3, 3, 3, 3, 4, 4, 4, 4, 4, 4, 4, 4, 5, 5, 5, 5, 5, 5, 6, 6, 6, 6, 6, 6, 6, 7, 7, 7, 7, 7, 8, 8, 8, 8, 8, 8, 9, 9, 9, 9, 9, 10, 10, 10, 11, 12, 12, 12, 12, 13, 13, 13, 14, 14, 14, 14, 14, 15, 15, 16, 16, 16, 16, 16, 16, 16, 17, 17, 17, 17, 17, 17, 17, 18, 18, 18, 19, 19, 19, 19, 20, 20, 20, 20, 21, 21, 21, 21, 21, 21, 22, 22, 22, 22, 23, 23, 23, 23, 24, 24, 24]","[1, 1, 1, 1, 1, 1, 2, 3, 3, 3, 4, 4, 4, 4, 5, 6, 5, 5, 5, 8, 8, 9, 9, 11, 14, 12, 17, 15, 17, 17, 19, 17, 18, 18, 19, 19, 22, 26, 25, 24, 26, 28, 26, 27, 27, 27, 28, 29, 31, 32, 31, 32, 33, 35, 35, 35, 36, 36, 37, 39, 41, 40, 42, 43, 43, 44, 45, 45, 45, 45, 46, 47, 47, 50, 49, 49, 49, 50, 52, 52, 54, 54, 54, 56, 56, 56, 57, 57, 57, 59, 58, 58, 59, 59, 59, 60, 61, 62, 63, 64, 64, 64, 65, 66, 66, 68, 68, 68, 69, 69, 69, 69]","[5, 5, 3, 19, 26, 8, 16, 9, 9, 27, 23, 18, 12, 8, 20, 17, 12, 11, 14, 17, 24, 16, 15, 19, 30, 35, 36, 17, 32, 31, 29, 24, 25, 27, 26, 27, 30, 45, 40, 27, 36, 44, 39, 35, 33, 34, 45, 37, 43, 42, 40, 45, 56, 43, 49, 49, 48, 46, 45, 47, 52, 47, 49, 57, 53, 51, 57, 50, 57, 69, 58, 54, 59, 68, 54, 56, 59, 56, 58, 63, 64, 58, 60, 66, 62, 59, 64, 64, 61, 69, 69, 66, -1, 65, 69, 68, -1, -1, -1, 68, -1, -1, -1, -1, -1, -1, -1, -1, -1, -1, -1, -1]","[0, 0, 0, 0, 0, 0, 0, 0, 0, 0, 0, 0, 0, 0, 0, 0, 0, 0, 0, 0, 0, 0, 0, 0, 0, 0, 0, 0, 0, 0, 0, 0, 0, 0, 0, 0, 0, 0, 0, 0, 0, 0, 0, 0, 0, 0, 0, 0, 0, 0, 0, 0, 0, 0, 0, 0, 0, 0, 0, 0, 0, 0, 0, 0, 0, 0, 0, 0, 0, 0, 0, 0, 0, 0, 0, 0, 0, 0, 0, 0, 0, 0, 0, 0, 0, 0, 0, 0, 0, 0, 0, 0, 1789.1248872801, 0, 0, 0, 2474.367854916889, 1554.6321450831115, 4029.0, 0, 544.406888588263, 1662.8153763079895, 4029.0, 3484.593111411737, 2241.544534853009, 4029.0, 4029.0, 1787.4554651469912, 2366.184623692011, 4029.0, 4029.0, 2239.8751127199]","[0, 0, 0, 0, 0, 0, 0, 0, 0, 0, 0, 0, 0, 0, 0, 0, 0, 0, 0, 0, 0, 0, 0, 0, 0, 0, 0, 0, 0, 0, 0, 0, 0, 0, 0, 0, 0, 0, 0, 0, 0, 0, 0, 0, 0, 0, 0, 0, 0, 0, 0, 0, 0, 0, 0, 0, 0, 0, 0, 0, 0, 0, 0, 0, 0, 0, 0, 0, 0, 0, 0, 0, 0, 0, 0, 0, 0, 0, 0, 0, 0, 0, 0, 0, 0, 0, 0, 0, 0, 0, 0, 0, (503.316, 0.0016, 0.0013333333333333333), 0, 0, 0, (104.85293333333334, 0.21746666666666667, 0.18180000000000002), (204.1226, 0.5370666666666667, 0.4422), (33.5544, 0.009266666666666668, 0.010666666666666666), 0, (69.2056, 0.00046666666666666666, 0.0013333333333333333), (201.3262, 0.0, 0.0), (93.8472, 0.0318, 0.0146), (1015.0211999999999, 0.7137333333333332, 1.397666666666667), (641.7282666666667, 0.07759999999999999, 0.331), (71.827, 0.0, 0.0), (65.71033333333331, 0.2166, 0.004533333333333333), (35.6514, 0.001, 0.0), (176.16013333333333, 1.632466666666667, 0.017733333333333334), (67.10839999999999, 0.00013333333333333334, 0.001), (75.84646666666666, 0.0, 0.0), (184.549, 0.0, 0.0)]","[0, 0, 0, 0, 0, 0, 0, 0, 0, 0, 0, 0, 0, 0, 0, 0, 0, 0, 0, 0, 0, 0, 0, 0, 0, 0, 0, 0, 0, 0, 0, 0, 0, 0, 0, 0, 0, 0, 0, 0, 0, 0, 0, 0, 0, 0, 0, 0, 0, 0, 0, 0, 0, 0, 0, 0, 0, 0, 0, 0, 0, 0, 0, 0, 0, 0, 0, 0, 0, 0, 0, 0, 0, 0, 0, 0, 0, 0, 0, 0, 0, 0, 0, 0, 0, 0, 0, 0, 0, 0, 0, 0, (2, 0.0, 0.0005055555555555555), 0, 0, 0, (1, 3.3333333333333335e-05, 0.05011111111111111), (1, 0.0, 0.004783333333333333), (2, 0.0, 0.0023555555555555556), 0, (1, 0.0, 0.0005499999999999999), (1, 0.0, 0.0002666666666666667), (1, 0.00011666666666666667, 0.053427777777777775), (1, 1.0436000000000003, 0.5150888888888889), (3, 0.04375, 0.0321388888888889), (2, 0.09475, 0.017716666666666665), (1, 0.0002833333333333333, 0.09404444444444444), (1, 0.0, 0.0006222222222222223), (3, 0.0, 0.0001388888888888889), (1, 0.0, 0.0005722222222222222), (2, 0.00015, 0.0002722222222222222), (1, 0.0, 0.00029444444444444445)]","[-1, -1, -1, -1, -1, -1, -1, -1, -1, -1, -1, -1, -1, -1, -1, -1, -1, -1, -1, -1, -1, -1, -1, -1, -1, -1, -1, -1, -1, -1, -1, -1, -1, -1, -1, -1, -1, -1, -1, -1, -1, -1, -1, -1, -1, -1, -1, -1, -1, -1, -1, -1, -1, -1, -1, -1, -1, -1, -1, -1, -1, -1, -1, -1, -1, -1, -1, -1, -1, -1, -1, -1, -1, -1, -1, -1, -1, -1, -1, -1, -1, -1, -1, -1, -1, -1, -1, -1, -1, -1, -1, -1, 4, -1, -1, -1, 14, 14, 1, -1, 2, 11, 15, 2, 0, 3, 6, 0, 11, 8, 5, 4]","[False, False, False, False, False, False, False, False, False, False, False, False, False, False, False, False, False, False, False, False, False, False, False, False, False, False, False, False, False, False, False, False, False, False, False, False, False, False, False, False, False, False, False, False, False, False, False, False, False, False, False, False, False, False, False, False, False, False, False, False, False, False, False, False, False, False, False, False, False, False, False, False, False, False, False, False, False, False, False, False, False, False, False, False, False, False, False, False, False, False, False, False, True, False, False, False, True, True, True, False, True, True, True, True, True, True, True, True, True, True, True, True]"
70,"[0, 0, 0, 0, 0, 0, 0, 0, 0, 0, 0, 0, 0, 0, 0, 0, 0, 0, 0, 0, 0, 0, 0, 0, 0, 0, 0, 0, 0, 0, 0, 0, 0, 0, 0, 0, 0, 0, 0, 0, 0, 0, 0, 0, 0, 0, 0, 0, 0, 0, 0, 0, 0, 0, 0, 0, 0, 0, 0, 0, 0, 0, 0, 0, 0, 0, 0, 0, 0, 0, 0, 0, 0, 0, 0, 0, 0, 0, 0, 0, 0, 0, 0, 0, 0, 0, 0, 0, 0, 0, 0, 0, 0, 0, 0, 0, 1802.042463186016, 937.5365232495022, 5046.6768101486105, 0, 0, 0, 844.7392923255, 2067.9210870917877, 1125.2060760191043, 0, 1569.2557901120101, 631.0503203604601, 1875.0732823255908, 1151.9170880730503, 0, 570.9502855570801, 685.3513090824399, 390.65025572768]","[0, 0, 0, 0, 0, 0, 1, 2, 2, 2, 3, 3, 3, 3, 3, 4, 4, 4, 4, 4, 4, 4, 4, 5, 5, 5, 5, 5, 5, 6, 6, 6, 6, 6, 6, 6, 7, 7, 7, 7, 7, 8, 8, 8, 8, 8, 8, 9, 9, 9, 9, 9, 10, 10, 10, 11, 12, 12, 12, 12, 13, 13, 13, 14, 14, 14, 14, 14, 15, 15, 16, 16, 16, 16, 16, 16, 16, 17, 17, 17, 17, 17, 17, 17, 18, 18, 18, 19, 19, 19, 19, 20, 20, 20, 20, 21, 21, 21, 21, 21, 21, 22, 22, 22, 22, 23, 23, 23, 23, 24, 24, 24, 25, 25]","[1, 1, 1, 1, 1, 1, 2, 3, 3, 3, 4, 4, 4, 4, 5, 6, 5, 5, 5, 8, 8, 9, 9, 11, 14, 12, 17, 15, 17, 17, 19, 17, 18, 18, 19, 19, 22, 26, 25, 24, 26, 28, 26, 27, 27, 27, 28, 29, 31, 32, 31, 32, 33, 35, 35, 35, 36, 36, 37, 39, 41, 40, 42, 43, 43, 44, 45, 45, 45, 45, 46, 47, 47, 50, 49, 49, 49, 50, 52, 52, 54, 54, 54, 56, 56, 56, 57, 57, 57, 59, 58, 58, 59, 59, 59, 60, 61, 62, 63, 64, 64, 64, 65, 66, 66, 68, 68, 68, 69, 69, 69, 69, 70, 70]","[5, 5, 3, 19, 26, 8, 16, 9, 9, 27, 23, 18, 12, 8, 20, 17, 12, 11, 14, 17, 24, 16, 15, 19, 30, 35, 36, 17, 32, 31, 29, 24, 25, 27, 26, 27, 30, 45, 40, 27, 36, 44, 39, 35, 33, 34, 45, 37, 43, 42, 40, 45, 56, 43, 49, 49, 48, 46, 45, 47, 52, 47, 49, 57, 53, 51, 57, 50, 57, 69, 58, 54, 59, 68, 54, 56, 59, 56, 58, 63, 64, 58, 60, 66, 62, 59, 64, 64, 61, 69, 69, 66, 70, 65, 69, 68, -1, -1, -1, 68, 70, -1, -1, -1, -1, 70, -1, -1, -1, -1, 70, -1, -1, -1]","[0, 0, 0, 0, 0, 0, 0, 0, 0, 0, 0, 0, 0, 0, 0, 0, 0, 0, 0, 0, 0, 0, 0, 0, 0, 0, 0, 0, 0, 0, 0, 0, 0, 0, 0, 0, 0, 0, 0, 0, 0, 0, 0, 0, 0, 0, 0, 0, 0, 0, 0, 0, 0, 0, 0, 0, 0, 0, 0, 0, 0, 0, 0, 0, 0, 0, 0, 0, 0, 0, 0, 0, 0, 0, 0, 0, 0, 0, 0, 0, 0, 0, 0, 0, 0, 0, 0, 0, 0, 0, 0, 0, 0, 0, 0, 0, 2446.752969968257, 1582.2470300317432, 4029.0, 0, 0, 4029.0, 4029.0, 2853.135415682054, 4029.0, 0, 4029.0, 1392.4885190174348, 2636.5114809825654, 4029.0, 0, 4029.0, 4029.0, 1175.864584317946]","[0, 0, 0, 0, 0, 0, 0, 0, 0, 0, 0, 0, 0, 0, 0, 0, 0, 0, 0, 0, 0, 0, 0, 0, 0, 0, 0, 0, 0, 0, 0, 0, 0, 0, 0, 0, 0, 0, 0, 0, 0, 0, 0, 0, 0, 0, 0, 0, 0, 0, 0, 0, 0, 0, 0, 0, 0, 0, 0, 0, 0, 0, 0, 0, 0, 0, 0, 0, 0, 0, 0, 0, 0, 0, 0, 0, 0, 0, 0, 0, 0, 0, 0, 0, 0, 0, 0, 0, 0, 0, 0, 0, 0, 0, 0, 0, (98.34026666666666, 0.21266666666666662, 0.17426666666666668), (131.4214, 0.5352666666666668, 0.49666666666666676), (369.0984, 0.018533333333333336, 0.025066666666666668), 0, 0, (183.15086666666667, 0.00013333333333333334, 6.666666666666668e-05), (99.0902, 0.043, 0.015133333333333334), (679.4766, 0.7587999999999999, 1.3356666666666668), (838.8603333333335, 0.08673333333333332, 0.3268666666666667), 0, (40.54486666666667, 0.21746666666666667, 0.0017333333333333335), (48.234, 0.001066666666666667, 0.0), (214.6078, 3.082733333333333, 0.04673333333333334), (72.70093333333334, 6.666666666666668e-05, 0.001), 0, (225.0938, 0.0, 0.0), (232.08433333333338, 0.9976, 0.007), (499.1218, 0.0004, 0.0003333333333333333)]","[0, 0, 0, 0, 0, 0, 0, 0, 0, 0, 0, 0, 0, 0, 0, 0, 0, 0, 0, 0, 0, 0, 0, 0, 0, 0, 0, 0, 0, 0, 0, 0, 0, 0, 0, 0, 0, 0, 0, 0, 0, 0, 0, 0, 0, 0, 0, 0, 0, 0, 0, 0, 0, 0, 0, 0, 0, 0, 0, 0, 0, 0, 0, 0, 0, 0, 0, 0, 0, 0, 0, 0, 0, 0, 0, 0, 0, 0, 0, 0, 0, 0, 0, 0, 0, 0, 0, 0, 0, 0, 0, 0, 0, 0, 0, 0, (1, 0.00011666666666666667, 0.04876111111111111), (1, 1.666666666666667e-05, 0.0021166666666666664), (2, 0.0, 0.0054888888888888895), 0, 0, (1, 0.005966666666666668, 0.0008777777777777778), (1, 0.0, 0.05496666666666667), (1, 0.0012666666666666666, 0.0020055555555555556), (3, 0.0, 0.012833333333333334), 0, (1, 0.0, 0.05373333333333333), (1, 0.0, 0.0006333333333333333), (3, 0.0, 0.00015555555555555556), (1, 0.0, 0.0005666666666666666), 0, (1, 0.0, 0.0002833333333333333), (3, 0.0, 0.0005111111111111112), (2, 0.012733333333333334, 0.0036666666666666666)]","[-1, -1, -1, -1, -1, -1, -1, -1, -1, -1, -1, -1, -1, -1, -1, -1, -1, -1, -1, -1, -1, -1, -1, -1, -1, -1, -1, -1, -1, -1, -1, -1, -1, -1, -1, -1, -1, -1, -1, -1, -1, -1, -1, -1, -1, -1, -1, -1, -1, -1, -1, -1, -1, -1, -1, -1, -1, -1, -1, -1, -1, -1, -1, -1, -1, -1, -1, -1, -1, -1, -1, -1, -1, -1, -1, -1, -1, -1, -1, -1, -1, -1, -1, -1, -1, -1, -1, -1, -1, -1, -1, -1, -1, -1, -1, -1, 14, 14, 1, -1, -1, 11, 9, 2, 0, -1, 3, 7, 7, 5, -1, 4, 12, 2]","[False, False, False, False, False, False, False, False, False, False, False, False, False, False, False, False, False, False, False, False, False, False, False, False, False, False, False, False, False, False, False, False, False, False, False, False, False, False, False, False, False, False, False, False, False, False, False, False, False, False, False, False, False, False, False, False, False, False, False, False, False, False, False, False, False, False, False, False, False, False, False, False, False, False, False, False, False, False, False, False, False, False, False, False, False, False, False, False, False, False, False, False, False, False, False, False, True, True, True, False, False, True, True, True, True, False, True, True, True, True, False, True, True, True]"
71,"[0, 0, 0, 0, 0, 0, 0, 0, 0, 0, 0, 0, 0, 0, 0, 0, 0, 0, 0, 0, 0, 0, 0, 0, 0, 0, 0, 0, 0, 0, 0, 0, 0, 0, 0, 0, 0, 0, 0, 0, 0, 0, 0, 0, 0, 0, 0, 0, 0, 0, 0, 0, 0, 0, 0, 0, 0, 0, 0, 0, 0, 0, 0, 0, 0, 0, 0, 0, 0, 0, 0, 0, 0, 0, 0, 0, 0, 0, 0, 0, 0, 0, 0, 0, 0, 0, 0, 0, 0, 0, 0, 0, 0, 0, 0, 0, 1136.5465383316057, 0, 6361.008278047395, 0, 0, 0, 0, 2038.2522049240424, 1045.0727056201176, 0, 1517.22113040498, 644.4058826961312, 1510.1460454172877, 1158.5948682937635, 0, 0, 80.13338746088, 741.7221959766666, 3752.9130163235823, 530.8836808606934, 520.8668579276933]","[0, 0, 0, 0, 0, 0, 1, 2, 2, 2, 3, 3, 3, 3, 3, 4, 4, 4, 4, 4, 4, 4, 4, 5, 5, 5, 5, 5, 5, 6, 6, 6, 6, 6, 6, 6, 7, 7, 7, 7, 7, 8, 8, 8, 8, 8, 8, 9, 9, 9, 9, 9, 10, 10, 10, 11, 12, 12, 12, 12, 13, 13, 13, 14, 14, 14, 14, 14, 15, 15, 16, 16, 16, 16, 16, 16, 16, 17, 17, 17, 17, 17, 17, 17, 18, 18, 18, 19, 19, 19, 19, 20, 20, 20, 20, 21, 21, 21, 21, 21, 21, 22, 22, 22, 22, 23, 23, 23, 23, 24, 24, 24, 24, 25, 25, 25, 25]","[1, 1, 1, 1, 1, 1, 2, 3, 3, 3, 4, 4, 4, 4, 5, 6, 5, 5, 5, 8, 8, 9, 9, 11, 14, 12, 17, 15, 17, 17, 19, 17, 18, 18, 19, 19, 22, 26, 25, 24, 26, 28, 26, 27, 27, 27, 28, 29, 31, 32, 31, 32, 33, 35, 35, 35, 36, 36, 37, 39, 41, 40, 42, 43, 43, 44, 45, 45, 45, 45, 46, 47, 47, 50, 49, 49, 49, 50, 52, 52, 54, 54, 54, 56, 56, 56, 57, 57, 57, 59, 58, 58, 59, 59, 59, 60, 61, 62, 63, 64, 64, 64, 65, 66, 66, 68, 68, 68, 69, 69, 69, 69, 71, 70, 71, 70, 71]","[5, 5, 3, 19, 26, 8, 16, 9, 9, 27, 23, 18, 12, 8, 20, 17, 12, 11, 14, 17, 24, 16, 15, 19, 30, 35, 36, 17, 32, 31, 29, 24, 25, 27, 26, 27, 30, 45, 40, 27, 36, 44, 39, 35, 33, 34, 45, 37, 43, 42, 40, 45, 56, 43, 49, 49, 48, 46, 45, 47, 52, 47, 49, 57, 53, 51, 57, 50, 57, 69, 58, 54, 59, 68, 54, 56, 59, 56, 58, 63, 64, 58, 60, 66, 62, 59, 64, 64, 61, 69, 69, 66, 70, 65, 69, 68, -1, -1, -1, 68, 70, 71, -1, -1, -1, 70, -1, -1, -1, -1, 70, -1, -1, -1, -1, -1, -1]","[0, 0, 0, 0, 0, 0, 0, 0, 0, 0, 0, 0, 0, 0, 0, 0, 0, 0, 0, 0, 0, 0, 0, 0, 0, 0, 0, 0, 0, 0, 0, 0, 0, 0, 0, 0, 0, 0, 0, 0, 0, 0, 0, 0, 0, 0, 0, 0, 0, 0, 0, 0, 0, 0, 0, 0, 0, 0, 0, 0, 0, 0, 0, 0, 0, 0, 0, 0, 0, 0, 0, 0, 0, 0, 0, 0, 0, 0, 0, 0, 0, 0, 0, 0, 0, 0, 0, 0, 0, 0, 0, 0, 0, 0, 0, 0, 4029.0, 4029.0, 4029.0, 0, 0, 0, 4029.0, 4029.0, 1778.425787607569, 0, 2250.574212392431, 1095.5996206824273, 1961.3397834035836, 4029.0, 0, 4029.0, 4029.0, 4029.0, 4029.0, 4029.0, 972.0605959139893]","[0, 0, 0, 0, 0, 0, 0, 0, 0, 0, 0, 0, 0, 0, 0, 0, 0, 0, 0, 0, 0, 0, 0, 0, 0, 0, 0, 0, 0, 0, 0, 0, 0, 0, 0, 0, 0, 0, 0, 0, 0, 0, 0, 0, 0, 0, 0, 0, 0, 0, 0, 0, 0, 0, 0, 0, 0, 0, 0, 0, 0, 0, 0, 0, 0, 0, 0, 0, 0, 0, 0, 0, 0, 0, 0, 0, 0, 0, 0, 0, 0, 0, 0, 0, 0, 0, 0, 0, 0, 0, 0, 0, 0, 0, 0, 0, (87.92, 0.21286666666666668, 0.18966666666666662), (109.0518, 0.5446, 0.4834), (1157.6274666666666, 0.016533333333333334, 0.022133333333333328), 0, 0, 0, (91.7496, 0.042133333333333335, 0.014666666666666665), (654.3108000000001, 0.7628666666666667, 1.1362666666666668), (721.42, 0.07806666666666666, 0.33893333333333336), 0, (26.56353333333333, 0.21073333333333333, 0.0014), (41.94273333333333, 0.0009333333333333332, 6.666666666666668e-05), (434.80906666666664, 2.7484, 0.018466666666666666), (75.49719999999999, 0.0004, 0.0014666666666666665), 0, (191.5394, 0.0, 0.0), (75.84646666666666, 0.0, 0.0), (264.24086666666665, 0.7731333333333333, 0.0056), (388.67179999999996, 7.663399999999999, 2.4918666666666667), (455.08166666666676, 0.012533333333333334, 0.18906666666666663), (0.0, 0.0046, 6.666666666666668e-05)]","[0, 0, 0, 0, 0, 0, 0, 0, 0, 0, 0, 0, 0, 0, 0, 0, 0, 0, 0, 0, 0, 0, 0, 0, 0, 0, 0, 0, 0, 0, 0, 0, 0, 0, 0, 0, 0, 0, 0, 0, 0, 0, 0, 0, 0, 0, 0, 0, 0, 0, 0, 0, 0, 0, 0, 0, 0, 0, 0, 0, 0, 0, 0, 0, 0, 0, 0, 0, 0, 0, 0, 0, 0, 0, 0, 0, 0, 0, 0, 0, 0, 0, 0, 0, 0, 0, 0, 0, 0, 0, 0, 0, 0, 0, 0, 0, (1, 0.0, 0.050077777777777784), (1, 0.0, 0.002838888888888889), (2, 0.0, 0.005333333333333333), 0, 0, 0, (1, 0.0, 0.05646666666666667), (1, 0.011416666666666664, 0.047094444444444446), (3, 0.0, 0.011183333333333332), 0, (1, 1.666666666666667e-05, 0.05187222222222222), (1, 0.0, 0.0006222222222222223), (3, 0.0, 0.00023888888888888888), (1, 0.0, 0.0005499999999999999), 0, (1, 1.666666666666667e-05, 0.0002611111111111111), (2, 0.00015, 0.0002722222222222222), (3, 0.0, 0.0006277777777777777), (2, 0.0, 0.016355555555555557), (2, 0.0002833333333333333, 0.0029611111111111123), (1, 0.0, 0.0008722222222222223)]","[-1, -1, -1, -1, -1, -1, -1, -1, -1, -1, -1, -1, -1, -1, -1, -1, -1, -1, -1, -1, -1, -1, -1, -1, -1, -1, -1, -1, -1, -1, -1, -1, -1, -1, -1, -1, -1, -1, -1, -1, -1, -1, -1, -1, -1, -1, -1, -1, -1, -1, -1, -1, -1, -1, -1, -1, -1, -1, -1, -1, -1, -1, -1, -1, -1, -1, -1, -1, -1, -1, -1, -1, -1, -1, -1, -1, -1, -1, -1, -1, -1, -1, -1, -1, -1, -1, -1, -1, -1, -1, -1, -1, -1, -1, -1, -1, 15, 14, 1, -1, -1, -1, 9, 2, 6, -1, 6, 7, 7, 5, -1, 4, 3, 13, 11, 10, 7]","[False, False, False, False, False, False, False, False, False, False, False, False, False, False, False, False, False, False, False, False, False, False, False, False, False, False, False, False, False, False, False, False, False, False, False, False, False, False, False, False, False, False, False, False, False, False, False, False, False, False, False, False, False, False, False, False, False, False, False, False, False, False, False, False, False, False, False, False, False, False, False, False, False, False, False, False, False, False, False, False, False, False, False, False, False, False, False, False, False, False, False, False, False, False, False, False, True, True, True, False, False, False, True, True, True, False, True, True, True, True, False, True, True, True, True, True, True]"
72,"[0, 0, 0, 0, 0, 0, 0, 0, 0, 0, 0, 0, 0, 0, 0, 0, 0, 0, 0, 0, 0, 0, 0, 0, 0, 0, 0, 0, 0, 0, 0, 0, 0, 0, 0, 0, 0, 0, 0, 0, 0, 0, 0, 0, 0, 0, 0, 0, 0, 0, 0, 0, 0, 0, 0, 0, 0, 0, 0, 0, 0, 0, 0, 0, 0, 0, 0, 0, 0, 0, 0, 0, 0, 0, 0, 0, 0, 0, 0, 0, 0, 0, 0, 0, 0, 0, 0, 0, 0, 0, 0, 0, 0, 0, 0, 0, 1426.8451722187147, 0, 2438.7820916767528, 0, 0, 0, 0, 2070.887975308562, 1385.6395298158109, 0, 1569.2557901120101, 641.0669921122135, 1501.2453811024511, 1151.9170880730503, 0, 0, 0, 623.0466446204, 2794.65141873918, 537.5614630098844, 530.8835282724567, 1714.4051397483977, 652.7155422502]","[0, 0, 0, 0, 0, 0, 1, 2, 2, 2, 3, 3, 3, 3, 3, 4, 4, 4, 4, 4, 4, 4, 4, 5, 5, 5, 5, 5, 5, 6, 6, 6, 6, 6, 6, 6, 7, 7, 7, 7, 7, 8, 8, 8, 8, 8, 8, 9, 9, 9, 9, 9, 10, 10, 10, 11, 12, 12, 12, 12, 13, 13, 13, 14, 14, 14, 14, 14, 15, 15, 16, 16, 16, 16, 16, 16, 16, 17, 17, 17, 17, 17, 17, 17, 18, 18, 18, 19, 19, 19, 19, 20, 20, 20, 20, 21, 21, 21, 21, 21, 21, 22, 22, 22, 22, 23, 23, 23, 23, 24, 24, 24, 24, 25, 25, 25, 25, 25, 26]","[1, 1, 1, 1, 1, 1, 2, 3, 3, 3, 4, 4, 4, 4, 5, 6, 5, 5, 5, 8, 8, 9, 9, 11, 14, 12, 17, 15, 17, 17, 19, 17, 18, 18, 19, 19, 22, 26, 25, 24, 26, 28, 26, 27, 27, 27, 28, 29, 31, 32, 31, 32, 33, 35, 35, 35, 36, 36, 37, 39, 41, 40, 42, 43, 43, 44, 45, 45, 45, 45, 46, 47, 47, 50, 49, 49, 49, 50, 52, 52, 54, 54, 54, 56, 56, 56, 57, 57, 57, 59, 58, 58, 59, 59, 59, 60, 61, 62, 63, 64, 64, 64, 65, 66, 66, 68, 68, 68, 69, 69, 69, 69, 71, 70, 71, 70, 71, 72, 72]","[5, 5, 3, 19, 26, 8, 16, 9, 9, 27, 23, 18, 12, 8, 20, 17, 12, 11, 14, 17, 24, 16, 15, 19, 30, 35, 36, 17, 32, 31, 29, 24, 25, 27, 26, 27, 30, 45, 40, 27, 36, 44, 39, 35, 33, 34, 45, 37, 43, 42, 40, 45, 56, 43, 49, 49, 48, 46, 45, 47, 52, 47, 49, 57, 53, 51, 57, 50, 57, 69, 58, 54, 59, 68, 54, 56, 59, 56, 58, 63, 64, 58, 60, 66, 62, 59, 64, 64, 61, 69, 69, 66, 70, 65, 69, 68, -1, 72, -1, 68, 70, 71, 72, -1, -1, 70, -1, -1, -1, -1, 70, 72, -1, -1, -1, -1, -1, -1, -1]","[0, 0, 0, 0, 0, 0, 0, 0, 0, 0, 0, 0, 0, 0, 0, 0, 0, 0, 0, 0, 0, 0, 0, 0, 0, 0, 0, 0, 0, 0, 0, 0, 0, 0, 0, 0, 0, 0, 0, 0, 0, 0, 0, 0, 0, 0, 0, 0, 0, 0, 0, 0, 0, 0, 0, 0, 0, 0, 0, 0, 0, 0, 0, 0, 0, 0, 0, 0, 0, 0, 0, 0, 0, 0, 0, 0, 0, 0, 0, 0, 0, 0, 0, 0, 0, 0, 0, 0, 0, 0, 0, 0, 0, 0, 0, 0, 1692.4785984550763, 0, 2541.071280930471, 0, 0, 0, 0, 2336.5214015449237, 1487.928719069529, 0, 4029.0, 1584.4108055048812, 2444.589194495119, 4029.0, 0, 0, 4029.0, 4029.0, 4029.0, 1426.0781616307434, 4029.0, 2602.921838369257, 4029.0]","[0, 0, 0, 0, 0, 0, 0, 0, 0, 0, 0, 0, 0, 0, 0, 0, 0, 0, 0, 0, 0, 0, 0, 0, 0, 0, 0, 0, 0, 0, 0, 0, 0, 0, 0, 0, 0, 0, 0, 0, 0, 0, 0, 0, 0, 0, 0, 0, 0, 0, 0, 0, 0, 0, 0, 0, 0, 0, 0, 0, 0, 0, 0, 0, 0, 0, 0, 0, 0, 0, 0, 0, 0, 0, 0, 0, 0, 0, 0, 0, 0, 0, 0, 0, 0, 0, 0, 0, 0, 0, 0, 0, 0, 0, 0, 0, (83.36113333333331, 0.21606666666666663, 0.18393333333333337), 0, (167.772, 0.009333333333333334, 0.0104), 0, 0, 0, 0, (506.11220000000003, 0.7000666666666667, 1.4158), (671.0880666666666, 0.08573333333333333, 0.32080000000000003), 0, (40.54466666666666, 0.2174, 0.0013333333333333333), (39.8456, 0.0008666666666666667, 6.666666666666668e-05), (348.1266, 1.8001333333333334, 0.6946), (75.49719999999999, 0.0003333333333333333, 0.0014), 0, 0, (71.827, 0.0, 0.0), (260.0463333333334, 0.6686, 0.004866666666666666), (651.5146, 19.004533333333335, 2.486266666666667), (471.15966666666674, 0.013066666666666664, 0.18946666666666667), (0.0, 0.004733333333333333, 0.00013333333333333334), (105.5042, 0.28773333333333334, 0.22433333333333338), (433.41086666666666, 0.0023333333333333335, 0.0030666666666666668)]","[0, 0, 0, 0, 0, 0, 0, 0, 0, 0, 0, 0, 0, 0, 0, 0, 0, 0, 0, 0, 0, 0, 0, 0, 0, 0, 0, 0, 0, 0, 0, 0, 0, 0, 0, 0, 0, 0, 0, 0, 0, 0, 0, 0, 0, 0, 0, 0, 0, 0, 0, 0, 0, 0, 0, 0, 0, 0, 0, 0, 0, 0, 0, 0, 0, 0, 0, 0, 0, 0, 0, 0, 0, 0, 0, 0, 0, 0, 0, 0, 0, 0, 0, 0, 0, 0, 0, 0, 0, 0, 0, 0, 0, 0, 0, 0, (1, 0.0, 0.04877777777777778), 0, (2, 0.0, 0.002172222222222222), 0, 0, 0, 0, (1, 0.0675, 0.04805), (3, 0.0, 0.018272222222222224), 0, (1, 0.00013333333333333334, 0.05250555555555555), (1, 0.0, 0.000638888888888889), (3, 0.0, 0.00039999999999999996), (1, 0.0, 0.0005611111111111111), 0, 0, (2, 0.09475, 0.017716666666666665), (3, 0.0, 0.0004277777777777778), (2, 0.0, 0.0053), (2, 0.00035, 0.0039833333333333335), (1, 0.0, 0.0008388888888888889), (1, 0.0030666666666666663, 0.05871111111111111), (1, 0.011300000000000001, 0.0010833333333333333)]","[-1, -1, -1, -1, -1, -1, -1, -1, -1, -1, -1, -1, -1, -1, -1, -1, -1, -1, -1, -1, -1, -1, -1, -1, -1, -1, -1, -1, -1, -1, -1, -1, -1, -1, -1, -1, -1, -1, -1, -1, -1, -1, -1, -1, -1, -1, -1, -1, -1, -1, -1, -1, -1, -1, -1, -1, -1, -1, -1, -1, -1, -1, -1, -1, -1, -1, -1, -1, -1, -1, -1, -1, -1, -1, -1, -1, -1, -1, -1, -1, -1, -1, -1, -1, -1, -1, -1, -1, -1, -1, -1, -1, -1, -1, -1, -1, 4, -1, 0, -1, -1, -1, -1, 4, 0, -1, 6, 7, 7, 9, -1, -1, 8, 1, 11, 14, 12, 14, 15]","[False, False, False, False, False, False, False, False, False, False, False, False, False, False, False, False, False, False, False, False, False, False, False, False, False, False, False, False, False, False, False, False, False, False, False, False, False, False, False, False, False, False, False, False, False, False, False, False, False, False, False, False, False, False, False, False, False, False, False, False, False, False, False, False, False, False, False, False, False, False, False, False, False, False, False, False, False, False, False, False, False, False, False, False, False, False, False, False, False, False, False, False, False, False, False, False, True, False, True, False, False, False, False, True, True, False, True, True, True, True, False, False, True, True, True, True, True, True, True]"
73,"[0, 0, 0, 0, 0, 0, 0, 0, 0, 0, 0, 0, 0, 0, 0, 0, 0, 0, 0, 0, 0, 0, 0, 0, 0, 0, 0, 0, 0, 0, 0, 0, 0, 0, 0, 0, 0, 0, 0, 0, 0, 0, 0, 0, 0, 0, 0, 0, 0, 0, 0, 0, 0, 0, 0, 0, 0, 0, 0, 0, 0, 0, 0, 0, 0, 0, 0, 0, 0, 0, 0, 0, 0, 0, 0, 0, 0, 0, 0, 0, 0, 0, 0, 0, 0, 0, 0, 0, 0, 0, 0, 0, 0, 0, 0, 0, 2127.9437597196566, 0, 2554.490731062876, 0, 0, 0, 0, 1964.079999504682, 1095.1560621194842, 0, 1662.37044432459, 621.0336486087066, 976.1061865270877, 1168.6115386248337, 0, 0, 0, 0, 1739.5619942211624, 544.2392451590755, 554.2557590769045, 1429.5838385761401, 634.9142092797401, 1154.1194728238213, 644.4058826961312]","[0, 0, 0, 0, 0, 0, 1, 2, 2, 2, 3, 3, 3, 3, 3, 4, 4, 4, 4, 4, 4, 4, 4, 5, 5, 5, 5, 5, 5, 6, 6, 6, 6, 6, 6, 6, 7, 7, 7, 7, 7, 8, 8, 8, 8, 8, 8, 9, 9, 9, 9, 9, 10, 10, 10, 11, 12, 12, 12, 12, 13, 13, 13, 14, 14, 14, 14, 14, 15, 15, 16, 16, 16, 16, 16, 16, 16, 17, 17, 17, 17, 17, 17, 17, 18, 18, 18, 19, 19, 19, 19, 20, 20, 20, 20, 21, 21, 21, 21, 21, 21, 22, 22, 22, 22, 23, 23, 23, 23, 24, 24, 24, 24, 25, 25, 25, 25, 25, 26, 26, 26]","[1, 1, 1, 1, 1, 1, 2, 3, 3, 3, 4, 4, 4, 4, 5, 6, 5, 5, 5, 8, 8, 9, 9, 11, 14, 12, 17, 15, 17, 17, 19, 17, 18, 18, 19, 19, 22, 26, 25, 24, 26, 28, 26, 27, 27, 27, 28, 29, 31, 32, 31, 32, 33, 35, 35, 35, 36, 36, 37, 39, 41, 40, 42, 43, 43, 44, 45, 45, 45, 45, 46, 47, 47, 50, 49, 49, 49, 50, 52, 52, 54, 54, 54, 56, 56, 56, 57, 57, 57, 59, 58, 58, 59, 59, 59, 60, 61, 62, 63, 64, 64, 64, 65, 66, 66, 68, 68, 68, 69, 69, 69, 69, 71, 70, 71, 70, 71, 72, 72, 73, 73]","[5, 5, 3, 19, 26, 8, 16, 9, 9, 27, 23, 18, 12, 8, 20, 17, 12, 11, 14, 17, 24, 16, 15, 19, 30, 35, 36, 17, 32, 31, 29, 24, 25, 27, 26, 27, 30, 45, 40, 27, 36, 44, 39, 35, 33, 34, 45, 37, 43, 42, 40, 45, 56, 43, 49, 49, 48, 46, 45, 47, 52, 47, 49, 57, 53, 51, 57, 50, 57, 69, 58, 54, 59, 68, 54, 56, 59, 56, 58, 63, 64, 58, 60, 66, 62, 59, 64, 64, 61, 69, 69, 66, 70, 65, 69, 68, -1, 72, -1, 68, 70, 71, 72, -1, -1, 70, -1, -1, -1, -1, 70, 72, 73, -1, -1, -1, -1, -1, -1, -1, -1]","[0, 0, 0, 0, 0, 0, 0, 0, 0, 0, 0, 0, 0, 0, 0, 0, 0, 0, 0, 0, 0, 0, 0, 0, 0, 0, 0, 0, 0, 0, 0, 0, 0, 0, 0, 0, 0, 0, 0, 0, 0, 0, 0, 0, 0, 0, 0, 0, 0, 0, 0, 0, 0, 0, 0, 0, 0, 0, 0, 0, 0, 0, 0, 0, 0, 0, 0, 0, 0, 0, 0, 0, 0, 0, 0, 0, 0, 0, 0, 0, 0, 0, 0, 0, 0, 0, 0, 0, 0, 0, 0, 0, 0, 0, 0, 0, 4029.0, 0, 2744.167334471696, 0, 0, 0, 0, 2281.748080464271, 1284.8326655283042, 0, 2268.6254857503845, 2052.8972017248157, 4029.0, 4029.0, 0, 0, 0, 4029.0, 4029.0, 1976.1027982751843, 1969.4249381903867, 1747.251919535729, 4029.0, 1760.3745142496157, 2059.5750618096135]","[0, 0, 0, 0, 0, 0, 0, 0, 0, 0, 0, 0, 0, 0, 0, 0, 0, 0, 0, 0, 0, 0, 0, 0, 0, 0, 0, 0, 0, 0, 0, 0, 0, 0, 0, 0, 0, 0, 0, 0, 0, 0, 0, 0, 0, 0, 0, 0, 0, 0, 0, 0, 0, 0, 0, 0, 0, 0, 0, 0, 0, 0, 0, 0, 0, 0, 0, 0, 0, 0, 0, 0, 0, 0, 0, 0, 0, 0, 0, 0, 0, 0, 0, 0, 0, 0, 0, 0, 0, 0, 0, 0, 0, 0, 0, 0, (90.52506666666666, 0.3320666666666667, 0.2432666666666667), 0, (536.8704, 0.009266666666666668, 0.0106), 0, 0, 0, 0, (713.031, 0.7426, 1.2830666666666666), (767.5571333333334, 0.08106666666666666, 0.391), 0, (36.35026666666667, 0.25166666666666665, 0.0012), (55.92373333333333, 0.0009333333333333332, 6.666666666666668e-05), (230.686, 0.866, 0.3906666666666667), (77.5942, 0.00046666666666666666, 0.0014), 0, 0, 0, (222.2978, 0.6696, 0.0051333333333333335), (369.0984, 16.1096, 2.579733333333333), (486.5389333333335, 0.012733333333333333, 0.18919999999999998), (0.0, 0.0044, 0.0), (110.71433333333331, 0.20726666666666668, 0.17506666666666665), (398.45840000000004, 0.0016666666666666668, 0.0003333333333333333), (176.16013333333333, 1.632466666666667, 0.017733333333333334), (32.15606666666666, 0.0009333333333333332, 6.666666666666668e-05)]","[0, 0, 0, 0, 0, 0, 0, 0, 0, 0, 0, 0, 0, 0, 0, 0, 0, 0, 0, 0, 0, 0, 0, 0, 0, 0, 0, 0, 0, 0, 0, 0, 0, 0, 0, 0, 0, 0, 0, 0, 0, 0, 0, 0, 0, 0, 0, 0, 0, 0, 0, 0, 0, 0, 0, 0, 0, 0, 0, 0, 0, 0, 0, 0, 0, 0, 0, 0, 0, 0, 0, 0, 0, 0, 0, 0, 0, 0, 0, 0, 0, 0, 0, 0, 0, 0, 0, 0, 0, 0, 0, 0, 0, 0, 0, 0, (1, 0.0002333333333333333, 0.0568888888888889), 0, (2, 0.0, 0.0023777777777777777), 0, 0, 0, 0, (1, 0.0019333333333333331, 0.002327777777777778), (3, 0.0, 0.02345), 0, (1, 0.0, 0.05533333333333333), (1, 0.0, 0.0006555555555555555), (3, 1.666666666666667e-05, 0.0003444444444444445), (1, 0.0, 0.001627777777777778), 0, 0, 0, (3, 0.0, 0.0005), (2, 0.0, 0.00225), (2, 0.07660000000000003, 0.0032111111111111108), (1, 0.0, 0.0008277777777777778), (1, 0.0002333333333333333, 0.05122222222222223), (1, 0.015133333333333334, 0.0009777777777777777), (3, 0.0, 0.0001388888888888889), (1, 0.0, 0.000638888888888889)]","[-1, -1, -1, -1, -1, -1, -1, -1, -1, -1, -1, -1, -1, -1, -1, -1, -1, -1, -1, -1, -1, -1, -1, -1, -1, -1, -1, -1, -1, -1, -1, -1, -1, -1, -1, -1, -1, -1, -1, -1, -1, -1, -1, -1, -1, -1, -1, -1, -1, -1, -1, -1, -1, -1, -1, -1, -1, -1, -1, -1, -1, -1, -1, -1, -1, -1, -1, -1, -1, -1, -1, -1, -1, -1, -1, -1, -1, -1, -1, -1, -1, -1, -1, -1, -1, -1, -1, -1, -1, -1, -1, -1, -1, -1, -1, -1, 4, -1, 0, -1, -1, -1, -1, 14, 0, -1, 3, 5, 7, 8, -1, -1, -1, 2, 10, 5, 13, 14, 15, 3, 13]","[False, False, False, False, False, False, False, False, False, False, False, False, False, False, False, False, False, False, False, False, False, False, False, False, False, False, False, False, False, False, False, False, False, False, False, False, False, False, False, False, False, False, False, False, False, False, False, False, False, False, False, False, False, False, False, False, False, False, False, False, False, False, False, False, False, False, False, False, False, False, False, False, False, False, False, False, False, False, False, False, False, False, False, False, False, False, False, False, False, False, False, False, False, False, False, False, True, False, True, False, False, False, False, True, True, False, True, True, True, True, False, False, False, True, True, True, True, True, True, True, True]"
74,"[0, 0, 0, 0, 0, 0, 0, 0, 0, 0, 0, 0, 0, 0, 0, 0, 0, 0, 0, 0, 0, 0, 0, 0, 0, 0, 0, 0, 0, 0, 0, 0, 0, 0, 0, 0, 0, 0, 0, 0, 0, 0, 0, 0, 0, 0, 0, 0, 0, 0, 0, 0, 0, 0, 0, 0, 0, 0, 0, 0, 0, 0, 0, 0, 0, 0, 0, 0, 0, 0, 0, 0, 0, 0, 0, 0, 0, 0, 0, 0, 0, 0, 0, 0, 0, 0, 0, 0, 0, 0, 0, 0, 0, 0, 0, 0, 0, 0, 2450.6496444343047, 0, 0, 0, 0, 2079.788639958885, 931.5504308882199, 0, 1654.15444542348, 637.7281015282955, 1465.6427238431045, 1165.2726485144767, 0, 0, 0, 0, 1826.3731494030244, 0, 0, 1845.861124904825, 655.6824310786097, 1875.0732823255908, 647.744773280049, 1235.3895160495777]","[0, 0, 0, 0, 0, 0, 1, 2, 2, 2, 3, 3, 3, 3, 3, 4, 4, 4, 4, 4, 4, 4, 4, 5, 5, 5, 5, 5, 5, 6, 6, 6, 6, 6, 6, 6, 7, 7, 7, 7, 7, 8, 8, 8, 8, 8, 8, 9, 9, 9, 9, 9, 10, 10, 10, 11, 12, 12, 12, 12, 13, 13, 13, 14, 14, 14, 14, 14, 15, 15, 16, 16, 16, 16, 16, 16, 16, 17, 17, 17, 17, 17, 17, 17, 18, 18, 18, 19, 19, 19, 19, 20, 20, 20, 20, 21, 21, 21, 21, 21, 21, 22, 22, 22, 22, 23, 23, 23, 23, 24, 24, 24, 24, 25, 25, 25, 25, 25, 26, 26, 26, 26]","[1, 1, 1, 1, 1, 1, 2, 3, 3, 3, 4, 4, 4, 4, 5, 6, 5, 5, 5, 8, 8, 9, 9, 11, 14, 12, 17, 15, 17, 17, 19, 17, 18, 18, 19, 19, 22, 26, 25, 24, 26, 28, 26, 27, 27, 27, 28, 29, 31, 32, 31, 32, 33, 35, 35, 35, 36, 36, 37, 39, 41, 40, 42, 43, 43, 44, 45, 45, 45, 45, 46, 47, 47, 50, 49, 49, 49, 50, 52, 52, 54, 54, 54, 56, 56, 56, 57, 57, 57, 59, 58, 58, 59, 59, 59, 60, 61, 62, 63, 64, 64, 64, 65, 66, 66, 68, 68, 68, 69, 69, 69, 69, 71, 70, 71, 70, 71, 72, 72, 73, 73, 74]","[5, 5, 3, 19, 26, 8, 16, 9, 9, 27, 23, 18, 12, 8, 20, 17, 12, 11, 14, 17, 24, 16, 15, 19, 30, 35, 36, 17, 32, 31, 29, 24, 25, 27, 26, 27, 30, 45, 40, 27, 36, 44, 39, 35, 33, 34, 45, 37, 43, 42, 40, 45, 56, 43, 49, 49, 48, 46, 45, 47, 52, 47, 49, 57, 53, 51, 57, 50, 57, 69, 58, 54, 59, 68, 54, 56, 59, 56, 58, 63, 64, 58, 60, 66, 62, 59, 64, 64, 61, 69, 69, 66, 70, 65, 69, 68, -1, 72, -1, 68, 70, 71, 72, -1, -1, 70, -1, -1, -1, -1, 70, 72, 73, 74, -1, -1, -1, -1, -1, -1, -1, -1]","[0, 0, 0, 0, 0, 0, 0, 0, 0, 0, 0, 0, 0, 0, 0, 0, 0, 0, 0, 0, 0, 0, 0, 0, 0, 0, 0, 0, 0, 0, 0, 0, 0, 0, 0, 0, 0, 0, 0, 0, 0, 0, 0, 0, 0, 0, 0, 0, 0, 0, 0, 0, 0, 0, 0, 0, 0, 0, 0, 0, 0, 0, 0, 0, 0, 0, 0, 0, 0, 0, 0, 0, 0, 0, 0, 0, 0, 0, 0, 0, 0, 0, 0, 0, 0, 0, 0, 0, 0, 0, 0, 0, 0, 0, 0, 0, 4029.0, 0, 4029.0, 0, 0, 0, 0, 4029.0, 1557.3446529916973, 0, 2108.755860790188, 2333.3640507641476, 1920.2441392098124, 4029.0, 0, 0, 0, 0, 2309.9918166767234, 1695.6359492358522, 4029.0, 2471.6553470083027, 1404.8045743765097, 2624.1954256234903, 4029.0, 1719.0081833232766]","[0, 0, 0, 0, 0, 0, 0, 0, 0, 0, 0, 0, 0, 0, 0, 0, 0, 0, 0, 0, 0, 0, 0, 0, 0, 0, 0, 0, 0, 0, 0, 0, 0, 0, 0, 0, 0, 0, 0, 0, 0, 0, 0, 0, 0, 0, 0, 0, 0, 0, 0, 0, 0, 0, 0, 0, 0, 0, 0, 0, 0, 0, 0, 0, 0, 0, 0, 0, 0, 0, 0, 0, 0, 0, 0, 0, 0, 0, 0, 0, 0, 0, 0, 0, 0, 0, 0, 0, 0, 0, 0, 0, 0, 0, 0, 0, (126.996, 0.5407333333333333, 0.289), 0, (738.197, 0.009333333333333334, 0.0108), 0, 0, 0, 0, (458.5768, 0.723, 1.306), (796.9172, 0.0888, 0.33713333333333334), 0, (36.35046666666667, 0.2538666666666667, 0.0013333333333333333), (48.234, 0.001066666666666667, 0.0), (331.3495333333333, 4.365933333333333, 0.022533333333333336), (69.2056, 0.00046666666666666666, 0.0013333333333333333), 0, 0, 0, 0, (268.4352, 13.852799999999998, 1.682), (462.072, 0.012733333333333333, 0.18913333333333332), (0.0, 0.0046, 0.00013333333333333334), (109.4118, 0.21166666666666664, 0.17653333333333332), (349.5247333333333, 0.0023333333333333335, 0.003), (214.6078, 3.082733333333333, 0.04673333333333334), (35.6514, 0.001, 0.0), (267.736, 0.28726666666666667, 0.0504)]","[0, 0, 0, 0, 0, 0, 0, 0, 0, 0, 0, 0, 0, 0, 0, 0, 0, 0, 0, 0, 0, 0, 0, 0, 0, 0, 0, 0, 0, 0, 0, 0, 0, 0, 0, 0, 0, 0, 0, 0, 0, 0, 0, 0, 0, 0, 0, 0, 0, 0, 0, 0, 0, 0, 0, 0, 0, 0, 0, 0, 0, 0, 0, 0, 0, 0, 0, 0, 0, 0, 0, 0, 0, 0, 0, 0, 0, 0, 0, 0, 0, 0, 0, 0, 0, 0, 0, 0, 0, 0, 0, 0, 0, 0, 0, 0, (1, 0.0001, 0.059855555555555565), 0, (2, 0.0, 0.0023666666666666667), 0, 0, 0, 0, (1, 0.059366666666666665, 0.06801666666666667), (3, 0.0, 0.019), 0, (1, 0.0, 0.0559388888888889), (1, 0.0, 0.0006055555555555556), (3, 0.0, 0.00019444444444444446), (1, 0.0, 0.0005499999999999999), 0, 0, 0, 0, (2, 0.0, 0.005916666666666666), (2, 0.07893333333333334, 0.003822222222222222), (1, 0.0, 0.0008111111111111112), (1, 0.00011666666666666667, 0.05212222222222222), (1, 0.01145, 0.0009944444444444447), (3, 0.0, 0.00015555555555555556), (1, 0.0, 0.0006222222222222223), (1, 0.0, 0.0011611111111111112)]","[-1, -1, -1, -1, -1, -1, -1, -1, -1, -1, -1, -1, -1, -1, -1, -1, -1, -1, -1, -1, -1, -1, -1, -1, -1, -1, -1, -1, -1, -1, -1, -1, -1, -1, -1, -1, -1, -1, -1, -1, -1, -1, -1, -1, -1, -1, -1, -1, -1, -1, -1, -1, -1, -1, -1, -1, -1, -1, -1, -1, -1, -1, -1, -1, -1, -1, -1, -1, -1, -1, -1, -1, -1, -1, -1, -1, -1, -1, -1, -1, -1, -1, -1, -1, -1, -1, -1, -1, -1, -1, -1, -1, -1, -1, -1, -1, 2, -1, 1, -1, -1, -1, -1, 14, 0, -1, 6, 5, 6, 9, -1, -1, -1, -1, 11, 5, 12, 0, 3, 3, 13, 11]","[False, False, False, False, False, False, False, False, False, False, False, False, False, False, False, False, False, False, False, False, False, False, False, False, False, False, False, False, False, False, False, False, False, False, False, False, False, False, False, False, False, False, False, False, False, False, False, False, False, False, False, False, False, False, False, False, False, False, False, False, False, False, False, False, False, False, False, False, False, False, False, False, False, False, False, False, False, False, False, False, False, False, False, False, False, False, False, False, False, False, False, False, False, False, False, False, True, False, True, False, False, False, False, True, True, False, True, True, True, True, False, False, False, False, True, True, True, True, True, True, True, True]"
75,"[0, 0, 0, 0, 0, 0, 0, 0, 0, 0, 0, 0, 0, 0, 0, 0, 0, 0, 0, 0, 0, 0, 0, 0, 0, 0, 0, 0, 0, 0, 0, 0, 0, 0, 0, 0, 0, 0, 0, 0, 0, 0, 0, 0, 0, 0, 0, 0, 0, 0, 0, 0, 0, 0, 0, 0, 0, 0, 0, 0, 0, 0, 0, 0, 0, 0, 0, 0, 0, 0, 0, 0, 0, 0, 0, 0, 0, 0, 0, 0, 0, 0, 0, 0, 0, 0, 0, 0, 0, 0, 0, 0, 0, 0, 0, 0, 0, 0, 2453.616532623692, 0, 0, 0, 0, 2871.947793837662, 1008.3449108539154, 0, 1678.80244212681, 0, 1851.3381774860268, 1178.6282089559033, 0, 0, 0, 0, 1612.6841520322869, 0, 0, 1812.9971286157179, 640.84798693656, 1510.1460454172877, 631.0503203604601, 1235.3895160495777, 1646.6233023008167, 1154.1194728238213, 1578.3845313240047]","[0, 0, 0, 0, 0, 0, 1, 2, 2, 2, 3, 3, 3, 3, 3, 4, 4, 4, 4, 4, 4, 4, 4, 5, 5, 5, 5, 5, 5, 6, 6, 6, 6, 6, 6, 6, 7, 7, 7, 7, 7, 8, 8, 8, 8, 8, 8, 9, 9, 9, 9, 9, 10, 10, 10, 11, 12, 12, 12, 12, 13, 13, 13, 14, 14, 14, 14, 14, 15, 15, 16, 16, 16, 16, 16, 16, 16, 17, 17, 17, 17, 17, 17, 17, 18, 18, 18, 19, 19, 19, 19, 20, 20, 20, 20, 21, 21, 21, 21, 21, 21, 22, 22, 22, 22, 23, 23, 23, 23, 24, 24, 24, 24, 25, 25, 25, 25, 25, 26, 26, 26, 26, 27, 27, 27]","[1, 1, 1, 1, 1, 1, 2, 3, 3, 3, 4, 4, 4, 4, 5, 6, 5, 5, 5, 8, 8, 9, 9, 11, 14, 12, 17, 15, 17, 17, 19, 17, 18, 18, 19, 19, 22, 26, 25, 24, 26, 28, 26, 27, 27, 27, 28, 29, 31, 32, 31, 32, 33, 35, 35, 35, 36, 36, 37, 39, 41, 40, 42, 43, 43, 44, 45, 45, 45, 45, 46, 47, 47, 50, 49, 49, 49, 50, 52, 52, 54, 54, 54, 56, 56, 56, 57, 57, 57, 59, 58, 58, 59, 59, 59, 60, 61, 62, 63, 64, 64, 64, 65, 66, 66, 68, 68, 68, 69, 69, 69, 69, 71, 70, 71, 70, 71, 72, 72, 73, 73, 74, 75, 75, 75]","[5, 5, 3, 19, 26, 8, 16, 9, 9, 27, 23, 18, 12, 8, 20, 17, 12, 11, 14, 17, 24, 16, 15, 19, 30, 35, 36, 17, 32, 31, 29, 24, 25, 27, 26, 27, 30, 45, 40, 27, 36, 44, 39, 35, 33, 34, 45, 37, 43, 42, 40, 45, 56, 43, 49, 49, 48, 46, 45, 47, 52, 47, 49, 57, 53, 51, 57, 50, 57, 69, 58, 54, 59, 68, 54, 56, 59, 56, 58, 63, 64, 58, 60, 66, 62, 59, 64, 64, 61, 69, 69, 66, 70, 65, 69, 68, 75, 72, -1, 68, 70, 71, 72, -1, -1, 70, -1, -1, -1, -1, 70, 72, 73, 74, -1, 75, 75, -1, -1, -1, -1, -1, -1, -1, -1]","[0, 0, 0, 0, 0, 0, 0, 0, 0, 0, 0, 0, 0, 0, 0, 0, 0, 0, 0, 0, 0, 0, 0, 0, 0, 0, 0, 0, 0, 0, 0, 0, 0, 0, 0, 0, 0, 0, 0, 0, 0, 0, 0, 0, 0, 0, 0, 0, 0, 0, 0, 0, 0, 0, 0, 0, 0, 0, 0, 0, 0, 0, 0, 0, 0, 0, 0, 0, 0, 0, 0, 0, 0, 0, 0, 0, 0, 0, 0, 0, 0, 0, 0, 0, 0, 0, 0, 0, 0, 0, 0, 0, 0, 0, 0, 0, 0, 0, 4029.0, 0, 0, 0, 0, 4029.0, 4029.0, 0, 1928.2321323203917, 4029.0, 2100.7678676796086, 1780.5024533275434, 0, 0, 0, 0, 2203.1473179913546, 0, 0, 4029.0, 4029.0, 4029.0, 4029.0, 1825.8526820086454, 2248.497546672457, 4029.0, 4029.0]","[0, 0, 0, 0, 0, 0, 0, 0, 0, 0, 0, 0, 0, 0, 0, 0, 0, 0, 0, 0, 0, 0, 0, 0, 0, 0, 0, 0, 0, 0, 0, 0, 0, 0, 0, 0, 0, 0, 0, 0, 0, 0, 0, 0, 0, 0, 0, 0, 0, 0, 0, 0, 0, 0, 0, 0, 0, 0, 0, 0, 0, 0, 0, 0, 0, 0, 0, 0, 0, 0, 0, 0, 0, 0, 0, 0, 0, 0, 0, 0, 0, 0, 0, 0, 0, 0, 0, 0, 0, 0, 0, 0, 0, 0, 0, 0, 0, 0, (352.32120000000003, 0.0094, 0.010866666666666667), 0, 0, 0, 0, (824.879, 0.7441333333333333, 1.3625333333333334), (700.4481333333333, 0.07953333333333333, 0.389), 0, (71.3028, 0.24086666666666667, 0.0012), (35.6514, 0.001, 6.666666666666668e-05), (478.1502, 3.8014, 0.020733333333333333), (82.4876, 0.0007333333333333332, 0.002), 0, 0, 0, 0, (383.0794, 15.210066666666668, 1.8525333333333331), 0, 0, (108.76053333333334, 0.20446666666666666, 0.17406666666666665), (475.3542666666667, 0.0017333333333333335, 0.0003333333333333333), (434.80906666666664, 2.7484, 0.018466666666666666), (48.234, 0.001066666666666667, 0.0), (279.6198, 0.2951333333333333, 0.05206666666666667), (125.829, 0.9397333333333332, 0.7602666666666668), (176.16013333333333, 1.632466666666667, 0.017733333333333334), (223.696, 0.11593333333333333, 0.0992)]","[0, 0, 0, 0, 0, 0, 0, 0, 0, 0, 0, 0, 0, 0, 0, 0, 0, 0, 0, 0, 0, 0, 0, 0, 0, 0, 0, 0, 0, 0, 0, 0, 0, 0, 0, 0, 0, 0, 0, 0, 0, 0, 0, 0, 0, 0, 0, 0, 0, 0, 0, 0, 0, 0, 0, 0, 0, 0, 0, 0, 0, 0, 0, 0, 0, 0, 0, 0, 0, 0, 0, 0, 0, 0, 0, 0, 0, 0, 0, 0, 0, 0, 0, 0, 0, 0, 0, 0, 0, 0, 0, 0, 0, 0, 0, 0, 0, 0, (2, 0.0, 0.002344444444444444), 0, 0, 0, 0, (1, 1.0255833333333333, 0.54465), (3, 0.0, 0.019427777777777776), 0, (1, 0.0, 0.05382777777777778), (1, 0.0, 0.000638888888888889), (3, 0.0428, 0.01527777777777778), (1, 0.0, 0.0005722222222222222), 0, 0, 0, 0, (2, 0.0, 0.0036999999999999997), 0, 0, (1, 0.0, 0.05014999999999999), (1, 0.015333333333333336, 0.0008833333333333333), (3, 0.0, 0.00023888888888888888), (1, 0.0, 0.0006333333333333333), (1, 0.0, 0.0009000000000000001), (2, 0.0, 0.009888888888888888), (3, 0.0, 0.0001388888888888889), (2, 0.0, 0.0010277777777777776)]","[-1, -1, -1, -1, -1, -1, -1, -1, -1, -1, -1, -1, -1, -1, -1, -1, -1, -1, -1, -1, -1, -1, -1, -1, -1, -1, -1, -1, -1, -1, -1, -1, -1, -1, -1, -1, -1, -1, -1, -1, -1, -1, -1, -1, -1, -1, -1, -1, -1, -1, -1, -1, -1, -1, -1, -1, -1, -1, -1, -1, -1, -1, -1, -1, -1, -1, -1, -1, -1, -1, -1, -1, -1, -1, -1, -1, -1, -1, -1, -1, -1, -1, -1, -1, -1, -1, -1, -1, -1, -1, -1, -1, -1, -1, -1, -1, -1, -1, 1, -1, -1, -1, -1, 12, 0, -1, 6, 7, 6, 8, -1, -1, -1, -1, 11, -1, -1, 2, 3, 4, 10, 11, 8, 15, 5]","[False, False, False, False, False, False, False, False, False, False, False, False, False, False, False, False, False, False, False, False, False, False, False, False, False, False, False, False, False, False, False, False, False, False, False, False, False, False, False, False, False, False, False, False, False, False, False, False, False, False, False, False, False, False, False, False, False, False, False, False, False, False, False, False, False, False, False, False, False, False, False, False, False, False, False, False, False, False, False, False, False, False, False, False, False, False, False, False, False, False, False, False, False, False, False, False, False, False, True, False, False, False, False, True, True, False, True, True, True, True, False, False, False, False, True, False, False, True, True, True, True, True, True, True, True]"
76,"[0, 0, 0, 0, 0, 0, 0, 0, 0, 0, 0, 0, 0, 0, 0, 0, 0, 0, 0, 0, 0, 0, 0, 0, 0, 0, 0, 0, 0, 0, 0, 0, 0, 0, 0, 0, 0, 0, 0, 0, 0, 0, 0, 0, 0, 0, 0, 0, 0, 0, 0, 0, 0, 0, 0, 0, 0, 0, 0, 0, 0, 0, 0, 0, 0, 0, 0, 0, 0, 0, 0, 0, 0, 0, 0, 0, 0, 0, 0, 0, 0, 0, 0, 0, 0, 0, 0, 0, 0, 0, 0, 0, 0, 0, 0, 0, 0, 0, 2495.1529672751212, 0, 0, 0, 0, 1993.7488816724258, 0, 0, 1615.8131172183, 0, 1646.6228982447833, 1165.2726485144767, 0, 0, 0, 0, 1499.1618721790824, 0, 0, 1886.9411202662081, 0, 1501.2453811024511, 644.4058826961312, 1128.5450173642087, 1622.8881916370212, 1875.0732823255908, 1566.5169784569066]","[0, 0, 0, 0, 0, 0, 1, 2, 2, 2, 3, 3, 3, 3, 3, 4, 4, 4, 4, 4, 4, 4, 4, 5, 5, 5, 5, 5, 5, 6, 6, 6, 6, 6, 6, 6, 7, 7, 7, 7, 7, 8, 8, 8, 8, 8, 8, 9, 9, 9, 9, 9, 10, 10, 10, 11, 12, 12, 12, 12, 13, 13, 13, 14, 14, 14, 14, 14, 15, 15, 16, 16, 16, 16, 16, 16, 16, 17, 17, 17, 17, 17, 17, 17, 18, 18, 18, 19, 19, 19, 19, 20, 20, 20, 20, 21, 21, 21, 21, 21, 21, 22, 22, 22, 22, 23, 23, 23, 23, 24, 24, 24, 24, 25, 25, 25, 25, 25, 26, 26, 26, 26, 27, 27, 27]","[1, 1, 1, 1, 1, 1, 2, 3, 3, 3, 4, 4, 4, 4, 5, 6, 5, 5, 5, 8, 8, 9, 9, 11, 14, 12, 17, 15, 17, 17, 19, 17, 18, 18, 19, 19, 22, 26, 25, 24, 26, 28, 26, 27, 27, 27, 28, 29, 31, 32, 31, 32, 33, 35, 35, 35, 36, 36, 37, 39, 41, 40, 42, 43, 43, 44, 45, 45, 45, 45, 46, 47, 47, 50, 49, 49, 49, 50, 52, 52, 54, 54, 54, 56, 56, 56, 57, 57, 57, 59, 58, 58, 59, 59, 59, 60, 61, 62, 63, 64, 64, 64, 65, 66, 66, 68, 68, 68, 69, 69, 69, 69, 71, 70, 71, 70, 71, 72, 72, 73, 73, 74, 75, 75, 75]","[5, 5, 3, 19, 26, 8, 16, 9, 9, 27, 23, 18, 12, 8, 20, 17, 12, 11, 14, 17, 24, 16, 15, 19, 30, 35, 36, 17, 32, 31, 29, 24, 25, 27, 26, 27, 30, 45, 40, 27, 36, 44, 39, 35, 33, 34, 45, 37, 43, 42, 40, 45, 56, 43, 49, 49, 48, 46, 45, 47, 52, 47, 49, 57, 53, 51, 57, 50, 57, 69, 58, 54, 59, 68, 54, 56, 59, 56, 58, 63, 64, 58, 60, 66, 62, 59, 64, 64, 61, 69, 69, 66, 70, 65, 69, 68, 75, 72, -1, 68, 70, 71, 72, -1, -1, 70, -1, 76, -1, -1, 70, 72, 73, 74, -1, 75, 75, -1, -1, -1, -1, -1, -1, -1, -1]","[0, 0, 0, 0, 0, 0, 0, 0, 0, 0, 0, 0, 0, 0, 0, 0, 0, 0, 0, 0, 0, 0, 0, 0, 0, 0, 0, 0, 0, 0, 0, 0, 0, 0, 0, 0, 0, 0, 0, 0, 0, 0, 0, 0, 0, 0, 0, 0, 0, 0, 0, 0, 0, 0, 0, 0, 0, 0, 0, 0, 0, 0, 0, 0, 0, 0, 0, 0, 0, 0, 0, 0, 0, 0, 0, 0, 0, 0, 0, 0, 0, 0, 0, 0, 0, 0, 0, 0, 0, 0, 0, 0, 0, 0, 0, 0, 0, 0, 4029.0, 0, 0, 0, 0, 4029.0, 4029.0, 0, 4029.0, 0, 4029.0, 4029.0, 0, 0, 0, 0, 4029.0, 0, 0, 4029.0, 4029.0, 2442.91974920316, 1586.0802507968401, 4029.0, 4029.0, 4029.0, 4029.0]","[0, 0, 0, 0, 0, 0, 0, 0, 0, 0, 0, 0, 0, 0, 0, 0, 0, 0, 0, 0, 0, 0, 0, 0, 0, 0, 0, 0, 0, 0, 0, 0, 0, 0, 0, 0, 0, 0, 0, 0, 0, 0, 0, 0, 0, 0, 0, 0, 0, 0, 0, 0, 0, 0, 0, 0, 0, 0, 0, 0, 0, 0, 0, 0, 0, 0, 0, 0, 0, 0, 0, 0, 0, 0, 0, 0, 0, 0, 0, 0, 0, 0, 0, 0, 0, 0, 0, 0, 0, 0, 0, 0, 0, 0, 0, 0, 0, 0, (218.1036, 0.009333333333333334, 0.010666666666666666), 0, 0, 0, 0, (721.4196, 0.7326, 1.4462000000000002), (637.534, 0.09033333333333332, 0.3533333333333333), 0, (46.137, 0.22346666666666667, 0.0013333333333333333), 0, (450.887, 3.747866666666667, 0.0224), (81.08953333333334, 0.0002666666666666667, 0.001), 0, 0, 0, 0, (279.62, 9.749466666666667, 1.610333333333333), 0, 0, (115.2732, 0.21046666666666666, 0.17566666666666664), (552.2496, 0.0023333333333333335, 0.0028666666666666667), (348.1266, 1.8001333333333334, 0.6946), (41.94273333333333, 0.0009333333333333332, 6.666666666666668e-05), (271.93059999999997, 0.26839999999999997, 0.0528), (139.81, 0.972, 0.7780666666666667), (214.6078, 3.082733333333333, 0.04673333333333334), (268.4352, 0.11646666666666668, 0.09953333333333332)]","[0, 0, 0, 0, 0, 0, 0, 0, 0, 0, 0, 0, 0, 0, 0, 0, 0, 0, 0, 0, 0, 0, 0, 0, 0, 0, 0, 0, 0, 0, 0, 0, 0, 0, 0, 0, 0, 0, 0, 0, 0, 0, 0, 0, 0, 0, 0, 0, 0, 0, 0, 0, 0, 0, 0, 0, 0, 0, 0, 0, 0, 0, 0, 0, 0, 0, 0, 0, 0, 0, 0, 0, 0, 0, 0, 0, 0, 0, 0, 0, 0, 0, 0, 0, 0, 0, 0, 0, 0, 0, 0, 0, 0, 0, 0, 0, 0, 0, (2, 0.0, 0.002655555555555556), 0, 0, 0, 0, (1, 0.0, 0.0003444444444444444), (3, 0.0, 0.015172222222222219), 0, (1, 5e-05, 0.05402777777777778), 0, (3, 1.666666666666667e-05, 0.0003444444444444445), (1, 0.0, 0.000538888888888889), 0, 0, 0, 0, (2, 0.05768333333333333, 0.023244444444444446), 0, 0, (1, 0.0, 0.05059444444444444), (1, 0.0116, 0.001061111111111111), (3, 0.0, 0.00039999999999999996), (1, 0.0, 0.0006222222222222223), (1, 0.0, 0.00115), (2, 0.0, 0.011461111111111111), (3, 0.0, 0.00015555555555555556), (2, 0.0, 0.0009611111111111112)]","[-1, -1, -1, -1, -1, -1, -1, -1, -1, -1, -1, -1, -1, -1, -1, -1, -1, -1, -1, -1, -1, -1, -1, -1, -1, -1, -1, -1, -1, -1, -1, -1, -1, -1, -1, -1, -1, -1, -1, -1, -1, -1, -1, -1, -1, -1, -1, -1, -1, -1, -1, -1, -1, -1, -1, -1, -1, -1, -1, -1, -1, -1, -1, -1, -1, -1, -1, -1, -1, -1, -1, -1, -1, -1, -1, -1, -1, -1, -1, -1, -1, -1, -1, -1, -1, -1, -1, -1, -1, -1, -1, -1, -1, -1, -1, -1, -1, -1, 9, -1, -1, -1, -1, 5, 7, -1, 1, -1, 6, 2, -1, -1, -1, -1, 11, -1, -1, 13, 14, 3, 3, 4, 8, 15, 0]","[False, False, False, False, False, False, False, False, False, False, False, False, False, False, False, False, False, False, False, False, False, False, False, False, False, False, False, False, False, False, False, False, False, False, False, False, False, False, False, False, False, False, False, False, False, False, False, False, False, False, False, False, False, False, False, False, False, False, False, False, False, False, False, False, False, False, False, False, False, False, False, False, False, False, False, False, False, False, False, False, False, False, False, False, False, False, False, False, False, False, False, False, False, False, False, False, False, False, True, False, False, False, False, True, True, False, True, False, True, True, False, False, False, False, True, False, False, True, True, True, True, True, True, True, True]"
77,"[0, 0, 0, 0, 0, 0, 0, 0, 0, 0, 0, 0, 0, 0, 0, 0, 0, 0, 0, 0, 0, 0, 0, 0, 0, 0, 0, 0, 0, 0, 0, 0, 0, 0, 0, 0, 0, 0, 0, 0, 0, 0, 0, 0, 0, 0, 0, 0, 0, 0, 0, 0, 0, 0, 0, 0, 0, 0, 0, 0, 0, 0, 0, 0, 0, 0, 0, 0, 0, 0, 0, 0, 0, 0, 0, 0, 0, 0, 0, 0, 0, 0, 0, 0, 0, 0, 0, 0, 0, 0, 0, 0, 0, 0, 0, 0, 0, 0, 0, 0, 0, 0, 0, 2118.3581867769535, 0, 0, 1536.3917945075702, 0, 922.7022006380679, 1158.5948682937635, 0, 0, 0, 0, 1863.10094582612, 0, 0, 1906.1117847681867, 0, 976.1061865270877, 641.0669921122135, 1135.2227985320444, 1578.3848591424044, 1510.1460454172877, 1560.5832020233572, 520.8668579276933, 881.4670876440003]","[0, 0, 0, 0, 0, 0, 1, 2, 2, 2, 3, 3, 3, 3, 3, 4, 4, 4, 4, 4, 4, 4, 4, 5, 5, 5, 5, 5, 5, 6, 6, 6, 6, 6, 6, 6, 7, 7, 7, 7, 7, 8, 8, 8, 8, 8, 8, 9, 9, 9, 9, 9, 10, 10, 10, 11, 12, 12, 12, 12, 13, 13, 13, 14, 14, 14, 14, 14, 15, 15, 16, 16, 16, 16, 16, 16, 16, 17, 17, 17, 17, 17, 17, 17, 18, 18, 18, 19, 19, 19, 19, 20, 20, 20, 20, 21, 21, 21, 21, 21, 21, 22, 22, 22, 22, 23, 23, 23, 23, 24, 24, 24, 24, 25, 25, 25, 25, 25, 26, 26, 26, 26, 27, 27, 27, 28, 28]","[1, 1, 1, 1, 1, 1, 2, 3, 3, 3, 4, 4, 4, 4, 5, 6, 5, 5, 5, 8, 8, 9, 9, 11, 14, 12, 17, 15, 17, 17, 19, 17, 18, 18, 19, 19, 22, 26, 25, 24, 26, 28, 26, 27, 27, 27, 28, 29, 31, 32, 31, 32, 33, 35, 35, 35, 36, 36, 37, 39, 41, 40, 42, 43, 43, 44, 45, 45, 45, 45, 46, 47, 47, 50, 49, 49, 49, 50, 52, 52, 54, 54, 54, 56, 56, 56, 57, 57, 57, 59, 58, 58, 59, 59, 59, 60, 61, 62, 63, 64, 64, 64, 65, 66, 66, 68, 68, 68, 69, 69, 69, 69, 71, 70, 71, 70, 71, 72, 72, 73, 73, 74, 75, 75, 75, 77, 77]","[5, 5, 3, 19, 26, 8, 16, 9, 9, 27, 23, 18, 12, 8, 20, 17, 12, 11, 14, 17, 24, 16, 15, 19, 30, 35, 36, 17, 32, 31, 29, 24, 25, 27, 26, 27, 30, 45, 40, 27, 36, 44, 39, 35, 33, 34, 45, 37, 43, 42, 40, 45, 56, 43, 49, 49, 48, 46, 45, 47, 52, 47, 49, 57, 53, 51, 57, 50, 57, 69, 58, 54, 59, 68, 54, 56, 59, 56, 58, 63, 64, 58, 60, 66, 62, 59, 64, 64, 61, 69, 69, 66, 70, 65, 69, 68, 75, 72, -1, 68, 70, 71, 72, -1, 77, 70, -1, 76, -1, -1, 70, 72, 73, 74, -1, 75, 75, -1, 77, -1, -1, -1, -1, -1, -1, -1, -1]","[0, 0, 0, 0, 0, 0, 0, 0, 0, 0, 0, 0, 0, 0, 0, 0, 0, 0, 0, 0, 0, 0, 0, 0, 0, 0, 0, 0, 0, 0, 0, 0, 0, 0, 0, 0, 0, 0, 0, 0, 0, 0, 0, 0, 0, 0, 0, 0, 0, 0, 0, 0, 0, 0, 0, 0, 0, 0, 0, 0, 0, 0, 0, 0, 0, 0, 0, 0, 0, 0, 0, 0, 0, 0, 0, 0, 0, 0, 0, 0, 0, 0, 0, 0, 0, 0, 0, 0, 0, 0, 0, 0, 0, 0, 0, 0, 0, 0, 4029.0, 0, 0, 0, 0, 4029.0, 0, 0, 4029.0, 0, 4029.0, 4029.0, 0, 0, 0, 0, 4029.0, 0, 0, 4029.0, 0, 1713.3606636923419, 4029.0, 2321.6779703021757, 2315.6393363076586, 4029.0, 4029.0, 1707.3220296978243, 4029.0]","[0, 0, 0, 0, 0, 0, 0, 0, 0, 0, 0, 0, 0, 0, 0, 0, 0, 0, 0, 0, 0, 0, 0, 0, 0, 0, 0, 0, 0, 0, 0, 0, 0, 0, 0, 0, 0, 0, 0, 0, 0, 0, 0, 0, 0, 0, 0, 0, 0, 0, 0, 0, 0, 0, 0, 0, 0, 0, 0, 0, 0, 0, 0, 0, 0, 0, 0, 0, 0, 0, 0, 0, 0, 0, 0, 0, 0, 0, 0, 0, 0, 0, 0, 0, 0, 0, 0, 0, 0, 0, 0, 0, 0, 0, 0, 0, 0, 0, (134.2176, 0.009266666666666668, 0.010666666666666666), 0, 0, 0, 0, (626.3488000000001, 0.7791333333333333, 1.1652666666666667), 0, 0, (58.719800000000006, 0.21913333333333332, 0.0012), 0, (434.1098, 1.2283333333333333, 0.020466666666666664), (78.99233333333332, 0.0004, 0.0014), 0, 0, 0, 0, (338.34020000000004, 2.189, 3.0638666666666667), 0, 0, (97.689, 0.24573333333333333, 0.20893333333333336), 0, (230.686, 0.866, 0.3906666666666667), (39.8456, 0.0008666666666666667, 6.666666666666668e-05), (277.5227333333333, 0.25306666666666666, 0.0498), (184.5492, 0.9548666666666666, 0.7652666666666668), (434.80906666666664, 2.7484, 0.018466666666666666), (33.5544, 0.11626666666666668, 0.09953333333333332), (0.0, 0.0046, 6.666666666666668e-05), (95.9442, 0.019933333333333334, 0.0208)]","[0, 0, 0, 0, 0, 0, 0, 0, 0, 0, 0, 0, 0, 0, 0, 0, 0, 0, 0, 0, 0, 0, 0, 0, 0, 0, 0, 0, 0, 0, 0, 0, 0, 0, 0, 0, 0, 0, 0, 0, 0, 0, 0, 0, 0, 0, 0, 0, 0, 0, 0, 0, 0, 0, 0, 0, 0, 0, 0, 0, 0, 0, 0, 0, 0, 0, 0, 0, 0, 0, 0, 0, 0, 0, 0, 0, 0, 0, 0, 0, 0, 0, 0, 0, 0, 0, 0, 0, 0, 0, 0, 0, 0, 0, 0, 0, 0, 0, (2, 0.0, 0.0023833333333333337), 0, 0, 0, 0, (1, 0.0019833333333333335, 0.0026333333333333334), 0, 0, (1, 1.666666666666667e-05, 0.053094444444444444), 0, (3, 0.0, 0.0004555555555555556), (1, 0.0, 0.0005777777777777778), 0, 0, 0, 0, (2, 1.1261166666666667, 0.002977777777777778), 0, 0, (1, 0.0, 0.05149444444444444), 0, (3, 1.666666666666667e-05, 0.0003444444444444445), (1, 0.0, 0.000638888888888889), (1, 0.0, 0.001172222222222222), (2, 1.666666666666667e-05, 0.010605555555555557), (3, 0.0, 0.00023888888888888888), (2, 0.0, 0.000972222222222222), (1, 0.0, 0.0008722222222222223), (1, 0.0012, 0.05558333333333333)]","[-1, -1, -1, -1, -1, -1, -1, -1, -1, -1, -1, -1, -1, -1, -1, -1, -1, -1, -1, -1, -1, -1, -1, -1, -1, -1, -1, -1, -1, -1, -1, -1, -1, -1, -1, -1, -1, -1, -1, -1, -1, -1, -1, -1, -1, -1, -1, -1, -1, -1, -1, -1, -1, -1, -1, -1, -1, -1, -1, -1, -1, -1, -1, -1, -1, -1, -1, -1, -1, -1, -1, -1, -1, -1, -1, -1, -1, -1, -1, -1, -1, -1, -1, -1, -1, -1, -1, -1, -1, -1, -1, -1, -1, -1, -1, -1, -1, -1, 4, -1, -1, -1, -1, 1, -1, -1, 10, -1, 2, 12, -1, -1, -1, -1, 5, -1, -1, 13, -1, 3, 14, 0, 3, 6, 7, 0, 11]","[False, False, False, False, False, False, False, False, False, False, False, False, False, False, False, False, False, False, False, False, False, False, False, False, False, False, False, False, False, False, False, False, False, False, False, False, False, False, False, False, False, False, False, False, False, False, False, False, False, False, False, False, False, False, False, False, False, False, False, False, False, False, False, False, False, False, False, False, False, False, False, False, False, False, False, False, False, False, False, False, False, False, False, False, False, False, False, False, False, False, False, False, False, False, False, False, False, False, True, False, False, False, False, True, False, False, True, False, True, True, False, False, False, False, True, False, False, True, False, True, True, True, True, True, True, True, True]"
78,"[0, 0, 0, 0, 0, 0, 0, 0, 0, 0, 0, 0, 0, 0, 0, 0, 0, 0, 0, 0, 0, 0, 0, 0, 0, 0, 0, 0, 0, 0, 0, 0, 0, 0, 0, 0, 0, 0, 0, 0, 0, 0, 0, 0, 0, 0, 0, 0, 0, 0, 0, 0, 0, 0, 0, 0, 0, 0, 0, 0, 0, 0, 0, 0, 0, 0, 0, 0, 0, 0, 0, 0, 0, 0, 0, 0, 0, 0, 0, 0, 0, 0, 0, 0, 0, 0, 0, 0, 0, 0, 0, 0, 0, 0, 0, 0, 0, 0, 0, 0, 0, 0, 0, 2145.060180727923, 0, 0, 1618.55178351867, 0, 0, 1168.6115386248337, 0, 0, 0, 0, 2634.3846707111265, 0, 0, 1908.8504511256126, 0, 1465.6427238431045, 621.0336486087066, 1208.6783913782356, 1622.8881916370212, 1501.2453811024511, 1566.5169784569066, 2240.395480738335, 530.8835282724567, 754.589249271, 1155.2559781834066]","[0, 0, 0, 0, 0, 0, 1, 2, 2, 2, 3, 3, 3, 3, 3, 4, 4, 4, 4, 4, 4, 4, 4, 5, 5, 5, 5, 5, 5, 6, 6, 6, 6, 6, 6, 6, 7, 7, 7, 7, 7, 8, 8, 8, 8, 8, 8, 9, 9, 9, 9, 9, 10, 10, 10, 11, 12, 12, 12, 12, 13, 13, 13, 14, 14, 14, 14, 14, 15, 15, 16, 16, 16, 16, 16, 16, 16, 17, 17, 17, 17, 17, 17, 17, 18, 18, 18, 19, 19, 19, 19, 20, 20, 20, 20, 21, 21, 21, 21, 21, 21, 22, 22, 22, 22, 23, 23, 23, 23, 24, 24, 24, 24, 25, 25, 25, 25, 25, 26, 26, 26, 26, 27, 27, 27, 27, 28, 28, 28]","[1, 1, 1, 1, 1, 1, 2, 3, 3, 3, 4, 4, 4, 4, 5, 6, 5, 5, 5, 8, 8, 9, 9, 11, 14, 12, 17, 15, 17, 17, 19, 17, 18, 18, 19, 19, 22, 26, 25, 24, 26, 28, 26, 27, 27, 27, 28, 29, 31, 32, 31, 32, 33, 35, 35, 35, 36, 36, 37, 39, 41, 40, 42, 43, 43, 44, 45, 45, 45, 45, 46, 47, 47, 50, 49, 49, 49, 50, 52, 52, 54, 54, 54, 56, 56, 56, 57, 57, 57, 59, 58, 58, 59, 59, 59, 60, 61, 62, 63, 64, 64, 64, 65, 66, 66, 68, 68, 68, 69, 69, 69, 69, 71, 70, 71, 70, 71, 72, 72, 73, 73, 74, 75, 75, 75, 78, 77, 77, 78]","[5, 5, 3, 19, 26, 8, 16, 9, 9, 27, 23, 18, 12, 8, 20, 17, 12, 11, 14, 17, 24, 16, 15, 19, 30, 35, 36, 17, 32, 31, 29, 24, 25, 27, 26, 27, 30, 45, 40, 27, 36, 44, 39, 35, 33, 34, 45, 37, 43, 42, 40, 45, 56, 43, 49, 49, 48, 46, 45, 47, 52, 47, 49, 57, 53, 51, 57, 50, 57, 69, 58, 54, 59, 68, 54, 56, 59, 56, 58, 63, 64, 58, 60, 66, 62, 59, 64, 64, 61, 69, 69, 66, 70, 65, 69, 68, 75, 72, 78, 68, 70, 71, 72, -1, 77, 70, -1, 76, -1, -1, 70, 72, 73, 74, -1, 75, 75, -1, 77, -1, -1, -1, -1, -1, -1, -1, -1, -1, -1]","[0, 0, 0, 0, 0, 0, 0, 0, 0, 0, 0, 0, 0, 0, 0, 0, 0, 0, 0, 0, 0, 0, 0, 0, 0, 0, 0, 0, 0, 0, 0, 0, 0, 0, 0, 0, 0, 0, 0, 0, 0, 0, 0, 0, 0, 0, 0, 0, 0, 0, 0, 0, 0, 0, 0, 0, 0, 0, 0, 0, 0, 0, 0, 0, 0, 0, 0, 0, 0, 0, 0, 0, 0, 0, 0, 0, 0, 0, 0, 0, 0, 0, 0, 0, 0, 0, 0, 0, 0, 0, 0, 0, 0, 0, 0, 0, 0, 0, 0, 0, 0, 0, 0, 4029.0, 0, 0, 4029.0, 0, 4029.0, 4029.0, 0, 0, 0, 0, 2954.3977107200635, 0, 0, 4029.0, 0, 4029.0, 1747.38883521265, 4029.0, 1705.7463554493431, 4029.0, 4029.0, 2323.253644550657, 4029.0, 1074.6022892799367, 2281.61116478735]","[0, 0, 0, 0, 0, 0, 0, 0, 0, 0, 0, 0, 0, 0, 0, 0, 0, 0, 0, 0, 0, 0, 0, 0, 0, 0, 0, 0, 0, 0, 0, 0, 0, 0, 0, 0, 0, 0, 0, 0, 0, 0, 0, 0, 0, 0, 0, 0, 0, 0, 0, 0, 0, 0, 0, 0, 0, 0, 0, 0, 0, 0, 0, 0, 0, 0, 0, 0, 0, 0, 0, 0, 0, 0, 0, 0, 0, 0, 0, 0, 0, 0, 0, 0, 0, 0, 0, 0, 0, 0, 0, 0, 0, 0, 0, 0, 0, 0, 0, 0, 0, 0, 0, (542.4628, 0.7475333333333333, 1.4531333333333334), 0, 0, (46.1372, 0.21906666666666663, 0.0013333333333333333), 0, (243.2694, 1.3356666666666668, 0.18259999999999998), (67.10826666666667, 0.0004, 0.0014666666666666665), 0, 0, 0, 0, (408.2452, 3.357266666666667, 2.6136666666666666), 0, 0, (125.0422, 0.247, 0.19506666666666664), 0, (331.3495333333333, 4.365933333333333, 0.022533333333333336), (55.92373333333333, 0.0009333333333333332, 6.666666666666668e-05), (304.0866, 0.2961333333333333, 0.05726666666666666), (131.4214, 0.9578666666666666, 0.7716000000000001), (348.1266, 1.8001333333333334, 0.6946), (0.0, 0.1156, 0.0996), (973.0777333333333, 0.10640000000000001, 0.744), (0.0, 0.004733333333333333, 0.00013333333333333334), (96.9928, 0.020133333333333333, 0.014066666666666665), (67.10839999999999, 0.00013333333333333334, 0.001)]","[0, 0, 0, 0, 0, 0, 0, 0, 0, 0, 0, 0, 0, 0, 0, 0, 0, 0, 0, 0, 0, 0, 0, 0, 0, 0, 0, 0, 0, 0, 0, 0, 0, 0, 0, 0, 0, 0, 0, 0, 0, 0, 0, 0, 0, 0, 0, 0, 0, 0, 0, 0, 0, 0, 0, 0, 0, 0, 0, 0, 0, 0, 0, 0, 0, 0, 0, 0, 0, 0, 0, 0, 0, 0, 0, 0, 0, 0, 0, 0, 0, 0, 0, 0, 0, 0, 0, 0, 0, 0, 0, 0, 0, 0, 0, 0, 0, 0, 0, 0, 0, 0, 0, (1, 0.07328333333333333, 0.0468111111111111), 0, 0, (1, 0.0, 0.05315555555555555), 0, (3, 0.0, 0.0004166666666666667), (1, 0.0, 0.0005333333333333334), 0, 0, 0, 0, (2, 1.092625, 0.013255555555555555), 0, 0, (1, 3.3333333333333335e-05, 0.05121666666666667), 0, (3, 0.0, 0.00019444444444444446), (1, 0.0, 0.0006555555555555555), (1, 0.0, 0.0010444444444444444), (2, 0.0, 0.010555555555555558), (3, 0.0, 0.00039999999999999996), (2, 0.0, 0.00095), (3, 0.0, 0.025061111111111114), (1, 0.0, 0.0008388888888888889), (1, 0.0, 0.054338888888888895), (1, 0.0, 0.0005722222222222222)]","[-1, -1, -1, -1, -1, -1, -1, -1, -1, -1, -1, -1, -1, -1, -1, -1, -1, -1, -1, -1, -1, -1, -1, -1, -1, -1, -1, -1, -1, -1, -1, -1, -1, -1, -1, -1, -1, -1, -1, -1, -1, -1, -1, -1, -1, -1, -1, -1, -1, -1, -1, -1, -1, -1, -1, -1, -1, -1, -1, -1, -1, -1, -1, -1, -1, -1, -1, -1, -1, -1, -1, -1, -1, -1, -1, -1, -1, -1, -1, -1, -1, -1, -1, -1, -1, -1, -1, -1, -1, -1, -1, -1, -1, -1, -1, -1, -1, -1, -1, -1, -1, -1, -1, 8, -1, -1, 10, -1, 9, 6, -1, -1, -1, -1, 5, -1, -1, 7, -1, 3, 14, 0, 15, 1, 2, 15, 4, 5, 14]","[False, False, False, False, False, False, False, False, False, False, False, False, False, False, False, False, False, False, False, False, False, False, False, False, False, False, False, False, False, False, False, False, False, False, False, False, False, False, False, False, False, False, False, False, False, False, False, False, False, False, False, False, False, False, False, False, False, False, False, False, False, False, False, False, False, False, False, False, False, False, False, False, False, False, False, False, False, False, False, False, False, False, False, False, False, False, False, False, False, False, False, False, False, False, False, False, False, False, False, False, False, False, False, True, False, False, True, False, True, True, False, False, False, False, True, False, False, True, False, True, True, True, True, True, True, True, True, True, True]"
79,"[0, 0, 0, 0, 0, 0, 0, 0, 0, 0, 0, 0, 0, 0, 0, 0, 0, 0, 0, 0, 0, 0, 0, 0, 0, 0, 0, 0, 0, 0, 0, 0, 0, 0, 0, 0, 0, 0, 0, 0, 0, 0, 0, 0, 0, 0, 0, 0, 0, 0, 0, 0, 0, 0, 0, 0, 0, 0, 0, 0, 0, 0, 0, 0, 0, 0, 0, 0, 0, 0, 0, 0, 0, 0, 0, 0, 0, 0, 0, 0, 0, 0, 0, 0, 0, 0, 0, 0, 0, 0, 0, 0, 0, 0, 0, 0, 0, 0, 0, 0, 0, 0, 0, 2245.9343800982538, 0, 0, 1607.5971183171898, 0, 0, 0, 0, 0, 0, 0, 1779.6286812281753, 0, 0, 1714.4051397483977, 0, 1851.3381774860268, 0, 1225.3728442978247, 1596.1861921402513, 976.1061865270877, 1593.2189724078767, 1332.217282883153, 554.2557590769045, 754.589249271, 1151.9170880730503, 644.4058826961312]","[0, 0, 0, 0, 0, 0, 1, 2, 2, 2, 3, 3, 3, 3, 3, 4, 4, 4, 4, 4, 4, 4, 4, 5, 5, 5, 5, 5, 5, 6, 6, 6, 6, 6, 6, 6, 7, 7, 7, 7, 7, 8, 8, 8, 8, 8, 8, 9, 9, 9, 9, 9, 10, 10, 10, 11, 12, 12, 12, 12, 13, 13, 13, 14, 14, 14, 14, 14, 15, 15, 16, 16, 16, 16, 16, 16, 16, 17, 17, 17, 17, 17, 17, 17, 18, 18, 18, 19, 19, 19, 19, 20, 20, 20, 20, 21, 21, 21, 21, 21, 21, 22, 22, 22, 22, 23, 23, 23, 23, 24, 24, 24, 24, 25, 25, 25, 25, 25, 26, 26, 26, 26, 27, 27, 27, 27, 28, 28, 28, 28]","[1, 1, 1, 1, 1, 1, 2, 3, 3, 3, 4, 4, 4, 4, 5, 6, 5, 5, 5, 8, 8, 9, 9, 11, 14, 12, 17, 15, 17, 17, 19, 17, 18, 18, 19, 19, 22, 26, 25, 24, 26, 28, 26, 27, 27, 27, 28, 29, 31, 32, 31, 32, 33, 35, 35, 35, 36, 36, 37, 39, 41, 40, 42, 43, 43, 44, 45, 45, 45, 45, 46, 47, 47, 50, 49, 49, 49, 50, 52, 52, 54, 54, 54, 56, 56, 56, 57, 57, 57, 59, 58, 58, 59, 59, 59, 60, 61, 62, 63, 64, 64, 64, 65, 66, 66, 68, 68, 68, 69, 69, 69, 69, 71, 70, 71, 70, 71, 72, 72, 73, 73, 74, 75, 75, 75, 78, 77, 77, 78, 79]","[5, 5, 3, 19, 26, 8, 16, 9, 9, 27, 23, 18, 12, 8, 20, 17, 12, 11, 14, 17, 24, 16, 15, 19, 30, 35, 36, 17, 32, 31, 29, 24, 25, 27, 26, 27, 30, 45, 40, 27, 36, 44, 39, 35, 33, 34, 45, 37, 43, 42, 40, 45, 56, 43, 49, 49, 48, 46, 45, 47, 52, 47, 49, 57, 53, 51, 57, 50, 57, 69, 58, 54, 59, 68, 54, 56, 59, 56, 58, 63, 64, 58, 60, 66, 62, 59, 64, 64, 61, 69, 69, 66, 70, 65, 69, 68, 75, 72, 78, 68, 70, 71, 72, -1, 77, 70, -1, 76, 79, -1, 70, 72, 73, 74, -1, 75, 75, -1, 77, -1, -1, -1, -1, -1, -1, -1, -1, -1, -1, -1]","[0, 0, 0, 0, 0, 0, 0, 0, 0, 0, 0, 0, 0, 0, 0, 0, 0, 0, 0, 0, 0, 0, 0, 0, 0, 0, 0, 0, 0, 0, 0, 0, 0, 0, 0, 0, 0, 0, 0, 0, 0, 0, 0, 0, 0, 0, 0, 0, 0, 0, 0, 0, 0, 0, 0, 0, 0, 0, 0, 0, 0, 0, 0, 0, 0, 0, 0, 0, 0, 0, 0, 0, 0, 0, 0, 0, 0, 0, 0, 0, 0, 0, 0, 0, 0, 0, 0, 0, 0, 0, 0, 0, 0, 0, 0, 0, 0, 0, 0, 0, 0, 0, 0, 4029.0, 0, 0, 4029.0, 0, 0, 4029.0, 0, 0, 0, 0, 2416.2612473505437, 0, 0, 2594.5746903357467, 0, 4029.0, 1216.4069039298743, 4029.0, 2812.5930960701253, 1612.7387526494563, 4029.0, 4029.0, 1434.4253096642535, 4029.0, 4029.0, 4029.0]","[0, 0, 0, 0, 0, 0, 0, 0, 0, 0, 0, 0, 0, 0, 0, 0, 0, 0, 0, 0, 0, 0, 0, 0, 0, 0, 0, 0, 0, 0, 0, 0, 0, 0, 0, 0, 0, 0, 0, 0, 0, 0, 0, 0, 0, 0, 0, 0, 0, 0, 0, 0, 0, 0, 0, 0, 0, 0, 0, 0, 0, 0, 0, 0, 0, 0, 0, 0, 0, 0, 0, 0, 0, 0, 0, 0, 0, 0, 0, 0, 0, 0, 0, 0, 0, 0, 0, 0, 0, 0, 0, 0, 0, 0, 0, 0, 0, 0, 0, 0, 0, 0, 0, (710.2348000000001, 0.9372, 1.3942), 0, 0, (32.15606666666666, 0.22213333333333332, 0.0012666666666666666), 0, 0, (99.26446666666666, 0.0004, 0.0014), 0, 0, 0, 0, (645.9222, 2.945, 2.129), 0, 0, (93.78139999999999, 0.23493333333333336, 0.19066666666666662), 0, (478.1502, 3.8014, 0.020733333333333333), (48.234, 0.001066666666666667, 0.0), (292.20259999999996, 0.28073333333333333, 0.056799999999999996), (153.791, 0.9633999999999999, 0.7669333333333332), (230.686, 0.866, 0.3906666666666667), (167.772, 0.1156, 0.09933333333333332), (805.3058666666667, 0.081, 0.3894666666666666), (0.0, 0.0044, 0.0), (90.177, 0.02, 0.014), (72.70093333333334, 6.666666666666668e-05, 0.001), (32.15606666666666, 0.0009333333333333332, 6.666666666666668e-05)]","[0, 0, 0, 0, 0, 0, 0, 0, 0, 0, 0, 0, 0, 0, 0, 0, 0, 0, 0, 0, 0, 0, 0, 0, 0, 0, 0, 0, 0, 0, 0, 0, 0, 0, 0, 0, 0, 0, 0, 0, 0, 0, 0, 0, 0, 0, 0, 0, 0, 0, 0, 0, 0, 0, 0, 0, 0, 0, 0, 0, 0, 0, 0, 0, 0, 0, 0, 0, 0, 0, 0, 0, 0, 0, 0, 0, 0, 0, 0, 0, 0, 0, 0, 0, 0, 0, 0, 0, 0, 0, 0, 0, 0, 0, 0, 0, 0, 0, 0, 0, 0, 0, 0, (1, 0.003016666666666666, 0.05234444444444444), 0, 0, (1, 0.0, 0.05301111111111111), 0, 0, (1, 0.0, 0.0005111111111111112), 0, 0, 0, 0, (2, 0.0, 0.0070888888888888885), 0, 0, (1, 0.0, 0.049894444444444436), 0, (3, 0.0428, 0.01527777777777778), (1, 0.0, 0.0006055555555555556), (1, 0.0, 0.001027777777777778), (2, 0.0, 0.0117), (3, 1.666666666666667e-05, 0.0003444444444444445), (2, 0.0, 0.0014166666666666668), (3, 0.0, 0.023311111111111112), (1, 0.0, 0.0008277777777777778), (1, 3.3333333333333335e-05, 0.05506666666666666), (1, 0.0, 0.0005666666666666666), (1, 0.0, 0.000638888888888889)]","[-1, -1, -1, -1, -1, -1, -1, -1, -1, -1, -1, -1, -1, -1, -1, -1, -1, -1, -1, -1, -1, -1, -1, -1, -1, -1, -1, -1, -1, -1, -1, -1, -1, -1, -1, -1, -1, -1, -1, -1, -1, -1, -1, -1, -1, -1, -1, -1, -1, -1, -1, -1, -1, -1, -1, -1, -1, -1, -1, -1, -1, -1, -1, -1, -1, -1, -1, -1, -1, -1, -1, -1, -1, -1, -1, -1, -1, -1, -1, -1, -1, -1, -1, -1, -1, -1, -1, -1, -1, -1, -1, -1, -1, -1, -1, -1, -1, -1, -1, -1, -1, -1, -1, 2, -1, -1, 3, -1, -1, 1, -1, -1, -1, -1, 11, -1, -1, 7, -1, 13, 4, 9, 4, 11, 12, 15, 7, 0, 14, 8]","[False, False, False, False, False, False, False, False, False, False, False, False, False, False, False, False, False, False, False, False, False, False, False, False, False, False, False, False, False, False, False, False, False, False, False, False, False, False, False, False, False, False, False, False, False, False, False, False, False, False, False, False, False, False, False, False, False, False, False, False, False, False, False, False, False, False, False, False, False, False, False, False, False, False, False, False, False, False, False, False, False, False, False, False, False, False, False, False, False, False, False, False, False, False, False, False, False, False, False, False, False, False, False, True, False, False, True, False, False, True, False, False, False, False, True, False, False, True, False, True, True, True, True, True, True, True, True, True, True, True]"
80,"[0, 0, 0, 0, 0, 0, 0, 0, 0, 0, 0, 0, 0, 0, 0, 0, 0, 0, 0, 0, 0, 0, 0, 0, 0, 0, 0, 0, 0, 0, 0, 0, 0, 0, 0, 0, 0, 0, 0, 0, 0, 0, 0, 0, 0, 0, 0, 0, 0, 0, 0, 0, 0, 0, 0, 0, 0, 0, 0, 0, 0, 0, 0, 0, 0, 0, 0, 0, 0, 0, 0, 0, 0, 0, 0, 0, 0, 0, 0, 0, 0, 0, 0, 0, 0, 0, 0, 0, 0, 0, 0, 0, 0, 0, 0, 0, 0, 0, 0, 0, 0, 0, 0, 3233.9081562841443, 0, 0, 0, 0, 0, 0, 0, 0, 0, 0, 2090.1455055325287, 0, 0, 1851.3384576196752, 0, 1646.6228982447833, 0, 1228.7117348817424, 1655.52396879974, 1465.6427238431045, 1563.5500902401322, 888.1448552554355, 520.8668579276933, 741.2336873370001, 1158.5948682937635, 647.744773280049, 501.40426599866777, 731.2170323801198]","[0, 0, 0, 0, 0, 0, 1, 2, 2, 2, 3, 3, 3, 3, 3, 4, 4, 4, 4, 4, 4, 4, 4, 5, 5, 5, 5, 5, 5, 6, 6, 6, 6, 6, 6, 6, 7, 7, 7, 7, 7, 8, 8, 8, 8, 8, 8, 9, 9, 9, 9, 9, 10, 10, 10, 11, 12, 12, 12, 12, 13, 13, 13, 14, 14, 14, 14, 14, 15, 15, 16, 16, 16, 16, 16, 16, 16, 17, 17, 17, 17, 17, 17, 17, 18, 18, 18, 19, 19, 19, 19, 20, 20, 20, 20, 21, 21, 21, 21, 21, 21, 22, 22, 22, 22, 23, 23, 23, 23, 24, 24, 24, 24, 25, 25, 25, 25, 25, 26, 26, 26, 26, 27, 27, 27, 27, 28, 28, 28, 28, 28, 28]","[1, 1, 1, 1, 1, 1, 2, 3, 3, 3, 4, 4, 4, 4, 5, 6, 5, 5, 5, 8, 8, 9, 9, 11, 14, 12, 17, 15, 17, 17, 19, 17, 18, 18, 19, 19, 22, 26, 25, 24, 26, 28, 26, 27, 27, 27, 28, 29, 31, 32, 31, 32, 33, 35, 35, 35, 36, 36, 37, 39, 41, 40, 42, 43, 43, 44, 45, 45, 45, 45, 46, 47, 47, 50, 49, 49, 49, 50, 52, 52, 54, 54, 54, 56, 56, 56, 57, 57, 57, 59, 58, 58, 59, 59, 59, 60, 61, 62, 63, 64, 64, 64, 65, 66, 66, 68, 68, 68, 69, 69, 69, 69, 71, 70, 71, 70, 71, 72, 72, 73, 73, 74, 75, 75, 75, 78, 77, 77, 78, 79, 80, 80]","[5, 5, 3, 19, 26, 8, 16, 9, 9, 27, 23, 18, 12, 8, 20, 17, 12, 11, 14, 17, 24, 16, 15, 19, 30, 35, 36, 17, 32, 31, 29, 24, 25, 27, 26, 27, 30, 45, 40, 27, 36, 44, 39, 35, 33, 34, 45, 37, 43, 42, 40, 45, 56, 43, 49, 49, 48, 46, 45, 47, 52, 47, 49, 57, 53, 51, 57, 50, 57, 69, 58, 54, 59, 68, 54, 56, 59, 56, 58, 63, 64, 58, 60, 66, 62, 59, 64, 64, 61, 69, 69, 66, 70, 65, 69, 68, 75, 72, 78, 68, 70, 71, 72, -1, 77, 70, -1, 76, 79, 80, 70, 72, 73, 74, -1, 75, 75, -1, 77, -1, 80, -1, -1, -1, -1, -1, -1, -1, -1, -1, -1, -1]","[0, 0, 0, 0, 0, 0, 0, 0, 0, 0, 0, 0, 0, 0, 0, 0, 0, 0, 0, 0, 0, 0, 0, 0, 0, 0, 0, 0, 0, 0, 0, 0, 0, 0, 0, 0, 0, 0, 0, 0, 0, 0, 0, 0, 0, 0, 0, 0, 0, 0, 0, 0, 0, 0, 0, 0, 0, 0, 0, 0, 0, 0, 0, 0, 0, 0, 0, 0, 0, 0, 0, 0, 0, 0, 0, 0, 0, 0, 0, 0, 0, 0, 0, 0, 0, 0, 0, 0, 0, 0, 0, 0, 0, 0, 0, 0, 0, 0, 0, 0, 0, 0, 0, 4029.0, 0, 0, 4029.0, 0, 0, 0, 0, 0, 0, 0, 4029.0, 0, 0, 2574.5607126197774, 0, 4029.0, 0, 4029.0, 4029.0, 2168.0239277746705, 4029.0, 2207.870294628384, 4029.0, 4029.0, 1860.9760722253295, 4029.0, 1821.1297053716162, 1454.4392873802221]","[0, 0, 0, 0, 0, 0, 0, 0, 0, 0, 0, 0, 0, 0, 0, 0, 0, 0, 0, 0, 0, 0, 0, 0, 0, 0, 0, 0, 0, 0, 0, 0, 0, 0, 0, 0, 0, 0, 0, 0, 0, 0, 0, 0, 0, 0, 0, 0, 0, 0, 0, 0, 0, 0, 0, 0, 0, 0, 0, 0, 0, 0, 0, 0, 0, 0, 0, 0, 0, 0, 0, 0, 0, 0, 0, 0, 0, 0, 0, 0, 0, 0, 0, 0, 0, 0, 0, 0, 0, 0, 0, 0, 0, 0, 0, 0, 0, 0, 0, 0, 0, 0, 0, (478.1502, 1.5555999999999999, 1.8252000000000002), 0, 0, (58.719800000000006, 0.34153333333333336, 0.0017333333333333335), 0, 0, 0, 0, 0, 0, 0, (402.6528, 3.2084, 1.765466666666667), 0, 0, (104.85293333333334, 0.21746666666666667, 0.18180000000000002), 0, (450.887, 3.747866666666667, 0.0224), 0, (276.8236, 0.27726666666666666, 0.054666666666666655), (125.829, 0.9370666666666667, 0.7570666666666667), (331.3495333333333, 4.365933333333333, 0.022533333333333336), (67.1088, 0.11593333333333333, 0.09953333333333332), (624.9507333333332, 0.08693333333333333, 0.30760000000000004), (0.0, 0.0046, 0.00013333333333333334), (93.3228, 0.018333333333333333, 0.014133333333333333), (75.49719999999999, 0.0004, 0.0014666666666666665), (35.6514, 0.001, 0.0), (0.0, 0.0048, 6.666666666666668e-05), (178.9568, 0.0019333333333333331, 0.0014666666666666665)]","[0, 0, 0, 0, 0, 0, 0, 0, 0, 0, 0, 0, 0, 0, 0, 0, 0, 0, 0, 0, 0, 0, 0, 0, 0, 0, 0, 0, 0, 0, 0, 0, 0, 0, 0, 0, 0, 0, 0, 0, 0, 0, 0, 0, 0, 0, 0, 0, 0, 0, 0, 0, 0, 0, 0, 0, 0, 0, 0, 0, 0, 0, 0, 0, 0, 0, 0, 0, 0, 0, 0, 0, 0, 0, 0, 0, 0, 0, 0, 0, 0, 0, 0, 0, 0, 0, 0, 0, 0, 0, 0, 0, 0, 0, 0, 0, 0, 0, 0, 0, 0, 0, 0, (1, 0.0011333333333333332, 0.0015055555555555556), 0, 0, (1, 0.00016666666666666666, 0.06364444444444443), 0, 0, 0, 0, 0, 0, 0, (2, 0.0, 0.005355555555555555), 0, 0, (1, 3.3333333333333335e-05, 0.05011111111111111), 0, (3, 1.666666666666667e-05, 0.0003444444444444445), 0, (1, 0.0, 0.0013833333333333334), (2, 0.06273333333333334, 0.031105555555555553), (3, 0.0, 0.00019444444444444446), (2, 0.0, 0.00095), (3, 0.0, 0.013066666666666667), (1, 0.0, 0.0008111111111111112), (1, 0.0, 0.0557), (1, 0.0, 0.0005499999999999999), (1, 0.0, 0.0006222222222222223), (2, 0.0, 0.0013222222222222222), (1, 0.36411666666666676, 0.01315)]","[-1, -1, -1, -1, -1, -1, -1, -1, -1, -1, -1, -1, -1, -1, -1, -1, -1, -1, -1, -1, -1, -1, -1, -1, -1, -1, -1, -1, -1, -1, -1, -1, -1, -1, -1, -1, -1, -1, -1, -1, -1, -1, -1, -1, -1, -1, -1, -1, -1, -1, -1, -1, -1, -1, -1, -1, -1, -1, -1, -1, -1, -1, -1, -1, -1, -1, -1, -1, -1, -1, -1, -1, -1, -1, -1, -1, -1, -1, -1, -1, -1, -1, -1, -1, -1, -1, -1, -1, -1, -1, -1, -1, -1, -1, -1, -1, -1, -1, -1, -1, -1, -1, -1, 5, -1, -1, 6, -1, -1, -1, -1, -1, -1, -1, 11, -1, -1, 14, -1, 15, -1, 3, 10, 7, 4, 8, 0, 1, 7, 2, 8, 14]","[False, False, False, False, False, False, False, False, False, False, False, False, False, False, False, False, False, False, False, False, False, False, False, False, False, False, False, False, False, False, False, False, False, False, False, False, False, False, False, False, False, False, False, False, False, False, False, False, False, False, False, False, False, False, False, False, False, False, False, False, False, False, False, False, False, False, False, False, False, False, False, False, False, False, False, False, False, False, False, False, False, False, False, False, False, False, False, False, False, False, False, False, False, False, False, False, False, False, False, False, False, False, False, True, False, False, True, False, False, False, False, False, False, False, True, False, False, True, False, True, False, True, True, True, True, True, True, True, True, True, True, True]"
81,"[0, 0, 0, 0, 0, 0, 0, 0, 0, 0, 0, 0, 0, 0, 0, 0, 0, 0, 0, 0, 0, 0, 0, 0, 0, 0, 0, 0, 0, 0, 0, 0, 0, 0, 0, 0, 0, 0, 0, 0, 0, 0, 0, 0, 0, 0, 0, 0, 0, 0, 0, 0, 0, 0, 0, 0, 0, 0, 0, 0, 0, 0, 0, 0, 0, 0, 0, 0, 0, 0, 0, 0, 0, 0, 0, 0, 0, 0, 0, 0, 0, 0, 0, 0, 0, 0, 0, 0, 0, 0, 0, 0, 0, 0, 0, 0, 0, 0, 0, 0, 0, 0, 0, 0, 0, 0, 0, 0, 0, 0, 0, 0, 0, 0, 1232.0506254656602, 0, 0, 0, 0, 922.7022006380679, 0, 1318.8617806475224, 2278.570623724373, 1851.3381774860268, 1572.4507548904555, 1101.8338429860667, 0, 804.6726065235, 1151.9170880730503, 631.0503203604601, 498.43737685074666, 657.7614400862267, 390.65025572768]","[0, 0, 0, 0, 0, 0, 1, 2, 2, 2, 3, 3, 3, 3, 3, 4, 4, 4, 4, 4, 4, 4, 4, 5, 5, 5, 5, 5, 5, 6, 6, 6, 6, 6, 6, 6, 7, 7, 7, 7, 7, 8, 8, 8, 8, 8, 8, 9, 9, 9, 9, 9, 10, 10, 10, 11, 12, 12, 12, 12, 13, 13, 13, 14, 14, 14, 14, 14, 15, 15, 16, 16, 16, 16, 16, 16, 16, 17, 17, 17, 17, 17, 17, 17, 18, 18, 18, 19, 19, 19, 19, 20, 20, 20, 20, 21, 21, 21, 21, 21, 21, 22, 22, 22, 22, 23, 23, 23, 23, 24, 24, 24, 24, 25, 25, 25, 25, 25, 26, 26, 26, 26, 27, 27, 27, 27, 28, 28, 28, 28, 28, 28, 28]","[1, 1, 1, 1, 1, 1, 2, 3, 3, 3, 4, 4, 4, 4, 5, 6, 5, 5, 5, 8, 8, 9, 9, 11, 14, 12, 17, 15, 17, 17, 19, 17, 18, 18, 19, 19, 22, 26, 25, 24, 26, 28, 26, 27, 27, 27, 28, 29, 31, 32, 31, 32, 33, 35, 35, 35, 36, 36, 37, 39, 41, 40, 42, 43, 43, 44, 45, 45, 45, 45, 46, 47, 47, 50, 49, 49, 49, 50, 52, 52, 54, 54, 54, 56, 56, 56, 57, 57, 57, 59, 58, 58, 59, 59, 59, 60, 61, 62, 63, 64, 64, 64, 65, 66, 66, 68, 68, 68, 69, 69, 69, 69, 71, 70, 71, 70, 71, 72, 72, 73, 73, 74, 75, 75, 75, 78, 77, 77, 78, 79, 80, 80, 81]","[5, 5, 3, 19, 26, 8, 16, 9, 9, 27, 23, 18, 12, 8, 20, 17, 12, 11, 14, 17, 24, 16, 15, 19, 30, 35, 36, 17, 32, 31, 29, 24, 25, 27, 26, 27, 30, 45, 40, 27, 36, 44, 39, 35, 33, 34, 45, 37, 43, 42, 40, 45, 56, 43, 49, 49, 48, 46, 45, 47, 52, 47, 49, 57, 53, 51, 57, 50, 57, 69, 58, 54, 59, 68, 54, 56, 59, 56, 58, 63, 64, 58, 60, 66, 62, 59, 64, 64, 61, 69, 69, 66, 70, 65, 69, 68, 75, 72, 78, 68, 70, 71, 72, -1, 77, 70, 81, 76, 79, 80, 70, 72, 73, 74, -1, 75, 75, -1, 77, -1, 80, -1, -1, -1, -1, -1, -1, -1, -1, -1, -1, -1, -1]","[0, 0, 0, 0, 0, 0, 0, 0, 0, 0, 0, 0, 0, 0, 0, 0, 0, 0, 0, 0, 0, 0, 0, 0, 0, 0, 0, 0, 0, 0, 0, 0, 0, 0, 0, 0, 0, 0, 0, 0, 0, 0, 0, 0, 0, 0, 0, 0, 0, 0, 0, 0, 0, 0, 0, 0, 0, 0, 0, 0, 0, 0, 0, 0, 0, 0, 0, 0, 0, 0, 0, 0, 0, 0, 0, 0, 0, 0, 0, 0, 0, 0, 0, 0, 0, 0, 0, 0, 0, 0, 0, 0, 0, 0, 0, 0, 0, 0, 0, 0, 0, 0, 0, 4029.0, 0, 0, 0, 0, 0, 0, 0, 0, 0, 0, 4029.0, 0, 0, 4029.0, 0, 2280.525972455194, 0, 4029.0, 2751.4490086004366, 4029.0, 4029.0, 1989.4583774565083, 4029.0, 1277.5509913995636, 2039.541622543492, 4029.0, 4029.0, 4029.0, 1748.4740275448062]","[0, 0, 0, 0, 0, 0, 0, 0, 0, 0, 0, 0, 0, 0, 0, 0, 0, 0, 0, 0, 0, 0, 0, 0, 0, 0, 0, 0, 0, 0, 0, 0, 0, 0, 0, 0, 0, 0, 0, 0, 0, 0, 0, 0, 0, 0, 0, 0, 0, 0, 0, 0, 0, 0, 0, 0, 0, 0, 0, 0, 0, 0, 0, 0, 0, 0, 0, 0, 0, 0, 0, 0, 0, 0, 0, 0, 0, 0, 0, 0, 0, 0, 0, 0, 0, 0, 0, 0, 0, 0, 0, 0, 0, 0, 0, 0, 0, 0, 0, 0, 0, 0, 0, (673.8842, 1.5523333333333331, 1.8134000000000001), 0, 0, 0, 0, 0, 0, 0, 0, 0, 0, (444.5958, 2.369733333333333, 2.1395999999999997), 0, 0, (98.34026666666666, 0.21266666666666662, 0.17426666666666668), 0, (434.1098, 1.2283333333333333, 0.020466666666666664), 0, (332.04866666666675, 0.30326666666666663, 0.05866666666666666), (226.49220000000003, 0.9202666666666668, 0.7430666666666668), (478.1502, 3.8014, 0.020733333333333333), (100.6632, 0.11566666666666668, 0.09933333333333332), (641.7282666666667, 0.07759999999999999, 0.331), (0.0, 0.004533333333333333, 0.0), (93.8472, 0.0318, 0.0146), (75.49719999999999, 0.0003333333333333333, 0.0014), (48.234, 0.001066666666666667, 0.0), (145.4024, 0.004733333333333333, 6.666666666666668e-05), (192.93779999999998, 0.003933333333333333, 0.0014666666666666665), (499.1218, 0.0004, 0.0003333333333333333)]","[0, 0, 0, 0, 0, 0, 0, 0, 0, 0, 0, 0, 0, 0, 0, 0, 0, 0, 0, 0, 0, 0, 0, 0, 0, 0, 0, 0, 0, 0, 0, 0, 0, 0, 0, 0, 0, 0, 0, 0, 0, 0, 0, 0, 0, 0, 0, 0, 0, 0, 0, 0, 0, 0, 0, 0, 0, 0, 0, 0, 0, 0, 0, 0, 0, 0, 0, 0, 0, 0, 0, 0, 0, 0, 0, 0, 0, 0, 0, 0, 0, 0, 0, 0, 0, 0, 0, 0, 0, 0, 0, 0, 0, 0, 0, 0, 0, 0, 0, 0, 0, 0, 0, (1, 1.0415999999999999, 0.5724111111111111), 0, 0, 0, 0, 0, 0, 0, 0, 0, 0, (2, 0.0, 0.005061111111111111), 0, 0, (1, 0.00011666666666666667, 0.04876111111111111), 0, (3, 0.0, 0.0004555555555555556), 0, (1, 0.0, 0.0009222222222222221), (2, 0.09268333333333334, 0.011455555555555556), (3, 0.0428, 0.01527777777777778), (2, 0.0, 0.0009611111111111112), (3, 0.04375, 0.0321388888888889), (1, 0.0, 0.0008055555555555557), (1, 0.00011666666666666667, 0.053427777777777775), (1, 0.0, 0.0005611111111111111), (1, 0.0, 0.0006333333333333333), (2, 0.0, 0.0012666666666666666), (1, 0.26766666666666666, 0.015294444444444444), (2, 0.012733333333333334, 0.0036666666666666666)]","[-1, -1, -1, -1, -1, -1, -1, -1, -1, -1, -1, -1, -1, -1, -1, -1, -1, -1, -1, -1, -1, -1, -1, -1, -1, -1, -1, -1, -1, -1, -1, -1, -1, -1, -1, -1, -1, -1, -1, -1, -1, -1, -1, -1, -1, -1, -1, -1, -1, -1, -1, -1, -1, -1, -1, -1, -1, -1, -1, -1, -1, -1, -1, -1, -1, -1, -1, -1, -1, -1, -1, -1, -1, -1, -1, -1, -1, -1, -1, -1, -1, -1, -1, -1, -1, -1, -1, -1, -1, -1, -1, -1, -1, -1, -1, -1, -1, -1, -1, -1, -1, -1, -1, 5, -1, -1, -1, -1, -1, -1, -1, -1, -1, -1, 2, -1, -1, 3, -1, 4, -1, 12, 10, 7, 13, 0, 6, 10, 0, 9, 1, 14, 4]","[False, False, False, False, False, False, False, False, False, False, False, False, False, False, False, False, False, False, False, False, False, False, False, False, False, False, False, False, False, False, False, False, False, False, False, False, False, False, False, False, False, False, False, False, False, False, False, False, False, False, False, False, False, False, False, False, False, False, False, False, False, False, False, False, False, False, False, False, False, False, False, False, False, False, False, False, False, False, False, False, False, False, False, False, False, False, False, False, False, False, False, False, False, False, False, False, False, False, False, False, False, False, False, True, False, False, False, False, False, False, False, False, False, False, True, False, False, True, False, True, False, True, True, True, True, True, True, True, True, True, True, True, True]"
82,"[0, 0, 0, 0, 0, 0, 0, 0, 0, 0, 0, 0, 0, 0, 0, 0, 0, 0, 0, 0, 0, 0, 0, 0, 0, 0, 0, 0, 0, 0, 0, 0, 0, 0, 0, 0, 0, 0, 0, 0, 0, 0, 0, 0, 0, 0, 0, 0, 0, 0, 0, 0, 0, 0, 0, 0, 0, 0, 0, 0, 0, 0, 0, 0, 0, 0, 0, 0, 0, 0, 0, 0, 0, 0, 0, 0, 0, 0, 0, 0, 0, 0, 0, 0, 0, 0, 0, 0, 0, 0, 0, 0, 0, 0, 0, 0, 0, 0, 0, 0, 0, 0, 0, 0, 0, 0, 0, 0, 0, 0, 0, 0, 0, 0, 2534.217953193593, 0, 0, 0, 0, 1074.0134939902914, 0, 0, 1590.2524144743022, 1646.6228982447833, 1566.5169784569066, 1125.2060760191043, 0, 844.7392923255, 1168.6115386248337, 0, 498.43737685074666, 711.18368902724, 530.8836808606934, 3121.8625785998443, 599.3113997345512, 517.5280212281833]","[0, 0, 0, 0, 0, 0, 1, 2, 2, 2, 3, 3, 3, 3, 3, 4, 4, 4, 4, 4, 4, 4, 4, 5, 5, 5, 5, 5, 5, 6, 6, 6, 6, 6, 6, 6, 7, 7, 7, 7, 7, 8, 8, 8, 8, 8, 8, 9, 9, 9, 9, 9, 10, 10, 10, 11, 12, 12, 12, 12, 13, 13, 13, 14, 14, 14, 14, 14, 15, 15, 16, 16, 16, 16, 16, 16, 16, 17, 17, 17, 17, 17, 17, 17, 18, 18, 18, 19, 19, 19, 19, 20, 20, 20, 20, 21, 21, 21, 21, 21, 21, 22, 22, 22, 22, 23, 23, 23, 23, 24, 24, 24, 24, 25, 25, 25, 25, 25, 26, 26, 26, 26, 27, 27, 27, 27, 28, 28, 28, 28, 28, 28, 28, 29, 29, 29]","[1, 1, 1, 1, 1, 1, 2, 3, 3, 3, 4, 4, 4, 4, 5, 6, 5, 5, 5, 8, 8, 9, 9, 11, 14, 12, 17, 15, 17, 17, 19, 17, 18, 18, 19, 19, 22, 26, 25, 24, 26, 28, 26, 27, 27, 27, 28, 29, 31, 32, 31, 32, 33, 35, 35, 35, 36, 36, 37, 39, 41, 40, 42, 43, 43, 44, 45, 45, 45, 45, 46, 47, 47, 50, 49, 49, 49, 50, 52, 52, 54, 54, 54, 56, 56, 56, 57, 57, 57, 59, 58, 58, 59, 59, 59, 60, 61, 62, 63, 64, 64, 64, 65, 66, 66, 68, 68, 68, 69, 69, 69, 69, 71, 70, 71, 70, 71, 72, 72, 73, 73, 74, 75, 75, 75, 78, 77, 77, 78, 79, 80, 80, 81, 82, 82, 82]","[5, 5, 3, 19, 26, 8, 16, 9, 9, 27, 23, 18, 12, 8, 20, 17, 12, 11, 14, 17, 24, 16, 15, 19, 30, 35, 36, 17, 32, 31, 29, 24, 25, 27, 26, 27, 30, 45, 40, 27, 36, 44, 39, 35, 33, 34, 45, 37, 43, 42, 40, 45, 56, 43, 49, 49, 48, 46, 45, 47, 52, 47, 49, 57, 53, 51, 57, 50, 57, 69, 58, 54, 59, 68, 54, 56, 59, 56, 58, 63, 64, 58, 60, 66, 62, 59, 64, 64, 61, 69, 69, 66, 70, 65, 69, 68, 75, 72, 78, 68, 70, 71, 72, 82, 77, 70, 81, 76, 79, 80, 70, 72, 73, 74, -1, 75, 75, 82, 77, -1, 80, -1, -1, -1, -1, -1, 82, -1, -1, -1, -1, -1, -1, -1, -1, -1]","[0, 0, 0, 0, 0, 0, 0, 0, 0, 0, 0, 0, 0, 0, 0, 0, 0, 0, 0, 0, 0, 0, 0, 0, 0, 0, 0, 0, 0, 0, 0, 0, 0, 0, 0, 0, 0, 0, 0, 0, 0, 0, 0, 0, 0, 0, 0, 0, 0, 0, 0, 0, 0, 0, 0, 0, 0, 0, 0, 0, 0, 0, 0, 0, 0, 0, 0, 0, 0, 0, 0, 0, 0, 0, 0, 0, 0, 0, 0, 0, 0, 0, 0, 0, 0, 0, 0, 0, 0, 0, 0, 0, 0, 0, 0, 0, 0, 0, 0, 0, 0, 0, 0, 0, 0, 0, 0, 0, 0, 0, 0, 0, 0, 0, 4029.0, 0, 0, 0, 0, 4029.0, 0, 4029.0, 4029.0, 4029.0, 4029.0, 2154.733391846802, 0, 1874.2666081531977, 4029.0, 4029.0, 1964.0629885580977, 2104.6500040832734, 1924.3499959167266, 4029.0, 2064.937011441902, 4029.0]","[0, 0, 0, 0, 0, 0, 0, 0, 0, 0, 0, 0, 0, 0, 0, 0, 0, 0, 0, 0, 0, 0, 0, 0, 0, 0, 0, 0, 0, 0, 0, 0, 0, 0, 0, 0, 0, 0, 0, 0, 0, 0, 0, 0, 0, 0, 0, 0, 0, 0, 0, 0, 0, 0, 0, 0, 0, 0, 0, 0, 0, 0, 0, 0, 0, 0, 0, 0, 0, 0, 0, 0, 0, 0, 0, 0, 0, 0, 0, 0, 0, 0, 0, 0, 0, 0, 0, 0, 0, 0, 0, 0, 0, 0, 0, 0, 0, 0, 0, 0, 0, 0, 0, 0, 0, 0, 0, 0, 0, 0, 0, 0, 0, 0, (349.525, 5.339466666666667, 2.7218), 0, 0, 0, 0, (243.2694, 1.3356666666666668, 0.18259999999999998), 0, (318.06759999999997, 0.2734, 0.057466666666666666), (142.6062, 0.9306666666666665, 0.7520666666666668), (450.887, 3.747866666666667, 0.0224), (22.3696, 0.11606666666666667, 0.09953333333333332), (838.8603333333335, 0.08673333333333332, 0.3268666666666667), 0, (99.0902, 0.043, 0.015133333333333334), (77.5942, 0.00046666666666666666, 0.0014), (41.94273333333333, 0.0009333333333333332, 6.666666666666668e-05), (67.1088, 0.004666666666666667, 0.0), (134.2176, 0.002, 0.0014), (455.08166666666676, 0.012533333333333334, 0.18906666666666663), (0.0, 0.0, 0.0), (0.0, 0.004733333333333333, 0.00013333333333333334), (58.7202, 0.004733333333333333, 0.00013333333333333334)]","[0, 0, 0, 0, 0, 0, 0, 0, 0, 0, 0, 0, 0, 0, 0, 0, 0, 0, 0, 0, 0, 0, 0, 0, 0, 0, 0, 0, 0, 0, 0, 0, 0, 0, 0, 0, 0, 0, 0, 0, 0, 0, 0, 0, 0, 0, 0, 0, 0, 0, 0, 0, 0, 0, 0, 0, 0, 0, 0, 0, 0, 0, 0, 0, 0, 0, 0, 0, 0, 0, 0, 0, 0, 0, 0, 0, 0, 0, 0, 0, 0, 0, 0, 0, 0, 0, 0, 0, 0, 0, 0, 0, 0, 0, 0, 0, 0, 0, 0, 0, 0, 0, 0, 0, 0, 0, 0, 0, 0, 0, 0, 0, 0, 0, (2, 0.0, 0.01048888888888889), 0, 0, 0, 0, (3, 0.0, 0.0004166666666666667), 0, (1, 0.0, 0.0007888888888888889), (2, 0.0, 0.012455555555555557), (3, 1.666666666666667e-05, 0.0003444444444444445), (2, 0.0, 0.0009388888888888888), (3, 0.0, 0.012833333333333334), 0, (1, 0.0, 0.05496666666666667), (1, 0.0, 0.001627777777777778), (1, 0.0, 0.0006222222222222223), (2, 0.0, 0.0012333333333333335), (1, 0.2701, 0.013050000000000004), (2, 0.0002833333333333333, 0.0029611111111111123), (2, 0.0, 0.0), (3, 0.0, 0.0014222222222222223), (2, 0.0, 0.0010944444444444443)]","[-1, -1, -1, -1, -1, -1, -1, -1, -1, -1, -1, -1, -1, -1, -1, -1, -1, -1, -1, -1, -1, -1, -1, -1, -1, -1, -1, -1, -1, -1, -1, -1, -1, -1, -1, -1, -1, -1, -1, -1, -1, -1, -1, -1, -1, -1, -1, -1, -1, -1, -1, -1, -1, -1, -1, -1, -1, -1, -1, -1, -1, -1, -1, -1, -1, -1, -1, -1, -1, -1, -1, -1, -1, -1, -1, -1, -1, -1, -1, -1, -1, -1, -1, -1, -1, -1, -1, -1, -1, -1, -1, -1, -1, -1, -1, -1, -1, -1, -1, -1, -1, -1, -1, -1, -1, -1, -1, -1, -1, -1, -1, -1, -1, -1, 6, -1, -1, -1, -1, 8, -1, 1, 12, 7, 2, 0, -1, 0, 3, 15, 5, 4, 4, 11, 5, 13]","[False, False, False, False, False, False, False, False, False, False, False, False, False, False, False, False, False, False, False, False, False, False, False, False, False, False, False, False, False, False, False, False, False, False, False, False, False, False, False, False, False, False, False, False, False, False, False, False, False, False, False, False, False, False, False, False, False, False, False, False, False, False, False, False, False, False, False, False, False, False, False, False, False, False, False, False, False, False, False, False, False, False, False, False, False, False, False, False, False, False, False, False, False, False, False, False, False, False, False, False, False, False, False, False, False, False, False, False, False, False, False, False, False, False, True, False, False, False, False, True, False, True, True, True, True, True, False, True, True, True, True, True, True, True, True, True]"
83,"[0, 0, 0, 0, 0, 0, 0, 0, 0, 0, 0, 0, 0, 0, 0, 0, 0, 0, 0, 0, 0, 0, 0, 0, 0, 0, 0, 0, 0, 0, 0, 0, 0, 0, 0, 0, 0, 0, 0, 0, 0, 0, 0, 0, 0, 0, 0, 0, 0, 0, 0, 0, 0, 0, 0, 0, 0, 0, 0, 0, 0, 0, 0, 0, 0, 0, 0, 0, 0, 0, 0, 0, 0, 0, 0, 0, 0, 0, 0, 0, 0, 0, 0, 0, 0, 0, 0, 0, 0, 0, 0, 0, 0, 0, 0, 0, 0, 0, 0, 0, 0, 0, 0, 0, 0, 0, 0, 0, 0, 0, 0, 0, 0, 0, 5161.924842736884, 0, 0, 0, 0, 940.5035292677412, 0, 0, 1563.5504149775322, 922.7022006380679, 1563.5500902401322, 1045.0727056201176, 0, 0, 1165.2726485144767, 0, 0, 647.7447684097866, 537.5614630098844, 3065.1014408071205, 620.0796165570354, 510.85024030910995, 685.3513090824399, 685.3513090824399]","[0, 0, 0, 0, 0, 0, 1, 2, 2, 2, 3, 3, 3, 3, 3, 4, 4, 4, 4, 4, 4, 4, 4, 5, 5, 5, 5, 5, 5, 6, 6, 6, 6, 6, 6, 6, 7, 7, 7, 7, 7, 8, 8, 8, 8, 8, 8, 9, 9, 9, 9, 9, 10, 10, 10, 11, 12, 12, 12, 12, 13, 13, 13, 14, 14, 14, 14, 14, 15, 15, 16, 16, 16, 16, 16, 16, 16, 17, 17, 17, 17, 17, 17, 17, 18, 18, 18, 19, 19, 19, 19, 20, 20, 20, 20, 21, 21, 21, 21, 21, 21, 22, 22, 22, 22, 23, 23, 23, 23, 24, 24, 24, 24, 25, 25, 25, 25, 25, 26, 26, 26, 26, 27, 27, 27, 27, 28, 28, 28, 28, 28, 28, 28, 29, 29, 29, 29, 30]","[1, 1, 1, 1, 1, 1, 2, 3, 3, 3, 4, 4, 4, 4, 5, 6, 5, 5, 5, 8, 8, 9, 9, 11, 14, 12, 17, 15, 17, 17, 19, 17, 18, 18, 19, 19, 22, 26, 25, 24, 26, 28, 26, 27, 27, 27, 28, 29, 31, 32, 31, 32, 33, 35, 35, 35, 36, 36, 37, 39, 41, 40, 42, 43, 43, 44, 45, 45, 45, 45, 46, 47, 47, 50, 49, 49, 49, 50, 52, 52, 54, 54, 54, 56, 56, 56, 57, 57, 57, 59, 58, 58, 59, 59, 59, 60, 61, 62, 63, 64, 64, 64, 65, 66, 66, 68, 68, 68, 69, 69, 69, 69, 71, 70, 71, 70, 71, 72, 72, 73, 73, 74, 75, 75, 75, 78, 77, 77, 78, 79, 80, 80, 81, 82, 82, 82, 83, 83]","[5, 5, 3, 19, 26, 8, 16, 9, 9, 27, 23, 18, 12, 8, 20, 17, 12, 11, 14, 17, 24, 16, 15, 19, 30, 35, 36, 17, 32, 31, 29, 24, 25, 27, 26, 27, 30, 45, 40, 27, 36, 44, 39, 35, 33, 34, 45, 37, 43, 42, 40, 45, 56, 43, 49, 49, 48, 46, 45, 47, 52, 47, 49, 57, 53, 51, 57, 50, 57, 69, 58, 54, 59, 68, 54, 56, 59, 56, 58, 63, 64, 58, 60, 66, 62, 59, 64, 64, 61, 69, 69, 66, 70, 65, 69, 68, 75, 72, 78, 68, 70, 71, 72, 82, 77, 70, 81, 76, 79, 80, 70, 72, 73, 74, -1, 75, 75, 82, 77, -1, 80, 83, -1, -1, -1, -1, 82, -1, -1, 83, -1, -1, -1, -1, -1, -1, -1, -1]","[0, 0, 0, 0, 0, 0, 0, 0, 0, 0, 0, 0, 0, 0, 0, 0, 0, 0, 0, 0, 0, 0, 0, 0, 0, 0, 0, 0, 0, 0, 0, 0, 0, 0, 0, 0, 0, 0, 0, 0, 0, 0, 0, 0, 0, 0, 0, 0, 0, 0, 0, 0, 0, 0, 0, 0, 0, 0, 0, 0, 0, 0, 0, 0, 0, 0, 0, 0, 0, 0, 0, 0, 0, 0, 0, 0, 0, 0, 0, 0, 0, 0, 0, 0, 0, 0, 0, 0, 0, 0, 0, 0, 0, 0, 0, 0, 0, 0, 0, 0, 0, 0, 0, 0, 0, 0, 0, 0, 0, 0, 0, 0, 0, 0, 4029.0, 0, 0, 0, 0, 4029.0, 0, 0, 4029.0, 1953.314747508975, 4029.0, 2075.6852524910246, 0, 4029.0, 2287.0965159787206, 0, 4029.0, 1995.6967296636735, 4029.0, 3204.3750658623403, 1741.9034840212794, 4029.0, 2033.3032703363267, 824.6249341376597]","[0, 0, 0, 0, 0, 0, 0, 0, 0, 0, 0, 0, 0, 0, 0, 0, 0, 0, 0, 0, 0, 0, 0, 0, 0, 0, 0, 0, 0, 0, 0, 0, 0, 0, 0, 0, 0, 0, 0, 0, 0, 0, 0, 0, 0, 0, 0, 0, 0, 0, 0, 0, 0, 0, 0, 0, 0, 0, 0, 0, 0, 0, 0, 0, 0, 0, 0, 0, 0, 0, 0, 0, 0, 0, 0, 0, 0, 0, 0, 0, 0, 0, 0, 0, 0, 0, 0, 0, 0, 0, 0, 0, 0, 0, 0, 0, 0, 0, 0, 0, 0, 0, 0, 0, 0, 0, 0, 0, 0, 0, 0, 0, 0, 0, (553.6476, 10.710466666666667, 4.053266666666667), 0, 0, 0, 0, (178.2574, 0.7554, 0.0208), 0, 0, (117.4404, 0.9303333333333335, 0.7412666666666667), (434.1098, 1.2283333333333333, 0.020466666666666664), (67.1088, 0.11606666666666667, 0.09946666666666669), (721.42, 0.07806666666666666, 0.33893333333333336), 0, (91.7496, 0.042133333333333335, 0.014666666666666665), (69.2056, 0.00046666666666666666, 0.0013333333333333333), 0, (100.6632, 0.004666666666666667, 6.666666666666668e-05), (226.49220000000003, 0.0016666666666666668, 0.0014), (471.15966666666674, 0.013066666666666664, 0.18946666666666667), (0.0, 0.0, 0.0), (0.0, 0.004666666666666667, 6.666666666666668e-05), (50.3316, 0.004666666666666667, 0.00013333333333333334), (232.08433333333338, 0.9976, 0.007), (232.08433333333338, 0.9976, 0.007)]","[0, 0, 0, 0, 0, 0, 0, 0, 0, 0, 0, 0, 0, 0, 0, 0, 0, 0, 0, 0, 0, 0, 0, 0, 0, 0, 0, 0, 0, 0, 0, 0, 0, 0, 0, 0, 0, 0, 0, 0, 0, 0, 0, 0, 0, 0, 0, 0, 0, 0, 0, 0, 0, 0, 0, 0, 0, 0, 0, 0, 0, 0, 0, 0, 0, 0, 0, 0, 0, 0, 0, 0, 0, 0, 0, 0, 0, 0, 0, 0, 0, 0, 0, 0, 0, 0, 0, 0, 0, 0, 0, 0, 0, 0, 0, 0, 0, 0, 0, 0, 0, 0, 0, 0, 0, 0, 0, 0, 0, 0, 0, 0, 0, 0, (2, 0.0, 0.008927777777777778), 0, 0, 0, 0, (3, 0.0, 0.0004444444444444444), 0, 0, (2, 0.0, 0.010772222222222223), (3, 0.0, 0.0004555555555555556), (2, 0.0, 0.0009555555555555554), (3, 0.0, 0.011183333333333332), 0, (1, 0.0, 0.05646666666666667), (1, 0.0, 0.0005499999999999999), 0, (2, 0.0, 0.001238888888888889), (1, 0.27021666666666666, 0.012733333333333334), (2, 0.00035, 0.0039833333333333335), (2, 0.0, 0.0), (3, 0.0, 0.001661111111111111), (2, 0.0, 0.0010555555555555557), (3, 0.0, 0.0005111111111111112), (3, 0.0, 0.0005111111111111112)]","[-1, -1, -1, -1, -1, -1, -1, -1, -1, -1, -1, -1, -1, -1, -1, -1, -1, -1, -1, -1, -1, -1, -1, -1, -1, -1, -1, -1, -1, -1, -1, -1, -1, -1, -1, -1, -1, -1, -1, -1, -1, -1, -1, -1, -1, -1, -1, -1, -1, -1, -1, -1, -1, -1, -1, -1, -1, -1, -1, -1, -1, -1, -1, -1, -1, -1, -1, -1, -1, -1, -1, -1, -1, -1, -1, -1, -1, -1, -1, -1, -1, -1, -1, -1, -1, -1, -1, -1, -1, -1, -1, -1, -1, -1, -1, -1, -1, -1, -1, -1, -1, -1, -1, -1, -1, -1, -1, -1, -1, -1, -1, -1, -1, -1, 6, -1, -1, -1, -1, 8, -1, -1, 2, 0, 9, 0, -1, 1, 14, -1, 5, 10, 4, 11, 14, 3, 10, 11]","[False, False, False, False, False, False, False, False, False, False, False, False, False, False, False, False, False, False, False, False, False, False, False, False, False, False, False, False, False, False, False, False, False, False, False, False, False, False, False, False, False, False, False, False, False, False, False, False, False, False, False, False, False, False, False, False, False, False, False, False, False, False, False, False, False, False, False, False, False, False, False, False, False, False, False, False, False, False, False, False, False, False, False, False, False, False, False, False, False, False, False, False, False, False, False, False, False, False, False, False, False, False, False, False, False, False, False, False, False, False, False, False, False, False, True, False, False, False, False, True, False, False, True, True, True, True, False, True, True, False, True, True, True, True, True, True, True, True]"
84,"[0, 0, 0, 0, 0, 0, 0, 0, 0, 0, 0, 0, 0, 0, 0, 0, 0, 0, 0, 0, 0, 0, 0, 0, 0, 0, 0, 0, 0, 0, 0, 0, 0, 0, 0, 0, 0, 0, 0, 0, 0, 0, 0, 0, 0, 0, 0, 0, 0, 0, 0, 0, 0, 0, 0, 0, 0, 0, 0, 0, 0, 0, 0, 0, 0, 0, 0, 0, 0, 0, 0, 0, 0, 0, 0, 0, 0, 0, 0, 0, 0, 0, 0, 0, 0, 0, 0, 0, 0, 0, 0, 0, 0, 0, 0, 0, 0, 0, 0, 0, 0, 0, 0, 0, 0, 0, 0, 0, 0, 0, 0, 0, 0, 0, 3255.4183193198332, 0, 0, 0, 0, 0, 0, 0, 1554.649748478609, 1074.0134939902914, 1563.5500902401322, 1385.6395298158109, 0, 0, 1178.6282089559033, 0, 0, 724.5392512624934, 544.2392451590755, 2911.512479720924, 578.5431829120669, 510.85024030910995, 741.7221959766666, 741.7221959766666, 731.2170323801198, 501.40426599866777]","[0, 0, 0, 0, 0, 0, 1, 2, 2, 2, 3, 3, 3, 3, 3, 4, 4, 4, 4, 4, 4, 4, 4, 5, 5, 5, 5, 5, 5, 6, 6, 6, 6, 6, 6, 6, 7, 7, 7, 7, 7, 8, 8, 8, 8, 8, 8, 9, 9, 9, 9, 9, 10, 10, 10, 11, 12, 12, 12, 12, 13, 13, 13, 14, 14, 14, 14, 14, 15, 15, 16, 16, 16, 16, 16, 16, 16, 17, 17, 17, 17, 17, 17, 17, 18, 18, 18, 19, 19, 19, 19, 20, 20, 20, 20, 21, 21, 21, 21, 21, 21, 22, 22, 22, 22, 23, 23, 23, 23, 24, 24, 24, 24, 25, 25, 25, 25, 25, 26, 26, 26, 26, 27, 27, 27, 27, 28, 28, 28, 28, 28, 28, 28, 29, 29, 29, 29, 30, 30, 30]","[1, 1, 1, 1, 1, 1, 2, 3, 3, 3, 4, 4, 4, 4, 5, 6, 5, 5, 5, 8, 8, 9, 9, 11, 14, 12, 17, 15, 17, 17, 19, 17, 18, 18, 19, 19, 22, 26, 25, 24, 26, 28, 26, 27, 27, 27, 28, 29, 31, 32, 31, 32, 33, 35, 35, 35, 36, 36, 37, 39, 41, 40, 42, 43, 43, 44, 45, 45, 45, 45, 46, 47, 47, 50, 49, 49, 49, 50, 52, 52, 54, 54, 54, 56, 56, 56, 57, 57, 57, 59, 58, 58, 59, 59, 59, 60, 61, 62, 63, 64, 64, 64, 65, 66, 66, 68, 68, 68, 69, 69, 69, 69, 71, 70, 71, 70, 71, 72, 72, 73, 73, 74, 75, 75, 75, 78, 77, 77, 78, 79, 80, 80, 81, 82, 82, 82, 83, 83, 84, 84]","[5, 5, 3, 19, 26, 8, 16, 9, 9, 27, 23, 18, 12, 8, 20, 17, 12, 11, 14, 17, 24, 16, 15, 19, 30, 35, 36, 17, 32, 31, 29, 24, 25, 27, 26, 27, 30, 45, 40, 27, 36, 44, 39, 35, 33, 34, 45, 37, 43, 42, 40, 45, 56, 43, 49, 49, 48, 46, 45, 47, 52, 47, 49, 57, 53, 51, 57, 50, 57, 69, 58, 54, 59, 68, 54, 56, 59, 56, 58, 63, 64, 58, 60, 66, 62, 59, 64, 64, 61, 69, 69, 66, 70, 65, 69, 68, 75, 72, 78, 68, 70, 71, 72, 82, 77, 70, 81, 76, 79, 80, 70, 72, 73, 74, -1, 75, 75, 82, 77, -1, 80, 83, -1, -1, -1, -1, 82, 84, -1, 83, 84, -1, -1, -1, -1, -1, -1, -1, -1, -1]","[0, 0, 0, 0, 0, 0, 0, 0, 0, 0, 0, 0, 0, 0, 0, 0, 0, 0, 0, 0, 0, 0, 0, 0, 0, 0, 0, 0, 0, 0, 0, 0, 0, 0, 0, 0, 0, 0, 0, 0, 0, 0, 0, 0, 0, 0, 0, 0, 0, 0, 0, 0, 0, 0, 0, 0, 0, 0, 0, 0, 0, 0, 0, 0, 0, 0, 0, 0, 0, 0, 0, 0, 0, 0, 0, 0, 0, 0, 0, 0, 0, 0, 0, 0, 0, 0, 0, 0, 0, 0, 0, 0, 0, 0, 0, 0, 0, 0, 0, 0, 0, 0, 0, 0, 0, 0, 0, 0, 0, 0, 0, 0, 0, 0, 4029.0, 0, 0, 0, 0, 4029.0, 0, 0, 4029.0, 4029.0, 2103.4552802121607, 1925.5447197878393, 0, 0, 2314.5425130219182, 0, 0, 2005.9085276429132, 4029.0, 4029.0, 1714.4574869780818, 4029.0, 2023.0914723570866, 4029.0, 4029.0, 4029.0]","[0, 0, 0, 0, 0, 0, 0, 0, 0, 0, 0, 0, 0, 0, 0, 0, 0, 0, 0, 0, 0, 0, 0, 0, 0, 0, 0, 0, 0, 0, 0, 0, 0, 0, 0, 0, 0, 0, 0, 0, 0, 0, 0, 0, 0, 0, 0, 0, 0, 0, 0, 0, 0, 0, 0, 0, 0, 0, 0, 0, 0, 0, 0, 0, 0, 0, 0, 0, 0, 0, 0, 0, 0, 0, 0, 0, 0, 0, 0, 0, 0, 0, 0, 0, 0, 0, 0, 0, 0, 0, 0, 0, 0, 0, 0, 0, 0, 0, 0, 0, 0, 0, 0, 0, 0, 0, 0, 0, 0, 0, 0, 0, 0, 0, (503.316, 17.2942, 4.714533333333334), 0, 0, 0, 0, (344.63140000000004, 3.1724, 0.019733333333333335), 0, 0, (83.886, 0.8937333333333333, 0.7318666666666667), (243.2694, 1.3356666666666668, 0.18259999999999998), (78.29360000000001, 0.11573333333333333, 0.09953333333333332), (671.0880666666666, 0.08573333333333333, 0.32080000000000003), 0, 0, (82.4876, 0.0007333333333333332, 0.002), 0, 0, (271.2314, 0.0722, 0.0028666666666666667), (486.5389333333335, 0.012733333333333333, 0.18919999999999998), (0.0, 0.0, 0.0), (0.0, 0.004533333333333333, 0.0), (47.5354, 0.004533333333333333, 0.00013333333333333334), (264.24086666666665, 0.7731333333333333, 0.0056), (264.24086666666665, 0.7731333333333333, 0.0056), (178.9568, 0.0019333333333333331, 0.0014666666666666665), (0.0, 0.0048, 6.666666666666668e-05)]","[0, 0, 0, 0, 0, 0, 0, 0, 0, 0, 0, 0, 0, 0, 0, 0, 0, 0, 0, 0, 0, 0, 0, 0, 0, 0, 0, 0, 0, 0, 0, 0, 0, 0, 0, 0, 0, 0, 0, 0, 0, 0, 0, 0, 0, 0, 0, 0, 0, 0, 0, 0, 0, 0, 0, 0, 0, 0, 0, 0, 0, 0, 0, 0, 0, 0, 0, 0, 0, 0, 0, 0, 0, 0, 0, 0, 0, 0, 0, 0, 0, 0, 0, 0, 0, 0, 0, 0, 0, 0, 0, 0, 0, 0, 0, 0, 0, 0, 0, 0, 0, 0, 0, 0, 0, 0, 0, 0, 0, 0, 0, 0, 0, 0, (2, 2.327875, 0.009094444444444445), 0, 0, 0, 0, (3, 0.0, 0.0002722222222222222), 0, 0, (2, 0.0, 0.007866666666666668), (3, 0.0, 0.0004166666666666667), (2, 0.0, 0.0009166666666666666), (3, 0.0, 0.018272222222222224), 0, 0, (1, 0.0, 0.0005722222222222222), 0, 0, (1, 0.24863333333333332, 0.04668333333333334), (2, 0.07660000000000003, 0.0032111111111111108), (2, 0.0, 0.0), (3, 0.0, 0.0012944444444444446), (2, 0.0, 0.0011222222222222222), (3, 0.0, 0.0006277777777777777), (3, 0.0, 0.0006277777777777777), (1, 0.36411666666666676, 0.01315), (2, 0.0, 0.0013222222222222222)]","[-1, -1, -1, -1, -1, -1, -1, -1, -1, -1, -1, -1, -1, -1, -1, -1, -1, -1, -1, -1, -1, -1, -1, -1, -1, -1, -1, -1, -1, -1, -1, -1, -1, -1, -1, -1, -1, -1, -1, -1, -1, -1, -1, -1, -1, -1, -1, -1, -1, -1, -1, -1, -1, -1, -1, -1, -1, -1, -1, -1, -1, -1, -1, -1, -1, -1, -1, -1, -1, -1, -1, -1, -1, -1, -1, -1, -1, -1, -1, -1, -1, -1, -1, -1, -1, -1, -1, -1, -1, -1, -1, -1, -1, -1, -1, -1, -1, -1, -1, -1, -1, -1, -1, -1, -1, -1, -1, -1, -1, -1, -1, -1, -1, -1, 13, -1, -1, -1, -1, 15, -1, -1, 5, 1, 0, 0, -1, -1, 14, -1, -1, 10, 12, 2, 14, 7, 10, 11, 8, 6]","[False, False, False, False, False, False, False, False, False, False, False, False, False, False, False, False, False, False, False, False, False, False, False, False, False, False, False, False, False, False, False, False, False, False, False, False, False, False, False, False, False, False, False, False, False, False, False, False, False, False, False, False, False, False, False, False, False, False, False, False, False, False, False, False, False, False, False, False, False, False, False, False, False, False, False, False, False, False, False, False, False, False, False, False, False, False, False, False, False, False, False, False, False, False, False, False, False, False, False, False, False, False, False, False, False, False, False, False, False, False, False, False, False, False, True, False, False, False, False, True, False, False, True, True, True, True, False, False, True, False, False, True, True, True, True, True, True, True, True, True]"
85,"[0, 0, 0, 0, 0, 0, 0, 0, 0, 0, 0, 0, 0, 0, 0, 0, 0, 0, 0, 0, 0, 0, 0, 0, 0, 0, 0, 0, 0, 0, 0, 0, 0, 0, 0, 0, 0, 0, 0, 0, 0, 0, 0, 0, 0, 0, 0, 0, 0, 0, 0, 0, 0, 0, 0, 0, 0, 0, 0, 0, 0, 0, 0, 0, 0, 0, 0, 0, 0, 0, 0, 0, 0, 0, 0, 0, 0, 0, 0, 0, 0, 0, 0, 0, 0, 0, 0, 0, 0, 0, 0, 0, 0, 0, 0, 0, 0, 0, 0, 0, 0, 0, 0, 0, 0, 0, 0, 0, 0, 0, 0, 0, 0, 0, 3689.4740952291445, 0, 0, 0, 0, 0, 0, 0, 1554.649748478609, 0, 1563.5500902401322, 1095.1560621194842, 0, 0, 0, 0, 0, 737.8948134977464, 0, 3145.2348118086134, 581.5100710295644, 510.85024030910995, 623.0466446204, 623.0466446204, 657.7614400862267, 498.43737685074666, 520.8668579276933]","[0, 0, 0, 0, 0, 0, 1, 2, 2, 2, 3, 3, 3, 3, 3, 4, 4, 4, 4, 4, 4, 4, 4, 5, 5, 5, 5, 5, 5, 6, 6, 6, 6, 6, 6, 6, 7, 7, 7, 7, 7, 8, 8, 8, 8, 8, 8, 9, 9, 9, 9, 9, 10, 10, 10, 11, 12, 12, 12, 12, 13, 13, 13, 14, 14, 14, 14, 14, 15, 15, 16, 16, 16, 16, 16, 16, 16, 17, 17, 17, 17, 17, 17, 17, 18, 18, 18, 19, 19, 19, 19, 20, 20, 20, 20, 21, 21, 21, 21, 21, 21, 22, 22, 22, 22, 23, 23, 23, 23, 24, 24, 24, 24, 25, 25, 25, 25, 25, 26, 26, 26, 26, 27, 27, 27, 27, 28, 28, 28, 28, 28, 28, 28, 29, 29, 29, 29, 30, 30, 30, 30]","[1, 1, 1, 1, 1, 1, 2, 3, 3, 3, 4, 4, 4, 4, 5, 6, 5, 5, 5, 8, 8, 9, 9, 11, 14, 12, 17, 15, 17, 17, 19, 17, 18, 18, 19, 19, 22, 26, 25, 24, 26, 28, 26, 27, 27, 27, 28, 29, 31, 32, 31, 32, 33, 35, 35, 35, 36, 36, 37, 39, 41, 40, 42, 43, 43, 44, 45, 45, 45, 45, 46, 47, 47, 50, 49, 49, 49, 50, 52, 52, 54, 54, 54, 56, 56, 56, 57, 57, 57, 59, 58, 58, 59, 59, 59, 60, 61, 62, 63, 64, 64, 64, 65, 66, 66, 68, 68, 68, 69, 69, 69, 69, 71, 70, 71, 70, 71, 72, 72, 73, 73, 74, 75, 75, 75, 78, 77, 77, 78, 79, 80, 80, 81, 82, 82, 82, 83, 83, 84, 84, 85]","[5, 5, 3, 19, 26, 8, 16, 9, 9, 27, 23, 18, 12, 8, 20, 17, 12, 11, 14, 17, 24, 16, 15, 19, 30, 35, 36, 17, 32, 31, 29, 24, 25, 27, 26, 27, 30, 45, 40, 27, 36, 44, 39, 35, 33, 34, 45, 37, 43, 42, 40, 45, 56, 43, 49, 49, 48, 46, 45, 47, 52, 47, 49, 57, 53, 51, 57, 50, 57, 69, 58, 54, 59, 68, 54, 56, 59, 56, 58, 63, 64, 58, 60, 66, 62, 59, 64, 64, 61, 69, 69, 66, 70, 65, 69, 68, 75, 72, 78, 68, 70, 71, 72, 82, 77, 70, 81, 76, 79, 80, 70, 72, 73, 74, -1, 75, 75, 82, 77, 85, 80, 83, -1, -1, -1, -1, 82, 84, -1, 83, 84, -1, -1, -1, -1, -1, -1, -1, -1, -1, -1]","[0, 0, 0, 0, 0, 0, 0, 0, 0, 0, 0, 0, 0, 0, 0, 0, 0, 0, 0, 0, 0, 0, 0, 0, 0, 0, 0, 0, 0, 0, 0, 0, 0, 0, 0, 0, 0, 0, 0, 0, 0, 0, 0, 0, 0, 0, 0, 0, 0, 0, 0, 0, 0, 0, 0, 0, 0, 0, 0, 0, 0, 0, 0, 0, 0, 0, 0, 0, 0, 0, 0, 0, 0, 0, 0, 0, 0, 0, 0, 0, 0, 0, 0, 0, 0, 0, 0, 0, 0, 0, 0, 0, 0, 0, 0, 0, 0, 0, 0, 0, 0, 0, 0, 0, 0, 0, 0, 0, 0, 0, 0, 0, 0, 0, 4029.0, 0, 0, 0, 0, 0, 0, 0, 4029.0, 1702.9766776898, 4029.0, 2233.197311016629, 0, 0, 1759.0748798454451, 0, 0, 4029.0, 4029.0, 4029.0, 4029.0, 2269.925120154555, 2326.0233223102, 4029.0, 1795.8026889833714, 2003.2852594615267, 2025.7147405384735]","[0, 0, 0, 0, 0, 0, 0, 0, 0, 0, 0, 0, 0, 0, 0, 0, 0, 0, 0, 0, 0, 0, 0, 0, 0, 0, 0, 0, 0, 0, 0, 0, 0, 0, 0, 0, 0, 0, 0, 0, 0, 0, 0, 0, 0, 0, 0, 0, 0, 0, 0, 0, 0, 0, 0, 0, 0, 0, 0, 0, 0, 0, 0, 0, 0, 0, 0, 0, 0, 0, 0, 0, 0, 0, 0, 0, 0, 0, 0, 0, 0, 0, 0, 0, 0, 0, 0, 0, 0, 0, 0, 0, 0, 0, 0, 0, 0, 0, 0, 0, 0, 0, 0, 0, 0, 0, 0, 0, 0, 0, 0, 0, 0, 0, (570.4248, 42.85653333333333, 4.105333333333333), 0, 0, 0, 0, 0, 0, 0, (92.2746, 0.9142666666666668, 0.7324666666666667), (178.2574, 0.7554, 0.0208), (33.5544, 0.1158, 0.09953333333333332), (767.5571333333334, 0.08106666666666666, 0.391), 0, 0, (81.08953333333334, 0.0002666666666666667, 0.001), 0, 0, (164.9758, 0.0021333333333333334, 0.0014666666666666665), (462.072, 0.012733333333333333, 0.18913333333333332), (0.0, 0.0, 0.0), (0.0, 0.004733333333333333, 0.0), (55.924, 0.004733333333333333, 6.666666666666668e-05), (260.0463333333334, 0.6686, 0.004866666666666666), (260.0463333333334, 0.6686, 0.004866666666666666), (192.93779999999998, 0.003933333333333333, 0.0014666666666666665), (145.4024, 0.004733333333333333, 6.666666666666668e-05), (0.0, 0.0046, 6.666666666666668e-05)]","[0, 0, 0, 0, 0, 0, 0, 0, 0, 0, 0, 0, 0, 0, 0, 0, 0, 0, 0, 0, 0, 0, 0, 0, 0, 0, 0, 0, 0, 0, 0, 0, 0, 0, 0, 0, 0, 0, 0, 0, 0, 0, 0, 0, 0, 0, 0, 0, 0, 0, 0, 0, 0, 0, 0, 0, 0, 0, 0, 0, 0, 0, 0, 0, 0, 0, 0, 0, 0, 0, 0, 0, 0, 0, 0, 0, 0, 0, 0, 0, 0, 0, 0, 0, 0, 0, 0, 0, 0, 0, 0, 0, 0, 0, 0, 0, 0, 0, 0, 0, 0, 0, 0, 0, 0, 0, 0, 0, 0, 0, 0, 0, 0, 0, (2, 0.0, 0.005988888888888888), 0, 0, 0, 0, 0, 0, 0, (2, 0.0, 0.010216666666666666), (3, 0.0, 0.0004444444444444444), (2, 0.0, 0.000977777777777778), (3, 0.0, 0.02345), 0, 0, (1, 0.0, 0.000538888888888889), 0, 0, (1, 0.2376, 0.013488888888888885), (2, 0.07893333333333334, 0.003822222222222222), (2, 0.0, 0.0), (3, 0.0, 0.0012333333333333335), (2, 0.0, 0.0010555555555555555), (3, 0.0, 0.0004277777777777778), (3, 0.0, 0.0004277777777777778), (1, 0.26766666666666666, 0.015294444444444444), (2, 0.0, 0.0012666666666666666), (1, 0.0, 0.0008722222222222223)]","[-1, -1, -1, -1, -1, -1, -1, -1, -1, -1, -1, -1, -1, -1, -1, -1, -1, -1, -1, -1, -1, -1, -1, -1, -1, -1, -1, -1, -1, -1, -1, -1, -1, -1, -1, -1, -1, -1, -1, -1, -1, -1, -1, -1, -1, -1, -1, -1, -1, -1, -1, -1, -1, -1, -1, -1, -1, -1, -1, -1, -1, -1, -1, -1, -1, -1, -1, -1, -1, -1, -1, -1, -1, -1, -1, -1, -1, -1, -1, -1, -1, -1, -1, -1, -1, -1, -1, -1, -1, -1, -1, -1, -1, -1, -1, -1, -1, -1, -1, -1, -1, -1, -1, -1, -1, -1, -1, -1, -1, -1, -1, -1, -1, -1, 12, -1, -1, -1, -1, -1, -1, -1, 9, 1, 3, 0, -1, -1, 14, -1, -1, 10, 6, 4, 5, 14, 1, 2, 0, 15, 15]","[False, False, False, False, False, False, False, False, False, False, False, False, False, False, False, False, False, False, False, False, False, False, False, False, False, False, False, False, False, False, False, False, False, False, False, False, False, False, False, False, False, False, False, False, False, False, False, False, False, False, False, False, False, False, False, False, False, False, False, False, False, False, False, False, False, False, False, False, False, False, False, False, False, False, False, False, False, False, False, False, False, False, False, False, False, False, False, False, False, False, False, False, False, False, False, False, False, False, False, False, False, False, False, False, False, False, False, False, False, False, False, False, False, False, True, False, False, False, False, False, False, False, True, True, True, True, False, False, True, False, False, True, True, True, True, True, True, True, True, True, True]"
86,"[0, 0, 0, 0, 0, 0, 0, 0, 0, 0, 0, 0, 0, 0, 0, 0, 0, 0, 0, 0, 0, 0, 0, 0, 0, 0, 0, 0, 0, 0, 0, 0, 0, 0, 0, 0, 0, 0, 0, 0, 0, 0, 0, 0, 0, 0, 0, 0, 0, 0, 0, 0, 0, 0, 0, 0, 0, 0, 0, 0, 0, 0, 0, 0, 0, 0, 0, 0, 0, 0, 0, 0, 0, 0, 0, 0, 0, 0, 0, 0, 0, 0, 0, 0, 0, 0, 0, 0, 0, 0, 0, 0, 0, 0, 0, 0, 0, 0, 0, 0, 0, 0, 0, 0, 0, 0, 0, 0, 0, 0, 0, 0, 0, 0, 2510.845719106169, 0, 0, 0, 0, 0, 0, 0, 1560.5835261445573, 0, 0, 931.5504308882199, 0, 0, 0, 0, 0, 714.5225795860533, 0, 2988.3069602640226, 0, 510.85024030910995, 620.0797558364931, 620.0797558364931, 711.18368902724, 498.43737685074666, 530.8835282724567, 1876.4565081617916, 777.9614183128089, 0]","[0, 0, 0, 0, 0, 0, 1, 2, 2, 2, 3, 3, 3, 3, 3, 4, 4, 4, 4, 4, 4, 4, 4, 5, 5, 5, 5, 5, 5, 6, 6, 6, 6, 6, 6, 6, 7, 7, 7, 7, 7, 8, 8, 8, 8, 8, 8, 9, 9, 9, 9, 9, 10, 10, 10, 11, 12, 12, 12, 12, 13, 13, 13, 14, 14, 14, 14, 14, 15, 15, 16, 16, 16, 16, 16, 16, 16, 17, 17, 17, 17, 17, 17, 17, 18, 18, 18, 19, 19, 19, 19, 20, 20, 20, 20, 21, 21, 21, 21, 21, 21, 22, 22, 22, 22, 23, 23, 23, 23, 24, 24, 24, 24, 25, 25, 25, 25, 25, 26, 26, 26, 26, 27, 27, 27, 27, 28, 28, 28, 28, 28, 28, 28, 29, 29, 29, 29, 30, 30, 30, 30, 30, 30, 31]","[1, 1, 1, 1, 1, 1, 2, 3, 3, 3, 4, 4, 4, 4, 5, 6, 5, 5, 5, 8, 8, 9, 9, 11, 14, 12, 17, 15, 17, 17, 19, 17, 18, 18, 19, 19, 22, 26, 25, 24, 26, 28, 26, 27, 27, 27, 28, 29, 31, 32, 31, 32, 33, 35, 35, 35, 36, 36, 37, 39, 41, 40, 42, 43, 43, 44, 45, 45, 45, 45, 46, 47, 47, 50, 49, 49, 49, 50, 52, 52, 54, 54, 54, 56, 56, 56, 57, 57, 57, 59, 58, 58, 59, 59, 59, 60, 61, 62, 63, 64, 64, 64, 65, 66, 66, 68, 68, 68, 69, 69, 69, 69, 71, 70, 71, 70, 71, 72, 72, 73, 73, 74, 75, 75, 75, 78, 77, 77, 78, 79, 80, 80, 81, 82, 82, 82, 83, 83, 84, 84, 85, 86, 86, 86]","[5, 5, 3, 19, 26, 8, 16, 9, 9, 27, 23, 18, 12, 8, 20, 17, 12, 11, 14, 17, 24, 16, 15, 19, 30, 35, 36, 17, 32, 31, 29, 24, 25, 27, 26, 27, 30, 45, 40, 27, 36, 44, 39, 35, 33, 34, 45, 37, 43, 42, 40, 45, 56, 43, 49, 49, 48, 46, 45, 47, 52, 47, 49, 57, 53, 51, 57, 50, 57, 69, 58, 54, 59, 68, 54, 56, 59, 56, 58, 63, 64, 58, 60, 66, 62, 59, 64, 64, 61, 69, 69, 66, 70, 65, 69, 68, 75, 72, 78, 68, 70, 71, 72, 82, 77, 70, 81, 76, 79, 80, 70, 72, 73, 74, -1, 75, 75, 82, 77, 85, 80, 83, -1, 86, -1, -1, 82, 84, 86, 83, 84, -1, 86, -1, -1, -1, -1, -1, -1, -1, -1, -1, -1, -1]","[0, 0, 0, 0, 0, 0, 0, 0, 0, 0, 0, 0, 0, 0, 0, 0, 0, 0, 0, 0, 0, 0, 0, 0, 0, 0, 0, 0, 0, 0, 0, 0, 0, 0, 0, 0, 0, 0, 0, 0, 0, 0, 0, 0, 0, 0, 0, 0, 0, 0, 0, 0, 0, 0, 0, 0, 0, 0, 0, 0, 0, 0, 0, 0, 0, 0, 0, 0, 0, 0, 0, 0, 0, 0, 0, 0, 0, 0, 0, 0, 0, 0, 0, 0, 0, 0, 0, 0, 0, 0, 0, 0, 0, 0, 0, 0, 0, 0, 0, 0, 0, 0, 0, 0, 0, 0, 0, 0, 0, 0, 0, 0, 0, 0, 4029.0, 0, 0, 0, 0, 0, 0, 0, 4029.0, 0, 4029.0, 2123.0139256510834, 0, 0, 0, 0, 0, 1905.9860743489166, 0, 3253.2283599774564, 4029.0, 775.7716400225438, 4029.0, 1935.559168761842, 1431.863590432724, 4029.0, 4029.0, 2597.1364095672757, 2093.440831238158, 4029.0]","[0, 0, 0, 0, 0, 0, 0, 0, 0, 0, 0, 0, 0, 0, 0, 0, 0, 0, 0, 0, 0, 0, 0, 0, 0, 0, 0, 0, 0, 0, 0, 0, 0, 0, 0, 0, 0, 0, 0, 0, 0, 0, 0, 0, 0, 0, 0, 0, 0, 0, 0, 0, 0, 0, 0, 0, 0, 0, 0, 0, 0, 0, 0, 0, 0, 0, 0, 0, 0, 0, 0, 0, 0, 0, 0, 0, 0, 0, 0, 0, 0, 0, 0, 0, 0, 0, 0, 0, 0, 0, 0, 0, 0, 0, 0, 0, 0, 0, 0, 0, 0, 0, 0, 0, 0, 0, 0, 0, 0, 0, 0, 0, 0, 0, (394.2642, 30.276, 3.311533333333333), 0, 0, 0, 0, 0, 0, 0, (134.2176, 0.8891333333333333, 0.7291333333333333), 0, (22.3696, 0.11553333333333332, 0.0994), (796.9172, 0.0888, 0.33713333333333334), 0, 0, 0, 0, 0, (159.3834, 0.0022666666666666664, 0.0018), 0, (0.0, 0.0, 0.0), (0.0, 0.004733333333333333, 6.666666666666668e-05), (58.7202, 0.0046, 6.666666666666668e-05), (222.2978, 0.6696, 0.0051333333333333335), (222.2978, 0.6696, 0.0051333333333333335), (134.2176, 0.002, 0.0014), (67.1088, 0.004666666666666667, 0.0), (0.0, 0.004733333333333333, 0.00013333333333333334), (258.64820000000003, 0.019533333333333337, 0.0016), (123.73126666666663, 0.009733333333333332, 0.0028), (75.84646666666666, 0.0, 0.0)]","[0, 0, 0, 0, 0, 0, 0, 0, 0, 0, 0, 0, 0, 0, 0, 0, 0, 0, 0, 0, 0, 0, 0, 0, 0, 0, 0, 0, 0, 0, 0, 0, 0, 0, 0, 0, 0, 0, 0, 0, 0, 0, 0, 0, 0, 0, 0, 0, 0, 0, 0, 0, 0, 0, 0, 0, 0, 0, 0, 0, 0, 0, 0, 0, 0, 0, 0, 0, 0, 0, 0, 0, 0, 0, 0, 0, 0, 0, 0, 0, 0, 0, 0, 0, 0, 0, 0, 0, 0, 0, 0, 0, 0, 0, 0, 0, 0, 0, 0, 0, 0, 0, 0, 0, 0, 0, 0, 0, 0, 0, 0, 0, 0, 0, (2, 0.0, 0.003466666666666667), 0, 0, 0, 0, 0, 0, 0, (2, 1.666666666666667e-05, 0.00786111111111111), 0, (2, 0.0, 0.0009444444444444444), (3, 0.0, 0.019), 0, 0, 0, 0, 0, (1, 0.27031666666666665, 0.012972222222222222), 0, (2, 0.0, 0.0), (3, 0.0, 0.0012666666666666666), (2, 0.0, 0.0010388888888888887), (3, 0.0, 0.0005), (3, 0.0, 0.0005), (1, 0.2701, 0.013050000000000004), (2, 0.0, 0.0012333333333333335), (1, 0.0, 0.0008388888888888889), (3, 0.05115, 0.03694444444444444), (2, 0.0, 2.2222222222222223e-05), (2, 0.00015, 0.0002722222222222222)]","[-1, -1, -1, -1, -1, -1, -1, -1, -1, -1, -1, -1, -1, -1, -1, -1, -1, -1, -1, -1, -1, -1, -1, -1, -1, -1, -1, -1, -1, -1, -1, -1, -1, -1, -1, -1, -1, -1, -1, -1, -1, -1, -1, -1, -1, -1, -1, -1, -1, -1, -1, -1, -1, -1, -1, -1, -1, -1, -1, -1, -1, -1, -1, -1, -1, -1, -1, -1, -1, -1, -1, -1, -1, -1, -1, -1, -1, -1, -1, -1, -1, -1, -1, -1, -1, -1, -1, -1, -1, -1, -1, -1, -1, -1, -1, -1, -1, -1, -1, -1, -1, -1, -1, -1, -1, -1, -1, -1, -1, -1, -1, -1, -1, -1, 1, -1, -1, -1, -1, -1, -1, -1, 13, -1, 5, 0, -1, -1, -1, -1, -1, 0, -1, 2, 11, 2, 7, 8, 6, 15, 3, 6, 8, 4]","[False, False, False, False, False, False, False, False, False, False, False, False, False, False, False, False, False, False, False, False, False, False, False, False, False, False, False, False, False, False, False, False, False, False, False, False, False, False, False, False, False, False, False, False, False, False, False, False, False, False, False, False, False, False, False, False, False, False, False, False, False, False, False, False, False, False, False, False, False, False, False, False, False, False, False, False, False, False, False, False, False, False, False, False, False, False, False, False, False, False, False, False, False, False, False, False, False, False, False, False, False, False, False, False, False, False, False, False, False, False, False, False, False, False, True, False, False, False, False, False, False, False, True, False, True, True, False, False, False, False, False, True, False, True, True, True, True, True, True, True, True, True, True, True]"
87,"[0, 0, 0, 0, 0, 0, 0, 0, 0, 0, 0, 0, 0, 0, 0, 0, 0, 0, 0, 0, 0, 0, 0, 0, 0, 0, 0, 0, 0, 0, 0, 0, 0, 0, 0, 0, 0, 0, 0, 0, 0, 0, 0, 0, 0, 0, 0, 0, 0, 0, 0, 0, 0, 0, 0, 0, 0, 0, 0, 0, 0, 0, 0, 0, 0, 0, 0, 0, 0, 0, 0, 0, 0, 0, 0, 0, 0, 0, 0, 0, 0, 0, 0, 0, 0, 0, 0, 0, 0, 0, 0, 0, 0, 0, 0, 0, 0, 0, 0, 0, 0, 0, 0, 0, 0, 0, 0, 0, 0, 0, 0, 0, 0, 0, 2781.295856403509, 0, 0, 0, 0, 0, 0, 0, 1530.9146378148132, 0, 0, 1008.3449108539154, 0, 0, 0, 0, 0, 707.8447984684265, 0, 3008.340303014396, 0, 0, 0, 640.8479773238399, 647.7447684097866, 0, 554.2557590769045, 1328.8784523992754, 888.1447951553957, 0, 2180.662757134983, 1115.1894634134223]","[0, 0, 0, 0, 0, 0, 1, 2, 2, 2, 3, 3, 3, 3, 3, 4, 4, 4, 4, 4, 4, 4, 4, 5, 5, 5, 5, 5, 5, 6, 6, 6, 6, 6, 6, 6, 7, 7, 7, 7, 7, 8, 8, 8, 8, 8, 8, 9, 9, 9, 9, 9, 10, 10, 10, 11, 12, 12, 12, 12, 13, 13, 13, 14, 14, 14, 14, 14, 15, 15, 16, 16, 16, 16, 16, 16, 16, 17, 17, 17, 17, 17, 17, 17, 18, 18, 18, 19, 19, 19, 19, 20, 20, 20, 20, 21, 21, 21, 21, 21, 21, 22, 22, 22, 22, 23, 23, 23, 23, 24, 24, 24, 24, 25, 25, 25, 25, 25, 26, 26, 26, 26, 27, 27, 27, 27, 28, 28, 28, 28, 28, 28, 28, 29, 29, 29, 29, 30, 30, 30, 30, 30, 30, 31, 31, 31]","[1, 1, 1, 1, 1, 1, 2, 3, 3, 3, 4, 4, 4, 4, 5, 6, 5, 5, 5, 8, 8, 9, 9, 11, 14, 12, 17, 15, 17, 17, 19, 17, 18, 18, 19, 19, 22, 26, 25, 24, 26, 28, 26, 27, 27, 27, 28, 29, 31, 32, 31, 32, 33, 35, 35, 35, 36, 36, 37, 39, 41, 40, 42, 43, 43, 44, 45, 45, 45, 45, 46, 47, 47, 50, 49, 49, 49, 50, 52, 52, 54, 54, 54, 56, 56, 56, 57, 57, 57, 59, 58, 58, 59, 59, 59, 60, 61, 62, 63, 64, 64, 64, 65, 66, 66, 68, 68, 68, 69, 69, 69, 69, 71, 70, 71, 70, 71, 72, 72, 73, 73, 74, 75, 75, 75, 78, 77, 77, 78, 79, 80, 80, 81, 82, 82, 82, 83, 83, 84, 84, 85, 86, 86, 86, 87, 87]","[5, 5, 3, 19, 26, 8, 16, 9, 9, 27, 23, 18, 12, 8, 20, 17, 12, 11, 14, 17, 24, 16, 15, 19, 30, 35, 36, 17, 32, 31, 29, 24, 25, 27, 26, 27, 30, 45, 40, 27, 36, 44, 39, 35, 33, 34, 45, 37, 43, 42, 40, 45, 56, 43, 49, 49, 48, 46, 45, 47, 52, 47, 49, 57, 53, 51, 57, 50, 57, 69, 58, 54, 59, 68, 54, 56, 59, 56, 58, 63, 64, 58, 60, 66, 62, 59, 64, 64, 61, 69, 69, 66, 70, 65, 69, 68, 75, 72, 78, 68, 70, 71, 72, 82, 77, 70, 81, 76, 79, 80, 70, 72, 73, 74, -1, 75, 75, 82, 77, 85, 80, 83, -1, 86, 87, -1, 82, 84, 86, 83, 84, -1, 86, -1, 87, -1, -1, -1, -1, -1, -1, -1, -1, 87, -1, -1]","[0, 0, 0, 0, 0, 0, 0, 0, 0, 0, 0, 0, 0, 0, 0, 0, 0, 0, 0, 0, 0, 0, 0, 0, 0, 0, 0, 0, 0, 0, 0, 0, 0, 0, 0, 0, 0, 0, 0, 0, 0, 0, 0, 0, 0, 0, 0, 0, 0, 0, 0, 0, 0, 0, 0, 0, 0, 0, 0, 0, 0, 0, 0, 0, 0, 0, 0, 0, 0, 0, 0, 0, 0, 0, 0, 0, 0, 0, 0, 0, 0, 0, 0, 0, 0, 0, 0, 0, 0, 0, 0, 0, 0, 0, 0, 0, 0, 0, 0, 0, 0, 0, 0, 0, 0, 0, 0, 0, 0, 0, 0, 0, 0, 0, 4029.0, 0, 0, 0, 0, 0, 0, 0, 4029.0, 0, 0, 4029.0, 0, 0, 0, 0, 0, 1278.0910206667215, 0, 3198.246162845278, 0, 4029.0, 4029.0, 830.753837154722, 4029.0, 4029.0, 4029.0, 2121.3444944929265, 4029.0, 0, 2750.9089793332782, 1907.6555055070735]","[0, 0, 0, 0, 0, 0, 0, 0, 0, 0, 0, 0, 0, 0, 0, 0, 0, 0, 0, 0, 0, 0, 0, 0, 0, 0, 0, 0, 0, 0, 0, 0, 0, 0, 0, 0, 0, 0, 0, 0, 0, 0, 0, 0, 0, 0, 0, 0, 0, 0, 0, 0, 0, 0, 0, 0, 0, 0, 0, 0, 0, 0, 0, 0, 0, 0, 0, 0, 0, 0, 0, 0, 0, 0, 0, 0, 0, 0, 0, 0, 0, 0, 0, 0, 0, 0, 0, 0, 0, 0, 0, 0, 0, 0, 0, 0, 0, 0, 0, 0, 0, 0, 0, 0, 0, 0, 0, 0, 0, 0, 0, 0, 0, 0, (260.0466, 23.217133333333337, 6.089266666666666), 0, 0, 0, 0, 0, 0, 0, (120.23660000000001, 0.8804666666666667, 0.7153333333333335), 0, 0, (700.4481333333333, 0.07953333333333333, 0.389), 0, 0, 0, 0, 0, (173.3644, 0.0022, 0.0016), 0, (0.0, 0.0, 0.0), 0, (8.3886, 0.0046, 6.666666666666668e-05), (184.54886666666667, 0.6701333333333334, 0.0057333333333333325), (184.54886666666667, 0.6701333333333334, 0.0057333333333333325), (226.49220000000003, 0.0016666666666666668, 0.0014), (100.6632, 0.004666666666666667, 6.666666666666668e-05), (0.0, 0.0044, 0.0), (328.5534, 0.0005333333333333334, 0.0006), (120.93533333333332, 0.045200000000000004, 0.020266666666666665), 0, (473.9556, 4.806, 0.02386666666666667), (499.1218, 0.0016666666666666668, 0.0011333333333333332)]","[0, 0, 0, 0, 0, 0, 0, 0, 0, 0, 0, 0, 0, 0, 0, 0, 0, 0, 0, 0, 0, 0, 0, 0, 0, 0, 0, 0, 0, 0, 0, 0, 0, 0, 0, 0, 0, 0, 0, 0, 0, 0, 0, 0, 0, 0, 0, 0, 0, 0, 0, 0, 0, 0, 0, 0, 0, 0, 0, 0, 0, 0, 0, 0, 0, 0, 0, 0, 0, 0, 0, 0, 0, 0, 0, 0, 0, 0, 0, 0, 0, 0, 0, 0, 0, 0, 0, 0, 0, 0, 0, 0, 0, 0, 0, 0, 0, 0, 0, 0, 0, 0, 0, 0, 0, 0, 0, 0, 0, 0, 0, 0, 0, 0, (2, 1.4859958333333334, 0.002738888888888889), 0, 0, 0, 0, 0, 0, 0, (2, 5e-05, 0.008244444444444445), 0, 0, (3, 0.0, 0.019427777777777776), 0, 0, 0, 0, 0, (1, 0.2694166666666667, 0.013116666666666667), 0, (2, 0.0, 0.0), 0, (2, 0.0, 0.00105), (3, 0.0, 0.00046111111111111103), (3, 0.0, 0.00046111111111111103), (1, 0.27021666666666666, 0.012733333333333334), (2, 0.0, 0.001238888888888889), (1, 0.0, 0.0008277777777777778), (3, 0.06125, 0.025472222222222222), (2, 0.0, 0.0), 0, (1, 0.0, 0.005094444444444444), (2, 0.0, 0.0010999999999999998)]","[-1, -1, -1, -1, -1, -1, -1, -1, -1, -1, -1, -1, -1, -1, -1, -1, -1, -1, -1, -1, -1, -1, -1, -1, -1, -1, -1, -1, -1, -1, -1, -1, -1, -1, -1, -1, -1, -1, -1, -1, -1, -1, -1, -1, -1, -1, -1, -1, -1, -1, -1, -1, -1, -1, -1, -1, -1, -1, -1, -1, -1, -1, -1, -1, -1, -1, -1, -1, -1, -1, -1, -1, -1, -1, -1, -1, -1, -1, -1, -1, -1, -1, -1, -1, -1, -1, -1, -1, -1, -1, -1, -1, -1, -1, -1, -1, -1, -1, -1, -1, -1, -1, -1, -1, -1, -1, -1, -1, -1, -1, -1, -1, -1, -1, 5, -1, -1, -1, -1, -1, -1, -1, 12, -1, -1, 0, -1, -1, -1, -1, -1, 4, -1, 9, -1, 2, 11, 9, 1, 14, 10, 6, 8, -1, 4, 6]","[False, False, False, False, False, False, False, False, False, False, False, False, False, False, False, False, False, False, False, False, False, False, False, False, False, False, False, False, False, False, False, False, False, False, False, False, False, False, False, False, False, False, False, False, False, False, False, False, False, False, False, False, False, False, False, False, False, False, False, False, False, False, False, False, False, False, False, False, False, False, False, False, False, False, False, False, False, False, False, False, False, False, False, False, False, False, False, False, False, False, False, False, False, False, False, False, False, False, False, False, False, False, False, False, False, False, False, False, False, False, False, False, False, False, True, False, False, False, False, False, False, False, True, False, False, True, False, False, False, False, False, True, False, True, False, True, True, True, True, True, True, True, True, False, True, True]"
88,"[0, 0, 0, 0, 0, 0, 0, 0, 0, 0, 0, 0, 0, 0, 0, 0, 0, 0, 0, 0, 0, 0, 0, 0, 0, 0, 0, 0, 0, 0, 0, 0, 0, 0, 0, 0, 0, 0, 0, 0, 0, 0, 0, 0, 0, 0, 0, 0, 0, 0, 0, 0, 0, 0, 0, 0, 0, 0, 0, 0, 0, 0, 0, 0, 0, 0, 0, 0, 0, 0, 0, 0, 0, 0, 0, 0, 0, 0, 0, 0, 0, 0, 0, 0, 0, 0, 0, 0, 0, 0, 0, 0, 0, 0, 0, 0, 0, 0, 0, 0, 0, 0, 0, 0, 0, 0, 0, 0, 0, 0, 0, 0, 0, 0, 3151.9127112183824, 0, 0, 0, 0, 0, 0, 0, 0, 0, 0, 1168.611651651889, 0, 0, 0, 0, 0, 0, 0, 3068.4403312655163, 0, 0, 0, 0, 724.5392512624934, 0, 0, 2050.0788185255155, 851.4170028745334, 0, 1462.6758357381586, 3121.8625785998443, 1175.2894943758222, 2240.395480738335, 628.9803113908888, 2240.395480738335]","[0, 0, 0, 0, 0, 0, 1, 2, 2, 2, 3, 3, 3, 3, 3, 4, 4, 4, 4, 4, 4, 4, 4, 5, 5, 5, 5, 5, 5, 6, 6, 6, 6, 6, 6, 6, 7, 7, 7, 7, 7, 8, 8, 8, 8, 8, 8, 9, 9, 9, 9, 9, 10, 10, 10, 11, 12, 12, 12, 12, 13, 13, 13, 14, 14, 14, 14, 14, 15, 15, 16, 16, 16, 16, 16, 16, 16, 17, 17, 17, 17, 17, 17, 17, 18, 18, 18, 19, 19, 19, 19, 20, 20, 20, 20, 21, 21, 21, 21, 21, 21, 22, 22, 22, 22, 23, 23, 23, 23, 24, 24, 24, 24, 25, 25, 25, 25, 25, 26, 26, 26, 26, 27, 27, 27, 27, 28, 28, 28, 28, 28, 28, 28, 29, 29, 29, 29, 30, 30, 30, 30, 30, 30, 31, 31, 31, 31, 32, 32, 32]","[1, 1, 1, 1, 1, 1, 2, 3, 3, 3, 4, 4, 4, 4, 5, 6, 5, 5, 5, 8, 8, 9, 9, 11, 14, 12, 17, 15, 17, 17, 19, 17, 18, 18, 19, 19, 22, 26, 25, 24, 26, 28, 26, 27, 27, 27, 28, 29, 31, 32, 31, 32, 33, 35, 35, 35, 36, 36, 37, 39, 41, 40, 42, 43, 43, 44, 45, 45, 45, 45, 46, 47, 47, 50, 49, 49, 49, 50, 52, 52, 54, 54, 54, 56, 56, 56, 57, 57, 57, 59, 58, 58, 59, 59, 59, 60, 61, 62, 63, 64, 64, 64, 65, 66, 66, 68, 68, 68, 69, 69, 69, 69, 71, 70, 71, 70, 71, 72, 72, 73, 73, 74, 75, 75, 75, 78, 77, 77, 78, 79, 80, 80, 81, 82, 82, 82, 83, 83, 84, 84, 85, 86, 86, 86, 87, 88, 87, 88, 88, 88]","[5, 5, 3, 19, 26, 8, 16, 9, 9, 27, 23, 18, 12, 8, 20, 17, 12, 11, 14, 17, 24, 16, 15, 19, 30, 35, 36, 17, 32, 31, 29, 24, 25, 27, 26, 27, 30, 45, 40, 27, 36, 44, 39, 35, 33, 34, 45, 37, 43, 42, 40, 45, 56, 43, 49, 49, 48, 46, 45, 47, 52, 47, 49, 57, 53, 51, 57, 50, 57, 69, 58, 54, 59, 68, 54, 56, 59, 56, 58, 63, 64, 58, 60, 66, 62, 59, 64, 64, 61, 69, 69, 66, 70, 65, 69, 68, 75, 72, 78, 68, 70, 71, 72, 82, 77, 70, 81, 76, 79, 80, 70, 72, 73, 74, -1, 75, 75, 82, 77, 85, 80, 83, -1, 86, 87, -1, 82, 84, 86, 83, 84, -1, 86, -1, 87, 88, 88, -1, -1, 88, -1, -1, -1, 87, -1, -1, -1, -1, -1, -1]","[0, 0, 0, 0, 0, 0, 0, 0, 0, 0, 0, 0, 0, 0, 0, 0, 0, 0, 0, 0, 0, 0, 0, 0, 0, 0, 0, 0, 0, 0, 0, 0, 0, 0, 0, 0, 0, 0, 0, 0, 0, 0, 0, 0, 0, 0, 0, 0, 0, 0, 0, 0, 0, 0, 0, 0, 0, 0, 0, 0, 0, 0, 0, 0, 0, 0, 0, 0, 0, 0, 0, 0, 0, 0, 0, 0, 0, 0, 0, 0, 0, 0, 0, 0, 0, 0, 0, 0, 0, 0, 0, 0, 0, 0, 0, 0, 0, 0, 0, 0, 0, 0, 0, 0, 0, 0, 0, 0, 0, 0, 0, 0, 0, 0, 4029.0, 0, 0, 0, 0, 0, 0, 0, 4029.0, 0, 0, 4029.0, 0, 0, 0, 0, 0, 4029.0, 0, 3178.966783713381, 0, 0, 0, 4029.0, 1645.4317077621672, 0, 110.52645244786497, 2451.8946620748466, 4029.0, 0, 2383.568292237833, 4029.0, 1577.1053379251532, 4029.0, 739.5067638387537, 4029.0]","[0, 0, 0, 0, 0, 0, 0, 0, 0, 0, 0, 0, 0, 0, 0, 0, 0, 0, 0, 0, 0, 0, 0, 0, 0, 0, 0, 0, 0, 0, 0, 0, 0, 0, 0, 0, 0, 0, 0, 0, 0, 0, 0, 0, 0, 0, 0, 0, 0, 0, 0, 0, 0, 0, 0, 0, 0, 0, 0, 0, 0, 0, 0, 0, 0, 0, 0, 0, 0, 0, 0, 0, 0, 0, 0, 0, 0, 0, 0, 0, 0, 0, 0, 0, 0, 0, 0, 0, 0, 0, 0, 0, 0, 0, 0, 0, 0, 0, 0, 0, 0, 0, 0, 0, 0, 0, 0, 0, 0, 0, 0, 0, 0, 0, (262.8428, 20.403266666666667, 7.649333333333332), 0, 0, 0, 0, 0, 0, 0, (117.4404, 0.9407333333333332, 0.7398666666666667), 0, 0, (637.534, 0.09033333333333332, 0.3533333333333333), 0, 0, 0, 0, 0, (164.9758, 0.0023333333333333335, 0.0016666666666666668), 0, (0.0, 0.0, 0.0), 0, 0, 0, (183.1509333333333, 0.6727333333333332, 0.005), (271.2314, 0.0722, 0.0028666666666666667), 0, (0.0, 0.0046, 0.00013333333333333334), (298.49406666666664, 0.0016666666666666668, 0.005466666666666667), (120.23626666666664, 0.034466666666666666, 0.0114), 0, (384.4776, 1.923, 0.024933333333333335), (0.0, 0.0, 0.0), (553.6476, 0.0017333333333333335, 0.0015333333333333334), (973.0777333333333, 0.10640000000000001, 0.744), (320.1647333333333, 0.0011333333333333332, 0.0015333333333333334), (973.0777333333333, 0.10640000000000001, 0.744)]","[0, 0, 0, 0, 0, 0, 0, 0, 0, 0, 0, 0, 0, 0, 0, 0, 0, 0, 0, 0, 0, 0, 0, 0, 0, 0, 0, 0, 0, 0, 0, 0, 0, 0, 0, 0, 0, 0, 0, 0, 0, 0, 0, 0, 0, 0, 0, 0, 0, 0, 0, 0, 0, 0, 0, 0, 0, 0, 0, 0, 0, 0, 0, 0, 0, 0, 0, 0, 0, 0, 0, 0, 0, 0, 0, 0, 0, 0, 0, 0, 0, 0, 0, 0, 0, 0, 0, 0, 0, 0, 0, 0, 0, 0, 0, 0, 0, 0, 0, 0, 0, 0, 0, 0, 0, 0, 0, 0, 0, 0, 0, 0, 0, 0, (2, 0.5451666666666666, 0.006800000000000002), 0, 0, 0, 0, 0, 0, 0, (2, 0.0, 0.011944444444444445), 0, 0, (3, 0.0, 0.015172222222222219), 0, 0, 0, 0, 0, (1, 0.2995333333333334, 0.013277777777777779), 0, (2, 0.0, 0.0), 0, 0, 0, (3, 0.0, 0.0005277777777777777), (1, 0.24863333333333332, 0.04668333333333334), 0, (1, 0.0, 0.0008111111111111112), (3, 0.0008666666666666667, 0.016138888888888887), (2, 0.0, 2.2222222222222223e-05), 0, (1, 0.0, 0.005011111111111111), (2, 0.0, 0.0), (2, 0.0, 0.0005222222222222223), (3, 0.0, 0.025061111111111114), (2, 0.0037166666666666667, 0.0028777777777777777), (3, 0.0, 0.025061111111111114)]","[-1, -1, -1, -1, -1, -1, -1, -1, -1, -1, -1, -1, -1, -1, -1, -1, -1, -1, -1, -1, -1, -1, -1, -1, -1, -1, -1, -1, -1, -1, -1, -1, -1, -1, -1, -1, -1, -1, -1, -1, -1, -1, -1, -1, -1, -1, -1, -1, -1, -1, -1, -1, -1, -1, -1, -1, -1, -1, -1, -1, -1, -1, -1, -1, -1, -1, -1, -1, -1, -1, -1, -1, -1, -1, -1, -1, -1, -1, -1, -1, -1, -1, -1, -1, -1, -1, -1, -1, -1, -1, -1, -1, -1, -1, -1, -1, -1, -1, -1, -1, -1, -1, -1, -1, -1, -1, -1, -1, -1, -1, -1, -1, -1, -1, 11, -1, -1, -1, -1, -1, -1, -1, 12, -1, -1, 2, -1, -1, -1, -1, -1, 7, -1, 14, -1, -1, -1, 9, 3, -1, 14, 6, 13, -1, 3, 10, 6, 4, 14, 15]","[False, False, False, False, False, False, False, False, False, False, False, False, False, False, False, False, False, False, False, False, False, False, False, False, False, False, False, False, False, False, False, False, False, False, False, False, False, False, False, False, False, False, False, False, False, False, False, False, False, False, False, False, False, False, False, False, False, False, False, False, False, False, False, False, False, False, False, False, False, False, False, False, False, False, False, False, False, False, False, False, False, False, False, False, False, False, False, False, False, False, False, False, False, False, False, False, False, False, False, False, False, False, False, False, False, False, False, False, False, False, False, False, False, False, True, False, False, False, False, False, False, False, True, False, False, True, False, False, False, False, False, True, False, True, False, False, False, True, True, False, True, True, True, False, True, True, True, True, True, True]"
89,"[0, 0, 0, 0, 0, 0, 0, 0, 0, 0, 0, 0, 0, 0, 0, 0, 0, 0, 0, 0, 0, 0, 0, 0, 0, 0, 0, 0, 0, 0, 0, 0, 0, 0, 0, 0, 0, 0, 0, 0, 0, 0, 0, 0, 0, 0, 0, 0, 0, 0, 0, 0, 0, 0, 0, 0, 0, 0, 0, 0, 0, 0, 0, 0, 0, 0, 0, 0, 0, 0, 0, 0, 0, 0, 0, 0, 0, 0, 0, 0, 0, 0, 0, 0, 0, 0, 0, 0, 0, 0, 0, 0, 0, 0, 0, 0, 0, 0, 0, 0, 0, 0, 0, 0, 0, 0, 0, 0, 0, 0, 0, 0, 0, 0, 0, 0, 0, 0, 0, 0, 0, 0, 0, 0, 0, 1278.7950359504955, 0, 0, 0, 0, 0, 0, 0, 3021.6958648479776, 0, 0, 0, 0, 737.8948134977464, 0, 0, 1896.4898516652977, 834.7225518377779, 0, 2530.7555535185593, 3065.1014408071205, 1121.8672446314667, 1332.217282883153, 634.9140879134446, 1332.217282883153, 1364.7688631682443, 599.3113997345512]","[0, 0, 0, 0, 0, 0, 1, 2, 2, 2, 3, 3, 3, 3, 3, 4, 4, 4, 4, 4, 4, 4, 4, 5, 5, 5, 5, 5, 5, 6, 6, 6, 6, 6, 6, 6, 7, 7, 7, 7, 7, 8, 8, 8, 8, 8, 8, 9, 9, 9, 9, 9, 10, 10, 10, 11, 12, 12, 12, 12, 13, 13, 13, 14, 14, 14, 14, 14, 15, 15, 16, 16, 16, 16, 16, 16, 16, 17, 17, 17, 17, 17, 17, 17, 18, 18, 18, 19, 19, 19, 19, 20, 20, 20, 20, 21, 21, 21, 21, 21, 21, 22, 22, 22, 22, 23, 23, 23, 23, 24, 24, 24, 24, 25, 25, 25, 25, 25, 26, 26, 26, 26, 27, 27, 27, 27, 28, 28, 28, 28, 28, 28, 28, 29, 29, 29, 29, 30, 30, 30, 30, 30, 30, 31, 31, 31, 31, 32, 32, 32, 32, 33]","[1, 1, 1, 1, 1, 1, 2, 3, 3, 3, 4, 4, 4, 4, 5, 6, 5, 5, 5, 8, 8, 9, 9, 11, 14, 12, 17, 15, 17, 17, 19, 17, 18, 18, 19, 19, 22, 26, 25, 24, 26, 28, 26, 27, 27, 27, 28, 29, 31, 32, 31, 32, 33, 35, 35, 35, 36, 36, 37, 39, 41, 40, 42, 43, 43, 44, 45, 45, 45, 45, 46, 47, 47, 50, 49, 49, 49, 50, 52, 52, 54, 54, 54, 56, 56, 56, 57, 57, 57, 59, 58, 58, 59, 59, 59, 60, 61, 62, 63, 64, 64, 64, 65, 66, 66, 68, 68, 68, 69, 69, 69, 69, 71, 70, 71, 70, 71, 72, 72, 73, 73, 74, 75, 75, 75, 78, 77, 77, 78, 79, 80, 80, 81, 82, 82, 82, 83, 83, 84, 84, 85, 86, 86, 86, 87, 88, 87, 88, 88, 88, 89, 89]","[5, 5, 3, 19, 26, 8, 16, 9, 9, 27, 23, 18, 12, 8, 20, 17, 12, 11, 14, 17, 24, 16, 15, 19, 30, 35, 36, 17, 32, 31, 29, 24, 25, 27, 26, 27, 30, 45, 40, 27, 36, 44, 39, 35, 33, 34, 45, 37, 43, 42, 40, 45, 56, 43, 49, 49, 48, 46, 45, 47, 52, 47, 49, 57, 53, 51, 57, 50, 57, 69, 58, 54, 59, 68, 54, 56, 59, 56, 58, 63, 64, 58, 60, 66, 62, 59, 64, 64, 61, 69, 69, 66, 70, 65, 69, 68, 75, 72, 78, 68, 70, 71, 72, 82, 77, 70, 81, 76, 79, 80, 70, 72, 73, 74, -1, 75, 75, 82, 77, 85, 80, 83, 89, 86, 87, -1, 82, 84, 86, 83, 84, 89, 86, -1, 87, 88, 88, 89, -1, 88, 89, -1, -1, 87, -1, -1, -1, -1, -1, -1, -1, -1]","[0, 0, 0, 0, 0, 0, 0, 0, 0, 0, 0, 0, 0, 0, 0, 0, 0, 0, 0, 0, 0, 0, 0, 0, 0, 0, 0, 0, 0, 0, 0, 0, 0, 0, 0, 0, 0, 0, 0, 0, 0, 0, 0, 0, 0, 0, 0, 0, 0, 0, 0, 0, 0, 0, 0, 0, 0, 0, 0, 0, 0, 0, 0, 0, 0, 0, 0, 0, 0, 0, 0, 0, 0, 0, 0, 0, 0, 0, 0, 0, 0, 0, 0, 0, 0, 0, 0, 0, 0, 0, 0, 0, 0, 0, 0, 0, 0, 0, 0, 0, 0, 0, 0, 0, 0, 0, 0, 0, 0, 0, 0, 0, 0, 0, 4029.0, 0, 0, 0, 0, 0, 0, 0, 0, 0, 0, 1987.7888765336713, 0, 0, 0, 0, 0, 0, 0, 3207.8908884672664, 0, 0, 0, 0, 1118.0696299895935, 0, 0, 4029.0, 2132.205576051613, 0, 2910.9303700104065, 4029.0, 4029.0, 2041.211123466329, 821.1091115327334, 4029.0, 4029.0, 1896.7944239483868]","[0, 0, 0, 0, 0, 0, 0, 0, 0, 0, 0, 0, 0, 0, 0, 0, 0, 0, 0, 0, 0, 0, 0, 0, 0, 0, 0, 0, 0, 0, 0, 0, 0, 0, 0, 0, 0, 0, 0, 0, 0, 0, 0, 0, 0, 0, 0, 0, 0, 0, 0, 0, 0, 0, 0, 0, 0, 0, 0, 0, 0, 0, 0, 0, 0, 0, 0, 0, 0, 0, 0, 0, 0, 0, 0, 0, 0, 0, 0, 0, 0, 0, 0, 0, 0, 0, 0, 0, 0, 0, 0, 0, 0, 0, 0, 0, 0, 0, 0, 0, 0, 0, 0, 0, 0, 0, 0, 0, 0, 0, 0, 0, 0, 0, (385.87559999999996, 26.65153333333333, 5.9102), 0, 0, 0, 0, 0, 0, 0, 0, 0, 0, (700.4484666666667, 0.08206666666666666, 0.43860000000000005), 0, 0, 0, 0, 0, 0, 0, (0.0, 0.0, 0.0), 0, 0, 0, 0, (164.9758, 0.0021333333333333334, 0.0014666666666666665), 0, 0, (294.3, 0.001066666666666667, 0.005466666666666667), (130.722, 0.026466666666666666, 0.011066666666666664), 0, (419.43, 3.8347333333333333, 0.0464), (0.0, 0.0, 0.0), (461.3726, 0.008400000000000001, 0.008866666666666667), (805.3058666666667, 0.081, 0.3894666666666666), (300.59133333333324, 0.0011333333333333332, 0.0015333333333333334), (805.3058666666667, 0.081, 0.3894666666666666), (402.65259999999995, 0.0, 0.0), (0.0, 0.004733333333333333, 0.00013333333333333334)]","[0, 0, 0, 0, 0, 0, 0, 0, 0, 0, 0, 0, 0, 0, 0, 0, 0, 0, 0, 0, 0, 0, 0, 0, 0, 0, 0, 0, 0, 0, 0, 0, 0, 0, 0, 0, 0, 0, 0, 0, 0, 0, 0, 0, 0, 0, 0, 0, 0, 0, 0, 0, 0, 0, 0, 0, 0, 0, 0, 0, 0, 0, 0, 0, 0, 0, 0, 0, 0, 0, 0, 0, 0, 0, 0, 0, 0, 0, 0, 0, 0, 0, 0, 0, 0, 0, 0, 0, 0, 0, 0, 0, 0, 0, 0, 0, 0, 0, 0, 0, 0, 0, 0, 0, 0, 0, 0, 0, 0, 0, 0, 0, 0, 0, (2, 0.5542222222222222, 0.004355555555555555), 0, 0, 0, 0, 0, 0, 0, 0, 0, 0, (3, 0.0, 0.019766666666666665), 0, 0, 0, 0, 0, 0, 0, (2, 0.0, 0.0), 0, 0, 0, 0, (1, 0.2376, 0.013488888888888885), 0, 0, (3, 0.0002, 0.014294444444444445), (2, 0.0, 4.4444444444444447e-05), 0, (1, 0.00031666666666666665, 0.004988888888888889), (2, 0.0, 0.0), (2, 0.0, 0.0004944444444444445), (3, 0.0, 0.023311111111111112), (2, 0.0004, 0.0023666666666666667), (3, 0.0, 0.023311111111111112), (3, 0.1085, 0.004066666666666666), (3, 0.0, 0.0014222222222222223)]","[-1, -1, -1, -1, -1, -1, -1, -1, -1, -1, -1, -1, -1, -1, -1, -1, -1, -1, -1, -1, -1, -1, -1, -1, -1, -1, -1, -1, -1, -1, -1, -1, -1, -1, -1, -1, -1, -1, -1, -1, -1, -1, -1, -1, -1, -1, -1, -1, -1, -1, -1, -1, -1, -1, -1, -1, -1, -1, -1, -1, -1, -1, -1, -1, -1, -1, -1, -1, -1, -1, -1, -1, -1, -1, -1, -1, -1, -1, -1, -1, -1, -1, -1, -1, -1, -1, -1, -1, -1, -1, -1, -1, -1, -1, -1, -1, -1, -1, -1, -1, -1, -1, -1, -1, -1, -1, -1, -1, -1, -1, -1, -1, -1, -1, 7, -1, -1, -1, -1, -1, -1, -1, -1, -1, -1, 0, -1, -1, -1, -1, -1, -1, -1, 14, -1, -1, -1, -1, 3, -1, -1, 1, 8, -1, 3, 5, 6, 0, 14, 15, 12, 8]","[False, False, False, False, False, False, False, False, False, False, False, False, False, False, False, False, False, False, False, False, False, False, False, False, False, False, False, False, False, False, False, False, False, False, False, False, False, False, False, False, False, False, False, False, False, False, False, False, False, False, False, False, False, False, False, False, False, False, False, False, False, False, False, False, False, False, False, False, False, False, False, False, False, False, False, False, False, False, False, False, False, False, False, False, False, False, False, False, False, False, False, False, False, False, False, False, False, False, False, False, False, False, False, False, False, False, False, False, False, False, False, False, False, False, True, False, False, False, False, False, False, False, False, False, False, True, False, False, False, False, False, False, False, True, False, False, False, False, True, False, False, True, True, False, True, True, True, True, True, True, True, True]"
90,"[0, 0, 0, 0, 0, 0, 0, 0, 0, 0, 0, 0, 0, 0, 0, 0, 0, 0, 0, 0, 0, 0, 0, 0, 0, 0, 0, 0, 0, 0, 0, 0, 0, 0, 0, 0, 0, 0, 0, 0, 0, 0, 0, 0, 0, 0, 0, 0, 0, 0, 0, 0, 0, 0, 0, 0, 0, 0, 0, 0, 0, 0, 0, 0, 0, 0, 0, 0, 0, 0, 0, 0, 0, 0, 0, 0, 0, 0, 0, 0, 0, 0, 0, 0, 0, 0, 0, 0, 0, 0, 0, 0, 0, 0, 0, 0, 0, 0, 0, 0, 0, 0, 0, 0, 0, 0, 0, 0, 0, 0, 0, 0, 0, 0, 0, 0, 0, 0, 0, 0, 0, 0, 0, 0, 0, 0, 0, 0, 0, 0, 0, 0, 0, 2894.8180274289466, 0, 0, 0, 0, 714.5225795860533, 0, 0, 2227.0400194731583, 791.3169791422134, 0, 1379.6029687996834, 2911.512479720924, 1035.0560887968888, 888.1448552554355, 557.7749931202221, 888.1448552554355, 884.1326637750533, 1691.1266347954333, 731.2170323801198, 620.0796165570354, 628.9803113908888]","[0, 0, 0, 0, 0, 0, 1, 2, 2, 2, 3, 3, 3, 3, 3, 4, 4, 4, 4, 4, 4, 4, 4, 5, 5, 5, 5, 5, 5, 6, 6, 6, 6, 6, 6, 6, 7, 7, 7, 7, 7, 8, 8, 8, 8, 8, 8, 9, 9, 9, 9, 9, 10, 10, 10, 11, 12, 12, 12, 12, 13, 13, 13, 14, 14, 14, 14, 14, 15, 15, 16, 16, 16, 16, 16, 16, 16, 17, 17, 17, 17, 17, 17, 17, 18, 18, 18, 19, 19, 19, 19, 20, 20, 20, 20, 21, 21, 21, 21, 21, 21, 22, 22, 22, 22, 23, 23, 23, 23, 24, 24, 24, 24, 25, 25, 25, 25, 25, 26, 26, 26, 26, 27, 27, 27, 27, 28, 28, 28, 28, 28, 28, 28, 29, 29, 29, 29, 30, 30, 30, 30, 30, 30, 31, 31, 31, 31, 32, 32, 32, 32, 32, 33, 33, 33]","[1, 1, 1, 1, 1, 1, 2, 3, 3, 3, 4, 4, 4, 4, 5, 6, 5, 5, 5, 8, 8, 9, 9, 11, 14, 12, 17, 15, 17, 17, 19, 17, 18, 18, 19, 19, 22, 26, 25, 24, 26, 28, 26, 27, 27, 27, 28, 29, 31, 32, 31, 32, 33, 35, 35, 35, 36, 36, 37, 39, 41, 40, 42, 43, 43, 44, 45, 45, 45, 45, 46, 47, 47, 50, 49, 49, 49, 50, 52, 52, 54, 54, 54, 56, 56, 56, 57, 57, 57, 59, 58, 58, 59, 59, 59, 60, 61, 62, 63, 64, 64, 64, 65, 66, 66, 68, 68, 68, 69, 69, 69, 69, 71, 70, 71, 70, 71, 72, 72, 73, 73, 74, 75, 75, 75, 78, 77, 77, 78, 79, 80, 80, 81, 82, 82, 82, 83, 83, 84, 84, 85, 86, 86, 86, 87, 88, 87, 88, 88, 88, 90, 89, 90, 89, 90]","[5, 5, 3, 19, 26, 8, 16, 9, 9, 27, 23, 18, 12, 8, 20, 17, 12, 11, 14, 17, 24, 16, 15, 19, 30, 35, 36, 17, 32, 31, 29, 24, 25, 27, 26, 27, 30, 45, 40, 27, 36, 44, 39, 35, 33, 34, 45, 37, 43, 42, 40, 45, 56, 43, 49, 49, 48, 46, 45, 47, 52, 47, 49, 57, 53, 51, 57, 50, 57, 69, 58, 54, 59, 68, 54, 56, 59, 56, 58, 63, 64, 58, 60, 66, 62, 59, 64, 64, 61, 69, 69, 66, 70, 65, 69, 68, 75, 72, 78, 68, 70, 71, 72, 82, 77, 70, 81, 76, 79, 80, 70, 72, 73, 74, 90, 75, 75, 82, 77, 85, 80, 83, 89, 86, 87, -1, 82, 84, 86, 83, 84, 89, 86, -1, 87, 88, 88, 89, -1, 88, 89, -1, -1, 87, -1, -1, -1, -1, -1, -1, -1, -1, -1, -1, -1]","[0, 0, 0, 0, 0, 0, 0, 0, 0, 0, 0, 0, 0, 0, 0, 0, 0, 0, 0, 0, 0, 0, 0, 0, 0, 0, 0, 0, 0, 0, 0, 0, 0, 0, 0, 0, 0, 0, 0, 0, 0, 0, 0, 0, 0, 0, 0, 0, 0, 0, 0, 0, 0, 0, 0, 0, 0, 0, 0, 0, 0, 0, 0, 0, 0, 0, 0, 0, 0, 0, 0, 0, 0, 0, 0, 0, 0, 0, 0, 0, 0, 0, 0, 0, 0, 0, 0, 0, 0, 0, 0, 0, 0, 0, 0, 0, 0, 0, 0, 0, 0, 0, 0, 0, 0, 0, 0, 0, 0, 0, 0, 0, 0, 0, 0, 0, 0, 0, 0, 0, 0, 0, 0, 0, 0, 1570.4275723722822, 0, 0, 0, 0, 0, 0, 0, 4029.0, 0, 0, 0, 0, 4029.0, 0, 0, 2813.529854041135, 2100.118681292589, 0, 4029.0, 4029.0, 4029.0, 2458.572427627718, 4029.0, 1396.6466714518992, 1392.634479971517, 4029.0, 1239.7188485765837, 1928.881318707411, 1215.4701459588653]","[0, 0, 0, 0, 0, 0, 0, 0, 0, 0, 0, 0, 0, 0, 0, 0, 0, 0, 0, 0, 0, 0, 0, 0, 0, 0, 0, 0, 0, 0, 0, 0, 0, 0, 0, 0, 0, 0, 0, 0, 0, 0, 0, 0, 0, 0, 0, 0, 0, 0, 0, 0, 0, 0, 0, 0, 0, 0, 0, 0, 0, 0, 0, 0, 0, 0, 0, 0, 0, 0, 0, 0, 0, 0, 0, 0, 0, 0, 0, 0, 0, 0, 0, 0, 0, 0, 0, 0, 0, 0, 0, 0, 0, 0, 0, 0, 0, 0, 0, 0, 0, 0, 0, 0, 0, 0, 0, 0, 0, 0, 0, 0, 0, 0, 0, 0, 0, 0, 0, 0, 0, 0, 0, 0, 0, (830.4715333333334, 0.09873333333333333, 0.6516666666666666), 0, 0, 0, 0, 0, 0, 0, (0.0, 0.0, 0.0), 0, 0, 0, 0, (159.3834, 0.0022666666666666664, 0.0018), 0, 0, (234.18133333333338, 0.0016666666666666668, 0.0016), (164.2764, 0.008733333333333333, 0.0061333333333333335), 0, (442.49846666666673, 3.044, 0.055333333333333345), (0.0, 0.0, 0.0), (448.7898, 0.009933333333333334, 0.0104), (624.9507333333332, 0.08693333333333333, 0.30760000000000004), (288.00833333333327, 0.0011333333333333332, 0.0014), (624.9507333333332, 0.08693333333333333, 0.30760000000000004), (128.62506666666664, 0.00046666666666666666, 0.0014), (339.738, 0.0, 0.0), (178.9568, 0.0019333333333333331, 0.0014666666666666665), (0.0, 0.004666666666666667, 6.666666666666668e-05), (320.1647333333333, 0.0011333333333333332, 0.0015333333333333334)]","[0, 0, 0, 0, 0, 0, 0, 0, 0, 0, 0, 0, 0, 0, 0, 0, 0, 0, 0, 0, 0, 0, 0, 0, 0, 0, 0, 0, 0, 0, 0, 0, 0, 0, 0, 0, 0, 0, 0, 0, 0, 0, 0, 0, 0, 0, 0, 0, 0, 0, 0, 0, 0, 0, 0, 0, 0, 0, 0, 0, 0, 0, 0, 0, 0, 0, 0, 0, 0, 0, 0, 0, 0, 0, 0, 0, 0, 0, 0, 0, 0, 0, 0, 0, 0, 0, 0, 0, 0, 0, 0, 0, 0, 0, 0, 0, 0, 0, 0, 0, 0, 0, 0, 0, 0, 0, 0, 0, 0, 0, 0, 0, 0, 0, 0, 0, 0, 0, 0, 0, 0, 0, 0, 0, 0, (3, 0.0, 0.02181111111111111), 0, 0, 0, 0, 0, 0, 0, (2, 0.0, 0.0), 0, 0, 0, 0, (1, 0.27031666666666665, 0.012972222222222222), 0, 0, (3, 0.0006666666666666666, 0.02163888888888889), (2, 0.0, 8.88888888888889e-05), 0, (1, 0.0, 0.004972222222222222), (2, 0.0, 0.0), (2, 0.0, 0.0004944444444444445), (3, 0.0, 0.013066666666666667), (2, 0.00026666666666666673, 0.002455555555555556), (3, 0.0, 0.013066666666666667), (2, 0.0705, 0.025599999999999998), (3, 0.2122, 0.00935), (1, 0.36411666666666676, 0.01315), (3, 0.0, 0.001661111111111111), (2, 0.0037166666666666667, 0.0028777777777777777)]","[-1, -1, -1, -1, -1, -1, -1, -1, -1, -1, -1, -1, -1, -1, -1, -1, -1, -1, -1, -1, -1, -1, -1, -1, -1, -1, -1, -1, -1, -1, -1, -1, -1, -1, -1, -1, -1, -1, -1, -1, -1, -1, -1, -1, -1, -1, -1, -1, -1, -1, -1, -1, -1, -1, -1, -1, -1, -1, -1, -1, -1, -1, -1, -1, -1, -1, -1, -1, -1, -1, -1, -1, -1, -1, -1, -1, -1, -1, -1, -1, -1, -1, -1, -1, -1, -1, -1, -1, -1, -1, -1, -1, -1, -1, -1, -1, -1, -1, -1, -1, -1, -1, -1, -1, -1, -1, -1, -1, -1, -1, -1, -1, -1, -1, -1, -1, -1, -1, -1, -1, -1, -1, -1, -1, -1, 0, -1, -1, -1, -1, -1, -1, -1, 10, -1, -1, -1, -1, 2, -1, -1, 6, 8, -1, 3, 4, 7, 0, 14, 11, 11, 9, 11, 8, 6]","[False, False, False, False, False, False, False, False, False, False, False, False, False, False, False, False, False, False, False, False, False, False, False, False, False, False, False, False, False, False, False, False, False, False, False, False, False, False, False, False, False, False, False, False, False, False, False, False, False, False, False, False, False, False, False, False, False, False, False, False, False, False, False, False, False, False, False, False, False, False, False, False, False, False, False, False, False, False, False, False, False, False, False, False, False, False, False, False, False, False, False, False, False, False, False, False, False, False, False, False, False, False, False, False, False, False, False, False, False, False, False, False, False, False, False, False, False, False, False, False, False, False, False, False, False, True, False, False, False, False, False, False, False, True, False, False, False, False, True, False, False, True, True, False, True, True, True, True, True, True, True, True, True, True, True]"
91,"[0, 0, 0, 0, 0, 0, 0, 0, 0, 0, 0, 0, 0, 0, 0, 0, 0, 0, 0, 0, 0, 0, 0, 0, 0, 0, 0, 0, 0, 0, 0, 0, 0, 0, 0, 0, 0, 0, 0, 0, 0, 0, 0, 0, 0, 0, 0, 0, 0, 0, 0, 0, 0, 0, 0, 0, 0, 0, 0, 0, 0, 0, 0, 0, 0, 0, 0, 0, 0, 0, 0, 0, 0, 0, 0, 0, 0, 0, 0, 0, 0, 0, 0, 0, 0, 0, 0, 0, 0, 0, 0, 0, 0, 0, 0, 0, 0, 0, 0, 0, 0, 0, 0, 0, 0, 0, 0, 0, 0, 0, 0, 0, 0, 0, 0, 0, 0, 0, 0, 0, 0, 0, 0, 0, 0, 0, 0, 0, 0, 0, 0, 0, 0, 3151.912592725404, 0, 0, 0, 0, 0, 0, 0, 1766.2731188925045, 794.6558693495645, 0, 1530.9142621519063, 3145.2348118086134, 1051.750541842, 1101.8338429860667, 590.4107639942779, 1101.8338429860667, 845.5631180399, 1254.9939763481898, 657.7614400862267, 578.5431829120669, 634.9140879134446, 599.3113997345512]","[0, 0, 0, 0, 0, 0, 1, 2, 2, 2, 3, 3, 3, 3, 3, 4, 4, 4, 4, 4, 4, 4, 4, 5, 5, 5, 5, 5, 5, 6, 6, 6, 6, 6, 6, 6, 7, 7, 7, 7, 7, 8, 8, 8, 8, 8, 8, 9, 9, 9, 9, 9, 10, 10, 10, 11, 12, 12, 12, 12, 13, 13, 13, 14, 14, 14, 14, 14, 15, 15, 16, 16, 16, 16, 16, 16, 16, 17, 17, 17, 17, 17, 17, 17, 18, 18, 18, 19, 19, 19, 19, 20, 20, 20, 20, 21, 21, 21, 21, 21, 21, 22, 22, 22, 22, 23, 23, 23, 23, 24, 24, 24, 24, 25, 25, 25, 25, 25, 26, 26, 26, 26, 27, 27, 27, 27, 28, 28, 28, 28, 28, 28, 28, 29, 29, 29, 29, 30, 30, 30, 30, 30, 30, 31, 31, 31, 31, 32, 32, 32, 32, 32, 33, 33, 33, 33]","[1, 1, 1, 1, 1, 1, 2, 3, 3, 3, 4, 4, 4, 4, 5, 6, 5, 5, 5, 8, 8, 9, 9, 11, 14, 12, 17, 15, 17, 17, 19, 17, 18, 18, 19, 19, 22, 26, 25, 24, 26, 28, 26, 27, 27, 27, 28, 29, 31, 32, 31, 32, 33, 35, 35, 35, 36, 36, 37, 39, 41, 40, 42, 43, 43, 44, 45, 45, 45, 45, 46, 47, 47, 50, 49, 49, 49, 50, 52, 52, 54, 54, 54, 56, 56, 56, 57, 57, 57, 59, 58, 58, 59, 59, 59, 60, 61, 62, 63, 64, 64, 64, 65, 66, 66, 68, 68, 68, 69, 69, 69, 69, 71, 70, 71, 70, 71, 72, 72, 73, 73, 74, 75, 75, 75, 78, 77, 77, 78, 79, 80, 80, 81, 82, 82, 82, 83, 83, 84, 84, 85, 86, 86, 86, 87, 88, 87, 88, 88, 88, 90, 89, 90, 89, 90, 91]","[5, 5, 3, 19, 26, 8, 16, 9, 9, 27, 23, 18, 12, 8, 20, 17, 12, 11, 14, 17, 24, 16, 15, 19, 30, 35, 36, 17, 32, 31, 29, 24, 25, 27, 26, 27, 30, 45, 40, 27, 36, 44, 39, 35, 33, 34, 45, 37, 43, 42, 40, 45, 56, 43, 49, 49, 48, 46, 45, 47, 52, 47, 49, 57, 53, 51, 57, 50, 57, 69, 58, 54, 59, 68, 54, 56, 59, 56, 58, 63, 64, 58, 60, 66, 62, 59, 64, 64, 61, 69, 69, 66, 70, 65, 69, 68, 75, 72, 78, 68, 70, 71, 72, 82, 77, 70, 81, 76, 79, 80, 70, 72, 73, 74, 90, 75, 75, 82, 77, 85, 80, 83, 89, 86, 87, 91, 82, 84, 86, 83, 84, 89, 86, -1, 87, 88, 88, 89, -1, 88, 89, -1, -1, 87, -1, -1, -1, -1, -1, -1, -1, -1, -1, -1, -1, -1]","[0, 0, 0, 0, 0, 0, 0, 0, 0, 0, 0, 0, 0, 0, 0, 0, 0, 0, 0, 0, 0, 0, 0, 0, 0, 0, 0, 0, 0, 0, 0, 0, 0, 0, 0, 0, 0, 0, 0, 0, 0, 0, 0, 0, 0, 0, 0, 0, 0, 0, 0, 0, 0, 0, 0, 0, 0, 0, 0, 0, 0, 0, 0, 0, 0, 0, 0, 0, 0, 0, 0, 0, 0, 0, 0, 0, 0, 0, 0, 0, 0, 0, 0, 0, 0, 0, 0, 0, 0, 0, 0, 0, 0, 0, 0, 0, 0, 0, 0, 0, 0, 0, 0, 0, 0, 0, 0, 0, 0, 0, 0, 0, 0, 0, 0, 0, 0, 0, 0, 0, 0, 0, 0, 0, 0, 0, 0, 0, 0, 0, 0, 0, 0, 4029.0, 0, 0, 0, 0, 4029.0, 0, 0, 4029.0, 1860.9110131817488, 0, 2357.175572056003, 4029.0, 4029.0, 4029.0, 4029.0, 2168.088986818251, 1671.8244279439969, 4029.0, 4029.0, 2004.115891588758, 4029.0, 2024.8841084112423]","[0, 0, 0, 0, 0, 0, 0, 0, 0, 0, 0, 0, 0, 0, 0, 0, 0, 0, 0, 0, 0, 0, 0, 0, 0, 0, 0, 0, 0, 0, 0, 0, 0, 0, 0, 0, 0, 0, 0, 0, 0, 0, 0, 0, 0, 0, 0, 0, 0, 0, 0, 0, 0, 0, 0, 0, 0, 0, 0, 0, 0, 0, 0, 0, 0, 0, 0, 0, 0, 0, 0, 0, 0, 0, 0, 0, 0, 0, 0, 0, 0, 0, 0, 0, 0, 0, 0, 0, 0, 0, 0, 0, 0, 0, 0, 0, 0, 0, 0, 0, 0, 0, 0, 0, 0, 0, 0, 0, 0, 0, 0, 0, 0, 0, 0, 0, 0, 0, 0, 0, 0, 0, 0, 0, 0, 0, 0, 0, 0, 0, 0, 0, 0, (0.0, 0.0, 0.0), 0, 0, 0, 0, (173.3644, 0.0022, 0.0016), 0, 0, (242.57, 0.0003333333333333333, 0.0004), (148.19806666666668, 0.008400000000000001, 0.004866666666666666), 0, (440.4012, 3.206266666666667, 0.1867333333333333), (0.0, 0.0, 0.0), (450.1882666666667, 0.0092, 0.009466666666666667), (641.7282666666667, 0.07759999999999999, 0.331), (311.7758666666666, 0.0011333333333333332, 0.0015333333333333334), (641.7282666666667, 0.07759999999999999, 0.331), (120.23626666666664, 0.0, 0.001066666666666667), (343.93240000000003, 0.0, 0.0), (192.93779999999998, 0.003933333333333333, 0.0014666666666666665), (0.0, 0.004533333333333333, 0.0), (300.59133333333324, 0.0011333333333333332, 0.0015333333333333334), (0.0, 0.004733333333333333, 0.00013333333333333334)]","[0, 0, 0, 0, 0, 0, 0, 0, 0, 0, 0, 0, 0, 0, 0, 0, 0, 0, 0, 0, 0, 0, 0, 0, 0, 0, 0, 0, 0, 0, 0, 0, 0, 0, 0, 0, 0, 0, 0, 0, 0, 0, 0, 0, 0, 0, 0, 0, 0, 0, 0, 0, 0, 0, 0, 0, 0, 0, 0, 0, 0, 0, 0, 0, 0, 0, 0, 0, 0, 0, 0, 0, 0, 0, 0, 0, 0, 0, 0, 0, 0, 0, 0, 0, 0, 0, 0, 0, 0, 0, 0, 0, 0, 0, 0, 0, 0, 0, 0, 0, 0, 0, 0, 0, 0, 0, 0, 0, 0, 0, 0, 0, 0, 0, 0, 0, 0, 0, 0, 0, 0, 0, 0, 0, 0, 0, 0, 0, 0, 0, 0, 0, 0, (2, 0.0, 0.0), 0, 0, 0, 0, (1, 0.2694166666666667, 0.013116666666666667), 0, 0, (3, 6.666666666666667e-05, 0.009744444444444444), (2, 0.0, 0.0), 0, (1, 1.666666666666667e-05, 0.0052), (2, 0.0, 0.0), (2, 0.0, 0.0005166666666666667), (3, 0.04375, 0.0321388888888889), (2, 0.0, 0.002388888888888889), (3, 0.04375, 0.0321388888888889), (2, 1.666666666666667e-05, 0.0006111111111111112), (3, 0.020033333333333334, 0.0038777777777777777), (1, 0.26766666666666666, 0.015294444444444444), (3, 0.0, 0.0012944444444444446), (2, 0.0004, 0.0023666666666666667), (3, 0.0, 0.0014222222222222223)]","[-1, -1, -1, -1, -1, -1, -1, -1, -1, -1, -1, -1, -1, -1, -1, -1, -1, -1, -1, -1, -1, -1, -1, -1, -1, -1, -1, -1, -1, -1, -1, -1, -1, -1, -1, -1, -1, -1, -1, -1, -1, -1, -1, -1, -1, -1, -1, -1, -1, -1, -1, -1, -1, -1, -1, -1, -1, -1, -1, -1, -1, -1, -1, -1, -1, -1, -1, -1, -1, -1, -1, -1, -1, -1, -1, -1, -1, -1, -1, -1, -1, -1, -1, -1, -1, -1, -1, -1, -1, -1, -1, -1, -1, -1, -1, -1, -1, -1, -1, -1, -1, -1, -1, -1, -1, -1, -1, -1, -1, -1, -1, -1, -1, -1, -1, -1, -1, -1, -1, -1, -1, -1, -1, -1, -1, -1, -1, -1, -1, -1, -1, -1, -1, 10, -1, -1, -1, -1, 5, -1, -1, 13, 8, -1, 3, 12, 15, 1, 4, 8, 3, 2, 11, 0, 6, 0]","[False, False, False, False, False, False, False, False, False, False, False, False, False, False, False, False, False, False, False, False, False, False, False, False, False, False, False, False, False, False, False, False, False, False, False, False, False, False, False, False, False, False, False, False, False, False, False, False, False, False, False, False, False, False, False, False, False, False, False, False, False, False, False, False, False, False, False, False, False, False, False, False, False, False, False, False, False, False, False, False, False, False, False, False, False, False, False, False, False, False, False, False, False, False, False, False, False, False, False, False, False, False, False, False, False, False, False, False, False, False, False, False, False, False, False, False, False, False, False, False, False, False, False, False, False, False, False, False, False, False, False, False, False, True, False, False, False, False, True, False, False, True, True, False, True, True, True, True, True, True, True, True, True, True, True, True]"
92,"[0, 0, 0, 0, 0, 0, 0, 0, 0, 0, 0, 0, 0, 0, 0, 0, 0, 0, 0, 0, 0, 0, 0, 0, 0, 0, 0, 0, 0, 0, 0, 0, 0, 0, 0, 0, 0, 0, 0, 0, 0, 0, 0, 0, 0, 0, 0, 0, 0, 0, 0, 0, 0, 0, 0, 0, 0, 0, 0, 0, 0, 0, 0, 0, 0, 0, 0, 0, 0, 0, 0, 0, 0, 0, 0, 0, 0, 0, 0, 0, 0, 0, 0, 0, 0, 0, 0, 0, 0, 0, 0, 0, 0, 0, 0, 0, 0, 0, 0, 0, 0, 0, 0, 0, 0, 0, 0, 0, 0, 0, 0, 0, 0, 0, 0, 0, 0, 0, 0, 0, 0, 0, 0, 0, 0, 0, 0, 0, 0, 0, 0, 0, 0, 2938.223603388089, 0, 0, 0, 0, 0, 0, 0, 1993.317678598913, 781.30030852016, 0, 1483.4440524727775, 2988.3069602640226, 1055.0894324510223, 1125.2060760191043, 534.03988703, 1125.2060760191043, 809.96046043822, 1266.8615316800874, 711.18368902724, 581.5100710295644, 557.7749931202221, 620.0796165570354, 1115.1894634134223]","[0, 0, 0, 0, 0, 0, 1, 2, 2, 2, 3, 3, 3, 3, 3, 4, 4, 4, 4, 4, 4, 4, 4, 5, 5, 5, 5, 5, 5, 6, 6, 6, 6, 6, 6, 6, 7, 7, 7, 7, 7, 8, 8, 8, 8, 8, 8, 9, 9, 9, 9, 9, 10, 10, 10, 11, 12, 12, 12, 12, 13, 13, 13, 14, 14, 14, 14, 14, 15, 15, 16, 16, 16, 16, 16, 16, 16, 17, 17, 17, 17, 17, 17, 17, 18, 18, 18, 19, 19, 19, 19, 20, 20, 20, 20, 21, 21, 21, 21, 21, 21, 22, 22, 22, 22, 23, 23, 23, 23, 24, 24, 24, 24, 25, 25, 25, 25, 25, 26, 26, 26, 26, 27, 27, 27, 27, 28, 28, 28, 28, 28, 28, 28, 29, 29, 29, 29, 30, 30, 30, 30, 30, 30, 31, 31, 31, 31, 32, 32, 32, 32, 32, 33, 33, 33, 33, 33]","[1, 1, 1, 1, 1, 1, 2, 3, 3, 3, 4, 4, 4, 4, 5, 6, 5, 5, 5, 8, 8, 9, 9, 11, 14, 12, 17, 15, 17, 17, 19, 17, 18, 18, 19, 19, 22, 26, 25, 24, 26, 28, 26, 27, 27, 27, 28, 29, 31, 32, 31, 32, 33, 35, 35, 35, 36, 36, 37, 39, 41, 40, 42, 43, 43, 44, 45, 45, 45, 45, 46, 47, 47, 50, 49, 49, 49, 50, 52, 52, 54, 54, 54, 56, 56, 56, 57, 57, 57, 59, 58, 58, 59, 59, 59, 60, 61, 62, 63, 64, 64, 64, 65, 66, 66, 68, 68, 68, 69, 69, 69, 69, 71, 70, 71, 70, 71, 72, 72, 73, 73, 74, 75, 75, 75, 78, 77, 77, 78, 79, 80, 80, 81, 82, 82, 82, 83, 83, 84, 84, 85, 86, 86, 86, 87, 88, 87, 88, 88, 88, 90, 89, 90, 89, 90, 91, 92]","[5, 5, 3, 19, 26, 8, 16, 9, 9, 27, 23, 18, 12, 8, 20, 17, 12, 11, 14, 17, 24, 16, 15, 19, 30, 35, 36, 17, 32, 31, 29, 24, 25, 27, 26, 27, 30, 45, 40, 27, 36, 44, 39, 35, 33, 34, 45, 37, 43, 42, 40, 45, 56, 43, 49, 49, 48, 46, 45, 47, 52, 47, 49, 57, 53, 51, 57, 50, 57, 69, 58, 54, 59, 68, 54, 56, 59, 56, 58, 63, 64, 58, 60, 66, 62, 59, 64, 64, 61, 69, 69, 66, 70, 65, 69, 68, 75, 72, 78, 68, 70, 71, 72, 82, 77, 70, 81, 76, 79, 80, 70, 72, 73, 74, 90, 75, 75, 82, 77, 85, 80, 83, 89, 86, 87, 91, 82, 84, 86, 83, 84, 89, 86, -1, 87, 88, 88, 89, 92, 88, 89, -1, -1, 87, -1, -1, -1, -1, -1, -1, -1, -1, -1, -1, -1, -1, -1]","[0, 0, 0, 0, 0, 0, 0, 0, 0, 0, 0, 0, 0, 0, 0, 0, 0, 0, 0, 0, 0, 0, 0, 0, 0, 0, 0, 0, 0, 0, 0, 0, 0, 0, 0, 0, 0, 0, 0, 0, 0, 0, 0, 0, 0, 0, 0, 0, 0, 0, 0, 0, 0, 0, 0, 0, 0, 0, 0, 0, 0, 0, 0, 0, 0, 0, 0, 0, 0, 0, 0, 0, 0, 0, 0, 0, 0, 0, 0, 0, 0, 0, 0, 0, 0, 0, 0, 0, 0, 0, 0, 0, 0, 0, 0, 0, 0, 0, 0, 0, 0, 0, 0, 0, 0, 0, 0, 0, 0, 0, 0, 0, 0, 0, 0, 0, 0, 0, 0, 0, 0, 0, 0, 0, 0, 0, 0, 0, 0, 0, 0, 0, 0, 4029.0, 0, 0, 0, 0, 0, 0, 0, 2448.5558012899046, 4029.0, 0, 4029.0, 4029.0, 4029.0, 4029.0, 1990.764908000218, 1580.4441987100956, 4029.0, 4029.0, 4029.0, 2038.2350919997823, 4029.0, 4029.0, 4029.0]","[0, 0, 0, 0, 0, 0, 0, 0, 0, 0, 0, 0, 0, 0, 0, 0, 0, 0, 0, 0, 0, 0, 0, 0, 0, 0, 0, 0, 0, 0, 0, 0, 0, 0, 0, 0, 0, 0, 0, 0, 0, 0, 0, 0, 0, 0, 0, 0, 0, 0, 0, 0, 0, 0, 0, 0, 0, 0, 0, 0, 0, 0, 0, 0, 0, 0, 0, 0, 0, 0, 0, 0, 0, 0, 0, 0, 0, 0, 0, 0, 0, 0, 0, 0, 0, 0, 0, 0, 0, 0, 0, 0, 0, 0, 0, 0, 0, 0, 0, 0, 0, 0, 0, 0, 0, 0, 0, 0, 0, 0, 0, 0, 0, 0, 0, 0, 0, 0, 0, 0, 0, 0, 0, 0, 0, 0, 0, 0, 0, 0, 0, 0, 0, (0.0, 0.0, 0.0), 0, 0, 0, 0, 0, 0, 0, (231.3854, 0.0005333333333333334, 0.0008), (134.21720000000002, 0.002466666666666667, 0.0006666666666666666), 0, (478.84913333333344, 2.3301999999999996, 0.8102), (0.0, 0.0, 0.0), (461.373, 0.0016666666666666668, 0.0013333333333333333), (838.8603333333335, 0.08673333333333332, 0.3268666666666667), (325.75713333333334, 0.0011333333333333332, 0.0014666666666666665), (838.8603333333335, 0.08673333333333332, 0.3268666666666667), (72.7008, 6.666666666666668e-05, 0.0015333333333333334), (306.18359999999996, 0.0, 0.0), (134.2176, 0.002, 0.0014), (0.0, 0.004733333333333333, 0.0), (288.00833333333327, 0.0011333333333333332, 0.0014), (0.0, 0.004666666666666667, 6.666666666666668e-05), (499.1218, 0.0016666666666666668, 0.0011333333333333332)]","[0, 0, 0, 0, 0, 0, 0, 0, 0, 0, 0, 0, 0, 0, 0, 0, 0, 0, 0, 0, 0, 0, 0, 0, 0, 0, 0, 0, 0, 0, 0, 0, 0, 0, 0, 0, 0, 0, 0, 0, 0, 0, 0, 0, 0, 0, 0, 0, 0, 0, 0, 0, 0, 0, 0, 0, 0, 0, 0, 0, 0, 0, 0, 0, 0, 0, 0, 0, 0, 0, 0, 0, 0, 0, 0, 0, 0, 0, 0, 0, 0, 0, 0, 0, 0, 0, 0, 0, 0, 0, 0, 0, 0, 0, 0, 0, 0, 0, 0, 0, 0, 0, 0, 0, 0, 0, 0, 0, 0, 0, 0, 0, 0, 0, 0, 0, 0, 0, 0, 0, 0, 0, 0, 0, 0, 0, 0, 0, 0, 0, 0, 0, 0, (2, 0.0, 0.0), 0, 0, 0, 0, 0, 0, 0, (3, 6.666666666666667e-05, 0.011649999999999999), (2, 0.0, 4.4444444444444447e-05), 0, (1, 0.0, 0.004461111111111111), (2, 0.0, 0.0), (2, 0.0, 0.01923888888888889), (3, 0.0, 0.012833333333333334), (2, 0.0006666666666666666, 0.0023944444444444447), (3, 0.0, 0.012833333333333334), (2, 0.0, 0.0005666666666666668), (3, 0.008033333333333333, 0.003372222222222222), (1, 0.2701, 0.013050000000000004), (3, 0.0, 0.0012333333333333335), (2, 0.00026666666666666673, 0.002455555555555556), (3, 0.0, 0.001661111111111111), (2, 0.0, 0.0010999999999999998)]","[-1, -1, -1, -1, -1, -1, -1, -1, -1, -1, -1, -1, -1, -1, -1, -1, -1, -1, -1, -1, -1, -1, -1, -1, -1, -1, -1, -1, -1, -1, -1, -1, -1, -1, -1, -1, -1, -1, -1, -1, -1, -1, -1, -1, -1, -1, -1, -1, -1, -1, -1, -1, -1, -1, -1, -1, -1, -1, -1, -1, -1, -1, -1, -1, -1, -1, -1, -1, -1, -1, -1, -1, -1, -1, -1, -1, -1, -1, -1, -1, -1, -1, -1, -1, -1, -1, -1, -1, -1, -1, -1, -1, -1, -1, -1, -1, -1, -1, -1, -1, -1, -1, -1, -1, -1, -1, -1, -1, -1, -1, -1, -1, -1, -1, -1, -1, -1, -1, -1, -1, -1, -1, -1, -1, -1, -1, -1, -1, -1, -1, -1, -1, -1, 10, -1, -1, -1, -1, -1, -1, -1, 8, 2, -1, 3, 6, 15, 7, 0, 8, 14, 9, 4, 0, 1, 5, 11]","[False, False, False, False, False, False, False, False, False, False, False, False, False, False, False, False, False, False, False, False, False, False, False, False, False, False, False, False, False, False, False, False, False, False, False, False, False, False, False, False, False, False, False, False, False, False, False, False, False, False, False, False, False, False, False, False, False, False, False, False, False, False, False, False, False, False, False, False, False, False, False, False, False, False, False, False, False, False, False, False, False, False, False, False, False, False, False, False, False, False, False, False, False, False, False, False, False, False, False, False, False, False, False, False, False, False, False, False, False, False, False, False, False, False, False, False, False, False, False, False, False, False, False, False, False, False, False, False, False, False, False, False, False, True, False, False, False, False, False, False, False, True, True, False, True, True, True, True, True, True, True, True, True, True, True, True, True]"
93,"[0, 0, 0, 0, 0, 0, 0, 0, 0, 0, 0, 0, 0, 0, 0, 0, 0, 0, 0, 0, 0, 0, 0, 0, 0, 0, 0, 0, 0, 0, 0, 0, 0, 0, 0, 0, 0, 0, 0, 0, 0, 0, 0, 0, 0, 0, 0, 0, 0, 0, 0, 0, 0, 0, 0, 0, 0, 0, 0, 0, 0, 0, 0, 0, 0, 0, 0, 0, 0, 0, 0, 0, 0, 0, 0, 0, 0, 0, 0, 0, 0, 0, 0, 0, 0, 0, 0, 0, 0, 0, 0, 0, 0, 0, 0, 0, 0, 0, 0, 0, 0, 0, 0, 0, 0, 0, 0, 0, 0, 0, 0, 0, 0, 0, 0, 0, 0, 0, 0, 0, 0, 0, 0, 0, 0, 0, 0, 0, 0, 0, 0, 0, 0, 2958.2569461384624, 0, 0, 0, 0, 0, 0, 0, 1889.8120704974624, 818.0281008010221, 0, 949.4041935825778, 3008.340303014396, 1038.394979405911, 1045.0727056201176, 0, 1045.0727056201176, 1317.2983312621604, 1204.5568661876246, 647.7447684097866, 0, 590.4107639942779, 578.5431829120669, 1175.2894943758222]","[0, 0, 0, 0, 0, 0, 1, 2, 2, 2, 3, 3, 3, 3, 3, 4, 4, 4, 4, 4, 4, 4, 4, 5, 5, 5, 5, 5, 5, 6, 6, 6, 6, 6, 6, 6, 7, 7, 7, 7, 7, 8, 8, 8, 8, 8, 8, 9, 9, 9, 9, 9, 10, 10, 10, 11, 12, 12, 12, 12, 13, 13, 13, 14, 14, 14, 14, 14, 15, 15, 16, 16, 16, 16, 16, 16, 16, 17, 17, 17, 17, 17, 17, 17, 18, 18, 18, 19, 19, 19, 19, 20, 20, 20, 20, 21, 21, 21, 21, 21, 21, 22, 22, 22, 22, 23, 23, 23, 23, 24, 24, 24, 24, 25, 25, 25, 25, 25, 26, 26, 26, 26, 27, 27, 27, 27, 28, 28, 28, 28, 28, 28, 28, 29, 29, 29, 29, 30, 30, 30, 30, 30, 30, 31, 31, 31, 31, 32, 32, 32, 32, 32, 33, 33, 33, 33, 33]","[1, 1, 1, 1, 1, 1, 2, 3, 3, 3, 4, 4, 4, 4, 5, 6, 5, 5, 5, 8, 8, 9, 9, 11, 14, 12, 17, 15, 17, 17, 19, 17, 18, 18, 19, 19, 22, 26, 25, 24, 26, 28, 26, 27, 27, 27, 28, 29, 31, 32, 31, 32, 33, 35, 35, 35, 36, 36, 37, 39, 41, 40, 42, 43, 43, 44, 45, 45, 45, 45, 46, 47, 47, 50, 49, 49, 49, 50, 52, 52, 54, 54, 54, 56, 56, 56, 57, 57, 57, 59, 58, 58, 59, 59, 59, 60, 61, 62, 63, 64, 64, 64, 65, 66, 66, 68, 68, 68, 69, 69, 69, 69, 71, 70, 71, 70, 71, 72, 72, 73, 73, 74, 75, 75, 75, 78, 77, 77, 78, 79, 80, 80, 81, 82, 82, 82, 83, 83, 84, 84, 85, 86, 86, 86, 87, 88, 87, 88, 88, 88, 90, 89, 90, 89, 90, 91, 92]","[5, 5, 3, 19, 26, 8, 16, 9, 9, 27, 23, 18, 12, 8, 20, 17, 12, 11, 14, 17, 24, 16, 15, 19, 30, 35, 36, 17, 32, 31, 29, 24, 25, 27, 26, 27, 30, 45, 40, 27, 36, 44, 39, 35, 33, 34, 45, 37, 43, 42, 40, 45, 56, 43, 49, 49, 48, 46, 45, 47, 52, 47, 49, 57, 53, 51, 57, 50, 57, 69, 58, 54, 59, 68, 54, 56, 59, 56, 58, 63, 64, 58, 60, 66, 62, 59, 64, 64, 61, 69, 69, 66, 70, 65, 69, 68, 75, 72, 78, 68, 70, 71, 72, 82, 77, 70, 81, 76, 79, 80, 70, 72, 73, 74, 90, 75, 75, 82, 77, 85, 80, 83, 89, 86, 87, 91, 82, 84, 86, 83, 84, 89, 86, -1, 87, 88, 88, 89, 92, 88, 89, -1, -1, 87, -1, -1, -1, -1, -1, -1, -1, -1, -1, -1, -1, -1, -1]","[0, 0, 0, 0, 0, 0, 0, 0, 0, 0, 0, 0, 0, 0, 0, 0, 0, 0, 0, 0, 0, 0, 0, 0, 0, 0, 0, 0, 0, 0, 0, 0, 0, 0, 0, 0, 0, 0, 0, 0, 0, 0, 0, 0, 0, 0, 0, 0, 0, 0, 0, 0, 0, 0, 0, 0, 0, 0, 0, 0, 0, 0, 0, 0, 0, 0, 0, 0, 0, 0, 0, 0, 0, 0, 0, 0, 0, 0, 0, 0, 0, 0, 0, 0, 0, 0, 0, 0, 0, 0, 0, 0, 0, 0, 0, 0, 0, 0, 0, 0, 0, 0, 0, 0, 0, 0, 0, 0, 0, 0, 0, 0, 0, 0, 0, 0, 0, 0, 0, 0, 0, 0, 0, 0, 0, 0, 0, 0, 0, 0, 0, 0, 0, 2974.4309833662755, 0, 0, 0, 0, 0, 0, 0, 4029.0, 2423.514050400511, 0, 4029.0, 4029.0, 1054.5690166337242, 4029.0, 1605.485949599489, 4029.0, 2383.877574175047, 4029.0, 4029.0, 4029.0, 4029.0, 1645.1224258249533, 4029.0]","[0, 0, 0, 0, 0, 0, 0, 0, 0, 0, 0, 0, 0, 0, 0, 0, 0, 0, 0, 0, 0, 0, 0, 0, 0, 0, 0, 0, 0, 0, 0, 0, 0, 0, 0, 0, 0, 0, 0, 0, 0, 0, 0, 0, 0, 0, 0, 0, 0, 0, 0, 0, 0, 0, 0, 0, 0, 0, 0, 0, 0, 0, 0, 0, 0, 0, 0, 0, 0, 0, 0, 0, 0, 0, 0, 0, 0, 0, 0, 0, 0, 0, 0, 0, 0, 0, 0, 0, 0, 0, 0, 0, 0, 0, 0, 0, 0, 0, 0, 0, 0, 0, 0, 0, 0, 0, 0, 0, 0, 0, 0, 0, 0, 0, 0, 0, 0, 0, 0, 0, 0, 0, 0, 0, 0, 0, 0, 0, 0, 0, 0, 0, 0, (0.0, 0.0, 0.0), 0, 0, 0, 0, 0, 0, 0, (253.7549333333333, 0.0006666666666666666, 0.0008), (95.76953333333334, 0.0094, 0.006266666666666668), 0, (333.44686666666666, 0.9099333333333333, 0.8626), (0.0, 0.0, 0.0), (450.1881333333334, 0.0015333333333333334, 0.0012), (721.42, 0.07806666666666666, 0.33893333333333336), (304.78553333333326, 0.0011333333333333332, 0.0014666666666666665), (721.42, 0.07806666666666666, 0.33893333333333336), (75.49706666666667, 0.0, 0.001066666666666667), (322.961, 0.0, 0.0), (226.49220000000003, 0.0016666666666666668, 0.0014), (0.0, 0.004733333333333333, 6.666666666666668e-05), (311.7758666666666, 0.0011333333333333332, 0.0015333333333333334), (0.0, 0.004533333333333333, 0.0), (553.6476, 0.0017333333333333335, 0.0015333333333333334)]","[0, 0, 0, 0, 0, 0, 0, 0, 0, 0, 0, 0, 0, 0, 0, 0, 0, 0, 0, 0, 0, 0, 0, 0, 0, 0, 0, 0, 0, 0, 0, 0, 0, 0, 0, 0, 0, 0, 0, 0, 0, 0, 0, 0, 0, 0, 0, 0, 0, 0, 0, 0, 0, 0, 0, 0, 0, 0, 0, 0, 0, 0, 0, 0, 0, 0, 0, 0, 0, 0, 0, 0, 0, 0, 0, 0, 0, 0, 0, 0, 0, 0, 0, 0, 0, 0, 0, 0, 0, 0, 0, 0, 0, 0, 0, 0, 0, 0, 0, 0, 0, 0, 0, 0, 0, 0, 0, 0, 0, 0, 0, 0, 0, 0, 0, 0, 0, 0, 0, 0, 0, 0, 0, 0, 0, 0, 0, 0, 0, 0, 0, 0, 0, (2, 0.0, 0.0), 0, 0, 0, 0, 0, 0, 0, (3, 0.00018333333333333334, 0.015666666666666666), (2, 0.0, 0.0), 0, (1, 0.0, 0.004088888888888889), (2, 0.0, 0.0), (2, 0.0, 0.0005), (3, 0.0, 0.011183333333333332), (2, 6.666666666666667e-05, 0.0023833333333333337), (3, 0.0, 0.011183333333333332), (2, 1.666666666666667e-05, 0.0007), (3, 0.007916666666666667, 0.003444444444444445), (1, 0.27021666666666666, 0.012733333333333334), (3, 0.0, 0.0012666666666666666), (2, 0.0, 0.002388888888888889), (3, 0.0, 0.0012944444444444446), (2, 0.0, 0.0005222222222222223)]","[-1, -1, -1, -1, -1, -1, -1, -1, -1, -1, -1, -1, -1, -1, -1, -1, -1, -1, -1, -1, -1, -1, -1, -1, -1, -1, -1, -1, -1, -1, -1, -1, -1, -1, -1, -1, -1, -1, -1, -1, -1, -1, -1, -1, -1, -1, -1, -1, -1, -1, -1, -1, -1, -1, -1, -1, -1, -1, -1, -1, -1, -1, -1, -1, -1, -1, -1, -1, -1, -1, -1, -1, -1, -1, -1, -1, -1, -1, -1, -1, -1, -1, -1, -1, -1, -1, -1, -1, -1, -1, -1, -1, -1, -1, -1, -1, -1, -1, -1, -1, -1, -1, -1, -1, -1, -1, -1, -1, -1, -1, -1, -1, -1, -1, -1, -1, -1, -1, -1, -1, -1, -1, -1, -1, -1, -1, -1, -1, -1, -1, -1, -1, -1, 10, -1, -1, -1, -1, -1, -1, -1, 8, 0, -1, 1, 4, 10, 5, 0, 15, 3, 7, 2, 12, 13, 3, 9]","[False, False, False, False, False, False, False, False, False, False, False, False, False, False, False, False, False, False, False, False, False, False, False, False, False, False, False, False, False, False, False, False, False, False, False, False, False, False, False, False, False, False, False, False, False, False, False, False, False, False, False, False, False, False, False, False, False, False, False, False, False, False, False, False, False, False, False, False, False, False, False, False, False, False, False, False, False, False, False, False, False, False, False, False, False, False, False, False, False, False, False, False, False, False, False, False, False, False, False, False, False, False, False, False, False, False, False, False, False, False, False, False, False, False, False, False, False, False, False, False, False, False, False, False, False, False, False, False, False, False, False, False, False, True, False, False, False, False, False, False, False, True, True, False, True, True, True, True, True, True, True, True, True, True, True, True, True]"
94,"[0, 0, 0, 0, 0, 0, 0, 0, 0, 0, 0, 0, 0, 0, 0, 0, 0, 0, 0, 0, 0, 0, 0, 0, 0, 0, 0, 0, 0, 0, 0, 0, 0, 0, 0, 0, 0, 0, 0, 0, 0, 0, 0, 0, 0, 0, 0, 0, 0, 0, 0, 0, 0, 0, 0, 0, 0, 0, 0, 0, 0, 0, 0, 0, 0, 0, 0, 0, 0, 0, 0, 0, 0, 0, 0, 0, 0, 0, 0, 0, 0, 0, 0, 0, 0, 0, 0, 0, 0, 0, 0, 0, 0, 0, 0, 0, 0, 0, 0, 0, 0, 0, 0, 0, 0, 0, 0, 0, 0, 0, 0, 0, 0, 0, 0, 0, 0, 0, 0, 0, 0, 0, 0, 0, 0, 0, 0, 0, 0, 0, 0, 0, 0, 3018.356974389583, 0, 0, 0, 0, 0, 0, 0, 2103.5010678682, 0, 0, 732.8213619215522, 3068.4403312655163, 1071.7838854961333, 1385.6395298158109, 0, 1385.6395298158109, 1459.7089616688797, 1252.0270875152155, 724.5392512624934, 0, 0, 581.5100710295644, 1121.8672446314667, 1071.7839430047102, 922.7020845904912]","[0, 0, 0, 0, 0, 0, 1, 2, 2, 2, 3, 3, 3, 3, 3, 4, 4, 4, 4, 4, 4, 4, 4, 5, 5, 5, 5, 5, 5, 6, 6, 6, 6, 6, 6, 6, 7, 7, 7, 7, 7, 8, 8, 8, 8, 8, 8, 9, 9, 9, 9, 9, 10, 10, 10, 11, 12, 12, 12, 12, 13, 13, 13, 14, 14, 14, 14, 14, 15, 15, 16, 16, 16, 16, 16, 16, 16, 17, 17, 17, 17, 17, 17, 17, 18, 18, 18, 19, 19, 19, 19, 20, 20, 20, 20, 21, 21, 21, 21, 21, 21, 22, 22, 22, 22, 23, 23, 23, 23, 24, 24, 24, 24, 25, 25, 25, 25, 25, 26, 26, 26, 26, 27, 27, 27, 27, 28, 28, 28, 28, 28, 28, 28, 29, 29, 29, 29, 30, 30, 30, 30, 30, 30, 31, 31, 31, 31, 32, 32, 32, 32, 32, 33, 33, 33, 33, 33, 34, 34]","[1, 1, 1, 1, 1, 1, 2, 3, 3, 3, 4, 4, 4, 4, 5, 6, 5, 5, 5, 8, 8, 9, 9, 11, 14, 12, 17, 15, 17, 17, 19, 17, 18, 18, 19, 19, 22, 26, 25, 24, 26, 28, 26, 27, 27, 27, 28, 29, 31, 32, 31, 32, 33, 35, 35, 35, 36, 36, 37, 39, 41, 40, 42, 43, 43, 44, 45, 45, 45, 45, 46, 47, 47, 50, 49, 49, 49, 50, 52, 52, 54, 54, 54, 56, 56, 56, 57, 57, 57, 59, 58, 58, 59, 59, 59, 60, 61, 62, 63, 64, 64, 64, 65, 66, 66, 68, 68, 68, 69, 69, 69, 69, 71, 70, 71, 70, 71, 72, 72, 73, 73, 74, 75, 75, 75, 78, 77, 77, 78, 79, 80, 80, 81, 82, 82, 82, 83, 83, 84, 84, 85, 86, 86, 86, 87, 88, 87, 88, 88, 88, 90, 89, 90, 89, 90, 91, 92, 94, 94]","[5, 5, 3, 19, 26, 8, 16, 9, 9, 27, 23, 18, 12, 8, 20, 17, 12, 11, 14, 17, 24, 16, 15, 19, 30, 35, 36, 17, 32, 31, 29, 24, 25, 27, 26, 27, 30, 45, 40, 27, 36, 44, 39, 35, 33, 34, 45, 37, 43, 42, 40, 45, 56, 43, 49, 49, 48, 46, 45, 47, 52, 47, 49, 57, 53, 51, 57, 50, 57, 69, 58, 54, 59, 68, 54, 56, 59, 56, 58, 63, 64, 58, 60, 66, 62, 59, 64, 64, 61, 69, 69, 66, 70, 65, 69, 68, 75, 72, 78, 68, 70, 71, 72, 82, 77, 70, 81, 76, 79, 80, 70, 72, 73, 74, 90, 75, 75, 82, 77, 85, 80, 83, 89, 86, 87, 91, 82, 84, 86, 83, 84, 89, 86, -1, 87, 88, 88, 89, 92, 88, 89, -1, -1, 87, -1, -1, -1, -1, 94, -1, -1, -1, -1, 94, -1, -1, -1, -1, -1]","[0, 0, 0, 0, 0, 0, 0, 0, 0, 0, 0, 0, 0, 0, 0, 0, 0, 0, 0, 0, 0, 0, 0, 0, 0, 0, 0, 0, 0, 0, 0, 0, 0, 0, 0, 0, 0, 0, 0, 0, 0, 0, 0, 0, 0, 0, 0, 0, 0, 0, 0, 0, 0, 0, 0, 0, 0, 0, 0, 0, 0, 0, 0, 0, 0, 0, 0, 0, 0, 0, 0, 0, 0, 0, 0, 0, 0, 0, 0, 0, 0, 0, 0, 0, 0, 0, 0, 0, 0, 0, 0, 0, 0, 0, 0, 0, 0, 0, 0, 0, 0, 0, 0, 0, 0, 0, 0, 0, 0, 0, 0, 0, 0, 0, 0, 0, 0, 0, 0, 0, 0, 0, 0, 0, 0, 0, 0, 0, 0, 0, 0, 0, 0, 4029.0, 0, 0, 0, 0, 0, 0, 0, 2373.430769026195, 4029.0, 0, 4029.0, 4029.0, 4029.0, 4029.0, 0, 1655.5692309738054, 4029.0, 4029.0, 4029.0, 0, 4029.0, 4029.0, 4029.0, 4029.0, 4029.0]","[0, 0, 0, 0, 0, 0, 0, 0, 0, 0, 0, 0, 0, 0, 0, 0, 0, 0, 0, 0, 0, 0, 0, 0, 0, 0, 0, 0, 0, 0, 0, 0, 0, 0, 0, 0, 0, 0, 0, 0, 0, 0, 0, 0, 0, 0, 0, 0, 0, 0, 0, 0, 0, 0, 0, 0, 0, 0, 0, 0, 0, 0, 0, 0, 0, 0, 0, 0, 0, 0, 0, 0, 0, 0, 0, 0, 0, 0, 0, 0, 0, 0, 0, 0, 0, 0, 0, 0, 0, 0, 0, 0, 0, 0, 0, 0, 0, 0, 0, 0, 0, 0, 0, 0, 0, 0, 0, 0, 0, 0, 0, 0, 0, 0, 0, 0, 0, 0, 0, 0, 0, 0, 0, 0, 0, 0, 0, 0, 0, 0, 0, 0, 0, (0.0, 0.0, 0.0), 0, 0, 0, 0, 0, 0, 0, (244.66713333333328, 0.0014666666666666665, 0.0012), (113.94486666666668, 0.0015333333333333334, 0.0006666666666666666), 0, (199.92773333333332, 0.9031333333333333, 0.010666666666666666), (0.0, 0.0, 0.0), (471.1595333333333, 0.0023333333333333335, 0.0020666666666666667), (671.0880666666666, 0.08573333333333333, 0.32080000000000003), 0, (671.0880666666666, 0.08573333333333333, 0.32080000000000003), (114.64386666666668, 0.0, 0.0011333333333333332), (301.98940000000005, 0.0, 0.0), (271.2314, 0.0722, 0.0028666666666666667), 0, (325.75713333333334, 0.0011333333333333332, 0.0014666666666666665), (0.0, 0.004733333333333333, 0.0), (461.3726, 0.008400000000000001, 0.008866666666666667), (125.829, 0.0033333333333333335, 0.0012666666666666666), (97.867, 0.5311333333333333, 0.4374666666666666)]","[0, 0, 0, 0, 0, 0, 0, 0, 0, 0, 0, 0, 0, 0, 0, 0, 0, 0, 0, 0, 0, 0, 0, 0, 0, 0, 0, 0, 0, 0, 0, 0, 0, 0, 0, 0, 0, 0, 0, 0, 0, 0, 0, 0, 0, 0, 0, 0, 0, 0, 0, 0, 0, 0, 0, 0, 0, 0, 0, 0, 0, 0, 0, 0, 0, 0, 0, 0, 0, 0, 0, 0, 0, 0, 0, 0, 0, 0, 0, 0, 0, 0, 0, 0, 0, 0, 0, 0, 0, 0, 0, 0, 0, 0, 0, 0, 0, 0, 0, 0, 0, 0, 0, 0, 0, 0, 0, 0, 0, 0, 0, 0, 0, 0, 0, 0, 0, 0, 0, 0, 0, 0, 0, 0, 0, 0, 0, 0, 0, 0, 0, 0, 0, (2, 0.0, 0.0), 0, 0, 0, 0, 0, 0, 0, (3, 0.00015, 0.019816666666666666), (2, 0.0, 1.6666666666666667e-05), 0, (1, 0.0, 0.005077777777777777), (2, 0.0, 0.0), (2, 0.0, 0.0004777777777777777), (3, 0.0, 0.018272222222222224), 0, (3, 0.0, 0.018272222222222224), (2, 0.0, 0.0006555555555555555), (3, 0.00785, 0.003533333333333333), (1, 0.24863333333333332, 0.04668333333333334), 0, (2, 0.0006666666666666666, 0.0023944444444444447), (3, 0.0, 0.0012333333333333335), (2, 0.0, 0.0004944444444444445), (3, 0.0, 0.0006444444444444443), (1, 0.0, 0.0014666666666666662)]","[-1, -1, -1, -1, -1, -1, -1, -1, -1, -1, -1, -1, -1, -1, -1, -1, -1, -1, -1, -1, -1, -1, -1, -1, -1, -1, -1, -1, -1, -1, -1, -1, -1, -1, -1, -1, -1, -1, -1, -1, -1, -1, -1, -1, -1, -1, -1, -1, -1, -1, -1, -1, -1, -1, -1, -1, -1, -1, -1, -1, -1, -1, -1, -1, -1, -1, -1, -1, -1, -1, -1, -1, -1, -1, -1, -1, -1, -1, -1, -1, -1, -1, -1, -1, -1, -1, -1, -1, -1, -1, -1, -1, -1, -1, -1, -1, -1, -1, -1, -1, -1, -1, -1, -1, -1, -1, -1, -1, -1, -1, -1, -1, -1, -1, -1, -1, -1, -1, -1, -1, -1, -1, -1, -1, -1, -1, -1, -1, -1, -1, -1, -1, -1, 10, -1, -1, -1, -1, -1, -1, -1, 8, 6, -1, 11, 0, 5, 1, -1, 8, 3, 2, 12, -1, 7, 14, 4, 9, 15]","[False, False, False, False, False, False, False, False, False, False, False, False, False, False, False, False, False, False, False, False, False, False, False, False, False, False, False, False, False, False, False, False, False, False, False, False, False, False, False, False, False, False, False, False, False, False, False, False, False, False, False, False, False, False, False, False, False, False, False, False, False, False, False, False, False, False, False, False, False, False, False, False, False, False, False, False, False, False, False, False, False, False, False, False, False, False, False, False, False, False, False, False, False, False, False, False, False, False, False, False, False, False, False, False, False, False, False, False, False, False, False, False, False, False, False, False, False, False, False, False, False, False, False, False, False, False, False, False, False, False, False, False, False, True, False, False, False, False, False, False, False, True, True, False, True, True, True, True, False, True, True, True, True, False, True, True, True, True, True]"
95,"[0, 0, 0, 0, 0, 0, 0, 0, 0, 0, 0, 0, 0, 0, 0, 0, 0, 0, 0, 0, 0, 0, 0, 0, 0, 0, 0, 0, 0, 0, 0, 0, 0, 0, 0, 0, 0, 0, 0, 0, 0, 0, 0, 0, 0, 0, 0, 0, 0, 0, 0, 0, 0, 0, 0, 0, 0, 0, 0, 0, 0, 0, 0, 0, 0, 0, 0, 0, 0, 0, 0, 0, 0, 0, 0, 0, 0, 0, 0, 0, 0, 0, 0, 0, 0, 0, 0, 0, 0, 0, 0, 0, 0, 0, 0, 0, 0, 0, 0, 0, 0, 0, 0, 0, 0, 0, 0, 0, 0, 0, 0, 0, 0, 0, 0, 0, 0, 0, 0, 0, 0, 0, 0, 0, 0, 0, 0, 0, 0, 0, 0, 0, 0, 3148.573702267009, 0, 0, 0, 0, 0, 0, 0, 2073.45105261294, 0, 0, 851.4968861193744, 3021.6958648479776, 1098.4950103683113, 0, 0, 1095.1560621194842, 845.5631180399, 1225.3250880184453, 0, 0, 0, 0, 1035.0560887968888, 1068.445052216534, 925.6689723222934, 628.9803113908888]","[0, 0, 0, 0, 0, 0, 1, 2, 2, 2, 3, 3, 3, 3, 3, 4, 4, 4, 4, 4, 4, 4, 4, 5, 5, 5, 5, 5, 5, 6, 6, 6, 6, 6, 6, 6, 7, 7, 7, 7, 7, 8, 8, 8, 8, 8, 8, 9, 9, 9, 9, 9, 10, 10, 10, 11, 12, 12, 12, 12, 13, 13, 13, 14, 14, 14, 14, 14, 15, 15, 16, 16, 16, 16, 16, 16, 16, 17, 17, 17, 17, 17, 17, 17, 18, 18, 18, 19, 19, 19, 19, 20, 20, 20, 20, 21, 21, 21, 21, 21, 21, 22, 22, 22, 22, 23, 23, 23, 23, 24, 24, 24, 24, 25, 25, 25, 25, 25, 26, 26, 26, 26, 27, 27, 27, 27, 28, 28, 28, 28, 28, 28, 28, 29, 29, 29, 29, 30, 30, 30, 30, 30, 30, 31, 31, 31, 31, 32, 32, 32, 32, 32, 33, 33, 33, 33, 33, 34, 34, 34]","[1, 1, 1, 1, 1, 1, 2, 3, 3, 3, 4, 4, 4, 4, 5, 6, 5, 5, 5, 8, 8, 9, 9, 11, 14, 12, 17, 15, 17, 17, 19, 17, 18, 18, 19, 19, 22, 26, 25, 24, 26, 28, 26, 27, 27, 27, 28, 29, 31, 32, 31, 32, 33, 35, 35, 35, 36, 36, 37, 39, 41, 40, 42, 43, 43, 44, 45, 45, 45, 45, 46, 47, 47, 50, 49, 49, 49, 50, 52, 52, 54, 54, 54, 56, 56, 56, 57, 57, 57, 59, 58, 58, 59, 59, 59, 60, 61, 62, 63, 64, 64, 64, 65, 66, 66, 68, 68, 68, 69, 69, 69, 69, 71, 70, 71, 70, 71, 72, 72, 73, 73, 74, 75, 75, 75, 78, 77, 77, 78, 79, 80, 80, 81, 82, 82, 82, 83, 83, 84, 84, 85, 86, 86, 86, 87, 88, 87, 88, 88, 88, 90, 89, 90, 89, 90, 91, 92, 94, 94, 95]","[5, 5, 3, 19, 26, 8, 16, 9, 9, 27, 23, 18, 12, 8, 20, 17, 12, 11, 14, 17, 24, 16, 15, 19, 30, 35, 36, 17, 32, 31, 29, 24, 25, 27, 26, 27, 30, 45, 40, 27, 36, 44, 39, 35, 33, 34, 45, 37, 43, 42, 40, 45, 56, 43, 49, 49, 48, 46, 45, 47, 52, 47, 49, 57, 53, 51, 57, 50, 57, 69, 58, 54, 59, 68, 54, 56, 59, 56, 58, 63, 64, 58, 60, 66, 62, 59, 64, 64, 61, 69, 69, 66, 70, 65, 69, 68, 75, 72, 78, 68, 70, 71, 72, 82, 77, 70, 81, 76, 79, 80, 70, 72, 73, 74, 90, 75, 75, 82, 77, 85, 80, 83, 89, 86, 87, 91, 82, 84, 86, 83, 84, 89, 86, -1, 87, 88, 88, 89, 92, 88, 89, -1, 95, 87, -1, -1, -1, -1, 94, -1, -1, -1, -1, 94, 95, -1, -1, -1, -1, -1]","[0, 0, 0, 0, 0, 0, 0, 0, 0, 0, 0, 0, 0, 0, 0, 0, 0, 0, 0, 0, 0, 0, 0, 0, 0, 0, 0, 0, 0, 0, 0, 0, 0, 0, 0, 0, 0, 0, 0, 0, 0, 0, 0, 0, 0, 0, 0, 0, 0, 0, 0, 0, 0, 0, 0, 0, 0, 0, 0, 0, 0, 0, 0, 0, 0, 0, 0, 0, 0, 0, 0, 0, 0, 0, 0, 0, 0, 0, 0, 0, 0, 0, 0, 0, 0, 0, 0, 0, 0, 0, 0, 0, 0, 0, 0, 0, 0, 0, 0, 0, 0, 0, 0, 0, 0, 0, 0, 0, 0, 0, 0, 0, 0, 0, 0, 0, 0, 0, 0, 0, 0, 0, 0, 0, 0, 0, 0, 0, 0, 0, 0, 0, 0, 4029.0, 0, 0, 0, 0, 0, 0, 0, 4029.0, 0, 0, 1892.670411999945, 3210.857776728544, 4029.0, 4029.0, 0, 2136.329588000055, 4029.0, 4029.0, 4029.0, 0, 0, 4029.0, 4029.0, 4029.0, 4029.0, 818.1422232714556]","[0, 0, 0, 0, 0, 0, 0, 0, 0, 0, 0, 0, 0, 0, 0, 0, 0, 0, 0, 0, 0, 0, 0, 0, 0, 0, 0, 0, 0, 0, 0, 0, 0, 0, 0, 0, 0, 0, 0, 0, 0, 0, 0, 0, 0, 0, 0, 0, 0, 0, 0, 0, 0, 0, 0, 0, 0, 0, 0, 0, 0, 0, 0, 0, 0, 0, 0, 0, 0, 0, 0, 0, 0, 0, 0, 0, 0, 0, 0, 0, 0, 0, 0, 0, 0, 0, 0, 0, 0, 0, 0, 0, 0, 0, 0, 0, 0, 0, 0, 0, 0, 0, 0, 0, 0, 0, 0, 0, 0, 0, 0, 0, 0, 0, 0, 0, 0, 0, 0, 0, 0, 0, 0, 0, 0, 0, 0, 0, 0, 0, 0, 0, 0, (0.0, 0.0, 0.0), 0, 0, 0, 0, 0, 0, 0, (254.4540666666667, 0.0026, 0.0088), 0, 0, (167.77133333333336, 0.8164666666666667, 0.02233333333333333), (0.0, 0.0, 0.0), (452.98440000000005, 0.0015333333333333334, 0.0012), (767.5571333333334, 0.08106666666666666, 0.391), 0, (767.5571333333334, 0.08106666666666666, 0.391), (92.27413333333331, 6.666666666666668e-05, 0.0013333333333333333), (328.5532, 0.0, 0.0), (164.9758, 0.0021333333333333334, 0.0014666666666666665), 0, 0, (0.0, 0.004733333333333333, 6.666666666666668e-05), (448.7898, 0.009933333333333334, 0.0104), (170.56820000000002, 0.0034, 0.0014666666666666665), (114.6442, 0.5428, 0.4749333333333333), (320.1647333333333, 0.0011333333333333332, 0.0015333333333333334)]","[0, 0, 0, 0, 0, 0, 0, 0, 0, 0, 0, 0, 0, 0, 0, 0, 0, 0, 0, 0, 0, 0, 0, 0, 0, 0, 0, 0, 0, 0, 0, 0, 0, 0, 0, 0, 0, 0, 0, 0, 0, 0, 0, 0, 0, 0, 0, 0, 0, 0, 0, 0, 0, 0, 0, 0, 0, 0, 0, 0, 0, 0, 0, 0, 0, 0, 0, 0, 0, 0, 0, 0, 0, 0, 0, 0, 0, 0, 0, 0, 0, 0, 0, 0, 0, 0, 0, 0, 0, 0, 0, 0, 0, 0, 0, 0, 0, 0, 0, 0, 0, 0, 0, 0, 0, 0, 0, 0, 0, 0, 0, 0, 0, 0, 0, 0, 0, 0, 0, 0, 0, 0, 0, 0, 0, 0, 0, 0, 0, 0, 0, 0, 0, (2, 0.0, 0.0), 0, 0, 0, 0, 0, 0, 0, (3, 0.00011666666666666667, 0.017588888888888887), 0, 0, (1, 0.0, 0.005544444444444444), (2, 0.0, 0.0), (2, 0.0, 0.0005055555555555555), (3, 0.0, 0.02345), 0, (3, 0.0, 0.02345), (2, 1.666666666666667e-05, 0.003455555555555556), (3, 0.007816666666666666, 0.003527777777777778), (1, 0.2376, 0.013488888888888885), 0, 0, (3, 0.0, 0.0012666666666666666), (2, 0.0, 0.0004944444444444445), (3, 0.0, 0.0005666666666666666), (1, 0.0, 0.001527777777777778), (2, 0.0037166666666666667, 0.0028777777777777777)]","[-1, -1, -1, -1, -1, -1, -1, -1, -1, -1, -1, -1, -1, -1, -1, -1, -1, -1, -1, -1, -1, -1, -1, -1, -1, -1, -1, -1, -1, -1, -1, -1, -1, -1, -1, -1, -1, -1, -1, -1, -1, -1, -1, -1, -1, -1, -1, -1, -1, -1, -1, -1, -1, -1, -1, -1, -1, -1, -1, -1, -1, -1, -1, -1, -1, -1, -1, -1, -1, -1, -1, -1, -1, -1, -1, -1, -1, -1, -1, -1, -1, -1, -1, -1, -1, -1, -1, -1, -1, -1, -1, -1, -1, -1, -1, -1, -1, -1, -1, -1, -1, -1, -1, -1, -1, -1, -1, -1, -1, -1, -1, -1, -1, -1, -1, -1, -1, -1, -1, -1, -1, -1, -1, -1, -1, -1, -1, -1, -1, -1, -1, -1, -1, 5, -1, -1, -1, -1, -1, -1, -1, 3, -1, -1, 15, 6, 2, 7, -1, 15, 0, 13, 8, -1, -1, 9, 1, 4, 10, 6]","[False, False, False, False, False, False, False, False, False, False, False, False, False, False, False, False, False, False, False, False, False, False, False, False, False, False, False, False, False, False, False, False, False, False, False, False, False, False, False, False, False, False, False, False, False, False, False, False, False, False, False, False, False, False, False, False, False, False, False, False, False, False, False, False, False, False, False, False, False, False, False, False, False, False, False, False, False, False, False, False, False, False, False, False, False, False, False, False, False, False, False, False, False, False, False, False, False, False, False, False, False, False, False, False, False, False, False, False, False, False, False, False, False, False, False, False, False, False, False, False, False, False, False, False, False, False, False, False, False, False, False, False, False, True, False, False, False, False, False, False, False, True, False, False, True, True, True, True, False, True, True, True, True, False, False, True, True, True, True, True]"
96,"[0, 0, 0, 0, 0, 0, 0, 0, 0, 0, 0, 0, 0, 0, 0, 0, 0, 0, 0, 0, 0, 0, 0, 0, 0, 0, 0, 0, 0, 0, 0, 0, 0, 0, 0, 0, 0, 0, 0, 0, 0, 0, 0, 0, 0, 0, 0, 0, 0, 0, 0, 0, 0, 0, 0, 0, 0, 0, 0, 0, 0, 0, 0, 0, 0, 0, 0, 0, 0, 0, 0, 0, 0, 0, 0, 0, 0, 0, 0, 0, 0, 0, 0, 0, 0, 0, 0, 0, 0, 0, 0, 0, 0, 0, 0, 0, 0, 0, 0, 0, 0, 0, 0, 0, 0, 0, 0, 0, 0, 0, 0, 0, 0, 0, 0, 0, 0, 0, 0, 0, 0, 0, 0, 0, 0, 0, 0, 0, 0, 0, 0, 0, 0, 3425.7016103138403, 0, 0, 0, 0, 0, 0, 0, 2293.817831151513, 0, 0, 0, 2894.8180274289466, 0, 0, 0, 931.5504308882199, 833.6955655060068, 1254.9939763481898, 0, 0, 0, 0, 1051.750541842, 1095.1561785219467, 928.6358600540952, 1115.1894634134223, 634.9140879134446, 685.3513090824399, 884.1326637750533]","[0, 0, 0, 0, 0, 0, 1, 2, 2, 2, 3, 3, 3, 3, 3, 4, 4, 4, 4, 4, 4, 4, 4, 5, 5, 5, 5, 5, 5, 6, 6, 6, 6, 6, 6, 6, 7, 7, 7, 7, 7, 8, 8, 8, 8, 8, 8, 9, 9, 9, 9, 9, 10, 10, 10, 11, 12, 12, 12, 12, 13, 13, 13, 14, 14, 14, 14, 14, 15, 15, 16, 16, 16, 16, 16, 16, 16, 17, 17, 17, 17, 17, 17, 17, 18, 18, 18, 19, 19, 19, 19, 20, 20, 20, 20, 21, 21, 21, 21, 21, 21, 22, 22, 22, 22, 23, 23, 23, 23, 24, 24, 24, 24, 25, 25, 25, 25, 25, 26, 26, 26, 26, 27, 27, 27, 27, 28, 28, 28, 28, 28, 28, 28, 29, 29, 29, 29, 30, 30, 30, 30, 30, 30, 31, 31, 31, 31, 32, 32, 32, 32, 32, 33, 33, 33, 33, 33, 34, 34, 34, 34, 34, 35]","[1, 1, 1, 1, 1, 1, 2, 3, 3, 3, 4, 4, 4, 4, 5, 6, 5, 5, 5, 8, 8, 9, 9, 11, 14, 12, 17, 15, 17, 17, 19, 17, 18, 18, 19, 19, 22, 26, 25, 24, 26, 28, 26, 27, 27, 27, 28, 29, 31, 32, 31, 32, 33, 35, 35, 35, 36, 36, 37, 39, 41, 40, 42, 43, 43, 44, 45, 45, 45, 45, 46, 47, 47, 50, 49, 49, 49, 50, 52, 52, 54, 54, 54, 56, 56, 56, 57, 57, 57, 59, 58, 58, 59, 59, 59, 60, 61, 62, 63, 64, 64, 64, 65, 66, 66, 68, 68, 68, 69, 69, 69, 69, 71, 70, 71, 70, 71, 72, 72, 73, 73, 74, 75, 75, 75, 78, 77, 77, 78, 79, 80, 80, 81, 82, 82, 82, 83, 83, 84, 84, 85, 86, 86, 86, 87, 88, 87, 88, 88, 88, 90, 89, 90, 89, 90, 91, 92, 94, 94, 96, 95, 96, 96]","[5, 5, 3, 19, 26, 8, 16, 9, 9, 27, 23, 18, 12, 8, 20, 17, 12, 11, 14, 17, 24, 16, 15, 19, 30, 35, 36, 17, 32, 31, 29, 24, 25, 27, 26, 27, 30, 45, 40, 27, 36, 44, 39, 35, 33, 34, 45, 37, 43, 42, 40, 45, 56, 43, 49, 49, 48, 46, 45, 47, 52, 47, 49, 57, 53, 51, 57, 50, 57, 69, 58, 54, 59, 68, 54, 56, 59, 56, 58, 63, 64, 58, 60, 66, 62, 59, 64, 64, 61, 69, 69, 66, 70, 65, 69, 68, 75, 72, 78, 68, 70, 71, 72, 82, 77, 70, 81, 76, 79, 80, 70, 72, 73, 74, 90, 75, 75, 82, 77, 85, 80, 83, 89, 86, 87, 91, 82, 84, 86, 83, 84, 89, 86, -1, 87, 88, 88, 89, 92, 88, 89, -1, 95, 87, -1, -1, -1, 96, 94, -1, -1, -1, 96, 94, 95, 96, -1, -1, -1, -1, -1, -1, -1]","[0, 0, 0, 0, 0, 0, 0, 0, 0, 0, 0, 0, 0, 0, 0, 0, 0, 0, 0, 0, 0, 0, 0, 0, 0, 0, 0, 0, 0, 0, 0, 0, 0, 0, 0, 0, 0, 0, 0, 0, 0, 0, 0, 0, 0, 0, 0, 0, 0, 0, 0, 0, 0, 0, 0, 0, 0, 0, 0, 0, 0, 0, 0, 0, 0, 0, 0, 0, 0, 0, 0, 0, 0, 0, 0, 0, 0, 0, 0, 0, 0, 0, 0, 0, 0, 0, 0, 0, 0, 0, 0, 0, 0, 0, 0, 0, 0, 0, 0, 0, 0, 0, 0, 0, 0, 0, 0, 0, 0, 0, 0, 0, 0, 0, 0, 0, 0, 0, 0, 0, 0, 0, 0, 0, 0, 0, 0, 0, 0, 0, 0, 0, 0, 4029.0, 0, 0, 0, 0, 0, 0, 0, 2603.8141838690453, 0, 0, 4029.0, 4029.0, 1671.82434545878, 0, 0, 1852.7782272700151, 4029.0, 2176.221772729985, 0, 0, 0, 0, 4029.0, 4029.0, 2161.3608860703253, 1425.1858161309547, 1867.6391139296747, 2357.17565454122, 4029.0]","[0, 0, 0, 0, 0, 0, 0, 0, 0, 0, 0, 0, 0, 0, 0, 0, 0, 0, 0, 0, 0, 0, 0, 0, 0, 0, 0, 0, 0, 0, 0, 0, 0, 0, 0, 0, 0, 0, 0, 0, 0, 0, 0, 0, 0, 0, 0, 0, 0, 0, 0, 0, 0, 0, 0, 0, 0, 0, 0, 0, 0, 0, 0, 0, 0, 0, 0, 0, 0, 0, 0, 0, 0, 0, 0, 0, 0, 0, 0, 0, 0, 0, 0, 0, 0, 0, 0, 0, 0, 0, 0, 0, 0, 0, 0, 0, 0, 0, 0, 0, 0, 0, 0, 0, 0, 0, 0, 0, 0, 0, 0, 0, 0, 0, 0, 0, 0, 0, 0, 0, 0, 0, 0, 0, 0, 0, 0, 0, 0, 0, 0, 0, 0, (0.0, 0.0, 0.0), 0, 0, 0, 0, 0, 0, 0, (268.435, 0.0018666666666666666, 0.0016), 0, 0, (186.64606666666668, 3.3434, 0.0272), (0.0, 0.0, 0.0), (473.9558, 0.0015333333333333334, 0.0011333333333333332), 0, 0, (796.9172, 0.0888, 0.33713333333333334), (76.89526666666666, 0.0, 0.001), (282.41606666666667, 0.0, 0.0), 0, 0, 0, 0, (450.1882666666667, 0.0092, 0.009466666666666667), (170.56820000000002, 0.0033333333333333335, 0.0014), (109.0518, 0.5416666666666666, 0.5044666666666666), (499.1218, 0.0016666666666666668, 0.0011333333333333332), (300.59133333333324, 0.0011333333333333332, 0.0015333333333333334), (232.08433333333338, 0.9976, 0.007), (128.62506666666664, 0.00046666666666666666, 0.0014)]","[0, 0, 0, 0, 0, 0, 0, 0, 0, 0, 0, 0, 0, 0, 0, 0, 0, 0, 0, 0, 0, 0, 0, 0, 0, 0, 0, 0, 0, 0, 0, 0, 0, 0, 0, 0, 0, 0, 0, 0, 0, 0, 0, 0, 0, 0, 0, 0, 0, 0, 0, 0, 0, 0, 0, 0, 0, 0, 0, 0, 0, 0, 0, 0, 0, 0, 0, 0, 0, 0, 0, 0, 0, 0, 0, 0, 0, 0, 0, 0, 0, 0, 0, 0, 0, 0, 0, 0, 0, 0, 0, 0, 0, 0, 0, 0, 0, 0, 0, 0, 0, 0, 0, 0, 0, 0, 0, 0, 0, 0, 0, 0, 0, 0, 0, 0, 0, 0, 0, 0, 0, 0, 0, 0, 0, 0, 0, 0, 0, 0, 0, 0, 0, (2, 0.0, 0.0), 0, 0, 0, 0, 0, 0, 0, (3, 0.00013333333333333334, 0.023688888888888888), 0, 0, (1, 0.0, 0.005394444444444445), (2, 0.0, 0.0), (2, 0.0, 0.0005111111111111112), 0, 0, (3, 0.0, 0.019), (2, 0.0, 0.0005055555555555555), (3, 0.00675, 0.003411111111111111), 0, 0, 0, 0, (2, 0.0, 0.0005166666666666667), (3, 0.0, 0.0008388888888888889), (1, 0.0, 0.0017222222222222224), (2, 0.0, 0.0010999999999999998), (2, 0.0004, 0.0023666666666666667), (3, 0.0, 0.0005111111111111112), (2, 0.0705, 0.025599999999999998)]","[-1, -1, -1, -1, -1, -1, -1, -1, -1, -1, -1, -1, -1, -1, -1, -1, -1, -1, -1, -1, -1, -1, -1, -1, -1, -1, -1, -1, -1, -1, -1, -1, -1, -1, -1, -1, -1, -1, -1, -1, -1, -1, -1, -1, -1, -1, -1, -1, -1, -1, -1, -1, -1, -1, -1, -1, -1, -1, -1, -1, -1, -1, -1, -1, -1, -1, -1, -1, -1, -1, -1, -1, -1, -1, -1, -1, -1, -1, -1, -1, -1, -1, -1, -1, -1, -1, -1, -1, -1, -1, -1, -1, -1, -1, -1, -1, -1, -1, -1, -1, -1, -1, -1, -1, -1, -1, -1, -1, -1, -1, -1, -1, -1, -1, -1, -1, -1, -1, -1, -1, -1, -1, -1, -1, -1, -1, -1, -1, -1, -1, -1, -1, -1, 14, -1, -1, -1, -1, -1, -1, -1, 11, -1, -1, 0, 10, 9, -1, -1, 15, 7, 15, -1, -1, -1, -1, 8, 12, 6, 11, 6, 9, 1]","[False, False, False, False, False, False, False, False, False, False, False, False, False, False, False, False, False, False, False, False, False, False, False, False, False, False, False, False, False, False, False, False, False, False, False, False, False, False, False, False, False, False, False, False, False, False, False, False, False, False, False, False, False, False, False, False, False, False, False, False, False, False, False, False, False, False, False, False, False, False, False, False, False, False, False, False, False, False, False, False, False, False, False, False, False, False, False, False, False, False, False, False, False, False, False, False, False, False, False, False, False, False, False, False, False, False, False, False, False, False, False, False, False, False, False, False, False, False, False, False, False, False, False, False, False, False, False, False, False, False, False, False, False, True, False, False, False, False, False, False, False, True, False, False, True, True, True, False, False, True, True, True, False, False, False, False, True, True, True, True, True, True, True]"
97,"[0, 0, 0, 0, 0, 0, 0, 0, 0, 0, 0, 0, 0, 0, 0, 0, 0, 0, 0, 0, 0, 0, 0, 0, 0, 0, 0, 0, 0, 0, 0, 0, 0, 0, 0, 0, 0, 0, 0, 0, 0, 0, 0, 0, 0, 0, 0, 0, 0, 0, 0, 0, 0, 0, 0, 0, 0, 0, 0, 0, 0, 0, 0, 0, 0, 0, 0, 0, 0, 0, 0, 0, 0, 0, 0, 0, 0, 0, 0, 0, 0, 0, 0, 0, 0, 0, 0, 0, 0, 0, 0, 0, 0, 0, 0, 0, 0, 0, 0, 0, 0, 0, 0, 0, 0, 0, 0, 0, 0, 0, 0, 0, 0, 0, 0, 0, 0, 0, 0, 0, 0, 0, 0, 0, 0, 0, 0, 0, 0, 0, 0, 0, 0, 0, 0, 0, 0, 0, 0, 0, 0, 2203.667785385733, 0, 0, 0, 3151.912592725404, 0, 0, 0, 1008.3449108539154, 0, 1320.2655306736276, 0, 0, 0, 0, 1055.0894324510223, 1105.1728508864767, 931.6027477858978, 1175.2894943758222, 557.7749931202221, 741.7221959766666, 731.2170323801198, 845.5631180399, 884.1326637750533, 1763.7010974382797]","[0, 0, 0, 0, 0, 0, 1, 2, 2, 2, 3, 3, 3, 3, 3, 4, 4, 4, 4, 4, 4, 4, 4, 5, 5, 5, 5, 5, 5, 6, 6, 6, 6, 6, 6, 6, 7, 7, 7, 7, 7, 8, 8, 8, 8, 8, 8, 9, 9, 9, 9, 9, 10, 10, 10, 11, 12, 12, 12, 12, 13, 13, 13, 14, 14, 14, 14, 14, 15, 15, 16, 16, 16, 16, 16, 16, 16, 17, 17, 17, 17, 17, 17, 17, 18, 18, 18, 19, 19, 19, 19, 20, 20, 20, 20, 21, 21, 21, 21, 21, 21, 22, 22, 22, 22, 23, 23, 23, 23, 24, 24, 24, 24, 25, 25, 25, 25, 25, 26, 26, 26, 26, 27, 27, 27, 27, 28, 28, 28, 28, 28, 28, 28, 29, 29, 29, 29, 30, 30, 30, 30, 30, 30, 31, 31, 31, 31, 32, 32, 32, 32, 32, 33, 33, 33, 33, 33, 34, 34, 34, 34, 34, 35, 35, 36, 36]","[1, 1, 1, 1, 1, 1, 2, 3, 3, 3, 4, 4, 4, 4, 5, 6, 5, 5, 5, 8, 8, 9, 9, 11, 14, 12, 17, 15, 17, 17, 19, 17, 18, 18, 19, 19, 22, 26, 25, 24, 26, 28, 26, 27, 27, 27, 28, 29, 31, 32, 31, 32, 33, 35, 35, 35, 36, 36, 37, 39, 41, 40, 42, 43, 43, 44, 45, 45, 45, 45, 46, 47, 47, 50, 49, 49, 49, 50, 52, 52, 54, 54, 54, 56, 56, 56, 57, 57, 57, 59, 58, 58, 59, 59, 59, 60, 61, 62, 63, 64, 64, 64, 65, 66, 66, 68, 68, 68, 69, 69, 69, 69, 71, 70, 71, 70, 71, 72, 72, 73, 73, 74, 75, 75, 75, 78, 77, 77, 78, 79, 80, 80, 81, 82, 82, 82, 83, 83, 84, 84, 85, 86, 86, 86, 87, 88, 87, 88, 88, 88, 90, 89, 90, 89, 90, 91, 92, 94, 94, 96, 95, 96, 97, 96, 97, 97]","[5, 5, 3, 19, 26, 8, 16, 9, 9, 27, 23, 18, 12, 8, 20, 17, 12, 11, 14, 17, 24, 16, 15, 19, 30, 35, 36, 17, 32, 31, 29, 24, 25, 27, 26, 27, 30, 45, 40, 27, 36, 44, 39, 35, 33, 34, 45, 37, 43, 42, 40, 45, 56, 43, 49, 49, 48, 46, 45, 47, 52, 47, 49, 57, 53, 51, 57, 50, 57, 69, 58, 54, 59, 68, 54, 56, 59, 56, 58, 63, 64, 58, 60, 66, 62, 59, 64, 64, 61, 69, 69, 66, 70, 65, 69, 68, 75, 72, 78, 68, 70, 71, 72, 82, 77, 70, 81, 76, 79, 80, 70, 72, 73, 74, 90, 75, 75, 82, 77, 85, 80, 83, 89, 86, 87, 91, 82, 84, 86, 83, 84, 89, 86, -1, 87, 88, 88, 89, 92, 88, 89, -1, 95, 87, 97, -1, 97, 96, 94, -1, -1, -1, 96, 94, 95, 96, -1, -1, -1, -1, -1, -1, -1, -1, -1, -1]","[0, 0, 0, 0, 0, 0, 0, 0, 0, 0, 0, 0, 0, 0, 0, 0, 0, 0, 0, 0, 0, 0, 0, 0, 0, 0, 0, 0, 0, 0, 0, 0, 0, 0, 0, 0, 0, 0, 0, 0, 0, 0, 0, 0, 0, 0, 0, 0, 0, 0, 0, 0, 0, 0, 0, 0, 0, 0, 0, 0, 0, 0, 0, 0, 0, 0, 0, 0, 0, 0, 0, 0, 0, 0, 0, 0, 0, 0, 0, 0, 0, 0, 0, 0, 0, 0, 0, 0, 0, 0, 0, 0, 0, 0, 0, 0, 0, 0, 0, 0, 0, 0, 0, 0, 0, 0, 0, 0, 0, 0, 0, 0, 0, 0, 0, 0, 0, 0, 0, 0, 0, 0, 0, 0, 0, 0, 0, 0, 0, 0, 0, 0, 0, 4029.0, 0, 0, 0, 0, 0, 0, 0, 2528.6891455049554, 0, 0, 0, 4029.0, 0, 0, 0, 1636.821906707818, 1572.4336681124732, 2309.024249146754, 0, 0, 0, 0, 4029.0, 4029.0, 4029.0, 1500.3108544950444, 4029.0, 4029.0, 1719.9757508532462, 4029.0, 2456.5663318875268, 2392.178093292182]","[0, 0, 0, 0, 0, 0, 0, 0, 0, 0, 0, 0, 0, 0, 0, 0, 0, 0, 0, 0, 0, 0, 0, 0, 0, 0, 0, 0, 0, 0, 0, 0, 0, 0, 0, 0, 0, 0, 0, 0, 0, 0, 0, 0, 0, 0, 0, 0, 0, 0, 0, 0, 0, 0, 0, 0, 0, 0, 0, 0, 0, 0, 0, 0, 0, 0, 0, 0, 0, 0, 0, 0, 0, 0, 0, 0, 0, 0, 0, 0, 0, 0, 0, 0, 0, 0, 0, 0, 0, 0, 0, 0, 0, 0, 0, 0, 0, 0, 0, 0, 0, 0, 0, 0, 0, 0, 0, 0, 0, 0, 0, 0, 0, 0, 0, 0, 0, 0, 0, 0, 0, 0, 0, 0, 0, 0, 0, 0, 0, 0, 0, 0, 0, (0.0, 0.0, 0.0), 0, 0, 0, 0, 0, 0, 0, (269.134, 0.0016666666666666668, 0.0014666666666666665), 0, 0, 0, (0.0, 0.0, 0.0), 0, 0, 0, (700.4481333333333, 0.07953333333333333, 0.389), (79.6912, 6.666666666666668e-05, 0.001), (459.97486666666657, 0.0, 0.0), 0, 0, 0, 0, (461.373, 0.0016666666666666668, 0.0013333333333333333), (128.6252, 0.0032, 0.0014), (109.0518, 0.5368666666666667, 0.4758666666666667), (553.6476, 0.0017333333333333335, 0.0015333333333333334), (288.00833333333327, 0.0011333333333333332, 0.0014), (264.24086666666665, 0.7731333333333333, 0.0056), (178.9568, 0.0019333333333333331, 0.0014666666666666665), (120.23626666666664, 0.0, 0.001066666666666667), (128.62506666666664, 0.00046666666666666666, 0.0014), (39.146666666666654, 0.29753333333333337, 0.0019333333333333331)]","[0, 0, 0, 0, 0, 0, 0, 0, 0, 0, 0, 0, 0, 0, 0, 0, 0, 0, 0, 0, 0, 0, 0, 0, 0, 0, 0, 0, 0, 0, 0, 0, 0, 0, 0, 0, 0, 0, 0, 0, 0, 0, 0, 0, 0, 0, 0, 0, 0, 0, 0, 0, 0, 0, 0, 0, 0, 0, 0, 0, 0, 0, 0, 0, 0, 0, 0, 0, 0, 0, 0, 0, 0, 0, 0, 0, 0, 0, 0, 0, 0, 0, 0, 0, 0, 0, 0, 0, 0, 0, 0, 0, 0, 0, 0, 0, 0, 0, 0, 0, 0, 0, 0, 0, 0, 0, 0, 0, 0, 0, 0, 0, 0, 0, 0, 0, 0, 0, 0, 0, 0, 0, 0, 0, 0, 0, 0, 0, 0, 0, 0, 0, 0, (2, 0.0, 0.0), 0, 0, 0, 0, 0, 0, 0, (3, 0.00031666666666666665, 0.026144444444444446), 0, 0, 0, (2, 0.0, 0.0), 0, 0, 0, (3, 0.0, 0.019427777777777776), (2, 1.666666666666667e-05, 0.0004111111111111111), (3, 0.0192, 0.013244444444444444), 0, 0, 0, 0, (2, 0.0, 0.01923888888888889), (3, 0.0, 0.0005555555555555557), (1, 0.0, 0.0017166666666666667), (2, 0.0, 0.0005222222222222223), (2, 0.00026666666666666673, 0.002455555555555556), (3, 0.0, 0.0006277777777777777), (1, 0.36411666666666676, 0.01315), (2, 1.666666666666667e-05, 0.0006111111111111112), (2, 0.0705, 0.025599999999999998), (1, 0.003, 0.06097777777777777)]","[-1, -1, -1, -1, -1, -1, -1, -1, -1, -1, -1, -1, -1, -1, -1, -1, -1, -1, -1, -1, -1, -1, -1, -1, -1, -1, -1, -1, -1, -1, -1, -1, -1, -1, -1, -1, -1, -1, -1, -1, -1, -1, -1, -1, -1, -1, -1, -1, -1, -1, -1, -1, -1, -1, -1, -1, -1, -1, -1, -1, -1, -1, -1, -1, -1, -1, -1, -1, -1, -1, -1, -1, -1, -1, -1, -1, -1, -1, -1, -1, -1, -1, -1, -1, -1, -1, -1, -1, -1, -1, -1, -1, -1, -1, -1, -1, -1, -1, -1, -1, -1, -1, -1, -1, -1, -1, -1, -1, -1, -1, -1, -1, -1, -1, -1, -1, -1, -1, -1, -1, -1, -1, -1, -1, -1, -1, -1, -1, -1, -1, -1, -1, -1, 13, -1, -1, -1, -1, -1, -1, -1, 11, -1, -1, -1, 10, -1, -1, -1, 15, 3, 4, -1, -1, -1, -1, 8, 5, 2, 11, 6, 9, 4, 0, 3, 15]","[False, False, False, False, False, False, False, False, False, False, False, False, False, False, False, False, False, False, False, False, False, False, False, False, False, False, False, False, False, False, False, False, False, False, False, False, False, False, False, False, False, False, False, False, False, False, False, False, False, False, False, False, False, False, False, False, False, False, False, False, False, False, False, False, False, False, False, False, False, False, False, False, False, False, False, False, False, False, False, False, False, False, False, False, False, False, False, False, False, False, False, False, False, False, False, False, False, False, False, False, False, False, False, False, False, False, False, False, False, False, False, False, False, False, False, False, False, False, False, False, False, False, False, False, False, False, False, False, False, False, False, False, False, True, False, False, False, False, False, False, False, True, False, False, False, True, False, False, False, True, True, True, False, False, False, False, True, True, True, True, True, True, True, True, True, True]"
98,"[0, 0, 0, 0, 0, 0, 0, 0, 0, 0, 0, 0, 0, 0, 0, 0, 0, 0, 0, 0, 0, 0, 0, 0, 0, 0, 0, 0, 0, 0, 0, 0, 0, 0, 0, 0, 0, 0, 0, 0, 0, 0, 0, 0, 0, 0, 0, 0, 0, 0, 0, 0, 0, 0, 0, 0, 0, 0, 0, 0, 0, 0, 0, 0, 0, 0, 0, 0, 0, 0, 0, 0, 0, 0, 0, 0, 0, 0, 0, 0, 0, 0, 0, 0, 0, 0, 0, 0, 0, 0, 0, 0, 0, 0, 0, 0, 0, 0, 0, 0, 0, 0, 0, 0, 0, 0, 0, 0, 0, 0, 0, 0, 0, 0, 0, 0, 0, 0, 0, 0, 0, 0, 0, 0, 0, 0, 0, 0, 0, 0, 0, 0, 0, 0, 0, 0, 0, 0, 0, 0, 0, 2664.4346859663865, 0, 0, 0, 2938.223603388089, 0, 0, 0, 1168.611651651889, 0, 1269.8284205130622, 0, 0, 0, 0, 0, 1078.4617245810634, 925.6689723222934, 1121.8672446314667, 590.4107639942779, 623.0466446204, 657.7614400862267, 809.96046043822, 845.5631180399, 1385.7651479872202, 1147.5012037613078]","[0, 0, 0, 0, 0, 0, 1, 2, 2, 2, 3, 3, 3, 3, 3, 4, 4, 4, 4, 4, 4, 4, 4, 5, 5, 5, 5, 5, 5, 6, 6, 6, 6, 6, 6, 6, 7, 7, 7, 7, 7, 8, 8, 8, 8, 8, 8, 9, 9, 9, 9, 9, 10, 10, 10, 11, 12, 12, 12, 12, 13, 13, 13, 14, 14, 14, 14, 14, 15, 15, 16, 16, 16, 16, 16, 16, 16, 17, 17, 17, 17, 17, 17, 17, 18, 18, 18, 19, 19, 19, 19, 20, 20, 20, 20, 21, 21, 21, 21, 21, 21, 22, 22, 22, 22, 23, 23, 23, 23, 24, 24, 24, 24, 25, 25, 25, 25, 25, 26, 26, 26, 26, 27, 27, 27, 27, 28, 28, 28, 28, 28, 28, 28, 29, 29, 29, 29, 30, 30, 30, 30, 30, 30, 31, 31, 31, 31, 32, 32, 32, 32, 32, 33, 33, 33, 33, 33, 34, 34, 34, 34, 34, 35, 35, 36, 36, 37]","[1, 1, 1, 1, 1, 1, 2, 3, 3, 3, 4, 4, 4, 4, 5, 6, 5, 5, 5, 8, 8, 9, 9, 11, 14, 12, 17, 15, 17, 17, 19, 17, 18, 18, 19, 19, 22, 26, 25, 24, 26, 28, 26, 27, 27, 27, 28, 29, 31, 32, 31, 32, 33, 35, 35, 35, 36, 36, 37, 39, 41, 40, 42, 43, 43, 44, 45, 45, 45, 45, 46, 47, 47, 50, 49, 49, 49, 50, 52, 52, 54, 54, 54, 56, 56, 56, 57, 57, 57, 59, 58, 58, 59, 59, 59, 60, 61, 62, 63, 64, 64, 64, 65, 66, 66, 68, 68, 68, 69, 69, 69, 69, 71, 70, 71, 70, 71, 72, 72, 73, 73, 74, 75, 75, 75, 78, 77, 77, 78, 79, 80, 80, 81, 82, 82, 82, 83, 83, 84, 84, 85, 86, 86, 86, 87, 88, 87, 88, 88, 88, 90, 89, 90, 89, 90, 91, 92, 94, 94, 96, 95, 96, 97, 96, 97, 97, 98]","[5, 5, 3, 19, 26, 8, 16, 9, 9, 27, 23, 18, 12, 8, 20, 17, 12, 11, 14, 17, 24, 16, 15, 19, 30, 35, 36, 17, 32, 31, 29, 24, 25, 27, 26, 27, 30, 45, 40, 27, 36, 44, 39, 35, 33, 34, 45, 37, 43, 42, 40, 45, 56, 43, 49, 49, 48, 46, 45, 47, 52, 47, 49, 57, 53, 51, 57, 50, 57, 69, 58, 54, 59, 68, 54, 56, 59, 56, 58, 63, 64, 58, 60, 66, 62, 59, 64, 64, 61, 69, 69, 66, 70, 65, 69, 68, 75, 72, 78, 68, 70, 71, 72, 82, 77, 70, 81, 76, 79, 80, 70, 72, 73, 74, 90, 75, 75, 82, 77, 85, 80, 83, 89, 86, 87, 91, 82, 84, 86, 83, 84, 89, 86, 98, 87, 88, 88, 89, 92, 88, 89, -1, 95, 87, 97, -1, 97, 96, 94, -1, 98, -1, 96, 94, 95, 96, -1, -1, -1, -1, -1, -1, -1, -1, -1, -1, -1]","[0, 0, 0, 0, 0, 0, 0, 0, 0, 0, 0, 0, 0, 0, 0, 0, 0, 0, 0, 0, 0, 0, 0, 0, 0, 0, 0, 0, 0, 0, 0, 0, 0, 0, 0, 0, 0, 0, 0, 0, 0, 0, 0, 0, 0, 0, 0, 0, 0, 0, 0, 0, 0, 0, 0, 0, 0, 0, 0, 0, 0, 0, 0, 0, 0, 0, 0, 0, 0, 0, 0, 0, 0, 0, 0, 0, 0, 0, 0, 0, 0, 0, 0, 0, 0, 0, 0, 0, 0, 0, 0, 0, 0, 0, 0, 0, 0, 0, 0, 0, 0, 0, 0, 0, 0, 0, 0, 0, 0, 0, 0, 0, 0, 0, 0, 0, 0, 0, 0, 0, 0, 0, 0, 0, 0, 0, 0, 0, 0, 0, 0, 0, 0, 0, 0, 0, 0, 0, 0, 0, 0, 2807.4864806926616, 0, 0, 0, 4029.0, 0, 0, 0, 4029.0, 0, 2320.5334902134177, 0, 0, 0, 0, 4029.0, 1221.5135193073386, 1903.5838842804928, 4029.0, 4029.0, 4029.0, 1708.4665097865823, 1726.5976562254998, 4029.0, 2302.4023437745, 2125.416115719507]","[0, 0, 0, 0, 0, 0, 0, 0, 0, 0, 0, 0, 0, 0, 0, 0, 0, 0, 0, 0, 0, 0, 0, 0, 0, 0, 0, 0, 0, 0, 0, 0, 0, 0, 0, 0, 0, 0, 0, 0, 0, 0, 0, 0, 0, 0, 0, 0, 0, 0, 0, 0, 0, 0, 0, 0, 0, 0, 0, 0, 0, 0, 0, 0, 0, 0, 0, 0, 0, 0, 0, 0, 0, 0, 0, 0, 0, 0, 0, 0, 0, 0, 0, 0, 0, 0, 0, 0, 0, 0, 0, 0, 0, 0, 0, 0, 0, 0, 0, 0, 0, 0, 0, 0, 0, 0, 0, 0, 0, 0, 0, 0, 0, 0, 0, 0, 0, 0, 0, 0, 0, 0, 0, 0, 0, 0, 0, 0, 0, 0, 0, 0, 0, 0, 0, 0, 0, 0, 0, 0, 0, (369.09826666666675, 0.0032, 0.0020666666666666667), 0, 0, 0, (0.0, 0.0, 0.0), 0, 0, 0, (637.534, 0.09033333333333332, 0.3533333333333333), 0, (363.5057333333333, 0.0, 0.0), 0, 0, 0, 0, (450.1881333333334, 0.0015333333333333334, 0.0012), (134.2176, 0.0033333333333333335, 0.0014), (95.0708, 0.5381333333333334, 0.44586666666666674), (461.3726, 0.008400000000000001, 0.008866666666666667), (311.7758666666666, 0.0011333333333333332, 0.0015333333333333334), (260.0463333333334, 0.6686, 0.004866666666666666), (192.93779999999998, 0.003933333333333333, 0.0014666666666666665), (72.7008, 6.666666666666668e-05, 0.0015333333333333334), (120.23626666666664, 0.0, 0.001066666666666667), (65.71033333333331, 0.2166, 0.004533333333333333), (386.924, 1.3948666666666665, 0.0056)]","[0, 0, 0, 0, 0, 0, 0, 0, 0, 0, 0, 0, 0, 0, 0, 0, 0, 0, 0, 0, 0, 0, 0, 0, 0, 0, 0, 0, 0, 0, 0, 0, 0, 0, 0, 0, 0, 0, 0, 0, 0, 0, 0, 0, 0, 0, 0, 0, 0, 0, 0, 0, 0, 0, 0, 0, 0, 0, 0, 0, 0, 0, 0, 0, 0, 0, 0, 0, 0, 0, 0, 0, 0, 0, 0, 0, 0, 0, 0, 0, 0, 0, 0, 0, 0, 0, 0, 0, 0, 0, 0, 0, 0, 0, 0, 0, 0, 0, 0, 0, 0, 0, 0, 0, 0, 0, 0, 0, 0, 0, 0, 0, 0, 0, 0, 0, 0, 0, 0, 0, 0, 0, 0, 0, 0, 0, 0, 0, 0, 0, 0, 0, 0, 0, 0, 0, 0, 0, 0, 0, 0, (3, 0.2675166666666666, 0.1220111111111111), 0, 0, 0, (2, 0.0, 0.0), 0, 0, 0, (3, 0.0, 0.015172222222222219), 0, (3, 0.10526666666666666, 0.011727777777777776), 0, 0, 0, 0, (2, 0.0, 0.0005), (3, 0.0, 0.0007111111111111111), (1, 0.0, 0.0017277777777777773), (2, 0.0, 0.0004944444444444445), (2, 0.0, 0.002388888888888889), (3, 0.0, 0.0004277777777777778), (1, 0.26766666666666666, 0.015294444444444444), (2, 0.0, 0.0005666666666666668), (2, 1.666666666666667e-05, 0.0006111111111111112), (1, 0.0002833333333333333, 0.09404444444444444), (1, 0.0, 0.009683333333333334)]","[-1, -1, -1, -1, -1, -1, -1, -1, -1, -1, -1, -1, -1, -1, -1, -1, -1, -1, -1, -1, -1, -1, -1, -1, -1, -1, -1, -1, -1, -1, -1, -1, -1, -1, -1, -1, -1, -1, -1, -1, -1, -1, -1, -1, -1, -1, -1, -1, -1, -1, -1, -1, -1, -1, -1, -1, -1, -1, -1, -1, -1, -1, -1, -1, -1, -1, -1, -1, -1, -1, -1, -1, -1, -1, -1, -1, -1, -1, -1, -1, -1, -1, -1, -1, -1, -1, -1, -1, -1, -1, -1, -1, -1, -1, -1, -1, -1, -1, -1, -1, -1, -1, -1, -1, -1, -1, -1, -1, -1, -1, -1, -1, -1, -1, -1, -1, -1, -1, -1, -1, -1, -1, -1, -1, -1, -1, -1, -1, -1, -1, -1, -1, -1, -1, -1, -1, -1, -1, -1, -1, -1, 14, -1, -1, -1, 13, -1, -1, -1, 15, -1, 4, -1, -1, -1, -1, 7, 14, 2, 11, 1, 12, 4, 0, 3, 0, 2]","[False, False, False, False, False, False, False, False, False, False, False, False, False, False, False, False, False, False, False, False, False, False, False, False, False, False, False, False, False, False, False, False, False, False, False, False, False, False, False, False, False, False, False, False, False, False, False, False, False, False, False, False, False, False, False, False, False, False, False, False, False, False, False, False, False, False, False, False, False, False, False, False, False, False, False, False, False, False, False, False, False, False, False, False, False, False, False, False, False, False, False, False, False, False, False, False, False, False, False, False, False, False, False, False, False, False, False, False, False, False, False, False, False, False, False, False, False, False, False, False, False, False, False, False, False, False, False, False, False, False, False, False, False, False, False, False, False, False, False, False, False, True, False, False, False, True, False, False, False, True, False, True, False, False, False, False, True, True, True, True, True, True, True, True, True, True, True]"
99,"[0, 0, 0, 0, 0, 0, 0, 0, 0, 0, 0, 0, 0, 0, 0, 0, 0, 0, 0, 0, 0, 0, 0, 0, 0, 0, 0, 0, 0, 0, 0, 0, 0, 0, 0, 0, 0, 0, 0, 0, 0, 0, 0, 0, 0, 0, 0, 0, 0, 0, 0, 0, 0, 0, 0, 0, 0, 0, 0, 0, 0, 0, 0, 0, 0, 0, 0, 0, 0, 0, 0, 0, 0, 0, 0, 0, 0, 0, 0, 0, 0, 0, 0, 0, 0, 0, 0, 0, 0, 0, 0, 0, 0, 0, 0, 0, 0, 0, 0, 0, 0, 0, 0, 0, 0, 0, 0, 0, 0, 0, 0, 0, 0, 0, 0, 0, 0, 0, 0, 0, 0, 0, 0, 0, 0, 0, 0, 0, 0, 0, 0, 0, 0, 0, 0, 0, 0, 0, 0, 0, 0, 2310.5122840711024, 0, 0, 0, 2958.2569461384624, 0, 0, 0, 1278.7950359504955, 0, 0, 0, 0, 0, 0, 0, 1058.4283798520034, 934.5696355177, 1035.0560887968888, 534.03988703, 620.0797558364931, 711.18368902724, 1317.2983312621604, 809.96046043822, 1569.2557901120101, 925.6692288098378, 884.1326637750533]","[0, 0, 0, 0, 0, 0, 1, 2, 2, 2, 3, 3, 3, 3, 3, 4, 4, 4, 4, 4, 4, 4, 4, 5, 5, 5, 5, 5, 5, 6, 6, 6, 6, 6, 6, 6, 7, 7, 7, 7, 7, 8, 8, 8, 8, 8, 8, 9, 9, 9, 9, 9, 10, 10, 10, 11, 12, 12, 12, 12, 13, 13, 13, 14, 14, 14, 14, 14, 15, 15, 16, 16, 16, 16, 16, 16, 16, 17, 17, 17, 17, 17, 17, 17, 18, 18, 18, 19, 19, 19, 19, 20, 20, 20, 20, 21, 21, 21, 21, 21, 21, 22, 22, 22, 22, 23, 23, 23, 23, 24, 24, 24, 24, 25, 25, 25, 25, 25, 26, 26, 26, 26, 27, 27, 27, 27, 28, 28, 28, 28, 28, 28, 28, 29, 29, 29, 29, 30, 30, 30, 30, 30, 30, 31, 31, 31, 31, 32, 32, 32, 32, 32, 33, 33, 33, 33, 33, 34, 34, 34, 34, 34, 35, 35, 36, 36, 37, 37]","[1, 1, 1, 1, 1, 1, 2, 3, 3, 3, 4, 4, 4, 4, 5, 6, 5, 5, 5, 8, 8, 9, 9, 11, 14, 12, 17, 15, 17, 17, 19, 17, 18, 18, 19, 19, 22, 26, 25, 24, 26, 28, 26, 27, 27, 27, 28, 29, 31, 32, 31, 32, 33, 35, 35, 35, 36, 36, 37, 39, 41, 40, 42, 43, 43, 44, 45, 45, 45, 45, 46, 47, 47, 50, 49, 49, 49, 50, 52, 52, 54, 54, 54, 56, 56, 56, 57, 57, 57, 59, 58, 58, 59, 59, 59, 60, 61, 62, 63, 64, 64, 64, 65, 66, 66, 68, 68, 68, 69, 69, 69, 69, 71, 70, 71, 70, 71, 72, 72, 73, 73, 74, 75, 75, 75, 78, 77, 77, 78, 79, 80, 80, 81, 82, 82, 82, 83, 83, 84, 84, 85, 86, 86, 86, 87, 88, 87, 88, 88, 88, 90, 89, 90, 89, 90, 91, 92, 94, 94, 96, 95, 96, 97, 96, 97, 97, 98, 99]","[5, 5, 3, 19, 26, 8, 16, 9, 9, 27, 23, 18, 12, 8, 20, 17, 12, 11, 14, 17, 24, 16, 15, 19, 30, 35, 36, 17, 32, 31, 29, 24, 25, 27, 26, 27, 30, 45, 40, 27, 36, 44, 39, 35, 33, 34, 45, 37, 43, 42, 40, 45, 56, 43, 49, 49, 48, 46, 45, 47, 52, 47, 49, 57, 53, 51, 57, 50, 57, 69, 58, 54, 59, 68, 54, 56, 59, 56, 58, 63, 64, 58, 60, 66, 62, 59, 64, 64, 61, 69, 69, 66, 70, 65, 69, 68, 75, 72, 78, 68, 70, 71, 72, 82, 77, 70, 81, 76, 79, 80, 70, 72, 73, 74, 90, 75, 75, 82, 77, 85, 80, 83, 89, 86, 87, 91, 82, 84, 86, 83, 84, 89, 86, 98, 87, 88, 88, 89, 92, 88, 89, -1, 95, 87, 97, -1, 97, 96, 94, -1, 98, -1, 96, 94, 95, 96, 99, -1, -1, -1, -1, -1, -1, -1, -1, -1, -1, -1]","[0, 0, 0, 0, 0, 0, 0, 0, 0, 0, 0, 0, 0, 0, 0, 0, 0, 0, 0, 0, 0, 0, 0, 0, 0, 0, 0, 0, 0, 0, 0, 0, 0, 0, 0, 0, 0, 0, 0, 0, 0, 0, 0, 0, 0, 0, 0, 0, 0, 0, 0, 0, 0, 0, 0, 0, 0, 0, 0, 0, 0, 0, 0, 0, 0, 0, 0, 0, 0, 0, 0, 0, 0, 0, 0, 0, 0, 0, 0, 0, 0, 0, 0, 0, 0, 0, 0, 0, 0, 0, 0, 0, 0, 0, 0, 0, 0, 0, 0, 0, 0, 0, 0, 0, 0, 0, 0, 0, 0, 0, 0, 0, 0, 0, 0, 0, 0, 0, 0, 0, 0, 0, 0, 0, 0, 0, 0, 0, 0, 0, 0, 0, 0, 0, 0, 0, 0, 0, 0, 0, 0, 2702.471324276701, 0, 0, 0, 4029.0, 0, 0, 0, 2191.0629035703287, 0, 4029.0, 0, 0, 0, 0, 0, 2276.6942464110016, 1326.5286757232989, 4029.0, 1752.3057535889984, 4029.0, 1928.0255126260934, 4029.0, 4029.0, 4029.0, 1837.9370964296713, 2100.9744873739064]","[0, 0, 0, 0, 0, 0, 0, 0, 0, 0, 0, 0, 0, 0, 0, 0, 0, 0, 0, 0, 0, 0, 0, 0, 0, 0, 0, 0, 0, 0, 0, 0, 0, 0, 0, 0, 0, 0, 0, 0, 0, 0, 0, 0, 0, 0, 0, 0, 0, 0, 0, 0, 0, 0, 0, 0, 0, 0, 0, 0, 0, 0, 0, 0, 0, 0, 0, 0, 0, 0, 0, 0, 0, 0, 0, 0, 0, 0, 0, 0, 0, 0, 0, 0, 0, 0, 0, 0, 0, 0, 0, 0, 0, 0, 0, 0, 0, 0, 0, 0, 0, 0, 0, 0, 0, 0, 0, 0, 0, 0, 0, 0, 0, 0, 0, 0, 0, 0, 0, 0, 0, 0, 0, 0, 0, 0, 0, 0, 0, 0, 0, 0, 0, 0, 0, 0, 0, 0, 0, 0, 0, (364.904, 0.0027333333333333333, 0.0014666666666666665), 0, 0, 0, (0.0, 0.0, 0.0), 0, 0, 0, (700.4484666666667, 0.08206666666666666, 0.43860000000000005), 0, (380.283, 0.0, 0.0), 0, 0, 0, 0, 0, (268.4352, 0.0032666666666666664, 0.0013333333333333333), (92.2746, 0.5394, 0.44333333333333325), (448.7898, 0.009933333333333334, 0.0104), (325.75713333333334, 0.0011333333333333332, 0.0014666666666666665), (222.2978, 0.6696, 0.0051333333333333335), (134.2176, 0.002, 0.0014), (75.49706666666667, 0.0, 0.001066666666666667), (72.7008, 6.666666666666668e-05, 0.0015333333333333334), (40.54486666666667, 0.21746666666666667, 0.0017333333333333335), (349.1754, 0.6480666666666667, 0.003466666666666667), (128.62506666666664, 0.00046666666666666666, 0.0014)]","[0, 0, 0, 0, 0, 0, 0, 0, 0, 0, 0, 0, 0, 0, 0, 0, 0, 0, 0, 0, 0, 0, 0, 0, 0, 0, 0, 0, 0, 0, 0, 0, 0, 0, 0, 0, 0, 0, 0, 0, 0, 0, 0, 0, 0, 0, 0, 0, 0, 0, 0, 0, 0, 0, 0, 0, 0, 0, 0, 0, 0, 0, 0, 0, 0, 0, 0, 0, 0, 0, 0, 0, 0, 0, 0, 0, 0, 0, 0, 0, 0, 0, 0, 0, 0, 0, 0, 0, 0, 0, 0, 0, 0, 0, 0, 0, 0, 0, 0, 0, 0, 0, 0, 0, 0, 0, 0, 0, 0, 0, 0, 0, 0, 0, 0, 0, 0, 0, 0, 0, 0, 0, 0, 0, 0, 0, 0, 0, 0, 0, 0, 0, 0, 0, 0, 0, 0, 0, 0, 0, 0, (3, 0.0012833333333333332, 0.025400000000000002), 0, 0, 0, (2, 0.0, 0.0), 0, 0, 0, (3, 0.0, 0.019766666666666665), 0, (3, 0.006966666666666668, 0.010794444444444445), 0, 0, 0, 0, 0, (3, 0.0, 0.00065), (1, 0.0, 0.0022722222222222224), (2, 0.0, 0.0004944444444444445), (2, 0.0006666666666666666, 0.0023944444444444447), (3, 0.0, 0.0005), (1, 0.2701, 0.013050000000000004), (2, 1.666666666666667e-05, 0.0007), (2, 0.0, 0.0005666666666666668), (1, 0.0, 0.05373333333333333), (1, 0.0, 0.00023333333333333333), (2, 0.0705, 0.025599999999999998)]","[-1, -1, -1, -1, -1, -1, -1, -1, -1, -1, -1, -1, -1, -1, -1, -1, -1, -1, -1, -1, -1, -1, -1, -1, -1, -1, -1, -1, -1, -1, -1, -1, -1, -1, -1, -1, -1, -1, -1, -1, -1, -1, -1, -1, -1, -1, -1, -1, -1, -1, -1, -1, -1, -1, -1, -1, -1, -1, -1, -1, -1, -1, -1, -1, -1, -1, -1, -1, -1, -1, -1, -1, -1, -1, -1, -1, -1, -1, -1, -1, -1, -1, -1, -1, -1, -1, -1, -1, -1, -1, -1, -1, -1, -1, -1, -1, -1, -1, -1, -1, -1, -1, -1, -1, -1, -1, -1, -1, -1, -1, -1, -1, -1, -1, -1, -1, -1, -1, -1, -1, -1, -1, -1, -1, -1, -1, -1, -1, -1, -1, -1, -1, -1, -1, -1, -1, -1, -1, -1, -1, -1, 6, -1, -1, -1, 13, -1, -1, -1, 2, -1, 4, -1, -1, -1, -1, -1, 1, 6, 9, 1, 10, 8, 0, 7, 5, 2, 8]","[False, False, False, False, False, False, False, False, False, False, False, False, False, False, False, False, False, False, False, False, False, False, False, False, False, False, False, False, False, False, False, False, False, False, False, False, False, False, False, False, False, False, False, False, False, False, False, False, False, False, False, False, False, False, False, False, False, False, False, False, False, False, False, False, False, False, False, False, False, False, False, False, False, False, False, False, False, False, False, False, False, False, False, False, False, False, False, False, False, False, False, False, False, False, False, False, False, False, False, False, False, False, False, False, False, False, False, False, False, False, False, False, False, False, False, False, False, False, False, False, False, False, False, False, False, False, False, False, False, False, False, False, False, False, False, False, False, False, False, False, False, True, False, False, False, True, False, False, False, True, False, True, False, False, False, False, False, True, True, True, True, True, True, True, True, True, True, True]"
100,"[0, 0, 0, 0, 0, 0, 0, 0, 0, 0, 0, 0, 0, 0, 0, 0, 0, 0, 0, 0, 0, 0, 0, 0, 0, 0, 0, 0, 0, 0, 0, 0, 0, 0, 0, 0, 0, 0, 0, 0, 0, 0, 0, 0, 0, 0, 0, 0, 0, 0, 0, 0, 0, 0, 0, 0, 0, 0, 0, 0, 0, 0, 0, 0, 0, 0, 0, 0, 0, 0, 0, 0, 0, 0, 0, 0, 0, 0, 0, 0, 0, 0, 0, 0, 0, 0, 0, 0, 0, 0, 0, 0, 0, 0, 0, 0, 0, 0, 0, 0, 0, 0, 0, 0, 0, 0, 0, 0, 0, 0, 0, 0, 0, 0, 0, 0, 0, 0, 0, 0, 0, 0, 0, 0, 0, 0, 0, 0, 0, 0, 0, 0, 0, 0, 0, 0, 0, 0, 0, 0, 0, 2560.9290778649356, 0, 0, 0, 3018.356974389583, 0, 0, 0, 1539.228489747202, 0, 0, 0, 0, 0, 0, 0, 1075.1228337928867, 1284.662387870362, 1051.750541842, 0, 0, 647.7447684097866, 1459.7089616688797, 1317.2983312621604, 1517.22113040498, 3815.4812123039737, 1237.8771935563511, 845.5631180399, 1235.3895160495777]","[0, 0, 0, 0, 0, 0, 1, 2, 2, 2, 3, 3, 3, 3, 3, 4, 4, 4, 4, 4, 4, 4, 4, 5, 5, 5, 5, 5, 5, 6, 6, 6, 6, 6, 6, 6, 7, 7, 7, 7, 7, 8, 8, 8, 8, 8, 8, 9, 9, 9, 9, 9, 10, 10, 10, 11, 12, 12, 12, 12, 13, 13, 13, 14, 14, 14, 14, 14, 15, 15, 16, 16, 16, 16, 16, 16, 16, 17, 17, 17, 17, 17, 17, 17, 18, 18, 18, 19, 19, 19, 19, 20, 20, 20, 20, 21, 21, 21, 21, 21, 21, 22, 22, 22, 22, 23, 23, 23, 23, 24, 24, 24, 24, 25, 25, 25, 25, 25, 26, 26, 26, 26, 27, 27, 27, 27, 28, 28, 28, 28, 28, 28, 28, 29, 29, 29, 29, 30, 30, 30, 30, 30, 30, 31, 31, 31, 31, 32, 32, 32, 32, 32, 33, 33, 33, 33, 33, 34, 34, 34, 34, 34, 35, 35, 36, 36, 37, 37, 37, 38]","[1, 1, 1, 1, 1, 1, 2, 3, 3, 3, 4, 4, 4, 4, 5, 6, 5, 5, 5, 8, 8, 9, 9, 11, 14, 12, 17, 15, 17, 17, 19, 17, 18, 18, 19, 19, 22, 26, 25, 24, 26, 28, 26, 27, 27, 27, 28, 29, 31, 32, 31, 32, 33, 35, 35, 35, 36, 36, 37, 39, 41, 40, 42, 43, 43, 44, 45, 45, 45, 45, 46, 47, 47, 50, 49, 49, 49, 50, 52, 52, 54, 54, 54, 56, 56, 56, 57, 57, 57, 59, 58, 58, 59, 59, 59, 60, 61, 62, 63, 64, 64, 64, 65, 66, 66, 68, 68, 68, 69, 69, 69, 69, 71, 70, 71, 70, 71, 72, 72, 73, 73, 74, 75, 75, 75, 78, 77, 77, 78, 79, 80, 80, 81, 82, 82, 82, 83, 83, 84, 84, 85, 86, 86, 86, 87, 88, 87, 88, 88, 88, 90, 89, 90, 89, 90, 91, 92, 94, 94, 96, 95, 96, 97, 96, 97, 97, 100, 98, 99, 100]","[5, 5, 3, 19, 26, 8, 16, 9, 9, 27, 23, 18, 12, 8, 20, 17, 12, 11, 14, 17, 24, 16, 15, 19, 30, 35, 36, 17, 32, 31, 29, 24, 25, 27, 26, 27, 30, 45, 40, 27, 36, 44, 39, 35, 33, 34, 45, 37, 43, 42, 40, 45, 56, 43, 49, 49, 48, 46, 45, 47, 52, 47, 49, 57, 53, 51, 57, 50, 57, 69, 58, 54, 59, 68, 54, 56, 59, 56, 58, 63, 64, 58, 60, 66, 62, 59, 64, 64, 61, 69, 69, 66, 70, 65, 69, 68, 75, 72, 78, 68, 70, 71, 72, 82, 77, 70, 81, 76, 79, 80, 70, 72, 73, 74, 90, 75, 75, 82, 77, 85, 80, 83, 89, 86, 87, 91, 82, 84, 86, 83, 84, 89, 86, 98, 87, 88, 88, 89, 92, 88, 89, -1, 95, 87, 97, -1, 97, 96, 94, -1, 98, 100, 96, 94, 95, 96, 99, -1, -1, -1, -1, -1, -1, -1, -1, -1, -1, -1, -1, -1]","[0, 0, 0, 0, 0, 0, 0, 0, 0, 0, 0, 0, 0, 0, 0, 0, 0, 0, 0, 0, 0, 0, 0, 0, 0, 0, 0, 0, 0, 0, 0, 0, 0, 0, 0, 0, 0, 0, 0, 0, 0, 0, 0, 0, 0, 0, 0, 0, 0, 0, 0, 0, 0, 0, 0, 0, 0, 0, 0, 0, 0, 0, 0, 0, 0, 0, 0, 0, 0, 0, 0, 0, 0, 0, 0, 0, 0, 0, 0, 0, 0, 0, 0, 0, 0, 0, 0, 0, 0, 0, 0, 0, 0, 0, 0, 0, 0, 0, 0, 0, 0, 0, 0, 0, 0, 0, 0, 0, 0, 0, 0, 0, 0, 0, 0, 0, 0, 0, 0, 0, 0, 0, 0, 0, 0, 0, 0, 0, 0, 0, 0, 0, 0, 0, 0, 0, 0, 0, 0, 0, 0, 2652.6333449972867, 0, 0, 0, 4029.0, 0, 0, 0, 4029.0, 0, 0, 0, 0, 0, 0, 0, 1934.3666588716544, 1376.366655002713, 4029.0, 4029.0, 1355.8508343689198, 4029.0, 4029.0, 2673.14916563108, 4029.0, 4029.0, 4029.0, 4029.0, 2094.6333411283454]","[0, 0, 0, 0, 0, 0, 0, 0, 0, 0, 0, 0, 0, 0, 0, 0, 0, 0, 0, 0, 0, 0, 0, 0, 0, 0, 0, 0, 0, 0, 0, 0, 0, 0, 0, 0, 0, 0, 0, 0, 0, 0, 0, 0, 0, 0, 0, 0, 0, 0, 0, 0, 0, 0, 0, 0, 0, 0, 0, 0, 0, 0, 0, 0, 0, 0, 0, 0, 0, 0, 0, 0, 0, 0, 0, 0, 0, 0, 0, 0, 0, 0, 0, 0, 0, 0, 0, 0, 0, 0, 0, 0, 0, 0, 0, 0, 0, 0, 0, 0, 0, 0, 0, 0, 0, 0, 0, 0, 0, 0, 0, 0, 0, 0, 0, 0, 0, 0, 0, 0, 0, 0, 0, 0, 0, 0, 0, 0, 0, 0, 0, 0, 0, 0, 0, 0, 0, 0, 0, 0, 0, (271.9302, 0.0026666666666666666, 0.0020666666666666667), 0, 0, 0, (0.0, 0.0, 0.0), 0, 0, 0, (830.4715333333334, 0.09873333333333333, 0.6516666666666666), 0, 0, 0, 0, 0, 0, 0, (248.8618, 0.0033333333333333335, 0.0014), (226.49220000000003, 0.5299333333333333, 0.43666666666666676), (450.1882666666667, 0.0092, 0.009466666666666667), (304.78553333333326, 0.0011333333333333332, 0.0014666666666666665), (184.54886666666667, 0.6701333333333334, 0.0057333333333333325), (226.49220000000003, 0.0016666666666666668, 0.0014), (114.64386666666668, 0.0, 0.0011333333333333332), (75.49706666666667, 0.0, 0.001066666666666667), (26.56353333333333, 0.21073333333333333, 0.0014), (1426.063, 0.14286666666666667, 0.5943999999999999), (320.86379999999997, 0.6452, 0.0048), (120.23626666666664, 0.0, 0.001066666666666667), (267.736, 0.28726666666666667, 0.0504)]","[0, 0, 0, 0, 0, 0, 0, 0, 0, 0, 0, 0, 0, 0, 0, 0, 0, 0, 0, 0, 0, 0, 0, 0, 0, 0, 0, 0, 0, 0, 0, 0, 0, 0, 0, 0, 0, 0, 0, 0, 0, 0, 0, 0, 0, 0, 0, 0, 0, 0, 0, 0, 0, 0, 0, 0, 0, 0, 0, 0, 0, 0, 0, 0, 0, 0, 0, 0, 0, 0, 0, 0, 0, 0, 0, 0, 0, 0, 0, 0, 0, 0, 0, 0, 0, 0, 0, 0, 0, 0, 0, 0, 0, 0, 0, 0, 0, 0, 0, 0, 0, 0, 0, 0, 0, 0, 0, 0, 0, 0, 0, 0, 0, 0, 0, 0, 0, 0, 0, 0, 0, 0, 0, 0, 0, 0, 0, 0, 0, 0, 0, 0, 0, 0, 0, 0, 0, 0, 0, 0, 0, (3, 0.005633333333333334, 0.03143333333333334), 0, 0, 0, (2, 0.0, 0.0), 0, 0, 0, (3, 0.0, 0.02181111111111111), 0, 0, 0, 0, 0, 0, 0, (3, 0.0, 0.0008222222222222222), (1, 0.0007666666666666667, 0.00215), (2, 0.0, 0.0005166666666666667), (2, 6.666666666666667e-05, 0.0023833333333333337), (3, 0.0, 0.00046111111111111103), (1, 0.27021666666666666, 0.012733333333333334), (2, 0.0, 0.0006555555555555555), (2, 1.666666666666667e-05, 0.0007), (1, 1.666666666666667e-05, 0.05187222222222222), (3, 0.005116666666666666, 0.1869), (1, 0.0, 0.0002222222222222222), (2, 1.666666666666667e-05, 0.0006111111111111112), (1, 0.0, 0.0011611111111111112)]","[-1, -1, -1, -1, -1, -1, -1, -1, -1, -1, -1, -1, -1, -1, -1, -1, -1, -1, -1, -1, -1, -1, -1, -1, -1, -1, -1, -1, -1, -1, -1, -1, -1, -1, -1, -1, -1, -1, -1, -1, -1, -1, -1, -1, -1, -1, -1, -1, -1, -1, -1, -1, -1, -1, -1, -1, -1, -1, -1, -1, -1, -1, -1, -1, -1, -1, -1, -1, -1, -1, -1, -1, -1, -1, -1, -1, -1, -1, -1, -1, -1, -1, -1, -1, -1, -1, -1, -1, -1, -1, -1, -1, -1, -1, -1, -1, -1, -1, -1, -1, -1, -1, -1, -1, -1, -1, -1, -1, -1, -1, -1, -1, -1, -1, -1, -1, -1, -1, -1, -1, -1, -1, -1, -1, -1, -1, -1, -1, -1, -1, -1, -1, -1, -1, -1, -1, -1, -1, -1, -1, -1, 6, -1, -1, -1, 13, -1, -1, -1, 2, -1, -1, -1, -1, -1, -1, -1, 4, 6, 9, 1, 14, 0, 3, 14, 12, 15, 11, 8, 4]","[False, False, False, False, False, False, False, False, False, False, False, False, False, False, False, False, False, False, False, False, False, False, False, False, False, False, False, False, False, False, False, False, False, False, False, False, False, False, False, False, False, False, False, False, False, False, False, False, False, False, False, False, False, False, False, False, False, False, False, False, False, False, False, False, False, False, False, False, False, False, False, False, False, False, False, False, False, False, False, False, False, False, False, False, False, False, False, False, False, False, False, False, False, False, False, False, False, False, False, False, False, False, False, False, False, False, False, False, False, False, False, False, False, False, False, False, False, False, False, False, False, False, False, False, False, False, False, False, False, False, False, False, False, False, False, False, False, False, False, False, False, True, False, False, False, True, False, False, False, True, False, False, False, False, False, False, False, True, True, True, True, True, True, True, True, True, True, True, True, True]"
101,"[0, 0, 0, 0, 0, 0, 0, 0, 0, 0, 0, 0, 0, 0, 0, 0, 0, 0, 0, 0, 0, 0, 0, 0, 0, 0, 0, 0, 0, 0, 0, 0, 0, 0, 0, 0, 0, 0, 0, 0, 0, 0, 0, 0, 0, 0, 0, 0, 0, 0, 0, 0, 0, 0, 0, 0, 0, 0, 0, 0, 0, 0, 0, 0, 0, 0, 0, 0, 0, 0, 0, 0, 0, 0, 0, 0, 0, 0, 0, 0, 0, 0, 0, 0, 0, 0, 0, 0, 0, 0, 0, 0, 0, 0, 0, 0, 0, 0, 0, 0, 0, 0, 0, 0, 0, 0, 0, 0, 0, 0, 0, 0, 0, 0, 0, 0, 0, 0, 0, 0, 0, 0, 0, 0, 0, 0, 0, 0, 0, 0, 0, 0, 0, 0, 0, 0, 0, 0, 0, 0, 0, 0, 0, 0, 0, 3148.573702267009, 0, 0, 0, 0, 0, 0, 0, 0, 0, 0, 0, 1061.76727064018, 931.6027477858978, 1055.0894324510223, 0, 0, 724.5392512624934, 845.5631180399, 1459.7089616688797, 1569.2557901120101, 2446.521763816231, 1317.298517921692, 809.96046043822, 1235.3895160495777, 731.2170323801198, 520.8668579276933]","[0, 0, 0, 0, 0, 0, 1, 2, 2, 2, 3, 3, 3, 3, 3, 4, 4, 4, 4, 4, 4, 4, 4, 5, 5, 5, 5, 5, 5, 6, 6, 6, 6, 6, 6, 6, 7, 7, 7, 7, 7, 8, 8, 8, 8, 8, 8, 9, 9, 9, 9, 9, 10, 10, 10, 11, 12, 12, 12, 12, 13, 13, 13, 14, 14, 14, 14, 14, 15, 15, 16, 16, 16, 16, 16, 16, 16, 17, 17, 17, 17, 17, 17, 17, 18, 18, 18, 19, 19, 19, 19, 20, 20, 20, 20, 21, 21, 21, 21, 21, 21, 22, 22, 22, 22, 23, 23, 23, 23, 24, 24, 24, 24, 25, 25, 25, 25, 25, 26, 26, 26, 26, 27, 27, 27, 27, 28, 28, 28, 28, 28, 28, 28, 29, 29, 29, 29, 30, 30, 30, 30, 30, 30, 31, 31, 31, 31, 32, 32, 32, 32, 32, 33, 33, 33, 33, 33, 34, 34, 34, 34, 34, 35, 35, 36, 36, 37, 37, 37, 38, 38, 38]","[1, 1, 1, 1, 1, 1, 2, 3, 3, 3, 4, 4, 4, 4, 5, 6, 5, 5, 5, 8, 8, 9, 9, 11, 14, 12, 17, 15, 17, 17, 19, 17, 18, 18, 19, 19, 22, 26, 25, 24, 26, 28, 26, 27, 27, 27, 28, 29, 31, 32, 31, 32, 33, 35, 35, 35, 36, 36, 37, 39, 41, 40, 42, 43, 43, 44, 45, 45, 45, 45, 46, 47, 47, 50, 49, 49, 49, 50, 52, 52, 54, 54, 54, 56, 56, 56, 57, 57, 57, 59, 58, 58, 59, 59, 59, 60, 61, 62, 63, 64, 64, 64, 65, 66, 66, 68, 68, 68, 69, 69, 69, 69, 71, 70, 71, 70, 71, 72, 72, 73, 73, 74, 75, 75, 75, 78, 77, 77, 78, 79, 80, 80, 81, 82, 82, 82, 83, 83, 84, 84, 85, 86, 86, 86, 87, 88, 87, 88, 88, 88, 90, 89, 90, 89, 90, 91, 92, 94, 94, 96, 95, 96, 97, 96, 97, 97, 100, 98, 99, 100, 101, 101]","[5, 5, 3, 19, 26, 8, 16, 9, 9, 27, 23, 18, 12, 8, 20, 17, 12, 11, 14, 17, 24, 16, 15, 19, 30, 35, 36, 17, 32, 31, 29, 24, 25, 27, 26, 27, 30, 45, 40, 27, 36, 44, 39, 35, 33, 34, 45, 37, 43, 42, 40, 45, 56, 43, 49, 49, 48, 46, 45, 47, 52, 47, 49, 57, 53, 51, 57, 50, 57, 69, 58, 54, 59, 68, 54, 56, 59, 56, 58, 63, 64, 58, 60, 66, 62, 59, 64, 64, 61, 69, 69, 66, 70, 65, 69, 68, 75, 72, 78, 68, 70, 71, 72, 82, 77, 70, 81, 76, 79, 80, 70, 72, 73, 74, 90, 75, 75, 82, 77, 85, 80, 83, 89, 86, 87, 91, 82, 84, 86, 83, 84, 89, 86, 98, 87, 88, 88, 89, 92, 88, 89, -1, 95, 87, 97, -1, 97, 96, 94, -1, 98, 100, 96, 94, 95, 96, 99, -1, -1, -1, 101, 101, -1, -1, -1, -1, -1, -1, -1, -1, -1, -1]","[0, 0, 0, 0, 0, 0, 0, 0, 0, 0, 0, 0, 0, 0, 0, 0, 0, 0, 0, 0, 0, 0, 0, 0, 0, 0, 0, 0, 0, 0, 0, 0, 0, 0, 0, 0, 0, 0, 0, 0, 0, 0, 0, 0, 0, 0, 0, 0, 0, 0, 0, 0, 0, 0, 0, 0, 0, 0, 0, 0, 0, 0, 0, 0, 0, 0, 0, 0, 0, 0, 0, 0, 0, 0, 0, 0, 0, 0, 0, 0, 0, 0, 0, 0, 0, 0, 0, 0, 0, 0, 0, 0, 0, 0, 0, 0, 0, 0, 0, 0, 0, 0, 0, 0, 0, 0, 0, 0, 0, 0, 0, 0, 0, 0, 0, 0, 0, 0, 0, 0, 0, 0, 0, 0, 0, 0, 0, 0, 0, 0, 0, 0, 0, 0, 0, 0, 0, 0, 0, 0, 0, 4029.0, 0, 0, 0, 4029.0, 0, 0, 0, 4029.0, 0, 0, 0, 0, 0, 0, 0, 2179.7751191300304, 4029.0, 4029.0, 0, 0, 4029.0, 1008.3425861204474, 1622.4884297494273, 4029.0, 4029.0, 2268.169028741736, 1760.8309712582638, 1398.1689841301252, 1849.22488086997, 4029.0]","[0, 0, 0, 0, 0, 0, 0, 0, 0, 0, 0, 0, 0, 0, 0, 0, 0, 0, 0, 0, 0, 0, 0, 0, 0, 0, 0, 0, 0, 0, 0, 0, 0, 0, 0, 0, 0, 0, 0, 0, 0, 0, 0, 0, 0, 0, 0, 0, 0, 0, 0, 0, 0, 0, 0, 0, 0, 0, 0, 0, 0, 0, 0, 0, 0, 0, 0, 0, 0, 0, 0, 0, 0, 0, 0, 0, 0, 0, 0, 0, 0, 0, 0, 0, 0, 0, 0, 0, 0, 0, 0, 0, 0, 0, 0, 0, 0, 0, 0, 0, 0, 0, 0, 0, 0, 0, 0, 0, 0, 0, 0, 0, 0, 0, 0, 0, 0, 0, 0, 0, 0, 0, 0, 0, 0, 0, 0, 0, 0, 0, 0, 0, 0, 0, 0, 0, 0, 0, 0, 0, 0, (274.72646666666674, 0.0041333333333333335, 0.009866666666666668), 0, 0, 0, (0.0, 0.0, 0.0), 0, 0, 0, (1069.547, 0.1412, 0.6463333333333334), 0, 0, 0, 0, 0, 0, 0, (139.81, 0.0034, 0.0014), (204.1226, 0.5370666666666667, 0.4422), (461.373, 0.0016666666666666668, 0.0013333333333333333), 0, 0, (271.2314, 0.0722, 0.0028666666666666667), (92.27413333333331, 6.666666666666668e-05, 0.0013333333333333333), (114.64386666666668, 0.0, 0.0011333333333333332), (40.54466666666666, 0.2174, 0.0013333333333333333), (1311.4188000000001, 0.1956, 0.7402000000000001), (301.98920000000004, 0.6321333333333333, 0.005666666666666668), (72.7008, 6.666666666666668e-05, 0.0015333333333333334), (279.6198, 0.2951333333333333, 0.05206666666666667), (178.9568, 0.0019333333333333331, 0.0014666666666666665), (0.0, 0.0046, 6.666666666666668e-05)]","[0, 0, 0, 0, 0, 0, 0, 0, 0, 0, 0, 0, 0, 0, 0, 0, 0, 0, 0, 0, 0, 0, 0, 0, 0, 0, 0, 0, 0, 0, 0, 0, 0, 0, 0, 0, 0, 0, 0, 0, 0, 0, 0, 0, 0, 0, 0, 0, 0, 0, 0, 0, 0, 0, 0, 0, 0, 0, 0, 0, 0, 0, 0, 0, 0, 0, 0, 0, 0, 0, 0, 0, 0, 0, 0, 0, 0, 0, 0, 0, 0, 0, 0, 0, 0, 0, 0, 0, 0, 0, 0, 0, 0, 0, 0, 0, 0, 0, 0, 0, 0, 0, 0, 0, 0, 0, 0, 0, 0, 0, 0, 0, 0, 0, 0, 0, 0, 0, 0, 0, 0, 0, 0, 0, 0, 0, 0, 0, 0, 0, 0, 0, 0, 0, 0, 0, 0, 0, 0, 0, 0, (3, 0.0009833333333333335, 0.03336666666666666), 0, 0, 0, (2, 0.0, 0.0), 0, 0, 0, (3, 0.0, 0.17137222222222223), 0, 0, 0, 0, 0, 0, 0, (3, 0.0, 0.0006222222222222223), (1, 0.0, 0.004783333333333333), (2, 0.0, 0.01923888888888889), 0, 0, (1, 0.24863333333333332, 0.04668333333333334), (2, 1.666666666666667e-05, 0.003455555555555556), (2, 0.0, 0.0006555555555555555), (1, 0.00013333333333333334, 0.05250555555555555), (3, 0.0006, 0.11304444444444445), (1, 0.0, 0.00025), (2, 0.0, 0.0005666666666666668), (1, 0.0, 0.0009000000000000001), (1, 0.36411666666666676, 0.01315), (1, 0.0, 0.0008722222222222223)]","[-1, -1, -1, -1, -1, -1, -1, -1, -1, -1, -1, -1, -1, -1, -1, -1, -1, -1, -1, -1, -1, -1, -1, -1, -1, -1, -1, -1, -1, -1, -1, -1, -1, -1, -1, -1, -1, -1, -1, -1, -1, -1, -1, -1, -1, -1, -1, -1, -1, -1, -1, -1, -1, -1, -1, -1, -1, -1, -1, -1, -1, -1, -1, -1, -1, -1, -1, -1, -1, -1, -1, -1, -1, -1, -1, -1, -1, -1, -1, -1, -1, -1, -1, -1, -1, -1, -1, -1, -1, -1, -1, -1, -1, -1, -1, -1, -1, -1, -1, -1, -1, -1, -1, -1, -1, -1, -1, -1, -1, -1, -1, -1, -1, -1, -1, -1, -1, -1, -1, -1, -1, -1, -1, -1, -1, -1, -1, -1, -1, -1, -1, -1, -1, -1, -1, -1, -1, -1, -1, -1, -1, 6, -1, -1, -1, 3, -1, -1, -1, 2, -1, -1, -1, -1, -1, -1, -1, 9, 7, 0, -1, -1, 1, 4, 4, 12, 15, 10, 10, 4, 9, 8]","[False, False, False, False, False, False, False, False, False, False, False, False, False, False, False, False, False, False, False, False, False, False, False, False, False, False, False, False, False, False, False, False, False, False, False, False, False, False, False, False, False, False, False, False, False, False, False, False, False, False, False, False, False, False, False, False, False, False, False, False, False, False, False, False, False, False, False, False, False, False, False, False, False, False, False, False, False, False, False, False, False, False, False, False, False, False, False, False, False, False, False, False, False, False, False, False, False, False, False, False, False, False, False, False, False, False, False, False, False, False, False, False, False, False, False, False, False, False, False, False, False, False, False, False, False, False, False, False, False, False, False, False, False, False, False, False, False, False, False, False, False, True, False, False, False, True, False, False, False, True, False, False, False, False, False, False, False, True, True, True, False, False, True, True, True, True, True, True, True, True, True, True]"
