interval,activecontainers,ips,apparentips,ram,disk,creationids,hostalloc,active
1,3,"[777.9614183128089, 1147.5012037613078, 1714.4051397483977, 0, 0, 0, 0, 0, 0, 0, 0, 0, 0, 0, 0, 0]","[4029.0, 4029.0, 4029.0, 0, 0, 0, 0, 0, 0, 0, 0, 0, 0, 0, 0, 0]","[(123.73126666666663, 0.009733333333333332, 0.0028), (386.924, 1.3948666666666665, 0.0056), (105.5042, 0.28773333333333334, 0.22433333333333338), 0, 0, 0, 0, 0, 0, 0, 0, 0, 0, 0, 0, 0]","[(2, 0.0, 2.2222222222222223e-05), (1, 0.0, 0.009683333333333334), (1, 0.0030666666666666663, 0.05871111111111111), 0, 0, 0, 0, 0, 0, 0, 0, 0, 0, 0, 0, 0]","[0, 1, 2, -1, -1, -1, -1, -1, -1, -1, -1, -1, -1, -1, -1, -1]","[9, 8, 10, -1, -1, -1, -1, -1, -1, -1, -1, -1, -1, -1, -1, -1]","[True, True, True, False, False, False, False, False, False, False, False, False, False, False, False, False]"
2,5,"[888.1447951553957, 925.6692288098378, 1429.5838385761401, 590.9835929581135, 744.572766635591, 0, 0, 0, 0, 0, 0, 0, 0, 0, 0, 0]","[4029.0, 1762.5426951168488, 2266.457304883151, 4029.0, 4029.0, 0, 0, 0, 0, 0, 0, 0, 0, 0, 0, 0]","[(120.93533333333332, 0.045200000000000004, 0.020266666666666665), (349.1754, 0.6480666666666667, 0.003466666666666667), (110.71433333333331, 0.20726666666666668, 0.17506666666666665), (265.6387333333333, 0.05313333333333333, 0.031266666666666665), (142.60586666666666, 0.0007333333333333332, 0.0006), 0, 0, 0, 0, 0, 0, 0, 0, 0, 0, 0]","[(2, 0.0, 0.0), (1, 0.0, 0.00023333333333333333), (1, 0.0002333333333333333, 0.05122222222222223), (3, 0.0, 0.006316666666666667), (1, 0.0, 0.02883888888888889), 0, 0, 0, 0, 0, 0, 0, 0, 0, 0, 0]","[0, 1, 2, 3, 4, -1, -1, -1, -1, -1, -1, -1, -1, -1, -1, -1]","[9, 10, 10, 2, 11, -1, -1, -1, -1, -1, -1, -1, -1, -1, -1, -1]","[True, True, True, True, True, False, False, False, False, False, False, False, False, False, False, False]"
3,8,"[851.4170028745334, 1237.8771935563511, 1845.861124904825, 580.9669218910268, 554.2559608139378, 501.40426599866777, 881.4670876440003, 2006.6731654957287, 0, 0, 0, 0, 0, 0, 0, 0]","[4029.0, 4029.0, 4029.0, 1301.6468781976491, 4029.0, 1824.4685891773338, 2204.531410822666, 2727.353121802351, 0, 0, 0, 0, 0, 0, 0, 0]","[(120.23626666666664, 0.034466666666666666, 0.0114), (320.86379999999997, 0.6452, 0.0048), (109.4118, 0.21166666666666664, 0.17653333333333332), (272.62933333333325, 0.053200000000000004, 0.03573333333333333), (98.56566666666669, 0.0007333333333333332, 0.0002666666666666667), (0.0, 0.0048, 6.666666666666668e-05), (95.9442, 0.019933333333333334, 0.0208), (306.18366666666674, 0.5942000000000001, 0.19193333333333337), 0, 0, 0, 0, 0, 0, 0, 0]","[(2, 0.0, 2.2222222222222223e-05), (1, 0.0, 0.0002222222222222222), (1, 0.00011666666666666667, 0.05212222222222222), (3, 0.0, 0.0011611111111111112), (1, 0.0, 0.0016666666666666668), (2, 0.0, 0.0013222222222222222), (1, 0.0012, 0.05558333333333333), (3, 0.011550000000000001, 0.43049444444444446), 0, 0, 0, 0, 0, 0, 0, 0]","[0, 1, 2, 3, 4, 5, 6, 7, -1, -1, -1, -1, -1, -1, -1, -1]","[9, 10, 12, 2, 11, 14, 14, 2, -1, -1, -1, -1, -1, -1, -1, -1]","[True, True, True, True, True, True, True, True, False, False, False, False, False, False, False, False]"
4,13,"[834.7225518377779, 1317.298517921692, 1812.9971286157179, 557.5946894011578, 597.6615481065954, 498.43737685074666, 754.589249271, 1352.2506356501997, 731.2170323801198, 1714.4051397483977, 520.8668579276933, 3464.41286996805, 1714.4051397483977, 0, 0, 0]","[4029.0, 2374.3184849075483, 4029.0, 1617.1720268754789, 1654.6815150924517, 1886.4240637898733, 2142.5759362101267, 2411.827973124521, 4029.0, 4029.0, 4029.0, 4029.0, 4029.0, 0, 0, 0]","[(130.722, 0.026466666666666666, 0.011066666666666664), (301.98920000000004, 0.6321333333333333, 0.005666666666666668), (108.76053333333334, 0.20446666666666666, 0.17406666666666665), (160.78126666666668, 0.05293333333333333, 0.031466666666666664), (121.6344, 0.0005333333333333334, 0.0002), (145.4024, 0.004733333333333333, 6.666666666666668e-05), (96.9928, 0.020133333333333333, 0.014066666666666665), (281.018, 0.42160000000000003, 0.13533333333333333), (178.9568, 0.0019333333333333331, 0.0014666666666666665), (105.5042, 0.28773333333333334, 0.22433333333333338), (0.0, 0.0046, 6.666666666666668e-05), (168.47066666666663, 0.27493333333333336, 0.023333333333333327), (105.5042, 0.28773333333333334, 0.22433333333333338), 0, 0, 0]","[(2, 0.0, 4.4444444444444447e-05), (1, 0.0, 0.00025), (1, 0.0, 0.05014999999999999), (3, 0.0, 0.0011222222222222222), (1, 0.0, 0.0015388888888888887), (2, 0.0, 0.0012666666666666666), (1, 0.0, 0.054338888888888895), (3, 1.666666666666667e-05, 0.2272388888888889), (1, 0.36411666666666676, 0.01315), (1, 0.0030666666666666663, 0.05871111111111111), (1, 0.0, 0.0008722222222222223), (3, 0.2927833333333333, 0.026605555555555556), (1, 0.0030666666666666663, 0.05871111111111111), 0, 0, 0]","[0, 1, 2, 3, 4, 5, 6, 7, 8, 9, 10, 11, 12, -1, -1, -1]","[9, 11, 12, 2, 11, 14, 14, 2, 10, 1, 7, 4, 13, -1, -1, -1]","[True, True, True, True, True, True, True, True, True, True, True, True, True, False, False, False]"
5,16,"[791.3169791422134, 1309.0825188494155, 1886.9411202662081, 574.2891411796356, 554.2559608139378, 498.43737685074666, 754.589249271, 1409.0117734429248, 657.7614400862267, 1429.5838385761401, 530.8835282724567, 4442.116739200141, 1429.5838385761401, 3121.8625785998443, 1155.2559781834066, 1876.4565081617916]","[849.2272002711846, 2391.913279017739, 4029.0, 1597.1386838683554, 1637.0867209822613, 1886.4240637898733, 2142.5759362101267, 2431.8613161316443, 4029.0, 1791.0636652071742, 4029.0, 4029.0, 4029.0, 3179.7727997288157, 4029.0, 2237.9363347928256]","[(164.2764, 0.008733333333333333, 0.0061333333333333335), (333.44653333333326, 0.6355333333333333, 0.0052), (115.2732, 0.21046666666666666, 0.17566666666666664), (143.3049333333333, 0.05273333333333334, 0.030533333333333336), (125.82866666666669, 0.0007333333333333332, 0.0002666666666666667), (67.1088, 0.004666666666666667, 0.0), (90.177, 0.02, 0.014), (255.852, 0.49213333333333326, 0.15953333333333333), (192.93779999999998, 0.003933333333333333, 0.0014666666666666665), (110.71433333333331, 0.20726666666666668, 0.17506666666666665), (0.0, 0.004733333333333333, 0.00013333333333333334), (313.1741333333334, 0.2986666666666667, 0.020266666666666665), (110.71433333333331, 0.20726666666666668, 0.17506666666666665), (0.0, 0.0, 0.0), (67.10839999999999, 0.00013333333333333334, 0.001), (258.64820000000003, 0.019533333333333337, 0.0016)]","[(2, 0.0, 8.88888888888889e-05), (1, 0.0, 0.0002111111111111111), (1, 0.0, 0.05059444444444444), (3, 0.0, 0.0011333333333333332), (1, 0.0, 0.00165), (2, 0.0, 0.0012333333333333335), (1, 3.3333333333333335e-05, 0.05506666666666666), (3, 8.333333333333333e-05, 0.28617777777777775), (1, 0.26766666666666666, 0.015294444444444444), (1, 0.0002333333333333333, 0.05122222222222223), (1, 0.0, 0.0008388888888888889), (3, 0.10841666666666666, 0.0281), (1, 0.0002333333333333333, 0.05122222222222223), (2, 0.0, 0.0), (1, 0.0, 0.0005722222222222222), (3, 0.05115, 0.03694444444444444)]","[0, 1, 2, 3, 4, 5, 6, 7, 8, 9, 10, 11, 12, 13, 14, 15]","[9, 11, 12, 2, 11, 14, 14, 2, 10, 1, 7, 4, 13, 9, 15, 1]","[True, True, True, True, True, True, True, True, True, True, True, True, True, True, True, True]"
6,16,"[0, 1207.75186362467, 1906.1117847681867, 577.6280315353312, 0, 498.43737685074666, 741.2336873370001, 1816.3564093671823, 711.18368902724, 1845.861124904825, 554.2557590769045, 3143.9889128247596, 1845.861124904825, 3065.1014408071205, 1151.9170880730503, 1328.8784523992754]","[481.94927959643974, 2618.375931812335, 4029.0, 1395.1358110840742, 1410.624068187665, 1893.1018447568733, 2135.898155243127, 2633.8641889159253, 4029.0, 2272.991336252775, 4029.0, 4029.0, 4029.0, 3547.0507204035603, 4029.0, 1756.0086637472252]","[(148.19806666666668, 0.008400000000000001, 0.004866666666666666), (333.44653333333326, 0.7292666666666667, 0.004666666666666667), (97.689, 0.24573333333333333, 0.20893333333333336), (167.77166666666662, 0.052866666666666666, 0.030466666666666666), (98.56533333333331, 0.0005333333333333334, 0.0002), (100.6632, 0.004666666666666667, 6.666666666666668e-05), (93.3228, 0.018333333333333333, 0.014133333333333333), (226.49179999999998, 0.6, 0.19540000000000002), (134.2176, 0.002, 0.0014), (109.4118, 0.21166666666666664, 0.17653333333333332), (0.0, 0.0044, 0.0), (205.5204, 0.03793333333333333, 0.025266666666666666), (109.4118, 0.21166666666666664, 0.17653333333333332), (0.0, 0.0, 0.0), (72.70093333333334, 6.666666666666668e-05, 0.001), (328.5534, 0.0005333333333333334, 0.0006)]","[(2, 0.0, 0.0), (1, 0.0, 0.00021666666666666668), (1, 0.0, 0.05149444444444444), (3, 1.666666666666667e-05, 0.0011833333333333333), (1, 0.0, 0.0015500000000000002), (2, 0.0, 0.001238888888888889), (1, 0.0, 0.0557), (3, 0.00016666666666666666, 0.37338333333333334), (1, 0.2701, 0.013050000000000004), (1, 0.00011666666666666667, 0.05212222222222222), (1, 0.0, 0.0008277777777777778), (3, 0.00125, 0.027633333333333336), (1, 0.00011666666666666667, 0.05212222222222222), (2, 0.0, 0.0), (1, 0.0, 0.0005666666666666666), (3, 0.06125, 0.025472222222222222)]","[0, 1, 2, 3, 4, 5, 6, 7, 8, 9, 10, 11, 12, 13, 14, 15]","[9, 11, 12, 2, 11, 14, 14, 2, 10, 1, 7, 4, 13, 9, 15, 1]","[True, True, True, True, True, True, True, True, True, True, True, True, True, True, True, True]"
7,15,"[454.0891471920266, 1246.093192628628, 1908.8504511256126, 564.2724701125491, 0, 495.47048770282555, 804.6726065235, 2230.3788262082307, 0, 1812.9971286157179, 0, 3601.346184986549, 1812.9971286157179, 2911.512479720924, 1158.5948682937635, 2050.0788185255155]","[1662.2471394491315, 4029.0, 4029.0, 1181.446821952159, 0, 1859.8989405896627, 2169.1010594103373, 2847.553178047841, 4029.0, 1895.9591550451012, 4029.0, 4029.0, 4029.0, 4029.0, 2366.7528605508687, 2133.0408449548986]","[(29.621666666666673, 4.1293999999999995, 4.1416), (415.23546666666675, 0.7115333333333334, 0.006666666666666668), (125.0422, 0.247, 0.19506666666666664), (150.2954, 0.0526, 0.03033333333333333), 0, (0.0, 0.004666666666666667, 6.666666666666668e-05), (93.8472, 0.0318, 0.0146), (209.7148, 0.7276, 0.23566666666666664), (226.49220000000003, 0.0016666666666666668, 0.0014), (108.76053333333334, 0.20446666666666666, 0.17406666666666665), (0.0, 0.0046, 0.00013333333333333334), (130.0228, 0.042466666666666666, 0.027733333333333336), (108.76053333333334, 0.20446666666666666, 0.17406666666666665), (0.0, 0.0, 0.0), (75.49719999999999, 0.0004, 0.0014666666666666665), (298.49406666666664, 0.0016666666666666668, 0.005466666666666667)]","[(3, 0.0, 1.6666666666666667e-05), (1, 0.0, 0.0005666666666666666), (1, 3.3333333333333335e-05, 0.05121666666666667), (3, 0.0, 0.0011055555555555556), 0, (2, 0.0, 0.0012722222222222221), (1, 0.00011666666666666667, 0.053427777777777775), (3, 0.00021666666666666668, 0.5190777777777777), (1, 0.27021666666666666, 0.012733333333333334), (1, 0.0, 0.05014999999999999), (1, 0.0, 0.0008111111111111112), (3, 0.0008, 0.02777777777777778), (1, 0.0, 0.05014999999999999), (2, 0.0, 0.0), (1, 0.0, 0.0005499999999999999), (3, 0.0008666666666666667, 0.016138888888888887)]","[16, 1, 2, 3, -1, 5, 6, 7, 8, 9, 10, 11, 12, 13, 14, 15]","[15, 11, 12, 2, -1, 14, 14, 2, 10, 1, 7, 4, 13, 9, 15, 1]","[True, True, True, True, False, True, True, True, True, True, True, True, True, True, True, True]"
8,15,"[1315.5229705416066, 1084.51187754052, 1714.4051397483977, 554.2557990454623, 0, 492.5035985549045, 844.7392923255, 1318.8617310662446, 1154.1194728238213, 1886.9411202662081, 1876.4565081617916, 3261.75156374067, 1886.9411202662081, 3145.2348118086134, 1151.9170880730503, 1896.4898516652977]","[2096.3029412342785, 4029.0, 4029.0, 1632.1970339896088, 0, 1838.3821531147023, 2190.6178468852977, 2396.802966010391, 4029.0, 2009.725634300455, 4029.0, 4029.0, 4029.0, 4029.0, 1932.697058765722, 2019.2743656995447]","[(29.53446666666667, 12.107333333333337, 12.139266666666664), (202.37446666666668, 0.6932, 0.0088), (93.78139999999999, 0.23493333333333336, 0.19066666666666662), (104.857, 0.052866666666666666, 0.0304), 0, (0.0, 0.0046, 6.666666666666668e-05), (99.0902, 0.043, 0.015133333333333334), (255.852, 0.40273333333333333, 0.13053333333333333), (176.16013333333333, 1.632466666666667, 0.017733333333333334), (115.2732, 0.21046666666666666, 0.17566666666666664), (258.64820000000003, 0.019533333333333337, 0.0016), (110.44946666666667, 0.04046666666666667, 0.026666666666666672), (115.2732, 0.21046666666666666, 0.17566666666666664), (0.0, 0.0, 0.0), (75.49719999999999, 0.0003333333333333333, 0.0014), (294.3, 0.001066666666666667, 0.005466666666666667)]","[(3, 0.0, 1.6666666666666667e-05), (1, 0.0, 0.00025), (1, 0.0, 0.049894444444444436), (3, 0.0, 0.0011222222222222222), 0, (2, 0.0, 0.0012166666666666667), (1, 0.0, 0.05496666666666667), (3, 5e-05, 0.20164999999999994), (3, 0.0, 0.0001388888888888889), (1, 0.0, 0.05059444444444444), (3, 0.05115, 0.03694444444444444), (3, 0.00011666666666666667, 0.02971666666666666), (1, 0.0, 0.05059444444444444), (2, 0.0, 0.0), (1, 0.0, 0.0005611111111111111), (3, 0.0002, 0.014294444444444445)]","[16, 1, 2, 3, -1, 5, 6, 7, 18, 9, 19, 11, 12, 13, 14, 15]","[15, 11, 12, 2, -1, 14, 14, 2, 0, 1, 7, 4, 13, 9, 15, 1]","[True, True, True, True, False, True, True, True, True, True, True, True, True, True, True, True]"
9,15,"[1135.2228679800667, 0, 1851.3384576196752, 554.2557990454623, 0, 0, 0, 1425.7062257349019, 1875.0732823255908, 1906.1117847681867, 1328.8784523992754, 3502.7541981732297, 1906.1117847681867, 2988.3069602640226, 1168.6115386248337, 2227.0400194731583]","[1997.8056646776165, 4029.0, 4029.0, 1578.7747866552802, 0, 2014.5, 2014.5, 2450.22521334472, 4029.0, 1854.0358826475144, 4029.0, 4029.0, 4029.0, 4029.0, 2031.1943353223835, 2174.964117352486]","[(31.3258, 10.272666666666666, 10.300266666666666), (105.9056, 0.6556666666666666, 0.0064), (104.85293333333334, 0.21746666666666667, 0.18180000000000002), (251.65766666666661, 0.05273333333333334, 0.0304), 0, (0.0, 0.004666666666666667, 6.666666666666668e-05), (91.7496, 0.042133333333333335, 0.014666666666666665), (213.9092, 0.46873333333333334, 0.15180000000000002), (214.6078, 3.082733333333333, 0.04673333333333334), (97.689, 0.24573333333333333, 0.20893333333333336), (328.5534, 0.0005333333333333334, 0.0006), (119.5372, 0.03373333333333334, 0.02686666666666667), (97.689, 0.24573333333333333, 0.20893333333333336), (0.0, 0.0, 0.0), (77.5942, 0.00046666666666666666, 0.0014), (234.18133333333338, 0.0016666666666666668, 0.0016)]","[(3, 0.0, 4.4444444444444447e-05), (1, 0.0, 0.00020555555555555556), (1, 3.3333333333333335e-05, 0.05011111111111111), (3, 0.0, 0.0010222222222222223), 0, (2, 0.0, 0.001261111111111111), (1, 0.0, 0.05646666666666667), (3, 3.3333333333333335e-05, 0.2765777777777778), (3, 0.0, 0.00015555555555555556), (1, 0.0, 0.05149444444444444), (3, 0.06125, 0.025472222222222222), (3, 0.0013666666666666669, 0.04000555555555556), (1, 0.0, 0.05149444444444444), (2, 0.0, 0.0), (1, 0.0, 0.001627777777777778), (3, 0.0006666666666666666, 0.02163888888888889)]","[16, 1, 2, 3, -1, 5, 6, 7, 18, 9, 19, 11, 12, 13, 14, 15]","[15, 11, 12, 2, -1, 14, 14, 2, 0, 1, 7, 4, 13, 9, 15, 1]","[True, True, True, True, False, True, True, True, True, True, True, True, True, True, True, True]"
10,16,"[1145.2395403445964, 3121.8625785998443, 1802.042463186016, 0, 2047.1528695743666, 884.1326637750533, 1763.7010974382797, 2036.723179621289, 1510.1460454172877, 1908.8504511256126, 2050.0788185255155, 2935.85027399664, 1908.8504511256126, 3008.340303014396, 1165.2726485144767, 1766.2731188925045]","[2004.48344591506, 4029.0, 4029.0, 1132.6494512808601, 4029.0, 4029.0, 2896.3505487191396, 4029.0, 4029.0, 2085.788666116554, 4029.0, 4029.0, 4029.0, 4029.0, 2024.5165540849403, 1943.211333883446]","[(31.238400000000002, 10.958333333333334, 10.986266666666667), (0.0, 0.0, 0.0), (98.34026666666666, 0.21266666666666662, 0.17426666666666668), (230.6862666666667, 0.053333333333333344, 0.0358), (545.259, 0.6861333333333334, 1.4692), (128.62506666666664, 0.00046666666666666666, 0.0014), (39.146666666666654, 0.29753333333333337, 0.0019333333333333331), (212.51093333333333, 0.6914, 0.224), (434.80906666666664, 2.7484, 0.018466666666666666), (125.0422, 0.247, 0.19506666666666664), (298.49406666666664, 0.0016666666666666668, 0.005466666666666667), (105.55626666666666, 0.03646666666666667, 0.024466666666666664), (125.0422, 0.247, 0.19506666666666664), (0.0, 0.0, 0.0), (69.2056, 0.00046666666666666666, 0.0013333333333333333), (242.57, 0.0003333333333333333, 0.0004)]","[(3, 0.0, 2.2222222222222223e-05), (2, 0.0, 0.0), (1, 0.00011666666666666667, 0.04876111111111111), (3, 0.0, 0.0011277777777777777), (1, 0.07585, 0.04698333333333333), (2, 0.0705, 0.025599999999999998), (1, 0.003, 0.06097777777777777), (3, 0.0002333333333333333, 0.49188333333333323), (3, 0.0, 0.00023888888888888888), (1, 3.3333333333333335e-05, 0.05121666666666667), (3, 0.0008666666666666667, 0.016138888888888887), (3, 0.0, 0.024422222222222224), (1, 3.3333333333333335e-05, 0.05121666666666667), (2, 0.0, 0.0), (1, 0.0, 0.0005499999999999999), (3, 6.666666666666667e-05, 0.009744444444444444)]","[16, 17, 2, 3, 20, 21, 22, 7, 18, 9, 19, 11, 12, 13, 14, 15]","[15, 6, 12, 11, 14, 5, 11, 2, 0, 1, 7, 4, 13, 9, 15, 1]","[True, True, True, True, True, True, True, True, True, True, True, True, True, True, True, True]"
11,16,"[1218.6951376844836, 3065.1014408071205, 1136.5465383316057, 1763.7010974382797, 1922.54356446984, 845.5631180399, 1385.7651479872202, 1769.6119429496443, 1501.2453811024511, 1714.4051397483977, 1896.4898516652977, 2837.2582871833197, 1714.4051397483977, 3068.4403312655163, 1178.6282089559033, 1993.317678598913]","[2034.53346436429, 4029.0, 1700.922720446663, 2328.077279553337, 4029.0, 4029.0, 4029.0, 4029.0, 4029.0, 1875.0437305747423, 4029.0, 4029.0, 4029.0, 4029.0, 1994.4665356357098, 2153.9562694252577]","[(30.75773333333333, 11.004733333333336, 11.030333333333335), (0.0, 0.0, 0.0), (87.92, 0.21286666666666668, 0.18966666666666662), (39.146666666666654, 0.29753333333333337, 0.0019333333333333331), (738.1968, 0.7232666666666667, 1.2136), (120.23626666666664, 0.0, 0.001066666666666667), (65.71033333333331, 0.2166, 0.004533333333333333), (190.14146666666667, 0.5508, 0.17880000000000001), (348.1266, 1.8001333333333334, 0.6946), (93.78139999999999, 0.23493333333333336, 0.19066666666666662), (294.3, 0.001066666666666667, 0.005466666666666667), (111.8476, 0.035666666666666666, 0.024), (93.78139999999999, 0.23493333333333336, 0.19066666666666662), (0.0, 0.0, 0.0), (82.4876, 0.0007333333333333332, 0.002), (231.3854, 0.0005333333333333334, 0.0008)]","[(3, 0.0, 2.2222222222222223e-05), (2, 0.0, 0.0), (1, 0.0, 0.050077777777777784), (1, 0.003, 0.06097777777777777), (1, 0.0017166666666666665, 0.0023777777777777777), (2, 1.666666666666667e-05, 0.0006111111111111112), (1, 0.0002833333333333333, 0.09404444444444444), (3, 0.00013333333333333334, 0.3462888888888889), (3, 0.0, 0.00039999999999999996), (1, 0.0, 0.049894444444444436), (3, 0.0002, 0.014294444444444445), (3, 0.0, 0.028383333333333337), (1, 0.0, 0.049894444444444436), (2, 0.0, 0.0), (1, 0.0, 0.0005722222222222222), (3, 6.666666666666667e-05, 0.011649999999999999)]","[16, 17, 2, 23, 20, 21, 22, 7, 18, 9, 19, 11, 12, 13, 14, 15]","[15, 6, 12, 12, 14, 5, 11, 2, 0, 1, 7, 4, 13, 9, 15, 1]","[True, True, True, True, True, True, True, True, True, True, True, True, True, True, True, True]"
12,16,"[1191.9840113790701, 2911.512479720924, 0, 1385.7651479872202, 2011.5502109730733, 809.96046043822, 1569.2557901120101, 1292.1506073990797, 976.1061865270877, 1851.3384576196752, 2227.0400194731583, 2777.0076285751793, 1851.3384576196752, 3021.6958648479776, 1165.2726485144767, 1889.8120704974624]","[2027.8556814322967, 4029.0, 1321.61742600639, 2707.38257399361, 4029.0, 4029.0, 4029.0, 4029.0, 4029.0, 1995.2631935611064, 4029.0, 4029.0, 4029.0, 4029.0, 2001.1443185677033, 2033.7368064388936]","[(30.932599999999997, 11.007200000000001, 11.033333333333335), (0.0, 0.0, 0.0), (83.36113333333331, 0.21606666666666663, 0.18393333333333337), (65.71033333333331, 0.2166, 0.004533333333333333), (564.8324, 0.6947333333333332, 1.3258666666666665), (72.7008, 6.666666666666668e-05, 0.0015333333333333334), (40.54486666666667, 0.21746666666666667, 0.0017333333333333335), (198.53, 0.4244, 0.13933333333333334), (230.686, 0.866, 0.3906666666666667), (104.85293333333334, 0.21746666666666667, 0.18180000000000002), (234.18133333333338, 0.0016666666666666668, 0.0016), (115.3428, 0.03426666666666667, 0.023266666666666665), (104.85293333333334, 0.21746666666666667, 0.18180000000000002), (0.0, 0.0, 0.0), (81.08953333333334, 0.0002666666666666667, 0.001), (253.7549333333333, 0.0006666666666666666, 0.0008)]","[(3, 0.0, 2.2222222222222223e-05), (2, 0.0, 0.0), (1, 0.0, 0.04877777777777778), (1, 0.0002833333333333333, 0.09404444444444444), (1, 0.00225, 0.06516111111111111), (2, 0.0, 0.0005666666666666668), (1, 0.0, 0.05373333333333333), (3, 1.666666666666667e-05, 0.19247222222222224), (3, 1.666666666666667e-05, 0.0003444444444444445), (1, 3.3333333333333335e-05, 0.05011111111111111), (3, 0.0006666666666666666, 0.02163888888888889), (3, 0.0, 0.027411111111111112), (1, 3.3333333333333335e-05, 0.05011111111111111), (2, 0.0, 0.0), (1, 0.0, 0.000538888888888889), (3, 0.00018333333333333334, 0.015666666666666666)]","[16, 17, 2, 23, 20, 21, 22, 7, 18, 9, 19, 11, 12, 13, 14, 15]","[15, 6, 12, 12, 14, 5, 11, 2, 0, 1, 7, 4, 13, 9, 15, 1]","[True, True, True, True, True, True, True, True, True, True, True, True, True, True, True, True]"
13,16,"[1198.6617929554236, 3145.2348118086134, 520.8668579276933, 1569.2557901120101, 2940.186222823474, 1317.2983312621604, 1517.22113040498, 961.60045201792, 1465.6427238431045, 1802.042463186016, 1766.2731188925045, 3089.2155868173595, 0, 2894.8180274289466, 0, 2103.5010678682]","[2613.8308964777116, 4029.0, 1516.3228637613565, 4029.0, 4029.0, 4029.0, 2512.6771362386435, 4029.0, 4029.0, 1863.770697658908, 4029.0, 4029.0, 4029.0, 4029.0, 1415.1691035222882, 2165.229302341092]","[(29.2284, 11.277066666666668, 11.304066666666667), (0.0, 0.0, 0.0), (0.0, 0.0046, 6.666666666666668e-05), (40.54486666666667, 0.21746666666666667, 0.0017333333333333335), (1015.0211999999999, 0.7137333333333332, 1.397666666666667), (75.49706666666667, 0.0, 0.001066666666666667), (26.56353333333333, 0.21073333333333333, 0.0014), (194.33579999999998, 0.31493333333333334, 0.10186666666666666), (331.3495333333333, 4.365933333333333, 0.022533333333333336), (98.34026666666666, 0.21266666666666662, 0.17426666666666668), (242.57, 0.0003333333333333333, 0.0004), (111.1486, 0.03153333333333334, 0.0434), (98.34026666666666, 0.21266666666666662, 0.17426666666666668), (0.0, 0.0, 0.0), (78.99233333333332, 0.0004, 0.0014), (244.66713333333328, 0.0014666666666666665, 0.0012)]","[(3, 0.0, 2.2222222222222223e-05), (2, 0.0, 0.0), (1, 0.0, 0.0008722222222222223), (1, 0.0, 0.05373333333333333), (1, 1.0436000000000003, 0.5150888888888889), (2, 1.666666666666667e-05, 0.0007), (1, 1.666666666666667e-05, 0.05187222222222222), (3, 0.0, 0.12192777777777777), (3, 0.0, 0.00019444444444444446), (1, 0.00011666666666666667, 0.04876111111111111), (3, 6.666666666666667e-05, 0.009744444444444444), (3, 0.0009, 0.029877777777777774), (1, 0.00011666666666666667, 0.04876111111111111), (2, 0.0, 0.0), (1, 0.0, 0.0005777777777777778), (3, 0.00015, 0.019816666666666666)]","[16, 17, 24, 23, 20, 21, 22, 7, 18, 9, 19, 11, 12, 13, 14, 15]","[15, 6, 11, 12, 14, 5, 11, 2, 0, 1, 7, 4, 13, 9, 15, 1]","[True, True, True, True, True, True, True, True, True, True, True, True, True, True, True, True]"
14,16,"[1178.6284482263632, 2988.3069602640226, 530.8835282724567, 1517.22113040498, 2067.9210870917877, 1459.7089616688797, 1569.2557901120101, 1021.7004802690399, 1851.3381774860268, 1136.5465383316057, 1993.317678598913, 2842.73561978406, 652.7155422502, 3151.912592725404, 80.13338746088, 2073.45105261294]","[4029.0, 4029.0, 1495.3138690802234, 4029.0, 2722.102772420794, 2704.287787104, 2533.6861309197766, 4029.0, 4029.0, 1546.0477428593329, 4029.0, 4029.0, 1306.8972275792062, 4029.0, 1324.712212896, 2482.9522571406674]","[(27.96146666666667, 11.744666666666664, 11.770666666666664), (0.0, 0.0, 0.0), (0.0, 0.004733333333333333, 0.00013333333333333334), (26.56353333333333, 0.21073333333333333, 0.0014), (679.4766, 0.7587999999999999, 1.3356666666666668), (114.64386666666668, 0.0, 0.0011333333333333332), (40.54466666666666, 0.2174, 0.0013333333333333333), (146.80033333333338, 0.3725333333333334, 0.1176), (478.1502, 3.8014, 0.020733333333333333), (87.92, 0.21286666666666668, 0.18966666666666662), (231.3854, 0.0005333333333333334, 0.0008), (97.86666666666669, 0.0338, 0.023066666666666666), (433.41086666666666, 0.0023333333333333335, 0.0030666666666666668), (0.0, 0.0, 0.0), (75.84646666666666, 0.0, 0.0), (254.4540666666667, 0.0026, 0.0088)]","[(3, 0.0, 2.2222222222222223e-05), (2, 0.0, 0.0), (1, 0.0, 0.0008388888888888889), (1, 1.666666666666667e-05, 0.05187222222222222), (1, 0.0012666666666666666, 0.0020055555555555556), (2, 0.0, 0.0006555555555555555), (1, 0.00013333333333333334, 0.05250555555555555), (3, 5e-05, 0.20093333333333338), (3, 0.0428, 0.01527777777777778), (1, 0.0, 0.050077777777777784), (3, 6.666666666666667e-05, 0.011649999999999999), (3, 0.0, 0.02947777777777778), (1, 0.011300000000000001, 0.0010833333333333333), (2, 0.0, 0.0), (2, 0.00015, 0.0002722222222222222), (3, 0.00011666666666666667, 0.017588888888888887)]","[16, 17, 24, 23, 20, 21, 22, 7, 18, 9, 19, 11, 25, 13, 26, 15]","[15, 6, 11, 12, 14, 5, 11, 2, 0, 1, 7, 4, 14, 9, 5, 1]","[True, True, True, True, True, True, True, True, True, True, True, True, True, True, True, True]"
15,16,"[1141.90064955642, 3008.340303014396, 554.2557590769045, 1569.2557901120101, 2038.2522049240424, 0, 1662.37044432459, 3549.2405572744774, 1646.6228982447833, 1426.8451722187147, 1889.8120704974624, 2867.38361648739, 634.9142092797401, 2938.223603388089, 0, 2293.817831151513]","[4029.0, 4029.0, 1460.4426573761573, 4029.0, 2716.168997822151, 2014.5, 2568.5573426238425, 4029.0, 4029.0, 1581.0136705336008, 4029.0, 4029.0, 1312.8310021778489, 4029.0, 2014.5, 2447.986329466399]","[(28.00533333333333, 10.849266666666667, 10.8736), (0.0, 0.0, 0.0), (0.0, 0.0044, 0.0), (40.54466666666666, 0.2174, 0.0013333333333333333), (654.3108000000001, 0.7628666666666667, 1.1362666666666668), (92.27413333333331, 6.666666666666668e-05, 0.0013333333333333333), (36.35026666666667, 0.25166666666666665, 0.0012), (290.8046, 0.5733333333333334, 0.17), (450.887, 3.747866666666667, 0.0224), (83.36113333333331, 0.21606666666666663, 0.18393333333333337), (253.7549333333333, 0.0006666666666666666, 0.0008), (98.5656, 0.03406666666666667, 0.023066666666666666), (398.45840000000004, 0.0016666666666666668, 0.0003333333333333333), (0.0, 0.0, 0.0), (71.827, 0.0, 0.0), (268.435, 0.0018666666666666666, 0.0016)]","[(3, 0.0, 1.6666666666666667e-05), (2, 0.0, 0.0), (1, 0.0, 0.0008277777777777778), (1, 0.00013333333333333334, 0.05250555555555555), (1, 0.011416666666666664, 0.047094444444444446), (2, 1.666666666666667e-05, 0.003455555555555556), (1, 0.0, 0.05533333333333333), (3, 0.0017833333333333332, 0.2834388888888889), (3, 1.666666666666667e-05, 0.0003444444444444445), (1, 0.0, 0.04877777777777778), (3, 0.00018333333333333334, 0.015666666666666666), (3, 0.0, 0.029166666666666667), (1, 0.015133333333333334, 0.0009777777777777777), (2, 0.0, 0.0), (2, 0.09475, 0.017716666666666665), (3, 0.00013333333333333334, 0.023688888888888888)]","[16, 17, 24, 23, 20, 21, 22, 7, 18, 9, 19, 11, 25, 13, 26, 15]","[15, 6, 11, 12, 14, 5, 11, 2, 0, 1, 7, 4, 14, 9, 5, 1]","[True, True, True, True, True, True, True, True, True, True, True, True, True, True, True, True]"
16,16,"[1148.5784311327734, 3068.4403312655163, 520.8668579276933, 1662.37044432459, 2070.887975308562, 1235.3895160495777, 1654.15444542348, 2160.2621265819243, 922.7022006380679, 2127.9437597196566, 2103.5010678682, 3604.08485128692, 655.6824310786097, 2958.2569461384624, 1108.5118598755066, 2203.667785385733]","[4029.0, 4029.0, 1447.8562062521069, 4029.0, 2093.234667829646, 1257.7362085706611, 2581.143793747893, 4029.0, 4029.0, 1976.6379871669615, 4029.0, 4029.0, 678.0291235996933, 4029.0, 4029.0, 2052.362012833038]","[(29.18493333333334, 11.238933333333332, 11.264533333333333), (0.0, 0.0, 0.0), (0.0, 0.0046, 0.00013333333333333334), (36.35026666666667, 0.25166666666666665, 0.0012), (506.11220000000003, 0.7000666666666667, 1.4158), (267.736, 0.28726666666666667, 0.0504), (36.35046666666667, 0.2538666666666667, 0.0013333333333333333), (278.22166666666675, 0.49906666666666666, 0.15853333333333333), (434.1098, 1.2283333333333333, 0.020466666666666664), (90.52506666666666, 0.3320666666666667, 0.2432666666666667), (244.66713333333328, 0.0014666666666666665, 0.0012), (159.383, 0.27046666666666663, 0.022466666666666666), (349.5247333333333, 0.0023333333333333335, 0.003), (0.0, 0.0, 0.0), (67.1088, 0.0, 0.001), (269.134, 0.0016666666666666668, 0.0014666666666666665)]","[(3, 0.0, 4.4444444444444447e-05), (2, 0.0, 0.0), (1, 0.0, 0.0008111111111111112), (1, 0.0, 0.05533333333333333), (1, 0.0675, 0.04805), (1, 0.0, 0.0011611111111111112), (1, 0.0, 0.0559388888888889), (3, 0.04115, 0.5988777777777777), (3, 0.0, 0.0004555555555555556), (1, 0.0002333333333333333, 0.0568888888888889), (3, 0.00015, 0.019816666666666666), (3, 0.0013666666666666669, 0.02918888888888889), (1, 0.01145, 0.0009944444444444447), (2, 0.0, 0.0), (3, 0.0, 0.0), (3, 0.00031666666666666665, 0.026144444444444446)]","[16, 17, 24, 23, 20, 27, 22, 7, 18, 9, 19, 11, 25, 13, 28, 15]","[15, 6, 11, 12, 14, 14, 11, 2, 0, 1, 7, 4, 14, 9, 5, 1]","[True, True, True, True, True, True, True, True, True, True, True, True, True, True, True, True]"
17,16,"[0, 3021.6958648479776, 510.85018758292983, 0, 1964.079999504682, 1235.3895160495777, 1678.80244212681, 3262.0959778524575, 0, 2445.6290571810214, 2073.45105261294, 4107.999450555, 640.84798693656, 3018.356974389583, 1115.189642163913, 2664.4346859663865]","[4029.0, 4029.0, 1430.5238727280598, 4029.0, 2026.9741653410756, 1298.2836818859712, 2598.47612727194, 4029.0, 4029.0, 1905.0971856073174, 4029.0, 4029.0, 703.7421527729534, 4029.0, 4029.0, 2123.9028143926826]","[(29.79646666666667, 11.306333333333336, 11.331333333333335), (0.0, 0.0, 0.0), (0.0, 0.004533333333333333, 0.0), (36.35046666666667, 0.2538666666666667, 0.0013333333333333333), (713.031, 0.7426, 1.2830666666666666), (279.6198, 0.2951333333333333, 0.05206666666666667), (71.3028, 0.24086666666666667, 0.0012), (392.8656, 0.7547333333333333, 0.24346666666666666), (243.2694, 1.3356666666666668, 0.18259999999999998), (126.996, 0.5407333333333333, 0.289), (254.4540666666667, 0.0026, 0.0088), (234.88039999999998, 0.2981333333333333, 0.018066666666666665), (475.3542666666667, 0.0017333333333333335, 0.0003333333333333333), (0.0, 0.0, 0.0), (47.5354, 0.0, 0.001), (369.09826666666675, 0.0032, 0.0020666666666666667)]","[(3, 0.0, 1.6666666666666667e-05), (2, 0.0, 0.0), (1, 0.0, 0.0008055555555555557), (1, 0.0, 0.0559388888888889), (1, 0.0019333333333333331, 0.002327777777777778), (1, 0.0, 0.0009000000000000001), (1, 0.0, 0.05382777777777778), (3, 0.00026666666666666673, 1.4022944444444445), (3, 0.0, 0.0004166666666666667), (1, 0.0001, 0.059855555555555565), (3, 0.00011666666666666667, 0.017588888888888887), (3, 8.333333333333333e-05, 0.02883888888888889), (1, 0.015333333333333336, 0.0008833333333333333), (2, 0.0, 0.0), (3, 0.0, 0.0), (3, 0.2675166666666666, 0.1220111111111111)]","[16, 17, 24, 23, 20, 27, 22, 7, 18, 9, 19, 11, 25, 13, 28, 15]","[15, 6, 11, 12, 14, 14, 11, 2, 0, 1, 7, 4, 14, 9, 5, 1]","[True, True, True, True, True, True, True, True, True, True, True, True, True, True, True, True]"
18,16,"[884.1326637750533, 2894.8180274289466, 520.8668579276933, 3121.8625785998443, 2079.788639958885, 1128.5450173642087, 1615.8131172183, 3983.2963168658976, 2180.662757134983, 2166.2850887236145, 2293.817831151513, 3519.18619597545, 652.7155422502, 3148.573702267009, 1115.189642163913, 2310.5122840711024]","[4029.0, 4029.0, 1467.0268703546967, 4029.0, 2135.7722401011206, 1184.528617506444, 2561.9731296453033, 4029.0, 4029.0, 1942.3864023262558, 4029.0, 4029.0, 708.6991423924354, 4029.0, 4029.0, 2086.6135976737437]","[(128.62506666666664, 0.00046666666666666666, 0.0014), (0.0, 0.0, 0.0), (0.0, 0.0046, 0.00013333333333333334), (0.0, 0.0, 0.0), (458.5768, 0.723, 1.306), (271.93059999999997, 0.26839999999999997, 0.0528), (46.137, 0.22346666666666667, 0.0013333333333333333), (432.01279999999997, 0.8446, 0.2776), (473.9556, 4.806, 0.02386666666666667), (113.97066666666669, 0.33546666666666664, 0.21846666666666667), (268.435, 0.0018666666666666666, 0.0016), (221.59853333333334, 0.0404, 0.026733333333333335), (552.2496, 0.0023333333333333335, 0.0028666666666666667), (0.0, 0.0, 0.0), (72.7012, 0.0, 0.001), (364.904, 0.0027333333333333333, 0.0014666666666666665)]","[(2, 0.0705, 0.025599999999999998), (2, 0.0, 0.0), (1, 0.0, 0.0008166666666666667), (2, 0.0, 0.0), (1, 0.059366666666666665, 0.06801666666666667), (1, 0.0, 0.00115), (1, 5e-05, 0.05402777777777778), (3, 0.0, 1.846088888888889), (1, 0.0, 0.005094444444444444), (1, 0.0, 0.05419444444444445), (3, 0.00013333333333333334, 0.023688888888888888), (3, 0.0, 0.02946666666666667), (1, 0.0116, 0.001061111111111111), (2, 0.0, 0.0), (3, 0.0, 0.0), (3, 0.0012833333333333332, 0.025400000000000002)]","[29, 17, 24, 30, 20, 27, 22, 7, 31, 9, 19, 11, 25, 13, 28, 15]","[3, 6, 11, 12, 14, 14, 11, 2, 0, 1, 7, 4, 14, 9, 5, 1]","[True, True, True, True, True, True, True, True, True, True, True, True, True, True, True, True]"
19,16,"[845.5631180399, 3151.912592725404, 510.85018758292983, 3065.1014408071205, 2871.947793837662, 1135.2227985320444, 1536.3917945075702, 0, 1462.6758357381586, 2018.3971054226345, 2203.667785385733, 0, 623.0466539661, 3425.7016103138403, 1105.1729687313032, 2560.9290778649356]","[4029.0, 4029.0, 1501.7291965376799, 4029.0, 2671.54204505906, 934.8170497534422, 2527.27080346232, 4029.0, 4029.0, 1743.2340137788492, 4029.0, 4029.0, 422.6409051874979, 4029.0, 4029.0, 2285.7659862211503]","[(120.23626666666664, 0.0, 0.001066666666666667), (0.0, 0.0, 0.0), (0.0, 0.0046, 0.0), (0.0, 0.0, 0.0), (824.879, 0.7441333333333333, 1.3625333333333334), (277.5227333333333, 0.25306666666666666, 0.0498), (58.719800000000006, 0.21913333333333332, 0.0012), (339.7382, 0.8196, 0.2693333333333333), (384.4776, 1.923, 0.024933333333333335), (114.62193333333336, 0.28486666666666666, 0.20433333333333337), (269.134, 0.0016666666666666668, 0.0014666666666666665), (117.44013333333332, 0.04193333333333333, 0.027666666666666673), (503.316, 0.0016666666666666668, 0.0003333333333333333), (0.0, 0.0, 0.0), (33.5544, 0.0, 0.001), (271.9302, 0.0026666666666666666, 0.0020666666666666667)]","[(2, 1.666666666666667e-05, 0.0006111111111111112), (2, 0.0, 0.0), (1, 0.0, 0.0008222222222222222), (2, 0.0, 0.0), (1, 1.0255833333333333, 0.54465), (1, 0.0, 0.001172222222222222), (1, 1.666666666666667e-05, 0.053094444444444444), (3, 3.3333333333333335e-05, 1.7759777777777779), (1, 0.0, 0.005011111111111111), (1, 3.3333333333333335e-05, 0.05196111111111111), (3, 0.00031666666666666665, 0.026144444444444446), (3, 0.0027166666666666667, 0.027800000000000002), (1, 0.015533333333333333, 0.0008555555555555556), (2, 0.0, 0.0), (3, 0.0, 0.0), (3, 0.005633333333333334, 0.03143333333333334)]","[29, 17, 24, 30, 20, 27, 22, 7, 31, 9, 19, 11, 25, 13, 28, 15]","[3, 6, 11, 12, 14, 14, 11, 2, 0, 1, 7, 4, 14, 9, 5, 1]","[True, True, True, True, True, True, True, True, True, True, True, True, True, True, True, True]"
20,16,"[809.96046043822, 2938.223603388089, 524.2057480426145, 2911.512479720924, 1993.7488816724258, 1208.6783913782356, 1618.55178351867, 2327.8664038117226, 2530.7555535185593, 1966.362444631549, 2664.4346859663865, 454.0891471920266, 661.6162087354301, 3442.3960626058183, 1111.8507510197098, 2520.8623908579216]","[4029.0, 3256.567228098031, 1467.3269822619723, 4029.0, 2048.734387743729, 1263.6638974495384, 2561.6730177380277, 4029.0, 4029.0, 1737.2500268868134, 4029.0, 772.4327719019686, 716.601714806733, 4029.0, 4029.0, 2291.749973113186]","[(72.7008, 6.666666666666668e-05, 0.0015333333333333334), (0.0, 0.0, 0.0), (22.3696, 0.004666666666666667, 0.0002), (0.0, 0.0, 0.0), (721.4196, 0.7326, 1.4462000000000002), (304.0866, 0.2961333333333333, 0.05726666666666666), (46.1372, 0.21906666666666663, 0.0013333333333333333), (335.544, 0.016466666666666664, 0.009866666666666668), (419.43, 3.8347333333333333, 0.0464), (98.99153333333334, 0.26739999999999997, 0.19593333333333338), (369.09826666666675, 0.0032, 0.0020666666666666667), (29.621666666666673, 4.1293999999999995, 4.1416), (426.4208, 0.0021333333333333334, 0.002933333333333333), (0.0, 0.0, 0.0), (39.146800000000006, 0.0, 0.001), (274.72646666666674, 0.0041333333333333335, 0.009866666666666668)]","[(2, 0.0, 0.0005666666666666668), (2, 0.0, 0.0), (1, 0.0, 0.0008666666666666667), (2, 0.0, 0.0), (1, 0.0, 0.0003444444444444444), (1, 0.0, 0.0010444444444444444), (1, 0.0, 0.05315555555555555), (3, 0.0, 0.015905555555555555), (1, 0.00031666666666666665, 0.004988888888888889), (1, 0.0, 0.051827777777777785), (3, 0.2675166666666666, 0.1220111111111111), (3, 0.0, 1.6666666666666667e-05), (1, 0.01175, 0.0009611111111111112), (2, 0.0, 0.0), (3, 0.0, 0.0), (3, 0.0009833333333333335, 0.03336666666666666)]","[29, 17, 24, 30, 20, 27, 22, 32, 31, 9, 19, 33, 25, 13, 28, 15]","[3, 6, 11, 12, 14, 14, 11, 2, 0, 1, 7, 6, 14, 9, 5, 1]","[True, True, True, True, True, True, True, True, True, True, True, True, True, True, True, True]"
21,16,"[1317.2983312621604, 2958.2569461384624, 0, 3145.2348118086134, 2118.3581867769535, 1225.3728442978247, 1607.5971183171898, 2503.141050686958, 1379.6029687996834, 1996.48777456323, 0, 1315.5229705416066, 634.9142092797401, 3475.784967189774, 1252.08417907625, 2607.673546039784]","[4029.0, 2835.866987798428, 1210.7014408414052, 4029.0, 2135.1431066587807, 1242.157764179652, 2818.298559158595, 4029.0, 4029.0, 1708.9071142617229, 4029.0, 1193.1330122015722, 651.6991291615674, 4029.0, 4029.0, 2320.092885738277]","[(75.49706666666667, 0.0, 0.001066666666666667), (0.0, 0.0, 0.0), (78.29360000000001, 0.004533333333333333, 6.666666666666668e-05), (0.0, 0.0, 0.0), (626.3488000000001, 0.7791333333333333, 1.1652666666666667), (292.20259999999996, 0.28073333333333333, 0.056799999999999996), (32.15606666666666, 0.22213333333333332, 0.0012666666666666666), (427.8186, 0.011466666666666667, 0.006066666666666666), (442.49846666666673, 3.044, 0.055333333333333345), (100.29406666666667, 0.28213333333333335, 0.20133333333333336), (364.904, 0.0027333333333333333, 0.0014666666666666665), (29.53446666666667, 12.107333333333337, 12.139266666666664), (398.45840000000004, 0.0017333333333333335, 0.0004), (0.0, 0.0, 0.0), (173.3644, 6.666666666666668e-05, 0.0016), (269.13426666666675, 0.0028, 0.002466666666666667)]","[(2, 1.666666666666667e-05, 0.0007), (2, 0.0, 0.0), (1, 0.0, 0.000861111111111111), (2, 0.0, 0.0), (1, 0.0019833333333333335, 0.0026333333333333334), (1, 0.0, 0.001027777777777778), (1, 0.0, 0.05301111111111111), (3, 1.666666666666667e-05, 0.017866666666666666), (1, 0.0, 0.004972222222222222), (1, 1.666666666666667e-05, 0.05187777777777777), (3, 0.0012833333333333332, 0.025400000000000002), (3, 0.0, 1.6666666666666667e-05), (1, 0.015733333333333332, 0.001), (2, 0.0, 0.0), (3, 0.03166666666666667, 0.0017722222222222221), (3, 0.0003333333333333333, 0.03149444444444444)]","[29, 17, 24, 30, 20, 27, 22, 32, 31, 9, 19, 33, 25, 13, 28, 15]","[3, 6, 11, 12, 14, 14, 11, 2, 0, 1, 7, 6, 14, 9, 5, 1]","[True, True, True, True, True, True, True, True, True, True, True, True, True, True, True, True]"
22,16,"[1459.7089616688797, 3018.356974389583, 454.0891471920266, 2988.3069602640226, 2145.060180727923, 1228.7117348817424, 1917.0664102590001, 2497.663717972107, 1530.9142621519063, 2029.3517708523368, 1646.6233023008167, 1135.2228679800667, 655.6824310786097, 3732.8795324862313, 0, 2350.5789710781155]","[4029.0, 2956.067053204758, 747.3910934640019, 3281.608906535998, 2144.9087318318316, 1228.5602859856506, 4029.0, 4029.0, 4029.0, 1853.8863998871107, 4029.0, 1072.9329467952418, 655.5309821825181, 4029.0, 4029.0, 2175.1136001128893]","[(114.64386666666668, 0.0, 0.0011333333333333332), (0.0, 0.0, 0.0), (29.621666666666673, 4.1293999999999995, 4.1416), (0.0, 0.0, 0.0), (542.4628, 0.7475333333333333, 1.4531333333333334), (276.8236, 0.27726666666666666, 0.054666666666666655), (58.719800000000006, 0.34153333333333336, 0.0017333333333333335), (419.43, 0.0086, 0.004933333333333334), (440.4012, 3.206266666666667, 0.1867333333333333), (104.20166666666668, 0.267, 0.19686666666666666), (125.829, 0.9397333333333332, 0.7602666666666668), (31.3258, 10.272666666666666, 10.300266666666666), (391.4678666666666, 0.0023333333333333335, 0.003), (0.0, 0.0, 0.0), (156.58720000000002, 6.666666666666668e-05, 0.001066666666666667), (272.62946666666676, 0.0018666666666666666, 0.0016)]","[(2, 0.0, 0.0006555555555555555), (2, 0.0, 0.0), (3, 0.0, 1.6666666666666667e-05), (2, 0.0, 0.0), (1, 0.07328333333333333, 0.0468111111111111), (1, 0.0, 0.0013833333333333334), (1, 0.00016666666666666666, 0.06364444444444443), (3, 0.0, 0.021744444444444445), (1, 1.666666666666667e-05, 0.0052), (1, 3.3333333333333335e-05, 0.05137777777777777), (2, 0.0, 0.009888888888888888), (3, 0.0, 4.4444444444444447e-05), (1, 0.011933333333333336, 0.001027777777777778), (2, 0.0, 0.0), (3, 0.0, 0.0002833333333333333), (3, 0.0004166666666666666, 0.026177777777777776)]","[29, 17, 34, 30, 20, 27, 22, 32, 31, 9, 35, 33, 25, 13, 28, 15]","[3, 6, 12, 12, 14, 14, 11, 2, 0, 1, 7, 6, 14, 9, 5, 1]","[True, True, True, True, True, True, True, True, True, True, True, True, True, True, True, True]"
23,16,"[0, 3148.573702267009, 1315.5229705416066, 3008.340303014396, 2245.9343800982538, 1318.8617806475224, 2037.56772747528, 2664.722365775066, 1483.4440524727775, 1991.0104418483793, 1622.8881916370212, 1145.2395403445964, 626.01354279451, 3782.9628893621643, 599.3113997345512, 2417.356782756471]","[4029.0, 3016.1670809612065, 1168.0913337636055, 2860.9086662363948, 2191.9978122514917, 1264.9252128007604, 4029.0, 4029.0, 4029.0, 1801.3268295459543, 4029.0, 1012.8329190387938, 572.076974947748, 4029.0, 4029.0, 2227.673170454046]","[(92.27413333333331, 6.666666666666668e-05, 0.0013333333333333333), (0.0, 0.0, 0.0), (29.53446666666667, 12.107333333333337, 12.139266666666664), (0.0, 0.0, 0.0), (710.2348000000001, 0.9372, 1.3942), (332.04866666666675, 0.30326666666666663, 0.05866666666666666), (29.3598, 0.5571333333333334, 0.0044), (455.7806, 0.011333333333333336, 0.005066666666666666), (478.84913333333344, 2.3301999999999996, 0.8102), (76.1972, 0.28906666666666664, 0.20346666666666666), (139.81, 0.972, 0.7780666666666667), (31.238400000000002, 10.958333333333334, 10.986266666666667), (440.4016, 0.0017333333333333335, 0.0003333333333333333), (0.0, 0.0, 0.0), (0.0, 0.004733333333333333, 0.00013333333333333334), (289.4064, 0.0022, 0.0018666666666666666)]","[(2, 1.666666666666667e-05, 0.003455555555555556), (2, 0.0, 0.0), (3, 0.0, 1.6666666666666667e-05), (2, 0.0, 0.0), (1, 0.003016666666666666, 0.05234444444444444), (1, 0.0, 0.0009222222222222221), (1, 0.00015, 0.1132611111111111), (3, 0.0, 0.016805555555555553), (1, 0.0, 0.004461111111111111), (1, 0.00013333333333333334, 0.05233888888888889), (2, 0.0, 0.011461111111111111), (3, 0.0, 2.2222222222222223e-05), (1, 0.016149999999999998, 0.0009166666666666666), (2, 0.0, 0.0), (3, 0.0, 0.0014222222222222223), (3, 0.19908333333333336, 0.026938888888888887)]","[29, 17, 34, 30, 20, 27, 22, 32, 31, 9, 35, 33, 25, 13, 36, 15]","[3, 6, 12, 12, 14, 14, 11, 2, 0, 1, 7, 6, 14, 9, 5, 1]","[True, True, True, True, True, True, True, True, True, True, True, True, True, True, True, True]"
24,16,"[450.7502254398, 3425.7016103138403, 1135.2228679800667, 3068.4403312655163, 3233.9081562841443, 1228.7117348817424, 0, 2478.4930534701275, 949.4041935825778, 1865.0317894068035, 1578.3848591424044, 1218.6951376844836, 649.7486534217899, 0, 620.0796165570354, 0]","[4029.0, 3118.0032363146784, 1047.891268357275, 2981.1087316427247, 2872.7853080882523, 867.5888866858502, 4029.0, 4029.0, 4029.0, 2947.0158947034015, 4029.0, 910.9967636853216, 288.62580522589775, 4029.0, 4029.0, 1081.9841052965983]","[(184.549, 0.0, 0.0), (0.0, 0.0, 0.0), (31.3258, 10.272666666666666, 10.300266666666666), (0.0, 0.0, 0.0), (478.1502, 1.5555999999999999, 1.8252000000000002), (318.06759999999997, 0.2734, 0.057466666666666666), (50.3314, 0.34666666666666673, 0.0016666666666666668), (332.7478, 0.012333333333333335, 0.0056), (333.44686666666666, 0.9099333333333333, 0.8626), (85.9662, 0.27253333333333335, 0.19946666666666668), (184.5492, 0.9548666666666666, 0.7652666666666668), (30.75773333333333, 11.004733333333336, 11.030333333333335), (580.2119333333335, 0.0024, 0.003), (0.0, 0.0, 0.0), (0.0, 0.004666666666666667, 6.666666666666668e-05), (292.9018, 0.0003333333333333333, 0.0004)]","[(1, 0.0, 0.00029444444444444445), (2, 0.0, 0.0), (3, 0.0, 4.4444444444444447e-05), (2, 0.0, 0.0), (1, 0.0011333333333333332, 0.0015055555555555556), (1, 0.0, 0.0007888888888888889), (1, 0.002466666666666667, 0.06152777777777777), (3, 0.0, 0.021144444444444445), (1, 0.0, 0.004088888888888889), (1, 0.0, 0.052361111111111115), (2, 1.666666666666667e-05, 0.010605555555555557), (3, 0.0, 2.2222222222222223e-05), (1, 0.012150000000000001, 0.00095), (2, 0.0, 0.0), (3, 0.0, 0.001661111111111111), (3, 0.04091666666666667, 0.011177777777777778)]","[37, 17, 34, 30, 20, 27, 22, 32, 31, 9, 35, 33, 25, 13, 36, 15]","[15, 6, 12, 12, 14, 14, 11, 2, 0, 1, 7, 6, 14, 9, 5, 1]","[True, True, True, True, True, True, True, True, True, True, True, True, True, True, True, True]"
25,14,"[570.9502855570801, 3442.3960626058183, 1145.2395403445964, 3021.6958648479776, 4138.80906240035, 1175.2894855390578, 0, 2629.1197031285333, 0, 0, 1622.8881916370212, 1191.9840113790701, 0, 0, 578.5431829120669, 685.3513090824399]","[4029.0, 3139.706025613374, 1076.2718377483095, 2952.7281622516907, 3710.442879753881, 746.9233028925885, 0, 4029.0, 4029.0, 4029.0, 4029.0, 889.2939743866259, -428.3661826464692, 0, 1961.0959369148134, 2067.9040630851864]","[(225.0938, 0.0, 0.0), (0.0, 0.0, 0.0), (31.238400000000002, 10.958333333333334, 10.986266666666667), (0.0, 0.0, 0.0), (673.8842, 1.5523333333333331, 1.8134000000000001), (304.0866, 0.26866666666666666, 0.058866666666666664), 0, (377.487, 0.011333333333333336, 0.0054), (199.92773333333332, 0.9031333333333333, 0.010666666666666666), (92.47886666666669, 0.26613333333333333, 0.19846666666666668), (131.4214, 0.9578666666666666, 0.7716000000000001), (30.932599999999997, 11.007200000000001, 11.033333333333335), (566.2307333333333, 0.0016666666666666668, 0.0002666666666666667), 0, (0.0, 0.004533333333333333, 0.0), (232.08433333333338, 0.9976, 0.007)]","[(1, 0.0, 0.0002833333333333333), (2, 0.0, 0.0), (3, 0.0, 2.2222222222222223e-05), (2, 0.0, 0.0), (1, 1.0415999999999999, 0.5724111111111111), (1, 0.0, 0.000861111111111111), 0, (3, 0.0, 0.030616666666666664), (1, 0.0, 0.005077777777777777), (1, 0.0026333333333333334, 0.052366666666666666), (2, 0.0, 0.010555555555555558), (3, 0.0, 2.2222222222222223e-05), (1, 0.01635, 0.00095), 0, (3, 0.0, 0.0012944444444444446), (3, 0.0, 0.0005111111111111112)]","[37, 17, 34, 30, 20, 27, -1, 32, 31, 9, 35, 33, 25, -1, 36, 40]","[15, 6, 12, 12, 14, 14, -1, 2, 0, 1, 7, 6, 14, -1, 5, 5]","[True, True, True, True, True, True, False, True, True, True, True, True, True, False, True, True]"
26,13,"[500.8335838220001, 3475.784967189774, 1218.6951376844836, 2894.8180274289466, 3308.0803617035053, 1252.0839689691668, 0, 2505.879717044383, 590.9835929581135, 3815.4812123039737, 1596.1861921402513, 1198.6617929554236, 0, 0, 581.5100710295644, 741.7221959766666]","[4029.0, 3153.061587117175, 1176.4385551277683, 2852.5614448722313, 3042.4981963671694, 986.5018036328308, 0, 4029.0, 4029.0, 4029.0, 4029.0, 875.9384128828247, 0, 0, 1934.3939375264488, 2094.606062473551]","[(191.5394, 0.0, 0.0), (0.0, 0.0, 0.0), (30.75773333333333, 11.004733333333336, 11.030333333333335), (0.0, 0.0, 0.0), (894.7841999999999, 1.598466666666667, 1.968333333333333), (299.8922, 0.2914, 0.05526666666666666), 0, (321.563, 0.0134, 0.007933333333333334), (265.6387333333333, 0.05313333333333333, 0.031266666666666665), (1426.063, 0.14286666666666667, 0.5943999999999999), (153.791, 0.9633999999999999, 0.7669333333333332), (29.2284, 11.277066666666668, 11.304066666666667), 0, 0, (0.0, 0.004733333333333333, 0.0), (264.24086666666665, 0.7731333333333333, 0.0056)]","[(1, 1.666666666666667e-05, 0.0002611111111111111), (2, 0.0, 0.0), (3, 0.0, 2.2222222222222223e-05), (2, 0.0, 0.0), (1, 0.0013, 0.001966666666666667), (1, 0.0, 0.0008333333333333334), 0, (3, 0.0, 0.017744444444444448), (3, 0.0, 0.006316666666666667), (3, 0.005116666666666666, 0.1869), (2, 0.0, 0.0117), (3, 0.0, 2.2222222222222223e-05), 0, 0, (3, 0.0, 0.0012333333333333335), (3, 0.0, 0.0006277777777777777)]","[37, 17, 34, 30, 20, 27, -1, 32, 39, 41, 35, 33, -1, -1, 36, 40]","[15, 6, 12, 12, 14, 14, -1, 2, 11, 13, 7, 6, -1, -1, 5, 5]","[True, True, True, True, True, True, False, True, True, True, True, True, False, False, True, True]"
27,13,"[0, 3732.8795324862313, 1191.9840113790701, 3151.912592725404, 3144.901509780911, 1205.339500794318, 0, 2519.573048831511, 580.9669218910268, 2446.521763816231, 1655.52396879974, 1178.6284482263632, 0, 0, 578.5431829120669, 623.0466446204]","[4029.0, 3291.625542129934, 1034.535709326833, 2994.464290673167, 2984.2810044932967, 1044.7189955067035, 0, 4029.0, 4029.0, 4029.0, 4029.0, 737.3744578700657, 0, 0, 1992.2482691458333, 2036.7517308541665]","[(225.09366666666662, 0.0, 0.0), (0.0, 0.0, 0.0), (30.932599999999997, 11.007200000000001, 11.033333333333335), (0.0, 0.0, 0.0), (727.012, 1.5444666666666669, 1.7056666666666669), (294.2998, 0.28173333333333334, 0.05493333333333333), 0, (343.9326, 0.013333333333333336, 0.0074666666666666675), (272.62933333333325, 0.053200000000000004, 0.03573333333333333), (1311.4188000000001, 0.1956, 0.7402000000000001), (125.829, 0.9370666666666667, 0.7570666666666667), (27.96146666666667, 11.744666666666664, 11.770666666666664), 0, 0, (0.0, 0.004733333333333333, 6.666666666666668e-05), (260.0463333333334, 0.6686, 0.004866666666666666)]","[(1, 0.0, 0.0002833333333333333), (2, 0.0, 0.0), (3, 0.0, 2.2222222222222223e-05), (2, 0.0, 0.0), (1, 0.0019666666666666665, 0.05048333333333333), (1, 0.0, 0.001), 0, (3, 0.0, 0.017083333333333332), (3, 0.0, 0.0011611111111111112), (3, 0.0006, 0.11304444444444445), (2, 0.06273333333333334, 0.031105555555555553), (3, 0.0, 2.2222222222222223e-05), 0, 0, (3, 0.0, 0.0012666666666666666), (3, 0.0, 0.0004277777777777778)]","[37, 17, 34, 30, 20, 27, -1, 32, 39, 41, 35, 33, -1, -1, 36, 40]","[15, 6, 12, 12, 14, 14, -1, 8, 11, 1, 7, 6, -1, -1, 5, 5]","[True, True, True, True, True, True, False, True, True, True, True, True, False, False, True, True]"
28,15,"[1071.7839430047102, 3782.9628893621643, 1198.6617929554236, 2938.223603388089, 3242.8088209344673, 1238.7284066334953, 0, 2440.1517244661704, 557.5946894011578, 2303.8585840403466, 2278.570623724373, 1141.90064955642, 0, 628.9803113908888, 593.3776234995555, 620.0797558364931]","[4029.0, 3335.0311199028724, 1144.7190947836675, 2884.280905216333, 3016.540207150486, 1012.4597928495139, 0, 2920.085706537641, 4029.0, 4029.0, 4029.0, 693.968880097128, 4029.0, 1108.9142934623592, 2001.1489338315312, 2027.8510661684686]","[(125.829, 0.0033333333333333335, 0.0012666666666666666), (0.0, 0.0, 0.0), (29.2284, 11.277066666666668, 11.304066666666667), (0.0, 0.0, 0.0), (578.8134, 1.5288, 1.8861333333333334), (281.7169333333334, 0.28753333333333336, 0.054), 0, (478.1502, 0.012199999999999999, 0.007066666666666666), (160.78126666666668, 0.05293333333333333, 0.031466666666666664), (1255.4948, 0.13406666666666667, 0.4640666666666667), (226.49220000000003, 0.9202666666666668, 0.7430666666666668), (28.00533333333333, 10.849266666666667, 10.8736), (75.84646666666666, 0.0, 0.0), (320.1647333333333, 0.0011333333333333332, 0.0015333333333333334), (67.1088, 0.004666666666666667, 6.666666666666668e-05), (222.2978, 0.6696, 0.0051333333333333335)]","[(3, 0.0, 0.0006444444444444443), (2, 0.0, 0.0), (3, 0.0, 2.2222222222222223e-05), (2, 0.0, 0.0), (1, 0.07088333333333334, 0.05034444444444444), (1, 0.0, 0.00115), 0, (3, 0.0009, 0.02215), (3, 0.0, 0.0011222222222222222), (3, 1.666666666666667e-05, 0.12178333333333334), (2, 0.09268333333333334, 0.011455555555555556), (3, 0.0, 1.6666666666666667e-05), (2, 0.00015, 0.0002722222222222222), (2, 0.0037166666666666667, 0.0028777777777777777), (3, 0.0, 0.0012222222222222224), (3, 0.0, 0.0005)]","[38, 17, 34, 30, 20, 27, -1, 32, 39, 41, 35, 33, 43, 44, 36, 40]","[3, 6, 12, 12, 14, 14, -1, 8, 11, 1, 7, 6, 13, 8, 5, 5]","[True, True, True, True, True, True, False, True, True, True, True, True, True, True, True, True]"
29,15,"[1068.445052216534, 3388.973815271489, 1178.6284482263632, 2958.2569461384624, 3296.2128088364075, 1255.4228595530844, 0, 2429.1970590364676, 0, 2662.034226881929, 1590.2524144743022, 1148.5784311327734, 3815.4812123039737, 634.9140879134446, 0, 640.8479773238399]","[4029.0, 3134.697692069358, 1124.6857510439504, 2904.3142489560496, 3034.8949746416615, 994.1050253583385, 0, 2911.641485561511, 4029.0, 4029.0, 4029.0, 894.3023079306422, 4029.0, 1117.3585144384883, 1694.07601133808, 2334.92398866192]","[(170.56820000000002, 0.0034, 0.0014666666666666665), (0.0, 0.0, 0.0), (27.96146666666667, 11.744666666666664, 11.770666666666664), (0.0, 0.0, 0.0), (746.5854, 1.6389333333333334, 1.749), (282.41613333333333, 0.3092, 0.0536), 0, (461.373, 0.013266666666666668, 0.0067333333333333325), (143.3049333333333, 0.05273333333333334, 0.030533333333333336), (1470.8021999999999, 0.18553333333333333, 0.47233333333333327), (142.6062, 0.9306666666666665, 0.7520666666666668), (29.18493333333334, 11.238933333333332, 11.264533333333333), (1426.063, 0.14286666666666667, 0.5943999999999999), (300.59133333333324, 0.0011333333333333332, 0.0015333333333333334), (22.3696, 0.0048, 0.0), (184.54886666666667, 0.6701333333333334, 0.0057333333333333325)]","[(3, 0.0, 0.0005666666666666666), (2, 0.0, 0.0), (3, 0.0, 2.2222222222222223e-05), (2, 0.0, 0.0), (1, 0.0016833333333333331, 0.04975), (1, 0.0, 0.0005888888888888889), 0, (3, 0.0, 0.017055555555555553), (3, 0.0, 0.0011333333333333332), (3, 1.666666666666667e-05, 0.1395388888888889), (2, 0.0, 0.012455555555555557), (3, 0.0, 4.4444444444444447e-05), (3, 0.005116666666666666, 0.1869), (2, 0.0004, 0.0023666666666666667), (3, 0.0, 0.0012777777777777776), (3, 0.0, 0.00046111111111111103)]","[38, 17, 34, 30, 20, 27, -1, 32, 39, 41, 35, 33, 45, 44, 36, 40]","[3, 6, 12, 12, 14, 14, -1, 8, 11, 1, 7, 6, 0, 8, 5, 5]","[True, True, True, True, True, True, False, True, True, True, True, True, True, True, True, True]"
30,15,"[1095.1561785219467, 3395.6515961882797, 1141.90064955642, 3018.356974389583, 3136.0008451305875, 1101.8338926928666, 0, 2420.981059964191, 1108.5118598755066, 2986.820614882346, 1563.5504149775322, 1181.9673390145404, 2446.521763816231, 557.7749931202221, 2327.8664038117226, 620.0797558364931]","[4029.0, 3121.34212858687, 1076.2718375834183, 2952.728162416581, 3031.5834762188606, 997.4165237811396, 0, 2946.1030334219845, 4029.0, 4029.0, 4029.0, 907.6578714131306, 4029.0, 1082.8969665780155, 2868.393323987615, 1160.6066760123854]","[(170.56820000000002, 0.0033333333333333335, 0.0014), (0.0, 0.0, 0.0), (28.00533333333333, 10.849266666666667, 10.8736), (0.0, 0.0, 0.0), (606.7754, 1.5655999999999999, 1.7066), (264.94006666666667, 0.23893333333333336, 0.04573333333333334), 0, (416.6338, 0.0116, 0.0067333333333333325), (67.1088, 0.0, 0.001), (1311.4188000000001, 0.14286666666666667, 0.5135333333333333), (117.4404, 0.9303333333333335, 0.7412666666666667), (29.79646666666667, 11.306333333333336, 11.331333333333335), (1311.4188000000001, 0.1956, 0.7402000000000001), (288.00833333333327, 0.0011333333333333332, 0.0014), (335.544, 0.016466666666666664, 0.009866666666666668), (183.1509333333333, 0.6727333333333332, 0.005)]","[(3, 0.0, 0.0008388888888888889), (2, 0.0, 0.0), (3, 0.0, 1.6666666666666667e-05), (2, 0.0, 0.0), (1, 0.0, 0.0005055555555555555), (1, 0.0, 0.0006888888888888888), 0, (3, 0.0, 0.024077777777777778), (3, 0.0, 0.0), (3, 5e-05, 0.13139444444444442), (2, 0.0, 0.010772222222222223), (3, 0.0, 1.6666666666666667e-05), (3, 0.0006, 0.11304444444444445), (2, 0.00026666666666666673, 0.002455555555555556), (3, 0.0, 0.015905555555555555), (3, 0.0, 0.0005277777777777777)]","[38, 17, 34, 30, 20, 27, -1, 32, 46, 41, 35, 33, 45, 44, 47, 40]","[3, 6, 12, 12, 14, 14, -1, 8, 4, 1, 7, 6, 0, 8, 5, 5]","[True, True, True, True, True, True, False, True, True, True, True, True, True, True, True, True]"
31,16,"[1105.1728508864767, 3432.379391230631, 1148.5784311327734, 3148.573702267009, 3097.431298312519, 1111.85056444462, 520.8668579276933, 2366.2077328156797, 1115.189642163913, 2953.431360041183, 1554.649748478609, 1178.6284482263632, 2303.8585840403466, 590.4107639942779, 2503.141050686958, 596.34464556524]","[4029.0, 3141.375471502134, 1014.5023644328821, 3014.497635567118, 3007.2903669339494, 1021.7096330660502, 4029.0, 2902.398484410701, 4029.0, 4029.0, 4029.0, 887.6245284978663, 4029.0, 1126.601515589299, 2967.898202560859, 1061.101797439141]","[(128.6252, 0.0032, 0.0014), (0.0, 0.0, 0.0), (29.18493333333334, 11.238933333333332, 11.264533333333333), (0.0, 0.0, 0.0), (469.7616, 1.4955999999999998, 1.822733333333333), (278.9208, 0.29560000000000003, 0.05173333333333334), (0.0, 0.0046, 6.666666666666668e-05), (402.6528, 0.011733333333333332, 0.0074666666666666675), (47.5354, 0.0, 0.001), (1311.4188000000001, 0.188, 0.5201333333333333), (83.886, 0.8937333333333333, 0.7318666666666667), (29.66546666666667, 11.591533333333333, 11.616), (1255.4948, 0.13406666666666667, 0.4640666666666667), (311.7758666666666, 0.0011333333333333332, 0.0015333333333333334), (427.8186, 0.011466666666666667, 0.006066666666666666), (211.11286666666666, 0.7809333333333333, 0.005533333333333332)]","[(3, 0.0, 0.0005555555555555557), (2, 0.0, 0.0), (3, 0.0, 4.4444444444444447e-05), (2, 0.0, 0.0), (1, 0.24515, 0.08227777777777777), (1, 0.0, 0.0006055555555555556), (1, 0.0, 0.0008722222222222223), (3, 1.666666666666667e-05, 0.02868888888888889), (3, 0.0, 0.0), (3, 3.3333333333333335e-05, 0.16156666666666666), (2, 0.0, 0.007866666666666668), (3, 0.0, 2.2222222222222223e-05), (3, 1.666666666666667e-05, 0.12178333333333334), (2, 0.0, 0.002388888888888889), (3, 1.666666666666667e-05, 0.017866666666666666), (3, 0.0, 0.00045000000000000004)]","[38, 17, 34, 30, 20, 27, 42, 32, 46, 41, 35, 33, 45, 44, 47, 40]","[3, 6, 12, 12, 14, 14, 9, 8, 4, 1, 7, 6, 0, 8, 5, 5]","[True, True, True, True, True, True, True, True, True, True, True, True, True, True, True, True]"
32,16,"[1078.4617245810634, 3385.6349248130928, 1181.9673390145404, 3425.7016103138403, 2097.589969259532, 1292.15065597618, 530.8835282724567, 2826.303680863173, 1115.189642163913, 2989.8560016860883, 0, 1005.0061272411768, 2662.034226881929, 534.03988703, 2497.663717972107, 759.5235286801067]","[4029.0, 3204.814398785958, 892.6328643503498, 3136.3671356496498, 2417.219656641676, 1611.7803433583238, 4029.0, 3160.631896916587, 4029.0, 4029.0, 4029.0, 824.1856012140421, 4029.0, 868.3681030834134, 2883.570094646, 1145.4299053539999]","[(134.2176, 0.0033333333333333335, 0.0014), (0.0, 0.0, 0.0), (29.79646666666667, 11.306333333333336, 11.331333333333335), (0.0, 0.0, 0.0), (436.2072, 0.7686666666666665, 1.4219333333333335), (292.9019333333334, 0.3054, 0.05866666666666666), (0.0, 0.004733333333333333, 0.00013333333333333334), (363.506, 0.0166, 0.009666666666666665), (72.7012, 0.0, 0.001), (1177.2012, 0.14893333333333333, 0.6776666666666666), (92.2746, 0.9142666666666668, 0.7324666666666667), (30.01513333333334, 8.723066666666668, 8.7436), (1470.8021999999999, 0.18553333333333333, 0.47233333333333327), (325.75713333333334, 0.0011333333333333332, 0.0014666666666666665), (419.43, 0.0086, 0.004933333333333334), (232.0842666666667, 0.9956, 0.0072)]","[(3, 0.0, 0.0007111111111111111), (2, 0.0, 0.0), (3, 0.0, 1.6666666666666667e-05), (2, 0.0, 0.0), (1, 0.0, 0.0004555555555555556), (1, 0.0, 0.000977777777777778), (1, 0.0, 0.0008388888888888889), (3, 0.0, 0.017905555555555557), (3, 0.0, 0.0), (3, 5e-05, 0.12382222222222221), (2, 0.0, 0.010216666666666666), (3, 0.0, 2.7777777777777776e-05), (3, 1.666666666666667e-05, 0.1395388888888889), (2, 0.0006666666666666666, 0.0023944444444444447), (3, 0.0, 0.021744444444444445), (3, 0.0, 0.0005)]","[38, 17, 34, 30, 20, 27, 42, 32, 46, 41, 35, 33, 45, 44, 47, 40]","[3, 6, 12, 12, 14, 14, 9, 8, 4, 1, 7, 6, 0, 8, 5, 5]","[True, True, True, True, True, True, True, True, True, True, True, True, True, True, True, True]"
33,16,"[1058.4283798520034, 3332.2126774787644, 1178.6284482263632, 3442.3960626058183, 1744.5302714633733, 1238.7284066334953, 554.2557590769045, 2823.565014505748, 1105.1729687313032, 5888.650399259911, 2006.6731654957287, 1215.3562468963066, 2986.820614882346, 522.1723339848888, 2664.722365775066, 821.8281931421467]","[4029.0, 3072.9282152912288, 882.6161928102724, 3146.3838071897276, 2267.4009324149392, 1761.599067585061, 4029.0, 3165.1963402604297, 4029.0, 4029.0, 4029.0, 956.071784708771, 4029.0, 863.8036597395705, 2935.9470863164597, 1093.0529136835403]","[(268.4352, 0.0032666666666666664, 0.0013333333333333333), (0.0, 0.0, 0.0), (29.66546666666667, 11.591533333333333, 11.616), (0.0, 0.0, 0.0), (360.7098, 0.7321333333333333, 1.3404), (262.1436, 0.27673333333333333, 0.05373333333333334), (0.0, 0.0044, 0.0), (422.2262, 0.03953333333333333, 0.018666666666666668), (33.5544, 0.0, 0.001), (1269.4758, 0.3529333333333333, 0.49439999999999995), (306.18366666666674, 0.5942000000000001, 0.19193333333333337), (30.233466666666672, 11.099666666666664, 11.125866666666667), (1311.4188000000001, 0.14286666666666667, 0.5135333333333333), (304.78553333333326, 0.0011333333333333332, 0.0014666666666666665), (455.7806, 0.011333333333333336, 0.005066666666666666), (201.326, 1.1070666666666666, 0.0068)]","[(3, 0.0, 0.00065), (2, 0.0, 0.0), (3, 0.0, 2.2222222222222223e-05), (2, 0.0, 0.0), (1, 0.0, 0.00023333333333333333), (1, 0.0, 0.0009944444444444447), (1, 0.0, 0.0008277777777777778), (3, 0.0, 0.019144444444444443), (3, 0.0, 0.0), (3, 0.1731833333333333, 0.38794999999999996), (3, 0.011550000000000001, 0.43049444444444446), (3, 0.0, 2.7777777777777776e-05), (3, 5e-05, 0.13139444444444442), (2, 6.666666666666667e-05, 0.0023833333333333337), (3, 0.0, 0.016805555555555553), (3, 0.0, 0.0004388888888888889)]","[38, 17, 34, 30, 20, 27, 42, 32, 46, 41, 48, 33, 45, 44, 47, 40]","[3, 6, 12, 12, 14, 14, 9, 8, 4, 1, 10, 6, 0, 8, 5, 5]","[True, True, True, True, True, True, True, True, True, True, True, True, True, True, True, True]"
34,16,"[1075.1228337928867, 3415.6849389386534, 1005.0061272411768, 3475.784967189774, 5485.776312815947, 0, 0, 2689.3703629918955, 1111.8507510197098, 4252.576912042853, 1352.2506356501997, 1025.0394719702365, 2953.431360041183, 531.0729987687222, 2478.4930534701275, 0]","[4029.0, 3209.8227334842086, 779.1105800257016, 3249.8894199742986, 4757.388156407973, -728.3881564079734, 4029.0, 3093.648682111587, 4029.0, 4029.0, 4029.0, 819.1772665157916, 4029.0, 935.3513178884133, 3253.7465267350635, 775.2534732649362]","[(248.8618, 0.0033333333333333335, 0.0014), (0.0, 0.0, 0.0), (30.01513333333334, 8.723066666666668, 8.7436), (0.0, 0.0, 0.0), (1040.1868, 0.8433999999999999, 2.1876666666666664), (271.93026666666674, 0.2806, 0.05026666666666666), (0.0, 0.0046, 0.00013333333333333334), (433.411, 0.0188, 0.012333333333333335), (39.146800000000006, 0.0, 0.001), (1974.1186, 0.14053333333333334, 0.48906666666666665), (281.018, 0.42160000000000003, 0.13533333333333333), (28.354599999999998, 8.9748, 8.996333333333334), (1311.4188000000001, 0.188, 0.5201333333333333), (258.64813333333325, 0.0011333333333333332, 0.0015333333333333334), (332.7478, 0.012333333333333335, 0.0056), (205.5204, 0.8886000000000001, 0.0058)]","[(3, 0.0, 0.0008222222222222222), (2, 0.0, 0.0), (3, 0.0, 2.7777777777777776e-05), (2, 0.0, 0.0), (1, 1.7971166666666665, 0.24540555555555552), (1, 0.0, 0.0010166666666666666), (1, 0.0, 0.0008111111111111112), (3, 0.0, 0.02216111111111111), (3, 0.0, 0.0), (3, 1.666666666666667e-05, 0.31198333333333333), (3, 1.666666666666667e-05, 0.2272388888888889), (3, 0.0, 2.2222222222222223e-05), (3, 3.3333333333333335e-05, 0.16156666666666666), (2, 0.0010333333333333334, 0.0024222222222222223), (3, 0.0, 0.021144444444444445), (3, 0.0, 0.0005055555555555555)]","[38, 17, 34, 30, 20, 27, 42, 32, 46, 41, 48, 33, 45, 44, 47, 40]","[3, 6, 12, 12, 14, 14, 9, 8, 4, 1, 7, 6, 0, 8, 5, 5]","[True, True, True, True, True, True, True, True, True, True, True, True, True, True, True, True]"
35,15,"[0, 3766.268437070187, 1215.3562468963066, 3732.8795324862313, 8764.187792351708, 0, 2251.868135745323, 0, 0, 3235.722332789209, 1409.0117734429248, 1025.0394719702365, 2989.8560016860883, 537.0067752912778, 2629.1197031285333, 922.7020845904912]","[4029.0, 3385.114482549975, 755.7383572050378, 3273.2616427949624, 4029.0, 0, 4029.0, 1745.996612354361, 1553.1489577047544, 4029.0, 4029.0, 643.8855174500247, 4029.0, 2283.003387645639, 4029.0, 2475.8510422952454]","[(139.81, 0.0034, 0.0014), (0.0, 0.0, 0.0), (30.233466666666672, 11.099666666666664, 11.125866666666667), (0.0, 0.0, 0.0), (1996.488, 0.6658, 1.1106666666666667), 0, (100.6632, 0.009333333333333334, 0.0108), (369.0984, 0.017666666666666667, 0.010733333333333333), (173.3644, 6.666666666666668e-05, 0.0016), (1730.8488, 0.18693333333333337, 0.49646666666666667), (255.852, 0.49213333333333326, 0.15953333333333333), (31.1948, 10.048200000000001, 10.073133333333333), (1177.2012, 0.14893333333333333, 0.6776666666666666), (289.4064, 0.0012, 0.0015333333333333334), (377.487, 0.011333333333333336, 0.0054), (97.867, 0.5311333333333333, 0.4374666666666666)]","[(3, 0.0, 0.0006222222222222223), (2, 0.0, 0.0), (3, 0.0, 2.7777777777777776e-05), (2, 0.0, 0.0), (1, 0.7808833333333334, 1.2051888888888886), 0, (2, 0.0, 0.002416666666666667), (3, 0.0, 0.018283333333333335), (3, 0.03166666666666667, 0.0017722222222222221), (3, 1.666666666666667e-05, 0.20562222222222223), (3, 8.333333333333333e-05, 0.28617777777777775), (3, 0.0, 1.6666666666666667e-05), (3, 5e-05, 0.12382222222222221), (2, 0.00013333333333333334, 0.0024055555555555557), (3, 0.0, 0.030616666666666664), (1, 0.0, 0.0014666666666666662)]","[38, 17, 34, 30, 20, -1, 50, 32, 46, 41, 48, 33, 45, 44, 47, 51]","[3, 6, 12, 12, 14, -1, 9, 8, 4, 1, 7, 6, 0, 8, 5, 4]","[True, True, True, True, True, False, True, True, True, True, True, True, True, True, True, True]"
36,15,"[3815.4812123039737, 0, 1025.0394719702365, 3782.9628893621643, 0, 0, 2266.7025766922616, 1155.2559781834066, 2047.1528695743666, 2452.592537423716, 1816.3564093671823, 1218.6951376844836, 5888.650399259911, 0, 2505.879717044383, 925.6689723222934]","[4029.0, 1405.1524311577582, 635.538291304036, 3393.461708695964, 4029.0, 0, 4029.0, 4029.0, 4029.0, 4029.0, 4029.0, 2623.847568842242, 4029.0, 4029.0, 4029.0, 4029.0]","[(1426.063, 0.14286666666666667, 0.5943999999999999), (0.0, 0.0, 0.0), (28.354599999999998, 8.9748, 8.996333333333334), (0.0, 0.0, 0.0), (1769.9958000000001, 0.7819333333333333, 1.2317333333333333), 0, (150.9948, 0.009333333333333334, 0.010933333333333335), (67.10839999999999, 0.00013333333333333334, 0.001), (545.259, 0.6861333333333334, 1.4692), (1356.158, 0.1402, 0.49906666666666666), (226.49179999999998, 0.6, 0.19540000000000002), (28.4422, 11.514866666666666, 11.541), (1269.4758, 0.3529333333333333, 0.49439999999999995), (239.0746, 0.0012, 0.0016), (321.563, 0.0134, 0.007933333333333334), (114.6442, 0.5428, 0.4749333333333333)]","[(3, 0.005116666666666666, 0.1869), (2, 0.0, 0.0), (3, 0.0, 2.2222222222222223e-05), (2, 0.0, 0.0), (1, 1.4699333333333333, 0.7142388888888889), 0, (2, 0.0, 0.0026888888888888887), (1, 0.0, 0.0005722222222222222), (1, 0.07585, 0.04698333333333333), (3, 8.333333333333333e-05, 0.11315), (3, 0.00016666666666666666, 0.37338333333333334), (3, 0.0, 3.3333333333333335e-05), (3, 0.1731833333333333, 0.38794999999999996), (2, 0.00016666666666666666, 0.002361111111111111), (3, 0.0, 0.017744444444444448), (1, 0.0, 0.001527777777777778)]","[49, 17, 34, 30, 20, -1, 50, 53, 54, 41, 48, 33, 45, 44, 47, 51]","[15, 6, 12, 12, 14, -1, 9, 11, 10, 1, 7, 6, 0, 8, 5, 4]","[True, True, True, True, True, False, True, True, True, True, True, True, True, True, True, True]"
37,16,"[2446.521763816231, 1714.4051397483977, 1025.0394719702365, 3388.973815271489, 520.8668579276933, 652.7155422502, 2248.9012475559352, 1151.9170880730503, 1922.54356446984, 2677.21116090064, 2230.3788262082307, 1051.7505982756504, 4252.576912042853, 501.40426599866777, 2519.573048831511, 928.6358600540952]","[2987.058748908782, 1756.5131567700835, 832.5328283493739, 3196.4671716506264, 4029.0, 1876.5398410980524, 4029.0, 4029.0, 4029.0, 4029.0, 2272.4868432299163, 4029.0, 4029.0, 1041.9412510912184, 4029.0, 2152.4601589019476]","[(1311.4188000000001, 0.1956, 0.7402000000000001), (105.5042, 0.28773333333333334, 0.22433333333333338), (31.1948, 10.048200000000001, 10.073133333333333), (0.0, 0.0, 0.0), (0.0, 0.0046, 6.666666666666668e-05), (433.41086666666666, 0.0023333333333333335, 0.0030666666666666668), (150.9948, 0.009266666666666668, 0.0106), (72.70093333333334, 6.666666666666668e-05, 0.001), (738.1968, 0.7232666666666667, 1.2136), (1227.5328, 0.18566666666666662, 0.4779333333333333), (209.7148, 0.7276, 0.23566666666666664), (31.1948, 9.010533333333333, 9.032466666666668), (1974.1186, 0.14053333333333334, 0.48906666666666665), (0.0, 0.0048, 6.666666666666668e-05), (343.9326, 0.013333333333333336, 0.0074666666666666675), (109.0518, 0.5416666666666666, 0.5044666666666666)]","[(3, 0.0006, 0.11304444444444445), (1, 0.0030666666666666663, 0.05871111111111111), (3, 0.0, 1.6666666666666667e-05), (2, 0.0, 0.0), (1, 0.0, 0.0008722222222222223), (1, 0.011300000000000001, 0.0010833333333333333), (2, 0.0, 0.0023555555555555556), (1, 0.0, 0.0005666666666666666), (1, 0.0017166666666666665, 0.0023777777777777777), (3, 3.3333333333333335e-05, 0.15232222222222222), (3, 0.00021666666666666668, 0.5190777777777777), (3, 0.0, 2.2222222222222223e-05), (3, 1.666666666666667e-05, 0.31198333333333333), (2, 0.0, 0.0013222222222222222), (3, 0.0, 0.017083333333333332), (1, 0.0, 0.0017222222222222224)]","[49, 52, 34, 30, 55, 56, 50, 53, 54, 41, 48, 33, 45, 57, 47, 51]","[15, 7, 12, 12, 14, 4, 9, 11, 10, 1, 7, 6, 0, 15, 5, 4]","[True, True, True, True, True, True, True, True, True, True, True, True, True, True, True, True]"
38,16,"[2303.8585840403466, 1429.5838385761401, 1218.6951376844836, 3395.6515961882797, 530.8835282724567, 634.9142092797401, 2254.8350239347114, 1158.5948682937635, 2011.5502109730733, 6028.278192232053, 1318.8617310662446, 871.45049571411, 3235.722332789209, 498.43737685074666, 2440.1517244661704, 931.6027477858978]","[2917.2106035948, 2069.8610537549475, 926.021770748102, 3102.978229251898, 4029.0, 1866.155730746921, 4029.0, 4029.0, 4029.0, 4029.0, 1959.1389462450522, 4029.0, 4029.0, 1111.7893964052, 4029.0, 2162.844269253079]","[(1255.4948, 0.13406666666666667, 0.4640666666666667), (110.71433333333331, 0.20726666666666668, 0.17506666666666665), (28.4422, 11.514866666666666, 11.541), (0.0, 0.0, 0.0), (0.0, 0.004733333333333333, 0.00013333333333333334), (398.45840000000004, 0.0016666666666666668, 0.0003333333333333333), (184.5492, 0.009333333333333334, 0.0108), (75.49719999999999, 0.0004, 0.0014666666666666665), (564.8324, 0.6947333333333332, 1.3258666666666665), (1551.892, 0.19686666666666666, 1.39), (255.852, 0.40273333333333333, 0.13053333333333333), (28.52946666666667, 7.324866666666668, 7.3436), (1730.8488, 0.18693333333333337, 0.49646666666666667), (145.4024, 0.004733333333333333, 6.666666666666668e-05), (478.1502, 0.012199999999999999, 0.007066666666666666), (109.0518, 0.5368666666666667, 0.4758666666666667)]","[(3, 1.666666666666667e-05, 0.12178333333333334), (1, 0.0002333333333333333, 0.05122222222222223), (3, 0.0, 3.3333333333333335e-05), (2, 0.0, 0.0), (1, 0.0, 0.0008388888888888889), (1, 0.015133333333333334, 0.0009777777777777777), (2, 0.0, 0.002338888888888889), (1, 0.0, 0.0005499999999999999), (1, 0.00225, 0.06516111111111111), (3, 0.0001, 0.1530611111111111), (3, 5e-05, 0.20164999999999994), (3, 0.0, 2.7777777777777776e-05), (3, 1.666666666666667e-05, 0.20562222222222223), (2, 0.0, 0.0012666666666666666), (3, 0.0009, 0.02215), (1, 0.0, 0.0017166666666666667)]","[49, 52, 34, 30, 55, 56, 50, 53, 54, 41, 48, 33, 45, 57, 47, 51]","[15, 7, 12, 12, 14, 4, 9, 11, 10, 1, 7, 6, 0, 15, 5, 4]","[True, True, True, True, True, True, True, True, True, True, True, True, True, True, True, True]"
39,16,"[2662.034226881929, 1845.861124904825, 1051.7505982756504, 3432.379391230631, 0, 655.6824310786097, 2248.9012475559352, 1151.9170880730503, 2940.186222823474, 6374.312287858666, 1425.7062257349019, 0, 2452.592537423716, 498.43737685074666, 2429.1970590364676, 925.6689723222934]","[3096.2984250155914, 2224.5774495849614, 824.1856035225098, 3204.8143964774904, 4029.0, 1879.506729378158, 4029.0, 4029.0, 4029.0, 4029.0, 1804.4225504150384, 4029.0, 4029.0, 932.7015749844088, 4029.0, 2149.493270621842]","[(1470.8021999999999, 0.18553333333333333, 0.47233333333333327), (109.4118, 0.21166666666666664, 0.17653333333333332), (31.1948, 9.010533333333333, 9.032466666666668), (0.0, 0.0, 0.0), (0.0, 0.0044, 0.0), (349.5247333333333, 0.0023333333333333335, 0.003), (218.1036, 0.009266666666666668, 0.010533333333333334), (75.49719999999999, 0.0003333333333333333, 0.0014), (1015.0211999999999, 0.7137333333333332, 1.397666666666667), (1736.4414, 0.2492666666666667, 1.2721333333333333), (213.9092, 0.46873333333333334, 0.15180000000000002), (30.320933333333343, 9.086799999999998, 9.109399999999999), (1356.158, 0.1402, 0.49906666666666666), (67.1088, 0.004666666666666667, 0.0), (461.373, 0.013266666666666668, 0.0067333333333333325), (95.0708, 0.5381333333333334, 0.44586666666666674)]","[(3, 1.666666666666667e-05, 0.1395388888888889), (1, 0.00011666666666666667, 0.05212222222222222), (3, 0.0, 2.2222222222222223e-05), (2, 0.0, 0.0), (1, 0.0, 0.0008277777777777778), (1, 0.01145, 0.0009944444444444447), (2, 0.0, 0.0022555555555555554), (1, 0.0, 0.0005611111111111111), (1, 1.0436000000000003, 0.5150888888888889), (3, 0.00015, 0.2104), (3, 3.3333333333333335e-05, 0.2765777777777778), (3, 0.0, 2.7777777777777776e-05), (3, 8.333333333333333e-05, 0.11315), (2, 0.0, 0.0012333333333333335), (3, 0.0, 0.017055555555555553), (1, 0.0, 0.0017277777777777773)]","[49, 52, 34, 30, 55, 56, 50, 53, 54, 41, 48, 33, 45, 57, 47, 51]","[15, 7, 12, 12, 14, 4, 9, 11, 10, 1, 7, 6, 0, 15, 5, 4]","[True, True, True, True, True, True, True, True, True, True, True, True, True, True, True, True]"
40,16,"[2986.820614882346, 1812.9971286157179, 871.45049571411, 0, 2327.8664038117226, 640.84798693656, 2201.431036525731, 1168.6115386248337, 2067.9210870917877, 3703.171900565511, 2036.723179621289, 881.4670876440003, 2677.21116090064, 498.43737685074666, 2420.981059964191, 934.5696355177]","[3258.6916190158, 1902.6369744972144, 2450.2252478570554, 1578.774752142945, 4029.0, 1867.6391757094302, 2674.481974440865, 4029.0, 4029.0, 4029.0, 2126.3630255027856, 1354.5180255591345, 4029.0, 770.3083809842003, 4029.0, 2161.3608242905702]","[(1311.4188000000001, 0.14286666666666667, 0.5135333333333333), (108.76053333333334, 0.20446666666666666, 0.17406666666666665), (28.52946666666667, 7.324866666666668, 7.3436), (0.0, 0.0, 0.0), (335.544, 0.016466666666666664, 0.009866666666666668), (475.3542666666667, 0.0017333333333333335, 0.0003333333333333333), (268.4352, 0.009333333333333334, 0.0108), (77.5942, 0.00046666666666666666, 0.0014), (679.4766, 0.7587999999999999, 1.3356666666666668), (1493.1718, 0.1692, 0.7876000000000001), (212.51093333333333, 0.6914, 0.224), (95.9442, 0.019933333333333334, 0.0208), (1227.5328, 0.18566666666666662, 0.4779333333333333), (100.6632, 0.004666666666666667, 6.666666666666668e-05), (416.6338, 0.0116, 0.0067333333333333325), (92.2746, 0.5394, 0.44333333333333325)]","[(3, 5e-05, 0.13139444444444442), (1, 0.0, 0.05014999999999999), (3, 0.0, 2.7777777777777776e-05), (2, 0.0, 0.0), (3, 0.0, 0.015905555555555555), (1, 0.015333333333333336, 0.0008833333333333333), (2, 0.0, 0.0022944444444444444), (1, 0.0, 0.001627777777777778), (1, 0.0012666666666666666, 0.0020055555555555556), (3, 0.0001, 0.13415555555555556), (3, 0.0002333333333333333, 0.49188333333333323), (1, 0.0012, 0.05558333333333333), (3, 3.3333333333333335e-05, 0.15232222222222222), (2, 0.0, 0.001238888888888889), (3, 0.0, 0.024077777777777778), (1, 0.0, 0.0022722222222222224)]","[49, 52, 34, 30, 58, 56, 50, 53, 54, 41, 48, 59, 45, 57, 47, 51]","[15, 7, 12, 12, 13, 4, 9, 11, 10, 1, 7, 9, 0, 15, 5, 4]","[True, True, True, True, True, True, True, True, True, True, True, True, True, True, True, True]"
41,15,"[2953.431360041183, 1886.9411202662081, 984.972782512117, 0, 2503.141050686958, 652.7155422502, 2248.9012475559352, 1165.2726485144767, 2038.2522049240424, 3949.038231668631, 1769.6119429496443, 754.589249271, 6028.278192232053, 495.47048770282555, 2366.2077328156797, 1284.662387870362]","[3243.4804361691786, 2073.164588658282, 4029.0, 0, 4029.0, 1698.526577189919, 2761.6559991424674, 4029.0, 4029.0, 4029.0, 1955.835411341718, 1267.3440008575324, 4029.0, 785.5195638308212, 4029.0, 2330.473422810081]","[(1311.4188000000001, 0.188, 0.5201333333333333), (115.2732, 0.21046666666666666, 0.17566666666666664), (30.320933333333343, 9.086799999999998, 9.109399999999999), 0, (427.8186, 0.011466666666666667, 0.006066666666666666), (552.2496, 0.0023333333333333335, 0.0028666666666666667), (33.5544, 0.009266666666666668, 0.010666666666666666), (69.2056, 0.00046666666666666666, 0.0013333333333333333), (654.3108000000001, 0.7628666666666667, 1.1362666666666668), (1484.7831999999999, 0.21580000000000002, 0.8416666666666666), (190.14146666666667, 0.5508, 0.17880000000000001), (96.9928, 0.020133333333333333, 0.014066666666666665), (1551.892, 0.19686666666666666, 1.39), (0.0, 0.004666666666666667, 6.666666666666668e-05), (402.6528, 0.011733333333333332, 0.0074666666666666675), (226.49220000000003, 0.5299333333333333, 0.43666666666666676)]","[(3, 3.3333333333333335e-05, 0.16156666666666666), (1, 0.0, 0.05059444444444444), (3, 0.0, 2.7777777777777776e-05), 0, (3, 1.666666666666667e-05, 0.017866666666666666), (1, 0.0116, 0.001061111111111111), (2, 0.0, 0.0023555555555555556), (1, 0.0, 0.0005499999999999999), (1, 0.011416666666666664, 0.047094444444444446), (3, 0.0001, 0.17663333333333334), (3, 0.00013333333333333334, 0.3462888888888889), (1, 0.0, 0.054338888888888895), (3, 0.0001, 0.1530611111111111), (2, 0.0, 0.0012722222222222221), (3, 1.666666666666667e-05, 0.02868888888888889), (1, 0.0007666666666666667, 0.00215)]","[49, 52, 34, -1, 58, 56, 50, 53, 54, 41, 48, 59, 45, 57, 47, 51]","[15, 7, 12, -1, 13, 4, 9, 11, 10, 1, 7, 9, 0, 15, 5, 4]","[True, True, True, False, True, True, True, True, True, True, True, True, True, True, True, True]"
42,15,"[2989.8560016860883, 1906.1117847681867, 1078.4617245810634, 0, 2497.663717972107, 623.0466539661, 5046.6768101486105, 1178.6282089559033, 2070.887975308562, 3566.579494397111, 1292.1506073990797, 0, 6374.312287858666, 492.5035985549045, 2826.303680863173, 0]","[3263.1762015655922, 2321.4805886845534, 4029.0, 0, 4029.0, 2326.02332698305, 4537.838405074305, 4029.0, 4029.0, 4029.0, 1707.5194113154464, -508.83840507430523, 4029.0, 765.8237984344082, 4029.0, 1702.97667301695]","[(1177.2012, 0.14893333333333333, 0.6776666666666666), (97.689, 0.24573333333333333, 0.20893333333333336), (29.840133333333338, 10.411866666666667, 10.435533333333332), 0, (419.43, 0.0086, 0.004933333333333334), (503.316, 0.0016666666666666668, 0.0003333333333333333), (369.0984, 0.018533333333333336, 0.025066666666666668), (82.4876, 0.0007333333333333332, 0.002), (506.11220000000003, 0.7000666666666667, 1.4158), (1644.1666, 0.15380000000000002, 0.6252666666666667), (198.53, 0.4244, 0.13933333333333334), (90.177, 0.02, 0.014), (1736.4414, 0.2492666666666667, 1.2721333333333333), (0.0, 0.0046, 6.666666666666668e-05), (363.506, 0.0166, 0.009666666666666665), (204.1226, 0.5370666666666667, 0.4422)]","[(3, 5e-05, 0.12382222222222221), (1, 0.0, 0.05149444444444444), (3, 0.0, 2.2222222222222223e-05), 0, (3, 0.0, 0.021744444444444445), (1, 0.015533333333333333, 0.0008555555555555556), (2, 0.0, 0.0054888888888888895), (1, 0.0, 0.0005722222222222222), (1, 0.0675, 0.04805), (3, 5e-05, 0.16941111111111112), (3, 1.666666666666667e-05, 0.19247222222222224), (1, 3.3333333333333335e-05, 0.05506666666666666), (3, 0.00015, 0.2104), (2, 0.0, 0.0012166666666666667), (3, 0.0, 0.017905555555555557), (1, 0.0, 0.004783333333333333)]","[49, 52, 34, -1, 58, 56, 50, 53, 54, 41, 48, 59, 45, 57, 47, 51]","[15, 7, 12, -1, 13, 4, 9, 11, 10, 1, 7, 9, 0, 15, 5, 4]","[True, True, True, False, True, True, True, True, True, True, True, True, True, True, True, True]"
43,14,"[5888.650399259911, 1908.8504511256126, 0, 0, 2664.722365775066, 0, 6361.008278047395, 1165.2726485144767, 1964.079999504682, 4726.09725342664, 961.60045201792, 0, 3703.171900565511, 0, 2823.565014505748, 599.3113997345512]","[4958.825199629955, 2488.1249995538465, 4029.0, 0, 4029.0, 4029.0, 4029.0, 2297.480624389963, 4029.0, 4029.0, 1540.8750004461535, 0, 4029.0, -929.8251996299555, 4029.0, 1731.519375610037]","[(1269.4758, 0.3529333333333333, 0.49439999999999995), (125.0422, 0.247, 0.19506666666666664), (31.019866666666662, 10.471266666666667, 10.493933333333333), 0, (455.7806, 0.011333333333333336, 0.005066666666666666), (426.4208, 0.0021333333333333334, 0.002933333333333333), (1157.6274666666666, 0.016533333333333334, 0.022133333333333328), (81.08953333333334, 0.0002666666666666667, 0.001), (713.031, 0.7426, 1.2830666666666666), (1434.4516, 0.22206666666666663, 0.8742666666666667), (194.33579999999998, 0.31493333333333334, 0.10186666666666666), 0, (1493.1718, 0.1692, 0.7876000000000001), (0.0, 0.004666666666666667, 6.666666666666668e-05), (422.2262, 0.03953333333333333, 0.018666666666666668), (0.0, 0.004733333333333333, 0.00013333333333333334)]","[(3, 0.1731833333333333, 0.38794999999999996), (1, 3.3333333333333335e-05, 0.05121666666666667), (3, 0.0, 1.1111111111111112e-05), 0, (3, 0.0, 0.016805555555555553), (1, 0.01175, 0.0009611111111111112), (2, 0.0, 0.005333333333333333), (1, 0.0, 0.000538888888888889), (1, 0.0019333333333333331, 0.002327777777777778), (3, 0.0001, 0.21292777777777777), (3, 0.0, 0.12192777777777777), 0, (3, 0.0001, 0.13415555555555556), (2, 0.0, 0.001261111111111111), (3, 0.0, 0.019144444444444443), (3, 0.0, 0.0014222222222222223)]","[49, 52, 34, -1, 58, 56, 50, 53, 54, 41, 48, -1, 45, 57, 47, 62]","[15, 7, 12, -1, 13, 4, 9, 11, 10, 1, 7, -1, 0, 15, 5, 11]","[True, True, True, False, True, True, True, True, True, True, True, False, True, True, True, True]"
44,15,"[4252.576912042853, 1714.4051397483977, 3464.41286996805, 1364.7688631682443, 2478.4930534701275, 1235.3895160495777, 2438.7820916767528, 1158.5948682937635, 2079.788639958885, 3065.7406717796443, 1021.7004802690399, 1115.1894634134223, 3949.038231668631, 0, 2689.3703629918955, 620.0796165570354]","[4029.0, 1773.640111938111, 4029.0, 1659.9544138285632, 4029.0, 4029.0, 4029.0, 1453.7804189540825, 4029.0, 4029.0, 1080.9354524587532, 1174.4244356031356, 4029.0, 0, 4029.0, 915.2651672173542]","[(1974.1186, 0.14053333333333334, 0.48906666666666665), (93.78139999999999, 0.23493333333333336, 0.19066666666666662), (168.47066666666663, 0.27493333333333336, 0.023333333333333327), (402.65259999999995, 0.0, 0.0), (332.7478, 0.012333333333333335, 0.0056), (267.736, 0.28726666666666667, 0.0504), (167.772, 0.009333333333333334, 0.0104), (78.99233333333332, 0.0004, 0.0014), (458.5768, 0.723, 1.306), (1392.5086000000001, 0.1512, 0.6417333333333333), (146.80033333333338, 0.3725333333333334, 0.1176), (499.1218, 0.0016666666666666668, 0.0011333333333333332), (1484.7831999999999, 0.21580000000000002, 0.8416666666666666), 0, (433.411, 0.0188, 0.012333333333333335), (0.0, 0.004666666666666667, 6.666666666666668e-05)]","[(3, 1.666666666666667e-05, 0.31198333333333333), (1, 0.0, 0.049894444444444436), (3, 0.2927833333333333, 0.026605555555555556), (3, 0.1085, 0.004066666666666666), (3, 0.0, 0.021144444444444445), (1, 0.0, 0.0011611111111111112), (2, 0.0, 0.002172222222222222), (1, 0.0, 0.0005777777777777778), (1, 0.059366666666666665, 0.06801666666666667), (3, 6.666666666666667e-05, 0.11822222222222224), (3, 5e-05, 0.20093333333333338), (2, 0.0, 0.0010999999999999998), (3, 0.0001, 0.17663333333333334), 0, (3, 0.0, 0.02216111111111111), (3, 0.0, 0.001661111111111111)]","[49, 52, 60, 61, 58, 63, 50, 53, 54, 41, 48, 64, 45, -1, 47, 62]","[15, 7, 12, 11, 13, 8, 9, 11, 10, 1, 7, 7, 0, -1, 5, 11]","[True, True, True, True, True, True, True, True, True, True, True, True, True, False, True, True]"
45,16,"[3235.722332789209, 1851.3384576196752, 4442.116739200141, 1691.1266347954333, 2629.1197031285333, 1235.3895160495777, 2554.490731062876, 1168.6115386248337, 2871.947793837662, 5157.122179558036, 3549.2405572744774, 1175.2894943758222, 3566.579494397111, 731.2170323801198, 0, 578.5431829120669]","[3266.752650204545, 1002.382287863017, 4029.0, 1888.0328493513218, 4029.0, 4029.0, 4029.0, 1365.5177531807221, 4029.0, 4029.0, 2700.284387517819, 326.33332461916405, 4029.0, 762.2473497954555, 4029.0, 775.4493974679555]","[(1730.8488, 0.18693333333333337, 0.49646666666666667), (104.85293333333334, 0.21746666666666667, 0.18180000000000002), (313.1741333333334, 0.2986666666666667, 0.020266666666666665), (339.738, 0.0, 0.0), (377.487, 0.011333333333333336, 0.0054), (279.6198, 0.2951333333333333, 0.05206666666666667), (536.8704, 0.009266666666666668, 0.0106), (67.10826666666667, 0.0004, 0.0014666666666666665), (824.879, 0.7441333333333333, 1.3625333333333334), (1632.9818, 0.3732, 0.7381333333333333), (290.8046, 0.5733333333333334, 0.17), (553.6476, 0.0017333333333333335, 0.0015333333333333334), (1644.1666, 0.15380000000000002, 0.6252666666666667), (178.9568, 0.0019333333333333331, 0.0014666666666666665), (369.0984, 0.017666666666666667, 0.010733333333333333), (0.0, 0.004533333333333333, 0.0)]","[(3, 1.666666666666667e-05, 0.20562222222222223), (1, 3.3333333333333335e-05, 0.05011111111111111), (3, 0.10841666666666666, 0.0281), (3, 0.2122, 0.00935), (3, 0.0, 0.030616666666666664), (1, 0.0, 0.0009000000000000001), (2, 0.0, 0.0023777777777777777), (1, 0.0, 0.0005333333333333334), (1, 1.0255833333333333, 0.54465), (3, 0.09808333333333331, 0.2580777777777778), (3, 0.0017833333333333332, 0.2834388888888889), (2, 0.0, 0.0005222222222222223), (3, 5e-05, 0.16941111111111112), (1, 0.36411666666666676, 0.01315), (3, 0.0, 0.018283333333333335), (3, 0.0, 0.0012944444444444446)]","[49, 52, 60, 61, 58, 63, 50, 53, 54, 41, 48, 64, 45, 65, 47, 62]","[15, 7, 12, 11, 13, 8, 9, 11, 10, 1, 7, 7, 0, 15, 5, 11]","[True, True, True, True, True, True, True, True, True, True, True, True, True, True, True, True]"
46,16,"[2452.592537423716, 1802.042463186016, 3143.9889128247596, 1254.9939763481898, 2505.879717044383, 1128.5450173642087, 2450.6496444343047, 0, 1993.7488816724258, 6377.347674662409, 2160.2621265819243, 1121.8672446314667, 4726.09725342664, 657.7614400862267, 1763.7010974382797, 581.5100710295644]","[2911.9155486687446, 1450.3185183862136, 4029.0, 1985.825960555605, 4029.0, 4029.0, 4029.0, 730.8319842074152, 4029.0, 4029.0, 1808.538181782122, 770.1432998316643, 4029.0, 1117.0844513312554, 4029.0, 1312.3420552369796]","[(1356.158, 0.1402, 0.49906666666666666), (98.34026666666666, 0.21266666666666662, 0.17426666666666668), (205.5204, 0.03793333333333333, 0.025266666666666666), (343.93240000000003, 0.0, 0.0), (321.563, 0.0134, 0.007933333333333334), (271.93059999999997, 0.26839999999999997, 0.0528), (738.197, 0.009333333333333334, 0.0108), (99.26446666666666, 0.0004, 0.0014), (721.4196, 0.7326, 1.4462000000000002), (1756.0146000000002, 0.15113333333333331, 0.6404), (278.22166666666675, 0.49906666666666666, 0.15853333333333333), (461.3726, 0.008400000000000001, 0.008866666666666667), (1434.4516, 0.22206666666666663, 0.8742666666666667), (192.93779999999998, 0.003933333333333333, 0.0014666666666666665), (39.146666666666654, 0.29753333333333337, 0.0019333333333333331), (0.0, 0.004733333333333333, 0.0)]","[(3, 8.333333333333333e-05, 0.11315), (1, 0.00011666666666666667, 0.04876111111111111), (3, 0.00125, 0.027633333333333336), (3, 0.020033333333333334, 0.0038777777777777777), (3, 0.0, 0.017744444444444448), (1, 0.0, 0.00115), (2, 0.0, 0.0023666666666666667), (1, 0.0, 0.0005111111111111112), (1, 0.0, 0.0003444444444444444), (3, 0.07565000000000001, 0.43214444444444444), (3, 0.04115, 0.5988777777777777), (2, 0.0, 0.0004944444444444445), (3, 0.0001, 0.21292777777777777), (1, 0.26766666666666666, 0.015294444444444444), (1, 0.003, 0.06097777777777777), (3, 0.0, 0.0012333333333333335)]","[49, 52, 60, 61, 58, 63, 50, 53, 54, 41, 48, 64, 45, 65, 66, 62]","[15, 7, 12, 11, 13, 8, 9, 11, 10, 1, 7, 7, 0, 15, 5, 11]","[True, True, True, True, True, True, True, True, True, True, True, True, True, True, True, True]"
47,16,"[2677.21116090064, 1136.5465383316057, 3601.346184986549, 1266.8615316800874, 2519.573048831511, 1135.2227985320444, 2453.616532623692, 731.2170323801198, 0, 4197.939949575493, 3262.0959778524575, 1035.0560887968888, 3065.7406717796443, 711.18368902724, 1385.7651479872202, 578.5431829120669]","[2997.5137359367, 668.3136700046216, 4029.0, 2358.6591743840104, 4029.0, 4029.0, 4029.0, 4029.0, 4029.0, 4029.0, 2793.8631095254736, 566.8232204699048, 4029.0, 1031.4862640632998, 4029.0, 1670.3408256159898]","[(1227.5328, 0.18566666666666662, 0.4779333333333333), (87.92, 0.21286666666666668, 0.18966666666666662), (130.0228, 0.042466666666666666, 0.027733333333333336), (306.18359999999996, 0.0, 0.0), (343.9326, 0.013333333333333336, 0.0074666666666666675), (277.5227333333333, 0.25306666666666666, 0.0498), (352.32120000000003, 0.0094, 0.010866666666666667), (178.9568, 0.0019333333333333331, 0.0014666666666666665), (626.3488000000001, 0.7791333333333333, 1.1652666666666667), (1834.3084, 0.274, 0.7126), (392.8656, 0.7547333333333333, 0.24346666666666666), (448.7898, 0.009933333333333334, 0.0104), (1392.5086000000001, 0.1512, 0.6417333333333333), (134.2176, 0.002, 0.0014), (65.71033333333331, 0.2166, 0.004533333333333333), (0.0, 0.004733333333333333, 6.666666666666668e-05)]","[(3, 3.3333333333333335e-05, 0.15232222222222222), (1, 0.0, 0.050077777777777784), (3, 0.0008, 0.02777777777777778), (3, 0.008033333333333333, 0.003372222222222222), (3, 0.0, 0.017083333333333332), (1, 0.0, 0.001172222222222222), (2, 0.0, 0.002344444444444444), (1, 0.36411666666666676, 0.01315), (1, 0.0019833333333333335, 0.0026333333333333334), (3, 5e-05, 0.20435555555555557), (3, 0.00026666666666666673, 1.4022944444444445), (2, 0.0, 0.0004944444444444445), (3, 6.666666666666667e-05, 0.11822222222222224), (1, 0.2701, 0.013050000000000004), (1, 0.0002833333333333333, 0.09404444444444444), (3, 0.0, 0.0012666666666666666)]","[49, 52, 60, 61, 58, 63, 50, 67, 54, 41, 48, 64, 45, 65, 66, 62]","[15, 7, 12, 11, 13, 8, 9, 2, 10, 1, 7, 7, 0, 15, 5, 11]","[True, True, True, True, True, True, True, True, True, True, True, True, True, True, True, True]"
48,15,"[6028.278192232053, 1426.8451722187147, 3261.75156374067, 1204.5568661876246, 2440.1517244661704, 1208.6783913782356, 2495.1529672751212, 657.7614400862267, 0, 7242.4329137289415, 3983.2963168658976, 1051.750541842, 5157.122179558036, 0, 1569.2557901120101, 593.3776234995555]","[5028.639096116027, 615.8811619098439, 4029.0, 2320.0896213440346, 4029.0, 4029.0, 4029.0, 4029.0, 0, 4029.0, 3172.3323065570266, 240.78653153312928, 4029.0, -999.6390961160264, 4029.0, 1708.9103786559656]","[(1551.892, 0.19686666666666666, 1.39), (83.36113333333331, 0.21606666666666663, 0.18393333333333337), (110.44946666666667, 0.04046666666666667, 0.026666666666666672), (322.961, 0.0, 0.0), (478.1502, 0.012199999999999999, 0.007066666666666666), (304.0866, 0.2961333333333333, 0.05726666666666666), (218.1036, 0.009333333333333334, 0.010666666666666666), (192.93779999999998, 0.003933333333333333, 0.0014666666666666665), 0, (1937.767933333333, 0.2582, 0.7142000000000001), (432.01279999999997, 0.8446, 0.2776), (450.1882666666667, 0.0092, 0.009466666666666667), (1632.9818, 0.3732, 0.7381333333333333), (226.49220000000003, 0.0016666666666666668, 0.0014), (40.54486666666667, 0.21746666666666667, 0.0017333333333333335), (67.1088, 0.004666666666666667, 6.666666666666668e-05)]","[(3, 0.0001, 0.1530611111111111), (1, 0.0, 0.04877777777777778), (3, 0.00011666666666666667, 0.02971666666666666), (3, 0.007916666666666667, 0.003444444444444445), (3, 0.0009, 0.02215), (1, 0.0, 0.0010444444444444444), (2, 0.0, 0.002655555555555556), (1, 0.26766666666666666, 0.015294444444444444), 0, (3, 0.17391666666666664, 0.4805555555555557), (3, 0.0, 1.846088888888889), (2, 0.0, 0.0005166666666666667), (3, 0.09808333333333331, 0.2580777777777778), (1, 0.27021666666666666, 0.012733333333333334), (1, 0.0, 0.05373333333333333), (3, 0.0, 0.0012222222222222224)]","[49, 52, 60, 61, 58, 63, 50, 67, -1, 41, 48, 64, 45, 65, 66, 62]","[15, 7, 12, 11, 13, 8, 9, 2, -1, 1, 7, 7, 0, 15, 5, 11]","[True, True, True, True, True, True, True, True, False, True, True, True, True, True, True, True]"
49,15,"[6374.312287858666, 2127.9437597196566, 3502.7541981732297, 1252.0270875152155, 2429.1970590364676, 1225.3728442978247, 2423.947650729814, 711.18368902724, 1235.3895160495777, 3861.0120143601066, 3906.5018363228, 1055.0894324510223, 6377.347674662409, 0, 1517.22113040498, 572.6094066770711]","[4029.0, 1107.765416888497, 4029.0, 2354.208840419072, 4029.0, 4029.0, 4029.0, 4029.0, 4029.0, 4029.0, 2886.3234934916404, 34.91108961986254, 4029.0, 0, 4029.0, 1674.7911595809278]","[(1736.4414, 0.2492666666666667, 1.2721333333333333), (90.52506666666666, 0.3320666666666667, 0.2432666666666667), (119.5372, 0.03373333333333334, 0.02686666666666667), (301.98940000000005, 0.0, 0.0), (461.373, 0.013266666666666668, 0.0067333333333333325), (292.20259999999996, 0.28073333333333333, 0.056799999999999996), (134.2176, 0.009266666666666668, 0.010666666666666666), (134.2176, 0.002, 0.0014), (267.736, 0.28726666666666667, 0.0504), (2088.762666666667, 0.21493333333333337, 0.8076), (339.7382, 0.8196, 0.2693333333333333), (461.373, 0.0016666666666666668, 0.0013333333333333333), (1756.0146000000002, 0.15113333333333331, 0.6404), 0, (26.56353333333333, 0.21073333333333333, 0.0014), (22.3696, 0.0048, 0.0)]","[(3, 0.00015, 0.2104), (1, 0.0002333333333333333, 0.0568888888888889), (3, 0.0013666666666666669, 0.04000555555555556), (3, 0.00785, 0.003533333333333333), (3, 0.0, 0.017055555555555553), (1, 0.0, 0.001027777777777778), (2, 0.0, 0.0023833333333333337), (1, 0.2701, 0.013050000000000004), (1, 0.0, 0.0011611111111111112), (3, 6.666666666666667e-05, 0.18205555555555555), (3, 3.3333333333333335e-05, 1.7759777777777779), (2, 0.0, 0.01923888888888889), (3, 0.07565000000000001, 0.43214444444444444), 0, (1, 1.666666666666667e-05, 0.05187222222222222), (3, 0.0, 0.0012777777777777776)]","[49, 52, 60, 61, 58, 63, 50, 67, 68, 41, 48, 64, 45, -1, 66, 62]","[15, 7, 12, 11, 13, 8, 9, 2, 14, 1, 7, 7, 0, -1, 5, 11]","[True, True, True, True, True, True, True, True, True, True, True, True, True, False, True, True]"
50,15,"[3703.171900565511, 2445.6290571810214, 2935.85027399664, 1225.3250880184453, 0, 1228.7117348817424, 2423.947650729814, 647.7447684097866, 1235.3895160495777, 4753.41573466032, 4300.490910413475, 0, 4197.939949575493, 0, 1569.2557901120101, 664.582938319502]","[4029.0, 1539.9224013161893, 4029.0, 2294.8710748494714, 4029.0, 4029.0, 4029.0, 4029.0, 4029.0, 4029.0, 3394.784254548643, -905.7066558648321, 4029.0, 0, 4029.0, 1734.1289251505282]","[(1493.1718, 0.1692, 0.7876000000000001), (126.996, 0.5407333333333333, 0.289), (105.55626666666666, 0.03646666666666667, 0.024466666666666664), (328.5532, 0.0, 0.0), (416.6338, 0.0116, 0.0067333333333333325), (276.8236, 0.27726666666666666, 0.054666666666666655), (33.5544, 0.009333333333333334, 0.010466666666666668), (226.49220000000003, 0.0016666666666666668, 0.0014), (279.6198, 0.2951333333333333, 0.05206666666666667), (1599.4273999999998, 0.17526666666666668, 1.018), (322.9608666666666, 0.8597333333333332, 0.2828), (450.1881333333334, 0.0015333333333333334, 0.0012), (1834.3084, 0.274, 0.7126), 0, (40.54466666666666, 0.2174, 0.0013333333333333333), (78.29360000000001, 0.005933333333333334, 0.0014666666666666665)]","[(3, 0.0001, 0.13415555555555556), (1, 0.0001, 0.059855555555555565), (3, 0.0, 0.024422222222222224), (3, 0.007816666666666666, 0.003527777777777778), (3, 0.0, 0.024077777777777778), (1, 0.0, 0.0013833333333333334), (2, 0.0, 0.0022833333333333334), (1, 0.27021666666666666, 0.012733333333333334), (1, 0.0, 0.0009000000000000001), (3, 0.0005166666666666667, 0.18142777777777777), (3, 0.00455, 1.9583666666666668), (2, 0.0, 0.0005), (3, 5e-05, 0.20435555555555557), 0, (1, 0.00013333333333333334, 0.05250555555555555), (3, 0.0, 0.0033777777777777777)]","[49, 52, 60, 61, 58, 63, 50, 67, 68, 41, 48, 64, 45, -1, 66, 62]","[15, 7, 12, 11, 13, 8, 9, 2, 14, 1, 7, 7, 0, -1, 5, 11]","[True, True, True, True, True, True, True, True, True, True, True, True, True, False, True, True]"
51,15,"[3949.038231668631, 2166.2850887236145, 2837.2582871833197, 1254.9939763481898, 922.7020845904912, 1318.8617806475224, 2394.2787688359367, 0, 1128.5450173642087, 5117.662151109386, 4420.690966915716, 1154.1194728238213, 7242.4329137289415, 0, 1662.37044432459, 626.0133927920311]","[4029.0, 887.2970609039494, 4029.0, 1272.7867447095564, 940.4948529518579, 4029.0, 4029.0, 4029.0, 4029.0, 4029.0, 3141.7029390960506, 1171.9122411851881, 4029.0, 0, 4029.0, 643.8061611533979]","[(1484.7831999999999, 0.21580000000000002, 0.8416666666666666), (113.97066666666669, 0.33546666666666664, 0.21846666666666667), (111.8476, 0.035666666666666666, 0.024), (282.41606666666667, 0.0, 0.0), (97.867, 0.5311333333333333, 0.4374666666666666), (332.04866666666675, 0.30326666666666663, 0.05866666666666666), (100.6632, 0.009266666666666668, 0.010733333333333333), (271.2314, 0.0722, 0.0028666666666666667), (271.93059999999997, 0.26839999999999997, 0.0528), (1652.5552, 0.23406666666666665, 1.0530666666666666), (436.2071333333334, 0.5388, 0.25873333333333337), (176.16013333333333, 1.632466666666667, 0.017733333333333334), (1937.767933333333, 0.2582, 0.7142000000000001), 0, (36.35026666666667, 0.25166666666666665, 0.0012), (44.7392, 0.004666666666666667, 6.666666666666668e-05)]","[(3, 0.0001, 0.17663333333333334), (1, 0.0, 0.05419444444444445), (3, 0.0, 0.028383333333333337), (3, 0.00675, 0.003411111111111111), (1, 0.0, 0.0014666666666666662), (1, 0.0, 0.0009222222222222221), (2, 0.0, 0.002338888888888889), (1, 0.24863333333333332, 0.04668333333333334), (1, 0.0, 0.00115), (3, 6.666666666666667e-05, 0.19762222222222223), (3, 0.009816666666666666, 1.9489666666666665), (3, 0.0, 0.0001388888888888889), (3, 0.17391666666666664, 0.4805555555555557), 0, (1, 0.0, 0.05533333333333333), (3, 0.0, 0.0013444444444444443)]","[49, 52, 60, 61, 69, 63, 50, 67, 68, 41, 48, 70, 45, -1, 66, 62]","[15, 7, 12, 11, 11, 8, 9, 2, 14, 1, 7, 11, 0, -1, 5, 11]","[True, True, True, True, True, True, True, True, True, True, True, True, True, False, True, True]"
52,16,"[3566.579494397111, 2018.3971054226345, 2777.0076285751793, 1320.2655306736276, 925.6689723222934, 0, 2376.47743969961, 777.9614183128089, 1135.2227985320444, 4122.055279481939, 3412.3460484802577, 1875.0732823255908, 0, 450.7502254398, 1654.15444542348, 593.3776234995555]","[4029.0, 1317.5255284711884, 4029.0, 1148.9191784683608, 754.3226201170265, 4029.0, 2977.363607129905, 4029.0, 4029.0, 4029.0, 2711.4744715288116, 1703.726930120324, 4029.0, 1051.636392870095, 4029.0, 422.0312712942887]","[(1644.1666, 0.15380000000000002, 0.6252666666666667), (114.62193333333336, 0.28486666666666666, 0.20433333333333337), (115.3428, 0.03426666666666667, 0.023266666666666665), (459.97486666666657, 0.0, 0.0), (114.6442, 0.5428, 0.4749333333333333), (318.06759999999997, 0.2734, 0.057466666666666666), (117.4404, 0.0092, 0.0106), (123.73126666666663, 0.009733333333333332, 0.0028), (277.5227333333333, 0.25306666666666666, 0.0498), (1744.8298, 0.16613333333333333, 0.7657333333333333), (391.46766666666673, 0.6240666666666668, 0.2032), (214.6078, 3.082733333333333, 0.04673333333333334), (2088.762666666667, 0.21493333333333337, 0.8076), (184.549, 0.0, 0.0), (36.35046666666667, 0.2538666666666667, 0.0013333333333333333), (44.7392, 0.004666666666666667, 0.0)]","[(3, 5e-05, 0.16941111111111112), (1, 3.3333333333333335e-05, 0.05196111111111111), (3, 0.0, 0.027411111111111112), (3, 0.0192, 0.013244444444444444), (1, 0.0, 0.001527777777777778), (1, 0.0, 0.0007888888888888889), (2, 0.0, 0.0023166666666666665), (2, 0.0, 2.2222222222222223e-05), (1, 0.0, 0.001172222222222222), (3, 5e-05, 0.15916666666666668), (3, 0.0, 1.7597444444444446), (3, 0.0, 0.00015555555555555556), (3, 6.666666666666667e-05, 0.18205555555555555), (1, 0.0, 0.00029444444444444445), (1, 0.0, 0.0559388888888889), (3, 0.0, 0.0013)]","[49, 52, 60, 61, 69, 63, 50, 71, 68, 41, 48, 70, 45, 72, 66, 62]","[15, 7, 12, 11, 11, 8, 9, 2, 14, 1, 7, 11, 0, 9, 5, 11]","[True, True, True, True, True, True, True, True, True, True, True, True, True, True, True, True]"
53,16,"[4726.09725342664, 1966.362444631549, 3089.2155868173595, 1269.8284205130622, 928.6358600540952, 1876.4565081617916, 2382.4112160783857, 888.1447951553957, 1208.6783913782356, 2995.9267752935734, 3545.9016668160803, 1510.1460454172877, 450.7502254398, 570.9502855570801, 1678.80244212681, 596.3445116170533]","[4029.0, 1224.7303889077343, 4029.0, 1200.8397111126876, 859.6471506537207, 4029.0, 2920.2304652606526, 4029.0, 4029.0, 4029.0, 2804.2696110922657, 1441.1573360169132, 4029.0, 1108.7695347393474, 4029.0, 527.3558022166787]","[(1434.4516, 0.22206666666666663, 0.8742666666666667), (98.99153333333334, 0.26739999999999997, 0.19593333333333338), (111.1486, 0.03153333333333334, 0.0434), (363.5057333333333, 0.0, 0.0), (109.0518, 0.5416666666666666, 0.5044666666666666), (258.64820000000003, 0.019533333333333337, 0.0016), (134.2176, 0.0092, 0.010733333333333333), (120.93533333333332, 0.045200000000000004, 0.020266666666666665), (304.0866, 0.2961333333333333, 0.05726666666666666), (1400.8971999999999, 0.20986666666666667, 0.7470666666666668), (271.23113333333333, 0.6398666666666667, 0.20813333333333334), (434.80906666666664, 2.7484, 0.018466666666666666), (184.549, 0.0, 0.0), (225.0938, 0.0, 0.0), (71.3028, 0.24086666666666667, 0.0012), (33.5544, 0.0046, 6.666666666666668e-05)]","[(3, 0.0001, 0.21292777777777777), (1, 0.0, 0.051827777777777785), (3, 0.0009, 0.029877777777777774), (3, 0.10526666666666666, 0.011727777777777776), (1, 0.0, 0.0017222222222222224), (3, 0.05115, 0.03694444444444444), (2, 0.0, 0.002361111111111111), (2, 0.0, 0.0), (1, 0.0, 0.0010444444444444444), (3, 5e-05, 0.10956111111111111), (3, 0.0, 1.805188888888889), (3, 0.0, 0.00023888888888888888), (1, 0.0, 0.00029444444444444445), (1, 0.0, 0.0002833333333333333), (1, 0.0, 0.05382777777777778), (3, 0.0, 0.001222222222222222)]","[49, 52, 60, 61, 69, 73, 50, 71, 68, 41, 48, 70, 74, 72, 66, 62]","[15, 7, 12, 11, 11, 4, 9, 2, 14, 1, 7, 11, 13, 9, 5, 11]","[True, True, True, True, True, True, True, True, True, True, True, True, True, True, True, True]"
54,16,"[3065.7406717796443, 1996.48777456323, 2842.73561978406, 1240.1595321833177, 931.6027477858978, 1328.8784523992754, 0, 851.4170028745334, 1225.3728442978247, 0, 0, 1501.2453811024511, 570.9502855570801, 500.8335838220001, 1615.8131172183, 584.4769591470622]","[4029.0, 3012.743887281615, 4029.0, 1183.0383771286354, 874.4815927312155, 4029.0, 1764.083208089, 4029.0, 4029.0, 4029.0, 1016.256112718385, 1444.1242260477688, 4029.0, 2264.916791911, 4029.0, 527.3558040923799]","[(1392.5086000000001, 0.1512, 0.6417333333333333), (100.29406666666667, 0.28213333333333335, 0.20133333333333336), (97.86666666666669, 0.0338, 0.023066666666666666), (380.283, 0.0, 0.0), (109.0518, 0.5368666666666667, 0.4758666666666667), (328.5534, 0.0005333333333333334, 0.0006), (268.4352, 0.009333333333333334, 0.0104), (120.23626666666664, 0.034466666666666666, 0.0114), (292.20259999999996, 0.28073333333333333, 0.056799999999999996), (1361.7504, 0.15293333333333334, 0.6102666666666667), (255.85193333333328, 0.6706666666666666, 0.21606666666666663), (348.1266, 1.8001333333333334, 0.6946), (225.0938, 0.0, 0.0), (191.5394, 0.0, 0.0), (46.137, 0.22346666666666667, 0.0013333333333333333), (0.0, 0.0046, 0.0)]","[(3, 6.666666666666667e-05, 0.11822222222222224), (1, 1.666666666666667e-05, 0.05187777777777777), (3, 0.0, 0.02947777777777778), (3, 0.006966666666666668, 0.010794444444444445), (1, 0.0, 0.0017166666666666667), (3, 0.06125, 0.025472222222222222), (2, 0.0, 0.0024055555555555557), (2, 0.0, 2.2222222222222223e-05), (1, 0.0, 0.001027777777777778), (3, 5e-05, 0.17994444444444446), (3, 0.0, 1.6603722222222224), (3, 0.0, 0.00039999999999999996), (1, 0.0, 0.0002833333333333333), (1, 1.666666666666667e-05, 0.0002611111111111111), (1, 5e-05, 0.05402777777777778), (3, 0.0, 0.0012777777777777776)]","[49, 52, 60, 61, 69, 73, 50, 71, 68, 41, 48, 70, 74, 72, 66, 62]","[15, 7, 12, 11, 11, 4, 9, 2, 14, 1, 7, 11, 13, 9, 5, 11]","[True, True, True, True, True, True, True, True, True, True, True, True, True, True, True, True]"
55,16,"[0, 2029.3517708523368, 2867.38361648739, 1243.126421016292, 925.6689723222934, 2050.0788185255155, 3464.41286996805, 834.7225518377779, 0, 501.40426599866777, 922.7020845904912, 976.1061865270877, 500.8335838220001, 474.12245935149326, 1536.3917945075702, 590.4107353820577]","[4029.0, 2567.824843130923, 4029.0, 1316.5483422043594, 999.0908935103607, 4029.0, 4029.0, 4029.0, 4029.0, 4029.0, 1461.175156869077, 1049.528107715155, 4029.0, 4029.0, 4029.0, 663.8326565701251]","[(1632.9818, 0.3732, 0.7381333333333333), (104.20166666666668, 0.267, 0.19686666666666666), (98.5656, 0.03406666666666667, 0.023066666666666666), (353.719, 0.0, 0.0), (95.0708, 0.5381333333333334, 0.44586666666666674), (298.49406666666664, 0.0016666666666666668, 0.005466666666666667), (168.47066666666663, 0.27493333333333336, 0.023333333333333327), (130.722, 0.026466666666666666, 0.011066666666666664), (276.8236, 0.27726666666666666, 0.054666666666666655), (0.0, 0.0048, 6.666666666666668e-05), (97.867, 0.5311333333333333, 0.4374666666666666), (230.686, 0.866, 0.3906666666666667), (191.5394, 0.0, 0.0), (225.09366666666662, 0.0, 0.0), (58.719800000000006, 0.21913333333333332, 0.0012), (0.0, 0.004666666666666667, 6.666666666666668e-05)]","[(3, 0.09808333333333331, 0.2580777777777778), (1, 3.3333333333333335e-05, 0.05137777777777777), (3, 0.0, 0.029166666666666667), (3, 0.04356666666666667, 0.009866666666666668), (1, 0.0, 0.0017277777777777773), (3, 0.0008666666666666667, 0.016138888888888887), (3, 0.2927833333333333, 0.026605555555555556), (2, 0.0, 4.4444444444444447e-05), (1, 0.0, 0.0013833333333333334), (2, 0.0, 0.0013222222222222222), (1, 0.0, 0.0014666666666666662), (3, 1.666666666666667e-05, 0.0003444444444444445), (1, 1.666666666666667e-05, 0.0002611111111111111), (1, 0.0, 0.0002833333333333333), (1, 1.666666666666667e-05, 0.053094444444444444), (3, 0.0, 0.0013333333333333333)]","[49, 52, 60, 61, 69, 73, 75, 71, 68, 76, 77, 70, 74, 72, 66, 62]","[15, 7, 12, 11, 11, 4, 6, 2, 14, 1, 7, 11, 13, 9, 5, 11]","[True, True, True, True, True, True, True, True, True, True, True, True, True, True, True, True]"
56,15,"[0, 1991.0104418483793, 3604.08485128692, 1308.39797534173, 934.5696355177, 1896.4898516652977, 4442.116739200141, 791.3169791422134, 454.0891471920266, 498.43737685074666, 925.6689723222934, 1465.6427238431045, 0, 0, 1618.55178351867, 628.9802809095288]","[0, 2547.1707347630427, 4029.0, 1231.250321438714, 857.4219816146841, 4029.0, 4029.0, 4029.0, 4029.0, 4029.0, 1481.8292652369569, 1388.4950699400886, 4029.0, 4029.0, 4029.0, 551.8326270065129]","[0, (76.1972, 0.28906666666666664, 0.20346666666666666), (159.383, 0.27046666666666663, 0.022466666666666666), (342.5342, 0.0, 0.0), (92.2746, 0.5394, 0.44333333333333325), (294.3, 0.001066666666666667, 0.005466666666666667), (313.1741333333334, 0.2986666666666667, 0.020266666666666665), (164.2764, 0.008733333333333333, 0.0061333333333333335), (29.621666666666673, 4.1293999999999995, 4.1416), (145.4024, 0.004733333333333333, 6.666666666666668e-05), (114.6442, 0.5428, 0.4749333333333333), (331.3495333333333, 4.365933333333333, 0.022533333333333336), (225.09366666666662, 0.0, 0.0), (159.38313333333332, 0.0, 0.0), (46.1372, 0.21906666666666663, 0.0013333333333333333), (0.0, 0.004533333333333333, 0.0)]","[0, (1, 0.00013333333333333334, 0.05233888888888889), (3, 0.0013666666666666669, 0.02918888888888889), (3, 0.016566666666666667, 0.010016666666666667), (1, 0.0, 0.0022722222222222224), (3, 0.0002, 0.014294444444444445), (3, 0.10841666666666666, 0.0281), (2, 0.0, 8.88888888888889e-05), (3, 0.0, 1.6666666666666667e-05), (2, 0.0, 0.0012666666666666666), (1, 0.0, 0.001527777777777778), (3, 0.0, 0.00019444444444444446), (1, 0.0, 0.0002833333333333333), (1, 0.0, 0.0002722222222222222), (1, 0.0, 0.05315555555555555), (3, 0.0, 0.0016666666666666668)]","[-1, 52, 60, 61, 69, 73, 75, 71, 79, 76, 77, 70, 74, 72, 66, 62]","[-1, 7, 12, 11, 11, 4, 6, 2, 10, 1, 7, 11, 13, 9, 5, 11]","[False, True, True, True, True, True, True, True, True, True, True, True, True, True, True, True]"
57,15,"[3752.9130163235823, 1865.0317894068035, 4107.999450555, 1406.3053068298868, 1284.662387870362, 2227.0400194731583, 3143.9889128247596, 0, 1315.5229705416066, 498.43737685074666, 928.6358600540952, 1851.3381774860268, 520.8668579276933, 0, 0, 605.2451759695467]","[4029.0, 2482.697964676354, 4029.0, 1126.667544790931, 1005.0246258314062, 4029.0, 4029.0, 4029.0, 4029.0, 4029.0, 1546.302035323646, 1571.700415447071, 4029.0, 0, 4029.0, 325.60741393059095]","[(388.67179999999996, 7.663399999999999, 2.4918666666666667), (85.9662, 0.27253333333333335, 0.19946666666666668), (234.88039999999998, 0.2981333333333333, 0.018066666666666665), (350.92293333333333, 0.0, 0.0), (226.49220000000003, 0.5299333333333333, 0.43666666666666676), (234.18133333333338, 0.0016666666666666668, 0.0016), (205.5204, 0.03793333333333333, 0.025266666666666666), (148.19806666666668, 0.008400000000000001, 0.004866666666666666), (29.53446666666667, 12.107333333333337, 12.139266666666664), (67.1088, 0.004666666666666667, 0.0), (109.0518, 0.5416666666666666, 0.5044666666666666), (478.1502, 3.8014, 0.020733333333333333), (0.0, 0.0046, 6.666666666666668e-05), 0, (32.15606666666666, 0.22213333333333332, 0.0012666666666666666), (0.0, 0.004666666666666667, 6.666666666666668e-05)]","[(2, 0.0, 0.016355555555555557), (1, 0.0, 0.052361111111111115), (3, 8.333333333333333e-05, 0.02883888888888889), (3, 0.007016666666666667, 0.010272222222222223), (1, 0.0007666666666666667, 0.00215), (3, 0.0006666666666666666, 0.02163888888888889), (3, 0.00125, 0.027633333333333336), (2, 0.0, 0.0), (3, 0.0, 1.6666666666666667e-05), (2, 0.0, 0.0012333333333333335), (1, 0.0, 0.0017222222222222224), (3, 0.0428, 0.01527777777777778), (1, 0.0, 0.0008722222222222223), 0, (1, 0.0, 0.05301111111111111), (3, 0.0, 0.00125)]","[78, 52, 60, 61, 69, 73, 75, 71, 79, 76, 77, 70, 80, -1, 66, 62]","[15, 7, 12, 11, 11, 4, 6, 2, 10, 1, 7, 11, 13, -1, 5, 11]","[True, True, True, True, True, True, True, True, True, True, True, True, True, False, True, True]"
58,16,"[2794.65141873918, 1982.7944427761026, 0, 1435.9741951596309, 931.6027477858978, 1766.2731188925045, 3601.346184986549, 1876.4565081617916, 1135.2228679800667, 0, 931.6027477858978, 1646.6228982447833, 530.8835282724567, 520.8668579276933, 881.4670876440003, 0]","[4029.0, 2540.095847495102, 4029.0, 1439.6742348620528, 935.3027874883198, 4029.0, 4029.0, 4029.0, 2321.678005026187, 4029.0, 1488.9041525048974, 1650.3229379472054, 4029.0, 1707.3219949738132, 4029.0, 3.700039702422032]","[(651.5146, 19.004533333333335, 2.486266666666667), (92.47886666666669, 0.26613333333333333, 0.19846666666666668), (221.59853333333334, 0.0404, 0.026733333333333335), (423.62406666666664, 0.0, 0.0), (204.1226, 0.5370666666666667, 0.4422), (242.57, 0.0003333333333333333, 0.0004), (130.0228, 0.042466666666666666, 0.027733333333333336), (258.64820000000003, 0.019533333333333337, 0.0016), (31.3258, 10.272666666666666, 10.300266666666666), (100.6632, 0.004666666666666667, 6.666666666666668e-05), (109.0518, 0.5368666666666667, 0.4758666666666667), (450.887, 3.747866666666667, 0.0224), (0.0, 0.004733333333333333, 0.00013333333333333334), (0.0, 0.0046, 6.666666666666668e-05), (95.9442, 0.019933333333333334, 0.0208), (0.0, 0.0046, 0.00013333333333333334)]","[(2, 0.0, 0.0053), (1, 0.0026333333333333334, 0.052366666666666666), (3, 0.0, 0.02946666666666667), (3, 0.06570000000000001, 0.009933333333333334), (1, 0.0, 0.004783333333333333), (3, 6.666666666666667e-05, 0.009744444444444444), (3, 0.0008, 0.02777777777777778), (3, 0.05115, 0.03694444444444444), (3, 0.0, 4.4444444444444447e-05), (2, 0.0, 0.001238888888888889), (1, 0.0, 0.0017166666666666667), (3, 1.666666666666667e-05, 0.0003444444444444445), (1, 0.0, 0.0008388888888888889), (1, 0.0, 0.0008722222222222223), (1, 0.0012, 0.05558333333333333), (3, 0.0, 0.0013)]","[78, 52, 60, 61, 69, 73, 75, 81, 79, 76, 77, 70, 80, 82, 83, 62]","[15, 7, 12, 11, 11, 4, 6, 8, 10, 1, 7, 11, 13, 10, 5, 11]","[True, True, True, True, True, True, True, True, True, True, True, True, True, True, True, True]"
59,16,"[1739.5619942211624, 0, 744.572766635591, 1421.1397509947585, 937.5365232495022, 1993.317678598913, 3261.75156374067, 1328.8784523992754, 1145.2395403445964, 628.9803113908888, 925.6689723222934, 922.7022006380679, 554.2557590769045, 530.8835282724567, 754.589249271, 520.8668579276933]","[4029.0, 1551.6655138388533, 1722.3471571181578, 1477.828417792253, 994.2251900469968, 4029.0, 4029.0, 2306.652842881842, 2321.6780060360697, 1951.6955310599444, 2477.3344861611467, 979.3908674355624, 4029.0, 1707.3219939639303, 2077.304468940056, 577.5555247251879]","[(369.0984, 16.1096, 2.579733333333333), (121.1346, 0.2476, 0.193), (142.60586666666666, 0.0007333333333333332, 0.0006), (528.4818, 0.0, 0.0), (131.4214, 0.5352666666666668, 0.49666666666666676), (231.3854, 0.0005333333333333334, 0.0008), (110.44946666666667, 0.04046666666666667, 0.026666666666666672), (328.5534, 0.0005333333333333334, 0.0006), (31.238400000000002, 10.958333333333334, 10.986266666666667), (320.1647333333333, 0.0011333333333333332, 0.0015333333333333334), (95.0708, 0.5381333333333334, 0.44586666666666674), (434.1098, 1.2283333333333333, 0.020466666666666664), (0.0, 0.0044, 0.0), (0.0, 0.004733333333333333, 0.00013333333333333334), (96.9928, 0.020133333333333333, 0.014066666666666665), (0.0, 0.0046, 6.666666666666668e-05)]","[(2, 0.0, 0.00225), (1, 1.666666666666667e-05, 0.051916666666666667), (1, 0.0, 0.02883888888888889), (3, 0.012783333333333334, 0.009422222222222222), (1, 1.666666666666667e-05, 0.0021166666666666664), (3, 6.666666666666667e-05, 0.011649999999999999), (3, 0.00011666666666666667, 0.02971666666666666), (3, 0.06125, 0.025472222222222222), (3, 0.0, 2.2222222222222223e-05), (2, 0.0037166666666666667, 0.0028777777777777777), (1, 0.0, 0.0017277777777777773), (3, 0.0, 0.0004555555555555556), (1, 0.0, 0.0008277777777777778), (1, 0.0, 0.0008388888888888889), (1, 0.0, 0.054338888888888895), (1, 0.0, 0.0008722222222222223)]","[78, 52, 84, 61, 69, 73, 75, 81, 79, 85, 77, 70, 80, 82, 83, 86]","[15, 7, 8, 11, 11, 4, 6, 8, 10, 5, 7, 11, 13, 10, 5, 11]","[True, True, True, True, True, True, True, True, True, True, True, True, True, True, True, True]"
60,15,"[1826.3731494030244, 0, 554.2559608139378, 1504.2126383180432, 940.5034109813047, 1889.8120704974624, 3502.7541981732297, 2050.0788185255155, 1218.6951376844836, 634.9140879134446, 0, 1074.0134939902914, 0, 554.2557590769045, 754.589249271, 530.8835282724567]","[4029.0, 0, 1266.588571144211, 1499.0593704275193, 935.3501430907806, 4029.0, 4029.0, 2762.411428855789, 2346.7196893037894, 1954.6624193212224, 4029.0, 1068.8602260997673, 4029.0, 1682.2803106962103, 2074.3375806787776, 525.7302603819327]","[(268.4352, 13.852799999999998, 1.682), 0, (98.56566666666669, 0.0007333333333333332, 0.0002666666666666667), (429.21633333333324, 0.0, 0.0), (109.0518, 0.5446, 0.4834), (253.7549333333333, 0.0006666666666666666, 0.0008), (119.5372, 0.03373333333333334, 0.02686666666666667), (298.49406666666664, 0.0016666666666666668, 0.005466666666666667), (30.75773333333333, 11.004733333333336, 11.030333333333335), (300.59133333333324, 0.0011333333333333332, 0.0015333333333333334), (92.2746, 0.5394, 0.44333333333333325), (243.2694, 1.3356666666666668, 0.18259999999999998), (0.0, 0.0046, 0.00013333333333333334), (0.0, 0.0044, 0.0), (90.177, 0.02, 0.014), (0.0, 0.004733333333333333, 0.00013333333333333334)]","[(2, 0.0, 0.005916666666666666), 0, (1, 0.0, 0.0016666666666666668), (3, 0.381, 0.012), (1, 0.0, 0.002838888888888889), (3, 0.00018333333333333334, 0.015666666666666666), (3, 0.0013666666666666669, 0.04000555555555556), (3, 0.0008666666666666667, 0.016138888888888887), (3, 0.0, 2.2222222222222223e-05), (2, 0.0004, 0.0023666666666666667), (1, 0.0, 0.0022722222222222224), (3, 0.0, 0.0004166666666666667), (1, 0.0, 0.0008111111111111112), (1, 0.0, 0.0008277777777777778), (1, 3.3333333333333335e-05, 0.05506666666666666), (1, 0.0, 0.0008388888888888889)]","[78, -1, 84, 61, 69, 73, 75, 81, 79, 85, 77, 70, 80, 82, 83, 86]","[15, -1, 8, 11, 11, 4, 6, 8, 10, 5, 7, 11, 13, 10, 5, 11]","[True, False, True, True, True, True, True, True, True, True, True, True, True, True, True, True]"
61,16,"[1612.6841520322869, 1108.5118598755066, 597.6615481065954, 1471.5768611553244, 967.2054005675245, 2103.5010678682, 2935.85027399664, 1896.4898516652977, 1191.9840113790701, 557.7749931202221, 881.4670876440003, 940.5035292677412, 1071.7839430047102, 520.8668579276933, 741.2336873370001, 554.2557590769045]","[4029.0, 1474.6843676130904, 1365.085848220649, 1816.89752088874, 1312.5260603009401, 4029.0, 3203.537640438209, 2663.9141517793514, 2350.0585767256885, 825.462359561791, 1247.6395953815843, 1306.676037005325, 4029.0, 1678.9414232743115, 4029.0, 899.5764188103201]","[(383.0794, 15.210066666666668, 1.8525333333333331), (67.1088, 0.0, 0.001), (121.6344, 0.0005333333333333334, 0.0002), (637.5336666666665, 0.0, 0.0), (131.4214, 0.5404, 0.4769333333333333), (244.66713333333328, 0.0014666666666666665, 0.0012), (105.55626666666666, 0.03646666666666667, 0.024466666666666664), (294.3, 0.001066666666666667, 0.005466666666666667), (30.932599999999997, 11.007200000000001, 11.033333333333335), (288.00833333333327, 0.0011333333333333332, 0.0014), (95.9442, 0.019933333333333334, 0.0208), (178.2574, 0.7554, 0.0208), (125.829, 0.0033333333333333335, 0.0012666666666666666), (0.0, 0.0046, 0.00013333333333333334), (93.3228, 0.018333333333333333, 0.014133333333333333), (0.0, 0.0044, 0.0)]","[(2, 0.0, 0.0036999999999999997), (3, 0.0, 0.0), (1, 0.0, 0.0015388888888888887), (3, 0.0831, 0.0046944444444444455), (1, 0.06126666666666666, 0.023866666666666675), (3, 0.00015, 0.019816666666666666), (3, 0.0, 0.024422222222222224), (3, 0.0002, 0.014294444444444445), (3, 0.0, 2.2222222222222223e-05), (2, 0.00026666666666666673, 0.002455555555555556), (1, 0.0012, 0.05558333333333333), (3, 0.0, 0.0004444444444444444), (3, 0.0, 0.0006444444444444443), (1, 0.0, 0.0008111111111111112), (1, 0.0, 0.0557), (1, 0.0, 0.0008277777777777778)]","[78, 87, 84, 61, 69, 73, 75, 81, 79, 85, 88, 70, 89, 82, 83, 86]","[15, 7, 8, 11, 11, 4, 6, 8, 10, 6, 7, 7, 14, 10, 5, 11]","[True, True, True, True, True, True, True, True, True, True, True, True, True, True, True, True]"
62,16,"[1499.1618721790824, 1115.189642163913, 554.2559608139378, 1468.6099723223501, 922.7020845904912, 2073.45105261294, 2837.2582871833197, 2227.0400194731583, 1198.6617929554236, 590.4107639942779, 754.589249271, 1468.6096119480499, 1068.445052216534, 510.85018758292983, 804.6726065235, 520.8668579276933]","[4029.0, 1345.393474369592, 1178.10797067039, 1840.8836673755052, 1294.9757796436463, 4029.0, 3137.923761594521, 2850.8920293296105, 2358.4058026862467, 891.076238405479, 984.793081476679, 1698.8134441537288, 4029.0, 1670.5941973137533, 4029.0, 893.1405529808485]","[(279.62, 9.749466666666667, 1.610333333333333), (47.5354, 0.0, 0.001), (125.82866666666669, 0.0007333333333333332, 0.0002666666666666667), (585.804, 0.0, 0.0), (89.4784, 0.5311333333333333, 0.46186666666666676), (254.4540666666667, 0.0026, 0.0088), (111.8476, 0.035666666666666666, 0.024), (234.18133333333338, 0.0016666666666666668, 0.0016), (29.2284, 11.277066666666668, 11.304066666666667), (311.7758666666666, 0.0011333333333333332, 0.0015333333333333334), (96.9928, 0.020133333333333333, 0.014066666666666665), (344.63140000000004, 3.1724, 0.019733333333333335), (170.56820000000002, 0.0034, 0.0014666666666666665), (0.0, 0.004533333333333333, 0.0), (93.8472, 0.0318, 0.0146), (0.0, 0.0046, 0.00013333333333333334)]","[(2, 0.05768333333333333, 0.023244444444444446), (3, 0.0, 0.0), (1, 0.0, 0.00165), (3, 0.13241666666666665, 0.0105), (1, 1.666666666666667e-05, 0.0020666666666666667), (3, 0.00011666666666666667, 0.017588888888888887), (3, 0.0, 0.028383333333333337), (3, 0.0006666666666666666, 0.02163888888888889), (3, 0.0, 2.2222222222222223e-05), (2, 0.0, 0.002388888888888889), (1, 0.0, 0.054338888888888895), (3, 0.0, 0.0002722222222222222), (3, 0.0, 0.0005666666666666666), (1, 0.0, 0.0008055555555555557), (1, 0.00011666666666666667, 0.053427777777777775), (1, 0.0, 0.0008111111111111112)]","[78, 87, 84, 61, 69, 73, 75, 81, 79, 85, 88, 70, 89, 82, 83, 86]","[15, 7, 8, 11, 11, 4, 6, 8, 10, 6, 7, 7, 14, 10, 5, 11]","[True, True, True, True, True, True, True, True, True, True, True, True, True, True, True, True]"
63,16,"[1863.10094582612, 1115.189642163913, 597.6615481065954, 1412.2390844958354, 913.8014213950846, 2293.817831151513, 2777.0076285751793, 1766.2731188925045, 1178.6284482263632, 534.03988703, 754.589249271, 913.8015363232312, 1095.1561785219467, 520.8668579276933, 0, 510.85018758292983]","[4029.0, 1530.329499577865, 1430.1942146070455, 1809.6088533378854, 1311.1711902371346, 4029.0, 3135.9838707725894, 2598.8057853929545, 2343.380795149335, 893.0161292274104, 1169.7291066849518, 1328.941393737183, 4029.0, 1685.619204850665, 4029.0, 908.21995642498]","[(338.34020000000004, 2.189, 3.0638666666666667), (72.7012, 0.0, 0.001), (98.56533333333331, 0.0005333333333333334, 0.0002), (525.6854666666667, 0.0, 0.0), (117.4404, 0.5386666666666666, 0.5020666666666667), (268.435, 0.0018666666666666666, 0.0016), (115.3428, 0.03426666666666667, 0.023266666666666665), (242.57, 0.0003333333333333333, 0.0004), (27.96146666666667, 11.744666666666664, 11.770666666666664), (325.75713333333334, 0.0011333333333333332, 0.0014666666666666665), (90.177, 0.02, 0.014), (369.0984, 0.713, 0.022), (170.56820000000002, 0.0033333333333333335, 0.0014), (0.0, 0.0046, 0.00013333333333333334), (99.0902, 0.043, 0.015133333333333334), (0.0, 0.004533333333333333, 0.0)]","[(2, 1.1261166666666667, 0.002977777777777778), (3, 0.0, 0.0), (1, 0.0, 0.0015500000000000002), (3, 0.0064333333333333334, 0.012416666666666666), (1, 0.0, 0.003311111111111111), (3, 0.00013333333333333334, 0.023688888888888888), (3, 0.0, 0.027411111111111112), (3, 6.666666666666667e-05, 0.009744444444444444), (3, 0.0, 2.2222222222222223e-05), (2, 0.0006666666666666666, 0.0023944444444444447), (1, 3.3333333333333335e-05, 0.05506666666666666), (3, 0.0, 0.0003888888888888889), (3, 0.0, 0.0008388888888888889), (1, 0.0, 0.0008166666666666667), (1, 0.0, 0.05496666666666667), (1, 0.0, 0.0008055555555555557)]","[78, 87, 84, 61, 69, 73, 75, 81, 79, 85, 88, 70, 89, 82, 83, 86]","[15, 7, 8, 11, 11, 4, 6, 8, 10, 6, 7, 7, 14, 10, 5, 11]","[True, True, True, True, True, True, True, True, True, True, True, True, True, True, True, True]"
64,16,"[2634.3846707111265, 1105.1729687313032, 567.6115261347555, 1385.5370849990654, 922.7020845904912, 2203.667785385733, 3089.2155868173595, 1993.317678598913, 1141.90064955642, 522.1723339848888, 741.2336873370001, 1433.0069546887032, 1105.1728508864767, 0, 80.13338746088, 520.8668579276933]","[4029.0, 1355.0350984789677, 1030.2573287365726, 1785.5017424933155, 1322.6667420847411, 4029.0, 3298.0216264162354, 2455.9634812007303, 2585.45032477821, 730.9783735837648, 991.0958170846645, 1682.8690844363678, 4029.0, 1443.54967522179, 542.7791900626972, 920.8315154219433]","[(408.2452, 3.357266666666667, 2.6136666666666666), (33.5544, 0.0, 0.001), (113.24566666666668, 0.0007333333333333332, 0.0002666666666666667), (350.923, 0.0, 0.0), (134.2176, 0.5295333333333333, 0.5544666666666667), (269.134, 0.0016666666666666668, 0.0014666666666666665), (111.1486, 0.03153333333333334, 0.0434), (231.3854, 0.0005333333333333334, 0.0008), (28.00533333333333, 10.849266666666667, 10.8736), (304.78553333333326, 0.0011333333333333332, 0.0014666666666666665), (93.3228, 0.018333333333333333, 0.014133333333333333), (216.70520000000002, 2.985266666666667, 0.017533333333333335), (128.6252, 0.0032, 0.0014), (0.0, 0.0046, 0.0), (75.84646666666666, 0.0, 0.0), (0.0, 0.0046, 0.00013333333333333334)]","[(2, 1.092625, 0.013255555555555555), (3, 0.0, 0.0), (1, 0.0, 0.0016666666666666668), (3, 0.008616666666666667, 0.011205555555555555), (1, 0.0, 0.002977777777777778), (3, 0.00031666666666666665, 0.026144444444444446), (3, 0.0009, 0.029877777777777774), (3, 6.666666666666667e-05, 0.011649999999999999), (3, 0.0, 1.6666666666666667e-05), (2, 6.666666666666667e-05, 0.0023833333333333337), (1, 0.0, 0.0557), (3, 0.0, 0.0003111111111111111), (3, 0.0, 0.0005555555555555557), (1, 0.0, 0.0008222222222222222), (2, 0.00015, 0.0002722222222222222), (1, 0.0, 0.0008166666666666667)]","[78, 87, 84, 61, 69, 73, 75, 81, 79, 85, 88, 70, 89, 82, 90, 86]","[15, 7, 8, 11, 11, 4, 6, 8, 10, 6, 7, 7, 14, 10, 8, 11]","[True, True, True, True, True, True, True, True, True, True, True, True, True, True, True, True]"
65,15,"[1779.6286812281753, 1111.8507510197098, 611.0171134274134, 1385.5370849990654, 916.7683091268867, 2664.4346859663865, 2842.73561978406, 1889.8120704974624, 0, 531.0729987687222, 804.6726065235, 1041.37772483589, 1078.4617245810634, 0, 86.81116974928666, 510.85018758292983]","[4029.0, 1468.88372356001, 1091.470328869359, 1790.8185577627714, 1322.0497818905928, 4029.0, 3170.3313105076686, 2370.2652859394084, 4029.0, 858.668689492331, 1161.7055790638, 1398.41069737619, 4029.0, 0, 567.2643851912325, 916.1316603466358]","[(645.9222, 2.945, 2.129), (39.146800000000006, 0.0, 0.001), (127.92593333333336, 0.0005333333333333334, 0.0002), (352.32093333333336, 0.0, 0.0), (64.3126, 0.5252666666666668, 0.5347333333333333), (369.09826666666675, 0.0032, 0.0020666666666666667), (97.86666666666669, 0.0338, 0.023066666666666666), (253.7549333333333, 0.0006666666666666666, 0.0008), (29.18493333333334, 11.238933333333332, 11.264533333333333), (258.64813333333325, 0.0011333333333333332, 0.0015333333333333334), (93.8472, 0.0318, 0.0146), (404.7498, 1.2064000000000001, 0.013733333333333332), (134.2176, 0.0033333333333333335, 0.0014), 0, (71.827, 0.0, 0.0), (0.0, 0.0046, 0.0)]","[(2, 0.0, 0.0070888888888888885), (3, 0.0, 0.0), (1, 0.0, 0.0015222222222222221), (3, 0.010883333333333333, 0.010066666666666666), (1, 0.0, 0.0028777777777777777), (3, 0.2675166666666666, 0.1220111111111111), (3, 0.0, 0.02947777777777778), (3, 0.00018333333333333334, 0.015666666666666666), (3, 0.0, 4.4444444444444447e-05), (2, 0.0010333333333333334, 0.0024222222222222223), (1, 0.00011666666666666667, 0.053427777777777775), (3, 0.0, 0.00029444444444444445), (3, 0.0, 0.0007111111111111111), 0, (2, 0.09475, 0.017716666666666665), (1, 0.0, 0.0008222222222222222)]","[78, 87, 84, 61, 69, 73, 75, 81, 79, 85, 88, 70, 89, -1, 90, 86]","[15, 7, 8, 11, 11, 4, 6, 8, 10, 6, 7, 7, 14, -1, 8, 11]","[True, True, True, True, True, True, True, True, True, True, True, True, True, False, True, True]"
66,15,"[2090.1455055325287, 1252.08417907625, 554.2559608139378, 0, 901.9338704678755, 2310.5122840711024, 2867.38361648739, 2103.5010678682, 922.7020845904912, 537.0067752912778, 844.7392923255, 1293.563213756262, 1058.4283798520034, 0, 103.50562547030331, 524.2057480426145]","[4029.0, 1464.9552840235792, 976.8350760964574, 867.62012716317, 1769.5539976310456, 4029.0, 3179.688420598056, 2526.0801831507197, 4029.0, 849.3115794019438, 1057.6103972728292, 1506.4343187035913, 4029.0, 0, 526.084740752823, 1391.8258752057845]","[(402.6528, 3.2084, 1.765466666666667), (173.3644, 6.666666666666668e-05, 0.0016), (79.69133333333332, 0.0007333333333333332, 0.0002666666666666667), (364.90406666666667, 0.0, 0.0), (81.0898, 0.5091333333333332, 0.5423333333333333), (364.904, 0.0027333333333333333, 0.0014666666666666665), (98.5656, 0.03406666666666667, 0.023066666666666666), (244.66713333333328, 0.0014666666666666665, 0.0012), (97.867, 0.5311333333333333, 0.4374666666666666), (289.4064, 0.0012, 0.0015333333333333334), (99.0902, 0.043, 0.015133333333333334), (257.9492, 1.6759333333333335, 0.7163333333333335), (268.4352, 0.0032666666666666664, 0.0013333333333333333), 0, (107.65333333333331, 0.0, 0.0), (22.3696, 0.004666666666666667, 0.0002)]","[(2, 0.0, 0.005355555555555555), (3, 0.03166666666666667, 0.0017722222222222221), (1, 0.0, 0.0016666666666666668), (3, 0.006866666666666666, 0.009327777777777779), (1, 0.0, 0.0024222222222222223), (3, 0.0012833333333333332, 0.025400000000000002), (3, 0.0, 0.029166666666666667), (3, 0.00015, 0.019816666666666666), (1, 0.0, 0.0014666666666666662), (2, 0.00013333333333333334, 0.0024055555555555557), (1, 0.0, 0.05496666666666667), (3, 0.0, 0.0003444444444444445), (3, 0.0, 0.00065), 0, (2, 0.0006, 0.00018333333333333334), (1, 0.0, 0.0008666666666666667)]","[78, 87, 84, 61, 69, 73, 75, 81, 91, 85, 88, 70, 89, -1, 90, 86]","[15, 7, 8, 11, 11, 4, 6, 8, 13, 6, 7, 7, 14, -1, 8, 11]","[True, True, True, True, True, True, True, True, True, True, True, True, True, False, True, True]"
67,15,"[1232.0506254656602, 1105.1729687313032, 597.6615481065954, 1115.1894634134223, 1124.450450353042, 2560.9290778649356, 3604.08485128692, 2073.45105261294, 925.6689723222934, 534.03988703, 814.6892779739999, 1008.7419556814889, 0, 0, 0, 517.5279678127722]","[4029.0, 1471.9715679357057, 1050.2906812000836, 4029.0, 2317.961241270135, 4029.0, 3549.52248212846, 2526.0801857064284, 4029.0, 479.47751787153993, 1181.4878771784024, 1375.5405548858914, 4029.0, 0, 452.62913309348806, 1711.038758729865]","[(444.5958, 2.369733333333333, 2.1395999999999997), (156.58720000000002, 6.666666666666668e-05, 0.001066666666666667), (121.6344, 0.0005333333333333334, 0.0002), (499.1218, 0.0016666666666666668, 0.0011333333333333332), (128.6252, 0.4915333333333334, 0.5031333333333333), (271.9302, 0.0026666666666666666, 0.0020666666666666667), (159.383, 0.27046666666666663, 0.022466666666666666), (254.4540666666667, 0.0026, 0.0088), (114.6442, 0.5428, 0.4749333333333333), (239.0746, 0.0012, 0.0016), (91.7496, 0.042133333333333335, 0.014666666666666665), (293.6008, 1.66, 0.18393333333333337), (248.8618, 0.0033333333333333335, 0.0014), 0, (83.18653333333334, 0.0, 0.0), (78.29360000000001, 0.004533333333333333, 6.666666666666668e-05)]","[(2, 0.0, 0.005061111111111111), (3, 0.0, 0.0002833333333333333), (1, 0.0, 0.0015611111111111112), (2, 0.0, 0.0010999999999999998), (1, 0.0, 0.00255), (3, 0.005633333333333334, 0.03143333333333334), (3, 0.0013666666666666669, 0.02918888888888889), (3, 0.00011666666666666667, 0.017588888888888887), (1, 0.0, 0.001527777777777778), (2, 0.00016666666666666666, 0.002361111111111111), (1, 0.0, 0.05646666666666667), (3, 0.0, 0.00039999999999999996), (3, 0.0, 0.0008222222222222222), 0, (2, 0.0005833333333333334, 0.00023333333333333333), (1, 0.0, 0.000861111111111111)]","[78, 87, 84, 92, 69, 73, 75, 81, 91, 85, 88, 70, 89, -1, 90, 86]","[15, 7, 8, 1, 11, 4, 6, 8, 13, 6, 7, 7, 14, -1, 8, 11]","[True, True, True, True, True, True, True, True, True, True, True, True, True, False, True, True]"
68,16,"[2534.217953193593, 1118.528533308117, 560.9337434743467, 1175.2894943758222, 907.86764593148, 0, 4107.999450555, 2293.817831151513, 928.6358600540952, 0, 918.1948829624997, 1391.4705212194656, 652.7155422502, 1155.2559781834066, 2251.868135745323, 0]","[2703.9809875050933, 1318.797220811423, 1707.3221245492623, 2321.6778754507377, 2468.4338229657396, 4029.0, 4029.0, 4029.0, 4029.0, 4029.0, 1118.4635704658058, 1591.7392087227715, 4029.0, 1325.0190124949067, 4029.0, 1560.56617703426]","[(349.525, 5.339466666666667, 2.7218), (97.867, 0.0, 0.001), (127.9256, 0.0007333333333333332, 0.0002666666666666667), (553.6476, 0.0017333333333333335, 0.0015333333333333334), (100.6632, 0.49213333333333326, 0.49939999999999996), (274.72646666666674, 0.0041333333333333335, 0.009866666666666668), (234.88039999999998, 0.2981333333333333, 0.018066666666666665), (268.435, 0.0018666666666666666, 0.0016), (109.0518, 0.5416666666666666, 0.5044666666666666), (244.6674, 0.0012, 0.0014666666666666665), (88.0798, 0.027533333333333333, 0.014933333333333335), (454.38226666666674, 2.6148000000000002, 0.015), (433.41086666666666, 0.0023333333333333335, 0.0030666666666666668), (67.10839999999999, 0.00013333333333333334, 0.001), (100.6632, 0.009333333333333334, 0.0108), (0.0, 0.004666666666666667, 0.00013333333333333334)]","[(2, 0.0, 0.01048888888888889), (3, 0.008, 0.00039999999999999996), (1, 0.0, 0.0017055555555555554), (2, 0.0, 0.0005222222222222223), (1, 0.0, 0.0023), (3, 0.0009833333333333335, 0.03336666666666666), (3, 8.333333333333333e-05, 0.02883888888888889), (3, 0.00013333333333333334, 0.023688888888888888), (1, 0.0, 0.0017222222222222224), (2, 0.0, 0.002361111111111111), (1, 0.0, 0.05538333333333333), (3, 0.0, 0.0002666666666666667), (1, 0.011300000000000001, 0.0010833333333333333), (1, 0.0, 0.0005722222222222222), (2, 0.0, 0.002416666666666667), (1, 0.0, 0.0008388888888888889)]","[78, 87, 84, 92, 69, 73, 75, 81, 91, 85, 88, 70, 93, 94, 95, 86]","[15, 7, 12, 12, 11, 4, 6, 9, 13, 1, 7, 7, 14, 15, 5, 11]","[True, True, True, True, True, True, True, True, True, True, True, True, True, True, True, True]"
69,16,"[5161.924842736884, 1121.86742445232, 597.6615481065954, 1121.8672446314667, 0, 685.3513090824399, 3519.18619597545, 2203.667785385733, 931.6027477858978, 2240.395480738335, 794.6559350729999, 1103.6823750397464, 634.9142092797401, 1151.9170880730503, 2266.7025766922616, 517.5280212281833]","[4019.5038773319166, 1458.1321795972979, 1139.0348474997613, 1663.2405440246325, 4029.0, 1226.7246084756057, 4029.0, 4029.0, 4029.0, 2875.933729755076, 1130.9206902179778, 1439.9471301847243, 4029.0, 9.49612266808299, 4029.0, 1153.066270244924]","[(553.6476, 10.710466666666667, 4.053266666666667), (81.0898, 0.0, 0.001), (123.7314, 0.0005333333333333334, 0.0002), (461.3726, 0.008400000000000001, 0.008866666666666667), (106.2556, 0.49460000000000004, 0.5610666666666667), (232.08433333333338, 0.9976, 0.007), (221.59853333333334, 0.0404, 0.026733333333333335), (269.134, 0.0016666666666666668, 0.0014666666666666665), (109.0518, 0.5368666666666667, 0.4758666666666667), (973.0777333333333, 0.10640000000000001, 0.744), (90.70139999999999, 0.0224, 0.014266666666666667), (283.1152, 1.2862, 0.020266666666666665), (398.45840000000004, 0.0016666666666666668, 0.0003333333333333333), (72.70093333333334, 6.666666666666668e-05, 0.001), (150.9948, 0.009333333333333334, 0.010933333333333335), (58.7202, 0.004733333333333333, 0.00013333333333333334)]","[(2, 0.0, 0.008927777777777778), (3, 0.0, 0.0), (1, 0.0, 0.0016055555555555554), (2, 0.0, 0.0004944444444444445), (1, 0.0, 0.003311111111111111), (3, 0.0, 0.0005111111111111112), (3, 0.0, 0.02946666666666667), (3, 0.00031666666666666665, 0.026144444444444446), (1, 0.0, 0.0017166666666666667), (3, 0.0, 0.025061111111111114), (1, 0.0, 0.05278888888888889), (3, 0.0, 0.00040555555555555554), (1, 0.015133333333333334, 0.0009777777777777777), (1, 0.0, 0.0005666666666666666), (2, 0.0, 0.0026888888888888887), (2, 0.0, 0.0010944444444444443)]","[78, 87, 84, 92, 69, 96, 75, 81, 91, 97, 88, 70, 93, 94, 95, 98]","[15, 7, 12, 12, 11, 12, 6, 9, 13, 1, 7, 7, 14, 15, 5, 1]","[True, True, True, True, True, True, True, True, True, True, True, True, True, True, True, True]"
70,16,"[3255.4183193198332, 1105.1729687313032, 554.2559608139378, 1035.0560887968888, 1646.6233023008167, 741.7221959766666, 3576.69818828322, 2664.4346859663865, 925.6689723222934, 1332.217282883153, 744.5725778205001, 1533.8811502568522, 0, 1158.5948682937635, 2248.9012475559352, 510.85024030910995]","[3062.911725513035, 1320.297403128418, 1120.2445456181067, 1601.0446736010576, 2374.977164989262, 1307.7107807808356, 4029.0, 4029.0, 1654.0228350107382, 2425.1835212870214, 959.6970122176149, 1749.005584653967, 4029.0, 966.0882744869652, 4029.0, 1603.8164787129783]","[(503.316, 17.2942, 4.714533333333334), (117.4404, 0.0, 0.001), (111.14853333333335, 0.0007333333333333332, 0.0002666666666666667), (448.7898, 0.009933333333333334, 0.0104), (125.829, 0.9397333333333332, 0.7602666666666668), (264.24086666666665, 0.7731333333333333, 0.0056), (117.44013333333332, 0.04193333333333333, 0.027666666666666673), (369.09826666666675, 0.0032, 0.0020666666666666667), (95.0708, 0.5381333333333334, 0.44586666666666674), (805.3058666666667, 0.081, 0.3894666666666666), (98.0414, 0.018266666666666667, 0.014133333333333333), (388.6717333333333, 3.0486, 0.017133333333333334), (349.5247333333333, 0.0023333333333333335, 0.003), (75.49719999999999, 0.0004, 0.0014666666666666665), (150.9948, 0.009266666666666668, 0.0106), (50.3316, 0.004666666666666667, 0.00013333333333333334)]","[(2, 2.327875, 0.009094444444444445), (3, 0.0, 0.0), (1, 0.0, 0.00165), (2, 0.0, 0.0004944444444444445), (2, 0.0, 0.009888888888888888), (3, 0.0, 0.0006277777777777777), (3, 0.0027166666666666667, 0.027800000000000002), (3, 0.2675166666666666, 0.1220111111111111), (1, 0.0, 0.0017277777777777773), (3, 0.0, 0.023311111111111112), (1, 0.0, 0.056383333333333334), (3, 0.0, 0.0002833333333333333), (1, 0.01145, 0.0009944444444444447), (1, 0.0, 0.0005499999999999999), (2, 0.0, 0.0023555555555555556), (2, 0.0, 0.0010555555555555557)]","[78, 87, 84, 92, 99, 96, 75, 81, 91, 97, 88, 70, 93, 94, 95, 98]","[15, 7, 12, 12, 13, 12, 6, 9, 13, 1, 7, 7, 14, 15, 5, 1]","[True, True, True, True, True, True, True, True, True, True, True, True, True, True, True, True]"
71,16,"[3689.4740952291445, 1131.8840978849303, 597.6615481065954, 1051.750541842, 1622.8881916370212, 623.0466446204, 3261.75156374067, 2310.5122840711024, 934.5696355177, 888.1448552554355, 794.6559350729999, 809.9604526501365, 777.9614183128089, 1151.9170880730503, 2254.8350239347114, 510.85024030910995]","[3283.278503578047, 1562.717269348908, 1183.1753032502636, 1637.2642969856684, 2358.6592780596607, 1208.5603997640683, 4029.0, 4029.0, 1670.3407219403393, 2203.147307473163, 1225.4891065369777, 1240.7936241141142, 4029.0, 745.7214964219529, 4029.0, 1825.8526925268372]","[(570.4248, 42.85653333333333, 4.105333333333333), (75.4974, 0.0, 0.001), (102.75993333333334, 0.0005333333333333334, 0.0002), (450.1882666666667, 0.0092, 0.009466666666666667), (139.81, 0.972, 0.7780666666666667), (260.0463333333334, 0.6686, 0.004866666666666666), (115.3428, 0.04046666666666667, 0.026666666666666672), (364.904, 0.0027333333333333333, 0.0014666666666666665), (92.2746, 0.5394, 0.44333333333333325), (624.9507333333332, 0.08693333333333333, 0.30760000000000004), (84.9342, 0.027466666666666664, 0.014133333333333333), (381.6812, 0.617, 0.014133333333333333), (123.73126666666663, 0.009733333333333332, 0.0028), (75.49719999999999, 0.0003333333333333333, 0.0014), (184.5492, 0.009333333333333334, 0.0108), (47.5354, 0.004533333333333333, 0.00013333333333333334)]","[(2, 0.0, 0.005988888888888888), (3, 0.048083333333333346, 0.01686666666666667), (1, 0.0, 0.0015777777777777778), (2, 0.0, 0.0005166666666666667), (2, 0.0, 0.011461111111111111), (3, 0.0, 0.0004277777777777778), (3, 0.0, 0.025622222222222223), (3, 0.0012833333333333332, 0.025400000000000002), (1, 0.0, 0.0022722222222222224), (3, 0.0, 0.013066666666666667), (1, 0.0, 0.05472777777777777), (3, 0.0, 0.0008333333333333334), (2, 0.0, 2.2222222222222223e-05), (1, 0.0, 0.0005611111111111111), (2, 0.0, 0.002338888888888889), (2, 0.0, 0.0011222222222222222)]","[78, 87, 84, 92, 99, 96, 75, 81, 91, 97, 88, 70, 100, 94, 95, 98]","[15, 7, 12, 12, 13, 12, 6, 9, 13, 1, 7, 7, 10, 15, 5, 1]","[True, True, True, True, True, True, True, True, True, True, True, True, True, True, True, True]"
72,16,"[2510.845719106169, 1131.8840978849303, 0, 1055.0894324510223, 1578.3848591424044, 620.0797558364931, 3409.63954396065, 2560.9290778649356, 1284.662387870362, 1101.8338429860667, 841.4004018420001, 940.5035292677412, 888.1447951553957, 1168.6115386248337, 2248.9012475559352, 510.85024030910995]","[2685.6170902406675, 1503.621421553373, 784.6102705708282, 1839.6997030218504, 2161.3612356360213, 1404.6900264073213, 4029.0, 4029.0, 1867.638764363979, 2309.9918013384786, 1213.1377255104428, 1312.240852936184, 4029.0, 1343.3829097593323, 4029.0, 1719.0081986615216]","[(394.2642, 30.276, 3.311533333333333), (75.4974, 0.0, 0.001), (130.02306666666664, 0.0007333333333333332, 0.0002666666666666667), (461.373, 0.0016666666666666668, 0.0013333333333333333), (184.5492, 0.9548666666666666, 0.7652666666666668), (222.2978, 0.6696, 0.0051333333333333335), (132.12006666666667, 0.0338, 0.0268), (271.9302, 0.0026666666666666666, 0.0020666666666666667), (226.49220000000003, 0.5299333333333333, 0.43666666666666676), (641.7282666666667, 0.07759999999999999, 0.331), (101.7114, 0.03853333333333333, 0.015), (236.2787333333333, 1.2087333333333334, 0.17886666666666667), (120.93533333333332, 0.045200000000000004, 0.020266666666666665), (77.5942, 0.00046666666666666666, 0.0014), (218.1036, 0.009266666666666668, 0.010533333333333334), (55.924, 0.004733333333333333, 6.666666666666668e-05)]","[(2, 0.0, 0.003466666666666667), (3, 0.0, 0.0), (1, 0.0, 0.001738888888888889), (2, 0.0, 0.01923888888888889), (2, 1.666666666666667e-05, 0.010605555555555557), (3, 0.0, 0.0005), (3, 0.0, 0.03398333333333334), (3, 0.005633333333333334, 0.03143333333333334), (1, 0.0007666666666666667, 0.00215), (3, 0.04375, 0.0321388888888889), (1, 0.0, 0.05628888888888889), (3, 0.0, 0.00040555555555555554), (2, 0.0, 0.0), (1, 0.0, 0.001627777777777778), (2, 0.0, 0.0022555555555555554), (2, 0.0, 0.0010555555555555555)]","[78, 87, 84, 92, 99, 96, 75, 81, 91, 97, 88, 70, 100, 94, 95, 98]","[15, 7, 12, 12, 13, 12, 6, 9, 13, 1, 7, 7, 10, 15, 5, 1]","[True, True, True, True, True, True, True, True, True, True, True, True, True, True, True, True]"
73,16,"[2781.295856403509, 1111.8507510197098, 1071.7839430047102, 1038.394979405911, 1622.8881916370212, 640.8479773238399, 2935.85027399664, 2520.8623908579216, 0, 1125.2060760191043, 801.33371604, 1311.3645423859355, 851.4170028745334, 1165.2726485144767, 2201.431036525731, 510.85024030910995]","[2822.511603944516, 1380.0010812044948, 2124.6834700650884, 2213.2735010410356, 2825.9440958185105, 1815.7264989589644, 4029.0, 4029.0, 1203.0559041814895, 2321.6779178549973, 1069.4840462247848, 1579.5148725707204, 1904.3165299349116, 1206.488396055484, 4029.0, 1707.322082145003]","[(260.0466, 23.217133333333337, 6.089266666666666), (83.886, 0.0, 0.001), (125.829, 0.0033333333333333335, 0.0012666666666666666), (450.1881333333334, 0.0015333333333333334, 0.0012), (131.4214, 0.9578666666666666, 0.7716000000000001), (184.54886666666667, 0.6701333333333334, 0.0057333333333333325), (107.65339999999999, 0.037200000000000004, 0.024933333333333335), (274.72646666666674, 0.0041333333333333335, 0.009866666666666668), (204.1226, 0.5370666666666667, 0.4422), (838.8603333333335, 0.08673333333333332, 0.3268666666666667), (99.0898, 0.018866666666666667, 0.014133333333333333), (230.686, 1.3596, 0.983), (120.23626666666664, 0.034466666666666666, 0.0114), (69.2056, 0.00046666666666666666, 0.0013333333333333333), (268.4352, 0.009333333333333334, 0.0108), (58.7202, 0.0046, 6.666666666666668e-05)]","[(2, 1.4859958333333334, 0.002738888888888889), (3, 0.0, 2.2222222222222223e-05), (3, 0.0, 0.0006444444444444443), (2, 0.0, 0.0005), (2, 0.0, 0.010555555555555558), (3, 0.0, 0.00046111111111111103), (3, 0.0, 0.03331111111111111), (3, 0.0009833333333333335, 0.03336666666666666), (1, 0.0, 0.004783333333333333), (3, 0.0, 0.012833333333333334), (1, 0.022783333333333336, 0.053844444444444445), (3, 0.0, 0.0002857142857142857), (2, 0.0, 2.2222222222222223e-05), (1, 0.0, 0.0005499999999999999), (2, 0.0, 0.0022944444444444444), (2, 0.0, 0.0010388888888888887)]","[78, 87, 101, 92, 99, 96, 75, 81, 91, 97, 88, 70, 100, 94, 95, 98]","[15, 7, 10, 12, 13, 12, 6, 9, 13, 1, 7, 7, 10, 15, 5, 1]","[True, True, True, True, True, True, True, True, True, True, True, True, True, True, True, True]"
74,16,"[3151.9127112183824, 1101.8340775871, 1068.445052216534, 1071.7838854961333, 1596.1861921402513, 620.0797558364931, 2733.1889677692598, 2607.673546039784, 1646.6233023008167, 1045.0727056201176, 0, 0, 834.7225518377779, 1178.6282089559033, 2248.9012475559352, 510.85024030910995]","[3001.1422511312394, 2077.556051724733, 2131.361250189378, 2240.35206482982, 4029.0, 1788.64793517018, 4029.0, 4029.0, 4029.0, 2281.611232655504, 975.7219741376333, 975.7219741376333, 1897.6387498106221, 1027.8577488687604, 4029.0, 1747.3887673444963]","[(262.8428, 20.403266666666667, 7.649333333333332), (83.886, 0.0, 0.001), (170.56820000000002, 0.0034, 0.0014666666666666665), (471.1595333333333, 0.0023333333333333335, 0.0020666666666666667), (153.791, 0.9633999999999999, 0.7669333333333332), (183.1509333333333, 0.6727333333333332, 0.005), (99.96353333333334, 0.03306666666666667, 0.022733333333333335), (269.13426666666675, 0.0028, 0.002466666666666667), (125.829, 0.9397333333333332, 0.7602666666666668), (721.42, 0.07806666666666666, 0.33893333333333336), (105.38119999999999, 0.020266666666666665, 0.014133333333333333), (366.302, 3.6974666666666662, 0.023666666666666673), (130.722, 0.026466666666666666, 0.011066666666666664), (82.4876, 0.0007333333333333332, 0.002), (33.5544, 0.009266666666666668, 0.010666666666666666), (8.3886, 0.0046, 6.666666666666668e-05)]","[(2, 0.5451666666666666, 0.006800000000000002), (3, 0.0, 0.0), (3, 0.0, 0.0005666666666666666), (2, 0.0, 0.0004777777777777777), (2, 0.0, 0.0117), (3, 0.0, 0.0005277777777777777), (3, 0.0, 0.026605555555555556), (3, 0.0003333333333333333, 0.03149444444444444), (2, 0.0, 0.009888888888888888), (3, 0.0, 0.011183333333333332), (1, 0.0, 0.055933333333333335), (3, 0.0, 0.0002738095238095238), (2, 0.0, 4.4444444444444447e-05), (1, 0.0, 0.0005722222222222222), (2, 0.0, 0.0023555555555555556), (2, 0.0, 0.00105)]","[78, 87, 101, 92, 99, 96, 75, 81, 102, 97, 88, 70, 100, 94, 95, 98]","[15, 7, 10, 12, 13, 12, 6, 9, 4, 1, 7, 7, 10, 15, 5, 1]","[True, True, True, True, True, True, True, True, True, True, True, True, True, True, True, True]"
75,16,"[3636.05184588646, 1118.528533308117, 1095.1561785219467, 1098.4950103683113, 1655.52396879974, 596.34464556524, 0, 0, 1622.8881916370212, 1385.6395298158109, 1155.2559781834066, 517.5280212281833, 791.3169791422134, 1165.2726485144767, 5046.6768101486105, 0]","[3249.8895986859916, 1996.1362775623552, 2166.4195996898666, 2265.5751824015356, 4029.0, 1763.4248175984642, 4029.0, 4029.0, 2567.180085204419, 2707.3197649079057, 2032.8637224376448, 1461.819914795581, 1862.5804003101334, 779.1104013140084, 4029.0, 1321.6802350920946]","[(385.87559999999996, 26.65153333333333, 5.9102), (83.886, 0.0, 0.001), (170.56820000000002, 0.0033333333333333335, 0.0014), (452.98440000000005, 0.0015333333333333334, 0.0012), (125.829, 0.9370666666666667, 0.7570666666666667), (211.11286666666666, 0.7809333333333333, 0.005533333333333332), (103.459, 0.03553333333333333, 0.025), (272.62946666666676, 0.0018666666666666666, 0.0016), (139.81, 0.972, 0.7780666666666667), (671.0880666666666, 0.08573333333333333, 0.32080000000000003), (67.10839999999999, 0.00013333333333333334, 0.001), (58.7202, 0.004733333333333333, 0.00013333333333333334), (164.2764, 0.008733333333333333, 0.0061333333333333335), (81.08953333333334, 0.0002666666666666667, 0.001), (369.0984, 0.018533333333333336, 0.025066666666666668), (22.3696, 0.004533333333333333, 6.666666666666668e-05)]","[(2, 0.5542222222222222, 0.004355555555555555), (3, 0.0, 0.0), (3, 0.0, 0.0008388888888888889), (2, 0.0, 0.0005055555555555555), (2, 0.06273333333333334, 0.031105555555555553), (3, 0.0, 0.00045000000000000004), (3, 0.0001, 0.02427222222222222), (3, 0.0004166666666666666, 0.026177777777777776), (2, 0.0, 0.011461111111111111), (3, 0.0, 0.018272222222222224), (1, 0.0, 0.0005722222222222222), (2, 0.0, 0.0010944444444444443), (2, 0.0, 8.88888888888889e-05), (1, 0.0, 0.000538888888888889), (2, 0.0, 0.0054888888888888895), (2, 0.0, 0.0010722222222222222)]","[78, 87, 101, 92, 99, 96, 75, 81, 102, 97, 103, 104, 100, 94, 95, 98]","[15, 7, 10, 12, 13, 12, 6, 9, 4, 1, 7, 4, 10, 15, 5, 1]","[True, True, True, True, True, True, True, True, True, True, True, True, True, True, True, True]"
76,16,"[0, 1108.5118598755066, 1105.1728508864767, 1041.7338700149332, 2278.570623724373, 759.5235286801067, 1108.5118598755066, 590.9835929581135, 1578.3848591424044, 1095.1560621194842, 1151.9170880730503, 510.85024030910995, 794.6558693495645, 1158.5948682937635, 6361.008278047395, 80.13338746088]","[1435.2025658531184, 1992.7973859012282, 2169.758490768456, 2155.6051706674134, 3113.7186181317466, 1873.3948293325866, 4029.0, 4029.0, 2548.267309416647, 4029.0, 2036.2026140987718, 1480.7326905833527, 1859.241509231544, 2593.7974341468816, 4029.0, 915.2813818682536]","[(411.0414, 10.547933333333333, 4.230333333333333), (41.943, 0.0, 0.001), (128.6252, 0.0032, 0.0014), (473.9558, 0.0015333333333333334, 0.0011333333333333332), (226.49220000000003, 0.9202666666666668, 0.7430666666666668), (232.0842666666667, 0.9956, 0.0072), (67.1088, 0.0, 0.001), (265.6387333333333, 0.05313333333333333, 0.031266666666666665), (184.5492, 0.9548666666666666, 0.7652666666666668), (767.5571333333334, 0.08106666666666666, 0.391), (72.70093333333334, 6.666666666666668e-05, 0.001), (50.3316, 0.004666666666666667, 0.00013333333333333334), (148.19806666666668, 0.008400000000000001, 0.004866666666666666), (78.99233333333332, 0.0004, 0.0014), (1157.6274666666666, 0.016533333333333334, 0.022133333333333328), (75.84646666666666, 0.0, 0.0)]","[(2, 0.0, 0.009877777777777777), (3, 0.0, 0.0), (3, 0.0, 0.0005555555555555557), (2, 0.0, 0.0005111111111111112), (2, 0.09268333333333334, 0.011455555555555556), (3, 0.0, 0.0005), (3, 0.0, 0.0), (3, 0.0, 0.006316666666666667), (2, 1.666666666666667e-05, 0.010605555555555557), (3, 0.0, 0.02345), (1, 0.0, 0.0005666666666666666), (2, 0.0, 0.0010555555555555557), (2, 0.0, 0.0), (1, 0.0, 0.0005777777777777778), (2, 0.0, 0.005333333333333333), (2, 0.00015, 0.0002722222222222222)]","[78, 87, 101, 92, 99, 96, 105, 106, 102, 97, 103, 104, 100, 94, 95, 107]","[15, 7, 10, 12, 13, 12, 14, 2, 4, 1, 7, 4, 10, 15, 5, 13]","[True, True, True, True, True, True, True, True, True, True, True, True, True, True, True, True]"
77,16,"[517.5280212281833, 1115.189642163913, 1078.4617245810634, 1045.0727606239554, 1590.2524144743022, 821.8281931421467, 1115.189642163913, 580.9669218910268, 1622.8881916370212, 931.5504308882199, 1158.5948682937635, 510.85024030910995, 781.30030852016, 1168.6115386248337, 2438.7820916767528, 86.81116974928666]","[4029.0, 1992.7973869350749, 2163.0807080304517, 2126.122283740904, 2766.220622362508, 1902.8777162590955, 4029.0, 4029.0, 2570.5189756639556, 4029.0, 2036.2026130649253, 1458.4810243360444, 1865.9192919695483, 4029.0, 4029.0, 1262.7793776374922]","[(58.7202, 0.004733333333333333, 0.00013333333333333334), (41.943, 0.0, 0.001), (134.2176, 0.0033333333333333335, 0.0014), (503.316, 0.0016, 0.0013333333333333333), (142.6062, 0.9306666666666665, 0.7520666666666668), (201.326, 1.1070666666666666, 0.0068), (47.5354, 0.0, 0.001), (272.62933333333325, 0.053200000000000004, 0.03573333333333333), (131.4214, 0.9578666666666666, 0.7716000000000001), (796.9172, 0.0888, 0.33713333333333334), (75.49719999999999, 0.0004, 0.0014666666666666665), (47.5354, 0.004533333333333333, 0.00013333333333333334), (134.21720000000002, 0.002466666666666667, 0.0006666666666666666), (67.10826666666667, 0.0004, 0.0014666666666666665), (167.772, 0.009333333333333334, 0.0104), (71.827, 0.0, 0.0)]","[(2, 0.0, 0.0010944444444444443), (3, 0.0, 0.0), (3, 0.0, 0.0007111111111111111), (2, 0.0, 0.0005055555555555555), (2, 0.0, 0.012455555555555557), (3, 0.0, 0.0004388888888888889), (3, 0.0, 0.0), (3, 0.0, 0.0011611111111111112), (2, 0.0, 0.010555555555555558), (3, 0.0, 0.019), (1, 0.0, 0.0005499999999999999), (2, 0.0, 0.0011222222222222222), (2, 0.0, 4.4444444444444447e-05), (1, 0.0, 0.0005333333333333334), (2, 0.0, 0.002172222222222222), (2, 0.09475, 0.017716666666666665)]","[108, 87, 101, 92, 99, 96, 105, 106, 102, 97, 103, 104, 100, 94, 95, 107]","[8, 7, 10, 12, 13, 12, 14, 2, 4, 1, 7, 4, 10, 15, 5, 13]","[True, True, True, True, True, True, True, True, True, True, True, True, True, True, True, True]"
78,16,"[510.85024030910995, 0, 1058.4283798520034, 1045.0727606239554, 1563.5504149775322, 729.8546408410398, 1115.189642163913, 557.5946894011578, 1596.1861921402513, 1008.3449108539154, 1151.9170880730503, 510.85024030910995, 818.0281008010221, 1158.5948682937635, 2554.490731062876, 0]","[4029.0, 1438.5414559634748, 2134.7001395254906, 2172.109059891458, 2796.275207488766, 1856.890940108542, 4029.0, 4029.0, 2557.1679759155704, 4029.0, 2590.4585440365254, 1471.8320240844293, 1894.2998604745094, 4029.0, 4029.0, 1232.7247925112338]","[(50.3316, 0.004666666666666667, 0.00013333333333333334), (75.4974, 0.0, 0.001), (268.4352, 0.0032666666666666664, 0.0013333333333333333), (462.77086666666656, 0.0012, 0.0011333333333333332), (117.4404, 0.9303333333333335, 0.7412666666666667), (205.5204, 0.8886000000000001, 0.0058), (72.7012, 0.0, 0.001), (160.78126666666668, 0.05293333333333333, 0.031466666666666664), (153.791, 0.9633999999999999, 0.7669333333333332), (700.4481333333333, 0.07953333333333333, 0.389), (75.49719999999999, 0.0003333333333333333, 0.0014), (55.924, 0.004733333333333333, 6.666666666666668e-05), (95.76953333333334, 0.0094, 0.006266666666666668), (99.26446666666666, 0.0004, 0.0014), (536.8704, 0.009266666666666668, 0.0106), (107.65333333333331, 0.0, 0.0)]","[(2, 0.0, 0.0010555555555555557), (3, 0.0, 0.0), (3, 0.0, 0.00065), (2, 0.0, 0.0005166666666666667), (2, 0.0, 0.010772222222222223), (3, 0.0, 0.0005055555555555555), (3, 0.0, 0.0), (3, 0.0, 0.0011222222222222222), (2, 0.0, 0.0117), (3, 0.0, 0.019427777777777776), (1, 0.0, 0.0005611111111111111), (2, 0.0, 0.0010555555555555555), (2, 0.0, 0.0), (1, 0.0, 0.0005111111111111112), (2, 0.0, 0.0023777777777777777), (2, 0.0006, 0.00018333333333333334)]","[108, 87, 101, 92, 99, 96, 105, 106, 102, 97, 103, 104, 100, 94, 95, 107]","[8, 7, 10, 12, 13, 12, 14, 2, 4, 1, 7, 4, 10, 15, 5, 13]","[True, True, True, True, True, True, True, True, True, True, True, True, True, True, True, True]"
79,16,"[0, 501.40426599866777, 1075.1228337928867, 0, 1554.649748478609, 0, 1105.1729687313032, 0, 1655.52396879974, 0, 1168.6115386248337, 510.85024030910995, 0, 1168.6115386248337, 2450.6496444343047, 881.4670876440003]","[4029.0, 1824.4685891773338, 2552.061416896443, 2014.5, 4029.0, 2014.5, 4029.0, 4029.0, 2586.836864245315, 4029.0, 4029.0, 1442.163135754685, 1476.9385831035565, 4029.0, 4029.0, 2204.531410822666]","[(47.5354, 0.004533333333333333, 0.00013333333333333334), (0.0, 0.0048, 6.666666666666668e-05), (248.8618, 0.0033333333333333335, 0.0014), (490.733, 0.0015333333333333334, 0.0012), (83.886, 0.8937333333333333, 0.7318666666666667), (192.9374, 1.0030666666666668, 0.007533333333333332), (33.5544, 0.0, 0.001), (143.3049333333333, 0.05273333333333334, 0.030533333333333336), (125.829, 0.9370666666666667, 0.7570666666666667), (637.534, 0.09033333333333332, 0.3533333333333333), (77.5942, 0.00046666666666666666, 0.0014), (58.7202, 0.0046, 6.666666666666668e-05), (113.94486666666668, 0.0015333333333333334, 0.0006666666666666666), (85.28386666666668, 0.0005333333333333334, 0.0014), (738.197, 0.009333333333333334, 0.0108), (95.9442, 0.019933333333333334, 0.0208)]","[(2, 0.0, 0.0011222222222222222), (2, 0.0, 0.0013222222222222222), (3, 0.0, 0.0008222222222222222), (2, 0.0, 0.0005277777777777777), (2, 0.0, 0.007866666666666668), (3, 0.0, 0.00043333333333333337), (3, 0.0, 0.0), (3, 0.0, 0.0011333333333333332), (2, 0.06273333333333334, 0.031105555555555553), (3, 0.0, 0.015172222222222219), (1, 0.0, 0.001627777777777778), (2, 0.0, 0.0010388888888888887), (2, 0.0, 1.6666666666666667e-05), (1, 0.0, 0.0005444444444444444), (2, 0.0, 0.0023666666666666667), (1, 0.0012, 0.05558333333333333)]","[108, 109, 101, 92, 99, 96, 105, 106, 102, 97, 103, 104, 100, 94, 95, 110]","[8, 11, 10, 12, 13, 12, 14, 2, 4, 1, 7, 4, 10, 15, 5, 11]","[True, True, True, True, True, True, True, True, True, True, True, True, True, True, True, True]"
80,16,"[501.40426599866777, 498.43737685074666, 1061.76727064018, 884.1326637750533, 1554.649748478609, 922.7020845904912, 1111.8507510197098, 3121.8625785998443, 2278.570623724373, 1235.3895160495777, 1165.2726485144767, 510.85024030910995, 1364.7688631682443, 1161.9337584041202, 2453.616532623692, 754.589249271]","[1684.2352537972738, 1821.6523565378466, 4029.0, 2207.3476434621534, 4029.0, 1028.3277683824997, 1888.0409439257328, 4029.0, 2384.1963075163817, 2254.900133389289, 4029.0, 616.4759241011185, 2140.959056074267, 2344.764746202726, 4029.0, 1774.0998666107112]","[(0.0, 0.0048, 6.666666666666668e-05), (145.4024, 0.004733333333333333, 6.666666666666668e-05), (139.81, 0.0034, 0.0014), (128.62506666666664, 0.00046666666666666666, 0.0014), (92.2746, 0.9142666666666668, 0.7324666666666667), (97.867, 0.5311333333333333, 0.4374666666666666), (39.146800000000006, 0.0, 0.001), (0.0, 0.0, 0.0), (226.49220000000003, 0.9202666666666668, 0.7430666666666668), (267.736, 0.28726666666666667, 0.0504), (69.2056, 0.00046666666666666666, 0.0013333333333333333), (8.3886, 0.0046, 6.666666666666668e-05), (402.65259999999995, 0.0, 0.0), (99.964, 0.0005333333333333334, 0.0016666666666666668), (352.32120000000003, 0.0094, 0.010866666666666667), (96.9928, 0.020133333333333333, 0.014066666666666665)]","[(2, 0.0, 0.0013222222222222222), (2, 0.0, 0.0012666666666666666), (3, 0.0, 0.0006222222222222223), (2, 0.0705, 0.025599999999999998), (2, 0.0, 0.010216666666666666), (1, 0.0, 0.0014666666666666662), (3, 0.0, 0.0), (2, 0.0, 0.0), (2, 0.09268333333333334, 0.011455555555555556), (1, 0.0, 0.0011611111111111112), (1, 0.0, 0.0005499999999999999), (2, 0.0, 0.00105), (3, 0.1085, 0.004066666666666666), (1, 0.0, 0.000538888888888889), (2, 0.0, 0.002344444444444444), (1, 0.0, 0.054338888888888895)]","[111, 109, 101, 112, 99, 113, 105, 114, 102, 115, 103, 104, 116, 94, 95, 110]","[15, 12, 10, 12, 13, 4, 14, 1, 4, 11, 7, 4, 14, 15, 5, 11]","[True, True, True, True, True, True, True, True, True, True, True, True, True, True, True, True]"
81,16,"[498.43737685074666, 498.43737685074666, 1081.80061536924, 845.5631180399, 1560.5835261445573, 925.6689723222934, 1252.08417907625, 3065.1014408071205, 1590.2524144743022, 1235.3895160495777, 1178.6282089559033, 517.5280212281833, 1691.1266347954333, 1212.0175234543567, 2495.1529672751212, 754.589249271]","[1657.709926698195, 1840.9371294054233, 4029.0, 2188.0628705945765, 4029.0, 1257.519169647367, 1794.9787721404084, 4029.0, 1922.102611799376, 2254.900133389289, 4029.0, 849.378218553257, 2234.021227859592, 2371.290073301805, 4029.0, 1774.0998666107112]","[(145.4024, 0.004733333333333333, 6.666666666666668e-05), (67.1088, 0.004666666666666667, 0.0), (204.1226, 0.003466666666666667, 0.0014666666666666665), (120.23626666666664, 0.0, 0.001066666666666667), (134.2176, 0.8891333333333333, 0.7291333333333333), (114.6442, 0.5428, 0.4749333333333333), (173.3644, 6.666666666666668e-05, 0.0016), (0.0, 0.0, 0.0), (142.6062, 0.9306666666666665, 0.7520666666666668), (279.6198, 0.2951333333333333, 0.05206666666666667), (82.4876, 0.0007333333333333332, 0.002), (22.3696, 0.004533333333333333, 6.666666666666668e-05), (339.738, 0.0, 0.0), (73.4, 0.0005, 0.0015), (218.1036, 0.009333333333333334, 0.010666666666666666), (90.177, 0.02, 0.014)]","[(2, 0.0, 0.0012666666666666666), (2, 0.0, 0.0012333333333333335), (3, 0.0, 0.0008111111111111111), (2, 1.666666666666667e-05, 0.0006111111111111112), (2, 1.666666666666667e-05, 0.00786111111111111), (1, 0.0, 0.001527777777777778), (3, 0.03166666666666667, 0.0017722222222222221), (2, 0.0, 0.0), (2, 0.0, 0.012455555555555557), (1, 0.0, 0.0009000000000000001), (1, 0.0, 0.0005722222222222222), (2, 0.0, 0.0010722222222222222), (3, 0.2122, 0.00935), (1, 0.0, 0.0011666666666666668), (2, 0.0, 0.002655555555555556), (1, 3.3333333333333335e-05, 0.05506666666666666)]","[111, 109, 101, 112, 99, 113, 105, 114, 102, 115, 103, 104, 116, 94, 95, 110]","[15, 12, 10, 12, 13, 4, 14, 1, 4, 11, 7, 4, 14, 15, 5, 11]","[True, True, True, True, True, True, True, True, True, True, True, True, True, True, True, True]"
82,16,"[498.43737685074666, 498.43737685074666, 1075.1228337928867, 809.96046043822, 1530.9146378148132, 928.6358600540952, 1105.1729687313032, 2911.512479720924, 1563.5504149775322, 1128.5450173642087, 1165.2726485144767, 544.2391449044768, 1254.9939763481898, 1171.95082846413, 2423.947650729814, 741.2336873370001]","[1677.7432741933085, 1858.7384582062632, 4029.0, 2170.261541793737, 4029.0, 1259.494053408727, 1939.5894961915567, 4029.0, 1894.408608332164, 2208.1556650136044, 4029.0, 875.0973382591087, 2089.4105038084435, 2351.256725806692, 4029.0, 1820.8443349863956]","[(67.1088, 0.004666666666666667, 0.0), (100.6632, 0.004666666666666667, 6.666666666666668e-05), (181.753, 0.0032, 0.0012666666666666666), (72.7008, 6.666666666666668e-05, 0.0015333333333333334), (120.23660000000001, 0.8804666666666667, 0.7153333333333335), (109.0518, 0.5416666666666666, 0.5044666666666666), (156.58720000000002, 6.666666666666668e-05, 0.001066666666666667), (0.0, 0.0, 0.0), (117.4404, 0.9303333333333335, 0.7412666666666667), (271.93059999999997, 0.26839999999999997, 0.0528), (81.08953333333334, 0.0002666666666666667, 0.001), (8.3886, 0.0046, 0.00013333333333333334), (343.93240000000003, 0.0, 0.0), (78.99226666666667, 0.0008, 0.0018666666666666666), (134.2176, 0.009266666666666668, 0.010666666666666666), (93.3228, 0.018333333333333333, 0.014133333333333333)]","[(2, 0.0, 0.0012333333333333335), (2, 0.0, 0.001238888888888889), (3, 0.0, 0.00046111111111111103), (2, 0.0, 0.0005666666666666668), (2, 5e-05, 0.008244444444444445), (1, 0.0, 0.0017222222222222224), (3, 0.0, 0.0002833333333333333), (2, 0.0, 0.0), (2, 0.0, 0.010772222222222223), (1, 0.0, 0.00115), (1, 0.0, 0.000538888888888889), (2, 0.0, 0.00145), (3, 0.020033333333333334, 0.0038777777777777777), (1, 0.0, 0.0005666666666666666), (2, 0.0, 0.0023833333333333337), (1, 0.0, 0.0557)]","[111, 109, 101, 112, 99, 113, 105, 114, 102, 115, 103, 104, 116, 94, 95, 110]","[15, 12, 10, 12, 13, 4, 14, 2, 4, 11, 7, 4, 14, 15, 5, 11]","[True, True, True, True, True, True, True, True, True, True, True, True, True, True, True, True]"
83,16,"[498.43737685074666, 495.47048770282555, 0, 1317.2983312621604, 1572.4510814764558, 931.6027477858978, 1118.528533308117, 3145.2348118086134, 1554.649748478609, 1135.2227985320444, 1158.5948682937635, 504.17245939003664, 1266.8615316800874, 0, 2423.947650729814, 804.6726065235]","[2263.7186884253733, 1603.5860782203324, 4029.0, 2425.4139217796674, 4029.0, 1277.7944292343834, 1940.3335008140148, 4029.0, 1900.8414299270944, 2179.775096004272, 4029.0, 850.3641408385222, 2088.6664991859852, 1765.2813115746267, 4029.0, 1849.2249039957278]","[(100.6632, 0.004666666666666667, 6.666666666666668e-05), (0.0, 0.004666666666666667, 6.666666666666668e-05), (109.0518, 0.003533333333333333, 0.0013333333333333333), (75.49706666666667, 0.0, 0.001066666666666667), (117.4404, 0.9407333333333332, 0.7398666666666667), (109.0518, 0.5368666666666667, 0.4758666666666667), (97.867, 0.0, 0.001), (0.0, 0.0, 0.0), (83.886, 0.8937333333333333, 0.7318666666666667), (277.5227333333333, 0.25306666666666666, 0.0498), (78.99233333333332, 0.0004, 0.0014), (2.7962, 0.004533333333333333, 6.666666666666668e-05), (306.18359999999996, 0.0, 0.0), (85.9828, 0.0005333333333333334, 0.0017333333333333335), (33.5544, 0.009333333333333334, 0.010466666666666668), (93.8472, 0.0318, 0.0146)]","[(2, 0.0, 0.001238888888888889), (2, 0.0, 0.0012722222222222221), (3, 0.0, 0.0006333333333333333), (2, 1.666666666666667e-05, 0.0007), (2, 0.0, 0.011944444444444445), (1, 0.0, 0.0017166666666666667), (3, 0.008, 0.00039999999999999996), (2, 0.0, 0.0), (2, 0.0, 0.007866666666666668), (1, 0.0, 0.001172222222222222), (1, 0.0, 0.0005777777777777778), (2, 0.0, 0.0010833333333333333), (3, 0.008033333333333333, 0.003372222222222222), (1, 0.0, 0.0005611111111111111), (2, 0.0, 0.0022833333333333334), (1, 0.00011666666666666667, 0.053427777777777775)]","[111, 109, 101, 112, 99, 113, 105, 114, 102, 115, 103, 104, 116, 94, 95, 110]","[15, 12, 10, 12, 13, 4, 14, 2, 4, 11, 7, 4, 14, 15, 5, 11]","[True, True, True, True, True, True, True, True, True, True, True, True, True, True, True, True]"
84,16,"[495.47048770282555, 0, 884.1326637750533, 1459.7089616688797, 0, 925.6689723222934, 1121.86742445232, 2988.3069602640226, 1554.649748478609, 1208.6783913782356, 0, 514.1891307686467, 1204.5568661876246, 1235.3895160495777, 2394.2787688359367, 844.7392923255]","[4029.0, 1396.8052419752112, 4029.0, 4029.0, 4029.0, 1270.4996884657771, 1973.1552791323477, 4029.0, 1899.4804646220928, 2196.4695495263677, 4029.0, 859.0198469121306, 2055.8447208676525, 2632.194758024789, 4029.0, 1832.530450473632]","[(0.0, 0.004666666666666667, 6.666666666666668e-05), (0.0, 0.0046, 6.666666666666668e-05), (128.62506666666664, 0.00046666666666666666, 0.0014), (114.64386666666668, 0.0, 0.0011333333333333332), (142.6062, 0.9389333333333333, 0.7352666666666667), (95.0708, 0.5381333333333334, 0.44586666666666674), (81.0898, 0.0, 0.001), (0.0, 0.0, 0.0), (92.2746, 0.9142666666666668, 0.7324666666666667), (304.0866, 0.2961333333333333, 0.05726666666666666), (67.10826666666667, 0.0004, 0.0014666666666666665), (41.943, 0.0044666666666666665, 6.666666666666668e-05), (322.961, 0.0, 0.0), (267.736, 0.28726666666666667, 0.0504), (100.6632, 0.009266666666666668, 0.010733333333333333), (99.0902, 0.043, 0.015133333333333334)]","[(2, 0.0, 0.0012722222222222221), (2, 0.0, 0.0012166666666666667), (2, 0.0705, 0.025599999999999998), (2, 0.0, 0.0006555555555555555), (2, 0.0, 0.013844444444444444), (1, 0.0, 0.0017277777777777773), (3, 0.0, 0.0), (2, 0.0, 0.0), (2, 0.0, 0.010216666666666666), (1, 0.0, 0.0010444444444444444), (1, 0.0, 0.0005333333333333334), (2, 0.0, 0.0010444444444444444), (3, 0.007916666666666667, 0.003444444444444445), (1, 0.0, 0.0011611111111111112), (2, 0.0, 0.002338888888888889), (1, 0.0, 0.05496666666666667)]","[111, 109, 117, 112, 99, 113, 105, 114, 102, 115, 103, 104, 116, 118, 95, 110]","[15, 6, 10, 12, 13, 4, 14, 9, 4, 11, 7, 4, 14, 6, 5, 11]","[True, True, True, True, True, True, True, True, True, True, True, True, True, True, True, True]"
85,16,"[0, 1147.5012037613078, 845.5631180399, 845.5631180399, 2006.6731654957287, 934.5696355177, 0, 3008.340303014396, 1560.5835261445573, 1225.3728442978247, 454.0891471920266, 507.5113498495734, 1252.0270875152155, 1235.3895160495777, 2376.47743969961, 814.6892779739999]","[4029.0, 1970.555843855865, 1433.9449762720856, 4029.0, 2595.055023727914, 1276.6814650137565, 1388.4864562423923, 4029.0, 1902.6953556406136, 2219.8417831619126, 4029.0, 849.6231793456298, 2640.5135437576077, 2058.444156144135, 4029.0, 1809.1582168380876]","[(0.0, 0.0046, 6.666666666666668e-05), (386.924, 1.3948666666666665, 0.0056), (120.23626666666664, 0.0, 0.001066666666666667), (92.27413333333331, 6.666666666666668e-05, 0.0013333333333333333), (306.18366666666674, 0.5942000000000001, 0.19193333333333337), (92.2746, 0.5394, 0.44333333333333325), (117.4404, 0.0, 0.001), (0.0, 0.0, 0.0), (134.2176, 0.8891333333333333, 0.7291333333333333), (292.20259999999996, 0.28073333333333333, 0.056799999999999996), (29.621666666666673, 4.1293999999999995, 4.1416), (53.1278, 0.004533333333333333, 6.666666666666668e-05), (301.98940000000005, 0.0, 0.0), (279.6198, 0.2951333333333333, 0.05206666666666667), (117.4404, 0.0092, 0.0106), (91.7496, 0.042133333333333335, 0.014666666666666665)]","[(2, 0.0, 0.0012166666666666667), (1, 0.0, 0.009683333333333334), (2, 1.666666666666667e-05, 0.0006111111111111112), (2, 1.666666666666667e-05, 0.003455555555555556), (3, 0.011550000000000001, 0.43049444444444446), (1, 0.0, 0.0022722222222222224), (3, 0.0, 0.0), (2, 0.0, 0.0), (2, 1.666666666666667e-05, 0.00786111111111111), (1, 0.0, 0.001027777777777778), (3, 0.0, 1.6666666666666667e-05), (2, 0.0, 0.001027777777777778), (3, 0.00785, 0.003533333333333333), (1, 0.0, 0.0009000000000000001), (2, 0.0, 0.0023166666666666665), (1, 0.0, 0.05646666666666667)]","[111, 119, 117, 112, 120, 113, 105, 114, 102, 115, 121, 104, 116, 118, 95, 110]","[15, 6, 10, 12, 10, 4, 14, 9, 4, 11, 7, 4, 14, 6, 5, 11]","[True, True, True, True, True, True, True, True, True, True, True, True, True, True, True, True]"
86,15,"[1646.6233023008167, 925.6692288098378, 809.96046043822, 0, 1352.2506356501997, 1284.662387870362, 0, 3068.4403312655163, 1530.9146378148132, 1228.7117348817424, 1315.5229705416066, 510.85024030910995, 1225.3250880184453, 1128.5450173642087, 2382.4112160783857, 918.1948829624997]","[4029.0, 1913.0621057228145, 1743.3549123940102, 4029.0, 2285.64508760599, 1518.8532992056003, 0, 4029.0, 1765.1055491500515, 2169.7584259596215, 4029.0, 745.0411516443481, 4029.0, 2115.9378942771855, 4029.0, 1859.2415740403785]","[(125.829, 0.9397333333333332, 0.7602666666666668), (349.1754, 0.6480666666666667, 0.003466666666666667), (72.7008, 6.666666666666668e-05, 0.0015333333333333334), (76.89526666666666, 0.0, 0.001), (281.018, 0.42160000000000003, 0.13533333333333333), (226.49220000000003, 0.5299333333333333, 0.43666666666666676), 0, (0.0, 0.0, 0.0), (120.23660000000001, 0.8804666666666667, 0.7153333333333335), (276.8236, 0.27726666666666666, 0.054666666666666655), (29.53446666666667, 12.107333333333337, 12.139266666666664), (100.6632, 0.0044666666666666665, 0.00013333333333333334), (328.5532, 0.0, 0.0), (271.93059999999997, 0.26839999999999997, 0.0528), (134.2176, 0.0092, 0.010733333333333333), (88.0798, 0.027533333333333333, 0.014933333333333335)]","[(2, 0.0, 0.009888888888888888), (1, 0.0, 0.00023333333333333333), (2, 0.0, 0.0005666666666666668), (2, 0.0, 0.0005055555555555555), (3, 1.666666666666667e-05, 0.2272388888888889), (1, 0.0007666666666666667, 0.00215), 0, (2, 0.0, 0.0), (2, 5e-05, 0.008244444444444445), (1, 0.0, 0.0013833333333333334), (3, 0.0, 1.6666666666666667e-05), (2, 0.0, 0.001077777777777778), (3, 0.007816666666666666, 0.003527777777777778), (1, 0.0, 0.00115), (2, 0.0, 0.002361111111111111), (1, 0.0, 0.05538333333333333)]","[122, 119, 117, 112, 120, 113, -1, 114, 102, 115, 121, 104, 116, 118, 95, 110]","[15, 6, 10, 12, 10, 4, -1, 9, 4, 11, 7, 4, 14, 6, 5, 11]","[True, True, True, True, True, True, False, True, True, True, True, True, True, True, True, True]"
87,14,"[1622.8881916370212, 1237.8771935563511, 1317.2983312621604, 0, 1409.0117734429248, 931.6027477858978, 0, 3021.6958648479776, 1572.4510814764558, 1318.8617806475224, 1135.2228679800667, 510.85024030910995, 1254.9939763481898, 1135.2227985320444, 0, 0]","[4029.0, 2065.8271975121534, 1968.643278909618, 0, 2060.356721090382, 1269.6347245954098, 0, 4029.0, 1910.483058285968, 2673.9308903237616, 4029.0, 848.8822171186221, 4029.0, 1963.1728024878466, 4029.0, 1355.069109676239]","[(139.81, 0.972, 0.7780666666666667), (320.86379999999997, 0.6452, 0.0048), (75.49706666666667, 0.0, 0.001066666666666667), 0, (255.852, 0.49213333333333326, 0.15953333333333333), (204.1226, 0.5370666666666667, 0.4422), 0, (0.0, 0.0, 0.0), (117.4404, 0.9407333333333332, 0.7398666666666667), (332.04866666666675, 0.30326666666666663, 0.05866666666666666), (31.3258, 10.272666666666666, 10.300266666666666), (95.0708, 0.0044666666666666665, 0.00013333333333333334), (282.41606666666667, 0.0, 0.0), (277.5227333333333, 0.25306666666666666, 0.0498), (268.4352, 0.009333333333333334, 0.0104), (90.70139999999999, 0.0224, 0.014266666666666667)]","[(2, 0.0, 0.011461111111111111), (1, 0.0, 0.0002222222222222222), (2, 1.666666666666667e-05, 0.0007), 0, (3, 8.333333333333333e-05, 0.28617777777777775), (1, 0.0, 0.004783333333333333), 0, (2, 0.0, 0.0), (2, 0.0, 0.011944444444444445), (1, 0.0, 0.0009222222222222221), (3, 0.0, 4.4444444444444447e-05), (2, 0.0, 0.0011055555555555554), (3, 0.00675, 0.003411111111111111), (1, 0.0, 0.001172222222222222), (2, 0.0, 0.0024055555555555557), (1, 0.0, 0.05278888888888889)]","[122, 119, 117, -1, 120, 113, -1, 114, 102, 115, 121, 104, 116, 118, 95, 110]","[15, 6, 10, -1, 10, 4, -1, 9, 4, 11, 7, 4, 14, 6, 5, 11]","[True, True, True, False, True, True, False, True, True, True, True, True, True, True, True, True]"
88,16,"[1578.3848591424044, 1317.298517921692, 1459.7089616688797, 2240.395480738335, 1816.3564093671823, 937.5365232495022, 2006.6731654957287, 2894.8180274289466, 1560.5835261445573, 1228.7117348817424, 1145.2395403445964, 0, 1320.2655306736276, 1208.6783913782356, 599.3113997345512, 2240.395480738335]","[4029.0, 1618.5357482435325, 1836.1762761508487, 2520.3418729282967, 2192.823723849151, 1447.8298401181491, 2357.7038174110503, 4029.0, 2070.876843013204, 1508.6581270717036, 4029.0, 510.2933168686468, 1671.2961825889495, 1509.915621700076, 900.5486300563915, 4029.0]","[(184.5492, 0.9548666666666666, 0.7652666666666668), (301.98920000000004, 0.6321333333333333, 0.005666666666666668), (114.64386666666668, 0.0, 0.0011333333333333332), (973.0777333333333, 0.10640000000000001, 0.744), (226.49179999999998, 0.6, 0.19540000000000002), (131.4214, 0.5352666666666668, 0.49666666666666676), (306.18366666666674, 0.5942000000000001, 0.19193333333333337), (0.0, 0.0, 0.0), (142.6062, 0.9389333333333333, 0.7352666666666667), (318.06759999999997, 0.2734, 0.057466666666666666), (31.238400000000002, 10.958333333333334, 10.986266666666667), (30.758200000000002, 0.0046, 6.666666666666668e-05), (459.97486666666657, 0.0, 0.0), (304.0866, 0.2961333333333333, 0.05726666666666666), (0.0, 0.004733333333333333, 0.00013333333333333334), (973.0777333333333, 0.10640000000000001, 0.744)]","[(2, 1.666666666666667e-05, 0.010605555555555557), (1, 0.0, 0.00025), (2, 0.0, 0.0006555555555555555), (3, 0.0, 0.025061111111111114), (3, 0.00016666666666666666, 0.37338333333333334), (1, 1.666666666666667e-05, 0.0021166666666666664), (3, 0.011550000000000001, 0.43049444444444446), (2, 0.0, 0.0), (2, 0.0, 0.013844444444444444), (1, 0.0, 0.0007888888888888889), (3, 0.0, 2.2222222222222223e-05), (2, 0.0, 0.00105), (3, 0.0192, 0.013244444444444444), (1, 0.0, 0.0010444444444444444), (3, 0.0, 0.0014222222222222223), (3, 0.0, 0.025061111111111114)]","[122, 119, 117, 123, 120, 113, 124, 114, 102, 115, 121, 104, 116, 118, 125, 126]","[15, 6, 10, 11, 10, 4, 14, 9, 4, 11, 7, 4, 14, 6, 6, 5]","[True, True, True, True, True, True, True, True, True, True, True, True, True, True, True, True]"
89,16,"[1622.8881916370212, 1309.0825188494155, 845.5631180399, 1332.217282883153, 2230.3788262082307, 940.5034109813047, 1352.2506356501997, 3151.912592725404, 1554.649748478609, 1175.2894855390578, 1218.6951376844836, 2251.868135745323, 1269.8284205130622, 1225.3728442978247, 620.0796165570354, 1332.217282883153]","[1700.010027945849, 1600.5708589479902, 1322.0921459158346, 2092.9638986720474, 2706.9078540841656, 1707.4268312513477, 2055.711107568569, 4029.0, 2321.5731687486523, 1936.0361013279523, 4029.0, 2328.9899720541507, 1973.2888924314311, 1516.8611843963995, 911.5679566556103, 4029.0]","[(131.4214, 0.9578666666666666, 0.7716000000000001), (333.44653333333326, 0.6355333333333333, 0.0052), (92.27413333333331, 6.666666666666668e-05, 0.0013333333333333333), (805.3058666666667, 0.081, 0.3894666666666666), (209.7148, 0.7276, 0.23566666666666664), (109.0518, 0.5446, 0.4834), (281.018, 0.42160000000000003, 0.13533333333333333), (0.0, 0.0, 0.0), (125.829, 0.9171333333333334, 0.7279333333333333), (304.0866, 0.26866666666666666, 0.058866666666666664), (30.75773333333333, 11.004733333333336, 11.030333333333335), (100.6632, 0.009333333333333334, 0.0108), (363.5057333333333, 0.0, 0.0), (292.20259999999996, 0.28073333333333333, 0.056799999999999996), (0.0, 0.004666666666666667, 6.666666666666668e-05), (805.3058666666667, 0.081, 0.3894666666666666)]","[(2, 0.0, 0.010555555555555558), (1, 0.0, 0.0002111111111111111), (2, 1.666666666666667e-05, 0.003455555555555556), (3, 0.0, 0.023311111111111112), (3, 0.00021666666666666668, 0.5190777777777777), (1, 0.0, 0.002838888888888889), (3, 1.666666666666667e-05, 0.2272388888888889), (2, 0.0, 0.0), (2, 0.0, 0.010616666666666667), (1, 0.0, 0.000861111111111111), (3, 0.0, 2.2222222222222223e-05), (2, 0.0, 0.002416666666666667), (3, 0.10526666666666666, 0.011727777777777776), (1, 0.0, 0.001027777777777778), (3, 0.0, 0.001661111111111111), (3, 0.0, 0.023311111111111112)]","[122, 119, 117, 123, 120, 113, 124, 114, 102, 115, 121, 127, 116, 118, 125, 126]","[15, 6, 10, 11, 10, 4, 14, 9, 4, 11, 7, 15, 14, 6, 6, 5]","[True, True, True, True, True, True, True, True, True, True, True, True, True, True, True, True]"
90,16,"[1596.1861921402513, 1207.75186362467, 833.6955655060068, 888.1448552554355, 1318.8617310662446, 967.2054005675245, 1409.0117734429248, 2938.223603388089, 1536.848415480762, 1252.0839689691668, 0, 2266.7025766922616, 1240.1595321833177, 1228.7117348817424, 578.5431829120669, 888.1448552554355]","[1679.2418077239947, 1545.7496031518435, 1771.9169172198813, 1832.5304431431343, 2257.083082780119, 1729.6784925433813, 2098.9261206298033, 4029.0, 2299.3215074566187, 2196.469556856866, 4029.0, 2349.758192276005, 1930.0738793701964, 1566.7094744089159, 916.5409224392404, 4029.0]","[(153.791, 0.9633999999999999, 0.7669333333333332), (333.44653333333326, 0.7292666666666667, 0.004666666666666667), (76.89526666666666, 0.0, 0.001), (624.9507333333332, 0.08693333333333333, 0.30760000000000004), (255.852, 0.40273333333333333, 0.13053333333333333), (131.4214, 0.5404, 0.4769333333333333), (255.852, 0.49213333333333326, 0.15953333333333333), (0.0, 0.0, 0.0), (114.6442, 0.9067333333333333, 0.7183999999999999), (299.8922, 0.2914, 0.05526666666666666), (30.932599999999997, 11.007200000000001, 11.033333333333335), (150.9948, 0.009333333333333334, 0.010933333333333335), (380.283, 0.0, 0.0), (276.8236, 0.27726666666666666, 0.054666666666666655), (0.0, 0.004533333333333333, 0.0), (624.9507333333332, 0.08693333333333333, 0.30760000000000004)]","[(2, 0.0, 0.0117), (1, 0.0, 0.00021666666666666668), (2, 0.0, 0.0005055555555555555), (3, 0.0, 0.013066666666666667), (3, 5e-05, 0.20164999999999994), (1, 0.06126666666666666, 0.023866666666666675), (3, 8.333333333333333e-05, 0.28617777777777775), (2, 0.0, 0.0), (2, 1.666666666666667e-05, 0.011361111111111112), (1, 0.0, 0.0008333333333333334), (3, 0.0, 2.2222222222222223e-05), (2, 0.0, 0.0026888888888888887), (3, 0.006966666666666668, 0.010794444444444445), (1, 0.0, 0.0013833333333333334), (3, 0.0, 0.0012944444444444446), (3, 0.0, 0.013066666666666667)]","[122, 119, 117, 123, 120, 113, 124, 114, 102, 115, 121, 127, 116, 118, 125, 126]","[15, 6, 10, 11, 10, 4, 14, 9, 4, 11, 7, 15, 14, 6, 6, 5]","[True, True, True, True, True, True, True, True, True, True, True, True, True, True, True, True]"
91,16,"[1655.52396879974, 1246.093192628628, 827.7617892390601, 1101.8338429860667, 1425.7062257349019, 922.7020845904912, 1816.3564093671823, 2958.2569461384624, 1557.6166373115834, 1205.339500794318, 881.4670876440003, 2248.9012475559352, 1243.126421016292, 1318.8617806475224, 581.5100710295644, 1101.8338429860667]","[1717.8113606219024, 1540.2715111933896, 1715.5277817520791, 1962.7471710958744, 2313.472218247921, 1697.042723639454, 2301.114994175445, 4029.0, 2331.957276360546, 2066.2528289041256, 4029.0, 2311.188639378098, 1727.8850058245548, 1613.040099212284, 875.688389594326, 4029.0]","[(125.829, 0.9370666666666667, 0.7570666666666667), (415.23546666666675, 0.7115333333333334, 0.006666666666666668), (79.6912, 6.666666666666668e-05, 0.001), (641.7282666666667, 0.07759999999999999, 0.331), (213.9092, 0.46873333333333334, 0.15180000000000002), (89.4784, 0.5311333333333333, 0.46186666666666676), (226.49179999999998, 0.6, 0.19540000000000002), (0.0, 0.0, 0.0), (114.6442, 0.9444666666666667, 0.7338666666666667), (294.2998, 0.28173333333333334, 0.05493333333333333), (95.9442, 0.019933333333333334, 0.0208), (150.9948, 0.009266666666666668, 0.0106), (353.719, 0.0, 0.0), (332.04866666666675, 0.30326666666666663, 0.05866666666666666), (0.0, 0.004733333333333333, 0.0), (641.7282666666667, 0.07759999999999999, 0.331)]","[(2, 0.06273333333333334, 0.031105555555555553), (1, 0.0, 0.0005666666666666666), (2, 1.666666666666667e-05, 0.0004111111111111111), (3, 0.04375, 0.0321388888888889), (3, 3.3333333333333335e-05, 0.2765777777777778), (1, 1.666666666666667e-05, 0.0020666666666666667), (3, 0.00016666666666666666, 0.37338333333333334), (2, 0.0, 0.0), (2, 0.0, 0.013133333333333334), (1, 0.0, 0.001), (1, 0.0012, 0.05558333333333333), (2, 0.0, 0.0023555555555555556), (3, 0.04356666666666667, 0.009866666666666668), (1, 0.0, 0.0009222222222222221), (3, 0.0, 0.0012333333333333335), (3, 0.04375, 0.0321388888888889)]","[122, 119, 117, 123, 120, 113, 124, 114, 102, 115, 128, 127, 116, 118, 125, 126]","[15, 6, 10, 11, 10, 4, 14, 9, 4, 11, 7, 15, 14, 6, 6, 5]","[True, True, True, True, True, True, True, True, True, True, True, True, True, True, True, True]"
92,16,"[2278.570623724373, 1084.51187754052, 809.96046043822, 1125.2060760191043, 2036.723179621289, 913.8014213950846, 2230.3788262082307, 3018.356974389583, 0, 0, 754.589249271, 2254.8350239347114, 1308.39797534173, 1228.7117348817424, 578.5431829120669, 1125.2060760191043]","[2026.3677998948306, 1463.5896124290769, 1401.1186404084654, 2577.103038009552, 2627.8813595915344, 2471.4007106975423, 2475.4904254332505, 4029.0, 1557.5992893024577, 1451.8969619904478, 4029.0, 2002.632200105169, 1553.5095745667497, 1607.7894697702993, 957.6209178006238, 4029.0]","[(226.49220000000003, 0.9202666666666668, 0.7430666666666668), (202.37446666666668, 0.6932, 0.0088), (86.68193333333333, 0.0, 0.001), (838.8603333333335, 0.08673333333333332, 0.3268666666666667), (212.51093333333333, 0.6914, 0.224), (117.4404, 0.5386666666666666, 0.5020666666666667), (209.7148, 0.7276, 0.23566666666666664), (0.0, 0.0, 0.0), (145.4024, 0.9613333333333335, 0.7314666666666667), (281.7169333333334, 0.28753333333333336, 0.054), (96.9928, 0.020133333333333333, 0.014066666666666665), (184.5492, 0.009333333333333334, 0.0108), (342.5342, 0.0, 0.0), (318.06759999999997, 0.2734, 0.057466666666666666), (0.0, 0.004733333333333333, 6.666666666666668e-05), (838.8603333333335, 0.08673333333333332, 0.3268666666666667)]","[(2, 0.09268333333333334, 0.011455555555555556), (1, 0.0, 0.00025), (2, 0.0, 0.0003888888888888888), (3, 0.0, 0.012833333333333334), (3, 0.0002333333333333333, 0.49188333333333323), (1, 0.0, 0.003311111111111111), (3, 0.00021666666666666668, 0.5190777777777777), (2, 0.0, 0.0), (2, 0.0, 0.01525), (1, 0.0, 0.00115), (1, 0.0, 0.054338888888888895), (2, 0.0, 0.002338888888888889), (3, 0.016566666666666667, 0.010016666666666667), (1, 0.0, 0.0007888888888888889), (3, 0.0, 0.0012666666666666666), (3, 0.0, 0.012833333333333334)]","[122, 119, 117, 123, 120, 113, 124, 114, 102, 115, 128, 127, 116, 118, 125, 126]","[15, 6, 10, 11, 10, 4, 14, 9, 4, 11, 7, 15, 14, 6, 6, 5]","[True, True, True, True, True, True, True, True, True, True, True, True, True, True, True, True]"
93,16,"[1590.2524144743022, 1229.6611944840745, 836.6624536394801, 1045.0727056201176, 1769.6119429496443, 0, 1318.8617310662446, 3148.573702267009, 644.4058826961312, 881.4670876440003, 754.589249271, 2248.9012475559352, 0, 1175.2894855390578, 593.3776234995555, 1045.0727056201176]","[1685.1755834591834, 1573.2184266431786, 4029.0, 4029.0, 4029.0, 4029.0, 2673.9308655331224, 4029.0, 4029.0, 4029.0, 4029.0, 2343.8244165408164, 1355.0691344668776, 1518.846717698162, 936.9348556586597, 4029.0]","[(142.6062, 0.9306666666666665, 0.7520666666666668), (105.9056, 0.6556666666666666, 0.0064), (85.284, 0.0, 0.001), (721.42, 0.07806666666666666, 0.33893333333333336), (190.14146666666667, 0.5508, 0.17880000000000001), (134.2176, 0.5295333333333333, 0.5544666666666667), (255.852, 0.40273333333333333, 0.13053333333333333), (0.0, 0.0, 0.0), (32.15606666666666, 0.0009333333333333332, 6.666666666666668e-05), (95.9442, 0.019933333333333334, 0.0208), (90.177, 0.02, 0.014), (218.1036, 0.009266666666666668, 0.010533333333333334), (350.92293333333333, 0.0, 0.0), (304.0866, 0.26866666666666666, 0.058866666666666664), (67.1088, 0.004666666666666667, 6.666666666666668e-05), (721.42, 0.07806666666666666, 0.33893333333333336)]","[(2, 0.0, 0.012455555555555557), (1, 0.0, 0.00020555555555555556), (2, 1.666666666666667e-05, 0.00042777777777777774), (3, 0.0, 0.011183333333333332), (3, 0.00013333333333333334, 0.3462888888888889), (1, 0.0, 0.002977777777777778), (3, 5e-05, 0.20164999999999994), (2, 0.0, 0.0), (1, 0.0, 0.000638888888888889), (1, 0.0012, 0.05558333333333333), (1, 3.3333333333333335e-05, 0.05506666666666666), (2, 0.0, 0.0022555555555555554), (3, 0.007016666666666667, 0.010272222222222223), (1, 0.0, 0.000861111111111111), (3, 0.0, 0.0012222222222222224), (3, 0.0, 0.011183333333333332)]","[122, 119, 117, 123, 120, 113, 124, 114, 129, 130, 128, 127, 116, 118, 125, 126]","[15, 6, 12, 11, 10, 4, 14, 9, 0, 1, 7, 15, 14, 6, 6, 5]","[True, True, True, True, True, True, True, True, True, True, True, True, True, True, True, True]"
94,16,"[1563.5504149775322, 1150.2398701187337, 0, 1385.6395298158109, 1292.1506073990797, 2006.6731654957287, 1425.7062257349019, 3425.7016103138403, 647.744773280049, 754.589249271, 741.2336873370001, 2201.431036525731, 1071.7839430047102, 1252.0839689691668, 572.6094066770711, 1385.6395298158109]","[1695.5596892259007, 1501.5954548637433, 4029.0, 4029.0, 4029.0, 4029.0, 2191.4611413650955, 4029.0, 4029.0, 4029.0, 4029.0, 2333.4403107740995, 1837.538858634904, 1603.4395537141763, 923.9649914220806, 4029.0]","[(117.4404, 0.9303333333333335, 0.7412666666666667), (111.1484, 0.6268666666666667, 0.0044666666666666665), (61.51606666666666, 0.0, 0.001), (671.0880666666666, 0.08573333333333333, 0.32080000000000003), (198.53, 0.4244, 0.13933333333333334), (306.18366666666674, 0.5942000000000001, 0.19193333333333337), (213.9092, 0.46873333333333334, 0.15180000000000002), (0.0, 0.0, 0.0), (35.6514, 0.001, 0.0), (96.9928, 0.020133333333333333, 0.014066666666666665), (93.3228, 0.018333333333333333, 0.014133333333333333), (268.4352, 0.009333333333333334, 0.0108), (125.829, 0.0033333333333333335, 0.0012666666666666666), (299.8922, 0.2914, 0.05526666666666666), (22.3696, 0.0048, 0.0), (671.0880666666666, 0.08573333333333333, 0.32080000000000003)]","[(2, 0.0, 0.010772222222222223), (1, 0.0, 0.00023333333333333333), (2, 0.0, 0.00037222222222222225), (3, 0.0, 0.018272222222222224), (3, 1.666666666666667e-05, 0.19247222222222224), (3, 0.011550000000000001, 0.43049444444444446), (3, 3.3333333333333335e-05, 0.2765777777777778), (2, 0.0, 0.0), (1, 0.0, 0.0006222222222222223), (1, 0.0, 0.054338888888888895), (1, 0.0, 0.0557), (2, 0.0, 0.0022944444444444444), (3, 0.0, 0.0006444444444444443), (1, 0.0, 0.0008333333333333334), (3, 0.0, 0.0012777777777777776), (3, 0.0, 0.018272222222222224)]","[122, 119, 117, 123, 120, 131, 124, 114, 129, 130, 128, 127, 132, 118, 125, 126]","[15, 6, 12, 11, 10, 4, 14, 9, 0, 1, 7, 15, 14, 6, 6, 5]","[True, True, True, True, True, True, True, True, True, True, True, True, True, True, True, True]"
95,15,"[1554.649748478609, 733.962583790049, 0, 1095.1560621194842, 961.60045201792, 1352.2506356501997, 2036.723179621289, 3442.3960626058183, 631.0503203604601, 754.589249271, 0, 2248.9012475559352, 1068.445052216534, 1205.339500794318, 664.582938319502, 0]","[1667.3742504613367, 1209.0009094887594, 0, 4029.0, 4029.0, 4029.0, 2498.639063702378, 4029.0, 4029.0, 4029.0, 4029.0, 2361.625749538663, 1530.3609362976224, 1680.3778264930284, 1139.6212640182123, 4029.0]","[(83.886, 0.8937333333333333, 0.7318666666666667), (80.73986666666669, 0.6493333333333333, 0.004200000000000001), 0, (767.5571333333334, 0.08106666666666666, 0.391), (194.33579999999998, 0.31493333333333334, 0.10186666666666666), (281.018, 0.42160000000000003, 0.13533333333333333), (212.51093333333333, 0.6914, 0.224), (0.0, 0.0, 0.0), (48.234, 0.001066666666666667, 0.0), (90.177, 0.02, 0.014), (93.8472, 0.0318, 0.0146), (33.5544, 0.009266666666666668, 0.010666666666666666), (170.56820000000002, 0.0034, 0.0014666666666666665), (294.2998, 0.28173333333333334, 0.05493333333333333), (78.29360000000001, 0.005933333333333334, 0.0014666666666666665), (767.5571333333334, 0.08106666666666666, 0.391)]","[(2, 0.0, 0.007866666666666668), (1, 0.0, 0.0002222222222222222), 0, (3, 0.0, 0.02345), (3, 0.0, 0.12192777777777777), (3, 1.666666666666667e-05, 0.2272388888888889), (3, 0.0002333333333333333, 0.49188333333333323), (2, 0.0, 0.0), (1, 0.0, 0.0006333333333333333), (1, 3.3333333333333335e-05, 0.05506666666666666), (1, 0.00011666666666666667, 0.053427777777777775), (2, 0.0, 0.0023555555555555556), (3, 0.0, 0.0005666666666666666), (1, 0.0, 0.001), (3, 0.0, 0.0033777777777777777), (3, 0.0, 0.02345)]","[122, 119, -1, 123, 120, 131, 124, 114, 129, 130, 128, 127, 132, 118, 125, 126]","[15, 6, -1, 11, 10, 4, 14, 9, 0, 1, 7, 15, 14, 6, 6, 5]","[True, True, False, True, True, True, True, True, True, True, True, True, True, True, True, True]"
96,15,"[1554.649748478609, 928.4078951672633, 3752.9130163235823, 931.5504308882199, 1021.7004802690399, 1409.0117734429248, 1769.6119429496443, 3475.784967189774, 644.4058826961312, 741.2336873370001, 685.3513090824399, 5046.6768101486105, 1095.1561785219467, 1238.7284066334953, 626.0133927920311, 0]","[268.48646916499933, 1340.3579969696666, 4029.0, 4029.0, 4029.0, 4029.0, 2351.7278822138487, 4029.0, 4029.0, 4029.0, 4029.0, 3760.513530835001, 1677.272117786151, 1650.6785084358987, 1037.9634945944345, 0]","[(92.2746, 0.9142666666666668, 0.7324666666666667), (90.177, 0.6436666666666666, 0.004533333333333333), (388.67179999999996, 7.663399999999999, 2.4918666666666667), (796.9172, 0.0888, 0.33713333333333334), (146.80033333333338, 0.3725333333333334, 0.1176), (255.852, 0.49213333333333326, 0.15953333333333333), (190.14146666666667, 0.5508, 0.17880000000000001), (0.0, 0.0, 0.0), (41.94273333333333, 0.0009333333333333332, 6.666666666666668e-05), (93.3228, 0.018333333333333333, 0.014133333333333333), (232.08433333333338, 0.9976, 0.007), (369.0984, 0.018533333333333336, 0.025066666666666668), (170.56820000000002, 0.0033333333333333335, 0.0014), (281.7169333333334, 0.28753333333333336, 0.054), (44.7392, 0.004666666666666667, 6.666666666666668e-05), 0]","[(2, 0.0, 0.010216666666666666), (1, 0.0, 0.0002222222222222222), (2, 0.0, 0.016355555555555557), (3, 0.0, 0.019), (3, 5e-05, 0.20093333333333338), (3, 8.333333333333333e-05, 0.28617777777777775), (3, 0.00013333333333333334, 0.3462888888888889), (2, 0.0, 0.0), (1, 0.0, 0.0006222222222222223), (1, 0.0, 0.0557), (3, 0.0, 0.0005111111111111112), (2, 0.0, 0.0054888888888888895), (3, 0.0, 0.0008388888888888889), (1, 0.0, 0.00115), (3, 0.0, 0.0013444444444444443), 0]","[122, 119, 133, 123, 120, 131, 124, 114, 129, 130, 134, 127, 132, 118, 125, -1]","[15, 6, 12, 11, 10, 4, 14, 9, 0, 1, 7, 15, 14, 6, 6, -1]","[True, True, True, True, True, True, True, True, True, True, True, True, True, True, True, False]"
97,15,"[0, 1174.8878673355634, 2794.65141873918, 1008.3449108539154, 3549.2405572744774, 1816.3564093671823, 1292.1506073990797, 3732.8795324862313, 0, 0, 741.7221959766666, 6361.008278047395, 1105.1728508864767, 1255.4228595530844, 0, 0]","[-1166.0041390236975, 1707.7842917060143, 4029.0, 4029.0, 4029.0, 4029.0, 2107.988878256301, 4029.0, 4029.0, 4029.0, 4029.0, 5195.0041390236975, 1921.0111217436984, 1788.3192839235353, 532.8964243704507, 0]","[(134.2176, 0.8891333333333333, 0.7291333333333333), (88.07973333333334, 0.8984, 0.004200000000000001), (651.5146, 19.004533333333335, 2.486266666666667), (700.4481333333333, 0.07953333333333333, 0.389), (290.8046, 0.5733333333333334, 0.17), (226.49179999999998, 0.6, 0.19540000000000002), (198.53, 0.4244, 0.13933333333333334), (0.0, 0.0, 0.0), (39.8456, 0.0008666666666666667, 6.666666666666668e-05), (93.8472, 0.0318, 0.0146), (264.24086666666665, 0.7731333333333333, 0.0056), (1157.6274666666666, 0.016533333333333334, 0.022133333333333328), (128.6252, 0.0032, 0.0014), (282.41613333333333, 0.3092, 0.0536), (44.7392, 0.004666666666666667, 0.0), 0]","[(2, 1.666666666666667e-05, 0.00786111111111111), (1, 0.0, 0.00032777777777777775), (2, 0.0, 0.0053), (3, 0.0, 0.019427777777777776), (3, 0.0017833333333333332, 0.2834388888888889), (3, 0.00016666666666666666, 0.37338333333333334), (3, 1.666666666666667e-05, 0.19247222222222224), (2, 0.0, 0.0), (1, 0.0, 0.000638888888888889), (1, 0.00011666666666666667, 0.053427777777777775), (3, 0.0, 0.0006277777777777777), (2, 0.0, 0.005333333333333333), (3, 0.0, 0.0005555555555555557), (1, 0.0, 0.0005888888888888889), (3, 0.0, 0.0013), 0]","[122, 119, 133, 123, 120, 131, 124, 114, 129, 130, 134, 127, 132, 118, 125, -1]","[15, 6, 12, 11, 10, 4, 14, 9, 0, 1, 7, 15, 14, 6, 6, -1]","[True, True, True, True, True, True, True, True, True, True, True, True, True, True, True, False]"
98,15,"[0, 1366.594512355352, 1739.5619942211624, 0, 2160.2621265819243, 2230.3788262082307, 961.60045201792, 3782.9628893621643, 777.9614183128089, 644.4058826961312, 623.0466446204, 2438.7820916767528, 1078.4617245810634, 0, 80.13338746088, 2180.662757134983]","[0, 4029.0, 4029.0, 4029.0, 4029.0, 4029.0, 1956.0693637184281, 4029.0, 4029.0, 4029.0, 1235.6919437427084, 4029.0, 2072.9306362815714, 1974.43330626956, 2054.56669373044, 2793.3080562572914]","[0, (108.00293333333333, 1.1823333333333332, 0.0031333333333333335), (369.0984, 16.1096, 2.579733333333333), (637.534, 0.09033333333333332, 0.3533333333333333), (278.22166666666675, 0.49906666666666666, 0.15853333333333333), (209.7148, 0.7276, 0.23566666666666664), (194.33579999999998, 0.31493333333333334, 0.10186666666666666), (0.0, 0.0, 0.0), (123.73126666666663, 0.009733333333333332, 0.0028), (32.15606666666666, 0.0009333333333333332, 6.666666666666668e-05), (260.0463333333334, 0.6686, 0.004866666666666666), (167.772, 0.009333333333333334, 0.0104), (134.2176, 0.0033333333333333335, 0.0014), (264.94006666666667, 0.23893333333333336, 0.04573333333333334), (75.84646666666666, 0.0, 0.0), (473.9556, 4.806, 0.02386666666666667)]","[0, (1, 0.0, 0.00023333333333333333), (2, 0.0, 0.00225), (3, 0.0, 0.015172222222222219), (3, 0.04115, 0.5988777777777777), (3, 0.00021666666666666668, 0.5190777777777777), (3, 0.0, 0.12192777777777777), (2, 0.0, 0.0), (2, 0.0, 2.2222222222222223e-05), (1, 0.0, 0.000638888888888889), (3, 0.0, 0.0004277777777777778), (2, 0.0, 0.002172222222222222), (3, 0.0, 0.0007111111111111111), (1, 0.0, 0.0006888888888888888), (2, 0.00015, 0.0002722222222222222), (1, 0.0, 0.005094444444444444)]","[-1, 119, 133, 123, 120, 131, 124, 114, 136, 137, 134, 127, 132, 118, 138, 139]","[-1, 6, 12, 11, 10, 4, 14, 9, 0, 1, 7, 15, 14, 5, 5, 7]","[False, True, True, True, True, True, True, True, True, True, True, True, True, True, True, True]"
99,16,"[3752.9130163235823, 0, 1826.3731494030244, 2180.662757134983, 3262.0959778524575, 1318.8617310662446, 1021.7004802690399, 0, 888.1447951553957, 647.744773280049, 620.0797558364931, 2554.490731062876, 1058.4283798520034, 1115.1894634134223, 0, 1462.6758357381586]","[4029.0, 4029.0, 4029.0, 4029.0, 4029.0, 4029.0, 1996.136050208518, 4029.0, 4029.0, 4029.0, 1593.2019600491672, 2734.150633824727, 2032.8639497914817, 1294.8493661752732, 4029.0, 2435.798039950833]","[(388.67179999999996, 7.663399999999999, 2.4918666666666667), (106.95439999999999, 0.8705333333333333, 0.007), (268.4352, 13.852799999999998, 1.682), (473.9556, 4.806, 0.02386666666666667), (392.8656, 0.7547333333333333, 0.24346666666666666), (255.852, 0.40273333333333333, 0.13053333333333333), (146.80033333333338, 0.3725333333333334, 0.1176), (0.0, 0.0, 0.0), (120.93533333333332, 0.045200000000000004, 0.020266666666666665), (35.6514, 0.001, 0.0), (222.2978, 0.6696, 0.0051333333333333335), (536.8704, 0.009266666666666668, 0.0106), (268.4352, 0.0032666666666666664, 0.0013333333333333333), (499.1218, 0.0016666666666666668, 0.0011333333333333332), (71.827, 0.0, 0.0), (384.4776, 1.923, 0.024933333333333335)]","[(2, 0.0, 0.016355555555555557), (1, 0.0, 0.00021666666666666668), (2, 0.0, 0.005916666666666666), (1, 0.0, 0.005094444444444444), (3, 0.00026666666666666673, 1.4022944444444445), (3, 5e-05, 0.20164999999999994), (3, 5e-05, 0.20093333333333338), (2, 0.0, 0.0), (2, 0.0, 0.0), (1, 0.0, 0.0006222222222222223), (3, 0.0, 0.0005), (2, 0.0, 0.0023777777777777777), (3, 0.0, 0.00065), (2, 0.0, 0.0010999999999999998), (2, 0.09475, 0.017716666666666665), (1, 0.0, 0.005011111111111111)]","[135, 119, 133, 140, 120, 131, 124, 114, 136, 137, 134, 127, 132, 141, 138, 139]","[11, 6, 12, 2, 10, 4, 14, 9, 0, 1, 7, 15, 14, 15, 5, 7]","[True, True, True, True, True, True, True, True, True, True, True, True, True, True, True, True]"
100,16,"[2794.65141873918, 520.8668579276933, 1612.6841520322869, 1462.6758357381586, 3983.2963168658976, 1425.7062257349019, 3549.2405572744774, 450.7502254398, 851.4170028745334, 631.0503203604601, 640.8479773238399, 2450.6496444343047, 1075.1228337928867, 1175.2894943758222, 454.0891471920266, 2530.7555535185593]","[3151.3922804057433, 877.6077195942568, 4029.0, 2520.462805149179, 4029.0, 4029.0, 3251.5588617407952, 1508.5371948508207, 4029.0, 4029.0, 1069.5462119026402, 2652.1800750292414, 777.4411382592045, 1376.8199249707588, 4029.0, 2959.4537880973594]","[(651.5146, 19.004533333333335, 2.486266666666667), (0.0, 0.0046, 6.666666666666668e-05), (383.0794, 15.210066666666668, 1.8525333333333331), (384.4776, 1.923, 0.024933333333333335), (432.01279999999997, 0.8446, 0.2776), (213.9092, 0.46873333333333334, 0.15180000000000002), (290.8046, 0.5733333333333334, 0.17), (184.549, 0.0, 0.0), (120.23626666666664, 0.034466666666666666, 0.0114), (48.234, 0.001066666666666667, 0.0), (184.54886666666667, 0.6701333333333334, 0.0057333333333333325), (738.197, 0.009333333333333334, 0.0108), (248.8618, 0.0033333333333333335, 0.0014), (553.6476, 0.0017333333333333335, 0.0015333333333333334), (29.621666666666673, 4.1293999999999995, 4.1416), (419.43, 3.8347333333333333, 0.0464)]","[(2, 0.0, 0.0053), (1, 0.0, 0.0008722222222222223), (2, 0.0, 0.0036999999999999997), (1, 0.0, 0.005011111111111111), (3, 0.0, 1.846088888888889), (3, 3.3333333333333335e-05, 0.2765777777777778), (3, 0.0017833333333333332, 0.2834388888888889), (1, 0.0, 0.00029444444444444445), (2, 0.0, 2.2222222222222223e-05), (1, 0.0, 0.0006333333333333333), (3, 0.0, 0.00046111111111111103), (2, 0.0, 0.0023666666666666667), (3, 0.0, 0.0008222222222222222), (2, 0.0, 0.0005222222222222223), (3, 0.0, 1.6666666666666667e-05), (1, 0.00031666666666666665, 0.004988888888888889)]","[135, 142, 133, 140, 120, 131, 124, 143, 136, 137, 134, 127, 132, 141, 144, 139]","[11, 11, 12, 2, 10, 4, 14, 2, 0, 1, 7, 15, 14, 15, 9, 7]","[True, True, True, True, True, True, True, True, True, True, True, True, True, True, True, True]"
101,16,"[1739.5619942211624, 530.8835282724567, 1499.1618721790824, 2530.7555535185593, 3906.5018363228, 2036.723179621289, 2160.2621265819243, 570.9502855570801, 834.7225518377779, 644.4058826961312, 620.0797558364931, 2453.616532623692, 1061.76727064018, 1121.8672446314667, 1315.5229705416066, 1379.6029687996834]","[2618.839232974353, 1410.1607670256471, 4029.0, 4029.0, 4029.0, 4029.0, 2563.747427970872, 1882.613866859651, 2146.3861331403486, 4029.0, 1634.7383935184048, 2680.3746439961124, 1465.2525720291278, 1348.6253560038874, 4029.0, 2394.261606481595]","[(369.0984, 16.1096, 2.579733333333333), (0.0, 0.004733333333333333, 0.00013333333333333334), (279.62, 9.749466666666667, 1.610333333333333), (419.43, 3.8347333333333333, 0.0464), (339.7382, 0.8196, 0.2693333333333333), (212.51093333333333, 0.6914, 0.224), (278.22166666666675, 0.49906666666666666, 0.15853333333333333), (225.0938, 0.0, 0.0), (130.722, 0.026466666666666666, 0.011066666666666664), (41.94273333333333, 0.0009333333333333332, 6.666666666666668e-05), (183.1509333333333, 0.6727333333333332, 0.005), (352.32120000000003, 0.0094, 0.010866666666666667), (139.81, 0.0034, 0.0014), (461.3726, 0.008400000000000001, 0.008866666666666667), (29.53446666666667, 12.107333333333337, 12.139266666666664), (442.49846666666673, 3.044, 0.055333333333333345)]","[(2, 0.0, 0.00225), (1, 0.0, 0.0008388888888888889), (2, 0.05768333333333333, 0.023244444444444446), (1, 0.00031666666666666665, 0.004988888888888889), (3, 3.3333333333333335e-05, 1.7759777777777779), (3, 0.0002333333333333333, 0.49188333333333323), (3, 0.04115, 0.5988777777777777), (1, 0.0, 0.0002833333333333333), (2, 0.0, 4.4444444444444447e-05), (1, 0.0, 0.0006222222222222223), (3, 0.0, 0.0005277777777777777), (2, 0.0, 0.002344444444444444), (3, 0.0, 0.0006222222222222223), (2, 0.0, 0.0004944444444444445), (3, 0.0, 1.6666666666666667e-05), (1, 0.0, 0.004972222222222222)]","[135, 142, 133, 140, 120, 131, 124, 143, 136, 137, 134, 127, 132, 141, 144, 139]","[11, 11, 12, 2, 10, 4, 14, 0, 0, 1, 7, 15, 14, 15, 9, 7]","[True, True, True, True, True, True, True, True, True, True, True, True, True, True, True, True]"
