interval,ips,create,start,destroy,apparentips,ram,disk,hostalloc,active
1,"[777.9614183128089, 1147.5012037613078, 1714.4051397483977]","[0, 0, 0]","[1, 1, 1]","[-1, -1, -1]","[4029.0, 4029.0, 4029.0]","[(123.73126666666663, 0.009733333333333332, 0.0028), (386.924, 1.3948666666666665, 0.0056), (105.5042, 0.28773333333333334, 0.22433333333333338)]","[(2, 0.0, 2.2222222222222223e-05), (1, 0.0, 0.009683333333333334), (1, 0.0030666666666666663, 0.05871111111111111)]","[9, 8, 10]","[True, True, True]"
2,"[888.1447951553957, 925.6692288098378, 1429.5838385761401, 590.9835929581135, 744.572766635591]","[0, 0, 0, 1, 1]","[1, 1, 1, 2, 2]","[-1, -1, -1, -1, -1]","[4029.0, 1762.5426951168488, 2266.457304883151, 4029.0, 4029.0]","[(120.93533333333332, 0.045200000000000004, 0.020266666666666665), (349.1754, 0.6480666666666667, 0.003466666666666667), (110.71433333333331, 0.20726666666666668, 0.17506666666666665), (265.6387333333333, 0.05313333333333333, 0.031266666666666665), (142.60586666666666, 0.0007333333333333332, 0.0006)]","[(2, 0.0, 0.0), (1, 0.0, 0.00023333333333333333), (1, 0.0002333333333333333, 0.05122222222222223), (3, 0.0, 0.006316666666666667), (1, 0.0, 0.02883888888888889)]","[9, 10, 10, 2, 11]","[True, True, True, True, True]"
3,"[851.4170028745334, 1237.8771935563511, 1845.861124904825, 580.9669218910268, 554.2559608139378, 501.40426599866777, 881.4670876440003, 2006.6731654957287]","[0, 0, 0, 1, 1, 2, 2, 2]","[1, 1, 1, 2, 2, 3, 3, 3]","[-1, -1, -1, -1, -1, -1, -1, -1]","[4029.0, 4029.0, 4029.0, 1301.6468781976491, 4029.0, 1824.4685891773338, 2204.531410822666, 2727.353121802351]","[(120.23626666666664, 0.034466666666666666, 0.0114), (320.86379999999997, 0.6452, 0.0048), (109.4118, 0.21166666666666664, 0.17653333333333332), (272.62933333333325, 0.053200000000000004, 0.03573333333333333), (98.56566666666669, 0.0007333333333333332, 0.0002666666666666667), (0.0, 0.0048, 6.666666666666668e-05), (95.9442, 0.019933333333333334, 0.0208), (306.18366666666674, 0.5942000000000001, 0.19193333333333337)]","[(2, 0.0, 2.2222222222222223e-05), (1, 0.0, 0.0002222222222222222), (1, 0.00011666666666666667, 0.05212222222222222), (3, 0.0, 0.0011611111111111112), (1, 0.0, 0.0016666666666666668), (2, 0.0, 0.0013222222222222222), (1, 0.0012, 0.05558333333333333), (3, 0.011550000000000001, 0.43049444444444446)]","[9, 10, 12, 2, 11, 14, 14, 2]","[True, True, True, True, True, True, True, True]"
4,"[834.7225518377779, 1317.298517921692, 1812.9971286157179, 557.5946894011578, 597.6615481065954, 498.43737685074666, 754.589249271, 1352.2506356501997, 731.2170323801198, 1714.4051397483977, 520.8668579276933, 3464.41286996805, 1714.4051397483977]","[0, 0, 0, 1, 1, 2, 2, 2, 3, 3, 3, 3, 3]","[1, 1, 1, 2, 2, 3, 3, 3, 4, 4, 4, 4, 4]","[-1, -1, -1, -1, -1, -1, -1, -1, -1, -1, -1, -1, -1]","[4029.0, 2374.3184849075483, 4029.0, 1617.1720268754789, 1654.6815150924517, 1886.4240637898733, 2142.5759362101267, 2411.827973124521, 4029.0, 4029.0, 4029.0, 4029.0, 4029.0]","[(130.722, 0.026466666666666666, 0.011066666666666664), (301.98920000000004, 0.6321333333333333, 0.005666666666666668), (108.76053333333334, 0.20446666666666666, 0.17406666666666665), (160.78126666666668, 0.05293333333333333, 0.031466666666666664), (121.6344, 0.0005333333333333334, 0.0002), (145.4024, 0.004733333333333333, 6.666666666666668e-05), (96.9928, 0.020133333333333333, 0.014066666666666665), (281.018, 0.42160000000000003, 0.13533333333333333), (178.9568, 0.0019333333333333331, 0.0014666666666666665), (105.5042, 0.28773333333333334, 0.22433333333333338), (0.0, 0.0046, 6.666666666666668e-05), (168.47066666666663, 0.27493333333333336, 0.023333333333333327), (105.5042, 0.28773333333333334, 0.22433333333333338)]","[(2, 0.0, 4.4444444444444447e-05), (1, 0.0, 0.00025), (1, 0.0, 0.05014999999999999), (3, 0.0, 0.0011222222222222222), (1, 0.0, 0.0015388888888888887), (2, 0.0, 0.0012666666666666666), (1, 0.0, 0.054338888888888895), (3, 1.666666666666667e-05, 0.2272388888888889), (1, 0.36411666666666676, 0.01315), (1, 0.0030666666666666663, 0.05871111111111111), (1, 0.0, 0.0008722222222222223), (3, 0.2927833333333333, 0.026605555555555556), (1, 0.0030666666666666663, 0.05871111111111111)]","[9, 11, 12, 2, 11, 14, 14, 2, 10, 1, 7, 4, 13]","[True, True, True, True, True, True, True, True, True, True, True, True, True]"
5,"[791.3169791422134, 1309.0825188494155, 1886.9411202662081, 574.2891411796356, 554.2559608139378, 498.43737685074666, 754.589249271, 1409.0117734429248, 657.7614400862267, 1429.5838385761401, 530.8835282724567, 4442.116739200141, 1429.5838385761401, 3121.8625785998443, 1155.2559781834066, 1876.4565081617916]","[0, 0, 0, 1, 1, 2, 2, 2, 3, 3, 3, 3, 3, 4, 4, 4]","[1, 1, 1, 2, 2, 3, 3, 3, 4, 4, 4, 4, 4, 5, 5, 5]","[-1, -1, -1, -1, -1, -1, -1, -1, -1, -1, -1, -1, -1, -1, -1, -1]","[849.2272002711846, 2391.913279017739, 4029.0, 1597.1386838683554, 1637.0867209822613, 1886.4240637898733, 2142.5759362101267, 2431.8613161316443, 4029.0, 1791.0636652071742, 4029.0, 4029.0, 4029.0, 3179.7727997288157, 4029.0, 2237.9363347928256]","[(164.2764, 0.008733333333333333, 0.0061333333333333335), (333.44653333333326, 0.6355333333333333, 0.0052), (115.2732, 0.21046666666666666, 0.17566666666666664), (143.3049333333333, 0.05273333333333334, 0.030533333333333336), (125.82866666666669, 0.0007333333333333332, 0.0002666666666666667), (67.1088, 0.004666666666666667, 0.0), (90.177, 0.02, 0.014), (255.852, 0.49213333333333326, 0.15953333333333333), (192.93779999999998, 0.003933333333333333, 0.0014666666666666665), (110.71433333333331, 0.20726666666666668, 0.17506666666666665), (0.0, 0.004733333333333333, 0.00013333333333333334), (313.1741333333334, 0.2986666666666667, 0.020266666666666665), (110.71433333333331, 0.20726666666666668, 0.17506666666666665), (0.0, 0.0, 0.0), (67.10839999999999, 0.00013333333333333334, 0.001), (258.64820000000003, 0.019533333333333337, 0.0016)]","[(2, 0.0, 8.88888888888889e-05), (1, 0.0, 0.0002111111111111111), (1, 0.0, 0.05059444444444444), (3, 0.0, 0.0011333333333333332), (1, 0.0, 0.00165), (2, 0.0, 0.0012333333333333335), (1, 3.3333333333333335e-05, 0.05506666666666666), (3, 8.333333333333333e-05, 0.28617777777777775), (1, 0.26766666666666666, 0.015294444444444444), (1, 0.0002333333333333333, 0.05122222222222223), (1, 0.0, 0.0008388888888888889), (3, 0.10841666666666666, 0.0281), (1, 0.0002333333333333333, 0.05122222222222223), (2, 0.0, 0.0), (1, 0.0, 0.0005722222222222222), (3, 0.05115, 0.03694444444444444)]","[9, 11, 12, 2, 11, 14, 14, 2, 10, 1, 7, 4, 13, 9, 15, 1]","[True, True, True, True, True, True, True, True, True, True, True, True, True, True, True, True]"
6,"[0, 1207.75186362467, 1906.1117847681867, 577.6280315353312, 0, 498.43737685074666, 741.2336873370001, 1816.3564093671823, 711.18368902724, 1845.861124904825, 554.2557590769045, 3143.9889128247596, 1845.861124904825, 3065.1014408071205, 1151.9170880730503, 1328.8784523992754]","[0, 0, 0, 1, 1, 2, 2, 2, 3, 3, 3, 3, 3, 4, 4, 4]","[1, 1, 1, 2, 2, 3, 3, 3, 4, 4, 4, 4, 4, 5, 5, 5]","[-1, -1, -1, -1, -1, -1, -1, -1, -1, -1, -1, -1, -1, -1, -1, -1]","[481.94927959643974, 2618.375931812335, 4029.0, 1395.1358110840742, 1410.624068187665, 1893.1018447568733, 2135.898155243127, 2633.8641889159253, 4029.0, 2272.991336252775, 4029.0, 4029.0, 4029.0, 3547.0507204035603, 4029.0, 1756.0086637472252]","[(148.19806666666668, 0.008400000000000001, 0.004866666666666666), (333.44653333333326, 0.7292666666666667, 0.004666666666666667), (97.689, 0.24573333333333333, 0.20893333333333336), (167.77166666666662, 0.052866666666666666, 0.030466666666666666), (98.56533333333331, 0.0005333333333333334, 0.0002), (100.6632, 0.004666666666666667, 6.666666666666668e-05), (93.3228, 0.018333333333333333, 0.014133333333333333), (226.49179999999998, 0.6, 0.19540000000000002), (134.2176, 0.002, 0.0014), (109.4118, 0.21166666666666664, 0.17653333333333332), (0.0, 0.0044, 0.0), (205.5204, 0.03793333333333333, 0.025266666666666666), (109.4118, 0.21166666666666664, 0.17653333333333332), (0.0, 0.0, 0.0), (72.70093333333334, 6.666666666666668e-05, 0.001), (328.5534, 0.0005333333333333334, 0.0006)]","[(2, 0.0, 0.0), (1, 0.0, 0.00021666666666666668), (1, 0.0, 0.05149444444444444), (3, 1.666666666666667e-05, 0.0011833333333333333), (1, 0.0, 0.0015500000000000002), (2, 0.0, 0.001238888888888889), (1, 0.0, 0.0557), (3, 0.00016666666666666666, 0.37338333333333334), (1, 0.2701, 0.013050000000000004), (1, 0.00011666666666666667, 0.05212222222222222), (1, 0.0, 0.0008277777777777778), (3, 0.00125, 0.027633333333333336), (1, 0.00011666666666666667, 0.05212222222222222), (2, 0.0, 0.0), (1, 0.0, 0.0005666666666666666), (3, 0.06125, 0.025472222222222222)]","[9, 11, 12, 2, 11, 14, 14, 2, 10, 1, 7, 4, 13, 9, 15, 1]","[True, True, True, True, True, True, True, True, True, True, True, True, True, True, True, True]"
7,"[0, 1246.093192628628, 1908.8504511256126, 564.2724701125491, 0, 495.47048770282555, 804.6726065235, 2230.3788262082307, 0, 1812.9971286157179, 0, 3601.346184986549, 1812.9971286157179, 2911.512479720924, 1158.5948682937635, 2050.0788185255155, 454.0891471920266]","[0, 0, 0, 1, 1, 2, 2, 2, 3, 3, 3, 3, 3, 4, 4, 4, 4]","[1, 1, 1, 2, 2, 3, 3, 3, 4, 4, 4, 4, 4, 5, 5, 5, 7]","[7, -1, -1, -1, 7, -1, -1, -1, -1, -1, -1, -1, -1, -1, -1, -1, -1]","[0, 4029.0, 4029.0, 1181.446821952159, 0, 1859.8989405896627, 2169.1010594103373, 2847.553178047841, 4029.0, 1895.9591550451012, 4029.0, 4029.0, 4029.0, 4029.0, 2366.7528605508687, 2133.0408449548986, 1662.2471394491315]","[0, (415.23546666666675, 0.7115333333333334, 0.006666666666666668), (125.0422, 0.247, 0.19506666666666664), (150.2954, 0.0526, 0.03033333333333333), 0, (0.0, 0.004666666666666667, 6.666666666666668e-05), (93.8472, 0.0318, 0.0146), (209.7148, 0.7276, 0.23566666666666664), (226.49220000000003, 0.0016666666666666668, 0.0014), (108.76053333333334, 0.20446666666666666, 0.17406666666666665), (0.0, 0.0046, 0.00013333333333333334), (130.0228, 0.042466666666666666, 0.027733333333333336), (108.76053333333334, 0.20446666666666666, 0.17406666666666665), (0.0, 0.0, 0.0), (75.49719999999999, 0.0004, 0.0014666666666666665), (298.49406666666664, 0.0016666666666666668, 0.005466666666666667), (29.621666666666673, 4.1293999999999995, 4.1416)]","[0, (1, 0.0, 0.0005666666666666666), (1, 3.3333333333333335e-05, 0.05121666666666667), (3, 0.0, 0.0011055555555555556), 0, (2, 0.0, 0.0012722222222222221), (1, 0.00011666666666666667, 0.053427777777777775), (3, 0.00021666666666666668, 0.5190777777777777), (1, 0.27021666666666666, 0.012733333333333334), (1, 0.0, 0.05014999999999999), (1, 0.0, 0.0008111111111111112), (3, 0.0008, 0.02777777777777778), (1, 0.0, 0.05014999999999999), (2, 0.0, 0.0), (1, 0.0, 0.0005499999999999999), (3, 0.0008666666666666667, 0.016138888888888887), (3, 0.0, 1.6666666666666667e-05)]","[-1, 11, 12, 2, -1, 14, 14, 2, 10, 1, 7, 4, 13, 9, 15, 1, 15]","[False, True, True, True, False, True, True, True, True, True, True, True, True, True, True, True, True]"
8,"[0, 1084.51187754052, 1714.4051397483977, 554.2557990454623, 0, 492.5035985549045, 844.7392923255, 1318.8617310662446, 0, 1886.9411202662081, 0, 3261.75156374067, 1886.9411202662081, 3145.2348118086134, 1151.9170880730503, 1896.4898516652977, 1315.5229705416066, 1154.1194728238213, 1876.4565081617916]","[0, 0, 0, 1, 1, 2, 2, 2, 3, 3, 3, 3, 3, 4, 4, 4, 4, 4, 4]","[1, 1, 1, 2, 2, 3, 3, 3, 4, 4, 4, 4, 4, 5, 5, 5, 7, 8, 8]","[7, -1, -1, -1, 7, -1, -1, -1, 8, -1, 8, -1, -1, -1, -1, -1, -1, -1, -1]","[0, 4029.0, 4029.0, 1632.1970339896088, 0, 1838.3821531147023, 2190.6178468852977, 2396.802966010391, 0, 2009.725634300455, 0, 4029.0, 4029.0, 4029.0, 1932.697058765722, 2019.2743656995447, 2096.3029412342785, 4029.0, 4029.0]","[0, (202.37446666666668, 0.6932, 0.0088), (93.78139999999999, 0.23493333333333336, 0.19066666666666662), (104.857, 0.052866666666666666, 0.0304), 0, (0.0, 0.0046, 6.666666666666668e-05), (99.0902, 0.043, 0.015133333333333334), (255.852, 0.40273333333333333, 0.13053333333333333), 0, (115.2732, 0.21046666666666666, 0.17566666666666664), 0, (110.44946666666667, 0.04046666666666667, 0.026666666666666672), (115.2732, 0.21046666666666666, 0.17566666666666664), (0.0, 0.0, 0.0), (75.49719999999999, 0.0003333333333333333, 0.0014), (294.3, 0.001066666666666667, 0.005466666666666667), (29.53446666666667, 12.107333333333337, 12.139266666666664), (176.16013333333333, 1.632466666666667, 0.017733333333333334), (258.64820000000003, 0.019533333333333337, 0.0016)]","[0, (1, 0.0, 0.00025), (1, 0.0, 0.049894444444444436), (3, 0.0, 0.0011222222222222222), 0, (2, 0.0, 0.0012166666666666667), (1, 0.0, 0.05496666666666667), (3, 5e-05, 0.20164999999999994), 0, (1, 0.0, 0.05059444444444444), 0, (3, 0.00011666666666666667, 0.02971666666666666), (1, 0.0, 0.05059444444444444), (2, 0.0, 0.0), (1, 0.0, 0.0005611111111111111), (3, 0.0002, 0.014294444444444445), (3, 0.0, 1.6666666666666667e-05), (3, 0.0, 0.0001388888888888889), (3, 0.05115, 0.03694444444444444)]","[-1, 11, 12, 2, -1, 14, 14, 2, -1, 1, -1, 4, 13, 9, 15, 1, 15, 0, 7]","[False, True, True, True, False, True, True, True, False, True, False, True, True, True, True, True, True, True, True]"
9,"[0, 0, 1851.3384576196752, 554.2557990454623, 0, 0, 0, 1425.7062257349019, 0, 1906.1117847681867, 0, 3502.7541981732297, 1906.1117847681867, 2988.3069602640226, 1168.6115386248337, 2227.0400194731583, 1135.2228679800667, 1875.0732823255908, 1328.8784523992754]","[0, 0, 0, 1, 1, 2, 2, 2, 3, 3, 3, 3, 3, 4, 4, 4, 4, 4, 4]","[1, 1, 1, 2, 2, 3, 3, 3, 4, 4, 4, 4, 4, 5, 5, 5, 7, 8, 8]","[7, -1, -1, -1, 7, -1, -1, -1, 8, -1, 8, -1, -1, -1, -1, -1, -1, -1, -1]","[0, 4029.0, 4029.0, 1578.7747866552802, 0, 2014.5, 2014.5, 2450.22521334472, 0, 1854.0358826475144, 0, 4029.0, 4029.0, 4029.0, 2031.1943353223835, 2174.964117352486, 1997.8056646776165, 4029.0, 4029.0]","[0, (105.9056, 0.6556666666666666, 0.0064), (104.85293333333334, 0.21746666666666667, 0.18180000000000002), (251.65766666666661, 0.05273333333333334, 0.0304), 0, (0.0, 0.004666666666666667, 6.666666666666668e-05), (91.7496, 0.042133333333333335, 0.014666666666666665), (213.9092, 0.46873333333333334, 0.15180000000000002), 0, (97.689, 0.24573333333333333, 0.20893333333333336), 0, (119.5372, 0.03373333333333334, 0.02686666666666667), (97.689, 0.24573333333333333, 0.20893333333333336), (0.0, 0.0, 0.0), (77.5942, 0.00046666666666666666, 0.0014), (234.18133333333338, 0.0016666666666666668, 0.0016), (31.3258, 10.272666666666666, 10.300266666666666), (214.6078, 3.082733333333333, 0.04673333333333334), (328.5534, 0.0005333333333333334, 0.0006)]","[0, (1, 0.0, 0.00020555555555555556), (1, 3.3333333333333335e-05, 0.05011111111111111), (3, 0.0, 0.0010222222222222223), 0, (2, 0.0, 0.001261111111111111), (1, 0.0, 0.05646666666666667), (3, 3.3333333333333335e-05, 0.2765777777777778), 0, (1, 0.0, 0.05149444444444444), 0, (3, 0.0013666666666666669, 0.04000555555555556), (1, 0.0, 0.05149444444444444), (2, 0.0, 0.0), (1, 0.0, 0.001627777777777778), (3, 0.0006666666666666666, 0.02163888888888889), (3, 0.0, 4.4444444444444447e-05), (3, 0.0, 0.00015555555555555556), (3, 0.06125, 0.025472222222222222)]","[-1, 11, 12, 2, -1, 14, 14, 2, -1, 1, -1, 4, 13, 9, 15, 1, 15, 0, 7]","[False, True, True, True, False, True, True, True, False, True, False, True, True, True, True, True, True, True, True]"
10,"[0, 0, 1802.042463186016, 0, 0, 0, 0, 2036.723179621289, 0, 1908.8504511256126, 0, 2935.85027399664, 1908.8504511256126, 3008.340303014396, 1165.2726485144767, 1766.2731188925045, 1145.2395403445964, 3121.8625785998443, 1510.1460454172877, 2050.0788185255155, 2047.1528695743666, 884.1326637750533, 1763.7010974382797]","[0, 0, 0, 1, 1, 2, 2, 2, 3, 3, 3, 3, 3, 4, 4, 4, 4, 4, 4, 4, 5, 5, 5]","[1, 1, 1, 2, 2, 3, 3, 3, 4, 4, 4, 4, 4, 5, 5, 5, 7, 10, 8, 8, 10, 10, 10]","[7, 10, -1, -1, 7, 10, 10, -1, 8, -1, 8, -1, -1, -1, -1, -1, -1, -1, -1, -1, -1, -1, -1]","[0, 0, 4029.0, 1132.6494512808601, 0, 0, 0, 4029.0, 0, 2085.788666116554, 0, 4029.0, 4029.0, 4029.0, 2024.5165540849403, 1943.211333883446, 2004.48344591506, 4029.0, 4029.0, 4029.0, 4029.0, 4029.0, 2896.3505487191396]","[0, 0, (98.34026666666666, 0.21266666666666662, 0.17426666666666668), (230.6862666666667, 0.053333333333333344, 0.0358), 0, 0, 0, (212.51093333333333, 0.6914, 0.224), 0, (125.0422, 0.247, 0.19506666666666664), 0, (105.55626666666666, 0.03646666666666667, 0.024466666666666664), (125.0422, 0.247, 0.19506666666666664), (0.0, 0.0, 0.0), (69.2056, 0.00046666666666666666, 0.0013333333333333333), (242.57, 0.0003333333333333333, 0.0004), (31.238400000000002, 10.958333333333334, 10.986266666666667), (0.0, 0.0, 0.0), (434.80906666666664, 2.7484, 0.018466666666666666), (298.49406666666664, 0.0016666666666666668, 0.005466666666666667), (545.259, 0.6861333333333334, 1.4692), (128.62506666666664, 0.00046666666666666666, 0.0014), (39.146666666666654, 0.29753333333333337, 0.0019333333333333331)]","[0, 0, (1, 0.00011666666666666667, 0.04876111111111111), (3, 0.0, 0.0011277777777777777), 0, 0, 0, (3, 0.0002333333333333333, 0.49188333333333323), 0, (1, 3.3333333333333335e-05, 0.05121666666666667), 0, (3, 0.0, 0.024422222222222224), (1, 3.3333333333333335e-05, 0.05121666666666667), (2, 0.0, 0.0), (1, 0.0, 0.0005499999999999999), (3, 6.666666666666667e-05, 0.009744444444444444), (3, 0.0, 2.2222222222222223e-05), (2, 0.0, 0.0), (3, 0.0, 0.00023888888888888888), (3, 0.0008666666666666667, 0.016138888888888887), (1, 0.07585, 0.04698333333333333), (2, 0.0705, 0.025599999999999998), (1, 0.003, 0.06097777777777777)]","[-1, -1, 12, 11, -1, -1, -1, 2, -1, 1, -1, 4, 13, 9, 15, 1, 15, 6, 0, 7, 14, 5, 11]","[False, False, True, True, False, False, False, True, False, True, False, True, True, True, True, True, True, True, True, True, True, True, True]"
11,"[0, 0, 1136.5465383316057, 0, 0, 0, 0, 1769.6119429496443, 0, 1714.4051397483977, 0, 2837.2582871833197, 1714.4051397483977, 3068.4403312655163, 1178.6282089559033, 1993.317678598913, 1218.6951376844836, 3065.1014408071205, 1501.2453811024511, 1896.4898516652977, 1922.54356446984, 845.5631180399, 1385.7651479872202, 1763.7010974382797]","[0, 0, 0, 1, 1, 2, 2, 2, 3, 3, 3, 3, 3, 4, 4, 4, 4, 4, 4, 4, 5, 5, 5, 5]","[1, 1, 1, 2, 2, 3, 3, 3, 4, 4, 4, 4, 4, 5, 5, 5, 7, 10, 8, 8, 10, 10, 10, 11]","[7, 10, -1, 11, 7, 10, 10, -1, 8, -1, 8, -1, -1, -1, -1, -1, -1, -1, -1, -1, -1, -1, -1, -1]","[0, 0, 1700.922720446663, 0, 0, 0, 0, 4029.0, 0, 1875.0437305747423, 0, 4029.0, 4029.0, 4029.0, 1994.4665356357098, 2153.9562694252577, 2034.53346436429, 4029.0, 4029.0, 4029.0, 4029.0, 4029.0, 4029.0, 2328.077279553337]","[0, 0, (87.92, 0.21286666666666668, 0.18966666666666662), 0, 0, 0, 0, (190.14146666666667, 0.5508, 0.17880000000000001), 0, (93.78139999999999, 0.23493333333333336, 0.19066666666666662), 0, (111.8476, 0.035666666666666666, 0.024), (93.78139999999999, 0.23493333333333336, 0.19066666666666662), (0.0, 0.0, 0.0), (82.4876, 0.0007333333333333332, 0.002), (231.3854, 0.0005333333333333334, 0.0008), (30.75773333333333, 11.004733333333336, 11.030333333333335), (0.0, 0.0, 0.0), (348.1266, 1.8001333333333334, 0.6946), (294.3, 0.001066666666666667, 0.005466666666666667), (738.1968, 0.7232666666666667, 1.2136), (120.23626666666664, 0.0, 0.001066666666666667), (65.71033333333331, 0.2166, 0.004533333333333333), (39.146666666666654, 0.29753333333333337, 0.0019333333333333331)]","[0, 0, (1, 0.0, 0.050077777777777784), 0, 0, 0, 0, (3, 0.00013333333333333334, 0.3462888888888889), 0, (1, 0.0, 0.049894444444444436), 0, (3, 0.0, 0.028383333333333337), (1, 0.0, 0.049894444444444436), (2, 0.0, 0.0), (1, 0.0, 0.0005722222222222222), (3, 6.666666666666667e-05, 0.011649999999999999), (3, 0.0, 2.2222222222222223e-05), (2, 0.0, 0.0), (3, 0.0, 0.00039999999999999996), (3, 0.0002, 0.014294444444444445), (1, 0.0017166666666666665, 0.0023777777777777777), (2, 1.666666666666667e-05, 0.0006111111111111112), (1, 0.0002833333333333333, 0.09404444444444444), (1, 0.003, 0.06097777777777777)]","[-1, -1, 12, -1, -1, -1, -1, 2, -1, 1, -1, 4, 13, 9, 15, 1, 15, 6, 0, 7, 14, 5, 11, 12]","[False, False, True, False, False, False, False, True, False, True, False, True, True, True, True, True, True, True, True, True, True, True, True, True]"
12,"[0, 0, 0, 0, 0, 0, 0, 1292.1506073990797, 0, 1851.3384576196752, 0, 2777.0076285751793, 1851.3384576196752, 3021.6958648479776, 1165.2726485144767, 1889.8120704974624, 1191.9840113790701, 2911.512479720924, 976.1061865270877, 2227.0400194731583, 2011.5502109730733, 809.96046043822, 1569.2557901120101, 1385.7651479872202]","[0, 0, 0, 1, 1, 2, 2, 2, 3, 3, 3, 3, 3, 4, 4, 4, 4, 4, 4, 4, 5, 5, 5, 5]","[1, 1, 1, 2, 2, 3, 3, 3, 4, 4, 4, 4, 4, 5, 5, 5, 7, 10, 8, 8, 10, 10, 10, 11]","[7, 10, -1, 11, 7, 10, 10, -1, 8, -1, 8, -1, -1, -1, -1, -1, -1, -1, -1, -1, -1, -1, -1, -1]","[0, 0, 1321.61742600639, 0, 0, 0, 0, 4029.0, 0, 1995.2631935611064, 0, 4029.0, 4029.0, 4029.0, 2001.1443185677033, 2033.7368064388936, 2027.8556814322967, 4029.0, 4029.0, 4029.0, 4029.0, 4029.0, 4029.0, 2707.38257399361]","[0, 0, (83.36113333333331, 0.21606666666666663, 0.18393333333333337), 0, 0, 0, 0, (198.53, 0.4244, 0.13933333333333334), 0, (104.85293333333334, 0.21746666666666667, 0.18180000000000002), 0, (115.3428, 0.03426666666666667, 0.023266666666666665), (104.85293333333334, 0.21746666666666667, 0.18180000000000002), (0.0, 0.0, 0.0), (81.08953333333334, 0.0002666666666666667, 0.001), (253.7549333333333, 0.0006666666666666666, 0.0008), (30.932599999999997, 11.007200000000001, 11.033333333333335), (0.0, 0.0, 0.0), (230.686, 0.866, 0.3906666666666667), (234.18133333333338, 0.0016666666666666668, 0.0016), (564.8324, 0.6947333333333332, 1.3258666666666665), (72.7008, 6.666666666666668e-05, 0.0015333333333333334), (40.54486666666667, 0.21746666666666667, 0.0017333333333333335), (65.71033333333331, 0.2166, 0.004533333333333333)]","[0, 0, (1, 0.0, 0.04877777777777778), 0, 0, 0, 0, (3, 1.666666666666667e-05, 0.19247222222222224), 0, (1, 3.3333333333333335e-05, 0.05011111111111111), 0, (3, 0.0, 0.027411111111111112), (1, 3.3333333333333335e-05, 0.05011111111111111), (2, 0.0, 0.0), (1, 0.0, 0.000538888888888889), (3, 0.00018333333333333334, 0.015666666666666666), (3, 0.0, 2.2222222222222223e-05), (2, 0.0, 0.0), (3, 1.666666666666667e-05, 0.0003444444444444445), (3, 0.0006666666666666666, 0.02163888888888889), (1, 0.00225, 0.06516111111111111), (2, 0.0, 0.0005666666666666668), (1, 0.0, 0.05373333333333333), (1, 0.0002833333333333333, 0.09404444444444444)]","[-1, -1, 12, -1, -1, -1, -1, 2, -1, 1, -1, 4, 13, 9, 15, 1, 15, 6, 0, 7, 14, 5, 11, 12]","[False, False, True, False, False, False, False, True, False, True, False, True, True, True, True, True, True, True, True, True, True, True, True, True]"
13,"[0, 0, 0, 0, 0, 0, 0, 961.60045201792, 0, 1802.042463186016, 0, 3089.2155868173595, 0, 2894.8180274289466, 0, 2103.5010678682, 1198.6617929554236, 3145.2348118086134, 1465.6427238431045, 1766.2731188925045, 2940.186222823474, 1317.2983312621604, 1517.22113040498, 1569.2557901120101, 520.8668579276933]","[0, 0, 0, 1, 1, 2, 2, 2, 3, 3, 3, 3, 3, 4, 4, 4, 4, 4, 4, 4, 5, 5, 5, 5, 6]","[1, 1, 1, 2, 2, 3, 3, 3, 4, 4, 4, 4, 4, 5, 5, 5, 7, 10, 8, 8, 10, 10, 10, 11, 13]","[7, 10, 13, 11, 7, 10, 10, -1, 8, -1, 8, -1, -1, -1, -1, -1, -1, -1, -1, -1, -1, -1, -1, -1, -1]","[0, 0, 0, 0, 0, 0, 0, 4029.0, 0, 1863.770697658908, 0, 4029.0, 4029.0, 4029.0, 1415.1691035222882, 2165.229302341092, 2613.8308964777116, 4029.0, 4029.0, 4029.0, 4029.0, 4029.0, 2512.6771362386435, 4029.0, 1516.3228637613565]","[0, 0, 0, 0, 0, 0, 0, (194.33579999999998, 0.31493333333333334, 0.10186666666666666), 0, (98.34026666666666, 0.21266666666666662, 0.17426666666666668), 0, (111.1486, 0.03153333333333334, 0.0434), (98.34026666666666, 0.21266666666666662, 0.17426666666666668), (0.0, 0.0, 0.0), (78.99233333333332, 0.0004, 0.0014), (244.66713333333328, 0.0014666666666666665, 0.0012), (29.2284, 11.277066666666668, 11.304066666666667), (0.0, 0.0, 0.0), (331.3495333333333, 4.365933333333333, 0.022533333333333336), (242.57, 0.0003333333333333333, 0.0004), (1015.0211999999999, 0.7137333333333332, 1.397666666666667), (75.49706666666667, 0.0, 0.001066666666666667), (26.56353333333333, 0.21073333333333333, 0.0014), (40.54486666666667, 0.21746666666666667, 0.0017333333333333335), (0.0, 0.0046, 6.666666666666668e-05)]","[0, 0, 0, 0, 0, 0, 0, (3, 0.0, 0.12192777777777777), 0, (1, 0.00011666666666666667, 0.04876111111111111), 0, (3, 0.0009, 0.029877777777777774), (1, 0.00011666666666666667, 0.04876111111111111), (2, 0.0, 0.0), (1, 0.0, 0.0005777777777777778), (3, 0.00015, 0.019816666666666666), (3, 0.0, 2.2222222222222223e-05), (2, 0.0, 0.0), (3, 0.0, 0.00019444444444444446), (3, 6.666666666666667e-05, 0.009744444444444444), (1, 1.0436000000000003, 0.5150888888888889), (2, 1.666666666666667e-05, 0.0007), (1, 1.666666666666667e-05, 0.05187222222222222), (1, 0.0, 0.05373333333333333), (1, 0.0, 0.0008722222222222223)]","[-1, -1, -1, -1, -1, -1, -1, 2, -1, 1, -1, 4, 13, 9, 15, 1, 15, 6, 0, 7, 14, 5, 11, 12, 11]","[False, False, False, False, False, False, False, True, False, True, False, True, True, True, True, True, True, True, True, True, True, True, True, True, True]"
14,"[0, 0, 0, 0, 0, 0, 0, 1021.7004802690399, 0, 1136.5465383316057, 0, 2842.73561978406, 0, 3151.912592725404, 0, 2073.45105261294, 1178.6284482263632, 2988.3069602640226, 1851.3381774860268, 1993.317678598913, 2067.9210870917877, 1459.7089616688797, 1569.2557901120101, 1517.22113040498, 530.8835282724567, 652.7155422502, 80.13338746088]","[0, 0, 0, 1, 1, 2, 2, 2, 3, 3, 3, 3, 3, 4, 4, 4, 4, 4, 4, 4, 5, 5, 5, 5, 6, 6, 6]","[1, 1, 1, 2, 2, 3, 3, 3, 4, 4, 4, 4, 4, 5, 5, 5, 7, 10, 8, 8, 10, 10, 10, 11, 13, 14, 14]","[7, 10, 13, 11, 7, 10, 10, -1, 8, -1, 8, -1, 14, -1, 14, -1, -1, -1, -1, -1, -1, -1, -1, -1, -1, -1, -1]","[0, 0, 0, 0, 0, 0, 0, 4029.0, 0, 1546.0477428593329, 0, 4029.0, 0, 4029.0, 0, 2482.9522571406674, 4029.0, 4029.0, 4029.0, 4029.0, 2722.102772420794, 2704.287787104, 2533.6861309197766, 4029.0, 1495.3138690802234, 1306.8972275792062, 1324.712212896]","[0, 0, 0, 0, 0, 0, 0, (146.80033333333338, 0.3725333333333334, 0.1176), 0, (87.92, 0.21286666666666668, 0.18966666666666662), 0, (97.86666666666669, 0.0338, 0.023066666666666666), 0, (0.0, 0.0, 0.0), 0, (254.4540666666667, 0.0026, 0.0088), (27.96146666666667, 11.744666666666664, 11.770666666666664), (0.0, 0.0, 0.0), (478.1502, 3.8014, 0.020733333333333333), (231.3854, 0.0005333333333333334, 0.0008), (679.4766, 0.7587999999999999, 1.3356666666666668), (114.64386666666668, 0.0, 0.0011333333333333332), (40.54466666666666, 0.2174, 0.0013333333333333333), (26.56353333333333, 0.21073333333333333, 0.0014), (0.0, 0.004733333333333333, 0.00013333333333333334), (433.41086666666666, 0.0023333333333333335, 0.0030666666666666668), (75.84646666666666, 0.0, 0.0)]","[0, 0, 0, 0, 0, 0, 0, (3, 5e-05, 0.20093333333333338), 0, (1, 0.0, 0.050077777777777784), 0, (3, 0.0, 0.02947777777777778), 0, (2, 0.0, 0.0), 0, (3, 0.00011666666666666667, 0.017588888888888887), (3, 0.0, 2.2222222222222223e-05), (2, 0.0, 0.0), (3, 0.0428, 0.01527777777777778), (3, 6.666666666666667e-05, 0.011649999999999999), (1, 0.0012666666666666666, 0.0020055555555555556), (2, 0.0, 0.0006555555555555555), (1, 0.00013333333333333334, 0.05250555555555555), (1, 1.666666666666667e-05, 0.05187222222222222), (1, 0.0, 0.0008388888888888889), (1, 0.011300000000000001, 0.0010833333333333333), (2, 0.00015, 0.0002722222222222222)]","[-1, -1, -1, -1, -1, -1, -1, 2, -1, 1, -1, 4, -1, 9, -1, 1, 15, 6, 0, 7, 14, 5, 11, 12, 11, 14, 5]","[False, False, False, False, False, False, False, True, False, True, False, True, False, True, False, True, True, True, True, True, True, True, True, True, True, True, True]"
15,"[0, 0, 0, 0, 0, 0, 0, 3549.2405572744774, 0, 1426.8451722187147, 0, 2867.38361648739, 0, 2938.223603388089, 0, 2293.817831151513, 1141.90064955642, 3008.340303014396, 1646.6228982447833, 1889.8120704974624, 2038.2522049240424, 0, 1662.37044432459, 1569.2557901120101, 554.2557590769045, 634.9142092797401, 0]","[0, 0, 0, 1, 1, 2, 2, 2, 3, 3, 3, 3, 3, 4, 4, 4, 4, 4, 4, 4, 5, 5, 5, 5, 6, 6, 6]","[1, 1, 1, 2, 2, 3, 3, 3, 4, 4, 4, 4, 4, 5, 5, 5, 7, 10, 8, 8, 10, 10, 10, 11, 13, 14, 14]","[7, 10, 13, 11, 7, 10, 10, -1, 8, -1, 8, -1, 14, -1, 14, -1, -1, -1, -1, -1, -1, -1, -1, -1, -1, -1, -1]","[0, 0, 0, 0, 0, 0, 0, 4029.0, 0, 1581.0136705336008, 0, 4029.0, 0, 4029.0, 0, 2447.986329466399, 4029.0, 4029.0, 4029.0, 4029.0, 2716.168997822151, 2014.5, 2568.5573426238425, 4029.0, 1460.4426573761573, 1312.8310021778489, 2014.5]","[0, 0, 0, 0, 0, 0, 0, (290.8046, 0.5733333333333334, 0.17), 0, (83.36113333333331, 0.21606666666666663, 0.18393333333333337), 0, (98.5656, 0.03406666666666667, 0.023066666666666666), 0, (0.0, 0.0, 0.0), 0, (268.435, 0.0018666666666666666, 0.0016), (28.00533333333333, 10.849266666666667, 10.8736), (0.0, 0.0, 0.0), (450.887, 3.747866666666667, 0.0224), (253.7549333333333, 0.0006666666666666666, 0.0008), (654.3108000000001, 0.7628666666666667, 1.1362666666666668), (92.27413333333331, 6.666666666666668e-05, 0.0013333333333333333), (36.35026666666667, 0.25166666666666665, 0.0012), (40.54466666666666, 0.2174, 0.0013333333333333333), (0.0, 0.0044, 0.0), (398.45840000000004, 0.0016666666666666668, 0.0003333333333333333), (71.827, 0.0, 0.0)]","[0, 0, 0, 0, 0, 0, 0, (3, 0.0017833333333333332, 0.2834388888888889), 0, (1, 0.0, 0.04877777777777778), 0, (3, 0.0, 0.029166666666666667), 0, (2, 0.0, 0.0), 0, (3, 0.00013333333333333334, 0.023688888888888888), (3, 0.0, 1.6666666666666667e-05), (2, 0.0, 0.0), (3, 1.666666666666667e-05, 0.0003444444444444445), (3, 0.00018333333333333334, 0.015666666666666666), (1, 0.011416666666666664, 0.047094444444444446), (2, 1.666666666666667e-05, 0.003455555555555556), (1, 0.0, 0.05533333333333333), (1, 0.00013333333333333334, 0.05250555555555555), (1, 0.0, 0.0008277777777777778), (1, 0.015133333333333334, 0.0009777777777777777), (2, 0.09475, 0.017716666666666665)]","[-1, -1, -1, -1, -1, -1, -1, 2, -1, 1, -1, 4, -1, 9, -1, 1, 15, 6, 0, 7, 14, 5, 11, 12, 11, 14, 5]","[False, False, False, False, False, False, False, True, False, True, False, True, False, True, False, True, True, True, True, True, True, True, True, True, True, True, True]"
16,"[0, 0, 0, 0, 0, 0, 0, 2160.2621265819243, 0, 2127.9437597196566, 0, 3604.08485128692, 0, 2958.2569461384624, 0, 2203.667785385733, 1148.5784311327734, 3068.4403312655163, 922.7022006380679, 2103.5010678682, 2070.887975308562, 0, 1654.15444542348, 1662.37044432459, 520.8668579276933, 655.6824310786097, 0, 1235.3895160495777, 1108.5118598755066]","[0, 0, 0, 1, 1, 2, 2, 2, 3, 3, 3, 3, 3, 4, 4, 4, 4, 4, 4, 4, 5, 5, 5, 5, 6, 6, 6, 6, 6]","[1, 1, 1, 2, 2, 3, 3, 3, 4, 4, 4, 4, 4, 5, 5, 5, 7, 10, 8, 8, 10, 10, 10, 11, 13, 14, 14, 16, 16]","[7, 10, 13, 11, 7, 10, 10, -1, 8, -1, 8, -1, 14, -1, 14, -1, -1, -1, -1, -1, -1, 16, -1, -1, -1, -1, 16, -1, -1]","[0, 0, 0, 0, 0, 0, 0, 4029.0, 0, 1976.6379871669615, 0, 4029.0, 0, 4029.0, 0, 2052.362012833038, 4029.0, 4029.0, 4029.0, 4029.0, 2093.234667829646, 0, 2581.143793747893, 4029.0, 1447.8562062521069, 678.0291235996933, 0, 1257.7362085706611, 4029.0]","[0, 0, 0, 0, 0, 0, 0, (278.22166666666675, 0.49906666666666666, 0.15853333333333333), 0, (90.52506666666666, 0.3320666666666667, 0.2432666666666667), 0, (159.383, 0.27046666666666663, 0.022466666666666666), 0, (0.0, 0.0, 0.0), 0, (269.134, 0.0016666666666666668, 0.0014666666666666665), (29.18493333333334, 11.238933333333332, 11.264533333333333), (0.0, 0.0, 0.0), (434.1098, 1.2283333333333333, 0.020466666666666664), (244.66713333333328, 0.0014666666666666665, 0.0012), (506.11220000000003, 0.7000666666666667, 1.4158), 0, (36.35046666666667, 0.2538666666666667, 0.0013333333333333333), (36.35026666666667, 0.25166666666666665, 0.0012), (0.0, 0.0046, 0.00013333333333333334), (349.5247333333333, 0.0023333333333333335, 0.003), 0, (267.736, 0.28726666666666667, 0.0504), (67.1088, 0.0, 0.001)]","[0, 0, 0, 0, 0, 0, 0, (3, 0.04115, 0.5988777777777777), 0, (1, 0.0002333333333333333, 0.0568888888888889), 0, (3, 0.0013666666666666669, 0.02918888888888889), 0, (2, 0.0, 0.0), 0, (3, 0.00031666666666666665, 0.026144444444444446), (3, 0.0, 4.4444444444444447e-05), (2, 0.0, 0.0), (3, 0.0, 0.0004555555555555556), (3, 0.00015, 0.019816666666666666), (1, 0.0675, 0.04805), 0, (1, 0.0, 0.0559388888888889), (1, 0.0, 0.05533333333333333), (1, 0.0, 0.0008111111111111112), (1, 0.01145, 0.0009944444444444447), 0, (1, 0.0, 0.0011611111111111112), (3, 0.0, 0.0)]","[-1, -1, -1, -1, -1, -1, -1, 2, -1, 1, -1, 4, -1, 9, -1, 1, 15, 6, 0, 7, 14, -1, 11, 12, 11, 14, -1, 14, 5]","[False, False, False, False, False, False, False, True, False, True, False, True, False, True, False, True, True, True, True, True, True, False, True, True, True, True, False, True, True]"
17,"[0, 0, 0, 0, 0, 0, 0, 3262.0959778524575, 0, 2445.6290571810214, 0, 4107.999450555, 0, 3018.356974389583, 0, 2664.4346859663865, 0, 3021.6958648479776, 0, 2073.45105261294, 1964.079999504682, 0, 1678.80244212681, 0, 510.85018758292983, 640.84798693656, 0, 1235.3895160495777, 1115.189642163913]","[0, 0, 0, 1, 1, 2, 2, 2, 3, 3, 3, 3, 3, 4, 4, 4, 4, 4, 4, 4, 5, 5, 5, 5, 6, 6, 6, 6, 6]","[1, 1, 1, 2, 2, 3, 3, 3, 4, 4, 4, 4, 4, 5, 5, 5, 7, 10, 8, 8, 10, 10, 10, 11, 13, 14, 14, 16, 16]","[7, 10, 13, 11, 7, 10, 10, -1, 8, -1, 8, -1, 14, -1, 14, -1, -1, -1, -1, -1, -1, 16, -1, -1, -1, -1, 16, -1, -1]","[0, 0, 0, 0, 0, 0, 0, 4029.0, 0, 1905.0971856073174, 0, 4029.0, 0, 4029.0, 0, 2123.9028143926826, 4029.0, 4029.0, 4029.0, 4029.0, 2026.9741653410756, 0, 2598.47612727194, 4029.0, 1430.5238727280598, 703.7421527729534, 0, 1298.2836818859712, 4029.0]","[0, 0, 0, 0, 0, 0, 0, (392.8656, 0.7547333333333333, 0.24346666666666666), 0, (126.996, 0.5407333333333333, 0.289), 0, (234.88039999999998, 0.2981333333333333, 0.018066666666666665), 0, (0.0, 0.0, 0.0), 0, (369.09826666666675, 0.0032, 0.0020666666666666667), (29.79646666666667, 11.306333333333336, 11.331333333333335), (0.0, 0.0, 0.0), (243.2694, 1.3356666666666668, 0.18259999999999998), (254.4540666666667, 0.0026, 0.0088), (713.031, 0.7426, 1.2830666666666666), 0, (71.3028, 0.24086666666666667, 0.0012), (36.35046666666667, 0.2538666666666667, 0.0013333333333333333), (0.0, 0.004533333333333333, 0.0), (475.3542666666667, 0.0017333333333333335, 0.0003333333333333333), 0, (279.6198, 0.2951333333333333, 0.05206666666666667), (47.5354, 0.0, 0.001)]","[0, 0, 0, 0, 0, 0, 0, (3, 0.00026666666666666673, 1.4022944444444445), 0, (1, 0.0001, 0.059855555555555565), 0, (3, 8.333333333333333e-05, 0.02883888888888889), 0, (2, 0.0, 0.0), 0, (3, 0.2675166666666666, 0.1220111111111111), (3, 0.0, 1.6666666666666667e-05), (2, 0.0, 0.0), (3, 0.0, 0.0004166666666666667), (3, 0.00011666666666666667, 0.017588888888888887), (1, 0.0019333333333333331, 0.002327777777777778), 0, (1, 0.0, 0.05382777777777778), (1, 0.0, 0.0559388888888889), (1, 0.0, 0.0008055555555555557), (1, 0.015333333333333336, 0.0008833333333333333), 0, (1, 0.0, 0.0009000000000000001), (3, 0.0, 0.0)]","[-1, -1, -1, -1, -1, -1, -1, 2, -1, 1, -1, 4, -1, 9, -1, 1, 15, 6, 0, 7, 14, -1, 11, 12, 11, 14, -1, 14, 5]","[False, False, False, False, False, False, False, True, False, True, False, True, False, True, False, True, True, True, True, True, True, False, True, True, True, True, False, True, True]"
18,"[0, 0, 0, 0, 0, 0, 0, 3983.2963168658976, 0, 2166.2850887236145, 0, 3519.18619597545, 0, 3148.573702267009, 0, 2310.5122840711024, 0, 2894.8180274289466, 0, 2293.817831151513, 2079.788639958885, 0, 1615.8131172183, 0, 520.8668579276933, 652.7155422502, 0, 1128.5450173642087, 1115.189642163913, 884.1326637750533, 3121.8625785998443, 2180.662757134983]","[0, 0, 0, 1, 1, 2, 2, 2, 3, 3, 3, 3, 3, 4, 4, 4, 4, 4, 4, 4, 5, 5, 5, 5, 6, 6, 6, 6, 6, 7, 7, 7]","[1, 1, 1, 2, 2, 3, 3, 3, 4, 4, 4, 4, 4, 5, 5, 5, 7, 10, 8, 8, 10, 10, 10, 11, 13, 14, 14, 16, 16, 18, 18, 18]","[7, 10, 13, 11, 7, 10, 10, -1, 8, -1, 8, -1, 14, -1, 14, -1, 18, -1, 18, -1, -1, 16, -1, 18, -1, -1, 16, -1, -1, -1, -1, -1]","[0, 0, 0, 0, 0, 0, 0, 4029.0, 0, 1942.3864023262558, 0, 4029.0, 0, 4029.0, 0, 2086.6135976737437, 0, 4029.0, 0, 4029.0, 2135.7722401011206, 0, 2561.9731296453033, 0, 1467.0268703546967, 708.6991423924354, 0, 1184.528617506444, 4029.0, 4029.0, 4029.0, 4029.0]","[0, 0, 0, 0, 0, 0, 0, (432.01279999999997, 0.8446, 0.2776), 0, (113.97066666666669, 0.33546666666666664, 0.21846666666666667), 0, (221.59853333333334, 0.0404, 0.026733333333333335), 0, (0.0, 0.0, 0.0), 0, (364.904, 0.0027333333333333333, 0.0014666666666666665), 0, (0.0, 0.0, 0.0), 0, (268.435, 0.0018666666666666666, 0.0016), (458.5768, 0.723, 1.306), 0, (46.137, 0.22346666666666667, 0.0013333333333333333), 0, (0.0, 0.0046, 0.00013333333333333334), (552.2496, 0.0023333333333333335, 0.0028666666666666667), 0, (271.93059999999997, 0.26839999999999997, 0.0528), (72.7012, 0.0, 0.001), (128.62506666666664, 0.00046666666666666666, 0.0014), (0.0, 0.0, 0.0), (473.9556, 4.806, 0.02386666666666667)]","[0, 0, 0, 0, 0, 0, 0, (3, 0.0, 1.846088888888889), 0, (1, 0.0, 0.05419444444444445), 0, (3, 0.0, 0.02946666666666667), 0, (2, 0.0, 0.0), 0, (3, 0.0012833333333333332, 0.025400000000000002), 0, (2, 0.0, 0.0), 0, (3, 0.00013333333333333334, 0.023688888888888888), (1, 0.059366666666666665, 0.06801666666666667), 0, (1, 5e-05, 0.05402777777777778), 0, (1, 0.0, 0.0008166666666666667), (1, 0.0116, 0.001061111111111111), 0, (1, 0.0, 0.00115), (3, 0.0, 0.0), (2, 0.0705, 0.025599999999999998), (2, 0.0, 0.0), (1, 0.0, 0.005094444444444444)]","[-1, -1, -1, -1, -1, -1, -1, 2, -1, 1, -1, 4, -1, 9, -1, 1, -1, 6, -1, 7, 14, -1, 11, -1, 11, 14, -1, 14, 5, 3, 12, 0]","[False, False, False, False, False, False, False, True, False, True, False, True, False, True, False, True, False, True, False, True, True, False, True, False, True, True, False, True, True, True, True, True]"
19,"[0, 0, 0, 0, 0, 0, 0, 0, 0, 2018.3971054226345, 0, 0, 0, 3425.7016103138403, 0, 2560.9290778649356, 0, 3151.912592725404, 0, 2203.667785385733, 2871.947793837662, 0, 1536.3917945075702, 0, 510.85018758292983, 623.0466539661, 0, 1135.2227985320444, 1105.1729687313032, 845.5631180399, 3065.1014408071205, 1462.6758357381586]","[0, 0, 0, 1, 1, 2, 2, 2, 3, 3, 3, 3, 3, 4, 4, 4, 4, 4, 4, 4, 5, 5, 5, 5, 6, 6, 6, 6, 6, 7, 7, 7]","[1, 1, 1, 2, 2, 3, 3, 3, 4, 4, 4, 4, 4, 5, 5, 5, 7, 10, 8, 8, 10, 10, 10, 11, 13, 14, 14, 16, 16, 18, 18, 18]","[7, 10, 13, 11, 7, 10, 10, -1, 8, -1, 8, -1, 14, -1, 14, -1, 18, -1, 18, -1, -1, 16, -1, 18, -1, -1, 16, -1, -1, -1, -1, -1]","[0, 0, 0, 0, 0, 0, 0, 4029.0, 0, 1743.2340137788492, 0, 4029.0, 0, 4029.0, 0, 2285.7659862211503, 0, 4029.0, 0, 4029.0, 2671.54204505906, 0, 2527.27080346232, 0, 1501.7291965376799, 422.6409051874979, 0, 934.8170497534422, 4029.0, 4029.0, 4029.0, 4029.0]","[0, 0, 0, 0, 0, 0, 0, (339.7382, 0.8196, 0.2693333333333333), 0, (114.62193333333336, 0.28486666666666666, 0.20433333333333337), 0, (117.44013333333332, 0.04193333333333333, 0.027666666666666673), 0, (0.0, 0.0, 0.0), 0, (271.9302, 0.0026666666666666666, 0.0020666666666666667), 0, (0.0, 0.0, 0.0), 0, (269.134, 0.0016666666666666668, 0.0014666666666666665), (824.879, 0.7441333333333333, 1.3625333333333334), 0, (58.719800000000006, 0.21913333333333332, 0.0012), 0, (0.0, 0.0046, 0.0), (503.316, 0.0016666666666666668, 0.0003333333333333333), 0, (277.5227333333333, 0.25306666666666666, 0.0498), (33.5544, 0.0, 0.001), (120.23626666666664, 0.0, 0.001066666666666667), (0.0, 0.0, 0.0), (384.4776, 1.923, 0.024933333333333335)]","[0, 0, 0, 0, 0, 0, 0, (3, 3.3333333333333335e-05, 1.7759777777777779), 0, (1, 3.3333333333333335e-05, 0.05196111111111111), 0, (3, 0.0027166666666666667, 0.027800000000000002), 0, (2, 0.0, 0.0), 0, (3, 0.005633333333333334, 0.03143333333333334), 0, (2, 0.0, 0.0), 0, (3, 0.00031666666666666665, 0.026144444444444446), (1, 1.0255833333333333, 0.54465), 0, (1, 1.666666666666667e-05, 0.053094444444444444), 0, (1, 0.0, 0.0008222222222222222), (1, 0.015533333333333333, 0.0008555555555555556), 0, (1, 0.0, 0.001172222222222222), (3, 0.0, 0.0), (2, 1.666666666666667e-05, 0.0006111111111111112), (2, 0.0, 0.0), (1, 0.0, 0.005011111111111111)]","[-1, -1, -1, -1, -1, -1, -1, 2, -1, 1, -1, 4, -1, 9, -1, 1, -1, 6, -1, 7, 14, -1, 11, -1, 11, 14, -1, 14, 5, 3, 12, 0]","[False, False, False, False, False, False, False, True, False, True, False, True, False, True, False, True, False, True, False, True, True, False, True, False, True, True, False, True, True, True, True, True]"
20,"[0, 0, 0, 0, 0, 0, 0, 0, 0, 1966.362444631549, 0, 0, 0, 3442.3960626058183, 0, 2520.8623908579216, 0, 2938.223603388089, 0, 2664.4346859663865, 1993.7488816724258, 0, 1618.55178351867, 0, 524.2057480426145, 661.6162087354301, 0, 1208.6783913782356, 1111.8507510197098, 809.96046043822, 2911.512479720924, 2530.7555535185593, 2327.8664038117226, 454.0891471920266]","[0, 0, 0, 1, 1, 2, 2, 2, 3, 3, 3, 3, 3, 4, 4, 4, 4, 4, 4, 4, 5, 5, 5, 5, 6, 6, 6, 6, 6, 7, 7, 7, 7, 7]","[1, 1, 1, 2, 2, 3, 3, 3, 4, 4, 4, 4, 4, 5, 5, 5, 7, 10, 8, 8, 10, 10, 10, 11, 13, 14, 14, 16, 16, 18, 18, 18, 20, 20]","[7, 10, 13, 11, 7, 10, 10, 20, 8, -1, 8, 20, 14, -1, 14, -1, 18, -1, 18, -1, -1, 16, -1, 18, -1, -1, 16, -1, -1, -1, -1, -1, -1, -1]","[0, 0, 0, 0, 0, 0, 0, 0, 0, 1737.2500268868134, 0, 0, 0, 4029.0, 0, 2291.749973113186, 0, 3256.567228098031, 0, 4029.0, 2048.734387743729, 0, 2561.6730177380277, 0, 1467.3269822619723, 716.601714806733, 0, 1263.6638974495384, 4029.0, 4029.0, 4029.0, 4029.0, 4029.0, 772.4327719019686]","[0, 0, 0, 0, 0, 0, 0, 0, 0, (98.99153333333334, 0.26739999999999997, 0.19593333333333338), 0, 0, 0, (0.0, 0.0, 0.0), 0, (274.72646666666674, 0.0041333333333333335, 0.009866666666666668), 0, (0.0, 0.0, 0.0), 0, (369.09826666666675, 0.0032, 0.0020666666666666667), (721.4196, 0.7326, 1.4462000000000002), 0, (46.1372, 0.21906666666666663, 0.0013333333333333333), 0, (22.3696, 0.004666666666666667, 0.0002), (426.4208, 0.0021333333333333334, 0.002933333333333333), 0, (304.0866, 0.2961333333333333, 0.05726666666666666), (39.146800000000006, 0.0, 0.001), (72.7008, 6.666666666666668e-05, 0.0015333333333333334), (0.0, 0.0, 0.0), (419.43, 3.8347333333333333, 0.0464), (335.544, 0.016466666666666664, 0.009866666666666668), (29.621666666666673, 4.1293999999999995, 4.1416)]","[0, 0, 0, 0, 0, 0, 0, 0, 0, (1, 0.0, 0.051827777777777785), 0, 0, 0, (2, 0.0, 0.0), 0, (3, 0.0009833333333333335, 0.03336666666666666), 0, (2, 0.0, 0.0), 0, (3, 0.2675166666666666, 0.1220111111111111), (1, 0.0, 0.0003444444444444444), 0, (1, 0.0, 0.05315555555555555), 0, (1, 0.0, 0.0008666666666666667), (1, 0.01175, 0.0009611111111111112), 0, (1, 0.0, 0.0010444444444444444), (3, 0.0, 0.0), (2, 0.0, 0.0005666666666666668), (2, 0.0, 0.0), (1, 0.00031666666666666665, 0.004988888888888889), (3, 0.0, 0.015905555555555555), (3, 0.0, 1.6666666666666667e-05)]","[-1, -1, -1, -1, -1, -1, -1, -1, -1, 1, -1, -1, -1, 9, -1, 1, -1, 6, -1, 7, 14, -1, 11, -1, 11, 14, -1, 14, 5, 3, 12, 0, 2, 6]","[False, False, False, False, False, False, False, False, False, True, False, False, False, True, False, True, False, True, False, True, True, False, True, False, True, True, False, True, True, True, True, True, True, True]"
21,"[0, 0, 0, 0, 0, 0, 0, 0, 0, 1996.48777456323, 0, 0, 0, 3475.784967189774, 0, 2607.673546039784, 0, 2958.2569461384624, 0, 0, 2118.3581867769535, 0, 1607.5971183171898, 0, 0, 634.9142092797401, 0, 1225.3728442978247, 1252.08417907625, 1317.2983312621604, 3145.2348118086134, 1379.6029687996834, 2503.141050686958, 1315.5229705416066]","[0, 0, 0, 1, 1, 2, 2, 2, 3, 3, 3, 3, 3, 4, 4, 4, 4, 4, 4, 4, 5, 5, 5, 5, 6, 6, 6, 6, 6, 7, 7, 7, 7, 7]","[1, 1, 1, 2, 2, 3, 3, 3, 4, 4, 4, 4, 4, 5, 5, 5, 7, 10, 8, 8, 10, 10, 10, 11, 13, 14, 14, 16, 16, 18, 18, 18, 20, 20]","[7, 10, 13, 11, 7, 10, 10, 20, 8, -1, 8, 20, 14, -1, 14, -1, 18, -1, 18, -1, -1, 16, -1, 18, -1, -1, 16, -1, -1, -1, -1, -1, -1, -1]","[0, 0, 0, 0, 0, 0, 0, 0, 0, 1708.9071142617229, 0, 0, 0, 4029.0, 0, 2320.092885738277, 0, 2835.866987798428, 0, 4029.0, 2135.1431066587807, 0, 2818.298559158595, 0, 1210.7014408414052, 651.6991291615674, 0, 1242.157764179652, 4029.0, 4029.0, 4029.0, 4029.0, 4029.0, 1193.1330122015722]","[0, 0, 0, 0, 0, 0, 0, 0, 0, (100.29406666666667, 0.28213333333333335, 0.20133333333333336), 0, 0, 0, (0.0, 0.0, 0.0), 0, (269.13426666666675, 0.0028, 0.002466666666666667), 0, (0.0, 0.0, 0.0), 0, (364.904, 0.0027333333333333333, 0.0014666666666666665), (626.3488000000001, 0.7791333333333333, 1.1652666666666667), 0, (32.15606666666666, 0.22213333333333332, 0.0012666666666666666), 0, (78.29360000000001, 0.004533333333333333, 6.666666666666668e-05), (398.45840000000004, 0.0017333333333333335, 0.0004), 0, (292.20259999999996, 0.28073333333333333, 0.056799999999999996), (173.3644, 6.666666666666668e-05, 0.0016), (75.49706666666667, 0.0, 0.001066666666666667), (0.0, 0.0, 0.0), (442.49846666666673, 3.044, 0.055333333333333345), (427.8186, 0.011466666666666667, 0.006066666666666666), (29.53446666666667, 12.107333333333337, 12.139266666666664)]","[0, 0, 0, 0, 0, 0, 0, 0, 0, (1, 1.666666666666667e-05, 0.05187777777777777), 0, 0, 0, (2, 0.0, 0.0), 0, (3, 0.0003333333333333333, 0.03149444444444444), 0, (2, 0.0, 0.0), 0, (3, 0.0012833333333333332, 0.025400000000000002), (1, 0.0019833333333333335, 0.0026333333333333334), 0, (1, 0.0, 0.05301111111111111), 0, (1, 0.0, 0.000861111111111111), (1, 0.015733333333333332, 0.001), 0, (1, 0.0, 0.001027777777777778), (3, 0.03166666666666667, 0.0017722222222222221), (2, 1.666666666666667e-05, 0.0007), (2, 0.0, 0.0), (1, 0.0, 0.004972222222222222), (3, 1.666666666666667e-05, 0.017866666666666666), (3, 0.0, 1.6666666666666667e-05)]","[-1, -1, -1, -1, -1, -1, -1, -1, -1, 1, -1, -1, -1, 9, -1, 1, -1, 6, -1, 7, 14, -1, 11, -1, 11, 14, -1, 14, 5, 3, 12, 0, 2, 6]","[False, False, False, False, False, False, False, False, False, True, False, False, False, True, False, True, False, True, False, True, True, False, True, False, True, True, False, True, True, True, True, True, True, True]"
22,"[0, 0, 0, 0, 0, 0, 0, 0, 0, 2029.3517708523368, 0, 0, 0, 3732.8795324862313, 0, 2350.5789710781155, 0, 3018.356974389583, 0, 0, 2145.060180727923, 0, 1917.0664102590001, 0, 0, 655.6824310786097, 0, 1228.7117348817424, 0, 1459.7089616688797, 2988.3069602640226, 1530.9142621519063, 2497.663717972107, 1135.2228679800667, 454.0891471920266, 1646.6233023008167]","[0, 0, 0, 1, 1, 2, 2, 2, 3, 3, 3, 3, 3, 4, 4, 4, 4, 4, 4, 4, 5, 5, 5, 5, 6, 6, 6, 6, 6, 7, 7, 7, 7, 7, 8, 8]","[1, 1, 1, 2, 2, 3, 3, 3, 4, 4, 4, 4, 4, 5, 5, 5, 7, 10, 8, 8, 10, 10, 10, 11, 13, 14, 14, 16, 16, 18, 18, 18, 20, 20, 22, 22]","[7, 10, 13, 11, 7, 10, 10, 20, 8, -1, 8, 20, 14, -1, 14, -1, 18, -1, 18, 22, -1, 16, -1, 18, 22, -1, 16, -1, -1, -1, -1, -1, -1, -1, -1, -1]","[0, 0, 0, 0, 0, 0, 0, 0, 0, 1853.8863998871107, 0, 0, 0, 4029.0, 0, 2175.1136001128893, 0, 2956.067053204758, 0, 0, 2144.9087318318316, 0, 4029.0, 0, 0, 655.5309821825181, 0, 1228.5602859856506, 4029.0, 4029.0, 3281.608906535998, 4029.0, 4029.0, 1072.9329467952418, 747.3910934640019, 4029.0]","[0, 0, 0, 0, 0, 0, 0, 0, 0, (104.20166666666668, 0.267, 0.19686666666666666), 0, 0, 0, (0.0, 0.0, 0.0), 0, (272.62946666666676, 0.0018666666666666666, 0.0016), 0, (0.0, 0.0, 0.0), 0, 0, (542.4628, 0.7475333333333333, 1.4531333333333334), 0, (58.719800000000006, 0.34153333333333336, 0.0017333333333333335), 0, 0, (391.4678666666666, 0.0023333333333333335, 0.003), 0, (276.8236, 0.27726666666666666, 0.054666666666666655), (156.58720000000002, 6.666666666666668e-05, 0.001066666666666667), (114.64386666666668, 0.0, 0.0011333333333333332), (0.0, 0.0, 0.0), (440.4012, 3.206266666666667, 0.1867333333333333), (419.43, 0.0086, 0.004933333333333334), (31.3258, 10.272666666666666, 10.300266666666666), (29.621666666666673, 4.1293999999999995, 4.1416), (125.829, 0.9397333333333332, 0.7602666666666668)]","[0, 0, 0, 0, 0, 0, 0, 0, 0, (1, 3.3333333333333335e-05, 0.05137777777777777), 0, 0, 0, (2, 0.0, 0.0), 0, (3, 0.0004166666666666666, 0.026177777777777776), 0, (2, 0.0, 0.0), 0, 0, (1, 0.07328333333333333, 0.0468111111111111), 0, (1, 0.00016666666666666666, 0.06364444444444443), 0, 0, (1, 0.011933333333333336, 0.001027777777777778), 0, (1, 0.0, 0.0013833333333333334), (3, 0.0, 0.0002833333333333333), (2, 0.0, 0.0006555555555555555), (2, 0.0, 0.0), (1, 1.666666666666667e-05, 0.0052), (3, 0.0, 0.021744444444444445), (3, 0.0, 4.4444444444444447e-05), (3, 0.0, 1.6666666666666667e-05), (2, 0.0, 0.009888888888888888)]","[-1, -1, -1, -1, -1, -1, -1, -1, -1, 1, -1, -1, -1, 9, -1, 1, -1, 6, -1, -1, 14, -1, 11, -1, -1, 14, -1, 14, 5, 3, 12, 0, 2, 6, 12, 7]","[False, False, False, False, False, False, False, False, False, True, False, False, False, True, False, True, False, True, False, False, True, False, True, False, False, True, False, True, True, True, True, True, True, True, True, True]"
23,"[0, 0, 0, 0, 0, 0, 0, 0, 0, 1991.0104418483793, 0, 0, 0, 3782.9628893621643, 0, 2417.356782756471, 0, 3148.573702267009, 0, 0, 2245.9343800982538, 0, 2037.56772747528, 0, 0, 626.01354279451, 0, 1318.8617806475224, 0, 0, 3008.340303014396, 1483.4440524727775, 2664.722365775066, 1145.2395403445964, 1315.5229705416066, 1622.8881916370212, 599.3113997345512]","[0, 0, 0, 1, 1, 2, 2, 2, 3, 3, 3, 3, 3, 4, 4, 4, 4, 4, 4, 4, 5, 5, 5, 5, 6, 6, 6, 6, 6, 7, 7, 7, 7, 7, 8, 8, 8]","[1, 1, 1, 2, 2, 3, 3, 3, 4, 4, 4, 4, 4, 5, 5, 5, 7, 10, 8, 8, 10, 10, 10, 11, 13, 14, 14, 16, 16, 18, 18, 18, 20, 20, 22, 22, 23]","[7, 10, 13, 11, 7, 10, 10, 20, 8, -1, 8, 20, 14, -1, 14, -1, 18, -1, 18, 22, -1, 16, -1, 18, 22, -1, 16, -1, 23, -1, -1, -1, -1, -1, -1, -1, -1]","[0, 0, 0, 0, 0, 0, 0, 0, 0, 1801.3268295459543, 0, 0, 0, 4029.0, 0, 2227.673170454046, 0, 3016.1670809612065, 0, 0, 2191.9978122514917, 0, 4029.0, 0, 0, 572.076974947748, 0, 1264.9252128007604, 0, 4029.0, 2860.9086662363948, 4029.0, 4029.0, 1012.8329190387938, 1168.0913337636055, 4029.0, 4029.0]","[0, 0, 0, 0, 0, 0, 0, 0, 0, (76.1972, 0.28906666666666664, 0.20346666666666666), 0, 0, 0, (0.0, 0.0, 0.0), 0, (289.4064, 0.0022, 0.0018666666666666666), 0, (0.0, 0.0, 0.0), 0, 0, (710.2348000000001, 0.9372, 1.3942), 0, (29.3598, 0.5571333333333334, 0.0044), 0, 0, (440.4016, 0.0017333333333333335, 0.0003333333333333333), 0, (332.04866666666675, 0.30326666666666663, 0.05866666666666666), 0, (92.27413333333331, 6.666666666666668e-05, 0.0013333333333333333), (0.0, 0.0, 0.0), (478.84913333333344, 2.3301999999999996, 0.8102), (455.7806, 0.011333333333333336, 0.005066666666666666), (31.238400000000002, 10.958333333333334, 10.986266666666667), (29.53446666666667, 12.107333333333337, 12.139266666666664), (139.81, 0.972, 0.7780666666666667), (0.0, 0.004733333333333333, 0.00013333333333333334)]","[0, 0, 0, 0, 0, 0, 0, 0, 0, (1, 0.00013333333333333334, 0.05233888888888889), 0, 0, 0, (2, 0.0, 0.0), 0, (3, 0.19908333333333336, 0.026938888888888887), 0, (2, 0.0, 0.0), 0, 0, (1, 0.003016666666666666, 0.05234444444444444), 0, (1, 0.00015, 0.1132611111111111), 0, 0, (1, 0.016149999999999998, 0.0009166666666666666), 0, (1, 0.0, 0.0009222222222222221), 0, (2, 1.666666666666667e-05, 0.003455555555555556), (2, 0.0, 0.0), (1, 0.0, 0.004461111111111111), (3, 0.0, 0.016805555555555553), (3, 0.0, 2.2222222222222223e-05), (3, 0.0, 1.6666666666666667e-05), (2, 0.0, 0.011461111111111111), (3, 0.0, 0.0014222222222222223)]","[-1, -1, -1, -1, -1, -1, -1, -1, -1, 1, -1, -1, -1, 9, -1, 1, -1, 6, -1, -1, 14, -1, 11, -1, -1, 14, -1, 14, -1, 3, 12, 0, 2, 6, 12, 7, 5]","[False, False, False, False, False, False, False, False, False, True, False, False, False, True, False, True, False, True, False, False, True, False, True, False, False, True, False, True, False, True, True, True, True, True, True, True, True]"
24,"[0, 0, 0, 0, 0, 0, 0, 0, 0, 1865.0317894068035, 0, 0, 0, 0, 0, 0, 0, 3425.7016103138403, 0, 0, 3233.9081562841443, 0, 0, 0, 0, 649.7486534217899, 0, 1228.7117348817424, 0, 0, 3068.4403312655163, 949.4041935825778, 2478.4930534701275, 1218.6951376844836, 1135.2228679800667, 1578.3848591424044, 620.0796165570354, 450.7502254398]","[0, 0, 0, 1, 1, 2, 2, 2, 3, 3, 3, 3, 3, 4, 4, 4, 4, 4, 4, 4, 5, 5, 5, 5, 6, 6, 6, 6, 6, 7, 7, 7, 7, 7, 8, 8, 8, 9]","[1, 1, 1, 2, 2, 3, 3, 3, 4, 4, 4, 4, 4, 5, 5, 5, 7, 10, 8, 8, 10, 10, 10, 11, 13, 14, 14, 16, 16, 18, 18, 18, 20, 20, 22, 22, 23, 24]","[7, 10, 13, 11, 7, 10, 10, 20, 8, -1, 8, 20, 14, -1, 14, -1, 18, -1, 18, 22, -1, 16, -1, 18, 22, -1, 16, -1, 23, 24, -1, -1, -1, -1, -1, -1, -1, -1]","[0, 0, 0, 0, 0, 0, 0, 0, 0, 2947.0158947034015, 0, 0, 0, 4029.0, 0, 1081.9841052965983, 0, 3118.0032363146784, 0, 0, 2872.7853080882523, 0, 4029.0, 0, 0, 288.62580522589775, 0, 867.5888866858502, 0, 0, 2981.1087316427247, 4029.0, 4029.0, 910.9967636853216, 1047.891268357275, 4029.0, 4029.0, 4029.0]","[0, 0, 0, 0, 0, 0, 0, 0, 0, (85.9662, 0.27253333333333335, 0.19946666666666668), 0, 0, 0, (0.0, 0.0, 0.0), 0, (292.9018, 0.0003333333333333333, 0.0004), 0, (0.0, 0.0, 0.0), 0, 0, (478.1502, 1.5555999999999999, 1.8252000000000002), 0, (50.3314, 0.34666666666666673, 0.0016666666666666668), 0, 0, (580.2119333333335, 0.0024, 0.003), 0, (318.06759999999997, 0.2734, 0.057466666666666666), 0, 0, (0.0, 0.0, 0.0), (333.44686666666666, 0.9099333333333333, 0.8626), (332.7478, 0.012333333333333335, 0.0056), (30.75773333333333, 11.004733333333336, 11.030333333333335), (31.3258, 10.272666666666666, 10.300266666666666), (184.5492, 0.9548666666666666, 0.7652666666666668), (0.0, 0.004666666666666667, 6.666666666666668e-05), (184.549, 0.0, 0.0)]","[0, 0, 0, 0, 0, 0, 0, 0, 0, (1, 0.0, 0.052361111111111115), 0, 0, 0, (2, 0.0, 0.0), 0, (3, 0.04091666666666667, 0.011177777777777778), 0, (2, 0.0, 0.0), 0, 0, (1, 0.0011333333333333332, 0.0015055555555555556), 0, (1, 0.002466666666666667, 0.06152777777777777), 0, 0, (1, 0.012150000000000001, 0.00095), 0, (1, 0.0, 0.0007888888888888889), 0, 0, (2, 0.0, 0.0), (1, 0.0, 0.004088888888888889), (3, 0.0, 0.021144444444444445), (3, 0.0, 2.2222222222222223e-05), (3, 0.0, 4.4444444444444447e-05), (2, 1.666666666666667e-05, 0.010605555555555557), (3, 0.0, 0.001661111111111111), (1, 0.0, 0.00029444444444444445)]","[-1, -1, -1, -1, -1, -1, -1, -1, -1, 1, -1, -1, -1, 9, -1, 1, -1, 6, -1, -1, 14, -1, 11, -1, -1, 14, -1, 14, -1, -1, 12, 0, 2, 6, 12, 7, 5, 15]","[False, False, False, False, False, False, False, False, False, True, False, False, False, True, False, True, False, True, False, False, True, False, True, False, False, True, False, True, False, False, True, True, True, True, True, True, True, True]"
25,"[0, 0, 0, 0, 0, 0, 0, 0, 0, 0, 0, 0, 0, 0, 0, 0, 0, 3442.3960626058183, 0, 0, 4138.80906240035, 0, 0, 0, 0, 0, 0, 1175.2894855390578, 0, 0, 3021.6958648479776, 0, 2629.1197031285333, 1191.9840113790701, 1145.2395403445964, 1622.8881916370212, 578.5431829120669, 570.9502855570801, 685.3513090824399]","[0, 0, 0, 1, 1, 2, 2, 2, 3, 3, 3, 3, 3, 4, 4, 4, 4, 4, 4, 4, 5, 5, 5, 5, 6, 6, 6, 6, 6, 7, 7, 7, 7, 7, 8, 8, 8, 9, 9]","[1, 1, 1, 2, 2, 3, 3, 3, 4, 4, 4, 4, 4, 5, 5, 5, 7, 10, 8, 8, 10, 10, 10, 11, 13, 14, 14, 16, 16, 18, 18, 18, 20, 20, 22, 22, 23, 24, 25]","[7, 10, 13, 11, 7, 10, 10, 20, 8, -1, 8, 20, 14, 25, 14, 25, 18, -1, 18, 22, -1, 16, 25, 18, 22, -1, 16, -1, 23, 24, -1, -1, -1, -1, -1, -1, -1, -1, -1]","[0, 0, 0, 0, 0, 0, 0, 0, 0, 4029.0, 0, 0, 0, 0, 0, 0, 0, 3139.706025613374, 0, 0, 3710.442879753881, 0, 0, 0, 0, -428.3661826464692, 0, 746.9233028925885, 0, 0, 2952.7281622516907, 4029.0, 4029.0, 889.2939743866259, 1076.2718377483095, 4029.0, 1961.0959369148134, 4029.0, 2067.9040630851864]","[0, 0, 0, 0, 0, 0, 0, 0, 0, (92.47886666666669, 0.26613333333333333, 0.19846666666666668), 0, 0, 0, 0, 0, 0, 0, (0.0, 0.0, 0.0), 0, 0, (673.8842, 1.5523333333333331, 1.8134000000000001), 0, 0, 0, 0, (566.2307333333333, 0.0016666666666666668, 0.0002666666666666667), 0, (304.0866, 0.26866666666666666, 0.058866666666666664), 0, 0, (0.0, 0.0, 0.0), (199.92773333333332, 0.9031333333333333, 0.010666666666666666), (377.487, 0.011333333333333336, 0.0054), (30.932599999999997, 11.007200000000001, 11.033333333333335), (31.238400000000002, 10.958333333333334, 10.986266666666667), (131.4214, 0.9578666666666666, 0.7716000000000001), (0.0, 0.004533333333333333, 0.0), (225.0938, 0.0, 0.0), (232.08433333333338, 0.9976, 0.007)]","[0, 0, 0, 0, 0, 0, 0, 0, 0, (1, 0.0026333333333333334, 0.052366666666666666), 0, 0, 0, 0, 0, 0, 0, (2, 0.0, 0.0), 0, 0, (1, 1.0415999999999999, 0.5724111111111111), 0, 0, 0, 0, (1, 0.01635, 0.00095), 0, (1, 0.0, 0.000861111111111111), 0, 0, (2, 0.0, 0.0), (1, 0.0, 0.005077777777777777), (3, 0.0, 0.030616666666666664), (3, 0.0, 2.2222222222222223e-05), (3, 0.0, 2.2222222222222223e-05), (2, 0.0, 0.010555555555555558), (3, 0.0, 0.0012944444444444446), (1, 0.0, 0.0002833333333333333), (3, 0.0, 0.0005111111111111112)]","[-1, -1, -1, -1, -1, -1, -1, -1, -1, 1, -1, -1, -1, -1, -1, -1, -1, 6, -1, -1, 14, -1, -1, -1, -1, 14, -1, 14, -1, -1, 12, 0, 2, 6, 12, 7, 5, 15, 5]","[False, False, False, False, False, False, False, False, False, True, False, False, False, False, False, False, False, True, False, False, True, False, False, False, False, True, False, True, False, False, True, True, True, True, True, True, True, True, True]"
26,"[0, 0, 0, 0, 0, 0, 0, 0, 0, 0, 0, 0, 0, 0, 0, 0, 0, 3475.784967189774, 0, 0, 3308.0803617035053, 0, 0, 0, 0, 0, 0, 1252.0839689691668, 0, 0, 2894.8180274289466, 0, 2505.879717044383, 1198.6617929554236, 1218.6951376844836, 1596.1861921402513, 581.5100710295644, 500.8335838220001, 590.9835929581135, 741.7221959766666, 3815.4812123039737]","[0, 0, 0, 1, 1, 2, 2, 2, 3, 3, 3, 3, 3, 4, 4, 4, 4, 4, 4, 4, 5, 5, 5, 5, 6, 6, 6, 6, 6, 7, 7, 7, 7, 7, 8, 8, 8, 9, 9, 9, 9]","[1, 1, 1, 2, 2, 3, 3, 3, 4, 4, 4, 4, 4, 5, 5, 5, 7, 10, 8, 8, 10, 10, 10, 11, 13, 14, 14, 16, 16, 18, 18, 18, 20, 20, 22, 22, 23, 24, 26, 25, 26]","[7, 10, 13, 11, 7, 10, 10, 20, 8, 26, 8, 20, 14, 25, 14, 25, 18, -1, 18, 22, -1, 16, 25, 18, 22, 26, 16, -1, 23, 24, -1, 26, -1, -1, -1, -1, -1, -1, -1, -1, -1]","[0, 0, 0, 0, 0, 0, 0, 0, 0, 0, 0, 0, 0, 0, 0, 0, 0, 3153.061587117175, 0, 0, 3042.4981963671694, 0, 0, 0, 0, 0, 0, 986.5018036328308, 0, 0, 2852.5614448722313, 0, 4029.0, 875.9384128828247, 1176.4385551277683, 4029.0, 1934.3939375264488, 4029.0, 4029.0, 2094.606062473551, 4029.0]","[0, 0, 0, 0, 0, 0, 0, 0, 0, 0, 0, 0, 0, 0, 0, 0, 0, (0.0, 0.0, 0.0), 0, 0, (894.7841999999999, 1.598466666666667, 1.968333333333333), 0, 0, 0, 0, 0, 0, (299.8922, 0.2914, 0.05526666666666666), 0, 0, (0.0, 0.0, 0.0), 0, (321.563, 0.0134, 0.007933333333333334), (29.2284, 11.277066666666668, 11.304066666666667), (30.75773333333333, 11.004733333333336, 11.030333333333335), (153.791, 0.9633999999999999, 0.7669333333333332), (0.0, 0.004733333333333333, 0.0), (191.5394, 0.0, 0.0), (265.6387333333333, 0.05313333333333333, 0.031266666666666665), (264.24086666666665, 0.7731333333333333, 0.0056), (1426.063, 0.14286666666666667, 0.5943999999999999)]","[0, 0, 0, 0, 0, 0, 0, 0, 0, 0, 0, 0, 0, 0, 0, 0, 0, (2, 0.0, 0.0), 0, 0, (1, 0.0013, 0.001966666666666667), 0, 0, 0, 0, 0, 0, (1, 0.0, 0.0008333333333333334), 0, 0, (2, 0.0, 0.0), 0, (3, 0.0, 0.017744444444444448), (3, 0.0, 2.2222222222222223e-05), (3, 0.0, 2.2222222222222223e-05), (2, 0.0, 0.0117), (3, 0.0, 0.0012333333333333335), (1, 1.666666666666667e-05, 0.0002611111111111111), (3, 0.0, 0.006316666666666667), (3, 0.0, 0.0006277777777777777), (3, 0.005116666666666666, 0.1869)]","[-1, -1, -1, -1, -1, -1, -1, -1, -1, -1, -1, -1, -1, -1, -1, -1, -1, 6, -1, -1, 14, -1, -1, -1, -1, -1, -1, 14, -1, -1, 12, -1, 2, 6, 12, 7, 5, 15, 11, 5, 13]","[False, False, False, False, False, False, False, False, False, False, False, False, False, False, False, False, False, True, False, False, True, False, False, False, False, False, False, True, False, False, True, False, True, True, True, True, True, True, True, True, True]"
27,"[0, 0, 0, 0, 0, 0, 0, 0, 0, 0, 0, 0, 0, 0, 0, 0, 0, 3732.8795324862313, 0, 0, 3144.901509780911, 0, 0, 0, 0, 0, 0, 1205.339500794318, 0, 0, 3151.912592725404, 0, 2519.573048831511, 1178.6284482263632, 1191.9840113790701, 1655.52396879974, 578.5431829120669, 0, 580.9669218910268, 623.0466446204, 2446.521763816231]","[0, 0, 0, 1, 1, 2, 2, 2, 3, 3, 3, 3, 3, 4, 4, 4, 4, 4, 4, 4, 5, 5, 5, 5, 6, 6, 6, 6, 6, 7, 7, 7, 7, 7, 8, 8, 8, 9, 9, 9, 9]","[1, 1, 1, 2, 2, 3, 3, 3, 4, 4, 4, 4, 4, 5, 5, 5, 7, 10, 8, 8, 10, 10, 10, 11, 13, 14, 14, 16, 16, 18, 18, 18, 20, 20, 22, 22, 23, 24, 26, 25, 26]","[7, 10, 13, 11, 7, 10, 10, 20, 8, 26, 8, 20, 14, 25, 14, 25, 18, -1, 18, 22, -1, 16, 25, 18, 22, 26, 16, -1, 23, 24, -1, 26, -1, -1, -1, -1, -1, -1, -1, -1, -1]","[0, 0, 0, 0, 0, 0, 0, 0, 0, 0, 0, 0, 0, 0, 0, 0, 0, 3291.625542129934, 0, 0, 2984.2810044932967, 0, 0, 0, 0, 0, 0, 1044.7189955067035, 0, 0, 2994.464290673167, 0, 4029.0, 737.3744578700657, 1034.535709326833, 4029.0, 1992.2482691458333, 4029.0, 4029.0, 2036.7517308541665, 4029.0]","[0, 0, 0, 0, 0, 0, 0, 0, 0, 0, 0, 0, 0, 0, 0, 0, 0, (0.0, 0.0, 0.0), 0, 0, (727.012, 1.5444666666666669, 1.7056666666666669), 0, 0, 0, 0, 0, 0, (294.2998, 0.28173333333333334, 0.05493333333333333), 0, 0, (0.0, 0.0, 0.0), 0, (343.9326, 0.013333333333333336, 0.0074666666666666675), (27.96146666666667, 11.744666666666664, 11.770666666666664), (30.932599999999997, 11.007200000000001, 11.033333333333335), (125.829, 0.9370666666666667, 0.7570666666666667), (0.0, 0.004733333333333333, 6.666666666666668e-05), (225.09366666666662, 0.0, 0.0), (272.62933333333325, 0.053200000000000004, 0.03573333333333333), (260.0463333333334, 0.6686, 0.004866666666666666), (1311.4188000000001, 0.1956, 0.7402000000000001)]","[0, 0, 0, 0, 0, 0, 0, 0, 0, 0, 0, 0, 0, 0, 0, 0, 0, (2, 0.0, 0.0), 0, 0, (1, 0.0019666666666666665, 0.05048333333333333), 0, 0, 0, 0, 0, 0, (1, 0.0, 0.001), 0, 0, (2, 0.0, 0.0), 0, (3, 0.0, 0.017083333333333332), (3, 0.0, 2.2222222222222223e-05), (3, 0.0, 2.2222222222222223e-05), (2, 0.06273333333333334, 0.031105555555555553), (3, 0.0, 0.0012666666666666666), (1, 0.0, 0.0002833333333333333), (3, 0.0, 0.0011611111111111112), (3, 0.0, 0.0004277777777777778), (3, 0.0006, 0.11304444444444445)]","[-1, -1, -1, -1, -1, -1, -1, -1, -1, -1, -1, -1, -1, -1, -1, -1, -1, 6, -1, -1, 14, -1, -1, -1, -1, -1, -1, 14, -1, -1, 12, -1, 8, 6, 12, 7, 5, 15, 11, 5, 1]","[False, False, False, False, False, False, False, False, False, False, False, False, False, False, False, False, False, True, False, False, True, False, False, False, False, False, False, True, False, False, True, False, True, True, True, True, True, True, True, True, True]"
28,"[0, 0, 0, 0, 0, 0, 0, 0, 0, 0, 0, 0, 0, 0, 0, 0, 0, 3782.9628893621643, 0, 0, 3242.8088209344673, 0, 0, 0, 0, 0, 0, 1238.7284066334953, 0, 0, 2938.223603388089, 0, 2440.1517244661704, 1141.90064955642, 1198.6617929554236, 2278.570623724373, 593.3776234995555, 0, 1071.7839430047102, 557.5946894011578, 620.0797558364931, 2303.8585840403466, 0, 628.9803113908888]","[0, 0, 0, 1, 1, 2, 2, 2, 3, 3, 3, 3, 3, 4, 4, 4, 4, 4, 4, 4, 5, 5, 5, 5, 6, 6, 6, 6, 6, 7, 7, 7, 7, 7, 8, 8, 8, 9, 9, 9, 9, 9, 10, 10]","[1, 1, 1, 2, 2, 3, 3, 3, 4, 4, 4, 4, 4, 5, 5, 5, 7, 10, 8, 8, 10, 10, 10, 11, 13, 14, 14, 16, 16, 18, 18, 18, 20, 20, 22, 22, 23, 24, 28, 26, 25, 26, 28, 28]","[7, 10, 13, 11, 7, 10, 10, 20, 8, 26, 8, 20, 14, 25, 14, 25, 18, -1, 18, 22, -1, 16, 25, 18, 22, 26, 16, -1, 23, 24, -1, 26, -1, -1, -1, -1, -1, 28, -1, -1, -1, -1, -1, -1]","[0, 0, 0, 0, 0, 0, 0, 0, 0, 0, 0, 0, 0, 0, 0, 0, 0, 3335.0311199028724, 0, 0, 3016.540207150486, 0, 0, 0, 0, 0, 0, 1012.4597928495139, 0, 0, 2884.280905216333, 0, 2920.085706537641, 693.968880097128, 1144.7190947836675, 4029.0, 2001.1489338315312, 0, 4029.0, 4029.0, 2027.8510661684686, 4029.0, 4029.0, 1108.9142934623592]","[0, 0, 0, 0, 0, 0, 0, 0, 0, 0, 0, 0, 0, 0, 0, 0, 0, (0.0, 0.0, 0.0), 0, 0, (578.8134, 1.5288, 1.8861333333333334), 0, 0, 0, 0, 0, 0, (281.7169333333334, 0.28753333333333336, 0.054), 0, 0, (0.0, 0.0, 0.0), 0, (478.1502, 0.012199999999999999, 0.007066666666666666), (28.00533333333333, 10.849266666666667, 10.8736), (29.2284, 11.277066666666668, 11.304066666666667), (226.49220000000003, 0.9202666666666668, 0.7430666666666668), (67.1088, 0.004666666666666667, 6.666666666666668e-05), 0, (125.829, 0.0033333333333333335, 0.0012666666666666666), (160.78126666666668, 0.05293333333333333, 0.031466666666666664), (222.2978, 0.6696, 0.0051333333333333335), (1255.4948, 0.13406666666666667, 0.4640666666666667), (75.84646666666666, 0.0, 0.0), (320.1647333333333, 0.0011333333333333332, 0.0015333333333333334)]","[0, 0, 0, 0, 0, 0, 0, 0, 0, 0, 0, 0, 0, 0, 0, 0, 0, (2, 0.0, 0.0), 0, 0, (1, 0.07088333333333334, 0.05034444444444444), 0, 0, 0, 0, 0, 0, (1, 0.0, 0.00115), 0, 0, (2, 0.0, 0.0), 0, (3, 0.0009, 0.02215), (3, 0.0, 1.6666666666666667e-05), (3, 0.0, 2.2222222222222223e-05), (2, 0.09268333333333334, 0.011455555555555556), (3, 0.0, 0.0012222222222222224), 0, (3, 0.0, 0.0006444444444444443), (3, 0.0, 0.0011222222222222222), (3, 0.0, 0.0005), (3, 1.666666666666667e-05, 0.12178333333333334), (2, 0.00015, 0.0002722222222222222), (2, 0.0037166666666666667, 0.0028777777777777777)]","[-1, -1, -1, -1, -1, -1, -1, -1, -1, -1, -1, -1, -1, -1, -1, -1, -1, 6, -1, -1, 14, -1, -1, -1, -1, -1, -1, 14, -1, -1, 12, -1, 8, 6, 12, 7, 5, -1, 3, 11, 5, 1, 13, 8]","[False, False, False, False, False, False, False, False, False, False, False, False, False, False, False, False, False, True, False, False, True, False, False, False, False, False, False, True, False, False, True, False, True, True, True, True, True, False, True, True, True, True, True, True]"
29,"[0, 0, 0, 0, 0, 0, 0, 0, 0, 0, 0, 0, 0, 0, 0, 0, 0, 3388.973815271489, 0, 0, 3296.2128088364075, 0, 0, 0, 0, 0, 0, 1255.4228595530844, 0, 0, 2958.2569461384624, 0, 2429.1970590364676, 1148.5784311327734, 1178.6284482263632, 1590.2524144743022, 0, 0, 1068.445052216534, 0, 640.8479773238399, 2662.034226881929, 0, 634.9140879134446, 3815.4812123039737]","[0, 0, 0, 1, 1, 2, 2, 2, 3, 3, 3, 3, 3, 4, 4, 4, 4, 4, 4, 4, 5, 5, 5, 5, 6, 6, 6, 6, 6, 7, 7, 7, 7, 7, 8, 8, 8, 9, 9, 9, 9, 9, 10, 10, 11]","[1, 1, 1, 2, 2, 3, 3, 3, 4, 4, 4, 4, 4, 5, 5, 5, 7, 10, 8, 8, 10, 10, 10, 11, 13, 14, 14, 16, 16, 18, 18, 18, 20, 20, 22, 22, 23, 24, 28, 26, 25, 26, 28, 28, 29]","[7, 10, 13, 11, 7, 10, 10, 20, 8, 26, 8, 20, 14, 25, 14, 25, 18, -1, 18, 22, -1, 16, 25, 18, 22, 26, 16, -1, 23, 24, -1, 26, -1, -1, -1, -1, -1, 28, -1, -1, -1, -1, 29, -1, -1]","[0, 0, 0, 0, 0, 0, 0, 0, 0, 0, 0, 0, 0, 0, 0, 0, 0, 3134.697692069358, 0, 0, 3034.8949746416615, 0, 0, 0, 0, 0, 0, 994.1050253583385, 0, 0, 2904.3142489560496, 0, 2911.641485561511, 894.3023079306422, 1124.6857510439504, 4029.0, 1694.07601133808, 0, 4029.0, 4029.0, 2334.92398866192, 4029.0, 0, 1117.3585144384883, 4029.0]","[0, 0, 0, 0, 0, 0, 0, 0, 0, 0, 0, 0, 0, 0, 0, 0, 0, (0.0, 0.0, 0.0), 0, 0, (746.5854, 1.6389333333333334, 1.749), 0, 0, 0, 0, 0, 0, (282.41613333333333, 0.3092, 0.0536), 0, 0, (0.0, 0.0, 0.0), 0, (461.373, 0.013266666666666668, 0.0067333333333333325), (29.18493333333334, 11.238933333333332, 11.264533333333333), (27.96146666666667, 11.744666666666664, 11.770666666666664), (142.6062, 0.9306666666666665, 0.7520666666666668), (22.3696, 0.0048, 0.0), 0, (170.56820000000002, 0.0034, 0.0014666666666666665), (143.3049333333333, 0.05273333333333334, 0.030533333333333336), (184.54886666666667, 0.6701333333333334, 0.0057333333333333325), (1470.8021999999999, 0.18553333333333333, 0.47233333333333327), 0, (300.59133333333324, 0.0011333333333333332, 0.0015333333333333334), (1426.063, 0.14286666666666667, 0.5943999999999999)]","[0, 0, 0, 0, 0, 0, 0, 0, 0, 0, 0, 0, 0, 0, 0, 0, 0, (2, 0.0, 0.0), 0, 0, (1, 0.0016833333333333331, 0.04975), 0, 0, 0, 0, 0, 0, (1, 0.0, 0.0005888888888888889), 0, 0, (2, 0.0, 0.0), 0, (3, 0.0, 0.017055555555555553), (3, 0.0, 4.4444444444444447e-05), (3, 0.0, 2.2222222222222223e-05), (2, 0.0, 0.012455555555555557), (3, 0.0, 0.0012777777777777776), 0, (3, 0.0, 0.0005666666666666666), (3, 0.0, 0.0011333333333333332), (3, 0.0, 0.00046111111111111103), (3, 1.666666666666667e-05, 0.1395388888888889), 0, (2, 0.0004, 0.0023666666666666667), (3, 0.005116666666666666, 0.1869)]","[-1, -1, -1, -1, -1, -1, -1, -1, -1, -1, -1, -1, -1, -1, -1, -1, -1, 6, -1, -1, 14, -1, -1, -1, -1, -1, -1, 14, -1, -1, 12, -1, 8, 6, 12, 7, 5, -1, 3, 11, 5, 1, -1, 8, 0]","[False, False, False, False, False, False, False, False, False, False, False, False, False, False, False, False, False, True, False, False, True, False, False, False, False, False, False, True, False, False, True, False, True, True, True, True, True, False, True, True, True, True, False, True, True]"
30,"[0, 0, 0, 0, 0, 0, 0, 0, 0, 0, 0, 0, 0, 0, 0, 0, 0, 3395.6515961882797, 0, 0, 3136.0008451305875, 0, 0, 0, 0, 0, 0, 1101.8338926928666, 0, 0, 3018.356974389583, 0, 2420.981059964191, 1181.9673390145404, 1141.90064955642, 1563.5504149775322, 0, 0, 1095.1561785219467, 0, 620.0797558364931, 2986.820614882346, 0, 557.7749931202221, 2446.521763816231, 1108.5118598755066, 2327.8664038117226]","[0, 0, 0, 1, 1, 2, 2, 2, 3, 3, 3, 3, 3, 4, 4, 4, 4, 4, 4, 4, 5, 5, 5, 5, 6, 6, 6, 6, 6, 7, 7, 7, 7, 7, 8, 8, 8, 9, 9, 9, 9, 9, 10, 10, 11, 11, 11]","[1, 1, 1, 2, 2, 3, 3, 3, 4, 4, 4, 4, 4, 5, 5, 5, 7, 10, 8, 8, 10, 10, 10, 11, 13, 14, 14, 16, 16, 18, 18, 18, 20, 20, 22, 22, 23, 24, 28, 26, 25, 26, 28, 28, 29, 30, 30]","[7, 10, 13, 11, 7, 10, 10, 20, 8, 26, 8, 20, 14, 25, 14, 25, 18, -1, 18, 22, -1, 16, 25, 18, 22, 26, 16, -1, 23, 24, -1, 26, -1, -1, -1, -1, 30, 28, -1, 30, -1, -1, 29, -1, -1, -1, -1]","[0, 0, 0, 0, 0, 0, 0, 0, 0, 0, 0, 0, 0, 0, 0, 0, 0, 3121.34212858687, 0, 0, 3031.5834762188606, 0, 0, 0, 0, 0, 0, 997.4165237811396, 0, 0, 2952.728162416581, 0, 2946.1030334219845, 907.6578714131306, 1076.2718375834183, 4029.0, 0, 0, 4029.0, 0, 1160.6066760123854, 4029.0, 0, 1082.8969665780155, 4029.0, 4029.0, 2868.393323987615]","[0, 0, 0, 0, 0, 0, 0, 0, 0, 0, 0, 0, 0, 0, 0, 0, 0, (0.0, 0.0, 0.0), 0, 0, (606.7754, 1.5655999999999999, 1.7066), 0, 0, 0, 0, 0, 0, (264.94006666666667, 0.23893333333333336, 0.04573333333333334), 0, 0, (0.0, 0.0, 0.0), 0, (416.6338, 0.0116, 0.0067333333333333325), (29.79646666666667, 11.306333333333336, 11.331333333333335), (28.00533333333333, 10.849266666666667, 10.8736), (117.4404, 0.9303333333333335, 0.7412666666666667), 0, 0, (170.56820000000002, 0.0033333333333333335, 0.0014), 0, (183.1509333333333, 0.6727333333333332, 0.005), (1311.4188000000001, 0.14286666666666667, 0.5135333333333333), 0, (288.00833333333327, 0.0011333333333333332, 0.0014), (1311.4188000000001, 0.1956, 0.7402000000000001), (67.1088, 0.0, 0.001), (335.544, 0.016466666666666664, 0.009866666666666668)]","[0, 0, 0, 0, 0, 0, 0, 0, 0, 0, 0, 0, 0, 0, 0, 0, 0, (2, 0.0, 0.0), 0, 0, (1, 0.0, 0.0005055555555555555), 0, 0, 0, 0, 0, 0, (1, 0.0, 0.0006888888888888888), 0, 0, (2, 0.0, 0.0), 0, (3, 0.0, 0.024077777777777778), (3, 0.0, 1.6666666666666667e-05), (3, 0.0, 1.6666666666666667e-05), (2, 0.0, 0.010772222222222223), 0, 0, (3, 0.0, 0.0008388888888888889), 0, (3, 0.0, 0.0005277777777777777), (3, 5e-05, 0.13139444444444442), 0, (2, 0.00026666666666666673, 0.002455555555555556), (3, 0.0006, 0.11304444444444445), (3, 0.0, 0.0), (3, 0.0, 0.015905555555555555)]","[-1, -1, -1, -1, -1, -1, -1, -1, -1, -1, -1, -1, -1, -1, -1, -1, -1, 6, -1, -1, 14, -1, -1, -1, -1, -1, -1, 14, -1, -1, 12, -1, 8, 6, 12, 7, -1, -1, 3, -1, 5, 1, -1, 8, 0, 4, 5]","[False, False, False, False, False, False, False, False, False, False, False, False, False, False, False, False, False, True, False, False, True, False, False, False, False, False, False, True, False, False, True, False, True, True, True, True, False, False, True, False, True, True, False, True, True, True, True]"
31,"[0, 0, 0, 0, 0, 0, 0, 0, 0, 0, 0, 0, 0, 0, 0, 0, 0, 3432.379391230631, 0, 0, 3097.431298312519, 0, 0, 0, 0, 0, 0, 1111.85056444462, 0, 0, 3148.573702267009, 0, 2366.2077328156797, 1178.6284482263632, 1148.5784311327734, 1554.649748478609, 0, 0, 1105.1728508864767, 0, 596.34464556524, 2953.431360041183, 520.8668579276933, 0, 590.4107639942779, 2303.8585840403466, 1115.189642163913, 2503.141050686958]","[0, 0, 0, 1, 1, 2, 2, 2, 3, 3, 3, 3, 3, 4, 4, 4, 4, 4, 4, 4, 5, 5, 5, 5, 6, 6, 6, 6, 6, 7, 7, 7, 7, 7, 8, 8, 8, 9, 9, 9, 9, 9, 9, 10, 10, 11, 11, 11]","[1, 1, 1, 2, 2, 3, 3, 3, 4, 4, 4, 4, 4, 5, 5, 5, 7, 10, 8, 8, 10, 10, 10, 11, 13, 14, 14, 16, 16, 18, 18, 18, 20, 20, 22, 22, 23, 24, 28, 26, 25, 26, 31, 28, 28, 29, 30, 30]","[7, 10, 13, 11, 7, 10, 10, 20, 8, 26, 8, 20, 14, 25, 14, 25, 18, -1, 18, 22, -1, 16, 25, 18, 22, 26, 16, -1, 23, 24, -1, 26, -1, -1, -1, -1, 30, 28, -1, 30, -1, -1, -1, 29, -1, -1, -1, -1]","[0, 0, 0, 0, 0, 0, 0, 0, 0, 0, 0, 0, 0, 0, 0, 0, 0, 3141.375471502134, 0, 0, 3007.2903669339494, 0, 0, 0, 0, 0, 0, 1021.7096330660502, 0, 0, 3014.497635567118, 0, 2902.398484410701, 887.6245284978663, 1014.5023644328821, 4029.0, 0, 0, 4029.0, 0, 1061.101797439141, 4029.0, 4029.0, 0, 1126.601515589299, 4029.0, 4029.0, 2967.898202560859]","[0, 0, 0, 0, 0, 0, 0, 0, 0, 0, 0, 0, 0, 0, 0, 0, 0, (0.0, 0.0, 0.0), 0, 0, (469.7616, 1.4955999999999998, 1.822733333333333), 0, 0, 0, 0, 0, 0, (278.9208, 0.29560000000000003, 0.05173333333333334), 0, 0, (0.0, 0.0, 0.0), 0, (402.6528, 0.011733333333333332, 0.0074666666666666675), (29.66546666666667, 11.591533333333333, 11.616), (29.18493333333334, 11.238933333333332, 11.264533333333333), (83.886, 0.8937333333333333, 0.7318666666666667), 0, 0, (128.6252, 0.0032, 0.0014), 0, (211.11286666666666, 0.7809333333333333, 0.005533333333333332), (1311.4188000000001, 0.188, 0.5201333333333333), (0.0, 0.0046, 6.666666666666668e-05), 0, (311.7758666666666, 0.0011333333333333332, 0.0015333333333333334), (1255.4948, 0.13406666666666667, 0.4640666666666667), (47.5354, 0.0, 0.001), (427.8186, 0.011466666666666667, 0.006066666666666666)]","[0, 0, 0, 0, 0, 0, 0, 0, 0, 0, 0, 0, 0, 0, 0, 0, 0, (2, 0.0, 0.0), 0, 0, (1, 0.24515, 0.08227777777777777), 0, 0, 0, 0, 0, 0, (1, 0.0, 0.0006055555555555556), 0, 0, (2, 0.0, 0.0), 0, (3, 1.666666666666667e-05, 0.02868888888888889), (3, 0.0, 2.2222222222222223e-05), (3, 0.0, 4.4444444444444447e-05), (2, 0.0, 0.007866666666666668), 0, 0, (3, 0.0, 0.0005555555555555557), 0, (3, 0.0, 0.00045000000000000004), (3, 3.3333333333333335e-05, 0.16156666666666666), (1, 0.0, 0.0008722222222222223), 0, (2, 0.0, 0.002388888888888889), (3, 1.666666666666667e-05, 0.12178333333333334), (3, 0.0, 0.0), (3, 1.666666666666667e-05, 0.017866666666666666)]","[-1, -1, -1, -1, -1, -1, -1, -1, -1, -1, -1, -1, -1, -1, -1, -1, -1, 6, -1, -1, 14, -1, -1, -1, -1, -1, -1, 14, -1, -1, 12, -1, 8, 6, 12, 7, -1, -1, 3, -1, 5, 1, 9, -1, 8, 0, 4, 5]","[False, False, False, False, False, False, False, False, False, False, False, False, False, False, False, False, False, True, False, False, True, False, False, False, False, False, False, True, False, False, True, False, True, True, True, True, False, False, True, False, True, True, True, False, True, True, True, True]"
32,"[0, 0, 0, 0, 0, 0, 0, 0, 0, 0, 0, 0, 0, 0, 0, 0, 0, 3385.6349248130928, 0, 0, 2097.589969259532, 0, 0, 0, 0, 0, 0, 1292.15065597618, 0, 0, 3425.7016103138403, 0, 2826.303680863173, 1005.0061272411768, 1181.9673390145404, 0, 0, 0, 1078.4617245810634, 0, 759.5235286801067, 2989.8560016860883, 530.8835282724567, 0, 534.03988703, 2662.034226881929, 1115.189642163913, 2497.663717972107]","[0, 0, 0, 1, 1, 2, 2, 2, 3, 3, 3, 3, 3, 4, 4, 4, 4, 4, 4, 4, 5, 5, 5, 5, 6, 6, 6, 6, 6, 7, 7, 7, 7, 7, 8, 8, 8, 9, 9, 9, 9, 9, 9, 10, 10, 11, 11, 11]","[1, 1, 1, 2, 2, 3, 3, 3, 4, 4, 4, 4, 4, 5, 5, 5, 7, 10, 8, 8, 10, 10, 10, 11, 13, 14, 14, 16, 16, 18, 18, 18, 20, 20, 22, 22, 23, 24, 28, 26, 25, 26, 31, 28, 28, 29, 30, 30]","[7, 10, 13, 11, 7, 10, 10, 20, 8, 26, 8, 20, 14, 25, 14, 25, 18, -1, 18, 22, -1, 16, 25, 18, 22, 26, 16, -1, 23, 24, -1, 26, -1, -1, -1, -1, 30, 28, -1, 30, -1, -1, -1, 29, -1, -1, -1, -1]","[0, 0, 0, 0, 0, 0, 0, 0, 0, 0, 0, 0, 0, 0, 0, 0, 0, 3204.814398785958, 0, 0, 2417.219656641676, 0, 0, 0, 0, 0, 0, 1611.7803433583238, 0, 0, 3136.3671356496498, 0, 3160.631896916587, 824.1856012140421, 892.6328643503498, 4029.0, 0, 0, 4029.0, 0, 1145.4299053539999, 4029.0, 4029.0, 0, 868.3681030834134, 4029.0, 4029.0, 2883.570094646]","[0, 0, 0, 0, 0, 0, 0, 0, 0, 0, 0, 0, 0, 0, 0, 0, 0, (0.0, 0.0, 0.0), 0, 0, (436.2072, 0.7686666666666665, 1.4219333333333335), 0, 0, 0, 0, 0, 0, (292.9019333333334, 0.3054, 0.05866666666666666), 0, 0, (0.0, 0.0, 0.0), 0, (363.506, 0.0166, 0.009666666666666665), (30.01513333333334, 8.723066666666668, 8.7436), (29.79646666666667, 11.306333333333336, 11.331333333333335), (92.2746, 0.9142666666666668, 0.7324666666666667), 0, 0, (134.2176, 0.0033333333333333335, 0.0014), 0, (232.0842666666667, 0.9956, 0.0072), (1177.2012, 0.14893333333333333, 0.6776666666666666), (0.0, 0.004733333333333333, 0.00013333333333333334), 0, (325.75713333333334, 0.0011333333333333332, 0.0014666666666666665), (1470.8021999999999, 0.18553333333333333, 0.47233333333333327), (72.7012, 0.0, 0.001), (419.43, 0.0086, 0.004933333333333334)]","[0, 0, 0, 0, 0, 0, 0, 0, 0, 0, 0, 0, 0, 0, 0, 0, 0, (2, 0.0, 0.0), 0, 0, (1, 0.0, 0.0004555555555555556), 0, 0, 0, 0, 0, 0, (1, 0.0, 0.000977777777777778), 0, 0, (2, 0.0, 0.0), 0, (3, 0.0, 0.017905555555555557), (3, 0.0, 2.7777777777777776e-05), (3, 0.0, 1.6666666666666667e-05), (2, 0.0, 0.010216666666666666), 0, 0, (3, 0.0, 0.0007111111111111111), 0, (3, 0.0, 0.0005), (3, 5e-05, 0.12382222222222221), (1, 0.0, 0.0008388888888888889), 0, (2, 0.0006666666666666666, 0.0023944444444444447), (3, 1.666666666666667e-05, 0.1395388888888889), (3, 0.0, 0.0), (3, 0.0, 0.021744444444444445)]","[-1, -1, -1, -1, -1, -1, -1, -1, -1, -1, -1, -1, -1, -1, -1, -1, -1, 6, -1, -1, 14, -1, -1, -1, -1, -1, -1, 14, -1, -1, 12, -1, 8, 6, 12, 7, -1, -1, 3, -1, 5, 1, 9, -1, 8, 0, 4, 5]","[False, False, False, False, False, False, False, False, False, False, False, False, False, False, False, False, False, True, False, False, True, False, False, False, False, False, False, True, False, False, True, False, True, True, True, True, False, False, True, False, True, True, True, False, True, True, True, True]"
33,"[0, 0, 0, 0, 0, 0, 0, 0, 0, 0, 0, 0, 0, 0, 0, 0, 0, 3332.2126774787644, 0, 0, 1744.5302714633733, 0, 0, 0, 0, 0, 0, 1238.7284066334953, 0, 0, 3442.3960626058183, 0, 2823.565014505748, 1215.3562468963066, 1178.6284482263632, 0, 0, 0, 1058.4283798520034, 0, 821.8281931421467, 5888.650399259911, 554.2557590769045, 0, 522.1723339848888, 2986.820614882346, 1105.1729687313032, 2664.722365775066, 2006.6731654957287]","[0, 0, 0, 1, 1, 2, 2, 2, 3, 3, 3, 3, 3, 4, 4, 4, 4, 4, 4, 4, 5, 5, 5, 5, 6, 6, 6, 6, 6, 7, 7, 7, 7, 7, 8, 8, 8, 9, 9, 9, 9, 9, 9, 10, 10, 11, 11, 11, 11]","[1, 1, 1, 2, 2, 3, 3, 3, 4, 4, 4, 4, 4, 5, 5, 5, 7, 10, 8, 8, 10, 10, 10, 11, 13, 14, 14, 16, 16, 18, 18, 18, 20, 20, 22, 22, 23, 24, 28, 26, 25, 26, 31, 28, 28, 29, 30, 30, 33]","[7, 10, 13, 11, 7, 10, 10, 20, 8, 26, 8, 20, 14, 25, 14, 25, 18, -1, 18, 22, -1, 16, 25, 18, 22, 26, 16, -1, 23, 24, -1, 26, -1, -1, -1, 33, 30, 28, -1, 30, -1, -1, -1, 29, -1, -1, -1, -1, -1]","[0, 0, 0, 0, 0, 0, 0, 0, 0, 0, 0, 0, 0, 0, 0, 0, 0, 3072.9282152912288, 0, 0, 2267.4009324149392, 0, 0, 0, 0, 0, 0, 1761.599067585061, 0, 0, 3146.3838071897276, 0, 3165.1963402604297, 956.071784708771, 882.6161928102724, 0, 0, 0, 4029.0, 0, 1093.0529136835403, 4029.0, 4029.0, 0, 863.8036597395705, 4029.0, 4029.0, 2935.9470863164597, 4029.0]","[0, 0, 0, 0, 0, 0, 0, 0, 0, 0, 0, 0, 0, 0, 0, 0, 0, (0.0, 0.0, 0.0), 0, 0, (360.7098, 0.7321333333333333, 1.3404), 0, 0, 0, 0, 0, 0, (262.1436, 0.27673333333333333, 0.05373333333333334), 0, 0, (0.0, 0.0, 0.0), 0, (422.2262, 0.03953333333333333, 0.018666666666666668), (30.233466666666672, 11.099666666666664, 11.125866666666667), (29.66546666666667, 11.591533333333333, 11.616), 0, 0, 0, (268.4352, 0.0032666666666666664, 0.0013333333333333333), 0, (201.326, 1.1070666666666666, 0.0068), (1269.4758, 0.3529333333333333, 0.49439999999999995), (0.0, 0.0044, 0.0), 0, (304.78553333333326, 0.0011333333333333332, 0.0014666666666666665), (1311.4188000000001, 0.14286666666666667, 0.5135333333333333), (33.5544, 0.0, 0.001), (455.7806, 0.011333333333333336, 0.005066666666666666), (306.18366666666674, 0.5942000000000001, 0.19193333333333337)]","[0, 0, 0, 0, 0, 0, 0, 0, 0, 0, 0, 0, 0, 0, 0, 0, 0, (2, 0.0, 0.0), 0, 0, (1, 0.0, 0.00023333333333333333), 0, 0, 0, 0, 0, 0, (1, 0.0, 0.0009944444444444447), 0, 0, (2, 0.0, 0.0), 0, (3, 0.0, 0.019144444444444443), (3, 0.0, 2.7777777777777776e-05), (3, 0.0, 2.2222222222222223e-05), 0, 0, 0, (3, 0.0, 0.00065), 0, (3, 0.0, 0.0004388888888888889), (3, 0.1731833333333333, 0.38794999999999996), (1, 0.0, 0.0008277777777777778), 0, (2, 6.666666666666667e-05, 0.0023833333333333337), (3, 5e-05, 0.13139444444444442), (3, 0.0, 0.0), (3, 0.0, 0.016805555555555553), (3, 0.011550000000000001, 0.43049444444444446)]","[-1, -1, -1, -1, -1, -1, -1, -1, -1, -1, -1, -1, -1, -1, -1, -1, -1, 6, -1, -1, 14, -1, -1, -1, -1, -1, -1, 14, -1, -1, 12, -1, 8, 6, 12, -1, -1, -1, 3, -1, 5, 1, 9, -1, 8, 0, 4, 5, 10]","[False, False, False, False, False, False, False, False, False, False, False, False, False, False, False, False, False, True, False, False, True, False, False, False, False, False, False, True, False, False, True, False, True, True, True, False, False, False, True, False, True, True, True, False, True, True, True, True, True]"
34,"[0, 0, 0, 0, 0, 0, 0, 0, 0, 0, 0, 0, 0, 0, 0, 0, 0, 3415.6849389386534, 0, 0, 5485.776312815947, 0, 0, 0, 0, 0, 0, 0, 0, 0, 3475.784967189774, 0, 2689.3703629918955, 1025.0394719702365, 1005.0061272411768, 0, 0, 0, 1075.1228337928867, 0, 0, 4252.576912042853, 0, 0, 531.0729987687222, 2953.431360041183, 1111.8507510197098, 2478.4930534701275, 1352.2506356501997]","[0, 0, 0, 1, 1, 2, 2, 2, 3, 3, 3, 3, 3, 4, 4, 4, 4, 4, 4, 4, 5, 5, 5, 5, 6, 6, 6, 6, 6, 7, 7, 7, 7, 7, 8, 8, 8, 9, 9, 9, 9, 9, 9, 10, 10, 11, 11, 11, 11]","[1, 1, 1, 2, 2, 3, 3, 3, 4, 4, 4, 4, 4, 5, 5, 5, 7, 10, 8, 8, 10, 10, 10, 11, 13, 14, 14, 16, 16, 18, 18, 18, 20, 20, 22, 22, 23, 24, 28, 26, 25, 26, 31, 28, 28, 29, 30, 30, 33]","[7, 10, 13, 11, 7, 10, 10, 20, 8, 26, 8, 20, 14, 25, 14, 25, 18, -1, 18, 22, -1, 16, 25, 18, 22, 26, 16, -1, 23, 24, -1, 26, -1, -1, -1, 33, 30, 28, -1, 30, -1, -1, -1, 29, -1, -1, -1, -1, -1]","[0, 0, 0, 0, 0, 0, 0, 0, 0, 0, 0, 0, 0, 0, 0, 0, 0, 3209.8227334842086, 0, 0, 4757.388156407973, 0, 0, 0, 0, 0, 0, -728.3881564079734, 0, 0, 3249.8894199742986, 0, 3093.648682111587, 819.1772665157916, 779.1105800257016, 0, 0, 0, 4029.0, 0, 775.2534732649362, 4029.0, 4029.0, 0, 935.3513178884133, 4029.0, 4029.0, 3253.7465267350635, 4029.0]","[0, 0, 0, 0, 0, 0, 0, 0, 0, 0, 0, 0, 0, 0, 0, 0, 0, (0.0, 0.0, 0.0), 0, 0, (1040.1868, 0.8433999999999999, 2.1876666666666664), 0, 0, 0, 0, 0, 0, (271.93026666666674, 0.2806, 0.05026666666666666), 0, 0, (0.0, 0.0, 0.0), 0, (433.411, 0.0188, 0.012333333333333335), (28.354599999999998, 8.9748, 8.996333333333334), (30.01513333333334, 8.723066666666668, 8.7436), 0, 0, 0, (248.8618, 0.0033333333333333335, 0.0014), 0, (205.5204, 0.8886000000000001, 0.0058), (1974.1186, 0.14053333333333334, 0.48906666666666665), (0.0, 0.0046, 0.00013333333333333334), 0, (258.64813333333325, 0.0011333333333333332, 0.0015333333333333334), (1311.4188000000001, 0.188, 0.5201333333333333), (39.146800000000006, 0.0, 0.001), (332.7478, 0.012333333333333335, 0.0056), (281.018, 0.42160000000000003, 0.13533333333333333)]","[0, 0, 0, 0, 0, 0, 0, 0, 0, 0, 0, 0, 0, 0, 0, 0, 0, (2, 0.0, 0.0), 0, 0, (1, 1.7971166666666665, 0.24540555555555552), 0, 0, 0, 0, 0, 0, (1, 0.0, 0.0010166666666666666), 0, 0, (2, 0.0, 0.0), 0, (3, 0.0, 0.02216111111111111), (3, 0.0, 2.2222222222222223e-05), (3, 0.0, 2.7777777777777776e-05), 0, 0, 0, (3, 0.0, 0.0008222222222222222), 0, (3, 0.0, 0.0005055555555555555), (3, 1.666666666666667e-05, 0.31198333333333333), (1, 0.0, 0.0008111111111111112), 0, (2, 0.0010333333333333334, 0.0024222222222222223), (3, 3.3333333333333335e-05, 0.16156666666666666), (3, 0.0, 0.0), (3, 0.0, 0.021144444444444445), (3, 1.666666666666667e-05, 0.2272388888888889)]","[-1, -1, -1, -1, -1, -1, -1, -1, -1, -1, -1, -1, -1, -1, -1, -1, -1, 6, -1, -1, 14, -1, -1, -1, -1, -1, -1, 14, -1, -1, 12, -1, 8, 6, 12, -1, -1, -1, 3, -1, 5, 1, 9, -1, 8, 0, 4, 5, 7]","[False, False, False, False, False, False, False, False, False, False, False, False, False, False, False, False, False, True, False, False, True, False, False, False, False, False, False, True, False, False, True, False, True, True, True, False, False, False, True, False, True, True, True, False, True, True, True, True, True]"
35,"[0, 0, 0, 0, 0, 0, 0, 0, 0, 0, 0, 0, 0, 0, 0, 0, 0, 3766.268437070187, 0, 0, 8764.187792351708, 0, 0, 0, 0, 0, 0, 0, 0, 0, 3732.8795324862313, 0, 0, 1025.0394719702365, 1215.3562468963066, 0, 0, 0, 0, 0, 0, 3235.722332789209, 0, 0, 537.0067752912778, 2989.8560016860883, 0, 2629.1197031285333, 1409.0117734429248, 2251.868135745323, 922.7020845904912]","[0, 0, 0, 1, 1, 2, 2, 2, 3, 3, 3, 3, 3, 4, 4, 4, 4, 4, 4, 4, 5, 5, 5, 5, 6, 6, 6, 6, 6, 7, 7, 7, 7, 7, 8, 8, 8, 9, 9, 9, 9, 9, 9, 10, 10, 11, 11, 11, 11, 12, 12]","[1, 1, 1, 2, 2, 3, 3, 3, 4, 4, 4, 4, 4, 5, 5, 5, 7, 10, 8, 8, 10, 10, 10, 11, 13, 14, 14, 16, 16, 18, 18, 18, 20, 20, 22, 22, 23, 24, 28, 26, 25, 26, 31, 28, 28, 29, 30, 30, 33, 35, 35]","[7, 10, 13, 11, 7, 10, 10, 20, 8, 26, 8, 20, 14, 25, 14, 25, 18, -1, 18, 22, -1, 16, 25, 18, 22, 26, 16, 35, 23, 24, -1, 26, -1, -1, -1, 33, 30, 28, -1, 30, 35, -1, 35, 29, -1, -1, -1, -1, -1, -1, -1]","[0, 0, 0, 0, 0, 0, 0, 0, 0, 0, 0, 0, 0, 0, 0, 0, 0, 3385.114482549975, 0, 0, 4029.0, 0, 0, 0, 0, 0, 0, 0, 0, 0, 3273.2616427949624, 0, 1745.996612354361, 643.8855174500247, 755.7383572050378, 0, 0, 0, 4029.0, 0, 0, 4029.0, 0, 0, 2283.003387645639, 4029.0, 1553.1489577047544, 4029.0, 4029.0, 4029.0, 2475.8510422952454]","[0, 0, 0, 0, 0, 0, 0, 0, 0, 0, 0, 0, 0, 0, 0, 0, 0, (0.0, 0.0, 0.0), 0, 0, (1996.488, 0.6658, 1.1106666666666667), 0, 0, 0, 0, 0, 0, 0, 0, 0, (0.0, 0.0, 0.0), 0, (369.0984, 0.017666666666666667, 0.010733333333333333), (31.1948, 10.048200000000001, 10.073133333333333), (30.233466666666672, 11.099666666666664, 11.125866666666667), 0, 0, 0, (139.81, 0.0034, 0.0014), 0, 0, (1730.8488, 0.18693333333333337, 0.49646666666666667), 0, 0, (289.4064, 0.0012, 0.0015333333333333334), (1177.2012, 0.14893333333333333, 0.6776666666666666), (173.3644, 6.666666666666668e-05, 0.0016), (377.487, 0.011333333333333336, 0.0054), (255.852, 0.49213333333333326, 0.15953333333333333), (100.6632, 0.009333333333333334, 0.0108), (97.867, 0.5311333333333333, 0.4374666666666666)]","[0, 0, 0, 0, 0, 0, 0, 0, 0, 0, 0, 0, 0, 0, 0, 0, 0, (2, 0.0, 0.0), 0, 0, (1, 0.7808833333333334, 1.2051888888888886), 0, 0, 0, 0, 0, 0, 0, 0, 0, (2, 0.0, 0.0), 0, (3, 0.0, 0.018283333333333335), (3, 0.0, 1.6666666666666667e-05), (3, 0.0, 2.7777777777777776e-05), 0, 0, 0, (3, 0.0, 0.0006222222222222223), 0, 0, (3, 1.666666666666667e-05, 0.20562222222222223), 0, 0, (2, 0.00013333333333333334, 0.0024055555555555557), (3, 5e-05, 0.12382222222222221), (3, 0.03166666666666667, 0.0017722222222222221), (3, 0.0, 0.030616666666666664), (3, 8.333333333333333e-05, 0.28617777777777775), (2, 0.0, 0.002416666666666667), (1, 0.0, 0.0014666666666666662)]","[-1, -1, -1, -1, -1, -1, -1, -1, -1, -1, -1, -1, -1, -1, -1, -1, -1, 6, -1, -1, 14, -1, -1, -1, -1, -1, -1, -1, -1, -1, 12, -1, 8, 6, 12, -1, -1, -1, 3, -1, -1, 1, -1, -1, 8, 0, 4, 5, 7, 9, 4]","[False, False, False, False, False, False, False, False, False, False, False, False, False, False, False, False, False, True, False, False, True, False, False, False, False, False, False, False, False, False, True, False, True, True, True, False, False, False, True, False, False, True, False, False, True, True, True, True, True, True, True]"
36,"[0, 0, 0, 0, 0, 0, 0, 0, 0, 0, 0, 0, 0, 0, 0, 0, 0, 0, 0, 0, 0, 0, 0, 0, 0, 0, 0, 0, 0, 0, 3782.9628893621643, 0, 0, 1218.6951376844836, 1025.0394719702365, 0, 0, 0, 0, 0, 0, 2452.592537423716, 0, 0, 0, 5888.650399259911, 0, 2505.879717044383, 1816.3564093671823, 3815.4812123039737, 2266.7025766922616, 925.6689723222934, 1155.2559781834066, 2047.1528695743666]","[0, 0, 0, 1, 1, 2, 2, 2, 3, 3, 3, 3, 3, 4, 4, 4, 4, 4, 4, 4, 5, 5, 5, 5, 6, 6, 6, 6, 6, 7, 7, 7, 7, 7, 8, 8, 8, 9, 9, 9, 9, 9, 9, 10, 10, 11, 11, 11, 11, 11, 12, 12, 12, 13]","[1, 1, 1, 2, 2, 3, 3, 3, 4, 4, 4, 4, 4, 5, 5, 5, 7, 10, 8, 8, 10, 10, 10, 11, 13, 14, 14, 16, 16, 18, 18, 18, 20, 20, 22, 22, 23, 24, 28, 26, 25, 26, 31, 28, 28, 29, 30, 30, 33, 36, 35, 35, 36, 36]","[7, 10, 13, 11, 7, 10, 10, 20, 8, 26, 8, 20, 14, 25, 14, 25, 18, -1, 18, 22, -1, 16, 25, 18, 22, 26, 16, 35, 23, 24, -1, 26, 36, -1, -1, 33, 30, 28, 36, 30, 35, -1, 35, 29, -1, -1, 36, -1, -1, -1, -1, -1, -1, -1]","[0, 0, 0, 0, 0, 0, 0, 0, 0, 0, 0, 0, 0, 0, 0, 0, 0, 1405.1524311577582, 0, 0, 4029.0, 0, 0, 0, 0, 0, 0, 0, 0, 0, 3393.461708695964, 0, 0, 2623.847568842242, 635.538291304036, 0, 0, 0, 0, 0, 0, 4029.0, 0, 0, 4029.0, 4029.0, 0, 4029.0, 4029.0, 4029.0, 4029.0, 4029.0, 4029.0, 4029.0]","[0, 0, 0, 0, 0, 0, 0, 0, 0, 0, 0, 0, 0, 0, 0, 0, 0, (0.0, 0.0, 0.0), 0, 0, (1769.9958000000001, 0.7819333333333333, 1.2317333333333333), 0, 0, 0, 0, 0, 0, 0, 0, 0, (0.0, 0.0, 0.0), 0, 0, (28.4422, 11.514866666666666, 11.541), (28.354599999999998, 8.9748, 8.996333333333334), 0, 0, 0, 0, 0, 0, (1356.158, 0.1402, 0.49906666666666666), 0, 0, (239.0746, 0.0012, 0.0016), (1269.4758, 0.3529333333333333, 0.49439999999999995), 0, (321.563, 0.0134, 0.007933333333333334), (226.49179999999998, 0.6, 0.19540000000000002), (1426.063, 0.14286666666666667, 0.5943999999999999), (150.9948, 0.009333333333333334, 0.010933333333333335), (114.6442, 0.5428, 0.4749333333333333), (67.10839999999999, 0.00013333333333333334, 0.001), (545.259, 0.6861333333333334, 1.4692)]","[0, 0, 0, 0, 0, 0, 0, 0, 0, 0, 0, 0, 0, 0, 0, 0, 0, (2, 0.0, 0.0), 0, 0, (1, 1.4699333333333333, 0.7142388888888889), 0, 0, 0, 0, 0, 0, 0, 0, 0, (2, 0.0, 0.0), 0, 0, (3, 0.0, 3.3333333333333335e-05), (3, 0.0, 2.2222222222222223e-05), 0, 0, 0, 0, 0, 0, (3, 8.333333333333333e-05, 0.11315), 0, 0, (2, 0.00016666666666666666, 0.002361111111111111), (3, 0.1731833333333333, 0.38794999999999996), 0, (3, 0.0, 0.017744444444444448), (3, 0.00016666666666666666, 0.37338333333333334), (3, 0.005116666666666666, 0.1869), (2, 0.0, 0.0026888888888888887), (1, 0.0, 0.001527777777777778), (1, 0.0, 0.0005722222222222222), (1, 0.07585, 0.04698333333333333)]","[-1, -1, -1, -1, -1, -1, -1, -1, -1, -1, -1, -1, -1, -1, -1, -1, -1, 6, -1, -1, 14, -1, -1, -1, -1, -1, -1, -1, -1, -1, 12, -1, -1, 6, 12, -1, -1, -1, -1, -1, -1, 1, -1, -1, 8, 0, -1, 5, 7, 15, 9, 4, 11, 10]","[False, False, False, False, False, False, False, False, False, False, False, False, False, False, False, False, False, True, False, False, True, False, False, False, False, False, False, False, False, False, True, False, False, True, True, False, False, False, False, False, False, True, False, False, True, True, False, True, True, True, True, True, True, True]"
37,"[0, 0, 0, 0, 0, 0, 0, 0, 0, 0, 0, 0, 0, 0, 0, 0, 0, 0, 0, 0, 0, 0, 0, 0, 0, 0, 0, 0, 0, 0, 3388.973815271489, 0, 0, 1051.7505982756504, 1025.0394719702365, 0, 0, 0, 0, 0, 0, 2677.21116090064, 0, 0, 0, 4252.576912042853, 0, 2519.573048831511, 2230.3788262082307, 2446.521763816231, 2248.9012475559352, 928.6358600540952, 1714.4051397483977, 1151.9170880730503, 1922.54356446984, 520.8668579276933, 652.7155422502, 501.40426599866777]","[0, 0, 0, 1, 1, 2, 2, 2, 3, 3, 3, 3, 3, 4, 4, 4, 4, 4, 4, 4, 5, 5, 5, 5, 6, 6, 6, 6, 6, 7, 7, 7, 7, 7, 8, 8, 8, 9, 9, 9, 9, 9, 9, 10, 10, 11, 11, 11, 11, 11, 12, 12, 12, 12, 13, 13, 13, 13]","[1, 1, 1, 2, 2, 3, 3, 3, 4, 4, 4, 4, 4, 5, 5, 5, 7, 10, 8, 8, 10, 10, 10, 11, 13, 14, 14, 16, 16, 18, 18, 18, 20, 20, 22, 22, 23, 24, 28, 26, 25, 26, 31, 28, 28, 29, 30, 30, 33, 36, 35, 35, 37, 36, 36, 37, 37, 37]","[7, 10, 13, 11, 7, 10, 10, 20, 8, 26, 8, 20, 14, 25, 14, 25, 18, 37, 18, 22, 37, 16, 25, 18, 22, 26, 16, 35, 23, 24, -1, 26, 36, -1, -1, 33, 30, 28, 36, 30, 35, -1, 35, 29, 37, -1, 36, -1, -1, -1, -1, -1, -1, -1, -1, -1, -1, -1]","[0, 0, 0, 0, 0, 0, 0, 0, 0, 0, 0, 0, 0, 0, 0, 0, 0, 0, 0, 0, 0, 0, 0, 0, 0, 0, 0, 0, 0, 0, 3196.4671716506264, 0, 0, 4029.0, 832.5328283493739, 0, 0, 0, 0, 0, 0, 4029.0, 0, 0, 0, 4029.0, 0, 4029.0, 2272.4868432299163, 2987.058748908782, 4029.0, 2152.4601589019476, 1756.5131567700835, 4029.0, 4029.0, 4029.0, 1876.5398410980524, 1041.9412510912184]","[0, 0, 0, 0, 0, 0, 0, 0, 0, 0, 0, 0, 0, 0, 0, 0, 0, 0, 0, 0, 0, 0, 0, 0, 0, 0, 0, 0, 0, 0, (0.0, 0.0, 0.0), 0, 0, (31.1948, 9.010533333333333, 9.032466666666668), (31.1948, 10.048200000000001, 10.073133333333333), 0, 0, 0, 0, 0, 0, (1227.5328, 0.18566666666666662, 0.4779333333333333), 0, 0, 0, (1974.1186, 0.14053333333333334, 0.48906666666666665), 0, (343.9326, 0.013333333333333336, 0.0074666666666666675), (209.7148, 0.7276, 0.23566666666666664), (1311.4188000000001, 0.1956, 0.7402000000000001), (150.9948, 0.009266666666666668, 0.0106), (109.0518, 0.5416666666666666, 0.5044666666666666), (105.5042, 0.28773333333333334, 0.22433333333333338), (72.70093333333334, 6.666666666666668e-05, 0.001), (738.1968, 0.7232666666666667, 1.2136), (0.0, 0.0046, 6.666666666666668e-05), (433.41086666666666, 0.0023333333333333335, 0.0030666666666666668), (0.0, 0.0048, 6.666666666666668e-05)]","[0, 0, 0, 0, 0, 0, 0, 0, 0, 0, 0, 0, 0, 0, 0, 0, 0, 0, 0, 0, 0, 0, 0, 0, 0, 0, 0, 0, 0, 0, (2, 0.0, 0.0), 0, 0, (3, 0.0, 2.2222222222222223e-05), (3, 0.0, 1.6666666666666667e-05), 0, 0, 0, 0, 0, 0, (3, 3.3333333333333335e-05, 0.15232222222222222), 0, 0, 0, (3, 1.666666666666667e-05, 0.31198333333333333), 0, (3, 0.0, 0.017083333333333332), (3, 0.00021666666666666668, 0.5190777777777777), (3, 0.0006, 0.11304444444444445), (2, 0.0, 0.0023555555555555556), (1, 0.0, 0.0017222222222222224), (1, 0.0030666666666666663, 0.05871111111111111), (1, 0.0, 0.0005666666666666666), (1, 0.0017166666666666665, 0.0023777777777777777), (1, 0.0, 0.0008722222222222223), (1, 0.011300000000000001, 0.0010833333333333333), (2, 0.0, 0.0013222222222222222)]","[-1, -1, -1, -1, -1, -1, -1, -1, -1, -1, -1, -1, -1, -1, -1, -1, -1, -1, -1, -1, -1, -1, -1, -1, -1, -1, -1, -1, -1, -1, 12, -1, -1, 6, 12, -1, -1, -1, -1, -1, -1, 1, -1, -1, -1, 0, -1, 5, 7, 15, 9, 4, 7, 11, 10, 14, 4, 15]","[False, False, False, False, False, False, False, False, False, False, False, False, False, False, False, False, False, False, False, False, False, False, False, False, False, False, False, False, False, False, True, False, False, True, True, False, False, False, False, False, False, True, False, False, False, True, False, True, True, True, True, True, True, True, True, True, True, True]"
38,"[0, 0, 0, 0, 0, 0, 0, 0, 0, 0, 0, 0, 0, 0, 0, 0, 0, 0, 0, 0, 0, 0, 0, 0, 0, 0, 0, 0, 0, 0, 3395.6515961882797, 0, 0, 871.45049571411, 1218.6951376844836, 0, 0, 0, 0, 0, 0, 6028.278192232053, 0, 0, 0, 3235.722332789209, 0, 2440.1517244661704, 1318.8617310662446, 2303.8585840403466, 2254.8350239347114, 931.6027477858978, 1429.5838385761401, 1158.5948682937635, 2011.5502109730733, 530.8835282724567, 634.9142092797401, 498.43737685074666]","[0, 0, 0, 1, 1, 2, 2, 2, 3, 3, 3, 3, 3, 4, 4, 4, 4, 4, 4, 4, 5, 5, 5, 5, 6, 6, 6, 6, 6, 7, 7, 7, 7, 7, 8, 8, 8, 9, 9, 9, 9, 9, 9, 10, 10, 11, 11, 11, 11, 11, 12, 12, 12, 12, 13, 13, 13, 13]","[1, 1, 1, 2, 2, 3, 3, 3, 4, 4, 4, 4, 4, 5, 5, 5, 7, 10, 8, 8, 10, 10, 10, 11, 13, 14, 14, 16, 16, 18, 18, 18, 20, 20, 22, 22, 23, 24, 28, 26, 25, 26, 31, 28, 28, 29, 30, 30, 33, 36, 35, 35, 37, 36, 36, 37, 37, 37]","[7, 10, 13, 11, 7, 10, 10, 20, 8, 26, 8, 20, 14, 25, 14, 25, 18, 37, 18, 22, 37, 16, 25, 18, 22, 26, 16, 35, 23, 24, -1, 26, 36, -1, -1, 33, 30, 28, 36, 30, 35, -1, 35, 29, 37, -1, 36, -1, -1, -1, -1, -1, -1, -1, -1, -1, -1, -1]","[0, 0, 0, 0, 0, 0, 0, 0, 0, 0, 0, 0, 0, 0, 0, 0, 0, 0, 0, 0, 0, 0, 0, 0, 0, 0, 0, 0, 0, 0, 3102.978229251898, 0, 0, 4029.0, 926.021770748102, 0, 0, 0, 0, 0, 0, 4029.0, 0, 0, 0, 4029.0, 0, 4029.0, 1959.1389462450522, 2917.2106035948, 4029.0, 2162.844269253079, 2069.8610537549475, 4029.0, 4029.0, 4029.0, 1866.155730746921, 1111.7893964052]","[0, 0, 0, 0, 0, 0, 0, 0, 0, 0, 0, 0, 0, 0, 0, 0, 0, 0, 0, 0, 0, 0, 0, 0, 0, 0, 0, 0, 0, 0, (0.0, 0.0, 0.0), 0, 0, (28.52946666666667, 7.324866666666668, 7.3436), (28.4422, 11.514866666666666, 11.541), 0, 0, 0, 0, 0, 0, (1551.892, 0.19686666666666666, 1.39), 0, 0, 0, (1730.8488, 0.18693333333333337, 0.49646666666666667), 0, (478.1502, 0.012199999999999999, 0.007066666666666666), (255.852, 0.40273333333333333, 0.13053333333333333), (1255.4948, 0.13406666666666667, 0.4640666666666667), (184.5492, 0.009333333333333334, 0.0108), (109.0518, 0.5368666666666667, 0.4758666666666667), (110.71433333333331, 0.20726666666666668, 0.17506666666666665), (75.49719999999999, 0.0004, 0.0014666666666666665), (564.8324, 0.6947333333333332, 1.3258666666666665), (0.0, 0.004733333333333333, 0.00013333333333333334), (398.45840000000004, 0.0016666666666666668, 0.0003333333333333333), (145.4024, 0.004733333333333333, 6.666666666666668e-05)]","[0, 0, 0, 0, 0, 0, 0, 0, 0, 0, 0, 0, 0, 0, 0, 0, 0, 0, 0, 0, 0, 0, 0, 0, 0, 0, 0, 0, 0, 0, (2, 0.0, 0.0), 0, 0, (3, 0.0, 2.7777777777777776e-05), (3, 0.0, 3.3333333333333335e-05), 0, 0, 0, 0, 0, 0, (3, 0.0001, 0.1530611111111111), 0, 0, 0, (3, 1.666666666666667e-05, 0.20562222222222223), 0, (3, 0.0009, 0.02215), (3, 5e-05, 0.20164999999999994), (3, 1.666666666666667e-05, 0.12178333333333334), (2, 0.0, 0.002338888888888889), (1, 0.0, 0.0017166666666666667), (1, 0.0002333333333333333, 0.05122222222222223), (1, 0.0, 0.0005499999999999999), (1, 0.00225, 0.06516111111111111), (1, 0.0, 0.0008388888888888889), (1, 0.015133333333333334, 0.0009777777777777777), (2, 0.0, 0.0012666666666666666)]","[-1, -1, -1, -1, -1, -1, -1, -1, -1, -1, -1, -1, -1, -1, -1, -1, -1, -1, -1, -1, -1, -1, -1, -1, -1, -1, -1, -1, -1, -1, 12, -1, -1, 6, 12, -1, -1, -1, -1, -1, -1, 1, -1, -1, -1, 0, -1, 5, 7, 15, 9, 4, 7, 11, 10, 14, 4, 15]","[False, False, False, False, False, False, False, False, False, False, False, False, False, False, False, False, False, False, False, False, False, False, False, False, False, False, False, False, False, False, True, False, False, True, True, False, False, False, False, False, False, True, False, False, False, True, False, True, True, True, True, True, True, True, True, True, True, True]"
39,"[0, 0, 0, 0, 0, 0, 0, 0, 0, 0, 0, 0, 0, 0, 0, 0, 0, 0, 0, 0, 0, 0, 0, 0, 0, 0, 0, 0, 0, 0, 3432.379391230631, 0, 0, 0, 1051.7505982756504, 0, 0, 0, 0, 0, 0, 6374.312287858666, 0, 0, 0, 2452.592537423716, 0, 2429.1970590364676, 1425.7062257349019, 2662.034226881929, 2248.9012475559352, 925.6689723222934, 1845.861124904825, 1151.9170880730503, 2940.186222823474, 0, 655.6824310786097, 498.43737685074666]","[0, 0, 0, 1, 1, 2, 2, 2, 3, 3, 3, 3, 3, 4, 4, 4, 4, 4, 4, 4, 5, 5, 5, 5, 6, 6, 6, 6, 6, 7, 7, 7, 7, 7, 8, 8, 8, 9, 9, 9, 9, 9, 9, 10, 10, 11, 11, 11, 11, 11, 12, 12, 12, 12, 13, 13, 13, 13]","[1, 1, 1, 2, 2, 3, 3, 3, 4, 4, 4, 4, 4, 5, 5, 5, 7, 10, 8, 8, 10, 10, 10, 11, 13, 14, 14, 16, 16, 18, 18, 18, 20, 20, 22, 22, 23, 24, 28, 26, 25, 26, 31, 28, 28, 29, 30, 30, 33, 36, 35, 35, 37, 36, 36, 37, 37, 37]","[7, 10, 13, 11, 7, 10, 10, 20, 8, 26, 8, 20, 14, 25, 14, 25, 18, 37, 18, 22, 37, 16, 25, 18, 22, 26, 16, 35, 23, 24, -1, 26, 36, -1, -1, 33, 30, 28, 36, 30, 35, -1, 35, 29, 37, -1, 36, -1, -1, -1, -1, -1, -1, -1, -1, -1, -1, -1]","[0, 0, 0, 0, 0, 0, 0, 0, 0, 0, 0, 0, 0, 0, 0, 0, 0, 0, 0, 0, 0, 0, 0, 0, 0, 0, 0, 0, 0, 0, 3204.8143964774904, 0, 0, 4029.0, 824.1856035225098, 0, 0, 0, 0, 0, 0, 4029.0, 0, 0, 0, 4029.0, 0, 4029.0, 1804.4225504150384, 3096.2984250155914, 4029.0, 2149.493270621842, 2224.5774495849614, 4029.0, 4029.0, 4029.0, 1879.506729378158, 932.7015749844088]","[0, 0, 0, 0, 0, 0, 0, 0, 0, 0, 0, 0, 0, 0, 0, 0, 0, 0, 0, 0, 0, 0, 0, 0, 0, 0, 0, 0, 0, 0, (0.0, 0.0, 0.0), 0, 0, (30.320933333333343, 9.086799999999998, 9.109399999999999), (31.1948, 9.010533333333333, 9.032466666666668), 0, 0, 0, 0, 0, 0, (1736.4414, 0.2492666666666667, 1.2721333333333333), 0, 0, 0, (1356.158, 0.1402, 0.49906666666666666), 0, (461.373, 0.013266666666666668, 0.0067333333333333325), (213.9092, 0.46873333333333334, 0.15180000000000002), (1470.8021999999999, 0.18553333333333333, 0.47233333333333327), (218.1036, 0.009266666666666668, 0.010533333333333334), (95.0708, 0.5381333333333334, 0.44586666666666674), (109.4118, 0.21166666666666664, 0.17653333333333332), (75.49719999999999, 0.0003333333333333333, 0.0014), (1015.0211999999999, 0.7137333333333332, 1.397666666666667), (0.0, 0.0044, 0.0), (349.5247333333333, 0.0023333333333333335, 0.003), (67.1088, 0.004666666666666667, 0.0)]","[0, 0, 0, 0, 0, 0, 0, 0, 0, 0, 0, 0, 0, 0, 0, 0, 0, 0, 0, 0, 0, 0, 0, 0, 0, 0, 0, 0, 0, 0, (2, 0.0, 0.0), 0, 0, (3, 0.0, 2.7777777777777776e-05), (3, 0.0, 2.2222222222222223e-05), 0, 0, 0, 0, 0, 0, (3, 0.00015, 0.2104), 0, 0, 0, (3, 8.333333333333333e-05, 0.11315), 0, (3, 0.0, 0.017055555555555553), (3, 3.3333333333333335e-05, 0.2765777777777778), (3, 1.666666666666667e-05, 0.1395388888888889), (2, 0.0, 0.0022555555555555554), (1, 0.0, 0.0017277777777777773), (1, 0.00011666666666666667, 0.05212222222222222), (1, 0.0, 0.0005611111111111111), (1, 1.0436000000000003, 0.5150888888888889), (1, 0.0, 0.0008277777777777778), (1, 0.01145, 0.0009944444444444447), (2, 0.0, 0.0012333333333333335)]","[-1, -1, -1, -1, -1, -1, -1, -1, -1, -1, -1, -1, -1, -1, -1, -1, -1, -1, -1, -1, -1, -1, -1, -1, -1, -1, -1, -1, -1, -1, 12, -1, -1, 6, 12, -1, -1, -1, -1, -1, -1, 1, -1, -1, -1, 0, -1, 5, 7, 15, 9, 4, 7, 11, 10, 14, 4, 15]","[False, False, False, False, False, False, False, False, False, False, False, False, False, False, False, False, False, False, False, False, False, False, False, False, False, False, False, False, False, False, True, False, False, True, True, False, False, False, False, False, False, True, False, False, False, True, False, True, True, True, True, True, True, True, True, True, True, True]"
40,"[0, 0, 0, 0, 0, 0, 0, 0, 0, 0, 0, 0, 0, 0, 0, 0, 0, 0, 0, 0, 0, 0, 0, 0, 0, 0, 0, 0, 0, 0, 0, 0, 0, 0, 871.45049571411, 0, 0, 0, 0, 0, 0, 3703.171900565511, 0, 0, 0, 2677.21116090064, 0, 2420.981059964191, 2036.723179621289, 2986.820614882346, 2201.431036525731, 934.5696355177, 1812.9971286157179, 1168.6115386248337, 2067.9210870917877, 0, 640.84798693656, 498.43737685074666, 2327.8664038117226, 881.4670876440003]","[0, 0, 0, 1, 1, 2, 2, 2, 3, 3, 3, 3, 3, 4, 4, 4, 4, 4, 4, 4, 5, 5, 5, 5, 6, 6, 6, 6, 6, 7, 7, 7, 7, 7, 8, 8, 8, 9, 9, 9, 9, 9, 9, 10, 10, 11, 11, 11, 11, 11, 12, 12, 12, 12, 13, 13, 13, 13, 14, 14]","[1, 1, 1, 2, 2, 3, 3, 3, 4, 4, 4, 4, 4, 5, 5, 5, 7, 10, 8, 8, 10, 10, 10, 11, 13, 14, 14, 16, 16, 18, 18, 18, 20, 20, 22, 22, 23, 24, 28, 26, 25, 26, 31, 28, 28, 29, 30, 30, 33, 36, 35, 35, 37, 36, 36, 37, 37, 37, 40, 40]","[7, 10, 13, 11, 7, 10, 10, 20, 8, 26, 8, 20, 14, 25, 14, 25, 18, 37, 18, 22, 37, 16, 25, 18, 22, 26, 16, 35, 23, 24, -1, 26, 36, 40, -1, 33, 30, 28, 36, 30, 35, -1, 35, 29, 37, -1, 36, -1, -1, -1, -1, -1, -1, -1, -1, 40, -1, -1, -1, -1]","[0, 0, 0, 0, 0, 0, 0, 0, 0, 0, 0, 0, 0, 0, 0, 0, 0, 0, 0, 0, 0, 0, 0, 0, 0, 0, 0, 0, 0, 0, 1578.774752142945, 0, 0, 0, 2450.2252478570554, 0, 0, 0, 0, 0, 0, 4029.0, 0, 0, 0, 4029.0, 0, 4029.0, 2126.3630255027856, 3258.6916190158, 2674.481974440865, 2161.3608242905702, 1902.6369744972144, 4029.0, 4029.0, 0, 1867.6391757094302, 770.3083809842003, 4029.0, 1354.5180255591345]","[0, 0, 0, 0, 0, 0, 0, 0, 0, 0, 0, 0, 0, 0, 0, 0, 0, 0, 0, 0, 0, 0, 0, 0, 0, 0, 0, 0, 0, 0, (0.0, 0.0, 0.0), 0, 0, 0, (28.52946666666667, 7.324866666666668, 7.3436), 0, 0, 0, 0, 0, 0, (1493.1718, 0.1692, 0.7876000000000001), 0, 0, 0, (1227.5328, 0.18566666666666662, 0.4779333333333333), 0, (416.6338, 0.0116, 0.0067333333333333325), (212.51093333333333, 0.6914, 0.224), (1311.4188000000001, 0.14286666666666667, 0.5135333333333333), (268.4352, 0.009333333333333334, 0.0108), (92.2746, 0.5394, 0.44333333333333325), (108.76053333333334, 0.20446666666666666, 0.17406666666666665), (77.5942, 0.00046666666666666666, 0.0014), (679.4766, 0.7587999999999999, 1.3356666666666668), 0, (475.3542666666667, 0.0017333333333333335, 0.0003333333333333333), (100.6632, 0.004666666666666667, 6.666666666666668e-05), (335.544, 0.016466666666666664, 0.009866666666666668), (95.9442, 0.019933333333333334, 0.0208)]","[0, 0, 0, 0, 0, 0, 0, 0, 0, 0, 0, 0, 0, 0, 0, 0, 0, 0, 0, 0, 0, 0, 0, 0, 0, 0, 0, 0, 0, 0, (2, 0.0, 0.0), 0, 0, 0, (3, 0.0, 2.7777777777777776e-05), 0, 0, 0, 0, 0, 0, (3, 0.0001, 0.13415555555555556), 0, 0, 0, (3, 3.3333333333333335e-05, 0.15232222222222222), 0, (3, 0.0, 0.024077777777777778), (3, 0.0002333333333333333, 0.49188333333333323), (3, 5e-05, 0.13139444444444442), (2, 0.0, 0.0022944444444444444), (1, 0.0, 0.0022722222222222224), (1, 0.0, 0.05014999999999999), (1, 0.0, 0.001627777777777778), (1, 0.0012666666666666666, 0.0020055555555555556), 0, (1, 0.015333333333333336, 0.0008833333333333333), (2, 0.0, 0.001238888888888889), (3, 0.0, 0.015905555555555555), (1, 0.0012, 0.05558333333333333)]","[-1, -1, -1, -1, -1, -1, -1, -1, -1, -1, -1, -1, -1, -1, -1, -1, -1, -1, -1, -1, -1, -1, -1, -1, -1, -1, -1, -1, -1, -1, 12, -1, -1, -1, 12, -1, -1, -1, -1, -1, -1, 1, -1, -1, -1, 0, -1, 5, 7, 15, 9, 4, 7, 11, 10, -1, 4, 15, 13, 9]","[False, False, False, False, False, False, False, False, False, False, False, False, False, False, False, False, False, False, False, False, False, False, False, False, False, False, False, False, False, False, True, False, False, False, True, False, False, False, False, False, False, True, False, False, False, True, False, True, True, True, True, True, True, True, True, False, True, True, True, True]"
41,"[0, 0, 0, 0, 0, 0, 0, 0, 0, 0, 0, 0, 0, 0, 0, 0, 0, 0, 0, 0, 0, 0, 0, 0, 0, 0, 0, 0, 0, 0, 0, 0, 0, 0, 984.972782512117, 0, 0, 0, 0, 0, 0, 3949.038231668631, 0, 0, 0, 6028.278192232053, 0, 2366.2077328156797, 1769.6119429496443, 2953.431360041183, 2248.9012475559352, 1284.662387870362, 1886.9411202662081, 1165.2726485144767, 2038.2522049240424, 0, 652.7155422502, 495.47048770282555, 2503.141050686958, 754.589249271]","[0, 0, 0, 1, 1, 2, 2, 2, 3, 3, 3, 3, 3, 4, 4, 4, 4, 4, 4, 4, 5, 5, 5, 5, 6, 6, 6, 6, 6, 7, 7, 7, 7, 7, 8, 8, 8, 9, 9, 9, 9, 9, 9, 10, 10, 11, 11, 11, 11, 11, 12, 12, 12, 12, 13, 13, 13, 13, 14, 14]","[1, 1, 1, 2, 2, 3, 3, 3, 4, 4, 4, 4, 4, 5, 5, 5, 7, 10, 8, 8, 10, 10, 10, 11, 13, 14, 14, 16, 16, 18, 18, 18, 20, 20, 22, 22, 23, 24, 28, 26, 25, 26, 31, 28, 28, 29, 30, 30, 33, 36, 35, 35, 37, 36, 36, 37, 37, 37, 40, 40]","[7, 10, 13, 11, 7, 10, 10, 20, 8, 26, 8, 20, 14, 25, 14, 25, 18, 37, 18, 22, 37, 16, 25, 18, 22, 26, 16, 35, 23, 24, 41, 26, 36, 40, -1, 33, 30, 28, 36, 30, 35, -1, 35, 29, 37, -1, 36, -1, -1, -1, -1, -1, -1, -1, -1, 40, -1, -1, -1, -1]","[0, 0, 0, 0, 0, 0, 0, 0, 0, 0, 0, 0, 0, 0, 0, 0, 0, 0, 0, 0, 0, 0, 0, 0, 0, 0, 0, 0, 0, 0, 0, 0, 0, 0, 4029.0, 0, 0, 0, 0, 0, 0, 4029.0, 0, 0, 0, 4029.0, 0, 4029.0, 1955.835411341718, 3243.4804361691786, 2761.6559991424674, 2330.473422810081, 2073.164588658282, 4029.0, 4029.0, 0, 1698.526577189919, 785.5195638308212, 4029.0, 1267.3440008575324]","[0, 0, 0, 0, 0, 0, 0, 0, 0, 0, 0, 0, 0, 0, 0, 0, 0, 0, 0, 0, 0, 0, 0, 0, 0, 0, 0, 0, 0, 0, 0, 0, 0, 0, (30.320933333333343, 9.086799999999998, 9.109399999999999), 0, 0, 0, 0, 0, 0, (1484.7831999999999, 0.21580000000000002, 0.8416666666666666), 0, 0, 0, (1551.892, 0.19686666666666666, 1.39), 0, (402.6528, 0.011733333333333332, 0.0074666666666666675), (190.14146666666667, 0.5508, 0.17880000000000001), (1311.4188000000001, 0.188, 0.5201333333333333), (33.5544, 0.009266666666666668, 0.010666666666666666), (226.49220000000003, 0.5299333333333333, 0.43666666666666676), (115.2732, 0.21046666666666666, 0.17566666666666664), (69.2056, 0.00046666666666666666, 0.0013333333333333333), (654.3108000000001, 0.7628666666666667, 1.1362666666666668), 0, (552.2496, 0.0023333333333333335, 0.0028666666666666667), (0.0, 0.004666666666666667, 6.666666666666668e-05), (427.8186, 0.011466666666666667, 0.006066666666666666), (96.9928, 0.020133333333333333, 0.014066666666666665)]","[0, 0, 0, 0, 0, 0, 0, 0, 0, 0, 0, 0, 0, 0, 0, 0, 0, 0, 0, 0, 0, 0, 0, 0, 0, 0, 0, 0, 0, 0, 0, 0, 0, 0, (3, 0.0, 2.7777777777777776e-05), 0, 0, 0, 0, 0, 0, (3, 0.0001, 0.17663333333333334), 0, 0, 0, (3, 0.0001, 0.1530611111111111), 0, (3, 1.666666666666667e-05, 0.02868888888888889), (3, 0.00013333333333333334, 0.3462888888888889), (3, 3.3333333333333335e-05, 0.16156666666666666), (2, 0.0, 0.0023555555555555556), (1, 0.0007666666666666667, 0.00215), (1, 0.0, 0.05059444444444444), (1, 0.0, 0.0005499999999999999), (1, 0.011416666666666664, 0.047094444444444446), 0, (1, 0.0116, 0.001061111111111111), (2, 0.0, 0.0012722222222222221), (3, 1.666666666666667e-05, 0.017866666666666666), (1, 0.0, 0.054338888888888895)]","[-1, -1, -1, -1, -1, -1, -1, -1, -1, -1, -1, -1, -1, -1, -1, -1, -1, -1, -1, -1, -1, -1, -1, -1, -1, -1, -1, -1, -1, -1, -1, -1, -1, -1, 12, -1, -1, -1, -1, -1, -1, 1, -1, -1, -1, 0, -1, 5, 7, 15, 9, 4, 7, 11, 10, -1, 4, 15, 13, 9]","[False, False, False, False, False, False, False, False, False, False, False, False, False, False, False, False, False, False, False, False, False, False, False, False, False, False, False, False, False, False, False, False, False, False, True, False, False, False, False, False, False, True, False, False, False, True, False, True, True, True, True, True, True, True, True, False, True, True, True, True]"
42,"[0, 0, 0, 0, 0, 0, 0, 0, 0, 0, 0, 0, 0, 0, 0, 0, 0, 0, 0, 0, 0, 0, 0, 0, 0, 0, 0, 0, 0, 0, 0, 0, 0, 0, 1078.4617245810634, 0, 0, 0, 0, 0, 0, 3566.579494397111, 0, 0, 0, 6374.312287858666, 0, 2826.303680863173, 1292.1506073990797, 2989.8560016860883, 5046.6768101486105, 0, 1906.1117847681867, 1178.6282089559033, 2070.887975308562, 0, 623.0466539661, 492.5035985549045, 2497.663717972107, 0]","[0, 0, 0, 1, 1, 2, 2, 2, 3, 3, 3, 3, 3, 4, 4, 4, 4, 4, 4, 4, 5, 5, 5, 5, 6, 6, 6, 6, 6, 7, 7, 7, 7, 7, 8, 8, 8, 9, 9, 9, 9, 9, 9, 10, 10, 11, 11, 11, 11, 11, 12, 12, 12, 12, 13, 13, 13, 13, 14, 14]","[1, 1, 1, 2, 2, 3, 3, 3, 4, 4, 4, 4, 4, 5, 5, 5, 7, 10, 8, 8, 10, 10, 10, 11, 13, 14, 14, 16, 16, 18, 18, 18, 20, 20, 22, 22, 23, 24, 28, 26, 25, 26, 31, 28, 28, 29, 30, 30, 33, 36, 35, 35, 37, 36, 36, 37, 37, 37, 40, 40]","[7, 10, 13, 11, 7, 10, 10, 20, 8, 26, 8, 20, 14, 25, 14, 25, 18, 37, 18, 22, 37, 16, 25, 18, 22, 26, 16, 35, 23, 24, 41, 26, 36, 40, -1, 33, 30, 28, 36, 30, 35, -1, 35, 29, 37, -1, 36, -1, -1, -1, -1, -1, -1, -1, -1, 40, -1, -1, -1, -1]","[0, 0, 0, 0, 0, 0, 0, 0, 0, 0, 0, 0, 0, 0, 0, 0, 0, 0, 0, 0, 0, 0, 0, 0, 0, 0, 0, 0, 0, 0, 0, 0, 0, 0, 4029.0, 0, 0, 0, 0, 0, 0, 4029.0, 0, 0, 0, 4029.0, 0, 4029.0, 1707.5194113154464, 3263.1762015655922, 4537.838405074305, 1702.97667301695, 2321.4805886845534, 4029.0, 4029.0, 0, 2326.02332698305, 765.8237984344082, 4029.0, -508.83840507430523]","[0, 0, 0, 0, 0, 0, 0, 0, 0, 0, 0, 0, 0, 0, 0, 0, 0, 0, 0, 0, 0, 0, 0, 0, 0, 0, 0, 0, 0, 0, 0, 0, 0, 0, (29.840133333333338, 10.411866666666667, 10.435533333333332), 0, 0, 0, 0, 0, 0, (1644.1666, 0.15380000000000002, 0.6252666666666667), 0, 0, 0, (1736.4414, 0.2492666666666667, 1.2721333333333333), 0, (363.506, 0.0166, 0.009666666666666665), (198.53, 0.4244, 0.13933333333333334), (1177.2012, 0.14893333333333333, 0.6776666666666666), (369.0984, 0.018533333333333336, 0.025066666666666668), (204.1226, 0.5370666666666667, 0.4422), (97.689, 0.24573333333333333, 0.20893333333333336), (82.4876, 0.0007333333333333332, 0.002), (506.11220000000003, 0.7000666666666667, 1.4158), 0, (503.316, 0.0016666666666666668, 0.0003333333333333333), (0.0, 0.0046, 6.666666666666668e-05), (419.43, 0.0086, 0.004933333333333334), (90.177, 0.02, 0.014)]","[0, 0, 0, 0, 0, 0, 0, 0, 0, 0, 0, 0, 0, 0, 0, 0, 0, 0, 0, 0, 0, 0, 0, 0, 0, 0, 0, 0, 0, 0, 0, 0, 0, 0, (3, 0.0, 2.2222222222222223e-05), 0, 0, 0, 0, 0, 0, (3, 5e-05, 0.16941111111111112), 0, 0, 0, (3, 0.00015, 0.2104), 0, (3, 0.0, 0.017905555555555557), (3, 1.666666666666667e-05, 0.19247222222222224), (3, 5e-05, 0.12382222222222221), (2, 0.0, 0.0054888888888888895), (1, 0.0, 0.004783333333333333), (1, 0.0, 0.05149444444444444), (1, 0.0, 0.0005722222222222222), (1, 0.0675, 0.04805), 0, (1, 0.015533333333333333, 0.0008555555555555556), (2, 0.0, 0.0012166666666666667), (3, 0.0, 0.021744444444444445), (1, 3.3333333333333335e-05, 0.05506666666666666)]","[-1, -1, -1, -1, -1, -1, -1, -1, -1, -1, -1, -1, -1, -1, -1, -1, -1, -1, -1, -1, -1, -1, -1, -1, -1, -1, -1, -1, -1, -1, -1, -1, -1, -1, 12, -1, -1, -1, -1, -1, -1, 1, -1, -1, -1, 0, -1, 5, 7, 15, 9, 4, 7, 11, 10, -1, 4, 15, 13, 9]","[False, False, False, False, False, False, False, False, False, False, False, False, False, False, False, False, False, False, False, False, False, False, False, False, False, False, False, False, False, False, False, False, False, False, True, False, False, False, False, False, False, True, False, False, False, True, False, True, True, True, True, True, True, True, True, False, True, True, True, True]"
43,"[0, 0, 0, 0, 0, 0, 0, 0, 0, 0, 0, 0, 0, 0, 0, 0, 0, 0, 0, 0, 0, 0, 0, 0, 0, 0, 0, 0, 0, 0, 0, 0, 0, 0, 0, 0, 0, 0, 0, 0, 0, 4726.09725342664, 0, 0, 0, 3703.171900565511, 0, 2823.565014505748, 961.60045201792, 5888.650399259911, 6361.008278047395, 0, 1908.8504511256126, 1165.2726485144767, 1964.079999504682, 0, 0, 0, 2664.722365775066, 0, 599.3113997345512]","[0, 0, 0, 1, 1, 2, 2, 2, 3, 3, 3, 3, 3, 4, 4, 4, 4, 4, 4, 4, 5, 5, 5, 5, 6, 6, 6, 6, 6, 7, 7, 7, 7, 7, 8, 8, 8, 9, 9, 9, 9, 9, 9, 10, 10, 11, 11, 11, 11, 11, 12, 12, 12, 12, 13, 13, 13, 13, 14, 14, 15]","[1, 1, 1, 2, 2, 3, 3, 3, 4, 4, 4, 4, 4, 5, 5, 5, 7, 10, 8, 8, 10, 10, 10, 11, 13, 14, 14, 16, 16, 18, 18, 18, 20, 20, 22, 22, 23, 24, 28, 26, 25, 26, 31, 28, 28, 29, 30, 30, 33, 36, 35, 35, 37, 36, 36, 37, 37, 37, 40, 40, 43]","[7, 10, 13, 11, 7, 10, 10, 20, 8, 26, 8, 20, 14, 25, 14, 25, 18, 37, 18, 22, 37, 16, 25, 18, 22, 26, 16, 35, 23, 24, 41, 26, 36, 40, -1, 33, 30, 28, 36, 30, 35, -1, 35, 29, 37, -1, 36, -1, -1, -1, -1, 43, -1, -1, -1, 40, -1, -1, -1, 43, -1]","[0, 0, 0, 0, 0, 0, 0, 0, 0, 0, 0, 0, 0, 0, 0, 0, 0, 0, 0, 0, 0, 0, 0, 0, 0, 0, 0, 0, 0, 0, 0, 0, 0, 0, 4029.0, 0, 0, 0, 0, 0, 0, 4029.0, 0, 0, 0, 4029.0, 0, 4029.0, 1540.8750004461535, 4958.825199629955, 4029.0, 0, 2488.1249995538465, 2297.480624389963, 4029.0, 0, 4029.0, -929.8251996299555, 4029.0, 0, 1731.519375610037]","[0, 0, 0, 0, 0, 0, 0, 0, 0, 0, 0, 0, 0, 0, 0, 0, 0, 0, 0, 0, 0, 0, 0, 0, 0, 0, 0, 0, 0, 0, 0, 0, 0, 0, (31.019866666666662, 10.471266666666667, 10.493933333333333), 0, 0, 0, 0, 0, 0, (1434.4516, 0.22206666666666663, 0.8742666666666667), 0, 0, 0, (1493.1718, 0.1692, 0.7876000000000001), 0, (422.2262, 0.03953333333333333, 0.018666666666666668), (194.33579999999998, 0.31493333333333334, 0.10186666666666666), (1269.4758, 0.3529333333333333, 0.49439999999999995), (1157.6274666666666, 0.016533333333333334, 0.022133333333333328), 0, (125.0422, 0.247, 0.19506666666666664), (81.08953333333334, 0.0002666666666666667, 0.001), (713.031, 0.7426, 1.2830666666666666), 0, (426.4208, 0.0021333333333333334, 0.002933333333333333), (0.0, 0.004666666666666667, 6.666666666666668e-05), (455.7806, 0.011333333333333336, 0.005066666666666666), 0, (0.0, 0.004733333333333333, 0.00013333333333333334)]","[0, 0, 0, 0, 0, 0, 0, 0, 0, 0, 0, 0, 0, 0, 0, 0, 0, 0, 0, 0, 0, 0, 0, 0, 0, 0, 0, 0, 0, 0, 0, 0, 0, 0, (3, 0.0, 1.1111111111111112e-05), 0, 0, 0, 0, 0, 0, (3, 0.0001, 0.21292777777777777), 0, 0, 0, (3, 0.0001, 0.13415555555555556), 0, (3, 0.0, 0.019144444444444443), (3, 0.0, 0.12192777777777777), (3, 0.1731833333333333, 0.38794999999999996), (2, 0.0, 0.005333333333333333), 0, (1, 3.3333333333333335e-05, 0.05121666666666667), (1, 0.0, 0.000538888888888889), (1, 0.0019333333333333331, 0.002327777777777778), 0, (1, 0.01175, 0.0009611111111111112), (2, 0.0, 0.001261111111111111), (3, 0.0, 0.016805555555555553), 0, (3, 0.0, 0.0014222222222222223)]","[-1, -1, -1, -1, -1, -1, -1, -1, -1, -1, -1, -1, -1, -1, -1, -1, -1, -1, -1, -1, -1, -1, -1, -1, -1, -1, -1, -1, -1, -1, -1, -1, -1, -1, 12, -1, -1, -1, -1, -1, -1, 1, -1, -1, -1, 0, -1, 5, 7, 15, 9, -1, 7, 11, 10, -1, 4, 15, 13, -1, 11]","[False, False, False, False, False, False, False, False, False, False, False, False, False, False, False, False, False, False, False, False, False, False, False, False, False, False, False, False, False, False, False, False, False, False, True, False, False, False, False, False, False, True, False, False, False, True, False, True, True, True, True, False, True, True, True, False, True, True, True, False, True]"
44,"[0, 0, 0, 0, 0, 0, 0, 0, 0, 0, 0, 0, 0, 0, 0, 0, 0, 0, 0, 0, 0, 0, 0, 0, 0, 0, 0, 0, 0, 0, 0, 0, 0, 0, 0, 0, 0, 0, 0, 0, 0, 3065.7406717796443, 0, 0, 0, 3949.038231668631, 0, 2689.3703629918955, 1021.7004802690399, 4252.576912042853, 2438.7820916767528, 0, 1714.4051397483977, 1158.5948682937635, 2079.788639958885, 0, 0, 0, 2478.4930534701275, 0, 3464.41286996805, 1364.7688631682443, 620.0796165570354, 1235.3895160495777, 1115.1894634134223]","[0, 0, 0, 1, 1, 2, 2, 2, 3, 3, 3, 3, 3, 4, 4, 4, 4, 4, 4, 4, 5, 5, 5, 5, 6, 6, 6, 6, 6, 7, 7, 7, 7, 7, 8, 8, 8, 9, 9, 9, 9, 9, 9, 10, 10, 11, 11, 11, 11, 11, 12, 12, 12, 12, 13, 13, 13, 13, 14, 14, 14, 14, 15, 15, 15]","[1, 1, 1, 2, 2, 3, 3, 3, 4, 4, 4, 4, 4, 5, 5, 5, 7, 10, 8, 8, 10, 10, 10, 11, 13, 14, 14, 16, 16, 18, 18, 18, 20, 20, 22, 22, 23, 24, 28, 26, 25, 26, 31, 28, 28, 29, 30, 30, 33, 36, 35, 35, 37, 36, 36, 37, 37, 37, 40, 40, 44, 44, 43, 44, 44]","[7, 10, 13, 11, 7, 10, 10, 20, 8, 26, 8, 20, 14, 25, 14, 25, 18, 37, 18, 22, 37, 16, 25, 18, 22, 26, 16, 35, 23, 24, 41, 26, 36, 40, 44, 33, 30, 28, 36, 30, 35, -1, 35, 29, 37, -1, 36, -1, -1, -1, -1, 43, -1, -1, -1, 40, 44, 44, -1, 43, -1, -1, -1, -1, -1]","[0, 0, 0, 0, 0, 0, 0, 0, 0, 0, 0, 0, 0, 0, 0, 0, 0, 0, 0, 0, 0, 0, 0, 0, 0, 0, 0, 0, 0, 0, 0, 0, 0, 0, 0, 0, 0, 0, 0, 0, 0, 4029.0, 0, 0, 0, 4029.0, 0, 4029.0, 1080.9354524587532, 4029.0, 4029.0, 0, 1773.640111938111, 1453.7804189540825, 4029.0, 0, 0, 0, 4029.0, 0, 4029.0, 1659.9544138285632, 915.2651672173542, 4029.0, 1174.4244356031356]","[0, 0, 0, 0, 0, 0, 0, 0, 0, 0, 0, 0, 0, 0, 0, 0, 0, 0, 0, 0, 0, 0, 0, 0, 0, 0, 0, 0, 0, 0, 0, 0, 0, 0, 0, 0, 0, 0, 0, 0, 0, (1392.5086000000001, 0.1512, 0.6417333333333333), 0, 0, 0, (1484.7831999999999, 0.21580000000000002, 0.8416666666666666), 0, (433.411, 0.0188, 0.012333333333333335), (146.80033333333338, 0.3725333333333334, 0.1176), (1974.1186, 0.14053333333333334, 0.48906666666666665), (167.772, 0.009333333333333334, 0.0104), 0, (93.78139999999999, 0.23493333333333336, 0.19066666666666662), (78.99233333333332, 0.0004, 0.0014), (458.5768, 0.723, 1.306), 0, 0, 0, (332.7478, 0.012333333333333335, 0.0056), 0, (168.47066666666663, 0.27493333333333336, 0.023333333333333327), (402.65259999999995, 0.0, 0.0), (0.0, 0.004666666666666667, 6.666666666666668e-05), (267.736, 0.28726666666666667, 0.0504), (499.1218, 0.0016666666666666668, 0.0011333333333333332)]","[0, 0, 0, 0, 0, 0, 0, 0, 0, 0, 0, 0, 0, 0, 0, 0, 0, 0, 0, 0, 0, 0, 0, 0, 0, 0, 0, 0, 0, 0, 0, 0, 0, 0, 0, 0, 0, 0, 0, 0, 0, (3, 6.666666666666667e-05, 0.11822222222222224), 0, 0, 0, (3, 0.0001, 0.17663333333333334), 0, (3, 0.0, 0.02216111111111111), (3, 5e-05, 0.20093333333333338), (3, 1.666666666666667e-05, 0.31198333333333333), (2, 0.0, 0.002172222222222222), 0, (1, 0.0, 0.049894444444444436), (1, 0.0, 0.0005777777777777778), (1, 0.059366666666666665, 0.06801666666666667), 0, 0, 0, (3, 0.0, 0.021144444444444445), 0, (3, 0.2927833333333333, 0.026605555555555556), (3, 0.1085, 0.004066666666666666), (3, 0.0, 0.001661111111111111), (1, 0.0, 0.0011611111111111112), (2, 0.0, 0.0010999999999999998)]","[-1, -1, -1, -1, -1, -1, -1, -1, -1, -1, -1, -1, -1, -1, -1, -1, -1, -1, -1, -1, -1, -1, -1, -1, -1, -1, -1, -1, -1, -1, -1, -1, -1, -1, -1, -1, -1, -1, -1, -1, -1, 1, -1, -1, -1, 0, -1, 5, 7, 15, 9, -1, 7, 11, 10, -1, -1, -1, 13, -1, 12, 11, 11, 8, 7]","[False, False, False, False, False, False, False, False, False, False, False, False, False, False, False, False, False, False, False, False, False, False, False, False, False, False, False, False, False, False, False, False, False, False, False, False, False, False, False, False, False, True, False, False, False, True, False, True, True, True, True, False, True, True, True, False, False, False, True, False, True, True, True, True, True]"
45,"[0, 0, 0, 0, 0, 0, 0, 0, 0, 0, 0, 0, 0, 0, 0, 0, 0, 0, 0, 0, 0, 0, 0, 0, 0, 0, 0, 0, 0, 0, 0, 0, 0, 0, 0, 0, 0, 0, 0, 0, 0, 5157.122179558036, 0, 0, 0, 3566.579494397111, 0, 0, 3549.2405572744774, 3235.722332789209, 2554.490731062876, 0, 1851.3384576196752, 1168.6115386248337, 2871.947793837662, 0, 0, 0, 2629.1197031285333, 0, 4442.116739200141, 1691.1266347954333, 578.5431829120669, 1235.3895160495777, 1175.2894943758222, 731.2170323801198]","[0, 0, 0, 1, 1, 2, 2, 2, 3, 3, 3, 3, 3, 4, 4, 4, 4, 4, 4, 4, 5, 5, 5, 5, 6, 6, 6, 6, 6, 7, 7, 7, 7, 7, 8, 8, 8, 9, 9, 9, 9, 9, 9, 10, 10, 11, 11, 11, 11, 11, 12, 12, 12, 12, 13, 13, 13, 13, 14, 14, 14, 14, 15, 15, 15, 15]","[1, 1, 1, 2, 2, 3, 3, 3, 4, 4, 4, 4, 4, 5, 5, 5, 7, 10, 8, 8, 10, 10, 10, 11, 13, 14, 14, 16, 16, 18, 18, 18, 20, 20, 22, 22, 23, 24, 28, 26, 25, 26, 31, 28, 28, 29, 30, 30, 33, 36, 35, 35, 37, 36, 36, 37, 37, 37, 40, 40, 44, 44, 43, 44, 44, 45]","[7, 10, 13, 11, 7, 10, 10, 20, 8, 26, 8, 20, 14, 25, 14, 25, 18, 37, 18, 22, 37, 16, 25, 18, 22, 26, 16, 35, 23, 24, 41, 26, 36, 40, 44, 33, 30, 28, 36, 30, 35, -1, 35, 29, 37, -1, 36, -1, -1, -1, -1, 43, -1, -1, -1, 40, 44, 44, -1, 43, -1, -1, -1, -1, -1, -1]","[0, 0, 0, 0, 0, 0, 0, 0, 0, 0, 0, 0, 0, 0, 0, 0, 0, 0, 0, 0, 0, 0, 0, 0, 0, 0, 0, 0, 0, 0, 0, 0, 0, 0, 0, 0, 0, 0, 0, 0, 0, 4029.0, 0, 0, 0, 4029.0, 0, 4029.0, 2700.284387517819, 3266.752650204545, 4029.0, 0, 1002.382287863017, 1365.5177531807221, 4029.0, 0, 0, 0, 4029.0, 0, 4029.0, 1888.0328493513218, 775.4493974679555, 4029.0, 326.33332461916405, 762.2473497954555]","[0, 0, 0, 0, 0, 0, 0, 0, 0, 0, 0, 0, 0, 0, 0, 0, 0, 0, 0, 0, 0, 0, 0, 0, 0, 0, 0, 0, 0, 0, 0, 0, 0, 0, 0, 0, 0, 0, 0, 0, 0, (1632.9818, 0.3732, 0.7381333333333333), 0, 0, 0, (1644.1666, 0.15380000000000002, 0.6252666666666667), 0, (369.0984, 0.017666666666666667, 0.010733333333333333), (290.8046, 0.5733333333333334, 0.17), (1730.8488, 0.18693333333333337, 0.49646666666666667), (536.8704, 0.009266666666666668, 0.0106), 0, (104.85293333333334, 0.21746666666666667, 0.18180000000000002), (67.10826666666667, 0.0004, 0.0014666666666666665), (824.879, 0.7441333333333333, 1.3625333333333334), 0, 0, 0, (377.487, 0.011333333333333336, 0.0054), 0, (313.1741333333334, 0.2986666666666667, 0.020266666666666665), (339.738, 0.0, 0.0), (0.0, 0.004533333333333333, 0.0), (279.6198, 0.2951333333333333, 0.05206666666666667), (553.6476, 0.0017333333333333335, 0.0015333333333333334), (178.9568, 0.0019333333333333331, 0.0014666666666666665)]","[0, 0, 0, 0, 0, 0, 0, 0, 0, 0, 0, 0, 0, 0, 0, 0, 0, 0, 0, 0, 0, 0, 0, 0, 0, 0, 0, 0, 0, 0, 0, 0, 0, 0, 0, 0, 0, 0, 0, 0, 0, (3, 0.09808333333333331, 0.2580777777777778), 0, 0, 0, (3, 5e-05, 0.16941111111111112), 0, (3, 0.0, 0.018283333333333335), (3, 0.0017833333333333332, 0.2834388888888889), (3, 1.666666666666667e-05, 0.20562222222222223), (2, 0.0, 0.0023777777777777777), 0, (1, 3.3333333333333335e-05, 0.05011111111111111), (1, 0.0, 0.0005333333333333334), (1, 1.0255833333333333, 0.54465), 0, 0, 0, (3, 0.0, 0.030616666666666664), 0, (3, 0.10841666666666666, 0.0281), (3, 0.2122, 0.00935), (3, 0.0, 0.0012944444444444446), (1, 0.0, 0.0009000000000000001), (2, 0.0, 0.0005222222222222223), (1, 0.36411666666666676, 0.01315)]","[-1, -1, -1, -1, -1, -1, -1, -1, -1, -1, -1, -1, -1, -1, -1, -1, -1, -1, -1, -1, -1, -1, -1, -1, -1, -1, -1, -1, -1, -1, -1, -1, -1, -1, -1, -1, -1, -1, -1, -1, -1, 1, -1, -1, -1, 0, -1, 5, 7, 15, 9, -1, 7, 11, 10, -1, -1, -1, 13, -1, 12, 11, 11, 8, 7, 15]","[False, False, False, False, False, False, False, False, False, False, False, False, False, False, False, False, False, False, False, False, False, False, False, False, False, False, False, False, False, False, False, False, False, False, False, False, False, False, False, False, False, True, False, False, False, True, False, True, True, True, True, False, True, True, True, False, False, False, True, False, True, True, True, True, True, True]"
46,"[0, 0, 0, 0, 0, 0, 0, 0, 0, 0, 0, 0, 0, 0, 0, 0, 0, 0, 0, 0, 0, 0, 0, 0, 0, 0, 0, 0, 0, 0, 0, 0, 0, 0, 0, 0, 0, 0, 0, 0, 0, 6377.347674662409, 0, 0, 0, 4726.09725342664, 0, 0, 2160.2621265819243, 2452.592537423716, 2450.6496444343047, 0, 1802.042463186016, 0, 1993.7488816724258, 0, 0, 0, 2505.879717044383, 0, 3143.9889128247596, 1254.9939763481898, 581.5100710295644, 1128.5450173642087, 1121.8672446314667, 657.7614400862267, 1763.7010974382797]","[0, 0, 0, 1, 1, 2, 2, 2, 3, 3, 3, 3, 3, 4, 4, 4, 4, 4, 4, 4, 5, 5, 5, 5, 6, 6, 6, 6, 6, 7, 7, 7, 7, 7, 8, 8, 8, 9, 9, 9, 9, 9, 9, 10, 10, 11, 11, 11, 11, 11, 12, 12, 12, 12, 13, 13, 13, 13, 14, 14, 14, 14, 15, 15, 15, 15, 15]","[1, 1, 1, 2, 2, 3, 3, 3, 4, 4, 4, 4, 4, 5, 5, 5, 7, 10, 8, 8, 10, 10, 10, 11, 13, 14, 14, 16, 16, 18, 18, 18, 20, 20, 22, 22, 23, 24, 28, 26, 25, 26, 31, 28, 28, 29, 30, 30, 33, 36, 35, 35, 37, 36, 36, 37, 37, 37, 40, 40, 44, 44, 43, 44, 44, 45, 46]","[7, 10, 13, 11, 7, 10, 10, 20, 8, 26, 8, 20, 14, 25, 14, 25, 18, 37, 18, 22, 37, 16, 25, 18, 22, 26, 16, 35, 23, 24, 41, 26, 36, 40, 44, 33, 30, 28, 36, 30, 35, -1, 35, 29, 37, -1, 36, 46, -1, -1, -1, 43, -1, -1, -1, 40, 44, 44, -1, 43, -1, -1, -1, -1, -1, -1, -1]","[0, 0, 0, 0, 0, 0, 0, 0, 0, 0, 0, 0, 0, 0, 0, 0, 0, 0, 0, 0, 0, 0, 0, 0, 0, 0, 0, 0, 0, 0, 0, 0, 0, 0, 0, 0, 0, 0, 0, 0, 0, 4029.0, 0, 0, 0, 4029.0, 0, 0, 1808.538181782122, 2911.9155486687446, 4029.0, 0, 1450.3185183862136, 730.8319842074152, 4029.0, 0, 0, 0, 4029.0, 0, 4029.0, 1985.825960555605, 1312.3420552369796, 4029.0, 770.1432998316643, 1117.0844513312554, 4029.0]","[0, 0, 0, 0, 0, 0, 0, 0, 0, 0, 0, 0, 0, 0, 0, 0, 0, 0, 0, 0, 0, 0, 0, 0, 0, 0, 0, 0, 0, 0, 0, 0, 0, 0, 0, 0, 0, 0, 0, 0, 0, (1756.0146000000002, 0.15113333333333331, 0.6404), 0, 0, 0, (1434.4516, 0.22206666666666663, 0.8742666666666667), 0, 0, (278.22166666666675, 0.49906666666666666, 0.15853333333333333), (1356.158, 0.1402, 0.49906666666666666), (738.197, 0.009333333333333334, 0.0108), 0, (98.34026666666666, 0.21266666666666662, 0.17426666666666668), (99.26446666666666, 0.0004, 0.0014), (721.4196, 0.7326, 1.4462000000000002), 0, 0, 0, (321.563, 0.0134, 0.007933333333333334), 0, (205.5204, 0.03793333333333333, 0.025266666666666666), (343.93240000000003, 0.0, 0.0), (0.0, 0.004733333333333333, 0.0), (271.93059999999997, 0.26839999999999997, 0.0528), (461.3726, 0.008400000000000001, 0.008866666666666667), (192.93779999999998, 0.003933333333333333, 0.0014666666666666665), (39.146666666666654, 0.29753333333333337, 0.0019333333333333331)]","[0, 0, 0, 0, 0, 0, 0, 0, 0, 0, 0, 0, 0, 0, 0, 0, 0, 0, 0, 0, 0, 0, 0, 0, 0, 0, 0, 0, 0, 0, 0, 0, 0, 0, 0, 0, 0, 0, 0, 0, 0, (3, 0.07565000000000001, 0.43214444444444444), 0, 0, 0, (3, 0.0001, 0.21292777777777777), 0, 0, (3, 0.04115, 0.5988777777777777), (3, 8.333333333333333e-05, 0.11315), (2, 0.0, 0.0023666666666666667), 0, (1, 0.00011666666666666667, 0.04876111111111111), (1, 0.0, 0.0005111111111111112), (1, 0.0, 0.0003444444444444444), 0, 0, 0, (3, 0.0, 0.017744444444444448), 0, (3, 0.00125, 0.027633333333333336), (3, 0.020033333333333334, 0.0038777777777777777), (3, 0.0, 0.0012333333333333335), (1, 0.0, 0.00115), (2, 0.0, 0.0004944444444444445), (1, 0.26766666666666666, 0.015294444444444444), (1, 0.003, 0.06097777777777777)]","[-1, -1, -1, -1, -1, -1, -1, -1, -1, -1, -1, -1, -1, -1, -1, -1, -1, -1, -1, -1, -1, -1, -1, -1, -1, -1, -1, -1, -1, -1, -1, -1, -1, -1, -1, -1, -1, -1, -1, -1, -1, 1, -1, -1, -1, 0, -1, -1, 7, 15, 9, -1, 7, 11, 10, -1, -1, -1, 13, -1, 12, 11, 11, 8, 7, 15, 5]","[False, False, False, False, False, False, False, False, False, False, False, False, False, False, False, False, False, False, False, False, False, False, False, False, False, False, False, False, False, False, False, False, False, False, False, False, False, False, False, False, False, True, False, False, False, True, False, False, True, True, True, False, True, True, True, False, False, False, True, False, True, True, True, True, True, True, True]"
47,"[0, 0, 0, 0, 0, 0, 0, 0, 0, 0, 0, 0, 0, 0, 0, 0, 0, 0, 0, 0, 0, 0, 0, 0, 0, 0, 0, 0, 0, 0, 0, 0, 0, 0, 0, 0, 0, 0, 0, 0, 0, 4197.939949575493, 0, 0, 0, 3065.7406717796443, 0, 0, 3262.0959778524575, 2677.21116090064, 2453.616532623692, 0, 1136.5465383316057, 0, 0, 0, 0, 0, 2519.573048831511, 0, 3601.346184986549, 1266.8615316800874, 578.5431829120669, 1135.2227985320444, 1035.0560887968888, 711.18368902724, 1385.7651479872202, 731.2170323801198]","[0, 0, 0, 1, 1, 2, 2, 2, 3, 3, 3, 3, 3, 4, 4, 4, 4, 4, 4, 4, 5, 5, 5, 5, 6, 6, 6, 6, 6, 7, 7, 7, 7, 7, 8, 8, 8, 9, 9, 9, 9, 9, 9, 10, 10, 11, 11, 11, 11, 11, 12, 12, 12, 12, 13, 13, 13, 13, 14, 14, 14, 14, 15, 15, 15, 15, 15, 16]","[1, 1, 1, 2, 2, 3, 3, 3, 4, 4, 4, 4, 4, 5, 5, 5, 7, 10, 8, 8, 10, 10, 10, 11, 13, 14, 14, 16, 16, 18, 18, 18, 20, 20, 22, 22, 23, 24, 28, 26, 25, 26, 31, 28, 28, 29, 30, 30, 33, 36, 35, 35, 37, 36, 36, 37, 37, 37, 40, 40, 44, 44, 43, 44, 44, 45, 46, 47]","[7, 10, 13, 11, 7, 10, 10, 20, 8, 26, 8, 20, 14, 25, 14, 25, 18, 37, 18, 22, 37, 16, 25, 18, 22, 26, 16, 35, 23, 24, 41, 26, 36, 40, 44, 33, 30, 28, 36, 30, 35, -1, 35, 29, 37, -1, 36, 46, -1, -1, -1, 43, -1, 47, -1, 40, 44, 44, -1, 43, -1, -1, -1, -1, -1, -1, -1, -1]","[0, 0, 0, 0, 0, 0, 0, 0, 0, 0, 0, 0, 0, 0, 0, 0, 0, 0, 0, 0, 0, 0, 0, 0, 0, 0, 0, 0, 0, 0, 0, 0, 0, 0, 0, 0, 0, 0, 0, 0, 0, 4029.0, 0, 0, 0, 4029.0, 0, 0, 2793.8631095254736, 2997.5137359367, 4029.0, 0, 668.3136700046216, 0, 4029.0, 0, 0, 0, 4029.0, 0, 4029.0, 2358.6591743840104, 1670.3408256159898, 4029.0, 566.8232204699048, 1031.4862640632998, 4029.0, 4029.0]","[0, 0, 0, 0, 0, 0, 0, 0, 0, 0, 0, 0, 0, 0, 0, 0, 0, 0, 0, 0, 0, 0, 0, 0, 0, 0, 0, 0, 0, 0, 0, 0, 0, 0, 0, 0, 0, 0, 0, 0, 0, (1834.3084, 0.274, 0.7126), 0, 0, 0, (1392.5086000000001, 0.1512, 0.6417333333333333), 0, 0, (392.8656, 0.7547333333333333, 0.24346666666666666), (1227.5328, 0.18566666666666662, 0.4779333333333333), (352.32120000000003, 0.0094, 0.010866666666666667), 0, (87.92, 0.21286666666666668, 0.18966666666666662), 0, (626.3488000000001, 0.7791333333333333, 1.1652666666666667), 0, 0, 0, (343.9326, 0.013333333333333336, 0.0074666666666666675), 0, (130.0228, 0.042466666666666666, 0.027733333333333336), (306.18359999999996, 0.0, 0.0), (0.0, 0.004733333333333333, 6.666666666666668e-05), (277.5227333333333, 0.25306666666666666, 0.0498), (448.7898, 0.009933333333333334, 0.0104), (134.2176, 0.002, 0.0014), (65.71033333333331, 0.2166, 0.004533333333333333), (178.9568, 0.0019333333333333331, 0.0014666666666666665)]","[0, 0, 0, 0, 0, 0, 0, 0, 0, 0, 0, 0, 0, 0, 0, 0, 0, 0, 0, 0, 0, 0, 0, 0, 0, 0, 0, 0, 0, 0, 0, 0, 0, 0, 0, 0, 0, 0, 0, 0, 0, (3, 5e-05, 0.20435555555555557), 0, 0, 0, (3, 6.666666666666667e-05, 0.11822222222222224), 0, 0, (3, 0.00026666666666666673, 1.4022944444444445), (3, 3.3333333333333335e-05, 0.15232222222222222), (2, 0.0, 0.002344444444444444), 0, (1, 0.0, 0.050077777777777784), 0, (1, 0.0019833333333333335, 0.0026333333333333334), 0, 0, 0, (3, 0.0, 0.017083333333333332), 0, (3, 0.0008, 0.02777777777777778), (3, 0.008033333333333333, 0.003372222222222222), (3, 0.0, 0.0012666666666666666), (1, 0.0, 0.001172222222222222), (2, 0.0, 0.0004944444444444445), (1, 0.2701, 0.013050000000000004), (1, 0.0002833333333333333, 0.09404444444444444), (1, 0.36411666666666676, 0.01315)]","[-1, -1, -1, -1, -1, -1, -1, -1, -1, -1, -1, -1, -1, -1, -1, -1, -1, -1, -1, -1, -1, -1, -1, -1, -1, -1, -1, -1, -1, -1, -1, -1, -1, -1, -1, -1, -1, -1, -1, -1, -1, 1, -1, -1, -1, 0, -1, -1, 7, 15, 9, -1, 7, -1, 10, -1, -1, -1, 13, -1, 12, 11, 11, 8, 7, 15, 5, 2]","[False, False, False, False, False, False, False, False, False, False, False, False, False, False, False, False, False, False, False, False, False, False, False, False, False, False, False, False, False, False, False, False, False, False, False, False, False, False, False, False, False, True, False, False, False, True, False, False, True, True, True, False, True, False, True, False, False, False, True, False, True, True, True, True, True, True, True, True]"
48,"[0, 0, 0, 0, 0, 0, 0, 0, 0, 0, 0, 0, 0, 0, 0, 0, 0, 0, 0, 0, 0, 0, 0, 0, 0, 0, 0, 0, 0, 0, 0, 0, 0, 0, 0, 0, 0, 0, 0, 0, 0, 7242.4329137289415, 0, 0, 0, 5157.122179558036, 0, 0, 3983.2963168658976, 6028.278192232053, 2495.1529672751212, 0, 1426.8451722187147, 0, 0, 0, 0, 0, 2440.1517244661704, 0, 3261.75156374067, 1204.5568661876246, 593.3776234995555, 1208.6783913782356, 1051.750541842, 0, 1569.2557901120101, 657.7614400862267]","[0, 0, 0, 1, 1, 2, 2, 2, 3, 3, 3, 3, 3, 4, 4, 4, 4, 4, 4, 4, 5, 5, 5, 5, 6, 6, 6, 6, 6, 7, 7, 7, 7, 7, 8, 8, 8, 9, 9, 9, 9, 9, 9, 10, 10, 11, 11, 11, 11, 11, 12, 12, 12, 12, 13, 13, 13, 13, 14, 14, 14, 14, 15, 15, 15, 15, 15, 16]","[1, 1, 1, 2, 2, 3, 3, 3, 4, 4, 4, 4, 4, 5, 5, 5, 7, 10, 8, 8, 10, 10, 10, 11, 13, 14, 14, 16, 16, 18, 18, 18, 20, 20, 22, 22, 23, 24, 28, 26, 25, 26, 31, 28, 28, 29, 30, 30, 33, 36, 35, 35, 37, 36, 36, 37, 37, 37, 40, 40, 44, 44, 43, 44, 44, 45, 46, 47]","[7, 10, 13, 11, 7, 10, 10, 20, 8, 26, 8, 20, 14, 25, 14, 25, 18, 37, 18, 22, 37, 16, 25, 18, 22, 26, 16, 35, 23, 24, 41, 26, 36, 40, 44, 33, 30, 28, 36, 30, 35, -1, 35, 29, 37, -1, 36, 46, -1, -1, -1, 43, -1, 47, 48, 40, 44, 44, -1, 43, -1, -1, -1, -1, -1, -1, -1, -1]","[0, 0, 0, 0, 0, 0, 0, 0, 0, 0, 0, 0, 0, 0, 0, 0, 0, 0, 0, 0, 0, 0, 0, 0, 0, 0, 0, 0, 0, 0, 0, 0, 0, 0, 0, 0, 0, 0, 0, 0, 0, 4029.0, 0, 0, 0, 4029.0, 0, 0, 3172.3323065570266, 5028.639096116027, 4029.0, 0, 615.8811619098439, 0, 0, 0, 0, 0, 4029.0, 0, 4029.0, 2320.0896213440346, 1708.9103786559656, 4029.0, 240.78653153312928, -999.6390961160264, 4029.0, 4029.0]","[0, 0, 0, 0, 0, 0, 0, 0, 0, 0, 0, 0, 0, 0, 0, 0, 0, 0, 0, 0, 0, 0, 0, 0, 0, 0, 0, 0, 0, 0, 0, 0, 0, 0, 0, 0, 0, 0, 0, 0, 0, (1937.767933333333, 0.2582, 0.7142000000000001), 0, 0, 0, (1632.9818, 0.3732, 0.7381333333333333), 0, 0, (432.01279999999997, 0.8446, 0.2776), (1551.892, 0.19686666666666666, 1.39), (218.1036, 0.009333333333333334, 0.010666666666666666), 0, (83.36113333333331, 0.21606666666666663, 0.18393333333333337), 0, 0, 0, 0, 0, (478.1502, 0.012199999999999999, 0.007066666666666666), 0, (110.44946666666667, 0.04046666666666667, 0.026666666666666672), (322.961, 0.0, 0.0), (67.1088, 0.004666666666666667, 6.666666666666668e-05), (304.0866, 0.2961333333333333, 0.05726666666666666), (450.1882666666667, 0.0092, 0.009466666666666667), (226.49220000000003, 0.0016666666666666668, 0.0014), (40.54486666666667, 0.21746666666666667, 0.0017333333333333335), (192.93779999999998, 0.003933333333333333, 0.0014666666666666665)]","[0, 0, 0, 0, 0, 0, 0, 0, 0, 0, 0, 0, 0, 0, 0, 0, 0, 0, 0, 0, 0, 0, 0, 0, 0, 0, 0, 0, 0, 0, 0, 0, 0, 0, 0, 0, 0, 0, 0, 0, 0, (3, 0.17391666666666664, 0.4805555555555557), 0, 0, 0, (3, 0.09808333333333331, 0.2580777777777778), 0, 0, (3, 0.0, 1.846088888888889), (3, 0.0001, 0.1530611111111111), (2, 0.0, 0.002655555555555556), 0, (1, 0.0, 0.04877777777777778), 0, 0, 0, 0, 0, (3, 0.0009, 0.02215), 0, (3, 0.00011666666666666667, 0.02971666666666666), (3, 0.007916666666666667, 0.003444444444444445), (3, 0.0, 0.0012222222222222224), (1, 0.0, 0.0010444444444444444), (2, 0.0, 0.0005166666666666667), (1, 0.27021666666666666, 0.012733333333333334), (1, 0.0, 0.05373333333333333), (1, 0.26766666666666666, 0.015294444444444444)]","[-1, -1, -1, -1, -1, -1, -1, -1, -1, -1, -1, -1, -1, -1, -1, -1, -1, -1, -1, -1, -1, -1, -1, -1, -1, -1, -1, -1, -1, -1, -1, -1, -1, -1, -1, -1, -1, -1, -1, -1, -1, 1, -1, -1, -1, 0, -1, -1, 7, 15, 9, -1, 7, -1, -1, -1, -1, -1, 13, -1, 12, 11, 11, 8, 7, 15, 5, 2]","[False, False, False, False, False, False, False, False, False, False, False, False, False, False, False, False, False, False, False, False, False, False, False, False, False, False, False, False, False, False, False, False, False, False, False, False, False, False, False, False, False, True, False, False, False, True, False, False, True, True, True, False, True, False, False, False, False, False, True, False, True, True, True, True, True, True, True, True]"
49,"[0, 0, 0, 0, 0, 0, 0, 0, 0, 0, 0, 0, 0, 0, 0, 0, 0, 0, 0, 0, 0, 0, 0, 0, 0, 0, 0, 0, 0, 0, 0, 0, 0, 0, 0, 0, 0, 0, 0, 0, 0, 3861.0120143601066, 0, 0, 0, 6377.347674662409, 0, 0, 3906.5018363228, 6374.312287858666, 2423.947650729814, 0, 2127.9437597196566, 0, 0, 0, 0, 0, 2429.1970590364676, 0, 3502.7541981732297, 1252.0270875152155, 572.6094066770711, 1225.3728442978247, 1055.0894324510223, 0, 1517.22113040498, 711.18368902724, 1235.3895160495777]","[0, 0, 0, 1, 1, 2, 2, 2, 3, 3, 3, 3, 3, 4, 4, 4, 4, 4, 4, 4, 5, 5, 5, 5, 6, 6, 6, 6, 6, 7, 7, 7, 7, 7, 8, 8, 8, 9, 9, 9, 9, 9, 9, 10, 10, 11, 11, 11, 11, 11, 12, 12, 12, 12, 13, 13, 13, 13, 14, 14, 14, 14, 15, 15, 15, 15, 15, 16, 16]","[1, 1, 1, 2, 2, 3, 3, 3, 4, 4, 4, 4, 4, 5, 5, 5, 7, 10, 8, 8, 10, 10, 10, 11, 13, 14, 14, 16, 16, 18, 18, 18, 20, 20, 22, 22, 23, 24, 28, 26, 25, 26, 31, 28, 28, 29, 30, 30, 33, 36, 35, 35, 37, 36, 36, 37, 37, 37, 40, 40, 44, 44, 43, 44, 44, 45, 46, 47, 49]","[7, 10, 13, 11, 7, 10, 10, 20, 8, 26, 8, 20, 14, 25, 14, 25, 18, 37, 18, 22, 37, 16, 25, 18, 22, 26, 16, 35, 23, 24, 41, 26, 36, 40, 44, 33, 30, 28, 36, 30, 35, -1, 35, 29, 37, -1, 36, 46, -1, -1, -1, 43, -1, 47, 48, 40, 44, 44, -1, 43, -1, -1, -1, -1, -1, 49, -1, -1, -1]","[0, 0, 0, 0, 0, 0, 0, 0, 0, 0, 0, 0, 0, 0, 0, 0, 0, 0, 0, 0, 0, 0, 0, 0, 0, 0, 0, 0, 0, 0, 0, 0, 0, 0, 0, 0, 0, 0, 0, 0, 0, 4029.0, 0, 0, 0, 4029.0, 0, 0, 2886.3234934916404, 4029.0, 4029.0, 0, 1107.765416888497, 0, 0, 0, 0, 0, 4029.0, 0, 4029.0, 2354.208840419072, 1674.7911595809278, 4029.0, 34.91108961986254, 0, 4029.0, 4029.0, 4029.0]","[0, 0, 0, 0, 0, 0, 0, 0, 0, 0, 0, 0, 0, 0, 0, 0, 0, 0, 0, 0, 0, 0, 0, 0, 0, 0, 0, 0, 0, 0, 0, 0, 0, 0, 0, 0, 0, 0, 0, 0, 0, (2088.762666666667, 0.21493333333333337, 0.8076), 0, 0, 0, (1756.0146000000002, 0.15113333333333331, 0.6404), 0, 0, (339.7382, 0.8196, 0.2693333333333333), (1736.4414, 0.2492666666666667, 1.2721333333333333), (134.2176, 0.009266666666666668, 0.010666666666666666), 0, (90.52506666666666, 0.3320666666666667, 0.2432666666666667), 0, 0, 0, 0, 0, (461.373, 0.013266666666666668, 0.0067333333333333325), 0, (119.5372, 0.03373333333333334, 0.02686666666666667), (301.98940000000005, 0.0, 0.0), (22.3696, 0.0048, 0.0), (292.20259999999996, 0.28073333333333333, 0.056799999999999996), (461.373, 0.0016666666666666668, 0.0013333333333333333), 0, (26.56353333333333, 0.21073333333333333, 0.0014), (134.2176, 0.002, 0.0014), (267.736, 0.28726666666666667, 0.0504)]","[0, 0, 0, 0, 0, 0, 0, 0, 0, 0, 0, 0, 0, 0, 0, 0, 0, 0, 0, 0, 0, 0, 0, 0, 0, 0, 0, 0, 0, 0, 0, 0, 0, 0, 0, 0, 0, 0, 0, 0, 0, (3, 6.666666666666667e-05, 0.18205555555555555), 0, 0, 0, (3, 0.07565000000000001, 0.43214444444444444), 0, 0, (3, 3.3333333333333335e-05, 1.7759777777777779), (3, 0.00015, 0.2104), (2, 0.0, 0.0023833333333333337), 0, (1, 0.0002333333333333333, 0.0568888888888889), 0, 0, 0, 0, 0, (3, 0.0, 0.017055555555555553), 0, (3, 0.0013666666666666669, 0.04000555555555556), (3, 0.00785, 0.003533333333333333), (3, 0.0, 0.0012777777777777776), (1, 0.0, 0.001027777777777778), (2, 0.0, 0.01923888888888889), 0, (1, 1.666666666666667e-05, 0.05187222222222222), (1, 0.2701, 0.013050000000000004), (1, 0.0, 0.0011611111111111112)]","[-1, -1, -1, -1, -1, -1, -1, -1, -1, -1, -1, -1, -1, -1, -1, -1, -1, -1, -1, -1, -1, -1, -1, -1, -1, -1, -1, -1, -1, -1, -1, -1, -1, -1, -1, -1, -1, -1, -1, -1, -1, 1, -1, -1, -1, 0, -1, -1, 7, 15, 9, -1, 7, -1, -1, -1, -1, -1, 13, -1, 12, 11, 11, 8, 7, -1, 5, 2, 14]","[False, False, False, False, False, False, False, False, False, False, False, False, False, False, False, False, False, False, False, False, False, False, False, False, False, False, False, False, False, False, False, False, False, False, False, False, False, False, False, False, False, True, False, False, False, True, False, False, True, True, True, False, True, False, False, False, False, False, True, False, True, True, True, True, True, False, True, True, True]"
50,"[0, 0, 0, 0, 0, 0, 0, 0, 0, 0, 0, 0, 0, 0, 0, 0, 0, 0, 0, 0, 0, 0, 0, 0, 0, 0, 0, 0, 0, 0, 0, 0, 0, 0, 0, 0, 0, 0, 0, 0, 0, 4753.41573466032, 0, 0, 0, 4197.939949575493, 0, 0, 4300.490910413475, 3703.171900565511, 2423.947650729814, 0, 2445.6290571810214, 0, 0, 0, 0, 0, 0, 0, 2935.85027399664, 1225.3250880184453, 664.582938319502, 1228.7117348817424, 0, 0, 1569.2557901120101, 647.7447684097866, 1235.3895160495777]","[0, 0, 0, 1, 1, 2, 2, 2, 3, 3, 3, 3, 3, 4, 4, 4, 4, 4, 4, 4, 5, 5, 5, 5, 6, 6, 6, 6, 6, 7, 7, 7, 7, 7, 8, 8, 8, 9, 9, 9, 9, 9, 9, 10, 10, 11, 11, 11, 11, 11, 12, 12, 12, 12, 13, 13, 13, 13, 14, 14, 14, 14, 15, 15, 15, 15, 15, 16, 16]","[1, 1, 1, 2, 2, 3, 3, 3, 4, 4, 4, 4, 4, 5, 5, 5, 7, 10, 8, 8, 10, 10, 10, 11, 13, 14, 14, 16, 16, 18, 18, 18, 20, 20, 22, 22, 23, 24, 28, 26, 25, 26, 31, 28, 28, 29, 30, 30, 33, 36, 35, 35, 37, 36, 36, 37, 37, 37, 40, 40, 44, 44, 43, 44, 44, 45, 46, 47, 49]","[7, 10, 13, 11, 7, 10, 10, 20, 8, 26, 8, 20, 14, 25, 14, 25, 18, 37, 18, 22, 37, 16, 25, 18, 22, 26, 16, 35, 23, 24, 41, 26, 36, 40, 44, 33, 30, 28, 36, 30, 35, -1, 35, 29, 37, -1, 36, 46, -1, -1, -1, 43, -1, 47, 48, 40, 44, 44, -1, 43, -1, -1, -1, -1, -1, 49, -1, -1, -1]","[0, 0, 0, 0, 0, 0, 0, 0, 0, 0, 0, 0, 0, 0, 0, 0, 0, 0, 0, 0, 0, 0, 0, 0, 0, 0, 0, 0, 0, 0, 0, 0, 0, 0, 0, 0, 0, 0, 0, 0, 0, 4029.0, 0, 0, 0, 4029.0, 0, 0, 3394.784254548643, 4029.0, 4029.0, 0, 1539.9224013161893, 0, 0, 0, 0, 0, 4029.0, 0, 4029.0, 2294.8710748494714, 1734.1289251505282, 4029.0, -905.7066558648321, 0, 4029.0, 4029.0, 4029.0]","[0, 0, 0, 0, 0, 0, 0, 0, 0, 0, 0, 0, 0, 0, 0, 0, 0, 0, 0, 0, 0, 0, 0, 0, 0, 0, 0, 0, 0, 0, 0, 0, 0, 0, 0, 0, 0, 0, 0, 0, 0, (1599.4273999999998, 0.17526666666666668, 1.018), 0, 0, 0, (1834.3084, 0.274, 0.7126), 0, 0, (322.9608666666666, 0.8597333333333332, 0.2828), (1493.1718, 0.1692, 0.7876000000000001), (33.5544, 0.009333333333333334, 0.010466666666666668), 0, (126.996, 0.5407333333333333, 0.289), 0, 0, 0, 0, 0, (416.6338, 0.0116, 0.0067333333333333325), 0, (105.55626666666666, 0.03646666666666667, 0.024466666666666664), (328.5532, 0.0, 0.0), (78.29360000000001, 0.005933333333333334, 0.0014666666666666665), (276.8236, 0.27726666666666666, 0.054666666666666655), (450.1881333333334, 0.0015333333333333334, 0.0012), 0, (40.54466666666666, 0.2174, 0.0013333333333333333), (226.49220000000003, 0.0016666666666666668, 0.0014), (279.6198, 0.2951333333333333, 0.05206666666666667)]","[0, 0, 0, 0, 0, 0, 0, 0, 0, 0, 0, 0, 0, 0, 0, 0, 0, 0, 0, 0, 0, 0, 0, 0, 0, 0, 0, 0, 0, 0, 0, 0, 0, 0, 0, 0, 0, 0, 0, 0, 0, (3, 0.0005166666666666667, 0.18142777777777777), 0, 0, 0, (3, 5e-05, 0.20435555555555557), 0, 0, (3, 0.00455, 1.9583666666666668), (3, 0.0001, 0.13415555555555556), (2, 0.0, 0.0022833333333333334), 0, (1, 0.0001, 0.059855555555555565), 0, 0, 0, 0, 0, (3, 0.0, 0.024077777777777778), 0, (3, 0.0, 0.024422222222222224), (3, 0.007816666666666666, 0.003527777777777778), (3, 0.0, 0.0033777777777777777), (1, 0.0, 0.0013833333333333334), (2, 0.0, 0.0005), 0, (1, 0.00013333333333333334, 0.05250555555555555), (1, 0.27021666666666666, 0.012733333333333334), (1, 0.0, 0.0009000000000000001)]","[-1, -1, -1, -1, -1, -1, -1, -1, -1, -1, -1, -1, -1, -1, -1, -1, -1, -1, -1, -1, -1, -1, -1, -1, -1, -1, -1, -1, -1, -1, -1, -1, -1, -1, -1, -1, -1, -1, -1, -1, -1, 1, -1, -1, -1, 0, -1, -1, 7, 15, 9, -1, 7, -1, -1, -1, -1, -1, 13, -1, 12, 11, 11, 8, 7, -1, 5, 2, 14]","[False, False, False, False, False, False, False, False, False, False, False, False, False, False, False, False, False, False, False, False, False, False, False, False, False, False, False, False, False, False, False, False, False, False, False, False, False, False, False, False, False, True, False, False, False, True, False, False, True, True, True, False, True, False, False, False, False, False, True, False, True, True, True, True, True, False, True, True, True]"
51,"[0, 0, 0, 0, 0, 0, 0, 0, 0, 0, 0, 0, 0, 0, 0, 0, 0, 0, 0, 0, 0, 0, 0, 0, 0, 0, 0, 0, 0, 0, 0, 0, 0, 0, 0, 0, 0, 0, 0, 0, 0, 5117.662151109386, 0, 0, 0, 7242.4329137289415, 0, 0, 4420.690966915716, 3949.038231668631, 2394.2787688359367, 0, 2166.2850887236145, 0, 0, 0, 0, 0, 0, 0, 2837.2582871833197, 1254.9939763481898, 626.0133927920311, 1318.8617806475224, 0, 0, 1662.37044432459, 0, 1128.5450173642087, 922.7020845904912, 1154.1194728238213]","[0, 0, 0, 1, 1, 2, 2, 2, 3, 3, 3, 3, 3, 4, 4, 4, 4, 4, 4, 4, 5, 5, 5, 5, 6, 6, 6, 6, 6, 7, 7, 7, 7, 7, 8, 8, 8, 9, 9, 9, 9, 9, 9, 10, 10, 11, 11, 11, 11, 11, 12, 12, 12, 12, 13, 13, 13, 13, 14, 14, 14, 14, 15, 15, 15, 15, 15, 16, 16, 17, 17]","[1, 1, 1, 2, 2, 3, 3, 3, 4, 4, 4, 4, 4, 5, 5, 5, 7, 10, 8, 8, 10, 10, 10, 11, 13, 14, 14, 16, 16, 18, 18, 18, 20, 20, 22, 22, 23, 24, 28, 26, 25, 26, 31, 28, 28, 29, 30, 30, 33, 36, 35, 35, 37, 36, 36, 37, 37, 37, 40, 40, 44, 44, 43, 44, 44, 45, 46, 47, 49, 51, 51]","[7, 10, 13, 11, 7, 10, 10, 20, 8, 26, 8, 20, 14, 25, 14, 25, 18, 37, 18, 22, 37, 16, 25, 18, 22, 26, 16, 35, 23, 24, 41, 26, 36, 40, 44, 33, 30, 28, 36, 30, 35, -1, 35, 29, 37, -1, 36, 46, -1, -1, -1, 43, -1, 47, 48, 40, 44, 44, 51, 43, -1, -1, -1, -1, 51, 49, -1, -1, -1, -1, -1]","[0, 0, 0, 0, 0, 0, 0, 0, 0, 0, 0, 0, 0, 0, 0, 0, 0, 0, 0, 0, 0, 0, 0, 0, 0, 0, 0, 0, 0, 0, 0, 0, 0, 0, 0, 0, 0, 0, 0, 0, 0, 4029.0, 0, 0, 0, 4029.0, 0, 0, 3141.7029390960506, 4029.0, 4029.0, 0, 887.2970609039494, 0, 0, 0, 0, 0, 0, 0, 4029.0, 1272.7867447095564, 643.8061611533979, 4029.0, 0, 0, 4029.0, 4029.0, 4029.0, 940.4948529518579, 1171.9122411851881]","[0, 0, 0, 0, 0, 0, 0, 0, 0, 0, 0, 0, 0, 0, 0, 0, 0, 0, 0, 0, 0, 0, 0, 0, 0, 0, 0, 0, 0, 0, 0, 0, 0, 0, 0, 0, 0, 0, 0, 0, 0, (1652.5552, 0.23406666666666665, 1.0530666666666666), 0, 0, 0, (1937.767933333333, 0.2582, 0.7142000000000001), 0, 0, (436.2071333333334, 0.5388, 0.25873333333333337), (1484.7831999999999, 0.21580000000000002, 0.8416666666666666), (100.6632, 0.009266666666666668, 0.010733333333333333), 0, (113.97066666666669, 0.33546666666666664, 0.21846666666666667), 0, 0, 0, 0, 0, 0, 0, (111.8476, 0.035666666666666666, 0.024), (282.41606666666667, 0.0, 0.0), (44.7392, 0.004666666666666667, 6.666666666666668e-05), (332.04866666666675, 0.30326666666666663, 0.05866666666666666), 0, 0, (36.35026666666667, 0.25166666666666665, 0.0012), (271.2314, 0.0722, 0.0028666666666666667), (271.93059999999997, 0.26839999999999997, 0.0528), (97.867, 0.5311333333333333, 0.4374666666666666), (176.16013333333333, 1.632466666666667, 0.017733333333333334)]","[0, 0, 0, 0, 0, 0, 0, 0, 0, 0, 0, 0, 0, 0, 0, 0, 0, 0, 0, 0, 0, 0, 0, 0, 0, 0, 0, 0, 0, 0, 0, 0, 0, 0, 0, 0, 0, 0, 0, 0, 0, (3, 6.666666666666667e-05, 0.19762222222222223), 0, 0, 0, (3, 0.17391666666666664, 0.4805555555555557), 0, 0, (3, 0.009816666666666666, 1.9489666666666665), (3, 0.0001, 0.17663333333333334), (2, 0.0, 0.002338888888888889), 0, (1, 0.0, 0.05419444444444445), 0, 0, 0, 0, 0, 0, 0, (3, 0.0, 0.028383333333333337), (3, 0.00675, 0.003411111111111111), (3, 0.0, 0.0013444444444444443), (1, 0.0, 0.0009222222222222221), 0, 0, (1, 0.0, 0.05533333333333333), (1, 0.24863333333333332, 0.04668333333333334), (1, 0.0, 0.00115), (1, 0.0, 0.0014666666666666662), (3, 0.0, 0.0001388888888888889)]","[-1, -1, -1, -1, -1, -1, -1, -1, -1, -1, -1, -1, -1, -1, -1, -1, -1, -1, -1, -1, -1, -1, -1, -1, -1, -1, -1, -1, -1, -1, -1, -1, -1, -1, -1, -1, -1, -1, -1, -1, -1, 1, -1, -1, -1, 0, -1, -1, 7, 15, 9, -1, 7, -1, -1, -1, -1, -1, -1, -1, 12, 11, 11, 8, -1, -1, 5, 2, 14, 11, 11]","[False, False, False, False, False, False, False, False, False, False, False, False, False, False, False, False, False, False, False, False, False, False, False, False, False, False, False, False, False, False, False, False, False, False, False, False, False, False, False, False, False, True, False, False, False, True, False, False, True, True, True, False, True, False, False, False, False, False, False, False, True, True, True, True, False, False, True, True, True, True, True]"
52,"[0, 0, 0, 0, 0, 0, 0, 0, 0, 0, 0, 0, 0, 0, 0, 0, 0, 0, 0, 0, 0, 0, 0, 0, 0, 0, 0, 0, 0, 0, 0, 0, 0, 0, 0, 0, 0, 0, 0, 0, 0, 4122.055279481939, 0, 0, 0, 0, 0, 0, 3412.3460484802577, 3566.579494397111, 2376.47743969961, 0, 2018.3971054226345, 0, 0, 0, 0, 0, 0, 0, 2777.0076285751793, 1320.2655306736276, 593.3776234995555, 0, 0, 0, 1654.15444542348, 0, 1135.2227985320444, 925.6689723222934, 1875.0732823255908, 777.9614183128089, 450.7502254398]","[0, 0, 0, 1, 1, 2, 2, 2, 3, 3, 3, 3, 3, 4, 4, 4, 4, 4, 4, 4, 5, 5, 5, 5, 6, 6, 6, 6, 6, 7, 7, 7, 7, 7, 8, 8, 8, 9, 9, 9, 9, 9, 9, 10, 10, 11, 11, 11, 11, 11, 12, 12, 12, 12, 13, 13, 13, 13, 14, 14, 14, 14, 15, 15, 15, 15, 15, 16, 16, 17, 17, 17, 17]","[1, 1, 1, 2, 2, 3, 3, 3, 4, 4, 4, 4, 4, 5, 5, 5, 7, 10, 8, 8, 10, 10, 10, 11, 13, 14, 14, 16, 16, 18, 18, 18, 20, 20, 22, 22, 23, 24, 28, 26, 25, 26, 31, 28, 28, 29, 30, 30, 33, 36, 35, 35, 37, 36, 36, 37, 37, 37, 40, 40, 44, 44, 43, 44, 44, 45, 46, 47, 49, 51, 51, 52, 52]","[7, 10, 13, 11, 7, 10, 10, 20, 8, 26, 8, 20, 14, 25, 14, 25, 18, 37, 18, 22, 37, 16, 25, 18, 22, 26, 16, 35, 23, 24, 41, 26, 36, 40, 44, 33, 30, 28, 36, 30, 35, -1, 35, 29, 37, -1, 36, 46, -1, -1, -1, 43, -1, 47, 48, 40, 44, 44, 51, 43, -1, -1, -1, -1, 51, 49, -1, 52, -1, -1, -1, -1, -1]","[0, 0, 0, 0, 0, 0, 0, 0, 0, 0, 0, 0, 0, 0, 0, 0, 0, 0, 0, 0, 0, 0, 0, 0, 0, 0, 0, 0, 0, 0, 0, 0, 0, 0, 0, 0, 0, 0, 0, 0, 0, 4029.0, 0, 0, 0, 4029.0, 0, 0, 2711.4744715288116, 4029.0, 2977.363607129905, 0, 1317.5255284711884, 0, 0, 0, 0, 0, 0, 0, 4029.0, 1148.9191784683608, 422.0312712942887, 4029.0, 0, 0, 4029.0, 0, 4029.0, 754.3226201170265, 1703.726930120324, 4029.0, 1051.636392870095]","[0, 0, 0, 0, 0, 0, 0, 0, 0, 0, 0, 0, 0, 0, 0, 0, 0, 0, 0, 0, 0, 0, 0, 0, 0, 0, 0, 0, 0, 0, 0, 0, 0, 0, 0, 0, 0, 0, 0, 0, 0, (1744.8298, 0.16613333333333333, 0.7657333333333333), 0, 0, 0, (2088.762666666667, 0.21493333333333337, 0.8076), 0, 0, (391.46766666666673, 0.6240666666666668, 0.2032), (1644.1666, 0.15380000000000002, 0.6252666666666667), (117.4404, 0.0092, 0.0106), 0, (114.62193333333336, 0.28486666666666666, 0.20433333333333337), 0, 0, 0, 0, 0, 0, 0, (115.3428, 0.03426666666666667, 0.023266666666666665), (459.97486666666657, 0.0, 0.0), (44.7392, 0.004666666666666667, 0.0), (318.06759999999997, 0.2734, 0.057466666666666666), 0, 0, (36.35046666666667, 0.2538666666666667, 0.0013333333333333333), 0, (277.5227333333333, 0.25306666666666666, 0.0498), (114.6442, 0.5428, 0.4749333333333333), (214.6078, 3.082733333333333, 0.04673333333333334), (123.73126666666663, 0.009733333333333332, 0.0028), (184.549, 0.0, 0.0)]","[0, 0, 0, 0, 0, 0, 0, 0, 0, 0, 0, 0, 0, 0, 0, 0, 0, 0, 0, 0, 0, 0, 0, 0, 0, 0, 0, 0, 0, 0, 0, 0, 0, 0, 0, 0, 0, 0, 0, 0, 0, (3, 5e-05, 0.15916666666666668), 0, 0, 0, (3, 6.666666666666667e-05, 0.18205555555555555), 0, 0, (3, 0.0, 1.7597444444444446), (3, 5e-05, 0.16941111111111112), (2, 0.0, 0.0023166666666666665), 0, (1, 3.3333333333333335e-05, 0.05196111111111111), 0, 0, 0, 0, 0, 0, 0, (3, 0.0, 0.027411111111111112), (3, 0.0192, 0.013244444444444444), (3, 0.0, 0.0013), (1, 0.0, 0.0007888888888888889), 0, 0, (1, 0.0, 0.0559388888888889), 0, (1, 0.0, 0.001172222222222222), (1, 0.0, 0.001527777777777778), (3, 0.0, 0.00015555555555555556), (2, 0.0, 2.2222222222222223e-05), (1, 0.0, 0.00029444444444444445)]","[-1, -1, -1, -1, -1, -1, -1, -1, -1, -1, -1, -1, -1, -1, -1, -1, -1, -1, -1, -1, -1, -1, -1, -1, -1, -1, -1, -1, -1, -1, -1, -1, -1, -1, -1, -1, -1, -1, -1, -1, -1, 1, -1, -1, -1, 0, -1, -1, 7, 15, 9, -1, 7, -1, -1, -1, -1, -1, -1, -1, 12, 11, 11, 8, -1, -1, 5, -1, 14, 11, 11, 2, 9]","[False, False, False, False, False, False, False, False, False, False, False, False, False, False, False, False, False, False, False, False, False, False, False, False, False, False, False, False, False, False, False, False, False, False, False, False, False, False, False, False, False, True, False, False, False, True, False, False, True, True, True, False, True, False, False, False, False, False, False, False, True, True, True, True, False, False, True, False, True, True, True, True, True]"
53,"[0, 0, 0, 0, 0, 0, 0, 0, 0, 0, 0, 0, 0, 0, 0, 0, 0, 0, 0, 0, 0, 0, 0, 0, 0, 0, 0, 0, 0, 0, 0, 0, 0, 0, 0, 0, 0, 0, 0, 0, 0, 2995.9267752935734, 0, 0, 0, 0, 0, 0, 3545.9016668160803, 4726.09725342664, 2382.4112160783857, 0, 1966.362444631549, 0, 0, 0, 0, 0, 0, 0, 3089.2155868173595, 1269.8284205130622, 596.3445116170533, 0, 0, 0, 1678.80244212681, 0, 1208.6783913782356, 928.6358600540952, 1510.1460454172877, 888.1447951553957, 570.9502855570801, 1876.4565081617916, 450.7502254398]","[0, 0, 0, 1, 1, 2, 2, 2, 3, 3, 3, 3, 3, 4, 4, 4, 4, 4, 4, 4, 5, 5, 5, 5, 6, 6, 6, 6, 6, 7, 7, 7, 7, 7, 8, 8, 8, 9, 9, 9, 9, 9, 9, 10, 10, 11, 11, 11, 11, 11, 12, 12, 12, 12, 13, 13, 13, 13, 14, 14, 14, 14, 15, 15, 15, 15, 15, 16, 16, 17, 17, 17, 17, 17, 18]","[1, 1, 1, 2, 2, 3, 3, 3, 4, 4, 4, 4, 4, 5, 5, 5, 7, 10, 8, 8, 10, 10, 10, 11, 13, 14, 14, 16, 16, 18, 18, 18, 20, 20, 22, 22, 23, 24, 28, 26, 25, 26, 31, 28, 28, 29, 30, 30, 33, 36, 35, 35, 37, 36, 36, 37, 37, 37, 40, 40, 44, 44, 43, 44, 44, 45, 46, 47, 49, 51, 51, 52, 52, 53, 53]","[7, 10, 13, 11, 7, 10, 10, 20, 8, 26, 8, 20, 14, 25, 14, 25, 18, 37, 18, 22, 37, 16, 25, 18, 22, 26, 16, 35, 23, 24, 41, 26, 36, 40, 44, 33, 30, 28, 36, 30, 35, -1, 35, 29, 37, 53, 36, 46, -1, -1, -1, 43, -1, 47, 48, 40, 44, 44, 51, 43, -1, -1, -1, 53, 51, 49, -1, 52, -1, -1, -1, -1, -1, -1, -1]","[0, 0, 0, 0, 0, 0, 0, 0, 0, 0, 0, 0, 0, 0, 0, 0, 0, 0, 0, 0, 0, 0, 0, 0, 0, 0, 0, 0, 0, 0, 0, 0, 0, 0, 0, 0, 0, 0, 0, 0, 0, 4029.0, 0, 0, 0, 0, 0, 0, 2804.2696110922657, 4029.0, 2920.2304652606526, 0, 1224.7303889077343, 0, 0, 0, 0, 0, 0, 0, 4029.0, 1200.8397111126876, 527.3558022166787, 0, 0, 0, 4029.0, 0, 4029.0, 859.6471506537207, 1441.1573360169132, 4029.0, 1108.7695347393474, 4029.0, 4029.0]","[0, 0, 0, 0, 0, 0, 0, 0, 0, 0, 0, 0, 0, 0, 0, 0, 0, 0, 0, 0, 0, 0, 0, 0, 0, 0, 0, 0, 0, 0, 0, 0, 0, 0, 0, 0, 0, 0, 0, 0, 0, (1400.8971999999999, 0.20986666666666667, 0.7470666666666668), 0, 0, 0, 0, 0, 0, (271.23113333333333, 0.6398666666666667, 0.20813333333333334), (1434.4516, 0.22206666666666663, 0.8742666666666667), (134.2176, 0.0092, 0.010733333333333333), 0, (98.99153333333334, 0.26739999999999997, 0.19593333333333338), 0, 0, 0, 0, 0, 0, 0, (111.1486, 0.03153333333333334, 0.0434), (363.5057333333333, 0.0, 0.0), (33.5544, 0.0046, 6.666666666666668e-05), 0, 0, 0, (71.3028, 0.24086666666666667, 0.0012), 0, (304.0866, 0.2961333333333333, 0.05726666666666666), (109.0518, 0.5416666666666666, 0.5044666666666666), (434.80906666666664, 2.7484, 0.018466666666666666), (120.93533333333332, 0.045200000000000004, 0.020266666666666665), (225.0938, 0.0, 0.0), (258.64820000000003, 0.019533333333333337, 0.0016), (184.549, 0.0, 0.0)]","[0, 0, 0, 0, 0, 0, 0, 0, 0, 0, 0, 0, 0, 0, 0, 0, 0, 0, 0, 0, 0, 0, 0, 0, 0, 0, 0, 0, 0, 0, 0, 0, 0, 0, 0, 0, 0, 0, 0, 0, 0, (3, 5e-05, 0.10956111111111111), 0, 0, 0, 0, 0, 0, (3, 0.0, 1.805188888888889), (3, 0.0001, 0.21292777777777777), (2, 0.0, 0.002361111111111111), 0, (1, 0.0, 0.051827777777777785), 0, 0, 0, 0, 0, 0, 0, (3, 0.0009, 0.029877777777777774), (3, 0.10526666666666666, 0.011727777777777776), (3, 0.0, 0.001222222222222222), 0, 0, 0, (1, 0.0, 0.05382777777777778), 0, (1, 0.0, 0.0010444444444444444), (1, 0.0, 0.0017222222222222224), (3, 0.0, 0.00023888888888888888), (2, 0.0, 0.0), (1, 0.0, 0.0002833333333333333), (3, 0.05115, 0.03694444444444444), (1, 0.0, 0.00029444444444444445)]","[-1, -1, -1, -1, -1, -1, -1, -1, -1, -1, -1, -1, -1, -1, -1, -1, -1, -1, -1, -1, -1, -1, -1, -1, -1, -1, -1, -1, -1, -1, -1, -1, -1, -1, -1, -1, -1, -1, -1, -1, -1, 1, -1, -1, -1, -1, -1, -1, 7, 15, 9, -1, 7, -1, -1, -1, -1, -1, -1, -1, 12, 11, 11, -1, -1, -1, 5, -1, 14, 11, 11, 2, 9, 4, 13]","[False, False, False, False, False, False, False, False, False, False, False, False, False, False, False, False, False, False, False, False, False, False, False, False, False, False, False, False, False, False, False, False, False, False, False, False, False, False, False, False, False, True, False, False, False, False, False, False, True, True, True, False, True, False, False, False, False, False, False, False, True, True, True, False, False, False, True, False, True, True, True, True, True, True, True]"
54,"[0, 0, 0, 0, 0, 0, 0, 0, 0, 0, 0, 0, 0, 0, 0, 0, 0, 0, 0, 0, 0, 0, 0, 0, 0, 0, 0, 0, 0, 0, 0, 0, 0, 0, 0, 0, 0, 0, 0, 0, 0, 0, 0, 0, 0, 0, 0, 0, 0, 3065.7406717796443, 0, 0, 1996.48777456323, 0, 0, 0, 0, 0, 0, 0, 2842.73561978406, 1240.1595321833177, 584.4769591470622, 0, 0, 0, 1615.8131172183, 0, 1225.3728442978247, 931.6027477858978, 1501.2453811024511, 851.4170028745334, 500.8335838220001, 1328.8784523992754, 570.9502855570801]","[0, 0, 0, 1, 1, 2, 2, 2, 3, 3, 3, 3, 3, 4, 4, 4, 4, 4, 4, 4, 5, 5, 5, 5, 6, 6, 6, 6, 6, 7, 7, 7, 7, 7, 8, 8, 8, 9, 9, 9, 9, 9, 9, 10, 10, 11, 11, 11, 11, 11, 12, 12, 12, 12, 13, 13, 13, 13, 14, 14, 14, 14, 15, 15, 15, 15, 15, 16, 16, 17, 17, 17, 17, 17, 18]","[1, 1, 1, 2, 2, 3, 3, 3, 4, 4, 4, 4, 4, 5, 5, 5, 7, 10, 8, 8, 10, 10, 10, 11, 13, 14, 14, 16, 16, 18, 18, 18, 20, 20, 22, 22, 23, 24, 28, 26, 25, 26, 31, 28, 28, 29, 30, 30, 33, 36, 35, 35, 37, 36, 36, 37, 37, 37, 40, 40, 44, 44, 43, 44, 44, 45, 46, 47, 49, 51, 51, 52, 52, 53, 53]","[7, 10, 13, 11, 7, 10, 10, 20, 8, 26, 8, 20, 14, 25, 14, 25, 18, 37, 18, 22, 37, 16, 25, 18, 22, 26, 16, 35, 23, 24, 41, 26, 36, 40, 44, 33, 30, 28, 36, 30, 35, -1, 35, 29, 37, 53, 36, 46, -1, -1, -1, 43, -1, 47, 48, 40, 44, 44, 51, 43, -1, -1, -1, 53, 51, 49, -1, 52, -1, -1, -1, -1, -1, -1, -1]","[0, 0, 0, 0, 0, 0, 0, 0, 0, 0, 0, 0, 0, 0, 0, 0, 0, 0, 0, 0, 0, 0, 0, 0, 0, 0, 0, 0, 0, 0, 0, 0, 0, 0, 0, 0, 0, 0, 0, 0, 0, 4029.0, 0, 0, 0, 0, 0, 0, 1016.256112718385, 4029.0, 1764.083208089, 0, 3012.743887281615, 0, 0, 0, 0, 0, 0, 0, 4029.0, 1183.0383771286354, 527.3558040923799, 0, 0, 0, 4029.0, 0, 4029.0, 874.4815927312155, 1444.1242260477688, 4029.0, 2264.916791911, 4029.0, 4029.0]","[0, 0, 0, 0, 0, 0, 0, 0, 0, 0, 0, 0, 0, 0, 0, 0, 0, 0, 0, 0, 0, 0, 0, 0, 0, 0, 0, 0, 0, 0, 0, 0, 0, 0, 0, 0, 0, 0, 0, 0, 0, (1361.7504, 0.15293333333333334, 0.6102666666666667), 0, 0, 0, 0, 0, 0, (255.85193333333328, 0.6706666666666666, 0.21606666666666663), (1392.5086000000001, 0.1512, 0.6417333333333333), (268.4352, 0.009333333333333334, 0.0104), 0, (100.29406666666667, 0.28213333333333335, 0.20133333333333336), 0, 0, 0, 0, 0, 0, 0, (97.86666666666669, 0.0338, 0.023066666666666666), (380.283, 0.0, 0.0), (0.0, 0.0046, 0.0), 0, 0, 0, (46.137, 0.22346666666666667, 0.0013333333333333333), 0, (292.20259999999996, 0.28073333333333333, 0.056799999999999996), (109.0518, 0.5368666666666667, 0.4758666666666667), (348.1266, 1.8001333333333334, 0.6946), (120.23626666666664, 0.034466666666666666, 0.0114), (191.5394, 0.0, 0.0), (328.5534, 0.0005333333333333334, 0.0006), (225.0938, 0.0, 0.0)]","[0, 0, 0, 0, 0, 0, 0, 0, 0, 0, 0, 0, 0, 0, 0, 0, 0, 0, 0, 0, 0, 0, 0, 0, 0, 0, 0, 0, 0, 0, 0, 0, 0, 0, 0, 0, 0, 0, 0, 0, 0, (3, 5e-05, 0.17994444444444446), 0, 0, 0, 0, 0, 0, (3, 0.0, 1.6603722222222224), (3, 6.666666666666667e-05, 0.11822222222222224), (2, 0.0, 0.0024055555555555557), 0, (1, 1.666666666666667e-05, 0.05187777777777777), 0, 0, 0, 0, 0, 0, 0, (3, 0.0, 0.02947777777777778), (3, 0.006966666666666668, 0.010794444444444445), (3, 0.0, 0.0012777777777777776), 0, 0, 0, (1, 5e-05, 0.05402777777777778), 0, (1, 0.0, 0.001027777777777778), (1, 0.0, 0.0017166666666666667), (3, 0.0, 0.00039999999999999996), (2, 0.0, 2.2222222222222223e-05), (1, 1.666666666666667e-05, 0.0002611111111111111), (3, 0.06125, 0.025472222222222222), (1, 0.0, 0.0002833333333333333)]","[-1, -1, -1, -1, -1, -1, -1, -1, -1, -1, -1, -1, -1, -1, -1, -1, -1, -1, -1, -1, -1, -1, -1, -1, -1, -1, -1, -1, -1, -1, -1, -1, -1, -1, -1, -1, -1, -1, -1, -1, -1, 1, -1, -1, -1, -1, -1, -1, 7, 15, 9, -1, 7, -1, -1, -1, -1, -1, -1, -1, 12, 11, 11, -1, -1, -1, 5, -1, 14, 11, 11, 2, 9, 4, 13]","[False, False, False, False, False, False, False, False, False, False, False, False, False, False, False, False, False, False, False, False, False, False, False, False, False, False, False, False, False, False, False, False, False, False, False, False, False, False, False, False, False, True, False, False, False, False, False, False, True, True, True, False, True, False, False, False, False, False, False, False, True, True, True, False, False, False, True, False, True, True, True, True, True, True, True]"
55,"[0, 0, 0, 0, 0, 0, 0, 0, 0, 0, 0, 0, 0, 0, 0, 0, 0, 0, 0, 0, 0, 0, 0, 0, 0, 0, 0, 0, 0, 0, 0, 0, 0, 0, 0, 0, 0, 0, 0, 0, 0, 0, 0, 0, 0, 0, 0, 0, 0, 0, 0, 0, 2029.3517708523368, 0, 0, 0, 0, 0, 0, 0, 2867.38361648739, 1243.126421016292, 590.4107353820577, 0, 0, 0, 1536.3917945075702, 0, 0, 925.6689723222934, 976.1061865270877, 834.7225518377779, 474.12245935149326, 2050.0788185255155, 500.8335838220001, 3464.41286996805, 501.40426599866777, 922.7020845904912]","[0, 0, 0, 1, 1, 2, 2, 2, 3, 3, 3, 3, 3, 4, 4, 4, 4, 4, 4, 4, 5, 5, 5, 5, 6, 6, 6, 6, 6, 7, 7, 7, 7, 7, 8, 8, 8, 9, 9, 9, 9, 9, 9, 10, 10, 11, 11, 11, 11, 11, 12, 12, 12, 12, 13, 13, 13, 13, 14, 14, 14, 14, 15, 15, 15, 15, 15, 16, 16, 17, 17, 17, 17, 17, 18, 19, 19, 19]","[1, 1, 1, 2, 2, 3, 3, 3, 4, 4, 4, 4, 4, 5, 5, 5, 7, 10, 8, 8, 10, 10, 10, 11, 13, 14, 14, 16, 16, 18, 18, 18, 20, 20, 22, 22, 23, 24, 28, 26, 25, 26, 31, 28, 28, 29, 30, 30, 33, 36, 35, 35, 37, 36, 36, 37, 37, 37, 40, 40, 44, 44, 43, 44, 44, 45, 46, 47, 49, 51, 51, 52, 52, 53, 53, 55, 55, 55]","[7, 10, 13, 11, 7, 10, 10, 20, 8, 26, 8, 20, 14, 25, 14, 25, 18, 37, 18, 22, 37, 16, 25, 18, 22, 26, 16, 35, 23, 24, 41, 26, 36, 40, 44, 33, 30, 28, 36, 30, 35, 55, 35, 29, 37, 53, 36, 46, 55, -1, 55, 43, -1, 47, 48, 40, 44, 44, 51, 43, -1, -1, -1, 53, 51, 49, -1, 52, -1, -1, -1, -1, -1, -1, -1, -1, -1, -1]","[0, 0, 0, 0, 0, 0, 0, 0, 0, 0, 0, 0, 0, 0, 0, 0, 0, 0, 0, 0, 0, 0, 0, 0, 0, 0, 0, 0, 0, 0, 0, 0, 0, 0, 0, 0, 0, 0, 0, 0, 0, 0, 0, 0, 0, 0, 0, 0, 0, 4029.0, 0, 0, 2567.824843130923, 0, 0, 0, 0, 0, 0, 0, 4029.0, 1316.5483422043594, 663.8326565701251, 0, 0, 0, 4029.0, 0, 4029.0, 999.0908935103607, 1049.528107715155, 4029.0, 4029.0, 4029.0, 4029.0, 4029.0, 4029.0, 1461.175156869077]","[0, 0, 0, 0, 0, 0, 0, 0, 0, 0, 0, 0, 0, 0, 0, 0, 0, 0, 0, 0, 0, 0, 0, 0, 0, 0, 0, 0, 0, 0, 0, 0, 0, 0, 0, 0, 0, 0, 0, 0, 0, 0, 0, 0, 0, 0, 0, 0, 0, (1632.9818, 0.3732, 0.7381333333333333), 0, 0, (104.20166666666668, 0.267, 0.19686666666666666), 0, 0, 0, 0, 0, 0, 0, (98.5656, 0.03406666666666667, 0.023066666666666666), (353.719, 0.0, 0.0), (0.0, 0.004666666666666667, 6.666666666666668e-05), 0, 0, 0, (58.719800000000006, 0.21913333333333332, 0.0012), 0, (276.8236, 0.27726666666666666, 0.054666666666666655), (95.0708, 0.5381333333333334, 0.44586666666666674), (230.686, 0.866, 0.3906666666666667), (130.722, 0.026466666666666666, 0.011066666666666664), (225.09366666666662, 0.0, 0.0), (298.49406666666664, 0.0016666666666666668, 0.005466666666666667), (191.5394, 0.0, 0.0), (168.47066666666663, 0.27493333333333336, 0.023333333333333327), (0.0, 0.0048, 6.666666666666668e-05), (97.867, 0.5311333333333333, 0.4374666666666666)]","[0, 0, 0, 0, 0, 0, 0, 0, 0, 0, 0, 0, 0, 0, 0, 0, 0, 0, 0, 0, 0, 0, 0, 0, 0, 0, 0, 0, 0, 0, 0, 0, 0, 0, 0, 0, 0, 0, 0, 0, 0, 0, 0, 0, 0, 0, 0, 0, 0, (3, 0.09808333333333331, 0.2580777777777778), 0, 0, (1, 3.3333333333333335e-05, 0.05137777777777777), 0, 0, 0, 0, 0, 0, 0, (3, 0.0, 0.029166666666666667), (3, 0.04356666666666667, 0.009866666666666668), (3, 0.0, 0.0013333333333333333), 0, 0, 0, (1, 1.666666666666667e-05, 0.053094444444444444), 0, (1, 0.0, 0.0013833333333333334), (1, 0.0, 0.0017277777777777773), (3, 1.666666666666667e-05, 0.0003444444444444445), (2, 0.0, 4.4444444444444447e-05), (1, 0.0, 0.0002833333333333333), (3, 0.0008666666666666667, 0.016138888888888887), (1, 1.666666666666667e-05, 0.0002611111111111111), (3, 0.2927833333333333, 0.026605555555555556), (2, 0.0, 0.0013222222222222222), (1, 0.0, 0.0014666666666666662)]","[-1, -1, -1, -1, -1, -1, -1, -1, -1, -1, -1, -1, -1, -1, -1, -1, -1, -1, -1, -1, -1, -1, -1, -1, -1, -1, -1, -1, -1, -1, -1, -1, -1, -1, -1, -1, -1, -1, -1, -1, -1, -1, -1, -1, -1, -1, -1, -1, -1, 15, -1, -1, 7, -1, -1, -1, -1, -1, -1, -1, 12, 11, 11, -1, -1, -1, 5, -1, 14, 11, 11, 2, 9, 4, 13, 6, 1, 7]","[False, False, False, False, False, False, False, False, False, False, False, False, False, False, False, False, False, False, False, False, False, False, False, False, False, False, False, False, False, False, False, False, False, False, False, False, False, False, False, False, False, False, False, False, False, False, False, False, False, True, False, False, True, False, False, False, False, False, False, False, True, True, True, False, False, False, True, False, True, True, True, True, True, True, True, True, True, True]"
56,"[0, 0, 0, 0, 0, 0, 0, 0, 0, 0, 0, 0, 0, 0, 0, 0, 0, 0, 0, 0, 0, 0, 0, 0, 0, 0, 0, 0, 0, 0, 0, 0, 0, 0, 0, 0, 0, 0, 0, 0, 0, 0, 0, 0, 0, 0, 0, 0, 0, 0, 0, 0, 1991.0104418483793, 0, 0, 0, 0, 0, 0, 0, 3604.08485128692, 1308.39797534173, 628.9802809095288, 0, 0, 0, 1618.55178351867, 0, 0, 934.5696355177, 1465.6427238431045, 791.3169791422134, 0, 1896.4898516652977, 0, 4442.116739200141, 498.43737685074666, 925.6689723222934, 454.0891471920266]","[0, 0, 0, 1, 1, 2, 2, 2, 3, 3, 3, 3, 3, 4, 4, 4, 4, 4, 4, 4, 5, 5, 5, 5, 6, 6, 6, 6, 6, 7, 7, 7, 7, 7, 8, 8, 8, 9, 9, 9, 9, 9, 9, 10, 10, 11, 11, 11, 11, 11, 12, 12, 12, 12, 13, 13, 13, 13, 14, 14, 14, 14, 15, 15, 15, 15, 15, 16, 16, 17, 17, 17, 17, 17, 18, 19, 19, 19, 20]","[1, 1, 1, 2, 2, 3, 3, 3, 4, 4, 4, 4, 4, 5, 5, 5, 7, 10, 8, 8, 10, 10, 10, 11, 13, 14, 14, 16, 16, 18, 18, 18, 20, 20, 22, 22, 23, 24, 28, 26, 25, 26, 31, 28, 28, 29, 30, 30, 33, 36, 35, 35, 37, 36, 36, 37, 37, 37, 40, 40, 44, 44, 43, 44, 44, 45, 46, 47, 49, 51, 51, 52, 52, 53, 53, 55, 55, 55, 56]","[7, 10, 13, 11, 7, 10, 10, 20, 8, 26, 8, 20, 14, 25, 14, 25, 18, 37, 18, 22, 37, 16, 25, 18, 22, 26, 16, 35, 23, 24, 41, 26, 36, 40, 44, 33, 30, 28, 36, 30, 35, 55, 35, 29, 37, 53, 36, 46, 55, 56, 55, 43, -1, 47, 48, 40, 44, 44, 51, 43, -1, -1, -1, 53, 51, 49, -1, 52, 56, -1, -1, -1, -1, -1, -1, -1, -1, -1, -1]","[0, 0, 0, 0, 0, 0, 0, 0, 0, 0, 0, 0, 0, 0, 0, 0, 0, 0, 0, 0, 0, 0, 0, 0, 0, 0, 0, 0, 0, 0, 0, 0, 0, 0, 0, 0, 0, 0, 0, 0, 0, 0, 0, 0, 0, 0, 0, 0, 0, 0, 0, 0, 2547.1707347630427, 0, 0, 0, 0, 0, 0, 0, 4029.0, 1231.250321438714, 551.8326270065129, 0, 0, 0, 4029.0, 0, 0, 857.4219816146841, 1388.4950699400886, 4029.0, 4029.0, 4029.0, 4029.0, 4029.0, 4029.0, 1481.8292652369569, 4029.0]","[0, 0, 0, 0, 0, 0, 0, 0, 0, 0, 0, 0, 0, 0, 0, 0, 0, 0, 0, 0, 0, 0, 0, 0, 0, 0, 0, 0, 0, 0, 0, 0, 0, 0, 0, 0, 0, 0, 0, 0, 0, 0, 0, 0, 0, 0, 0, 0, 0, 0, 0, 0, (76.1972, 0.28906666666666664, 0.20346666666666666), 0, 0, 0, 0, 0, 0, 0, (159.383, 0.27046666666666663, 0.022466666666666666), (342.5342, 0.0, 0.0), (0.0, 0.004533333333333333, 0.0), 0, 0, 0, (46.1372, 0.21906666666666663, 0.0013333333333333333), 0, 0, (92.2746, 0.5394, 0.44333333333333325), (331.3495333333333, 4.365933333333333, 0.022533333333333336), (164.2764, 0.008733333333333333, 0.0061333333333333335), (159.38313333333332, 0.0, 0.0), (294.3, 0.001066666666666667, 0.005466666666666667), (225.09366666666662, 0.0, 0.0), (313.1741333333334, 0.2986666666666667, 0.020266666666666665), (145.4024, 0.004733333333333333, 6.666666666666668e-05), (114.6442, 0.5428, 0.4749333333333333), (29.621666666666673, 4.1293999999999995, 4.1416)]","[0, 0, 0, 0, 0, 0, 0, 0, 0, 0, 0, 0, 0, 0, 0, 0, 0, 0, 0, 0, 0, 0, 0, 0, 0, 0, 0, 0, 0, 0, 0, 0, 0, 0, 0, 0, 0, 0, 0, 0, 0, 0, 0, 0, 0, 0, 0, 0, 0, 0, 0, 0, (1, 0.00013333333333333334, 0.05233888888888889), 0, 0, 0, 0, 0, 0, 0, (3, 0.0013666666666666669, 0.02918888888888889), (3, 0.016566666666666667, 0.010016666666666667), (3, 0.0, 0.0016666666666666668), 0, 0, 0, (1, 0.0, 0.05315555555555555), 0, 0, (1, 0.0, 0.0022722222222222224), (3, 0.0, 0.00019444444444444446), (2, 0.0, 8.88888888888889e-05), (1, 0.0, 0.0002722222222222222), (3, 0.0002, 0.014294444444444445), (1, 0.0, 0.0002833333333333333), (3, 0.10841666666666666, 0.0281), (2, 0.0, 0.0012666666666666666), (1, 0.0, 0.001527777777777778), (3, 0.0, 1.6666666666666667e-05)]","[-1, -1, -1, -1, -1, -1, -1, -1, -1, -1, -1, -1, -1, -1, -1, -1, -1, -1, -1, -1, -1, -1, -1, -1, -1, -1, -1, -1, -1, -1, -1, -1, -1, -1, -1, -1, -1, -1, -1, -1, -1, -1, -1, -1, -1, -1, -1, -1, -1, -1, -1, -1, 7, -1, -1, -1, -1, -1, -1, -1, 12, 11, 11, -1, -1, -1, 5, -1, -1, 11, 11, 2, 9, 4, 13, 6, 1, 7, 10]","[False, False, False, False, False, False, False, False, False, False, False, False, False, False, False, False, False, False, False, False, False, False, False, False, False, False, False, False, False, False, False, False, False, False, False, False, False, False, False, False, False, False, False, False, False, False, False, False, False, False, False, False, True, False, False, False, False, False, False, False, True, True, True, False, False, False, True, False, False, True, True, True, True, True, True, True, True, True, True]"
57,"[0, 0, 0, 0, 0, 0, 0, 0, 0, 0, 0, 0, 0, 0, 0, 0, 0, 0, 0, 0, 0, 0, 0, 0, 0, 0, 0, 0, 0, 0, 0, 0, 0, 0, 0, 0, 0, 0, 0, 0, 0, 0, 0, 0, 0, 0, 0, 0, 0, 0, 0, 0, 1865.0317894068035, 0, 0, 0, 0, 0, 0, 0, 4107.999450555, 1406.3053068298868, 605.2451759695467, 0, 0, 0, 0, 0, 0, 1284.662387870362, 1851.3381774860268, 0, 0, 2227.0400194731583, 0, 3143.9889128247596, 498.43737685074666, 928.6358600540952, 3752.9130163235823, 1315.5229705416066, 520.8668579276933]","[0, 0, 0, 1, 1, 2, 2, 2, 3, 3, 3, 3, 3, 4, 4, 4, 4, 4, 4, 4, 5, 5, 5, 5, 6, 6, 6, 6, 6, 7, 7, 7, 7, 7, 8, 8, 8, 9, 9, 9, 9, 9, 9, 10, 10, 11, 11, 11, 11, 11, 12, 12, 12, 12, 13, 13, 13, 13, 14, 14, 14, 14, 15, 15, 15, 15, 15, 16, 16, 17, 17, 17, 17, 17, 18, 19, 19, 19, 19, 20, 20]","[1, 1, 1, 2, 2, 3, 3, 3, 4, 4, 4, 4, 4, 5, 5, 5, 7, 10, 8, 8, 10, 10, 10, 11, 13, 14, 14, 16, 16, 18, 18, 18, 20, 20, 22, 22, 23, 24, 28, 26, 25, 26, 31, 28, 28, 29, 30, 30, 33, 36, 35, 35, 37, 36, 36, 37, 37, 37, 40, 40, 44, 44, 43, 44, 44, 45, 46, 47, 49, 51, 51, 52, 52, 53, 53, 55, 55, 55, 57, 56, 57]","[7, 10, 13, 11, 7, 10, 10, 20, 8, 26, 8, 20, 14, 25, 14, 25, 18, 37, 18, 22, 37, 16, 25, 18, 22, 26, 16, 35, 23, 24, 41, 26, 36, 40, 44, 33, 30, 28, 36, 30, 35, 55, 35, 29, 37, 53, 36, 46, 55, 56, 55, 43, -1, 47, 48, 40, 44, 44, 51, 43, -1, -1, -1, 53, 51, 49, -1, 52, 56, -1, -1, -1, 57, -1, 57, -1, -1, -1, -1, -1, -1]","[0, 0, 0, 0, 0, 0, 0, 0, 0, 0, 0, 0, 0, 0, 0, 0, 0, 0, 0, 0, 0, 0, 0, 0, 0, 0, 0, 0, 0, 0, 0, 0, 0, 0, 0, 0, 0, 0, 0, 0, 0, 0, 0, 0, 0, 0, 0, 0, 0, 0, 0, 0, 2482.697964676354, 0, 0, 0, 0, 0, 0, 0, 4029.0, 1126.667544790931, 325.60741393059095, 0, 0, 0, 4029.0, 0, 0, 1005.0246258314062, 1571.700415447071, 4029.0, 0, 4029.0, 0, 4029.0, 4029.0, 1546.302035323646, 4029.0, 4029.0, 4029.0]","[0, 0, 0, 0, 0, 0, 0, 0, 0, 0, 0, 0, 0, 0, 0, 0, 0, 0, 0, 0, 0, 0, 0, 0, 0, 0, 0, 0, 0, 0, 0, 0, 0, 0, 0, 0, 0, 0, 0, 0, 0, 0, 0, 0, 0, 0, 0, 0, 0, 0, 0, 0, (85.9662, 0.27253333333333335, 0.19946666666666668), 0, 0, 0, 0, 0, 0, 0, (234.88039999999998, 0.2981333333333333, 0.018066666666666665), (350.92293333333333, 0.0, 0.0), (0.0, 0.004666666666666667, 6.666666666666668e-05), 0, 0, 0, (32.15606666666666, 0.22213333333333332, 0.0012666666666666666), 0, 0, (226.49220000000003, 0.5299333333333333, 0.43666666666666676), (478.1502, 3.8014, 0.020733333333333333), (148.19806666666668, 0.008400000000000001, 0.004866666666666666), 0, (234.18133333333338, 0.0016666666666666668, 0.0016), 0, (205.5204, 0.03793333333333333, 0.025266666666666666), (67.1088, 0.004666666666666667, 0.0), (109.0518, 0.5416666666666666, 0.5044666666666666), (388.67179999999996, 7.663399999999999, 2.4918666666666667), (29.53446666666667, 12.107333333333337, 12.139266666666664), (0.0, 0.0046, 6.666666666666668e-05)]","[0, 0, 0, 0, 0, 0, 0, 0, 0, 0, 0, 0, 0, 0, 0, 0, 0, 0, 0, 0, 0, 0, 0, 0, 0, 0, 0, 0, 0, 0, 0, 0, 0, 0, 0, 0, 0, 0, 0, 0, 0, 0, 0, 0, 0, 0, 0, 0, 0, 0, 0, 0, (1, 0.0, 0.052361111111111115), 0, 0, 0, 0, 0, 0, 0, (3, 8.333333333333333e-05, 0.02883888888888889), (3, 0.007016666666666667, 0.010272222222222223), (3, 0.0, 0.00125), 0, 0, 0, (1, 0.0, 0.05301111111111111), 0, 0, (1, 0.0007666666666666667, 0.00215), (3, 0.0428, 0.01527777777777778), (2, 0.0, 0.0), 0, (3, 0.0006666666666666666, 0.02163888888888889), 0, (3, 0.00125, 0.027633333333333336), (2, 0.0, 0.0012333333333333335), (1, 0.0, 0.0017222222222222224), (2, 0.0, 0.016355555555555557), (3, 0.0, 1.6666666666666667e-05), (1, 0.0, 0.0008722222222222223)]","[-1, -1, -1, -1, -1, -1, -1, -1, -1, -1, -1, -1, -1, -1, -1, -1, -1, -1, -1, -1, -1, -1, -1, -1, -1, -1, -1, -1, -1, -1, -1, -1, -1, -1, -1, -1, -1, -1, -1, -1, -1, -1, -1, -1, -1, -1, -1, -1, -1, -1, -1, -1, 7, -1, -1, -1, -1, -1, -1, -1, 12, 11, 11, -1, -1, -1, 5, -1, -1, 11, 11, 2, -1, 4, -1, 6, 1, 7, 15, 10, 13]","[False, False, False, False, False, False, False, False, False, False, False, False, False, False, False, False, False, False, False, False, False, False, False, False, False, False, False, False, False, False, False, False, False, False, False, False, False, False, False, False, False, False, False, False, False, False, False, False, False, False, False, False, True, False, False, False, False, False, False, False, True, True, True, False, False, False, True, False, False, True, True, True, False, True, False, True, True, True, True, True, True]"
58,"[0, 0, 0, 0, 0, 0, 0, 0, 0, 0, 0, 0, 0, 0, 0, 0, 0, 0, 0, 0, 0, 0, 0, 0, 0, 0, 0, 0, 0, 0, 0, 0, 0, 0, 0, 0, 0, 0, 0, 0, 0, 0, 0, 0, 0, 0, 0, 0, 0, 0, 0, 0, 1982.7944427761026, 0, 0, 0, 0, 0, 0, 0, 0, 1435.9741951596309, 0, 0, 0, 0, 0, 0, 0, 931.6027477858978, 1646.6228982447833, 0, 0, 1766.2731188925045, 0, 3601.346184986549, 0, 931.6027477858978, 2794.65141873918, 1135.2228679800667, 530.8835282724567, 1876.4565081617916, 520.8668579276933, 881.4670876440003]","[0, 0, 0, 1, 1, 2, 2, 2, 3, 3, 3, 3, 3, 4, 4, 4, 4, 4, 4, 4, 5, 5, 5, 5, 6, 6, 6, 6, 6, 7, 7, 7, 7, 7, 8, 8, 8, 9, 9, 9, 9, 9, 9, 10, 10, 11, 11, 11, 11, 11, 12, 12, 12, 12, 13, 13, 13, 13, 14, 14, 14, 14, 15, 15, 15, 15, 15, 16, 16, 17, 17, 17, 17, 17, 18, 19, 19, 19, 19, 20, 20, 20, 21, 21]","[1, 1, 1, 2, 2, 3, 3, 3, 4, 4, 4, 4, 4, 5, 5, 5, 7, 10, 8, 8, 10, 10, 10, 11, 13, 14, 14, 16, 16, 18, 18, 18, 20, 20, 22, 22, 23, 24, 28, 26, 25, 26, 31, 28, 28, 29, 30, 30, 33, 36, 35, 35, 37, 36, 36, 37, 37, 37, 40, 40, 44, 44, 43, 44, 44, 45, 46, 47, 49, 51, 51, 52, 52, 53, 53, 55, 55, 55, 57, 56, 57, 58, 58, 58]","[7, 10, 13, 11, 7, 10, 10, 20, 8, 26, 8, 20, 14, 25, 14, 25, 18, 37, 18, 22, 37, 16, 25, 18, 22, 26, 16, 35, 23, 24, 41, 26, 36, 40, 44, 33, 30, 28, 36, 30, 35, 55, 35, 29, 37, 53, 36, 46, 55, 56, 55, 43, -1, 47, 48, 40, 44, 44, 51, 43, -1, -1, -1, 53, 51, 49, 58, 52, 56, -1, -1, 58, 57, -1, 57, -1, -1, -1, -1, -1, -1, -1, -1, -1]","[0, 0, 0, 0, 0, 0, 0, 0, 0, 0, 0, 0, 0, 0, 0, 0, 0, 0, 0, 0, 0, 0, 0, 0, 0, 0, 0, 0, 0, 0, 0, 0, 0, 0, 0, 0, 0, 0, 0, 0, 0, 0, 0, 0, 0, 0, 0, 0, 0, 0, 0, 0, 2540.095847495102, 0, 0, 0, 0, 0, 0, 0, 4029.0, 1439.6742348620528, 3.700039702422032, 0, 0, 0, 0, 0, 0, 935.3027874883198, 1650.3229379472054, 0, 0, 4029.0, 0, 4029.0, 4029.0, 1488.9041525048974, 4029.0, 2321.678005026187, 4029.0, 4029.0, 1707.3219949738132, 4029.0]","[0, 0, 0, 0, 0, 0, 0, 0, 0, 0, 0, 0, 0, 0, 0, 0, 0, 0, 0, 0, 0, 0, 0, 0, 0, 0, 0, 0, 0, 0, 0, 0, 0, 0, 0, 0, 0, 0, 0, 0, 0, 0, 0, 0, 0, 0, 0, 0, 0, 0, 0, 0, (92.47886666666669, 0.26613333333333333, 0.19846666666666668), 0, 0, 0, 0, 0, 0, 0, (221.59853333333334, 0.0404, 0.026733333333333335), (423.62406666666664, 0.0, 0.0), (0.0, 0.0046, 0.00013333333333333334), 0, 0, 0, 0, 0, 0, (204.1226, 0.5370666666666667, 0.4422), (450.887, 3.747866666666667, 0.0224), 0, 0, (242.57, 0.0003333333333333333, 0.0004), 0, (130.0228, 0.042466666666666666, 0.027733333333333336), (100.6632, 0.004666666666666667, 6.666666666666668e-05), (109.0518, 0.5368666666666667, 0.4758666666666667), (651.5146, 19.004533333333335, 2.486266666666667), (31.3258, 10.272666666666666, 10.300266666666666), (0.0, 0.004733333333333333, 0.00013333333333333334), (258.64820000000003, 0.019533333333333337, 0.0016), (0.0, 0.0046, 6.666666666666668e-05), (95.9442, 0.019933333333333334, 0.0208)]","[0, 0, 0, 0, 0, 0, 0, 0, 0, 0, 0, 0, 0, 0, 0, 0, 0, 0, 0, 0, 0, 0, 0, 0, 0, 0, 0, 0, 0, 0, 0, 0, 0, 0, 0, 0, 0, 0, 0, 0, 0, 0, 0, 0, 0, 0, 0, 0, 0, 0, 0, 0, (1, 0.0026333333333333334, 0.052366666666666666), 0, 0, 0, 0, 0, 0, 0, (3, 0.0, 0.02946666666666667), (3, 0.06570000000000001, 0.009933333333333334), (3, 0.0, 0.0013), 0, 0, 0, 0, 0, 0, (1, 0.0, 0.004783333333333333), (3, 1.666666666666667e-05, 0.0003444444444444445), 0, 0, (3, 6.666666666666667e-05, 0.009744444444444444), 0, (3, 0.0008, 0.02777777777777778), (2, 0.0, 0.001238888888888889), (1, 0.0, 0.0017166666666666667), (2, 0.0, 0.0053), (3, 0.0, 4.4444444444444447e-05), (1, 0.0, 0.0008388888888888889), (3, 0.05115, 0.03694444444444444), (1, 0.0, 0.0008722222222222223), (1, 0.0012, 0.05558333333333333)]","[-1, -1, -1, -1, -1, -1, -1, -1, -1, -1, -1, -1, -1, -1, -1, -1, -1, -1, -1, -1, -1, -1, -1, -1, -1, -1, -1, -1, -1, -1, -1, -1, -1, -1, -1, -1, -1, -1, -1, -1, -1, -1, -1, -1, -1, -1, -1, -1, -1, -1, -1, -1, 7, -1, -1, -1, -1, -1, -1, -1, 12, 11, 11, -1, -1, -1, -1, -1, -1, 11, 11, -1, -1, 4, -1, 6, 1, 7, 15, 10, 13, 8, 10, 5]","[False, False, False, False, False, False, False, False, False, False, False, False, False, False, False, False, False, False, False, False, False, False, False, False, False, False, False, False, False, False, False, False, False, False, False, False, False, False, False, False, False, False, False, False, False, False, False, False, False, False, False, False, True, False, False, False, False, False, False, False, True, True, True, False, False, False, False, False, False, True, True, False, False, True, False, True, True, True, True, True, True, True, True, True]"
59,"[0, 0, 0, 0, 0, 0, 0, 0, 0, 0, 0, 0, 0, 0, 0, 0, 0, 0, 0, 0, 0, 0, 0, 0, 0, 0, 0, 0, 0, 0, 0, 0, 0, 0, 0, 0, 0, 0, 0, 0, 0, 0, 0, 0, 0, 0, 0, 0, 0, 0, 0, 0, 0, 0, 0, 0, 0, 0, 0, 0, 0, 1421.1397509947585, 0, 0, 0, 0, 0, 0, 0, 937.5365232495022, 922.7022006380679, 0, 0, 1993.317678598913, 0, 3261.75156374067, 0, 925.6689723222934, 1739.5619942211624, 1145.2395403445964, 554.2557590769045, 1328.8784523992754, 530.8835282724567, 754.589249271, 744.572766635591, 628.9803113908888, 520.8668579276933]","[0, 0, 0, 1, 1, 2, 2, 2, 3, 3, 3, 3, 3, 4, 4, 4, 4, 4, 4, 4, 5, 5, 5, 5, 6, 6, 6, 6, 6, 7, 7, 7, 7, 7, 8, 8, 8, 9, 9, 9, 9, 9, 9, 10, 10, 11, 11, 11, 11, 11, 12, 12, 12, 12, 13, 13, 13, 13, 14, 14, 14, 14, 15, 15, 15, 15, 15, 16, 16, 17, 17, 17, 17, 17, 18, 19, 19, 19, 19, 20, 20, 20, 21, 21, 21, 21, 22]","[1, 1, 1, 2, 2, 3, 3, 3, 4, 4, 4, 4, 4, 5, 5, 5, 7, 10, 8, 8, 10, 10, 10, 11, 13, 14, 14, 16, 16, 18, 18, 18, 20, 20, 22, 22, 23, 24, 28, 26, 25, 26, 31, 28, 28, 29, 30, 30, 33, 36, 35, 35, 37, 36, 36, 37, 37, 37, 40, 40, 44, 44, 43, 44, 44, 45, 46, 47, 49, 51, 51, 52, 52, 53, 53, 55, 55, 55, 57, 56, 57, 58, 58, 58, 59, 59, 59]","[7, 10, 13, 11, 7, 10, 10, 20, 8, 26, 8, 20, 14, 25, 14, 25, 18, 37, 18, 22, 37, 16, 25, 18, 22, 26, 16, 35, 23, 24, 41, 26, 36, 40, 44, 33, 30, 28, 36, 30, 35, 55, 35, 29, 37, 53, 36, 46, 55, 56, 55, 43, -1, 47, 48, 40, 44, 44, 51, 43, 59, -1, 59, 53, 51, 49, 58, 52, 56, -1, -1, 58, 57, -1, 57, -1, 59, -1, -1, -1, -1, -1, -1, -1, -1, -1, -1]","[0, 0, 0, 0, 0, 0, 0, 0, 0, 0, 0, 0, 0, 0, 0, 0, 0, 0, 0, 0, 0, 0, 0, 0, 0, 0, 0, 0, 0, 0, 0, 0, 0, 0, 0, 0, 0, 0, 0, 0, 0, 0, 0, 0, 0, 0, 0, 0, 0, 0, 0, 0, 1551.6655138388533, 0, 0, 0, 0, 0, 0, 0, 0, 1477.828417792253, 0, 0, 0, 0, 0, 0, 0, 994.2251900469968, 979.3908674355624, 0, 0, 4029.0, 0, 4029.0, 0, 2477.3344861611467, 4029.0, 2321.6780060360697, 4029.0, 2306.652842881842, 1707.3219939639303, 2077.304468940056, 1722.3471571181578, 1951.6955310599444, 577.5555247251879]","[0, 0, 0, 0, 0, 0, 0, 0, 0, 0, 0, 0, 0, 0, 0, 0, 0, 0, 0, 0, 0, 0, 0, 0, 0, 0, 0, 0, 0, 0, 0, 0, 0, 0, 0, 0, 0, 0, 0, 0, 0, 0, 0, 0, 0, 0, 0, 0, 0, 0, 0, 0, (121.1346, 0.2476, 0.193), 0, 0, 0, 0, 0, 0, 0, 0, (528.4818, 0.0, 0.0), 0, 0, 0, 0, 0, 0, 0, (131.4214, 0.5352666666666668, 0.49666666666666676), (434.1098, 1.2283333333333333, 0.020466666666666664), 0, 0, (231.3854, 0.0005333333333333334, 0.0008), 0, (110.44946666666667, 0.04046666666666667, 0.026666666666666672), 0, (95.0708, 0.5381333333333334, 0.44586666666666674), (369.0984, 16.1096, 2.579733333333333), (31.238400000000002, 10.958333333333334, 10.986266666666667), (0.0, 0.0044, 0.0), (328.5534, 0.0005333333333333334, 0.0006), (0.0, 0.004733333333333333, 0.00013333333333333334), (96.9928, 0.020133333333333333, 0.014066666666666665), (142.60586666666666, 0.0007333333333333332, 0.0006), (320.1647333333333, 0.0011333333333333332, 0.0015333333333333334), (0.0, 0.0046, 6.666666666666668e-05)]","[0, 0, 0, 0, 0, 0, 0, 0, 0, 0, 0, 0, 0, 0, 0, 0, 0, 0, 0, 0, 0, 0, 0, 0, 0, 0, 0, 0, 0, 0, 0, 0, 0, 0, 0, 0, 0, 0, 0, 0, 0, 0, 0, 0, 0, 0, 0, 0, 0, 0, 0, 0, (1, 1.666666666666667e-05, 0.051916666666666667), 0, 0, 0, 0, 0, 0, 0, 0, (3, 0.012783333333333334, 0.009422222222222222), 0, 0, 0, 0, 0, 0, 0, (1, 1.666666666666667e-05, 0.0021166666666666664), (3, 0.0, 0.0004555555555555556), 0, 0, (3, 6.666666666666667e-05, 0.011649999999999999), 0, (3, 0.00011666666666666667, 0.02971666666666666), 0, (1, 0.0, 0.0017277777777777773), (2, 0.0, 0.00225), (3, 0.0, 2.2222222222222223e-05), (1, 0.0, 0.0008277777777777778), (3, 0.06125, 0.025472222222222222), (1, 0.0, 0.0008388888888888889), (1, 0.0, 0.054338888888888895), (1, 0.0, 0.02883888888888889), (2, 0.0037166666666666667, 0.0028777777777777777), (1, 0.0, 0.0008722222222222223)]","[-1, -1, -1, -1, -1, -1, -1, -1, -1, -1, -1, -1, -1, -1, -1, -1, -1, -1, -1, -1, -1, -1, -1, -1, -1, -1, -1, -1, -1, -1, -1, -1, -1, -1, -1, -1, -1, -1, -1, -1, -1, -1, -1, -1, -1, -1, -1, -1, -1, -1, -1, -1, 7, -1, -1, -1, -1, -1, -1, -1, -1, 11, -1, -1, -1, -1, -1, -1, -1, 11, 11, -1, -1, 4, -1, 6, -1, 7, 15, 10, 13, 8, 10, 5, 8, 5, 11]","[False, False, False, False, False, False, False, False, False, False, False, False, False, False, False, False, False, False, False, False, False, False, False, False, False, False, False, False, False, False, False, False, False, False, False, False, False, False, False, False, False, False, False, False, False, False, False, False, False, False, False, False, True, False, False, False, False, False, False, False, False, True, False, False, False, False, False, False, False, True, True, False, False, True, False, True, False, True, True, True, True, True, True, True, True, True, True]"
60,"[0, 0, 0, 0, 0, 0, 0, 0, 0, 0, 0, 0, 0, 0, 0, 0, 0, 0, 0, 0, 0, 0, 0, 0, 0, 0, 0, 0, 0, 0, 0, 0, 0, 0, 0, 0, 0, 0, 0, 0, 0, 0, 0, 0, 0, 0, 0, 0, 0, 0, 0, 0, 0, 0, 0, 0, 0, 0, 0, 0, 0, 1504.2126383180432, 0, 0, 0, 0, 0, 0, 0, 940.5034109813047, 1074.0134939902914, 0, 0, 1889.8120704974624, 0, 3502.7541981732297, 0, 0, 1826.3731494030244, 1218.6951376844836, 0, 2050.0788185255155, 554.2557590769045, 754.589249271, 554.2559608139378, 634.9140879134446, 530.8835282724567]","[0, 0, 0, 1, 1, 2, 2, 2, 3, 3, 3, 3, 3, 4, 4, 4, 4, 4, 4, 4, 5, 5, 5, 5, 6, 6, 6, 6, 6, 7, 7, 7, 7, 7, 8, 8, 8, 9, 9, 9, 9, 9, 9, 10, 10, 11, 11, 11, 11, 11, 12, 12, 12, 12, 13, 13, 13, 13, 14, 14, 14, 14, 15, 15, 15, 15, 15, 16, 16, 17, 17, 17, 17, 17, 18, 19, 19, 19, 19, 20, 20, 20, 21, 21, 21, 21, 22]","[1, 1, 1, 2, 2, 3, 3, 3, 4, 4, 4, 4, 4, 5, 5, 5, 7, 10, 8, 8, 10, 10, 10, 11, 13, 14, 14, 16, 16, 18, 18, 18, 20, 20, 22, 22, 23, 24, 28, 26, 25, 26, 31, 28, 28, 29, 30, 30, 33, 36, 35, 35, 37, 36, 36, 37, 37, 37, 40, 40, 44, 44, 43, 44, 44, 45, 46, 47, 49, 51, 51, 52, 52, 53, 53, 55, 55, 55, 57, 56, 57, 58, 58, 58, 59, 59, 59]","[7, 10, 13, 11, 7, 10, 10, 20, 8, 26, 8, 20, 14, 25, 14, 25, 18, 37, 18, 22, 37, 16, 25, 18, 22, 26, 16, 35, 23, 24, 41, 26, 36, 40, 44, 33, 30, 28, 36, 30, 35, 55, 35, 29, 37, 53, 36, 46, 55, 56, 55, 43, 60, 47, 48, 40, 44, 44, 51, 43, 59, -1, 59, 53, 51, 49, 58, 52, 56, -1, -1, 58, 57, -1, 57, -1, 59, -1, -1, -1, -1, -1, -1, -1, -1, -1, -1]","[0, 0, 0, 0, 0, 0, 0, 0, 0, 0, 0, 0, 0, 0, 0, 0, 0, 0, 0, 0, 0, 0, 0, 0, 0, 0, 0, 0, 0, 0, 0, 0, 0, 0, 0, 0, 0, 0, 0, 0, 0, 0, 0, 0, 0, 0, 0, 0, 0, 0, 0, 0, 0, 0, 0, 0, 0, 0, 0, 0, 0, 1499.0593704275193, 0, 0, 0, 0, 0, 0, 0, 935.3501430907806, 1068.8602260997673, 0, 0, 4029.0, 0, 4029.0, 0, 4029.0, 4029.0, 2346.7196893037894, 4029.0, 2762.411428855789, 1682.2803106962103, 2074.3375806787776, 1266.588571144211, 1954.6624193212224, 525.7302603819327]","[0, 0, 0, 0, 0, 0, 0, 0, 0, 0, 0, 0, 0, 0, 0, 0, 0, 0, 0, 0, 0, 0, 0, 0, 0, 0, 0, 0, 0, 0, 0, 0, 0, 0, 0, 0, 0, 0, 0, 0, 0, 0, 0, 0, 0, 0, 0, 0, 0, 0, 0, 0, 0, 0, 0, 0, 0, 0, 0, 0, 0, (429.21633333333324, 0.0, 0.0), 0, 0, 0, 0, 0, 0, 0, (109.0518, 0.5446, 0.4834), (243.2694, 1.3356666666666668, 0.18259999999999998), 0, 0, (253.7549333333333, 0.0006666666666666666, 0.0008), 0, (119.5372, 0.03373333333333334, 0.02686666666666667), 0, (92.2746, 0.5394, 0.44333333333333325), (268.4352, 13.852799999999998, 1.682), (30.75773333333333, 11.004733333333336, 11.030333333333335), (0.0, 0.0046, 0.00013333333333333334), (298.49406666666664, 0.0016666666666666668, 0.005466666666666667), (0.0, 0.0044, 0.0), (90.177, 0.02, 0.014), (98.56566666666669, 0.0007333333333333332, 0.0002666666666666667), (300.59133333333324, 0.0011333333333333332, 0.0015333333333333334), (0.0, 0.004733333333333333, 0.00013333333333333334)]","[0, 0, 0, 0, 0, 0, 0, 0, 0, 0, 0, 0, 0, 0, 0, 0, 0, 0, 0, 0, 0, 0, 0, 0, 0, 0, 0, 0, 0, 0, 0, 0, 0, 0, 0, 0, 0, 0, 0, 0, 0, 0, 0, 0, 0, 0, 0, 0, 0, 0, 0, 0, 0, 0, 0, 0, 0, 0, 0, 0, 0, (3, 0.381, 0.012), 0, 0, 0, 0, 0, 0, 0, (1, 0.0, 0.002838888888888889), (3, 0.0, 0.0004166666666666667), 0, 0, (3, 0.00018333333333333334, 0.015666666666666666), 0, (3, 0.0013666666666666669, 0.04000555555555556), 0, (1, 0.0, 0.0022722222222222224), (2, 0.0, 0.005916666666666666), (3, 0.0, 2.2222222222222223e-05), (1, 0.0, 0.0008111111111111112), (3, 0.0008666666666666667, 0.016138888888888887), (1, 0.0, 0.0008277777777777778), (1, 3.3333333333333335e-05, 0.05506666666666666), (1, 0.0, 0.0016666666666666668), (2, 0.0004, 0.0023666666666666667), (1, 0.0, 0.0008388888888888889)]","[-1, -1, -1, -1, -1, -1, -1, -1, -1, -1, -1, -1, -1, -1, -1, -1, -1, -1, -1, -1, -1, -1, -1, -1, -1, -1, -1, -1, -1, -1, -1, -1, -1, -1, -1, -1, -1, -1, -1, -1, -1, -1, -1, -1, -1, -1, -1, -1, -1, -1, -1, -1, -1, -1, -1, -1, -1, -1, -1, -1, -1, 11, -1, -1, -1, -1, -1, -1, -1, 11, 11, -1, -1, 4, -1, 6, -1, 7, 15, 10, 13, 8, 10, 5, 8, 5, 11]","[False, False, False, False, False, False, False, False, False, False, False, False, False, False, False, False, False, False, False, False, False, False, False, False, False, False, False, False, False, False, False, False, False, False, False, False, False, False, False, False, False, False, False, False, False, False, False, False, False, False, False, False, False, False, False, False, False, False, False, False, False, True, False, False, False, False, False, False, False, True, True, False, False, True, False, True, False, True, True, True, True, True, True, True, True, True, True]"
61,"[0, 0, 0, 0, 0, 0, 0, 0, 0, 0, 0, 0, 0, 0, 0, 0, 0, 0, 0, 0, 0, 0, 0, 0, 0, 0, 0, 0, 0, 0, 0, 0, 0, 0, 0, 0, 0, 0, 0, 0, 0, 0, 0, 0, 0, 0, 0, 0, 0, 0, 0, 0, 0, 0, 0, 0, 0, 0, 0, 0, 0, 1471.5768611553244, 0, 0, 0, 0, 0, 0, 0, 967.2054005675245, 940.5035292677412, 0, 0, 2103.5010678682, 0, 2935.85027399664, 0, 0, 1612.6841520322869, 1191.9840113790701, 0, 1896.4898516652977, 520.8668579276933, 741.2336873370001, 597.6615481065954, 557.7749931202221, 554.2557590769045, 1108.5118598755066, 881.4670876440003, 1071.7839430047102]","[0, 0, 0, 1, 1, 2, 2, 2, 3, 3, 3, 3, 3, 4, 4, 4, 4, 4, 4, 4, 5, 5, 5, 5, 6, 6, 6, 6, 6, 7, 7, 7, 7, 7, 8, 8, 8, 9, 9, 9, 9, 9, 9, 10, 10, 11, 11, 11, 11, 11, 12, 12, 12, 12, 13, 13, 13, 13, 14, 14, 14, 14, 15, 15, 15, 15, 15, 16, 16, 17, 17, 17, 17, 17, 18, 19, 19, 19, 19, 20, 20, 20, 21, 21, 21, 21, 22, 22, 22, 22]","[1, 1, 1, 2, 2, 3, 3, 3, 4, 4, 4, 4, 4, 5, 5, 5, 7, 10, 8, 8, 10, 10, 10, 11, 13, 14, 14, 16, 16, 18, 18, 18, 20, 20, 22, 22, 23, 24, 28, 26, 25, 26, 31, 28, 28, 29, 30, 30, 33, 36, 35, 35, 37, 36, 36, 37, 37, 37, 40, 40, 44, 44, 43, 44, 44, 45, 46, 47, 49, 51, 51, 52, 52, 53, 53, 55, 55, 55, 57, 56, 57, 58, 58, 58, 59, 59, 59, 61, 61, 61]","[7, 10, 13, 11, 7, 10, 10, 20, 8, 26, 8, 20, 14, 25, 14, 25, 18, 37, 18, 22, 37, 16, 25, 18, 22, 26, 16, 35, 23, 24, 41, 26, 36, 40, 44, 33, 30, 28, 36, 30, 35, 55, 35, 29, 37, 53, 36, 46, 55, 56, 55, 43, 60, 47, 48, 40, 44, 44, 51, 43, 59, -1, 59, 53, 51, 49, 58, 52, 56, -1, -1, 58, 57, -1, 57, -1, 59, 61, -1, -1, 61, -1, -1, -1, -1, -1, -1, -1, -1, -1]","[0, 0, 0, 0, 0, 0, 0, 0, 0, 0, 0, 0, 0, 0, 0, 0, 0, 0, 0, 0, 0, 0, 0, 0, 0, 0, 0, 0, 0, 0, 0, 0, 0, 0, 0, 0, 0, 0, 0, 0, 0, 0, 0, 0, 0, 0, 0, 0, 0, 0, 0, 0, 0, 0, 0, 0, 0, 0, 0, 0, 0, 1816.89752088874, 0, 0, 0, 0, 0, 0, 0, 1312.5260603009401, 1306.676037005325, 0, 0, 4029.0, 0, 3203.537640438209, 0, 0, 4029.0, 2350.0585767256885, 0, 2663.9141517793514, 1678.9414232743115, 4029.0, 1365.085848220649, 825.462359561791, 899.5764188103201, 1474.6843676130904, 1247.6395953815843, 4029.0]","[0, 0, 0, 0, 0, 0, 0, 0, 0, 0, 0, 0, 0, 0, 0, 0, 0, 0, 0, 0, 0, 0, 0, 0, 0, 0, 0, 0, 0, 0, 0, 0, 0, 0, 0, 0, 0, 0, 0, 0, 0, 0, 0, 0, 0, 0, 0, 0, 0, 0, 0, 0, 0, 0, 0, 0, 0, 0, 0, 0, 0, (637.5336666666665, 0.0, 0.0), 0, 0, 0, 0, 0, 0, 0, (131.4214, 0.5404, 0.4769333333333333), (178.2574, 0.7554, 0.0208), 0, 0, (244.66713333333328, 0.0014666666666666665, 0.0012), 0, (105.55626666666666, 0.03646666666666667, 0.024466666666666664), 0, 0, (383.0794, 15.210066666666668, 1.8525333333333331), (30.932599999999997, 11.007200000000001, 11.033333333333335), 0, (294.3, 0.001066666666666667, 0.005466666666666667), (0.0, 0.0046, 0.00013333333333333334), (93.3228, 0.018333333333333333, 0.014133333333333333), (121.6344, 0.0005333333333333334, 0.0002), (288.00833333333327, 0.0011333333333333332, 0.0014), (0.0, 0.0044, 0.0), (67.1088, 0.0, 0.001), (95.9442, 0.019933333333333334, 0.0208), (125.829, 0.0033333333333333335, 0.0012666666666666666)]","[0, 0, 0, 0, 0, 0, 0, 0, 0, 0, 0, 0, 0, 0, 0, 0, 0, 0, 0, 0, 0, 0, 0, 0, 0, 0, 0, 0, 0, 0, 0, 0, 0, 0, 0, 0, 0, 0, 0, 0, 0, 0, 0, 0, 0, 0, 0, 0, 0, 0, 0, 0, 0, 0, 0, 0, 0, 0, 0, 0, 0, (3, 0.0831, 0.0046944444444444455), 0, 0, 0, 0, 0, 0, 0, (1, 0.06126666666666666, 0.023866666666666675), (3, 0.0, 0.0004444444444444444), 0, 0, (3, 0.00015, 0.019816666666666666), 0, (3, 0.0, 0.024422222222222224), 0, 0, (2, 0.0, 0.0036999999999999997), (3, 0.0, 2.2222222222222223e-05), 0, (3, 0.0002, 0.014294444444444445), (1, 0.0, 0.0008111111111111112), (1, 0.0, 0.0557), (1, 0.0, 0.0015388888888888887), (2, 0.00026666666666666673, 0.002455555555555556), (1, 0.0, 0.0008277777777777778), (3, 0.0, 0.0), (1, 0.0012, 0.05558333333333333), (3, 0.0, 0.0006444444444444443)]","[-1, -1, -1, -1, -1, -1, -1, -1, -1, -1, -1, -1, -1, -1, -1, -1, -1, -1, -1, -1, -1, -1, -1, -1, -1, -1, -1, -1, -1, -1, -1, -1, -1, -1, -1, -1, -1, -1, -1, -1, -1, -1, -1, -1, -1, -1, -1, -1, -1, -1, -1, -1, -1, -1, -1, -1, -1, -1, -1, -1, -1, 11, -1, -1, -1, -1, -1, -1, -1, 11, 7, -1, -1, 4, -1, 6, -1, -1, 15, 10, -1, 8, 10, 5, 8, 6, 11, 7, 7, 14]","[False, False, False, False, False, False, False, False, False, False, False, False, False, False, False, False, False, False, False, False, False, False, False, False, False, False, False, False, False, False, False, False, False, False, False, False, False, False, False, False, False, False, False, False, False, False, False, False, False, False, False, False, False, False, False, False, False, False, False, False, False, True, False, False, False, False, False, False, False, True, True, False, False, True, False, True, False, False, True, True, False, True, True, True, True, True, True, True, True, True]"
62,"[0, 0, 0, 0, 0, 0, 0, 0, 0, 0, 0, 0, 0, 0, 0, 0, 0, 0, 0, 0, 0, 0, 0, 0, 0, 0, 0, 0, 0, 0, 0, 0, 0, 0, 0, 0, 0, 0, 0, 0, 0, 0, 0, 0, 0, 0, 0, 0, 0, 0, 0, 0, 0, 0, 0, 0, 0, 0, 0, 0, 0, 1468.6099723223501, 0, 0, 0, 0, 0, 0, 0, 922.7020845904912, 1468.6096119480499, 0, 0, 2073.45105261294, 0, 2837.2582871833197, 0, 0, 1499.1618721790824, 1198.6617929554236, 0, 2227.0400194731583, 510.85018758292983, 804.6726065235, 554.2559608139378, 590.4107639942779, 520.8668579276933, 1115.189642163913, 754.589249271, 1068.445052216534]","[0, 0, 0, 1, 1, 2, 2, 2, 3, 3, 3, 3, 3, 4, 4, 4, 4, 4, 4, 4, 5, 5, 5, 5, 6, 6, 6, 6, 6, 7, 7, 7, 7, 7, 8, 8, 8, 9, 9, 9, 9, 9, 9, 10, 10, 11, 11, 11, 11, 11, 12, 12, 12, 12, 13, 13, 13, 13, 14, 14, 14, 14, 15, 15, 15, 15, 15, 16, 16, 17, 17, 17, 17, 17, 18, 19, 19, 19, 19, 20, 20, 20, 21, 21, 21, 21, 22, 22, 22, 22]","[1, 1, 1, 2, 2, 3, 3, 3, 4, 4, 4, 4, 4, 5, 5, 5, 7, 10, 8, 8, 10, 10, 10, 11, 13, 14, 14, 16, 16, 18, 18, 18, 20, 20, 22, 22, 23, 24, 28, 26, 25, 26, 31, 28, 28, 29, 30, 30, 33, 36, 35, 35, 37, 36, 36, 37, 37, 37, 40, 40, 44, 44, 43, 44, 44, 45, 46, 47, 49, 51, 51, 52, 52, 53, 53, 55, 55, 55, 57, 56, 57, 58, 58, 58, 59, 59, 59, 61, 61, 61]","[7, 10, 13, 11, 7, 10, 10, 20, 8, 26, 8, 20, 14, 25, 14, 25, 18, 37, 18, 22, 37, 16, 25, 18, 22, 26, 16, 35, 23, 24, 41, 26, 36, 40, 44, 33, 30, 28, 36, 30, 35, 55, 35, 29, 37, 53, 36, 46, 55, 56, 55, 43, 60, 47, 48, 40, 44, 44, 51, 43, 59, -1, 59, 53, 51, 49, 58, 52, 56, -1, -1, 58, 57, -1, 57, -1, 59, 61, -1, -1, 61, -1, -1, -1, -1, -1, -1, -1, -1, -1]","[0, 0, 0, 0, 0, 0, 0, 0, 0, 0, 0, 0, 0, 0, 0, 0, 0, 0, 0, 0, 0, 0, 0, 0, 0, 0, 0, 0, 0, 0, 0, 0, 0, 0, 0, 0, 0, 0, 0, 0, 0, 0, 0, 0, 0, 0, 0, 0, 0, 0, 0, 0, 0, 0, 0, 0, 0, 0, 0, 0, 0, 1840.8836673755052, 0, 0, 0, 0, 0, 0, 0, 1294.9757796436463, 1698.8134441537288, 0, 0, 4029.0, 0, 3137.923761594521, 0, 0, 4029.0, 2358.4058026862467, 0, 2850.8920293296105, 1670.5941973137533, 4029.0, 1178.10797067039, 891.076238405479, 893.1405529808485, 1345.393474369592, 984.793081476679, 4029.0]","[0, 0, 0, 0, 0, 0, 0, 0, 0, 0, 0, 0, 0, 0, 0, 0, 0, 0, 0, 0, 0, 0, 0, 0, 0, 0, 0, 0, 0, 0, 0, 0, 0, 0, 0, 0, 0, 0, 0, 0, 0, 0, 0, 0, 0, 0, 0, 0, 0, 0, 0, 0, 0, 0, 0, 0, 0, 0, 0, 0, 0, (585.804, 0.0, 0.0), 0, 0, 0, 0, 0, 0, 0, (89.4784, 0.5311333333333333, 0.46186666666666676), (344.63140000000004, 3.1724, 0.019733333333333335), 0, 0, (254.4540666666667, 0.0026, 0.0088), 0, (111.8476, 0.035666666666666666, 0.024), 0, 0, (279.62, 9.749466666666667, 1.610333333333333), (29.2284, 11.277066666666668, 11.304066666666667), 0, (234.18133333333338, 0.0016666666666666668, 0.0016), (0.0, 0.004533333333333333, 0.0), (93.8472, 0.0318, 0.0146), (125.82866666666669, 0.0007333333333333332, 0.0002666666666666667), (311.7758666666666, 0.0011333333333333332, 0.0015333333333333334), (0.0, 0.0046, 0.00013333333333333334), (47.5354, 0.0, 0.001), (96.9928, 0.020133333333333333, 0.014066666666666665), (170.56820000000002, 0.0034, 0.0014666666666666665)]","[0, 0, 0, 0, 0, 0, 0, 0, 0, 0, 0, 0, 0, 0, 0, 0, 0, 0, 0, 0, 0, 0, 0, 0, 0, 0, 0, 0, 0, 0, 0, 0, 0, 0, 0, 0, 0, 0, 0, 0, 0, 0, 0, 0, 0, 0, 0, 0, 0, 0, 0, 0, 0, 0, 0, 0, 0, 0, 0, 0, 0, (3, 0.13241666666666665, 0.0105), 0, 0, 0, 0, 0, 0, 0, (1, 1.666666666666667e-05, 0.0020666666666666667), (3, 0.0, 0.0002722222222222222), 0, 0, (3, 0.00011666666666666667, 0.017588888888888887), 0, (3, 0.0, 0.028383333333333337), 0, 0, (2, 0.05768333333333333, 0.023244444444444446), (3, 0.0, 2.2222222222222223e-05), 0, (3, 0.0006666666666666666, 0.02163888888888889), (1, 0.0, 0.0008055555555555557), (1, 0.00011666666666666667, 0.053427777777777775), (1, 0.0, 0.00165), (2, 0.0, 0.002388888888888889), (1, 0.0, 0.0008111111111111112), (3, 0.0, 0.0), (1, 0.0, 0.054338888888888895), (3, 0.0, 0.0005666666666666666)]","[-1, -1, -1, -1, -1, -1, -1, -1, -1, -1, -1, -1, -1, -1, -1, -1, -1, -1, -1, -1, -1, -1, -1, -1, -1, -1, -1, -1, -1, -1, -1, -1, -1, -1, -1, -1, -1, -1, -1, -1, -1, -1, -1, -1, -1, -1, -1, -1, -1, -1, -1, -1, -1, -1, -1, -1, -1, -1, -1, -1, -1, 11, -1, -1, -1, -1, -1, -1, -1, 11, 7, -1, -1, 4, -1, 6, -1, -1, 15, 10, -1, 8, 10, 5, 8, 6, 11, 7, 7, 14]","[False, False, False, False, False, False, False, False, False, False, False, False, False, False, False, False, False, False, False, False, False, False, False, False, False, False, False, False, False, False, False, False, False, False, False, False, False, False, False, False, False, False, False, False, False, False, False, False, False, False, False, False, False, False, False, False, False, False, False, False, False, True, False, False, False, False, False, False, False, True, True, False, False, True, False, True, False, False, True, True, False, True, True, True, True, True, True, True, True, True]"
63,"[0, 0, 0, 0, 0, 0, 0, 0, 0, 0, 0, 0, 0, 0, 0, 0, 0, 0, 0, 0, 0, 0, 0, 0, 0, 0, 0, 0, 0, 0, 0, 0, 0, 0, 0, 0, 0, 0, 0, 0, 0, 0, 0, 0, 0, 0, 0, 0, 0, 0, 0, 0, 0, 0, 0, 0, 0, 0, 0, 0, 0, 1412.2390844958354, 0, 0, 0, 0, 0, 0, 0, 913.8014213950846, 913.8015363232312, 0, 0, 2293.817831151513, 0, 2777.0076285751793, 0, 0, 1863.10094582612, 1178.6284482263632, 0, 1766.2731188925045, 520.8668579276933, 0, 597.6615481065954, 534.03988703, 510.85018758292983, 1115.189642163913, 754.589249271, 1095.1561785219467]","[0, 0, 0, 1, 1, 2, 2, 2, 3, 3, 3, 3, 3, 4, 4, 4, 4, 4, 4, 4, 5, 5, 5, 5, 6, 6, 6, 6, 6, 7, 7, 7, 7, 7, 8, 8, 8, 9, 9, 9, 9, 9, 9, 10, 10, 11, 11, 11, 11, 11, 12, 12, 12, 12, 13, 13, 13, 13, 14, 14, 14, 14, 15, 15, 15, 15, 15, 16, 16, 17, 17, 17, 17, 17, 18, 19, 19, 19, 19, 20, 20, 20, 21, 21, 21, 21, 22, 22, 22, 22]","[1, 1, 1, 2, 2, 3, 3, 3, 4, 4, 4, 4, 4, 5, 5, 5, 7, 10, 8, 8, 10, 10, 10, 11, 13, 14, 14, 16, 16, 18, 18, 18, 20, 20, 22, 22, 23, 24, 28, 26, 25, 26, 31, 28, 28, 29, 30, 30, 33, 36, 35, 35, 37, 36, 36, 37, 37, 37, 40, 40, 44, 44, 43, 44, 44, 45, 46, 47, 49, 51, 51, 52, 52, 53, 53, 55, 55, 55, 57, 56, 57, 58, 58, 58, 59, 59, 59, 61, 61, 61]","[7, 10, 13, 11, 7, 10, 10, 20, 8, 26, 8, 20, 14, 25, 14, 25, 18, 37, 18, 22, 37, 16, 25, 18, 22, 26, 16, 35, 23, 24, 41, 26, 36, 40, 44, 33, 30, 28, 36, 30, 35, 55, 35, 29, 37, 53, 36, 46, 55, 56, 55, 43, 60, 47, 48, 40, 44, 44, 51, 43, 59, -1, 59, 53, 51, 49, 58, 52, 56, -1, -1, 58, 57, -1, 57, -1, 59, 61, -1, -1, 61, -1, -1, -1, -1, -1, -1, -1, -1, -1]","[0, 0, 0, 0, 0, 0, 0, 0, 0, 0, 0, 0, 0, 0, 0, 0, 0, 0, 0, 0, 0, 0, 0, 0, 0, 0, 0, 0, 0, 0, 0, 0, 0, 0, 0, 0, 0, 0, 0, 0, 0, 0, 0, 0, 0, 0, 0, 0, 0, 0, 0, 0, 0, 0, 0, 0, 0, 0, 0, 0, 0, 1809.6088533378854, 0, 0, 0, 0, 0, 0, 0, 1311.1711902371346, 1328.941393737183, 0, 0, 4029.0, 0, 3135.9838707725894, 0, 0, 4029.0, 2343.380795149335, 0, 2598.8057853929545, 1685.619204850665, 4029.0, 1430.1942146070455, 893.0161292274104, 908.21995642498, 1530.329499577865, 1169.7291066849518, 4029.0]","[0, 0, 0, 0, 0, 0, 0, 0, 0, 0, 0, 0, 0, 0, 0, 0, 0, 0, 0, 0, 0, 0, 0, 0, 0, 0, 0, 0, 0, 0, 0, 0, 0, 0, 0, 0, 0, 0, 0, 0, 0, 0, 0, 0, 0, 0, 0, 0, 0, 0, 0, 0, 0, 0, 0, 0, 0, 0, 0, 0, 0, (525.6854666666667, 0.0, 0.0), 0, 0, 0, 0, 0, 0, 0, (117.4404, 0.5386666666666666, 0.5020666666666667), (369.0984, 0.713, 0.022), 0, 0, (268.435, 0.0018666666666666666, 0.0016), 0, (115.3428, 0.03426666666666667, 0.023266666666666665), 0, 0, (338.34020000000004, 2.189, 3.0638666666666667), (27.96146666666667, 11.744666666666664, 11.770666666666664), 0, (242.57, 0.0003333333333333333, 0.0004), (0.0, 0.0046, 0.00013333333333333334), (99.0902, 0.043, 0.015133333333333334), (98.56533333333331, 0.0005333333333333334, 0.0002), (325.75713333333334, 0.0011333333333333332, 0.0014666666666666665), (0.0, 0.004533333333333333, 0.0), (72.7012, 0.0, 0.001), (90.177, 0.02, 0.014), (170.56820000000002, 0.0033333333333333335, 0.0014)]","[0, 0, 0, 0, 0, 0, 0, 0, 0, 0, 0, 0, 0, 0, 0, 0, 0, 0, 0, 0, 0, 0, 0, 0, 0, 0, 0, 0, 0, 0, 0, 0, 0, 0, 0, 0, 0, 0, 0, 0, 0, 0, 0, 0, 0, 0, 0, 0, 0, 0, 0, 0, 0, 0, 0, 0, 0, 0, 0, 0, 0, (3, 0.0064333333333333334, 0.012416666666666666), 0, 0, 0, 0, 0, 0, 0, (1, 0.0, 0.003311111111111111), (3, 0.0, 0.0003888888888888889), 0, 0, (3, 0.00013333333333333334, 0.023688888888888888), 0, (3, 0.0, 0.027411111111111112), 0, 0, (2, 1.1261166666666667, 0.002977777777777778), (3, 0.0, 2.2222222222222223e-05), 0, (3, 6.666666666666667e-05, 0.009744444444444444), (1, 0.0, 0.0008166666666666667), (1, 0.0, 0.05496666666666667), (1, 0.0, 0.0015500000000000002), (2, 0.0006666666666666666, 0.0023944444444444447), (1, 0.0, 0.0008055555555555557), (3, 0.0, 0.0), (1, 3.3333333333333335e-05, 0.05506666666666666), (3, 0.0, 0.0008388888888888889)]","[-1, -1, -1, -1, -1, -1, -1, -1, -1, -1, -1, -1, -1, -1, -1, -1, -1, -1, -1, -1, -1, -1, -1, -1, -1, -1, -1, -1, -1, -1, -1, -1, -1, -1, -1, -1, -1, -1, -1, -1, -1, -1, -1, -1, -1, -1, -1, -1, -1, -1, -1, -1, -1, -1, -1, -1, -1, -1, -1, -1, -1, 11, -1, -1, -1, -1, -1, -1, -1, 11, 7, -1, -1, 4, -1, 6, -1, -1, 15, 10, -1, 8, 10, 5, 8, 6, 11, 7, 7, 14]","[False, False, False, False, False, False, False, False, False, False, False, False, False, False, False, False, False, False, False, False, False, False, False, False, False, False, False, False, False, False, False, False, False, False, False, False, False, False, False, False, False, False, False, False, False, False, False, False, False, False, False, False, False, False, False, False, False, False, False, False, False, True, False, False, False, False, False, False, False, True, True, False, False, True, False, True, False, False, True, True, False, True, True, True, True, True, True, True, True, True]"
64,"[0, 0, 0, 0, 0, 0, 0, 0, 0, 0, 0, 0, 0, 0, 0, 0, 0, 0, 0, 0, 0, 0, 0, 0, 0, 0, 0, 0, 0, 0, 0, 0, 0, 0, 0, 0, 0, 0, 0, 0, 0, 0, 0, 0, 0, 0, 0, 0, 0, 0, 0, 0, 0, 0, 0, 0, 0, 0, 0, 0, 0, 1385.5370849990654, 0, 0, 0, 0, 0, 0, 0, 922.7020845904912, 1433.0069546887032, 0, 0, 2203.667785385733, 0, 3089.2155868173595, 0, 0, 2634.3846707111265, 1141.90064955642, 0, 1993.317678598913, 0, 0, 567.6115261347555, 522.1723339848888, 520.8668579276933, 1105.1729687313032, 741.2336873370001, 1105.1728508864767, 80.13338746088]","[0, 0, 0, 1, 1, 2, 2, 2, 3, 3, 3, 3, 3, 4, 4, 4, 4, 4, 4, 4, 5, 5, 5, 5, 6, 6, 6, 6, 6, 7, 7, 7, 7, 7, 8, 8, 8, 9, 9, 9, 9, 9, 9, 10, 10, 11, 11, 11, 11, 11, 12, 12, 12, 12, 13, 13, 13, 13, 14, 14, 14, 14, 15, 15, 15, 15, 15, 16, 16, 17, 17, 17, 17, 17, 18, 19, 19, 19, 19, 20, 20, 20, 21, 21, 21, 21, 22, 22, 22, 22, 22]","[1, 1, 1, 2, 2, 3, 3, 3, 4, 4, 4, 4, 4, 5, 5, 5, 7, 10, 8, 8, 10, 10, 10, 11, 13, 14, 14, 16, 16, 18, 18, 18, 20, 20, 22, 22, 23, 24, 28, 26, 25, 26, 31, 28, 28, 29, 30, 30, 33, 36, 35, 35, 37, 36, 36, 37, 37, 37, 40, 40, 44, 44, 43, 44, 44, 45, 46, 47, 49, 51, 51, 52, 52, 53, 53, 55, 55, 55, 57, 56, 57, 58, 58, 58, 59, 59, 59, 61, 61, 61, 64]","[7, 10, 13, 11, 7, 10, 10, 20, 8, 26, 8, 20, 14, 25, 14, 25, 18, 37, 18, 22, 37, 16, 25, 18, 22, 26, 16, 35, 23, 24, 41, 26, 36, 40, 44, 33, 30, 28, 36, 30, 35, 55, 35, 29, 37, 53, 36, 46, 55, 56, 55, 43, 60, 47, 48, 40, 44, 44, 51, 43, 59, -1, 59, 53, 51, 49, 58, 52, 56, -1, -1, 58, 57, -1, 57, -1, 59, 61, -1, -1, 61, -1, -1, 64, -1, -1, -1, -1, -1, -1, -1]","[0, 0, 0, 0, 0, 0, 0, 0, 0, 0, 0, 0, 0, 0, 0, 0, 0, 0, 0, 0, 0, 0, 0, 0, 0, 0, 0, 0, 0, 0, 0, 0, 0, 0, 0, 0, 0, 0, 0, 0, 0, 0, 0, 0, 0, 0, 0, 0, 0, 0, 0, 0, 0, 0, 0, 0, 0, 0, 0, 0, 0, 1785.5017424933155, 0, 0, 0, 0, 0, 0, 0, 1322.6667420847411, 1682.8690844363678, 0, 0, 4029.0, 0, 3298.0216264162354, 0, 0, 4029.0, 2585.45032477821, 0, 2455.9634812007303, 1443.54967522179, 0, 1030.2573287365726, 730.9783735837648, 920.8315154219433, 1355.0350984789677, 991.0958170846645, 4029.0, 542.7791900626972]","[0, 0, 0, 0, 0, 0, 0, 0, 0, 0, 0, 0, 0, 0, 0, 0, 0, 0, 0, 0, 0, 0, 0, 0, 0, 0, 0, 0, 0, 0, 0, 0, 0, 0, 0, 0, 0, 0, 0, 0, 0, 0, 0, 0, 0, 0, 0, 0, 0, 0, 0, 0, 0, 0, 0, 0, 0, 0, 0, 0, 0, (350.923, 0.0, 0.0), 0, 0, 0, 0, 0, 0, 0, (134.2176, 0.5295333333333333, 0.5544666666666667), (216.70520000000002, 2.985266666666667, 0.017533333333333335), 0, 0, (269.134, 0.0016666666666666668, 0.0014666666666666665), 0, (111.1486, 0.03153333333333334, 0.0434), 0, 0, (408.2452, 3.357266666666667, 2.6136666666666666), (28.00533333333333, 10.849266666666667, 10.8736), 0, (231.3854, 0.0005333333333333334, 0.0008), (0.0, 0.0046, 0.0), 0, (113.24566666666668, 0.0007333333333333332, 0.0002666666666666667), (304.78553333333326, 0.0011333333333333332, 0.0014666666666666665), (0.0, 0.0046, 0.00013333333333333334), (33.5544, 0.0, 0.001), (93.3228, 0.018333333333333333, 0.014133333333333333), (128.6252, 0.0032, 0.0014), (75.84646666666666, 0.0, 0.0)]","[0, 0, 0, 0, 0, 0, 0, 0, 0, 0, 0, 0, 0, 0, 0, 0, 0, 0, 0, 0, 0, 0, 0, 0, 0, 0, 0, 0, 0, 0, 0, 0, 0, 0, 0, 0, 0, 0, 0, 0, 0, 0, 0, 0, 0, 0, 0, 0, 0, 0, 0, 0, 0, 0, 0, 0, 0, 0, 0, 0, 0, (3, 0.008616666666666667, 0.011205555555555555), 0, 0, 0, 0, 0, 0, 0, (1, 0.0, 0.002977777777777778), (3, 0.0, 0.0003111111111111111), 0, 0, (3, 0.00031666666666666665, 0.026144444444444446), 0, (3, 0.0009, 0.029877777777777774), 0, 0, (2, 1.092625, 0.013255555555555555), (3, 0.0, 1.6666666666666667e-05), 0, (3, 6.666666666666667e-05, 0.011649999999999999), (1, 0.0, 0.0008222222222222222), 0, (1, 0.0, 0.0016666666666666668), (2, 6.666666666666667e-05, 0.0023833333333333337), (1, 0.0, 0.0008166666666666667), (3, 0.0, 0.0), (1, 0.0, 0.0557), (3, 0.0, 0.0005555555555555557), (2, 0.00015, 0.0002722222222222222)]","[-1, -1, -1, -1, -1, -1, -1, -1, -1, -1, -1, -1, -1, -1, -1, -1, -1, -1, -1, -1, -1, -1, -1, -1, -1, -1, -1, -1, -1, -1, -1, -1, -1, -1, -1, -1, -1, -1, -1, -1, -1, -1, -1, -1, -1, -1, -1, -1, -1, -1, -1, -1, -1, -1, -1, -1, -1, -1, -1, -1, -1, 11, -1, -1, -1, -1, -1, -1, -1, 11, 7, -1, -1, 4, -1, 6, -1, -1, 15, 10, -1, 8, 10, -1, 8, 6, 11, 7, 7, 14, 8]","[False, False, False, False, False, False, False, False, False, False, False, False, False, False, False, False, False, False, False, False, False, False, False, False, False, False, False, False, False, False, False, False, False, False, False, False, False, False, False, False, False, False, False, False, False, False, False, False, False, False, False, False, False, False, False, False, False, False, False, False, False, True, False, False, False, False, False, False, False, True, True, False, False, True, False, True, False, False, True, True, False, True, True, False, True, True, True, True, True, True, True]"
65,"[0, 0, 0, 0, 0, 0, 0, 0, 0, 0, 0, 0, 0, 0, 0, 0, 0, 0, 0, 0, 0, 0, 0, 0, 0, 0, 0, 0, 0, 0, 0, 0, 0, 0, 0, 0, 0, 0, 0, 0, 0, 0, 0, 0, 0, 0, 0, 0, 0, 0, 0, 0, 0, 0, 0, 0, 0, 0, 0, 0, 0, 1385.5370849990654, 0, 0, 0, 0, 0, 0, 0, 916.7683091268867, 1041.37772483589, 0, 0, 2664.4346859663865, 0, 2842.73561978406, 0, 0, 1779.6286812281753, 0, 0, 1889.8120704974624, 0, 0, 611.0171134274134, 531.0729987687222, 510.85018758292983, 1111.8507510197098, 804.6726065235, 1078.4617245810634, 86.81116974928666]","[0, 0, 0, 1, 1, 2, 2, 2, 3, 3, 3, 3, 3, 4, 4, 4, 4, 4, 4, 4, 5, 5, 5, 5, 6, 6, 6, 6, 6, 7, 7, 7, 7, 7, 8, 8, 8, 9, 9, 9, 9, 9, 9, 10, 10, 11, 11, 11, 11, 11, 12, 12, 12, 12, 13, 13, 13, 13, 14, 14, 14, 14, 15, 15, 15, 15, 15, 16, 16, 17, 17, 17, 17, 17, 18, 19, 19, 19, 19, 20, 20, 20, 21, 21, 21, 21, 22, 22, 22, 22, 22]","[1, 1, 1, 2, 2, 3, 3, 3, 4, 4, 4, 4, 4, 5, 5, 5, 7, 10, 8, 8, 10, 10, 10, 11, 13, 14, 14, 16, 16, 18, 18, 18, 20, 20, 22, 22, 23, 24, 28, 26, 25, 26, 31, 28, 28, 29, 30, 30, 33, 36, 35, 35, 37, 36, 36, 37, 37, 37, 40, 40, 44, 44, 43, 44, 44, 45, 46, 47, 49, 51, 51, 52, 52, 53, 53, 55, 55, 55, 57, 56, 57, 58, 58, 58, 59, 59, 59, 61, 61, 61, 64]","[7, 10, 13, 11, 7, 10, 10, 20, 8, 26, 8, 20, 14, 25, 14, 25, 18, 37, 18, 22, 37, 16, 25, 18, 22, 26, 16, 35, 23, 24, 41, 26, 36, 40, 44, 33, 30, 28, 36, 30, 35, 55, 35, 29, 37, 53, 36, 46, 55, 56, 55, 43, 60, 47, 48, 40, 44, 44, 51, 43, 59, -1, 59, 53, 51, 49, 58, 52, 56, -1, -1, 58, 57, -1, 57, -1, 59, 61, -1, -1, 61, -1, 65, 64, -1, -1, -1, -1, -1, -1, -1]","[0, 0, 0, 0, 0, 0, 0, 0, 0, 0, 0, 0, 0, 0, 0, 0, 0, 0, 0, 0, 0, 0, 0, 0, 0, 0, 0, 0, 0, 0, 0, 0, 0, 0, 0, 0, 0, 0, 0, 0, 0, 0, 0, 0, 0, 0, 0, 0, 0, 0, 0, 0, 0, 0, 0, 0, 0, 0, 0, 0, 0, 1790.8185577627714, 0, 0, 0, 0, 0, 0, 0, 1322.0497818905928, 1398.41069737619, 0, 0, 4029.0, 0, 3170.3313105076686, 0, 0, 4029.0, 4029.0, 0, 2370.2652859394084, 0, 0, 1091.470328869359, 858.668689492331, 916.1316603466358, 1468.88372356001, 1161.7055790638, 4029.0, 567.2643851912325]","[0, 0, 0, 0, 0, 0, 0, 0, 0, 0, 0, 0, 0, 0, 0, 0, 0, 0, 0, 0, 0, 0, 0, 0, 0, 0, 0, 0, 0, 0, 0, 0, 0, 0, 0, 0, 0, 0, 0, 0, 0, 0, 0, 0, 0, 0, 0, 0, 0, 0, 0, 0, 0, 0, 0, 0, 0, 0, 0, 0, 0, (352.32093333333336, 0.0, 0.0), 0, 0, 0, 0, 0, 0, 0, (64.3126, 0.5252666666666668, 0.5347333333333333), (404.7498, 1.2064000000000001, 0.013733333333333332), 0, 0, (369.09826666666675, 0.0032, 0.0020666666666666667), 0, (97.86666666666669, 0.0338, 0.023066666666666666), 0, 0, (645.9222, 2.945, 2.129), (29.18493333333334, 11.238933333333332, 11.264533333333333), 0, (253.7549333333333, 0.0006666666666666666, 0.0008), 0, 0, (127.92593333333336, 0.0005333333333333334, 0.0002), (258.64813333333325, 0.0011333333333333332, 0.0015333333333333334), (0.0, 0.0046, 0.0), (39.146800000000006, 0.0, 0.001), (93.8472, 0.0318, 0.0146), (134.2176, 0.0033333333333333335, 0.0014), (71.827, 0.0, 0.0)]","[0, 0, 0, 0, 0, 0, 0, 0, 0, 0, 0, 0, 0, 0, 0, 0, 0, 0, 0, 0, 0, 0, 0, 0, 0, 0, 0, 0, 0, 0, 0, 0, 0, 0, 0, 0, 0, 0, 0, 0, 0, 0, 0, 0, 0, 0, 0, 0, 0, 0, 0, 0, 0, 0, 0, 0, 0, 0, 0, 0, 0, (3, 0.010883333333333333, 0.010066666666666666), 0, 0, 0, 0, 0, 0, 0, (1, 0.0, 0.0028777777777777777), (3, 0.0, 0.00029444444444444445), 0, 0, (3, 0.2675166666666666, 0.1220111111111111), 0, (3, 0.0, 0.02947777777777778), 0, 0, (2, 0.0, 0.0070888888888888885), (3, 0.0, 4.4444444444444447e-05), 0, (3, 0.00018333333333333334, 0.015666666666666666), 0, 0, (1, 0.0, 0.0015222222222222221), (2, 0.0010333333333333334, 0.0024222222222222223), (1, 0.0, 0.0008222222222222222), (3, 0.0, 0.0), (1, 0.00011666666666666667, 0.053427777777777775), (3, 0.0, 0.0007111111111111111), (2, 0.09475, 0.017716666666666665)]","[-1, -1, -1, -1, -1, -1, -1, -1, -1, -1, -1, -1, -1, -1, -1, -1, -1, -1, -1, -1, -1, -1, -1, -1, -1, -1, -1, -1, -1, -1, -1, -1, -1, -1, -1, -1, -1, -1, -1, -1, -1, -1, -1, -1, -1, -1, -1, -1, -1, -1, -1, -1, -1, -1, -1, -1, -1, -1, -1, -1, -1, 11, -1, -1, -1, -1, -1, -1, -1, 11, 7, -1, -1, 4, -1, 6, -1, -1, 15, 10, -1, 8, -1, -1, 8, 6, 11, 7, 7, 14, 8]","[False, False, False, False, False, False, False, False, False, False, False, False, False, False, False, False, False, False, False, False, False, False, False, False, False, False, False, False, False, False, False, False, False, False, False, False, False, False, False, False, False, False, False, False, False, False, False, False, False, False, False, False, False, False, False, False, False, False, False, False, False, True, False, False, False, False, False, False, False, True, True, False, False, True, False, True, False, False, True, True, False, True, False, False, True, True, True, True, True, True, True]"
66,"[0, 0, 0, 0, 0, 0, 0, 0, 0, 0, 0, 0, 0, 0, 0, 0, 0, 0, 0, 0, 0, 0, 0, 0, 0, 0, 0, 0, 0, 0, 0, 0, 0, 0, 0, 0, 0, 0, 0, 0, 0, 0, 0, 0, 0, 0, 0, 0, 0, 0, 0, 0, 0, 0, 0, 0, 0, 0, 0, 0, 0, 0, 0, 0, 0, 0, 0, 0, 0, 901.9338704678755, 1293.563213756262, 0, 0, 2310.5122840711024, 0, 2867.38361648739, 0, 0, 2090.1455055325287, 0, 0, 2103.5010678682, 0, 0, 554.2559608139378, 537.0067752912778, 524.2057480426145, 1252.08417907625, 844.7392923255, 1058.4283798520034, 103.50562547030331, 922.7020845904912]","[0, 0, 0, 1, 1, 2, 2, 2, 3, 3, 3, 3, 3, 4, 4, 4, 4, 4, 4, 4, 5, 5, 5, 5, 6, 6, 6, 6, 6, 7, 7, 7, 7, 7, 8, 8, 8, 9, 9, 9, 9, 9, 9, 10, 10, 11, 11, 11, 11, 11, 12, 12, 12, 12, 13, 13, 13, 13, 14, 14, 14, 14, 15, 15, 15, 15, 15, 16, 16, 17, 17, 17, 17, 17, 18, 19, 19, 19, 19, 20, 20, 20, 21, 21, 21, 21, 22, 22, 22, 22, 22, 22]","[1, 1, 1, 2, 2, 3, 3, 3, 4, 4, 4, 4, 4, 5, 5, 5, 7, 10, 8, 8, 10, 10, 10, 11, 13, 14, 14, 16, 16, 18, 18, 18, 20, 20, 22, 22, 23, 24, 28, 26, 25, 26, 31, 28, 28, 29, 30, 30, 33, 36, 35, 35, 37, 36, 36, 37, 37, 37, 40, 40, 44, 44, 43, 44, 44, 45, 46, 47, 49, 51, 51, 52, 52, 53, 53, 55, 55, 55, 57, 56, 57, 58, 58, 58, 59, 59, 59, 61, 61, 61, 64, 66]","[7, 10, 13, 11, 7, 10, 10, 20, 8, 26, 8, 20, 14, 25, 14, 25, 18, 37, 18, 22, 37, 16, 25, 18, 22, 26, 16, 35, 23, 24, 41, 26, 36, 40, 44, 33, 30, 28, 36, 30, 35, 55, 35, 29, 37, 53, 36, 46, 55, 56, 55, 43, 60, 47, 48, 40, 44, 44, 51, 43, 59, -1, 59, 53, 51, 49, 58, 52, 56, -1, -1, 58, 57, -1, 57, -1, 59, 61, -1, 66, 61, -1, 65, 64, -1, -1, -1, -1, -1, -1, -1, -1]","[0, 0, 0, 0, 0, 0, 0, 0, 0, 0, 0, 0, 0, 0, 0, 0, 0, 0, 0, 0, 0, 0, 0, 0, 0, 0, 0, 0, 0, 0, 0, 0, 0, 0, 0, 0, 0, 0, 0, 0, 0, 0, 0, 0, 0, 0, 0, 0, 0, 0, 0, 0, 0, 0, 0, 0, 0, 0, 0, 0, 0, 867.62012716317, 0, 0, 0, 0, 0, 0, 0, 1769.5539976310456, 1506.4343187035913, 0, 0, 4029.0, 0, 3179.688420598056, 0, 0, 4029.0, 0, 0, 2526.0801831507197, 0, 0, 976.8350760964574, 849.3115794019438, 1391.8258752057845, 1464.9552840235792, 1057.6103972728292, 4029.0, 526.084740752823, 4029.0]","[0, 0, 0, 0, 0, 0, 0, 0, 0, 0, 0, 0, 0, 0, 0, 0, 0, 0, 0, 0, 0, 0, 0, 0, 0, 0, 0, 0, 0, 0, 0, 0, 0, 0, 0, 0, 0, 0, 0, 0, 0, 0, 0, 0, 0, 0, 0, 0, 0, 0, 0, 0, 0, 0, 0, 0, 0, 0, 0, 0, 0, (364.90406666666667, 0.0, 0.0), 0, 0, 0, 0, 0, 0, 0, (81.0898, 0.5091333333333332, 0.5423333333333333), (257.9492, 1.6759333333333335, 0.7163333333333335), 0, 0, (364.904, 0.0027333333333333333, 0.0014666666666666665), 0, (98.5656, 0.03406666666666667, 0.023066666666666666), 0, 0, (402.6528, 3.2084, 1.765466666666667), 0, 0, (244.66713333333328, 0.0014666666666666665, 0.0012), 0, 0, (79.69133333333332, 0.0007333333333333332, 0.0002666666666666667), (289.4064, 0.0012, 0.0015333333333333334), (22.3696, 0.004666666666666667, 0.0002), (173.3644, 6.666666666666668e-05, 0.0016), (99.0902, 0.043, 0.015133333333333334), (268.4352, 0.0032666666666666664, 0.0013333333333333333), (107.65333333333331, 0.0, 0.0), (97.867, 0.5311333333333333, 0.4374666666666666)]","[0, 0, 0, 0, 0, 0, 0, 0, 0, 0, 0, 0, 0, 0, 0, 0, 0, 0, 0, 0, 0, 0, 0, 0, 0, 0, 0, 0, 0, 0, 0, 0, 0, 0, 0, 0, 0, 0, 0, 0, 0, 0, 0, 0, 0, 0, 0, 0, 0, 0, 0, 0, 0, 0, 0, 0, 0, 0, 0, 0, 0, (3, 0.006866666666666666, 0.009327777777777779), 0, 0, 0, 0, 0, 0, 0, (1, 0.0, 0.0024222222222222223), (3, 0.0, 0.0003444444444444445), 0, 0, (3, 0.0012833333333333332, 0.025400000000000002), 0, (3, 0.0, 0.029166666666666667), 0, 0, (2, 0.0, 0.005355555555555555), 0, 0, (3, 0.00015, 0.019816666666666666), 0, 0, (1, 0.0, 0.0016666666666666668), (2, 0.00013333333333333334, 0.0024055555555555557), (1, 0.0, 0.0008666666666666667), (3, 0.03166666666666667, 0.0017722222222222221), (1, 0.0, 0.05496666666666667), (3, 0.0, 0.00065), (2, 0.0006, 0.00018333333333333334), (1, 0.0, 0.0014666666666666662)]","[-1, -1, -1, -1, -1, -1, -1, -1, -1, -1, -1, -1, -1, -1, -1, -1, -1, -1, -1, -1, -1, -1, -1, -1, -1, -1, -1, -1, -1, -1, -1, -1, -1, -1, -1, -1, -1, -1, -1, -1, -1, -1, -1, -1, -1, -1, -1, -1, -1, -1, -1, -1, -1, -1, -1, -1, -1, -1, -1, -1, -1, 11, -1, -1, -1, -1, -1, -1, -1, 11, 7, -1, -1, 4, -1, 6, -1, -1, 15, -1, -1, 8, -1, -1, 8, 6, 11, 7, 7, 14, 8, 13]","[False, False, False, False, False, False, False, False, False, False, False, False, False, False, False, False, False, False, False, False, False, False, False, False, False, False, False, False, False, False, False, False, False, False, False, False, False, False, False, False, False, False, False, False, False, False, False, False, False, False, False, False, False, False, False, False, False, False, False, False, False, True, False, False, False, False, False, False, False, True, True, False, False, True, False, True, False, False, True, False, False, True, False, False, True, True, True, True, True, True, True, True]"
67,"[0, 0, 0, 0, 0, 0, 0, 0, 0, 0, 0, 0, 0, 0, 0, 0, 0, 0, 0, 0, 0, 0, 0, 0, 0, 0, 0, 0, 0, 0, 0, 0, 0, 0, 0, 0, 0, 0, 0, 0, 0, 0, 0, 0, 0, 0, 0, 0, 0, 0, 0, 0, 0, 0, 0, 0, 0, 0, 0, 0, 0, 0, 0, 0, 0, 0, 0, 0, 0, 1124.450450353042, 1008.7419556814889, 0, 0, 2560.9290778649356, 0, 3604.08485128692, 0, 0, 1232.0506254656602, 0, 0, 2073.45105261294, 0, 0, 597.6615481065954, 534.03988703, 517.5279678127722, 1105.1729687313032, 814.6892779739999, 0, 0, 925.6689723222934, 1115.1894634134223]","[0, 0, 0, 1, 1, 2, 2, 2, 3, 3, 3, 3, 3, 4, 4, 4, 4, 4, 4, 4, 5, 5, 5, 5, 6, 6, 6, 6, 6, 7, 7, 7, 7, 7, 8, 8, 8, 9, 9, 9, 9, 9, 9, 10, 10, 11, 11, 11, 11, 11, 12, 12, 12, 12, 13, 13, 13, 13, 14, 14, 14, 14, 15, 15, 15, 15, 15, 16, 16, 17, 17, 17, 17, 17, 18, 19, 19, 19, 19, 20, 20, 20, 21, 21, 21, 21, 22, 22, 22, 22, 22, 22, 22]","[1, 1, 1, 2, 2, 3, 3, 3, 4, 4, 4, 4, 4, 5, 5, 5, 7, 10, 8, 8, 10, 10, 10, 11, 13, 14, 14, 16, 16, 18, 18, 18, 20, 20, 22, 22, 23, 24, 28, 26, 25, 26, 31, 28, 28, 29, 30, 30, 33, 36, 35, 35, 37, 36, 36, 37, 37, 37, 40, 40, 44, 44, 43, 44, 44, 45, 46, 47, 49, 51, 51, 52, 52, 53, 53, 55, 55, 55, 57, 56, 57, 58, 58, 58, 59, 59, 59, 61, 61, 61, 64, 66, 67]","[7, 10, 13, 11, 7, 10, 10, 20, 8, 26, 8, 20, 14, 25, 14, 25, 18, 37, 18, 22, 37, 16, 25, 18, 22, 26, 16, 35, 23, 24, 41, 26, 36, 40, 44, 33, 30, 28, 36, 30, 35, 55, 35, 29, 37, 53, 36, 46, 55, 56, 55, 43, 60, 47, 48, 40, 44, 44, 51, 43, 59, 67, 59, 53, 51, 49, 58, 52, 56, -1, -1, 58, 57, -1, 57, -1, 59, 61, -1, 66, 61, -1, 65, 64, -1, -1, -1, -1, -1, -1, -1, -1, -1]","[0, 0, 0, 0, 0, 0, 0, 0, 0, 0, 0, 0, 0, 0, 0, 0, 0, 0, 0, 0, 0, 0, 0, 0, 0, 0, 0, 0, 0, 0, 0, 0, 0, 0, 0, 0, 0, 0, 0, 0, 0, 0, 0, 0, 0, 0, 0, 0, 0, 0, 0, 0, 0, 0, 0, 0, 0, 0, 0, 0, 0, 0, 0, 0, 0, 0, 0, 0, 0, 2317.961241270135, 1375.5405548858914, 0, 0, 4029.0, 0, 3549.52248212846, 0, 0, 4029.0, 0, 0, 2526.0801857064284, 0, 0, 1050.2906812000836, 479.47751787153993, 1711.038758729865, 1471.9715679357057, 1181.4878771784024, 4029.0, 452.62913309348806, 4029.0, 4029.0]","[0, 0, 0, 0, 0, 0, 0, 0, 0, 0, 0, 0, 0, 0, 0, 0, 0, 0, 0, 0, 0, 0, 0, 0, 0, 0, 0, 0, 0, 0, 0, 0, 0, 0, 0, 0, 0, 0, 0, 0, 0, 0, 0, 0, 0, 0, 0, 0, 0, 0, 0, 0, 0, 0, 0, 0, 0, 0, 0, 0, 0, 0, 0, 0, 0, 0, 0, 0, 0, (128.6252, 0.4915333333333334, 0.5031333333333333), (293.6008, 1.66, 0.18393333333333337), 0, 0, (271.9302, 0.0026666666666666666, 0.0020666666666666667), 0, (159.383, 0.27046666666666663, 0.022466666666666666), 0, 0, (444.5958, 2.369733333333333, 2.1395999999999997), 0, 0, (254.4540666666667, 0.0026, 0.0088), 0, 0, (121.6344, 0.0005333333333333334, 0.0002), (239.0746, 0.0012, 0.0016), (78.29360000000001, 0.004533333333333333, 6.666666666666668e-05), (156.58720000000002, 6.666666666666668e-05, 0.001066666666666667), (91.7496, 0.042133333333333335, 0.014666666666666665), (248.8618, 0.0033333333333333335, 0.0014), (83.18653333333334, 0.0, 0.0), (114.6442, 0.5428, 0.4749333333333333), (499.1218, 0.0016666666666666668, 0.0011333333333333332)]","[0, 0, 0, 0, 0, 0, 0, 0, 0, 0, 0, 0, 0, 0, 0, 0, 0, 0, 0, 0, 0, 0, 0, 0, 0, 0, 0, 0, 0, 0, 0, 0, 0, 0, 0, 0, 0, 0, 0, 0, 0, 0, 0, 0, 0, 0, 0, 0, 0, 0, 0, 0, 0, 0, 0, 0, 0, 0, 0, 0, 0, 0, 0, 0, 0, 0, 0, 0, 0, (1, 0.0, 0.00255), (3, 0.0, 0.00039999999999999996), 0, 0, (3, 0.005633333333333334, 0.03143333333333334), 0, (3, 0.0013666666666666669, 0.02918888888888889), 0, 0, (2, 0.0, 0.005061111111111111), 0, 0, (3, 0.00011666666666666667, 0.017588888888888887), 0, 0, (1, 0.0, 0.0015611111111111112), (2, 0.00016666666666666666, 0.002361111111111111), (1, 0.0, 0.000861111111111111), (3, 0.0, 0.0002833333333333333), (1, 0.0, 0.05646666666666667), (3, 0.0, 0.0008222222222222222), (2, 0.0005833333333333334, 0.00023333333333333333), (1, 0.0, 0.001527777777777778), (2, 0.0, 0.0010999999999999998)]","[-1, -1, -1, -1, -1, -1, -1, -1, -1, -1, -1, -1, -1, -1, -1, -1, -1, -1, -1, -1, -1, -1, -1, -1, -1, -1, -1, -1, -1, -1, -1, -1, -1, -1, -1, -1, -1, -1, -1, -1, -1, -1, -1, -1, -1, -1, -1, -1, -1, -1, -1, -1, -1, -1, -1, -1, -1, -1, -1, -1, -1, -1, -1, -1, -1, -1, -1, -1, -1, 11, 7, -1, -1, 4, -1, 6, -1, -1, 15, -1, -1, 8, -1, -1, 8, 6, 11, 7, 7, 14, 8, 13, 1]","[False, False, False, False, False, False, False, False, False, False, False, False, False, False, False, False, False, False, False, False, False, False, False, False, False, False, False, False, False, False, False, False, False, False, False, False, False, False, False, False, False, False, False, False, False, False, False, False, False, False, False, False, False, False, False, False, False, False, False, False, False, False, False, False, False, False, False, False, False, True, True, False, False, True, False, True, False, False, True, False, False, True, False, False, True, True, True, True, True, True, True, True, True]"
68,"[0, 0, 0, 0, 0, 0, 0, 0, 0, 0, 0, 0, 0, 0, 0, 0, 0, 0, 0, 0, 0, 0, 0, 0, 0, 0, 0, 0, 0, 0, 0, 0, 0, 0, 0, 0, 0, 0, 0, 0, 0, 0, 0, 0, 0, 0, 0, 0, 0, 0, 0, 0, 0, 0, 0, 0, 0, 0, 0, 0, 0, 0, 0, 0, 0, 0, 0, 0, 0, 907.86764593148, 1391.4705212194656, 0, 0, 0, 0, 4107.999450555, 0, 0, 2534.217953193593, 0, 0, 2293.817831151513, 0, 0, 560.9337434743467, 0, 0, 1118.528533308117, 918.1948829624997, 0, 0, 928.6358600540952, 1175.2894943758222, 652.7155422502, 1155.2559781834066, 2251.868135745323]","[0, 0, 0, 1, 1, 2, 2, 2, 3, 3, 3, 3, 3, 4, 4, 4, 4, 4, 4, 4, 5, 5, 5, 5, 6, 6, 6, 6, 6, 7, 7, 7, 7, 7, 8, 8, 8, 9, 9, 9, 9, 9, 9, 10, 10, 11, 11, 11, 11, 11, 12, 12, 12, 12, 13, 13, 13, 13, 14, 14, 14, 14, 15, 15, 15, 15, 15, 16, 16, 17, 17, 17, 17, 17, 18, 19, 19, 19, 19, 20, 20, 20, 21, 21, 21, 21, 22, 22, 22, 22, 22, 22, 22, 22, 22, 23]","[1, 1, 1, 2, 2, 3, 3, 3, 4, 4, 4, 4, 4, 5, 5, 5, 7, 10, 8, 8, 10, 10, 10, 11, 13, 14, 14, 16, 16, 18, 18, 18, 20, 20, 22, 22, 23, 24, 28, 26, 25, 26, 31, 28, 28, 29, 30, 30, 33, 36, 35, 35, 37, 36, 36, 37, 37, 37, 40, 40, 44, 44, 43, 44, 44, 45, 46, 47, 49, 51, 51, 52, 52, 53, 53, 55, 55, 55, 57, 56, 57, 58, 58, 58, 59, 59, 59, 61, 61, 61, 64, 66, 67, 68, 68, 68]","[7, 10, 13, 11, 7, 10, 10, 20, 8, 26, 8, 20, 14, 25, 14, 25, 18, 37, 18, 22, 37, 16, 25, 18, 22, 26, 16, 35, 23, 24, 41, 26, 36, 40, 44, 33, 30, 28, 36, 30, 35, 55, 35, 29, 37, 53, 36, 46, 55, 56, 55, 43, 60, 47, 48, 40, 44, 44, 51, 43, 59, 67, 59, 53, 51, 49, 58, 52, 56, -1, -1, 58, 57, -1, 57, -1, 59, 61, -1, 66, 61, -1, 65, 64, -1, -1, -1, -1, -1, 68, 68, -1, -1, -1, -1, -1]","[0, 0, 0, 0, 0, 0, 0, 0, 0, 0, 0, 0, 0, 0, 0, 0, 0, 0, 0, 0, 0, 0, 0, 0, 0, 0, 0, 0, 0, 0, 0, 0, 0, 0, 0, 0, 0, 0, 0, 0, 0, 0, 0, 0, 0, 0, 0, 0, 0, 0, 0, 0, 0, 0, 0, 0, 0, 0, 0, 0, 0, 0, 0, 0, 0, 0, 0, 0, 0, 2468.4338229657396, 1591.7392087227715, 0, 0, 4029.0, 0, 4029.0, 0, 0, 2703.9809875050933, 0, 0, 4029.0, 0, 0, 1707.3221245492623, 4029.0, 1560.56617703426, 1318.797220811423, 1118.4635704658058, 0, 0, 4029.0, 2321.6778754507377, 4029.0, 1325.0190124949067, 4029.0]","[0, 0, 0, 0, 0, 0, 0, 0, 0, 0, 0, 0, 0, 0, 0, 0, 0, 0, 0, 0, 0, 0, 0, 0, 0, 0, 0, 0, 0, 0, 0, 0, 0, 0, 0, 0, 0, 0, 0, 0, 0, 0, 0, 0, 0, 0, 0, 0, 0, 0, 0, 0, 0, 0, 0, 0, 0, 0, 0, 0, 0, 0, 0, 0, 0, 0, 0, 0, 0, (100.6632, 0.49213333333333326, 0.49939999999999996), (454.38226666666674, 2.6148000000000002, 0.015), 0, 0, (274.72646666666674, 0.0041333333333333335, 0.009866666666666668), 0, (234.88039999999998, 0.2981333333333333, 0.018066666666666665), 0, 0, (349.525, 5.339466666666667, 2.7218), 0, 0, (268.435, 0.0018666666666666666, 0.0016), 0, 0, (127.9256, 0.0007333333333333332, 0.0002666666666666667), (244.6674, 0.0012, 0.0014666666666666665), (0.0, 0.004666666666666667, 0.00013333333333333334), (97.867, 0.0, 0.001), (88.0798, 0.027533333333333333, 0.014933333333333335), 0, 0, (109.0518, 0.5416666666666666, 0.5044666666666666), (553.6476, 0.0017333333333333335, 0.0015333333333333334), (433.41086666666666, 0.0023333333333333335, 0.0030666666666666668), (67.10839999999999, 0.00013333333333333334, 0.001), (100.6632, 0.009333333333333334, 0.0108)]","[0, 0, 0, 0, 0, 0, 0, 0, 0, 0, 0, 0, 0, 0, 0, 0, 0, 0, 0, 0, 0, 0, 0, 0, 0, 0, 0, 0, 0, 0, 0, 0, 0, 0, 0, 0, 0, 0, 0, 0, 0, 0, 0, 0, 0, 0, 0, 0, 0, 0, 0, 0, 0, 0, 0, 0, 0, 0, 0, 0, 0, 0, 0, 0, 0, 0, 0, 0, 0, (1, 0.0, 0.0023), (3, 0.0, 0.0002666666666666667), 0, 0, (3, 0.0009833333333333335, 0.03336666666666666), 0, (3, 8.333333333333333e-05, 0.02883888888888889), 0, 0, (2, 0.0, 0.01048888888888889), 0, 0, (3, 0.00013333333333333334, 0.023688888888888888), 0, 0, (1, 0.0, 0.0017055555555555554), (2, 0.0, 0.002361111111111111), (1, 0.0, 0.0008388888888888889), (3, 0.008, 0.00039999999999999996), (1, 0.0, 0.05538333333333333), 0, 0, (1, 0.0, 0.0017222222222222224), (2, 0.0, 0.0005222222222222223), (1, 0.011300000000000001, 0.0010833333333333333), (1, 0.0, 0.0005722222222222222), (2, 0.0, 0.002416666666666667)]","[-1, -1, -1, -1, -1, -1, -1, -1, -1, -1, -1, -1, -1, -1, -1, -1, -1, -1, -1, -1, -1, -1, -1, -1, -1, -1, -1, -1, -1, -1, -1, -1, -1, -1, -1, -1, -1, -1, -1, -1, -1, -1, -1, -1, -1, -1, -1, -1, -1, -1, -1, -1, -1, -1, -1, -1, -1, -1, -1, -1, -1, -1, -1, -1, -1, -1, -1, -1, -1, 11, 7, -1, -1, 4, -1, 6, -1, -1, 15, -1, -1, 9, -1, -1, 12, 1, 11, 7, 7, -1, -1, 13, 12, 14, 15, 5]","[False, False, False, False, False, False, False, False, False, False, False, False, False, False, False, False, False, False, False, False, False, False, False, False, False, False, False, False, False, False, False, False, False, False, False, False, False, False, False, False, False, False, False, False, False, False, False, False, False, False, False, False, False, False, False, False, False, False, False, False, False, False, False, False, False, False, False, False, False, True, True, False, False, True, False, True, False, False, True, False, False, True, False, False, True, True, True, True, True, False, False, True, True, True, True, True]"
69,"[0, 0, 0, 0, 0, 0, 0, 0, 0, 0, 0, 0, 0, 0, 0, 0, 0, 0, 0, 0, 0, 0, 0, 0, 0, 0, 0, 0, 0, 0, 0, 0, 0, 0, 0, 0, 0, 0, 0, 0, 0, 0, 0, 0, 0, 0, 0, 0, 0, 0, 0, 0, 0, 0, 0, 0, 0, 0, 0, 0, 0, 0, 0, 0, 0, 0, 0, 0, 0, 0, 1103.6823750397464, 0, 0, 0, 0, 3519.18619597545, 0, 0, 5161.924842736884, 0, 0, 2203.667785385733, 0, 0, 597.6615481065954, 0, 0, 1121.86742445232, 794.6559350729999, 0, 0, 931.6027477858978, 1121.8672446314667, 634.9142092797401, 1151.9170880730503, 2266.7025766922616, 685.3513090824399, 2240.395480738335, 517.5280212281833]","[0, 0, 0, 1, 1, 2, 2, 2, 3, 3, 3, 3, 3, 4, 4, 4, 4, 4, 4, 4, 5, 5, 5, 5, 6, 6, 6, 6, 6, 7, 7, 7, 7, 7, 8, 8, 8, 9, 9, 9, 9, 9, 9, 10, 10, 11, 11, 11, 11, 11, 12, 12, 12, 12, 13, 13, 13, 13, 14, 14, 14, 14, 15, 15, 15, 15, 15, 16, 16, 17, 17, 17, 17, 17, 18, 19, 19, 19, 19, 20, 20, 20, 21, 21, 21, 21, 22, 22, 22, 22, 22, 22, 22, 22, 22, 23, 23, 23, 24]","[1, 1, 1, 2, 2, 3, 3, 3, 4, 4, 4, 4, 4, 5, 5, 5, 7, 10, 8, 8, 10, 10, 10, 11, 13, 14, 14, 16, 16, 18, 18, 18, 20, 20, 22, 22, 23, 24, 28, 26, 25, 26, 31, 28, 28, 29, 30, 30, 33, 36, 35, 35, 37, 36, 36, 37, 37, 37, 40, 40, 44, 44, 43, 44, 44, 45, 46, 47, 49, 51, 51, 52, 52, 53, 53, 55, 55, 55, 57, 56, 57, 58, 58, 58, 59, 59, 59, 61, 61, 61, 64, 66, 67, 68, 68, 68, 69, 69, 69]","[7, 10, 13, 11, 7, 10, 10, 20, 8, 26, 8, 20, 14, 25, 14, 25, 18, 37, 18, 22, 37, 16, 25, 18, 22, 26, 16, 35, 23, 24, 41, 26, 36, 40, 44, 33, 30, 28, 36, 30, 35, 55, 35, 29, 37, 53, 36, 46, 55, 56, 55, 43, 60, 47, 48, 40, 44, 44, 51, 43, 59, 67, 59, 53, 51, 49, 58, 52, 56, -1, -1, 58, 57, 69, 57, -1, 59, 61, -1, 66, 61, -1, 65, 64, -1, 69, 69, -1, -1, 68, 68, -1, -1, -1, -1, -1, -1, -1, -1]","[0, 0, 0, 0, 0, 0, 0, 0, 0, 0, 0, 0, 0, 0, 0, 0, 0, 0, 0, 0, 0, 0, 0, 0, 0, 0, 0, 0, 0, 0, 0, 0, 0, 0, 0, 0, 0, 0, 0, 0, 0, 0, 0, 0, 0, 0, 0, 0, 0, 0, 0, 0, 0, 0, 0, 0, 0, 0, 0, 0, 0, 0, 0, 0, 0, 0, 0, 0, 0, 4029.0, 1439.9471301847243, 0, 0, 0, 0, 4029.0, 0, 0, 4019.5038773319166, 0, 0, 4029.0, 0, 0, 1139.0348474997613, 0, 0, 1458.1321795972979, 1130.9206902179778, 0, 0, 4029.0, 1663.2405440246325, 4029.0, 9.49612266808299, 4029.0, 1226.7246084756057, 2875.933729755076, 1153.066270244924]","[0, 0, 0, 0, 0, 0, 0, 0, 0, 0, 0, 0, 0, 0, 0, 0, 0, 0, 0, 0, 0, 0, 0, 0, 0, 0, 0, 0, 0, 0, 0, 0, 0, 0, 0, 0, 0, 0, 0, 0, 0, 0, 0, 0, 0, 0, 0, 0, 0, 0, 0, 0, 0, 0, 0, 0, 0, 0, 0, 0, 0, 0, 0, 0, 0, 0, 0, 0, 0, (106.2556, 0.49460000000000004, 0.5610666666666667), (283.1152, 1.2862, 0.020266666666666665), 0, 0, 0, 0, (221.59853333333334, 0.0404, 0.026733333333333335), 0, 0, (553.6476, 10.710466666666667, 4.053266666666667), 0, 0, (269.134, 0.0016666666666666668, 0.0014666666666666665), 0, 0, (123.7314, 0.0005333333333333334, 0.0002), 0, 0, (81.0898, 0.0, 0.001), (90.70139999999999, 0.0224, 0.014266666666666667), 0, 0, (109.0518, 0.5368666666666667, 0.4758666666666667), (461.3726, 0.008400000000000001, 0.008866666666666667), (398.45840000000004, 0.0016666666666666668, 0.0003333333333333333), (72.70093333333334, 6.666666666666668e-05, 0.001), (150.9948, 0.009333333333333334, 0.010933333333333335), (232.08433333333338, 0.9976, 0.007), (973.0777333333333, 0.10640000000000001, 0.744), (58.7202, 0.004733333333333333, 0.00013333333333333334)]","[0, 0, 0, 0, 0, 0, 0, 0, 0, 0, 0, 0, 0, 0, 0, 0, 0, 0, 0, 0, 0, 0, 0, 0, 0, 0, 0, 0, 0, 0, 0, 0, 0, 0, 0, 0, 0, 0, 0, 0, 0, 0, 0, 0, 0, 0, 0, 0, 0, 0, 0, 0, 0, 0, 0, 0, 0, 0, 0, 0, 0, 0, 0, 0, 0, 0, 0, 0, 0, (1, 0.0, 0.003311111111111111), (3, 0.0, 0.00040555555555555554), 0, 0, 0, 0, (3, 0.0, 0.02946666666666667), 0, 0, (2, 0.0, 0.008927777777777778), 0, 0, (3, 0.00031666666666666665, 0.026144444444444446), 0, 0, (1, 0.0, 0.0016055555555555554), 0, 0, (3, 0.0, 0.0), (1, 0.0, 0.05278888888888889), 0, 0, (1, 0.0, 0.0017166666666666667), (2, 0.0, 0.0004944444444444445), (1, 0.015133333333333334, 0.0009777777777777777), (1, 0.0, 0.0005666666666666666), (2, 0.0, 0.0026888888888888887), (3, 0.0, 0.0005111111111111112), (3, 0.0, 0.025061111111111114), (2, 0.0, 0.0010944444444444443)]","[-1, -1, -1, -1, -1, -1, -1, -1, -1, -1, -1, -1, -1, -1, -1, -1, -1, -1, -1, -1, -1, -1, -1, -1, -1, -1, -1, -1, -1, -1, -1, -1, -1, -1, -1, -1, -1, -1, -1, -1, -1, -1, -1, -1, -1, -1, -1, -1, -1, -1, -1, -1, -1, -1, -1, -1, -1, -1, -1, -1, -1, -1, -1, -1, -1, -1, -1, -1, -1, 11, 7, -1, -1, -1, -1, 6, -1, -1, 15, -1, -1, 9, -1, -1, 12, -1, -1, 7, 7, -1, -1, 13, 12, 14, 15, 5, 12, 1, 1]","[False, False, False, False, False, False, False, False, False, False, False, False, False, False, False, False, False, False, False, False, False, False, False, False, False, False, False, False, False, False, False, False, False, False, False, False, False, False, False, False, False, False, False, False, False, False, False, False, False, False, False, False, False, False, False, False, False, False, False, False, False, False, False, False, False, False, False, False, False, True, True, False, False, False, False, True, False, False, True, False, False, True, False, False, True, False, False, True, True, False, False, True, True, True, True, True, True, True, True]"
70,"[0, 0, 0, 0, 0, 0, 0, 0, 0, 0, 0, 0, 0, 0, 0, 0, 0, 0, 0, 0, 0, 0, 0, 0, 0, 0, 0, 0, 0, 0, 0, 0, 0, 0, 0, 0, 0, 0, 0, 0, 0, 0, 0, 0, 0, 0, 0, 0, 0, 0, 0, 0, 0, 0, 0, 0, 0, 0, 0, 0, 0, 0, 0, 0, 0, 0, 0, 0, 0, 0, 1533.8811502568522, 0, 0, 0, 0, 3576.69818828322, 0, 0, 3255.4183193198332, 0, 0, 2664.4346859663865, 0, 0, 554.2559608139378, 0, 0, 1105.1729687313032, 744.5725778205001, 0, 0, 925.6689723222934, 1035.0560887968888, 0, 1158.5948682937635, 2248.9012475559352, 741.7221959766666, 1332.217282883153, 510.85024030910995, 1646.6233023008167]","[0, 0, 0, 1, 1, 2, 2, 2, 3, 3, 3, 3, 3, 4, 4, 4, 4, 4, 4, 4, 5, 5, 5, 5, 6, 6, 6, 6, 6, 7, 7, 7, 7, 7, 8, 8, 8, 9, 9, 9, 9, 9, 9, 10, 10, 11, 11, 11, 11, 11, 12, 12, 12, 12, 13, 13, 13, 13, 14, 14, 14, 14, 15, 15, 15, 15, 15, 16, 16, 17, 17, 17, 17, 17, 18, 19, 19, 19, 19, 20, 20, 20, 21, 21, 21, 21, 22, 22, 22, 22, 22, 22, 22, 22, 22, 23, 23, 23, 24, 24]","[1, 1, 1, 2, 2, 3, 3, 3, 4, 4, 4, 4, 4, 5, 5, 5, 7, 10, 8, 8, 10, 10, 10, 11, 13, 14, 14, 16, 16, 18, 18, 18, 20, 20, 22, 22, 23, 24, 28, 26, 25, 26, 31, 28, 28, 29, 30, 30, 33, 36, 35, 35, 37, 36, 36, 37, 37, 37, 40, 40, 44, 44, 43, 44, 44, 45, 46, 47, 49, 51, 51, 52, 52, 53, 53, 55, 55, 55, 57, 56, 57, 58, 58, 58, 59, 59, 59, 61, 61, 61, 64, 66, 67, 68, 68, 68, 69, 69, 69, 70]","[7, 10, 13, 11, 7, 10, 10, 20, 8, 26, 8, 20, 14, 25, 14, 25, 18, 37, 18, 22, 37, 16, 25, 18, 22, 26, 16, 35, 23, 24, 41, 26, 36, 40, 44, 33, 30, 28, 36, 30, 35, 55, 35, 29, 37, 53, 36, 46, 55, 56, 55, 43, 60, 47, 48, 40, 44, 44, 51, 43, 59, 67, 59, 53, 51, 49, 58, 52, 56, 70, -1, 58, 57, 69, 57, -1, 59, 61, -1, 66, 61, -1, 65, 64, -1, 69, 69, -1, -1, 68, 68, -1, -1, -1, -1, -1, -1, -1, -1, -1]","[0, 0, 0, 0, 0, 0, 0, 0, 0, 0, 0, 0, 0, 0, 0, 0, 0, 0, 0, 0, 0, 0, 0, 0, 0, 0, 0, 0, 0, 0, 0, 0, 0, 0, 0, 0, 0, 0, 0, 0, 0, 0, 0, 0, 0, 0, 0, 0, 0, 0, 0, 0, 0, 0, 0, 0, 0, 0, 0, 0, 0, 0, 0, 0, 0, 0, 0, 0, 0, 0, 1749.005584653967, 0, 0, 0, 0, 4029.0, 0, 0, 3062.911725513035, 0, 0, 4029.0, 0, 0, 1120.2445456181067, 0, 0, 1320.297403128418, 959.6970122176149, 0, 0, 1654.0228350107382, 1601.0446736010576, 4029.0, 966.0882744869652, 4029.0, 1307.7107807808356, 2425.1835212870214, 1603.8164787129783, 2374.977164989262]","[0, 0, 0, 0, 0, 0, 0, 0, 0, 0, 0, 0, 0, 0, 0, 0, 0, 0, 0, 0, 0, 0, 0, 0, 0, 0, 0, 0, 0, 0, 0, 0, 0, 0, 0, 0, 0, 0, 0, 0, 0, 0, 0, 0, 0, 0, 0, 0, 0, 0, 0, 0, 0, 0, 0, 0, 0, 0, 0, 0, 0, 0, 0, 0, 0, 0, 0, 0, 0, 0, (388.6717333333333, 3.0486, 0.017133333333333334), 0, 0, 0, 0, (117.44013333333332, 0.04193333333333333, 0.027666666666666673), 0, 0, (503.316, 17.2942, 4.714533333333334), 0, 0, (369.09826666666675, 0.0032, 0.0020666666666666667), 0, 0, (111.14853333333335, 0.0007333333333333332, 0.0002666666666666667), 0, 0, (117.4404, 0.0, 0.001), (98.0414, 0.018266666666666667, 0.014133333333333333), 0, 0, (95.0708, 0.5381333333333334, 0.44586666666666674), (448.7898, 0.009933333333333334, 0.0104), (349.5247333333333, 0.0023333333333333335, 0.003), (75.49719999999999, 0.0004, 0.0014666666666666665), (150.9948, 0.009266666666666668, 0.0106), (264.24086666666665, 0.7731333333333333, 0.0056), (805.3058666666667, 0.081, 0.3894666666666666), (50.3316, 0.004666666666666667, 0.00013333333333333334), (125.829, 0.9397333333333332, 0.7602666666666668)]","[0, 0, 0, 0, 0, 0, 0, 0, 0, 0, 0, 0, 0, 0, 0, 0, 0, 0, 0, 0, 0, 0, 0, 0, 0, 0, 0, 0, 0, 0, 0, 0, 0, 0, 0, 0, 0, 0, 0, 0, 0, 0, 0, 0, 0, 0, 0, 0, 0, 0, 0, 0, 0, 0, 0, 0, 0, 0, 0, 0, 0, 0, 0, 0, 0, 0, 0, 0, 0, 0, (3, 0.0, 0.0002833333333333333), 0, 0, 0, 0, (3, 0.0027166666666666667, 0.027800000000000002), 0, 0, (2, 2.327875, 0.009094444444444445), 0, 0, (3, 0.2675166666666666, 0.1220111111111111), 0, 0, (1, 0.0, 0.00165), 0, 0, (3, 0.0, 0.0), (1, 0.0, 0.056383333333333334), 0, 0, (1, 0.0, 0.0017277777777777773), (2, 0.0, 0.0004944444444444445), (1, 0.01145, 0.0009944444444444447), (1, 0.0, 0.0005499999999999999), (2, 0.0, 0.0023555555555555556), (3, 0.0, 0.0006277777777777777), (3, 0.0, 0.023311111111111112), (2, 0.0, 0.0010555555555555557), (2, 0.0, 0.009888888888888888)]","[-1, -1, -1, -1, -1, -1, -1, -1, -1, -1, -1, -1, -1, -1, -1, -1, -1, -1, -1, -1, -1, -1, -1, -1, -1, -1, -1, -1, -1, -1, -1, -1, -1, -1, -1, -1, -1, -1, -1, -1, -1, -1, -1, -1, -1, -1, -1, -1, -1, -1, -1, -1, -1, -1, -1, -1, -1, -1, -1, -1, -1, -1, -1, -1, -1, -1, -1, -1, -1, -1, 7, -1, -1, -1, -1, 6, -1, -1, 15, -1, -1, 9, -1, -1, 12, -1, -1, 7, 7, -1, -1, 13, 12, 14, 15, 5, 12, 1, 1, 13]","[False, False, False, False, False, False, False, False, False, False, False, False, False, False, False, False, False, False, False, False, False, False, False, False, False, False, False, False, False, False, False, False, False, False, False, False, False, False, False, False, False, False, False, False, False, False, False, False, False, False, False, False, False, False, False, False, False, False, False, False, False, False, False, False, False, False, False, False, False, False, True, False, False, False, False, True, False, False, True, False, False, True, False, False, True, False, False, True, True, False, False, True, True, True, True, True, True, True, True, True]"
71,"[0, 0, 0, 0, 0, 0, 0, 0, 0, 0, 0, 0, 0, 0, 0, 0, 0, 0, 0, 0, 0, 0, 0, 0, 0, 0, 0, 0, 0, 0, 0, 0, 0, 0, 0, 0, 0, 0, 0, 0, 0, 0, 0, 0, 0, 0, 0, 0, 0, 0, 0, 0, 0, 0, 0, 0, 0, 0, 0, 0, 0, 0, 0, 0, 0, 0, 0, 0, 0, 0, 809.9604526501365, 0, 0, 0, 0, 3261.75156374067, 0, 0, 3689.4740952291445, 0, 0, 2310.5122840711024, 0, 0, 597.6615481065954, 0, 0, 1131.8840978849303, 794.6559350729999, 0, 0, 934.5696355177, 1051.750541842, 0, 1151.9170880730503, 2254.8350239347114, 623.0466446204, 888.1448552554355, 510.85024030910995, 1622.8881916370212, 777.9614183128089]","[0, 0, 0, 1, 1, 2, 2, 2, 3, 3, 3, 3, 3, 4, 4, 4, 4, 4, 4, 4, 5, 5, 5, 5, 6, 6, 6, 6, 6, 7, 7, 7, 7, 7, 8, 8, 8, 9, 9, 9, 9, 9, 9, 10, 10, 11, 11, 11, 11, 11, 12, 12, 12, 12, 13, 13, 13, 13, 14, 14, 14, 14, 15, 15, 15, 15, 15, 16, 16, 17, 17, 17, 17, 17, 18, 19, 19, 19, 19, 20, 20, 20, 21, 21, 21, 21, 22, 22, 22, 22, 22, 22, 22, 22, 22, 23, 23, 23, 24, 24, 24]","[1, 1, 1, 2, 2, 3, 3, 3, 4, 4, 4, 4, 4, 5, 5, 5, 7, 10, 8, 8, 10, 10, 10, 11, 13, 14, 14, 16, 16, 18, 18, 18, 20, 20, 22, 22, 23, 24, 28, 26, 25, 26, 31, 28, 28, 29, 30, 30, 33, 36, 35, 35, 37, 36, 36, 37, 37, 37, 40, 40, 44, 44, 43, 44, 44, 45, 46, 47, 49, 51, 51, 52, 52, 53, 53, 55, 55, 55, 57, 56, 57, 58, 58, 58, 59, 59, 59, 61, 61, 61, 64, 66, 67, 68, 68, 68, 69, 69, 69, 70, 71]","[7, 10, 13, 11, 7, 10, 10, 20, 8, 26, 8, 20, 14, 25, 14, 25, 18, 37, 18, 22, 37, 16, 25, 18, 22, 26, 16, 35, 23, 24, 41, 26, 36, 40, 44, 33, 30, 28, 36, 30, 35, 55, 35, 29, 37, 53, 36, 46, 55, 56, 55, 43, 60, 47, 48, 40, 44, 44, 51, 43, 59, 67, 59, 53, 51, 49, 58, 52, 56, 70, -1, 58, 57, 69, 57, -1, 59, 61, -1, 66, 61, -1, 65, 64, -1, 69, 69, -1, -1, 68, 68, -1, -1, 71, -1, -1, -1, -1, -1, -1, -1]","[0, 0, 0, 0, 0, 0, 0, 0, 0, 0, 0, 0, 0, 0, 0, 0, 0, 0, 0, 0, 0, 0, 0, 0, 0, 0, 0, 0, 0, 0, 0, 0, 0, 0, 0, 0, 0, 0, 0, 0, 0, 0, 0, 0, 0, 0, 0, 0, 0, 0, 0, 0, 0, 0, 0, 0, 0, 0, 0, 0, 0, 0, 0, 0, 0, 0, 0, 0, 0, 0, 1240.7936241141142, 0, 0, 0, 0, 4029.0, 0, 0, 3283.278503578047, 0, 0, 4029.0, 0, 0, 1183.1753032502636, 0, 0, 1562.717269348908, 1225.4891065369777, 0, 0, 1670.3407219403393, 1637.2642969856684, 0, 745.7214964219529, 4029.0, 1208.5603997640683, 2203.147307473163, 1825.8526925268372, 2358.6592780596607, 4029.0]","[0, 0, 0, 0, 0, 0, 0, 0, 0, 0, 0, 0, 0, 0, 0, 0, 0, 0, 0, 0, 0, 0, 0, 0, 0, 0, 0, 0, 0, 0, 0, 0, 0, 0, 0, 0, 0, 0, 0, 0, 0, 0, 0, 0, 0, 0, 0, 0, 0, 0, 0, 0, 0, 0, 0, 0, 0, 0, 0, 0, 0, 0, 0, 0, 0, 0, 0, 0, 0, 0, (381.6812, 0.617, 0.014133333333333333), 0, 0, 0, 0, (115.3428, 0.04046666666666667, 0.026666666666666672), 0, 0, (570.4248, 42.85653333333333, 4.105333333333333), 0, 0, (364.904, 0.0027333333333333333, 0.0014666666666666665), 0, 0, (102.75993333333334, 0.0005333333333333334, 0.0002), 0, 0, (75.4974, 0.0, 0.001), (84.9342, 0.027466666666666664, 0.014133333333333333), 0, 0, (92.2746, 0.5394, 0.44333333333333325), (450.1882666666667, 0.0092, 0.009466666666666667), 0, (75.49719999999999, 0.0003333333333333333, 0.0014), (184.5492, 0.009333333333333334, 0.0108), (260.0463333333334, 0.6686, 0.004866666666666666), (624.9507333333332, 0.08693333333333333, 0.30760000000000004), (47.5354, 0.004533333333333333, 0.00013333333333333334), (139.81, 0.972, 0.7780666666666667), (123.73126666666663, 0.009733333333333332, 0.0028)]","[0, 0, 0, 0, 0, 0, 0, 0, 0, 0, 0, 0, 0, 0, 0, 0, 0, 0, 0, 0, 0, 0, 0, 0, 0, 0, 0, 0, 0, 0, 0, 0, 0, 0, 0, 0, 0, 0, 0, 0, 0, 0, 0, 0, 0, 0, 0, 0, 0, 0, 0, 0, 0, 0, 0, 0, 0, 0, 0, 0, 0, 0, 0, 0, 0, 0, 0, 0, 0, 0, (3, 0.0, 0.0008333333333333334), 0, 0, 0, 0, (3, 0.0, 0.025622222222222223), 0, 0, (2, 0.0, 0.005988888888888888), 0, 0, (3, 0.0012833333333333332, 0.025400000000000002), 0, 0, (1, 0.0, 0.0015777777777777778), 0, 0, (3, 0.048083333333333346, 0.01686666666666667), (1, 0.0, 0.05472777777777777), 0, 0, (1, 0.0, 0.0022722222222222224), (2, 0.0, 0.0005166666666666667), 0, (1, 0.0, 0.0005611111111111111), (2, 0.0, 0.002338888888888889), (3, 0.0, 0.0004277777777777778), (3, 0.0, 0.013066666666666667), (2, 0.0, 0.0011222222222222222), (2, 0.0, 0.011461111111111111), (2, 0.0, 2.2222222222222223e-05)]","[-1, -1, -1, -1, -1, -1, -1, -1, -1, -1, -1, -1, -1, -1, -1, -1, -1, -1, -1, -1, -1, -1, -1, -1, -1, -1, -1, -1, -1, -1, -1, -1, -1, -1, -1, -1, -1, -1, -1, -1, -1, -1, -1, -1, -1, -1, -1, -1, -1, -1, -1, -1, -1, -1, -1, -1, -1, -1, -1, -1, -1, -1, -1, -1, -1, -1, -1, -1, -1, -1, 7, -1, -1, -1, -1, 6, -1, -1, 15, -1, -1, 9, -1, -1, 12, -1, -1, 7, 7, -1, -1, 13, 12, -1, 15, 5, 12, 1, 1, 13, 10]","[False, False, False, False, False, False, False, False, False, False, False, False, False, False, False, False, False, False, False, False, False, False, False, False, False, False, False, False, False, False, False, False, False, False, False, False, False, False, False, False, False, False, False, False, False, False, False, False, False, False, False, False, False, False, False, False, False, False, False, False, False, False, False, False, False, False, False, False, False, False, True, False, False, False, False, True, False, False, True, False, False, True, False, False, True, False, False, True, True, False, False, True, True, False, True, True, True, True, True, True, True]"
72,"[0, 0, 0, 0, 0, 0, 0, 0, 0, 0, 0, 0, 0, 0, 0, 0, 0, 0, 0, 0, 0, 0, 0, 0, 0, 0, 0, 0, 0, 0, 0, 0, 0, 0, 0, 0, 0, 0, 0, 0, 0, 0, 0, 0, 0, 0, 0, 0, 0, 0, 0, 0, 0, 0, 0, 0, 0, 0, 0, 0, 0, 0, 0, 0, 0, 0, 0, 0, 0, 0, 940.5035292677412, 0, 0, 0, 0, 3409.63954396065, 0, 0, 2510.845719106169, 0, 0, 2560.9290778649356, 0, 0, 0, 0, 0, 1131.8840978849303, 841.4004018420001, 0, 0, 1284.662387870362, 1055.0894324510223, 0, 1168.6115386248337, 2248.9012475559352, 620.0797558364931, 1101.8338429860667, 510.85024030910995, 1578.3848591424044, 888.1447951553957]","[0, 0, 0, 1, 1, 2, 2, 2, 3, 3, 3, 3, 3, 4, 4, 4, 4, 4, 4, 4, 5, 5, 5, 5, 6, 6, 6, 6, 6, 7, 7, 7, 7, 7, 8, 8, 8, 9, 9, 9, 9, 9, 9, 10, 10, 11, 11, 11, 11, 11, 12, 12, 12, 12, 13, 13, 13, 13, 14, 14, 14, 14, 15, 15, 15, 15, 15, 16, 16, 17, 17, 17, 17, 17, 18, 19, 19, 19, 19, 20, 20, 20, 21, 21, 21, 21, 22, 22, 22, 22, 22, 22, 22, 22, 22, 23, 23, 23, 24, 24, 24]","[1, 1, 1, 2, 2, 3, 3, 3, 4, 4, 4, 4, 4, 5, 5, 5, 7, 10, 8, 8, 10, 10, 10, 11, 13, 14, 14, 16, 16, 18, 18, 18, 20, 20, 22, 22, 23, 24, 28, 26, 25, 26, 31, 28, 28, 29, 30, 30, 33, 36, 35, 35, 37, 36, 36, 37, 37, 37, 40, 40, 44, 44, 43, 44, 44, 45, 46, 47, 49, 51, 51, 52, 52, 53, 53, 55, 55, 55, 57, 56, 57, 58, 58, 58, 59, 59, 59, 61, 61, 61, 64, 66, 67, 68, 68, 68, 69, 69, 69, 70, 71]","[7, 10, 13, 11, 7, 10, 10, 20, 8, 26, 8, 20, 14, 25, 14, 25, 18, 37, 18, 22, 37, 16, 25, 18, 22, 26, 16, 35, 23, 24, 41, 26, 36, 40, 44, 33, 30, 28, 36, 30, 35, 55, 35, 29, 37, 53, 36, 46, 55, 56, 55, 43, 60, 47, 48, 40, 44, 44, 51, 43, 59, 67, 59, 53, 51, 49, 58, 52, 56, 70, -1, 58, 57, 69, 57, -1, 59, 61, -1, 66, 61, -1, 65, 64, -1, 69, 69, -1, -1, 68, 68, -1, -1, 71, -1, -1, -1, -1, -1, -1, -1]","[0, 0, 0, 0, 0, 0, 0, 0, 0, 0, 0, 0, 0, 0, 0, 0, 0, 0, 0, 0, 0, 0, 0, 0, 0, 0, 0, 0, 0, 0, 0, 0, 0, 0, 0, 0, 0, 0, 0, 0, 0, 0, 0, 0, 0, 0, 0, 0, 0, 0, 0, 0, 0, 0, 0, 0, 0, 0, 0, 0, 0, 0, 0, 0, 0, 0, 0, 0, 0, 0, 1312.240852936184, 0, 0, 0, 0, 4029.0, 0, 0, 2685.6170902406675, 0, 0, 4029.0, 0, 0, 784.6102705708282, 0, 0, 1503.621421553373, 1213.1377255104428, 0, 0, 1867.638764363979, 1839.6997030218504, 0, 1343.3829097593323, 4029.0, 1404.6900264073213, 2309.9918013384786, 1719.0081986615216, 2161.3612356360213, 4029.0]","[0, 0, 0, 0, 0, 0, 0, 0, 0, 0, 0, 0, 0, 0, 0, 0, 0, 0, 0, 0, 0, 0, 0, 0, 0, 0, 0, 0, 0, 0, 0, 0, 0, 0, 0, 0, 0, 0, 0, 0, 0, 0, 0, 0, 0, 0, 0, 0, 0, 0, 0, 0, 0, 0, 0, 0, 0, 0, 0, 0, 0, 0, 0, 0, 0, 0, 0, 0, 0, 0, (236.2787333333333, 1.2087333333333334, 0.17886666666666667), 0, 0, 0, 0, (132.12006666666667, 0.0338, 0.0268), 0, 0, (394.2642, 30.276, 3.311533333333333), 0, 0, (271.9302, 0.0026666666666666666, 0.0020666666666666667), 0, 0, (130.02306666666664, 0.0007333333333333332, 0.0002666666666666667), 0, 0, (75.4974, 0.0, 0.001), (101.7114, 0.03853333333333333, 0.015), 0, 0, (226.49220000000003, 0.5299333333333333, 0.43666666666666676), (461.373, 0.0016666666666666668, 0.0013333333333333333), 0, (77.5942, 0.00046666666666666666, 0.0014), (218.1036, 0.009266666666666668, 0.010533333333333334), (222.2978, 0.6696, 0.0051333333333333335), (641.7282666666667, 0.07759999999999999, 0.331), (55.924, 0.004733333333333333, 6.666666666666668e-05), (184.5492, 0.9548666666666666, 0.7652666666666668), (120.93533333333332, 0.045200000000000004, 0.020266666666666665)]","[0, 0, 0, 0, 0, 0, 0, 0, 0, 0, 0, 0, 0, 0, 0, 0, 0, 0, 0, 0, 0, 0, 0, 0, 0, 0, 0, 0, 0, 0, 0, 0, 0, 0, 0, 0, 0, 0, 0, 0, 0, 0, 0, 0, 0, 0, 0, 0, 0, 0, 0, 0, 0, 0, 0, 0, 0, 0, 0, 0, 0, 0, 0, 0, 0, 0, 0, 0, 0, 0, (3, 0.0, 0.00040555555555555554), 0, 0, 0, 0, (3, 0.0, 0.03398333333333334), 0, 0, (2, 0.0, 0.003466666666666667), 0, 0, (3, 0.005633333333333334, 0.03143333333333334), 0, 0, (1, 0.0, 0.001738888888888889), 0, 0, (3, 0.0, 0.0), (1, 0.0, 0.05628888888888889), 0, 0, (1, 0.0007666666666666667, 0.00215), (2, 0.0, 0.01923888888888889), 0, (1, 0.0, 0.001627777777777778), (2, 0.0, 0.0022555555555555554), (3, 0.0, 0.0005), (3, 0.04375, 0.0321388888888889), (2, 0.0, 0.0010555555555555555), (2, 1.666666666666667e-05, 0.010605555555555557), (2, 0.0, 0.0)]","[-1, -1, -1, -1, -1, -1, -1, -1, -1, -1, -1, -1, -1, -1, -1, -1, -1, -1, -1, -1, -1, -1, -1, -1, -1, -1, -1, -1, -1, -1, -1, -1, -1, -1, -1, -1, -1, -1, -1, -1, -1, -1, -1, -1, -1, -1, -1, -1, -1, -1, -1, -1, -1, -1, -1, -1, -1, -1, -1, -1, -1, -1, -1, -1, -1, -1, -1, -1, -1, -1, 7, -1, -1, -1, -1, 6, -1, -1, 15, -1, -1, 9, -1, -1, 12, -1, -1, 7, 7, -1, -1, 13, 12, -1, 15, 5, 12, 1, 1, 13, 10]","[False, False, False, False, False, False, False, False, False, False, False, False, False, False, False, False, False, False, False, False, False, False, False, False, False, False, False, False, False, False, False, False, False, False, False, False, False, False, False, False, False, False, False, False, False, False, False, False, False, False, False, False, False, False, False, False, False, False, False, False, False, False, False, False, False, False, False, False, False, False, True, False, False, False, False, True, False, False, True, False, False, True, False, False, True, False, False, True, True, False, False, True, True, False, True, True, True, True, True, True, True]"
73,"[0, 0, 0, 0, 0, 0, 0, 0, 0, 0, 0, 0, 0, 0, 0, 0, 0, 0, 0, 0, 0, 0, 0, 0, 0, 0, 0, 0, 0, 0, 0, 0, 0, 0, 0, 0, 0, 0, 0, 0, 0, 0, 0, 0, 0, 0, 0, 0, 0, 0, 0, 0, 0, 0, 0, 0, 0, 0, 0, 0, 0, 0, 0, 0, 0, 0, 0, 0, 0, 0, 1311.3645423859355, 0, 0, 0, 0, 2935.85027399664, 0, 0, 2781.295856403509, 0, 0, 2520.8623908579216, 0, 0, 0, 0, 0, 1111.8507510197098, 801.33371604, 0, 0, 0, 1038.394979405911, 0, 1165.2726485144767, 2201.431036525731, 640.8479773238399, 1125.2060760191043, 510.85024030910995, 1622.8881916370212, 851.4170028745334, 1071.7839430047102]","[0, 0, 0, 1, 1, 2, 2, 2, 3, 3, 3, 3, 3, 4, 4, 4, 4, 4, 4, 4, 5, 5, 5, 5, 6, 6, 6, 6, 6, 7, 7, 7, 7, 7, 8, 8, 8, 9, 9, 9, 9, 9, 9, 10, 10, 11, 11, 11, 11, 11, 12, 12, 12, 12, 13, 13, 13, 13, 14, 14, 14, 14, 15, 15, 15, 15, 15, 16, 16, 17, 17, 17, 17, 17, 18, 19, 19, 19, 19, 20, 20, 20, 21, 21, 21, 21, 22, 22, 22, 22, 22, 22, 22, 22, 22, 23, 23, 23, 24, 24, 24, 24]","[1, 1, 1, 2, 2, 3, 3, 3, 4, 4, 4, 4, 4, 5, 5, 5, 7, 10, 8, 8, 10, 10, 10, 11, 13, 14, 14, 16, 16, 18, 18, 18, 20, 20, 22, 22, 23, 24, 28, 26, 25, 26, 31, 28, 28, 29, 30, 30, 33, 36, 35, 35, 37, 36, 36, 37, 37, 37, 40, 40, 44, 44, 43, 44, 44, 45, 46, 47, 49, 51, 51, 52, 52, 53, 53, 55, 55, 55, 57, 56, 57, 58, 58, 58, 59, 59, 59, 61, 61, 61, 64, 66, 67, 68, 68, 68, 69, 69, 69, 70, 71, 73]","[7, 10, 13, 11, 7, 10, 10, 20, 8, 26, 8, 20, 14, 25, 14, 25, 18, 37, 18, 22, 37, 16, 25, 18, 22, 26, 16, 35, 23, 24, 41, 26, 36, 40, 44, 33, 30, 28, 36, 30, 35, 55, 35, 29, 37, 53, 36, 46, 55, 56, 55, 43, 60, 47, 48, 40, 44, 44, 51, 43, 59, 67, 59, 53, 51, 49, 58, 52, 56, 70, -1, 58, 57, 69, 57, -1, 59, 61, -1, 66, 61, -1, 65, 64, 73, 69, 69, -1, -1, 68, 68, -1, -1, 71, -1, -1, -1, -1, -1, -1, -1, -1]","[0, 0, 0, 0, 0, 0, 0, 0, 0, 0, 0, 0, 0, 0, 0, 0, 0, 0, 0, 0, 0, 0, 0, 0, 0, 0, 0, 0, 0, 0, 0, 0, 0, 0, 0, 0, 0, 0, 0, 0, 0, 0, 0, 0, 0, 0, 0, 0, 0, 0, 0, 0, 0, 0, 0, 0, 0, 0, 0, 0, 0, 0, 0, 0, 0, 0, 0, 0, 0, 0, 1579.5148725707204, 0, 0, 0, 0, 4029.0, 0, 0, 2822.511603944516, 0, 0, 4029.0, 0, 0, 0, 0, 0, 1380.0010812044948, 1069.4840462247848, 0, 0, 1203.0559041814895, 2213.2735010410356, 0, 1206.488396055484, 4029.0, 1815.7264989589644, 2321.6779178549973, 1707.322082145003, 2825.9440958185105, 1904.3165299349116, 2124.6834700650884]","[0, 0, 0, 0, 0, 0, 0, 0, 0, 0, 0, 0, 0, 0, 0, 0, 0, 0, 0, 0, 0, 0, 0, 0, 0, 0, 0, 0, 0, 0, 0, 0, 0, 0, 0, 0, 0, 0, 0, 0, 0, 0, 0, 0, 0, 0, 0, 0, 0, 0, 0, 0, 0, 0, 0, 0, 0, 0, 0, 0, 0, 0, 0, 0, 0, 0, 0, 0, 0, 0, (230.686, 1.3596, 0.983), 0, 0, 0, 0, (107.65339999999999, 0.037200000000000004, 0.024933333333333335), 0, 0, (260.0466, 23.217133333333337, 6.089266666666666), 0, 0, (274.72646666666674, 0.0041333333333333335, 0.009866666666666668), 0, 0, 0, 0, 0, (83.886, 0.0, 0.001), (99.0898, 0.018866666666666667, 0.014133333333333333), 0, 0, (204.1226, 0.5370666666666667, 0.4422), (450.1881333333334, 0.0015333333333333334, 0.0012), 0, (69.2056, 0.00046666666666666666, 0.0013333333333333333), (268.4352, 0.009333333333333334, 0.0108), (184.54886666666667, 0.6701333333333334, 0.0057333333333333325), (838.8603333333335, 0.08673333333333332, 0.3268666666666667), (58.7202, 0.0046, 6.666666666666668e-05), (131.4214, 0.9578666666666666, 0.7716000000000001), (120.23626666666664, 0.034466666666666666, 0.0114), (125.829, 0.0033333333333333335, 0.0012666666666666666)]","[0, 0, 0, 0, 0, 0, 0, 0, 0, 0, 0, 0, 0, 0, 0, 0, 0, 0, 0, 0, 0, 0, 0, 0, 0, 0, 0, 0, 0, 0, 0, 0, 0, 0, 0, 0, 0, 0, 0, 0, 0, 0, 0, 0, 0, 0, 0, 0, 0, 0, 0, 0, 0, 0, 0, 0, 0, 0, 0, 0, 0, 0, 0, 0, 0, 0, 0, 0, 0, 0, (3, 0.0, 0.0002857142857142857), 0, 0, 0, 0, (3, 0.0, 0.03331111111111111), 0, 0, (2, 1.4859958333333334, 0.002738888888888889), 0, 0, (3, 0.0009833333333333335, 0.03336666666666666), 0, 0, 0, 0, 0, (3, 0.0, 2.2222222222222223e-05), (1, 0.022783333333333336, 0.053844444444444445), 0, 0, (1, 0.0, 0.004783333333333333), (2, 0.0, 0.0005), 0, (1, 0.0, 0.0005499999999999999), (2, 0.0, 0.0022944444444444444), (3, 0.0, 0.00046111111111111103), (3, 0.0, 0.012833333333333334), (2, 0.0, 0.0010388888888888887), (2, 0.0, 0.010555555555555558), (2, 0.0, 2.2222222222222223e-05), (3, 0.0, 0.0006444444444444443)]","[-1, -1, -1, -1, -1, -1, -1, -1, -1, -1, -1, -1, -1, -1, -1, -1, -1, -1, -1, -1, -1, -1, -1, -1, -1, -1, -1, -1, -1, -1, -1, -1, -1, -1, -1, -1, -1, -1, -1, -1, -1, -1, -1, -1, -1, -1, -1, -1, -1, -1, -1, -1, -1, -1, -1, -1, -1, -1, -1, -1, -1, -1, -1, -1, -1, -1, -1, -1, -1, -1, 7, -1, -1, -1, -1, 6, -1, -1, 15, -1, -1, 9, -1, -1, -1, -1, -1, 7, 7, -1, -1, 13, 12, -1, 15, 5, 12, 1, 1, 13, 10, 10]","[False, False, False, False, False, False, False, False, False, False, False, False, False, False, False, False, False, False, False, False, False, False, False, False, False, False, False, False, False, False, False, False, False, False, False, False, False, False, False, False, False, False, False, False, False, False, False, False, False, False, False, False, False, False, False, False, False, False, False, False, False, False, False, False, False, False, False, False, False, False, True, False, False, False, False, True, False, False, True, False, False, True, False, False, False, False, False, True, True, False, False, True, True, False, True, True, True, True, True, True, True, True]"
74,"[0, 0, 0, 0, 0, 0, 0, 0, 0, 0, 0, 0, 0, 0, 0, 0, 0, 0, 0, 0, 0, 0, 0, 0, 0, 0, 0, 0, 0, 0, 0, 0, 0, 0, 0, 0, 0, 0, 0, 0, 0, 0, 0, 0, 0, 0, 0, 0, 0, 0, 0, 0, 0, 0, 0, 0, 0, 0, 0, 0, 0, 0, 0, 0, 0, 0, 0, 0, 0, 0, 0, 0, 0, 0, 0, 2733.1889677692598, 0, 0, 3151.9127112183824, 0, 0, 2607.673546039784, 0, 0, 0, 0, 0, 1101.8340775871, 0, 0, 0, 0, 1071.7838854961333, 0, 1178.6282089559033, 2248.9012475559352, 620.0797558364931, 1045.0727056201176, 510.85024030910995, 1596.1861921402513, 834.7225518377779, 1068.445052216534, 1646.6233023008167]","[0, 0, 0, 1, 1, 2, 2, 2, 3, 3, 3, 3, 3, 4, 4, 4, 4, 4, 4, 4, 5, 5, 5, 5, 6, 6, 6, 6, 6, 7, 7, 7, 7, 7, 8, 8, 8, 9, 9, 9, 9, 9, 9, 10, 10, 11, 11, 11, 11, 11, 12, 12, 12, 12, 13, 13, 13, 13, 14, 14, 14, 14, 15, 15, 15, 15, 15, 16, 16, 17, 17, 17, 17, 17, 18, 19, 19, 19, 19, 20, 20, 20, 21, 21, 21, 21, 22, 22, 22, 22, 22, 22, 22, 22, 22, 23, 23, 23, 24, 24, 24, 24, 24]","[1, 1, 1, 2, 2, 3, 3, 3, 4, 4, 4, 4, 4, 5, 5, 5, 7, 10, 8, 8, 10, 10, 10, 11, 13, 14, 14, 16, 16, 18, 18, 18, 20, 20, 22, 22, 23, 24, 28, 26, 25, 26, 31, 28, 28, 29, 30, 30, 33, 36, 35, 35, 37, 36, 36, 37, 37, 37, 40, 40, 44, 44, 43, 44, 44, 45, 46, 47, 49, 51, 51, 52, 52, 53, 53, 55, 55, 55, 57, 56, 57, 58, 58, 58, 59, 59, 59, 61, 61, 61, 64, 66, 67, 68, 68, 68, 69, 69, 69, 70, 71, 73, 74]","[7, 10, 13, 11, 7, 10, 10, 20, 8, 26, 8, 20, 14, 25, 14, 25, 18, 37, 18, 22, 37, 16, 25, 18, 22, 26, 16, 35, 23, 24, 41, 26, 36, 40, 44, 33, 30, 28, 36, 30, 35, 55, 35, 29, 37, 53, 36, 46, 55, 56, 55, 43, 60, 47, 48, 40, 44, 44, 51, 43, 59, 67, 59, 53, 51, 49, 58, 52, 56, 70, -1, 58, 57, 69, 57, -1, 59, 61, -1, 66, 61, -1, 65, 64, 73, 69, 69, -1, -1, 68, 68, 74, -1, 71, -1, -1, -1, -1, -1, -1, -1, -1, -1]","[0, 0, 0, 0, 0, 0, 0, 0, 0, 0, 0, 0, 0, 0, 0, 0, 0, 0, 0, 0, 0, 0, 0, 0, 0, 0, 0, 0, 0, 0, 0, 0, 0, 0, 0, 0, 0, 0, 0, 0, 0, 0, 0, 0, 0, 0, 0, 0, 0, 0, 0, 0, 0, 0, 0, 0, 0, 0, 0, 0, 0, 0, 0, 0, 0, 0, 0, 0, 0, 0, 975.7219741376333, 0, 0, 0, 0, 4029.0, 0, 0, 3001.1422511312394, 0, 0, 4029.0, 0, 0, 0, 0, 0, 2077.556051724733, 975.7219741376333, 0, 0, 0, 2240.35206482982, 0, 1027.8577488687604, 4029.0, 1788.64793517018, 2281.611232655504, 1747.3887673444963, 4029.0, 1897.6387498106221, 2131.361250189378, 4029.0]","[0, 0, 0, 0, 0, 0, 0, 0, 0, 0, 0, 0, 0, 0, 0, 0, 0, 0, 0, 0, 0, 0, 0, 0, 0, 0, 0, 0, 0, 0, 0, 0, 0, 0, 0, 0, 0, 0, 0, 0, 0, 0, 0, 0, 0, 0, 0, 0, 0, 0, 0, 0, 0, 0, 0, 0, 0, 0, 0, 0, 0, 0, 0, 0, 0, 0, 0, 0, 0, 0, (366.302, 3.6974666666666662, 0.023666666666666673), 0, 0, 0, 0, (99.96353333333334, 0.03306666666666667, 0.022733333333333335), 0, 0, (262.8428, 20.403266666666667, 7.649333333333332), 0, 0, (269.13426666666675, 0.0028, 0.002466666666666667), 0, 0, 0, 0, 0, (83.886, 0.0, 0.001), (105.38119999999999, 0.020266666666666665, 0.014133333333333333), 0, 0, 0, (471.1595333333333, 0.0023333333333333335, 0.0020666666666666667), 0, (82.4876, 0.0007333333333333332, 0.002), (33.5544, 0.009266666666666668, 0.010666666666666666), (183.1509333333333, 0.6727333333333332, 0.005), (721.42, 0.07806666666666666, 0.33893333333333336), (8.3886, 0.0046, 6.666666666666668e-05), (153.791, 0.9633999999999999, 0.7669333333333332), (130.722, 0.026466666666666666, 0.011066666666666664), (170.56820000000002, 0.0034, 0.0014666666666666665), (125.829, 0.9397333333333332, 0.7602666666666668)]","[0, 0, 0, 0, 0, 0, 0, 0, 0, 0, 0, 0, 0, 0, 0, 0, 0, 0, 0, 0, 0, 0, 0, 0, 0, 0, 0, 0, 0, 0, 0, 0, 0, 0, 0, 0, 0, 0, 0, 0, 0, 0, 0, 0, 0, 0, 0, 0, 0, 0, 0, 0, 0, 0, 0, 0, 0, 0, 0, 0, 0, 0, 0, 0, 0, 0, 0, 0, 0, 0, (3, 0.0, 0.0002738095238095238), 0, 0, 0, 0, (3, 0.0, 0.026605555555555556), 0, 0, (2, 0.5451666666666666, 0.006800000000000002), 0, 0, (3, 0.0003333333333333333, 0.03149444444444444), 0, 0, 0, 0, 0, (3, 0.0, 0.0), (1, 0.0, 0.055933333333333335), 0, 0, 0, (2, 0.0, 0.0004777777777777777), 0, (1, 0.0, 0.0005722222222222222), (2, 0.0, 0.0023555555555555556), (3, 0.0, 0.0005277777777777777), (3, 0.0, 0.011183333333333332), (2, 0.0, 0.00105), (2, 0.0, 0.0117), (2, 0.0, 4.4444444444444447e-05), (3, 0.0, 0.0005666666666666666), (2, 0.0, 0.009888888888888888)]","[-1, -1, -1, -1, -1, -1, -1, -1, -1, -1, -1, -1, -1, -1, -1, -1, -1, -1, -1, -1, -1, -1, -1, -1, -1, -1, -1, -1, -1, -1, -1, -1, -1, -1, -1, -1, -1, -1, -1, -1, -1, -1, -1, -1, -1, -1, -1, -1, -1, -1, -1, -1, -1, -1, -1, -1, -1, -1, -1, -1, -1, -1, -1, -1, -1, -1, -1, -1, -1, -1, 7, -1, -1, -1, -1, 6, -1, -1, 15, -1, -1, 9, -1, -1, -1, -1, -1, 7, 7, -1, -1, -1, 12, -1, 15, 5, 12, 1, 1, 13, 10, 10, 4]","[False, False, False, False, False, False, False, False, False, False, False, False, False, False, False, False, False, False, False, False, False, False, False, False, False, False, False, False, False, False, False, False, False, False, False, False, False, False, False, False, False, False, False, False, False, False, False, False, False, False, False, False, False, False, False, False, False, False, False, False, False, False, False, False, False, False, False, False, False, False, True, False, False, False, False, True, False, False, True, False, False, True, False, False, False, False, False, True, True, False, False, False, True, False, True, True, True, True, True, True, True, True, True]"
75,"[0, 0, 0, 0, 0, 0, 0, 0, 0, 0, 0, 0, 0, 0, 0, 0, 0, 0, 0, 0, 0, 0, 0, 0, 0, 0, 0, 0, 0, 0, 0, 0, 0, 0, 0, 0, 0, 0, 0, 0, 0, 0, 0, 0, 0, 0, 0, 0, 0, 0, 0, 0, 0, 0, 0, 0, 0, 0, 0, 0, 0, 0, 0, 0, 0, 0, 0, 0, 0, 0, 0, 0, 0, 0, 0, 0, 0, 0, 3636.05184588646, 0, 0, 0, 0, 0, 0, 0, 0, 1118.528533308117, 0, 0, 0, 0, 1098.4950103683113, 0, 1165.2726485144767, 5046.6768101486105, 596.34464556524, 1385.6395298158109, 0, 1655.52396879974, 791.3169791422134, 1095.1561785219467, 1622.8881916370212, 1155.2559781834066, 517.5280212281833]","[0, 0, 0, 1, 1, 2, 2, 2, 3, 3, 3, 3, 3, 4, 4, 4, 4, 4, 4, 4, 5, 5, 5, 5, 6, 6, 6, 6, 6, 7, 7, 7, 7, 7, 8, 8, 8, 9, 9, 9, 9, 9, 9, 10, 10, 11, 11, 11, 11, 11, 12, 12, 12, 12, 13, 13, 13, 13, 14, 14, 14, 14, 15, 15, 15, 15, 15, 16, 16, 17, 17, 17, 17, 17, 18, 19, 19, 19, 19, 20, 20, 20, 21, 21, 21, 21, 22, 22, 22, 22, 22, 22, 22, 22, 22, 23, 23, 23, 24, 24, 24, 24, 24, 24, 25]","[1, 1, 1, 2, 2, 3, 3, 3, 4, 4, 4, 4, 4, 5, 5, 5, 7, 10, 8, 8, 10, 10, 10, 11, 13, 14, 14, 16, 16, 18, 18, 18, 20, 20, 22, 22, 23, 24, 28, 26, 25, 26, 31, 28, 28, 29, 30, 30, 33, 36, 35, 35, 37, 36, 36, 37, 37, 37, 40, 40, 44, 44, 43, 44, 44, 45, 46, 47, 49, 51, 51, 52, 52, 53, 53, 55, 55, 55, 57, 56, 57, 58, 58, 58, 59, 59, 59, 61, 61, 61, 64, 66, 67, 68, 68, 68, 69, 69, 69, 70, 71, 73, 74, 75, 75]","[7, 10, 13, 11, 7, 10, 10, 20, 8, 26, 8, 20, 14, 25, 14, 25, 18, 37, 18, 22, 37, 16, 25, 18, 22, 26, 16, 35, 23, 24, 41, 26, 36, 40, 44, 33, 30, 28, 36, 30, 35, 55, 35, 29, 37, 53, 36, 46, 55, 56, 55, 43, 60, 47, 48, 40, 44, 44, 51, 43, 59, 67, 59, 53, 51, 49, 58, 52, 56, 70, 75, 58, 57, 69, 57, -1, 59, 61, -1, 66, 61, -1, 65, 64, 73, 69, 69, -1, 75, 68, 68, 74, -1, 71, -1, -1, -1, -1, -1, -1, -1, -1, -1, -1, -1]","[0, 0, 0, 0, 0, 0, 0, 0, 0, 0, 0, 0, 0, 0, 0, 0, 0, 0, 0, 0, 0, 0, 0, 0, 0, 0, 0, 0, 0, 0, 0, 0, 0, 0, 0, 0, 0, 0, 0, 0, 0, 0, 0, 0, 0, 0, 0, 0, 0, 0, 0, 0, 0, 0, 0, 0, 0, 0, 0, 0, 0, 0, 0, 0, 0, 0, 0, 0, 0, 0, 0, 0, 0, 0, 0, 4029.0, 0, 0, 3249.8895986859916, 0, 0, 4029.0, 0, 0, 0, 0, 0, 1996.1362775623552, 0, 0, 0, 0, 2265.5751824015356, 0, 779.1104013140084, 4029.0, 1763.4248175984642, 2707.3197649079057, 1321.6802350920946, 4029.0, 1862.5804003101334, 2166.4195996898666, 2567.180085204419, 2032.8637224376448, 1461.819914795581]","[0, 0, 0, 0, 0, 0, 0, 0, 0, 0, 0, 0, 0, 0, 0, 0, 0, 0, 0, 0, 0, 0, 0, 0, 0, 0, 0, 0, 0, 0, 0, 0, 0, 0, 0, 0, 0, 0, 0, 0, 0, 0, 0, 0, 0, 0, 0, 0, 0, 0, 0, 0, 0, 0, 0, 0, 0, 0, 0, 0, 0, 0, 0, 0, 0, 0, 0, 0, 0, 0, 0, 0, 0, 0, 0, (103.459, 0.03553333333333333, 0.025), 0, 0, (385.87559999999996, 26.65153333333333, 5.9102), 0, 0, (272.62946666666676, 0.0018666666666666666, 0.0016), 0, 0, 0, 0, 0, (83.886, 0.0, 0.001), 0, 0, 0, 0, (452.98440000000005, 0.0015333333333333334, 0.0012), 0, (81.08953333333334, 0.0002666666666666667, 0.001), (369.0984, 0.018533333333333336, 0.025066666666666668), (211.11286666666666, 0.7809333333333333, 0.005533333333333332), (671.0880666666666, 0.08573333333333333, 0.32080000000000003), (22.3696, 0.004533333333333333, 6.666666666666668e-05), (125.829, 0.9370666666666667, 0.7570666666666667), (164.2764, 0.008733333333333333, 0.0061333333333333335), (170.56820000000002, 0.0033333333333333335, 0.0014), (139.81, 0.972, 0.7780666666666667), (67.10839999999999, 0.00013333333333333334, 0.001), (58.7202, 0.004733333333333333, 0.00013333333333333334)]","[0, 0, 0, 0, 0, 0, 0, 0, 0, 0, 0, 0, 0, 0, 0, 0, 0, 0, 0, 0, 0, 0, 0, 0, 0, 0, 0, 0, 0, 0, 0, 0, 0, 0, 0, 0, 0, 0, 0, 0, 0, 0, 0, 0, 0, 0, 0, 0, 0, 0, 0, 0, 0, 0, 0, 0, 0, 0, 0, 0, 0, 0, 0, 0, 0, 0, 0, 0, 0, 0, 0, 0, 0, 0, 0, (3, 0.0001, 0.02427222222222222), 0, 0, (2, 0.5542222222222222, 0.004355555555555555), 0, 0, (3, 0.0004166666666666666, 0.026177777777777776), 0, 0, 0, 0, 0, (3, 0.0, 0.0), 0, 0, 0, 0, (2, 0.0, 0.0005055555555555555), 0, (1, 0.0, 0.000538888888888889), (2, 0.0, 0.0054888888888888895), (3, 0.0, 0.00045000000000000004), (3, 0.0, 0.018272222222222224), (2, 0.0, 0.0010722222222222222), (2, 0.06273333333333334, 0.031105555555555553), (2, 0.0, 8.88888888888889e-05), (3, 0.0, 0.0008388888888888889), (2, 0.0, 0.011461111111111111), (1, 0.0, 0.0005722222222222222), (2, 0.0, 0.0010944444444444443)]","[-1, -1, -1, -1, -1, -1, -1, -1, -1, -1, -1, -1, -1, -1, -1, -1, -1, -1, -1, -1, -1, -1, -1, -1, -1, -1, -1, -1, -1, -1, -1, -1, -1, -1, -1, -1, -1, -1, -1, -1, -1, -1, -1, -1, -1, -1, -1, -1, -1, -1, -1, -1, -1, -1, -1, -1, -1, -1, -1, -1, -1, -1, -1, -1, -1, -1, -1, -1, -1, -1, -1, -1, -1, -1, -1, 6, -1, -1, 15, -1, -1, 9, -1, -1, -1, -1, -1, 7, -1, -1, -1, -1, 12, -1, 15, 5, 12, 1, 1, 13, 10, 10, 4, 7, 4]","[False, False, False, False, False, False, False, False, False, False, False, False, False, False, False, False, False, False, False, False, False, False, False, False, False, False, False, False, False, False, False, False, False, False, False, False, False, False, False, False, False, False, False, False, False, False, False, False, False, False, False, False, False, False, False, False, False, False, False, False, False, False, False, False, False, False, False, False, False, False, False, False, False, False, False, True, False, False, True, False, False, True, False, False, False, False, False, True, False, False, False, False, True, False, True, True, True, True, True, True, True, True, True, True, True]"
76,"[0, 0, 0, 0, 0, 0, 0, 0, 0, 0, 0, 0, 0, 0, 0, 0, 0, 0, 0, 0, 0, 0, 0, 0, 0, 0, 0, 0, 0, 0, 0, 0, 0, 0, 0, 0, 0, 0, 0, 0, 0, 0, 0, 0, 0, 0, 0, 0, 0, 0, 0, 0, 0, 0, 0, 0, 0, 0, 0, 0, 0, 0, 0, 0, 0, 0, 0, 0, 0, 0, 0, 0, 0, 0, 0, 0, 0, 0, 0, 0, 0, 0, 0, 0, 0, 0, 0, 1108.5118598755066, 0, 0, 0, 0, 1041.7338700149332, 0, 1158.5948682937635, 6361.008278047395, 759.5235286801067, 1095.1560621194842, 0, 2278.570623724373, 794.6558693495645, 1105.1728508864767, 1578.3848591424044, 1151.9170880730503, 510.85024030910995, 1108.5118598755066, 590.9835929581135, 80.13338746088]","[0, 0, 0, 1, 1, 2, 2, 2, 3, 3, 3, 3, 3, 4, 4, 4, 4, 4, 4, 4, 5, 5, 5, 5, 6, 6, 6, 6, 6, 7, 7, 7, 7, 7, 8, 8, 8, 9, 9, 9, 9, 9, 9, 10, 10, 11, 11, 11, 11, 11, 12, 12, 12, 12, 13, 13, 13, 13, 14, 14, 14, 14, 15, 15, 15, 15, 15, 16, 16, 17, 17, 17, 17, 17, 18, 19, 19, 19, 19, 20, 20, 20, 21, 21, 21, 21, 22, 22, 22, 22, 22, 22, 22, 22, 22, 23, 23, 23, 24, 24, 24, 24, 24, 24, 25, 25, 25, 26]","[1, 1, 1, 2, 2, 3, 3, 3, 4, 4, 4, 4, 4, 5, 5, 5, 7, 10, 8, 8, 10, 10, 10, 11, 13, 14, 14, 16, 16, 18, 18, 18, 20, 20, 22, 22, 23, 24, 28, 26, 25, 26, 31, 28, 28, 29, 30, 30, 33, 36, 35, 35, 37, 36, 36, 37, 37, 37, 40, 40, 44, 44, 43, 44, 44, 45, 46, 47, 49, 51, 51, 52, 52, 53, 53, 55, 55, 55, 57, 56, 57, 58, 58, 58, 59, 59, 59, 61, 61, 61, 64, 66, 67, 68, 68, 68, 69, 69, 69, 70, 71, 73, 74, 75, 75, 76, 76, 76]","[7, 10, 13, 11, 7, 10, 10, 20, 8, 26, 8, 20, 14, 25, 14, 25, 18, 37, 18, 22, 37, 16, 25, 18, 22, 26, 16, 35, 23, 24, 41, 26, 36, 40, 44, 33, 30, 28, 36, 30, 35, 55, 35, 29, 37, 53, 36, 46, 55, 56, 55, 43, 60, 47, 48, 40, 44, 44, 51, 43, 59, 67, 59, 53, 51, 49, 58, 52, 56, 70, 75, 58, 57, 69, 57, 76, 59, 61, -1, 66, 61, 76, 65, 64, 73, 69, 69, -1, 75, 68, 68, 74, -1, 71, -1, -1, -1, -1, 76, -1, -1, -1, -1, -1, -1, -1, -1, -1]","[0, 0, 0, 0, 0, 0, 0, 0, 0, 0, 0, 0, 0, 0, 0, 0, 0, 0, 0, 0, 0, 0, 0, 0, 0, 0, 0, 0, 0, 0, 0, 0, 0, 0, 0, 0, 0, 0, 0, 0, 0, 0, 0, 0, 0, 0, 0, 0, 0, 0, 0, 0, 0, 0, 0, 0, 0, 0, 0, 0, 0, 0, 0, 0, 0, 0, 0, 0, 0, 0, 0, 0, 0, 0, 0, 0, 0, 0, 1435.2025658531184, 0, 0, 0, 0, 0, 0, 0, 0, 1992.7973859012282, 0, 0, 0, 0, 2155.6051706674134, 0, 2593.7974341468816, 4029.0, 1873.3948293325866, 4029.0, 0, 3113.7186181317466, 1859.241509231544, 2169.758490768456, 2548.267309416647, 2036.2026140987718, 1480.7326905833527, 4029.0, 4029.0, 915.2813818682536]","[0, 0, 0, 0, 0, 0, 0, 0, 0, 0, 0, 0, 0, 0, 0, 0, 0, 0, 0, 0, 0, 0, 0, 0, 0, 0, 0, 0, 0, 0, 0, 0, 0, 0, 0, 0, 0, 0, 0, 0, 0, 0, 0, 0, 0, 0, 0, 0, 0, 0, 0, 0, 0, 0, 0, 0, 0, 0, 0, 0, 0, 0, 0, 0, 0, 0, 0, 0, 0, 0, 0, 0, 0, 0, 0, 0, 0, 0, (411.0414, 10.547933333333333, 4.230333333333333), 0, 0, 0, 0, 0, 0, 0, 0, (41.943, 0.0, 0.001), 0, 0, 0, 0, (473.9558, 0.0015333333333333334, 0.0011333333333333332), 0, (78.99233333333332, 0.0004, 0.0014), (1157.6274666666666, 0.016533333333333334, 0.022133333333333328), (232.0842666666667, 0.9956, 0.0072), (767.5571333333334, 0.08106666666666666, 0.391), 0, (226.49220000000003, 0.9202666666666668, 0.7430666666666668), (148.19806666666668, 0.008400000000000001, 0.004866666666666666), (128.6252, 0.0032, 0.0014), (184.5492, 0.9548666666666666, 0.7652666666666668), (72.70093333333334, 6.666666666666668e-05, 0.001), (50.3316, 0.004666666666666667, 0.00013333333333333334), (67.1088, 0.0, 0.001), (265.6387333333333, 0.05313333333333333, 0.031266666666666665), (75.84646666666666, 0.0, 0.0)]","[0, 0, 0, 0, 0, 0, 0, 0, 0, 0, 0, 0, 0, 0, 0, 0, 0, 0, 0, 0, 0, 0, 0, 0, 0, 0, 0, 0, 0, 0, 0, 0, 0, 0, 0, 0, 0, 0, 0, 0, 0, 0, 0, 0, 0, 0, 0, 0, 0, 0, 0, 0, 0, 0, 0, 0, 0, 0, 0, 0, 0, 0, 0, 0, 0, 0, 0, 0, 0, 0, 0, 0, 0, 0, 0, 0, 0, 0, (2, 0.0, 0.009877777777777777), 0, 0, 0, 0, 0, 0, 0, 0, (3, 0.0, 0.0), 0, 0, 0, 0, (2, 0.0, 0.0005111111111111112), 0, (1, 0.0, 0.0005777777777777778), (2, 0.0, 0.005333333333333333), (3, 0.0, 0.0005), (3, 0.0, 0.02345), 0, (2, 0.09268333333333334, 0.011455555555555556), (2, 0.0, 0.0), (3, 0.0, 0.0005555555555555557), (2, 1.666666666666667e-05, 0.010605555555555557), (1, 0.0, 0.0005666666666666666), (2, 0.0, 0.0010555555555555557), (3, 0.0, 0.0), (3, 0.0, 0.006316666666666667), (2, 0.00015, 0.0002722222222222222)]","[-1, -1, -1, -1, -1, -1, -1, -1, -1, -1, -1, -1, -1, -1, -1, -1, -1, -1, -1, -1, -1, -1, -1, -1, -1, -1, -1, -1, -1, -1, -1, -1, -1, -1, -1, -1, -1, -1, -1, -1, -1, -1, -1, -1, -1, -1, -1, -1, -1, -1, -1, -1, -1, -1, -1, -1, -1, -1, -1, -1, -1, -1, -1, -1, -1, -1, -1, -1, -1, -1, -1, -1, -1, -1, -1, -1, -1, -1, 15, -1, -1, -1, -1, -1, -1, -1, -1, 7, -1, -1, -1, -1, 12, -1, 15, 5, 12, 1, -1, 13, 10, 10, 4, 7, 4, 14, 2, 13]","[False, False, False, False, False, False, False, False, False, False, False, False, False, False, False, False, False, False, False, False, False, False, False, False, False, False, False, False, False, False, False, False, False, False, False, False, False, False, False, False, False, False, False, False, False, False, False, False, False, False, False, False, False, False, False, False, False, False, False, False, False, False, False, False, False, False, False, False, False, False, False, False, False, False, False, False, False, False, True, False, False, False, False, False, False, False, False, True, False, False, False, False, True, False, True, True, True, True, False, True, True, True, True, True, True, True, True, True]"
77,"[0, 0, 0, 0, 0, 0, 0, 0, 0, 0, 0, 0, 0, 0, 0, 0, 0, 0, 0, 0, 0, 0, 0, 0, 0, 0, 0, 0, 0, 0, 0, 0, 0, 0, 0, 0, 0, 0, 0, 0, 0, 0, 0, 0, 0, 0, 0, 0, 0, 0, 0, 0, 0, 0, 0, 0, 0, 0, 0, 0, 0, 0, 0, 0, 0, 0, 0, 0, 0, 0, 0, 0, 0, 0, 0, 0, 0, 0, 0, 0, 0, 0, 0, 0, 0, 0, 0, 1115.189642163913, 0, 0, 0, 0, 1045.0727606239554, 0, 1168.6115386248337, 2438.7820916767528, 821.8281931421467, 931.5504308882199, 0, 1590.2524144743022, 781.30030852016, 1078.4617245810634, 1622.8881916370212, 1158.5948682937635, 510.85024030910995, 1115.189642163913, 580.9669218910268, 86.81116974928666, 517.5280212281833]","[0, 0, 0, 1, 1, 2, 2, 2, 3, 3, 3, 3, 3, 4, 4, 4, 4, 4, 4, 4, 5, 5, 5, 5, 6, 6, 6, 6, 6, 7, 7, 7, 7, 7, 8, 8, 8, 9, 9, 9, 9, 9, 9, 10, 10, 11, 11, 11, 11, 11, 12, 12, 12, 12, 13, 13, 13, 13, 14, 14, 14, 14, 15, 15, 15, 15, 15, 16, 16, 17, 17, 17, 17, 17, 18, 19, 19, 19, 19, 20, 20, 20, 21, 21, 21, 21, 22, 22, 22, 22, 22, 22, 22, 22, 22, 23, 23, 23, 24, 24, 24, 24, 24, 24, 25, 25, 25, 26, 26]","[1, 1, 1, 2, 2, 3, 3, 3, 4, 4, 4, 4, 4, 5, 5, 5, 7, 10, 8, 8, 10, 10, 10, 11, 13, 14, 14, 16, 16, 18, 18, 18, 20, 20, 22, 22, 23, 24, 28, 26, 25, 26, 31, 28, 28, 29, 30, 30, 33, 36, 35, 35, 37, 36, 36, 37, 37, 37, 40, 40, 44, 44, 43, 44, 44, 45, 46, 47, 49, 51, 51, 52, 52, 53, 53, 55, 55, 55, 57, 56, 57, 58, 58, 58, 59, 59, 59, 61, 61, 61, 64, 66, 67, 68, 68, 68, 69, 69, 69, 70, 71, 73, 74, 75, 75, 76, 76, 76, 77]","[7, 10, 13, 11, 7, 10, 10, 20, 8, 26, 8, 20, 14, 25, 14, 25, 18, 37, 18, 22, 37, 16, 25, 18, 22, 26, 16, 35, 23, 24, 41, 26, 36, 40, 44, 33, 30, 28, 36, 30, 35, 55, 35, 29, 37, 53, 36, 46, 55, 56, 55, 43, 60, 47, 48, 40, 44, 44, 51, 43, 59, 67, 59, 53, 51, 49, 58, 52, 56, 70, 75, 58, 57, 69, 57, 76, 59, 61, 77, 66, 61, 76, 65, 64, 73, 69, 69, -1, 75, 68, 68, 74, -1, 71, -1, -1, -1, -1, 76, -1, -1, -1, -1, -1, -1, -1, -1, -1, -1]","[0, 0, 0, 0, 0, 0, 0, 0, 0, 0, 0, 0, 0, 0, 0, 0, 0, 0, 0, 0, 0, 0, 0, 0, 0, 0, 0, 0, 0, 0, 0, 0, 0, 0, 0, 0, 0, 0, 0, 0, 0, 0, 0, 0, 0, 0, 0, 0, 0, 0, 0, 0, 0, 0, 0, 0, 0, 0, 0, 0, 0, 0, 0, 0, 0, 0, 0, 0, 0, 0, 0, 0, 0, 0, 0, 0, 0, 0, 0, 0, 0, 0, 0, 0, 0, 0, 0, 1992.7973869350749, 0, 0, 0, 0, 2126.122283740904, 0, 4029.0, 4029.0, 1902.8777162590955, 4029.0, 0, 2766.220622362508, 1865.9192919695483, 2163.0807080304517, 2570.5189756639556, 2036.2026130649253, 1458.4810243360444, 4029.0, 4029.0, 1262.7793776374922, 4029.0]","[0, 0, 0, 0, 0, 0, 0, 0, 0, 0, 0, 0, 0, 0, 0, 0, 0, 0, 0, 0, 0, 0, 0, 0, 0, 0, 0, 0, 0, 0, 0, 0, 0, 0, 0, 0, 0, 0, 0, 0, 0, 0, 0, 0, 0, 0, 0, 0, 0, 0, 0, 0, 0, 0, 0, 0, 0, 0, 0, 0, 0, 0, 0, 0, 0, 0, 0, 0, 0, 0, 0, 0, 0, 0, 0, 0, 0, 0, 0, 0, 0, 0, 0, 0, 0, 0, 0, (41.943, 0.0, 0.001), 0, 0, 0, 0, (503.316, 0.0016, 0.0013333333333333333), 0, (67.10826666666667, 0.0004, 0.0014666666666666665), (167.772, 0.009333333333333334, 0.0104), (201.326, 1.1070666666666666, 0.0068), (796.9172, 0.0888, 0.33713333333333334), 0, (142.6062, 0.9306666666666665, 0.7520666666666668), (134.21720000000002, 0.002466666666666667, 0.0006666666666666666), (134.2176, 0.0033333333333333335, 0.0014), (131.4214, 0.9578666666666666, 0.7716000000000001), (75.49719999999999, 0.0004, 0.0014666666666666665), (47.5354, 0.004533333333333333, 0.00013333333333333334), (47.5354, 0.0, 0.001), (272.62933333333325, 0.053200000000000004, 0.03573333333333333), (71.827, 0.0, 0.0), (58.7202, 0.004733333333333333, 0.00013333333333333334)]","[0, 0, 0, 0, 0, 0, 0, 0, 0, 0, 0, 0, 0, 0, 0, 0, 0, 0, 0, 0, 0, 0, 0, 0, 0, 0, 0, 0, 0, 0, 0, 0, 0, 0, 0, 0, 0, 0, 0, 0, 0, 0, 0, 0, 0, 0, 0, 0, 0, 0, 0, 0, 0, 0, 0, 0, 0, 0, 0, 0, 0, 0, 0, 0, 0, 0, 0, 0, 0, 0, 0, 0, 0, 0, 0, 0, 0, 0, 0, 0, 0, 0, 0, 0, 0, 0, 0, (3, 0.0, 0.0), 0, 0, 0, 0, (2, 0.0, 0.0005055555555555555), 0, (1, 0.0, 0.0005333333333333334), (2, 0.0, 0.002172222222222222), (3, 0.0, 0.0004388888888888889), (3, 0.0, 0.019), 0, (2, 0.0, 0.012455555555555557), (2, 0.0, 4.4444444444444447e-05), (3, 0.0, 0.0007111111111111111), (2, 0.0, 0.010555555555555558), (1, 0.0, 0.0005499999999999999), (2, 0.0, 0.0011222222222222222), (3, 0.0, 0.0), (3, 0.0, 0.0011611111111111112), (2, 0.09475, 0.017716666666666665), (2, 0.0, 0.0010944444444444443)]","[-1, -1, -1, -1, -1, -1, -1, -1, -1, -1, -1, -1, -1, -1, -1, -1, -1, -1, -1, -1, -1, -1, -1, -1, -1, -1, -1, -1, -1, -1, -1, -1, -1, -1, -1, -1, -1, -1, -1, -1, -1, -1, -1, -1, -1, -1, -1, -1, -1, -1, -1, -1, -1, -1, -1, -1, -1, -1, -1, -1, -1, -1, -1, -1, -1, -1, -1, -1, -1, -1, -1, -1, -1, -1, -1, -1, -1, -1, -1, -1, -1, -1, -1, -1, -1, -1, -1, 7, -1, -1, -1, -1, 12, -1, 15, 5, 12, 1, -1, 13, 10, 10, 4, 7, 4, 14, 2, 13, 8]","[False, False, False, False, False, False, False, False, False, False, False, False, False, False, False, False, False, False, False, False, False, False, False, False, False, False, False, False, False, False, False, False, False, False, False, False, False, False, False, False, False, False, False, False, False, False, False, False, False, False, False, False, False, False, False, False, False, False, False, False, False, False, False, False, False, False, False, False, False, False, False, False, False, False, False, False, False, False, False, False, False, False, False, False, False, False, False, True, False, False, False, False, True, False, True, True, True, True, False, True, True, True, True, True, True, True, True, True, True]"
78,"[0, 0, 0, 0, 0, 0, 0, 0, 0, 0, 0, 0, 0, 0, 0, 0, 0, 0, 0, 0, 0, 0, 0, 0, 0, 0, 0, 0, 0, 0, 0, 0, 0, 0, 0, 0, 0, 0, 0, 0, 0, 0, 0, 0, 0, 0, 0, 0, 0, 0, 0, 0, 0, 0, 0, 0, 0, 0, 0, 0, 0, 0, 0, 0, 0, 0, 0, 0, 0, 0, 0, 0, 0, 0, 0, 0, 0, 0, 0, 0, 0, 0, 0, 0, 0, 0, 0, 0, 0, 0, 0, 0, 1045.0727606239554, 0, 1158.5948682937635, 2554.490731062876, 729.8546408410398, 1008.3449108539154, 0, 1563.5504149775322, 818.0281008010221, 1058.4283798520034, 1596.1861921402513, 1151.9170880730503, 510.85024030910995, 1115.189642163913, 557.5946894011578, 0, 510.85024030910995]","[0, 0, 0, 1, 1, 2, 2, 2, 3, 3, 3, 3, 3, 4, 4, 4, 4, 4, 4, 4, 5, 5, 5, 5, 6, 6, 6, 6, 6, 7, 7, 7, 7, 7, 8, 8, 8, 9, 9, 9, 9, 9, 9, 10, 10, 11, 11, 11, 11, 11, 12, 12, 12, 12, 13, 13, 13, 13, 14, 14, 14, 14, 15, 15, 15, 15, 15, 16, 16, 17, 17, 17, 17, 17, 18, 19, 19, 19, 19, 20, 20, 20, 21, 21, 21, 21, 22, 22, 22, 22, 22, 22, 22, 22, 22, 23, 23, 23, 24, 24, 24, 24, 24, 24, 25, 25, 25, 26, 26]","[1, 1, 1, 2, 2, 3, 3, 3, 4, 4, 4, 4, 4, 5, 5, 5, 7, 10, 8, 8, 10, 10, 10, 11, 13, 14, 14, 16, 16, 18, 18, 18, 20, 20, 22, 22, 23, 24, 28, 26, 25, 26, 31, 28, 28, 29, 30, 30, 33, 36, 35, 35, 37, 36, 36, 37, 37, 37, 40, 40, 44, 44, 43, 44, 44, 45, 46, 47, 49, 51, 51, 52, 52, 53, 53, 55, 55, 55, 57, 56, 57, 58, 58, 58, 59, 59, 59, 61, 61, 61, 64, 66, 67, 68, 68, 68, 69, 69, 69, 70, 71, 73, 74, 75, 75, 76, 76, 76, 77]","[7, 10, 13, 11, 7, 10, 10, 20, 8, 26, 8, 20, 14, 25, 14, 25, 18, 37, 18, 22, 37, 16, 25, 18, 22, 26, 16, 35, 23, 24, 41, 26, 36, 40, 44, 33, 30, 28, 36, 30, 35, 55, 35, 29, 37, 53, 36, 46, 55, 56, 55, 43, 60, 47, 48, 40, 44, 44, 51, 43, 59, 67, 59, 53, 51, 49, 58, 52, 56, 70, 75, 58, 57, 69, 57, 76, 59, 61, 77, 66, 61, 76, 65, 64, 73, 69, 69, -1, 75, 68, 68, 74, -1, 71, -1, -1, -1, -1, 76, -1, -1, -1, -1, -1, -1, -1, -1, -1, -1]","[0, 0, 0, 0, 0, 0, 0, 0, 0, 0, 0, 0, 0, 0, 0, 0, 0, 0, 0, 0, 0, 0, 0, 0, 0, 0, 0, 0, 0, 0, 0, 0, 0, 0, 0, 0, 0, 0, 0, 0, 0, 0, 0, 0, 0, 0, 0, 0, 0, 0, 0, 0, 0, 0, 0, 0, 0, 0, 0, 0, 0, 0, 0, 0, 0, 0, 0, 0, 0, 0, 0, 0, 0, 0, 0, 0, 0, 0, 0, 0, 0, 0, 0, 0, 0, 0, 0, 1438.5414559634748, 0, 0, 0, 0, 2172.109059891458, 0, 4029.0, 4029.0, 1856.890940108542, 4029.0, 0, 2796.275207488766, 1894.2998604745094, 2134.7001395254906, 2557.1679759155704, 2590.4585440365254, 1471.8320240844293, 4029.0, 4029.0, 1232.7247925112338, 4029.0]","[0, 0, 0, 0, 0, 0, 0, 0, 0, 0, 0, 0, 0, 0, 0, 0, 0, 0, 0, 0, 0, 0, 0, 0, 0, 0, 0, 0, 0, 0, 0, 0, 0, 0, 0, 0, 0, 0, 0, 0, 0, 0, 0, 0, 0, 0, 0, 0, 0, 0, 0, 0, 0, 0, 0, 0, 0, 0, 0, 0, 0, 0, 0, 0, 0, 0, 0, 0, 0, 0, 0, 0, 0, 0, 0, 0, 0, 0, 0, 0, 0, 0, 0, 0, 0, 0, 0, (75.4974, 0.0, 0.001), 0, 0, 0, 0, (462.77086666666656, 0.0012, 0.0011333333333333332), 0, (99.26446666666666, 0.0004, 0.0014), (536.8704, 0.009266666666666668, 0.0106), (205.5204, 0.8886000000000001, 0.0058), (700.4481333333333, 0.07953333333333333, 0.389), 0, (117.4404, 0.9303333333333335, 0.7412666666666667), (95.76953333333334, 0.0094, 0.006266666666666668), (268.4352, 0.0032666666666666664, 0.0013333333333333333), (153.791, 0.9633999999999999, 0.7669333333333332), (75.49719999999999, 0.0003333333333333333, 0.0014), (55.924, 0.004733333333333333, 6.666666666666668e-05), (72.7012, 0.0, 0.001), (160.78126666666668, 0.05293333333333333, 0.031466666666666664), (107.65333333333331, 0.0, 0.0), (50.3316, 0.004666666666666667, 0.00013333333333333334)]","[0, 0, 0, 0, 0, 0, 0, 0, 0, 0, 0, 0, 0, 0, 0, 0, 0, 0, 0, 0, 0, 0, 0, 0, 0, 0, 0, 0, 0, 0, 0, 0, 0, 0, 0, 0, 0, 0, 0, 0, 0, 0, 0, 0, 0, 0, 0, 0, 0, 0, 0, 0, 0, 0, 0, 0, 0, 0, 0, 0, 0, 0, 0, 0, 0, 0, 0, 0, 0, 0, 0, 0, 0, 0, 0, 0, 0, 0, 0, 0, 0, 0, 0, 0, 0, 0, 0, (3, 0.0, 0.0), 0, 0, 0, 0, (2, 0.0, 0.0005166666666666667), 0, (1, 0.0, 0.0005111111111111112), (2, 0.0, 0.0023777777777777777), (3, 0.0, 0.0005055555555555555), (3, 0.0, 0.019427777777777776), 0, (2, 0.0, 0.010772222222222223), (2, 0.0, 0.0), (3, 0.0, 0.00065), (2, 0.0, 0.0117), (1, 0.0, 0.0005611111111111111), (2, 0.0, 0.0010555555555555555), (3, 0.0, 0.0), (3, 0.0, 0.0011222222222222222), (2, 0.0006, 0.00018333333333333334), (2, 0.0, 0.0010555555555555557)]","[-1, -1, -1, -1, -1, -1, -1, -1, -1, -1, -1, -1, -1, -1, -1, -1, -1, -1, -1, -1, -1, -1, -1, -1, -1, -1, -1, -1, -1, -1, -1, -1, -1, -1, -1, -1, -1, -1, -1, -1, -1, -1, -1, -1, -1, -1, -1, -1, -1, -1, -1, -1, -1, -1, -1, -1, -1, -1, -1, -1, -1, -1, -1, -1, -1, -1, -1, -1, -1, -1, -1, -1, -1, -1, -1, -1, -1, -1, -1, -1, -1, -1, -1, -1, -1, -1, -1, 7, -1, -1, -1, -1, 12, -1, 15, 5, 12, 1, -1, 13, 10, 10, 4, 7, 4, 14, 2, 13, 8]","[False, False, False, False, False, False, False, False, False, False, False, False, False, False, False, False, False, False, False, False, False, False, False, False, False, False, False, False, False, False, False, False, False, False, False, False, False, False, False, False, False, False, False, False, False, False, False, False, False, False, False, False, False, False, False, False, False, False, False, False, False, False, False, False, False, False, False, False, False, False, False, False, False, False, False, False, False, False, False, False, False, False, False, False, False, False, False, True, False, False, False, False, True, False, True, True, True, True, False, True, True, True, True, True, True, True, True, True, True]"
79,"[0, 0, 0, 0, 0, 0, 0, 0, 0, 0, 0, 0, 0, 0, 0, 0, 0, 0, 0, 0, 0, 0, 0, 0, 0, 0, 0, 0, 0, 0, 0, 0, 0, 0, 0, 0, 0, 0, 0, 0, 0, 0, 0, 0, 0, 0, 0, 0, 0, 0, 0, 0, 0, 0, 0, 0, 0, 0, 0, 0, 0, 0, 0, 0, 0, 0, 0, 0, 0, 0, 0, 0, 0, 0, 0, 0, 0, 0, 0, 0, 0, 0, 0, 0, 0, 0, 0, 0, 0, 0, 0, 0, 0, 0, 1168.6115386248337, 2450.6496444343047, 0, 0, 0, 1554.649748478609, 0, 1075.1228337928867, 1655.52396879974, 1168.6115386248337, 510.85024030910995, 1105.1729687313032, 0, 0, 0, 501.40426599866777, 881.4670876440003]","[0, 0, 0, 1, 1, 2, 2, 2, 3, 3, 3, 3, 3, 4, 4, 4, 4, 4, 4, 4, 5, 5, 5, 5, 6, 6, 6, 6, 6, 7, 7, 7, 7, 7, 8, 8, 8, 9, 9, 9, 9, 9, 9, 10, 10, 11, 11, 11, 11, 11, 12, 12, 12, 12, 13, 13, 13, 13, 14, 14, 14, 14, 15, 15, 15, 15, 15, 16, 16, 17, 17, 17, 17, 17, 18, 19, 19, 19, 19, 20, 20, 20, 21, 21, 21, 21, 22, 22, 22, 22, 22, 22, 22, 22, 22, 23, 23, 23, 24, 24, 24, 24, 24, 24, 25, 25, 25, 26, 26, 26, 26]","[1, 1, 1, 2, 2, 3, 3, 3, 4, 4, 4, 4, 4, 5, 5, 5, 7, 10, 8, 8, 10, 10, 10, 11, 13, 14, 14, 16, 16, 18, 18, 18, 20, 20, 22, 22, 23, 24, 28, 26, 25, 26, 31, 28, 28, 29, 30, 30, 33, 36, 35, 35, 37, 36, 36, 37, 37, 37, 40, 40, 44, 44, 43, 44, 44, 45, 46, 47, 49, 51, 51, 52, 52, 53, 53, 55, 55, 55, 57, 56, 57, 58, 58, 58, 59, 59, 59, 61, 61, 61, 64, 66, 67, 68, 68, 68, 69, 69, 69, 70, 71, 73, 74, 75, 75, 76, 76, 76, 77, 79, 79]","[7, 10, 13, 11, 7, 10, 10, 20, 8, 26, 8, 20, 14, 25, 14, 25, 18, 37, 18, 22, 37, 16, 25, 18, 22, 26, 16, 35, 23, 24, 41, 26, 36, 40, 44, 33, 30, 28, 36, 30, 35, 55, 35, 29, 37, 53, 36, 46, 55, 56, 55, 43, 60, 47, 48, 40, 44, 44, 51, 43, 59, 67, 59, 53, 51, 49, 58, 52, 56, 70, 75, 58, 57, 69, 57, 76, 59, 61, 77, 66, 61, 76, 65, 64, 73, 69, 69, 79, 75, 68, 68, 74, -1, 71, -1, -1, -1, -1, 76, -1, -1, -1, -1, -1, -1, -1, -1, 79, -1, -1, -1]","[0, 0, 0, 0, 0, 0, 0, 0, 0, 0, 0, 0, 0, 0, 0, 0, 0, 0, 0, 0, 0, 0, 0, 0, 0, 0, 0, 0, 0, 0, 0, 0, 0, 0, 0, 0, 0, 0, 0, 0, 0, 0, 0, 0, 0, 0, 0, 0, 0, 0, 0, 0, 0, 0, 0, 0, 0, 0, 0, 0, 0, 0, 0, 0, 0, 0, 0, 0, 0, 0, 0, 0, 0, 0, 0, 0, 0, 0, 0, 0, 0, 0, 0, 0, 0, 0, 0, 0, 0, 0, 0, 0, 2014.5, 0, 4029.0, 4029.0, 2014.5, 4029.0, 0, 4029.0, 1476.9385831035565, 2552.061416896443, 2586.836864245315, 4029.0, 1442.163135754685, 4029.0, 4029.0, 0, 4029.0, 1824.4685891773338, 2204.531410822666]","[0, 0, 0, 0, 0, 0, 0, 0, 0, 0, 0, 0, 0, 0, 0, 0, 0, 0, 0, 0, 0, 0, 0, 0, 0, 0, 0, 0, 0, 0, 0, 0, 0, 0, 0, 0, 0, 0, 0, 0, 0, 0, 0, 0, 0, 0, 0, 0, 0, 0, 0, 0, 0, 0, 0, 0, 0, 0, 0, 0, 0, 0, 0, 0, 0, 0, 0, 0, 0, 0, 0, 0, 0, 0, 0, 0, 0, 0, 0, 0, 0, 0, 0, 0, 0, 0, 0, 0, 0, 0, 0, 0, (490.733, 0.0015333333333333334, 0.0012), 0, (85.28386666666668, 0.0005333333333333334, 0.0014), (738.197, 0.009333333333333334, 0.0108), (192.9374, 1.0030666666666668, 0.007533333333333332), (637.534, 0.09033333333333332, 0.3533333333333333), 0, (83.886, 0.8937333333333333, 0.7318666666666667), (113.94486666666668, 0.0015333333333333334, 0.0006666666666666666), (248.8618, 0.0033333333333333335, 0.0014), (125.829, 0.9370666666666667, 0.7570666666666667), (77.5942, 0.00046666666666666666, 0.0014), (58.7202, 0.0046, 6.666666666666668e-05), (33.5544, 0.0, 0.001), (143.3049333333333, 0.05273333333333334, 0.030533333333333336), 0, (47.5354, 0.004533333333333333, 0.00013333333333333334), (0.0, 0.0048, 6.666666666666668e-05), (95.9442, 0.019933333333333334, 0.0208)]","[0, 0, 0, 0, 0, 0, 0, 0, 0, 0, 0, 0, 0, 0, 0, 0, 0, 0, 0, 0, 0, 0, 0, 0, 0, 0, 0, 0, 0, 0, 0, 0, 0, 0, 0, 0, 0, 0, 0, 0, 0, 0, 0, 0, 0, 0, 0, 0, 0, 0, 0, 0, 0, 0, 0, 0, 0, 0, 0, 0, 0, 0, 0, 0, 0, 0, 0, 0, 0, 0, 0, 0, 0, 0, 0, 0, 0, 0, 0, 0, 0, 0, 0, 0, 0, 0, 0, 0, 0, 0, 0, 0, (2, 0.0, 0.0005277777777777777), 0, (1, 0.0, 0.0005444444444444444), (2, 0.0, 0.0023666666666666667), (3, 0.0, 0.00043333333333333337), (3, 0.0, 0.015172222222222219), 0, (2, 0.0, 0.007866666666666668), (2, 0.0, 1.6666666666666667e-05), (3, 0.0, 0.0008222222222222222), (2, 0.06273333333333334, 0.031105555555555553), (1, 0.0, 0.001627777777777778), (2, 0.0, 0.0010388888888888887), (3, 0.0, 0.0), (3, 0.0, 0.0011333333333333332), 0, (2, 0.0, 0.0011222222222222222), (2, 0.0, 0.0013222222222222222), (1, 0.0012, 0.05558333333333333)]","[-1, -1, -1, -1, -1, -1, -1, -1, -1, -1, -1, -1, -1, -1, -1, -1, -1, -1, -1, -1, -1, -1, -1, -1, -1, -1, -1, -1, -1, -1, -1, -1, -1, -1, -1, -1, -1, -1, -1, -1, -1, -1, -1, -1, -1, -1, -1, -1, -1, -1, -1, -1, -1, -1, -1, -1, -1, -1, -1, -1, -1, -1, -1, -1, -1, -1, -1, -1, -1, -1, -1, -1, -1, -1, -1, -1, -1, -1, -1, -1, -1, -1, -1, -1, -1, -1, -1, -1, -1, -1, -1, -1, 12, -1, 15, 5, 12, 1, -1, 13, 10, 10, 4, 7, 4, 14, 2, -1, 8, 11, 11]","[False, False, False, False, False, False, False, False, False, False, False, False, False, False, False, False, False, False, False, False, False, False, False, False, False, False, False, False, False, False, False, False, False, False, False, False, False, False, False, False, False, False, False, False, False, False, False, False, False, False, False, False, False, False, False, False, False, False, False, False, False, False, False, False, False, False, False, False, False, False, False, False, False, False, False, False, False, False, False, False, False, False, False, False, False, False, False, False, False, False, False, False, True, False, True, True, True, True, False, True, True, True, True, True, True, True, True, False, True, True, True]"
80,"[0, 0, 0, 0, 0, 0, 0, 0, 0, 0, 0, 0, 0, 0, 0, 0, 0, 0, 0, 0, 0, 0, 0, 0, 0, 0, 0, 0, 0, 0, 0, 0, 0, 0, 0, 0, 0, 0, 0, 0, 0, 0, 0, 0, 0, 0, 0, 0, 0, 0, 0, 0, 0, 0, 0, 0, 0, 0, 0, 0, 0, 0, 0, 0, 0, 0, 0, 0, 0, 0, 0, 0, 0, 0, 0, 0, 0, 0, 0, 0, 0, 0, 0, 0, 0, 0, 0, 0, 0, 0, 0, 0, 0, 0, 1161.9337584041202, 2453.616532623692, 0, 0, 0, 1554.649748478609, 0, 1061.76727064018, 2278.570623724373, 1165.2726485144767, 510.85024030910995, 1111.8507510197098, 0, 0, 0, 498.43737685074666, 754.589249271, 501.40426599866777, 884.1326637750533, 922.7020845904912, 3121.8625785998443, 1235.3895160495777, 1364.7688631682443]","[0, 0, 0, 1, 1, 2, 2, 2, 3, 3, 3, 3, 3, 4, 4, 4, 4, 4, 4, 4, 5, 5, 5, 5, 6, 6, 6, 6, 6, 7, 7, 7, 7, 7, 8, 8, 8, 9, 9, 9, 9, 9, 9, 10, 10, 11, 11, 11, 11, 11, 12, 12, 12, 12, 13, 13, 13, 13, 14, 14, 14, 14, 15, 15, 15, 15, 15, 16, 16, 17, 17, 17, 17, 17, 18, 19, 19, 19, 19, 20, 20, 20, 21, 21, 21, 21, 22, 22, 22, 22, 22, 22, 22, 22, 22, 23, 23, 23, 24, 24, 24, 24, 24, 24, 25, 25, 25, 26, 26, 26, 26, 27, 27, 27, 28, 28, 28]","[1, 1, 1, 2, 2, 3, 3, 3, 4, 4, 4, 4, 4, 5, 5, 5, 7, 10, 8, 8, 10, 10, 10, 11, 13, 14, 14, 16, 16, 18, 18, 18, 20, 20, 22, 22, 23, 24, 28, 26, 25, 26, 31, 28, 28, 29, 30, 30, 33, 36, 35, 35, 37, 36, 36, 37, 37, 37, 40, 40, 44, 44, 43, 44, 44, 45, 46, 47, 49, 51, 51, 52, 52, 53, 53, 55, 55, 55, 57, 56, 57, 58, 58, 58, 59, 59, 59, 61, 61, 61, 64, 66, 67, 68, 68, 68, 69, 69, 69, 70, 71, 73, 74, 75, 75, 76, 76, 76, 77, 79, 79, 80, 80, 80, 80, 80, 80]","[7, 10, 13, 11, 7, 10, 10, 20, 8, 26, 8, 20, 14, 25, 14, 25, 18, 37, 18, 22, 37, 16, 25, 18, 22, 26, 16, 35, 23, 24, 41, 26, 36, 40, 44, 33, 30, 28, 36, 30, 35, 55, 35, 29, 37, 53, 36, 46, 55, 56, 55, 43, 60, 47, 48, 40, 44, 44, 51, 43, 59, 67, 59, 53, 51, 49, 58, 52, 56, 70, 75, 58, 57, 69, 57, 76, 59, 61, 77, 66, 61, 76, 65, 64, 73, 69, 69, 79, 75, 68, 68, 74, 80, 71, -1, -1, 80, 80, 76, -1, 80, -1, -1, -1, -1, -1, 80, 79, 80, -1, -1, -1, -1, -1, -1, -1, -1]","[0, 0, 0, 0, 0, 0, 0, 0, 0, 0, 0, 0, 0, 0, 0, 0, 0, 0, 0, 0, 0, 0, 0, 0, 0, 0, 0, 0, 0, 0, 0, 0, 0, 0, 0, 0, 0, 0, 0, 0, 0, 0, 0, 0, 0, 0, 0, 0, 0, 0, 0, 0, 0, 0, 0, 0, 0, 0, 0, 0, 0, 0, 0, 0, 0, 0, 0, 0, 0, 0, 0, 0, 0, 0, 0, 0, 0, 0, 0, 0, 0, 0, 0, 0, 0, 0, 0, 0, 0, 0, 0, 0, 0, 0, 2344.764746202726, 4029.0, 0, 0, 0, 4029.0, 0, 4029.0, 2384.1963075163817, 4029.0, 616.4759241011185, 1888.0409439257328, 0, 0, 0, 1821.6523565378466, 1774.0998666107112, 1684.2352537972738, 2207.3476434621534, 1028.3277683824997, 4029.0, 2254.900133389289, 2140.959056074267]","[0, 0, 0, 0, 0, 0, 0, 0, 0, 0, 0, 0, 0, 0, 0, 0, 0, 0, 0, 0, 0, 0, 0, 0, 0, 0, 0, 0, 0, 0, 0, 0, 0, 0, 0, 0, 0, 0, 0, 0, 0, 0, 0, 0, 0, 0, 0, 0, 0, 0, 0, 0, 0, 0, 0, 0, 0, 0, 0, 0, 0, 0, 0, 0, 0, 0, 0, 0, 0, 0, 0, 0, 0, 0, 0, 0, 0, 0, 0, 0, 0, 0, 0, 0, 0, 0, 0, 0, 0, 0, 0, 0, 0, 0, (99.964, 0.0005333333333333334, 0.0016666666666666668), (352.32120000000003, 0.0094, 0.010866666666666667), 0, 0, 0, (92.2746, 0.9142666666666668, 0.7324666666666667), 0, (139.81, 0.0034, 0.0014), (226.49220000000003, 0.9202666666666668, 0.7430666666666668), (69.2056, 0.00046666666666666666, 0.0013333333333333333), (8.3886, 0.0046, 6.666666666666668e-05), (39.146800000000006, 0.0, 0.001), 0, 0, 0, (145.4024, 0.004733333333333333, 6.666666666666668e-05), (96.9928, 0.020133333333333333, 0.014066666666666665), (0.0, 0.0048, 6.666666666666668e-05), (128.62506666666664, 0.00046666666666666666, 0.0014), (97.867, 0.5311333333333333, 0.4374666666666666), (0.0, 0.0, 0.0), (267.736, 0.28726666666666667, 0.0504), (402.65259999999995, 0.0, 0.0)]","[0, 0, 0, 0, 0, 0, 0, 0, 0, 0, 0, 0, 0, 0, 0, 0, 0, 0, 0, 0, 0, 0, 0, 0, 0, 0, 0, 0, 0, 0, 0, 0, 0, 0, 0, 0, 0, 0, 0, 0, 0, 0, 0, 0, 0, 0, 0, 0, 0, 0, 0, 0, 0, 0, 0, 0, 0, 0, 0, 0, 0, 0, 0, 0, 0, 0, 0, 0, 0, 0, 0, 0, 0, 0, 0, 0, 0, 0, 0, 0, 0, 0, 0, 0, 0, 0, 0, 0, 0, 0, 0, 0, 0, 0, (1, 0.0, 0.000538888888888889), (2, 0.0, 0.002344444444444444), 0, 0, 0, (2, 0.0, 0.010216666666666666), 0, (3, 0.0, 0.0006222222222222223), (2, 0.09268333333333334, 0.011455555555555556), (1, 0.0, 0.0005499999999999999), (2, 0.0, 0.00105), (3, 0.0, 0.0), 0, 0, 0, (2, 0.0, 0.0012666666666666666), (1, 0.0, 0.054338888888888895), (2, 0.0, 0.0013222222222222222), (2, 0.0705, 0.025599999999999998), (1, 0.0, 0.0014666666666666662), (2, 0.0, 0.0), (1, 0.0, 0.0011611111111111112), (3, 0.1085, 0.004066666666666666)]","[-1, -1, -1, -1, -1, -1, -1, -1, -1, -1, -1, -1, -1, -1, -1, -1, -1, -1, -1, -1, -1, -1, -1, -1, -1, -1, -1, -1, -1, -1, -1, -1, -1, -1, -1, -1, -1, -1, -1, -1, -1, -1, -1, -1, -1, -1, -1, -1, -1, -1, -1, -1, -1, -1, -1, -1, -1, -1, -1, -1, -1, -1, -1, -1, -1, -1, -1, -1, -1, -1, -1, -1, -1, -1, -1, -1, -1, -1, -1, -1, -1, -1, -1, -1, -1, -1, -1, -1, -1, -1, -1, -1, -1, -1, 15, 5, -1, -1, -1, 13, -1, 10, 4, 7, 4, 14, -1, -1, -1, 12, 11, 15, 12, 4, 1, 11, 14]","[False, False, False, False, False, False, False, False, False, False, False, False, False, False, False, False, False, False, False, False, False, False, False, False, False, False, False, False, False, False, False, False, False, False, False, False, False, False, False, False, False, False, False, False, False, False, False, False, False, False, False, False, False, False, False, False, False, False, False, False, False, False, False, False, False, False, False, False, False, False, False, False, False, False, False, False, False, False, False, False, False, False, False, False, False, False, False, False, False, False, False, False, False, False, True, True, False, False, False, True, False, True, True, True, True, True, False, False, False, True, True, True, True, True, True, True, True]"
81,"[0, 0, 0, 0, 0, 0, 0, 0, 0, 0, 0, 0, 0, 0, 0, 0, 0, 0, 0, 0, 0, 0, 0, 0, 0, 0, 0, 0, 0, 0, 0, 0, 0, 0, 0, 0, 0, 0, 0, 0, 0, 0, 0, 0, 0, 0, 0, 0, 0, 0, 0, 0, 0, 0, 0, 0, 0, 0, 0, 0, 0, 0, 0, 0, 0, 0, 0, 0, 0, 0, 0, 0, 0, 0, 0, 0, 0, 0, 0, 0, 0, 0, 0, 0, 0, 0, 0, 0, 0, 0, 0, 0, 0, 0, 1212.0175234543567, 2495.1529672751212, 0, 0, 0, 1560.5835261445573, 0, 1081.80061536924, 1590.2524144743022, 1178.6282089559033, 517.5280212281833, 1252.08417907625, 0, 0, 0, 498.43737685074666, 754.589249271, 498.43737685074666, 845.5631180399, 925.6689723222934, 3065.1014408071205, 1235.3895160495777, 1691.1266347954333]","[0, 0, 0, 1, 1, 2, 2, 2, 3, 3, 3, 3, 3, 4, 4, 4, 4, 4, 4, 4, 5, 5, 5, 5, 6, 6, 6, 6, 6, 7, 7, 7, 7, 7, 8, 8, 8, 9, 9, 9, 9, 9, 9, 10, 10, 11, 11, 11, 11, 11, 12, 12, 12, 12, 13, 13, 13, 13, 14, 14, 14, 14, 15, 15, 15, 15, 15, 16, 16, 17, 17, 17, 17, 17, 18, 19, 19, 19, 19, 20, 20, 20, 21, 21, 21, 21, 22, 22, 22, 22, 22, 22, 22, 22, 22, 23, 23, 23, 24, 24, 24, 24, 24, 24, 25, 25, 25, 26, 26, 26, 26, 27, 27, 27, 28, 28, 28]","[1, 1, 1, 2, 2, 3, 3, 3, 4, 4, 4, 4, 4, 5, 5, 5, 7, 10, 8, 8, 10, 10, 10, 11, 13, 14, 14, 16, 16, 18, 18, 18, 20, 20, 22, 22, 23, 24, 28, 26, 25, 26, 31, 28, 28, 29, 30, 30, 33, 36, 35, 35, 37, 36, 36, 37, 37, 37, 40, 40, 44, 44, 43, 44, 44, 45, 46, 47, 49, 51, 51, 52, 52, 53, 53, 55, 55, 55, 57, 56, 57, 58, 58, 58, 59, 59, 59, 61, 61, 61, 64, 66, 67, 68, 68, 68, 69, 69, 69, 70, 71, 73, 74, 75, 75, 76, 76, 76, 77, 79, 79, 80, 80, 80, 80, 80, 80]","[7, 10, 13, 11, 7, 10, 10, 20, 8, 26, 8, 20, 14, 25, 14, 25, 18, 37, 18, 22, 37, 16, 25, 18, 22, 26, 16, 35, 23, 24, 41, 26, 36, 40, 44, 33, 30, 28, 36, 30, 35, 55, 35, 29, 37, 53, 36, 46, 55, 56, 55, 43, 60, 47, 48, 40, 44, 44, 51, 43, 59, 67, 59, 53, 51, 49, 58, 52, 56, 70, 75, 58, 57, 69, 57, 76, 59, 61, 77, 66, 61, 76, 65, 64, 73, 69, 69, 79, 75, 68, 68, 74, 80, 71, -1, -1, 80, 80, 76, -1, 80, -1, -1, -1, -1, -1, 80, 79, 80, -1, -1, -1, -1, -1, -1, -1, -1]","[0, 0, 0, 0, 0, 0, 0, 0, 0, 0, 0, 0, 0, 0, 0, 0, 0, 0, 0, 0, 0, 0, 0, 0, 0, 0, 0, 0, 0, 0, 0, 0, 0, 0, 0, 0, 0, 0, 0, 0, 0, 0, 0, 0, 0, 0, 0, 0, 0, 0, 0, 0, 0, 0, 0, 0, 0, 0, 0, 0, 0, 0, 0, 0, 0, 0, 0, 0, 0, 0, 0, 0, 0, 0, 0, 0, 0, 0, 0, 0, 0, 0, 0, 0, 0, 0, 0, 0, 0, 0, 0, 0, 0, 0, 2371.290073301805, 4029.0, 0, 0, 0, 4029.0, 0, 4029.0, 1922.102611799376, 4029.0, 849.378218553257, 1794.9787721404084, 0, 0, 0, 1840.9371294054233, 1774.0998666107112, 1657.709926698195, 2188.0628705945765, 1257.519169647367, 4029.0, 2254.900133389289, 2234.021227859592]","[0, 0, 0, 0, 0, 0, 0, 0, 0, 0, 0, 0, 0, 0, 0, 0, 0, 0, 0, 0, 0, 0, 0, 0, 0, 0, 0, 0, 0, 0, 0, 0, 0, 0, 0, 0, 0, 0, 0, 0, 0, 0, 0, 0, 0, 0, 0, 0, 0, 0, 0, 0, 0, 0, 0, 0, 0, 0, 0, 0, 0, 0, 0, 0, 0, 0, 0, 0, 0, 0, 0, 0, 0, 0, 0, 0, 0, 0, 0, 0, 0, 0, 0, 0, 0, 0, 0, 0, 0, 0, 0, 0, 0, 0, (73.4, 0.0005, 0.0015), (218.1036, 0.009333333333333334, 0.010666666666666666), 0, 0, 0, (134.2176, 0.8891333333333333, 0.7291333333333333), 0, (204.1226, 0.003466666666666667, 0.0014666666666666665), (142.6062, 0.9306666666666665, 0.7520666666666668), (82.4876, 0.0007333333333333332, 0.002), (22.3696, 0.004533333333333333, 6.666666666666668e-05), (173.3644, 6.666666666666668e-05, 0.0016), 0, 0, 0, (67.1088, 0.004666666666666667, 0.0), (90.177, 0.02, 0.014), (145.4024, 0.004733333333333333, 6.666666666666668e-05), (120.23626666666664, 0.0, 0.001066666666666667), (114.6442, 0.5428, 0.4749333333333333), (0.0, 0.0, 0.0), (279.6198, 0.2951333333333333, 0.05206666666666667), (339.738, 0.0, 0.0)]","[0, 0, 0, 0, 0, 0, 0, 0, 0, 0, 0, 0, 0, 0, 0, 0, 0, 0, 0, 0, 0, 0, 0, 0, 0, 0, 0, 0, 0, 0, 0, 0, 0, 0, 0, 0, 0, 0, 0, 0, 0, 0, 0, 0, 0, 0, 0, 0, 0, 0, 0, 0, 0, 0, 0, 0, 0, 0, 0, 0, 0, 0, 0, 0, 0, 0, 0, 0, 0, 0, 0, 0, 0, 0, 0, 0, 0, 0, 0, 0, 0, 0, 0, 0, 0, 0, 0, 0, 0, 0, 0, 0, 0, 0, (1, 0.0, 0.0011666666666666668), (2, 0.0, 0.002655555555555556), 0, 0, 0, (2, 1.666666666666667e-05, 0.00786111111111111), 0, (3, 0.0, 0.0008111111111111111), (2, 0.0, 0.012455555555555557), (1, 0.0, 0.0005722222222222222), (2, 0.0, 0.0010722222222222222), (3, 0.03166666666666667, 0.0017722222222222221), 0, 0, 0, (2, 0.0, 0.0012333333333333335), (1, 3.3333333333333335e-05, 0.05506666666666666), (2, 0.0, 0.0012666666666666666), (2, 1.666666666666667e-05, 0.0006111111111111112), (1, 0.0, 0.001527777777777778), (2, 0.0, 0.0), (1, 0.0, 0.0009000000000000001), (3, 0.2122, 0.00935)]","[-1, -1, -1, -1, -1, -1, -1, -1, -1, -1, -1, -1, -1, -1, -1, -1, -1, -1, -1, -1, -1, -1, -1, -1, -1, -1, -1, -1, -1, -1, -1, -1, -1, -1, -1, -1, -1, -1, -1, -1, -1, -1, -1, -1, -1, -1, -1, -1, -1, -1, -1, -1, -1, -1, -1, -1, -1, -1, -1, -1, -1, -1, -1, -1, -1, -1, -1, -1, -1, -1, -1, -1, -1, -1, -1, -1, -1, -1, -1, -1, -1, -1, -1, -1, -1, -1, -1, -1, -1, -1, -1, -1, -1, -1, 15, 5, -1, -1, -1, 13, -1, 10, 4, 7, 4, 14, -1, -1, -1, 12, 11, 15, 12, 4, 1, 11, 14]","[False, False, False, False, False, False, False, False, False, False, False, False, False, False, False, False, False, False, False, False, False, False, False, False, False, False, False, False, False, False, False, False, False, False, False, False, False, False, False, False, False, False, False, False, False, False, False, False, False, False, False, False, False, False, False, False, False, False, False, False, False, False, False, False, False, False, False, False, False, False, False, False, False, False, False, False, False, False, False, False, False, False, False, False, False, False, False, False, False, False, False, False, False, False, True, True, False, False, False, True, False, True, True, True, True, True, False, False, False, True, True, True, True, True, True, True, True]"
82,"[0, 0, 0, 0, 0, 0, 0, 0, 0, 0, 0, 0, 0, 0, 0, 0, 0, 0, 0, 0, 0, 0, 0, 0, 0, 0, 0, 0, 0, 0, 0, 0, 0, 0, 0, 0, 0, 0, 0, 0, 0, 0, 0, 0, 0, 0, 0, 0, 0, 0, 0, 0, 0, 0, 0, 0, 0, 0, 0, 0, 0, 0, 0, 0, 0, 0, 0, 0, 0, 0, 0, 0, 0, 0, 0, 0, 0, 0, 0, 0, 0, 0, 0, 0, 0, 0, 0, 0, 0, 0, 0, 0, 0, 0, 1171.95082846413, 2423.947650729814, 0, 0, 0, 1530.9146378148132, 0, 1075.1228337928867, 1563.5504149775322, 1165.2726485144767, 544.2391449044768, 1105.1729687313032, 0, 0, 0, 498.43737685074666, 741.2336873370001, 498.43737685074666, 809.96046043822, 928.6358600540952, 2911.512479720924, 1128.5450173642087, 1254.9939763481898]","[0, 0, 0, 1, 1, 2, 2, 2, 3, 3, 3, 3, 3, 4, 4, 4, 4, 4, 4, 4, 5, 5, 5, 5, 6, 6, 6, 6, 6, 7, 7, 7, 7, 7, 8, 8, 8, 9, 9, 9, 9, 9, 9, 10, 10, 11, 11, 11, 11, 11, 12, 12, 12, 12, 13, 13, 13, 13, 14, 14, 14, 14, 15, 15, 15, 15, 15, 16, 16, 17, 17, 17, 17, 17, 18, 19, 19, 19, 19, 20, 20, 20, 21, 21, 21, 21, 22, 22, 22, 22, 22, 22, 22, 22, 22, 23, 23, 23, 24, 24, 24, 24, 24, 24, 25, 25, 25, 26, 26, 26, 26, 27, 27, 27, 28, 28, 28]","[1, 1, 1, 2, 2, 3, 3, 3, 4, 4, 4, 4, 4, 5, 5, 5, 7, 10, 8, 8, 10, 10, 10, 11, 13, 14, 14, 16, 16, 18, 18, 18, 20, 20, 22, 22, 23, 24, 28, 26, 25, 26, 31, 28, 28, 29, 30, 30, 33, 36, 35, 35, 37, 36, 36, 37, 37, 37, 40, 40, 44, 44, 43, 44, 44, 45, 46, 47, 49, 51, 51, 52, 52, 53, 53, 55, 55, 55, 57, 56, 57, 58, 58, 58, 59, 59, 59, 61, 61, 61, 64, 66, 67, 68, 68, 68, 69, 69, 69, 70, 71, 73, 74, 75, 75, 76, 76, 76, 77, 79, 79, 80, 80, 80, 80, 80, 80]","[7, 10, 13, 11, 7, 10, 10, 20, 8, 26, 8, 20, 14, 25, 14, 25, 18, 37, 18, 22, 37, 16, 25, 18, 22, 26, 16, 35, 23, 24, 41, 26, 36, 40, 44, 33, 30, 28, 36, 30, 35, 55, 35, 29, 37, 53, 36, 46, 55, 56, 55, 43, 60, 47, 48, 40, 44, 44, 51, 43, 59, 67, 59, 53, 51, 49, 58, 52, 56, 70, 75, 58, 57, 69, 57, 76, 59, 61, 77, 66, 61, 76, 65, 64, 73, 69, 69, 79, 75, 68, 68, 74, 80, 71, -1, -1, 80, 80, 76, -1, 80, -1, -1, -1, -1, -1, 80, 79, 80, -1, -1, -1, -1, -1, -1, -1, -1]","[0, 0, 0, 0, 0, 0, 0, 0, 0, 0, 0, 0, 0, 0, 0, 0, 0, 0, 0, 0, 0, 0, 0, 0, 0, 0, 0, 0, 0, 0, 0, 0, 0, 0, 0, 0, 0, 0, 0, 0, 0, 0, 0, 0, 0, 0, 0, 0, 0, 0, 0, 0, 0, 0, 0, 0, 0, 0, 0, 0, 0, 0, 0, 0, 0, 0, 0, 0, 0, 0, 0, 0, 0, 0, 0, 0, 0, 0, 0, 0, 0, 0, 0, 0, 0, 0, 0, 0, 0, 0, 0, 0, 0, 0, 2351.256725806692, 4029.0, 0, 0, 0, 4029.0, 0, 4029.0, 1894.408608332164, 4029.0, 875.0973382591087, 1939.5894961915567, 0, 0, 0, 1858.7384582062632, 1820.8443349863956, 1677.7432741933085, 2170.261541793737, 1259.494053408727, 4029.0, 2208.1556650136044, 2089.4105038084435]","[0, 0, 0, 0, 0, 0, 0, 0, 0, 0, 0, 0, 0, 0, 0, 0, 0, 0, 0, 0, 0, 0, 0, 0, 0, 0, 0, 0, 0, 0, 0, 0, 0, 0, 0, 0, 0, 0, 0, 0, 0, 0, 0, 0, 0, 0, 0, 0, 0, 0, 0, 0, 0, 0, 0, 0, 0, 0, 0, 0, 0, 0, 0, 0, 0, 0, 0, 0, 0, 0, 0, 0, 0, 0, 0, 0, 0, 0, 0, 0, 0, 0, 0, 0, 0, 0, 0, 0, 0, 0, 0, 0, 0, 0, (78.99226666666667, 0.0008, 0.0018666666666666666), (134.2176, 0.009266666666666668, 0.010666666666666666), 0, 0, 0, (120.23660000000001, 0.8804666666666667, 0.7153333333333335), 0, (181.753, 0.0032, 0.0012666666666666666), (117.4404, 0.9303333333333335, 0.7412666666666667), (81.08953333333334, 0.0002666666666666667, 0.001), (8.3886, 0.0046, 0.00013333333333333334), (156.58720000000002, 6.666666666666668e-05, 0.001066666666666667), 0, 0, 0, (100.6632, 0.004666666666666667, 6.666666666666668e-05), (93.3228, 0.018333333333333333, 0.014133333333333333), (67.1088, 0.004666666666666667, 0.0), (72.7008, 6.666666666666668e-05, 0.0015333333333333334), (109.0518, 0.5416666666666666, 0.5044666666666666), (0.0, 0.0, 0.0), (271.93059999999997, 0.26839999999999997, 0.0528), (343.93240000000003, 0.0, 0.0)]","[0, 0, 0, 0, 0, 0, 0, 0, 0, 0, 0, 0, 0, 0, 0, 0, 0, 0, 0, 0, 0, 0, 0, 0, 0, 0, 0, 0, 0, 0, 0, 0, 0, 0, 0, 0, 0, 0, 0, 0, 0, 0, 0, 0, 0, 0, 0, 0, 0, 0, 0, 0, 0, 0, 0, 0, 0, 0, 0, 0, 0, 0, 0, 0, 0, 0, 0, 0, 0, 0, 0, 0, 0, 0, 0, 0, 0, 0, 0, 0, 0, 0, 0, 0, 0, 0, 0, 0, 0, 0, 0, 0, 0, 0, (1, 0.0, 0.0005666666666666666), (2, 0.0, 0.0023833333333333337), 0, 0, 0, (2, 5e-05, 0.008244444444444445), 0, (3, 0.0, 0.00046111111111111103), (2, 0.0, 0.010772222222222223), (1, 0.0, 0.000538888888888889), (2, 0.0, 0.00145), (3, 0.0, 0.0002833333333333333), 0, 0, 0, (2, 0.0, 0.001238888888888889), (1, 0.0, 0.0557), (2, 0.0, 0.0012333333333333335), (2, 0.0, 0.0005666666666666668), (1, 0.0, 0.0017222222222222224), (2, 0.0, 0.0), (1, 0.0, 0.00115), (3, 0.020033333333333334, 0.0038777777777777777)]","[-1, -1, -1, -1, -1, -1, -1, -1, -1, -1, -1, -1, -1, -1, -1, -1, -1, -1, -1, -1, -1, -1, -1, -1, -1, -1, -1, -1, -1, -1, -1, -1, -1, -1, -1, -1, -1, -1, -1, -1, -1, -1, -1, -1, -1, -1, -1, -1, -1, -1, -1, -1, -1, -1, -1, -1, -1, -1, -1, -1, -1, -1, -1, -1, -1, -1, -1, -1, -1, -1, -1, -1, -1, -1, -1, -1, -1, -1, -1, -1, -1, -1, -1, -1, -1, -1, -1, -1, -1, -1, -1, -1, -1, -1, 15, 5, -1, -1, -1, 13, -1, 10, 4, 7, 4, 14, -1, -1, -1, 12, 11, 15, 12, 4, 2, 11, 14]","[False, False, False, False, False, False, False, False, False, False, False, False, False, False, False, False, False, False, False, False, False, False, False, False, False, False, False, False, False, False, False, False, False, False, False, False, False, False, False, False, False, False, False, False, False, False, False, False, False, False, False, False, False, False, False, False, False, False, False, False, False, False, False, False, False, False, False, False, False, False, False, False, False, False, False, False, False, False, False, False, False, False, False, False, False, False, False, False, False, False, False, False, False, False, True, True, False, False, False, True, False, True, True, True, True, True, False, False, False, True, True, True, True, True, True, True, True]"
83,"[0, 0, 0, 0, 0, 0, 0, 0, 0, 0, 0, 0, 0, 0, 0, 0, 0, 0, 0, 0, 0, 0, 0, 0, 0, 0, 0, 0, 0, 0, 0, 0, 0, 0, 0, 0, 0, 0, 0, 0, 0, 0, 0, 0, 0, 0, 0, 0, 0, 0, 0, 0, 0, 0, 0, 0, 0, 0, 0, 0, 0, 0, 0, 0, 0, 0, 0, 0, 0, 0, 0, 0, 0, 0, 0, 0, 0, 0, 0, 0, 0, 0, 0, 0, 0, 0, 0, 0, 0, 0, 0, 0, 0, 0, 0, 2423.947650729814, 0, 0, 0, 1572.4510814764558, 0, 0, 1554.649748478609, 1158.5948682937635, 504.17245939003664, 1118.528533308117, 0, 0, 0, 495.47048770282555, 804.6726065235, 498.43737685074666, 1317.2983312621604, 931.6027477858978, 3145.2348118086134, 1135.2227985320444, 1266.8615316800874]","[0, 0, 0, 1, 1, 2, 2, 2, 3, 3, 3, 3, 3, 4, 4, 4, 4, 4, 4, 4, 5, 5, 5, 5, 6, 6, 6, 6, 6, 7, 7, 7, 7, 7, 8, 8, 8, 9, 9, 9, 9, 9, 9, 10, 10, 11, 11, 11, 11, 11, 12, 12, 12, 12, 13, 13, 13, 13, 14, 14, 14, 14, 15, 15, 15, 15, 15, 16, 16, 17, 17, 17, 17, 17, 18, 19, 19, 19, 19, 20, 20, 20, 21, 21, 21, 21, 22, 22, 22, 22, 22, 22, 22, 22, 22, 23, 23, 23, 24, 24, 24, 24, 24, 24, 25, 25, 25, 26, 26, 26, 26, 27, 27, 27, 28, 28, 28]","[1, 1, 1, 2, 2, 3, 3, 3, 4, 4, 4, 4, 4, 5, 5, 5, 7, 10, 8, 8, 10, 10, 10, 11, 13, 14, 14, 16, 16, 18, 18, 18, 20, 20, 22, 22, 23, 24, 28, 26, 25, 26, 31, 28, 28, 29, 30, 30, 33, 36, 35, 35, 37, 36, 36, 37, 37, 37, 40, 40, 44, 44, 43, 44, 44, 45, 46, 47, 49, 51, 51, 52, 52, 53, 53, 55, 55, 55, 57, 56, 57, 58, 58, 58, 59, 59, 59, 61, 61, 61, 64, 66, 67, 68, 68, 68, 69, 69, 69, 70, 71, 73, 74, 75, 75, 76, 76, 76, 77, 79, 79, 80, 80, 80, 80, 80, 80]","[7, 10, 13, 11, 7, 10, 10, 20, 8, 26, 8, 20, 14, 25, 14, 25, 18, 37, 18, 22, 37, 16, 25, 18, 22, 26, 16, 35, 23, 24, 41, 26, 36, 40, 44, 33, 30, 28, 36, 30, 35, 55, 35, 29, 37, 53, 36, 46, 55, 56, 55, 43, 60, 47, 48, 40, 44, 44, 51, 43, 59, 67, 59, 53, 51, 49, 58, 52, 56, 70, 75, 58, 57, 69, 57, 76, 59, 61, 77, 66, 61, 76, 65, 64, 73, 69, 69, 79, 75, 68, 68, 74, 80, 71, -1, -1, 80, 80, 76, -1, 80, -1, -1, -1, -1, -1, 80, 79, 80, -1, -1, -1, -1, -1, -1, -1, -1]","[0, 0, 0, 0, 0, 0, 0, 0, 0, 0, 0, 0, 0, 0, 0, 0, 0, 0, 0, 0, 0, 0, 0, 0, 0, 0, 0, 0, 0, 0, 0, 0, 0, 0, 0, 0, 0, 0, 0, 0, 0, 0, 0, 0, 0, 0, 0, 0, 0, 0, 0, 0, 0, 0, 0, 0, 0, 0, 0, 0, 0, 0, 0, 0, 0, 0, 0, 0, 0, 0, 0, 0, 0, 0, 0, 0, 0, 0, 0, 0, 0, 0, 0, 0, 0, 0, 0, 0, 0, 0, 0, 0, 0, 0, 1765.2813115746267, 4029.0, 0, 0, 0, 4029.0, 0, 4029.0, 1900.8414299270944, 4029.0, 850.3641408385222, 1940.3335008140148, 0, 0, 0, 1603.5860782203324, 1849.2249039957278, 2263.7186884253733, 2425.4139217796674, 1277.7944292343834, 4029.0, 2179.775096004272, 2088.6664991859852]","[0, 0, 0, 0, 0, 0, 0, 0, 0, 0, 0, 0, 0, 0, 0, 0, 0, 0, 0, 0, 0, 0, 0, 0, 0, 0, 0, 0, 0, 0, 0, 0, 0, 0, 0, 0, 0, 0, 0, 0, 0, 0, 0, 0, 0, 0, 0, 0, 0, 0, 0, 0, 0, 0, 0, 0, 0, 0, 0, 0, 0, 0, 0, 0, 0, 0, 0, 0, 0, 0, 0, 0, 0, 0, 0, 0, 0, 0, 0, 0, 0, 0, 0, 0, 0, 0, 0, 0, 0, 0, 0, 0, 0, 0, (85.9828, 0.0005333333333333334, 0.0017333333333333335), (33.5544, 0.009333333333333334, 0.010466666666666668), 0, 0, 0, (117.4404, 0.9407333333333332, 0.7398666666666667), 0, (109.0518, 0.003533333333333333, 0.0013333333333333333), (83.886, 0.8937333333333333, 0.7318666666666667), (78.99233333333332, 0.0004, 0.0014), (2.7962, 0.004533333333333333, 6.666666666666668e-05), (97.867, 0.0, 0.001), 0, 0, 0, (0.0, 0.004666666666666667, 6.666666666666668e-05), (93.8472, 0.0318, 0.0146), (100.6632, 0.004666666666666667, 6.666666666666668e-05), (75.49706666666667, 0.0, 0.001066666666666667), (109.0518, 0.5368666666666667, 0.4758666666666667), (0.0, 0.0, 0.0), (277.5227333333333, 0.25306666666666666, 0.0498), (306.18359999999996, 0.0, 0.0)]","[0, 0, 0, 0, 0, 0, 0, 0, 0, 0, 0, 0, 0, 0, 0, 0, 0, 0, 0, 0, 0, 0, 0, 0, 0, 0, 0, 0, 0, 0, 0, 0, 0, 0, 0, 0, 0, 0, 0, 0, 0, 0, 0, 0, 0, 0, 0, 0, 0, 0, 0, 0, 0, 0, 0, 0, 0, 0, 0, 0, 0, 0, 0, 0, 0, 0, 0, 0, 0, 0, 0, 0, 0, 0, 0, 0, 0, 0, 0, 0, 0, 0, 0, 0, 0, 0, 0, 0, 0, 0, 0, 0, 0, 0, (1, 0.0, 0.0005611111111111111), (2, 0.0, 0.0022833333333333334), 0, 0, 0, (2, 0.0, 0.011944444444444445), 0, (3, 0.0, 0.0006333333333333333), (2, 0.0, 0.007866666666666668), (1, 0.0, 0.0005777777777777778), (2, 0.0, 0.0010833333333333333), (3, 0.008, 0.00039999999999999996), 0, 0, 0, (2, 0.0, 0.0012722222222222221), (1, 0.00011666666666666667, 0.053427777777777775), (2, 0.0, 0.001238888888888889), (2, 1.666666666666667e-05, 0.0007), (1, 0.0, 0.0017166666666666667), (2, 0.0, 0.0), (1, 0.0, 0.001172222222222222), (3, 0.008033333333333333, 0.003372222222222222)]","[-1, -1, -1, -1, -1, -1, -1, -1, -1, -1, -1, -1, -1, -1, -1, -1, -1, -1, -1, -1, -1, -1, -1, -1, -1, -1, -1, -1, -1, -1, -1, -1, -1, -1, -1, -1, -1, -1, -1, -1, -1, -1, -1, -1, -1, -1, -1, -1, -1, -1, -1, -1, -1, -1, -1, -1, -1, -1, -1, -1, -1, -1, -1, -1, -1, -1, -1, -1, -1, -1, -1, -1, -1, -1, -1, -1, -1, -1, -1, -1, -1, -1, -1, -1, -1, -1, -1, -1, -1, -1, -1, -1, -1, -1, 15, 5, -1, -1, -1, 13, -1, 10, 4, 7, 4, 14, -1, -1, -1, 12, 11, 15, 12, 4, 2, 11, 14]","[False, False, False, False, False, False, False, False, False, False, False, False, False, False, False, False, False, False, False, False, False, False, False, False, False, False, False, False, False, False, False, False, False, False, False, False, False, False, False, False, False, False, False, False, False, False, False, False, False, False, False, False, False, False, False, False, False, False, False, False, False, False, False, False, False, False, False, False, False, False, False, False, False, False, False, False, False, False, False, False, False, False, False, False, False, False, False, False, False, False, False, False, False, False, True, True, False, False, False, True, False, True, True, True, True, True, False, False, False, True, True, True, True, True, True, True, True]"
84,"[0, 0, 0, 0, 0, 0, 0, 0, 0, 0, 0, 0, 0, 0, 0, 0, 0, 0, 0, 0, 0, 0, 0, 0, 0, 0, 0, 0, 0, 0, 0, 0, 0, 0, 0, 0, 0, 0, 0, 0, 0, 0, 0, 0, 0, 0, 0, 0, 0, 0, 0, 0, 0, 0, 0, 0, 0, 0, 0, 0, 0, 0, 0, 0, 0, 0, 0, 0, 0, 0, 0, 0, 0, 0, 0, 0, 0, 0, 0, 0, 0, 0, 0, 0, 0, 0, 0, 0, 0, 0, 0, 0, 0, 0, 0, 2394.2787688359367, 0, 0, 0, 0, 0, 0, 1554.649748478609, 0, 514.1891307686467, 1121.86742445232, 0, 0, 0, 0, 844.7392923255, 495.47048770282555, 1459.7089616688797, 925.6689723222934, 2988.3069602640226, 1208.6783913782356, 1204.5568661876246, 884.1326637750533, 1235.3895160495777]","[0, 0, 0, 1, 1, 2, 2, 2, 3, 3, 3, 3, 3, 4, 4, 4, 4, 4, 4, 4, 5, 5, 5, 5, 6, 6, 6, 6, 6, 7, 7, 7, 7, 7, 8, 8, 8, 9, 9, 9, 9, 9, 9, 10, 10, 11, 11, 11, 11, 11, 12, 12, 12, 12, 13, 13, 13, 13, 14, 14, 14, 14, 15, 15, 15, 15, 15, 16, 16, 17, 17, 17, 17, 17, 18, 19, 19, 19, 19, 20, 20, 20, 21, 21, 21, 21, 22, 22, 22, 22, 22, 22, 22, 22, 22, 23, 23, 23, 24, 24, 24, 24, 24, 24, 25, 25, 25, 26, 26, 26, 26, 27, 27, 27, 28, 28, 28, 29, 29]","[1, 1, 1, 2, 2, 3, 3, 3, 4, 4, 4, 4, 4, 5, 5, 5, 7, 10, 8, 8, 10, 10, 10, 11, 13, 14, 14, 16, 16, 18, 18, 18, 20, 20, 22, 22, 23, 24, 28, 26, 25, 26, 31, 28, 28, 29, 30, 30, 33, 36, 35, 35, 37, 36, 36, 37, 37, 37, 40, 40, 44, 44, 43, 44, 44, 45, 46, 47, 49, 51, 51, 52, 52, 53, 53, 55, 55, 55, 57, 56, 57, 58, 58, 58, 59, 59, 59, 61, 61, 61, 64, 66, 67, 68, 68, 68, 69, 69, 69, 70, 71, 73, 74, 75, 75, 76, 76, 76, 77, 79, 79, 80, 80, 80, 80, 80, 80, 84, 84]","[7, 10, 13, 11, 7, 10, 10, 20, 8, 26, 8, 20, 14, 25, 14, 25, 18, 37, 18, 22, 37, 16, 25, 18, 22, 26, 16, 35, 23, 24, 41, 26, 36, 40, 44, 33, 30, 28, 36, 30, 35, 55, 35, 29, 37, 53, 36, 46, 55, 56, 55, 43, 60, 47, 48, 40, 44, 44, 51, 43, 59, 67, 59, 53, 51, 49, 58, 52, 56, 70, 75, 58, 57, 69, 57, 76, 59, 61, 77, 66, 61, 76, 65, 64, 73, 69, 69, 79, 75, 68, 68, 74, 80, 71, 84, -1, 80, 80, 76, -1, 80, 84, -1, -1, -1, -1, 80, 79, 80, -1, -1, -1, -1, -1, -1, -1, -1, -1, -1]","[0, 0, 0, 0, 0, 0, 0, 0, 0, 0, 0, 0, 0, 0, 0, 0, 0, 0, 0, 0, 0, 0, 0, 0, 0, 0, 0, 0, 0, 0, 0, 0, 0, 0, 0, 0, 0, 0, 0, 0, 0, 0, 0, 0, 0, 0, 0, 0, 0, 0, 0, 0, 0, 0, 0, 0, 0, 0, 0, 0, 0, 0, 0, 0, 0, 0, 0, 0, 0, 0, 0, 0, 0, 0, 0, 0, 0, 0, 0, 0, 0, 0, 0, 0, 0, 0, 0, 0, 0, 0, 0, 0, 0, 0, 0, 4029.0, 0, 0, 0, 4029.0, 0, 0, 1899.4804646220928, 4029.0, 859.0198469121306, 1973.1552791323477, 0, 0, 0, 1396.8052419752112, 1832.530450473632, 4029.0, 4029.0, 1270.4996884657771, 4029.0, 2196.4695495263677, 2055.8447208676525, 4029.0, 2632.194758024789]","[0, 0, 0, 0, 0, 0, 0, 0, 0, 0, 0, 0, 0, 0, 0, 0, 0, 0, 0, 0, 0, 0, 0, 0, 0, 0, 0, 0, 0, 0, 0, 0, 0, 0, 0, 0, 0, 0, 0, 0, 0, 0, 0, 0, 0, 0, 0, 0, 0, 0, 0, 0, 0, 0, 0, 0, 0, 0, 0, 0, 0, 0, 0, 0, 0, 0, 0, 0, 0, 0, 0, 0, 0, 0, 0, 0, 0, 0, 0, 0, 0, 0, 0, 0, 0, 0, 0, 0, 0, 0, 0, 0, 0, 0, 0, (100.6632, 0.009266666666666668, 0.010733333333333333), 0, 0, 0, (142.6062, 0.9389333333333333, 0.7352666666666667), 0, 0, (92.2746, 0.9142666666666668, 0.7324666666666667), (67.10826666666667, 0.0004, 0.0014666666666666665), (41.943, 0.0044666666666666665, 6.666666666666668e-05), (81.0898, 0.0, 0.001), 0, 0, 0, (0.0, 0.0046, 6.666666666666668e-05), (99.0902, 0.043, 0.015133333333333334), (0.0, 0.004666666666666667, 6.666666666666668e-05), (114.64386666666668, 0.0, 0.0011333333333333332), (95.0708, 0.5381333333333334, 0.44586666666666674), (0.0, 0.0, 0.0), (304.0866, 0.2961333333333333, 0.05726666666666666), (322.961, 0.0, 0.0), (128.62506666666664, 0.00046666666666666666, 0.0014), (267.736, 0.28726666666666667, 0.0504)]","[0, 0, 0, 0, 0, 0, 0, 0, 0, 0, 0, 0, 0, 0, 0, 0, 0, 0, 0, 0, 0, 0, 0, 0, 0, 0, 0, 0, 0, 0, 0, 0, 0, 0, 0, 0, 0, 0, 0, 0, 0, 0, 0, 0, 0, 0, 0, 0, 0, 0, 0, 0, 0, 0, 0, 0, 0, 0, 0, 0, 0, 0, 0, 0, 0, 0, 0, 0, 0, 0, 0, 0, 0, 0, 0, 0, 0, 0, 0, 0, 0, 0, 0, 0, 0, 0, 0, 0, 0, 0, 0, 0, 0, 0, 0, (2, 0.0, 0.002338888888888889), 0, 0, 0, (2, 0.0, 0.013844444444444444), 0, 0, (2, 0.0, 0.010216666666666666), (1, 0.0, 0.0005333333333333334), (2, 0.0, 0.0010444444444444444), (3, 0.0, 0.0), 0, 0, 0, (2, 0.0, 0.0012166666666666667), (1, 0.0, 0.05496666666666667), (2, 0.0, 0.0012722222222222221), (2, 0.0, 0.0006555555555555555), (1, 0.0, 0.0017277777777777773), (2, 0.0, 0.0), (1, 0.0, 0.0010444444444444444), (3, 0.007916666666666667, 0.003444444444444445), (2, 0.0705, 0.025599999999999998), (1, 0.0, 0.0011611111111111112)]","[-1, -1, -1, -1, -1, -1, -1, -1, -1, -1, -1, -1, -1, -1, -1, -1, -1, -1, -1, -1, -1, -1, -1, -1, -1, -1, -1, -1, -1, -1, -1, -1, -1, -1, -1, -1, -1, -1, -1, -1, -1, -1, -1, -1, -1, -1, -1, -1, -1, -1, -1, -1, -1, -1, -1, -1, -1, -1, -1, -1, -1, -1, -1, -1, -1, -1, -1, -1, -1, -1, -1, -1, -1, -1, -1, -1, -1, -1, -1, -1, -1, -1, -1, -1, -1, -1, -1, -1, -1, -1, -1, -1, -1, -1, -1, 5, -1, -1, -1, 13, -1, -1, 4, 7, 4, 14, -1, -1, -1, 6, 11, 15, 12, 4, 9, 11, 14, 10, 6]","[False, False, False, False, False, False, False, False, False, False, False, False, False, False, False, False, False, False, False, False, False, False, False, False, False, False, False, False, False, False, False, False, False, False, False, False, False, False, False, False, False, False, False, False, False, False, False, False, False, False, False, False, False, False, False, False, False, False, False, False, False, False, False, False, False, False, False, False, False, False, False, False, False, False, False, False, False, False, False, False, False, False, False, False, False, False, False, False, False, False, False, False, False, False, False, True, False, False, False, True, False, False, True, True, True, True, False, False, False, True, True, True, True, True, True, True, True, True, True]"
85,"[0, 0, 0, 0, 0, 0, 0, 0, 0, 0, 0, 0, 0, 0, 0, 0, 0, 0, 0, 0, 0, 0, 0, 0, 0, 0, 0, 0, 0, 0, 0, 0, 0, 0, 0, 0, 0, 0, 0, 0, 0, 0, 0, 0, 0, 0, 0, 0, 0, 0, 0, 0, 0, 0, 0, 0, 0, 0, 0, 0, 0, 0, 0, 0, 0, 0, 0, 0, 0, 0, 0, 0, 0, 0, 0, 0, 0, 0, 0, 0, 0, 0, 0, 0, 0, 0, 0, 0, 0, 0, 0, 0, 0, 0, 0, 2376.47743969961, 0, 0, 0, 0, 0, 0, 1560.5835261445573, 0, 507.5113498495734, 0, 0, 0, 0, 0, 814.6892779739999, 0, 845.5631180399, 934.5696355177, 3008.340303014396, 1225.3728442978247, 1252.0270875152155, 845.5631180399, 1235.3895160495777, 1147.5012037613078, 2006.6731654957287, 454.0891471920266]","[0, 0, 0, 1, 1, 2, 2, 2, 3, 3, 3, 3, 3, 4, 4, 4, 4, 4, 4, 4, 5, 5, 5, 5, 6, 6, 6, 6, 6, 7, 7, 7, 7, 7, 8, 8, 8, 9, 9, 9, 9, 9, 9, 10, 10, 11, 11, 11, 11, 11, 12, 12, 12, 12, 13, 13, 13, 13, 14, 14, 14, 14, 15, 15, 15, 15, 15, 16, 16, 17, 17, 17, 17, 17, 18, 19, 19, 19, 19, 20, 20, 20, 21, 21, 21, 21, 22, 22, 22, 22, 22, 22, 22, 22, 22, 23, 23, 23, 24, 24, 24, 24, 24, 24, 25, 25, 25, 26, 26, 26, 26, 27, 27, 27, 28, 28, 28, 29, 29, 29, 30, 30]","[1, 1, 1, 2, 2, 3, 3, 3, 4, 4, 4, 4, 4, 5, 5, 5, 7, 10, 8, 8, 10, 10, 10, 11, 13, 14, 14, 16, 16, 18, 18, 18, 20, 20, 22, 22, 23, 24, 28, 26, 25, 26, 31, 28, 28, 29, 30, 30, 33, 36, 35, 35, 37, 36, 36, 37, 37, 37, 40, 40, 44, 44, 43, 44, 44, 45, 46, 47, 49, 51, 51, 52, 52, 53, 53, 55, 55, 55, 57, 56, 57, 58, 58, 58, 59, 59, 59, 61, 61, 61, 64, 66, 67, 68, 68, 68, 69, 69, 69, 70, 71, 73, 74, 75, 75, 76, 76, 76, 77, 79, 79, 80, 80, 80, 80, 80, 80, 84, 84, 85, 85, 85]","[7, 10, 13, 11, 7, 10, 10, 20, 8, 26, 8, 20, 14, 25, 14, 25, 18, 37, 18, 22, 37, 16, 25, 18, 22, 26, 16, 35, 23, 24, 41, 26, 36, 40, 44, 33, 30, 28, 36, 30, 35, 55, 35, 29, 37, 53, 36, 46, 55, 56, 55, 43, 60, 47, 48, 40, 44, 44, 51, 43, 59, 67, 59, 53, 51, 49, 58, 52, 56, 70, 75, 58, 57, 69, 57, 76, 59, 61, 77, 66, 61, 76, 65, 64, 73, 69, 69, 79, 75, 68, 68, 74, 80, 71, 84, -1, 80, 80, 76, 85, 80, 84, -1, 85, -1, -1, 80, 79, 80, 85, -1, -1, -1, -1, -1, -1, -1, -1, -1, -1, -1, -1]","[0, 0, 0, 0, 0, 0, 0, 0, 0, 0, 0, 0, 0, 0, 0, 0, 0, 0, 0, 0, 0, 0, 0, 0, 0, 0, 0, 0, 0, 0, 0, 0, 0, 0, 0, 0, 0, 0, 0, 0, 0, 0, 0, 0, 0, 0, 0, 0, 0, 0, 0, 0, 0, 0, 0, 0, 0, 0, 0, 0, 0, 0, 0, 0, 0, 0, 0, 0, 0, 0, 0, 0, 0, 0, 0, 0, 0, 0, 0, 0, 0, 0, 0, 0, 0, 0, 0, 0, 0, 0, 0, 0, 0, 0, 0, 4029.0, 0, 0, 0, 0, 0, 0, 1902.6953556406136, 0, 849.6231793456298, 1388.4864562423923, 0, 0, 0, 0, 1809.1582168380876, 4029.0, 4029.0, 1276.6814650137565, 4029.0, 2219.8417831619126, 2640.5135437576077, 1433.9449762720856, 2058.444156144135, 1970.555843855865, 2595.055023727914, 4029.0]","[0, 0, 0, 0, 0, 0, 0, 0, 0, 0, 0, 0, 0, 0, 0, 0, 0, 0, 0, 0, 0, 0, 0, 0, 0, 0, 0, 0, 0, 0, 0, 0, 0, 0, 0, 0, 0, 0, 0, 0, 0, 0, 0, 0, 0, 0, 0, 0, 0, 0, 0, 0, 0, 0, 0, 0, 0, 0, 0, 0, 0, 0, 0, 0, 0, 0, 0, 0, 0, 0, 0, 0, 0, 0, 0, 0, 0, 0, 0, 0, 0, 0, 0, 0, 0, 0, 0, 0, 0, 0, 0, 0, 0, 0, 0, (117.4404, 0.0092, 0.0106), 0, 0, 0, 0, 0, 0, (134.2176, 0.8891333333333333, 0.7291333333333333), 0, (53.1278, 0.004533333333333333, 6.666666666666668e-05), (117.4404, 0.0, 0.001), 0, 0, 0, 0, (91.7496, 0.042133333333333335, 0.014666666666666665), (0.0, 0.0046, 6.666666666666668e-05), (92.27413333333331, 6.666666666666668e-05, 0.0013333333333333333), (92.2746, 0.5394, 0.44333333333333325), (0.0, 0.0, 0.0), (292.20259999999996, 0.28073333333333333, 0.056799999999999996), (301.98940000000005, 0.0, 0.0), (120.23626666666664, 0.0, 0.001066666666666667), (279.6198, 0.2951333333333333, 0.05206666666666667), (386.924, 1.3948666666666665, 0.0056), (306.18366666666674, 0.5942000000000001, 0.19193333333333337), (29.621666666666673, 4.1293999999999995, 4.1416)]","[0, 0, 0, 0, 0, 0, 0, 0, 0, 0, 0, 0, 0, 0, 0, 0, 0, 0, 0, 0, 0, 0, 0, 0, 0, 0, 0, 0, 0, 0, 0, 0, 0, 0, 0, 0, 0, 0, 0, 0, 0, 0, 0, 0, 0, 0, 0, 0, 0, 0, 0, 0, 0, 0, 0, 0, 0, 0, 0, 0, 0, 0, 0, 0, 0, 0, 0, 0, 0, 0, 0, 0, 0, 0, 0, 0, 0, 0, 0, 0, 0, 0, 0, 0, 0, 0, 0, 0, 0, 0, 0, 0, 0, 0, 0, (2, 0.0, 0.0023166666666666665), 0, 0, 0, 0, 0, 0, (2, 1.666666666666667e-05, 0.00786111111111111), 0, (2, 0.0, 0.001027777777777778), (3, 0.0, 0.0), 0, 0, 0, 0, (1, 0.0, 0.05646666666666667), (2, 0.0, 0.0012166666666666667), (2, 1.666666666666667e-05, 0.003455555555555556), (1, 0.0, 0.0022722222222222224), (2, 0.0, 0.0), (1, 0.0, 0.001027777777777778), (3, 0.00785, 0.003533333333333333), (2, 1.666666666666667e-05, 0.0006111111111111112), (1, 0.0, 0.0009000000000000001), (1, 0.0, 0.009683333333333334), (3, 0.011550000000000001, 0.43049444444444446), (3, 0.0, 1.6666666666666667e-05)]","[-1, -1, -1, -1, -1, -1, -1, -1, -1, -1, -1, -1, -1, -1, -1, -1, -1, -1, -1, -1, -1, -1, -1, -1, -1, -1, -1, -1, -1, -1, -1, -1, -1, -1, -1, -1, -1, -1, -1, -1, -1, -1, -1, -1, -1, -1, -1, -1, -1, -1, -1, -1, -1, -1, -1, -1, -1, -1, -1, -1, -1, -1, -1, -1, -1, -1, -1, -1, -1, -1, -1, -1, -1, -1, -1, -1, -1, -1, -1, -1, -1, -1, -1, -1, -1, -1, -1, -1, -1, -1, -1, -1, -1, -1, -1, 5, -1, -1, -1, -1, -1, -1, 4, -1, 4, 14, -1, -1, -1, -1, 11, 15, 12, 4, 9, 11, 14, 10, 6, 6, 10, 7]","[False, False, False, False, False, False, False, False, False, False, False, False, False, False, False, False, False, False, False, False, False, False, False, False, False, False, False, False, False, False, False, False, False, False, False, False, False, False, False, False, False, False, False, False, False, False, False, False, False, False, False, False, False, False, False, False, False, False, False, False, False, False, False, False, False, False, False, False, False, False, False, False, False, False, False, False, False, False, False, False, False, False, False, False, False, False, False, False, False, False, False, False, False, False, False, True, False, False, False, False, False, False, True, False, True, True, False, False, False, False, True, True, True, True, True, True, True, True, True, True, True, True]"
86,"[0, 0, 0, 0, 0, 0, 0, 0, 0, 0, 0, 0, 0, 0, 0, 0, 0, 0, 0, 0, 0, 0, 0, 0, 0, 0, 0, 0, 0, 0, 0, 0, 0, 0, 0, 0, 0, 0, 0, 0, 0, 0, 0, 0, 0, 0, 0, 0, 0, 0, 0, 0, 0, 0, 0, 0, 0, 0, 0, 0, 0, 0, 0, 0, 0, 0, 0, 0, 0, 0, 0, 0, 0, 0, 0, 0, 0, 0, 0, 0, 0, 0, 0, 0, 0, 0, 0, 0, 0, 0, 0, 0, 0, 0, 0, 2382.4112160783857, 0, 0, 0, 0, 0, 0, 1530.9146378148132, 0, 510.85024030910995, 0, 0, 0, 0, 0, 918.1948829624997, 0, 0, 1284.662387870362, 3068.4403312655163, 1228.7117348817424, 1225.3250880184453, 809.96046043822, 1128.5450173642087, 925.6692288098378, 1352.2506356501997, 1315.5229705416066, 1646.6233023008167]","[0, 0, 0, 1, 1, 2, 2, 2, 3, 3, 3, 3, 3, 4, 4, 4, 4, 4, 4, 4, 5, 5, 5, 5, 6, 6, 6, 6, 6, 7, 7, 7, 7, 7, 8, 8, 8, 9, 9, 9, 9, 9, 9, 10, 10, 11, 11, 11, 11, 11, 12, 12, 12, 12, 13, 13, 13, 13, 14, 14, 14, 14, 15, 15, 15, 15, 15, 16, 16, 17, 17, 17, 17, 17, 18, 19, 19, 19, 19, 20, 20, 20, 21, 21, 21, 21, 22, 22, 22, 22, 22, 22, 22, 22, 22, 23, 23, 23, 24, 24, 24, 24, 24, 24, 25, 25, 25, 26, 26, 26, 26, 27, 27, 27, 28, 28, 28, 29, 29, 29, 30, 30, 30]","[1, 1, 1, 2, 2, 3, 3, 3, 4, 4, 4, 4, 4, 5, 5, 5, 7, 10, 8, 8, 10, 10, 10, 11, 13, 14, 14, 16, 16, 18, 18, 18, 20, 20, 22, 22, 23, 24, 28, 26, 25, 26, 31, 28, 28, 29, 30, 30, 33, 36, 35, 35, 37, 36, 36, 37, 37, 37, 40, 40, 44, 44, 43, 44, 44, 45, 46, 47, 49, 51, 51, 52, 52, 53, 53, 55, 55, 55, 57, 56, 57, 58, 58, 58, 59, 59, 59, 61, 61, 61, 64, 66, 67, 68, 68, 68, 69, 69, 69, 70, 71, 73, 74, 75, 75, 76, 76, 76, 77, 79, 79, 80, 80, 80, 80, 80, 80, 84, 84, 85, 85, 85, 86]","[7, 10, 13, 11, 7, 10, 10, 20, 8, 26, 8, 20, 14, 25, 14, 25, 18, 37, 18, 22, 37, 16, 25, 18, 22, 26, 16, 35, 23, 24, 41, 26, 36, 40, 44, 33, 30, 28, 36, 30, 35, 55, 35, 29, 37, 53, 36, 46, 55, 56, 55, 43, 60, 47, 48, 40, 44, 44, 51, 43, 59, 67, 59, 53, 51, 49, 58, 52, 56, 70, 75, 58, 57, 69, 57, 76, 59, 61, 77, 66, 61, 76, 65, 64, 73, 69, 69, 79, 75, 68, 68, 74, 80, 71, 84, -1, 80, 80, 76, 85, 80, 84, -1, 85, -1, 86, 80, 79, 80, 85, -1, 86, -1, -1, -1, -1, -1, -1, -1, -1, -1, -1, -1]","[0, 0, 0, 0, 0, 0, 0, 0, 0, 0, 0, 0, 0, 0, 0, 0, 0, 0, 0, 0, 0, 0, 0, 0, 0, 0, 0, 0, 0, 0, 0, 0, 0, 0, 0, 0, 0, 0, 0, 0, 0, 0, 0, 0, 0, 0, 0, 0, 0, 0, 0, 0, 0, 0, 0, 0, 0, 0, 0, 0, 0, 0, 0, 0, 0, 0, 0, 0, 0, 0, 0, 0, 0, 0, 0, 0, 0, 0, 0, 0, 0, 0, 0, 0, 0, 0, 0, 0, 0, 0, 0, 0, 0, 0, 0, 4029.0, 0, 0, 0, 0, 0, 0, 1765.1055491500515, 0, 745.0411516443481, 0, 0, 0, 0, 0, 1859.2415740403785, 0, 4029.0, 1518.8532992056003, 4029.0, 2169.7584259596215, 4029.0, 1743.3549123940102, 2115.9378942771855, 1913.0621057228145, 2285.64508760599, 4029.0, 4029.0]","[0, 0, 0, 0, 0, 0, 0, 0, 0, 0, 0, 0, 0, 0, 0, 0, 0, 0, 0, 0, 0, 0, 0, 0, 0, 0, 0, 0, 0, 0, 0, 0, 0, 0, 0, 0, 0, 0, 0, 0, 0, 0, 0, 0, 0, 0, 0, 0, 0, 0, 0, 0, 0, 0, 0, 0, 0, 0, 0, 0, 0, 0, 0, 0, 0, 0, 0, 0, 0, 0, 0, 0, 0, 0, 0, 0, 0, 0, 0, 0, 0, 0, 0, 0, 0, 0, 0, 0, 0, 0, 0, 0, 0, 0, 0, (134.2176, 0.0092, 0.010733333333333333), 0, 0, 0, 0, 0, 0, (120.23660000000001, 0.8804666666666667, 0.7153333333333335), 0, (100.6632, 0.0044666666666666665, 0.00013333333333333334), 0, 0, 0, 0, 0, (88.0798, 0.027533333333333333, 0.014933333333333335), 0, (76.89526666666666, 0.0, 0.001), (226.49220000000003, 0.5299333333333333, 0.43666666666666676), (0.0, 0.0, 0.0), (276.8236, 0.27726666666666666, 0.054666666666666655), (328.5532, 0.0, 0.0), (72.7008, 6.666666666666668e-05, 0.0015333333333333334), (271.93059999999997, 0.26839999999999997, 0.0528), (349.1754, 0.6480666666666667, 0.003466666666666667), (281.018, 0.42160000000000003, 0.13533333333333333), (29.53446666666667, 12.107333333333337, 12.139266666666664), (125.829, 0.9397333333333332, 0.7602666666666668)]","[0, 0, 0, 0, 0, 0, 0, 0, 0, 0, 0, 0, 0, 0, 0, 0, 0, 0, 0, 0, 0, 0, 0, 0, 0, 0, 0, 0, 0, 0, 0, 0, 0, 0, 0, 0, 0, 0, 0, 0, 0, 0, 0, 0, 0, 0, 0, 0, 0, 0, 0, 0, 0, 0, 0, 0, 0, 0, 0, 0, 0, 0, 0, 0, 0, 0, 0, 0, 0, 0, 0, 0, 0, 0, 0, 0, 0, 0, 0, 0, 0, 0, 0, 0, 0, 0, 0, 0, 0, 0, 0, 0, 0, 0, 0, (2, 0.0, 0.002361111111111111), 0, 0, 0, 0, 0, 0, (2, 5e-05, 0.008244444444444445), 0, (2, 0.0, 0.001077777777777778), 0, 0, 0, 0, 0, (1, 0.0, 0.05538333333333333), 0, (2, 0.0, 0.0005055555555555555), (1, 0.0007666666666666667, 0.00215), (2, 0.0, 0.0), (1, 0.0, 0.0013833333333333334), (3, 0.007816666666666666, 0.003527777777777778), (2, 0.0, 0.0005666666666666668), (1, 0.0, 0.00115), (1, 0.0, 0.00023333333333333333), (3, 1.666666666666667e-05, 0.2272388888888889), (3, 0.0, 1.6666666666666667e-05), (2, 0.0, 0.009888888888888888)]","[-1, -1, -1, -1, -1, -1, -1, -1, -1, -1, -1, -1, -1, -1, -1, -1, -1, -1, -1, -1, -1, -1, -1, -1, -1, -1, -1, -1, -1, -1, -1, -1, -1, -1, -1, -1, -1, -1, -1, -1, -1, -1, -1, -1, -1, -1, -1, -1, -1, -1, -1, -1, -1, -1, -1, -1, -1, -1, -1, -1, -1, -1, -1, -1, -1, -1, -1, -1, -1, -1, -1, -1, -1, -1, -1, -1, -1, -1, -1, -1, -1, -1, -1, -1, -1, -1, -1, -1, -1, -1, -1, -1, -1, -1, -1, 5, -1, -1, -1, -1, -1, -1, 4, -1, 4, -1, -1, -1, -1, -1, 11, -1, 12, 4, 9, 11, 14, 10, 6, 6, 10, 7, 15]","[False, False, False, False, False, False, False, False, False, False, False, False, False, False, False, False, False, False, False, False, False, False, False, False, False, False, False, False, False, False, False, False, False, False, False, False, False, False, False, False, False, False, False, False, False, False, False, False, False, False, False, False, False, False, False, False, False, False, False, False, False, False, False, False, False, False, False, False, False, False, False, False, False, False, False, False, False, False, False, False, False, False, False, False, False, False, False, False, False, False, False, False, False, False, False, True, False, False, False, False, False, False, True, False, True, False, False, False, False, False, True, False, True, True, True, True, True, True, True, True, True, True, True]"
87,"[0, 0, 0, 0, 0, 0, 0, 0, 0, 0, 0, 0, 0, 0, 0, 0, 0, 0, 0, 0, 0, 0, 0, 0, 0, 0, 0, 0, 0, 0, 0, 0, 0, 0, 0, 0, 0, 0, 0, 0, 0, 0, 0, 0, 0, 0, 0, 0, 0, 0, 0, 0, 0, 0, 0, 0, 0, 0, 0, 0, 0, 0, 0, 0, 0, 0, 0, 0, 0, 0, 0, 0, 0, 0, 0, 0, 0, 0, 0, 0, 0, 0, 0, 0, 0, 0, 0, 0, 0, 0, 0, 0, 0, 0, 0, 0, 0, 0, 0, 0, 0, 0, 1572.4510814764558, 0, 510.85024030910995, 0, 0, 0, 0, 0, 0, 0, 0, 931.6027477858978, 3021.6958648479776, 1318.8617806475224, 1254.9939763481898, 1317.2983312621604, 1135.2227985320444, 1237.8771935563511, 1409.0117734429248, 1135.2228679800667, 1622.8881916370212]","[0, 0, 0, 1, 1, 2, 2, 2, 3, 3, 3, 3, 3, 4, 4, 4, 4, 4, 4, 4, 5, 5, 5, 5, 6, 6, 6, 6, 6, 7, 7, 7, 7, 7, 8, 8, 8, 9, 9, 9, 9, 9, 9, 10, 10, 11, 11, 11, 11, 11, 12, 12, 12, 12, 13, 13, 13, 13, 14, 14, 14, 14, 15, 15, 15, 15, 15, 16, 16, 17, 17, 17, 17, 17, 18, 19, 19, 19, 19, 20, 20, 20, 21, 21, 21, 21, 22, 22, 22, 22, 22, 22, 22, 22, 22, 23, 23, 23, 24, 24, 24, 24, 24, 24, 25, 25, 25, 26, 26, 26, 26, 27, 27, 27, 28, 28, 28, 29, 29, 29, 30, 30, 30]","[1, 1, 1, 2, 2, 3, 3, 3, 4, 4, 4, 4, 4, 5, 5, 5, 7, 10, 8, 8, 10, 10, 10, 11, 13, 14, 14, 16, 16, 18, 18, 18, 20, 20, 22, 22, 23, 24, 28, 26, 25, 26, 31, 28, 28, 29, 30, 30, 33, 36, 35, 35, 37, 36, 36, 37, 37, 37, 40, 40, 44, 44, 43, 44, 44, 45, 46, 47, 49, 51, 51, 52, 52, 53, 53, 55, 55, 55, 57, 56, 57, 58, 58, 58, 59, 59, 59, 61, 61, 61, 64, 66, 67, 68, 68, 68, 69, 69, 69, 70, 71, 73, 74, 75, 75, 76, 76, 76, 77, 79, 79, 80, 80, 80, 80, 80, 80, 84, 84, 85, 85, 85, 86]","[7, 10, 13, 11, 7, 10, 10, 20, 8, 26, 8, 20, 14, 25, 14, 25, 18, 37, 18, 22, 37, 16, 25, 18, 22, 26, 16, 35, 23, 24, 41, 26, 36, 40, 44, 33, 30, 28, 36, 30, 35, 55, 35, 29, 37, 53, 36, 46, 55, 56, 55, 43, 60, 47, 48, 40, 44, 44, 51, 43, 59, 67, 59, 53, 51, 49, 58, 52, 56, 70, 75, 58, 57, 69, 57, 76, 59, 61, 77, 66, 61, 76, 65, 64, 73, 69, 69, 79, 75, 68, 68, 74, 80, 71, 84, -1, 80, 80, 76, 85, 80, 84, -1, 85, -1, 86, 80, 79, 80, 85, -1, 86, 87, -1, -1, -1, -1, -1, -1, -1, -1, -1, -1]","[0, 0, 0, 0, 0, 0, 0, 0, 0, 0, 0, 0, 0, 0, 0, 0, 0, 0, 0, 0, 0, 0, 0, 0, 0, 0, 0, 0, 0, 0, 0, 0, 0, 0, 0, 0, 0, 0, 0, 0, 0, 0, 0, 0, 0, 0, 0, 0, 0, 0, 0, 0, 0, 0, 0, 0, 0, 0, 0, 0, 0, 0, 0, 0, 0, 0, 0, 0, 0, 0, 0, 0, 0, 0, 0, 0, 0, 0, 0, 0, 0, 0, 0, 0, 0, 0, 0, 0, 0, 0, 0, 0, 0, 0, 0, 4029.0, 0, 0, 0, 0, 0, 0, 1910.483058285968, 0, 848.8822171186221, 0, 0, 0, 0, 0, 1355.069109676239, 0, 0, 1269.6347245954098, 4029.0, 2673.9308903237616, 4029.0, 1968.643278909618, 1963.1728024878466, 2065.8271975121534, 2060.356721090382, 4029.0, 4029.0]","[0, 0, 0, 0, 0, 0, 0, 0, 0, 0, 0, 0, 0, 0, 0, 0, 0, 0, 0, 0, 0, 0, 0, 0, 0, 0, 0, 0, 0, 0, 0, 0, 0, 0, 0, 0, 0, 0, 0, 0, 0, 0, 0, 0, 0, 0, 0, 0, 0, 0, 0, 0, 0, 0, 0, 0, 0, 0, 0, 0, 0, 0, 0, 0, 0, 0, 0, 0, 0, 0, 0, 0, 0, 0, 0, 0, 0, 0, 0, 0, 0, 0, 0, 0, 0, 0, 0, 0, 0, 0, 0, 0, 0, 0, 0, (268.4352, 0.009333333333333334, 0.0104), 0, 0, 0, 0, 0, 0, (117.4404, 0.9407333333333332, 0.7398666666666667), 0, (95.0708, 0.0044666666666666665, 0.00013333333333333334), 0, 0, 0, 0, 0, (90.70139999999999, 0.0224, 0.014266666666666667), 0, 0, (204.1226, 0.5370666666666667, 0.4422), (0.0, 0.0, 0.0), (332.04866666666675, 0.30326666666666663, 0.05866666666666666), (282.41606666666667, 0.0, 0.0), (75.49706666666667, 0.0, 0.001066666666666667), (277.5227333333333, 0.25306666666666666, 0.0498), (320.86379999999997, 0.6452, 0.0048), (255.852, 0.49213333333333326, 0.15953333333333333), (31.3258, 10.272666666666666, 10.300266666666666), (139.81, 0.972, 0.7780666666666667)]","[0, 0, 0, 0, 0, 0, 0, 0, 0, 0, 0, 0, 0, 0, 0, 0, 0, 0, 0, 0, 0, 0, 0, 0, 0, 0, 0, 0, 0, 0, 0, 0, 0, 0, 0, 0, 0, 0, 0, 0, 0, 0, 0, 0, 0, 0, 0, 0, 0, 0, 0, 0, 0, 0, 0, 0, 0, 0, 0, 0, 0, 0, 0, 0, 0, 0, 0, 0, 0, 0, 0, 0, 0, 0, 0, 0, 0, 0, 0, 0, 0, 0, 0, 0, 0, 0, 0, 0, 0, 0, 0, 0, 0, 0, 0, (2, 0.0, 0.0024055555555555557), 0, 0, 0, 0, 0, 0, (2, 0.0, 0.011944444444444445), 0, (2, 0.0, 0.0011055555555555554), 0, 0, 0, 0, 0, (1, 0.0, 0.05278888888888889), 0, 0, (1, 0.0, 0.004783333333333333), (2, 0.0, 0.0), (1, 0.0, 0.0009222222222222221), (3, 0.00675, 0.003411111111111111), (2, 1.666666666666667e-05, 0.0007), (1, 0.0, 0.001172222222222222), (1, 0.0, 0.0002222222222222222), (3, 8.333333333333333e-05, 0.28617777777777775), (3, 0.0, 4.4444444444444447e-05), (2, 0.0, 0.011461111111111111)]","[-1, -1, -1, -1, -1, -1, -1, -1, -1, -1, -1, -1, -1, -1, -1, -1, -1, -1, -1, -1, -1, -1, -1, -1, -1, -1, -1, -1, -1, -1, -1, -1, -1, -1, -1, -1, -1, -1, -1, -1, -1, -1, -1, -1, -1, -1, -1, -1, -1, -1, -1, -1, -1, -1, -1, -1, -1, -1, -1, -1, -1, -1, -1, -1, -1, -1, -1, -1, -1, -1, -1, -1, -1, -1, -1, -1, -1, -1, -1, -1, -1, -1, -1, -1, -1, -1, -1, -1, -1, -1, -1, -1, -1, -1, -1, 5, -1, -1, -1, -1, -1, -1, 4, -1, 4, -1, -1, -1, -1, -1, 11, -1, -1, 4, 9, 11, 14, 10, 6, 6, 10, 7, 15]","[False, False, False, False, False, False, False, False, False, False, False, False, False, False, False, False, False, False, False, False, False, False, False, False, False, False, False, False, False, False, False, False, False, False, False, False, False, False, False, False, False, False, False, False, False, False, False, False, False, False, False, False, False, False, False, False, False, False, False, False, False, False, False, False, False, False, False, False, False, False, False, False, False, False, False, False, False, False, False, False, False, False, False, False, False, False, False, False, False, False, False, False, False, False, False, True, False, False, False, False, False, False, True, False, True, False, False, False, False, False, True, False, False, True, True, True, True, True, True, True, True, True, True]"
88,"[0, 0, 0, 0, 0, 0, 0, 0, 0, 0, 0, 0, 0, 0, 0, 0, 0, 0, 0, 0, 0, 0, 0, 0, 0, 0, 0, 0, 0, 0, 0, 0, 0, 0, 0, 0, 0, 0, 0, 0, 0, 0, 0, 0, 0, 0, 0, 0, 0, 0, 0, 0, 0, 0, 0, 0, 0, 0, 0, 0, 0, 0, 0, 0, 0, 0, 0, 0, 0, 0, 0, 0, 0, 0, 0, 0, 0, 0, 0, 0, 0, 0, 0, 0, 0, 0, 0, 0, 0, 0, 0, 0, 0, 0, 0, 0, 0, 0, 0, 0, 0, 0, 1560.5835261445573, 0, 0, 0, 0, 0, 0, 0, 0, 0, 0, 937.5365232495022, 2894.8180274289466, 1228.7117348817424, 1320.2655306736276, 1459.7089616688797, 1208.6783913782356, 1317.298517921692, 1816.3564093671823, 1145.2395403445964, 1578.3848591424044, 2240.395480738335, 2006.6731654957287, 599.3113997345512, 2240.395480738335]","[0, 0, 0, 1, 1, 2, 2, 2, 3, 3, 3, 3, 3, 4, 4, 4, 4, 4, 4, 4, 5, 5, 5, 5, 6, 6, 6, 6, 6, 7, 7, 7, 7, 7, 8, 8, 8, 9, 9, 9, 9, 9, 9, 10, 10, 11, 11, 11, 11, 11, 12, 12, 12, 12, 13, 13, 13, 13, 14, 14, 14, 14, 15, 15, 15, 15, 15, 16, 16, 17, 17, 17, 17, 17, 18, 19, 19, 19, 19, 20, 20, 20, 21, 21, 21, 21, 22, 22, 22, 22, 22, 22, 22, 22, 22, 23, 23, 23, 24, 24, 24, 24, 24, 24, 25, 25, 25, 26, 26, 26, 26, 27, 27, 27, 28, 28, 28, 29, 29, 29, 30, 30, 30, 30, 30, 31, 31]","[1, 1, 1, 2, 2, 3, 3, 3, 4, 4, 4, 4, 4, 5, 5, 5, 7, 10, 8, 8, 10, 10, 10, 11, 13, 14, 14, 16, 16, 18, 18, 18, 20, 20, 22, 22, 23, 24, 28, 26, 25, 26, 31, 28, 28, 29, 30, 30, 33, 36, 35, 35, 37, 36, 36, 37, 37, 37, 40, 40, 44, 44, 43, 44, 44, 45, 46, 47, 49, 51, 51, 52, 52, 53, 53, 55, 55, 55, 57, 56, 57, 58, 58, 58, 59, 59, 59, 61, 61, 61, 64, 66, 67, 68, 68, 68, 69, 69, 69, 70, 71, 73, 74, 75, 75, 76, 76, 76, 77, 79, 79, 80, 80, 80, 80, 80, 80, 84, 84, 85, 85, 85, 86, 88, 88, 88, 88]","[7, 10, 13, 11, 7, 10, 10, 20, 8, 26, 8, 20, 14, 25, 14, 25, 18, 37, 18, 22, 37, 16, 25, 18, 22, 26, 16, 35, 23, 24, 41, 26, 36, 40, 44, 33, 30, 28, 36, 30, 35, 55, 35, 29, 37, 53, 36, 46, 55, 56, 55, 43, 60, 47, 48, 40, 44, 44, 51, 43, 59, 67, 59, 53, 51, 49, 58, 52, 56, 70, 75, 58, 57, 69, 57, 76, 59, 61, 77, 66, 61, 76, 65, 64, 73, 69, 69, 79, 75, 68, 68, 74, 80, 71, 84, 88, 80, 80, 76, 85, 80, 84, -1, 85, -1, 86, 80, 79, 80, 85, 88, 86, 87, -1, -1, -1, -1, -1, -1, -1, -1, -1, -1, -1, -1, -1, -1]","[0, 0, 0, 0, 0, 0, 0, 0, 0, 0, 0, 0, 0, 0, 0, 0, 0, 0, 0, 0, 0, 0, 0, 0, 0, 0, 0, 0, 0, 0, 0, 0, 0, 0, 0, 0, 0, 0, 0, 0, 0, 0, 0, 0, 0, 0, 0, 0, 0, 0, 0, 0, 0, 0, 0, 0, 0, 0, 0, 0, 0, 0, 0, 0, 0, 0, 0, 0, 0, 0, 0, 0, 0, 0, 0, 0, 0, 0, 0, 0, 0, 0, 0, 0, 0, 0, 0, 0, 0, 0, 0, 0, 0, 0, 0, 0, 0, 0, 0, 0, 0, 0, 2070.876843013204, 0, 510.2933168686468, 0, 0, 0, 0, 0, 0, 0, 0, 1447.8298401181491, 4029.0, 1508.6581270717036, 1671.2961825889495, 1836.1762761508487, 1509.915621700076, 1618.5357482435325, 2192.823723849151, 4029.0, 4029.0, 2520.3418729282967, 2357.7038174110503, 900.5486300563915, 4029.0]","[0, 0, 0, 0, 0, 0, 0, 0, 0, 0, 0, 0, 0, 0, 0, 0, 0, 0, 0, 0, 0, 0, 0, 0, 0, 0, 0, 0, 0, 0, 0, 0, 0, 0, 0, 0, 0, 0, 0, 0, 0, 0, 0, 0, 0, 0, 0, 0, 0, 0, 0, 0, 0, 0, 0, 0, 0, 0, 0, 0, 0, 0, 0, 0, 0, 0, 0, 0, 0, 0, 0, 0, 0, 0, 0, 0, 0, 0, 0, 0, 0, 0, 0, 0, 0, 0, 0, 0, 0, 0, 0, 0, 0, 0, 0, 0, 0, 0, 0, 0, 0, 0, (142.6062, 0.9389333333333333, 0.7352666666666667), 0, (30.758200000000002, 0.0046, 6.666666666666668e-05), 0, 0, 0, 0, 0, 0, 0, 0, (131.4214, 0.5352666666666668, 0.49666666666666676), (0.0, 0.0, 0.0), (318.06759999999997, 0.2734, 0.057466666666666666), (459.97486666666657, 0.0, 0.0), (114.64386666666668, 0.0, 0.0011333333333333332), (304.0866, 0.2961333333333333, 0.05726666666666666), (301.98920000000004, 0.6321333333333333, 0.005666666666666668), (226.49179999999998, 0.6, 0.19540000000000002), (31.238400000000002, 10.958333333333334, 10.986266666666667), (184.5492, 0.9548666666666666, 0.7652666666666668), (973.0777333333333, 0.10640000000000001, 0.744), (306.18366666666674, 0.5942000000000001, 0.19193333333333337), (0.0, 0.004733333333333333, 0.00013333333333333334), (973.0777333333333, 0.10640000000000001, 0.744)]","[0, 0, 0, 0, 0, 0, 0, 0, 0, 0, 0, 0, 0, 0, 0, 0, 0, 0, 0, 0, 0, 0, 0, 0, 0, 0, 0, 0, 0, 0, 0, 0, 0, 0, 0, 0, 0, 0, 0, 0, 0, 0, 0, 0, 0, 0, 0, 0, 0, 0, 0, 0, 0, 0, 0, 0, 0, 0, 0, 0, 0, 0, 0, 0, 0, 0, 0, 0, 0, 0, 0, 0, 0, 0, 0, 0, 0, 0, 0, 0, 0, 0, 0, 0, 0, 0, 0, 0, 0, 0, 0, 0, 0, 0, 0, 0, 0, 0, 0, 0, 0, 0, (2, 0.0, 0.013844444444444444), 0, (2, 0.0, 0.00105), 0, 0, 0, 0, 0, 0, 0, 0, (1, 1.666666666666667e-05, 0.0021166666666666664), (2, 0.0, 0.0), (1, 0.0, 0.0007888888888888889), (3, 0.0192, 0.013244444444444444), (2, 0.0, 0.0006555555555555555), (1, 0.0, 0.0010444444444444444), (1, 0.0, 0.00025), (3, 0.00016666666666666666, 0.37338333333333334), (3, 0.0, 2.2222222222222223e-05), (2, 1.666666666666667e-05, 0.010605555555555557), (3, 0.0, 0.025061111111111114), (3, 0.011550000000000001, 0.43049444444444446), (3, 0.0, 0.0014222222222222223), (3, 0.0, 0.025061111111111114)]","[-1, -1, -1, -1, -1, -1, -1, -1, -1, -1, -1, -1, -1, -1, -1, -1, -1, -1, -1, -1, -1, -1, -1, -1, -1, -1, -1, -1, -1, -1, -1, -1, -1, -1, -1, -1, -1, -1, -1, -1, -1, -1, -1, -1, -1, -1, -1, -1, -1, -1, -1, -1, -1, -1, -1, -1, -1, -1, -1, -1, -1, -1, -1, -1, -1, -1, -1, -1, -1, -1, -1, -1, -1, -1, -1, -1, -1, -1, -1, -1, -1, -1, -1, -1, -1, -1, -1, -1, -1, -1, -1, -1, -1, -1, -1, -1, -1, -1, -1, -1, -1, -1, 4, -1, 4, -1, -1, -1, -1, -1, -1, -1, -1, 4, 9, 11, 14, 10, 6, 6, 10, 7, 15, 11, 14, 6, 5]","[False, False, False, False, False, False, False, False, False, False, False, False, False, False, False, False, False, False, False, False, False, False, False, False, False, False, False, False, False, False, False, False, False, False, False, False, False, False, False, False, False, False, False, False, False, False, False, False, False, False, False, False, False, False, False, False, False, False, False, False, False, False, False, False, False, False, False, False, False, False, False, False, False, False, False, False, False, False, False, False, False, False, False, False, False, False, False, False, False, False, False, False, False, False, False, False, False, False, False, False, False, False, True, False, True, False, False, False, False, False, False, False, False, True, True, True, True, True, True, True, True, True, True, True, True, True, True]"
89,"[0, 0, 0, 0, 0, 0, 0, 0, 0, 0, 0, 0, 0, 0, 0, 0, 0, 0, 0, 0, 0, 0, 0, 0, 0, 0, 0, 0, 0, 0, 0, 0, 0, 0, 0, 0, 0, 0, 0, 0, 0, 0, 0, 0, 0, 0, 0, 0, 0, 0, 0, 0, 0, 0, 0, 0, 0, 0, 0, 0, 0, 0, 0, 0, 0, 0, 0, 0, 0, 0, 0, 0, 0, 0, 0, 0, 0, 0, 0, 0, 0, 0, 0, 0, 0, 0, 0, 0, 0, 0, 0, 0, 0, 0, 0, 0, 0, 0, 0, 0, 0, 0, 1554.649748478609, 0, 0, 0, 0, 0, 0, 0, 0, 0, 0, 940.5034109813047, 3151.912592725404, 1175.2894855390578, 1269.8284205130622, 845.5631180399, 1225.3728442978247, 1309.0825188494155, 2230.3788262082307, 1218.6951376844836, 1622.8881916370212, 1332.217282883153, 1352.2506356501997, 620.0796165570354, 1332.217282883153, 2251.868135745323]","[0, 0, 0, 1, 1, 2, 2, 2, 3, 3, 3, 3, 3, 4, 4, 4, 4, 4, 4, 4, 5, 5, 5, 5, 6, 6, 6, 6, 6, 7, 7, 7, 7, 7, 8, 8, 8, 9, 9, 9, 9, 9, 9, 10, 10, 11, 11, 11, 11, 11, 12, 12, 12, 12, 13, 13, 13, 13, 14, 14, 14, 14, 15, 15, 15, 15, 15, 16, 16, 17, 17, 17, 17, 17, 18, 19, 19, 19, 19, 20, 20, 20, 21, 21, 21, 21, 22, 22, 22, 22, 22, 22, 22, 22, 22, 23, 23, 23, 24, 24, 24, 24, 24, 24, 25, 25, 25, 26, 26, 26, 26, 27, 27, 27, 28, 28, 28, 29, 29, 29, 30, 30, 30, 30, 30, 31, 31, 31]","[1, 1, 1, 2, 2, 3, 3, 3, 4, 4, 4, 4, 4, 5, 5, 5, 7, 10, 8, 8, 10, 10, 10, 11, 13, 14, 14, 16, 16, 18, 18, 18, 20, 20, 22, 22, 23, 24, 28, 26, 25, 26, 31, 28, 28, 29, 30, 30, 33, 36, 35, 35, 37, 36, 36, 37, 37, 37, 40, 40, 44, 44, 43, 44, 44, 45, 46, 47, 49, 51, 51, 52, 52, 53, 53, 55, 55, 55, 57, 56, 57, 58, 58, 58, 59, 59, 59, 61, 61, 61, 64, 66, 67, 68, 68, 68, 69, 69, 69, 70, 71, 73, 74, 75, 75, 76, 76, 76, 77, 79, 79, 80, 80, 80, 80, 80, 80, 84, 84, 85, 85, 85, 86, 88, 88, 88, 88, 89]","[7, 10, 13, 11, 7, 10, 10, 20, 8, 26, 8, 20, 14, 25, 14, 25, 18, 37, 18, 22, 37, 16, 25, 18, 22, 26, 16, 35, 23, 24, 41, 26, 36, 40, 44, 33, 30, 28, 36, 30, 35, 55, 35, 29, 37, 53, 36, 46, 55, 56, 55, 43, 60, 47, 48, 40, 44, 44, 51, 43, 59, 67, 59, 53, 51, 49, 58, 52, 56, 70, 75, 58, 57, 69, 57, 76, 59, 61, 77, 66, 61, 76, 65, 64, 73, 69, 69, 79, 75, 68, 68, 74, 80, 71, 84, 88, 80, 80, 76, 85, 80, 84, -1, 85, 89, 86, 80, 79, 80, 85, 88, 86, 87, -1, -1, -1, -1, -1, -1, -1, -1, -1, -1, -1, -1, -1, -1, -1]","[0, 0, 0, 0, 0, 0, 0, 0, 0, 0, 0, 0, 0, 0, 0, 0, 0, 0, 0, 0, 0, 0, 0, 0, 0, 0, 0, 0, 0, 0, 0, 0, 0, 0, 0, 0, 0, 0, 0, 0, 0, 0, 0, 0, 0, 0, 0, 0, 0, 0, 0, 0, 0, 0, 0, 0, 0, 0, 0, 0, 0, 0, 0, 0, 0, 0, 0, 0, 0, 0, 0, 0, 0, 0, 0, 0, 0, 0, 0, 0, 0, 0, 0, 0, 0, 0, 0, 0, 0, 0, 0, 0, 0, 0, 0, 0, 0, 0, 0, 0, 0, 0, 2321.5731687486523, 0, 0, 0, 0, 0, 0, 0, 0, 0, 0, 1707.4268312513477, 4029.0, 1936.0361013279523, 1973.2888924314311, 1322.0921459158346, 1516.8611843963995, 1600.5708589479902, 2706.9078540841656, 4029.0, 1700.010027945849, 2092.9638986720474, 2055.711107568569, 911.5679566556103, 4029.0, 2328.9899720541507]","[0, 0, 0, 0, 0, 0, 0, 0, 0, 0, 0, 0, 0, 0, 0, 0, 0, 0, 0, 0, 0, 0, 0, 0, 0, 0, 0, 0, 0, 0, 0, 0, 0, 0, 0, 0, 0, 0, 0, 0, 0, 0, 0, 0, 0, 0, 0, 0, 0, 0, 0, 0, 0, 0, 0, 0, 0, 0, 0, 0, 0, 0, 0, 0, 0, 0, 0, 0, 0, 0, 0, 0, 0, 0, 0, 0, 0, 0, 0, 0, 0, 0, 0, 0, 0, 0, 0, 0, 0, 0, 0, 0, 0, 0, 0, 0, 0, 0, 0, 0, 0, 0, (125.829, 0.9171333333333334, 0.7279333333333333), 0, 0, 0, 0, 0, 0, 0, 0, 0, 0, (109.0518, 0.5446, 0.4834), (0.0, 0.0, 0.0), (304.0866, 0.26866666666666666, 0.058866666666666664), (363.5057333333333, 0.0, 0.0), (92.27413333333331, 6.666666666666668e-05, 0.0013333333333333333), (292.20259999999996, 0.28073333333333333, 0.056799999999999996), (333.44653333333326, 0.6355333333333333, 0.0052), (209.7148, 0.7276, 0.23566666666666664), (30.75773333333333, 11.004733333333336, 11.030333333333335), (131.4214, 0.9578666666666666, 0.7716000000000001), (805.3058666666667, 0.081, 0.3894666666666666), (281.018, 0.42160000000000003, 0.13533333333333333), (0.0, 0.004666666666666667, 6.666666666666668e-05), (805.3058666666667, 0.081, 0.3894666666666666), (100.6632, 0.009333333333333334, 0.0108)]","[0, 0, 0, 0, 0, 0, 0, 0, 0, 0, 0, 0, 0, 0, 0, 0, 0, 0, 0, 0, 0, 0, 0, 0, 0, 0, 0, 0, 0, 0, 0, 0, 0, 0, 0, 0, 0, 0, 0, 0, 0, 0, 0, 0, 0, 0, 0, 0, 0, 0, 0, 0, 0, 0, 0, 0, 0, 0, 0, 0, 0, 0, 0, 0, 0, 0, 0, 0, 0, 0, 0, 0, 0, 0, 0, 0, 0, 0, 0, 0, 0, 0, 0, 0, 0, 0, 0, 0, 0, 0, 0, 0, 0, 0, 0, 0, 0, 0, 0, 0, 0, 0, (2, 0.0, 0.010616666666666667), 0, 0, 0, 0, 0, 0, 0, 0, 0, 0, (1, 0.0, 0.002838888888888889), (2, 0.0, 0.0), (1, 0.0, 0.000861111111111111), (3, 0.10526666666666666, 0.011727777777777776), (2, 1.666666666666667e-05, 0.003455555555555556), (1, 0.0, 0.001027777777777778), (1, 0.0, 0.0002111111111111111), (3, 0.00021666666666666668, 0.5190777777777777), (3, 0.0, 2.2222222222222223e-05), (2, 0.0, 0.010555555555555558), (3, 0.0, 0.023311111111111112), (3, 1.666666666666667e-05, 0.2272388888888889), (3, 0.0, 0.001661111111111111), (3, 0.0, 0.023311111111111112), (2, 0.0, 0.002416666666666667)]","[-1, -1, -1, -1, -1, -1, -1, -1, -1, -1, -1, -1, -1, -1, -1, -1, -1, -1, -1, -1, -1, -1, -1, -1, -1, -1, -1, -1, -1, -1, -1, -1, -1, -1, -1, -1, -1, -1, -1, -1, -1, -1, -1, -1, -1, -1, -1, -1, -1, -1, -1, -1, -1, -1, -1, -1, -1, -1, -1, -1, -1, -1, -1, -1, -1, -1, -1, -1, -1, -1, -1, -1, -1, -1, -1, -1, -1, -1, -1, -1, -1, -1, -1, -1, -1, -1, -1, -1, -1, -1, -1, -1, -1, -1, -1, -1, -1, -1, -1, -1, -1, -1, 4, -1, -1, -1, -1, -1, -1, -1, -1, -1, -1, 4, 9, 11, 14, 10, 6, 6, 10, 7, 15, 11, 14, 6, 5, 15]","[False, False, False, False, False, False, False, False, False, False, False, False, False, False, False, False, False, False, False, False, False, False, False, False, False, False, False, False, False, False, False, False, False, False, False, False, False, False, False, False, False, False, False, False, False, False, False, False, False, False, False, False, False, False, False, False, False, False, False, False, False, False, False, False, False, False, False, False, False, False, False, False, False, False, False, False, False, False, False, False, False, False, False, False, False, False, False, False, False, False, False, False, False, False, False, False, False, False, False, False, False, False, True, False, False, False, False, False, False, False, False, False, False, True, True, True, True, True, True, True, True, True, True, True, True, True, True, True]"
90,"[0, 0, 0, 0, 0, 0, 0, 0, 0, 0, 0, 0, 0, 0, 0, 0, 0, 0, 0, 0, 0, 0, 0, 0, 0, 0, 0, 0, 0, 0, 0, 0, 0, 0, 0, 0, 0, 0, 0, 0, 0, 0, 0, 0, 0, 0, 0, 0, 0, 0, 0, 0, 0, 0, 0, 0, 0, 0, 0, 0, 0, 0, 0, 0, 0, 0, 0, 0, 0, 0, 0, 0, 0, 0, 0, 0, 0, 0, 0, 0, 0, 0, 0, 0, 0, 0, 0, 0, 0, 0, 0, 0, 0, 0, 0, 0, 0, 0, 0, 0, 0, 0, 1536.848415480762, 0, 0, 0, 0, 0, 0, 0, 0, 0, 0, 967.2054005675245, 2938.223603388089, 1252.0839689691668, 1240.1595321833177, 833.6955655060068, 1228.7117348817424, 1207.75186362467, 1318.8617310662446, 0, 1596.1861921402513, 888.1448552554355, 1409.0117734429248, 578.5431829120669, 888.1448552554355, 2266.7025766922616]","[0, 0, 0, 1, 1, 2, 2, 2, 3, 3, 3, 3, 3, 4, 4, 4, 4, 4, 4, 4, 5, 5, 5, 5, 6, 6, 6, 6, 6, 7, 7, 7, 7, 7, 8, 8, 8, 9, 9, 9, 9, 9, 9, 10, 10, 11, 11, 11, 11, 11, 12, 12, 12, 12, 13, 13, 13, 13, 14, 14, 14, 14, 15, 15, 15, 15, 15, 16, 16, 17, 17, 17, 17, 17, 18, 19, 19, 19, 19, 20, 20, 20, 21, 21, 21, 21, 22, 22, 22, 22, 22, 22, 22, 22, 22, 23, 23, 23, 24, 24, 24, 24, 24, 24, 25, 25, 25, 26, 26, 26, 26, 27, 27, 27, 28, 28, 28, 29, 29, 29, 30, 30, 30, 30, 30, 31, 31, 31]","[1, 1, 1, 2, 2, 3, 3, 3, 4, 4, 4, 4, 4, 5, 5, 5, 7, 10, 8, 8, 10, 10, 10, 11, 13, 14, 14, 16, 16, 18, 18, 18, 20, 20, 22, 22, 23, 24, 28, 26, 25, 26, 31, 28, 28, 29, 30, 30, 33, 36, 35, 35, 37, 36, 36, 37, 37, 37, 40, 40, 44, 44, 43, 44, 44, 45, 46, 47, 49, 51, 51, 52, 52, 53, 53, 55, 55, 55, 57, 56, 57, 58, 58, 58, 59, 59, 59, 61, 61, 61, 64, 66, 67, 68, 68, 68, 69, 69, 69, 70, 71, 73, 74, 75, 75, 76, 76, 76, 77, 79, 79, 80, 80, 80, 80, 80, 80, 84, 84, 85, 85, 85, 86, 88, 88, 88, 88, 89]","[7, 10, 13, 11, 7, 10, 10, 20, 8, 26, 8, 20, 14, 25, 14, 25, 18, 37, 18, 22, 37, 16, 25, 18, 22, 26, 16, 35, 23, 24, 41, 26, 36, 40, 44, 33, 30, 28, 36, 30, 35, 55, 35, 29, 37, 53, 36, 46, 55, 56, 55, 43, 60, 47, 48, 40, 44, 44, 51, 43, 59, 67, 59, 53, 51, 49, 58, 52, 56, 70, 75, 58, 57, 69, 57, 76, 59, 61, 77, 66, 61, 76, 65, 64, 73, 69, 69, 79, 75, 68, 68, 74, 80, 71, 84, 88, 80, 80, 76, 85, 80, 84, -1, 85, 89, 86, 80, 79, 80, 85, 88, 86, 87, -1, -1, -1, -1, -1, -1, -1, -1, -1, -1, -1, -1, -1, -1, -1]","[0, 0, 0, 0, 0, 0, 0, 0, 0, 0, 0, 0, 0, 0, 0, 0, 0, 0, 0, 0, 0, 0, 0, 0, 0, 0, 0, 0, 0, 0, 0, 0, 0, 0, 0, 0, 0, 0, 0, 0, 0, 0, 0, 0, 0, 0, 0, 0, 0, 0, 0, 0, 0, 0, 0, 0, 0, 0, 0, 0, 0, 0, 0, 0, 0, 0, 0, 0, 0, 0, 0, 0, 0, 0, 0, 0, 0, 0, 0, 0, 0, 0, 0, 0, 0, 0, 0, 0, 0, 0, 0, 0, 0, 0, 0, 0, 0, 0, 0, 0, 0, 0, 2299.3215074566187, 0, 0, 0, 0, 0, 0, 0, 0, 0, 0, 1729.6784925433813, 4029.0, 2196.469556856866, 1930.0738793701964, 1771.9169172198813, 1566.7094744089159, 1545.7496031518435, 2257.083082780119, 4029.0, 1679.2418077239947, 1832.5304431431343, 2098.9261206298033, 916.5409224392404, 4029.0, 2349.758192276005]","[0, 0, 0, 0, 0, 0, 0, 0, 0, 0, 0, 0, 0, 0, 0, 0, 0, 0, 0, 0, 0, 0, 0, 0, 0, 0, 0, 0, 0, 0, 0, 0, 0, 0, 0, 0, 0, 0, 0, 0, 0, 0, 0, 0, 0, 0, 0, 0, 0, 0, 0, 0, 0, 0, 0, 0, 0, 0, 0, 0, 0, 0, 0, 0, 0, 0, 0, 0, 0, 0, 0, 0, 0, 0, 0, 0, 0, 0, 0, 0, 0, 0, 0, 0, 0, 0, 0, 0, 0, 0, 0, 0, 0, 0, 0, 0, 0, 0, 0, 0, 0, 0, (114.6442, 0.9067333333333333, 0.7183999999999999), 0, 0, 0, 0, 0, 0, 0, 0, 0, 0, (131.4214, 0.5404, 0.4769333333333333), (0.0, 0.0, 0.0), (299.8922, 0.2914, 0.05526666666666666), (380.283, 0.0, 0.0), (76.89526666666666, 0.0, 0.001), (276.8236, 0.27726666666666666, 0.054666666666666655), (333.44653333333326, 0.7292666666666667, 0.004666666666666667), (255.852, 0.40273333333333333, 0.13053333333333333), (30.932599999999997, 11.007200000000001, 11.033333333333335), (153.791, 0.9633999999999999, 0.7669333333333332), (624.9507333333332, 0.08693333333333333, 0.30760000000000004), (255.852, 0.49213333333333326, 0.15953333333333333), (0.0, 0.004533333333333333, 0.0), (624.9507333333332, 0.08693333333333333, 0.30760000000000004), (150.9948, 0.009333333333333334, 0.010933333333333335)]","[0, 0, 0, 0, 0, 0, 0, 0, 0, 0, 0, 0, 0, 0, 0, 0, 0, 0, 0, 0, 0, 0, 0, 0, 0, 0, 0, 0, 0, 0, 0, 0, 0, 0, 0, 0, 0, 0, 0, 0, 0, 0, 0, 0, 0, 0, 0, 0, 0, 0, 0, 0, 0, 0, 0, 0, 0, 0, 0, 0, 0, 0, 0, 0, 0, 0, 0, 0, 0, 0, 0, 0, 0, 0, 0, 0, 0, 0, 0, 0, 0, 0, 0, 0, 0, 0, 0, 0, 0, 0, 0, 0, 0, 0, 0, 0, 0, 0, 0, 0, 0, 0, (2, 1.666666666666667e-05, 0.011361111111111112), 0, 0, 0, 0, 0, 0, 0, 0, 0, 0, (1, 0.06126666666666666, 0.023866666666666675), (2, 0.0, 0.0), (1, 0.0, 0.0008333333333333334), (3, 0.006966666666666668, 0.010794444444444445), (2, 0.0, 0.0005055555555555555), (1, 0.0, 0.0013833333333333334), (1, 0.0, 0.00021666666666666668), (3, 5e-05, 0.20164999999999994), (3, 0.0, 2.2222222222222223e-05), (2, 0.0, 0.0117), (3, 0.0, 0.013066666666666667), (3, 8.333333333333333e-05, 0.28617777777777775), (3, 0.0, 0.0012944444444444446), (3, 0.0, 0.013066666666666667), (2, 0.0, 0.0026888888888888887)]","[-1, -1, -1, -1, -1, -1, -1, -1, -1, -1, -1, -1, -1, -1, -1, -1, -1, -1, -1, -1, -1, -1, -1, -1, -1, -1, -1, -1, -1, -1, -1, -1, -1, -1, -1, -1, -1, -1, -1, -1, -1, -1, -1, -1, -1, -1, -1, -1, -1, -1, -1, -1, -1, -1, -1, -1, -1, -1, -1, -1, -1, -1, -1, -1, -1, -1, -1, -1, -1, -1, -1, -1, -1, -1, -1, -1, -1, -1, -1, -1, -1, -1, -1, -1, -1, -1, -1, -1, -1, -1, -1, -1, -1, -1, -1, -1, -1, -1, -1, -1, -1, -1, 4, -1, -1, -1, -1, -1, -1, -1, -1, -1, -1, 4, 9, 11, 14, 10, 6, 6, 10, 7, 15, 11, 14, 6, 5, 15]","[False, False, False, False, False, False, False, False, False, False, False, False, False, False, False, False, False, False, False, False, False, False, False, False, False, False, False, False, False, False, False, False, False, False, False, False, False, False, False, False, False, False, False, False, False, False, False, False, False, False, False, False, False, False, False, False, False, False, False, False, False, False, False, False, False, False, False, False, False, False, False, False, False, False, False, False, False, False, False, False, False, False, False, False, False, False, False, False, False, False, False, False, False, False, False, False, False, False, False, False, False, False, True, False, False, False, False, False, False, False, False, False, False, True, True, True, True, True, True, True, True, True, True, True, True, True, True, True]"
91,"[0, 0, 0, 0, 0, 0, 0, 0, 0, 0, 0, 0, 0, 0, 0, 0, 0, 0, 0, 0, 0, 0, 0, 0, 0, 0, 0, 0, 0, 0, 0, 0, 0, 0, 0, 0, 0, 0, 0, 0, 0, 0, 0, 0, 0, 0, 0, 0, 0, 0, 0, 0, 0, 0, 0, 0, 0, 0, 0, 0, 0, 0, 0, 0, 0, 0, 0, 0, 0, 0, 0, 0, 0, 0, 0, 0, 0, 0, 0, 0, 0, 0, 0, 0, 0, 0, 0, 0, 0, 0, 0, 0, 0, 0, 0, 0, 0, 0, 0, 0, 0, 0, 1557.6166373115834, 0, 0, 0, 0, 0, 0, 0, 0, 0, 0, 922.7020845904912, 2958.2569461384624, 1205.339500794318, 1243.126421016292, 827.7617892390601, 1318.8617806475224, 1246.093192628628, 1425.7062257349019, 0, 1655.52396879974, 1101.8338429860667, 1816.3564093671823, 581.5100710295644, 1101.8338429860667, 2248.9012475559352, 881.4670876440003]","[0, 0, 0, 1, 1, 2, 2, 2, 3, 3, 3, 3, 3, 4, 4, 4, 4, 4, 4, 4, 5, 5, 5, 5, 6, 6, 6, 6, 6, 7, 7, 7, 7, 7, 8, 8, 8, 9, 9, 9, 9, 9, 9, 10, 10, 11, 11, 11, 11, 11, 12, 12, 12, 12, 13, 13, 13, 13, 14, 14, 14, 14, 15, 15, 15, 15, 15, 16, 16, 17, 17, 17, 17, 17, 18, 19, 19, 19, 19, 20, 20, 20, 21, 21, 21, 21, 22, 22, 22, 22, 22, 22, 22, 22, 22, 23, 23, 23, 24, 24, 24, 24, 24, 24, 25, 25, 25, 26, 26, 26, 26, 27, 27, 27, 28, 28, 28, 29, 29, 29, 30, 30, 30, 30, 30, 31, 31, 31, 31]","[1, 1, 1, 2, 2, 3, 3, 3, 4, 4, 4, 4, 4, 5, 5, 5, 7, 10, 8, 8, 10, 10, 10, 11, 13, 14, 14, 16, 16, 18, 18, 18, 20, 20, 22, 22, 23, 24, 28, 26, 25, 26, 31, 28, 28, 29, 30, 30, 33, 36, 35, 35, 37, 36, 36, 37, 37, 37, 40, 40, 44, 44, 43, 44, 44, 45, 46, 47, 49, 51, 51, 52, 52, 53, 53, 55, 55, 55, 57, 56, 57, 58, 58, 58, 59, 59, 59, 61, 61, 61, 64, 66, 67, 68, 68, 68, 69, 69, 69, 70, 71, 73, 74, 75, 75, 76, 76, 76, 77, 79, 79, 80, 80, 80, 80, 80, 80, 84, 84, 85, 85, 85, 86, 88, 88, 88, 88, 89, 91]","[7, 10, 13, 11, 7, 10, 10, 20, 8, 26, 8, 20, 14, 25, 14, 25, 18, 37, 18, 22, 37, 16, 25, 18, 22, 26, 16, 35, 23, 24, 41, 26, 36, 40, 44, 33, 30, 28, 36, 30, 35, 55, 35, 29, 37, 53, 36, 46, 55, 56, 55, 43, 60, 47, 48, 40, 44, 44, 51, 43, 59, 67, 59, 53, 51, 49, 58, 52, 56, 70, 75, 58, 57, 69, 57, 76, 59, 61, 77, 66, 61, 76, 65, 64, 73, 69, 69, 79, 75, 68, 68, 74, 80, 71, 84, 88, 80, 80, 76, 85, 80, 84, -1, 85, 89, 86, 80, 79, 80, 85, 88, 86, 87, -1, -1, -1, -1, -1, -1, -1, -1, 91, -1, -1, -1, -1, -1, -1, -1]","[0, 0, 0, 0, 0, 0, 0, 0, 0, 0, 0, 0, 0, 0, 0, 0, 0, 0, 0, 0, 0, 0, 0, 0, 0, 0, 0, 0, 0, 0, 0, 0, 0, 0, 0, 0, 0, 0, 0, 0, 0, 0, 0, 0, 0, 0, 0, 0, 0, 0, 0, 0, 0, 0, 0, 0, 0, 0, 0, 0, 0, 0, 0, 0, 0, 0, 0, 0, 0, 0, 0, 0, 0, 0, 0, 0, 0, 0, 0, 0, 0, 0, 0, 0, 0, 0, 0, 0, 0, 0, 0, 0, 0, 0, 0, 0, 0, 0, 0, 0, 0, 0, 2331.957276360546, 0, 0, 0, 0, 0, 0, 0, 0, 0, 0, 1697.042723639454, 4029.0, 2066.2528289041256, 1727.8850058245548, 1715.5277817520791, 1613.040099212284, 1540.2715111933896, 2313.472218247921, 0, 1717.8113606219024, 1962.7471710958744, 2301.114994175445, 875.688389594326, 4029.0, 2311.188639378098, 4029.0]","[0, 0, 0, 0, 0, 0, 0, 0, 0, 0, 0, 0, 0, 0, 0, 0, 0, 0, 0, 0, 0, 0, 0, 0, 0, 0, 0, 0, 0, 0, 0, 0, 0, 0, 0, 0, 0, 0, 0, 0, 0, 0, 0, 0, 0, 0, 0, 0, 0, 0, 0, 0, 0, 0, 0, 0, 0, 0, 0, 0, 0, 0, 0, 0, 0, 0, 0, 0, 0, 0, 0, 0, 0, 0, 0, 0, 0, 0, 0, 0, 0, 0, 0, 0, 0, 0, 0, 0, 0, 0, 0, 0, 0, 0, 0, 0, 0, 0, 0, 0, 0, 0, (114.6442, 0.9444666666666667, 0.7338666666666667), 0, 0, 0, 0, 0, 0, 0, 0, 0, 0, (89.4784, 0.5311333333333333, 0.46186666666666676), (0.0, 0.0, 0.0), (294.2998, 0.28173333333333334, 0.05493333333333333), (353.719, 0.0, 0.0), (79.6912, 6.666666666666668e-05, 0.001), (332.04866666666675, 0.30326666666666663, 0.05866666666666666), (415.23546666666675, 0.7115333333333334, 0.006666666666666668), (213.9092, 0.46873333333333334, 0.15180000000000002), 0, (125.829, 0.9370666666666667, 0.7570666666666667), (641.7282666666667, 0.07759999999999999, 0.331), (226.49179999999998, 0.6, 0.19540000000000002), (0.0, 0.004733333333333333, 0.0), (641.7282666666667, 0.07759999999999999, 0.331), (150.9948, 0.009266666666666668, 0.0106), (95.9442, 0.019933333333333334, 0.0208)]","[0, 0, 0, 0, 0, 0, 0, 0, 0, 0, 0, 0, 0, 0, 0, 0, 0, 0, 0, 0, 0, 0, 0, 0, 0, 0, 0, 0, 0, 0, 0, 0, 0, 0, 0, 0, 0, 0, 0, 0, 0, 0, 0, 0, 0, 0, 0, 0, 0, 0, 0, 0, 0, 0, 0, 0, 0, 0, 0, 0, 0, 0, 0, 0, 0, 0, 0, 0, 0, 0, 0, 0, 0, 0, 0, 0, 0, 0, 0, 0, 0, 0, 0, 0, 0, 0, 0, 0, 0, 0, 0, 0, 0, 0, 0, 0, 0, 0, 0, 0, 0, 0, (2, 0.0, 0.013133333333333334), 0, 0, 0, 0, 0, 0, 0, 0, 0, 0, (1, 1.666666666666667e-05, 0.0020666666666666667), (2, 0.0, 0.0), (1, 0.0, 0.001), (3, 0.04356666666666667, 0.009866666666666668), (2, 1.666666666666667e-05, 0.0004111111111111111), (1, 0.0, 0.0009222222222222221), (1, 0.0, 0.0005666666666666666), (3, 3.3333333333333335e-05, 0.2765777777777778), 0, (2, 0.06273333333333334, 0.031105555555555553), (3, 0.04375, 0.0321388888888889), (3, 0.00016666666666666666, 0.37338333333333334), (3, 0.0, 0.0012333333333333335), (3, 0.04375, 0.0321388888888889), (2, 0.0, 0.0023555555555555556), (1, 0.0012, 0.05558333333333333)]","[-1, -1, -1, -1, -1, -1, -1, -1, -1, -1, -1, -1, -1, -1, -1, -1, -1, -1, -1, -1, -1, -1, -1, -1, -1, -1, -1, -1, -1, -1, -1, -1, -1, -1, -1, -1, -1, -1, -1, -1, -1, -1, -1, -1, -1, -1, -1, -1, -1, -1, -1, -1, -1, -1, -1, -1, -1, -1, -1, -1, -1, -1, -1, -1, -1, -1, -1, -1, -1, -1, -1, -1, -1, -1, -1, -1, -1, -1, -1, -1, -1, -1, -1, -1, -1, -1, -1, -1, -1, -1, -1, -1, -1, -1, -1, -1, -1, -1, -1, -1, -1, -1, 4, -1, -1, -1, -1, -1, -1, -1, -1, -1, -1, 4, 9, 11, 14, 10, 6, 6, 10, -1, 15, 11, 14, 6, 5, 15, 7]","[False, False, False, False, False, False, False, False, False, False, False, False, False, False, False, False, False, False, False, False, False, False, False, False, False, False, False, False, False, False, False, False, False, False, False, False, False, False, False, False, False, False, False, False, False, False, False, False, False, False, False, False, False, False, False, False, False, False, False, False, False, False, False, False, False, False, False, False, False, False, False, False, False, False, False, False, False, False, False, False, False, False, False, False, False, False, False, False, False, False, False, False, False, False, False, False, False, False, False, False, False, False, True, False, False, False, False, False, False, False, False, False, False, True, True, True, True, True, True, True, True, False, True, True, True, True, True, True, True]"
92,"[0, 0, 0, 0, 0, 0, 0, 0, 0, 0, 0, 0, 0, 0, 0, 0, 0, 0, 0, 0, 0, 0, 0, 0, 0, 0, 0, 0, 0, 0, 0, 0, 0, 0, 0, 0, 0, 0, 0, 0, 0, 0, 0, 0, 0, 0, 0, 0, 0, 0, 0, 0, 0, 0, 0, 0, 0, 0, 0, 0, 0, 0, 0, 0, 0, 0, 0, 0, 0, 0, 0, 0, 0, 0, 0, 0, 0, 0, 0, 0, 0, 0, 0, 0, 0, 0, 0, 0, 0, 0, 0, 0, 0, 0, 0, 0, 0, 0, 0, 0, 0, 0, 0, 0, 0, 0, 0, 0, 0, 0, 0, 0, 0, 913.8014213950846, 3018.356974389583, 0, 1308.39797534173, 809.96046043822, 1228.7117348817424, 1084.51187754052, 2036.723179621289, 0, 2278.570623724373, 1125.2060760191043, 2230.3788262082307, 578.5431829120669, 1125.2060760191043, 2254.8350239347114, 754.589249271]","[0, 0, 0, 1, 1, 2, 2, 2, 3, 3, 3, 3, 3, 4, 4, 4, 4, 4, 4, 4, 5, 5, 5, 5, 6, 6, 6, 6, 6, 7, 7, 7, 7, 7, 8, 8, 8, 9, 9, 9, 9, 9, 9, 10, 10, 11, 11, 11, 11, 11, 12, 12, 12, 12, 13, 13, 13, 13, 14, 14, 14, 14, 15, 15, 15, 15, 15, 16, 16, 17, 17, 17, 17, 17, 18, 19, 19, 19, 19, 20, 20, 20, 21, 21, 21, 21, 22, 22, 22, 22, 22, 22, 22, 22, 22, 23, 23, 23, 24, 24, 24, 24, 24, 24, 25, 25, 25, 26, 26, 26, 26, 27, 27, 27, 28, 28, 28, 29, 29, 29, 30, 30, 30, 30, 30, 31, 31, 31, 31]","[1, 1, 1, 2, 2, 3, 3, 3, 4, 4, 4, 4, 4, 5, 5, 5, 7, 10, 8, 8, 10, 10, 10, 11, 13, 14, 14, 16, 16, 18, 18, 18, 20, 20, 22, 22, 23, 24, 28, 26, 25, 26, 31, 28, 28, 29, 30, 30, 33, 36, 35, 35, 37, 36, 36, 37, 37, 37, 40, 40, 44, 44, 43, 44, 44, 45, 46, 47, 49, 51, 51, 52, 52, 53, 53, 55, 55, 55, 57, 56, 57, 58, 58, 58, 59, 59, 59, 61, 61, 61, 64, 66, 67, 68, 68, 68, 69, 69, 69, 70, 71, 73, 74, 75, 75, 76, 76, 76, 77, 79, 79, 80, 80, 80, 80, 80, 80, 84, 84, 85, 85, 85, 86, 88, 88, 88, 88, 89, 91]","[7, 10, 13, 11, 7, 10, 10, 20, 8, 26, 8, 20, 14, 25, 14, 25, 18, 37, 18, 22, 37, 16, 25, 18, 22, 26, 16, 35, 23, 24, 41, 26, 36, 40, 44, 33, 30, 28, 36, 30, 35, 55, 35, 29, 37, 53, 36, 46, 55, 56, 55, 43, 60, 47, 48, 40, 44, 44, 51, 43, 59, 67, 59, 53, 51, 49, 58, 52, 56, 70, 75, 58, 57, 69, 57, 76, 59, 61, 77, 66, 61, 76, 65, 64, 73, 69, 69, 79, 75, 68, 68, 74, 80, 71, 84, 88, 80, 80, 76, 85, 80, 84, -1, 85, 89, 86, 80, 79, 80, 85, 88, 86, 87, -1, -1, -1, -1, -1, -1, -1, -1, 91, -1, -1, -1, -1, -1, -1, -1]","[0, 0, 0, 0, 0, 0, 0, 0, 0, 0, 0, 0, 0, 0, 0, 0, 0, 0, 0, 0, 0, 0, 0, 0, 0, 0, 0, 0, 0, 0, 0, 0, 0, 0, 0, 0, 0, 0, 0, 0, 0, 0, 0, 0, 0, 0, 0, 0, 0, 0, 0, 0, 0, 0, 0, 0, 0, 0, 0, 0, 0, 0, 0, 0, 0, 0, 0, 0, 0, 0, 0, 0, 0, 0, 0, 0, 0, 0, 0, 0, 0, 0, 0, 0, 0, 0, 0, 0, 0, 0, 0, 0, 0, 0, 0, 0, 0, 0, 0, 0, 0, 0, 1557.5992893024577, 0, 0, 0, 0, 0, 0, 0, 0, 0, 0, 2471.4007106975423, 4029.0, 1451.8969619904478, 1553.5095745667497, 1401.1186404084654, 1607.7894697702993, 1463.5896124290769, 2627.8813595915344, 0, 2026.3677998948306, 2577.103038009552, 2475.4904254332505, 957.6209178006238, 4029.0, 2002.632200105169, 4029.0]","[0, 0, 0, 0, 0, 0, 0, 0, 0, 0, 0, 0, 0, 0, 0, 0, 0, 0, 0, 0, 0, 0, 0, 0, 0, 0, 0, 0, 0, 0, 0, 0, 0, 0, 0, 0, 0, 0, 0, 0, 0, 0, 0, 0, 0, 0, 0, 0, 0, 0, 0, 0, 0, 0, 0, 0, 0, 0, 0, 0, 0, 0, 0, 0, 0, 0, 0, 0, 0, 0, 0, 0, 0, 0, 0, 0, 0, 0, 0, 0, 0, 0, 0, 0, 0, 0, 0, 0, 0, 0, 0, 0, 0, 0, 0, 0, 0, 0, 0, 0, 0, 0, (145.4024, 0.9613333333333335, 0.7314666666666667), 0, 0, 0, 0, 0, 0, 0, 0, 0, 0, (117.4404, 0.5386666666666666, 0.5020666666666667), (0.0, 0.0, 0.0), (281.7169333333334, 0.28753333333333336, 0.054), (342.5342, 0.0, 0.0), (86.68193333333333, 0.0, 0.001), (318.06759999999997, 0.2734, 0.057466666666666666), (202.37446666666668, 0.6932, 0.0088), (212.51093333333333, 0.6914, 0.224), 0, (226.49220000000003, 0.9202666666666668, 0.7430666666666668), (838.8603333333335, 0.08673333333333332, 0.3268666666666667), (209.7148, 0.7276, 0.23566666666666664), (0.0, 0.004733333333333333, 6.666666666666668e-05), (838.8603333333335, 0.08673333333333332, 0.3268666666666667), (184.5492, 0.009333333333333334, 0.0108), (96.9928, 0.020133333333333333, 0.014066666666666665)]","[0, 0, 0, 0, 0, 0, 0, 0, 0, 0, 0, 0, 0, 0, 0, 0, 0, 0, 0, 0, 0, 0, 0, 0, 0, 0, 0, 0, 0, 0, 0, 0, 0, 0, 0, 0, 0, 0, 0, 0, 0, 0, 0, 0, 0, 0, 0, 0, 0, 0, 0, 0, 0, 0, 0, 0, 0, 0, 0, 0, 0, 0, 0, 0, 0, 0, 0, 0, 0, 0, 0, 0, 0, 0, 0, 0, 0, 0, 0, 0, 0, 0, 0, 0, 0, 0, 0, 0, 0, 0, 0, 0, 0, 0, 0, 0, 0, 0, 0, 0, 0, 0, (2, 0.0, 0.01525), 0, 0, 0, 0, 0, 0, 0, 0, 0, 0, (1, 0.0, 0.003311111111111111), (2, 0.0, 0.0), (1, 0.0, 0.00115), (3, 0.016566666666666667, 0.010016666666666667), (2, 0.0, 0.0003888888888888888), (1, 0.0, 0.0007888888888888889), (1, 0.0, 0.00025), (3, 0.0002333333333333333, 0.49188333333333323), 0, (2, 0.09268333333333334, 0.011455555555555556), (3, 0.0, 0.012833333333333334), (3, 0.00021666666666666668, 0.5190777777777777), (3, 0.0, 0.0012666666666666666), (3, 0.0, 0.012833333333333334), (2, 0.0, 0.002338888888888889), (1, 0.0, 0.054338888888888895)]","[-1, -1, -1, -1, -1, -1, -1, -1, -1, -1, -1, -1, -1, -1, -1, -1, -1, -1, -1, -1, -1, -1, -1, -1, -1, -1, -1, -1, -1, -1, -1, -1, -1, -1, -1, -1, -1, -1, -1, -1, -1, -1, -1, -1, -1, -1, -1, -1, -1, -1, -1, -1, -1, -1, -1, -1, -1, -1, -1, -1, -1, -1, -1, -1, -1, -1, -1, -1, -1, -1, -1, -1, -1, -1, -1, -1, -1, -1, -1, -1, -1, -1, -1, -1, -1, -1, -1, -1, -1, -1, -1, -1, -1, -1, -1, -1, -1, -1, -1, -1, -1, -1, 4, -1, -1, -1, -1, -1, -1, -1, -1, -1, -1, 4, 9, 11, 14, 10, 6, 6, 10, -1, 15, 11, 14, 6, 5, 15, 7]","[False, False, False, False, False, False, False, False, False, False, False, False, False, False, False, False, False, False, False, False, False, False, False, False, False, False, False, False, False, False, False, False, False, False, False, False, False, False, False, False, False, False, False, False, False, False, False, False, False, False, False, False, False, False, False, False, False, False, False, False, False, False, False, False, False, False, False, False, False, False, False, False, False, False, False, False, False, False, False, False, False, False, False, False, False, False, False, False, False, False, False, False, False, False, False, False, False, False, False, False, False, False, True, False, False, False, False, False, False, False, False, False, False, True, True, True, True, True, True, True, True, False, True, True, True, True, True, True, True]"
93,"[0, 0, 0, 0, 0, 0, 0, 0, 0, 0, 0, 0, 0, 0, 0, 0, 0, 0, 0, 0, 0, 0, 0, 0, 0, 0, 0, 0, 0, 0, 0, 0, 0, 0, 0, 0, 0, 0, 0, 0, 0, 0, 0, 0, 0, 0, 0, 0, 0, 0, 0, 0, 0, 0, 0, 0, 0, 0, 0, 0, 0, 0, 0, 0, 0, 0, 0, 0, 0, 0, 0, 0, 0, 0, 0, 0, 0, 0, 0, 0, 0, 0, 0, 0, 0, 0, 0, 0, 0, 0, 0, 0, 0, 0, 0, 0, 0, 0, 0, 0, 0, 0, 0, 0, 0, 0, 0, 0, 0, 0, 0, 0, 0, 0, 3148.573702267009, 0, 0, 836.6624536394801, 1175.2894855390578, 1229.6611944840745, 1769.6119429496443, 0, 1590.2524144743022, 1045.0727056201176, 1318.8617310662446, 593.3776234995555, 1045.0727056201176, 2248.9012475559352, 754.589249271, 644.4058826961312, 881.4670876440003]","[0, 0, 0, 1, 1, 2, 2, 2, 3, 3, 3, 3, 3, 4, 4, 4, 4, 4, 4, 4, 5, 5, 5, 5, 6, 6, 6, 6, 6, 7, 7, 7, 7, 7, 8, 8, 8, 9, 9, 9, 9, 9, 9, 10, 10, 11, 11, 11, 11, 11, 12, 12, 12, 12, 13, 13, 13, 13, 14, 14, 14, 14, 15, 15, 15, 15, 15, 16, 16, 17, 17, 17, 17, 17, 18, 19, 19, 19, 19, 20, 20, 20, 21, 21, 21, 21, 22, 22, 22, 22, 22, 22, 22, 22, 22, 23, 23, 23, 24, 24, 24, 24, 24, 24, 25, 25, 25, 26, 26, 26, 26, 27, 27, 27, 28, 28, 28, 29, 29, 29, 30, 30, 30, 30, 30, 31, 31, 31, 31, 32, 32]","[1, 1, 1, 2, 2, 3, 3, 3, 4, 4, 4, 4, 4, 5, 5, 5, 7, 10, 8, 8, 10, 10, 10, 11, 13, 14, 14, 16, 16, 18, 18, 18, 20, 20, 22, 22, 23, 24, 28, 26, 25, 26, 31, 28, 28, 29, 30, 30, 33, 36, 35, 35, 37, 36, 36, 37, 37, 37, 40, 40, 44, 44, 43, 44, 44, 45, 46, 47, 49, 51, 51, 52, 52, 53, 53, 55, 55, 55, 57, 56, 57, 58, 58, 58, 59, 59, 59, 61, 61, 61, 64, 66, 67, 68, 68, 68, 69, 69, 69, 70, 71, 73, 74, 75, 75, 76, 76, 76, 77, 79, 79, 80, 80, 80, 80, 80, 80, 84, 84, 85, 85, 85, 86, 88, 88, 88, 88, 89, 91, 93, 93]","[7, 10, 13, 11, 7, 10, 10, 20, 8, 26, 8, 20, 14, 25, 14, 25, 18, 37, 18, 22, 37, 16, 25, 18, 22, 26, 16, 35, 23, 24, 41, 26, 36, 40, 44, 33, 30, 28, 36, 30, 35, 55, 35, 29, 37, 53, 36, 46, 55, 56, 55, 43, 60, 47, 48, 40, 44, 44, 51, 43, 59, 67, 59, 53, 51, 49, 58, 52, 56, 70, 75, 58, 57, 69, 57, 76, 59, 61, 77, 66, 61, 76, 65, 64, 73, 69, 69, 79, 75, 68, 68, 74, 80, 71, 84, 88, 80, 80, 76, 85, 80, 84, 93, 85, 89, 86, 80, 79, 80, 85, 88, 86, 87, -1, -1, 93, -1, -1, -1, -1, -1, 91, -1, -1, -1, -1, -1, -1, -1, -1, -1]","[0, 0, 0, 0, 0, 0, 0, 0, 0, 0, 0, 0, 0, 0, 0, 0, 0, 0, 0, 0, 0, 0, 0, 0, 0, 0, 0, 0, 0, 0, 0, 0, 0, 0, 0, 0, 0, 0, 0, 0, 0, 0, 0, 0, 0, 0, 0, 0, 0, 0, 0, 0, 0, 0, 0, 0, 0, 0, 0, 0, 0, 0, 0, 0, 0, 0, 0, 0, 0, 0, 0, 0, 0, 0, 0, 0, 0, 0, 0, 0, 0, 0, 0, 0, 0, 0, 0, 0, 0, 0, 0, 0, 0, 0, 0, 0, 0, 0, 0, 0, 0, 0, 0, 0, 0, 0, 0, 0, 0, 0, 0, 0, 0, 4029.0, 4029.0, 0, 1355.0691344668776, 4029.0, 1518.846717698162, 1573.2184266431786, 4029.0, 0, 1685.1755834591834, 4029.0, 2673.9308655331224, 936.9348556586597, 4029.0, 2343.8244165408164, 4029.0, 4029.0, 4029.0]","[0, 0, 0, 0, 0, 0, 0, 0, 0, 0, 0, 0, 0, 0, 0, 0, 0, 0, 0, 0, 0, 0, 0, 0, 0, 0, 0, 0, 0, 0, 0, 0, 0, 0, 0, 0, 0, 0, 0, 0, 0, 0, 0, 0, 0, 0, 0, 0, 0, 0, 0, 0, 0, 0, 0, 0, 0, 0, 0, 0, 0, 0, 0, 0, 0, 0, 0, 0, 0, 0, 0, 0, 0, 0, 0, 0, 0, 0, 0, 0, 0, 0, 0, 0, 0, 0, 0, 0, 0, 0, 0, 0, 0, 0, 0, 0, 0, 0, 0, 0, 0, 0, 0, 0, 0, 0, 0, 0, 0, 0, 0, 0, 0, (134.2176, 0.5295333333333333, 0.5544666666666667), (0.0, 0.0, 0.0), 0, (350.92293333333333, 0.0, 0.0), (85.284, 0.0, 0.001), (304.0866, 0.26866666666666666, 0.058866666666666664), (105.9056, 0.6556666666666666, 0.0064), (190.14146666666667, 0.5508, 0.17880000000000001), 0, (142.6062, 0.9306666666666665, 0.7520666666666668), (721.42, 0.07806666666666666, 0.33893333333333336), (255.852, 0.40273333333333333, 0.13053333333333333), (67.1088, 0.004666666666666667, 6.666666666666668e-05), (721.42, 0.07806666666666666, 0.33893333333333336), (218.1036, 0.009266666666666668, 0.010533333333333334), (90.177, 0.02, 0.014), (32.15606666666666, 0.0009333333333333332, 6.666666666666668e-05), (95.9442, 0.019933333333333334, 0.0208)]","[0, 0, 0, 0, 0, 0, 0, 0, 0, 0, 0, 0, 0, 0, 0, 0, 0, 0, 0, 0, 0, 0, 0, 0, 0, 0, 0, 0, 0, 0, 0, 0, 0, 0, 0, 0, 0, 0, 0, 0, 0, 0, 0, 0, 0, 0, 0, 0, 0, 0, 0, 0, 0, 0, 0, 0, 0, 0, 0, 0, 0, 0, 0, 0, 0, 0, 0, 0, 0, 0, 0, 0, 0, 0, 0, 0, 0, 0, 0, 0, 0, 0, 0, 0, 0, 0, 0, 0, 0, 0, 0, 0, 0, 0, 0, 0, 0, 0, 0, 0, 0, 0, 0, 0, 0, 0, 0, 0, 0, 0, 0, 0, 0, (1, 0.0, 0.002977777777777778), (2, 0.0, 0.0), 0, (3, 0.007016666666666667, 0.010272222222222223), (2, 1.666666666666667e-05, 0.00042777777777777774), (1, 0.0, 0.000861111111111111), (1, 0.0, 0.00020555555555555556), (3, 0.00013333333333333334, 0.3462888888888889), 0, (2, 0.0, 0.012455555555555557), (3, 0.0, 0.011183333333333332), (3, 5e-05, 0.20164999999999994), (3, 0.0, 0.0012222222222222224), (3, 0.0, 0.011183333333333332), (2, 0.0, 0.0022555555555555554), (1, 3.3333333333333335e-05, 0.05506666666666666), (1, 0.0, 0.000638888888888889), (1, 0.0012, 0.05558333333333333)]","[-1, -1, -1, -1, -1, -1, -1, -1, -1, -1, -1, -1, -1, -1, -1, -1, -1, -1, -1, -1, -1, -1, -1, -1, -1, -1, -1, -1, -1, -1, -1, -1, -1, -1, -1, -1, -1, -1, -1, -1, -1, -1, -1, -1, -1, -1, -1, -1, -1, -1, -1, -1, -1, -1, -1, -1, -1, -1, -1, -1, -1, -1, -1, -1, -1, -1, -1, -1, -1, -1, -1, -1, -1, -1, -1, -1, -1, -1, -1, -1, -1, -1, -1, -1, -1, -1, -1, -1, -1, -1, -1, -1, -1, -1, -1, -1, -1, -1, -1, -1, -1, -1, -1, -1, -1, -1, -1, -1, -1, -1, -1, -1, -1, 4, 9, -1, 14, 12, 6, 6, 10, -1, 15, 11, 14, 6, 5, 15, 7, 0, 1]","[False, False, False, False, False, False, False, False, False, False, False, False, False, False, False, False, False, False, False, False, False, False, False, False, False, False, False, False, False, False, False, False, False, False, False, False, False, False, False, False, False, False, False, False, False, False, False, False, False, False, False, False, False, False, False, False, False, False, False, False, False, False, False, False, False, False, False, False, False, False, False, False, False, False, False, False, False, False, False, False, False, False, False, False, False, False, False, False, False, False, False, False, False, False, False, False, False, False, False, False, False, False, False, False, False, False, False, False, False, False, False, False, False, True, True, False, True, True, True, True, True, False, True, True, True, True, True, True, True, True, True]"
94,"[0, 0, 0, 0, 0, 0, 0, 0, 0, 0, 0, 0, 0, 0, 0, 0, 0, 0, 0, 0, 0, 0, 0, 0, 0, 0, 0, 0, 0, 0, 0, 0, 0, 0, 0, 0, 0, 0, 0, 0, 0, 0, 0, 0, 0, 0, 0, 0, 0, 0, 0, 0, 0, 0, 0, 0, 0, 0, 0, 0, 0, 0, 0, 0, 0, 0, 0, 0, 0, 0, 0, 0, 0, 0, 0, 0, 0, 0, 0, 0, 0, 0, 0, 0, 0, 0, 0, 0, 0, 0, 0, 0, 0, 0, 0, 0, 0, 0, 0, 0, 0, 0, 0, 0, 0, 0, 0, 0, 0, 0, 0, 0, 0, 0, 3425.7016103138403, 0, 0, 0, 1252.0839689691668, 1150.2398701187337, 1292.1506073990797, 0, 1563.5504149775322, 1385.6395298158109, 1425.7062257349019, 572.6094066770711, 1385.6395298158109, 2201.431036525731, 741.2336873370001, 647.744773280049, 754.589249271, 2006.6731654957287, 1071.7839430047102]","[0, 0, 0, 1, 1, 2, 2, 2, 3, 3, 3, 3, 3, 4, 4, 4, 4, 4, 4, 4, 5, 5, 5, 5, 6, 6, 6, 6, 6, 7, 7, 7, 7, 7, 8, 8, 8, 9, 9, 9, 9, 9, 9, 10, 10, 11, 11, 11, 11, 11, 12, 12, 12, 12, 13, 13, 13, 13, 14, 14, 14, 14, 15, 15, 15, 15, 15, 16, 16, 17, 17, 17, 17, 17, 18, 19, 19, 19, 19, 20, 20, 20, 21, 21, 21, 21, 22, 22, 22, 22, 22, 22, 22, 22, 22, 23, 23, 23, 24, 24, 24, 24, 24, 24, 25, 25, 25, 26, 26, 26, 26, 27, 27, 27, 28, 28, 28, 29, 29, 29, 30, 30, 30, 30, 30, 31, 31, 31, 31, 32, 32, 32, 32]","[1, 1, 1, 2, 2, 3, 3, 3, 4, 4, 4, 4, 4, 5, 5, 5, 7, 10, 8, 8, 10, 10, 10, 11, 13, 14, 14, 16, 16, 18, 18, 18, 20, 20, 22, 22, 23, 24, 28, 26, 25, 26, 31, 28, 28, 29, 30, 30, 33, 36, 35, 35, 37, 36, 36, 37, 37, 37, 40, 40, 44, 44, 43, 44, 44, 45, 46, 47, 49, 51, 51, 52, 52, 53, 53, 55, 55, 55, 57, 56, 57, 58, 58, 58, 59, 59, 59, 61, 61, 61, 64, 66, 67, 68, 68, 68, 69, 69, 69, 70, 71, 73, 74, 75, 75, 76, 76, 76, 77, 79, 79, 80, 80, 80, 80, 80, 80, 84, 84, 85, 85, 85, 86, 88, 88, 88, 88, 89, 91, 93, 93, 94, 94]","[7, 10, 13, 11, 7, 10, 10, 20, 8, 26, 8, 20, 14, 25, 14, 25, 18, 37, 18, 22, 37, 16, 25, 18, 22, 26, 16, 35, 23, 24, 41, 26, 36, 40, 44, 33, 30, 28, 36, 30, 35, 55, 35, 29, 37, 53, 36, 46, 55, 56, 55, 43, 60, 47, 48, 40, 44, 44, 51, 43, 59, 67, 59, 53, 51, 49, 58, 52, 56, 70, 75, 58, 57, 69, 57, 76, 59, 61, 77, 66, 61, 76, 65, 64, 73, 69, 69, 79, 75, 68, 68, 74, 80, 71, 84, 88, 80, 80, 76, 85, 80, 84, 93, 85, 89, 86, 80, 79, 80, 85, 88, 86, 87, 94, -1, 93, 94, -1, -1, -1, -1, 91, -1, -1, -1, -1, -1, -1, -1, -1, -1, -1, -1]","[0, 0, 0, 0, 0, 0, 0, 0, 0, 0, 0, 0, 0, 0, 0, 0, 0, 0, 0, 0, 0, 0, 0, 0, 0, 0, 0, 0, 0, 0, 0, 0, 0, 0, 0, 0, 0, 0, 0, 0, 0, 0, 0, 0, 0, 0, 0, 0, 0, 0, 0, 0, 0, 0, 0, 0, 0, 0, 0, 0, 0, 0, 0, 0, 0, 0, 0, 0, 0, 0, 0, 0, 0, 0, 0, 0, 0, 0, 0, 0, 0, 0, 0, 0, 0, 0, 0, 0, 0, 0, 0, 0, 0, 0, 0, 0, 0, 0, 0, 0, 0, 0, 0, 0, 0, 0, 0, 0, 0, 0, 0, 0, 0, 0, 4029.0, 0, 0, 4029.0, 1603.4395537141763, 1501.5954548637433, 4029.0, 0, 1695.5596892259007, 4029.0, 2191.4611413650955, 923.9649914220806, 4029.0, 2333.4403107740995, 4029.0, 4029.0, 4029.0, 4029.0, 1837.538858634904]","[0, 0, 0, 0, 0, 0, 0, 0, 0, 0, 0, 0, 0, 0, 0, 0, 0, 0, 0, 0, 0, 0, 0, 0, 0, 0, 0, 0, 0, 0, 0, 0, 0, 0, 0, 0, 0, 0, 0, 0, 0, 0, 0, 0, 0, 0, 0, 0, 0, 0, 0, 0, 0, 0, 0, 0, 0, 0, 0, 0, 0, 0, 0, 0, 0, 0, 0, 0, 0, 0, 0, 0, 0, 0, 0, 0, 0, 0, 0, 0, 0, 0, 0, 0, 0, 0, 0, 0, 0, 0, 0, 0, 0, 0, 0, 0, 0, 0, 0, 0, 0, 0, 0, 0, 0, 0, 0, 0, 0, 0, 0, 0, 0, 0, (0.0, 0.0, 0.0), 0, 0, (61.51606666666666, 0.0, 0.001), (299.8922, 0.2914, 0.05526666666666666), (111.1484, 0.6268666666666667, 0.0044666666666666665), (198.53, 0.4244, 0.13933333333333334), 0, (117.4404, 0.9303333333333335, 0.7412666666666667), (671.0880666666666, 0.08573333333333333, 0.32080000000000003), (213.9092, 0.46873333333333334, 0.15180000000000002), (22.3696, 0.0048, 0.0), (671.0880666666666, 0.08573333333333333, 0.32080000000000003), (268.4352, 0.009333333333333334, 0.0108), (93.3228, 0.018333333333333333, 0.014133333333333333), (35.6514, 0.001, 0.0), (96.9928, 0.020133333333333333, 0.014066666666666665), (306.18366666666674, 0.5942000000000001, 0.19193333333333337), (125.829, 0.0033333333333333335, 0.0012666666666666666)]","[0, 0, 0, 0, 0, 0, 0, 0, 0, 0, 0, 0, 0, 0, 0, 0, 0, 0, 0, 0, 0, 0, 0, 0, 0, 0, 0, 0, 0, 0, 0, 0, 0, 0, 0, 0, 0, 0, 0, 0, 0, 0, 0, 0, 0, 0, 0, 0, 0, 0, 0, 0, 0, 0, 0, 0, 0, 0, 0, 0, 0, 0, 0, 0, 0, 0, 0, 0, 0, 0, 0, 0, 0, 0, 0, 0, 0, 0, 0, 0, 0, 0, 0, 0, 0, 0, 0, 0, 0, 0, 0, 0, 0, 0, 0, 0, 0, 0, 0, 0, 0, 0, 0, 0, 0, 0, 0, 0, 0, 0, 0, 0, 0, 0, (2, 0.0, 0.0), 0, 0, (2, 0.0, 0.00037222222222222225), (1, 0.0, 0.0008333333333333334), (1, 0.0, 0.00023333333333333333), (3, 1.666666666666667e-05, 0.19247222222222224), 0, (2, 0.0, 0.010772222222222223), (3, 0.0, 0.018272222222222224), (3, 3.3333333333333335e-05, 0.2765777777777778), (3, 0.0, 0.0012777777777777776), (3, 0.0, 0.018272222222222224), (2, 0.0, 0.0022944444444444444), (1, 0.0, 0.0557), (1, 0.0, 0.0006222222222222223), (1, 0.0, 0.054338888888888895), (3, 0.011550000000000001, 0.43049444444444446), (3, 0.0, 0.0006444444444444443)]","[-1, -1, -1, -1, -1, -1, -1, -1, -1, -1, -1, -1, -1, -1, -1, -1, -1, -1, -1, -1, -1, -1, -1, -1, -1, -1, -1, -1, -1, -1, -1, -1, -1, -1, -1, -1, -1, -1, -1, -1, -1, -1, -1, -1, -1, -1, -1, -1, -1, -1, -1, -1, -1, -1, -1, -1, -1, -1, -1, -1, -1, -1, -1, -1, -1, -1, -1, -1, -1, -1, -1, -1, -1, -1, -1, -1, -1, -1, -1, -1, -1, -1, -1, -1, -1, -1, -1, -1, -1, -1, -1, -1, -1, -1, -1, -1, -1, -1, -1, -1, -1, -1, -1, -1, -1, -1, -1, -1, -1, -1, -1, -1, -1, -1, 9, -1, -1, 12, 6, 6, 10, -1, 15, 11, 14, 6, 5, 15, 7, 0, 1, 4, 14]","[False, False, False, False, False, False, False, False, False, False, False, False, False, False, False, False, False, False, False, False, False, False, False, False, False, False, False, False, False, False, False, False, False, False, False, False, False, False, False, False, False, False, False, False, False, False, False, False, False, False, False, False, False, False, False, False, False, False, False, False, False, False, False, False, False, False, False, False, False, False, False, False, False, False, False, False, False, False, False, False, False, False, False, False, False, False, False, False, False, False, False, False, False, False, False, False, False, False, False, False, False, False, False, False, False, False, False, False, False, False, False, False, False, False, True, False, False, True, True, True, True, False, True, True, True, True, True, True, True, True, True, True, True]"
95,"[0, 0, 0, 0, 0, 0, 0, 0, 0, 0, 0, 0, 0, 0, 0, 0, 0, 0, 0, 0, 0, 0, 0, 0, 0, 0, 0, 0, 0, 0, 0, 0, 0, 0, 0, 0, 0, 0, 0, 0, 0, 0, 0, 0, 0, 0, 0, 0, 0, 0, 0, 0, 0, 0, 0, 0, 0, 0, 0, 0, 0, 0, 0, 0, 0, 0, 0, 0, 0, 0, 0, 0, 0, 0, 0, 0, 0, 0, 0, 0, 0, 0, 0, 0, 0, 0, 0, 0, 0, 0, 0, 0, 0, 0, 0, 0, 0, 0, 0, 0, 0, 0, 0, 0, 0, 0, 0, 0, 0, 0, 0, 0, 0, 0, 3442.3960626058183, 0, 0, 0, 1205.339500794318, 733.962583790049, 961.60045201792, 0, 1554.649748478609, 1095.1560621194842, 2036.723179621289, 664.582938319502, 0, 2248.9012475559352, 0, 631.0503203604601, 754.589249271, 1352.2506356501997, 1068.445052216534]","[0, 0, 0, 1, 1, 2, 2, 2, 3, 3, 3, 3, 3, 4, 4, 4, 4, 4, 4, 4, 5, 5, 5, 5, 6, 6, 6, 6, 6, 7, 7, 7, 7, 7, 8, 8, 8, 9, 9, 9, 9, 9, 9, 10, 10, 11, 11, 11, 11, 11, 12, 12, 12, 12, 13, 13, 13, 13, 14, 14, 14, 14, 15, 15, 15, 15, 15, 16, 16, 17, 17, 17, 17, 17, 18, 19, 19, 19, 19, 20, 20, 20, 21, 21, 21, 21, 22, 22, 22, 22, 22, 22, 22, 22, 22, 23, 23, 23, 24, 24, 24, 24, 24, 24, 25, 25, 25, 26, 26, 26, 26, 27, 27, 27, 28, 28, 28, 29, 29, 29, 30, 30, 30, 30, 30, 31, 31, 31, 31, 32, 32, 32, 32]","[1, 1, 1, 2, 2, 3, 3, 3, 4, 4, 4, 4, 4, 5, 5, 5, 7, 10, 8, 8, 10, 10, 10, 11, 13, 14, 14, 16, 16, 18, 18, 18, 20, 20, 22, 22, 23, 24, 28, 26, 25, 26, 31, 28, 28, 29, 30, 30, 33, 36, 35, 35, 37, 36, 36, 37, 37, 37, 40, 40, 44, 44, 43, 44, 44, 45, 46, 47, 49, 51, 51, 52, 52, 53, 53, 55, 55, 55, 57, 56, 57, 58, 58, 58, 59, 59, 59, 61, 61, 61, 64, 66, 67, 68, 68, 68, 69, 69, 69, 70, 71, 73, 74, 75, 75, 76, 76, 76, 77, 79, 79, 80, 80, 80, 80, 80, 80, 84, 84, 85, 85, 85, 86, 88, 88, 88, 88, 89, 91, 93, 93, 94, 94]","[7, 10, 13, 11, 7, 10, 10, 20, 8, 26, 8, 20, 14, 25, 14, 25, 18, 37, 18, 22, 37, 16, 25, 18, 22, 26, 16, 35, 23, 24, 41, 26, 36, 40, 44, 33, 30, 28, 36, 30, 35, 55, 35, 29, 37, 53, 36, 46, 55, 56, 55, 43, 60, 47, 48, 40, 44, 44, 51, 43, 59, 67, 59, 53, 51, 49, 58, 52, 56, 70, 75, 58, 57, 69, 57, 76, 59, 61, 77, 66, 61, 76, 65, 64, 73, 69, 69, 79, 75, 68, 68, 74, 80, 71, 84, 88, 80, 80, 76, 85, 80, 84, 93, 85, 89, 86, 80, 79, 80, 85, 88, 86, 87, 94, -1, 93, 94, 95, -1, -1, -1, 91, -1, -1, -1, -1, -1, -1, -1, -1, -1, -1, -1]","[0, 0, 0, 0, 0, 0, 0, 0, 0, 0, 0, 0, 0, 0, 0, 0, 0, 0, 0, 0, 0, 0, 0, 0, 0, 0, 0, 0, 0, 0, 0, 0, 0, 0, 0, 0, 0, 0, 0, 0, 0, 0, 0, 0, 0, 0, 0, 0, 0, 0, 0, 0, 0, 0, 0, 0, 0, 0, 0, 0, 0, 0, 0, 0, 0, 0, 0, 0, 0, 0, 0, 0, 0, 0, 0, 0, 0, 0, 0, 0, 0, 0, 0, 0, 0, 0, 0, 0, 0, 0, 0, 0, 0, 0, 0, 0, 0, 0, 0, 0, 0, 0, 0, 0, 0, 0, 0, 0, 0, 0, 0, 0, 0, 0, 4029.0, 0, 0, 0, 1680.3778264930284, 1209.0009094887594, 4029.0, 0, 1667.3742504613367, 4029.0, 2498.639063702378, 1139.6212640182123, 4029.0, 2361.625749538663, 4029.0, 4029.0, 4029.0, 4029.0, 1530.3609362976224]","[0, 0, 0, 0, 0, 0, 0, 0, 0, 0, 0, 0, 0, 0, 0, 0, 0, 0, 0, 0, 0, 0, 0, 0, 0, 0, 0, 0, 0, 0, 0, 0, 0, 0, 0, 0, 0, 0, 0, 0, 0, 0, 0, 0, 0, 0, 0, 0, 0, 0, 0, 0, 0, 0, 0, 0, 0, 0, 0, 0, 0, 0, 0, 0, 0, 0, 0, 0, 0, 0, 0, 0, 0, 0, 0, 0, 0, 0, 0, 0, 0, 0, 0, 0, 0, 0, 0, 0, 0, 0, 0, 0, 0, 0, 0, 0, 0, 0, 0, 0, 0, 0, 0, 0, 0, 0, 0, 0, 0, 0, 0, 0, 0, 0, (0.0, 0.0, 0.0), 0, 0, 0, (294.2998, 0.28173333333333334, 0.05493333333333333), (80.73986666666669, 0.6493333333333333, 0.004200000000000001), (194.33579999999998, 0.31493333333333334, 0.10186666666666666), 0, (83.886, 0.8937333333333333, 0.7318666666666667), (767.5571333333334, 0.08106666666666666, 0.391), (212.51093333333333, 0.6914, 0.224), (78.29360000000001, 0.005933333333333334, 0.0014666666666666665), (767.5571333333334, 0.08106666666666666, 0.391), (33.5544, 0.009266666666666668, 0.010666666666666666), (93.8472, 0.0318, 0.0146), (48.234, 0.001066666666666667, 0.0), (90.177, 0.02, 0.014), (281.018, 0.42160000000000003, 0.13533333333333333), (170.56820000000002, 0.0034, 0.0014666666666666665)]","[0, 0, 0, 0, 0, 0, 0, 0, 0, 0, 0, 0, 0, 0, 0, 0, 0, 0, 0, 0, 0, 0, 0, 0, 0, 0, 0, 0, 0, 0, 0, 0, 0, 0, 0, 0, 0, 0, 0, 0, 0, 0, 0, 0, 0, 0, 0, 0, 0, 0, 0, 0, 0, 0, 0, 0, 0, 0, 0, 0, 0, 0, 0, 0, 0, 0, 0, 0, 0, 0, 0, 0, 0, 0, 0, 0, 0, 0, 0, 0, 0, 0, 0, 0, 0, 0, 0, 0, 0, 0, 0, 0, 0, 0, 0, 0, 0, 0, 0, 0, 0, 0, 0, 0, 0, 0, 0, 0, 0, 0, 0, 0, 0, 0, (2, 0.0, 0.0), 0, 0, 0, (1, 0.0, 0.001), (1, 0.0, 0.0002222222222222222), (3, 0.0, 0.12192777777777777), 0, (2, 0.0, 0.007866666666666668), (3, 0.0, 0.02345), (3, 0.0002333333333333333, 0.49188333333333323), (3, 0.0, 0.0033777777777777777), (3, 0.0, 0.02345), (2, 0.0, 0.0023555555555555556), (1, 0.00011666666666666667, 0.053427777777777775), (1, 0.0, 0.0006333333333333333), (1, 3.3333333333333335e-05, 0.05506666666666666), (3, 1.666666666666667e-05, 0.2272388888888889), (3, 0.0, 0.0005666666666666666)]","[-1, -1, -1, -1, -1, -1, -1, -1, -1, -1, -1, -1, -1, -1, -1, -1, -1, -1, -1, -1, -1, -1, -1, -1, -1, -1, -1, -1, -1, -1, -1, -1, -1, -1, -1, -1, -1, -1, -1, -1, -1, -1, -1, -1, -1, -1, -1, -1, -1, -1, -1, -1, -1, -1, -1, -1, -1, -1, -1, -1, -1, -1, -1, -1, -1, -1, -1, -1, -1, -1, -1, -1, -1, -1, -1, -1, -1, -1, -1, -1, -1, -1, -1, -1, -1, -1, -1, -1, -1, -1, -1, -1, -1, -1, -1, -1, -1, -1, -1, -1, -1, -1, -1, -1, -1, -1, -1, -1, -1, -1, -1, -1, -1, -1, 9, -1, -1, -1, 6, 6, 10, -1, 15, 11, 14, 6, 5, 15, 7, 0, 1, 4, 14]","[False, False, False, False, False, False, False, False, False, False, False, False, False, False, False, False, False, False, False, False, False, False, False, False, False, False, False, False, False, False, False, False, False, False, False, False, False, False, False, False, False, False, False, False, False, False, False, False, False, False, False, False, False, False, False, False, False, False, False, False, False, False, False, False, False, False, False, False, False, False, False, False, False, False, False, False, False, False, False, False, False, False, False, False, False, False, False, False, False, False, False, False, False, False, False, False, False, False, False, False, False, False, False, False, False, False, False, False, False, False, False, False, False, False, True, False, False, False, True, True, True, False, True, True, True, True, True, True, True, True, True, True, True]"
96,"[0, 0, 0, 0, 0, 0, 0, 0, 0, 0, 0, 0, 0, 0, 0, 0, 0, 0, 0, 0, 0, 0, 0, 0, 0, 0, 0, 0, 0, 0, 0, 0, 0, 0, 0, 0, 0, 0, 0, 0, 0, 0, 0, 0, 0, 0, 0, 0, 0, 0, 0, 0, 0, 0, 0, 0, 0, 0, 0, 0, 0, 0, 0, 0, 0, 0, 0, 0, 0, 0, 0, 0, 0, 0, 0, 0, 0, 0, 0, 0, 0, 0, 0, 0, 0, 0, 0, 0, 0, 0, 0, 0, 0, 0, 0, 0, 0, 0, 0, 0, 0, 0, 0, 0, 0, 0, 0, 0, 0, 0, 0, 0, 0, 0, 3475.784967189774, 0, 0, 0, 1238.7284066334953, 928.4078951672633, 1021.7004802690399, 0, 1554.649748478609, 931.5504308882199, 1769.6119429496443, 626.0133927920311, 0, 5046.6768101486105, 0, 644.4058826961312, 741.2336873370001, 1409.0117734429248, 1095.1561785219467, 3752.9130163235823, 685.3513090824399]","[0, 0, 0, 1, 1, 2, 2, 2, 3, 3, 3, 3, 3, 4, 4, 4, 4, 4, 4, 4, 5, 5, 5, 5, 6, 6, 6, 6, 6, 7, 7, 7, 7, 7, 8, 8, 8, 9, 9, 9, 9, 9, 9, 10, 10, 11, 11, 11, 11, 11, 12, 12, 12, 12, 13, 13, 13, 13, 14, 14, 14, 14, 15, 15, 15, 15, 15, 16, 16, 17, 17, 17, 17, 17, 18, 19, 19, 19, 19, 20, 20, 20, 21, 21, 21, 21, 22, 22, 22, 22, 22, 22, 22, 22, 22, 23, 23, 23, 24, 24, 24, 24, 24, 24, 25, 25, 25, 26, 26, 26, 26, 27, 27, 27, 28, 28, 28, 29, 29, 29, 30, 30, 30, 30, 30, 31, 31, 31, 31, 32, 32, 32, 32, 32, 33]","[1, 1, 1, 2, 2, 3, 3, 3, 4, 4, 4, 4, 4, 5, 5, 5, 7, 10, 8, 8, 10, 10, 10, 11, 13, 14, 14, 16, 16, 18, 18, 18, 20, 20, 22, 22, 23, 24, 28, 26, 25, 26, 31, 28, 28, 29, 30, 30, 33, 36, 35, 35, 37, 36, 36, 37, 37, 37, 40, 40, 44, 44, 43, 44, 44, 45, 46, 47, 49, 51, 51, 52, 52, 53, 53, 55, 55, 55, 57, 56, 57, 58, 58, 58, 59, 59, 59, 61, 61, 61, 64, 66, 67, 68, 68, 68, 69, 69, 69, 70, 71, 73, 74, 75, 75, 76, 76, 76, 77, 79, 79, 80, 80, 80, 80, 80, 80, 84, 84, 85, 85, 85, 86, 88, 88, 88, 88, 89, 91, 93, 93, 94, 94, 96, 96]","[7, 10, 13, 11, 7, 10, 10, 20, 8, 26, 8, 20, 14, 25, 14, 25, 18, 37, 18, 22, 37, 16, 25, 18, 22, 26, 16, 35, 23, 24, 41, 26, 36, 40, 44, 33, 30, 28, 36, 30, 35, 55, 35, 29, 37, 53, 36, 46, 55, 56, 55, 43, 60, 47, 48, 40, 44, 44, 51, 43, 59, 67, 59, 53, 51, 49, 58, 52, 56, 70, 75, 58, 57, 69, 57, 76, 59, 61, 77, 66, 61, 76, 65, 64, 73, 69, 69, 79, 75, 68, 68, 74, 80, 71, 84, 88, 80, 80, 76, 85, 80, 84, 93, 85, 89, 86, 80, 79, 80, 85, 88, 86, 87, 94, -1, 93, 94, 95, -1, -1, -1, 91, -1, -1, -1, -1, 96, -1, 96, -1, -1, -1, -1, -1, -1]","[0, 0, 0, 0, 0, 0, 0, 0, 0, 0, 0, 0, 0, 0, 0, 0, 0, 0, 0, 0, 0, 0, 0, 0, 0, 0, 0, 0, 0, 0, 0, 0, 0, 0, 0, 0, 0, 0, 0, 0, 0, 0, 0, 0, 0, 0, 0, 0, 0, 0, 0, 0, 0, 0, 0, 0, 0, 0, 0, 0, 0, 0, 0, 0, 0, 0, 0, 0, 0, 0, 0, 0, 0, 0, 0, 0, 0, 0, 0, 0, 0, 0, 0, 0, 0, 0, 0, 0, 0, 0, 0, 0, 0, 0, 0, 0, 0, 0, 0, 0, 0, 0, 0, 0, 0, 0, 0, 0, 0, 0, 0, 0, 0, 0, 4029.0, 0, 0, 0, 1650.6785084358987, 1340.3579969696666, 4029.0, 0, 268.48646916499933, 4029.0, 2351.7278822138487, 1037.9634945944345, 0, 3760.513530835001, 0, 4029.0, 4029.0, 4029.0, 1677.272117786151, 4029.0, 4029.0]","[0, 0, 0, 0, 0, 0, 0, 0, 0, 0, 0, 0, 0, 0, 0, 0, 0, 0, 0, 0, 0, 0, 0, 0, 0, 0, 0, 0, 0, 0, 0, 0, 0, 0, 0, 0, 0, 0, 0, 0, 0, 0, 0, 0, 0, 0, 0, 0, 0, 0, 0, 0, 0, 0, 0, 0, 0, 0, 0, 0, 0, 0, 0, 0, 0, 0, 0, 0, 0, 0, 0, 0, 0, 0, 0, 0, 0, 0, 0, 0, 0, 0, 0, 0, 0, 0, 0, 0, 0, 0, 0, 0, 0, 0, 0, 0, 0, 0, 0, 0, 0, 0, 0, 0, 0, 0, 0, 0, 0, 0, 0, 0, 0, 0, (0.0, 0.0, 0.0), 0, 0, 0, (281.7169333333334, 0.28753333333333336, 0.054), (90.177, 0.6436666666666666, 0.004533333333333333), (146.80033333333338, 0.3725333333333334, 0.1176), 0, (92.2746, 0.9142666666666668, 0.7324666666666667), (796.9172, 0.0888, 0.33713333333333334), (190.14146666666667, 0.5508, 0.17880000000000001), (44.7392, 0.004666666666666667, 6.666666666666668e-05), 0, (369.0984, 0.018533333333333336, 0.025066666666666668), 0, (41.94273333333333, 0.0009333333333333332, 6.666666666666668e-05), (93.3228, 0.018333333333333333, 0.014133333333333333), (255.852, 0.49213333333333326, 0.15953333333333333), (170.56820000000002, 0.0033333333333333335, 0.0014), (388.67179999999996, 7.663399999999999, 2.4918666666666667), (232.08433333333338, 0.9976, 0.007)]","[0, 0, 0, 0, 0, 0, 0, 0, 0, 0, 0, 0, 0, 0, 0, 0, 0, 0, 0, 0, 0, 0, 0, 0, 0, 0, 0, 0, 0, 0, 0, 0, 0, 0, 0, 0, 0, 0, 0, 0, 0, 0, 0, 0, 0, 0, 0, 0, 0, 0, 0, 0, 0, 0, 0, 0, 0, 0, 0, 0, 0, 0, 0, 0, 0, 0, 0, 0, 0, 0, 0, 0, 0, 0, 0, 0, 0, 0, 0, 0, 0, 0, 0, 0, 0, 0, 0, 0, 0, 0, 0, 0, 0, 0, 0, 0, 0, 0, 0, 0, 0, 0, 0, 0, 0, 0, 0, 0, 0, 0, 0, 0, 0, 0, (2, 0.0, 0.0), 0, 0, 0, (1, 0.0, 0.00115), (1, 0.0, 0.0002222222222222222), (3, 5e-05, 0.20093333333333338), 0, (2, 0.0, 0.010216666666666666), (3, 0.0, 0.019), (3, 0.00013333333333333334, 0.3462888888888889), (3, 0.0, 0.0013444444444444443), 0, (2, 0.0, 0.0054888888888888895), 0, (1, 0.0, 0.0006222222222222223), (1, 0.0, 0.0557), (3, 8.333333333333333e-05, 0.28617777777777775), (3, 0.0, 0.0008388888888888889), (2, 0.0, 0.016355555555555557), (3, 0.0, 0.0005111111111111112)]","[-1, -1, -1, -1, -1, -1, -1, -1, -1, -1, -1, -1, -1, -1, -1, -1, -1, -1, -1, -1, -1, -1, -1, -1, -1, -1, -1, -1, -1, -1, -1, -1, -1, -1, -1, -1, -1, -1, -1, -1, -1, -1, -1, -1, -1, -1, -1, -1, -1, -1, -1, -1, -1, -1, -1, -1, -1, -1, -1, -1, -1, -1, -1, -1, -1, -1, -1, -1, -1, -1, -1, -1, -1, -1, -1, -1, -1, -1, -1, -1, -1, -1, -1, -1, -1, -1, -1, -1, -1, -1, -1, -1, -1, -1, -1, -1, -1, -1, -1, -1, -1, -1, -1, -1, -1, -1, -1, -1, -1, -1, -1, -1, -1, -1, 9, -1, -1, -1, 6, 6, 10, -1, 15, 11, 14, 6, -1, 15, -1, 0, 1, 4, 14, 12, 7]","[False, False, False, False, False, False, False, False, False, False, False, False, False, False, False, False, False, False, False, False, False, False, False, False, False, False, False, False, False, False, False, False, False, False, False, False, False, False, False, False, False, False, False, False, False, False, False, False, False, False, False, False, False, False, False, False, False, False, False, False, False, False, False, False, False, False, False, False, False, False, False, False, False, False, False, False, False, False, False, False, False, False, False, False, False, False, False, False, False, False, False, False, False, False, False, False, False, False, False, False, False, False, False, False, False, False, False, False, False, False, False, False, False, False, True, False, False, False, True, True, True, False, True, True, True, True, False, True, False, True, True, True, True, True, True]"
97,"[0, 0, 0, 0, 0, 0, 0, 0, 0, 0, 0, 0, 0, 0, 0, 0, 0, 0, 0, 0, 0, 0, 0, 0, 0, 0, 0, 0, 0, 0, 0, 0, 0, 0, 0, 0, 0, 0, 0, 0, 0, 0, 0, 0, 0, 0, 0, 0, 0, 0, 0, 0, 0, 0, 0, 0, 0, 0, 0, 0, 0, 0, 0, 0, 0, 0, 0, 0, 0, 0, 0, 0, 0, 0, 0, 0, 0, 0, 0, 0, 0, 0, 0, 0, 0, 0, 0, 0, 0, 0, 0, 0, 0, 0, 0, 0, 0, 0, 0, 0, 0, 0, 0, 0, 0, 0, 0, 0, 0, 0, 0, 0, 0, 0, 3732.8795324862313, 0, 0, 0, 1255.4228595530844, 1174.8878673355634, 3549.2405572744774, 0, 0, 1008.3449108539154, 1292.1506073990797, 0, 0, 6361.008278047395, 0, 0, 0, 1816.3564093671823, 1105.1728508864767, 2794.65141873918, 741.7221959766666]","[0, 0, 0, 1, 1, 2, 2, 2, 3, 3, 3, 3, 3, 4, 4, 4, 4, 4, 4, 4, 5, 5, 5, 5, 6, 6, 6, 6, 6, 7, 7, 7, 7, 7, 8, 8, 8, 9, 9, 9, 9, 9, 9, 10, 10, 11, 11, 11, 11, 11, 12, 12, 12, 12, 13, 13, 13, 13, 14, 14, 14, 14, 15, 15, 15, 15, 15, 16, 16, 17, 17, 17, 17, 17, 18, 19, 19, 19, 19, 20, 20, 20, 21, 21, 21, 21, 22, 22, 22, 22, 22, 22, 22, 22, 22, 23, 23, 23, 24, 24, 24, 24, 24, 24, 25, 25, 25, 26, 26, 26, 26, 27, 27, 27, 28, 28, 28, 29, 29, 29, 30, 30, 30, 30, 30, 31, 31, 31, 31, 32, 32, 32, 32, 32, 33]","[1, 1, 1, 2, 2, 3, 3, 3, 4, 4, 4, 4, 4, 5, 5, 5, 7, 10, 8, 8, 10, 10, 10, 11, 13, 14, 14, 16, 16, 18, 18, 18, 20, 20, 22, 22, 23, 24, 28, 26, 25, 26, 31, 28, 28, 29, 30, 30, 33, 36, 35, 35, 37, 36, 36, 37, 37, 37, 40, 40, 44, 44, 43, 44, 44, 45, 46, 47, 49, 51, 51, 52, 52, 53, 53, 55, 55, 55, 57, 56, 57, 58, 58, 58, 59, 59, 59, 61, 61, 61, 64, 66, 67, 68, 68, 68, 69, 69, 69, 70, 71, 73, 74, 75, 75, 76, 76, 76, 77, 79, 79, 80, 80, 80, 80, 80, 80, 84, 84, 85, 85, 85, 86, 88, 88, 88, 88, 89, 91, 93, 93, 94, 94, 96, 96]","[7, 10, 13, 11, 7, 10, 10, 20, 8, 26, 8, 20, 14, 25, 14, 25, 18, 37, 18, 22, 37, 16, 25, 18, 22, 26, 16, 35, 23, 24, 41, 26, 36, 40, 44, 33, 30, 28, 36, 30, 35, 55, 35, 29, 37, 53, 36, 46, 55, 56, 55, 43, 60, 47, 48, 40, 44, 44, 51, 43, 59, 67, 59, 53, 51, 49, 58, 52, 56, 70, 75, 58, 57, 69, 57, 76, 59, 61, 77, 66, 61, 76, 65, 64, 73, 69, 69, 79, 75, 68, 68, 74, 80, 71, 84, 88, 80, 80, 76, 85, 80, 84, 93, 85, 89, 86, 80, 79, 80, 85, 88, 86, 87, 94, -1, 93, 94, 95, -1, -1, -1, 91, -1, -1, -1, -1, 96, -1, 96, -1, -1, -1, -1, -1, -1]","[0, 0, 0, 0, 0, 0, 0, 0, 0, 0, 0, 0, 0, 0, 0, 0, 0, 0, 0, 0, 0, 0, 0, 0, 0, 0, 0, 0, 0, 0, 0, 0, 0, 0, 0, 0, 0, 0, 0, 0, 0, 0, 0, 0, 0, 0, 0, 0, 0, 0, 0, 0, 0, 0, 0, 0, 0, 0, 0, 0, 0, 0, 0, 0, 0, 0, 0, 0, 0, 0, 0, 0, 0, 0, 0, 0, 0, 0, 0, 0, 0, 0, 0, 0, 0, 0, 0, 0, 0, 0, 0, 0, 0, 0, 0, 0, 0, 0, 0, 0, 0, 0, 0, 0, 0, 0, 0, 0, 0, 0, 0, 0, 0, 0, 4029.0, 0, 0, 0, 1788.3192839235353, 1707.7842917060143, 4029.0, 0, -1166.0041390236975, 4029.0, 2107.988878256301, 532.8964243704507, 0, 5195.0041390236975, 0, 4029.0, 4029.0, 4029.0, 1921.0111217436984, 4029.0, 4029.0]","[0, 0, 0, 0, 0, 0, 0, 0, 0, 0, 0, 0, 0, 0, 0, 0, 0, 0, 0, 0, 0, 0, 0, 0, 0, 0, 0, 0, 0, 0, 0, 0, 0, 0, 0, 0, 0, 0, 0, 0, 0, 0, 0, 0, 0, 0, 0, 0, 0, 0, 0, 0, 0, 0, 0, 0, 0, 0, 0, 0, 0, 0, 0, 0, 0, 0, 0, 0, 0, 0, 0, 0, 0, 0, 0, 0, 0, 0, 0, 0, 0, 0, 0, 0, 0, 0, 0, 0, 0, 0, 0, 0, 0, 0, 0, 0, 0, 0, 0, 0, 0, 0, 0, 0, 0, 0, 0, 0, 0, 0, 0, 0, 0, 0, (0.0, 0.0, 0.0), 0, 0, 0, (282.41613333333333, 0.3092, 0.0536), (88.07973333333334, 0.8984, 0.004200000000000001), (290.8046, 0.5733333333333334, 0.17), 0, (134.2176, 0.8891333333333333, 0.7291333333333333), (700.4481333333333, 0.07953333333333333, 0.389), (198.53, 0.4244, 0.13933333333333334), (44.7392, 0.004666666666666667, 0.0), 0, (1157.6274666666666, 0.016533333333333334, 0.022133333333333328), 0, (39.8456, 0.0008666666666666667, 6.666666666666668e-05), (93.8472, 0.0318, 0.0146), (226.49179999999998, 0.6, 0.19540000000000002), (128.6252, 0.0032, 0.0014), (651.5146, 19.004533333333335, 2.486266666666667), (264.24086666666665, 0.7731333333333333, 0.0056)]","[0, 0, 0, 0, 0, 0, 0, 0, 0, 0, 0, 0, 0, 0, 0, 0, 0, 0, 0, 0, 0, 0, 0, 0, 0, 0, 0, 0, 0, 0, 0, 0, 0, 0, 0, 0, 0, 0, 0, 0, 0, 0, 0, 0, 0, 0, 0, 0, 0, 0, 0, 0, 0, 0, 0, 0, 0, 0, 0, 0, 0, 0, 0, 0, 0, 0, 0, 0, 0, 0, 0, 0, 0, 0, 0, 0, 0, 0, 0, 0, 0, 0, 0, 0, 0, 0, 0, 0, 0, 0, 0, 0, 0, 0, 0, 0, 0, 0, 0, 0, 0, 0, 0, 0, 0, 0, 0, 0, 0, 0, 0, 0, 0, 0, (2, 0.0, 0.0), 0, 0, 0, (1, 0.0, 0.0005888888888888889), (1, 0.0, 0.00032777777777777775), (3, 0.0017833333333333332, 0.2834388888888889), 0, (2, 1.666666666666667e-05, 0.00786111111111111), (3, 0.0, 0.019427777777777776), (3, 1.666666666666667e-05, 0.19247222222222224), (3, 0.0, 0.0013), 0, (2, 0.0, 0.005333333333333333), 0, (1, 0.0, 0.000638888888888889), (1, 0.00011666666666666667, 0.053427777777777775), (3, 0.00016666666666666666, 0.37338333333333334), (3, 0.0, 0.0005555555555555557), (2, 0.0, 0.0053), (3, 0.0, 0.0006277777777777777)]","[-1, -1, -1, -1, -1, -1, -1, -1, -1, -1, -1, -1, -1, -1, -1, -1, -1, -1, -1, -1, -1, -1, -1, -1, -1, -1, -1, -1, -1, -1, -1, -1, -1, -1, -1, -1, -1, -1, -1, -1, -1, -1, -1, -1, -1, -1, -1, -1, -1, -1, -1, -1, -1, -1, -1, -1, -1, -1, -1, -1, -1, -1, -1, -1, -1, -1, -1, -1, -1, -1, -1, -1, -1, -1, -1, -1, -1, -1, -1, -1, -1, -1, -1, -1, -1, -1, -1, -1, -1, -1, -1, -1, -1, -1, -1, -1, -1, -1, -1, -1, -1, -1, -1, -1, -1, -1, -1, -1, -1, -1, -1, -1, -1, -1, 9, -1, -1, -1, 6, 6, 10, -1, 15, 11, 14, 6, -1, 15, -1, 0, 1, 4, 14, 12, 7]","[False, False, False, False, False, False, False, False, False, False, False, False, False, False, False, False, False, False, False, False, False, False, False, False, False, False, False, False, False, False, False, False, False, False, False, False, False, False, False, False, False, False, False, False, False, False, False, False, False, False, False, False, False, False, False, False, False, False, False, False, False, False, False, False, False, False, False, False, False, False, False, False, False, False, False, False, False, False, False, False, False, False, False, False, False, False, False, False, False, False, False, False, False, False, False, False, False, False, False, False, False, False, False, False, False, False, False, False, False, False, False, False, False, False, True, False, False, False, True, True, True, False, True, True, True, True, False, True, False, True, True, True, True, True, True]"
98,"[0, 0, 0, 0, 0, 0, 0, 0, 0, 0, 0, 0, 0, 0, 0, 0, 0, 0, 0, 0, 0, 0, 0, 0, 0, 0, 0, 0, 0, 0, 0, 0, 0, 0, 0, 0, 0, 0, 0, 0, 0, 0, 0, 0, 0, 0, 0, 0, 0, 0, 0, 0, 0, 0, 0, 0, 0, 0, 0, 0, 0, 0, 0, 0, 0, 0, 0, 0, 0, 0, 0, 0, 0, 0, 0, 0, 0, 0, 0, 0, 0, 0, 0, 0, 0, 0, 0, 0, 0, 0, 0, 0, 0, 0, 0, 0, 0, 0, 0, 0, 0, 0, 0, 0, 0, 0, 0, 0, 0, 0, 0, 0, 0, 0, 3782.9628893621643, 0, 0, 0, 0, 1366.594512355352, 2160.2621265819243, 0, 0, 0, 961.60045201792, 0, 0, 2438.7820916767528, 0, 0, 0, 2230.3788262082307, 1078.4617245810634, 1739.5619942211624, 623.0466446204, 777.9614183128089, 644.4058826961312, 80.13338746088, 2180.662757134983]","[0, 0, 0, 1, 1, 2, 2, 2, 3, 3, 3, 3, 3, 4, 4, 4, 4, 4, 4, 4, 5, 5, 5, 5, 6, 6, 6, 6, 6, 7, 7, 7, 7, 7, 8, 8, 8, 9, 9, 9, 9, 9, 9, 10, 10, 11, 11, 11, 11, 11, 12, 12, 12, 12, 13, 13, 13, 13, 14, 14, 14, 14, 15, 15, 15, 15, 15, 16, 16, 17, 17, 17, 17, 17, 18, 19, 19, 19, 19, 20, 20, 20, 21, 21, 21, 21, 22, 22, 22, 22, 22, 22, 22, 22, 22, 23, 23, 23, 24, 24, 24, 24, 24, 24, 25, 25, 25, 26, 26, 26, 26, 27, 27, 27, 28, 28, 28, 29, 29, 29, 30, 30, 30, 30, 30, 31, 31, 31, 31, 32, 32, 32, 32, 32, 33, 33, 33, 33, 33]","[1, 1, 1, 2, 2, 3, 3, 3, 4, 4, 4, 4, 4, 5, 5, 5, 7, 10, 8, 8, 10, 10, 10, 11, 13, 14, 14, 16, 16, 18, 18, 18, 20, 20, 22, 22, 23, 24, 28, 26, 25, 26, 31, 28, 28, 29, 30, 30, 33, 36, 35, 35, 37, 36, 36, 37, 37, 37, 40, 40, 44, 44, 43, 44, 44, 45, 46, 47, 49, 51, 51, 52, 52, 53, 53, 55, 55, 55, 57, 56, 57, 58, 58, 58, 59, 59, 59, 61, 61, 61, 64, 66, 67, 68, 68, 68, 69, 69, 69, 70, 71, 73, 74, 75, 75, 76, 76, 76, 77, 79, 79, 80, 80, 80, 80, 80, 80, 84, 84, 85, 85, 85, 86, 88, 88, 88, 88, 89, 91, 93, 93, 94, 94, 96, 96, 98, 98, 98, 98]","[7, 10, 13, 11, 7, 10, 10, 20, 8, 26, 8, 20, 14, 25, 14, 25, 18, 37, 18, 22, 37, 16, 25, 18, 22, 26, 16, 35, 23, 24, 41, 26, 36, 40, 44, 33, 30, 28, 36, 30, 35, 55, 35, 29, 37, 53, 36, 46, 55, 56, 55, 43, 60, 47, 48, 40, 44, 44, 51, 43, 59, 67, 59, 53, 51, 49, 58, 52, 56, 70, 75, 58, 57, 69, 57, 76, 59, 61, 77, 66, 61, 76, 65, 64, 73, 69, 69, 79, 75, 68, 68, 74, 80, 71, 84, 88, 80, 80, 76, 85, 80, 84, 93, 85, 89, 86, 80, 79, 80, 85, 88, 86, 87, 94, -1, 93, 94, 95, -1, -1, -1, 91, 98, -1, -1, 98, 96, -1, 96, 98, 98, -1, -1, -1, -1, -1, -1, -1, -1]","[0, 0, 0, 0, 0, 0, 0, 0, 0, 0, 0, 0, 0, 0, 0, 0, 0, 0, 0, 0, 0, 0, 0, 0, 0, 0, 0, 0, 0, 0, 0, 0, 0, 0, 0, 0, 0, 0, 0, 0, 0, 0, 0, 0, 0, 0, 0, 0, 0, 0, 0, 0, 0, 0, 0, 0, 0, 0, 0, 0, 0, 0, 0, 0, 0, 0, 0, 0, 0, 0, 0, 0, 0, 0, 0, 0, 0, 0, 0, 0, 0, 0, 0, 0, 0, 0, 0, 0, 0, 0, 0, 0, 0, 0, 0, 0, 0, 0, 0, 0, 0, 0, 0, 0, 0, 0, 0, 0, 0, 0, 0, 0, 0, 0, 4029.0, 0, 0, 0, 1974.43330626956, 4029.0, 4029.0, 0, 0, 4029.0, 1956.0693637184281, 0, 0, 4029.0, 0, 0, 0, 4029.0, 2072.9306362815714, 4029.0, 1235.6919437427084, 4029.0, 4029.0, 2054.56669373044, 2793.3080562572914]","[0, 0, 0, 0, 0, 0, 0, 0, 0, 0, 0, 0, 0, 0, 0, 0, 0, 0, 0, 0, 0, 0, 0, 0, 0, 0, 0, 0, 0, 0, 0, 0, 0, 0, 0, 0, 0, 0, 0, 0, 0, 0, 0, 0, 0, 0, 0, 0, 0, 0, 0, 0, 0, 0, 0, 0, 0, 0, 0, 0, 0, 0, 0, 0, 0, 0, 0, 0, 0, 0, 0, 0, 0, 0, 0, 0, 0, 0, 0, 0, 0, 0, 0, 0, 0, 0, 0, 0, 0, 0, 0, 0, 0, 0, 0, 0, 0, 0, 0, 0, 0, 0, 0, 0, 0, 0, 0, 0, 0, 0, 0, 0, 0, 0, (0.0, 0.0, 0.0), 0, 0, 0, (264.94006666666667, 0.23893333333333336, 0.04573333333333334), (108.00293333333333, 1.1823333333333332, 0.0031333333333333335), (278.22166666666675, 0.49906666666666666, 0.15853333333333333), 0, 0, (637.534, 0.09033333333333332, 0.3533333333333333), (194.33579999999998, 0.31493333333333334, 0.10186666666666666), 0, 0, (167.772, 0.009333333333333334, 0.0104), 0, 0, 0, (209.7148, 0.7276, 0.23566666666666664), (134.2176, 0.0033333333333333335, 0.0014), (369.0984, 16.1096, 2.579733333333333), (260.0463333333334, 0.6686, 0.004866666666666666), (123.73126666666663, 0.009733333333333332, 0.0028), (32.15606666666666, 0.0009333333333333332, 6.666666666666668e-05), (75.84646666666666, 0.0, 0.0), (473.9556, 4.806, 0.02386666666666667)]","[0, 0, 0, 0, 0, 0, 0, 0, 0, 0, 0, 0, 0, 0, 0, 0, 0, 0, 0, 0, 0, 0, 0, 0, 0, 0, 0, 0, 0, 0, 0, 0, 0, 0, 0, 0, 0, 0, 0, 0, 0, 0, 0, 0, 0, 0, 0, 0, 0, 0, 0, 0, 0, 0, 0, 0, 0, 0, 0, 0, 0, 0, 0, 0, 0, 0, 0, 0, 0, 0, 0, 0, 0, 0, 0, 0, 0, 0, 0, 0, 0, 0, 0, 0, 0, 0, 0, 0, 0, 0, 0, 0, 0, 0, 0, 0, 0, 0, 0, 0, 0, 0, 0, 0, 0, 0, 0, 0, 0, 0, 0, 0, 0, 0, (2, 0.0, 0.0), 0, 0, 0, (1, 0.0, 0.0006888888888888888), (1, 0.0, 0.00023333333333333333), (3, 0.04115, 0.5988777777777777), 0, 0, (3, 0.0, 0.015172222222222219), (3, 0.0, 0.12192777777777777), 0, 0, (2, 0.0, 0.002172222222222222), 0, 0, 0, (3, 0.00021666666666666668, 0.5190777777777777), (3, 0.0, 0.0007111111111111111), (2, 0.0, 0.00225), (3, 0.0, 0.0004277777777777778), (2, 0.0, 2.2222222222222223e-05), (1, 0.0, 0.000638888888888889), (2, 0.00015, 0.0002722222222222222), (1, 0.0, 0.005094444444444444)]","[-1, -1, -1, -1, -1, -1, -1, -1, -1, -1, -1, -1, -1, -1, -1, -1, -1, -1, -1, -1, -1, -1, -1, -1, -1, -1, -1, -1, -1, -1, -1, -1, -1, -1, -1, -1, -1, -1, -1, -1, -1, -1, -1, -1, -1, -1, -1, -1, -1, -1, -1, -1, -1, -1, -1, -1, -1, -1, -1, -1, -1, -1, -1, -1, -1, -1, -1, -1, -1, -1, -1, -1, -1, -1, -1, -1, -1, -1, -1, -1, -1, -1, -1, -1, -1, -1, -1, -1, -1, -1, -1, -1, -1, -1, -1, -1, -1, -1, -1, -1, -1, -1, -1, -1, -1, -1, -1, -1, -1, -1, -1, -1, -1, -1, 9, -1, -1, -1, 5, 6, 10, -1, -1, 11, 14, -1, -1, 15, -1, -1, -1, 4, 14, 12, 7, 0, 1, 5, 7]","[False, False, False, False, False, False, False, False, False, False, False, False, False, False, False, False, False, False, False, False, False, False, False, False, False, False, False, False, False, False, False, False, False, False, False, False, False, False, False, False, False, False, False, False, False, False, False, False, False, False, False, False, False, False, False, False, False, False, False, False, False, False, False, False, False, False, False, False, False, False, False, False, False, False, False, False, False, False, False, False, False, False, False, False, False, False, False, False, False, False, False, False, False, False, False, False, False, False, False, False, False, False, False, False, False, False, False, False, False, False, False, False, False, False, True, False, False, False, True, True, True, False, False, True, True, False, False, True, False, False, False, True, True, True, True, True, True, True, True]"
99,"[0, 0, 0, 0, 0, 0, 0, 0, 0, 0, 0, 0, 0, 0, 0, 0, 0, 0, 0, 0, 0, 0, 0, 0, 0, 0, 0, 0, 0, 0, 0, 0, 0, 0, 0, 0, 0, 0, 0, 0, 0, 0, 0, 0, 0, 0, 0, 0, 0, 0, 0, 0, 0, 0, 0, 0, 0, 0, 0, 0, 0, 0, 0, 0, 0, 0, 0, 0, 0, 0, 0, 0, 0, 0, 0, 0, 0, 0, 0, 0, 0, 0, 0, 0, 0, 0, 0, 0, 0, 0, 0, 0, 0, 0, 0, 0, 0, 0, 0, 0, 0, 0, 0, 0, 0, 0, 0, 0, 0, 0, 0, 0, 0, 0, 0, 0, 0, 0, 0, 0, 3262.0959778524575, 0, 0, 0, 1021.7004802690399, 0, 0, 2554.490731062876, 0, 0, 0, 1318.8617310662446, 1058.4283798520034, 1826.3731494030244, 620.0797558364931, 3752.9130163235823, 888.1447951553957, 647.744773280049, 0, 1462.6758357381586, 2180.662757134983, 1115.1894634134223]","[0, 0, 0, 1, 1, 2, 2, 2, 3, 3, 3, 3, 3, 4, 4, 4, 4, 4, 4, 4, 5, 5, 5, 5, 6, 6, 6, 6, 6, 7, 7, 7, 7, 7, 8, 8, 8, 9, 9, 9, 9, 9, 9, 10, 10, 11, 11, 11, 11, 11, 12, 12, 12, 12, 13, 13, 13, 13, 14, 14, 14, 14, 15, 15, 15, 15, 15, 16, 16, 17, 17, 17, 17, 17, 18, 19, 19, 19, 19, 20, 20, 20, 21, 21, 21, 21, 22, 22, 22, 22, 22, 22, 22, 22, 22, 23, 23, 23, 24, 24, 24, 24, 24, 24, 25, 25, 25, 26, 26, 26, 26, 27, 27, 27, 28, 28, 28, 29, 29, 29, 30, 30, 30, 30, 30, 31, 31, 31, 31, 32, 32, 32, 32, 32, 33, 33, 33, 33, 33, 33, 33, 34]","[1, 1, 1, 2, 2, 3, 3, 3, 4, 4, 4, 4, 4, 5, 5, 5, 7, 10, 8, 8, 10, 10, 10, 11, 13, 14, 14, 16, 16, 18, 18, 18, 20, 20, 22, 22, 23, 24, 28, 26, 25, 26, 31, 28, 28, 29, 30, 30, 33, 36, 35, 35, 37, 36, 36, 37, 37, 37, 40, 40, 44, 44, 43, 44, 44, 45, 46, 47, 49, 51, 51, 52, 52, 53, 53, 55, 55, 55, 57, 56, 57, 58, 58, 58, 59, 59, 59, 61, 61, 61, 64, 66, 67, 68, 68, 68, 69, 69, 69, 70, 71, 73, 74, 75, 75, 76, 76, 76, 77, 79, 79, 80, 80, 80, 80, 80, 80, 84, 84, 85, 85, 85, 86, 88, 88, 88, 88, 89, 91, 93, 93, 94, 94, 96, 96, 99, 98, 98, 98, 98, 99, 99]","[7, 10, 13, 11, 7, 10, 10, 20, 8, 26, 8, 20, 14, 25, 14, 25, 18, 37, 18, 22, 37, 16, 25, 18, 22, 26, 16, 35, 23, 24, 41, 26, 36, 40, 44, 33, 30, 28, 36, 30, 35, 55, 35, 29, 37, 53, 36, 46, 55, 56, 55, 43, 60, 47, 48, 40, 44, 44, 51, 43, 59, 67, 59, 53, 51, 49, 58, 52, 56, 70, 75, 58, 57, 69, 57, 76, 59, 61, 77, 66, 61, 76, 65, 64, 73, 69, 69, 79, 75, 68, 68, 74, 80, 71, 84, 88, 80, 80, 76, 85, 80, 84, 93, 85, 89, 86, 80, 79, 80, 85, 88, 86, 87, 94, -1, 93, 94, 95, 99, -1, -1, 91, 98, 99, -1, 98, 96, -1, 96, 98, 98, -1, -1, -1, -1, -1, -1, -1, -1, -1, -1, -1]","[0, 0, 0, 0, 0, 0, 0, 0, 0, 0, 0, 0, 0, 0, 0, 0, 0, 0, 0, 0, 0, 0, 0, 0, 0, 0, 0, 0, 0, 0, 0, 0, 0, 0, 0, 0, 0, 0, 0, 0, 0, 0, 0, 0, 0, 0, 0, 0, 0, 0, 0, 0, 0, 0, 0, 0, 0, 0, 0, 0, 0, 0, 0, 0, 0, 0, 0, 0, 0, 0, 0, 0, 0, 0, 0, 0, 0, 0, 0, 0, 0, 0, 0, 0, 0, 0, 0, 0, 0, 0, 0, 0, 0, 0, 0, 0, 0, 0, 0, 0, 0, 0, 0, 0, 0, 0, 0, 0, 0, 0, 0, 0, 0, 0, 4029.0, 0, 0, 0, 0, 4029.0, 4029.0, 0, 0, 0, 1996.136050208518, 0, 0, 2734.150633824727, 0, 0, 0, 4029.0, 2032.8639497914817, 4029.0, 1593.2019600491672, 4029.0, 4029.0, 4029.0, 4029.0, 2435.798039950833, 4029.0, 1294.8493661752732]","[0, 0, 0, 0, 0, 0, 0, 0, 0, 0, 0, 0, 0, 0, 0, 0, 0, 0, 0, 0, 0, 0, 0, 0, 0, 0, 0, 0, 0, 0, 0, 0, 0, 0, 0, 0, 0, 0, 0, 0, 0, 0, 0, 0, 0, 0, 0, 0, 0, 0, 0, 0, 0, 0, 0, 0, 0, 0, 0, 0, 0, 0, 0, 0, 0, 0, 0, 0, 0, 0, 0, 0, 0, 0, 0, 0, 0, 0, 0, 0, 0, 0, 0, 0, 0, 0, 0, 0, 0, 0, 0, 0, 0, 0, 0, 0, 0, 0, 0, 0, 0, 0, 0, 0, 0, 0, 0, 0, 0, 0, 0, 0, 0, 0, (0.0, 0.0, 0.0), 0, 0, 0, 0, (106.95439999999999, 0.8705333333333333, 0.007), (392.8656, 0.7547333333333333, 0.24346666666666666), 0, 0, 0, (146.80033333333338, 0.3725333333333334, 0.1176), 0, 0, (536.8704, 0.009266666666666668, 0.0106), 0, 0, 0, (255.852, 0.40273333333333333, 0.13053333333333333), (268.4352, 0.0032666666666666664, 0.0013333333333333333), (268.4352, 13.852799999999998, 1.682), (222.2978, 0.6696, 0.0051333333333333335), (388.67179999999996, 7.663399999999999, 2.4918666666666667), (120.93533333333332, 0.045200000000000004, 0.020266666666666665), (35.6514, 0.001, 0.0), (71.827, 0.0, 0.0), (384.4776, 1.923, 0.024933333333333335), (473.9556, 4.806, 0.02386666666666667), (499.1218, 0.0016666666666666668, 0.0011333333333333332)]","[0, 0, 0, 0, 0, 0, 0, 0, 0, 0, 0, 0, 0, 0, 0, 0, 0, 0, 0, 0, 0, 0, 0, 0, 0, 0, 0, 0, 0, 0, 0, 0, 0, 0, 0, 0, 0, 0, 0, 0, 0, 0, 0, 0, 0, 0, 0, 0, 0, 0, 0, 0, 0, 0, 0, 0, 0, 0, 0, 0, 0, 0, 0, 0, 0, 0, 0, 0, 0, 0, 0, 0, 0, 0, 0, 0, 0, 0, 0, 0, 0, 0, 0, 0, 0, 0, 0, 0, 0, 0, 0, 0, 0, 0, 0, 0, 0, 0, 0, 0, 0, 0, 0, 0, 0, 0, 0, 0, 0, 0, 0, 0, 0, 0, (2, 0.0, 0.0), 0, 0, 0, 0, (1, 0.0, 0.00021666666666666668), (3, 0.00026666666666666673, 1.4022944444444445), 0, 0, 0, (3, 5e-05, 0.20093333333333338), 0, 0, (2, 0.0, 0.0023777777777777777), 0, 0, 0, (3, 5e-05, 0.20164999999999994), (3, 0.0, 0.00065), (2, 0.0, 0.005916666666666666), (3, 0.0, 0.0005), (2, 0.0, 0.016355555555555557), (2, 0.0, 0.0), (1, 0.0, 0.0006222222222222223), (2, 0.09475, 0.017716666666666665), (1, 0.0, 0.005011111111111111), (1, 0.0, 0.005094444444444444), (2, 0.0, 0.0010999999999999998)]","[-1, -1, -1, -1, -1, -1, -1, -1, -1, -1, -1, -1, -1, -1, -1, -1, -1, -1, -1, -1, -1, -1, -1, -1, -1, -1, -1, -1, -1, -1, -1, -1, -1, -1, -1, -1, -1, -1, -1, -1, -1, -1, -1, -1, -1, -1, -1, -1, -1, -1, -1, -1, -1, -1, -1, -1, -1, -1, -1, -1, -1, -1, -1, -1, -1, -1, -1, -1, -1, -1, -1, -1, -1, -1, -1, -1, -1, -1, -1, -1, -1, -1, -1, -1, -1, -1, -1, -1, -1, -1, -1, -1, -1, -1, -1, -1, -1, -1, -1, -1, -1, -1, -1, -1, -1, -1, -1, -1, -1, -1, -1, -1, -1, -1, 9, -1, -1, -1, -1, 6, 10, -1, -1, -1, 14, -1, -1, 15, -1, -1, -1, 4, 14, 12, 7, 11, 0, 1, 5, 7, 2, 15]","[False, False, False, False, False, False, False, False, False, False, False, False, False, False, False, False, False, False, False, False, False, False, False, False, False, False, False, False, False, False, False, False, False, False, False, False, False, False, False, False, False, False, False, False, False, False, False, False, False, False, False, False, False, False, False, False, False, False, False, False, False, False, False, False, False, False, False, False, False, False, False, False, False, False, False, False, False, False, False, False, False, False, False, False, False, False, False, False, False, False, False, False, False, False, False, False, False, False, False, False, False, False, False, False, False, False, False, False, False, False, False, False, False, False, True, False, False, False, False, True, True, False, False, False, True, False, False, True, False, False, False, True, True, True, True, True, True, True, True, True, True, True]"
100,"[0, 0, 0, 0, 0, 0, 0, 0, 0, 0, 0, 0, 0, 0, 0, 0, 0, 0, 0, 0, 0, 0, 0, 0, 0, 0, 0, 0, 0, 0, 0, 0, 0, 0, 0, 0, 0, 0, 0, 0, 0, 0, 0, 0, 0, 0, 0, 0, 0, 0, 0, 0, 0, 0, 0, 0, 0, 0, 0, 0, 0, 0, 0, 0, 0, 0, 0, 0, 0, 0, 0, 0, 0, 0, 0, 0, 0, 0, 0, 0, 0, 0, 0, 0, 0, 0, 0, 0, 0, 0, 0, 0, 0, 0, 0, 0, 0, 0, 0, 0, 0, 0, 0, 0, 0, 0, 0, 0, 0, 0, 0, 0, 0, 0, 0, 0, 0, 0, 0, 0, 3983.2963168658976, 0, 0, 0, 3549.2405572744774, 0, 0, 2450.6496444343047, 0, 0, 0, 1425.7062257349019, 1075.1228337928867, 1612.6841520322869, 640.8479773238399, 2794.65141873918, 851.4170028745334, 631.0503203604601, 0, 2530.7555535185593, 1462.6758357381586, 1175.2894943758222, 520.8668579276933, 450.7502254398, 454.0891471920266]","[0, 0, 0, 1, 1, 2, 2, 2, 3, 3, 3, 3, 3, 4, 4, 4, 4, 4, 4, 4, 5, 5, 5, 5, 6, 6, 6, 6, 6, 7, 7, 7, 7, 7, 8, 8, 8, 9, 9, 9, 9, 9, 9, 10, 10, 11, 11, 11, 11, 11, 12, 12, 12, 12, 13, 13, 13, 13, 14, 14, 14, 14, 15, 15, 15, 15, 15, 16, 16, 17, 17, 17, 17, 17, 18, 19, 19, 19, 19, 20, 20, 20, 21, 21, 21, 21, 22, 22, 22, 22, 22, 22, 22, 22, 22, 23, 23, 23, 24, 24, 24, 24, 24, 24, 25, 25, 25, 26, 26, 26, 26, 27, 27, 27, 28, 28, 28, 29, 29, 29, 30, 30, 30, 30, 30, 31, 31, 31, 31, 32, 32, 32, 32, 32, 33, 33, 33, 33, 33, 33, 33, 34, 34, 34, 35]","[1, 1, 1, 2, 2, 3, 3, 3, 4, 4, 4, 4, 4, 5, 5, 5, 7, 10, 8, 8, 10, 10, 10, 11, 13, 14, 14, 16, 16, 18, 18, 18, 20, 20, 22, 22, 23, 24, 28, 26, 25, 26, 31, 28, 28, 29, 30, 30, 33, 36, 35, 35, 37, 36, 36, 37, 37, 37, 40, 40, 44, 44, 43, 44, 44, 45, 46, 47, 49, 51, 51, 52, 52, 53, 53, 55, 55, 55, 57, 56, 57, 58, 58, 58, 59, 59, 59, 61, 61, 61, 64, 66, 67, 68, 68, 68, 69, 69, 69, 70, 71, 73, 74, 75, 75, 76, 76, 76, 77, 79, 79, 80, 80, 80, 80, 80, 80, 84, 84, 85, 85, 85, 86, 88, 88, 88, 88, 89, 91, 93, 93, 94, 94, 96, 96, 99, 98, 98, 98, 98, 99, 99, 100, 100, 100]","[7, 10, 13, 11, 7, 10, 10, 20, 8, 26, 8, 20, 14, 25, 14, 25, 18, 37, 18, 22, 37, 16, 25, 18, 22, 26, 16, 35, 23, 24, 41, 26, 36, 40, 44, 33, 30, 28, 36, 30, 35, 55, 35, 29, 37, 53, 36, 46, 55, 56, 55, 43, 60, 47, 48, 40, 44, 44, 51, 43, 59, 67, 59, 53, 51, 49, 58, 52, 56, 70, 75, 58, 57, 69, 57, 76, 59, 61, 77, 66, 61, 76, 65, 64, 73, 69, 69, 79, 75, 68, 68, 74, 80, 71, 84, 88, 80, 80, 76, 85, 80, 84, 93, 85, 89, 86, 80, 79, 80, 85, 88, 86, 87, 94, 100, 93, 94, 95, 99, 100, -1, 91, 98, 99, -1, 98, 96, -1, 96, 98, 98, -1, -1, -1, -1, -1, -1, -1, 100, -1, -1, -1, -1, -1, -1]","[0, 0, 0, 0, 0, 0, 0, 0, 0, 0, 0, 0, 0, 0, 0, 0, 0, 0, 0, 0, 0, 0, 0, 0, 0, 0, 0, 0, 0, 0, 0, 0, 0, 0, 0, 0, 0, 0, 0, 0, 0, 0, 0, 0, 0, 0, 0, 0, 0, 0, 0, 0, 0, 0, 0, 0, 0, 0, 0, 0, 0, 0, 0, 0, 0, 0, 0, 0, 0, 0, 0, 0, 0, 0, 0, 0, 0, 0, 0, 0, 0, 0, 0, 0, 0, 0, 0, 0, 0, 0, 0, 0, 0, 0, 0, 0, 0, 0, 0, 0, 0, 0, 0, 0, 0, 0, 0, 0, 0, 0, 0, 0, 0, 0, 0, 0, 0, 0, 0, 0, 4029.0, 0, 0, 0, 3251.5588617407952, 0, 0, 2652.1800750292414, 0, 0, 0, 4029.0, 777.4411382592045, 4029.0, 1069.5462119026402, 3151.3922804057433, 4029.0, 4029.0, 0, 2959.4537880973594, 2520.462805149179, 1376.8199249707588, 877.6077195942568, 1508.5371948508207, 4029.0]","[0, 0, 0, 0, 0, 0, 0, 0, 0, 0, 0, 0, 0, 0, 0, 0, 0, 0, 0, 0, 0, 0, 0, 0, 0, 0, 0, 0, 0, 0, 0, 0, 0, 0, 0, 0, 0, 0, 0, 0, 0, 0, 0, 0, 0, 0, 0, 0, 0, 0, 0, 0, 0, 0, 0, 0, 0, 0, 0, 0, 0, 0, 0, 0, 0, 0, 0, 0, 0, 0, 0, 0, 0, 0, 0, 0, 0, 0, 0, 0, 0, 0, 0, 0, 0, 0, 0, 0, 0, 0, 0, 0, 0, 0, 0, 0, 0, 0, 0, 0, 0, 0, 0, 0, 0, 0, 0, 0, 0, 0, 0, 0, 0, 0, 0, 0, 0, 0, 0, 0, (432.01279999999997, 0.8446, 0.2776), 0, 0, 0, (290.8046, 0.5733333333333334, 0.17), 0, 0, (738.197, 0.009333333333333334, 0.0108), 0, 0, 0, (213.9092, 0.46873333333333334, 0.15180000000000002), (248.8618, 0.0033333333333333335, 0.0014), (383.0794, 15.210066666666668, 1.8525333333333331), (184.54886666666667, 0.6701333333333334, 0.0057333333333333325), (651.5146, 19.004533333333335, 2.486266666666667), (120.23626666666664, 0.034466666666666666, 0.0114), (48.234, 0.001066666666666667, 0.0), 0, (419.43, 3.8347333333333333, 0.0464), (384.4776, 1.923, 0.024933333333333335), (553.6476, 0.0017333333333333335, 0.0015333333333333334), (0.0, 0.0046, 6.666666666666668e-05), (184.549, 0.0, 0.0), (29.621666666666673, 4.1293999999999995, 4.1416)]","[0, 0, 0, 0, 0, 0, 0, 0, 0, 0, 0, 0, 0, 0, 0, 0, 0, 0, 0, 0, 0, 0, 0, 0, 0, 0, 0, 0, 0, 0, 0, 0, 0, 0, 0, 0, 0, 0, 0, 0, 0, 0, 0, 0, 0, 0, 0, 0, 0, 0, 0, 0, 0, 0, 0, 0, 0, 0, 0, 0, 0, 0, 0, 0, 0, 0, 0, 0, 0, 0, 0, 0, 0, 0, 0, 0, 0, 0, 0, 0, 0, 0, 0, 0, 0, 0, 0, 0, 0, 0, 0, 0, 0, 0, 0, 0, 0, 0, 0, 0, 0, 0, 0, 0, 0, 0, 0, 0, 0, 0, 0, 0, 0, 0, 0, 0, 0, 0, 0, 0, (3, 0.0, 1.846088888888889), 0, 0, 0, (3, 0.0017833333333333332, 0.2834388888888889), 0, 0, (2, 0.0, 0.0023666666666666667), 0, 0, 0, (3, 3.3333333333333335e-05, 0.2765777777777778), (3, 0.0, 0.0008222222222222222), (2, 0.0, 0.0036999999999999997), (3, 0.0, 0.00046111111111111103), (2, 0.0, 0.0053), (2, 0.0, 2.2222222222222223e-05), (1, 0.0, 0.0006333333333333333), 0, (1, 0.00031666666666666665, 0.004988888888888889), (1, 0.0, 0.005011111111111111), (2, 0.0, 0.0005222222222222223), (1, 0.0, 0.0008722222222222223), (1, 0.0, 0.00029444444444444445), (3, 0.0, 1.6666666666666667e-05)]","[-1, -1, -1, -1, -1, -1, -1, -1, -1, -1, -1, -1, -1, -1, -1, -1, -1, -1, -1, -1, -1, -1, -1, -1, -1, -1, -1, -1, -1, -1, -1, -1, -1, -1, -1, -1, -1, -1, -1, -1, -1, -1, -1, -1, -1, -1, -1, -1, -1, -1, -1, -1, -1, -1, -1, -1, -1, -1, -1, -1, -1, -1, -1, -1, -1, -1, -1, -1, -1, -1, -1, -1, -1, -1, -1, -1, -1, -1, -1, -1, -1, -1, -1, -1, -1, -1, -1, -1, -1, -1, -1, -1, -1, -1, -1, -1, -1, -1, -1, -1, -1, -1, -1, -1, -1, -1, -1, -1, -1, -1, -1, -1, -1, -1, -1, -1, -1, -1, -1, -1, 10, -1, -1, -1, 14, -1, -1, 15, -1, -1, -1, 4, 14, 12, 7, 11, 0, 1, -1, 7, 2, 15, 11, 2, 9]","[False, False, False, False, False, False, False, False, False, False, False, False, False, False, False, False, False, False, False, False, False, False, False, False, False, False, False, False, False, False, False, False, False, False, False, False, False, False, False, False, False, False, False, False, False, False, False, False, False, False, False, False, False, False, False, False, False, False, False, False, False, False, False, False, False, False, False, False, False, False, False, False, False, False, False, False, False, False, False, False, False, False, False, False, False, False, False, False, False, False, False, False, False, False, False, False, False, False, False, False, False, False, False, False, False, False, False, False, False, False, False, False, False, False, False, False, False, False, False, False, True, False, False, False, True, False, False, True, False, False, False, True, True, True, True, True, True, True, False, True, True, True, True, True, True]"
101,"[0, 0, 0, 0, 0, 0, 0, 0, 0, 0, 0, 0, 0, 0, 0, 0, 0, 0, 0, 0, 0, 0, 0, 0, 0, 0, 0, 0, 0, 0, 0, 0, 0, 0, 0, 0, 0, 0, 0, 0, 0, 0, 0, 0, 0, 0, 0, 0, 0, 0, 0, 0, 0, 0, 0, 0, 0, 0, 0, 0, 0, 0, 0, 0, 0, 0, 0, 0, 0, 0, 0, 0, 0, 0, 0, 0, 0, 0, 0, 0, 0, 0, 0, 0, 0, 0, 0, 0, 0, 0, 0, 0, 0, 0, 0, 0, 0, 0, 0, 0, 0, 0, 0, 0, 0, 0, 0, 0, 0, 0, 0, 0, 0, 0, 0, 0, 0, 0, 0, 0, 3906.5018363228, 0, 0, 0, 2160.2621265819243, 0, 0, 2453.616532623692, 0, 0, 0, 2036.723179621289, 1061.76727064018, 1499.1618721790824, 620.0797558364931, 1739.5619942211624, 834.7225518377779, 644.4058826961312, 0, 1379.6029687996834, 2530.7555535185593, 1121.8672446314667, 530.8835282724567, 570.9502855570801, 1315.5229705416066]","[0, 0, 0, 1, 1, 2, 2, 2, 3, 3, 3, 3, 3, 4, 4, 4, 4, 4, 4, 4, 5, 5, 5, 5, 6, 6, 6, 6, 6, 7, 7, 7, 7, 7, 8, 8, 8, 9, 9, 9, 9, 9, 9, 10, 10, 11, 11, 11, 11, 11, 12, 12, 12, 12, 13, 13, 13, 13, 14, 14, 14, 14, 15, 15, 15, 15, 15, 16, 16, 17, 17, 17, 17, 17, 18, 19, 19, 19, 19, 20, 20, 20, 21, 21, 21, 21, 22, 22, 22, 22, 22, 22, 22, 22, 22, 23, 23, 23, 24, 24, 24, 24, 24, 24, 25, 25, 25, 26, 26, 26, 26, 27, 27, 27, 28, 28, 28, 29, 29, 29, 30, 30, 30, 30, 30, 31, 31, 31, 31, 32, 32, 32, 32, 32, 33, 33, 33, 33, 33, 33, 33, 34, 34, 34, 35]","[1, 1, 1, 2, 2, 3, 3, 3, 4, 4, 4, 4, 4, 5, 5, 5, 7, 10, 8, 8, 10, 10, 10, 11, 13, 14, 14, 16, 16, 18, 18, 18, 20, 20, 22, 22, 23, 24, 28, 26, 25, 26, 31, 28, 28, 29, 30, 30, 33, 36, 35, 35, 37, 36, 36, 37, 37, 37, 40, 40, 44, 44, 43, 44, 44, 45, 46, 47, 49, 51, 51, 52, 52, 53, 53, 55, 55, 55, 57, 56, 57, 58, 58, 58, 59, 59, 59, 61, 61, 61, 64, 66, 67, 68, 68, 68, 69, 69, 69, 70, 71, 73, 74, 75, 75, 76, 76, 76, 77, 79, 79, 80, 80, 80, 80, 80, 80, 84, 84, 85, 85, 85, 86, 88, 88, 88, 88, 89, 91, 93, 93, 94, 94, 96, 96, 99, 98, 98, 98, 98, 99, 99, 100, 100, 100]","[7, 10, 13, 11, 7, 10, 10, 20, 8, 26, 8, 20, 14, 25, 14, 25, 18, 37, 18, 22, 37, 16, 25, 18, 22, 26, 16, 35, 23, 24, 41, 26, 36, 40, 44, 33, 30, 28, 36, 30, 35, 55, 35, 29, 37, 53, 36, 46, 55, 56, 55, 43, 60, 47, 48, 40, 44, 44, 51, 43, 59, 67, 59, 53, 51, 49, 58, 52, 56, 70, 75, 58, 57, 69, 57, 76, 59, 61, 77, 66, 61, 76, 65, 64, 73, 69, 69, 79, 75, 68, 68, 74, 80, 71, 84, 88, 80, 80, 76, 85, 80, 84, 93, 85, 89, 86, 80, 79, 80, 85, 88, 86, 87, 94, 100, 93, 94, 95, 99, 100, -1, 91, 98, 99, -1, 98, 96, -1, 96, 98, 98, -1, -1, -1, -1, -1, -1, -1, 100, -1, -1, -1, -1, -1, -1]","[0, 0, 0, 0, 0, 0, 0, 0, 0, 0, 0, 0, 0, 0, 0, 0, 0, 0, 0, 0, 0, 0, 0, 0, 0, 0, 0, 0, 0, 0, 0, 0, 0, 0, 0, 0, 0, 0, 0, 0, 0, 0, 0, 0, 0, 0, 0, 0, 0, 0, 0, 0, 0, 0, 0, 0, 0, 0, 0, 0, 0, 0, 0, 0, 0, 0, 0, 0, 0, 0, 0, 0, 0, 0, 0, 0, 0, 0, 0, 0, 0, 0, 0, 0, 0, 0, 0, 0, 0, 0, 0, 0, 0, 0, 0, 0, 0, 0, 0, 0, 0, 0, 0, 0, 0, 0, 0, 0, 0, 0, 0, 0, 0, 0, 0, 0, 0, 0, 0, 0, 4029.0, 0, 0, 0, 2563.747427970872, 0, 0, 2680.3746439961124, 0, 0, 0, 4029.0, 1465.2525720291278, 4029.0, 1634.7383935184048, 2618.839232974353, 2146.3861331403486, 4029.0, 0, 2394.261606481595, 4029.0, 1348.6253560038874, 1410.1607670256471, 1882.613866859651, 4029.0]","[0, 0, 0, 0, 0, 0, 0, 0, 0, 0, 0, 0, 0, 0, 0, 0, 0, 0, 0, 0, 0, 0, 0, 0, 0, 0, 0, 0, 0, 0, 0, 0, 0, 0, 0, 0, 0, 0, 0, 0, 0, 0, 0, 0, 0, 0, 0, 0, 0, 0, 0, 0, 0, 0, 0, 0, 0, 0, 0, 0, 0, 0, 0, 0, 0, 0, 0, 0, 0, 0, 0, 0, 0, 0, 0, 0, 0, 0, 0, 0, 0, 0, 0, 0, 0, 0, 0, 0, 0, 0, 0, 0, 0, 0, 0, 0, 0, 0, 0, 0, 0, 0, 0, 0, 0, 0, 0, 0, 0, 0, 0, 0, 0, 0, 0, 0, 0, 0, 0, 0, (339.7382, 0.8196, 0.2693333333333333), 0, 0, 0, (278.22166666666675, 0.49906666666666666, 0.15853333333333333), 0, 0, (352.32120000000003, 0.0094, 0.010866666666666667), 0, 0, 0, (212.51093333333333, 0.6914, 0.224), (139.81, 0.0034, 0.0014), (279.62, 9.749466666666667, 1.610333333333333), (183.1509333333333, 0.6727333333333332, 0.005), (369.0984, 16.1096, 2.579733333333333), (130.722, 0.026466666666666666, 0.011066666666666664), (41.94273333333333, 0.0009333333333333332, 6.666666666666668e-05), 0, (442.49846666666673, 3.044, 0.055333333333333345), (419.43, 3.8347333333333333, 0.0464), (461.3726, 0.008400000000000001, 0.008866666666666667), (0.0, 0.004733333333333333, 0.00013333333333333334), (225.0938, 0.0, 0.0), (29.53446666666667, 12.107333333333337, 12.139266666666664)]","[0, 0, 0, 0, 0, 0, 0, 0, 0, 0, 0, 0, 0, 0, 0, 0, 0, 0, 0, 0, 0, 0, 0, 0, 0, 0, 0, 0, 0, 0, 0, 0, 0, 0, 0, 0, 0, 0, 0, 0, 0, 0, 0, 0, 0, 0, 0, 0, 0, 0, 0, 0, 0, 0, 0, 0, 0, 0, 0, 0, 0, 0, 0, 0, 0, 0, 0, 0, 0, 0, 0, 0, 0, 0, 0, 0, 0, 0, 0, 0, 0, 0, 0, 0, 0, 0, 0, 0, 0, 0, 0, 0, 0, 0, 0, 0, 0, 0, 0, 0, 0, 0, 0, 0, 0, 0, 0, 0, 0, 0, 0, 0, 0, 0, 0, 0, 0, 0, 0, 0, (3, 3.3333333333333335e-05, 1.7759777777777779), 0, 0, 0, (3, 0.04115, 0.5988777777777777), 0, 0, (2, 0.0, 0.002344444444444444), 0, 0, 0, (3, 0.0002333333333333333, 0.49188333333333323), (3, 0.0, 0.0006222222222222223), (2, 0.05768333333333333, 0.023244444444444446), (3, 0.0, 0.0005277777777777777), (2, 0.0, 0.00225), (2, 0.0, 4.4444444444444447e-05), (1, 0.0, 0.0006222222222222223), 0, (1, 0.0, 0.004972222222222222), (1, 0.00031666666666666665, 0.004988888888888889), (2, 0.0, 0.0004944444444444445), (1, 0.0, 0.0008388888888888889), (1, 0.0, 0.0002833333333333333), (3, 0.0, 1.6666666666666667e-05)]","[-1, -1, -1, -1, -1, -1, -1, -1, -1, -1, -1, -1, -1, -1, -1, -1, -1, -1, -1, -1, -1, -1, -1, -1, -1, -1, -1, -1, -1, -1, -1, -1, -1, -1, -1, -1, -1, -1, -1, -1, -1, -1, -1, -1, -1, -1, -1, -1, -1, -1, -1, -1, -1, -1, -1, -1, -1, -1, -1, -1, -1, -1, -1, -1, -1, -1, -1, -1, -1, -1, -1, -1, -1, -1, -1, -1, -1, -1, -1, -1, -1, -1, -1, -1, -1, -1, -1, -1, -1, -1, -1, -1, -1, -1, -1, -1, -1, -1, -1, -1, -1, -1, -1, -1, -1, -1, -1, -1, -1, -1, -1, -1, -1, -1, -1, -1, -1, -1, -1, -1, 10, -1, -1, -1, 14, -1, -1, 15, -1, -1, -1, 4, 14, 12, 7, 11, 0, 1, -1, 7, 2, 15, 11, 0, 9]","[False, False, False, False, False, False, False, False, False, False, False, False, False, False, False, False, False, False, False, False, False, False, False, False, False, False, False, False, False, False, False, False, False, False, False, False, False, False, False, False, False, False, False, False, False, False, False, False, False, False, False, False, False, False, False, False, False, False, False, False, False, False, False, False, False, False, False, False, False, False, False, False, False, False, False, False, False, False, False, False, False, False, False, False, False, False, False, False, False, False, False, False, False, False, False, False, False, False, False, False, False, False, False, False, False, False, False, False, False, False, False, False, False, False, False, False, False, False, False, False, True, False, False, False, True, False, False, True, False, False, False, True, True, True, True, True, True, True, False, True, True, True, True, True, True]"
