interval,activecontainers,ips,apparentips,ram,disk,creationids,hostalloc,active
1,3,"[3121.8625785998443, 520.8668579276933, 2180.662757134983, 0, 0, 0, 0, 0, 0, 0, 0, 0, 0, 0, 0, 0]","[4029.0, 4029.0, 4029.0, 0, 0, 0, 0, 0, 0, 0, 0, 0, 0, 0, 0, 0]","[(0.0, 0.0, 0.0), (0.0, 0.0046, 6.666666666666668e-05), (473.9556, 4.806, 0.02386666666666667), 0, 0, 0, 0, 0, 0, 0, 0, 0, 0, 0, 0, 0]","[(2, 0.0, 0.0), (1, 0.0, 0.0008722222222222223), (1, 0.0, 0.005094444444444444), 0, 0, 0, 0, 0, 0, 0, 0, 0, 0, 0, 0, 0]","[0, 1, 2, -1, -1, -1, -1, -1, -1, -1, -1, -1, -1, -1, -1, -1]","[15, 8, 10, -1, -1, -1, -1, -1, -1, -1, -1, -1, -1, -1, -1, -1]","[True, True, True, False, False, False, False, False, False, False, False, False, False, False, False, False]"
2,7,"[3065.1014408071205, 530.8835282724567, 1462.6758357381586, 501.40426599866777, 2240.395480738335, 1876.4565081617916, 1108.5118598755066, 0, 0, 0, 0, 0, 0, 0, 0, 0]","[4029.0, 4029.0, 4029.0, 4029.0, 4029.0, 4029.0, 4029.0, 0, 0, 0, 0, 0, 0, 0, 0, 0]","[(0.0, 0.0, 0.0), (0.0, 0.004733333333333333, 0.00013333333333333334), (384.4776, 1.923, 0.024933333333333335), (0.0, 0.0048, 6.666666666666668e-05), (973.0777333333333, 0.10640000000000001, 0.744), (258.64820000000003, 0.019533333333333337, 0.0016), (67.1088, 0.0, 0.001), 0, 0, 0, 0, 0, 0, 0, 0, 0]","[(2, 0.0, 0.0), (1, 0.0, 0.0008388888888888889), (1, 0.0, 0.005011111111111111), (2, 0.0, 0.0013222222222222222), (3, 0.0, 0.025061111111111114), (3, 0.05115, 0.03694444444444444), (3, 0.0, 0.0), 0, 0, 0, 0, 0, 0, 0, 0, 0]","[0, 1, 2, 3, 4, 5, 6, -1, -1, -1, -1, -1, -1, -1, -1, -1]","[15, 8, 10, 6, 11, 12, 14, -1, -1, -1, -1, -1, -1, -1, -1, -1]","[True, True, True, True, True, True, True, False, False, False, False, False, False, False, False, False]"
3,10,"[2911.512479720924, 554.2557590769045, 2530.7555535185593, 498.43737685074666, 1332.217282883153, 1328.8784523992754, 1115.189642163913, 2240.395480738335, 1714.4051397483977, 520.8668579276933, 0, 0, 0, 0, 0, 0]","[4029.0, 4029.0, 4029.0, 1057.596870963549, 1891.3767769959554, 4029.0, 4029.0, 4029.0, 4029.0, 1080.0263520404956, 0, 0, 0, 0, 0, 0]","[(0.0, 0.0, 0.0), (0.0, 0.0044, 0.0), (419.43, 3.8347333333333333, 0.0464), (145.4024, 0.004733333333333333, 6.666666666666668e-05), (805.3058666666667, 0.081, 0.3894666666666666), (328.5534, 0.0005333333333333334, 0.0006), (47.5354, 0.0, 0.001), (973.0777333333333, 0.10640000000000001, 0.744), (105.5042, 0.28773333333333334, 0.22433333333333338), (0.0, 0.0046, 6.666666666666668e-05), 0, 0, 0, 0, 0, 0]","[(2, 0.0, 0.0), (1, 0.0, 0.0008277777777777778), (1, 0.00031666666666666665, 0.004988888888888889), (2, 0.0, 0.0012666666666666666), (3, 0.0, 0.023311111111111112), (3, 0.06125, 0.025472222222222222), (3, 0.0, 0.0), (3, 0.0, 0.025061111111111114), (1, 0.0030666666666666663, 0.05871111111111111), (1, 0.0, 0.0008722222222222223), 0, 0, 0, 0, 0, 0]","[0, 1, 2, 3, 4, 5, 6, 7, 8, 9, -1, -1, -1, -1, -1, -1]","[15, 6, 10, 11, 11, 12, 14, 8, 4, 11, -1, -1, -1, -1, -1, -1]","[True, True, True, True, True, True, True, True, True, True, False, False, False, False, False, False]"
4,14,"[3145.2348118086134, 520.8668579276933, 1379.6029687996834, 498.43737685074666, 888.1448552554355, 2050.0788185255155, 1115.189642163913, 1332.217282883153, 1429.5838385761401, 530.8835282724567, 0, 1876.4565081617916, 454.0891471920266, 1147.5012037613078, 1578.3845313240047, 0]","[4029.0, 1701.182827083193, 4029.0, 1202.2821233912005, 1591.989601795889, 4029.0, 4029.0, 4029.0, 1791.0636652071742, 1234.7282748129105, 0, 2237.9363347928256, 4029.0, 2327.817172916807, 4029.0, 0]","[(0.0, 0.0, 0.0), (0.0, 0.0046, 0.00013333333333333334), (442.49846666666673, 3.044, 0.055333333333333345), (67.1088, 0.004666666666666667, 0.0), (624.9507333333332, 0.08693333333333333, 0.30760000000000004), (298.49406666666664, 0.0016666666666666668, 0.005466666666666667), (72.7012, 0.0, 0.001), (805.3058666666667, 0.081, 0.3894666666666666), (110.71433333333331, 0.20726666666666668, 0.17506666666666665), (0.0, 0.004733333333333333, 0.00013333333333333334), 0, (258.64820000000003, 0.019533333333333337, 0.0016), (29.621666666666673, 4.1293999999999995, 4.1416), (386.924, 1.3948666666666665, 0.0056), (223.696, 0.11593333333333333, 0.0992), 0]","[(2, 0.0, 0.0), (1, 0.0, 0.0008111111111111112), (1, 0.0, 0.004972222222222222), (2, 0.0, 0.0012333333333333335), (3, 0.0, 0.013066666666666667), (3, 0.0008666666666666667, 0.016138888888888887), (3, 0.0, 0.0), (3, 0.0, 0.023311111111111112), (1, 0.0002333333333333333, 0.05122222222222223), (1, 0.0, 0.0008388888888888889), 0, (3, 0.05115, 0.03694444444444444), (3, 0.0, 1.6666666666666667e-05), (1, 0.0, 0.009683333333333334), (2, 0.0, 0.0010277777777777776), 0]","[0, 1, 2, 3, 4, 5, 6, 7, 8, 9, -1, 11, 12, 13, 14, -1]","[15, 6, 10, 11, 11, 12, 14, 8, 4, 11, -1, 4, 0, 6, 5, -1]","[True, True, True, True, True, True, True, True, True, True, False, True, True, True, True, False]"
5,16,"[2988.3069602640226, 0, 1530.9142621519063, 498.43737685074666, 1101.8338429860667, 1896.4898516652977, 1105.1729687313032, 888.1448552554355, 1845.861124904825, 554.2557590769045, 1578.3845313240047, 1328.8784523992754, 1315.5229705416066, 925.6692288098378, 1566.5169784569066, 2251.868135745323]","[4029.0, 1551.665385595081, 4029.0, 1123.2617172128407, 1726.6581833481607, 4029.0, 4029.0, 4029.0, 2272.991336252775, 1179.0800994389986, 4029.0, 1756.0086637472252, 4029.0, 2477.3346144049187, 4029.0, 4029.0]","[(0.0, 0.0, 0.0), (0.0, 0.004533333333333333, 0.0), (440.4012, 3.206266666666667, 0.1867333333333333), (100.6632, 0.004666666666666667, 6.666666666666668e-05), (641.7282666666667, 0.07759999999999999, 0.331), (294.3, 0.001066666666666667, 0.005466666666666667), (33.5544, 0.0, 0.001), (624.9507333333332, 0.08693333333333333, 0.30760000000000004), (109.4118, 0.21166666666666664, 0.17653333333333332), (0.0, 0.0044, 0.0), (223.696, 0.11593333333333333, 0.0992), (328.5534, 0.0005333333333333334, 0.0006), (29.53446666666667, 12.107333333333337, 12.139266666666664), (349.1754, 0.6480666666666667, 0.003466666666666667), (268.4352, 0.11646666666666668, 0.09953333333333332), (100.6632, 0.009333333333333334, 0.0108)]","[(2, 0.0, 0.0), (1, 0.0, 0.0008055555555555557), (1, 1.666666666666667e-05, 0.0052), (2, 0.0, 0.001238888888888889), (3, 0.04375, 0.0321388888888889), (3, 0.0002, 0.014294444444444445), (3, 0.0, 0.0), (3, 0.0, 0.013066666666666667), (1, 0.00011666666666666667, 0.05212222222222222), (1, 0.0, 0.0008277777777777778), (2, 0.0, 0.0010277777777777776), (3, 0.06125, 0.025472222222222222), (3, 0.0, 1.6666666666666667e-05), (1, 0.0, 0.00023333333333333333), (2, 0.0, 0.0009611111111111112), (2, 0.0, 0.002416666666666667)]","[0, 1, 2, 3, 4, 5, 6, 7, 8, 9, 10, 11, 12, 13, 14, 15]","[15, 6, 10, 11, 11, 12, 14, 8, 4, 11, 7, 4, 0, 6, 5, 2]","[True, True, True, True, True, True, True, True, True, True, True, True, True, True, True, True]"
6,16,"[3008.340303014396, 731.2170323801198, 1483.4440524727775, 495.47048770282555, 1125.2060760191043, 2227.0400194731583, 1111.8507510197098, 1101.8338429860667, 1812.9971286157179, 520.8668579276933, 1566.5169784569066, 2050.0788185255155, 1135.2228679800667, 1237.8771935563511, 1560.5832020233572, 2266.7025766922616]","[4029.0, 1761.1699194118842, 4029.0, 1124.6226804862845, 1754.358268802563, 4029.0, 4029.0, 4029.0, 1895.9591550451012, 1150.0190507111522, 4029.0, 2133.0408449548986, 4029.0, 2267.8300805881154, 4029.0, 4029.0]","[(0.0, 0.0, 0.0), (178.9568, 0.0019333333333333331, 0.0014666666666666665), (478.84913333333344, 2.3301999999999996, 0.8102), (0.0, 0.004666666666666667, 6.666666666666668e-05), (838.8603333333335, 0.08673333333333332, 0.3268666666666667), (234.18133333333338, 0.0016666666666666668, 0.0016), (39.146800000000006, 0.0, 0.001), (641.7282666666667, 0.07759999999999999, 0.331), (108.76053333333334, 0.20446666666666666, 0.17406666666666665), (0.0, 0.0046, 0.00013333333333333334), (268.4352, 0.11646666666666668, 0.09953333333333332), (298.49406666666664, 0.0016666666666666668, 0.005466666666666667), (31.3258, 10.272666666666666, 10.300266666666666), (320.86379999999997, 0.6452, 0.0048), (33.5544, 0.11626666666666668, 0.09953333333333332), (150.9948, 0.009333333333333334, 0.010933333333333335)]","[(2, 0.0, 0.0), (1, 0.36411666666666676, 0.01315), (1, 0.0, 0.004461111111111111), (2, 0.0, 0.0012722222222222221), (3, 0.0, 0.012833333333333334), (3, 0.0006666666666666666, 0.02163888888888889), (3, 0.0, 0.0), (3, 0.04375, 0.0321388888888889), (1, 0.0, 0.05014999999999999), (1, 0.0, 0.0008111111111111112), (2, 0.0, 0.0009611111111111112), (3, 0.0008666666666666667, 0.016138888888888887), (3, 0.0, 4.4444444444444447e-05), (1, 0.0, 0.0002222222222222222), (2, 0.0, 0.000972222222222222), (2, 0.0, 0.0026888888888888887)]","[0, 16, 2, 3, 4, 5, 6, 7, 8, 9, 10, 11, 12, 13, 14, 15]","[15, 6, 10, 11, 11, 12, 14, 8, 4, 11, 7, 4, 0, 6, 5, 2]","[True, True, True, True, True, True, True, True, True, True, True, True, True, True, True, True]"
7,16,"[3068.4403312655163, 657.7614400862267, 949.4041935825778, 492.5035985549045, 1045.0727056201176, 1766.2731188925045, 0, 1125.2060760191043, 1886.9411202662081, 510.85018758292983, 1560.5832020233572, 1896.4898516652977, 1145.2395403445964, 1317.298517921692, 1566.5169784569066, 2248.9012475559352]","[4029.0, 1684.7314610822673, 4029.0, 1152.6947679689204, 1705.2638750341334, 4029.0, 4029.0, 4029.0, 2009.725634300455, 1171.0413569969458, 4029.0, 2019.2743656995447, 4029.0, 2344.2685389177327, 4029.0, 4029.0]","[(0.0, 0.0, 0.0), (192.93779999999998, 0.003933333333333333, 0.0014666666666666665), (333.44686666666666, 0.9099333333333333, 0.8626), (0.0, 0.0046, 6.666666666666668e-05), (721.42, 0.07806666666666666, 0.33893333333333336), (242.57, 0.0003333333333333333, 0.0004), (173.3644, 6.666666666666668e-05, 0.0016), (838.8603333333335, 0.08673333333333332, 0.3268666666666667), (115.2732, 0.21046666666666666, 0.17566666666666664), (0.0, 0.004533333333333333, 0.0), (33.5544, 0.11626666666666668, 0.09953333333333332), (294.3, 0.001066666666666667, 0.005466666666666667), (31.238400000000002, 10.958333333333334, 10.986266666666667), (301.98920000000004, 0.6321333333333333, 0.005666666666666668), (0.0, 0.1156, 0.0996), (150.9948, 0.009266666666666668, 0.0106)]","[(2, 0.0, 0.0), (1, 0.26766666666666666, 0.015294444444444444), (1, 0.0, 0.004088888888888889), (2, 0.0, 0.0012166666666666667), (3, 0.0, 0.011183333333333332), (3, 6.666666666666667e-05, 0.009744444444444444), (3, 0.03166666666666667, 0.0017722222222222221), (3, 0.0, 0.012833333333333334), (1, 0.0, 0.05059444444444444), (1, 0.0, 0.0008055555555555557), (2, 0.0, 0.000972222222222222), (3, 0.0002, 0.014294444444444445), (3, 0.0, 2.2222222222222223e-05), (1, 0.0, 0.00025), (2, 0.0, 0.00095), (2, 0.0, 0.0023555555555555556)]","[0, 16, 2, 3, 4, 5, 6, 7, 8, 9, 10, 11, 12, 13, 14, 15]","[15, 6, 10, 11, 11, 12, 14, 8, 4, 11, 7, 4, 0, 6, 5, 2]","[True, True, True, True, True, True, True, True, True, True, True, True, True, True, True, True]"
8,16,"[3021.6958648479776, 711.18368902724, 0, 498.43737685074666, 1385.6395298158109, 1993.317678598913, 1876.4565081617916, 1045.0727056201176, 1906.1117847681867, 520.8668579276933, 1566.5169784569066, 2227.0400194731583, 1218.6951376844836, 1309.0825188494155, 1593.2189724078767, 2254.8350239347114]","[4029.0, 1715.5505850889122, 4029.0, 1039.7894553193296, 1926.9916082843938, 4029.0, 4029.0, 4029.0, 1854.0358826475144, 1062.2189363962764, 4029.0, 2174.964117352486, 4029.0, 2313.449414911088, 4029.0, 4029.0]","[(0.0, 0.0, 0.0), (134.2176, 0.002, 0.0014), (199.92773333333332, 0.9031333333333333, 0.010666666666666666), (0.0, 0.004666666666666667, 6.666666666666668e-05), (671.0880666666666, 0.08573333333333333, 0.32080000000000003), (231.3854, 0.0005333333333333334, 0.0008), (258.64820000000003, 0.019533333333333337, 0.0016), (721.42, 0.07806666666666666, 0.33893333333333336), (97.689, 0.24573333333333333, 0.20893333333333336), (0.0, 0.0046, 0.00013333333333333334), (0.0, 0.1156, 0.0996), (234.18133333333338, 0.0016666666666666668, 0.0016), (30.75773333333333, 11.004733333333336, 11.030333333333335), (333.44653333333326, 0.6355333333333333, 0.0052), (167.772, 0.1156, 0.09933333333333332), (184.5492, 0.009333333333333334, 0.0108)]","[(2, 0.0, 0.0), (1, 0.2701, 0.013050000000000004), (1, 0.0, 0.005077777777777777), (2, 0.0, 0.001261111111111111), (3, 0.0, 0.018272222222222224), (3, 6.666666666666667e-05, 0.011649999999999999), (3, 0.05115, 0.03694444444444444), (3, 0.0, 0.011183333333333332), (1, 0.0, 0.05149444444444444), (1, 0.0, 0.0008166666666666667), (2, 0.0, 0.00095), (3, 0.0006666666666666666, 0.02163888888888889), (3, 0.0, 2.2222222222222223e-05), (1, 0.0, 0.0002111111111111111), (2, 0.0, 0.0014166666666666668), (2, 0.0, 0.002338888888888889)]","[0, 16, 2, 3, 4, 5, 17, 7, 8, 9, 10, 11, 12, 13, 14, 15]","[15, 6, 10, 11, 11, 12, 14, 8, 4, 11, 7, 4, 0, 6, 5, 2]","[True, True, True, True, True, True, True, True, True, True, True, True, True, True, True, True]"
9,16,"[2894.8180274289466, 647.7447684097866, 777.9614183128089, 501.40426599866777, 1095.1560621194842, 1889.8120704974624, 1328.8784523992754, 0, 1908.8504511256126, 510.85018758292983, 1593.2189724078767, 1766.2731188925045, 1191.9840113790701, 1207.75186362467, 1563.5500902401322, 2248.9012475559352]","[4029.0, 1734.4964523925582, 1063.8684348093361, 787.3112824951952, 1381.0630786160116, 4029.0, 4029.0, 4029.0, 2085.788666116554, 796.7572040794572, 4029.0, 1943.211333883446, 4029.0, 2294.5035476074418, 4029.0, 4029.0]","[(0.0, 0.0, 0.0), (226.49220000000003, 0.0016666666666666668, 0.0014), (123.73126666666663, 0.009733333333333332, 0.0028), (0.0, 0.0057333333333333325, 0.001), (767.5571333333334, 0.08106666666666666, 0.391), (253.7549333333333, 0.0006666666666666666, 0.0008), (328.5534, 0.0005333333333333334, 0.0006), (671.0880666666666, 0.08573333333333333, 0.32080000000000003), (125.0422, 0.247, 0.19506666666666664), (0.0, 0.0046, 0.0), (167.772, 0.1156, 0.09933333333333332), (242.57, 0.0003333333333333333, 0.0004), (30.932599999999997, 11.007200000000001, 11.033333333333335), (333.44653333333326, 0.7292666666666667, 0.004666666666666667), (67.1088, 0.11593333333333333, 0.09953333333333332), (218.1036, 0.009266666666666668, 0.010533333333333334)]","[(2, 0.0, 0.0), (1, 0.27021666666666666, 0.012733333333333334), (2, 0.0, 2.2222222222222223e-05), (2, 0.0, 0.0012055555555555554), (3, 0.0, 0.02345), (3, 0.00018333333333333334, 0.015666666666666666), (3, 0.06125, 0.025472222222222222), (3, 0.0, 0.018272222222222224), (1, 3.3333333333333335e-05, 0.05121666666666667), (1, 0.0, 0.0008222222222222222), (2, 0.0, 0.0014166666666666668), (3, 6.666666666666667e-05, 0.009744444444444444), (3, 0.0, 2.2222222222222223e-05), (1, 0.0, 0.00021666666666666668), (2, 0.0, 0.00095), (2, 0.0, 0.0022555555555555554)]","[0, 16, 18, 3, 4, 5, 17, 7, 8, 9, 10, 11, 12, 13, 14, 15]","[15, 6, 11, 11, 11, 12, 14, 8, 4, 11, 7, 4, 0, 6, 5, 2]","[True, True, True, True, True, True, True, True, True, True, True, True, True, True, True, True]"
10,16,"[3151.912592725404, 724.5392512624934, 888.1447951553957, 554.8082706612477, 931.5504308882199, 2103.5010678682, 2050.0788185255155, 1155.2559781834066, 1714.4051397483977, 524.2057480426145, 1563.5500902401322, 1993.317678598913, 1198.6617929554236, 1246.093192628628, 1572.4507548904555, 2201.431036525731]","[4029.0, 1753.7230293169328, 1170.7174839685263, 837.3809594743782, 1214.1231197013503, 4029.0, 4029.0, 4029.0, 1875.0437305747423, 806.778436855745, 4029.0, 2153.9562694252577, 4029.0, 2275.2769706830672, 4029.0, 4029.0]","[(0.0, 0.0, 0.0), (271.2314, 0.0722, 0.0028666666666666667), (120.93533333333332, 0.045200000000000004, 0.020266666666666665), (33.5544, 0.005333333333333333, 0.001), (796.9172, 0.0888, 0.33713333333333334), (244.66713333333328, 0.0014666666666666665, 0.0012), (298.49406666666664, 0.0016666666666666668, 0.005466666666666667), (67.10839999999999, 0.00013333333333333334, 0.001), (93.78139999999999, 0.23493333333333336, 0.19066666666666662), (22.3696, 0.004666666666666667, 0.0002), (67.1088, 0.11593333333333333, 0.09953333333333332), (231.3854, 0.0005333333333333334, 0.0008), (29.2284, 11.277066666666668, 11.304066666666667), (415.23546666666675, 0.7115333333333334, 0.006666666666666668), (100.6632, 0.11566666666666668, 0.09933333333333332), (268.4352, 0.009333333333333334, 0.0108)]","[(2, 0.0, 0.0), (1, 0.24863333333333332, 0.04668333333333334), (2, 0.0, 0.0), (2, 0.0, 0.002505555555555556), (3, 0.0, 0.019), (3, 0.00015, 0.019816666666666666), (3, 0.0008666666666666667, 0.016138888888888887), (1, 0.0, 0.0005722222222222222), (1, 0.0, 0.049894444444444436), (1, 0.0, 0.0008666666666666667), (2, 0.0, 0.00095), (3, 6.666666666666667e-05, 0.011649999999999999), (3, 0.0, 2.2222222222222223e-05), (1, 0.0, 0.0005666666666666666), (2, 0.0, 0.0009611111111111112), (2, 0.0, 0.0022944444444444444)]","[0, 16, 18, 3, 4, 5, 17, 19, 8, 9, 10, 11, 12, 13, 14, 15]","[15, 6, 11, 11, 11, 12, 14, 8, 4, 11, 7, 4, 0, 6, 5, 2]","[True, True, True, True, True, True, True, True, True, True, True, True, True, True, True, True]"
11,16,"[2938.223603388089, 737.8948134977464, 851.4170028745334, 528.1062683299576, 1008.3449108539154, 2073.45105261294, 1896.4898516652977, 1151.9170880730503, 1851.3384576196752, 517.5279678127722, 1572.4507548904555, 1889.8120704974624, 0, 1084.51187754052, 0, 2248.9012475559352]","[4029.0, 1841.1914679786132, 1132.3179654067387, 809.0072308621629, 1289.2458733861208, 4029.0, 4029.0, 4029.0, 1995.2631935611064, 798.4289303449775, 4029.0, 2033.7368064388936, 4029.0, 2187.808532021387, 4029.0, 4029.0]","[(0.0, 0.0, 0.0), (164.9758, 0.0021333333333333334, 0.0014666666666666665), (120.23626666666664, 0.034466666666666666, 0.0114), (134.2176, 0.0048, 0.0), (700.4481333333333, 0.07953333333333333, 0.389), (254.4540666666667, 0.0026, 0.0088), (294.3, 0.001066666666666667, 0.005466666666666667), (72.70093333333334, 6.666666666666668e-05, 0.001), (104.85293333333334, 0.21746666666666667, 0.18180000000000002), (78.29360000000001, 0.004533333333333333, 6.666666666666668e-05), (100.6632, 0.11566666666666668, 0.09933333333333332), (253.7549333333333, 0.0006666666666666666, 0.0008), (27.96146666666667, 11.744666666666664, 11.770666666666664), (202.37446666666668, 0.6932, 0.0088), (22.3696, 0.11606666666666667, 0.09953333333333332), (33.5544, 0.009266666666666668, 0.010666666666666666)]","[(2, 0.0, 0.0), (1, 0.2376, 0.013488888888888885), (2, 0.0, 2.2222222222222223e-05), (2, 0.0, 0.0018000000000000002), (3, 0.0, 0.019427777777777776), (3, 0.00011666666666666667, 0.017588888888888887), (3, 0.0002, 0.014294444444444445), (1, 0.0, 0.0005666666666666666), (1, 3.3333333333333335e-05, 0.05011111111111111), (1, 0.0, 0.000861111111111111), (2, 0.0, 0.0009611111111111112), (3, 0.00018333333333333334, 0.015666666666666666), (3, 0.0, 2.2222222222222223e-05), (1, 0.0, 0.00025), (2, 0.0, 0.0009388888888888888), (2, 0.0, 0.0023555555555555556)]","[0, 16, 18, 3, 4, 5, 17, 19, 8, 9, 10, 11, 12, 13, 14, 15]","[15, 6, 11, 11, 11, 12, 14, 8, 4, 11, 7, 4, 0, 6, 5, 2]","[True, True, True, True, True, True, True, True, True, True, True, True, True, True, True, True]"
12,16,"[2958.2569461384624, 714.5225795860533, 834.7225518377779, 0, 1168.611651651889, 2293.817831151513, 2227.0400194731583, 1158.5948682937635, 1802.042463186016, 517.5279678127722, 0, 2103.5010678682, 1646.6233023008167, 1229.6611944840745, 1071.7839430047102, 5046.6768101486105]","[4029.0, 1756.9306925509895, 1211.757009012168, 377.03445717439024, 1545.646108826279, 4029.0, 2304.708358586171, 4029.0, 1863.770697658908, 894.5624249871624, 4029.0, 2165.229302341092, 1724.2916414138292, 2272.069307449011, 4029.0, 4029.0]","[(0.0, 0.0, 0.0), (159.3834, 0.0022666666666666664, 0.0018), (130.722, 0.026466666666666666, 0.011066666666666664), (67.1088, 0.0046, 0.0), (637.534, 0.09033333333333332, 0.3533333333333333), (268.435, 0.0018666666666666666, 0.0016), (234.18133333333338, 0.0016666666666666668, 0.0016), (75.49719999999999, 0.0004, 0.0014666666666666665), (98.34026666666666, 0.21266666666666662, 0.17426666666666668), (0.0, 0.004666666666666667, 0.00013333333333333334), (22.3696, 0.11606666666666667, 0.09953333333333332), (244.66713333333328, 0.0014666666666666665, 0.0012), (125.829, 0.9397333333333332, 0.7602666666666668), (105.9056, 0.6556666666666666, 0.0064), (125.829, 0.0033333333333333335, 0.0012666666666666666), (369.0984, 0.018533333333333336, 0.025066666666666668)]","[(2, 0.0, 0.0), (1, 0.27031666666666665, 0.012972222222222222), (2, 0.0, 4.4444444444444447e-05), (2, 0.0, 0.0012333333333333335), (3, 0.0, 0.015172222222222219), (3, 0.00013333333333333334, 0.023688888888888888), (3, 0.0006666666666666666, 0.02163888888888889), (1, 0.0, 0.0005499999999999999), (1, 0.00011666666666666667, 0.04876111111111111), (1, 0.0, 0.0008388888888888889), (2, 0.0, 0.0009388888888888888), (3, 0.00015, 0.019816666666666666), (2, 0.0, 0.009888888888888888), (1, 0.0, 0.00020555555555555556), (3, 0.0, 0.0006444444444444443), (2, 0.0, 0.0054888888888888895)]","[0, 16, 18, 3, 4, 5, 17, 19, 8, 9, 10, 11, 20, 13, 21, 15]","[15, 6, 11, 11, 11, 12, 14, 8, 4, 11, 7, 4, 14, 6, 5, 2]","[True, True, True, True, True, True, True, True, True, True, True, True, True, True, True, True]"
13,16,"[3018.356974389583, 0, 791.3169791422134, 501.40426599866777, 1278.7950359504955, 0, 1766.2731188925045, 1151.9170880730503, 1136.5465383316057, 550.9168689619834, 80.13338746088, 2073.45105261294, 1622.8881916370212, 1150.2398701187337, 1068.445052216534, 6361.008278047395]","[4029.0, 4029.0, 1017.9586916288735, 728.0459784853279, 1505.4367484371555, 4029.0, 1952.8415528957028, 4029.0, 1546.0477428593329, 777.5585814486434, 266.7018214640782, 2482.9522571406674, 1809.4566256402195, 4029.0, 4029.0, 4029.0]","[(0.0, 0.0, 0.0), (173.3644, 0.0022, 0.0016), (164.2764, 0.008733333333333333, 0.0061333333333333335), (0.0, 0.0048, 6.666666666666668e-05), (700.4484666666667, 0.08206666666666666, 0.43860000000000005), (269.134, 0.0016666666666666668, 0.0014666666666666665), (242.57, 0.0003333333333333333, 0.0004), (75.49719999999999, 0.0003333333333333333, 0.0014), (87.92, 0.21286666666666668, 0.18966666666666662), (0.0, 0.0046, 0.0), (75.84646666666666, 0.0, 0.0), (254.4540666666667, 0.0026, 0.0088), (139.81, 0.972, 0.7780666666666667), (111.1484, 0.6268666666666667, 0.0044666666666666665), (170.56820000000002, 0.0034, 0.0014666666666666665), (1157.6274666666666, 0.016533333333333334, 0.022133333333333328)]","[(2, 0.0, 0.0), (1, 0.2694166666666667, 0.013116666666666667), (2, 0.0, 8.88888888888889e-05), (2, 0.0, 0.0013222222222222222), (3, 0.0, 0.019766666666666665), (3, 0.00031666666666666665, 0.026144444444444446), (3, 6.666666666666667e-05, 0.009744444444444444), (1, 0.0, 0.0005611111111111111), (1, 0.0, 0.050077777777777784), (1, 0.0, 0.0012333333333333335), (2, 0.00015, 0.0002722222222222222), (3, 0.00011666666666666667, 0.017588888888888887), (2, 0.0, 0.011461111111111111), (1, 0.0, 0.00023333333333333333), (3, 0.0, 0.0005666666666666666), (2, 0.0, 0.005333333333333333)]","[0, 16, 18, 22, 4, 5, 17, 19, 8, 9, 23, 11, 20, 13, 21, 15]","[15, 6, 11, 11, 11, 12, 14, 8, 4, 11, 14, 4, 14, 10, 5, 2]","[True, True, True, True, True, True, True, True, True, True, True, True, True, True, True, True]"
14,16,"[3148.573702267009, 2251.868135745323, 794.6558693495645, 498.43737685074666, 1539.228489747202, 2327.8664038117226, 1993.317678598913, 1168.6115386248337, 1426.8451722187147, 520.8668579276933, 86.81116974928666, 2293.817831151513, 1578.3848591424044, 733.962583790049, 1095.1561785219467, 2438.7820916767528]","[3221.80555923848, 4029.0, 963.6087208807629, 667.3902283819451, 1708.1813412784004, 4029.0, 2116.8131094353785, 4029.0, 1581.0136705336008, 689.8197094588918, 210.3066005857519, 2447.986329466399, 1701.8802899788695, 807.19444076152, 4029.0, 4029.0]","[(0.0, 0.0, 0.0), (100.6632, 0.009333333333333334, 0.0108), (148.19806666666668, 0.008400000000000001, 0.004866666666666666), (145.4024, 0.004733333333333333, 6.666666666666668e-05), (830.4715333333334, 0.09873333333333333, 0.6516666666666666), (335.544, 0.016466666666666664, 0.009866666666666668), (231.3854, 0.0005333333333333334, 0.0008), (77.5942, 0.00046666666666666666, 0.0014), (83.36113333333331, 0.21606666666666663, 0.18393333333333337), (0.0, 0.004666666666666667, 0.00013333333333333334), (71.827, 0.0, 0.0), (268.435, 0.0018666666666666666, 0.0016), (184.5492, 0.9548666666666666, 0.7652666666666668), (80.73986666666669, 0.6493333333333333, 0.004200000000000001), (170.56820000000002, 0.0033333333333333335, 0.0014), (167.772, 0.009333333333333334, 0.0104)]","[(2, 0.0, 0.0), (2, 0.0, 0.002416666666666667), (2, 0.0, 0.0), (2, 0.0, 0.0012666666666666666), (3, 0.0, 0.02181111111111111), (3, 0.0, 0.015905555555555555), (3, 6.666666666666667e-05, 0.011649999999999999), (1, 0.0, 0.001627777777777778), (1, 0.0, 0.04877777777777778), (1, 0.0, 0.0008222222222222222), (2, 0.09475, 0.017716666666666665), (3, 0.00013333333333333334, 0.023688888888888888), (2, 1.666666666666667e-05, 0.010605555555555557), (1, 0.0, 0.0002222222222222222), (3, 0.0, 0.0008388888888888889), (2, 0.0, 0.002172222222222222)]","[0, 24, 18, 22, 4, 25, 17, 19, 8, 9, 23, 11, 20, 13, 21, 15]","[15, 6, 11, 11, 11, 12, 14, 8, 4, 11, 14, 4, 14, 15, 5, 2]","[True, True, True, True, True, True, True, True, True, True, True, True, True, True, True, True]"
15,16,"[3425.7016103138403, 2266.7025766922616, 781.30030852016, 0, 4253.746412012876, 2503.141050686958, 1889.8120704974624, 1165.2726485144767, 2127.9437597196566, 520.8668579276933, 103.50562547030331, 2203.667785385733, 1622.8881916370212, 928.4078951672633, 1105.1728508864767, 2554.490731062876]","[3263.1468575732883, 4029.0, 399.5719139049776, -381.7283946151824, 3872.0180173976937, 4029.0, 2027.4101079625334, 4029.0, 1976.6379871669615, 139.1384633125109, 241.10366293537442, 2052.362012833038, 1760.4862291020922, 765.8531424267113, 4029.0, 4029.0]","[(0.0, 0.0, 0.0), (150.9948, 0.009333333333333334, 0.010933333333333335), (134.21720000000002, 0.002466666666666667, 0.0006666666666666666), (67.1088, 0.004666666666666667, 0.0), (1069.547, 0.1412, 0.6463333333333334), (427.8186, 0.011466666666666667, 0.006066666666666666), (253.7549333333333, 0.0006666666666666666, 0.0008), (69.2056, 0.00046666666666666666, 0.0013333333333333333), (90.52506666666666, 0.3320666666666667, 0.2432666666666667), (0.0, 0.0044666666666666665, 0.00013333333333333334), (107.65333333333331, 0.0, 0.0), (269.134, 0.0016666666666666668, 0.0014666666666666665), (131.4214, 0.9578666666666666, 0.7716000000000001), (90.177, 0.6436666666666666, 0.004533333333333333), (128.6252, 0.0032, 0.0014), (536.8704, 0.009266666666666668, 0.0106)]","[(2, 0.0, 0.0), (2, 0.0, 0.0026888888888888887), (2, 0.0, 4.4444444444444447e-05), (2, 0.0, 0.0012333333333333335), (3, 0.0, 0.17137222222222223), (3, 1.666666666666667e-05, 0.017866666666666666), (3, 0.00018333333333333334, 0.015666666666666666), (1, 0.0, 0.0005499999999999999), (1, 0.0002333333333333333, 0.0568888888888889), (1, 0.0, 0.0008944444444444446), (2, 0.0006, 0.00018333333333333334), (3, 0.00031666666666666665, 0.026144444444444446), (2, 0.0, 0.010555555555555558), (1, 0.0, 0.0002222222222222222), (3, 0.0, 0.0005555555555555557), (2, 0.0, 0.0023777777777777777)]","[0, 24, 18, 22, 4, 25, 17, 19, 8, 9, 23, 11, 20, 13, 21, 15]","[15, 6, 11, 11, 11, 12, 14, 8, 4, 11, 14, 4, 14, 15, 5, 2]","[True, True, True, True, True, True, True, True, True, True, True, True, True, True, True, True]"
16,16,"[3442.3960626058183, 2248.9012475559352, 818.0281008010221, 450.7502254398, 2681.129017932762, 2497.663717972107, 2103.5010678682, 0, 2445.6290571810214, 520.8668579276933, 76.79449631667669, 2664.4346859663865, 1596.1861921402513, 1174.8878673355634, 1078.4617245810634, 2450.6496444343047]","[3148.2540976351274, 4029.0, 821.0201085805297, 2239.8751127199, 2684.12102571227, 4029.0, 2187.6738157598243, 1789.1248872801, 1905.0971856073174, 523.858865707201, 160.96724420830066, 2123.9028143926826, 1680.3589400318751, 880.7459023648726, 4029.0, 4029.0]","[(0.0, 0.0, 0.0), (150.9948, 0.009266666666666668, 0.0106), (95.76953333333334, 0.0094, 0.006266666666666668), (184.549, 0.0, 0.0), (2168.4547333333335, 0.09346666666666668, 0.3538666666666667), (419.43, 0.0086, 0.004933333333333334), (244.66713333333328, 0.0014666666666666665, 0.0012), (82.4876, 0.0007333333333333332, 0.002), (126.996, 0.5407333333333333, 0.289), (0.0, 0.004666666666666667, 6.666666666666668e-05), (83.18653333333334, 0.0, 0.0), (369.09826666666675, 0.0032, 0.0020666666666666667), (153.791, 0.9633999999999999, 0.7669333333333332), (88.07973333333334, 0.8984, 0.004200000000000001), (134.2176, 0.0033333333333333335, 0.0014), (738.197, 0.009333333333333334, 0.0108)]","[(2, 0.0, 0.0), (2, 0.0, 0.0023555555555555556), (2, 0.0, 0.0), (1, 0.0, 0.00029444444444444445), (3, 0.0, 0.1801333333333333), (3, 0.0, 0.021744444444444445), (3, 0.00015, 0.019816666666666666), (1, 0.0, 0.0005722222222222222), (1, 0.0001, 0.059855555555555565), (1, 0.0, 0.0008277777777777778), (2, 0.0005833333333333334, 0.00023333333333333333), (3, 0.2675166666666666, 0.1220111111111111), (2, 0.0, 0.0117), (1, 0.0, 0.00032777777777777775), (3, 0.0, 0.0007111111111111111), (2, 0.0, 0.0023666666666666667)]","[0, 24, 18, 26, 4, 25, 17, 19, 8, 9, 23, 11, 20, 13, 21, 15]","[15, 6, 11, 8, 11, 12, 14, 8, 4, 11, 14, 4, 14, 15, 5, 2]","[True, True, True, True, True, True, True, True, True, True, True, True, True, True, True, True]"
17,16,"[3475.784967189774, 2254.8350239347114, 784.6391987275113, 570.9502855570801, 0, 2664.722365775066, 2073.45105261294, 1578.3845313240047, 2166.2850887236145, 0, 80.13338746088, 2310.5122840711024, 1655.52396879974, 1366.594512355352, 1058.4283798520034, 2453.616532623692]","[3069.095227417211, 4029.0, 1149.6478601913125, 935.9589470208813, 2014.5, 4029.0, 2146.748249655087, 1943.393192787806, 1942.3864023262558, 2014.5, 153.4305845030266, 2086.6135976737437, 1728.8211658418866, 959.9047725827891, 4029.0, 4029.0]","[(0.0, 0.0, 0.0), (184.5492, 0.009333333333333334, 0.0108), (113.94486666666668, 0.0015333333333333334, 0.0006666666666666666), (225.0938, 0.0, 0.0), (1308.6224666666665, 0.08373333333333334, 0.33853333333333335), (455.7806, 0.011333333333333336, 0.005066666666666666), (254.4540666666667, 0.0026, 0.0088), (223.696, 0.11593333333333333, 0.0992), (113.97066666666669, 0.33546666666666664, 0.21846666666666667), (0.0, 0.004533333333333333, 0.0), (74.62326666666667, 0.0, 0.00013333333333333334), (364.904, 0.0027333333333333333, 0.0014666666666666665), (125.829, 0.9370666666666667, 0.7570666666666667), (108.00293333333333, 1.1823333333333332, 0.0031333333333333335), (268.4352, 0.0032666666666666664, 0.0013333333333333333), (352.32120000000003, 0.0094, 0.010866666666666667)]","[(2, 0.0, 0.0), (2, 0.0, 0.002338888888888889), (2, 0.0, 1.6666666666666667e-05), (1, 0.0, 0.0002833333333333333), (3, 0.0, 0.016483333333333336), (3, 0.0, 0.016805555555555553), (3, 0.00011666666666666667, 0.017588888888888887), (2, 0.0, 0.0010277777777777776), (1, 0.0, 0.05419444444444445), (1, 0.0, 0.0008333333333333334), (2, 0.0007166666666666667, 0.00015555555555555556), (3, 0.0012833333333333332, 0.025400000000000002), (2, 0.06273333333333334, 0.031105555555555553), (1, 0.0, 0.00023333333333333333), (3, 0.0, 0.00065), (2, 0.0, 0.002344444444444444)]","[0, 24, 18, 26, 4, 25, 17, 27, 8, 9, 23, 11, 20, 13, 21, 15]","[15, 6, 8, 8, 11, 12, 14, 8, 4, 11, 14, 4, 14, 15, 5, 2]","[True, True, True, True, True, True, True, True, True, True, True, True, True, True, True, True]"
18,15,"[3732.8795324862313, 2248.9012475559352, 868.1114539112888, 500.8335838220001, 454.0891471920266, 2478.4930534701275, 2293.817831151513, 1566.5169784569066, 2018.3971054226345, 0, 0, 2560.9290778649356, 2278.570623724373, 0, 0, 2495.1529672751212]","[3880.9397662431156, 4029.0, 2198.1389350446443, 1830.8610649553557, 4029.0, 4029.0, 2112.688346192884, 4029.0, 1743.2340137788492, 0, -181.1294849586287, 2285.7659862211503, 2097.441138765744, 148.06023375688437, 4029.0, 4029.0]","[(0.0, 0.0, 0.0), (218.1036, 0.009266666666666668, 0.010533333333333334), (117.43993333333336, 0.021133333333333334, 0.005333333333333333), (191.5394, 0.0, 0.0), (29.621666666666673, 4.1293999999999995, 4.1416), (332.7478, 0.012333333333333335, 0.0056), (268.435, 0.0018666666666666666, 0.0016), (268.4352, 0.11646666666666668, 0.09953333333333332), (114.62193333333336, 0.28486666666666666, 0.20433333333333337), 0, (70.9532, 0.0, 6.666666666666668e-05), (271.9302, 0.0026666666666666666, 0.0020666666666666667), (226.49220000000003, 0.9202666666666668, 0.7430666666666668), (106.95439999999999, 0.8705333333333333, 0.007), (248.8618, 0.0033333333333333335, 0.0014), (218.1036, 0.009333333333333334, 0.010666666666666666)]","[(2, 0.0, 0.0), (2, 0.0, 0.0022555555555555554), (2, 0.0399, 0.014022222222222224), (1, 1.666666666666667e-05, 0.0002611111111111111), (3, 0.0, 1.6666666666666667e-05), (3, 0.0, 0.021144444444444445), (3, 0.00013333333333333334, 0.023688888888888888), (2, 0.0, 0.0009611111111111112), (1, 3.3333333333333335e-05, 0.05196111111111111), 0, (2, 0.0005166666666666667, 0.00016111111111111108), (3, 0.005633333333333334, 0.03143333333333334), (2, 0.09268333333333334, 0.011455555555555556), (1, 0.0, 0.00021666666666666668), (3, 0.0, 0.0008222222222222222), (2, 0.0, 0.002655555555555556)]","[0, 24, 18, 26, 28, 25, 17, 27, 8, -1, 23, 11, 20, 13, 21, 15]","[15, 6, 8, 8, 10, 12, 14, 9, 4, -1, 14, 4, 14, 15, 5, 2]","[True, True, True, True, True, True, True, True, True, False, True, True, True, True, True, True]"
19,14,"[3782.9628893621643, 2201.431036525731, 791.3169791422134, 474.12245935149326, 1315.5229705416066, 2629.1197031285333, 2203.667785385733, 1560.5832020233572, 1966.362444631549, 3464.41286996805, 0, 2520.8623908579216, 1590.2524144743022, 0, 390.65025572768, 2423.947650729814]","[4029.0, 4029.0, 911.8425952398209, 4029.0, 1436.0485866392141, 4029.0, 2321.2076854557154, 1681.1088181209648, 4029.0, 4029.0, 0, 4029.0, 1707.7923145442844, 0, 4029.0, 4029.0]","[(0.0, 0.0, 0.0), (268.4352, 0.009333333333333334, 0.0108), (111.8474, 0.0072, 0.0028666666666666667), (225.09366666666662, 0.0, 0.0), (29.53446666666667, 12.107333333333337, 12.139266666666664), (377.487, 0.011333333333333336, 0.0054), (269.134, 0.0016666666666666668, 0.0014666666666666665), (33.5544, 0.11626666666666668, 0.09953333333333332), (98.99153333333334, 0.26739999999999997, 0.19593333333333338), (168.47066666666663, 0.27493333333333336, 0.023333333333333327), 0, (274.72646666666674, 0.0041333333333333335, 0.009866666666666668), (142.6062, 0.9306666666666665, 0.7520666666666668), 0, (499.1218, 0.0004, 0.0003333333333333333), (134.2176, 0.009266666666666668, 0.010666666666666666)]","[(2, 0.0, 0.0), (2, 0.0, 0.0022944444444444444), (2, 0.0, 2.2222222222222223e-05), (1, 0.0, 0.0002833333333333333), (3, 0.0, 1.6666666666666667e-05), (3, 0.0, 0.030616666666666664), (3, 0.00031666666666666665, 0.026144444444444446), (2, 0.0, 0.000972222222222222), (1, 0.0, 0.051827777777777785), (3, 0.2927833333333333, 0.026605555555555556), 0, (3, 0.0009833333333333335, 0.03336666666666666), (2, 0.0, 0.012455555555555557), 0, (2, 0.012733333333333334, 0.0036666666666666666), (2, 0.0, 0.0023833333333333337)]","[0, 24, 18, 26, 28, 25, 17, 27, 8, 29, -1, 11, 20, -1, 32, 15]","[15, 6, 10, 8, 10, 12, 14, 10, 0, 11, -1, 4, 14, -1, 5, 2]","[True, True, True, True, True, True, True, True, True, True, False, True, True, False, True, True]"
20,16,"[3388.973815271489, 2248.9012475559352, 751.250296654, 0, 1135.2228679800667, 2505.879717044383, 2664.4346859663865, 1566.5169784569066, 1996.48777456323, 4442.116739200141, 599.3113997345512, 2607.673546039784, 1563.5504149775322, 454.0891471920266, 530.8836808606934, 2423.947650729814]","[4029.0, 4029.0, 781.73047408325, 4029.0, 1165.7030454093167, 4029.0, 2564.942135494427, 1596.9971558861566, 4029.0, 4029.0, 2048.713859436929, 4029.0, 1464.0578645055728, 484.5693246212766, 1980.286140563071, 4029.0]","[(0.0, 0.0, 0.0), (33.5544, 0.009266666666666668, 0.010666666666666666), (139.11079999999998, 0.0016666666666666668, 0.0009333333333333332), (159.38313333333332, 0.0, 0.0), (31.3258, 10.272666666666666, 10.300266666666666), (321.563, 0.0134, 0.007933333333333334), (369.09826666666675, 0.0032, 0.0020666666666666667), (0.0, 0.1156, 0.0996), (100.29406666666667, 0.28213333333333335, 0.20133333333333336), (313.1741333333334, 0.2986666666666667, 0.020266666666666665), (0.0, 0.004733333333333333, 0.00013333333333333334), (269.13426666666675, 0.0028, 0.002466666666666667), (117.4404, 0.9303333333333335, 0.7412666666666667), (29.621666666666673, 4.1293999999999995, 4.1416), (455.08166666666676, 0.012533333333333334, 0.18906666666666663), (33.5544, 0.009333333333333334, 0.010466666666666668)]","[(2, 0.0, 0.0), (2, 0.0, 0.0023555555555555556), (2, 0.0, 3.3333333333333335e-05), (1, 0.0, 0.0002722222222222222), (3, 0.0, 4.4444444444444447e-05), (3, 0.0, 0.017744444444444448), (3, 0.2675166666666666, 0.1220111111111111), (2, 0.0, 0.00095), (1, 1.666666666666667e-05, 0.05187777777777777), (3, 0.10841666666666666, 0.0281), (3, 0.0, 0.0014222222222222223), (3, 0.0003333333333333333, 0.03149444444444444), (2, 0.0, 0.010772222222222223), (3, 0.0, 1.6666666666666667e-05), (2, 0.0002833333333333333, 0.0029611111111111123), (2, 0.0, 0.0022833333333333334)]","[0, 24, 18, 26, 28, 25, 17, 27, 8, 29, 30, 11, 20, 31, 32, 15]","[15, 6, 10, 8, 10, 12, 14, 10, 0, 11, 5, 4, 14, 10, 5, 2]","[True, True, True, True, True, True, True, True, True, True, True, True, True, True, True, True]"
21,16,"[3395.6515961882797, 5046.6768101486105, 771.2836378981068, 628.9803113908888, 1145.2395403445964, 2519.573048831511, 2310.5122840711024, 1593.2189724078767, 2029.3517708523368, 3143.9889128247596, 620.0796165570354, 2350.5789710781155, 1554.649748478609, 1315.5229705416066, 537.5614630098844, 2394.2787688359367]","[4029.0, 4029.0, 828.1473625366735, 1069.2036312796888, 1136.9123792465698, 2959.796368720311, 2392.4312677962466, 1584.89181130985, 4029.0, 3200.8526374633266, 4029.0, 4029.0, 1636.5687322037531, 1307.19580944358, 4029.0, 4029.0]","[(0.0, 0.0, 0.0), (369.0984, 0.018533333333333336, 0.025066666666666668), (143.30486666666667, 0.0032, 0.0006666666666666666), (320.1647333333333, 0.0011333333333333332, 0.0015333333333333334), (31.238400000000002, 10.958333333333334, 10.986266666666667), (343.9326, 0.013333333333333336, 0.0074666666666666675), (364.904, 0.0027333333333333333, 0.0014666666666666665), (167.772, 0.1156, 0.09933333333333332), (104.20166666666668, 0.267, 0.19686666666666666), (205.5204, 0.03793333333333333, 0.025266666666666666), (0.0, 0.004666666666666667, 6.666666666666668e-05), (272.62946666666676, 0.0018666666666666666, 0.0016), (83.886, 0.8937333333333333, 0.7318666666666667), (29.53446666666667, 12.107333333333337, 12.139266666666664), (471.15966666666674, 0.013066666666666664, 0.18946666666666667), (100.6632, 0.009266666666666668, 0.010733333333333333)]","[(2, 0.0, 0.0), (2, 0.0, 0.0054888888888888895), (2, 0.0, 2.2222222222222223e-05), (2, 0.0037166666666666667, 0.0028777777777777777), (3, 0.0, 2.2222222222222223e-05), (3, 0.0, 0.017083333333333332), (3, 0.0012833333333333332, 0.025400000000000002), (2, 0.0, 0.0014166666666666668), (1, 3.3333333333333335e-05, 0.05137777777777777), (3, 0.00125, 0.027633333333333336), (3, 0.0, 0.001661111111111111), (3, 0.0004166666666666666, 0.026177777777777776), (2, 0.0, 0.007866666666666668), (3, 0.0, 1.6666666666666667e-05), (2, 0.00035, 0.0039833333333333335), (2, 0.0, 0.002338888888888889)]","[0, 24, 18, 33, 28, 25, 17, 27, 8, 29, 30, 11, 20, 31, 32, 15]","[15, 6, 11, 12, 10, 12, 14, 10, 0, 11, 7, 4, 14, 10, 5, 2]","[True, True, True, True, True, True, True, True, True, True, True, True, True, True, True, True]"
22,16,"[3432.379391230631, 6361.008278047395, 761.2669672760534, 634.9140879134446, 1218.6951376844836, 2440.1517244661704, 0, 1563.5500902401322, 1991.0104418483793, 3601.346184986549, 578.5431829120669, 2417.356782756471, 1554.649748478609, 1135.2228679800667, 0, 0]","[4029.0, 4029.0, 594.4603911447524, 1111.881181723637, 1255.8724390495893, 2917.1188182763626, 1237.1751257606957, 1600.727391605238, 4029.0, 3434.539608855248, 4029.0, 4029.0, 2791.8248742393043, 1172.4001693451723, 4029.0, 4029.0]","[(0.0, 0.0, 0.0), (1157.6274666666666, 0.016533333333333334, 0.022133333333333328), (134.91646666666668, 0.001066666666666667, 0.0006), (300.59133333333324, 0.0011333333333333332, 0.0015333333333333334), (30.75773333333333, 11.004733333333336, 11.030333333333335), (478.1502, 0.012199999999999999, 0.007066666666666666), (271.9302, 0.0026666666666666666, 0.0020666666666666667), (67.1088, 0.11593333333333333, 0.09953333333333332), (76.1972, 0.28906666666666664, 0.20346666666666666), (130.0228, 0.042466666666666666, 0.027733333333333336), (0.0, 0.004533333333333333, 0.0), (289.4064, 0.0022, 0.0018666666666666666), (92.2746, 0.9142666666666668, 0.7324666666666667), (31.3258, 10.272666666666666, 10.300266666666666), (486.5389333333335, 0.012733333333333333, 0.18919999999999998), (117.4404, 0.0092, 0.0106)]","[(2, 0.0, 0.0), (2, 0.0, 0.005333333333333333), (2, 0.0, 0.0), (2, 0.0004, 0.0023666666666666667), (3, 0.0, 2.2222222222222223e-05), (3, 0.0009, 0.02215), (3, 0.005633333333333334, 0.03143333333333334), (2, 0.0, 0.00095), (1, 0.00013333333333333334, 0.05233888888888889), (3, 0.0008, 0.02777777777777778), (3, 0.0, 0.0012944444444444446), (3, 0.19908333333333336, 0.026938888888888887), (2, 0.0, 0.010216666666666666), (3, 0.0, 4.4444444444444447e-05), (2, 0.07660000000000003, 0.0032111111111111108), (2, 0.0, 0.0023166666666666665)]","[0, 24, 18, 33, 28, 25, 17, 27, 8, 29, 30, 11, 20, 31, 32, 15]","[15, 6, 11, 12, 10, 12, 14, 10, 0, 11, 7, 4, 14, 10, 5, 2]","[True, True, True, True, True, True, True, True, True, True, True, True, True, True, True, True]"
23,16,"[0, 2438.7820916767528, 791.3169791422134, 557.7749931202221, 1191.9840113790701, 2429.1970590364676, 1364.7688631682443, 1572.4507548904555, 1865.0317894068035, 3261.75156374067, 581.5100710295644, 0, 1560.5835261445573, 1145.2395403445964, 1115.1894634134223, 599.3113997345512]","[4029.0, 4029.0, 779.2827077007718, 1078.7889670418772, 1231.7592425076962, 2950.211032958123, 1916.5926685118436, 1612.2259860190816, 4029.0, 3249.7172922992286, 4029.0, 1714.8443001327244, 2112.4073314881566, 1185.0147714732225, 4029.0, 2314.1556998672754]","[(0.0, 0.0, 0.0), (167.772, 0.009333333333333334, 0.0104), (127.92566666666669, 0.002533333333333333, 0.001), (288.00833333333327, 0.0011333333333333332, 0.0014), (30.932599999999997, 11.007200000000001, 11.033333333333335), (461.373, 0.013266666666666668, 0.0067333333333333325), (402.65259999999995, 0.0, 0.0), (100.6632, 0.11566666666666668, 0.09933333333333332), (85.9662, 0.27253333333333335, 0.19946666666666668), (110.44946666666667, 0.04046666666666667, 0.026666666666666672), (0.0, 0.004733333333333333, 0.0), (292.9018, 0.0003333333333333333, 0.0004), (134.2176, 0.8891333333333333, 0.7291333333333333), (31.238400000000002, 10.958333333333334, 10.986266666666667), (499.1218, 0.0016666666666666668, 0.0011333333333333332), (0.0, 0.004733333333333333, 0.00013333333333333334)]","[(2, 0.0, 0.0), (2, 0.0, 0.002172222222222222), (2, 0.0, 0.00015000000000000001), (2, 0.00026666666666666673, 0.002455555555555556), (3, 0.0, 2.2222222222222223e-05), (3, 0.0, 0.017055555555555553), (3, 0.1085, 0.004066666666666666), (2, 0.0, 0.0009611111111111112), (1, 0.0, 0.052361111111111115), (3, 0.00011666666666666667, 0.02971666666666666), (3, 0.0, 0.0012333333333333335), (3, 0.04091666666666667, 0.011177777777777778), (2, 1.666666666666667e-05, 0.00786111111111111), (3, 0.0, 2.2222222222222223e-05), (2, 0.0, 0.0010999999999999998), (3, 0.0, 0.0014222222222222223)]","[0, 24, 18, 33, 28, 25, 34, 27, 8, 29, 30, 11, 20, 31, 35, 36]","[15, 6, 11, 12, 10, 12, 14, 10, 0, 11, 7, 4, 14, 10, 5, 4]","[True, True, True, True, True, True, True, True, True, True, True, True, True, True, True, True]"
24,15,"[0, 2554.490731062876, 0, 590.4107639942779, 1198.6617929554236, 2420.981059964191, 1691.1266347954333, 1566.5169784569066, 1982.7944427761026, 3502.7541981732297, 0, 501.40426599866777, 1530.9146378148132, 1218.6951376844836, 1175.2894943758222, 620.0796165570354]","[0, 4029.0, 263.12290091338514, 1099.2148520150433, 1213.7038232564857, 2929.7851479849564, 2094.60599849031, 1581.5590087579687, 4029.0, 3765.877099086615, 4029.0, 4029.0, 1934.3940015096898, 1233.7371679855457, 4029.0, 4029.0]","[0, (536.8704, 0.009266666666666668, 0.0106), (103.45886666666668, 0.004066666666666666, 0.0026), (311.7758666666666, 0.0011333333333333332, 0.0015333333333333334), (29.2284, 11.277066666666668, 11.304066666666667), (416.6338, 0.0116, 0.0067333333333333325), (339.738, 0.0, 0.0), (22.3696, 0.11606666666666667, 0.09953333333333332), (92.47886666666669, 0.26613333333333333, 0.19846666666666668), (119.5372, 0.03373333333333334, 0.02686666666666667), (0.0, 0.004733333333333333, 6.666666666666668e-05), (0.0, 0.0048, 6.666666666666668e-05), (120.23660000000001, 0.8804666666666667, 0.7153333333333335), (30.75773333333333, 11.004733333333336, 11.030333333333335), (553.6476, 0.0017333333333333335, 0.0015333333333333334), (0.0, 0.004666666666666667, 6.666666666666668e-05)]","[0, (2, 0.0, 0.0023777777777777777), (2, 0.0, 0.0), (2, 0.0, 0.002388888888888889), (3, 0.0, 2.2222222222222223e-05), (3, 0.0, 0.024077777777777778), (3, 0.2122, 0.00935), (2, 0.0, 0.0009388888888888888), (1, 0.0026333333333333334, 0.052366666666666666), (3, 0.0013666666666666669, 0.04000555555555556), (3, 0.0, 0.0012666666666666666), (2, 0.0, 0.0013222222222222222), (2, 5e-05, 0.008244444444444445), (3, 0.0, 2.2222222222222223e-05), (2, 0.0, 0.0005222222222222223), (3, 0.0, 0.001661111111111111)]","[-1, 24, 18, 33, 28, 25, 34, 27, 8, 29, 30, 38, 20, 31, 35, 36]","[-1, 6, 11, 12, 10, 12, 14, 10, 0, 11, 7, 15, 14, 10, 5, 4]","[False, True, True, True, True, True, True, True, True, True, True, True, True, True, True, True]"
25,14,"[2240.395480738335, 2450.6496444343047, 0, 534.03988703, 1178.6284482263632, 2366.2077328156797, 1254.9939763481898, 1563.5500902401322, 0, 2935.85027399664, 0, 498.43737685074666, 1572.4510814764558, 1191.9840113790701, 1121.8672446314667, 578.5431829120669]","[4029.0, 4029.0, 0, 1098.4160771071602, 1210.2409316111746, 2930.58392289284, 1855.771447435867, 1595.1625736249437, 4029.0, 4029.0, 0, 4029.0, 2173.2285525641328, 1223.5964947638815, 4029.0, 4029.0]","[(973.0777333333333, 0.10640000000000001, 0.744), (738.197, 0.009333333333333334, 0.0108), 0, (325.75713333333334, 0.0011333333333333332, 0.0014666666666666665), (27.96146666666667, 11.744666666666664, 11.770666666666664), (402.6528, 0.011733333333333332, 0.0074666666666666675), (343.93240000000003, 0.0, 0.0), (67.1088, 0.11606666666666667, 0.09946666666666669), (121.1346, 0.2476, 0.193), (105.55626666666666, 0.03646666666666667, 0.024466666666666664), 0, (145.4024, 0.004733333333333333, 6.666666666666668e-05), (117.4404, 0.9407333333333332, 0.7398666666666667), (30.932599999999997, 11.007200000000001, 11.033333333333335), (461.3726, 0.008400000000000001, 0.008866666666666667), (0.0, 0.004533333333333333, 0.0)]","[(3, 0.0, 0.025061111111111114), (2, 0.0, 0.0023666666666666667), 0, (2, 0.0006666666666666666, 0.0023944444444444447), (3, 0.0, 2.2222222222222223e-05), (3, 1.666666666666667e-05, 0.02868888888888889), (3, 0.020033333333333334, 0.0038777777777777777), (2, 0.0, 0.0009555555555555554), (1, 1.666666666666667e-05, 0.051916666666666667), (3, 0.0, 0.024422222222222224), 0, (2, 0.0, 0.0012666666666666666), (2, 0.0, 0.011944444444444445), (3, 0.0, 2.2222222222222223e-05), (2, 0.0, 0.0004944444444444445), (3, 0.0, 0.0012944444444444446)]","[37, 24, -1, 33, 28, 25, 34, 27, 8, 29, -1, 38, 20, 31, 35, 36]","[3, 6, -1, 12, 10, 12, 14, 10, 0, 11, -1, 15, 14, 10, 5, 4]","[True, True, False, True, True, True, True, True, True, True, False, True, True, True, True, True]"
26,15,"[1332.217282883153, 2453.616532623692, 0, 522.1723339848888, 1141.90064955642, 2826.303680863173, 1266.8615316800874, 1563.5500902401322, 3464.41286996805, 2837.2582871833197, 3464.41286996805, 498.43737685074666, 1560.5835261445573, 1198.6617929554236, 1035.0560887968888, 0]","[4029.0, 4029.0, 0, 862.4343265608579, 1986.1194283004982, 3166.5656734391423, 1867.639002767765, 4029.0, 4029.0, 4029.0, 4029.0, 4029.0, 2161.3609972322347, 2042.8805716995018, 4029.0, 4029.0]","[(805.3058666666667, 0.081, 0.3894666666666666), (352.32120000000003, 0.0094, 0.010866666666666667), 0, (304.78553333333326, 0.0011333333333333332, 0.0014666666666666665), (28.00533333333333, 10.849266666666667, 10.8736), (363.506, 0.0166, 0.009666666666666665), (306.18359999999996, 0.0, 0.0), (78.29360000000001, 0.11573333333333333, 0.09953333333333332), (168.47066666666663, 0.27493333333333336, 0.023333333333333327), (111.8476, 0.035666666666666666, 0.024), (168.47066666666663, 0.27493333333333336, 0.023333333333333327), (67.1088, 0.004666666666666667, 0.0), (142.6062, 0.9389333333333333, 0.7352666666666667), (29.2284, 11.277066666666668, 11.304066666666667), (448.7898, 0.009933333333333334, 0.0104), (0.0, 0.004733333333333333, 0.0)]","[(3, 0.0, 0.023311111111111112), (2, 0.0, 0.002344444444444444), 0, (2, 6.666666666666667e-05, 0.0023833333333333337), (3, 0.0, 1.6666666666666667e-05), (3, 0.0, 0.017905555555555557), (3, 0.008033333333333333, 0.003372222222222222), (2, 0.0, 0.0009166666666666666), (3, 0.2927833333333333, 0.026605555555555556), (3, 0.0, 0.028383333333333337), (3, 0.2927833333333333, 0.026605555555555556), (2, 0.0, 0.0012333333333333335), (2, 0.0, 0.013844444444444444), (3, 0.0, 2.2222222222222223e-05), (2, 0.0, 0.0004944444444444445), (3, 0.0, 0.0012333333333333335)]","[37, 24, -1, 33, 28, 25, 34, 27, 40, 29, 41, 38, 20, 31, 35, 36]","[3, 6, -1, 12, 10, 12, 14, 9, 0, 11, 7, 15, 14, 10, 5, 4]","[True, True, False, True, True, True, True, True, True, True, True, True, True, True, True, True]"
27,15,"[888.1448552554355, 2495.1529672751212, 744.572766635591, 531.0729987687222, 1148.5784311327734, 2823.565014505748, 1204.5568661876246, 1563.5500902401322, 4442.116739200141, 2777.0076285751793, 4442.116739200141, 0, 1554.649748478609, 1178.6284482263632, 1051.750541842, 0]","[4029.0, 4029.0, 1063.6462179706818, 868.253992131487, 1467.6518824678642, 3160.7460078685126, 1839.4535588545077, 4029.0, 4029.0, 4029.0, 4029.0, 4029.0, 2189.5464411454923, 1497.701899561454, 4029.0, 0]","[(624.9507333333332, 0.08693333333333333, 0.30760000000000004), (218.1036, 0.009333333333333334, 0.010666666666666666), (142.60586666666666, 0.0007333333333333332, 0.0006), (258.64813333333325, 0.0011333333333333332, 0.0015333333333333334), (29.18493333333334, 11.238933333333332, 11.264533333333333), (422.2262, 0.03953333333333333, 0.018666666666666668), (322.961, 0.0, 0.0), (33.5544, 0.1158, 0.09953333333333332), (313.1741333333334, 0.2986666666666667, 0.020266666666666665), (115.3428, 0.03426666666666667, 0.023266666666666665), (313.1741333333334, 0.2986666666666667, 0.020266666666666665), (100.6632, 0.004666666666666667, 6.666666666666668e-05), (125.829, 0.9171333333333334, 0.7279333333333333), (27.96146666666667, 11.744666666666664, 11.770666666666664), (450.1882666666667, 0.0092, 0.009466666666666667), 0]","[(3, 0.0, 0.013066666666666667), (2, 0.0, 0.002655555555555556), (1, 0.0, 0.02883888888888889), (2, 0.0010333333333333334, 0.0024222222222222223), (3, 0.0, 4.4444444444444447e-05), (3, 0.0, 0.019144444444444443), (3, 0.007916666666666667, 0.003444444444444445), (2, 0.0, 0.000977777777777778), (3, 0.10841666666666666, 0.0281), (3, 0.0, 0.027411111111111112), (3, 0.10841666666666666, 0.0281), (2, 0.0, 0.001238888888888889), (2, 0.0, 0.010616666666666667), (3, 0.0, 2.2222222222222223e-05), (2, 0.0, 0.0005166666666666667), 0]","[37, 24, 39, 33, 28, 25, 34, 27, 40, 29, 41, 38, 20, 31, 35, -1]","[3, 6, 10, 12, 10, 12, 14, 9, 0, 11, 7, 15, 14, 10, 5, -1]","[True, True, True, True, True, True, True, True, True, True, True, True, True, True, True, False]"
28,16,"[1101.8338429860667, 2423.947650729814, 554.2559608139378, 537.0067752912778, 1181.9673390145404, 2689.3703629918955, 1252.0270875152155, 1554.649425589809, 3143.9889128247596, 3089.2155868173595, 3143.9889128247596, 731.2170323801198, 1536.848415480762, 1141.90064955642, 0, 777.9614183128089]","[4029.0, 2837.4931162085027, 637.0449277815675, 619.7957422589075, 2034.5333447290602, 2772.159329959525, 1872.0893360172267, 2426.2161966048443, 4029.0, 4029.0, 4029.0, 1602.7838033951552, 2156.9106639827733, 1994.4666552709398, 4029.0, 1191.5068837914973]","[(641.7282666666667, 0.07759999999999999, 0.331), (134.2176, 0.009266666666666668, 0.010666666666666666), (98.56566666666669, 0.0007333333333333332, 0.0002666666666666667), (289.4064, 0.0012, 0.0015333333333333334), (29.79646666666667, 11.306333333333336, 11.331333333333335), (433.411, 0.0188, 0.012333333333333335), (301.98940000000005, 0.0, 0.0), (22.3696, 0.11553333333333332, 0.0994), (205.5204, 0.03793333333333333, 0.025266666666666666), (111.1486, 0.03153333333333334, 0.0434), (205.5204, 0.03793333333333333, 0.025266666666666666), (178.9568, 0.0019333333333333331, 0.0014666666666666665), (114.6442, 0.9067333333333333, 0.7183999999999999), (28.00533333333333, 10.849266666666667, 10.8736), (461.373, 0.0016666666666666668, 0.0013333333333333333), (123.73126666666663, 0.009733333333333332, 0.0028)]","[(3, 0.04375, 0.0321388888888889), (2, 0.0, 0.0023833333333333337), (1, 0.0, 0.0016666666666666668), (2, 0.00013333333333333334, 0.0024055555555555557), (3, 0.0, 1.6666666666666667e-05), (3, 0.0, 0.02216111111111111), (3, 0.00785, 0.003533333333333333), (2, 0.0, 0.0009444444444444444), (3, 0.00125, 0.027633333333333336), (3, 0.0009, 0.029877777777777774), (3, 0.00125, 0.027633333333333336), (1, 0.36411666666666676, 0.01315), (2, 1.666666666666667e-05, 0.011361111111111112), (3, 0.0, 1.6666666666666667e-05), (2, 0.0, 0.01923888888888889), (2, 0.0, 2.2222222222222223e-05)]","[37, 24, 39, 33, 28, 25, 34, 27, 40, 29, 41, 42, 20, 31, 35, 43]","[3, 6, 12, 12, 10, 12, 14, 9, 0, 11, 7, 9, 14, 10, 5, 6]","[True, True, True, True, True, True, True, True, True, True, True, True, True, True, True, True]"
29,16,"[1125.2060760191043, 2423.947650729814, 597.6615481065954, 534.03988703, 1178.6284482263632, 2579.823708694874, 1225.3250880184453, 1587.2851959743275, 3601.346184986549, 2842.73561978406, 3601.346184986549, 657.7614400862267, 0, 1148.5784311327734, 2327.8664038117226, 888.1447951553957]","[4029.0, 2782.4014277872093, 703.4865001627722, 639.8648390861769, 4029.0, 2685.6486607510506, 2627.162544009223, 2479.2618779440504, 4029.0, 4029.0, 4029.0, 1549.7381220559496, 1401.8374559907775, 4029.0, 4029.0, 1246.598572212791]","[(838.8603333333335, 0.08673333333333332, 0.3268666666666667), (33.5544, 0.009333333333333334, 0.010466666666666668), (121.6344, 0.0005333333333333334, 0.0002), (239.0746, 0.0012, 0.0016), (29.66546666666667, 11.591533333333333, 11.616), (369.0984, 0.017666666666666667, 0.010733333333333333), (328.5532, 0.0, 0.0), (167.772, 0.11646666666666668, 0.0996), (130.0228, 0.042466666666666666, 0.027733333333333336), (97.86666666666669, 0.0338, 0.023066666666666666), (130.0228, 0.042466666666666666, 0.027733333333333336), (192.93779999999998, 0.003933333333333333, 0.0014666666666666665), (114.6442, 0.9444666666666667, 0.7338666666666667), (29.18493333333334, 11.238933333333332, 11.264533333333333), (335.544, 0.016466666666666664, 0.009866666666666668), (120.93533333333332, 0.045200000000000004, 0.020266666666666665)]","[(3, 0.0, 0.012833333333333334), (2, 0.0, 0.0022833333333333334), (1, 0.0, 0.0015388888888888887), (2, 0.00016666666666666666, 0.002361111111111111), (3, 0.0, 2.2222222222222223e-05), (3, 0.0, 0.018283333333333335), (3, 0.007816666666666666, 0.003527777777777778), (2, 0.0, 0.001027777777777778), (3, 0.0008, 0.02777777777777778), (3, 0.0, 0.02947777777777778), (3, 0.0008, 0.02777777777777778), (1, 0.26766666666666666, 0.015294444444444444), (2, 0.0, 0.013133333333333334), (3, 0.0, 4.4444444444444447e-05), (3, 0.0, 0.015905555555555555), (2, 0.0, 0.0)]","[37, 24, 39, 33, 28, 25, 34, 27, 40, 29, 41, 42, 20, 31, 44, 43]","[3, 6, 12, 12, 10, 12, 14, 9, 0, 11, 7, 9, 14, 15, 5, 6]","[True, True, True, True, True, True, True, True, True, True, True, True, True, True, True, True]"
30,15,"[1045.0727056201176, 2394.2787688359367, 554.2559608139378, 531.0729987687222, 1005.0061272411768, 0, 1254.9939763481898, 1563.5500902401322, 3261.75156374067, 2867.38361648739, 3261.75156374067, 711.18368902724, 0, 1181.9673390145404, 2503.141050686958, 851.4170028745334]","[4029.0, 2785.9308829807014, 1535.479640953051, 1512.2966789078355, 4029.0, 981.2236801391133, 4029.0, 2440.683200606446, 4029.0, 4029.0, 4029.0, 1588.3167993935538, 0, 4029.0, 4029.0, 1243.0691170192983]","[(721.42, 0.07806666666666666, 0.33893333333333336), (100.6632, 0.009266666666666668, 0.010733333333333333), (125.82866666666669, 0.0007333333333333332, 0.0002666666666666667), (244.6674, 0.0012, 0.0014666666666666665), (30.01513333333334, 8.723066666666668, 8.7436), (346.7288, 0.020133333333333333, 0.010266666666666667), (282.41606666666667, 0.0, 0.0), (167.772, 0.11606666666666667, 0.09946666666666669), (110.44946666666667, 0.04046666666666667, 0.026666666666666672), (98.5656, 0.03406666666666667, 0.023066666666666666), (110.44946666666667, 0.04046666666666667, 0.026666666666666672), (134.2176, 0.002, 0.0014), 0, (29.79646666666667, 11.306333333333336, 11.331333333333335), (427.8186, 0.011466666666666667, 0.006066666666666666), (120.23626666666664, 0.034466666666666666, 0.0114)]","[(3, 0.0, 0.011183333333333332), (2, 0.0, 0.002338888888888889), (1, 0.0, 0.00165), (2, 0.0, 0.002361111111111111), (3, 0.0, 2.7777777777777776e-05), (3, 0.0, 0.02930555555555556), (3, 0.00675, 0.003411111111111111), (2, 0.0, 0.000972222222222222), (3, 0.00011666666666666667, 0.02971666666666666), (3, 0.0, 0.029166666666666667), (3, 0.00011666666666666667, 0.02971666666666666), (1, 0.2701, 0.013050000000000004), 0, (3, 0.0, 1.6666666666666667e-05), (3, 1.666666666666667e-05, 0.017866666666666666), (2, 0.0, 2.2222222222222223e-05)]","[37, 24, 39, 33, 28, 25, 34, 27, 40, 29, 41, 42, -1, 31, 44, 43]","[3, 6, 12, 12, 10, 12, 14, 9, 0, 11, 7, 9, -1, 15, 5, 6]","[True, True, True, True, True, True, True, True, True, True, True, True, False, True, True, True]"
31,16,"[1385.6395298158109, 2376.47743969961, 597.6615481065954, 578.5432109491665, 0, 1763.7010974382797, 0, 0, 3502.7541981732297, 3604.08485128692, 3502.7541981732297, 647.7447684097866, 881.4670876440003, 1178.6284482263632, 2497.663717972107, 834.7225518377779]","[4029.0, 2785.377443930916, 2024.0591685787144, 2004.9408314212856, 4029.0, 4029.0, 4029.0, 1690.6276157951067, 4029.0, 4029.0, 4029.0, 2338.3723842048935, 1206.4016848359465, 4029.0, 2822.598315164053, 1243.6225560690839]","[(671.0880666666666, 0.08573333333333333, 0.32080000000000003), (117.4404, 0.0092, 0.0106), (98.56533333333331, 0.0005333333333333334, 0.0002), (275.4254, 0.0011333333333333332, 0.0014666666666666665), (30.233466666666672, 11.099666666666664, 11.125866666666667), (39.146666666666654, 0.29753333333333337, 0.0019333333333333331), (459.97486666666657, 0.0, 0.0), (134.2176, 0.11626666666666668, 0.0994), (119.5372, 0.03373333333333334, 0.02686666666666667), (159.383, 0.27046666666666663, 0.022466666666666666), (119.5372, 0.03373333333333334, 0.02686666666666667), (226.49220000000003, 0.0016666666666666668, 0.0014), (95.9442, 0.019933333333333334, 0.0208), (29.66546666666667, 11.591533333333333, 11.616), (419.43, 0.0086, 0.004933333333333334), (130.722, 0.026466666666666666, 0.011066666666666664)]","[(3, 0.0, 0.018272222222222224), (2, 0.0, 0.0023166666666666665), (1, 0.0, 0.0015500000000000002), (2, 0.0005666666666666666, 0.002327777777777778), (3, 0.0, 2.7777777777777776e-05), (1, 0.003, 0.06097777777777777), (3, 0.0192, 0.013244444444444444), (2, 0.0, 0.0009555555555555555), (3, 0.0013666666666666669, 0.04000555555555556), (3, 0.0013666666666666669, 0.02918888888888889), (3, 0.0013666666666666669, 0.04000555555555556), (1, 0.27021666666666666, 0.012733333333333334), (1, 0.0012, 0.05558333333333333), (3, 0.0, 2.2222222222222223e-05), (3, 0.0, 0.021744444444444445), (2, 0.0, 4.4444444444444447e-05)]","[37, 24, 39, 33, 28, 45, 34, 27, 40, 29, 41, 42, 46, 31, 44, 43]","[3, 6, 12, 12, 10, 4, 14, 9, 0, 11, 7, 9, 5, 15, 5, 6]","[True, True, True, True, True, True, True, True, True, True, True, True, True, True, True, True]"
32,14,"[0, 2382.4112160783857, 567.6115261347555, 569.6425461653333, 454.0891471920266, 1385.7651479872202, 0, 0, 2935.85027399664, 4107.999450555, 2935.85027399664, 724.5392512624934, 754.589249271, 0, 2664.722365775066, 791.3169791422134]","[4029.0, 2810.0471184680864, 2013.4844899847112, 2015.5155100152888, 4029.0, 4029.0, 0, 0, 4029.0, 4029.0, 4029.0, 4029.0, 1059.433441747967, 4029.0, 2969.5665582520332, 1218.952881531914]","[(767.5571333333334, 0.08106666666666666, 0.391), (134.2176, 0.0092, 0.010733333333333333), (113.24566666666668, 0.0007333333333333332, 0.0002666666666666667), (257.2501333333333, 0.0011333333333333332, 0.0014666666666666665), (29.621666666666673, 4.1293999999999995, 4.1416), (65.71033333333331, 0.2166, 0.004533333333333333), 0, 0, (105.55626666666666, 0.03646666666666667, 0.024466666666666664), (234.88039999999998, 0.2981333333333333, 0.018066666666666665), (105.55626666666666, 0.03646666666666667, 0.024466666666666664), (271.2314, 0.0722, 0.0028666666666666667), (96.9928, 0.020133333333333333, 0.014066666666666665), (30.01513333333334, 8.723066666666668, 8.7436), (455.7806, 0.011333333333333336, 0.005066666666666666), (164.2764, 0.008733333333333333, 0.0061333333333333335)]","[(3, 0.0, 0.02345), (2, 0.0, 0.002361111111111111), (1, 0.0, 0.0016666666666666668), (2, 0.0002333333333333333, 0.002361111111111111), (3, 0.0, 1.6666666666666667e-05), (1, 0.0002833333333333333, 0.09404444444444444), 0, 0, (3, 0.0, 0.024422222222222224), (3, 8.333333333333333e-05, 0.02883888888888889), (3, 0.0, 0.024422222222222224), (1, 0.24863333333333332, 0.04668333333333334), (1, 0.0, 0.054338888888888895), (3, 0.0, 2.7777777777777776e-05), (3, 0.0, 0.016805555555555553), (2, 0.0, 8.88888888888889e-05)]","[37, 24, 39, 33, 47, 45, -1, -1, 40, 29, 41, 42, 46, 31, 44, 43]","[3, 6, 12, 12, 14, 4, -1, -1, 0, 11, 7, 9, 5, 15, 5, 6]","[True, True, True, True, True, True, False, False, True, True, True, True, True, True, True, True]"
33,14,"[3815.4812123039737, 2397.245657025325, 611.0171134274134, 777.3247244547779, 1315.5229705416066, 1569.2557901120101, 590.9835929581135, 0, 2837.2582871833197, 3519.18619597545, 2837.2582871833197, 737.8948134977464, 754.589249271, 0, 2478.4930534701275, 794.6558693495645]","[4029.0, 2815.7948938378804, 1931.346194486318, 2097.6538055136825, 2376.7696887917464, 4029.0, 1652.2303112082536, 0, 4029.0, 4029.0, 4029.0, 4029.0, 1152.5480979004362, 0, 2876.451902099564, 1213.2051061621198]","[(1426.063, 0.14286666666666667, 0.5943999999999999), (268.4352, 0.009333333333333334, 0.0104), (127.92593333333336, 0.0005333333333333334, 0.0002), (377.48666666666674, 0.0012, 0.0016), (29.53446666666667, 12.107333333333337, 12.139266666666664), (40.54486666666667, 0.21746666666666667, 0.0017333333333333335), (265.6387333333333, 0.05313333333333333, 0.031266666666666665), 0, (111.8476, 0.035666666666666666, 0.024), (221.59853333333334, 0.0404, 0.026733333333333335), (111.8476, 0.035666666666666666, 0.024), (164.9758, 0.0021333333333333334, 0.0014666666666666665), (90.177, 0.02, 0.014), 0, (332.7478, 0.012333333333333335, 0.0056), (148.19806666666668, 0.008400000000000001, 0.004866666666666666)]","[(3, 0.005116666666666666, 0.1869), (2, 0.0, 0.0024055555555555557), (1, 0.0, 0.0015222222222222221), (2, 0.6301, 0.005644444444444444), (3, 0.0, 1.6666666666666667e-05), (1, 0.0, 0.05373333333333333), (3, 0.0, 0.006316666666666667), 0, (3, 0.0, 0.028383333333333337), (3, 0.0, 0.02946666666666667), (3, 0.0, 0.028383333333333337), (1, 0.2376, 0.013488888888888885), (1, 3.3333333333333335e-05, 0.05506666666666666), 0, (3, 0.0, 0.021144444444444445), (2, 0.0, 0.0)]","[48, 24, 39, 33, 47, 45, 49, -1, 40, 29, 41, 42, 46, -1, 44, 43]","[1, 6, 12, 12, 14, 4, 14, -1, 0, 11, 7, 9, 5, -1, 5, 6]","[True, True, True, True, True, True, True, False, True, True, True, True, True, False, True, True]"
34,15,"[2446.521763816231, 2382.4112160783857, 554.2559608139378, 0, 1135.2228679800667, 1517.22113040498, 580.9669218910268, 0, 2777.0076285751793, 3576.69818828322, 2777.0076285751793, 0, 741.2336873370001, 922.7020845904912, 2629.1197031285333, 781.30030852016]","[4029.0, 2815.055453779113, 2291.627980406969, 1737.3720195930312, 2291.62797304452, 4029.0, 1737.3720269554801, 0, 4029.0, 4029.0, 2941.6527719923442, 4029.0, 1070.5569921042334, 1087.3472280076558, 2958.4430078957666, 1213.9445462208873]","[(1311.4188000000001, 0.1956, 0.7402000000000001), (100.6632, 0.009333333333333334, 0.010466666666666668), (79.69133333333332, 0.0007333333333333332, 0.0002666666666666667), (308.9798, 0.0011333333333333332, 0.0016), (31.3258, 10.272666666666666, 10.300266666666666), (26.56353333333333, 0.21073333333333333, 0.0014), (272.62933333333325, 0.053200000000000004, 0.03573333333333333), 0, (115.3428, 0.03426666666666667, 0.023266666666666665), (117.44013333333332, 0.04193333333333333, 0.027666666666666673), (115.3428, 0.03426666666666667, 0.023266666666666665), (159.3834, 0.0022666666666666664, 0.0018), (93.3228, 0.018333333333333333, 0.014133333333333333), (97.867, 0.5311333333333333, 0.4374666666666666), (377.487, 0.011333333333333336, 0.0054), (134.21720000000002, 0.002466666666666667, 0.0006666666666666666)]","[(3, 0.0006, 0.11304444444444445), (2, 0.0, 0.0023777777777777777), (1, 0.0, 0.0016666666666666668), (2, 0.002916666666666666, 0.002338888888888889), (3, 0.0, 4.4444444444444447e-05), (1, 1.666666666666667e-05, 0.05187222222222222), (3, 0.0, 0.0011611111111111112), 0, (3, 0.0, 0.027411111111111112), (3, 0.0027166666666666667, 0.027800000000000002), (3, 0.0, 0.027411111111111112), (1, 0.27031666666666665, 0.012972222222222222), (1, 0.0, 0.0557), (1, 0.0, 0.0014666666666666662), (3, 0.0, 0.030616666666666664), (2, 0.0, 4.4444444444444447e-05)]","[48, 24, 39, 33, 47, 45, 49, -1, 40, 29, 41, 42, 46, 51, 44, 43]","[1, 6, 12, 12, 14, 4, 14, -1, 0, 11, 7, 9, 5, 7, 5, 6]","[True, True, True, True, True, True, True, False, True, True, True, True, True, True, True, True]"
35,14,"[2303.8585840403466, 2382.4112160783857, 0, 0, 1145.2395403445964, 1569.2557901120101, 557.5946894011578, 1763.7010974382797, 3089.2155868173595, 0, 3089.2155868173595, 0, 804.6726065235, 925.6689723222934, 2505.879717044383, 818.0281008010221]","[4029.0, 2796.691557638682, 4029.0, 0, 2308.3224254717193, 4029.0, 1720.6775745282807, 4029.0, 4029.0, 4029.0, 3096.273307247533, 0, 1163.8964447395585, 932.7266927524669, 2865.1035552604417, 1232.3084423613182]","[(1255.4948, 0.13406666666666667, 0.4640666666666667), (201.3264, 0.009066666666666666, 0.010666666666666666), (121.6344, 0.0005333333333333334, 0.0002), 0, (31.238400000000002, 10.958333333333334, 10.986266666666667), (40.54466666666666, 0.2174, 0.0013333333333333333), (160.78126666666668, 0.05293333333333333, 0.031466666666666664), (39.146666666666654, 0.29753333333333337, 0.0019333333333333331), (111.1486, 0.03153333333333334, 0.0434), (115.3428, 0.04046666666666667, 0.026666666666666672), (111.1486, 0.03153333333333334, 0.0434), 0, (93.8472, 0.0318, 0.0146), (114.6442, 0.5428, 0.4749333333333333), (321.563, 0.0134, 0.007933333333333334), (95.76953333333334, 0.0094, 0.006266666666666668)]","[(3, 1.666666666666667e-05, 0.12178333333333334), (2, 0.0, 0.0023555555555555556), (1, 0.0, 0.0015611111111111112), 0, (3, 0.0, 2.2222222222222223e-05), (1, 0.00013333333333333334, 0.05250555555555555), (3, 0.0, 0.0011222222222222222), (1, 0.003, 0.06097777777777777), (3, 0.0009, 0.029877777777777774), (3, 0.0, 0.025622222222222223), (3, 0.0009, 0.029877777777777774), 0, (1, 0.00011666666666666667, 0.053427777777777775), (1, 0.0, 0.001527777777777778), (3, 0.0, 0.017744444444444448), (2, 0.0, 0.0)]","[48, 24, 39, -1, 47, 45, 49, 52, 40, 29, 41, -1, 46, 51, 44, 43]","[1, 6, 12, -1, 14, 4, 14, 2, 0, 11, 7, -1, 5, 7, 5, 6]","[True, True, True, False, True, True, True, True, True, True, True, False, True, True, True, True]"
36,16,"[2662.034226881929, 0, 3464.41286996805, 731.2170323801198, 1218.6951376844836, 1662.37044432459, 574.2891411796356, 1385.7651479872202, 2842.73561978406, 517.5280212281833, 2842.73561978406, 590.9835929581135, 844.7392923255, 928.6358600540952, 2519.573048831511, 784.6391987275113]","[4029.0, 1622.1804006362445, 4029.0, 4029.0, 1437.132239580033, 2550.1934256832383, 792.726243075185, 4029.0, 4029.0, 735.9651231237327, 2971.5498798649824, 1478.8065743167617, 1063.1763942210493, 1057.4501201350176, 4029.0, 2406.8195993637555]","[(1470.8021999999999, 0.18553333333333333, 0.47233333333333327), (402.6528, 0.009266666666666668, 0.010733333333333333), (168.47066666666663, 0.27493333333333336, 0.023333333333333327), (178.9568, 0.0019333333333333331, 0.0014666666666666665), (30.75773333333333, 11.004733333333336, 11.030333333333335), (36.35026666666667, 0.25166666666666665, 0.0012), (143.3049333333333, 0.05273333333333334, 0.030533333333333336), (65.71033333333331, 0.2166, 0.004533333333333333), (97.86666666666669, 0.0338, 0.023066666666666666), (58.7202, 0.004733333333333333, 0.00013333333333333334), (97.86666666666669, 0.0338, 0.023066666666666666), (265.6387333333333, 0.05313333333333333, 0.031266666666666665), (99.0902, 0.043, 0.015133333333333334), (109.0518, 0.5416666666666666, 0.5044666666666666), (343.9326, 0.013333333333333336, 0.0074666666666666675), (113.94486666666668, 0.0015333333333333334, 0.0006666666666666666)]","[(3, 1.666666666666667e-05, 0.1395388888888889), (2, 0.0, 0.002327777777777778), (3, 0.2927833333333333, 0.026605555555555556), (1, 0.36411666666666676, 0.01315), (3, 0.0, 2.2222222222222223e-05), (1, 0.0, 0.05533333333333333), (3, 0.0, 0.0011333333333333332), (1, 0.0002833333333333333, 0.09404444444444444), (3, 0.0, 0.02947777777777778), (2, 0.0, 0.0010944444444444443), (3, 0.0, 0.02947777777777778), (3, 0.0, 0.006316666666666667), (1, 0.0, 0.05496666666666667), (1, 0.0, 0.0017222222222222224), (3, 0.0, 0.017083333333333332), (2, 0.0, 1.6666666666666667e-05)]","[48, 24, 50, 53, 47, 45, 49, 52, 40, 54, 41, 55, 46, 51, 44, 43]","[1, 6, 13, 11, 14, 4, 14, 9, 0, 14, 7, 4, 14, 7, 5, 6]","[True, True, True, True, True, True, True, True, True, True, True, True, True, True, True, True]"
37,15,"[2986.820614882346, 0, 4442.116739200141, 657.7614400862267, 1191.9840113790701, 1654.15444542348, 577.6280315353312, 1569.2557901120101, 2867.38361648739, 510.85024030910995, 2867.38361648739, 580.9669218910268, 814.6892779739999, 931.6027477858978, 2440.1517244661704, 868.1114539112888]","[4029.0, 0, 4029.0, 4029.0, 1425.4461210796924, 2551.0937617662266, 811.0901412359534, 4029.0, 4029.0, 744.3123500097322, 2982.390434350746, 1477.9062382337734, 1048.1513876746221, 1046.609565649254, 4029.0, 4029.0]","[(1311.4188000000001, 0.14286666666666667, 0.5135333333333333), 0, (313.1741333333334, 0.2986666666666667, 0.020266666666666665), (192.93779999999998, 0.003933333333333333, 0.0014666666666666665), (30.932599999999997, 11.007200000000001, 11.033333333333335), (36.35046666666667, 0.2538666666666667, 0.0013333333333333333), (167.77166666666662, 0.052866666666666666, 0.030466666666666666), (40.54486666666667, 0.21746666666666667, 0.0017333333333333335), (98.5656, 0.03406666666666667, 0.023066666666666666), (50.3316, 0.004666666666666667, 0.00013333333333333334), (98.5656, 0.03406666666666667, 0.023066666666666666), (272.62933333333325, 0.053200000000000004, 0.03573333333333333), (91.7496, 0.042133333333333335, 0.014666666666666665), (109.0518, 0.5368666666666667, 0.4758666666666667), (478.1502, 0.012199999999999999, 0.007066666666666666), (117.43993333333336, 0.021133333333333334, 0.005333333333333333)]","[(3, 5e-05, 0.13139444444444442), 0, (3, 0.10841666666666666, 0.0281), (1, 0.26766666666666666, 0.015294444444444444), (3, 0.0, 2.2222222222222223e-05), (1, 0.0, 0.0559388888888889), (3, 1.666666666666667e-05, 0.0011833333333333333), (1, 0.0, 0.05373333333333333), (3, 0.0, 0.029166666666666667), (2, 0.0, 0.0010555555555555557), (3, 0.0, 0.029166666666666667), (3, 0.0, 0.0011611111111111112), (1, 0.0, 0.05646666666666667), (1, 0.0, 0.0017166666666666667), (3, 0.0009, 0.02215), (2, 0.0399, 0.014022222222222224)]","[48, -1, 50, 53, 47, 45, 49, 52, 40, 54, 41, 55, 46, 51, 44, 43]","[1, -1, 13, 11, 14, 4, 14, 9, 0, 14, 7, 4, 14, 7, 5, 6]","[True, False, True, True, True, True, True, True, True, True, True, True, True, True, True, True]"
38,15,"[2953.431360041183, 0, 3143.9889128247596, 711.18368902724, 1198.6617929554236, 1678.80244212681, 564.2724701125491, 1517.22113040498, 3604.08485128692, 510.85024030910995, 3604.08485128692, 557.5946894011578, 918.1948829624997, 925.6689723222934, 2429.1970590364676, 0]","[4029.0, 0, 4029.0, 4029.0, 1407.916946370528, 2575.103876362826, 773.5276235276534, 4029.0, 4029.0, 720.1053937242143, 3353.7079394823136, 1453.8961236371738, 1127.4500363776042, 675.2920605176868, 4029.0, 4029.0]","[(1311.4188000000001, 0.188, 0.5201333333333333), 0, (205.5204, 0.03793333333333333, 0.025266666666666666), (134.2176, 0.002, 0.0014), (29.2284, 11.277066666666668, 11.304066666666667), (71.3028, 0.24086666666666667, 0.0012), (150.2954, 0.0526, 0.03033333333333333), (26.56353333333333, 0.21073333333333333, 0.0014), (159.383, 0.27046666666666663, 0.022466666666666666), (47.5354, 0.004533333333333333, 0.00013333333333333334), (159.383, 0.27046666666666663, 0.022466666666666666), (160.78126666666668, 0.05293333333333333, 0.031466666666666664), (88.0798, 0.027533333333333333, 0.014933333333333335), (95.0708, 0.5381333333333334, 0.44586666666666674), (461.373, 0.013266666666666668, 0.0067333333333333325), (111.8474, 0.0072, 0.0028666666666666667)]","[(3, 3.3333333333333335e-05, 0.16156666666666666), 0, (3, 0.00125, 0.027633333333333336), (1, 0.2701, 0.013050000000000004), (3, 0.0, 2.2222222222222223e-05), (1, 0.0, 0.05382777777777778), (3, 0.0, 0.0011055555555555556), (1, 1.666666666666667e-05, 0.05187222222222222), (3, 0.0013666666666666669, 0.02918888888888889), (2, 0.0, 0.0011222222222222222), (3, 0.0013666666666666669, 0.02918888888888889), (3, 0.0, 0.0011222222222222222), (1, 0.0, 0.05538333333333333), (1, 0.0, 0.0017277777777777773), (3, 0.0, 0.017055555555555553), (2, 0.0, 2.2222222222222223e-05)]","[48, -1, 50, 53, 47, 45, 49, 52, 40, 54, 41, 55, 46, 51, 44, 43]","[1, -1, 13, 11, 14, 4, 14, 9, 0, 14, 7, 4, 14, 7, 5, 6]","[True, False, True, True, True, True, True, True, True, True, True, True, True, True, True, True]"
39,15,"[2989.8560016860883, 3815.4812123039737, 3601.346184986549, 0, 1178.6284482263632, 1615.8131172183, 554.2557990454623, 1569.2557901120101, 4107.999450555, 510.85024030910995, 4107.999450555, 574.2891411796356, 794.6559350729999, 934.5696355177, 2420.981059964191, 0]","[4029.0, 4029.0, 4029.0, 4029.0, 1426.2808425628793, 2535.2619880193324, 801.9081933819784, 4029.0, 4029.0, 758.5026346456261, 3601.2149075186503, 1493.7380119806678, 1042.308329409516, 427.78509248135003, 4029.0, 0]","[(1177.2012, 0.14893333333333333, 0.6776666666666666), (1426.063, 0.14286666666666667, 0.5943999999999999), (130.0228, 0.042466666666666666, 0.027733333333333336), (226.49220000000003, 0.0016666666666666668, 0.0014), (27.96146666666667, 11.744666666666664, 11.770666666666664), (46.137, 0.22346666666666667, 0.0013333333333333333), (104.857, 0.052866666666666666, 0.0304), (40.54466666666666, 0.2174, 0.0013333333333333333), (234.88039999999998, 0.2981333333333333, 0.018066666666666665), (55.924, 0.004733333333333333, 6.666666666666668e-05), (234.88039999999998, 0.2981333333333333, 0.018066666666666665), (143.3049333333333, 0.05273333333333334, 0.030533333333333336), (90.70139999999999, 0.0224, 0.014266666666666667), (92.2746, 0.5394, 0.44333333333333325), (416.6338, 0.0116, 0.0067333333333333325), 0]","[(3, 5e-05, 0.12382222222222221), (3, 0.005116666666666666, 0.1869), (3, 0.0008, 0.02777777777777778), (1, 0.27021666666666666, 0.012733333333333334), (3, 0.0, 2.2222222222222223e-05), (1, 5e-05, 0.05402777777777778), (3, 0.0, 0.0011222222222222222), (1, 0.00013333333333333334, 0.05250555555555555), (3, 8.333333333333333e-05, 0.02883888888888889), (2, 0.0, 0.0010555555555555555), (3, 8.333333333333333e-05, 0.02883888888888889), (3, 0.0, 0.0011333333333333332), (1, 0.0, 0.05278888888888889), (1, 0.0, 0.0022722222222222224), (3, 0.0, 0.024077777777777778), 0]","[48, 56, 50, 53, 47, 45, 49, 52, 40, 54, 41, 55, 46, 51, 44, -1]","[1, 6, 13, 11, 14, 4, 14, 9, 0, 14, 7, 4, 14, 7, 5, -1]","[True, True, True, True, True, True, True, True, True, True, True, True, True, True, True, False]"
40,15,"[5888.650399259911, 2446.521763816231, 3261.75156374067, 3815.4812123039737, 1141.90064955642, 1536.3917945075702, 554.2557990454623, 1662.37044432459, 3519.18619597545, 510.85024030910995, 3519.18619597545, 577.6280315353312, 744.5725778205001, 1284.662387870362, 2366.2077328156797, 0]","[4029.0, 4029.0, 4029.0, 4029.0, 1411.2558328735468, 2493.8818814861197, 823.6109823625892, 4029.0, 4029.0, 780.2054236262369, 3131.761904052544, 1535.1181185138803, 1013.927761137627, 897.238095947456, 4029.0, 0]","[(1269.4758, 0.3529333333333333, 0.49439999999999995), (1311.4188000000001, 0.1956, 0.7402000000000001), (110.44946666666667, 0.04046666666666667, 0.026666666666666672), (1426.063, 0.14286666666666667, 0.5943999999999999), (28.00533333333333, 10.849266666666667, 10.8736), (58.719800000000006, 0.21913333333333332, 0.0012), (251.65766666666661, 0.05273333333333334, 0.0304), (36.35026666666667, 0.25166666666666665, 0.0012), (221.59853333333334, 0.0404, 0.026733333333333335), (58.7202, 0.0046, 6.666666666666668e-05), (221.59853333333334, 0.0404, 0.026733333333333335), (167.77166666666662, 0.052866666666666666, 0.030466666666666666), (98.0414, 0.018266666666666667, 0.014133333333333333), (226.49220000000003, 0.5299333333333333, 0.43666666666666676), (402.6528, 0.011733333333333332, 0.0074666666666666675), 0]","[(3, 0.1731833333333333, 0.38794999999999996), (3, 0.0006, 0.11304444444444445), (3, 0.00011666666666666667, 0.02971666666666666), (3, 0.005116666666666666, 0.1869), (3, 0.0, 1.6666666666666667e-05), (1, 1.666666666666667e-05, 0.053094444444444444), (3, 0.0, 0.0010222222222222223), (1, 0.0, 0.05533333333333333), (3, 0.0, 0.02946666666666667), (2, 0.0, 0.0010388888888888887), (3, 0.0, 0.02946666666666667), (3, 1.666666666666667e-05, 0.0011833333333333333), (1, 0.0, 0.056383333333333334), (1, 0.0007666666666666667, 0.00215), (3, 1.666666666666667e-05, 0.02868888888888889), 0]","[48, 56, 50, 57, 47, 45, 49, 52, 40, 54, 41, 55, 46, 51, 44, -1]","[1, 6, 13, 8, 14, 4, 14, 9, 0, 14, 7, 4, 14, 7, 5, -1]","[True, True, True, True, True, True, True, True, True, True, True, True, True, True, True, False]"
41,16,"[4252.576912042853, 2303.8585840403466, 3502.7541981732297, 2446.521763816231, 1148.5784311327734, 0, 580.9669218910268, 1654.15444542348, 3576.69818828322, 510.85024030910995, 3576.69818828322, 564.2724701125491, 794.6559350729999, 931.6027477858978, 2826.303680863173, 590.9835929581135]","[4029.0, 4029.0, 4029.0, 4029.0, 1397.065549031296, 1732.3637649437255, 829.4540397895494, 4029.0, 4029.0, 759.3373582076325, 3337.0477202486613, 2296.6362350562745, 1043.1430529715226, 691.952279751339, 4029.0, 4029.0]","[(1974.1186, 0.14053333333333334, 0.48906666666666665), (1255.4948, 0.13406666666666667, 0.4640666666666667), (119.5372, 0.03373333333333334, 0.02686666666666667), (1311.4188000000001, 0.1956, 0.7402000000000001), (29.18493333333334, 11.238933333333332, 11.264533333333333), (46.1372, 0.21906666666666663, 0.0013333333333333333), (230.6862666666667, 0.053333333333333344, 0.0358), (36.35046666666667, 0.2538666666666667, 0.0013333333333333333), (117.44013333333332, 0.04193333333333333, 0.027666666666666673), (8.3886, 0.0046, 6.666666666666668e-05), (117.44013333333332, 0.04193333333333333, 0.027666666666666673), (150.2954, 0.0526, 0.03033333333333333), (84.9342, 0.027466666666666664, 0.014133333333333333), (204.1226, 0.5370666666666667, 0.4422), (363.506, 0.0166, 0.009666666666666665), (265.6387333333333, 0.05313333333333333, 0.031266666666666665)]","[(3, 1.666666666666667e-05, 0.31198333333333333), (3, 1.666666666666667e-05, 0.12178333333333334), (3, 0.0013666666666666669, 0.04000555555555556), (3, 0.0006, 0.11304444444444445), (3, 0.0, 4.4444444444444447e-05), (1, 0.0, 0.05315555555555555), (3, 0.0, 0.0011277777777777777), (1, 0.0, 0.0559388888888889), (3, 0.0027166666666666667, 0.027800000000000002), (2, 0.0, 0.00105), (3, 0.0027166666666666667, 0.027800000000000002), (3, 0.0, 0.0011055555555555556), (1, 0.0, 0.05472777777777777), (1, 0.0, 0.004783333333333333), (3, 0.0, 0.017905555555555557), (3, 0.0, 0.006316666666666667)]","[48, 56, 50, 57, 47, 45, 49, 52, 40, 54, 41, 55, 46, 51, 44, 58]","[1, 6, 13, 8, 14, 4, 14, 9, 0, 14, 7, 4, 14, 7, 5, 10]","[True, True, True, True, True, True, True, True, True, True, True, True, True, True, True, True]"
42,16,"[3235.722332789209, 2662.034226881929, 2935.85027399664, 2303.8585840403466, 1181.9673390145404, 777.9614183128089, 627.7113868707645, 1678.80244212681, 3261.75156374067, 517.5280212281833, 3261.75156374067, 554.2557990454623, 841.4004018420001, 937.5365232495022, 0, 580.9669218910268]","[4029.0, 4029.0, 4029.0, 2777.448582863769, 1397.0655517756682, 1251.551417136231, 842.8095996318924, 4029.0, 4029.0, 732.6262339893112, 3176.607520245584, 4029.0, 1056.4986146031279, 852.3924797544163, 4029.0, 4029.0]","[(1730.8488, 0.18693333333333337, 0.49646666666666667), (1470.8021999999999, 0.18553333333333333, 0.47233333333333327), (105.55626666666666, 0.03646666666666667, 0.024466666666666664), (1255.4948, 0.13406666666666667, 0.4640666666666667), (29.79646666666667, 11.306333333333336, 11.331333333333335), (123.73126666666663, 0.009733333333333332, 0.0028), (290.10566666666676, 0.05273333333333334, 0.030666666666666672), (71.3028, 0.24086666666666667, 0.0012), (115.3428, 0.04046666666666667, 0.026666666666666672), (22.3696, 0.004533333333333333, 6.666666666666668e-05), (115.3428, 0.04046666666666667, 0.026666666666666672), (104.857, 0.052866666666666666, 0.0304), (101.7114, 0.03853333333333333, 0.015), (131.4214, 0.5352666666666668, 0.49666666666666676), (422.2262, 0.03953333333333333, 0.018666666666666668), (272.62933333333325, 0.053200000000000004, 0.03573333333333333)]","[(3, 1.666666666666667e-05, 0.20562222222222223), (3, 1.666666666666667e-05, 0.1395388888888889), (3, 0.0, 0.024422222222222224), (3, 1.666666666666667e-05, 0.12178333333333334), (3, 0.0, 1.6666666666666667e-05), (2, 0.0, 2.2222222222222223e-05), (3, 0.0396, 0.01505), (1, 0.0, 0.05382777777777778), (3, 0.0, 0.025622222222222223), (2, 0.0, 0.0010722222222222222), (3, 0.0, 0.025622222222222223), (3, 0.0, 0.0011222222222222222), (1, 0.0, 0.05628888888888889), (1, 1.666666666666667e-05, 0.0021166666666666664), (3, 0.0, 0.019144444444444443), (3, 0.0, 0.0011611111111111112)]","[48, 56, 50, 57, 47, 59, 49, 52, 40, 54, 41, 55, 46, 51, 44, 58]","[1, 6, 13, 8, 14, 8, 14, 9, 0, 14, 7, 4, 14, 7, 5, 10]","[True, True, True, True, True, True, True, True, True, True, True, True, True, True, True, True]"
43,16,"[2452.592537423716, 2986.820614882346, 2837.2582871833197, 2662.034226881929, 1178.6284482263632, 888.1447951553957, 604.3391543808957, 1615.8131172183, 3409.63954396065, 544.2391449044768, 3409.63954396065, 554.2557990454623, 0, 940.5034109813047, 1235.3895160495777, 557.5946894011578]","[2623.101510687069, 4029.0, 4029.0, 2901.4447158632665, 1604.0767613484293, 1127.5552841367332, 1029.7874675029618, 4029.0, 4029.0, 969.6874580265429, 3249.0680664896727, 4029.0, 425.4483131220661, 779.9319335103274, 1405.898489312931, 4029.0]","[(1356.158, 0.1402, 0.49906666666666666), (1311.4188000000001, 0.14286666666666667, 0.5135333333333333), (111.8476, 0.035666666666666666, 0.024), (1470.8021999999999, 0.18553333333333333, 0.47233333333333327), (29.66546666666667, 11.591533333333333, 11.616), (120.93533333333332, 0.045200000000000004, 0.020266666666666665), (377.48706666666664, 0.054, 0.037), (46.137, 0.22346666666666667, 0.0013333333333333333), (132.12006666666667, 0.0338, 0.0268), (8.3886, 0.0046, 0.00013333333333333334), (132.12006666666667, 0.0338, 0.0268), (251.65766666666661, 0.05273333333333334, 0.0304), (99.0898, 0.018866666666666667, 0.014133333333333333), (109.0518, 0.5446, 0.4834), (267.736, 0.28726666666666667, 0.0504), (160.78126666666668, 0.05293333333333333, 0.031466666666666664)]","[(3, 8.333333333333333e-05, 0.11315), (3, 5e-05, 0.13139444444444442), (3, 0.0, 0.028383333333333337), (3, 1.666666666666667e-05, 0.1395388888888889), (3, 0.0, 2.2222222222222223e-05), (2, 0.0, 0.0), (3, 0.0, 0.0011888888888888889), (1, 5e-05, 0.05402777777777778), (3, 0.0, 0.03398333333333334), (2, 0.0, 0.00145), (3, 0.0, 0.03398333333333334), (3, 0.0, 0.0010222222222222223), (1, 0.022783333333333336, 0.053844444444444445), (1, 0.0, 0.002838888888888889), (1, 0.0, 0.0011611111111111112), (3, 0.0, 0.0011222222222222222)]","[48, 56, 50, 57, 47, 59, 49, 52, 40, 54, 41, 55, 46, 51, 60, 58]","[1, 6, 13, 8, 14, 8, 14, 9, 0, 14, 7, 4, 14, 7, 1, 10]","[True, True, True, True, True, True, True, True, True, True, True, True, True, True, True, True]"
44,16,"[2677.21116090064, 2953.431360041183, 2777.0076285751793, 2986.820614882346, 1005.0061272411768, 851.4170028745334, 577.6280315353312, 0, 0, 504.17245939003664, 0, 0, 1578.3845313240047, 967.2054005675245, 1235.3895160495777, 0]","[2735.4108224255315, 4029.0, 4029.0, 3082.2018060039063, 1652.403921185662, 946.7981939960937, 1225.0258254798164, 4029.0, 4029.0, 1151.5702533345218, 1530.8972997162377, 4029.0, 4029.0, 2498.1027002837623, 1293.5891775744687, 4029.0]","[(1227.5328, 0.18566666666666662, 0.4779333333333333), (1311.4188000000001, 0.188, 0.5201333333333333), (115.3428, 0.03426666666666667, 0.023266666666666665), (1311.4188000000001, 0.14286666666666667, 0.5135333333333333), (30.01513333333334, 8.723066666666668, 8.7436), (120.23626666666664, 0.034466666666666666, 0.0114), (251.65786666666673, 0.0528, 0.030533333333333336), (58.719800000000006, 0.21913333333333332, 0.0012), (107.65339999999999, 0.037200000000000004, 0.024933333333333335), (2.7962, 0.004533333333333333, 6.666666666666668e-05), (107.65339999999999, 0.037200000000000004, 0.024933333333333335), (230.6862666666667, 0.053333333333333344, 0.0358), (223.696, 0.11593333333333333, 0.0992), (131.4214, 0.5404, 0.4769333333333333), (279.6198, 0.2951333333333333, 0.05206666666666667), (143.3049333333333, 0.05273333333333334, 0.030533333333333336)]","[(3, 3.3333333333333335e-05, 0.15232222222222222), (3, 3.3333333333333335e-05, 0.16156666666666666), (3, 0.0, 0.027411111111111112), (3, 5e-05, 0.13139444444444442), (3, 0.0, 2.7777777777777776e-05), (2, 0.0, 2.2222222222222223e-05), (3, 0.0, 0.00105), (1, 1.666666666666667e-05, 0.053094444444444444), (3, 0.0, 0.03331111111111111), (2, 0.0, 0.0010833333333333333), (3, 0.0, 0.03331111111111111), (3, 0.0, 0.0011277777777777777), (2, 0.0, 0.0010277777777777776), (1, 0.06126666666666666, 0.023866666666666675), (1, 0.0, 0.0009000000000000001), (3, 0.0, 0.0011333333333333332)]","[48, 56, 50, 57, 47, 59, 49, 52, 40, 54, 41, 55, 61, 51, 60, 58]","[1, 6, 13, 8, 14, 8, 14, 9, 0, 14, 7, 4, 2, 7, 1, 10]","[True, True, True, True, True, True, True, True, True, True, True, True, True, True, True, True]"
45,15,"[6028.278192232053, 2989.8560016860883, 3089.2155868173595, 2953.431360041183, 1215.3562468963066, 834.7225518377779, 0, 0, 450.7502254398, 514.1891307686467, 1155.2559781834066, 2251.868135745323, 1566.5169784569066, 922.7020845904912, 0, 1578.3845313240047]","[5028.639096116027, 4029.0, 4029.0, 3073.8544041017026, 1981.841121007989, 955.1455958982976, 766.4848741116822, 0, 1113.9410448472386, 1280.674004880329, 4029.0, 2915.0589551527614, 4029.0, 4029.0, -999.6390961160264, 4029.0]","[(1551.892, 0.19686666666666666, 1.39), (1177.2012, 0.14893333333333333, 0.6776666666666666), (111.1486, 0.03153333333333334, 0.0434), (1311.4188000000001, 0.188, 0.5201333333333333), (30.233466666666672, 11.099666666666664, 11.125866666666667), (130.722, 0.026466666666666666, 0.011066666666666664), (157.286, 0.053, 0.030733333333333335), 0, (184.549, 0.0, 0.0), (41.943, 0.0044666666666666665, 6.666666666666668e-05), (67.10839999999999, 0.00013333333333333334, 0.001), (100.6632, 0.009333333333333334, 0.0108), (268.4352, 0.11646666666666668, 0.09953333333333332), (89.4784, 0.5311333333333333, 0.46186666666666676), (271.93059999999997, 0.26839999999999997, 0.0528), (223.696, 0.11593333333333333, 0.0992)]","[(3, 0.0001, 0.1530611111111111), (3, 5e-05, 0.12382222222222221), (3, 0.0009, 0.029877777777777774), (3, 3.3333333333333335e-05, 0.16156666666666666), (3, 0.0, 2.7777777777777776e-05), (2, 0.0, 4.4444444444444447e-05), (3, 0.0, 0.0012166666666666667), 0, (1, 0.0, 0.00029444444444444445), (2, 0.0, 0.0010444444444444444), (1, 0.0, 0.0005722222222222222), (2, 0.0, 0.002416666666666667), (2, 0.0, 0.0009611111111111112), (1, 1.666666666666667e-05, 0.0020666666666666667), (1, 0.0, 0.00115), (2, 0.0, 0.0010277777777777776)]","[48, 56, 50, 57, 47, 59, 49, -1, 63, 54, 64, 65, 61, 51, 60, 66]","[1, 6, 13, 8, 14, 8, 14, -1, 0, 14, 3, 0, 2, 7, 1, 9]","[True, True, True, True, True, True, True, False, True, True, True, True, True, True, True, True]"
46,14,"[6374.312287858666, 5888.650399259911, 2842.73561978406, 2989.8560016860883, 0, 791.3169791422134, 0, 0, 570.9502855570801, 507.5113498495734, 1151.9170880730503, 2266.7025766922616, 1560.5832020233572, 913.8014213950846, 884.1326637750533, 1566.5169784569066]","[4029.0, 4029.0, 4029.0, 3113.7695112719375, 1760.7443250752133, 915.2304887280626, 0, 0, 1166.6238544324092, 2268.2556749247865, 4029.0, 2862.376145567591, 4029.0, 4029.0, 4029.0, 4029.0]","[(1736.4414, 0.2492666666666667, 1.2721333333333333), (1269.4758, 0.3529333333333333, 0.49439999999999995), (97.86666666666669, 0.0338, 0.023066666666666666), (1177.2012, 0.14893333333333333, 0.6776666666666666), (28.354599999999998, 8.9748, 8.996333333333334), (164.2764, 0.008733333333333333, 0.0061333333333333335), 0, 0, (225.0938, 0.0, 0.0), (53.1278, 0.004533333333333333, 6.666666666666668e-05), (72.70093333333334, 6.666666666666668e-05, 0.001), (150.9948, 0.009333333333333334, 0.010933333333333335), (33.5544, 0.11626666666666668, 0.09953333333333332), (117.4404, 0.5386666666666666, 0.5020666666666667), (128.62506666666664, 0.00046666666666666666, 0.0014), (268.4352, 0.11646666666666668, 0.09953333333333332)]","[(3, 0.00015, 0.2104), (3, 0.1731833333333333, 0.38794999999999996), (3, 0.0, 0.02947777777777778), (3, 5e-05, 0.12382222222222221), (3, 0.0, 2.2222222222222223e-05), (2, 0.0, 8.88888888888889e-05), 0, 0, (1, 0.0, 0.0002833333333333333), (2, 0.0, 0.001027777777777778), (1, 0.0, 0.0005666666666666666), (2, 0.0, 0.0026888888888888887), (2, 0.0, 0.000972222222222222), (1, 0.0, 0.003311111111111111), (2, 0.0705, 0.025599999999999998), (2, 0.0, 0.0009611111111111112)]","[48, 56, 50, 57, 47, 59, -1, -1, 63, 54, 64, 65, 61, 51, 68, 66]","[1, 6, 13, 8, 14, 8, -1, -1, 0, 14, 3, 0, 2, 7, 5, 9]","[True, True, True, True, True, True, False, False, True, True, True, True, True, True, True, True]"
47,15,"[3703.171900565511, 4252.576912042853, 2867.38361648739, 5888.650399259911, 1578.3845313240047, 0, 0, 590.9835929581135, 500.8335838220001, 0, 1158.5948682937635, 2248.9012475559352, 1566.5169784569066, 922.7020845904912, 845.5631180399, 1560.5832020233572]","[4029.0, 4029.0, 4029.0, 4958.825199629955, 4029.0, -929.8251996299555, 0, 820.4107848460972, 730.2607757099838, 4029.0, 4029.0, 2478.328439443919, 4029.0, 4029.0, 4029.0, 4029.0]","[(1493.1718, 0.1692, 0.7876000000000001), (1974.1186, 0.14053333333333334, 0.48906666666666665), (98.5656, 0.03406666666666667, 0.023066666666666666), (1269.4758, 0.3529333333333333, 0.49439999999999995), (223.696, 0.11593333333333333, 0.0992), (148.19806666666668, 0.008400000000000001, 0.004866666666666666), 0, (265.6387333333333, 0.05313333333333333, 0.031266666666666665), (191.5394, 0.0, 0.0), (100.6632, 0.0044666666666666665, 0.00013333333333333334), (75.49719999999999, 0.0004, 0.0014666666666666665), (150.9948, 0.009266666666666668, 0.0106), (0.0, 0.1156, 0.0996), (134.2176, 0.5295333333333333, 0.5544666666666667), (120.23626666666664, 0.0, 0.001066666666666667), (33.5544, 0.11626666666666668, 0.09953333333333332)]","[(3, 0.0001, 0.13415555555555556), (3, 1.666666666666667e-05, 0.31198333333333333), (3, 0.0, 0.029166666666666667), (3, 0.1731833333333333, 0.38794999999999996), (2, 0.0, 0.0010277777777777776), (2, 0.0, 0.0), 0, (3, 0.0, 0.006316666666666667), (1, 1.666666666666667e-05, 0.0002611111111111111), (2, 0.0, 0.001077777777777778), (1, 0.0, 0.0005499999999999999), (2, 0.0, 0.0023555555555555556), (2, 0.0, 0.00095), (1, 0.0, 0.002977777777777778), (2, 1.666666666666667e-05, 0.0006111111111111112), (2, 0.0, 0.000972222222222222)]","[48, 56, 50, 57, 62, 59, -1, 69, 63, 54, 64, 65, 61, 51, 68, 66]","[1, 6, 13, 8, 11, 8, -1, 0, 0, 14, 3, 0, 2, 7, 5, 9]","[True, True, True, True, True, True, False, True, True, True, True, True, True, True, True, True]"
48,14,"[3949.038231668631, 3235.722332789209, 3604.08485128692, 4252.576912042853, 1566.5169784569066, 2327.8664038117226, 0, 580.9669218910268, 474.12245935149326, 0, 1151.9170880730503, 2254.8350239347114, 1593.2189724078767, 0, 809.96046043822, 1566.5169784569066]","[4029.0, 4029.0, 4029.0, 4029.0, 4029.0, 4029.0, 0, 820.6587868319496, 713.814324292416, 0, 4029.0, 2494.526888875634, 4029.0, 4029.0, 4029.0, 4029.0]","[(1484.7831999999999, 0.21580000000000002, 0.8416666666666666), (1730.8488, 0.18693333333333337, 0.49646666666666667), (159.383, 0.27046666666666663, 0.022466666666666666), (1974.1186, 0.14053333333333334, 0.48906666666666665), (268.4352, 0.11646666666666668, 0.09953333333333332), (335.544, 0.016466666666666664, 0.009866666666666668), 0, (272.62933333333325, 0.053200000000000004, 0.03573333333333333), (225.09366666666662, 0.0, 0.0), 0, (75.49719999999999, 0.0003333333333333333, 0.0014), (184.5492, 0.009333333333333334, 0.0108), (167.772, 0.1156, 0.09933333333333332), (64.3126, 0.5252666666666668, 0.5347333333333333), (72.7008, 6.666666666666668e-05, 0.0015333333333333334), (0.0, 0.1156, 0.0996)]","[(3, 0.0001, 0.17663333333333334), (3, 1.666666666666667e-05, 0.20562222222222223), (3, 0.0013666666666666669, 0.02918888888888889), (3, 1.666666666666667e-05, 0.31198333333333333), (2, 0.0, 0.0009611111111111112), (3, 0.0, 0.015905555555555555), 0, (3, 0.0, 0.0011611111111111112), (1, 0.0, 0.0002833333333333333), 0, (1, 0.0, 0.0005611111111111111), (2, 0.0, 0.002338888888888889), (2, 0.0, 0.0014166666666666668), (1, 0.0, 0.0028777777777777777), (2, 0.0, 0.0005666666666666668), (2, 0.0, 0.00095)]","[48, 56, 50, 57, 62, 67, -1, 69, 63, -1, 64, 65, 61, 51, 68, 66]","[1, 6, 13, 8, 11, 4, -1, 0, 0, -1, 3, 0, 2, 7, 5, 9]","[True, True, True, True, True, True, False, True, True, False, True, True, True, True, True, True]"
49,14,"[3566.579494397111, 2452.592537423716, 4107.999450555, 3235.722332789209, 1560.5832020233572, 2503.141050686958, 0, 557.5946894011578, 580.9669572335199, 0, 1168.6115386248337, 2248.9012475559352, 0, 450.7502254398, 1317.2983312621604, 1593.2189724078767]","[4029.0, 4029.0, 4029.0, 4029.0, 4029.0, 4029.0, 0, 771.4403913376201, 794.8126591699822, 0, 4029.0, 2462.7469494923976, 4029.0, 4029.0, 4029.0, 4029.0]","[(1644.1666, 0.15380000000000002, 0.6252666666666667), (1356.158, 0.1402, 0.49906666666666666), (234.88039999999998, 0.2981333333333333, 0.018066666666666665), (1730.8488, 0.18693333333333337, 0.49646666666666667), (33.5544, 0.11626666666666668, 0.09953333333333332), (427.8186, 0.011466666666666667, 0.006066666666666666), 0, (160.78126666666668, 0.05293333333333333, 0.031466666666666664), (159.38313333333332, 0.0, 0.0), 0, (77.5942, 0.00046666666666666666, 0.0014), (218.1036, 0.009266666666666668, 0.010533333333333334), (67.1088, 0.11593333333333333, 0.09953333333333332), (184.549, 0.0, 0.0), (75.49706666666667, 0.0, 0.001066666666666667), (167.772, 0.1156, 0.09933333333333332)]","[(3, 5e-05, 0.16941111111111112), (3, 8.333333333333333e-05, 0.11315), (3, 8.333333333333333e-05, 0.02883888888888889), (3, 1.666666666666667e-05, 0.20562222222222223), (2, 0.0, 0.000972222222222222), (3, 1.666666666666667e-05, 0.017866666666666666), 0, (3, 0.0, 0.0011222222222222222), (1, 0.0, 0.0002722222222222222), 0, (1, 0.0, 0.001627777777777778), (2, 0.0, 0.0022555555555555554), (2, 0.0, 0.00095), (1, 0.0, 0.00029444444444444445), (2, 1.666666666666667e-05, 0.0007), (2, 0.0, 0.0014166666666666668)]","[48, 56, 50, 57, 62, 67, -1, 69, 63, -1, 64, 65, 61, 72, 68, 66]","[1, 6, 13, 8, 11, 4, -1, 0, 0, -1, 3, 0, 2, 10, 5, 9]","[True, True, True, True, True, True, False, True, True, False, True, True, True, True, True, True]"
50,15,"[4726.09725342664, 2677.21116090064, 3519.18619597545, 2452.592537423716, 1566.5169784569066, 2497.663717972107, 0, 574.2891411796356, 450.7502254398, 1115.1894634134223, 1165.2726485144767, 2201.431036525731, 744.572766635591, 570.9502855570801, 1459.7089616688797, 1563.5500902401322]","[4029.0, 4029.0, 4029.0, 4029.0, 4029.0, 4029.0, 0, 841.7990067979135, 718.2600910580778, 4029.0, 4029.0, 2468.9409021440088, 4029.0, 4029.0, 4029.0, 4029.0]","[(1434.4516, 0.22206666666666663, 0.8742666666666667), (1227.5328, 0.18566666666666662, 0.4779333333333333), (221.59853333333334, 0.0404, 0.026733333333333335), (1356.158, 0.1402, 0.49906666666666666), (0.0, 0.1156, 0.0996), (419.43, 0.0086, 0.004933333333333334), 0, (143.3049333333333, 0.05273333333333334, 0.030533333333333336), (201.3262, 0.0, 0.0), (499.1218, 0.0016666666666666668, 0.0011333333333333332), (69.2056, 0.00046666666666666666, 0.0013333333333333333), (268.4352, 0.009333333333333334, 0.0108), (142.60586666666666, 0.0007333333333333332, 0.0006), (225.0938, 0.0, 0.0), (114.64386666666668, 0.0, 0.0011333333333333332), (67.1088, 0.11593333333333333, 0.09953333333333332)]","[(3, 0.0001, 0.21292777777777777), (3, 3.3333333333333335e-05, 0.15232222222222222), (3, 0.0, 0.02946666666666667), (3, 8.333333333333333e-05, 0.11315), (2, 0.0, 0.00095), (3, 0.0, 0.021744444444444445), 0, (3, 0.0, 0.0011333333333333332), (1, 0.0, 0.0002666666666666667), (2, 0.0, 0.0010999999999999998), (1, 0.0, 0.0005499999999999999), (2, 0.0, 0.0022944444444444444), (1, 0.0, 0.02883888888888889), (1, 0.0, 0.0002833333333333333), (2, 0.0, 0.0006555555555555555), (2, 0.0, 0.00095)]","[48, 56, 50, 57, 62, 67, -1, 69, 63, 71, 64, 65, 73, 72, 68, 66]","[1, 6, 13, 8, 11, 4, -1, 0, 0, 7, 3, 0, 2, 10, 5, 9]","[True, True, True, True, True, True, False, True, True, True, True, True, True, True, True, True]"
51,15,"[3065.7406717796443, 6028.278192232053, 3576.69818828322, 2677.21116090064, 1593.2189724078767, 2664.722365775066, 0, 577.6280315353312, 537.5613799689467, 1175.2894943758222, 1178.6282089559033, 2248.9012475559352, 554.2559608139378, 500.8335838220001, 845.5631180399, 1572.4507548904555]","[4029.0, 4029.0, 4029.0, 4029.0, 4029.0, 4029.0, 0, 799.2644785152602, 759.1978269488757, 4029.0, 4029.0, 2470.5376945358644, 4029.0, 4029.0, 4029.0, 4029.0]","[(1392.5086000000001, 0.1512, 0.6417333333333333), (1551.892, 0.19686666666666666, 1.39), (117.44013333333332, 0.04193333333333333, 0.027666666666666673), (1227.5328, 0.18566666666666662, 0.4779333333333333), (167.772, 0.1156, 0.09933333333333332), (455.7806, 0.011333333333333336, 0.005066666666666666), 0, (167.77166666666662, 0.052866666666666666, 0.030466666666666666), (183.15086666666667, 0.00013333333333333334, 6.666666666666668e-05), (553.6476, 0.0017333333333333335, 0.0015333333333333334), (82.4876, 0.0007333333333333332, 0.002), (33.5544, 0.009266666666666668, 0.010666666666666666), (98.56566666666669, 0.0007333333333333332, 0.0002666666666666667), (191.5394, 0.0, 0.0), (92.27413333333331, 6.666666666666668e-05, 0.0013333333333333333), (100.6632, 0.11566666666666668, 0.09933333333333332)]","[(3, 6.666666666666667e-05, 0.11822222222222224), (3, 0.0001, 0.1530611111111111), (3, 0.0027166666666666667, 0.027800000000000002), (3, 3.3333333333333335e-05, 0.15232222222222222), (2, 0.0, 0.0014166666666666668), (3, 0.0, 0.016805555555555553), 0, (3, 1.666666666666667e-05, 0.0011833333333333333), (1, 0.005966666666666668, 0.0008777777777777778), (2, 0.0, 0.0005222222222222223), (1, 0.0, 0.0005722222222222222), (2, 0.0, 0.0023555555555555556), (1, 0.0, 0.0016666666666666668), (1, 1.666666666666667e-05, 0.0002611111111111111), (2, 1.666666666666667e-05, 0.003455555555555556), (2, 0.0, 0.0009611111111111112)]","[48, 56, 50, 57, 62, 67, -1, 69, 63, 71, 64, 65, 73, 72, 68, 66]","[1, 6, 13, 8, 11, 4, -1, 0, 0, 7, 3, 0, 2, 10, 5, 9]","[True, True, True, True, True, True, False, True, True, True, True, True, True, True, True, True]"
52,15,"[0, 6374.312287858666, 3261.75156374067, 6028.278192232053, 1563.5500902401322, 2478.4930534701275, 0, 0, 527.5447082925066, 1121.8672446314667, 0, 5046.6768101486105, 597.6615481065954, 0, 0, 1566.5169784569066]","[4029.0, 4029.0, 3645.3757818703352, 4029.0, 4029.0, 4029.0, 0, -515.0738394803724, 12.4708688121342, 4029.0, 4029.0, 4531.602970668238, 4029.0, 383.624218129665, 4029.0, 4029.0]","[(1632.9818, 0.3732, 0.7381333333333333), (1736.4414, 0.2492666666666667, 1.2721333333333333), (115.3428, 0.04046666666666667, 0.026666666666666672), (1551.892, 0.19686666666666666, 1.39), (67.1088, 0.11593333333333333, 0.09953333333333332), (332.7478, 0.012333333333333335, 0.0056), 0, (150.2954, 0.0526, 0.03033333333333333), (222.2977333333333, 0.0, 0.0), (461.3726, 0.008400000000000001, 0.008866666666666667), (81.08953333333334, 0.0002666666666666667, 0.001), (369.0984, 0.018533333333333336, 0.025066666666666668), (121.6344, 0.0005333333333333334, 0.0002), (225.09366666666662, 0.0, 0.0), (76.89526666666666, 0.0, 0.001), (22.3696, 0.11606666666666667, 0.09953333333333332)]","[(3, 0.09808333333333331, 0.2580777777777778), (3, 0.00015, 0.2104), (3, 0.0, 0.025622222222222223), (3, 0.0001, 0.1530611111111111), (2, 0.0, 0.00095), (3, 0.0, 0.021144444444444445), 0, (3, 0.0, 0.0011055555555555556), (1, 0.0, 0.00019999999999999998), (2, 0.0, 0.0004944444444444445), (1, 0.0, 0.000538888888888889), (2, 0.0, 0.0054888888888888895), (1, 0.0, 0.0015388888888888887), (1, 0.0, 0.0002833333333333333), (2, 0.0, 0.0005055555555555555), (2, 0.0, 0.0009388888888888888)]","[48, 56, 50, 57, 62, 67, -1, 69, 63, 71, 64, 65, 73, 72, 68, 66]","[1, 6, 10, 8, 11, 4, -1, 0, 0, 7, 3, 0, 2, 10, 5, 9]","[True, True, True, True, True, True, False, True, True, True, True, True, True, True, True, True]"
53,15,"[3121.8625785998443, 3703.171900565511, 3409.63954396065, 6374.312287858666, 1572.4507548904555, 2629.1197031285333, 2006.6731654957287, 0, 0, 1035.0560887968888, 1364.7688631682443, 6361.008278047395, 0, 1364.7688631682443, 731.2170323801198, 0]","[4029.0, 4029.0, 4029.0, 4029.0, 2435.116861255168, 4029.0, 2335.452151163742, 0, -1166.0041390236975, 4029.0, 1693.5478488362578, 5195.0041390236975, 4029.0, 4029.0, 1593.8831387448322, 4029.0]","[(0.0, 0.0, 0.0), (1493.1718, 0.1692, 0.7876000000000001), (132.12006666666667, 0.0338, 0.0268), (1736.4414, 0.2492666666666667, 1.2721333333333333), (100.6632, 0.11566666666666668, 0.09933333333333332), (377.487, 0.011333333333333336, 0.0054), (306.18366666666674, 0.5942000000000001, 0.19193333333333337), 0, (257.2502, 0.0, 0.0), (448.7898, 0.009933333333333334, 0.0104), (402.65259999999995, 0.0, 0.0), (1157.6274666666666, 0.016533333333333334, 0.022133333333333328), (125.82866666666669, 0.0007333333333333332, 0.0002666666666666667), (402.65259999999995, 0.0, 0.0), (178.9568, 0.0019333333333333331, 0.0014666666666666665), (67.1088, 0.11606666666666667, 0.09946666666666669)]","[(2, 0.0, 0.0), (3, 0.0001, 0.13415555555555556), (3, 0.0, 0.03398333333333334), (3, 0.00015, 0.2104), (2, 0.0, 0.0009611111111111112), (3, 0.0, 0.030616666666666664), (3, 0.011550000000000001, 0.43049444444444446), 0, (1, 0.0, 0.00023888888888888888), (2, 0.0, 0.0004944444444444445), (3, 0.1085, 0.004066666666666666), (2, 0.0, 0.005333333333333333), (1, 0.0, 0.00165), (3, 0.1085, 0.004066666666666666), (1, 0.36411666666666676, 0.01315), (2, 0.0, 0.0009555555555555554)]","[70, 56, 50, 57, 62, 67, 74, -1, 63, 71, 76, 65, 73, 77, 78, 66]","[3, 6, 10, 8, 11, 4, 14, -1, 0, 7, 14, 0, 2, 15, 11, 9]","[True, True, True, True, True, True, True, False, True, True, True, True, True, True, True, True]"
54,14,"[3065.1014408071205, 3949.038231668631, 2935.85027399664, 3703.171900565511, 1566.5169784569066, 2505.879717044383, 1352.2506356501997, 501.40426599866777, 0, 1051.750541842, 1691.1266347954333, 2438.7820916767528, 1714.4051397483977, 1691.1266347954333, 657.7614400862267, 0]","[4029.0, 4029.0, 4029.0, 4029.0, 2000.9560836096396, 4029.0, 1845.062000427383, 935.8433711514008, 0, 4029.0, 2183.9379995726167, 4029.0, 4029.0, 4029.0, 1092.2005452389596, 0]","[(0.0, 0.0, 0.0), (1484.7831999999999, 0.21580000000000002, 0.8416666666666666), (107.65339999999999, 0.037200000000000004, 0.024933333333333335), (1493.1718, 0.1692, 0.7876000000000001), (22.3696, 0.11606666666666667, 0.09953333333333332), (321.563, 0.0134, 0.007933333333333334), (281.018, 0.42160000000000003, 0.13533333333333333), (0.0, 0.0048, 6.666666666666668e-05), 0, (450.1882666666667, 0.0092, 0.009466666666666667), (339.738, 0.0, 0.0), (167.772, 0.009333333333333334, 0.0104), (105.5042, 0.28773333333333334, 0.22433333333333338), (339.738, 0.0, 0.0), (192.93779999999998, 0.003933333333333333, 0.0014666666666666665), 0]","[(2, 0.0, 0.0), (3, 0.0001, 0.17663333333333334), (3, 0.0, 0.03331111111111111), (3, 0.0001, 0.13415555555555556), (2, 0.0, 0.0009388888888888888), (3, 0.0, 0.017744444444444448), (3, 1.666666666666667e-05, 0.2272388888888889), (2, 0.0, 0.0013222222222222222), 0, (2, 0.0, 0.0005166666666666667), (3, 0.2122, 0.00935), (2, 0.0, 0.002172222222222222), (1, 0.0030666666666666663, 0.05871111111111111), (3, 0.2122, 0.00935), (1, 0.26766666666666666, 0.015294444444444444), 0]","[70, 56, 50, 57, 62, 67, 74, 75, -1, 71, 76, 65, 80, 77, 78, -1]","[3, 6, 10, 8, 11, 4, 14, 11, -1, 7, 14, 0, 9, 15, 11, -1]","[True, True, True, True, True, True, True, True, False, True, True, True, True, True, True, False]"
55,15,"[2911.512479720924, 3566.579494397111, 2733.1889677692598, 3949.038231668631, 0, 2519.573048831511, 1409.0117734429248, 498.43737685074666, 0, 1055.0894324510223, 1254.9939763481898, 2554.490731062876, 1429.5838385761401, 1254.9939763481898, 711.18368902724, 1763.7010974382797]","[4029.0, 4029.0, 4029.0, 4029.0, 939.7929780406712, 4029.0, 2091.5088985473676, 1438.2303548914178, 0, 4029.0, 1937.4911014526324, 4029.0, 4029.0, 4029.0, 1650.9766670679112, 4029.0]","[(0.0, 0.0, 0.0), (1644.1666, 0.15380000000000002, 0.6252666666666667), (99.96353333333334, 0.03306666666666667, 0.022733333333333335), (1484.7831999999999, 0.21580000000000002, 0.8416666666666666), (67.1088, 0.11606666666666667, 0.09946666666666669), (343.9326, 0.013333333333333336, 0.0074666666666666675), (255.852, 0.49213333333333326, 0.15953333333333333), (145.4024, 0.004733333333333333, 6.666666666666668e-05), 0, (461.373, 0.0016666666666666668, 0.0013333333333333333), (343.93240000000003, 0.0, 0.0), (536.8704, 0.009266666666666668, 0.0106), (110.71433333333331, 0.20726666666666668, 0.17506666666666665), (343.93240000000003, 0.0, 0.0), (134.2176, 0.002, 0.0014), (39.146666666666654, 0.29753333333333337, 0.0019333333333333331)]","[(2, 0.0, 0.0), (3, 5e-05, 0.16941111111111112), (3, 0.0, 0.026605555555555556), (3, 0.0001, 0.17663333333333334), (2, 0.0, 0.0009555555555555554), (3, 0.0, 0.017083333333333332), (3, 8.333333333333333e-05, 0.28617777777777775), (2, 0.0, 0.0012666666666666666), 0, (2, 0.0, 0.01923888888888889), (3, 0.020033333333333334, 0.0038777777777777777), (2, 0.0, 0.0023777777777777777), (1, 0.0002333333333333333, 0.05122222222222223), (3, 0.020033333333333334, 0.0038777777777777777), (1, 0.2701, 0.013050000000000004), (1, 0.003, 0.06097777777777777)]","[70, 56, 50, 57, 62, 67, 74, 75, -1, 71, 76, 65, 80, 77, 78, 81]","[3, 6, 10, 8, 11, 4, 14, 11, -1, 7, 14, 0, 9, 15, 11, 2]","[True, True, True, True, True, True, True, True, False, True, True, True, True, True, True, True]"
56,16,"[3145.2348118086134, 4726.09725342664, 2831.7809545825808, 3566.579494397111, 2327.8664038117226, 0, 1816.3564093671823, 498.43737685074666, 2240.395480738335, 0, 1266.8615316800874, 2450.6496444343047, 1845.861124904825, 1266.8615316800874, 647.7447684097866, 1385.7651479872202]","[4029.0, 4029.0, 4029.0, 4029.0, 2485.550627912251, 4029.0, 2289.2474388435476, 1939.84630422048, 2501.266974529124, 4029.0, 1739.7525611564524, 4029.0, 4029.0, 1527.733025470876, 2089.15369577952, 1543.4493720877488]","[(0.0, 0.0, 0.0), (1434.4516, 0.22206666666666663, 0.8742666666666667), (103.459, 0.03553333333333333, 0.025), (1644.1666, 0.15380000000000002, 0.6252666666666667), (335.544, 0.016466666666666664, 0.009866666666666668), (478.1502, 0.012199999999999999, 0.007066666666666666), (226.49179999999998, 0.6, 0.19540000000000002), (67.1088, 0.004666666666666667, 0.0), (973.0777333333333, 0.10640000000000001, 0.744), (450.1881333333334, 0.0015333333333333334, 0.0012), (306.18359999999996, 0.0, 0.0), (738.197, 0.009333333333333334, 0.0108), (109.4118, 0.21166666666666664, 0.17653333333333332), (306.18359999999996, 0.0, 0.0), (226.49220000000003, 0.0016666666666666668, 0.0014), (65.71033333333331, 0.2166, 0.004533333333333333)]","[(2, 0.0, 0.0), (3, 0.0001, 0.21292777777777777), (3, 0.0001, 0.02427222222222222), (3, 5e-05, 0.16941111111111112), (3, 0.0, 0.015905555555555555), (3, 0.0009, 0.02215), (3, 0.00016666666666666666, 0.37338333333333334), (2, 0.0, 0.0012333333333333335), (3, 0.0, 0.025061111111111114), (2, 0.0, 0.0005), (3, 0.008033333333333333, 0.003372222222222222), (2, 0.0, 0.0023666666666666667), (1, 0.00011666666666666667, 0.05212222222222222), (3, 0.008033333333333333, 0.003372222222222222), (1, 0.27021666666666666, 0.012733333333333334), (1, 0.0002833333333333333, 0.09404444444444444)]","[70, 56, 50, 57, 79, 67, 74, 75, 82, 71, 76, 65, 80, 77, 78, 81]","[3, 6, 10, 8, 2, 4, 14, 11, 15, 7, 14, 0, 9, 15, 11, 2]","[True, True, True, True, True, True, True, True, True, True, True, True, True, True, True, True]"
57,15,"[2988.3069602640226, 3065.7406717796443, 2809.8716241796205, 4726.09725342664, 2503.141050686958, 744.572766635591, 2230.3788262082307, 498.43737685074666, 1332.217282883153, 0, 1204.5568661876246, 2453.616532623692, 1812.9971286157179, 1204.5568661876246, 724.5392512624934, 1569.2557901120101]","[4029.0, 4029.0, 4029.0, 4029.0, 2481.442630287474, 4029.0, 2527.4109800103033, 1901.4490627941266, 2078.3302083477643, 0, 1501.589019989697, 4029.0, 4029.0, 1950.6697916522357, 2127.550937205873, 1547.5573697125262]","[(0.0, 0.0, 0.0), (1392.5086000000001, 0.1512, 0.6417333333333333), (96.46846666666666, 0.0338, 0.023066666666666666), (1434.4516, 0.22206666666666663, 0.8742666666666667), (427.8186, 0.011466666666666667, 0.006066666666666666), (142.60586666666666, 0.0007333333333333332, 0.0006), (209.7148, 0.7276, 0.23566666666666664), (100.6632, 0.004666666666666667, 6.666666666666668e-05), (805.3058666666667, 0.081, 0.3894666666666666), 0, (322.961, 0.0, 0.0), (352.32120000000003, 0.0094, 0.010866666666666667), (108.76053333333334, 0.20446666666666666, 0.17406666666666665), (322.961, 0.0, 0.0), (271.2314, 0.0722, 0.0028666666666666667), (40.54486666666667, 0.21746666666666667, 0.0017333333333333335)]","[(2, 0.0, 0.0), (3, 6.666666666666667e-05, 0.11822222222222224), (3, 0.0001833333333333333, 0.029927777777777772), (3, 0.0001, 0.21292777777777777), (3, 1.666666666666667e-05, 0.017866666666666666), (1, 0.0, 0.02883888888888889), (3, 0.00021666666666666668, 0.5190777777777777), (2, 0.0, 0.001238888888888889), (3, 0.0, 0.023311111111111112), 0, (3, 0.007916666666666667, 0.003444444444444445), (2, 0.0, 0.002344444444444444), (1, 0.0, 0.05014999999999999), (3, 0.007916666666666667, 0.003444444444444445), (1, 0.24863333333333332, 0.04668333333333334), (1, 0.0, 0.05373333333333333)]","[70, 56, 50, 57, 79, 83, 74, 75, 82, -1, 76, 65, 80, 77, 78, 81]","[3, 6, 10, 8, 2, 12, 14, 11, 15, -1, 14, 0, 9, 15, 11, 2]","[True, True, True, True, True, True, True, True, True, False, True, True, True, True, True, True]"
58,15,"[3008.340303014396, 5157.122179558036, 2809.8716241796205, 3065.7406717796443, 2497.663717972107, 554.2559608139378, 1318.8617310662446, 495.47048770282555, 888.1448552554355, 0, 1252.0270875152155, 2495.1529672751212, 1886.9411202662081, 1252.0270875152155, 737.8948134977464, 1517.22113040498]","[4029.0, 4029.0, 4029.0, 4029.0, 2504.7212937835634, 4029.0, 2047.9173217755144, 1893.2878371025395, 1832.5588838701099, 0, 1981.0826782244853, 4029.0, 4029.0, 2196.44111612989, 2135.7121628974605, 1524.2787062164364]","[(0.0, 0.0, 0.0), (1632.9818, 0.3732, 0.7381333333333333), (111.1486, 0.03306666666666667, 0.022600000000000002), (1392.5086000000001, 0.1512, 0.6417333333333333), (419.43, 0.0086, 0.004933333333333334), (98.56566666666669, 0.0007333333333333332, 0.0002666666666666667), (255.852, 0.40273333333333333, 0.13053333333333333), (0.0, 0.004666666666666667, 6.666666666666668e-05), (624.9507333333332, 0.08693333333333333, 0.30760000000000004), 0, (301.98940000000005, 0.0, 0.0), (218.1036, 0.009333333333333334, 0.010666666666666666), (115.2732, 0.21046666666666666, 0.17566666666666664), (301.98940000000005, 0.0, 0.0), (164.9758, 0.0021333333333333334, 0.0014666666666666665), (26.56353333333333, 0.21073333333333333, 0.0014)]","[(2, 0.0, 0.0), (3, 0.09808333333333331, 0.2580777777777778), (3, 0.0, 0.026805555555555558), (3, 6.666666666666667e-05, 0.11822222222222224), (3, 0.0, 0.021744444444444445), (1, 0.0, 0.0016666666666666668), (3, 5e-05, 0.20164999999999994), (2, 0.0, 0.0012722222222222221), (3, 0.0, 0.013066666666666667), 0, (3, 0.00785, 0.003533333333333333), (2, 0.0, 0.002655555555555556), (1, 0.0, 0.05059444444444444), (3, 0.00785, 0.003533333333333333), (1, 0.2376, 0.013488888888888885), (1, 1.666666666666667e-05, 0.05187222222222222)]","[70, 56, 50, 57, 79, 83, 74, 75, 82, -1, 76, 65, 80, 77, 78, 81]","[3, 6, 10, 8, 2, 12, 14, 11, 15, -1, 14, 0, 9, 15, 11, 2]","[True, True, True, True, True, True, True, True, True, False, True, True, True, True, True, True]"
59,15,"[3068.4403312655163, 6377.347674662409, 0, 5157.122179558036, 2664.722365775066, 597.6615481065954, 1425.7062257349019, 492.5035985549045, 1101.8338429860667, 0, 1225.3250880184453, 2423.947650729814, 1906.1117847681867, 1225.3250880184453, 714.5225795860533, 1569.2557901120101]","[4029.0, 4029.0, 4029.0, 4029.0, 2562.233287831528, 4029.0, 2114.6905688582283, 1903.4905094844255, 1952.7543774838107, 0, 1914.3094311417717, 4029.0, 4029.0, 2076.2456225161895, 2125.5094905155743, 1466.766712168472]","[(0.0, 0.0, 0.0), (1756.0146000000002, 0.15113333333333331, 0.6404), (104.15793333333333, 0.032733333333333337, 0.0224), (1632.9818, 0.3732, 0.7381333333333333), (455.7806, 0.011333333333333336, 0.005066666666666666), (121.6344, 0.0005333333333333334, 0.0002), (213.9092, 0.46873333333333334, 0.15180000000000002), (0.0, 0.0046, 6.666666666666668e-05), (641.7282666666667, 0.07759999999999999, 0.331), 0, (328.5532, 0.0, 0.0), (134.2176, 0.009266666666666668, 0.010666666666666666), (97.689, 0.24573333333333333, 0.20893333333333336), (328.5532, 0.0, 0.0), (159.3834, 0.0022666666666666664, 0.0018), (40.54466666666666, 0.2174, 0.0013333333333333333)]","[(2, 0.0, 0.0), (3, 0.07565000000000001, 0.43214444444444444), (3, 0.0, 0.026166666666666668), (3, 0.09808333333333331, 0.2580777777777778), (3, 0.0, 0.016805555555555553), (1, 0.0, 0.0015388888888888887), (3, 3.3333333333333335e-05, 0.2765777777777778), (2, 0.0, 0.0012166666666666667), (3, 0.04375, 0.0321388888888889), 0, (3, 0.007816666666666666, 0.003527777777777778), (2, 0.0, 0.0023833333333333337), (1, 0.0, 0.05149444444444444), (3, 0.007816666666666666, 0.003527777777777778), (1, 0.27031666666666665, 0.012972222222222222), (1, 0.00013333333333333334, 0.05250555555555555)]","[70, 56, 50, 57, 79, 83, 74, 75, 82, -1, 76, 65, 80, 77, 78, 81]","[3, 6, 10, 8, 2, 12, 14, 11, 15, -1, 14, 0, 9, 15, 11, 2]","[True, True, True, True, True, True, True, True, True, False, True, True, True, True, True, True]"
60,15,"[3021.6958648479776, 4197.939949575493, 3121.8625785998443, 6377.347674662409, 2478.4930534701275, 0, 2036.723179621289, 498.43737685074666, 1125.2060760191043, 0, 1254.9939763481898, 0, 1908.8504511256126, 1254.9939763481898, 707.8447984684265, 1662.37044432459]","[4029.0, 4029.0, 4029.0, 4029.0, 2422.5613045727687, 4029.0, 2405.3646016365497, 1909.7962891911602, 1949.6060498354573, 0, 1623.6353983634503, 4029.0, 4029.0, 2079.3939501645427, 2119.20371080884, 1606.438695427231]","[(0.0, 0.0, 0.0), (1834.3084, 0.274, 0.7126), (0.0, 0.0, 0.0), (1756.0146000000002, 0.15113333333333331, 0.6404), (332.7478, 0.012333333333333335, 0.0056), (125.82866666666669, 0.0007333333333333332, 0.0002666666666666667), (212.51093333333333, 0.6914, 0.224), (0.0, 0.004666666666666667, 6.666666666666668e-05), (838.8603333333335, 0.08673333333333332, 0.3268666666666667), 0, (282.41606666666667, 0.0, 0.0), (33.5544, 0.009333333333333334, 0.010466666666666668), (125.0422, 0.247, 0.19506666666666664), (282.41606666666667, 0.0, 0.0), (173.3644, 0.0022, 0.0016), (36.35026666666667, 0.25166666666666665, 0.0012)]","[(2, 0.0, 0.0), (3, 5e-05, 0.20435555555555557), (2, 0.0, 0.0), (3, 0.07565000000000001, 0.43214444444444444), (3, 0.0, 0.021144444444444445), (1, 0.0, 0.00165), (3, 0.0002333333333333333, 0.49188333333333323), (2, 0.0, 0.001261111111111111), (3, 0.0, 0.012833333333333334), 0, (3, 0.00675, 0.003411111111111111), (2, 0.0, 0.0022833333333333334), (1, 3.3333333333333335e-05, 0.05121666666666667), (3, 0.00675, 0.003411111111111111), (1, 0.2694166666666667, 0.013116666666666667), (1, 0.0, 0.05533333333333333)]","[70, 56, 84, 57, 79, 83, 74, 75, 82, -1, 76, 65, 80, 77, 78, 81]","[3, 6, 10, 8, 2, 12, 14, 11, 15, -1, 14, 0, 9, 15, 11, 2]","[True, True, True, True, True, True, True, True, True, False, True, True, True, True, True, True]"
61,15,"[2894.8180274289466, 7242.4329137289415, 3065.1014408071205, 4197.939949575493, 2629.1197031285333, 517.5280212281833, 1769.6119429496443, 501.40426599866777, 1045.0727056201176, 0, 1320.2655306736276, 881.4670876440003, 1714.4051397483977, 1320.2655306736276, 787.9781718799467, 1654.15444542348]","[4029.0, 4029.0, 4029.0, 4029.0, 2501.982628852527, 4029.0, 2239.1732061380085, 1120.7877574911295, 1876.903587473245, 0, 1789.8267938619917, 1500.850579136462, 4029.0, 2152.0964125267546, 1407.3616633724084, 1527.0173711474736]","[(0.0, 0.0, 0.0), (1937.767933333333, 0.2582, 0.7142000000000001), (0.0, 0.0, 0.0), (1834.3084, 0.274, 0.7126), (377.487, 0.011333333333333336, 0.0054), (58.7202, 0.004733333333333333, 0.00013333333333333334), (190.14146666666667, 0.5508, 0.17880000000000001), (0.0, 0.0057333333333333325, 0.001), (721.42, 0.07806666666666666, 0.33893333333333336), 0, (459.97486666666657, 0.0, 0.0), (95.9442, 0.019933333333333334, 0.0208), (93.78139999999999, 0.23493333333333336, 0.19066666666666662), (459.97486666666657, 0.0, 0.0), (164.9758, 0.0023333333333333335, 0.0016666666666666668), (36.35046666666667, 0.2538666666666667, 0.0013333333333333333)]","[(2, 0.0, 0.0), (3, 0.17391666666666664, 0.4805555555555557), (2, 0.0, 0.0), (3, 5e-05, 0.20435555555555557), (3, 0.0, 0.030616666666666664), (2, 0.0, 0.0010944444444444443), (3, 0.00013333333333333334, 0.3462888888888889), (2, 0.0, 0.0012055555555555554), (3, 0.0, 0.011183333333333332), 0, (3, 0.0192, 0.013244444444444444), (1, 0.0012, 0.05558333333333333), (1, 0.0, 0.049894444444444436), (3, 0.0192, 0.013244444444444444), (1, 0.2995333333333334, 0.013277777777777779), (1, 0.0, 0.0559388888888889)]","[70, 56, 84, 57, 79, 85, 74, 75, 82, -1, 76, 87, 80, 77, 78, 81]","[3, 6, 10, 8, 2, 7, 14, 11, 15, -1, 14, 11, 9, 15, 11, 2]","[True, True, True, True, True, True, True, True, True, False, True, True, True, True, True, True]"
62,15,"[3151.912592725404, 3861.0120143601066, 2911.512479720924, 7242.4329137289415, 2505.879717044383, 510.85024030910995, 1292.1506073990797, 0, 1385.6395298158109, 0, 1269.8284205130622, 754.589249271, 1851.3384576196752, 1269.8284205130622, 0, 1678.80244212681]","[4029.0, 4029.0, 4029.0, 4029.0, 2428.0386374587865, 4029.0, 2025.661093443009, 1091.470250243, 2072.4055546513746, 0, 2003.3389065569913, 1846.059499514, 4029.0, 1956.5944453486256, 1091.470250243, 1600.9613625412135]","[(0.0, 0.0, 0.0), (2088.762666666667, 0.21493333333333337, 0.8076), (0.0, 0.0, 0.0), (1937.767933333333, 0.2582, 0.7142000000000001), (321.563, 0.0134, 0.007933333333333334), (50.3316, 0.004666666666666667, 0.00013333333333333334), (198.53, 0.4244, 0.13933333333333334), (33.5544, 0.005333333333333333, 0.001), (671.0880666666666, 0.08573333333333333, 0.32080000000000003), 0, (363.5057333333333, 0.0, 0.0), (96.9928, 0.020133333333333333, 0.014066666666666665), (104.85293333333334, 0.21746666666666667, 0.18180000000000002), (363.5057333333333, 0.0, 0.0), (162.1796, 0.0022, 0.0016666666666666668), (71.3028, 0.24086666666666667, 0.0012)]","[(2, 0.0, 0.0), (3, 6.666666666666667e-05, 0.18205555555555555), (2, 0.0, 0.0), (3, 0.17391666666666664, 0.4805555555555557), (3, 0.0, 0.017744444444444448), (2, 0.0, 0.0010555555555555557), (3, 1.666666666666667e-05, 0.19247222222222224), (2, 0.0, 0.002505555555555556), (3, 0.0, 0.018272222222222224), 0, (3, 0.10526666666666666, 0.011727777777777776), (1, 0.0, 0.054338888888888895), (1, 3.3333333333333335e-05, 0.05011111111111111), (3, 0.10526666666666666, 0.011727777777777776), (1, 0.27321666666666666, 0.013138888888888891), (1, 0.0, 0.05382777777777778)]","[70, 56, 84, 57, 79, 85, 74, 75, 82, -1, 76, 87, 80, 77, 78, 81]","[3, 6, 10, 8, 2, 7, 14, 11, 15, -1, 14, 11, 9, 15, 11, 2]","[True, True, True, True, True, True, True, True, True, False, True, True, True, True, True, True]"
63,16,"[2938.223603388089, 4753.41573466032, 3145.2348118086134, 3861.0120143601066, 2519.573048831511, 510.85024030910995, 961.60045201792, 1147.5012037613078, 1095.1560621194842, 501.40426599866777, 1240.1595321833177, 754.589249271, 0, 1240.1595321833177, 881.4670876440003, 1615.8131172183]","[4029.0, 4029.0, 4029.0, 4029.0, 2466.3799658066055, 4029.0, 1875.220459917301, 4029.0, 1941.9982649680833, 1887.9075083638338, 2153.779540082699, 2141.092491636166, 4029.0, 2087.0017350319167, 4029.0, 1562.6200341933943]","[(0.0, 0.0, 0.0), (1599.4273999999998, 0.17526666666666668, 1.018), (0.0, 0.0, 0.0), (2088.762666666667, 0.21493333333333337, 0.8076), (343.9326, 0.013333333333333336, 0.0074666666666666675), (47.5354, 0.004533333333333333, 0.00013333333333333334), (194.33579999999998, 0.31493333333333334, 0.10186666666666666), (386.924, 1.3948666666666665, 0.0056), (767.5571333333334, 0.08106666666666666, 0.391), (0.0, 0.0048, 6.666666666666668e-05), (380.283, 0.0, 0.0), (90.177, 0.02, 0.014), (98.34026666666666, 0.21266666666666662, 0.17426666666666668), (380.283, 0.0, 0.0), (95.9442, 0.019933333333333334, 0.0208), (46.137, 0.22346666666666667, 0.0013333333333333333)]","[(2, 0.0, 0.0), (3, 0.0005166666666666667, 0.18142777777777777), (2, 0.0, 0.0), (3, 6.666666666666667e-05, 0.18205555555555555), (3, 0.0, 0.017083333333333332), (2, 0.0, 0.0011222222222222222), (3, 0.0, 0.12192777777777777), (1, 0.0, 0.009683333333333334), (3, 0.0, 0.02345), (2, 0.0, 0.0013222222222222222), (3, 0.006966666666666668, 0.010794444444444445), (1, 3.3333333333333335e-05, 0.05506666666666666), (1, 0.00011666666666666667, 0.04876111111111111), (3, 0.006966666666666668, 0.010794444444444445), (1, 0.0012, 0.05558333333333333), (1, 5e-05, 0.05402777777777778)]","[70, 56, 84, 57, 79, 85, 74, 86, 82, 88, 76, 87, 80, 77, 89, 81]","[3, 6, 10, 8, 2, 7, 14, 1, 15, 11, 14, 11, 9, 15, 5, 2]","[True, True, True, True, True, True, True, True, True, True, True, True, True, True, True, True]"
64,16,"[2958.2569461384624, 5117.662151109386, 2988.3069602640226, 4753.41573466032, 2440.1517244661704, 0, 1021.7004802690399, 925.6692288098378, 931.5504308882199, 498.43737685074666, 1243.126421016292, 741.2336873370001, 1876.4565081617916, 1243.126421016292, 754.589249271, 1536.3917945075702]","[4029.0, 4029.0, 4029.0, 4029.0, 2466.3799649793, 4029.0, 1903.787029626374, 4029.0, 1858.7120049359642, 1893.1018447568733, 2125.2129703736264, 2135.898155243127, 4029.0, 2170.2879950640363, 4029.0, 1562.6200350206998]","[(0.0, 0.0, 0.0), (1652.5552, 0.23406666666666665, 1.0530666666666666), (0.0, 0.0, 0.0), (1599.4273999999998, 0.17526666666666668, 1.018), (478.1502, 0.012199999999999999, 0.007066666666666666), (55.924, 0.004733333333333333, 6.666666666666668e-05), (146.80033333333338, 0.3725333333333334, 0.1176), (349.1754, 0.6480666666666667, 0.003466666666666667), (796.9172, 0.0888, 0.33713333333333334), (145.4024, 0.004733333333333333, 6.666666666666668e-05), (353.719, 0.0, 0.0), (93.3228, 0.018333333333333333, 0.014133333333333333), (258.64820000000003, 0.019533333333333337, 0.0016), (353.719, 0.0, 0.0), (96.9928, 0.020133333333333333, 0.014066666666666665), (58.719800000000006, 0.21913333333333332, 0.0012)]","[(2, 0.0, 0.0), (3, 6.666666666666667e-05, 0.19762222222222223), (2, 0.0, 0.0), (3, 0.0005166666666666667, 0.18142777777777777), (3, 0.0009, 0.02215), (2, 0.0, 0.0010555555555555555), (3, 5e-05, 0.20093333333333338), (1, 0.0, 0.00023333333333333333), (3, 0.0, 0.019), (2, 0.0, 0.0012666666666666666), (3, 0.04356666666666667, 0.009866666666666668), (1, 0.0, 0.0557), (3, 0.05115, 0.03694444444444444), (3, 0.04356666666666667, 0.009866666666666668), (1, 0.0, 0.054338888888888895), (1, 1.666666666666667e-05, 0.053094444444444444)]","[70, 56, 84, 57, 79, 85, 74, 86, 82, 88, 76, 87, 90, 77, 89, 81]","[3, 6, 10, 8, 2, 7, 14, 1, 15, 11, 14, 11, 9, 15, 5, 2]","[True, True, True, True, True, True, True, True, True, True, True, True, True, True, True, True]"
65,16,"[3018.356974389583, 0, 3008.340303014396, 5117.662151109386, 2429.1970590364676, 2180.662757134983, 3549.2405572744774, 1237.8771935563511, 1008.3449108539154, 498.43737685074666, 0, 804.6726065235, 1328.8784523992754, 1308.39797534173, 754.589249271, 1618.55178351867]","[4029.0, 4029.0, 4029.0, 4029.0, 2419.822637758899, 4029.0, 3789.1202786372387, 4029.0, 1864.4734677560928, 1861.3823851636234, 239.8797213627613, 2167.6176148363766, 4029.0, 2164.5265322439072, 4029.0, 1609.1773622411013]","[(0.0, 0.0, 0.0), (1744.8298, 0.16613333333333333, 0.7657333333333333), (0.0, 0.0, 0.0), (1652.5552, 0.23406666666666665, 1.0530666666666666), (461.373, 0.013266666666666668, 0.0067333333333333325), (473.9556, 4.806, 0.02386666666666667), (290.8046, 0.5733333333333334, 0.17), (320.86379999999997, 0.6452, 0.0048), (700.4481333333333, 0.07953333333333333, 0.389), (67.1088, 0.004666666666666667, 0.0), (342.5342, 0.0, 0.0), (93.8472, 0.0318, 0.0146), (328.5534, 0.0005333333333333334, 0.0006), (342.5342, 0.0, 0.0), (90.177, 0.02, 0.014), (46.1372, 0.21906666666666663, 0.0013333333333333333)]","[(2, 0.0, 0.0), (3, 5e-05, 0.15916666666666668), (2, 0.0, 0.0), (3, 6.666666666666667e-05, 0.19762222222222223), (3, 0.0, 0.017055555555555553), (1, 0.0, 0.005094444444444444), (3, 0.0017833333333333332, 0.2834388888888889), (1, 0.0, 0.0002222222222222222), (3, 0.0, 0.019427777777777776), (2, 0.0, 0.0012333333333333335), (3, 0.016566666666666667, 0.010016666666666667), (1, 0.00011666666666666667, 0.053427777777777775), (3, 0.06125, 0.025472222222222222), (3, 0.016566666666666667, 0.010016666666666667), (1, 3.3333333333333335e-05, 0.05506666666666666), (1, 0.0, 0.05315555555555555)]","[70, 56, 84, 57, 79, 91, 74, 86, 82, 88, 76, 87, 90, 77, 89, 81]","[3, 6, 10, 8, 2, 12, 14, 1, 15, 11, 14, 11, 9, 15, 5, 2]","[True, True, True, True, True, True, True, True, True, True, True, True, True, True, True, True]"
66,16,"[3148.573702267009, 2251.868135745323, 3068.4403312655163, 4122.055279481939, 2420.981059964191, 1462.6758357381586, 2160.2621265819243, 1317.298517921692, 1168.611651651889, 498.43737685074666, 1154.1194728238213, 0, 2050.0788185255155, 1406.3053068298868, 741.2336873370001, 1607.5971183171898]","[4029.0, 4029.0, 4029.0, 4029.0, 2421.1919708235005, 4029.0, 4029.0, 4029.0, 1895.6531724110012, 2263.7186884253733, 4029.0, 1765.2813115746267, 4029.0, 2133.346827588999, 4029.0, 1607.8080291764993]","[(0.0, 0.0, 0.0), (100.6632, 0.009333333333333334, 0.0108), (0.0, 0.0, 0.0), (1744.8298, 0.16613333333333333, 0.7657333333333333), (416.6338, 0.0116, 0.0067333333333333325), (384.4776, 1.923, 0.024933333333333335), (278.22166666666675, 0.49906666666666666, 0.15853333333333333), (301.98920000000004, 0.6321333333333333, 0.005666666666666668), (637.534, 0.09033333333333332, 0.3533333333333333), (100.6632, 0.004666666666666667, 6.666666666666668e-05), (176.16013333333333, 1.632466666666667, 0.017733333333333334), (99.0902, 0.043, 0.015133333333333334), (298.49406666666664, 0.0016666666666666668, 0.005466666666666667), (350.92293333333333, 0.0, 0.0), (93.3228, 0.018333333333333333, 0.014133333333333333), (32.15606666666666, 0.22213333333333332, 0.0012666666666666666)]","[(2, 0.0, 0.0), (2, 0.0, 0.002416666666666667), (2, 0.0, 0.0), (3, 5e-05, 0.15916666666666668), (3, 0.0, 0.024077777777777778), (1, 0.0, 0.005011111111111111), (3, 0.04115, 0.5988777777777777), (1, 0.0, 0.00025), (3, 0.0, 0.015172222222222219), (2, 0.0, 0.001238888888888889), (3, 0.0, 0.0001388888888888889), (1, 0.0, 0.05496666666666667), (3, 0.0008666666666666667, 0.016138888888888887), (3, 0.007016666666666667, 0.010272222222222223), (1, 0.0, 0.0557), (1, 0.0, 0.05301111111111111)]","[70, 92, 84, 57, 79, 91, 74, 86, 82, 88, 93, 87, 90, 77, 89, 81]","[3, 6, 10, 8, 2, 12, 14, 0, 15, 11, 7, 11, 9, 15, 5, 2]","[True, True, True, True, True, True, True, True, True, True, True, True, True, True, True, True]"
67,16,"[3425.7016103138403, 2266.7025766922616, 3021.6958648479776, 0, 2366.2077328156797, 2530.7555535185593, 3262.0959778524575, 1309.0825188494155, 1278.7950359504955, 495.47048770282555, 1875.0732823255908, 599.3113997345512, 1896.4898516652977, 1435.9741951596309, 0, 1917.0664102590001]","[4029.0, 4029.0, 4029.0, 1714.8443001327244, 2239.0706612783397, 4029.0, 4029.0, 4029.0, 1935.9104203954323, 4029.0, 4029.0, 2314.1556998672754, 4029.0, 2093.089579604568, 4029.0, 1789.92933872166]","[(0.0, 0.0, 0.0), (150.9948, 0.009333333333333334, 0.010933333333333335), (0.0, 0.0, 0.0), (1400.8971999999999, 0.20986666666666667, 0.7470666666666668), (402.6528, 0.011733333333333332, 0.0074666666666666675), (419.43, 3.8347333333333333, 0.0464), (392.8656, 0.7547333333333333, 0.24346666666666666), (333.44653333333326, 0.6355333333333333, 0.0052), (700.4484666666667, 0.08206666666666666, 0.43860000000000005), (0.0, 0.004666666666666667, 6.666666666666668e-05), (214.6078, 3.082733333333333, 0.04673333333333334), (0.0, 0.004733333333333333, 0.00013333333333333334), (294.3, 0.001066666666666667, 0.005466666666666667), (423.62406666666664, 0.0, 0.0), (93.8472, 0.0318, 0.0146), (58.719800000000006, 0.34153333333333336, 0.0017333333333333335)]","[(2, 0.0, 0.0), (2, 0.0, 0.0026888888888888887), (2, 0.0, 0.0), (3, 5e-05, 0.10956111111111111), (3, 1.666666666666667e-05, 0.02868888888888889), (1, 0.00031666666666666665, 0.004988888888888889), (3, 0.00026666666666666673, 1.4022944444444445), (1, 0.0, 0.0002111111111111111), (3, 0.0, 0.019766666666666665), (2, 0.0, 0.0012722222222222221), (3, 0.0, 0.00015555555555555556), (3, 0.0, 0.0014222222222222223), (3, 0.0002, 0.014294444444444445), (3, 0.06570000000000001, 0.009933333333333334), (1, 0.00011666666666666667, 0.053427777777777775), (1, 0.00016666666666666666, 0.06364444444444443)]","[70, 92, 84, 57, 79, 91, 74, 86, 82, 88, 93, 94, 90, 77, 89, 81]","[3, 6, 10, 8, 2, 12, 14, 0, 15, 11, 7, 8, 9, 15, 5, 2]","[True, True, True, True, True, True, True, True, True, True, True, True, True, True, True, True]"
68,15,"[3442.3960626058183, 2248.9012475559352, 2894.8180274289466, 1154.1194728238213, 2826.303680863173, 1379.6029687996834, 3983.2963168658976, 1207.75186362467, 1539.228489747202, 0, 1510.1460454172877, 620.0796165570354, 2227.0400194731583, 1421.1397509947585, 0, 2037.56772747528]","[4029.0, 4029.0, 4029.0, 4029.0, 2408.8679766939467, 4029.0, 4029.0, 4029.0, 2073.5443693762218, 4029.0, 4029.0, 4029.0, 4029.0, 1955.4556306237782, 0, 1620.1320233060535]","[(0.0, 0.0, 0.0), (150.9948, 0.009266666666666668, 0.0106), (0.0, 0.0, 0.0), (176.16013333333333, 1.632466666666667, 0.017733333333333334), (363.506, 0.0166, 0.009666666666666665), (442.49846666666673, 3.044, 0.055333333333333345), (432.01279999999997, 0.8446, 0.2776), (333.44653333333326, 0.7292666666666667, 0.004666666666666667), (830.4715333333334, 0.09873333333333333, 0.6516666666666666), (0.0, 0.0046, 6.666666666666668e-05), (434.80906666666664, 2.7484, 0.018466666666666666), (0.0, 0.004666666666666667, 6.666666666666668e-05), (234.18133333333338, 0.0016666666666666668, 0.0016), (528.4818, 0.0, 0.0), 0, (29.3598, 0.5571333333333334, 0.0044)]","[(2, 0.0, 0.0), (2, 0.0, 0.0023555555555555556), (2, 0.0, 0.0), (3, 0.0, 0.0001388888888888889), (3, 0.0, 0.017905555555555557), (1, 0.0, 0.004972222222222222), (3, 0.0, 1.846088888888889), (1, 0.0, 0.00021666666666666668), (3, 0.0, 0.02181111111111111), (2, 0.0, 0.0012166666666666667), (3, 0.0, 0.00023888888888888888), (3, 0.0, 0.001661111111111111), (3, 0.0006666666666666666, 0.02163888888888889), (3, 0.012783333333333334, 0.009422222222222222), 0, (1, 0.00015, 0.1132611111111111)]","[70, 92, 84, 95, 79, 91, 74, 86, 82, 88, 93, 94, 90, 77, -1, 81]","[3, 6, 10, 1, 2, 12, 14, 0, 15, 11, 7, 8, 9, 15, -1, 2]","[True, True, True, True, True, True, True, True, True, True, True, True, True, True, False, True]"
69,16,"[3475.784967189774, 2254.8350239347114, 3151.912592725404, 1875.0732823255908, 2823.565014505748, 1530.9142621519063, 3906.5018363228, 0, 4253.746412012876, 922.7020845904912, 1501.2453811024511, 578.5431829120669, 1766.2731188925045, 1504.2126383180432, 1235.3895160495777, 1878.7250820538202]","[4029.0, 2680.56646967211, 4029.0, 4029.0, 2486.919966225964, 4029.0, 4029.0, 4029.0, 3389.2668868474166, 1348.43353032789, 4029.0, 4029.0, 4029.0, 639.7331131525837, 4029.0, 1542.080033774036]","[(0.0, 0.0, 0.0), (184.5492, 0.009333333333333334, 0.0108), (0.0, 0.0, 0.0), (214.6078, 3.082733333333333, 0.04673333333333334), (422.2262, 0.03953333333333333, 0.018666666666666668), (440.4012, 3.206266666666667, 0.1867333333333333), (339.7382, 0.8196, 0.2693333333333333), (415.23546666666675, 0.7115333333333334, 0.006666666666666668), (1069.547, 0.1412, 0.6463333333333334), (97.867, 0.5311333333333333, 0.4374666666666666), (348.1266, 1.8001333333333334, 0.6946), (0.0, 0.004533333333333333, 0.0), (242.57, 0.0003333333333333333, 0.0004), (429.21633333333324, 0.0, 0.0), (267.736, 0.28726666666666667, 0.0504), (50.3314, 0.34666666666666673, 0.0016666666666666668)]","[(2, 0.0, 0.0), (2, 0.0, 0.002338888888888889), (2, 0.0, 0.0), (3, 0.0, 0.00015555555555555556), (3, 0.0, 0.019144444444444443), (1, 1.666666666666667e-05, 0.0052), (3, 3.3333333333333335e-05, 1.7759777777777779), (1, 0.0, 0.0005666666666666666), (3, 0.0, 0.17137222222222223), (1, 0.0, 0.0014666666666666662), (3, 0.0, 0.00039999999999999996), (3, 0.0, 0.0012944444444444446), (3, 6.666666666666667e-05, 0.009744444444444444), (3, 0.381, 0.012), (1, 0.0, 0.0011611111111111112), (1, 0.002466666666666667, 0.06152777777777777)]","[70, 92, 84, 95, 79, 91, 74, 86, 82, 96, 93, 94, 90, 77, 97, 81]","[3, 6, 10, 1, 2, 12, 14, 0, 15, 6, 7, 8, 9, 15, 5, 2]","[True, True, True, True, True, True, True, True, True, True, True, True, True, True, True, True]"
70,16,"[3732.8795324862313, 2248.9012475559352, 2938.223603388089, 1510.1460454172877, 2689.3703629918955, 1483.4440524727775, 4300.490910413475, 1364.7688631682443, 2681.129017932762, 925.6689723222934, 976.1061865270877, 0, 1993.317678598913, 0, 1235.3895160495777, 1700.71177252977]","[4029.0, 2676.116137616821, 4029.0, 2087.1885911245217, 2508.8292952310626, 4029.0, 4029.0, 1941.8114088754783, 3355.0645089663813, 1352.883862383179, 4029.0, 4029.0, 4029.0, 673.935491033619, 4029.0, 1520.1707047689372]","[(0.0, 0.0, 0.0), (218.1036, 0.009266666666666668, 0.010533333333333334), (0.0, 0.0, 0.0), (434.80906666666664, 2.7484, 0.018466666666666666), (433.411, 0.0188, 0.012333333333333335), (478.84913333333344, 2.3301999999999996, 0.8102), (322.9608666666666, 0.8597333333333332, 0.2828), (402.65259999999995, 0.0, 0.0), (2168.4547333333335, 0.09346666666666668, 0.3538666666666667), (114.6442, 0.5428, 0.4749333333333333), (230.686, 0.866, 0.3906666666666667), (0.0, 0.004733333333333333, 0.0), (231.3854, 0.0005333333333333334, 0.0008), (637.5336666666665, 0.0, 0.0), (279.6198, 0.2951333333333333, 0.05206666666666667), (54.525800000000004, 0.2951333333333333, 0.0012666666666666666)]","[(2, 0.0, 0.0), (2, 0.0, 0.0022555555555555554), (2, 0.0, 0.0), (3, 0.0, 0.00023888888888888888), (3, 0.0, 0.02216111111111111), (1, 0.0, 0.004461111111111111), (3, 0.00455, 1.9583666666666668), (3, 0.1085, 0.004066666666666666), (3, 0.0, 0.1801333333333333), (1, 0.0, 0.001527777777777778), (3, 1.666666666666667e-05, 0.0003444444444444445), (3, 0.0, 0.0012333333333333335), (3, 6.666666666666667e-05, 0.011649999999999999), (3, 0.0831, 0.0046944444444444455), (1, 0.0, 0.0009000000000000001), (1, 0.0001, 0.058061111111111105)]","[70, 92, 84, 95, 79, 91, 74, 98, 82, 96, 93, 94, 90, 77, 97, 81]","[3, 6, 10, 1, 2, 12, 14, 1, 15, 6, 7, 8, 9, 15, 5, 2]","[True, True, True, True, True, True, True, True, True, True, True, True, True, True, True, True]"
71,15,"[3782.9628893621643, 2201.431036525731, 2958.2569461384624, 1501.2453811024511, 2579.823708694874, 949.4041935825778, 4420.690966915716, 1691.1266347954333, 0, 928.6358600540952, 1465.6427238431045, 628.9803113908888, 1889.8120704974624, 0, 1128.5450173642087, 1752.7464322368]","[4029.0, 2291.415300535493, 4029.0, 1919.559373153509, 2428.038638229037, 4029.0, 4029.0, 2109.440626846491, 4029.0, 1018.6201240638569, 4029.0, 718.9645754006505, 4029.0, 0, 4029.0, 1600.9613617709633]","[(0.0, 0.0, 0.0), (268.4352, 0.009333333333333334, 0.0108), (0.0, 0.0, 0.0), (348.1266, 1.8001333333333334, 0.6946), (369.0984, 0.017666666666666667, 0.010733333333333333), (333.44686666666666, 0.9099333333333333, 0.8626), (436.2071333333334, 0.5388, 0.25873333333333337), (339.738, 0.0, 0.0), (1308.6224666666665, 0.08373333333333334, 0.33853333333333335), (109.0518, 0.5416666666666666, 0.5044666666666666), (331.3495333333333, 4.365933333333333, 0.022533333333333336), (320.1647333333333, 0.0011333333333333332, 0.0015333333333333334), (253.7549333333333, 0.0006666666666666666, 0.0008), 0, (271.93059999999997, 0.26839999999999997, 0.0528), (37.7482, 0.27673333333333333, 0.0014)]","[(2, 0.0, 0.0), (2, 0.0, 0.0022944444444444444), (2, 0.0, 0.0), (3, 0.0, 0.00039999999999999996), (3, 0.0, 0.018283333333333335), (1, 0.0, 0.004088888888888889), (3, 0.009816666666666666, 1.9489666666666665), (3, 0.2122, 0.00935), (3, 0.0, 0.016483333333333336), (1, 0.0, 0.0017222222222222224), (3, 0.0, 0.00019444444444444446), (2, 0.0037166666666666667, 0.0028777777777777777), (3, 0.00018333333333333334, 0.015666666666666666), 0, (1, 0.0, 0.00115), (1, 0.0, 0.057172222222222215)]","[70, 92, 84, 95, 79, 91, 74, 98, 82, 96, 93, 99, 90, -1, 97, 81]","[3, 6, 10, 1, 2, 12, 14, 1, 15, 6, 7, 6, 9, -1, 5, 2]","[True, True, True, True, True, True, True, True, True, True, True, True, True, False, True, True]"
72,15,"[3388.973815271489, 2248.9012475559352, 3018.356974389583, 976.1061865270877, 2440.1517244661704, 0, 3412.3460484802577, 1254.9939763481898, 3464.41286996805, 931.6027477858978, 0, 634.9140879134446, 2103.5010678682, 0, 1135.2227985320444, 1670.5864432257001]","[4029.0, 2320.095219804176, 4029.0, 1875.056105089449, 2399.2826406202353, 4029.0, 4029.0, 2153.943894910551, 4029.0, 1002.7967200341385, 4029.0, 706.1080601616853, 4029.0, 0, 4029.0, 1629.717359379765]","[(0.0, 0.0, 0.0), (33.5544, 0.009266666666666668, 0.010666666666666666), (0.0, 0.0, 0.0), (230.686, 0.866, 0.3906666666666667), (346.7288, 0.020133333333333333, 0.010266666666666667), (199.92773333333332, 0.9031333333333333, 0.010666666666666666), (391.46766666666673, 0.6240666666666668, 0.2032), (343.93240000000003, 0.0, 0.0), (168.47066666666663, 0.27493333333333336, 0.023333333333333327), (109.0518, 0.5368666666666667, 0.4758666666666667), (478.1502, 3.8014, 0.020733333333333333), (300.59133333333324, 0.0011333333333333332, 0.0015333333333333334), (244.66713333333328, 0.0014666666666666665, 0.0012), 0, (277.5227333333333, 0.25306666666666666, 0.0498), (30.75786666666666, 0.2919333333333333, 0.001066666666666667)]","[(2, 0.0, 0.0), (2, 0.0, 0.0023555555555555556), (2, 0.0, 0.0), (3, 1.666666666666667e-05, 0.0003444444444444445), (3, 0.0, 0.02930555555555556), (1, 0.0, 0.005077777777777777), (3, 0.0, 1.7597444444444446), (3, 0.020033333333333334, 0.0038777777777777777), (3, 0.2927833333333333, 0.026605555555555556), (1, 0.0, 0.0017166666666666667), (3, 0.0428, 0.01527777777777778), (2, 0.0004, 0.0023666666666666667), (3, 0.00015, 0.019816666666666666), 0, (1, 0.0, 0.001172222222222222), (1, 3.3333333333333335e-05, 0.057200000000000015)]","[70, 92, 84, 95, 79, 91, 74, 98, 100, 96, 93, 99, 90, -1, 97, 81]","[3, 6, 10, 1, 2, 12, 14, 1, 11, 6, 7, 6, 9, -1, 5, 2]","[True, True, True, True, True, True, True, True, True, True, True, True, True, False, True, True]"
73,16,"[3395.6515961882797, 5046.6768101486105, 3148.573702267009, 1465.6427238431045, 2141.6370915067846, 1235.3895160495777, 3545.9016668160803, 1266.8615316800874, 4442.116739200141, 925.6689723222934, 881.4670876440003, 0, 2073.45105261294, 517.5280212281833, 1208.6783913782356, 1722.6211029327299]","[4029.0, 4398.894882658309, 4029.0, 2113.890596081508, 2224.0079942870275, 4029.0, 4029.0, 1915.1094039184914, 4029.0, 277.88704483199206, 4029.0, -647.7819274903013, 4029.0, 4029.0, 4029.0, 1804.9920057129727]","[(0.0, 0.0, 0.0), (369.0984, 0.018533333333333336, 0.025066666666666668), (0.0, 0.0, 0.0), (331.3495333333333, 4.365933333333333, 0.022533333333333336), (570.4248, 0.0178, 0.010199999999999999), (267.736, 0.28726666666666667, 0.0504), (271.23113333333333, 0.6398666666666667, 0.20813333333333334), (306.18359999999996, 0.0, 0.0), (313.1741333333334, 0.2986666666666667, 0.020266666666666665), (95.0708, 0.5381333333333334, 0.44586666666666674), (95.9442, 0.019933333333333334, 0.0208), (288.00833333333327, 0.0011333333333333332, 0.0014), (254.4540666666667, 0.0026, 0.0088), (58.7202, 0.004733333333333333, 0.00013333333333333334), (304.0866, 0.2961333333333333, 0.05726666666666666), (50.3314, 0.2760666666666667, 0.0014)]","[(2, 0.0, 0.0), (2, 0.0, 0.0054888888888888895), (2, 0.0, 0.0), (3, 0.0, 0.00019444444444444446), (3, 1.666666666666667e-05, 0.026933333333333333), (1, 0.0, 0.0011611111111111112), (3, 0.0, 1.805188888888889), (3, 0.008033333333333333, 0.003372222222222222), (3, 0.10841666666666666, 0.0281), (1, 0.0, 0.0017277777777777773), (1, 0.0012, 0.05558333333333333), (2, 0.00026666666666666673, 0.002455555555555556), (3, 0.00011666666666666667, 0.017588888888888887), (2, 0.0, 0.0010944444444444443), (1, 0.0, 0.0010444444444444444), (1, 1.666666666666667e-05, 0.05597222222222223)]","[70, 92, 84, 95, 79, 101, 74, 98, 100, 96, 102, 99, 90, 103, 97, 81]","[3, 6, 10, 1, 2, 4, 14, 1, 11, 6, 7, 6, 9, 15, 5, 2]","[True, True, True, True, True, True, True, True, True, True, True, True, True, True, True, True]"
74,16,"[3432.379391230631, 6361.008278047395, 3425.7016103138403, 1851.3381774860268, 2160.807756008763, 1235.3895160495777, 0, 1204.5568661876246, 3143.9889128247596, 0, 754.589249271, 2006.6731654957287, 2293.817831151513, 510.85024030910995, 1225.3728442978247, 0]","[4029.0, 5195.0041390236975, 4029.0, 2337.890655649201, 3094.9038780043816, 1628.8581752769246, 4029.0, 1691.109344350799, 4029.0, -1166.0041390236975, 4029.0, 2400.141824723076, 4029.0, 4029.0, 4029.0, 934.0961219956184]","[(0.0, 0.0, 0.0), (1157.6274666666666, 0.016533333333333334, 0.022133333333333328), (0.0, 0.0, 0.0), (478.1502, 3.8014, 0.020733333333333333), (469.7616, 0.014733333333333333, 0.0096), (279.6198, 0.2951333333333333, 0.05206666666666667), (255.85193333333328, 0.6706666666666666, 0.21606666666666663), (322.961, 0.0, 0.0), (205.5204, 0.03793333333333333, 0.025266666666666666), (92.2746, 0.5394, 0.44333333333333325), (96.9928, 0.020133333333333333, 0.014066666666666665), (306.18366666666674, 0.5942000000000001, 0.19193333333333337), (268.435, 0.0018666666666666666, 0.0016), (50.3316, 0.004666666666666667, 0.00013333333333333334), (292.20259999999996, 0.28073333333333333, 0.056799999999999996), (54.525800000000004, 0.298, 0.001)]","[(2, 0.0, 0.0), (2, 0.0, 0.005333333333333333), (2, 0.0, 0.0), (3, 0.0428, 0.01527777777777778), (3, 0.0, 0.018616666666666667), (1, 0.0, 0.0009000000000000001), (3, 0.0, 1.6603722222222224), (3, 0.007916666666666667, 0.003444444444444445), (3, 0.00125, 0.027633333333333336), (1, 0.0, 0.0022722222222222224), (1, 0.0, 0.054338888888888895), (3, 0.011550000000000001, 0.43049444444444446), (3, 0.00013333333333333334, 0.023688888888888888), (2, 0.0, 0.0010555555555555557), (1, 0.0, 0.001027777777777778), (1, 1.666666666666667e-05, 0.05641111111111111)]","[70, 92, 84, 95, 79, 101, 74, 98, 100, 96, 102, 104, 90, 103, 97, 81]","[3, 6, 10, 1, 2, 4, 14, 1, 11, 6, 7, 4, 9, 15, 5, 2]","[True, True, True, True, True, True, True, True, True, True, True, True, True, True, True, True]"
75,15,"[3385.6349248130928, 2438.7820916767528, 3442.3960626058183, 1646.6228982447833, 2089.602430715699, 1128.5450173642087, 1108.5118598755066, 1252.0270875152155, 3601.346184986549, 0, 754.589249271, 1352.2506356501997, 2203.667785385733, 0, 1228.7117348817424, 590.9835929581135]","[4029.0, 4029.0, 4029.0, 1826.4117053387458, 4029.0, 1902.6471908570045, 1466.9220372448867, 1431.815894609178, 4029.0, 0, 4029.0, 2126.3528091429953, 2562.0779627551133, 4029.0, 4029.0, 770.772400052076]","[(0.0, 0.0, 0.0), (167.772, 0.009333333333333334, 0.0104), (0.0, 0.0, 0.0), (450.887, 3.747866666666667, 0.0224), (480.94640000000004, 0.018066666666666665, 0.010266666666666667), (271.93059999999997, 0.26839999999999997, 0.0528), (67.1088, 0.0, 0.001), (301.98940000000005, 0.0, 0.0), (130.0228, 0.042466666666666666, 0.027733333333333336), 0, (90.177, 0.02, 0.014), (281.018, 0.42160000000000003, 0.13533333333333333), (269.134, 0.0016666666666666668, 0.0014666666666666665), (47.5354, 0.004533333333333333, 0.00013333333333333334), (276.8236, 0.27726666666666666, 0.054666666666666655), (265.6387333333333, 0.05313333333333333, 0.031266666666666665)]","[(2, 0.0, 0.0), (2, 0.0, 0.002172222222222222), (2, 0.0, 0.0), (3, 1.666666666666667e-05, 0.0003444444444444445), (3, 0.0, 0.022266666666666667), (1, 0.0, 0.00115), (3, 0.0, 0.0), (3, 0.00785, 0.003533333333333333), (3, 0.0008, 0.02777777777777778), 0, (1, 3.3333333333333335e-05, 0.05506666666666666), (3, 1.666666666666667e-05, 0.2272388888888889), (3, 0.00031666666666666665, 0.026144444444444446), (2, 0.0, 0.0011222222222222222), (1, 0.0, 0.0013833333333333334), (3, 0.0, 0.006316666666666667)]","[70, 92, 84, 95, 79, 101, 105, 98, 100, -1, 102, 104, 90, 103, 97, 107]","[3, 6, 10, 1, 2, 4, 9, 1, 11, -1, 7, 4, 9, 15, 5, 1]","[True, True, True, True, True, True, True, True, True, False, True, True, True, True, True, True]"
76,16,"[0, 2554.490731062876, 3475.784967189774, 922.7022006380679, 2097.8184297879757, 1135.2227985320444, 1115.189642163913, 1225.3250880184453, 3261.75156374067, 2006.6731654957287, 741.2336873370001, 1409.0117734429248, 2664.4346859663865, 628.9803113908888, 1318.8617806475224, 580.9669218910268]","[4029.0, 2977.255209835994, 4029.0, 1356.037463788888, 4029.0, 1877.6055125445598, 1239.8774780987633, 1658.6603511692654, 4029.0, 4029.0, 4029.0, 2151.39448745544, 2789.1225219012367, 1051.7447901640064, 4029.0, 1014.3021850418469]","[(0.0, 0.0, 0.0), (536.8704, 0.009266666666666668, 0.0106), (0.0, 0.0, 0.0), (434.1098, 1.2283333333333333, 0.020466666666666664), (436.2072, 0.015666666666666666, 0.009333333333333334), (277.5227333333333, 0.25306666666666666, 0.0498), (47.5354, 0.0, 0.001), (328.5532, 0.0, 0.0), (110.44946666666667, 0.04046666666666667, 0.026666666666666672), (306.18366666666674, 0.5942000000000001, 0.19193333333333337), (93.3228, 0.018333333333333333, 0.014133333333333333), (255.852, 0.49213333333333326, 0.15953333333333333), (369.09826666666675, 0.0032, 0.0020666666666666667), (320.1647333333333, 0.0011333333333333332, 0.0015333333333333334), (332.04866666666675, 0.30326666666666663, 0.05866666666666666), (272.62933333333325, 0.053200000000000004, 0.03573333333333333)]","[(2, 0.0, 0.0), (2, 0.0, 0.0023777777777777777), (2, 0.0, 0.0), (3, 0.0, 0.0004555555555555556), (3, 0.0, 0.017888888888888885), (1, 0.0, 0.001172222222222222), (3, 0.0, 0.0), (3, 0.007816666666666666, 0.003527777777777778), (3, 0.00011666666666666667, 0.02971666666666666), (3, 0.011550000000000001, 0.43049444444444446), (1, 0.0, 0.0557), (3, 8.333333333333333e-05, 0.28617777777777775), (3, 0.2675166666666666, 0.1220111111111111), (2, 0.0037166666666666667, 0.0028777777777777777), (1, 0.0, 0.0009222222222222221), (3, 0.0, 0.0011611111111111112)]","[70, 92, 84, 95, 79, 101, 105, 98, 100, 106, 102, 104, 90, 108, 97, 107]","[3, 6, 10, 1, 2, 4, 9, 1, 11, 14, 7, 4, 9, 6, 5, 1]","[True, True, True, True, True, True, True, True, True, True, True, True, True, True, True, True]"
77,16,"[1364.7688631682443, 2450.6496444343047, 3732.8795324862313, 1074.0134939902914, 2199.149085012721, 1208.6783913782356, 1115.189642163913, 1254.9939763481898, 3502.7541981732297, 1352.2506356501997, 0, 1816.3564093671823, 0, 634.9140879134446, 0, 557.5946894011578]","[4029.0, 2922.36777826043, 4029.0, 1454.8127740770785, 4029.0, 1710.6609910055267, 2572.0948210819565, 1635.793256434977, 4029.0, 4029.0, 4029.0, 2318.3390089944733, 1456.9051789180435, 1106.63222173957, 4029.0, 938.3939694879448]","[(402.65259999999995, 0.0, 0.0), (738.197, 0.009333333333333334, 0.0108), (0.0, 0.0, 0.0), (243.2694, 1.3356666666666668, 0.18259999999999998), (394.2642, 0.017533333333333335, 0.009266666666666668), (304.0866, 0.2961333333333333, 0.05726666666666666), (72.7012, 0.0, 0.001), (282.41606666666667, 0.0, 0.0), (119.5372, 0.03373333333333334, 0.02686666666666667), (281.018, 0.42160000000000003, 0.13533333333333333), (93.8472, 0.0318, 0.0146), (226.49179999999998, 0.6, 0.19540000000000002), (364.904, 0.0027333333333333333, 0.0014666666666666665), (300.59133333333324, 0.0011333333333333332, 0.0015333333333333334), (318.06759999999997, 0.2734, 0.057466666666666666), (160.78126666666668, 0.05293333333333333, 0.031466666666666664)]","[(3, 0.1085, 0.004066666666666666), (2, 0.0, 0.0023666666666666667), (2, 0.0, 0.0), (3, 0.0, 0.0004166666666666667), (3, 1.666666666666667e-05, 0.0203), (1, 0.0, 0.0010444444444444444), (3, 0.0, 0.0), (3, 0.00675, 0.003411111111111111), (3, 0.0013666666666666669, 0.04000555555555556), (3, 1.666666666666667e-05, 0.2272388888888889), (1, 0.00011666666666666667, 0.053427777777777775), (3, 0.00016666666666666666, 0.37338333333333334), (3, 0.0012833333333333332, 0.025400000000000002), (2, 0.0004, 0.0023666666666666667), (1, 0.0, 0.0007888888888888889), (3, 0.0, 0.0011222222222222222)]","[109, 92, 84, 95, 79, 101, 105, 98, 100, 106, 102, 104, 90, 108, 97, 107]","[3, 6, 10, 1, 2, 4, 9, 1, 11, 14, 7, 4, 9, 6, 5, 1]","[True, True, True, True, True, True, True, True, True, True, True, True, True, True, True, True]"
78,15,"[1691.1266347954333, 2453.616532623692, 0, 940.5035292677412, 2070.43176621372, 1225.3728442978247, 1105.1729687313032, 1320.2655306736276, 2935.85027399664, 1409.0117734429248, 517.5280212281833, 2230.3788262082307, 0, 557.7749931202221, 1108.5118598755066, 574.2891411796356]","[4029.0, 2962.420769751735, 4029.0, 1338.4841288940731, 4029.0, 1511.997009044797, 2012.8305544278983, 1718.2461302999595, 4029.0, 4029.0, 4029.0, 2517.002990955203, 0, 1066.579230248265, 2016.1694455721017, 972.2697408059676]","[(339.738, 0.0, 0.0), (352.32120000000003, 0.0094, 0.010866666666666667), (0.0, 0.0, 0.0), (178.2574, 0.7554, 0.0208), (430.6148, 0.0166, 0.009), (292.20259999999996, 0.28073333333333333, 0.056799999999999996), (33.5544, 0.0, 0.001), (459.97486666666657, 0.0, 0.0), (105.55626666666666, 0.03646666666666667, 0.024466666666666664), (255.852, 0.49213333333333326, 0.15953333333333333), (58.7202, 0.004733333333333333, 0.00013333333333333334), (209.7148, 0.7276, 0.23566666666666664), 0, (288.00833333333327, 0.0011333333333333332, 0.0014), (67.1088, 0.0, 0.001), (143.3049333333333, 0.05273333333333334, 0.030533333333333336)]","[(3, 0.2122, 0.00935), (2, 0.0, 0.002344444444444444), (2, 0.0, 0.0), (3, 0.0, 0.0004444444444444444), (3, 0.0, 0.028855555555555554), (1, 0.0, 0.001027777777777778), (3, 0.0, 0.0), (3, 0.0192, 0.013244444444444444), (3, 0.0, 0.024422222222222224), (3, 8.333333333333333e-05, 0.28617777777777775), (2, 0.0, 0.0010944444444444443), (3, 0.00021666666666666668, 0.5190777777777777), 0, (2, 0.00026666666666666673, 0.002455555555555556), (3, 0.0, 0.0), (3, 0.0, 0.0011333333333333332)]","[109, 92, 84, 95, 79, 101, 105, 98, 100, 106, 110, 104, -1, 108, 112, 107]","[3, 6, 10, 1, 2, 4, 9, 1, 11, 14, 7, 4, -1, 6, 9, 1]","[True, True, True, True, True, True, True, True, True, True, True, True, False, True, True, True]"
79,16,"[1254.9939763481898, 2495.1529672751212, 3464.41286996805, 1468.6096119480499, 0, 1228.7117348817424, 1111.8507510197098, 1269.8284205130622, 2837.2582871833197, 1816.3564093671823, 510.85024030910995, 1318.8617310662446, 652.7155422502, 590.4107639942779, 1115.189642163913, 577.6280315353312]","[4029.0, 4029.0, 4029.0, 1706.254257282569, 4029.0, 1969.425001907749, 2012.8305544278985, 1507.4730658475812, 4029.0, 2596.3204335584915, 4029.0, 2059.574998092251, 1432.679566441509, 4029.0, 2016.1694455721017, 815.2726768698501]","[(343.93240000000003, 0.0, 0.0), (218.1036, 0.009333333333333334, 0.010666666666666666), (168.47066666666663, 0.27493333333333336, 0.023333333333333327), (344.63140000000004, 3.1724, 0.019733333333333335), (427.8186, 0.017266666666666666, 0.009800000000000001), (276.8236, 0.27726666666666666, 0.054666666666666655), (39.146800000000006, 0.0, 0.001), (363.5057333333333, 0.0, 0.0), (111.8476, 0.035666666666666666, 0.024), (226.49179999999998, 0.6, 0.19540000000000002), (50.3316, 0.004666666666666667, 0.00013333333333333334), (255.852, 0.40273333333333333, 0.13053333333333333), (433.41086666666666, 0.0023333333333333335, 0.0030666666666666668), (311.7758666666666, 0.0011333333333333332, 0.0015333333333333334), (47.5354, 0.0, 0.001), (167.77166666666662, 0.052866666666666666, 0.030466666666666666)]","[(3, 0.020033333333333334, 0.0038777777777777777), (2, 0.0, 0.002655555555555556), (3, 0.2927833333333333, 0.026605555555555556), (3, 0.0, 0.0002722222222222222), (3, 0.0, 0.027311111111111112), (1, 0.0, 0.0013833333333333334), (3, 0.0, 0.0), (3, 0.10526666666666666, 0.011727777777777776), (3, 0.0, 0.028383333333333337), (3, 0.00016666666666666666, 0.37338333333333334), (2, 0.0, 0.0010555555555555557), (3, 5e-05, 0.20164999999999994), (1, 0.011300000000000001, 0.0010833333333333333), (2, 0.0, 0.002388888888888889), (3, 0.0, 0.0), (3, 1.666666666666667e-05, 0.0011833333333333333)]","[109, 92, 111, 95, 79, 101, 105, 98, 100, 106, 110, 104, 113, 108, 112, 107]","[3, 6, 12, 1, 2, 4, 9, 1, 11, 14, 7, 4, 14, 15, 9, 1]","[True, True, True, True, True, True, True, True, True, True, True, True, True, True, True, True]"
80,16,"[1266.8615316800874, 2423.947650729814, 4442.116739200141, 0, 1115.1894634134223, 1318.8617806475224, 1252.08417907625, 1240.1595321833177, 2777.0076285751793, 2230.3788262082307, 510.85024030910995, 1425.7062257349019, 634.9142092797401, 534.03988703, 1115.189642163913, 564.2724701125491]","[4029.0, 4029.0, 4029.0, 741.5226659013778, 4029.0, 1961.0777774563103, 2082.947268456169, 1981.6821980846953, 4029.0, 2812.2323084642453, 4029.0, 2067.9222225436897, 1216.7676915357547, 4029.0, 1946.0527315438317, 1305.7951360139268]","[(306.18359999999996, 0.0, 0.0), (134.2176, 0.009266666666666668, 0.010666666666666666), (313.1741333333334, 0.2986666666666667, 0.020266666666666665), (369.0984, 0.713, 0.022), (499.1218, 0.0016666666666666668, 0.0011333333333333332), (332.04866666666675, 0.30326666666666663, 0.05866666666666666), (173.3644, 6.666666666666668e-05, 0.0016), (380.283, 0.0, 0.0), (115.3428, 0.03426666666666667, 0.023266666666666665), (209.7148, 0.7276, 0.23566666666666664), (47.5354, 0.004533333333333333, 0.00013333333333333334), (213.9092, 0.46873333333333334, 0.15180000000000002), (398.45840000000004, 0.0016666666666666668, 0.0003333333333333333), (325.75713333333334, 0.0011333333333333332, 0.0014666666666666665), (72.7012, 0.0, 0.001), (150.2954, 0.0526, 0.03033333333333333)]","[(3, 0.008033333333333333, 0.003372222222222222), (2, 0.0, 0.0023833333333333337), (3, 0.10841666666666666, 0.0281), (3, 0.0, 0.0003888888888888889), (2, 0.0, 0.0010999999999999998), (1, 0.0, 0.0009222222222222221), (3, 0.03166666666666667, 0.0017722222222222221), (3, 0.006966666666666668, 0.010794444444444445), (3, 0.0, 0.027411111111111112), (3, 0.00021666666666666668, 0.5190777777777777), (2, 0.0, 0.0011222222222222222), (3, 3.3333333333333335e-05, 0.2765777777777778), (1, 0.015133333333333334, 0.0009777777777777777), (2, 0.0006666666666666666, 0.0023944444444444447), (3, 0.0, 0.0), (3, 0.0, 0.0011055555555555556)]","[109, 92, 111, 95, 114, 101, 105, 98, 100, 106, 110, 104, 113, 108, 112, 107]","[3, 6, 12, 1, 2, 4, 9, 1, 11, 14, 7, 4, 14, 15, 9, 1]","[True, True, True, True, True, True, True, True, True, True, True, True, True, True, True, True]"
81,16,"[1204.5568661876246, 2423.947650729814, 3143.9889128247596, 1115.1894634134223, 1175.2894943758222, 1228.7117348817424, 1105.1729687313032, 1243.126421016292, 3089.2155868173595, 1318.8617310662446, 0, 2036.723179621289, 655.6824310786097, 522.1723339848888, 1105.1729687313032, 554.2557990454623]","[4029.0, 4029.0, 4029.0, 1487.3322355883636, 4029.0, 1610.4942776302266, 2014.5, 1615.2691931912332, 4029.0, 2346.089649993817, 4029.0, 2418.505722369773, 1682.9103500061824, 4029.0, 2014.5, 926.3985712204035]","[(322.961, 0.0, 0.0), (33.5544, 0.009333333333333334, 0.010466666666666668), (205.5204, 0.03793333333333333, 0.025266666666666666), (499.1218, 0.0016666666666666668, 0.0011333333333333332), (553.6476, 0.0017333333333333335, 0.0015333333333333334), (318.06759999999997, 0.2734, 0.057466666666666666), (156.58720000000002, 6.666666666666668e-05, 0.001066666666666667), (353.719, 0.0, 0.0), (111.1486, 0.03153333333333334, 0.0434), (255.852, 0.40273333333333333, 0.13053333333333333), (55.924, 0.004733333333333333, 6.666666666666668e-05), (212.51093333333333, 0.6914, 0.224), (349.5247333333333, 0.0023333333333333335, 0.003), (304.78553333333326, 0.0011333333333333332, 0.0014666666666666665), (33.5544, 0.0, 0.001), (104.857, 0.052866666666666666, 0.0304)]","[(3, 0.007916666666666667, 0.003444444444444445), (2, 0.0, 0.0022833333333333334), (3, 0.00125, 0.027633333333333336), (2, 0.0, 0.0010999999999999998), (2, 0.0, 0.0005222222222222223), (1, 0.0, 0.0007888888888888889), (3, 0.0, 0.0002833333333333333), (3, 0.04356666666666667, 0.009866666666666668), (3, 0.0009, 0.029877777777777774), (3, 5e-05, 0.20164999999999994), (2, 0.0, 0.0010555555555555555), (3, 0.0002333333333333333, 0.49188333333333323), (1, 0.01145, 0.0009944444444444447), (2, 6.666666666666667e-05, 0.0023833333333333337), (3, 0.0, 0.0), (3, 0.0, 0.0011222222222222222)]","[109, 92, 111, 115, 114, 101, 105, 98, 100, 106, 110, 104, 113, 108, 112, 107]","[3, 6, 12, 1, 2, 4, 9, 1, 11, 14, 7, 4, 14, 15, 9, 1]","[True, True, True, True, True, True, True, True, True, True, True, True, True, True, True, True]"
82,16,"[1252.0270875152155, 2394.2787688359367, 3601.346184986549, 1175.2894943758222, 1121.8672446314667, 1175.2894855390578, 1118.528533308117, 1308.39797534173, 2842.73561978406, 1425.7062257349019, 652.7155422502, 1769.6119429496443, 640.84798693656, 0, 1111.8507510197098, 554.2557990454623]","[4029.0, 4029.0, 4029.0, 1505.6417381214842, 4029.0, 1717.3387712947067, 2017.8388911442034, 1638.750219087392, 4029.0, 2406.929119399171, 4029.0, 2311.661228705293, 1622.0708806008292, 4029.0, 2011.1611088557963, 884.6080427911243]","[(301.98940000000005, 0.0, 0.0), (100.6632, 0.009266666666666668, 0.010733333333333333), (130.0228, 0.042466666666666666, 0.027733333333333336), (553.6476, 0.0017333333333333335, 0.0015333333333333334), (461.3726, 0.008400000000000001, 0.008866666666666667), (304.0866, 0.26866666666666666, 0.058866666666666664), (97.867, 0.0, 0.001), (342.5342, 0.0, 0.0), (97.86666666666669, 0.0338, 0.023066666666666666), (213.9092, 0.46873333333333334, 0.15180000000000002), (433.41086666666666, 0.0023333333333333335, 0.0030666666666666668), (190.14146666666667, 0.5508, 0.17880000000000001), (475.3542666666667, 0.0017333333333333335, 0.0003333333333333333), (258.64813333333325, 0.0011333333333333332, 0.0015333333333333334), (39.146800000000006, 0.0, 0.001), (251.65766666666661, 0.05273333333333334, 0.0304)]","[(3, 0.00785, 0.003533333333333333), (2, 0.0, 0.002338888888888889), (3, 0.0008, 0.02777777777777778), (2, 0.0, 0.0005222222222222223), (2, 0.0, 0.0004944444444444445), (1, 0.0, 0.000861111111111111), (3, 0.008, 0.00039999999999999996), (3, 0.016566666666666667, 0.010016666666666667), (3, 0.0, 0.02947777777777778), (3, 3.3333333333333335e-05, 0.2765777777777778), (1, 0.011300000000000001, 0.0010833333333333333), (3, 0.00013333333333333334, 0.3462888888888889), (1, 0.015333333333333336, 0.0008833333333333333), (2, 0.0010333333333333334, 0.0024222222222222223), (3, 0.0, 0.0), (3, 0.0, 0.0010222222222222223)]","[109, 92, 111, 115, 114, 101, 105, 98, 100, 106, 116, 104, 113, 108, 112, 107]","[3, 6, 12, 1, 2, 4, 9, 1, 11, 14, 7, 4, 14, 15, 9, 1]","[True, True, True, True, True, True, True, True, True, True, True, True, True, True, True, True]"
83,16,"[0, 2376.47743969961, 3261.75156374067, 1121.8672446314667, 1035.0560887968888, 1252.0839689691668, 1121.86742445232, 1406.3053068298868, 2867.38361648739, 2036.723179621289, 634.9142092797401, 1292.1506073990797, 652.7155422502, 1115.1894634134223, 1252.08417907625, 580.9669218910268]","[4029.0, 2645.143988143094, 4029.0, 1428.4874201806733, 4029.0, 1994.4666807850435, 1949.391622688035, 1712.9254823790934, 4029.0, 2706.5038186855445, 4029.0, 2034.5333192149565, 1322.4961813144555, 1383.8560118569062, 2079.6083773119653, 887.5870974402334]","[(328.5532, 0.0, 0.0), (117.4404, 0.0092, 0.0106), (110.44946666666667, 0.04046666666666667, 0.026666666666666672), (461.3726, 0.008400000000000001, 0.008866666666666667), (448.7898, 0.009933333333333334, 0.0104), (299.8922, 0.2914, 0.05526666666666666), (81.0898, 0.0, 0.001), (350.92293333333333, 0.0, 0.0), (98.5656, 0.03406666666666667, 0.023066666666666666), (212.51093333333333, 0.6914, 0.224), (398.45840000000004, 0.0016666666666666668, 0.0003333333333333333), (198.53, 0.4244, 0.13933333333333334), (552.2496, 0.0023333333333333335, 0.0028666666666666667), (499.1218, 0.0016666666666666668, 0.0011333333333333332), (173.3644, 6.666666666666668e-05, 0.0016), (230.6862666666667, 0.053333333333333344, 0.0358)]","[(3, 0.007816666666666666, 0.003527777777777778), (2, 0.0, 0.0023166666666666665), (3, 0.00011666666666666667, 0.02971666666666666), (2, 0.0, 0.0004944444444444445), (2, 0.0, 0.0004944444444444445), (1, 0.0, 0.0008333333333333334), (3, 0.0, 0.0), (3, 0.007016666666666667, 0.010272222222222223), (3, 0.0, 0.029166666666666667), (3, 0.0002333333333333333, 0.49188333333333323), (1, 0.015133333333333334, 0.0009777777777777777), (3, 1.666666666666667e-05, 0.19247222222222224), (1, 0.0116, 0.001061111111111111), (2, 0.0, 0.0010999999999999998), (3, 0.03166666666666667, 0.0017722222222222221), (3, 0.0, 0.0011277777777777777)]","[109, 92, 111, 115, 114, 101, 105, 98, 100, 106, 116, 104, 113, 117, 112, 107]","[3, 6, 12, 1, 2, 4, 9, 1, 11, 14, 7, 4, 14, 6, 9, 1]","[True, True, True, True, True, True, True, True, True, True, True, True, True, True, True, True]"
84,16,"[2006.6731654957287, 2382.4112160783857, 3502.7541981732297, 1035.0560887968888, 1051.750541842, 1205.339500794318, 1105.1729687313032, 1435.9741951596309, 3604.08485128692, 1769.6119429496443, 0, 961.60045201792, 623.0466539661, 1175.2894943758222, 1105.1729687313032, 627.7113868707645]","[4029.0, 2618.0608608512816, 4029.0, 1345.1421985211275, 4029.0, 2136.369524388199, 2014.5, 1746.0603048838695, 4029.0, 2587.782644491772, 4029.0, 1892.630475611801, 1441.2173555082277, 1410.9391391487181, 2014.5, 937.7974965950032]","[(306.18366666666674, 0.5942000000000001, 0.19193333333333337), (134.2176, 0.0092, 0.010733333333333333), (119.5372, 0.03373333333333334, 0.02686666666666667), (448.7898, 0.009933333333333334, 0.0104), (450.1882666666667, 0.0092, 0.009466666666666667), (294.2998, 0.28173333333333334, 0.05493333333333333), (117.4404, 0.0, 0.001), (423.62406666666664, 0.0, 0.0), (159.383, 0.27046666666666663, 0.022466666666666666), (190.14146666666667, 0.5508, 0.17880000000000001), (349.5247333333333, 0.0023333333333333335, 0.003), (194.33579999999998, 0.31493333333333334, 0.10186666666666666), (503.316, 0.0016666666666666668, 0.0003333333333333333), (553.6476, 0.0017333333333333335, 0.0015333333333333334), (156.58720000000002, 6.666666666666668e-05, 0.001066666666666667), (290.10566666666676, 0.05273333333333334, 0.030666666666666672)]","[(3, 0.011550000000000001, 0.43049444444444446), (2, 0.0, 0.002361111111111111), (3, 0.0013666666666666669, 0.04000555555555556), (2, 0.0, 0.0004944444444444445), (2, 0.0, 0.0005166666666666667), (1, 0.0, 0.001), (3, 0.0, 0.0), (3, 0.06570000000000001, 0.009933333333333334), (3, 0.0013666666666666669, 0.02918888888888889), (3, 0.00013333333333333334, 0.3462888888888889), (1, 0.01145, 0.0009944444444444447), (3, 0.0, 0.12192777777777777), (1, 0.015533333333333333, 0.0008555555555555556), (2, 0.0, 0.0005222222222222223), (3, 0.0, 0.0002833333333333333), (3, 0.0396, 0.01505)]","[118, 92, 111, 115, 114, 101, 105, 98, 100, 106, 116, 104, 113, 117, 112, 107]","[15, 6, 12, 1, 2, 4, 9, 1, 11, 14, 7, 4, 14, 6, 9, 1]","[True, True, True, True, True, True, True, True, True, True, True, True, True, True, True, True]"
85,16,"[1352.2506356501997, 0, 2935.85027399664, 1051.750541842, 1055.0894324510223, 1238.7284066334953, 1131.8840978849303, 1421.1397509947585, 4107.999450555, 1292.1506073990797, 3752.9130163235823, 1021.7004802690399, 661.6162087354301, 1121.8672446314667, 1118.528533308117, 604.3391543808957]","[4029.0, 1453.5663776842666, 4029.0, 1369.0073927694486, 4029.0, 2123.0139631822276, 2021.1777822884067, 1738.396601922207, 4029.0, 2329.7671993318245, 4029.0, 1905.9860368177724, 1699.232800668175, 2575.4336223157334, 2007.8222177115933, 921.5960053083443]","[(281.018, 0.42160000000000003, 0.13533333333333333), (268.4352, 0.009333333333333334, 0.0104), (105.55626666666666, 0.03646666666666667, 0.024466666666666664), (450.1882666666667, 0.0092, 0.009466666666666667), (461.373, 0.0016666666666666668, 0.0013333333333333333), (281.7169333333334, 0.28753333333333336, 0.054), (75.4974, 0.0, 0.001), (528.4818, 0.0, 0.0), (234.88039999999998, 0.2981333333333333, 0.018066666666666665), (198.53, 0.4244, 0.13933333333333334), (388.67179999999996, 7.663399999999999, 2.4918666666666667), (146.80033333333338, 0.3725333333333334, 0.1176), (426.4208, 0.0021333333333333334, 0.002933333333333333), (461.3726, 0.008400000000000001, 0.008866666666666667), (97.867, 0.0, 0.001), (377.48706666666664, 0.054, 0.037)]","[(3, 1.666666666666667e-05, 0.2272388888888889), (2, 0.0, 0.0024055555555555557), (3, 0.0, 0.024422222222222224), (2, 0.0, 0.0005166666666666667), (2, 0.0, 0.01923888888888889), (1, 0.0, 0.00115), (3, 0.048083333333333346, 0.01686666666666667), (3, 0.012783333333333334, 0.009422222222222222), (3, 8.333333333333333e-05, 0.02883888888888889), (3, 1.666666666666667e-05, 0.19247222222222224), (2, 0.0, 0.016355555555555557), (3, 5e-05, 0.20093333333333338), (1, 0.01175, 0.0009611111111111112), (2, 0.0, 0.0004944444444444445), (3, 0.008, 0.00039999999999999996), (3, 0.0, 0.0011888888888888889)]","[118, 92, 111, 115, 114, 101, 105, 98, 100, 106, 119, 104, 113, 117, 112, 107]","[15, 6, 12, 1, 2, 4, 9, 1, 11, 14, 7, 4, 14, 6, 9, 1]","[True, True, True, True, True, True, True, True, True, True, True, True, True, True, True, True]"
86,15,"[1409.0117734429248, 0, 2837.2582871833197, 1055.0894324510223, 0, 0, 1131.8840978849303, 1504.2126383180432, 3519.18619597545, 961.60045201792, 2794.65141873918, 3549.2405572744774, 0, 1035.0560887968888, 1121.86742445232, 577.6280315353312]","[4029.0, 0, 4029.0, 1352.4460650162234, 4029.0, 239.8797213627613, 2019.5083367163052, 1801.5692708832444, 4029.0, 2495.30022600896, 4029.0, 3789.1202786372387, 1533.69977399104, 4029.0, 2009.4916632836948, 874.9846641005322]","[(255.852, 0.49213333333333326, 0.15953333333333333), 0, (111.8476, 0.035666666666666666, 0.024), (461.373, 0.0016666666666666668, 0.0013333333333333333), (450.1881333333334, 0.0015333333333333334, 0.0012), (282.41613333333333, 0.3092, 0.0536), (75.4974, 0.0, 0.001), (429.21633333333324, 0.0, 0.0), (221.59853333333334, 0.0404, 0.026733333333333335), (194.33579999999998, 0.31493333333333334, 0.10186666666666666), (651.5146, 19.004533333333335, 2.486266666666667), (290.8046, 0.5733333333333334, 0.17), (398.45840000000004, 0.0017333333333333335, 0.0004), (448.7898, 0.009933333333333334, 0.0104), (81.0898, 0.0, 0.001), (251.65786666666673, 0.0528, 0.030533333333333336)]","[(3, 8.333333333333333e-05, 0.28617777777777775), 0, (3, 0.0, 0.028383333333333337), (2, 0.0, 0.01923888888888889), (2, 0.0, 0.0005), (1, 0.0, 0.0005888888888888889), (3, 0.0, 0.0), (3, 0.381, 0.012), (3, 0.0, 0.02946666666666667), (3, 0.0, 0.12192777777777777), (2, 0.0, 0.0053), (3, 0.0017833333333333332, 0.2834388888888889), (1, 0.015733333333333332, 0.001), (2, 0.0, 0.0004944444444444445), (3, 0.0, 0.0), (3, 0.0, 0.00105)]","[118, -1, 111, 115, 114, 101, 105, 98, 100, 106, 119, 104, 113, 117, 112, 107]","[15, -1, 12, 1, 2, 4, 9, 1, 11, 14, 7, 4, 14, 6, 9, 1]","[True, False, True, True, True, True, True, True, True, True, True, True, True, True, True, True]"
87,14,"[1816.3564093671823, 517.5280212281833, 2777.0076285751793, 1038.394979405911, 628.9803113908888, 0, 0, 0, 3576.69818828322, 1021.7004802690399, 1739.5619942211624, 2160.2621265819243, 0, 1051.750541842, 1105.1729687313032, 564.2724701125491]","[4029.0, 1747.3887396930918, 4029.0, 1847.172496233091, 1818.1399155609245, 0, 1461.9135156343484, 808.77751682718, 4029.0, 2210.8600844390758, 4029.0, 4029.0, 0, 2281.6112603069087, 2567.086484365652, 1373.049986939729]","[(226.49179999999998, 0.6, 0.19540000000000002), (58.7202, 0.004733333333333333, 0.00013333333333333334), (115.3428, 0.03426666666666667, 0.023266666666666665), (450.1881333333334, 0.0015333333333333334, 0.0012), (320.1647333333333, 0.0011333333333333332, 0.0015333333333333334), 0, (83.886, 0.0, 0.001), (637.5336666666665, 0.0, 0.0), (117.44013333333332, 0.04193333333333333, 0.027666666666666673), (146.80033333333338, 0.3725333333333334, 0.1176), (369.0984, 16.1096, 2.579733333333333), (278.22166666666675, 0.49906666666666666, 0.15853333333333333), 0, (450.1882666666667, 0.0092, 0.009466666666666667), (117.4404, 0.0, 0.001), (157.286, 0.053, 0.030733333333333335)]","[(3, 0.00016666666666666666, 0.37338333333333334), (2, 0.0, 0.0010944444444444443), (3, 0.0, 0.027411111111111112), (2, 0.0, 0.0005), (2, 0.0037166666666666667, 0.0028777777777777777), 0, (3, 0.0, 2.2222222222222223e-05), (3, 0.0831, 0.0046944444444444455), (3, 0.0027166666666666667, 0.027800000000000002), (3, 5e-05, 0.20093333333333338), (2, 0.0, 0.00225), (3, 0.04115, 0.5988777777777777), 0, (2, 0.0, 0.0005166666666666667), (3, 0.0, 0.0), (3, 0.0, 0.0012166666666666667)]","[118, 120, 111, 115, 121, -1, 105, 98, 100, 106, 119, 104, -1, 117, 112, 107]","[15, 6, 12, 1, 14, -1, 9, 1, 11, 14, 7, 4, -1, 6, 9, 1]","[True, True, True, True, True, False, True, True, True, True, True, True, False, True, True, True]"
88,13,"[2230.3788262082307, 510.85024030910995, 3089.2155868173595, 1071.7838854961333, 634.9140879134446, 0, 0, 744.572766635591, 3261.75156374067, 3549.2405572744774, 1826.3731494030244, 3262.0959778524575, 0, 1055.0894324510223, 0, 560.9335797568533]","[4029.0, 1742.3804039290437, 4029.0, 2269.92515286964, 557.3367653194836, 0, 0, 4029.0, 4029.0, 3471.6632346805163, 4029.0, 4029.0, 0, 2286.619596070956, 4029.0, 1759.07484713036]","[(209.7148, 0.7276, 0.23566666666666664), (50.3316, 0.004666666666666667, 0.00013333333333333334), (111.1486, 0.03153333333333334, 0.0434), (471.1595333333333, 0.0023333333333333335, 0.0020666666666666667), (300.59133333333324, 0.0011333333333333332, 0.0015333333333333334), 0, 0, (142.60586666666666, 0.0007333333333333332, 0.0006), (115.3428, 0.04046666666666667, 0.026666666666666672), (290.8046, 0.5733333333333334, 0.17), (268.4352, 13.852799999999998, 1.682), (392.8656, 0.7547333333333333, 0.24346666666666666), 0, (461.373, 0.0016666666666666668, 0.0013333333333333333), (75.4974, 0.0, 0.001), (122.33333333333331, 0.0528, 0.030466666666666666)]","[(3, 0.00021666666666666668, 0.5190777777777777), (2, 0.0, 0.0010555555555555557), (3, 0.0009, 0.029877777777777774), (2, 0.0, 0.0004777777777777777), (2, 0.0004, 0.0023666666666666667), 0, 0, (1, 0.0, 0.02883888888888889), (3, 0.0, 0.025622222222222223), (3, 0.0017833333333333332, 0.2834388888888889), (2, 0.0, 0.005916666666666666), (3, 0.00026666666666666673, 1.4022944444444445), 0, (2, 0.0, 0.01923888888888889), (3, 0.048083333333333346, 0.01686666666666667), (3, 0.0, 0.0011166666666666666)]","[118, 120, 111, 115, 121, -1, -1, 124, 100, 106, 119, 104, -1, 117, 112, 107]","[15, 6, 12, 1, 14, -1, -1, 10, 11, 14, 7, 4, -1, 6, 9, 1]","[True, True, True, True, True, False, False, True, True, True, True, True, False, True, True, True]"
89,12,"[1318.8617310662446, 510.85024030910995, 2842.73561978406, 1098.4950103683113, 557.7749931202221, 0, 0, 554.2559608139378, 3409.63954396065, 2160.2621265819243, 1612.6841520322869, 3983.2963168658976, 0, 1038.394979405911, 0, 0]","[4029.0, 1750.7276304515995, 4029.0, 2563.7475051841557, 1213.256433269149, 0, 0, 4029.0, 4029.0, 2815.743566730851, 4029.0, 4029.0, 0, 2278.2723695484005, 0, 1465.2524948158443]","[(255.852, 0.40273333333333333, 0.13053333333333333), (47.5354, 0.004533333333333333, 0.00013333333333333334), (97.86666666666669, 0.0338, 0.023066666666666666), (452.98440000000005, 0.0015333333333333334, 0.0012), (288.00833333333327, 0.0011333333333333332, 0.0014), 0, 0, (98.56566666666669, 0.0007333333333333332, 0.0002666666666666667), (132.12006666666667, 0.0338, 0.0268), (278.22166666666675, 0.49906666666666666, 0.15853333333333333), (383.0794, 15.210066666666668, 1.8525333333333331), (432.01279999999997, 0.8446, 0.2776), 0, (450.1881333333334, 0.0015333333333333334, 0.0012), 0, (178.25753333333333, 0.05346666666666667, 0.035866666666666665)]","[(3, 5e-05, 0.20164999999999994), (2, 0.0, 0.0011222222222222222), (3, 0.0, 0.02947777777777778), (2, 0.0, 0.0005055555555555555), (2, 0.00026666666666666673, 0.002455555555555556), 0, 0, (1, 0.0, 0.0016666666666666668), (3, 0.0, 0.03398333333333334), (3, 0.04115, 0.5988777777777777), (2, 0.0, 0.0036999999999999997), (3, 0.0, 1.846088888888889), 0, (2, 0.0, 0.0005), 0, (3, 0.0, 0.0012166666666666667)]","[118, 120, 111, 115, 121, -1, -1, 124, 100, 106, 119, 104, -1, 117, -1, 107]","[15, 6, 12, 1, 14, -1, -1, 10, 11, 14, 7, 4, -1, 6, -1, 1]","[True, True, True, True, True, False, False, True, True, True, True, True, False, True, False, True]"
90,13,"[0, 510.85024030910995, 2867.38361648739, 1041.7338700149332, 590.4107639942779, 0, 0, 597.6615481065954, 2935.85027399664, 3262.0959778524575, 1499.1618721790824, 3906.5018363228, 0, 1071.7838854961333, 3121.8625785998443, 777.9614183128089]","[4029.0, 1734.0331774064882, 4029.0, 1067.4417980091464, 678.6573930709103, 0, 0, 4029.0, 2961.5582019908534, 3350.34260692909, 4029.0, 4029.0, 0, 2294.9668225935116, 4029.0, 4029.0]","[(213.9092, 0.46873333333333334, 0.15180000000000002), (55.924, 0.004733333333333333, 6.666666666666668e-05), (98.5656, 0.03406666666666667, 0.023066666666666666), (473.9558, 0.0015333333333333334, 0.0011333333333333332), (311.7758666666666, 0.0011333333333333332, 0.0015333333333333334), 0, 0, (121.6344, 0.0005333333333333334, 0.0002), (107.65339999999999, 0.037200000000000004, 0.024933333333333335), (392.8656, 0.7547333333333333, 0.24346666666666666), (279.62, 9.749466666666667, 1.610333333333333), (339.7382, 0.8196, 0.2693333333333333), 0, (471.1595333333333, 0.0023333333333333335, 0.0020666666666666667), (0.0, 0.0, 0.0), (123.73126666666663, 0.009733333333333332, 0.0028)]","[(3, 3.3333333333333335e-05, 0.2765777777777778), (2, 0.0, 0.0010555555555555555), (3, 0.0, 0.029166666666666667), (2, 0.0, 0.0005111111111111112), (2, 0.0, 0.002388888888888889), 0, 0, (1, 0.0, 0.0015388888888888887), (3, 0.0, 0.03331111111111111), (3, 0.00026666666666666673, 1.4022944444444445), (2, 0.05768333333333333, 0.023244444444444446), (3, 3.3333333333333335e-05, 1.7759777777777779), 0, (2, 0.0, 0.0004777777777777777), (2, 0.0, 0.0), (2, 0.0, 2.2222222222222223e-05)]","[118, 120, 111, 115, 121, -1, -1, 124, 100, 106, 119, 104, -1, 117, 126, 127]","[15, 6, 12, 11, 14, -1, -1, 10, 11, 14, 7, 4, -1, 6, 5, 13]","[True, True, True, True, True, False, False, True, True, True, True, True, False, True, True, True]"
91,14,"[1876.4565081617916, 510.85024030910995, 3604.08485128692, 1045.0727606239554, 534.03988703, 0, 2006.6731654957287, 0, 2733.1889677692598, 3983.2963168658976, 1863.10094582612, 4300.490910413475, 0, 1098.4950103683113, 3065.1014408071205, 888.1447951553957]","[4029.0, 648.5107682513933, 4029.0, 1170.441896427348, 289.87178508205125, 0, 2144.3336934380122, 4029.0, 2858.5581035726523, 3739.1282149179488, 4029.0, 4029.0, 0, 1236.1555383105947, 4029.0, 4029.0]","[(258.64820000000003, 0.019533333333333337, 0.0016), (58.7202, 0.0046, 6.666666666666668e-05), (159.383, 0.27046666666666663, 0.022466666666666666), (503.316, 0.0016, 0.0013333333333333333), (325.75713333333334, 0.0011333333333333332, 0.0014666666666666665), 0, (306.18366666666674, 0.5942000000000001, 0.19193333333333337), (125.82866666666669, 0.0007333333333333332, 0.0002666666666666667), (99.96353333333334, 0.03306666666666667, 0.022733333333333335), (432.01279999999997, 0.8446, 0.2776), (338.34020000000004, 2.189, 3.0638666666666667), (322.9608666666666, 0.8597333333333332, 0.2828), 0, (452.98440000000005, 0.0015333333333333334, 0.0012), (0.0, 0.0, 0.0), (120.93533333333332, 0.045200000000000004, 0.020266666666666665)]","[(3, 0.05115, 0.03694444444444444), (2, 0.0, 0.0010388888888888887), (3, 0.0013666666666666669, 0.02918888888888889), (2, 0.0, 0.0005055555555555555), (2, 0.0006666666666666666, 0.0023944444444444447), 0, (3, 0.011550000000000001, 0.43049444444444446), (1, 0.0, 0.00165), (3, 0.0, 0.026605555555555556), (3, 0.0, 1.846088888888889), (2, 1.1261166666666667, 0.002977777777777778), (3, 0.00455, 1.9583666666666668), 0, (2, 0.0, 0.0005055555555555555), (2, 0.0, 0.0), (2, 0.0, 0.0)]","[122, 120, 111, 115, 121, -1, 125, 124, 100, 106, 119, 104, -1, 117, 126, 127]","[3, 6, 12, 11, 14, -1, 6, 10, 11, 14, 7, 4, -1, 6, 5, 13]","[True, True, True, True, True, False, True, True, True, True, True, True, False, True, True, True]"
92,14,"[1328.8784523992754, 510.85024030910995, 4107.999450555, 1045.0727606239554, 522.1723339848888, 0, 1352.2506356501997, 3121.8625785998443, 2831.7809545825808, 3906.5018363228, 2634.3846707111265, 4420.690966915716, 0, 1041.7338700149332, 2911.512479720924, 851.4170028745334]","[4029.0, 885.5719916510291, 4029.0, 1121.1459030206872, 322.3352488310445, 0, 1726.9723869921188, 4029.0, 2907.8540969793125, 3706.6647511689557, 4029.0, 4029.0, 0, 1416.4556213568524, 4029.0, 4029.0]","[(328.5534, 0.0005333333333333334, 0.0006), (8.3886, 0.0046, 6.666666666666668e-05), (234.88039999999998, 0.2981333333333333, 0.018066666666666665), (462.77086666666656, 0.0012, 0.0011333333333333332), (304.78553333333326, 0.0011333333333333332, 0.0014666666666666665), 0, (281.018, 0.42160000000000003, 0.13533333333333333), (0.0, 0.0, 0.0), (103.459, 0.03553333333333333, 0.025), (339.7382, 0.8196, 0.2693333333333333), (408.2452, 3.357266666666667, 2.6136666666666666), (436.2071333333334, 0.5388, 0.25873333333333337), 0, (473.9558, 0.0015333333333333334, 0.0011333333333333332), (0.0, 0.0, 0.0), (120.23626666666664, 0.034466666666666666, 0.0114)]","[(3, 0.06125, 0.025472222222222222), (2, 0.0, 0.00105), (3, 8.333333333333333e-05, 0.02883888888888889), (2, 0.0, 0.0005166666666666667), (2, 6.666666666666667e-05, 0.0023833333333333337), 0, (3, 1.666666666666667e-05, 0.2272388888888889), (2, 0.0, 0.0), (3, 0.0001, 0.02427222222222222), (3, 3.3333333333333335e-05, 1.7759777777777779), (2, 1.092625, 0.013255555555555555), (3, 0.009816666666666666, 1.9489666666666665), 0, (2, 0.0, 0.0005111111111111112), (2, 0.0, 0.0), (2, 0.0, 2.2222222222222223e-05)]","[122, 120, 111, 115, 121, -1, 125, 128, 100, 106, 119, 104, -1, 117, 126, 127]","[3, 6, 12, 11, 14, -1, 6, 2, 11, 14, 7, 4, -1, 6, 5, 13]","[True, True, True, True, True, False, True, True, True, True, True, True, False, True, True, True]"
93,14,"[2050.0788185255155, 517.5280212281833, 3519.18619597545, 1051.750541842, 531.0729987687222, 0, 1409.0117734429248, 3065.1014408071205, 2809.8716241796205, 4300.490910413475, 1779.6286812281753, 0, 0, 1045.0727606239554, 3145.2348118086134, 834.7225518377779]","[4029.0, 869.9905027964955, 4029.0, 1135.4394588311898, 129.7910441776238, 0, 1761.474255011237, 4029.0, 2893.5605411688102, 3899.2089558223765, 4029.0, 4029.0, 0, 1397.5352421922676, 4029.0, 4029.0]","[(298.49406666666664, 0.0016666666666666668, 0.005466666666666667), (22.3696, 0.004533333333333333, 6.666666666666668e-05), (221.59853333333334, 0.0404, 0.026733333333333335), (490.733, 0.0015333333333333334, 0.0012), (258.64813333333325, 0.0011333333333333332, 0.0015333333333333334), 0, (255.852, 0.49213333333333326, 0.15953333333333333), (0.0, 0.0, 0.0), (96.46846666666666, 0.0338, 0.023066666666666666), (322.9608666666666, 0.8597333333333332, 0.2828), (645.9222, 2.945, 2.129), (391.46766666666673, 0.6240666666666668, 0.2032), 0, (503.316, 0.0016, 0.0013333333333333333), (0.0, 0.0, 0.0), (130.722, 0.026466666666666666, 0.011066666666666664)]","[(3, 0.0008666666666666667, 0.016138888888888887), (2, 0.0, 0.0010722222222222222), (3, 0.0, 0.02946666666666667), (2, 0.0, 0.0005277777777777777), (2, 0.0010333333333333334, 0.0024222222222222223), 0, (3, 8.333333333333333e-05, 0.28617777777777775), (2, 0.0, 0.0), (3, 0.0001833333333333333, 0.029927777777777772), (3, 0.00455, 1.9583666666666668), (2, 0.0, 0.0070888888888888885), (3, 0.0, 1.7597444444444446), 0, (2, 0.0, 0.0005055555555555555), (2, 0.0, 0.0), (2, 0.0, 4.4444444444444447e-05)]","[122, 120, 111, 115, 121, -1, 125, 128, 100, 106, 119, 104, -1, 117, 126, 127]","[3, 6, 12, 11, 14, -1, 6, 2, 11, 14, 7, 4, -1, 6, 5, 13]","[True, True, True, True, True, False, True, True, True, True, True, True, False, True, True, True]"
94,14,"[1896.4898516652977, 544.2391449044768, 3576.69818828322, 1045.0727606239554, 537.0067752912778, 0, 1816.3564093671823, 2911.512479720924, 2809.8716241796205, 0, 2090.1455055325287, 3464.41286996805, 0, 1045.0727606239554, 2988.3069602640226, 0]","[4029.0, 752.0163732726053, 4029.0, 1132.1005682221673, 2283.003387645639, 0, 2024.133637735311, 4029.0, 2896.8994317778324, 1745.996612354361, 4029.0, 4029.0, 0, 1252.849988992084, 4029.0, 4029.0]","[(294.3, 0.001066666666666667, 0.005466666666666667), (8.3886, 0.0046, 0.00013333333333333334), (117.44013333333332, 0.04193333333333333, 0.027666666666666673), (473.956, 0.0014, 0.0013333333333333333), (289.4064, 0.0012, 0.0015333333333333334), 0, (226.49179999999998, 0.6, 0.19540000000000002), (0.0, 0.0, 0.0), (111.1486, 0.03306666666666667, 0.022600000000000002), (436.2071333333334, 0.5388, 0.25873333333333337), (402.6528, 3.2084, 1.765466666666667), (168.47066666666663, 0.27493333333333336, 0.023333333333333327), 0, (462.77086666666656, 0.0012, 0.0011333333333333332), (0.0, 0.0, 0.0), (164.2764, 0.008733333333333333, 0.0061333333333333335)]","[(3, 0.0002, 0.014294444444444445), (2, 0.0, 0.00145), (3, 0.0027166666666666667, 0.027800000000000002), (2, 0.0, 0.0005444444444444444), (2, 0.00013333333333333334, 0.0024055555555555557), 0, (3, 0.00016666666666666666, 0.37338333333333334), (2, 0.0, 0.0), (3, 0.0, 0.026805555555555558), (3, 0.009816666666666666, 1.9489666666666665), (2, 0.0, 0.005355555555555555), (3, 0.2927833333333333, 0.026605555555555556), 0, (2, 0.0, 0.0005166666666666667), (2, 0.0, 0.0), (2, 0.0, 8.88888888888889e-05)]","[122, 120, 111, 115, 121, -1, 125, 128, 100, 106, 119, 129, -1, 117, 126, 127]","[3, 6, 12, 11, 14, -1, 6, 2, 11, 14, 7, 15, -1, 6, 5, 13]","[True, True, True, True, True, False, True, True, True, True, True, True, False, True, True, True]"
95,14,"[2227.0400194731583, 504.17245939003664, 3261.75156374067, 1088.4783385412445, 534.03988703, 0, 2230.3788262082307, 3145.2348118086134, 0, 0, 1232.0506254656602, 4442.116739200141, 390.65025572768, 1051.750541842, 3008.340303014396, 1646.6233023008167]","[4029.0, 585.0718502432808, 4029.0, 2558.7391692706224, 4029.0, 0, 2311.278217061475, 4029.0, 1470.2608307293776, 0, 4029.0, 4029.0, 4029.0, 1132.6499326952442, 4029.0, 4029.0]","[(234.18133333333338, 0.0016666666666666668, 0.0016), (2.7962, 0.004533333333333333, 6.666666666666668e-05), (115.3428, 0.04046666666666667, 0.026666666666666672), (462.7710666666665, 0.001066666666666667, 0.001), (239.0746, 0.0012, 0.0016), 0, (209.7148, 0.7276, 0.23566666666666664), (0.0, 0.0, 0.0), (104.15793333333333, 0.032733333333333337, 0.0224), 0, (444.5958, 2.369733333333333, 2.1395999999999997), (313.1741333333334, 0.2986666666666667, 0.020266666666666665), (499.1218, 0.0004, 0.0003333333333333333), (490.733, 0.0015333333333333334, 0.0012), (0.0, 0.0, 0.0), (125.829, 0.9397333333333332, 0.7602666666666668)]","[(3, 0.0006666666666666666, 0.02163888888888889), (2, 0.0, 0.0010833333333333333), (3, 0.0, 0.025622222222222223), (2, 0.0, 0.0004888888888888889), (2, 0.00016666666666666666, 0.002361111111111111), 0, (3, 0.00021666666666666668, 0.5190777777777777), (2, 0.0, 0.0), (3, 0.0, 0.026166666666666668), 0, (2, 0.0, 0.005061111111111111), (3, 0.10841666666666666, 0.0281), (2, 0.012733333333333334, 0.0036666666666666666), (2, 0.0, 0.0005277777777777777), (2, 0.0, 0.0), (2, 0.0, 0.009888888888888888)]","[122, 120, 111, 115, 121, -1, 125, 128, 100, -1, 119, 129, 131, 117, 126, 132]","[3, 6, 12, 11, 14, -1, 6, 2, 11, -1, 7, 15, 13, 6, 5, 1]","[True, True, True, True, True, False, True, True, True, False, True, True, True, True, True, True]"
96,14,"[1766.2731188925045, 514.1891307686467, 0, 1035.0560887968888, 531.0729987687222, 0, 1318.8617310662446, 2988.3069602640226, 1147.5012037613078, 0, 2534.217953193593, 3143.9889128247596, 530.8836808606934, 1045.0727606239554, 3068.4403312655163, 1622.8881916370212]","[4029.0, 897.8145899490312, 4029.0, 1037.8745642664333, 1706.285897503707, 0, 1702.487190246629, 2991.125435733567, 2322.714102496293, 0, 4029.0, 4029.0, 4029.0, 1428.69821980434, 4029.0, 4029.0]","[(242.57, 0.0003333333333333333, 0.0004), (41.943, 0.0044666666666666665, 6.666666666666668e-05), (132.12006666666667, 0.0338, 0.0268), (473.9558, 0.001, 0.001), (244.6674, 0.0012, 0.0014666666666666665), 0, (255.852, 0.40273333333333333, 0.13053333333333333), (0.0, 0.0, 0.0), (386.924, 1.3948666666666665, 0.0056), 0, (349.525, 5.339466666666667, 2.7218), (205.5204, 0.03793333333333333, 0.025266666666666666), (455.08166666666676, 0.012533333333333334, 0.18906666666666663), (473.956, 0.0014, 0.0013333333333333333), (0.0, 0.0, 0.0), (139.81, 0.972, 0.7780666666666667)]","[(3, 6.666666666666667e-05, 0.009744444444444444), (2, 0.0, 0.0010444444444444444), (3, 0.0, 0.03398333333333334), (2, 0.0, 0.0005111111111111112), (2, 0.0, 0.002361111111111111), 0, (3, 5e-05, 0.20164999999999994), (2, 0.0, 0.0), (1, 0.0, 0.009683333333333334), 0, (2, 0.0, 0.01048888888888889), (3, 0.00125, 0.027633333333333336), (2, 0.0002833333333333333, 0.0029611111111111123), (2, 0.0, 0.0005444444444444444), (2, 0.0, 0.0), (2, 0.0, 0.011461111111111111)]","[122, 120, 111, 115, 121, -1, 125, 128, 130, -1, 119, 129, 131, 117, 126, 132]","[3, 6, 12, 11, 14, -1, 6, 11, 14, -1, 7, 15, 13, 6, 5, 1]","[True, True, True, True, True, False, True, True, True, False, True, True, True, True, True, True]"
97,15,"[1993.317678598913, 0, 3121.8625785998443, 1048.4116512329779, 578.5432109491665, 2006.6731654957287, 1425.7062257349019, 3008.340303014396, 925.6692288098378, 0, 5161.924842736884, 3601.346184986549, 537.5614630098844, 1088.4783385412445, 3021.6958648479776, 1578.3848591424044]","[4029.0, 504.9384785746179, 4029.0, 1034.535674109291, 1840.9369910696644, 4029.0, 1930.6447043095197, 2994.464325890709, 2188.063008930336, 0, 4029.0, 4029.0, 4029.0, 1593.4168171158624, 4029.0, 4029.0]","[(231.3854, 0.0005333333333333334, 0.0008), (53.1278, 0.004533333333333333, 6.666666666666668e-05), (0.0, 0.0, 0.0), (447.39173333333326, 0.0028, 0.0027333333333333333), (275.4254, 0.0011333333333333332, 0.0014666666666666665), (306.18366666666674, 0.5942000000000001, 0.19193333333333337), (213.9092, 0.46873333333333334, 0.15180000000000002), (0.0, 0.0, 0.0), (349.1754, 0.6480666666666667, 0.003466666666666667), 0, (553.6476, 10.710466666666667, 4.053266666666667), (130.0228, 0.042466666666666666, 0.027733333333333336), (471.15966666666674, 0.013066666666666664, 0.18946666666666667), (462.7710666666665, 0.001066666666666667, 0.001), (0.0, 0.0, 0.0), (184.5492, 0.9548666666666666, 0.7652666666666668)]","[(3, 6.666666666666667e-05, 0.011649999999999999), (2, 0.0, 0.001027777777777778), (2, 0.0, 0.0), (2, 0.0, 0.0005), (2, 0.0005666666666666666, 0.002327777777777778), (3, 0.011550000000000001, 0.43049444444444446), (3, 3.3333333333333335e-05, 0.2765777777777778), (2, 0.0, 0.0), (1, 0.0, 0.00023333333333333333), 0, (2, 0.0, 0.008927777777777778), (3, 0.0008, 0.02777777777777778), (2, 0.00035, 0.0039833333333333335), (2, 0.0, 0.0004888888888888889), (2, 0.0, 0.0), (2, 1.666666666666667e-05, 0.010605555555555557)]","[122, 120, 123, 115, 121, 133, 125, 128, 130, -1, 119, 129, 131, 117, 126, 132]","[3, 6, 8, 11, 14, 10, 6, 11, 14, -1, 7, 15, 13, 6, 5, 1]","[True, True, True, True, True, True, True, True, True, False, True, True, True, True, True, True]"
98,15,"[1889.8120704974624, 0, 3065.1014408071205, 1031.7171981878666, 569.6425461653333, 1352.2506356501997, 2036.723179621289, 3068.4403312655163, 1237.8771935563511, 450.7502254398, 0, 3261.75156374067, 0, 1035.0560887968888, 2894.8180274289466, 1622.8881916370212]","[4029.0, 0, 4029.0, 996.138433461175, 1680.3826763044913, 4029.0, 2515.3335454122002, 3032.8615665388247, 2348.617323695509, 1428.4310169013895, 4029.0, 4029.0, 4029.0, 1513.6664545878, 4029.0, 2600.5689830986107]","[(253.7549333333333, 0.0006666666666666666, 0.0008), 0, (0.0, 0.0, 0.0), (490.7332, 0.002466666666666667, 0.0023333333333333335), (257.2501333333333, 0.0011333333333333332, 0.0014666666666666665), (281.018, 0.42160000000000003, 0.13533333333333333), (212.51093333333333, 0.6914, 0.224), (0.0, 0.0, 0.0), (320.86379999999997, 0.6452, 0.0048), (184.549, 0.0, 0.0), (503.316, 17.2942, 4.714533333333334), (110.44946666666667, 0.04046666666666667, 0.026666666666666672), (486.5389333333335, 0.012733333333333333, 0.18919999999999998), (473.9558, 0.001, 0.001), (0.0, 0.0, 0.0), (131.4214, 0.9578666666666666, 0.7716000000000001)]","[(3, 0.00018333333333333334, 0.015666666666666666), 0, (2, 0.0, 0.0), (2, 0.0, 0.0005055555555555555), (2, 0.0002333333333333333, 0.002361111111111111), (3, 1.666666666666667e-05, 0.2272388888888889), (3, 0.0002333333333333333, 0.49188333333333323), (2, 0.0, 0.0), (1, 0.0, 0.0002222222222222222), (1, 0.0, 0.00029444444444444445), (2, 2.327875, 0.009094444444444445), (3, 0.00011666666666666667, 0.02971666666666666), (2, 0.07660000000000003, 0.0032111111111111108), (2, 0.0, 0.0005111111111111112), (2, 0.0, 0.0), (2, 0.0, 0.010555555555555558)]","[122, -1, 123, 115, 121, 133, 125, 128, 130, 135, 119, 129, 131, 117, 126, 132]","[3, -1, 8, 11, 14, 10, 6, 11, 14, 1, 7, 15, 13, 6, 5, 1]","[True, False, True, True, True, True, True, True, True, True, True, True, True, True, True, True]"
99,16,"[2103.5010678682, 1147.5012037613078, 2911.512479720924, 1068.444994887111, 0, 1409.0117734429248, 1769.6119429496443, 3021.6958648479776, 1317.298517921692, 570.9502855570801, 1154.1194728238213, 3502.7541981732297, 599.3113997345512, 0, 3151.912592725404, 1596.1861921402513]","[4029.0, 1518.130154857657, 4029.0, 1037.8745650195667, 1437.4402635880892, 4029.0, 2140.2408940459936, 2991.125434980433, 4029.0, 1501.8820467084142, 2591.5597364119103, 4029.0, 4029.0, 370.6289510963493, 4029.0, 2527.1179532915858]","[(244.66713333333328, 0.0014666666666666665, 0.0012), (386.924, 1.3948666666666665, 0.0056), (0.0, 0.0, 0.0), (520.0932, 0.0013333333333333333, 0.001), (377.48666666666674, 0.0012, 0.0016), (255.852, 0.49213333333333326, 0.15953333333333333), (190.14146666666667, 0.5508, 0.17880000000000001), (0.0, 0.0, 0.0), (301.98920000000004, 0.6321333333333333, 0.005666666666666668), (225.0938, 0.0, 0.0), (176.16013333333333, 1.632466666666667, 0.017733333333333334), (119.5372, 0.03373333333333334, 0.02686666666666667), (0.0, 0.004733333333333333, 0.00013333333333333334), (447.39173333333326, 0.0028, 0.0027333333333333333), (0.0, 0.0, 0.0), (153.791, 0.9633999999999999, 0.7669333333333332)]","[(3, 0.00015, 0.019816666666666666), (1, 0.0, 0.009683333333333334), (2, 0.0, 0.0), (2, 0.0, 0.0005055555555555555), (2, 0.6301, 0.005644444444444444), (3, 8.333333333333333e-05, 0.28617777777777775), (3, 0.00013333333333333334, 0.3462888888888889), (2, 0.0, 0.0), (1, 0.0, 0.00025), (1, 0.0, 0.0002833333333333333), (3, 0.0, 0.0001388888888888889), (3, 0.0013666666666666669, 0.04000555555555556), (3, 0.0, 0.0014222222222222223), (2, 0.0, 0.0005), (2, 0.0, 0.0), (2, 0.0, 0.0117)]","[122, 134, 123, 115, 121, 133, 125, 128, 130, 135, 136, 129, 137, 117, 126, 132]","[3, 6, 8, 11, 14, 4, 6, 11, 0, 1, 14, 15, 13, 6, 5, 1]","[True, True, True, True, True, True, True, True, True, True, True, True, True, True, True, True]"
100,16,"[2073.45105261294, 925.6692288098378, 3145.2348118086134, 0, 501.40426599866777, 1816.3564093671823, 1292.1506073990797, 2894.8180274289466, 1309.0825188494155, 500.8335838220001, 1875.0732823255908, 2935.85027399664, 620.0796165570354, 644.4058826961312, 2938.223603388089, 1655.52396879974]","[4029.0, 1314.5939891748217, 4029.0, 567.0909862855267, 4029.0, 4029.0, 1681.0753677640635, 3461.909013714473, 4029.0, 1437.15480751113, 4029.0, 4029.0, 4029.0, 1033.330643061115, 4029.0, 2591.84519248887]","[(254.4540666666667, 0.0026, 0.0088), (349.1754, 0.6480666666666667, 0.003466666666666667), (0.0, 0.0, 0.0), (482.3444, 0.0026666666666666666, 0.0030666666666666668), (0.0, 0.0048, 6.666666666666668e-05), (226.49179999999998, 0.6, 0.19540000000000002), (198.53, 0.4244, 0.13933333333333334), (0.0, 0.0, 0.0), (333.44653333333326, 0.6355333333333333, 0.0052), (191.5394, 0.0, 0.0), (214.6078, 3.082733333333333, 0.04673333333333334), (105.55626666666666, 0.03646666666666667, 0.024466666666666664), (0.0, 0.004666666666666667, 6.666666666666668e-05), (32.15606666666666, 0.0009333333333333332, 6.666666666666668e-05), (0.0, 0.0, 0.0), (125.829, 0.9370666666666667, 0.7570666666666667)]","[(3, 0.00011666666666666667, 0.017588888888888887), (1, 0.0, 0.00023333333333333333), (2, 0.0, 0.0), (2, 0.0, 0.0005), (2, 0.0, 0.0013222222222222222), (3, 0.00016666666666666666, 0.37338333333333334), (3, 1.666666666666667e-05, 0.19247222222222224), (2, 0.0, 0.0), (1, 0.0, 0.0002111111111111111), (1, 1.666666666666667e-05, 0.0002611111111111111), (3, 0.0, 0.00015555555555555556), (3, 0.0, 0.024422222222222224), (3, 0.0, 0.001661111111111111), (1, 0.0, 0.000638888888888889), (2, 0.0, 0.0), (2, 0.06273333333333334, 0.031105555555555553)]","[122, 134, 123, 115, 138, 133, 125, 128, 130, 135, 136, 129, 137, 139, 126, 132]","[3, 6, 8, 11, 10, 4, 6, 11, 0, 1, 14, 15, 13, 6, 5, 1]","[True, True, True, True, True, True, True, True, True, True, True, True, True, True, True, True]"
101,16,"[2293.817831151513, 1237.8771935563511, 2988.3069602640226, 777.9614183128089, 498.43737685074666, 2230.3788262082307, 961.60045201792, 3151.912592725404, 1207.75186362467, 474.12245935149326, 1510.1460454172877, 2837.2582871833197, 578.5431829120669, 647.744773280049, 2958.2569461384624, 2278.570623724373]","[4029.0, 1631.8030539382444, 4029.0, 827.5244127937025, 4029.0, 4029.0, 1355.5263123998132, 3201.475587206298, 4029.0, 1112.27591781356, 4029.0, 4029.0, 4029.0, 1041.6706336619422, 4029.0, 2916.72408218644]","[(268.435, 0.0018666666666666666, 0.0016), (320.86379999999997, 0.6452, 0.0048), (0.0, 0.0, 0.0), (123.73126666666663, 0.009733333333333332, 0.0028), (145.4024, 0.004733333333333333, 6.666666666666668e-05), (209.7148, 0.7276, 0.23566666666666664), (194.33579999999998, 0.31493333333333334, 0.10186666666666666), (0.0, 0.0, 0.0), (333.44653333333326, 0.7292666666666667, 0.004666666666666667), (225.09366666666662, 0.0, 0.0), (434.80906666666664, 2.7484, 0.018466666666666666), (111.8476, 0.035666666666666666, 0.024), (0.0, 0.004533333333333333, 0.0), (35.6514, 0.001, 0.0), (0.0, 0.0, 0.0), (226.49220000000003, 0.9202666666666668, 0.7430666666666668)]","[(3, 0.00013333333333333334, 0.023688888888888888), (1, 0.0, 0.0002222222222222222), (2, 0.0, 0.0), (2, 0.0, 2.2222222222222223e-05), (2, 0.0, 0.0012666666666666666), (3, 0.00021666666666666668, 0.5190777777777777), (3, 0.0, 0.12192777777777777), (2, 0.0, 0.0), (1, 0.0, 0.00021666666666666668), (1, 0.0, 0.0002833333333333333), (3, 0.0, 0.00023888888888888888), (3, 0.0, 0.028383333333333337), (3, 0.0, 0.0012944444444444446), (1, 0.0, 0.0006222222222222223), (2, 0.0, 0.0), (2, 0.09268333333333334, 0.011455555555555556)]","[122, 134, 123, 140, 138, 133, 125, 128, 130, 135, 136, 129, 137, 139, 126, 132]","[3, 6, 8, 11, 10, 4, 6, 11, 0, 1, 14, 15, 13, 6, 5, 1]","[True, True, True, True, True, True, True, True, True, True, True, True, True, True, True, True]"
