interval,activecontainers,ips,apparentips,ram,disk,creationids,hostalloc,active
1,3,"[2327.8664038117226, 454.0891471920266, 3121.8625785998443, 0, 0, 0, 0, 0, 0, 0, 0, 0, 0, 0, 0, 0]","[4029.0, 4029.0, 4029.0, 0, 0, 0, 0, 0, 0, 0, 0, 0, 0, 0, 0, 0]","[(335.544, 0.016466666666666664, 0.009866666666666668), (29.621666666666673, 4.1293999999999995, 4.1416), (0.0, 0.0, 0.0), 0, 0, 0, 0, 0, 0, 0, 0, 0, 0, 0, 0, 0]","[(3, 0.0, 0.015905555555555555), (3, 0.0, 1.6666666666666667e-05), (2, 0.0, 0.0), 0, 0, 0, 0, 0, 0, 0, 0, 0, 0, 0, 0, 0]","[0, 1, 2, -1, -1, -1, -1, -1, -1, -1, -1, -1, -1, -1, -1, -1]","[8, 10, 12, -1, -1, -1, -1, -1, -1, -1, -1, -1, -1, -1, -1, -1]","[True, True, True, False, False, False, False, False, False, False, False, False, False, False, False, False]"
2,5,"[2503.141050686958, 1315.5229705416066, 3065.1014408071205, 1235.3895160495777, 599.3113997345512, 0, 0, 0, 0, 0, 0, 0, 0, 0, 0, 0]","[2608.3090400726755, 1420.6909599273242, 4029.0, 4029.0, 4029.0, 0, 0, 0, 0, 0, 0, 0, 0, 0, 0, 0]","[(427.8186, 0.011466666666666667, 0.006066666666666666), (29.53446666666667, 12.107333333333337, 12.139266666666664), (0.0, 0.0, 0.0), (267.736, 0.28726666666666667, 0.0504), (0.0, 0.004733333333333333, 0.00013333333333333334), 0, 0, 0, 0, 0, 0, 0, 0, 0, 0, 0]","[(3, 1.666666666666667e-05, 0.017866666666666666), (3, 0.0, 1.6666666666666667e-05), (2, 0.0, 0.0), (1, 0.0, 0.0011611111111111112), (3, 0.0, 0.0014222222222222223), 0, 0, 0, 0, 0, 0, 0, 0, 0, 0, 0]","[0, 1, 2, 3, 4, -1, -1, -1, -1, -1, -1, -1, -1, -1, -1, -1]","[0, 0, 12, 2, 11, -1, -1, -1, -1, -1, -1, -1, -1, -1, -1, -1]","[True, True, True, True, True, False, False, False, False, False, False, False, False, False, False, False]"
3,12,"[2497.663717972107, 1135.2228679800667, 2911.512479720924, 1235.3895160495777, 620.0796165570354, 599.3113997345512, 731.2170323801198, 884.1326637750533, 454.0891471920266, 454.0891471920266, 1364.7688631682443, 652.7155422502, 0, 0, 0, 0]","[2936.9740878609537, 2355.0668603940203, 4029.0, 2322.154949746271, 1706.845050253729, 4029.0, 4029.0, 4029.0, 1673.93313960598, 4029.0, 4029.0, 1092.0259121390463, 0, 0, 0, 0]","[(419.43, 0.0086, 0.004933333333333334), (31.3258, 10.272666666666666, 10.300266666666666), (0.0, 0.0, 0.0), (279.6198, 0.2951333333333333, 0.05206666666666667), (0.0, 0.004666666666666667, 6.666666666666668e-05), (0.0, 0.004733333333333333, 0.00013333333333333334), (178.9568, 0.0019333333333333331, 0.0014666666666666665), (128.62506666666664, 0.00046666666666666666, 0.0014), (29.621666666666673, 4.1293999999999995, 4.1416), (29.621666666666673, 4.1293999999999995, 4.1416), (402.65259999999995, 0.0, 0.0), (433.41086666666666, 0.0023333333333333335, 0.0030666666666666668), 0, 0, 0, 0]","[(3, 0.0, 0.021744444444444445), (3, 0.0, 4.4444444444444447e-05), (2, 0.0, 0.0), (1, 0.0, 0.0009000000000000001), (3, 0.0, 0.001661111111111111), (3, 0.0, 0.0014222222222222223), (1, 0.36411666666666676, 0.01315), (2, 0.0705, 0.025599999999999998), (3, 0.0, 1.6666666666666667e-05), (3, 0.0, 1.6666666666666667e-05), (3, 0.1085, 0.004066666666666666), (1, 0.011300000000000001, 0.0010833333333333333), 0, 0, 0, 0]","[0, 1, 2, 3, 4, 5, 6, 7, 8, 9, 10, 11, -1, -1, -1, -1]","[3, 10, 12, 0, 0, 14, 8, 11, 10, 1, 7, 3, -1, -1, -1, -1]","[True, True, True, True, True, True, True, True, True, True, True, True, False, False, False, False]"
4,16,"[2664.722365775066, 1145.2395403445964, 3145.2348118086134, 1128.5450173642087, 578.5431829120669, 620.0796165570354, 657.7614400862267, 845.5631180399, 1315.5229705416066, 1315.5229705416066, 1691.1266347954333, 634.9142092797401, 2251.868135745323, 2006.6731654957287, 1071.7839430047102, 80.13338746088]","[3029.404078247663, 1929.358284901495, 4029.0, 1148.946880856223, 1993.7317831775158, 2035.2682168224842, 678.1633035782411, 865.9649815319144, 2099.6417150985053, 1335.924834033621, 4029.0, 999.5959217523371, 4029.0, 4029.0, 4029.0, 4029.0]","[(455.7806, 0.011333333333333336, 0.005066666666666666), (31.238400000000002, 10.958333333333334, 10.986266666666667), (0.0, 0.0, 0.0), (271.93059999999997, 0.26839999999999997, 0.0528), (0.0, 0.004533333333333333, 0.0), (0.0, 0.004666666666666667, 6.666666666666668e-05), (192.93779999999998, 0.003933333333333333, 0.0014666666666666665), (120.23626666666664, 0.0, 0.001066666666666667), (29.53446666666667, 12.107333333333337, 12.139266666666664), (29.53446666666667, 12.107333333333337, 12.139266666666664), (339.738, 0.0, 0.0), (398.45840000000004, 0.0016666666666666668, 0.0003333333333333333), (100.6632, 0.009333333333333334, 0.0108), (306.18366666666674, 0.5942000000000001, 0.19193333333333337), (125.829, 0.0033333333333333335, 0.0012666666666666666), (75.84646666666666, 0.0, 0.0)]","[(3, 0.0, 0.016805555555555553), (3, 0.0, 2.2222222222222223e-05), (2, 0.0, 0.0), (1, 0.0, 0.00115), (3, 0.0, 0.0012944444444444446), (3, 0.0, 0.001661111111111111), (1, 0.26766666666666666, 0.015294444444444444), (2, 1.666666666666667e-05, 0.0006111111111111112), (3, 0.0, 1.6666666666666667e-05), (3, 0.0, 1.6666666666666667e-05), (3, 0.2122, 0.00935), (1, 0.015133333333333334, 0.0009777777777777777), (2, 0.0, 0.002416666666666667), (3, 0.011550000000000001, 0.43049444444444446), (3, 0.0, 0.0006444444444444443), (2, 0.00015, 0.0002722222222222222)]","[0, 1, 2, 3, 4, 5, 6, 7, 8, 9, 10, 11, 12, 13, 14, 15]","[3, 10, 12, 0, 14, 14, 0, 0, 10, 0, 7, 3, 15, 6, 5, 8]","[True, True, True, True, True, True, True, True, True, True, True, True, True, True, True, True]"
5,16,"[2478.4930534701275, 1218.6951376844836, 2988.3069602640226, 1135.2227985320444, 581.5100710295644, 578.5431829120669, 711.18368902724, 809.96046043822, 1135.2228679800667, 1135.2228679800667, 1254.9939763481898, 655.6824310786097, 2266.7025766922616, 1352.2506356501997, 1068.445052216534, 86.81116974928666]","[4029.0, 2056.2361348522086, 4029.0, 1235.4884940108366, 681.7757665083566, 1948.1797469424134, 2080.8202530575863, 4029.0, 1972.7638651477916, 4029.0, 4029.0, 755.9481265574019, 4029.0, 4029.0, 1168.710747695326, 187.07686522807882]","[(332.7478, 0.012333333333333335, 0.0056), (30.75773333333333, 11.004733333333336, 11.030333333333335), (0.0, 0.0, 0.0), (277.5227333333333, 0.25306666666666666, 0.0498), (0.0, 0.004733333333333333, 0.0), (0.0, 0.004533333333333333, 0.0), (134.2176, 0.002, 0.0014), (72.7008, 6.666666666666668e-05, 0.0015333333333333334), (31.3258, 10.272666666666666, 10.300266666666666), (31.3258, 10.272666666666666, 10.300266666666666), (343.93240000000003, 0.0, 0.0), (349.5247333333333, 0.0023333333333333335, 0.003), (150.9948, 0.009333333333333334, 0.010933333333333335), (281.018, 0.42160000000000003, 0.13533333333333333), (170.56820000000002, 0.0034, 0.0014666666666666665), (71.827, 0.0, 0.0)]","[(3, 0.0, 0.021144444444444445), (3, 0.0, 2.2222222222222223e-05), (2, 0.0, 0.0), (1, 0.0, 0.001172222222222222), (3, 0.0, 0.0012333333333333335), (3, 0.0, 0.0012944444444444446), (1, 0.2701, 0.013050000000000004), (2, 0.0, 0.0005666666666666668), (3, 0.0, 4.4444444444444447e-05), (3, 0.0, 4.4444444444444447e-05), (3, 0.020033333333333334, 0.0038777777777777777), (1, 0.01145, 0.0009944444444444447), (2, 0.0, 0.0026888888888888887), (3, 1.666666666666667e-05, 0.2272388888888889), (3, 0.0, 0.0005666666666666666), (2, 0.09475, 0.017716666666666665)]","[0, 1, 2, 3, 4, 5, 6, 7, 8, 9, 10, 11, 12, 13, 14, 15]","[3, 10, 12, 0, 0, 14, 14, 2, 10, 1, 7, 0, 15, 6, 0, 0]","[True, True, True, True, True, True, True, True, True, True, True, True, True, True, True, True]"
6,16,"[2629.1197031285333, 1191.9840113790701, 3008.340303014396, 1208.6783913782356, 578.5431829120669, 581.5100710295644, 647.7447684097866, 1317.2983312621604, 1145.2395403445964, 1145.2395403445964, 1266.8615316800874, 640.84798693656, 2248.9012475559352, 1409.0117734429248, 1095.1561785219467, 0]","[4029.0, 2037.8722355172367, 4029.0, 1299.2231934404442, 1979.89920725114, 672.0548730917731, 2049.10079274886, 4029.0, 1991.127764482763, 1235.784342406805, 4029.0, 731.3927889987687, 4029.0, 4029.0, 4029.0, 90.54480206220869]","[(377.487, 0.011333333333333336, 0.0054), (30.932599999999997, 11.007200000000001, 11.033333333333335), (0.0, 0.0, 0.0), (304.0866, 0.2961333333333333, 0.05726666666666666), (0.0, 0.004733333333333333, 6.666666666666668e-05), (0.0, 0.004733333333333333, 0.0), (226.49220000000003, 0.0016666666666666668, 0.0014), (75.49706666666667, 0.0, 0.001066666666666667), (31.238400000000002, 10.958333333333334, 10.986266666666667), (31.238400000000002, 10.958333333333334, 10.986266666666667), (306.18359999999996, 0.0, 0.0), (475.3542666666667, 0.0017333333333333335, 0.0003333333333333333), (150.9948, 0.009266666666666668, 0.0106), (255.852, 0.49213333333333326, 0.15953333333333333), (170.56820000000002, 0.0033333333333333335, 0.0014), (107.65333333333331, 0.0, 0.0)]","[(3, 0.0, 0.030616666666666664), (3, 0.0, 2.2222222222222223e-05), (2, 0.0, 0.0), (1, 0.0, 0.0010444444444444444), (3, 0.0, 0.0012666666666666666), (3, 0.0, 0.0012333333333333335), (1, 0.27021666666666666, 0.012733333333333334), (2, 1.666666666666667e-05, 0.0007), (3, 0.0, 2.2222222222222223e-05), (3, 0.0, 2.2222222222222223e-05), (3, 0.008033333333333333, 0.003372222222222222), (1, 0.015333333333333336, 0.0008833333333333333), (2, 0.0, 0.0023555555555555556), (3, 8.333333333333333e-05, 0.28617777777777775), (3, 0.0, 0.0008388888888888889), (2, 0.0006, 0.00018333333333333334)]","[0, 1, 2, 3, 4, 5, 6, 7, 8, 9, 10, 11, 12, 13, 14, 15]","[3, 10, 12, 0, 14, 0, 14, 2, 10, 0, 7, 0, 15, 6, 5, 0]","[True, True, True, True, True, True, True, True, True, True, True, True, True, True, True, True]"
7,16,"[2505.879717044383, 1198.6617929554236, 3068.4403312655163, 1225.3728442978247, 593.3776234995555, 578.5431829120669, 724.5392512624934, 1459.7089616688797, 1218.6951376844836, 1218.6951376844836, 1204.5568661876246, 652.7155422502, 2254.8350239347114, 1816.3564093671823, 1105.1728508864767, 450.7502254398]","[4029.0, 2004.48332763547, 4029.0, 1249.8291013687096, 617.8338805704404, 1941.5019658247868, 2087.4980341752134, 1484.1652187397647, 2024.51667236453, 4029.0, 4029.0, 677.1717993210849, 4029.0, 4029.0, 4029.0, 4029.0]","[(321.563, 0.0134, 0.007933333333333334), (29.2284, 11.277066666666668, 11.304066666666667), (0.0, 0.0, 0.0), (292.20259999999996, 0.28073333333333333, 0.056799999999999996), (67.1088, 0.004666666666666667, 6.666666666666668e-05), (0.0, 0.004733333333333333, 6.666666666666668e-05), (271.2314, 0.0722, 0.0028666666666666667), (114.64386666666668, 0.0, 0.0011333333333333332), (30.75773333333333, 11.004733333333336, 11.030333333333335), (30.75773333333333, 11.004733333333336, 11.030333333333335), (322.961, 0.0, 0.0), (552.2496, 0.0023333333333333335, 0.0028666666666666667), (184.5492, 0.009333333333333334, 0.0108), (226.49179999999998, 0.6, 0.19540000000000002), (128.6252, 0.0032, 0.0014), (184.549, 0.0, 0.0)]","[(3, 0.0, 0.017744444444444448), (3, 0.0, 2.2222222222222223e-05), (2, 0.0, 0.0), (1, 0.0, 0.001027777777777778), (3, 0.0, 0.0012222222222222224), (3, 0.0, 0.0012666666666666666), (1, 0.24863333333333332, 0.04668333333333334), (2, 0.0, 0.0006555555555555555), (3, 0.0, 2.2222222222222223e-05), (3, 0.0, 2.2222222222222223e-05), (3, 0.007916666666666667, 0.003444444444444445), (1, 0.0116, 0.001061111111111111), (2, 0.0, 0.002338888888888889), (3, 0.00016666666666666666, 0.37338333333333334), (3, 0.0, 0.0005555555555555557), (1, 0.0, 0.00029444444444444445)]","[0, 1, 2, 3, 4, 5, 6, 7, 8, 9, 10, 11, 12, 13, 14, 16]","[3, 10, 12, 0, 0, 14, 14, 0, 10, 8, 7, 0, 15, 6, 5, 13]","[True, True, True, True, True, True, True, True, True, True, True, True, True, True, True, True]"
8,16,"[2519.573048831511, 1178.6284482263632, 0, 1228.7117348817424, 572.6094066770711, 593.3776234995555, 737.8948134977464, 845.5631180399, 1191.9840113790701, 1191.9840113790701, 1252.0270875152155, 623.0466539661, 2248.9012475559352, 2230.3788262082307, 1078.4617245810634, 570.9502855570801]","[4029.0, 1540.5544927988617, 4029.0, 1360.6691351352458, 934.5354512495696, 1942.2414050009045, 2086.7585949990953, 4029.0, 1553.9100559515687, 4029.0, 4029.0, 755.0040542196035, 4029.0, 4029.0, 1210.419124834567, 702.9076858105835]","[(343.9326, 0.013333333333333336, 0.0074666666666666675), (27.96146666666667, 11.744666666666664, 11.770666666666664), (0.0, 0.0, 0.0), (276.8236, 0.27726666666666666, 0.054666666666666655), (22.3696, 0.0048, 0.0), (67.1088, 0.004666666666666667, 6.666666666666668e-05), (164.9758, 0.0021333333333333334, 0.0014666666666666665), (92.27413333333331, 6.666666666666668e-05, 0.0013333333333333333), (30.932599999999997, 11.007200000000001, 11.033333333333335), (30.932599999999997, 11.007200000000001, 11.033333333333335), (301.98940000000005, 0.0, 0.0), (503.316, 0.0016666666666666668, 0.0003333333333333333), (218.1036, 0.009266666666666668, 0.010533333333333334), (209.7148, 0.7276, 0.23566666666666664), (134.2176, 0.0033333333333333335, 0.0014), (225.0938, 0.0, 0.0)]","[(3, 0.0, 0.017083333333333332), (3, 0.0, 2.2222222222222223e-05), (2, 0.0, 0.0), (1, 0.0, 0.0013833333333333334), (3, 0.0, 0.0012777777777777776), (3, 0.0, 0.0012222222222222224), (1, 0.2376, 0.013488888888888885), (2, 1.666666666666667e-05, 0.003455555555555556), (3, 0.0, 2.2222222222222223e-05), (3, 0.0, 2.2222222222222223e-05), (3, 0.00785, 0.003533333333333333), (1, 0.015533333333333333, 0.0008555555555555556), (2, 0.0, 0.0022555555555555554), (3, 0.00021666666666666668, 0.5190777777777777), (3, 0.0, 0.0007111111111111111), (1, 0.0, 0.0002833333333333333)]","[0, 1, 2, 3, 4, 5, 6, 7, 8, 9, 10, 11, 12, 13, 14, 16]","[3, 10, 12, 0, 10, 14, 14, 2, 10, 8, 7, 0, 15, 6, 0, 0]","[True, True, True, True, True, True, True, True, True, True, True, True, True, True, True, True]"
9,16,"[2440.1517244661704, 0, 1763.7010974382797, 1318.8617806475224, 664.582938319502, 0, 714.5225795860533, 833.6955655060068, 1198.6617929554236, 1198.6617929554236, 1225.3250880184453, 661.6162087354301, 2201.431036525731, 1318.8617310662446, 1058.4283798520034, 500.8335838220001]","[4029.0, 1415.1691035222882, 4029.0, 1328.74376524143, 674.4649229134096, 1657.2387102069733, 2371.7612897930267, 843.5775500999144, 2613.8308964777116, 4029.0, 4029.0, 671.4981933293377, 4029.0, 4029.0, 4029.0, 510.7155684159078]","[(478.1502, 0.012199999999999999, 0.007066666666666666), (28.00533333333333, 10.849266666666667, 10.8736), (39.146666666666654, 0.29753333333333337, 0.0019333333333333331), (332.04866666666675, 0.30326666666666663, 0.05866666666666666), (78.29360000000001, 0.005933333333333334, 0.0014666666666666665), (22.3696, 0.0048, 0.0), (159.3834, 0.0022666666666666664, 0.0018), (76.89526666666666, 0.0, 0.001), (29.2284, 11.277066666666668, 11.304066666666667), (29.2284, 11.277066666666668, 11.304066666666667), (328.5532, 0.0, 0.0), (426.4208, 0.0021333333333333334, 0.002933333333333333), (268.4352, 0.009333333333333334, 0.0108), (255.852, 0.40273333333333333, 0.13053333333333333), (268.4352, 0.0032666666666666664, 0.0013333333333333333), (191.5394, 0.0, 0.0)]","[(3, 0.0009, 0.02215), (3, 0.0, 1.6666666666666667e-05), (1, 0.003, 0.06097777777777777), (1, 0.0, 0.0009222222222222221), (3, 0.0, 0.0033777777777777777), (3, 0.0, 0.0012777777777777776), (1, 0.27031666666666665, 0.012972222222222222), (2, 0.0, 0.0005055555555555555), (3, 0.0, 2.2222222222222223e-05), (3, 0.0, 2.2222222222222223e-05), (3, 0.007816666666666666, 0.003527777777777778), (1, 0.01175, 0.0009611111111111112), (2, 0.0, 0.0022944444444444444), (3, 5e-05, 0.20164999999999994), (3, 0.0, 0.00065), (1, 1.666666666666667e-05, 0.0002611111111111111)]","[0, 1, 17, 3, 4, 5, 6, 7, 8, 9, 10, 11, 12, 13, 14, 16]","[3, 10, 12, 0, 0, 14, 14, 0, 10, 8, 7, 0, 15, 6, 5, 0]","[True, True, True, True, True, True, True, True, True, True, True, True, True, True, True, True]"
10,16,"[2429.1970590364676, 1646.6233023008167, 1385.7651479872202, 1228.7117348817424, 626.0133927920311, 1763.7010974382797, 707.8447984684265, 827.7617892390601, 1178.6284482263632, 1178.6284482263632, 1254.9939763481898, 634.9142092797401, 2248.9012475559352, 1425.7062257349019, 1075.1228337928867, 474.12245935149326]","[4029.0, 2124.9585382829573, 1825.5320252744702, 1259.8407366376498, 1738.192472282834, 2203.4679747255295, 738.9738002243339, 858.8907909949676, 2290.807527717166, 4029.0, 4029.0, 666.0432110356476, 4029.0, 1904.0414617170425, 4029.0, 505.25146110740076]","[(461.373, 0.013266666666666668, 0.0067333333333333325), (125.829, 0.9397333333333332, 0.7602666666666668), (65.71033333333331, 0.2166, 0.004533333333333333), (318.06759999999997, 0.2734, 0.057466666666666666), (44.7392, 0.004666666666666667, 6.666666666666668e-05), (39.146666666666654, 0.29753333333333337, 0.0019333333333333331), (173.3644, 0.0022, 0.0016), (79.6912, 6.666666666666668e-05, 0.001), (27.96146666666667, 11.744666666666664, 11.770666666666664), (27.96146666666667, 11.744666666666664, 11.770666666666664), (282.41606666666667, 0.0, 0.0), (398.45840000000004, 0.0017333333333333335, 0.0004), (33.5544, 0.009266666666666668, 0.010666666666666666), (213.9092, 0.46873333333333334, 0.15180000000000002), (248.8618, 0.0033333333333333335, 0.0014), (225.09366666666662, 0.0, 0.0)]","[(3, 0.0, 0.017055555555555553), (2, 0.0, 0.009888888888888888), (1, 0.0002833333333333333, 0.09404444444444444), (1, 0.0, 0.0007888888888888889), (3, 0.0, 0.0013444444444444443), (1, 0.003, 0.06097777777777777), (1, 0.2694166666666667, 0.013116666666666667), (2, 1.666666666666667e-05, 0.0004111111111111111), (3, 0.0, 2.2222222222222223e-05), (3, 0.0, 2.2222222222222223e-05), (3, 0.00675, 0.003411111111111111), (1, 0.015733333333333332, 0.001), (2, 0.0, 0.0023555555555555556), (3, 3.3333333333333335e-05, 0.2765777777777778), (3, 0.0, 0.0008222222222222222), (1, 0.0, 0.0002833333333333333)]","[0, 18, 17, 3, 4, 19, 6, 7, 8, 9, 10, 11, 12, 13, 14, 16]","[3, 6, 12, 0, 10, 12, 0, 0, 10, 8, 7, 0, 15, 6, 5, 0]","[True, True, True, True, True, True, True, True, True, True, True, True, True, True, True, True]"
11,16,"[2420.981059964191, 1622.8881916370212, 1569.2557901120101, 1175.2894855390578, 0, 1385.7651479872202, 0, 809.96046043822, 1141.90064955642, 0, 0, 655.6824310786097, 5046.6768101486105, 2036.723179621289, 1061.76727064018, 580.9669572335199]","[4029.0, 1807.5825060078662, 2106.2453210623953, 1314.112949416216, 1443.54967522179, 1922.7546789376051, 4029.0, 4029.0, 2585.45032477821, 4029.0, 4029.0, 794.505894955768, 4029.0, 2221.417493992134, 1200.5907345173382, 719.7904211106782]","[(416.6338, 0.0116, 0.0067333333333333325), (139.81, 0.972, 0.7780666666666667), (40.54486666666667, 0.21746666666666667, 0.0017333333333333335), (304.0866, 0.26866666666666666, 0.058866666666666664), (44.7392, 0.004666666666666667, 0.0), (65.71033333333331, 0.2166, 0.004533333333333333), (164.9758, 0.0023333333333333335, 0.0016666666666666668), (86.68193333333333, 0.0, 0.001), (28.00533333333333, 10.849266666666667, 10.8736), (28.00533333333333, 10.849266666666667, 10.8736), (459.97486666666657, 0.0, 0.0), (391.4678666666666, 0.0023333333333333335, 0.003), (369.0984, 0.018533333333333336, 0.025066666666666668), (212.51093333333333, 0.6914, 0.224), (139.81, 0.0034, 0.0014), (159.38313333333332, 0.0, 0.0)]","[(3, 0.0, 0.024077777777777778), (2, 0.0, 0.011461111111111111), (1, 0.0, 0.05373333333333333), (1, 0.0, 0.000861111111111111), (3, 0.0, 0.0013), (1, 0.0002833333333333333, 0.09404444444444444), (1, 0.2995333333333334, 0.013277777777777779), (2, 0.0, 0.0003888888888888888), (3, 0.0, 1.6666666666666667e-05), (3, 0.0, 1.6666666666666667e-05), (3, 0.0192, 0.013244444444444444), (1, 0.011933333333333336, 0.001027777777777778), (2, 0.0, 0.0054888888888888895), (3, 0.0002333333333333333, 0.49188333333333323), (3, 0.0, 0.0006222222222222223), (1, 0.0, 0.0002722222222222222)]","[0, 18, 17, 3, 4, 19, 6, 7, 8, 9, 10, 11, 12, 13, 14, 16]","[3, 6, 12, 0, 10, 12, 14, 2, 10, 8, 7, 0, 15, 6, 0, 0]","[True, True, True, True, True, True, True, True, True, True, True, True, True, True, True, True]"
12,16,"[2366.2077328156797, 1578.3848591424044, 1517.22113040498, 1252.0839689691668, 1108.5118598755066, 1569.2557901120101, 2180.662757134983, 0, 1148.5784311327734, 2180.662757134983, 1115.1894634134223, 626.01354279451, 6361.008278047395, 1769.6119429496443, 1081.80061536924, 450.7502254398]","[4029.0, 1608.826710055934, 1988.482670146485, 1282.5258198826964, 4029.0, 2040.517329853515, 4029.0, 4029.0, 2031.1944838596755, 4029.0, 1997.8055161403245, 656.4553937080397, 4029.0, 4029.0, 4029.0, 481.1920763533296]","[(402.6528, 0.011733333333333332, 0.0074666666666666675), (184.5492, 0.9548666666666666, 0.7652666666666668), (26.56353333333333, 0.21073333333333333, 0.0014), (299.8922, 0.2914, 0.05526666666666666), (67.1088, 0.0, 0.001), (40.54486666666667, 0.21746666666666667, 0.0017333333333333335), (473.9556, 4.806, 0.02386666666666667), (85.284, 0.0, 0.001), (29.18493333333334, 11.238933333333332, 11.264533333333333), (473.9556, 4.806, 0.02386666666666667), (499.1218, 0.0016666666666666668, 0.0011333333333333332), (440.4016, 0.0017333333333333335, 0.0003333333333333333), (1157.6274666666666, 0.016533333333333334, 0.022133333333333328), (190.14146666666667, 0.5508, 0.17880000000000001), (204.1226, 0.003466666666666667, 0.0014666666666666665), (201.3262, 0.0, 0.0)]","[(3, 1.666666666666667e-05, 0.02868888888888889), (2, 1.666666666666667e-05, 0.010605555555555557), (1, 1.666666666666667e-05, 0.05187222222222222), (1, 0.0, 0.0008333333333333334), (3, 0.0, 0.0), (1, 0.0, 0.05373333333333333), (1, 0.0, 0.005094444444444444), (2, 1.666666666666667e-05, 0.00042777777777777774), (3, 0.0, 4.4444444444444447e-05), (1, 0.0, 0.005094444444444444), (2, 0.0, 0.0010999999999999998), (1, 0.016149999999999998, 0.0009166666666666666), (2, 0.0, 0.005333333333333333), (3, 0.00013333333333333334, 0.3462888888888889), (3, 0.0, 0.0008111111111111111), (1, 0.0, 0.0002666666666666667)]","[0, 18, 17, 3, 20, 19, 21, 7, 8, 22, 23, 11, 12, 13, 14, 16]","[3, 0, 12, 0, 14, 12, 7, 2, 10, 1, 10, 0, 15, 6, 5, 0]","[True, True, True, True, True, True, True, True, True, True, True, True, True, True, True, True]"
13,16,"[2826.303680863173, 1622.8881916370212, 1569.2557901120101, 1205.339500794318, 1115.189642163913, 1517.22113040498, 1462.6758357381586, 1071.7839430047102, 0, 1462.6758357381586, 1175.2894943758222, 649.7486534217899, 2438.7820916767528, 1292.1506073990797, 0, 537.5613799689467]","[4029.0, 2179.8687921189708, 2040.517329853515, 1248.7581583135147, 4029.0, 1988.482670146485, 2158.1931706811683, 4029.0, 4029.0, 1506.0944932573552, 1870.806829318832, 693.1673109409866, 4029.0, 1849.1312078810292, 4029.0, 580.9800374881434]","[(363.506, 0.0166, 0.009666666666666665), (131.4214, 0.9578666666666666, 0.7716000000000001), (40.54466666666666, 0.2174, 0.0013333333333333333), (294.2998, 0.28173333333333334, 0.05493333333333333), (47.5354, 0.0, 0.001), (26.56353333333333, 0.21073333333333333, 0.0014), (384.4776, 1.923, 0.024933333333333335), (125.829, 0.0033333333333333335, 0.0012666666666666666), (29.79646666666667, 11.306333333333336, 11.331333333333335), (384.4776, 1.923, 0.024933333333333335), (553.6476, 0.0017333333333333335, 0.0015333333333333334), (580.2119333333335, 0.0024, 0.003), (167.772, 0.009333333333333334, 0.0104), (198.53, 0.4244, 0.13933333333333334), (181.753, 0.0032, 0.0012666666666666666), (183.15086666666667, 0.00013333333333333334, 6.666666666666668e-05)]","[(3, 0.0, 0.017905555555555557), (2, 0.0, 0.010555555555555558), (1, 0.00013333333333333334, 0.05250555555555555), (1, 0.0, 0.001), (3, 0.0, 0.0), (1, 1.666666666666667e-05, 0.05187222222222222), (1, 0.0, 0.005011111111111111), (3, 0.0, 0.0006444444444444443), (3, 0.0, 1.6666666666666667e-05), (1, 0.0, 0.005011111111111111), (2, 0.0, 0.0005222222222222223), (1, 0.012150000000000001, 0.00095), (2, 0.0, 0.002172222222222222), (3, 1.666666666666667e-05, 0.19247222222222224), (3, 0.0, 0.00046111111111111103), (1, 0.005966666666666668, 0.0008777777777777778)]","[0, 18, 17, 3, 20, 19, 21, 24, 8, 22, 23, 11, 12, 13, 14, 16]","[3, 6, 12, 0, 14, 12, 7, 1, 10, 0, 7, 0, 15, 6, 5, 0]","[True, True, True, True, True, True, True, True, True, True, True, True, True, True, True, True]"
14,15,"[2823.565014505748, 1596.1861921402513, 1662.37044432459, 1238.7284066334953, 1115.189642163913, 1569.2557901120101, 2530.7555535185593, 1068.445052216534, 0, 2530.7555535185593, 1121.8672446314667, 628.9804316229198, 2554.490731062876, 0, 1071.7839430047102, 527.5447082925066]","[4029.0, 2812.5930960701253, 2061.05732710629, 1380.0537569421313, 1306.7170443226769, 1967.94267289371, 2718.9441544435463, 1209.77040252517, 0, 2722.282955677323, 1310.0558455564537, 770.3057819315559, 4029.0, 1216.4069039298743, 4029.0, 668.8700586011427]","[(422.2262, 0.03953333333333333, 0.018666666666666668), (153.791, 0.9633999999999999, 0.7669333333333332), (36.35026666666667, 0.25166666666666665, 0.0012), (281.7169333333334, 0.28753333333333336, 0.054), (72.7012, 0.0, 0.001), (40.54466666666666, 0.2174, 0.0013333333333333333), (419.43, 3.8347333333333333, 0.0464), (170.56820000000002, 0.0034, 0.0014666666666666665), 0, (419.43, 3.8347333333333333, 0.0464), (461.3726, 0.008400000000000001, 0.008866666666666667), (566.2307333333333, 0.0016666666666666668, 0.0002666666666666667), (536.8704, 0.009266666666666668, 0.0106), (194.33579999999998, 0.31493333333333334, 0.10186666666666666), (125.829, 0.0033333333333333335, 0.0012666666666666666), (222.2977333333333, 0.0, 0.0)]","[(3, 0.0, 0.019144444444444443), (2, 0.0, 0.0117), (1, 0.0, 0.05533333333333333), (1, 0.0, 0.00115), (3, 0.0, 0.0), (1, 0.00013333333333333334, 0.05250555555555555), (1, 0.00031666666666666665, 0.004988888888888889), (3, 0.0, 0.0005666666666666666), 0, (1, 0.00031666666666666665, 0.004988888888888889), (2, 0.0, 0.0004944444444444445), (1, 0.01635, 0.00095), (2, 0.0, 0.0023777777777777777), (3, 0.0, 0.12192777777777777), (3, 0.0, 0.0006444444444444443), (1, 0.0, 0.00019999999999999998)]","[0, 18, 17, 3, 20, 19, 21, 24, -1, 22, 23, 11, 12, 13, 26, 16]","[3, 6, 12, 0, 14, 12, 7, 0, -1, 14, 7, 0, 15, 6, 8, 0]","[True, True, True, True, True, True, True, True, False, True, True, True, True, True, True, True]"
15,16,"[2689.3703629918955, 1655.52396879974, 1654.15444542348, 1255.4228595530844, 1105.1729687313032, 1662.37044432459, 1379.6029687996834, 1095.1561785219467, 922.7020845904912, 1379.6029687996834, 1035.0560887968888, 646.7817645933799, 2450.6496444343047, 884.1326637750533, 1068.445052216534, 450.7502254398]","[4029.0, 1660.654264203239, 2010.3920005494451, 1260.5531549565835, 1877.28499996581, 2018.607999450555, 2186.7734400013974, 4029.0, 4029.0, 2151.71500003419, 1842.2265599986029, 651.9120599968788, 4029.0, 1922.3438057792598, 2106.6561942207404, 455.88052084329894]","[(433.411, 0.0188, 0.012333333333333335), (125.829, 0.9370666666666667, 0.7570666666666667), (36.35046666666667, 0.2538666666666667, 0.0013333333333333333), (282.41613333333333, 0.3092, 0.0536), (33.5544, 0.0, 0.001), (36.35026666666667, 0.25166666666666665, 0.0012), (442.49846666666673, 3.044, 0.055333333333333345), (170.56820000000002, 0.0033333333333333335, 0.0014), (97.867, 0.5311333333333333, 0.4374666666666666), (442.49846666666673, 3.044, 0.055333333333333345), (448.7898, 0.009933333333333334, 0.0104), (566.2308, 0.0022, 0.002933333333333333), (738.197, 0.009333333333333334, 0.0108), (128.62506666666664, 0.00046666666666666666, 0.0014), (170.56820000000002, 0.0034, 0.0014666666666666665), (257.2502, 0.0, 0.0)]","[(3, 0.0, 0.02216111111111111), (2, 0.06273333333333334, 0.031105555555555553), (1, 0.0, 0.0559388888888889), (1, 0.0, 0.0005888888888888889), (3, 0.0, 0.0), (1, 0.0, 0.05533333333333333), (1, 0.0, 0.004972222222222222), (3, 0.0, 0.0008388888888888889), (1, 0.0, 0.0014666666666666662), (1, 0.0, 0.004972222222222222), (2, 0.0, 0.0004944444444444445), (1, 0.013033333333333333, 0.0012666666666666666), (2, 0.0, 0.0023666666666666667), (2, 0.0705, 0.025599999999999998), (3, 0.0, 0.0005666666666666666), (1, 0.0, 0.00023888888888888888)]","[0, 18, 17, 3, 20, 19, 21, 24, 25, 22, 23, 11, 12, 27, 26, 16]","[3, 0, 12, 0, 14, 12, 7, 2, 4, 14, 7, 0, 15, 8, 8, 0]","[True, True, True, True, True, True, True, True, True, True, True, True, True, True, True, True]"
16,16,"[0, 2278.570623724373, 1678.80244212681, 1101.8338926928666, 1111.8507510197098, 1654.15444542348, 1530.9142621519063, 1105.1728508864767, 925.6689723222934, 1530.9142621519063, 1051.750541842, 634.9142092797401, 2453.616532623692, 845.5631180399, 1095.1561785219467, 564.2725044394533]","[4029.0, 4029.0, 2026.823998351665, 1257.5355283682325, 1804.9682444339016, 2002.176001648335, 2254.081860154953, 1260.8744865618423, 4029.0, 2224.031755566098, 1774.9181398450469, 790.6158449551059, 4029.0, 1889.7034697589766, 2139.296530241023, 719.9741401148191]","[(369.0984, 0.017666666666666667, 0.010733333333333333), (226.49220000000003, 0.9202666666666668, 0.7430666666666668), (71.3028, 0.24086666666666667, 0.0012), (264.94006666666667, 0.23893333333333336, 0.04573333333333334), (39.146800000000006, 0.0, 0.001), (36.35046666666667, 0.2538666666666667, 0.0013333333333333333), (440.4012, 3.206266666666667, 0.1867333333333333), (128.6252, 0.0032, 0.0014), (114.6442, 0.5428, 0.4749333333333333), (440.4012, 3.206266666666667, 0.1867333333333333), (450.1882666666667, 0.0092, 0.009466666666666667), (426.42053333333325, 0.0013333333333333333, 0.0002), (352.32120000000003, 0.0094, 0.010866666666666667), (120.23626666666664, 0.0, 0.001066666666666667), (170.56820000000002, 0.0033333333333333335, 0.0014), (192.93746666666667, 0.0, 0.0)]","[(3, 0.0, 0.018283333333333335), (2, 0.09268333333333334, 0.011455555555555556), (1, 0.0, 0.05382777777777778), (1, 0.0, 0.0006888888888888888), (3, 0.0, 0.0), (1, 0.0, 0.0559388888888889), (1, 1.666666666666667e-05, 0.0052), (3, 0.0, 0.0005555555555555557), (1, 0.0, 0.001527777777777778), (1, 1.666666666666667e-05, 0.0052), (2, 0.0, 0.0005166666666666667), (1, 0.016550000000000002, 0.0009000000000000001), (2, 0.0, 0.002344444444444444), (2, 1.666666666666667e-05, 0.0006111111111111112), (3, 0.0, 0.0008388888888888889), (1, 0.0, 0.0002777777777777778)]","[0, 18, 17, 3, 20, 19, 21, 24, 25, 22, 23, 11, 12, 27, 26, 16]","[3, 6, 12, 0, 14, 12, 7, 0, 4, 14, 7, 0, 15, 8, 8, 0]","[True, True, True, True, True, True, True, True, True, True, True, True, True, True, True, True]"
17,16,"[1154.1194728238213, 1590.2524144743022, 1615.8131172183, 1111.85056444462, 1252.08417907625, 1678.80244212681, 1483.4440524727775, 1078.4617245810634, 928.6358600540952, 1483.4440524727775, 1055.0894324510223, 655.6824310786097, 0, 809.96046043822, 1105.1728508864767, 500.8335838220001]","[4029.0, 4029.0, 1983.0053375457449, 1116.257984477111, 1898.8200633017361, 2045.994662454255, 2228.6773100108776, 4029.0, 933.0432800865863, 2130.1799366982636, 1800.3226899891224, 660.0898511111008, 4029.0, 814.367880470711, 4029.0, 505.24100385449117]","[(176.16013333333333, 1.632466666666667, 0.017733333333333334), (142.6062, 0.9306666666666665, 0.7520666666666668), (46.137, 0.22346666666666667, 0.0013333333333333333), (278.9208, 0.29560000000000003, 0.05173333333333334), (173.3644, 6.666666666666668e-05, 0.0016), (71.3028, 0.24086666666666667, 0.0012), (478.84913333333344, 2.3301999999999996, 0.8102), (134.2176, 0.0033333333333333335, 0.0014), (109.0518, 0.5416666666666666, 0.5044666666666666), (478.84913333333344, 2.3301999999999996, 0.8102), (461.373, 0.0016666666666666668, 0.0013333333333333333), (433.41086666666666, 0.0023333333333333335, 0.0030666666666666668), (218.1036, 0.009333333333333334, 0.010666666666666666), (72.7008, 6.666666666666668e-05, 0.0015333333333333334), (128.6252, 0.0032, 0.0014), (187.3452, 0.0, 0.0)]","[(3, 0.0, 0.0001388888888888889), (2, 0.0, 0.012455555555555557), (1, 5e-05, 0.05402777777777778), (1, 0.0, 0.0006055555555555556), (3, 0.03166666666666667, 0.0017722222222222221), (1, 0.0, 0.05382777777777778), (1, 0.0, 0.004461111111111111), (3, 0.0, 0.0007111111111111111), (1, 0.0, 0.0017222222222222224), (1, 0.0, 0.004461111111111111), (2, 0.0, 0.01923888888888889), (1, 0.01245, 0.0010222222222222223), (2, 0.0, 0.002655555555555556), (2, 0.0, 0.0005666666666666668), (3, 0.0, 0.0005555555555555557), (1, 0.0, 0.0002833333333333333)]","[28, 18, 17, 3, 20, 19, 21, 24, 25, 22, 23, 11, 12, 27, 26, 16]","[11, 6, 12, 0, 14, 12, 7, 1, 0, 14, 7, 0, 15, 0, 8, 0]","[True, True, True, True, True, True, True, True, True, True, True, True, True, True, True, True]"
18,16,"[1875.0732823255908, 1563.5504149775322, 1536.3917945075702, 1292.15065597618, 1105.1729687313032, 1615.8131172183, 949.4041935825778, 1058.4283798520034, 931.6027477858978, 949.4041935825778, 1038.394979405911, 626.01354279451, 731.2170323801198, 1317.2983312621604, 1078.4617245810634, 510.85025549844005]","[4029.0, 2137.626041857686, 1974.789338644635, 1459.2463554624228, 2092.384387574363, 2054.210661355365, 1970.0046070883334, 4029.0, 1098.6984472721408, 1936.6156124256374, 2058.9953929116664, 793.109242280753, 4029.0, 1891.3739581423142, 4029.0, 677.9459549846831]","[(214.6078, 3.082733333333333, 0.04673333333333334), (117.4404, 0.9303333333333335, 0.7412666666666667), (58.719800000000006, 0.21913333333333332, 0.0012), (292.9019333333334, 0.3054, 0.05866666666666666), (156.58720000000002, 6.666666666666668e-05, 0.001066666666666667), (46.137, 0.22346666666666667, 0.0013333333333333333), (333.44686666666666, 0.9099333333333333, 0.8626), (268.4352, 0.0032666666666666664, 0.0013333333333333333), (109.0518, 0.5368666666666667, 0.4758666666666667), (333.44686666666666, 0.9099333333333333, 0.8626), (450.1881333333334, 0.0015333333333333334, 0.0012), (419.43, 0.0017333333333333335, 0.0002666666666666667), (178.9568, 0.0019333333333333331, 0.0014666666666666665), (75.49706666666667, 0.0, 0.001066666666666667), (134.2176, 0.0033333333333333335, 0.0014), (160.7812, 0.0, 0.0)]","[(3, 0.0, 0.00015555555555555556), (2, 0.0, 0.010772222222222223), (1, 1.666666666666667e-05, 0.053094444444444444), (1, 0.0, 0.000977777777777778), (3, 0.0, 0.0002833333333333333), (1, 5e-05, 0.05402777777777778), (1, 0.0, 0.004088888888888889), (3, 0.0, 0.00065), (1, 0.0, 0.0017166666666666667), (1, 0.0, 0.004088888888888889), (2, 0.0, 0.0005), (1, 0.01675, 0.0009611111111111112), (1, 0.36411666666666676, 0.01315), (2, 1.666666666666667e-05, 0.0007), (3, 0.0, 0.0007111111111111111), (1, 0.0, 0.0002666666666666667)]","[28, 18, 17, 3, 20, 19, 21, 24, 25, 22, 23, 11, 29, 27, 26, 16]","[11, 6, 12, 0, 14, 12, 7, 1, 0, 14, 7, 0, 10, 6, 8, 0]","[True, True, True, True, True, True, True, True, True, True, True, True, True, True, True, True]"
19,16,"[1510.1460454172877, 1554.649748478609, 1618.55178351867, 1238.7284066334953, 1118.528533308117, 1536.3917945075702, 732.8213619215522, 1075.1228337928867, 925.6689723222934, 732.8213619215522, 1071.7838854961333, 661.6162087354301, 657.7614400862267, 1459.7089616688797, 1058.4283798520034, 0]","[4029.0, 2061.970393404865, 2055.5799945055496, 1539.4750097106908, 2207.353585693282, 1973.4200054944502, 1845.0187382127096, 4029.0, 1226.4155753994887, 1821.6464143067178, 2183.9812617872904, 962.3628118126254, 4029.0, 1967.0296065951354, 4029.0, 300.74660307719535]","[(434.80906666666664, 2.7484, 0.018466666666666666), (83.886, 0.8937333333333333, 0.7318666666666667), (46.1372, 0.21906666666666663, 0.0013333333333333333), (262.1436, 0.27673333333333333, 0.05373333333333334), (97.867, 0.0, 0.001), (58.719800000000006, 0.21913333333333332, 0.0012), (199.92773333333332, 0.9031333333333333, 0.010666666666666666), (248.8618, 0.0033333333333333335, 0.0014), (95.0708, 0.5381333333333334, 0.44586666666666674), (199.92773333333332, 0.9031333333333333, 0.010666666666666666), (471.1595333333333, 0.0023333333333333335, 0.0020666666666666667), (510.3068, 0.0024, 0.0030666666666666668), (192.93779999999998, 0.003933333333333333, 0.0014666666666666665), (114.64386666666668, 0.0, 0.0011333333333333332), (268.4352, 0.0032666666666666664, 0.0013333333333333333), (209.7147333333333, 0.0, 0.0)]","[(3, 0.0, 0.00023888888888888888), (2, 0.0, 0.007866666666666668), (1, 0.0, 0.05315555555555555), (1, 0.0, 0.0009944444444444447), (3, 0.008, 0.00039999999999999996), (1, 1.666666666666667e-05, 0.053094444444444444), (1, 0.0, 0.005077777777777777), (3, 0.0, 0.0008222222222222222), (1, 0.0, 0.0017277777777777773), (1, 0.0, 0.005077777777777777), (2, 0.0, 0.0004777777777777777), (1, 0.012683333333333335, 0.001), (1, 0.26766666666666666, 0.015294444444444444), (2, 0.0, 0.0006555555555555555), (3, 0.0, 0.00065), (1, 0.0, 0.00030555555555555555)]","[28, 18, 17, 3, 20, 19, 21, 24, 25, 22, 23, 11, 29, 27, 26, 16]","[11, 6, 12, 0, 14, 12, 7, 1, 0, 14, 7, 0, 10, 6, 8, 0]","[True, True, True, True, True, True, True, True, True, True, True, True, True, True, True, True]"
20,16,"[1501.2453811024511, 1554.649748478609, 1607.5971183171898, 1215.356172546071, 1121.86742445232, 1618.55178351867, 851.4968861193744, 1061.76727064018, 934.5696355177, 851.4968861193744, 1098.4950103683113, 620.07976513769, 711.18368902724, 845.5631180399, 1075.1228337928867, 517.5280212281833]","[4029.0, 2369.0433152193546, 2009.02266739926, 1264.6629615856607, 2149.6852691664726, 2019.97733260074, 1891.0009378755317, 1111.0740596797696, 983.8764245572896, 1879.3147308335274, 2137.9990621244688, 669.3865541772795, 2111.3278338995283, 1659.9566847806454, 4029.0, 1917.6721661004717]","[(348.1266, 1.8001333333333334, 0.6946), (92.2746, 0.9142666666666668, 0.7324666666666667), (32.15606666666666, 0.22213333333333332, 0.0012666666666666666), (271.93026666666674, 0.2806, 0.05026666666666666), (81.0898, 0.0, 0.001), (46.1372, 0.21906666666666663, 0.0013333333333333333), (167.77133333333336, 0.8164666666666667, 0.02233333333333333), (139.81, 0.0034, 0.0014), (92.2746, 0.5394, 0.44333333333333325), (167.77133333333336, 0.8164666666666667, 0.02233333333333333), (452.98440000000005, 0.0015333333333333334, 0.0012), (678.0789333333335, 0.0017333333333333335, 0.0003333333333333333), (134.2176, 0.002, 0.0014), (92.27413333333331, 6.666666666666668e-05, 0.0013333333333333333), (248.8618, 0.0033333333333333335, 0.0014), (58.7202, 0.004733333333333333, 0.00013333333333333334)]","[(3, 0.0, 0.00039999999999999996), (2, 0.0, 0.010216666666666666), (1, 0.0, 0.05301111111111111), (1, 0.0, 0.0010166666666666666), (3, 0.0, 0.0), (1, 0.0, 0.05315555555555555), (1, 0.0, 0.005544444444444444), (3, 0.0, 0.0006222222222222223), (1, 0.0, 0.0022722222222222224), (1, 0.0, 0.005544444444444444), (2, 0.0, 0.0005055555555555555), (1, 0.017, 0.0010222222222222223), (1, 0.2701, 0.013050000000000004), (2, 1.666666666666667e-05, 0.003455555555555556), (3, 0.0, 0.0008222222222222222), (2, 0.0, 0.0010944444444444443)]","[28, 18, 17, 3, 20, 19, 21, 24, 25, 22, 23, 11, 29, 27, 26, 30]","[11, 6, 12, 0, 14, 12, 7, 0, 0, 14, 7, 0, 10, 6, 8, 10]","[True, True, True, True, True, True, True, True, True, True, True, True, True, True, True, True]"
21,16,"[976.1061865270877, 1560.5835261445573, 1917.0664102590001, 0, 1105.1729687313032, 1607.5971183171898, 1483.4440524727775, 1081.80061536924, 1284.662387870362, 1483.4440524727775, 1041.7338700149332, 0, 647.7447684097866, 833.6955655060068, 1061.76727064018, 510.85024030910995]","[4029.0, 2377.9439803192754, 2169.234645970905, 554.1789989201328, 1825.3644581292629, 1859.7653540290949, 2235.355091228922, 1635.9796142893729, 1838.8413867904947, 2203.635541870737, 1793.6449087710778, 4029.0, 2082.947264050338, 1651.0560196807246, 4029.0, 1946.0527359496616]","[(230.686, 0.866, 0.3906666666666667), (134.2176, 0.8891333333333333, 0.7291333333333333), (58.719800000000006, 0.34153333333333336, 0.0017333333333333335), (272.62953333333326, 0.2581333333333333, 0.05413333333333333), (117.4404, 0.0, 0.001), (32.15606666666666, 0.22213333333333332, 0.0012666666666666666), (186.64606666666668, 3.3434, 0.0272), (204.1226, 0.003466666666666667, 0.0014666666666666665), (226.49220000000003, 0.5299333333333333, 0.43666666666666676), (186.64606666666668, 3.3434, 0.0272), (473.9558, 0.0015333333333333334, 0.0011333333333333332), (524.2876, 0.0021333333333333334, 0.002933333333333333), (226.49220000000003, 0.0016666666666666668, 0.0014), (76.89526666666666, 0.0, 0.001), (139.81, 0.0034, 0.0014), (50.3316, 0.004666666666666667, 0.00013333333333333334)]","[(3, 1.666666666666667e-05, 0.0003444444444444445), (2, 1.666666666666667e-05, 0.00786111111111111), (1, 0.00016666666666666666, 0.06364444444444443), (1, 0.0, 0.0009222222222222221), (3, 0.0, 0.0), (1, 0.0, 0.05301111111111111), (1, 0.0, 0.005394444444444445), (3, 0.0, 0.0008111111111111111), (1, 0.0007666666666666667, 0.00215), (1, 0.0, 0.005394444444444445), (2, 0.0, 0.0005111111111111112), (1, 0.0129, 0.0010055555555555553), (1, 0.27021666666666666, 0.012733333333333334), (2, 0.0, 0.0005055555555555555), (3, 0.0, 0.0006222222222222223), (2, 0.0, 0.0010555555555555557)]","[28, 18, 17, 3, 20, 19, 21, 24, 25, 22, 23, 11, 29, 27, 26, 30]","[11, 6, 12, 0, 14, 12, 7, 0, 0, 14, 7, 4, 10, 6, 8, 10]","[True, True, True, True, True, True, True, True, True, True, True, True, True, True, True, True]"
22,15,"[1465.6427238431045, 1530.9146378148132, 2037.56772747528, 0, 1131.8840978849303, 1917.0664102590001, 1397.4042974293563, 1075.1228337928867, 931.6027477858978, 1397.4042974293563, 1045.0727606239554, 777.9614183128089, 0, 827.7617892390601, 0, 510.85024030910995]","[4029.0, 4029.0, 2074.75065860814, 0, 1881.739900227787, 1954.24934139186, 2190.6657684027005, 1211.8553115674958, 1068.3352255605068, 2147.260099772213, 1838.3342315972995, 4029.0, 4029.0, 964.4942670136693, 136.7324777746091, 647.5827180837191]","[(331.3495333333333, 4.365933333333333, 0.022533333333333336), (120.23660000000001, 0.8804666666666667, 0.7153333333333335), (29.3598, 0.5571333333333334, 0.0044), 0, (75.4974, 0.0, 0.001), (58.719800000000006, 0.34153333333333336, 0.0017333333333333335), (441.79940000000005, 3.5278666666666667, 0.02166666666666667), (181.753, 0.0032, 0.0012666666666666666), (204.1226, 0.5370666666666667, 0.4422), (441.79940000000005, 3.5278666666666667, 0.02166666666666667), (503.316, 0.0016, 0.0013333333333333333), (123.73126666666663, 0.009733333333333332, 0.0028), (271.2314, 0.0722, 0.0028666666666666667), (79.6912, 6.666666666666668e-05, 0.001), (204.1226, 0.003466666666666667, 0.0014666666666666665), (47.5354, 0.004533333333333333, 0.00013333333333333334)]","[(3, 0.0, 0.00019444444444444446), (2, 5e-05, 0.008244444444444445), (1, 0.00015, 0.1132611111111111), 0, (3, 0.048083333333333346, 0.01686666666666667), (1, 0.00016666666666666666, 0.06364444444444443), (1, 0.0, 0.005505555555555555), (3, 0.0, 0.00046111111111111103), (1, 0.0, 0.004783333333333333), (1, 0.0, 0.005505555555555555), (2, 0.0, 0.0005055555555555555), (2, 0.0, 2.2222222222222223e-05), (1, 0.24863333333333332, 0.04668333333333334), (2, 1.666666666666667e-05, 0.0004111111111111111), (3, 0.0, 0.0008111111111111111), (2, 0.0, 0.0011222222222222222)]","[28, 18, 17, -1, 20, 19, 21, 24, 25, 22, 23, 32, 29, 27, 26, 30]","[11, 6, 12, -1, 14, 12, 7, 0, 0, 14, 7, 9, 10, 0, 0, 0]","[True, True, True, False, True, True, True, True, True, True, True, True, True, True, True, True]"
23,15,"[0, 1572.4510814764558, 1878.7250820538202, 0, 1131.8840978849303, 2037.56772747528, 1605.0864647755454, 1085.1395061574167, 937.5365232495022, 0, 1045.0727606239554, 888.1447951553957, 390.65025572768, 809.96046043822, 3752.9130163235823, 510.85024030910995]","[4029.0, 1602.4554214288398, 1935.0786772892702, 0, 1967.372646680727, 2093.9213227107302, 2294.506852075795, 4029.0, 967.5408632018863, 835.4885487957966, 1734.493147924205, 918.1491351077798, 1226.1388045234767, 4029.0, 4029.0, 540.854580261494]","[(478.1502, 3.8014, 0.020733333333333333), (117.4404, 0.9407333333333332, 0.7398666666666667), (50.3314, 0.34666666666666673, 0.0016666666666666668), 0, (75.4974, 0.0, 0.001), (29.3598, 0.5571333333333334, 0.0044), (421.5272, 3.163133333333333, 0.021933333333333332), (109.0518, 0.003533333333333333, 0.0013333333333333333), (131.4214, 0.5352666666666668, 0.49666666666666676), (421.5272, 3.163133333333333, 0.021933333333333332), (462.77086666666656, 0.0012, 0.0011333333333333332), (120.93533333333332, 0.045200000000000004, 0.020266666666666665), (499.1218, 0.0004, 0.0003333333333333333), (86.68193333333333, 0.0, 0.001), (388.67179999999996, 7.663399999999999, 2.4918666666666667), (55.924, 0.004733333333333333, 6.666666666666668e-05)]","[(3, 0.0428, 0.01527777777777778), (2, 0.0, 0.011944444444444445), (1, 0.002466666666666667, 0.06152777777777777), 0, (3, 0.0, 0.0), (1, 0.00015, 0.1132611111111111), (1, 0.04335, 0.02068888888888889), (3, 0.0, 0.0006333333333333333), (1, 1.666666666666667e-05, 0.0021166666666666664), (1, 0.04335, 0.02068888888888889), (2, 0.0, 0.0005166666666666667), (2, 0.0, 0.0), (2, 0.012733333333333334, 0.0036666666666666666), (2, 0.0, 0.0003888888888888888), (2, 0.0, 0.016355555555555557), (2, 0.0, 0.0010555555555555555)]","[28, 18, 17, -1, 20, 19, 21, 24, 25, 22, 23, 32, 33, 27, 34, 30]","[11, 0, 12, -1, 14, 12, 7, 9, 0, 14, 7, 0, 14, 15, 5, 0]","[True, True, True, False, True, True, True, True, True, True, True, True, True, True, True, True]"
24,14,"[3752.9130163235823, 1560.5835261445573, 1700.71177252977, 0, 0, 0, 1661.4573387695111, 1071.7839430047102, 940.5034109813047, 0, 1051.750541842, 851.4170028745334, 530.8836808606934, 836.6624536394801, 2794.65141873918, 510.85024030910995]","[4029.0, 4029.0, 2864.855886264885, 0, 1749.0581595696533, 1164.1441137351148, 2319.353398463755, 1235.3952937122956, 1104.1147616888902, 0, 1709.6466015362444, 1015.0283535821188, 2279.941840430347, 4029.0, 4029.0, 674.4615910166954]","[(388.67179999999996, 7.663399999999999, 2.4918666666666667), (142.6062, 0.9389333333333333, 0.7352666666666667), (54.525800000000004, 0.2951333333333333, 0.0012666666666666666), 0, (83.886, 0.0, 0.001), (50.3314, 0.34666666666666673, 0.0016666666666666668), (462.072, 4.105733333333333, 0.02813333333333333), (150.9948, 0.003466666666666667, 0.0019333333333333331), (109.0518, 0.5446, 0.4834), 0, (490.733, 0.0015333333333333334, 0.0012), (120.23626666666664, 0.034466666666666666, 0.0114), (455.08166666666676, 0.012533333333333334, 0.18906666666666663), (85.284, 0.0, 0.001), (651.5146, 19.004533333333335, 2.486266666666667), (58.7202, 0.0046, 6.666666666666668e-05)]","[(2, 0.0, 0.016355555555555557), (2, 0.0, 0.013844444444444444), (1, 0.0001, 0.058061111111111105), 0, (3, 0.0, 2.2222222222222223e-05), (1, 0.002466666666666667, 0.06152777777777777), (1, 0.0, 0.005383333333333333), (3, 0.0, 0.0008055555555555556), (1, 0.0, 0.002838888888888889), 0, (2, 0.0, 0.0005277777777777777), (2, 0.0, 2.2222222222222223e-05), (2, 0.0002833333333333333, 0.0029611111111111123), (2, 1.666666666666667e-05, 0.00042777777777777774), (2, 0.0, 0.0053), (2, 0.0, 0.0010388888888888887)]","[31, 18, 17, -1, 20, 19, 21, 24, 25, -1, 23, 32, 33, 27, 34, 30]","[1, 6, 12, -1, 14, 12, 7, 0, 0, -1, 7, 0, 14, 15, 5, 0]","[True, True, True, False, True, True, True, True, True, False, True, True, True, True, True, True]"
25,15,"[2794.65141873918, 1554.649748478609, 1752.7464322368, 590.9835929581135, 1115.1894634134223, 0, 952.3710816875233, 0, 967.2054005675245, 2327.8664038117226, 1045.0727606239554, 834.7225518377779, 537.5614630098844, 0, 1739.5619942211624, 510.85024030910995]","[4029.0, 1595.0427631803536, 2595.381419639343, 1433.6185803606568, 2303.314000201769, 0, 1968.1491605317838, 4029.0, 1007.5984152692693, 4029.0, 2060.850839468216, 875.1155665395227, 1725.685999798231, 4029.0, 4029.0, 551.2432550108547]","[(651.5146, 19.004533333333335, 2.486266666666667), (125.829, 0.9171333333333334, 0.7279333333333333), (37.7482, 0.27673333333333333, 0.0014), (265.6387333333333, 0.05313333333333333, 0.031266666666666665), (499.1218, 0.0016666666666666668, 0.0011333333333333332), 0, (451.5861333333334, 0.8108, 0.02433333333333333), (156.58720000000002, 0.0034, 0.0014666666666666665), (131.4214, 0.5404, 0.4769333333333333), (335.544, 0.016466666666666664, 0.009866666666666668), (473.956, 0.0014, 0.0013333333333333333), (130.722, 0.026466666666666666, 0.011066666666666664), (471.15966666666674, 0.013066666666666664, 0.18946666666666667), (61.51606666666666, 0.0, 0.001), (369.0984, 16.1096, 2.579733333333333), (8.3886, 0.0046, 6.666666666666668e-05)]","[(2, 0.0, 0.0053), (2, 0.0, 0.010616666666666667), (1, 0.0, 0.057172222222222215), (3, 0.0, 0.006316666666666667), (2, 0.0, 0.0010999999999999998), 0, (1, 0.0, 0.0049277777777777775), (3, 0.0, 0.0011333333333333332), (1, 0.06126666666666666, 0.023866666666666675), (3, 0.0, 0.015905555555555555), (2, 0.0, 0.0005444444444444444), (2, 0.0, 4.4444444444444447e-05), (2, 0.00035, 0.0039833333333333335), (2, 0.0, 0.00037222222222222225), (2, 0.0, 0.00225), (2, 0.0, 0.00105)]","[31, 18, 17, 35, 36, -1, 21, 24, 25, 38, 23, 32, 33, 27, 34, 30]","[1, 0, 12, 12, 14, -1, 7, 10, 0, 8, 7, 0, 14, 15, 5, 0]","[True, True, True, True, True, False, True, True, True, True, True, True, True, True, True, True]"
26,16,"[1739.5619942211624, 0, 1670.5864432257001, 580.9669218910268, 1175.2894943758222, 1876.4565081617916, 976.1061865270877, 652.7155422502, 922.7020845904912, 2503.141050686958, 1088.4783385412445, 791.3169791422134, 544.2392451590755, 2180.662757134983, 1826.3731494030244, 517.5280212281833]","[1754.03472442565, 4029.0, 2559.3097606673364, 1469.6902393326632, 2330.0251246083735, 4029.0, 1958.3139239929214, 4029.0, 937.1748147949786, 4029.0, 2070.6860760070786, 805.7897093467009, 1698.9748753916265, 4029.0, 4029.0, 532.0007514326708]","[(369.0984, 16.1096, 2.579733333333333), (114.6442, 0.9067333333333333, 0.7183999999999999), (30.75786666666666, 0.2919333333333333, 0.001066666666666667), (272.62933333333325, 0.053200000000000004, 0.03573333333333333), (553.6476, 0.0017333333333333335, 0.0015333333333333334), (258.64820000000003, 0.019533333333333337, 0.0016), (211.11260000000001, 1.1520666666666666, 0.015533333333333333), (433.41086666666666, 0.0023333333333333335, 0.0030666666666666668), (89.4784, 0.5311333333333333, 0.46186666666666676), (427.8186, 0.011466666666666667, 0.006066666666666666), (462.7710666666665, 0.001066666666666667, 0.001), (164.2764, 0.008733333333333333, 0.0061333333333333335), (486.5389333333335, 0.012733333333333333, 0.18919999999999998), (473.9556, 4.806, 0.02386666666666667), (268.4352, 13.852799999999998, 1.682), (22.3696, 0.004533333333333333, 6.666666666666668e-05)]","[(2, 0.0, 0.00225), (2, 1.666666666666667e-05, 0.011361111111111112), (1, 3.3333333333333335e-05, 0.057200000000000015), (3, 0.0, 0.0011611111111111112), (2, 0.0, 0.0005222222222222223), (3, 0.05115, 0.03694444444444444), (1, 0.0, 0.0046), (1, 0.011300000000000001, 0.0010833333333333333), (1, 1.666666666666667e-05, 0.0020666666666666667), (3, 1.666666666666667e-05, 0.017866666666666666), (2, 0.0, 0.0004888888888888889), (2, 0.0, 8.88888888888889e-05), (2, 0.07660000000000003, 0.0032111111111111108), (1, 0.0, 0.005094444444444444), (2, 0.0, 0.005916666666666666), (2, 0.0, 0.0010722222222222222)]","[31, 18, 17, 35, 36, 37, 21, 39, 25, 38, 23, 32, 33, 40, 34, 30]","[0, 6, 12, 12, 14, 4, 7, 2, 0, 8, 7, 0, 14, 15, 5, 0]","[True, True, True, True, True, True, True, True, True, True, True, True, True, True, True, True]"
27,16,"[1826.3731494030244, 0, 1722.6211029327299, 557.5946894011578, 1121.8672446314667, 1328.8784523992754, 676.4504879275866, 634.9142092797401, 913.8014213950846, 2497.663717972107, 0, 794.6558693495645, 524.2058987115023, 1462.6758357381586, 1612.6841520322869, 544.2391449044768]","[4029.0, 4029.0, 2597.013206765786, 1431.986793234214, 2313.330672959982, 4029.0, 769.438261356296, 727.9019827084496, 1006.7891948237941, 4029.0, 4029.0, 887.6436427782739, 1715.6693270400178, 4029.0, 4029.0, 637.2269183331863]","[(268.4352, 13.852799999999998, 1.682), (75.84646666666666, 0.0, 0.0), (50.3314, 0.2760666666666667, 0.0014), (160.78126666666668, 0.05293333333333333, 0.031466666666666664), (461.3726, 0.008400000000000001, 0.008866666666666667), (328.5534, 0.0005333333333333334, 0.0006), (174.762, 0.599, 0.17253333333333334), (398.45840000000004, 0.0016666666666666668, 0.0003333333333333333), (117.4404, 0.5386666666666666, 0.5020666666666667), (419.43, 0.0086, 0.004933333333333334), (473.9558, 0.001, 0.001), (148.19806666666668, 0.008400000000000001, 0.004866666666666666), (462.072, 0.012733333333333333, 0.18913333333333332), (384.4776, 1.923, 0.024933333333333335), (383.0794, 15.210066666666668, 1.8525333333333331), (8.3886, 0.0046, 0.00013333333333333334)]","[(2, 0.0, 0.005916666666666666), (2, 0.00015, 0.0002722222222222222), (1, 1.666666666666667e-05, 0.05597222222222223), (3, 0.0, 0.0011222222222222222), (2, 0.0, 0.0004944444444444445), (3, 0.06125, 0.025472222222222222), (1, 0.0, 0.005438888888888889), (1, 0.015133333333333334, 0.0009777777777777777), (1, 0.0, 0.003311111111111111), (3, 0.0, 0.021744444444444445), (2, 0.0, 0.0005111111111111112), (2, 0.0, 0.0), (2, 0.07893333333333334, 0.003822222222222222), (1, 0.0, 0.005011111111111111), (2, 0.0, 0.0036999999999999997), (2, 0.0, 0.00145)]","[31, 41, 17, 35, 36, 37, 21, 39, 25, 38, 23, 32, 33, 40, 34, 30]","[1, 6, 12, 12, 14, 4, 0, 0, 0, 8, 7, 0, 14, 15, 5, 0]","[True, True, True, True, True, True, True, True, True, True, True, True, True, True, True, True]"
28,16,"[1612.6841520322869, 0, 1766.43976373865, 574.2891411796356, 1035.0560887968888, 2050.0788185255155, 0, 655.6824310786097, 922.7020845904912, 2664.722365775066, 3121.8625785998443, 781.30030852016, 447.41140399580445, 2530.7555535185593, 1499.1618721790824, 504.17245939003664]","[1664.7194008990432, 4029.0, 2610.5753112795073, 1418.424688720493, 1883.900257865991, 4029.0, 848.8441690691021, 4029.0, 974.7373334572475, 4029.0, 4029.0, 833.3355573869163, 1296.2555730649065, 4029.0, 4029.0, 556.207708256793]","[(383.0794, 15.210066666666668, 1.8525333333333331), (75.84646666666666, 0.0, 0.0), (54.525800000000004, 0.298, 0.001), (143.3049333333333, 0.05273333333333334, 0.030533333333333336), (448.7898, 0.009933333333333334, 0.0104), (298.49406666666664, 0.0016666666666666668, 0.005466666666666667), (218.8024, 1.1536666666666668, 0.8213333333333335), (349.5247333333333, 0.0023333333333333335, 0.003), (134.2176, 0.5295333333333333, 0.5544666666666667), (455.7806, 0.011333333333333336, 0.005066666666666666), (0.0, 0.0, 0.0), (134.21720000000002, 0.002466666666666667, 0.0006666666666666666), (442.4987333333333, 0.0128, 0.18926666666666667), (419.43, 3.8347333333333333, 0.0464), (279.62, 9.749466666666667, 1.610333333333333), (2.7962, 0.004533333333333333, 6.666666666666668e-05)]","[(2, 0.0, 0.0036999999999999997), (2, 0.00015, 0.0002722222222222222), (1, 1.666666666666667e-05, 0.05641111111111111), (3, 0.0, 0.0011333333333333332), (2, 0.0, 0.0004944444444444445), (3, 0.0008666666666666667, 0.016138888888888887), (1, 0.0, 0.00525), (1, 0.01145, 0.0009944444444444447), (1, 0.0, 0.002977777777777778), (3, 0.0, 0.016805555555555553), (2, 0.0, 0.0), (2, 0.0, 4.4444444444444447e-05), (2, 0.058866666666666664, 0.003477777777777778), (1, 0.00031666666666666665, 0.004988888888888889), (2, 0.05768333333333333, 0.023244444444444446), (2, 0.0, 0.0010833333333333333)]","[31, 42, 17, 35, 36, 37, 21, 39, 25, 38, 43, 32, 33, 40, 34, 30]","[0, 6, 12, 12, 14, 4, 14, 10, 0, 8, 7, 0, 14, 15, 5, 0]","[True, True, True, True, True, True, True, True, True, True, True, True, True, True, True, True]"
29,16,"[1499.1618721790824, 3464.41286996805, 1730.8371018338398, 577.6280315353312, 1051.750541842, 1896.4898516652977, 517.5280212281833, 640.84798693656, 916.7683091268867, 2478.4930534701275, 3065.1014408071205, 818.0281008010221, 340.5668896087467, 1379.6029687996834, 1863.10094582612, 514.1891307686467]","[4029.0, 4029.0, 2591.1045351492544, 1437.8954648507456, 4029.0, 4029.0, 4029.0, 800.5679034881875, 1076.4882256785143, 4029.0, 4029.0, 977.7480173526496, 500.28680616037417, 4029.0, 4029.0, 673.9090473202741]","[(279.62, 9.749466666666667, 1.610333333333333), (168.47066666666663, 0.27493333333333336, 0.023333333333333327), (41.942800000000005, 0.2816666666666667, 0.0014), (167.77166666666662, 0.052866666666666666, 0.030466666666666666), (450.1882666666667, 0.0092, 0.009466666666666667), (294.3, 0.001066666666666667, 0.005466666666666667), (58.7202, 0.004733333333333333, 0.00013333333333333334), (475.3542666666667, 0.0017333333333333335, 0.0003333333333333333), (64.3126, 0.5252666666666668, 0.5347333333333333), (332.7478, 0.012333333333333335, 0.0056), (0.0, 0.0, 0.0), (95.76953333333334, 0.0094, 0.006266666666666668), (473.9558, 0.00013333333333333334, 0.00013333333333333334), (442.49846666666673, 3.044, 0.055333333333333345), (338.34020000000004, 2.189, 3.0638666666666667), (41.943, 0.0044666666666666665, 6.666666666666668e-05)]","[(2, 0.05768333333333333, 0.023244444444444446), (3, 0.2927833333333333, 0.026605555555555556), (1, 1.666666666666667e-05, 0.056561111111111104), (3, 1.666666666666667e-05, 0.0011833333333333333), (2, 0.0, 0.0005166666666666667), (3, 0.0002, 0.014294444444444445), (2, 0.0, 0.0010944444444444443), (1, 0.015333333333333336, 0.0008833333333333333), (1, 0.0, 0.0028777777777777777), (3, 0.0, 0.021144444444444445), (2, 0.0, 0.0), (2, 0.0, 0.0), (2, 0.06814999999999999, 0.0033166666666666665), (1, 0.0, 0.004972222222222222), (2, 1.1261166666666667, 0.002977777777777778), (2, 0.0, 0.0010444444444444444)]","[31, 44, 17, 35, 36, 37, 45, 39, 25, 38, 43, 32, 33, 40, 34, 30]","[3, 6, 12, 12, 14, 4, 11, 0, 0, 8, 7, 0, 0, 15, 5, 0]","[True, True, True, True, True, True, True, True, True, True, True, True, True, True, True, True]"
30,16,"[1863.10094582612, 4442.116739200141, 0, 564.2724701125491, 1055.0894324510223, 2227.0400194731583, 510.85024030910995, 652.7155422502, 901.9338704678755, 2629.1197031285333, 2911.512479720924, 784.6391987275113, 510.85033441312004, 1530.9142621519063, 2634.3846707111265, 507.5113498495734]","[4029.0, 4029.0, 1732.3637649437255, 2296.6362350562745, 4029.0, 4029.0, 537.6001509728783, 679.4654529139683, 928.6837811316439, 4029.0, 4029.0, 811.3891093912796, 537.6002450768883, 4029.0, 4029.0, 534.2612605133418]","[(338.34020000000004, 2.189, 3.0638666666666667), (313.1741333333334, 0.2986666666666667, 0.020266666666666665), (41.943, 0.27626666666666666, 0.0012666666666666666), (150.2954, 0.0526, 0.03033333333333333), (461.373, 0.0016666666666666668, 0.0013333333333333333), (234.18133333333338, 0.0016666666666666668, 0.0016), (50.3316, 0.004666666666666667, 0.00013333333333333334), (552.2496, 0.0023333333333333335, 0.0028666666666666667), (81.0898, 0.5091333333333332, 0.5423333333333333), (377.487, 0.011333333333333336, 0.0054), (0.0, 0.0, 0.0), (113.94486666666668, 0.0015333333333333334, 0.0006666666666666666), (501.219, 0.012666666666666665, 0.18913333333333332), (440.4012, 3.206266666666667, 0.1867333333333333), (408.2452, 3.357266666666667, 2.6136666666666666), (53.1278, 0.004533333333333333, 6.666666666666668e-05)]","[(2, 1.1261166666666667, 0.002977777777777778), (3, 0.10841666666666666, 0.0281), (1, 0.0010166666666666666, 0.056372222222222226), (3, 0.0, 0.0011055555555555556), (2, 0.0, 0.01923888888888889), (3, 0.0006666666666666666, 0.02163888888888889), (2, 0.0, 0.0010555555555555557), (1, 0.0116, 0.001061111111111111), (1, 0.0, 0.0024222222222222223), (3, 0.0, 0.030616666666666664), (2, 0.0, 0.0), (2, 0.0, 1.6666666666666667e-05), (2, 0.08508333333333333, 0.0030222222222222226), (1, 1.666666666666667e-05, 0.0052), (2, 1.092625, 0.013255555555555555), (2, 0.0, 0.001027777777777778)]","[31, 44, 17, 35, 36, 37, 45, 39, 25, 38, 43, 32, 33, 40, 34, 30]","[3, 6, 12, 12, 14, 4, 0, 0, 0, 8, 7, 0, 0, 15, 5, 0]","[True, True, True, True, True, True, True, True, True, True, True, True, True, True, True, True]"
31,16,"[2634.3846707111265, 3143.9889128247596, 1578.3845313240047, 554.2557990454623, 1038.394979405911, 1766.2731188925045, 510.85024030910995, 623.0466539661, 0, 2505.879717044383, 3145.2348118086134, 868.1114539112888, 550.9170273082667, 1483.4440524727775, 1779.6286812281753, 0]","[4029.0, 4029.0, 4029.0, 965.3989429924586, 4029.0, 4029.0, 697.3077142502482, 4029.0, 411.1431439469964, 4029.0, 3331.6922857497516, 1279.2545978582853, 962.0601712552632, 4029.0, 4029.0, 411.1431439469964]","[(408.2452, 3.357266666666667, 2.6136666666666666), (205.5204, 0.03793333333333333, 0.025266666666666666), (223.696, 0.11593333333333333, 0.0992), (104.857, 0.052866666666666666, 0.0304), (450.1881333333334, 0.0015333333333333334, 0.0012), (242.57, 0.0003333333333333333, 0.0004), (47.5354, 0.004533333333333333, 0.00013333333333333334), (503.316, 0.0016666666666666668, 0.0003333333333333333), (128.6252, 0.4915333333333334, 0.5031333333333333), (321.563, 0.0134, 0.007933333333333334), (0.0, 0.0, 0.0), (117.43993333333336, 0.021133333333333334, 0.005333333333333333), (447.39213333333333, 0.013266666666666668, 0.18946666666666667), (478.84913333333344, 2.3301999999999996, 0.8102), (645.9222, 2.945, 2.129), (100.6632, 0.0044666666666666665, 0.00013333333333333334)]","[(2, 1.092625, 0.013255555555555555), (3, 0.00125, 0.027633333333333336), (2, 0.0, 0.0010277777777777776), (3, 0.0, 0.0011222222222222222), (2, 0.0, 0.0005), (3, 6.666666666666667e-05, 0.009744444444444444), (2, 0.0, 0.0011222222222222222), (1, 0.015533333333333333, 0.0008555555555555556), (1, 0.0, 0.00255), (3, 0.0, 0.017744444444444448), (2, 0.0, 0.0), (2, 0.0399, 0.014022222222222224), (2, 0.07923333333333334, 0.004383333333333332), (1, 0.0, 0.004461111111111111), (2, 0.0, 0.0070888888888888885), (2, 0.0, 0.001077777777777778)]","[31, 44, 46, 35, 36, 37, 45, 39, 25, 38, 43, 32, 33, 40, 34, 30]","[3, 6, 12, 0, 14, 4, 7, 10, 0, 8, 7, 0, 0, 15, 5, 0]","[True, True, True, True, True, True, True, True, True, True, True, True, True, True, True, True]"
32,15,"[1779.6286812281753, 3601.346184986549, 1566.5169784569066, 0, 0, 1993.317678598913, 510.85024030910995, 0, 0, 2519.573048831511, 2988.3069602640226, 791.3169791422134, 507.51144333852443, 949.4041935825778, 2090.1455055325287, 2047.1528695743666]","[2017.2644053009471, 4029.0, 1774.1820544412699, 237.63572407277172, 4029.0, 4029.0, 775.7716400225438, 4029.0, 0, 4029.0, 3253.2283599774564, 1028.9527032149851, 745.1471674112961, 4029.0, 4029.0, 2254.8179455587297]","[(645.9222, 2.945, 2.129), (130.0228, 0.042466666666666666, 0.027733333333333336), (268.4352, 0.11646666666666668, 0.09953333333333332), (251.65766666666661, 0.05273333333333334, 0.0304), (471.1595333333333, 0.0023333333333333335, 0.0020666666666666667), (231.3854, 0.0005333333333333334, 0.0008), (55.924, 0.004733333333333333, 6.666666666666668e-05), (426.4208, 0.0021333333333333334, 0.002933333333333333), 0, (343.9326, 0.013333333333333336, 0.0074666666666666675), (0.0, 0.0, 0.0), (111.8474, 0.0072, 0.0028666666666666667), (457.87773333333325, 0.012866666666666667, 0.18946666666666667), (333.44686666666666, 0.9099333333333333, 0.8626), (402.6528, 3.2084, 1.765466666666667), (545.259, 0.6861333333333334, 1.4692)]","[(2, 0.0, 0.0070888888888888885), (3, 0.0008, 0.02777777777777778), (2, 0.0, 0.0009611111111111112), (3, 0.0, 0.0010222222222222223), (2, 0.0, 0.0004777777777777777), (3, 6.666666666666667e-05, 0.011649999999999999), (2, 0.0, 0.0010555555555555555), (1, 0.01175, 0.0009611111111111112), 0, (3, 0.0, 0.017083333333333332), (2, 0.0, 0.0), (2, 0.0, 2.2222222222222223e-05), (2, 0.08313333333333334, 0.0036777777777777776), (1, 0.0, 0.004088888888888889), (2, 0.0, 0.005355555555555555), (1, 0.07585, 0.04698333333333333)]","[31, 44, 46, 35, 36, 37, 45, 39, -1, 38, 43, 32, 33, 40, 34, 48]","[0, 6, 12, 0, 14, 4, 7, 10, -1, 8, 7, 0, 0, 15, 5, 12]","[True, True, True, True, True, True, True, True, False, True, True, True, True, True, True, True]"
33,15,"[2090.1455055325287, 3261.75156374067, 1560.5832020233572, 0, 1364.7688631682443, 1889.8120704974624, 510.85024030910995, 599.3113997345512, 520.8668579276933, 2440.1517244661704, 3008.340303014396, 751.250296654, 530.8836808606934, 732.8213619215522, 1232.0506254656602, 1922.54356446984]","[2759.917052898989, 4029.0, 1833.5198187767585, 0, 2436.451002620275, 1920.8702180140353, 765.7549686473569, 1269.082947101011, 1592.5489973797244, 4029.0, 3263.245031352643, 782.308444170573, 561.9418283772665, 763.8795094381253, 4029.0, 2195.4801812232413]","[(402.6528, 3.2084, 1.765466666666667), (110.44946666666667, 0.04046666666666667, 0.026666666666666672), (33.5544, 0.11626666666666668, 0.09953333333333332), 0, (402.65259999999995, 0.0, 0.0), (253.7549333333333, 0.0006666666666666666, 0.0008), (58.7202, 0.0046, 6.666666666666668e-05), (0.0, 0.004733333333333333, 0.00013333333333333334), (0.0, 0.0046, 6.666666666666668e-05), (478.1502, 0.012199999999999999, 0.007066666666666666), (0.0, 0.0, 0.0), (139.11079999999998, 0.0016666666666666668, 0.0009333333333333332), (450.1882, 0.0128, 0.18919999999999998), (199.92773333333332, 0.9031333333333333, 0.010666666666666666), (444.5958, 2.369733333333333, 2.1395999999999997), (738.1968, 0.7232666666666667, 1.2136)]","[(2, 0.0, 0.005355555555555555), (3, 0.00011666666666666667, 0.02971666666666666), (2, 0.0, 0.000972222222222222), 0, (3, 0.1085, 0.004066666666666666), (3, 0.00018333333333333334, 0.015666666666666666), (2, 0.0, 0.0010388888888888887), (3, 0.0, 0.0014222222222222223), (1, 0.0, 0.0008722222222222223), (3, 0.0009, 0.02215), (2, 0.0, 0.0), (2, 0.0, 3.3333333333333335e-05), (2, 0.07976666666666667, 0.004427777777777778), (1, 0.0, 0.005077777777777777), (2, 0.0, 0.005061111111111111), (1, 0.0017166666666666665, 0.0023777777777777777)]","[31, 44, 46, -1, 49, 37, 45, 50, 51, 38, 43, 32, 33, 40, 34, 48]","[1, 6, 12, -1, 14, 0, 7, 1, 14, 8, 7, 0, 0, 0, 5, 12]","[True, True, True, False, True, True, True, True, True, True, True, True, True, True, True, True]"
34,16,"[1232.0506254656602, 3502.7541981732297, 1566.5169784569066, 2327.8664038117226, 1691.1266347954333, 2103.5010678682, 510.85024030910995, 620.0796165570354, 530.8835282724567, 2429.1970590364676, 3068.4403312655163, 0, 424.0391664736356, 851.4968861193744, 2534.217953193593, 2011.5502109730733]","[2320.4855044543124, 4029.0, 1791.9833837419167, 4029.0, 2594.6215532614883, 2265.991787752898, 735.7049545217967, 1708.5144955456876, 1434.3784467385117, 4029.0, 3293.295045478203, 162.49071988469746, 586.529886358333, 1013.9876060040718, 4029.0, 2237.0166162580836]","[(444.5958, 2.369733333333333, 2.1395999999999997), (119.5372, 0.03373333333333334, 0.02686666666666667), (0.0, 0.1156, 0.0996), (335.544, 0.016466666666666664, 0.009866666666666668), (339.738, 0.0, 0.0), (244.66713333333328, 0.0014666666666666665, 0.0012), (8.3886, 0.0046, 6.666666666666668e-05), (0.0, 0.004666666666666667, 6.666666666666668e-05), (0.0, 0.004733333333333333, 0.00013333333333333334), (461.373, 0.013266666666666668, 0.0067333333333333325), (0.0, 0.0, 0.0), (143.30486666666667, 0.0032, 0.0006666666666666666), (483.74273333333326, 0.012666666666666665, 0.18913333333333332), (167.77133333333336, 0.8164666666666667, 0.02233333333333333), (349.525, 5.339466666666667, 2.7218), (564.8324, 0.6947333333333332, 1.3258666666666665)]","[(2, 0.0, 0.005061111111111111), (3, 0.0013666666666666669, 0.04000555555555556), (2, 0.0, 0.00095), (3, 0.0, 0.015905555555555555), (3, 0.2122, 0.00935), (3, 0.00015, 0.019816666666666666), (2, 0.0, 0.00105), (3, 0.0, 0.001661111111111111), (1, 0.0, 0.0008388888888888889), (3, 0.0, 0.017055555555555553), (2, 0.0, 0.0), (2, 0.0, 2.2222222222222223e-05), (2, 0.07776666666666666, 0.0032166666666666654), (1, 0.0, 0.005544444444444444), (2, 0.0, 0.01048888888888889), (1, 0.00225, 0.06516111111111111)]","[31, 44, 46, 47, 49, 37, 45, 50, 51, 38, 43, 32, 33, 40, 34, 48]","[1, 6, 12, 10, 14, 0, 7, 1, 14, 8, 7, 0, 0, 0, 5, 12]","[True, True, True, True, True, True, True, True, True, True, True, True, True, True, True, True]"
35,16,"[2534.217953193593, 2935.85027399664, 1593.2189724078767, 2503.141050686958, 1254.9939763481898, 2073.45105261294, 517.5280212281833, 578.5431829120669, 554.2557590769045, 2420.981059964191, 3021.6958648479776, 685.3513090824399, 574.2892648304356, 1483.4440524727775, 0, 2940.186222823474]","[2992.337385140763, 4029.0, 1341.016374792201, 4029.0, 2364.8691086356425, 2039.3895959742226, 762.4160781901029, 1036.662614859237, 1664.1308913643572, 4029.0, 3266.583921809897, 4029.0, 540.227808191718, 1449.3825958340599, 4029.0, 2687.9836252077985]","[(349.525, 5.339466666666667, 2.7218), (105.55626666666666, 0.03646666666666667, 0.024466666666666664), (167.772, 0.1156, 0.09933333333333332), (427.8186, 0.011466666666666667, 0.006066666666666666), (343.93240000000003, 0.0, 0.0), (254.4540666666667, 0.0026, 0.0088), (22.3696, 0.004533333333333333, 6.666666666666668e-05), (0.0, 0.004533333333333333, 0.0), (0.0, 0.0044, 0.0), (416.6338, 0.0116, 0.0067333333333333325), (0.0, 0.0, 0.0), (232.08433333333338, 0.9976, 0.007), (522.8896, 0.0003333333333333333, 0.0004), (186.64606666666668, 3.3434, 0.0272), (553.6476, 10.710466666666667, 4.053266666666667), (1015.0211999999999, 0.7137333333333332, 1.397666666666667)]","[(2, 0.0, 0.01048888888888889), (3, 0.0, 0.024422222222222224), (2, 0.0, 0.0014166666666666668), (3, 1.666666666666667e-05, 0.017866666666666666), (3, 0.020033333333333334, 0.0038777777777777777), (3, 0.00011666666666666667, 0.017588888888888887), (2, 0.0, 0.0010722222222222222), (3, 0.0, 0.0012944444444444446), (1, 0.0, 0.0008277777777777778), (3, 0.0, 0.024077777777777778), (2, 0.0, 0.0), (3, 0.0, 0.0005111111111111112), (2, 0.6217333333333334, 0.037983333333333334), (1, 0.0, 0.005394444444444445), (2, 0.0, 0.008927777777777778), (1, 1.0436000000000003, 0.5150888888888889)]","[31, 44, 46, 47, 49, 37, 45, 50, 51, 38, 43, 52, 33, 40, 34, 48]","[1, 6, 12, 10, 14, 0, 7, 1, 14, 8, 7, 9, 0, 0, 5, 12]","[True, True, True, True, True, True, True, True, True, True, True, True, True, True, True, True]"
36,16,"[5161.924842736884, 2837.2582871833197, 1563.5500902401322, 2497.663717972107, 1266.8615316800874, 2293.817831151513, 544.2391449044768, 581.5100710295644, 520.8668579276933, 2366.2077328156797, 2894.8180274289466, 741.7221959766666, 570.95037375584, 0, 685.3513090824399, 2067.9210870917877]","[4029.0, 4029.0, 1573.630172454153, 4029.0, 4029.0, 4029.0, 839.2105587377652, 591.5901532435851, 530.946940141714, 4029.0, 3189.789441262235, 751.8022781906873, 581.0304559698607, 4029.0, 4029.0, 4029.0]","[(553.6476, 10.710466666666667, 4.053266666666667), (111.8476, 0.035666666666666666, 0.024), (67.1088, 0.11593333333333333, 0.09953333333333332), (419.43, 0.0086, 0.004933333333333334), (306.18359999999996, 0.0, 0.0), (268.435, 0.0018666666666666666, 0.0016), (8.3886, 0.0046, 0.00013333333333333334), (0.0, 0.004733333333333333, 0.0), (0.0, 0.0046, 0.00013333333333333334), (402.6528, 0.011733333333333332, 0.0074666666666666675), (0.0, 0.0, 0.0), (264.24086666666665, 0.7731333333333333, 0.0056), (428.5174, 0.0031333333333333335, 0.0476), (441.79940000000005, 3.5278666666666667, 0.02166666666666667), (232.08433333333338, 0.9976, 0.007), (679.4766, 0.7587999999999999, 1.3356666666666668)]","[(2, 0.0, 0.008927777777777778), (3, 0.0, 0.028383333333333337), (2, 0.0, 0.00095), (3, 0.0, 0.021744444444444445), (3, 0.008033333333333333, 0.003372222222222222), (3, 0.00013333333333333334, 0.023688888888888888), (2, 0.0, 0.00145), (3, 0.0, 0.0012333333333333335), (1, 0.0, 0.0008111111111111112), (3, 1.666666666666667e-05, 0.02868888888888889), (2, 0.0, 0.0), (3, 0.0, 0.0006277777777777777), (2, 0.6187666666666667, 0.009888888888888888), (1, 0.0, 0.005505555555555555), (3, 0.0, 0.0005111111111111112), (1, 0.0012666666666666666, 0.0020055555555555556)]","[31, 44, 46, 47, 49, 37, 45, 50, 51, 38, 43, 52, 33, 40, 53, 48]","[1, 6, 0, 10, 14, 4, 7, 0, 0, 8, 7, 0, 0, 15, 5, 12]","[True, True, True, True, True, True, True, True, True, True, True, True, True, True, True, True]"
37,15,"[3255.4183193198332, 2777.0076285751793, 1572.4507548904555, 2664.722365775066, 1204.5568661876246, 2203.667785385733, 504.17245939003664, 578.5431829120669, 510.85018758292983, 2826.303680863173, 3151.912592725404, 623.0466446204, 617.6948488001779, 0, 741.7221959766666, 2038.2522049240424]","[4029.0, 4029.0, 1781.5992749832064, 4029.0, 4029.0, 2435.930178129453, 690.6299333323163, 4029.0, 743.1125803266497, 4029.0, 3338.3700666676837, 4029.0, 849.9572415438977, 0, 4029.0, 2247.4007250167933]","[(503.316, 17.2942, 4.714533333333334), (115.3428, 0.03426666666666667, 0.023266666666666665), (100.6632, 0.11566666666666668, 0.09933333333333332), (455.7806, 0.011333333333333336, 0.005066666666666666), (322.961, 0.0, 0.0), (269.134, 0.0016666666666666668, 0.0014666666666666665), (2.7962, 0.004533333333333333, 6.666666666666668e-05), (0.0, 0.004733333333333333, 6.666666666666668e-05), (0.0, 0.004533333333333333, 0.0), (363.506, 0.0166, 0.009666666666666665), (0.0, 0.0, 0.0), (260.0463333333334, 0.6686, 0.004866666666666666), (371.8944, 0.0048, 0.06446666666666667), 0, (264.24086666666665, 0.7731333333333333, 0.0056), (654.3108000000001, 0.7628666666666667, 1.1362666666666668)]","[(2, 2.327875, 0.009094444444444445), (3, 0.0, 0.027411111111111112), (2, 0.0, 0.0009611111111111112), (3, 0.0, 0.016805555555555553), (3, 0.007916666666666667, 0.003444444444444445), (3, 0.00031666666666666665, 0.026144444444444446), (2, 0.0, 0.0010833333333333333), (3, 0.0, 0.0012666666666666666), (1, 0.0, 0.0008055555555555557), (3, 0.0, 0.017905555555555557), (2, 0.0, 0.0), (3, 0.0, 0.0004277777777777778), (2, 0.6185666666666666, 0.005033333333333333), 0, (3, 0.0, 0.0006277777777777777), (1, 0.011416666666666664, 0.047094444444444446)]","[31, 44, 46, 47, 49, 37, 45, 50, 51, 38, 43, 52, 33, -1, 53, 48]","[1, 6, 12, 10, 14, 0, 7, 2, 0, 8, 7, 3, 0, -1, 5, 12]","[True, True, True, True, True, True, True, True, True, True, True, True, True, False, True, True]"
38,16,"[3689.4740952291445, 3089.2155868173595, 1566.5169784569066, 2478.4930534701275, 1252.0270875152155, 2664.4346859663865, 514.1891307686467, 593.3776234995555, 520.8668579276933, 2823.565014505748, 2938.223603388089, 620.0797558364931, 590.9837202034133, 1364.7688631682443, 623.0466446204, 2070.887975308562]","[4029.0, 4029.0, 1762.3145015741723, 4029.0, 1308.2962007744145, 2720.7037992255855, 802.482763690279, 809.5067030820445, 736.9959375101823, 4029.0, 3226.5172363097213, 836.2088354189821, 807.1127997859023, 4029.0, 839.175724202889, 2266.685498425828]","[(570.4248, 42.85653333333333, 4.105333333333333), (111.1486, 0.03153333333333334, 0.0434), (22.3696, 0.11606666666666667, 0.09953333333333332), (332.7478, 0.012333333333333335, 0.0056), (301.98940000000005, 0.0, 0.0), (369.09826666666675, 0.0032, 0.0020666666666666667), (41.943, 0.0044666666666666665, 6.666666666666668e-05), (67.1088, 0.004666666666666667, 6.666666666666668e-05), (0.0, 0.0046, 0.00013333333333333334), (422.2262, 0.03953333333333333, 0.018666666666666668), (0.0, 0.0, 0.0), (222.2978, 0.6696, 0.0051333333333333335), (318.06759999999997, 0.003933333333333333, 0.06373333333333334), (402.65259999999995, 0.0, 0.0), (260.0463333333334, 0.6686, 0.004866666666666666), (506.11220000000003, 0.7000666666666667, 1.4158)]","[(2, 0.0, 0.005988888888888888), (3, 0.0009, 0.029877777777777774), (2, 0.0, 0.0009388888888888888), (3, 0.0, 0.021144444444444445), (3, 0.00785, 0.003533333333333333), (3, 0.2675166666666666, 0.1220111111111111), (2, 0.0, 0.0010444444444444444), (3, 0.0, 0.0012222222222222224), (1, 0.0, 0.0008166666666666667), (3, 0.0, 0.019144444444444443), (2, 0.0, 0.0), (3, 0.0, 0.0005), (2, 0.6186833333333334, 0.003605555555555555), (3, 0.1085, 0.004066666666666666), (3, 0.0, 0.0004277777777777778), (1, 0.0675, 0.04805)]","[31, 44, 46, 47, 49, 37, 45, 50, 51, 38, 43, 52, 33, 54, 53, 48]","[1, 6, 12, 10, 14, 14, 7, 0, 0, 8, 7, 0, 0, 9, 0, 12]","[True, True, True, True, True, True, True, True, True, True, True, True, True, True, True, True]"
39,16,"[2510.845719106169, 2842.73561978406, 1563.5500902401322, 2629.1197031285333, 1225.3250880184453, 2310.5122840711024, 507.5113498495734, 0, 510.85018758292983, 2689.3703629918955, 2958.2569461384624, 640.8479773238399, 0, 1691.1266347954333, 620.0797558364931, 1964.079999504682]","[4029.0, 4029.0, 1814.235045367725, 4029.0, 1471.9064019736713, 2557.0935980263284, 789.1272018555555, 4029.0, 807.3939876573791, 4029.0, 3239.8727981444445, 937.3917773982892, 296.5438000744492, 1987.6704348698827, 4029.0, 2214.7649546322746]","[(394.2642, 30.276, 3.311533333333333), (97.86666666666669, 0.0338, 0.023066666666666666), (67.1088, 0.11606666666666667, 0.09946666666666669), (377.487, 0.011333333333333336, 0.0054), (328.5532, 0.0, 0.0), (364.904, 0.0027333333333333333, 0.0014666666666666665), (53.1278, 0.004533333333333333, 6.666666666666668e-05), (22.3696, 0.0048, 0.0), (0.0, 0.0046, 0.0), (433.411, 0.0188, 0.012333333333333335), (0.0, 0.0, 0.0), (184.54886666666667, 0.6701333333333334, 0.0057333333333333325), (259.3472666666667, 0.001066666666666667, 0.013266666666666668), (339.738, 0.0, 0.0), (222.2978, 0.6696, 0.0051333333333333335), (713.031, 0.7426, 1.2830666666666666)]","[(2, 0.0, 0.003466666666666667), (3, 0.0, 0.02947777777777778), (2, 0.0, 0.0009555555555555554), (3, 0.0, 0.030616666666666664), (3, 0.007816666666666666, 0.003527777777777778), (3, 0.0012833333333333332, 0.025400000000000002), (2, 0.0, 0.001027777777777778), (3, 0.0, 0.0012777777777777776), (1, 0.0, 0.0008222222222222222), (3, 0.0, 0.02216111111111111), (2, 0.0, 0.0), (3, 0.0, 0.00046111111111111103), (2, 0.3472166666666667, 0.0044444444444444444), (3, 0.2122, 0.00935), (3, 0.0, 0.0005), (1, 0.0019333333333333331, 0.002327777777777778)]","[31, 44, 46, 47, 49, 37, 45, 50, 51, 38, 43, 52, 33, 54, 53, 48]","[1, 6, 12, 10, 14, 14, 7, 2, 0, 8, 7, 0, 0, 0, 5, 12]","[True, True, True, True, True, True, True, True, True, True, True, True, True, True, True, True]"
40,16,"[2781.295856403509, 2867.38361648739, 1563.5500902401322, 2505.879717044383, 1254.9939763481898, 2560.9290778649356, 0, 1578.3845313240047, 524.2057480426145, 0, 3018.356974389583, 620.0797558364931, 2180.662757134983, 1254.9939763481898, 640.8479773238399, 2079.788639958885]","[2808.845995813521, 4029.0, 1756.3807251406236, 4029.0, 1361.532449241627, 2667.467550758373, 505.3215128052086, 2493.6523877437558, 551.7558874526266, 4029.0, 3523.678487194791, 1535.3476122562442, 4029.0, 4029.0, 668.398116733852, 2272.6192748593767]","[(260.0466, 23.217133333333337, 6.089266666666666), (98.5656, 0.03406666666666667, 0.023066666666666666), (78.29360000000001, 0.11573333333333333, 0.09953333333333332), (321.563, 0.0134, 0.007933333333333334), (282.41606666666667, 0.0, 0.0), (271.9302, 0.0026666666666666666, 0.0020666666666666667), (100.6632, 0.0044666666666666665, 0.00013333333333333334), (223.696, 0.11593333333333333, 0.0992), (22.3696, 0.004666666666666667, 0.0002), (369.0984, 0.017666666666666667, 0.010733333333333333), (0.0, 0.0, 0.0), (183.1509333333333, 0.6727333333333332, 0.005), (473.9556, 4.806, 0.02386666666666667), (343.93240000000003, 0.0, 0.0), (184.54886666666667, 0.6701333333333334, 0.0057333333333333325), (458.5768, 0.723, 1.306)]","[(2, 1.4859958333333334, 0.002738888888888889), (3, 0.0, 0.029166666666666667), (2, 0.0, 0.0009166666666666666), (3, 0.0, 0.017744444444444448), (3, 0.00675, 0.003411111111111111), (3, 0.005633333333333334, 0.03143333333333334), (2, 0.0, 0.001077777777777778), (2, 0.0, 0.0010277777777777776), (1, 0.0, 0.0008666666666666667), (3, 0.0, 0.018283333333333335), (2, 0.0, 0.0), (3, 0.0, 0.0005277777777777777), (1, 0.0, 0.005094444444444444), (3, 0.020033333333333334, 0.0038777777777777777), (3, 0.0, 0.00046111111111111103), (1, 0.059366666666666665, 0.06801666666666667)]","[31, 44, 46, 47, 49, 37, 45, 55, 51, 38, 43, 52, 56, 54, 53, 48]","[0, 6, 12, 10, 14, 14, 7, 11, 0, 8, 7, 11, 9, 15, 0, 12]","[True, True, True, True, True, True, True, True, True, True, True, True, True, True, True, True]"
41,15,"[0, 3604.08485128692, 1563.5500902401322, 2519.573048831511, 1320.2655306736276, 0, 0, 1566.5169784569066, 517.5279678127722, 80.13338746088, 3148.573702267009, 596.34464556524, 1462.6758357381586, 1266.8615316800874, 0, 2871.947793837662]","[4029.0, 4029.0, 1360.3011482012348, 3015.5225405093697, 2674.6327653368135, 1354.367234663186, 0, 2161.8519746292313, 1013.4774594906305, 675.4683836332047, 4029.0, 1191.6796417375645, 4029.0, 4029.0, 4029.0, 2668.6988517987647]","[(262.8428, 20.403266666666667, 7.649333333333332), (159.383, 0.27046666666666663, 0.022466666666666666), (33.5544, 0.1158, 0.09953333333333332), (343.9326, 0.013333333333333336, 0.0074666666666666675), (459.97486666666657, 0.0, 0.0), (274.72646666666674, 0.0041333333333333335, 0.009866666666666668), 0, (268.4352, 0.11646666666666668, 0.09953333333333332), (78.29360000000001, 0.004533333333333333, 6.666666666666668e-05), (75.84646666666666, 0.0, 0.0), (0.0, 0.0, 0.0), (211.11286666666666, 0.7809333333333333, 0.005533333333333332), (384.4776, 1.923, 0.024933333333333335), (306.18359999999996, 0.0, 0.0), (183.1509333333333, 0.6727333333333332, 0.005), (824.879, 0.7441333333333333, 1.3625333333333334)]","[(2, 0.5451666666666666, 0.006800000000000002), (3, 0.0013666666666666669, 0.02918888888888889), (2, 0.0, 0.000977777777777778), (3, 0.0, 0.017083333333333332), (3, 0.0192, 0.013244444444444444), (3, 0.0009833333333333335, 0.03336666666666666), 0, (2, 0.0, 0.0009611111111111112), (1, 0.0, 0.000861111111111111), (2, 0.00015, 0.0002722222222222222), (2, 0.0, 0.0), (3, 0.0, 0.00045000000000000004), (1, 0.0, 0.005011111111111111), (3, 0.008033333333333333, 0.003372222222222222), (3, 0.0, 0.0005277777777777777), (1, 1.0255833333333333, 0.54465)]","[31, 44, 46, 47, 49, 37, -1, 55, 51, 58, 43, 52, 56, 54, 53, 48]","[3, 6, 12, 0, 14, 14, -1, 11, 0, 11, 7, 11, 9, 15, 5, 12]","[True, True, True, True, True, True, False, True, True, True, True, True, True, True, True, True]"
42,15,"[1108.5118598755066, 4107.999450555, 1554.649425589809, 2440.1517244661704, 1269.8284205130622, 628.9803113908888, 0, 1560.5832020233572, 517.5279678127722, 86.81116974928666, 3425.7016103138403, 759.5235286801067, 2530.7555535185593, 1204.5568661876246, 1155.2559781834066, 1993.7488816724258]","[1966.477496843941, 4029.0, 1794.9502719586915, 2768.321437123427, 4029.0, 4029.0, 0, 2415.029836671625, 845.6976804700291, 414.9808824065435, 4029.0, 1613.9701633283748, 4029.0, 2062.522503156059, 4029.0, 2234.0497280413083]","[(67.1088, 0.0, 0.001), (234.88039999999998, 0.2981333333333333, 0.018066666666666665), (22.3696, 0.11553333333333332, 0.0994), (478.1502, 0.012199999999999999, 0.007066666666666666), (363.5057333333333, 0.0, 0.0), (320.1647333333333, 0.0011333333333333332, 0.0015333333333333334), 0, (33.5544, 0.11626666666666668, 0.09953333333333332), (0.0, 0.004666666666666667, 0.00013333333333333334), (71.827, 0.0, 0.0), (0.0, 0.0, 0.0), (232.0842666666667, 0.9956, 0.0072), (419.43, 3.8347333333333333, 0.0464), (322.961, 0.0, 0.0), (67.10839999999999, 0.00013333333333333334, 0.001), (721.4196, 0.7326, 1.4462000000000002)]","[(3, 0.0, 0.0), (3, 8.333333333333333e-05, 0.02883888888888889), (2, 0.0, 0.0009444444444444444), (3, 0.0009, 0.02215), (3, 0.10526666666666666, 0.011727777777777776), (2, 0.0037166666666666667, 0.0028777777777777777), 0, (2, 0.0, 0.000972222222222222), (1, 0.0, 0.0008388888888888889), (2, 0.09475, 0.017716666666666665), (2, 0.0, 0.0), (3, 0.0, 0.0005), (1, 0.00031666666666666665, 0.004988888888888889), (3, 0.007916666666666667, 0.003444444444444445), (1, 0.0, 0.0005722222222222222), (1, 0.0, 0.0003444444444444444)]","[57, 44, 46, 47, 49, 59, -1, 55, 51, 58, 43, 52, 56, 54, 61, 48]","[15, 6, 12, 0, 14, 4, -1, 11, 0, 0, 7, 11, 9, 15, 8, 12]","[True, True, True, True, True, True, False, True, True, True, True, True, True, True, True, True]"
43,15,"[1115.189642163913, 3519.18619597545, 1587.2851959743275, 2429.1970590364676, 1240.1595321833177, 634.9140879134446, 0, 1566.5169784569066, 0, 103.50562547030331, 3442.3960626058183, 821.8281931421467, 1379.6029687996834, 1252.0270875152155, 1151.9170880730503, 2118.3581867769535]","[1946.0812773243488, 4029.0, 1748.963504598687, 4029.0, 2582.826953356507, 850.5555517169, 0, 2386.84439265738, 215.6414638034554, 1446.1730466434929, 4029.0, 1642.15560734262, 1595.2444326031386, 2082.918722675651, 1367.5585518765056, 2280.036495401313]","[(47.5354, 0.0, 0.001), (221.59853333333334, 0.0404, 0.026733333333333335), (167.772, 0.11646666666666668, 0.0996), (461.373, 0.013266666666666668, 0.0067333333333333325), (380.283, 0.0, 0.0), (300.59133333333324, 0.0011333333333333332, 0.0015333333333333334), 0, (0.0, 0.1156, 0.0996), (0.0, 0.0046, 0.0), (107.65333333333331, 0.0, 0.0), (0.0, 0.0, 0.0), (201.326, 1.1070666666666666, 0.0068), (442.49846666666673, 3.044, 0.055333333333333345), (301.98940000000005, 0.0, 0.0), (72.70093333333334, 6.666666666666668e-05, 0.001), (626.3488000000001, 0.7791333333333333, 1.1652666666666667)]","[(3, 0.0, 0.0), (3, 0.0, 0.02946666666666667), (2, 0.0, 0.001027777777777778), (3, 0.0, 0.017055555555555553), (3, 0.006966666666666668, 0.010794444444444445), (2, 0.0004, 0.0023666666666666667), 0, (2, 0.0, 0.00095), (1, 0.0, 0.0012333333333333335), (2, 0.0006, 0.00018333333333333334), (2, 0.0, 0.0), (3, 0.0, 0.0004388888888888889), (1, 0.0, 0.004972222222222222), (3, 0.00785, 0.003533333333333333), (1, 0.0, 0.0005666666666666666), (1, 0.0019833333333333335, 0.0026333333333333334)]","[57, 44, 46, 47, 49, 59, -1, 55, 51, 58, 43, 52, 56, 54, 61, 48]","[15, 6, 12, 1, 14, 0, -1, 11, 0, 14, 7, 11, 0, 15, 0, 12]","[True, True, True, True, True, True, False, True, True, True, True, True, True, True, True, True]"
44,15,"[1115.189642163913, 3576.69818828322, 1563.5500902401322, 2420.981059964191, 0, 557.7749931202221, 0, 1593.2189724078767, 501.40426599866777, 76.79449631667669, 3475.784967189774, 0, 1530.9142621519063, 1225.3250880184453, 1158.5948682937635, 2145.060180727923]","[1959.432277072734, 4029.0, 1723.7449547561046, 4029.0, 4029.0, 625.3493121210518, 0, 1660.7932914087064, 4029.0, 144.36881531750632, 4029.0, 4029.0, 1598.488581152736, 2069.567722927266, 4029.0, 2305.2550452438954]","[(72.7012, 0.0, 0.001), (117.44013333333332, 0.04193333333333333, 0.027666666666666673), (167.772, 0.11606666666666667, 0.09946666666666669), (416.6338, 0.0116, 0.0067333333333333325), (353.719, 0.0, 0.0), (288.00833333333327, 0.0011333333333333332, 0.0014), 0, (167.772, 0.1156, 0.09933333333333332), (0.0, 0.0048, 6.666666666666668e-05), (83.18653333333334, 0.0, 0.0), (0.0, 0.0, 0.0), (205.5204, 0.8886000000000001, 0.0058), (440.4012, 3.206266666666667, 0.1867333333333333), (328.5532, 0.0, 0.0), (75.49719999999999, 0.0004, 0.0014666666666666665), (542.4628, 0.7475333333333333, 1.4531333333333334)]","[(3, 0.0, 0.0), (3, 0.0027166666666666667, 0.027800000000000002), (2, 0.0, 0.000972222222222222), (3, 0.0, 0.024077777777777778), (3, 0.04356666666666667, 0.009866666666666668), (2, 0.00026666666666666673, 0.002455555555555556), 0, (2, 0.0, 0.0014166666666666668), (2, 0.0, 0.0013222222222222222), (2, 0.0005833333333333334, 0.00023333333333333333), (2, 0.0, 0.0), (3, 0.0, 0.0005055555555555555), (1, 1.666666666666667e-05, 0.0052), (3, 0.007816666666666666, 0.003527777777777778), (1, 0.0, 0.0005499999999999999), (1, 0.07328333333333333, 0.0468111111111111)]","[57, 44, 46, 47, 49, 59, -1, 55, 62, 58, 43, 52, 56, 54, 61, 48]","[15, 6, 12, 1, 14, 0, -1, 0, 13, 0, 7, 11, 0, 15, 5, 12]","[True, True, True, True, True, True, False, True, True, True, True, True, True, True, True, True]"
45,14,"[1105.1729687313032, 3261.75156374067, 1569.483866673681, 0, 3121.8625785998443, 590.4107639942779, 0, 1563.5500902401322, 498.43737685074666, 0, 3732.8795324862313, 0, 1483.4440524727775, 1254.9939763481898, 1151.9170880730503, 2245.9343800982538]","[1939.5894961915567, 4029.0, 1676.2747432877136, 2014.5, 3326.212600874549, 720.9424617585486, 0, 1694.081788004403, 702.7873991254512, 2014.5, 4029.0, 0, 1613.9757502370483, 2089.4105038084435, 4029.0, 2352.7252567122864]","[(33.5544, 0.0, 0.001), (115.3428, 0.04046666666666667, 0.026666666666666672), (134.2176, 0.11626666666666668, 0.0994), (402.6528, 0.011733333333333332, 0.0074666666666666675), (0.0, 0.0, 0.0), (311.7758666666666, 0.0011333333333333332, 0.0015333333333333334), 0, (67.1088, 0.11593333333333333, 0.09953333333333332), (145.4024, 0.004733333333333333, 6.666666666666668e-05), (74.62326666666667, 0.0, 0.00013333333333333334), (0.0, 0.0, 0.0), 0, (478.84913333333344, 2.3301999999999996, 0.8102), (282.41606666666667, 0.0, 0.0), (75.49719999999999, 0.0003333333333333333, 0.0014), (710.2348000000001, 0.9372, 1.3942)]","[(3, 0.0, 0.0), (3, 0.0, 0.025622222222222223), (2, 0.0, 0.0009555555555555555), (3, 1.666666666666667e-05, 0.02868888888888889), (2, 0.0, 0.0), (2, 0.0, 0.002388888888888889), 0, (2, 0.0, 0.00095), (2, 0.0, 0.0012666666666666666), (2, 0.0007166666666666667, 0.00015555555555555556), (2, 0.0, 0.0), 0, (1, 0.0, 0.004461111111111111), (3, 0.00675, 0.003411111111111111), (1, 0.0, 0.0005611111111111111), (1, 0.003016666666666666, 0.05234444444444444)]","[57, 44, 46, 47, 60, 59, -1, 55, 62, 58, 43, -1, 56, 54, 61, 48]","[15, 6, 12, 1, 13, 0, -1, 0, 13, 1, 7, -1, 0, 15, 5, 12]","[True, True, True, True, True, True, False, True, True, True, True, False, True, True, True, True]"
46,15,"[1111.8507510197098, 3409.63954396065, 1566.5169784569066, 599.3113997345512, 3065.1014408071205, 534.03988703, 0, 1572.4507548904555, 498.43737685074666, 731.2170323801198, 3782.9628893621643, 3464.41286996805, 949.4041935825778, 1320.2655306736276, 1168.6115386248337, 3233.9081562841443]","[1178.1241584554296, 4029.0, 1180.8044110863812, 4029.0, 3297.832031978187, 600.3132944657198, 0, 4029.0, 731.1679680218131, 4029.0, 4029.0, 4029.0, 1015.6776010182975, 4029.0, 1234.8849460605534, 2848.195588913619]","[(39.146800000000006, 0.0, 0.001), (132.12006666666667, 0.0338, 0.0268), (167.772, 0.11593333333333333, 0.0992), (0.0, 0.004733333333333333, 0.00013333333333333334), (0.0, 0.0, 0.0), (325.75713333333334, 0.0011333333333333332, 0.0014666666666666665), 0, (100.6632, 0.11566666666666668, 0.09933333333333332), (67.1088, 0.004666666666666667, 0.0), (178.9568, 0.0019333333333333331, 0.0014666666666666665), (0.0, 0.0, 0.0), (168.47066666666663, 0.27493333333333336, 0.023333333333333327), (333.44686666666666, 0.9099333333333333, 0.8626), (459.97486666666657, 0.0, 0.0), (77.5942, 0.00046666666666666666, 0.0014), (478.1502, 1.5555999999999999, 1.8252000000000002)]","[(3, 0.0, 0.0), (3, 0.0, 0.03398333333333334), (2, 0.0, 0.0009555555555555555), (3, 0.0, 0.0014222222222222223), (2, 0.0, 0.0), (2, 0.0006666666666666666, 0.0023944444444444447), 0, (2, 0.0, 0.0009611111111111112), (2, 0.0, 0.0012333333333333335), (1, 0.36411666666666676, 0.01315), (2, 0.0, 0.0), (3, 0.2927833333333333, 0.026605555555555556), (1, 0.0, 0.004088888888888889), (3, 0.0192, 0.013244444444444444), (1, 0.0, 0.001627777777777778), (1, 0.0011333333333333332, 0.0015055555555555556)]","[57, 44, 46, 63, 60, 59, -1, 55, 62, 65, 43, 66, 56, 54, 61, 48]","[0, 6, 12, 8, 13, 0, -1, 2, 13, 3, 7, 4, 0, 15, 0, 12]","[True, True, True, True, True, True, False, True, True, True, True, True, True, True, True, True]"
47,16,"[1252.08417907625, 2935.85027399664, 1608.0534134917489, 620.0796165570354, 2911.512479720924, 522.1723339848888, 1876.4565081617916, 1566.5169784569066, 498.43737685074666, 657.7614400862267, 0, 4442.116739200141, 732.8213619215522, 1269.8284205130622, 1165.2726485144767, 4138.80906240035]","[4029.0, 4029.0, 749.1221755456995, 4029.0, 3221.037551435089, 659.6043053724952, 2317.8140438243645, 1703.948949844513, 807.9624485649113, 795.1934114738331, 4029.0, 4029.0, 870.2533333091586, 1711.1859561756353, 4029.0, 3279.8778244543005]","[(173.3644, 6.666666666666668e-05, 0.0016), (107.65339999999999, 0.037200000000000004, 0.024933333333333335), (167.772, 0.11613333333333334, 0.09953333333333332), (0.0, 0.004666666666666667, 6.666666666666668e-05), (0.0, 0.0, 0.0), (304.78553333333326, 0.0011333333333333332, 0.0014666666666666665), (258.64820000000003, 0.019533333333333337, 0.0016), (22.3696, 0.11606666666666667, 0.09953333333333332), (100.6632, 0.004666666666666667, 6.666666666666668e-05), (192.93779999999998, 0.003933333333333333, 0.0014666666666666665), (0.0, 0.0, 0.0), (313.1741333333334, 0.2986666666666667, 0.020266666666666665), (199.92773333333332, 0.9031333333333333, 0.010666666666666666), (363.5057333333333, 0.0, 0.0), (69.2056, 0.00046666666666666666, 0.0013333333333333333), (673.8842, 1.5523333333333331, 1.8134000000000001)]","[(3, 0.03166666666666667, 0.0017722222222222221), (3, 0.0, 0.03331111111111111), (2, 0.0, 0.001388888888888889), (3, 0.0, 0.001661111111111111), (2, 0.0, 0.0), (2, 6.666666666666667e-05, 0.0023833333333333337), (3, 0.05115, 0.03694444444444444), (2, 0.0, 0.0009388888888888888), (2, 0.0, 0.001238888888888889), (1, 0.26766666666666666, 0.015294444444444444), (2, 0.0, 0.0), (3, 0.10841666666666666, 0.0281), (1, 0.0, 0.005077777777777777), (3, 0.10526666666666666, 0.011727777777777776), (1, 0.0, 0.0005499999999999999), (1, 1.0415999999999999, 0.5724111111111111)]","[57, 44, 46, 63, 60, 59, 64, 55, 62, 65, 43, 66, 56, 54, 61, 48]","[11, 6, 12, 8, 13, 0, 15, 0, 13, 0, 7, 4, 0, 15, 5, 12]","[True, True, True, True, True, True, True, True, True, True, True, True, True, True, True, True]"
48,16,"[1105.1729687313032, 2733.1889677692598, 1569.483866673681, 578.5431829120669, 3145.2348118086134, 531.0729987687222, 1328.8784523992754, 1563.5500902401322, 495.47048770282555, 711.18368902724, 0, 3143.9889128247596, 851.4968861193744, 1240.1595321833177, 1178.6282089559033, 3308.0803617035053]","[1785.3114392455855, 4029.0, 1145.2017524850876, 800.8578637230503, 3339.382162052894, 753.3876795797056, 2058.859460107979, 2243.6885607544145, 689.617837947106, 4029.0, 4029.0, 4029.0, 1073.811566930358, 1970.1405398920213, 1400.9428897668868, 2883.798247514912]","[(156.58720000000002, 6.666666666666668e-05, 0.001066666666666667), (99.96353333333334, 0.03306666666666667, 0.022733333333333335), (167.772, 0.11586666666666666, 0.0994), (0.0, 0.004533333333333333, 0.0), (0.0, 0.0, 0.0), (258.64813333333325, 0.0011333333333333332, 0.0015333333333333334), (328.5534, 0.0005333333333333334, 0.0006), (67.1088, 0.11606666666666667, 0.09946666666666669), (0.0, 0.004666666666666667, 6.666666666666668e-05), (134.2176, 0.002, 0.0014), (75.84646666666666, 0.0, 0.0), (205.5204, 0.03793333333333333, 0.025266666666666666), (167.77133333333336, 0.8164666666666667, 0.02233333333333333), (380.283, 0.0, 0.0), (82.4876, 0.0007333333333333332, 0.002), (894.7841999999999, 1.598466666666667, 1.968333333333333)]","[(3, 0.0, 0.0002833333333333333), (3, 0.0, 0.026605555555555556), (2, 0.0, 0.0009611111111111112), (3, 0.0, 0.0012944444444444446), (2, 0.0, 0.0), (2, 0.0010333333333333334, 0.0024222222222222223), (3, 0.06125, 0.025472222222222222), (2, 0.0, 0.0009555555555555554), (2, 0.0, 0.0012722222222222221), (1, 0.2701, 0.013050000000000004), (2, 0.00015, 0.0002722222222222222), (3, 0.00125, 0.027633333333333336), (1, 0.0, 0.005544444444444444), (3, 0.006966666666666668, 0.010794444444444445), (1, 0.0, 0.0005722222222222222), (1, 0.0013, 0.001966666666666667)]","[57, 44, 46, 63, 60, 59, 64, 55, 62, 65, 67, 66, 56, 54, 61, 48]","[11, 6, 12, 0, 13, 0, 15, 11, 13, 1, 14, 4, 0, 15, 0, 12]","[True, True, True, True, True, True, True, True, True, True, True, True, True, True, True, True]"
49,16,"[1118.528533308117, 2831.7809545825808, 1575.4176431072299, 581.5100710295644, 2988.3069602640226, 537.0067752912778, 2050.0788185255155, 1563.5500902401322, 492.5035985549045, 647.7447684097866, 2240.395480738335, 3601.346184986549, 1483.4440524727775, 1243.126421016292, 1165.2726485144767, 3144.901509780911]","[1791.9892215339923, 4029.0, 1229.7580666631595, 1020.2771070588549, 3262.4016808545593, 4029.0, 2417.9761987546117, 2237.0107784660077, 766.5983191454411, 1086.511804439077, 4029.0, 4029.0, 1922.211088502068, 1611.023801245388, 4029.0, 2799.2419333368407]","[(97.867, 0.0, 0.001), (103.459, 0.03553333333333333, 0.025), (100.6632, 0.11586666666666666, 0.09966666666666668), (0.0, 0.004733333333333333, 0.0), (0.0, 0.0, 0.0), (289.4064, 0.0012, 0.0015333333333333334), (298.49406666666664, 0.0016666666666666668, 0.005466666666666667), (78.29360000000001, 0.11573333333333333, 0.09953333333333332), (0.0, 0.0046, 6.666666666666668e-05), (226.49220000000003, 0.0016666666666666668, 0.0014), (973.0777333333333, 0.10640000000000001, 0.744), (130.0228, 0.042466666666666666, 0.027733333333333336), (186.64606666666668, 3.3434, 0.0272), (353.719, 0.0, 0.0), (81.08953333333334, 0.0002666666666666667, 0.001), (727.012, 1.5444666666666669, 1.7056666666666669)]","[(3, 0.008, 0.00039999999999999996), (3, 0.0001, 0.02427222222222222), (2, 0.0, 0.0009611111111111112), (3, 0.0, 0.0012333333333333335), (2, 0.0, 0.0), (2, 0.00013333333333333334, 0.0024055555555555557), (3, 0.0008666666666666667, 0.016138888888888887), (2, 0.0, 0.0009166666666666666), (2, 0.0, 0.0012166666666666667), (1, 0.27021666666666666, 0.012733333333333334), (3, 0.0, 0.025061111111111114), (3, 0.0008, 0.02777777777777778), (1, 0.0, 0.005394444444444445), (3, 0.04356666666666667, 0.009866666666666668), (1, 0.0, 0.000538888888888889), (1, 0.0019666666666666665, 0.05048333333333333)]","[57, 44, 46, 63, 60, 59, 64, 55, 62, 65, 68, 66, 56, 54, 61, 48]","[11, 6, 12, 0, 13, 14, 15, 11, 13, 0, 7, 4, 0, 15, 5, 12]","[True, True, True, True, True, True, True, True, True, True, True, True, True, True, True, True]"
50,16,"[1121.86742445232, 2809.8716241796205, 1560.5832020233572, 578.5431829120669, 3008.340303014396, 0, 1896.4898516652977, 1563.5500902401322, 498.43737685074666, 724.5392512624934, 1332.217282883153, 3261.75156374067, 1397.4042974293563, 0, 0, 3242.8088209344673]","[1793.6586671060938, 4029.0, 1173.387190544445, 722.7102302671516, 3269.451463081825, 144.16704735508475, 2962.7449258326487, 2235.341332893906, 759.5485369181754, 4029.0, 1476.384330238238, 4029.0, 1541.5713447844412, 1066.2550741673513, 144.16704735508475, 2855.612809455555]","[(81.0898, 0.0, 0.001), (96.46846666666666, 0.0338, 0.023066666666666666), (89.4784, 0.11613333333333334, 0.0994), (0.0, 0.004733333333333333, 6.666666666666668e-05), (0.0, 0.0, 0.0), (239.0746, 0.0012, 0.0016), (294.3, 0.001066666666666667, 0.005466666666666667), (33.5544, 0.1158, 0.09953333333333332), (0.0, 0.004666666666666667, 6.666666666666668e-05), (271.2314, 0.0722, 0.0028666666666666667), (805.3058666666667, 0.081, 0.3894666666666666), (110.44946666666667, 0.04046666666666667, 0.026666666666666672), (441.79940000000005, 3.5278666666666667, 0.02166666666666667), (342.5342, 0.0, 0.0), (78.99233333333332, 0.0004, 0.0014), (578.8134, 1.5288, 1.8861333333333334)]","[(3, 0.0, 0.0), (3, 0.0001833333333333333, 0.029927777777777772), (2, 0.0, 0.0009388888888888888), (3, 0.0, 0.0012666666666666666), (2, 0.0, 0.0), (2, 0.00016666666666666666, 0.002361111111111111), (3, 0.0002, 0.014294444444444445), (2, 0.0, 0.000977777777777778), (2, 0.0, 0.001261111111111111), (1, 0.24863333333333332, 0.04668333333333334), (3, 0.0, 0.023311111111111112), (3, 0.00011666666666666667, 0.02971666666666666), (1, 0.0, 0.005505555555555555), (3, 0.016566666666666667, 0.010016666666666667), (1, 0.0, 0.0005777777777777778), (1, 0.07088333333333334, 0.05034444444444444)]","[57, 44, 46, 63, 60, 59, 64, 55, 62, 65, 68, 66, 56, 54, 61, 48]","[11, 6, 12, 0, 13, 0, 15, 11, 13, 1, 0, 4, 0, 15, 0, 12]","[True, True, True, True, True, True, True, True, True, True, True, True, True, True, True, True]"
51,15,"[0, 2809.8716241796205, 1563.5500902401322, 593.3776234995555, 3068.4403312655163, 0, 2227.0400194731583, 1554.649425589809, 501.40426599866777, 737.8948134977464, 888.1448552554355, 3502.7541981732297, 1605.0864647755454, 744.572766635591, 1155.2559781834066, 3296.2128088364075]","[1237.1752872050956, 4029.0, 1148.1686407018624, 957.5913229086063, 3298.0180326334244, 0, 2755.7336264187834, 2791.8247127949044, 730.9819673665759, 1102.1085129067974, 4029.0, 4029.0, 1969.3001641845963, 1273.2663735812164, 4029.0, 2880.8313592981376]","[(117.4404, 0.0, 0.001), (111.1486, 0.03306666666666667, 0.022600000000000002), (0.0, 0.1166, 0.0996), (67.1088, 0.004666666666666667, 6.666666666666668e-05), (0.0, 0.0, 0.0), 0, (234.18133333333338, 0.0016666666666666668, 0.0016), (22.3696, 0.11553333333333332, 0.0994), (0.0, 0.0057333333333333325, 0.001), (164.9758, 0.0021333333333333334, 0.0014666666666666665), (624.9507333333332, 0.08693333333333333, 0.30760000000000004), (119.5372, 0.03373333333333334, 0.02686666666666667), (421.5272, 3.163133333333333, 0.021933333333333332), (142.60586666666666, 0.0007333333333333332, 0.0006), (67.10839999999999, 0.00013333333333333334, 0.001), (746.5854, 1.6389333333333334, 1.749)]","[(3, 0.0, 0.0), (3, 0.0, 0.026805555555555558), (2, 0.0, 0.0009611111111111112), (3, 0.0, 0.0012222222222222224), (2, 0.0, 0.0), 0, (3, 0.0006666666666666666, 0.02163888888888889), (2, 0.0, 0.0009444444444444444), (2, 0.0, 0.0012055555555555554), (1, 0.2376, 0.013488888888888885), (3, 0.0, 0.013066666666666667), (3, 0.0013666666666666669, 0.04000555555555556), (1, 0.04335, 0.02068888888888889), (1, 0.0, 0.02883888888888889), (1, 0.0, 0.0005722222222222222), (1, 0.0016833333333333331, 0.04975)]","[57, 44, 46, 63, 60, -1, 64, 55, 62, 65, 68, 66, 56, 70, 71, 48]","[11, 6, 12, 0, 13, -1, 15, 11, 13, 0, 7, 4, 0, 15, 8, 12]","[True, True, True, True, True, False, True, True, True, True, True, True, True, True, True, True]"
52,15,"[0, 2746.88229927111, 1557.6163138065833, 572.6094066770711, 3021.6958648479776, 2006.6731654957287, 1766.2731188925045, 1587.2851959743275, 554.8082706612477, 714.5225795860533, 1101.8338429860667, 2935.85027399664, 1661.4573387695111, 554.2559608139378, 1151.9170880730503, 3136.0008451305875]","[0, 3030.6798598425285, 1225.307734337998, 607.3202693654245, 3247.943797093365, 4029.0, 4029.0, 4029.0, 781.056202906635, 998.3201401574718, 1136.5447056744201, 4029.0, 1696.1682014578646, 588.9668235022912, 4029.0, 2803.6922656620022]","[0, (104.15793333333333, 0.032733333333333337, 0.0224), (0.0, 0.11633333333333332, 0.09953333333333332), (22.3696, 0.0048, 0.0), (0.0, 0.0, 0.0), (306.18366666666674, 0.5942000000000001, 0.19193333333333337), (242.57, 0.0003333333333333333, 0.0004), (167.772, 0.11646666666666668, 0.0996), (33.5544, 0.005333333333333333, 0.001), (159.3834, 0.0022666666666666664, 0.0018), (641.7282666666667, 0.07759999999999999, 0.331), (105.55626666666666, 0.03646666666666667, 0.024466666666666664), (462.072, 4.105733333333333, 0.02813333333333333), (98.56566666666669, 0.0007333333333333332, 0.0002666666666666667), (72.70093333333334, 6.666666666666668e-05, 0.001), (606.7754, 1.5655999999999999, 1.7066)]","[0, (3, 0.0, 0.026166666666666668), (2, 0.0, 0.00095), (3, 0.0, 0.0012777777777777776), (2, 0.0, 0.0), (3, 0.011550000000000001, 0.43049444444444446), (3, 6.666666666666667e-05, 0.009744444444444444), (2, 0.0, 0.001027777777777778), (2, 0.0, 0.002505555555555556), (1, 0.27031666666666665, 0.012972222222222222), (3, 0.04375, 0.0321388888888889), (3, 0.0, 0.024422222222222224), (1, 0.0, 0.005383333333333333), (1, 0.0, 0.0016666666666666668), (1, 0.0, 0.0005666666666666666), (1, 0.0, 0.0005055555555555555)]","[-1, 44, 46, 63, 60, 72, 64, 55, 62, 65, 68, 66, 56, 70, 71, 48]","[-1, 6, 12, 0, 13, 2, 14, 11, 13, 6, 0, 4, 0, 0, 8, 12]","[False, True, True, True, True, True, True, True, True, True, True, True, True, True, True, True]"
53,15,"[0, 0, 1566.5169784569066, 664.582938319502, 2894.8180274289466, 1352.2506356501997, 1993.317678598913, 0, 528.1062683299576, 0, 1125.2060760191043, 2837.2582871833197, 952.3710816875233, 597.6615481065954, 1158.5948682937635, 3097.431298312519]","[0, 2014.5, 1249.0428400721935, 1082.3999755525724, 3197.8558795494946, 4029.0, 2448.5558012899046, 4029.0, 831.1441204505056, 2014.5, 1580.4441987100956, 4029.0, 1370.1881189205938, 4029.0, 1576.4119055268338, 2779.957159927806]","[0, (147.4990666666667, 0.2773333333333333, 0.023), (100.6632, 0.11593333333333333, 0.09913333333333334), (78.29360000000001, 0.005933333333333334, 0.0014666666666666665), (0.0, 0.0, 0.0), (281.018, 0.42160000000000003, 0.13533333333333333), (231.3854, 0.0005333333333333334, 0.0008), (167.772, 0.11606666666666667, 0.09946666666666669), (134.2176, 0.0048, 0.0), (173.3644, 0.0022, 0.0016), (838.8603333333335, 0.08673333333333332, 0.3268666666666667), (111.8476, 0.035666666666666666, 0.024), (451.5861333333334, 0.8108, 0.02433333333333333), (121.6344, 0.0005333333333333334, 0.0002), (75.49719999999999, 0.0004, 0.0014666666666666665), (469.7616, 1.4955999999999998, 1.822733333333333)]","[0, (3, 0.0, 0.026427777777777776), (2, 0.0, 0.0009611111111111113), (3, 0.0, 0.0033777777777777777), (2, 0.0, 0.0), (3, 1.666666666666667e-05, 0.2272388888888889), (3, 6.666666666666667e-05, 0.011649999999999999), (2, 0.0, 0.000972222222222222), (2, 0.0, 0.0018000000000000002), (1, 0.2694166666666667, 0.013116666666666667), (3, 0.0, 0.012833333333333334), (3, 0.0, 0.028383333333333337), (1, 0.0, 0.0049277777777777775), (1, 0.0, 0.0015388888888888887), (1, 0.0, 0.0005499999999999999), (1, 0.24515, 0.08227777777777777)]","[-1, 44, 46, 63, 60, 72, 64, 55, 62, 65, 68, 66, 56, 70, 71, 48]","[-1, 6, 12, 0, 13, 2, 14, 11, 13, 6, 14, 4, 0, 10, 0, 12]","[False, True, True, True, True, True, True, True, True, True, True, True, True, True, True, True]"
54,16,"[3815.4812123039737, 744.572766635591, 0, 626.0133927920311, 3151.912592725404, 1409.0117734429248, 1889.8120704974624, 922.7020845904912, 501.40426599866777, 599.3113997345512, 1045.0727056201176, 2777.0076285751793, 0, 554.2559608139378, 1151.9170880730503, 2097.589969259532]","[4029.0, 4029.0, 965.7050153702339, 1212.8449878908718, 4029.0, 4029.0, 2436.8696824386725, 2176.19534242797, 1088.2358610975086, 1852.80465757203, 1592.1303175613275, 4029.0, 586.8315950988408, 1141.0875559127785, 4029.0, 3063.294984629766]","[(1426.063, 0.14286666666666667, 0.5943999999999999), (142.60586666666666, 0.0007333333333333332, 0.0006), (402.6528, 0.11606666666666667, 0.09966666666666668), (44.7392, 0.004666666666666667, 6.666666666666668e-05), (0.0, 0.0, 0.0), (255.852, 0.49213333333333326, 0.15953333333333333), (253.7549333333333, 0.0006666666666666666, 0.0008), (97.867, 0.5311333333333333, 0.4374666666666666), (67.1088, 0.0046, 0.0), (0.0, 0.004733333333333333, 0.00013333333333333334), (721.42, 0.07806666666666666, 0.33893333333333336), (115.3428, 0.03426666666666667, 0.023266666666666665), (211.11260000000001, 1.1520666666666666, 0.015533333333333333), (125.82866666666669, 0.0007333333333333332, 0.0002666666666666667), (75.49719999999999, 0.0003333333333333333, 0.0014), (436.2072, 0.7686666666666665, 1.4219333333333335)]","[(3, 0.005116666666666666, 0.1869), (1, 0.0, 0.02883888888888889), (2, 0.0, 0.0009444444444444444), (3, 0.0, 0.0013444444444444443), (2, 0.0, 0.0), (3, 8.333333333333333e-05, 0.28617777777777775), (3, 0.00018333333333333334, 0.015666666666666666), (1, 0.0, 0.0014666666666666662), (2, 0.0, 0.0012333333333333335), (3, 0.0, 0.0014222222222222223), (3, 0.0, 0.011183333333333332), (3, 0.0, 0.027411111111111112), (1, 0.0, 0.0046), (1, 0.0, 0.00165), (1, 0.0, 0.0005611111111111111), (1, 0.0, 0.0004555555555555556)]","[69, 73, 46, 63, 60, 72, 64, 74, 62, 75, 68, 66, 56, 70, 71, 48]","[15, 6, 12, 0, 13, 2, 14, 11, 0, 11, 14, 4, 0, 0, 5, 12]","[True, True, True, True, True, True, True, True, True, True, True, True, True, True, True, True]"
55,15,"[2446.521763816231, 554.2559608139378, 1646.6233023008167, 0, 2938.223603388089, 1816.3564093671823, 2103.5010678682, 925.6689723222934, 498.43737685074666, 620.0796165570354, 1385.6395298158109, 3089.2155868173595, 0, 597.6615481065954, 1168.6115386248337, 1744.5302714633733]","[2938.930107854818, 844.2435240559711, 4029.0, 289.9875632420333, 4029.0, 2106.3439726092156, 2373.430769026195, 2167.294677882629, 788.4249400927799, 1861.705322117371, 1655.5692309738054, 4029.0, 0, 1090.0698921451822, 4029.0, 4029.0]","[(1311.4188000000001, 0.1956, 0.7402000000000001), (98.56566666666669, 0.0007333333333333332, 0.0002666666666666667), (125.829, 0.9397333333333332, 0.7602666666666668), (44.7392, 0.004666666666666667, 0.0), (0.0, 0.0, 0.0), (226.49179999999998, 0.6, 0.19540000000000002), (244.66713333333328, 0.0014666666666666665, 0.0012), (114.6442, 0.5428, 0.4749333333333333), (0.0, 0.0046, 6.666666666666668e-05), (0.0, 0.004666666666666667, 6.666666666666668e-05), (671.0880666666666, 0.08573333333333333, 0.32080000000000003), (111.1486, 0.03153333333333334, 0.0434), 0, (98.56533333333331, 0.0005333333333333334, 0.0002), (77.5942, 0.00046666666666666666, 0.0014), (360.7098, 0.7321333333333333, 1.3404)]","[(3, 0.0006, 0.11304444444444445), (1, 0.0, 0.0016666666666666668), (2, 0.0, 0.009888888888888888), (3, 0.0, 0.0013), (2, 0.0, 0.0), (3, 0.00016666666666666666, 0.37338333333333334), (3, 0.00015, 0.019816666666666666), (1, 0.0, 0.001527777777777778), (2, 0.0, 0.0012666666666666666), (3, 0.0, 0.001661111111111111), (3, 0.0, 0.018272222222222224), (3, 0.0009, 0.029877777777777774), 0, (1, 0.0, 0.0015500000000000002), (1, 0.0, 0.001627777777777778), (1, 0.0, 0.00023333333333333333)]","[69, 73, 76, 63, 60, 72, 64, 74, 62, 75, 68, 66, -1, 70, 71, 48]","[15, 0, 10, 0, 13, 0, 14, 11, 0, 11, 14, 4, -1, 15, 5, 12]","[True, True, True, True, True, True, True, True, True, True, True, True, False, True, True, True]"
56,16,"[2303.8585840403466, 597.6615481065954, 1622.8881916370212, 3464.41286996805, 2958.2569461384624, 2230.3788262082307, 2073.45105261294, 928.6358600540952, 507.33804429451004, 578.5431829120669, 1095.1560621194842, 2842.73561978406, 454.0891471920266, 567.6115261347555, 1165.2726485144767, 5485.776312815947]","[4029.0, 4029.0, 4029.0, 4029.0, 4029.0, 2266.66093132084, 2208.8856319714564, 4029.0, 543.6201494071192, 614.8252880246761, 1230.5906414780004, 4029.0, 589.5237265505427, 603.8936312473647, 4029.0, 4029.0]","[(1255.4948, 0.13406666666666667, 0.4640666666666667), (121.6344, 0.0005333333333333334, 0.0002), (139.81, 0.972, 0.7780666666666667), (168.47066666666663, 0.27493333333333336, 0.023333333333333327), (0.0, 0.0, 0.0), (209.7148, 0.7276, 0.23566666666666664), (254.4540666666667, 0.0026, 0.0088), (109.0518, 0.5416666666666666, 0.5044666666666666), (0.0, 0.004666666666666667, 6.666666666666668e-05), (0.0, 0.004533333333333333, 0.0), (767.5571333333334, 0.08106666666666666, 0.391), (97.86666666666669, 0.0338, 0.023066666666666666), (29.621666666666673, 4.1293999999999995, 4.1416), (113.24566666666668, 0.0007333333333333332, 0.0002666666666666667), (69.2056, 0.00046666666666666666, 0.0013333333333333333), (1040.1868, 0.8433999999999999, 2.1876666666666664)]","[(3, 1.666666666666667e-05, 0.12178333333333334), (1, 0.0, 0.0015388888888888887), (2, 0.0, 0.011461111111111111), (3, 0.2927833333333333, 0.026605555555555556), (2, 0.0, 0.0), (3, 0.00021666666666666668, 0.5190777777777777), (3, 0.00011666666666666667, 0.017588888888888887), (1, 0.0, 0.0017222222222222224), (2, 0.0, 0.0012777777777777776), (3, 0.0, 0.0012944444444444446), (3, 0.0, 0.02345), (3, 0.0, 0.02947777777777778), (3, 0.0, 1.6666666666666667e-05), (1, 0.0, 0.0016666666666666668), (1, 0.0, 0.0005499999999999999), (1, 1.7971166666666665, 0.24540555555555552)]","[69, 73, 76, 77, 60, 72, 64, 74, 62, 75, 68, 66, 78, 70, 71, 48]","[15, 6, 10, 9, 13, 0, 14, 11, 0, 0, 14, 4, 14, 0, 5, 12]","[True, True, True, True, True, True, True, True, True, True, True, True, True, True, True, True]"
57,16,"[2662.034226881929, 554.2559608139378, 1578.3848591424044, 4442.116739200141, 3018.356974389583, 1318.8617310662446, 2293.817831151513, 931.6027477858978, 492.5035985549045, 581.5100710295644, 931.5504308882199, 2867.38361648739, 1315.5229705416066, 611.0171134274134, 1178.6282089559033, 8764.187792351708]","[3040.008556727258, 675.4435859661902, 4029.0, 4029.0, 4029.0, 1440.049356218497, 2123.1874202910662, 4029.0, 613.691223707157, 4029.0, 760.9200200277733, 4029.0, 1144.89255968116, 988.9914432727422, 1299.8158341081557, 4029.0]","[(1470.8021999999999, 0.18553333333333333, 0.47233333333333327), (125.82866666666669, 0.0007333333333333332, 0.0002666666666666667), (184.5492, 0.9548666666666666, 0.7652666666666668), (313.1741333333334, 0.2986666666666667, 0.020266666666666665), (0.0, 0.0, 0.0), (255.852, 0.40273333333333333, 0.13053333333333333), (268.435, 0.0018666666666666666, 0.0016), (109.0518, 0.5368666666666667, 0.4758666666666667), (0.0, 0.004533333333333333, 6.666666666666668e-05), (0.0, 0.004733333333333333, 0.0), (796.9172, 0.0888, 0.33713333333333334), (98.5656, 0.03406666666666667, 0.023066666666666666), (29.53446666666667, 12.107333333333337, 12.139266666666664), (127.92593333333336, 0.0005333333333333334, 0.0002), (82.4876, 0.0007333333333333332, 0.002), (1996.488, 0.6658, 1.1106666666666667)]","[(3, 1.666666666666667e-05, 0.1395388888888889), (1, 0.0, 0.00165), (2, 1.666666666666667e-05, 0.010605555555555557), (3, 0.10841666666666666, 0.0281), (2, 0.0, 0.0), (3, 5e-05, 0.20164999999999994), (3, 0.00013333333333333334, 0.023688888888888888), (1, 0.0, 0.0017166666666666667), (2, 0.0, 0.0012555555555555553), (3, 0.0, 0.0012333333333333335), (3, 0.0, 0.019), (3, 0.0, 0.029166666666666667), (3, 0.0, 1.6666666666666667e-05), (1, 0.0, 0.0015222222222222221), (1, 0.0, 0.0005722222222222222), (1, 0.7808833333333334, 1.2051888888888886)]","[69, 73, 76, 77, 60, 72, 64, 74, 62, 75, 68, 66, 78, 70, 71, 48]","[15, 0, 10, 9, 13, 0, 14, 11, 0, 1, 14, 4, 14, 15, 0, 12]","[True, True, True, True, True, True, True, True, True, True, True, True, True, True, True, True]"
58,16,"[2986.820614882346, 597.6615481065954, 1622.8881916370212, 3143.9889128247596, 3148.573702267009, 1425.7062257349019, 2203.667785385733, 925.6689723222934, 495.47048770282555, 578.5431829120669, 1008.3449108539154, 3604.08485128692, 1135.2228679800667, 554.2559608139378, 0, 4251.550814637778]","[4029.0, 4029.0, 4029.0, 4029.0, 4029.0, 1435.5772598376968, 2097.5892639791614, 935.5400064250883, 505.3415218056205, 588.4142170148618, 902.2663894473436, 4029.0, 1029.1443465734949, 564.1269949167328, 4029.0, 4029.0]","[(1311.4188000000001, 0.14286666666666667, 0.5135333333333333), (98.56533333333331, 0.0005333333333333334, 0.0002), (131.4214, 0.9578666666666666, 0.7716000000000001), (205.5204, 0.03793333333333333, 0.025266666666666666), (0.0, 0.0, 0.0), (213.9092, 0.46873333333333334, 0.15180000000000002), (269.134, 0.0016666666666666668, 0.0014666666666666665), (95.0708, 0.5381333333333334, 0.44586666666666674), (0.0, 0.004666666666666667, 6.666666666666668e-05), (0.0, 0.004733333333333333, 6.666666666666668e-05), (700.4481333333333, 0.07953333333333333, 0.389), (159.383, 0.27046666666666663, 0.022466666666666666), (31.3258, 10.272666666666666, 10.300266666666666), (79.69133333333332, 0.0007333333333333332, 0.0002666666666666667), (81.08953333333334, 0.0002666666666666667, 0.001), (1769.9958000000001, 0.7819333333333333, 1.2317333333333333)]","[(3, 5e-05, 0.13139444444444442), (1, 0.0, 0.0015500000000000002), (2, 0.0, 0.010555555555555558), (3, 0.00125, 0.027633333333333336), (2, 0.0, 0.0), (3, 3.3333333333333335e-05, 0.2765777777777778), (3, 0.00031666666666666665, 0.026144444444444446), (1, 0.0, 0.0017277777777777773), (2, 0.0, 0.0012055555555555554), (3, 0.0, 0.0012666666666666666), (3, 0.0, 0.019427777777777776), (3, 0.0013666666666666669, 0.02918888888888889), (3, 0.0, 4.4444444444444447e-05), (1, 0.0, 0.0016666666666666668), (1, 0.0, 0.000538888888888889), (1, 1.4699333333333333, 0.7142388888888889)]","[69, 73, 76, 77, 60, 72, 64, 74, 62, 75, 68, 66, 78, 70, 71, 48]","[15, 6, 10, 9, 13, 0, 14, 0, 0, 0, 14, 4, 14, 0, 5, 12]","[True, True, True, True, True, True, True, True, True, True, True, True, True, True, True, True]"
59,16,"[2953.431360041183, 567.6115261347555, 1596.1861921402513, 3601.346184986549, 3425.7016103138403, 2036.723179621289, 2664.4346859663865, 934.5696355177, 0, 0, 1168.611651651889, 4107.999450555, 1145.2395403445964, 597.6615481065954, 1147.5012037613078, 2512.954319607954]","[3192.384905967294, 4029.0, 4029.0, 4029.0, 4029.0, 2389.292241241626, 2348.0060599787626, 1287.138697138037, 352.5690616203369, 4029.0, 852.1830256642652, 4029.0, 828.8109143569727, 836.6150940327062, 4029.0, 4029.0]","[(1311.4188000000001, 0.188, 0.5201333333333333), (113.24566666666668, 0.0007333333333333332, 0.0002666666666666667), (153.791, 0.9633999999999999, 0.7669333333333332), (130.0228, 0.042466666666666666, 0.027733333333333336), (0.0, 0.0, 0.0), (212.51093333333333, 0.6914, 0.224), (369.09826666666675, 0.0032, 0.0020666666666666667), (92.2746, 0.5394, 0.44333333333333325), (0.0, 0.004733333333333333, 0.0), (67.1088, 0.004666666666666667, 6.666666666666668e-05), (637.534, 0.09033333333333332, 0.3533333333333333), (234.88039999999998, 0.2981333333333333, 0.018066666666666665), (31.238400000000002, 10.958333333333334, 10.986266666666667), (121.6344, 0.0005333333333333334, 0.0002), (386.924, 1.3948666666666665, 0.0056), (1056.9642, 0.7828666666666667, 1.4151333333333334)]","[(3, 3.3333333333333335e-05, 0.16156666666666666), (1, 0.0, 0.0016666666666666668), (2, 0.0, 0.0117), (3, 0.0008, 0.02777777777777778), (2, 0.0, 0.0), (3, 0.0002333333333333333, 0.49188333333333323), (3, 0.2675166666666666, 0.1220111111111111), (1, 0.0, 0.0022722222222222224), (2, 0.0, 0.0012833333333333334), (3, 0.0, 0.0012222222222222224), (3, 0.0, 0.015172222222222219), (3, 8.333333333333333e-05, 0.02883888888888889), (3, 0.0, 2.2222222222222223e-05), (1, 0.0, 0.0015611111111111112), (1, 0.0, 0.009683333333333334), (1, 0.6694666666666667, 0.31561666666666666)]","[69, 73, 76, 77, 60, 72, 64, 74, 62, 75, 68, 66, 78, 70, 79, 48]","[15, 6, 10, 9, 13, 0, 14, 0, 0, 1, 14, 4, 14, 15, 5, 12]","[True, True, True, True, True, True, True, True, True, True, True, True, True, True, True, True]"
60,15,"[2989.8560016860883, 0, 1655.52396879974, 3261.75156374067, 3442.3960626058183, 1769.6119429496443, 2310.5122840711024, 0, 1578.3845313240047, 0, 1278.7950359504955, 0, 1218.6951376844836, 560.9337434743467, 925.6692288098378, 2533.7225371253753]","[4029.0, 30.017445563001047, 4029.0, 4029.0, 4029.0, 1799.6293885126454, 2050.844798169075, 4029.0, 1608.4019768870057, 0, 1019.1275500484685, 4029.0, 959.0276517824566, 590.9511890373477, 4029.0, 4029.0]","[(1177.2012, 0.14893333333333333, 0.6776666666666666), (127.92593333333336, 0.0005333333333333334, 0.0002), (125.829, 0.9370666666666667, 0.7570666666666667), (110.44946666666667, 0.04046666666666667, 0.026666666666666672), (0.0, 0.0, 0.0), (190.14146666666667, 0.5508, 0.17880000000000001), (364.904, 0.0027333333333333333, 0.0014666666666666665), (226.49220000000003, 0.5299333333333333, 0.43666666666666676), (223.696, 0.11593333333333333, 0.0992), 0, (700.4484666666667, 0.08206666666666666, 0.43860000000000005), (221.59853333333334, 0.0404, 0.026733333333333335), (30.75773333333333, 11.004733333333336, 11.030333333333335), (127.9256, 0.0007333333333333332, 0.0002666666666666667), (349.1754, 0.6480666666666667, 0.003466666666666667), (587.202, 0.7736666666666665, 1.3719333333333334)]","[(3, 5e-05, 0.12382222222222221), (1, 0.0, 0.0015222222222222221), (2, 0.06273333333333334, 0.031105555555555553), (3, 0.00011666666666666667, 0.02971666666666666), (2, 0.0, 0.0), (3, 0.00013333333333333334, 0.3462888888888889), (3, 0.0012833333333333332, 0.025400000000000002), (1, 0.0007666666666666667, 0.00215), (2, 0.0, 0.0010277777777777776), 0, (3, 0.0, 0.019766666666666665), (3, 0.0, 0.02946666666666667), (3, 0.0, 2.2222222222222223e-05), (1, 0.0, 0.0017055555555555554), (1, 0.0, 0.00023333333333333333), (1, 0.6713833333333333, 0.2270777777777778)]","[69, 73, 76, 77, 60, 72, 64, 74, 80, -1, 68, 66, 78, 70, 79, 48]","[15, 0, 10, 9, 13, 0, 14, 2, 0, -1, 14, 4, 14, 0, 5, 12]","[True, True, True, True, True, True, True, True, True, False, True, True, True, True, True, True]"
61,16,"[5888.650399259911, 2006.6731654957287, 2278.570623724373, 3502.7541981732297, 3475.784967189774, 1292.1506073990797, 2560.9290778649356, 652.7155422502, 1566.5169784569066, 2180.662757134983, 1539.228489747202, 3464.41286996805, 1191.9840113790701, 597.6615481065954, 1237.8771935563511, 0]","[4029.0, 2719.0058086945664, 4029.0, 4029.0, 4029.0, 2660.57530369954, 2525.350294058867, 4029.0, 1577.3909173261306, 4029.0, 1503.6497059411333, 4029.0, 1202.8579502482942, 1309.9941913054336, 1248.7511324255752, 1368.4246963004603]","[(1269.4758, 0.3529333333333333, 0.49439999999999995), (306.18366666666674, 0.5942000000000001, 0.19193333333333337), (226.49220000000003, 0.9202666666666668, 0.7430666666666668), (119.5372, 0.03373333333333334, 0.02686666666666667), (0.0, 0.0, 0.0), (198.53, 0.4244, 0.13933333333333334), (271.9302, 0.0026666666666666666, 0.0020666666666666667), (433.41086666666666, 0.0023333333333333335, 0.0030666666666666668), (268.4352, 0.11646666666666668, 0.09953333333333332), (473.9556, 4.806, 0.02386666666666667), (830.4715333333334, 0.09873333333333333, 0.6516666666666666), (168.47066666666663, 0.27493333333333336, 0.023333333333333327), (30.932599999999997, 11.007200000000001, 11.033333333333335), (123.7314, 0.0005333333333333334, 0.0002), (320.86379999999997, 0.6452, 0.0048), (595.5906, 0.7811333333333333, 1.5589333333333335)]","[(3, 0.1731833333333333, 0.38794999999999996), (3, 0.011550000000000001, 0.43049444444444446), (2, 0.09268333333333334, 0.011455555555555556), (3, 0.0013666666666666669, 0.04000555555555556), (2, 0.0, 0.0), (3, 1.666666666666667e-05, 0.19247222222222224), (3, 0.005633333333333334, 0.03143333333333334), (1, 0.011300000000000001, 0.0010833333333333333), (2, 0.0, 0.0009611111111111112), (1, 0.0, 0.005094444444444444), (3, 0.0, 0.02181111111111111), (3, 0.2927833333333333, 0.026605555555555556), (3, 0.0, 2.2222222222222223e-05), (1, 0.0, 0.0016055555555555554), (1, 0.0, 0.0002222222222222222), (1, 0.6745166666666667, 0.26855000000000007)]","[69, 81, 76, 77, 60, 72, 64, 82, 80, 83, 68, 84, 78, 70, 79, 48]","[15, 6, 10, 9, 13, 12, 14, 1, 0, 8, 14, 7, 0, 6, 0, 12]","[True, True, True, True, True, True, True, True, True, True, True, True, True, True, True, True]"
62,16,"[4252.576912042853, 1352.2506356501997, 1590.2524144743022, 2935.85027399664, 3732.8795324862313, 961.60045201792, 2520.8623908579216, 634.9142092797401, 1560.5832020233572, 1462.6758357381586, 4253.746412012876, 4442.116739200141, 1198.6617929554236, 554.2559608139378, 1317.298517921692, 881.4670876440003]","[4029.0, 4029.0, 4029.0, 4029.0, 4029.0, 4029.0, 1148.0579894225225, 655.0604180116254, 1580.7294107552425, 4029.0, 2880.942010577477, 4029.0, 1218.808001687309, 574.4021695458231, 4029.0, 4029.0]","[(1974.1186, 0.14053333333333334, 0.48906666666666665), (281.018, 0.42160000000000003, 0.13533333333333333), (142.6062, 0.9306666666666665, 0.7520666666666668), (105.55626666666666, 0.03646666666666667, 0.024466666666666664), (0.0, 0.0, 0.0), (194.33579999999998, 0.31493333333333334, 0.10186666666666666), (274.72646666666674, 0.0041333333333333335, 0.009866666666666668), (398.45840000000004, 0.0016666666666666668, 0.0003333333333333333), (33.5544, 0.11626666666666668, 0.09953333333333332), (384.4776, 1.923, 0.024933333333333335), (1069.547, 0.1412, 0.6463333333333334), (313.1741333333334, 0.2986666666666667, 0.020266666666666665), (29.2284, 11.277066666666668, 11.304066666666667), (111.14853333333335, 0.0007333333333333332, 0.0002666666666666667), (301.98920000000004, 0.6321333333333333, 0.005666666666666668), (95.9442, 0.019933333333333334, 0.0208)]","[(3, 1.666666666666667e-05, 0.31198333333333333), (3, 1.666666666666667e-05, 0.2272388888888889), (2, 0.0, 0.012455555555555557), (3, 0.0, 0.024422222222222224), (2, 0.0, 0.0), (3, 0.0, 0.12192777777777777), (3, 0.0009833333333333335, 0.03336666666666666), (1, 0.015133333333333334, 0.0009777777777777777), (2, 0.0, 0.000972222222222222), (1, 0.0, 0.005011111111111111), (3, 0.0, 0.17137222222222223), (3, 0.10841666666666666, 0.0281), (3, 0.0, 2.2222222222222223e-05), (1, 0.0, 0.00165), (1, 0.0, 0.00025), (1, 0.0012, 0.05558333333333333)]","[69, 81, 76, 77, 60, 72, 64, 82, 80, 83, 68, 84, 78, 70, 79, 85]","[15, 6, 10, 9, 13, 12, 14, 0, 0, 8, 14, 7, 0, 0, 5, 11]","[True, True, True, True, True, True, True, True, True, True, True, True, True, True, True, True]"
63,16,"[3235.722332789209, 1409.0117734429248, 1563.5504149775322, 2837.2582871833197, 3782.9628893621643, 1021.7004802690399, 2607.673546039784, 655.6824310786097, 1566.5169784569066, 2530.7555535185593, 2681.129017932762, 3143.9889128247596, 1178.6284482263632, 597.6615481065954, 1309.0825188494155, 754.589249271]","[3333.5303923413067, 4029.0, 4029.0, 4029.0, 4029.0, 4029.0, 1977.7722640535112, 4029.0, 1742.9387531388168, 4029.0, 2051.2277359464892, 4029.0, 1355.0502229082733, 695.4696076586932, 4029.0, 931.01102395291]","[(1730.8488, 0.18693333333333337, 0.49646666666666667), (255.852, 0.49213333333333326, 0.15953333333333333), (117.4404, 0.9303333333333335, 0.7412666666666667), (111.8476, 0.035666666666666666, 0.024), (0.0, 0.0, 0.0), (146.80033333333338, 0.3725333333333334, 0.1176), (269.13426666666675, 0.0028, 0.002466666666666667), (349.5247333333333, 0.0023333333333333335, 0.003), (0.0, 0.1156, 0.0996), (419.43, 3.8347333333333333, 0.0464), (2168.4547333333335, 0.09346666666666668, 0.3538666666666667), (205.5204, 0.03793333333333333, 0.025266666666666666), (27.96146666666667, 11.744666666666664, 11.770666666666664), (102.75993333333334, 0.0005333333333333334, 0.0002), (333.44653333333326, 0.6355333333333333, 0.0052), (96.9928, 0.020133333333333333, 0.014066666666666665)]","[(3, 1.666666666666667e-05, 0.20562222222222223), (3, 8.333333333333333e-05, 0.28617777777777775), (2, 0.0, 0.010772222222222223), (3, 0.0, 0.028383333333333337), (2, 0.0, 0.0), (3, 5e-05, 0.20093333333333338), (3, 0.0003333333333333333, 0.03149444444444444), (1, 0.01145, 0.0009944444444444447), (2, 0.0, 0.00095), (1, 0.00031666666666666665, 0.004988888888888889), (3, 0.0, 0.1801333333333333), (3, 0.00125, 0.027633333333333336), (3, 0.0, 2.2222222222222223e-05), (1, 0.0, 0.0015777777777777778), (1, 0.0, 0.0002111111111111111), (1, 0.0, 0.054338888888888895)]","[69, 81, 76, 77, 60, 72, 64, 82, 80, 83, 68, 84, 78, 70, 79, 85]","[15, 6, 10, 9, 13, 12, 14, 2, 0, 8, 14, 7, 0, 15, 5, 0]","[True, True, True, True, True, True, True, True, True, True, True, True, True, True, True, True]"
64,16,"[2452.592537423716, 1816.3564093671823, 1554.649748478609, 2777.0076285751793, 3388.973815271489, 3549.2405572744774, 2350.5789710781155, 640.84798693656, 1593.2189724078767, 1379.6029687996834, 1161.9338707853067, 3601.346184986549, 1141.90064955642, 0, 0, 754.589249271]","[3240.796268711858, 4029.0, 4029.0, 4029.0, 4029.0, 4029.0, 2608.8225501464044, 4029.0, 1772.982681996111, 4029.0, 1420.1774498535956, 4029.0, 1321.6643591446543, 788.2037312881421, 4029.0, 934.3529588592345]","[(1356.158, 0.1402, 0.49906666666666666), (226.49179999999998, 0.6, 0.19540000000000002), (83.886, 0.8937333333333333, 0.7318666666666667), (115.3428, 0.03426666666666667, 0.023266666666666665), (0.0, 0.0, 0.0), (290.8046, 0.5733333333333334, 0.17), (272.62946666666676, 0.0018666666666666666, 0.0016), (475.3542666666667, 0.0017333333333333335, 0.0003333333333333333), (167.772, 0.1156, 0.09933333333333332), (442.49846666666673, 3.044, 0.055333333333333345), (1308.6224666666665, 0.08373333333333334, 0.33853333333333335), (130.0228, 0.042466666666666666, 0.027733333333333336), (28.00533333333333, 10.849266666666667, 10.8736), (130.02306666666664, 0.0007333333333333332, 0.0002666666666666667), (333.44653333333326, 0.7292666666666667, 0.004666666666666667), (90.177, 0.02, 0.014)]","[(3, 8.333333333333333e-05, 0.11315), (3, 0.00016666666666666666, 0.37338333333333334), (2, 0.0, 0.007866666666666668), (3, 0.0, 0.027411111111111112), (2, 0.0, 0.0), (3, 0.0017833333333333332, 0.2834388888888889), (3, 0.0004166666666666666, 0.026177777777777776), (1, 0.015333333333333336, 0.0008833333333333333), (2, 0.0, 0.0014166666666666668), (1, 0.0, 0.004972222222222222), (3, 0.0, 0.016483333333333336), (3, 0.0008, 0.02777777777777778), (3, 0.0, 1.6666666666666667e-05), (1, 0.0, 0.001738888888888889), (1, 0.0, 0.00021666666666666668), (1, 3.3333333333333335e-05, 0.05506666666666666)]","[69, 81, 76, 77, 60, 72, 64, 82, 80, 83, 68, 84, 78, 70, 79, 85]","[15, 6, 10, 9, 13, 12, 14, 2, 0, 8, 14, 7, 0, 15, 5, 0]","[True, True, True, True, True, True, True, True, True, True, True, True, True, True, True, True]"
65,16,"[2677.21116090064, 2230.3788262082307, 1554.649748478609, 3089.2155868173595, 3395.6515961882797, 2160.2621265819243, 2417.356782756471, 652.7155422502, 1563.5500902401322, 1530.9142621519063, 1198.6616655515086, 3261.75156374067, 1148.5784311327734, 685.3513090824399, 777.9614183128089, 741.2336873370001]","[4029.0, 4029.0, 4029.0, 4029.0, 4029.0, 4029.0, 2623.8475586024815, 1998.18211658388, 1755.429354003497, 4029.0, 1405.1524413975187, 4029.0, 1340.4576948961383, 2030.81788341612, 4029.0, 933.1129511003649]","[(1227.5328, 0.18566666666666662, 0.4779333333333333), (209.7148, 0.7276, 0.23566666666666664), (92.2746, 0.9142666666666668, 0.7324666666666667), (111.1486, 0.03153333333333334, 0.0434), (0.0, 0.0, 0.0), (278.22166666666675, 0.49906666666666666, 0.15853333333333333), (289.4064, 0.0022, 0.0018666666666666666), (552.2496, 0.0023333333333333335, 0.0028666666666666667), (67.1088, 0.11593333333333333, 0.09953333333333332), (440.4012, 3.206266666666667, 0.1867333333333333), (918.552, 0.091, 0.3313333333333333), (110.44946666666667, 0.04046666666666667, 0.026666666666666672), (29.18493333333334, 11.238933333333332, 11.264533333333333), (232.08433333333338, 0.9976, 0.007), (123.73126666666663, 0.009733333333333332, 0.0028), (93.3228, 0.018333333333333333, 0.014133333333333333)]","[(3, 3.3333333333333335e-05, 0.15232222222222222), (3, 0.00021666666666666668, 0.5190777777777777), (2, 0.0, 0.010216666666666666), (3, 0.0009, 0.029877777777777774), (2, 0.0, 0.0), (3, 0.04115, 0.5988777777777777), (3, 0.19908333333333336, 0.026938888888888887), (1, 0.0116, 0.001061111111111111), (2, 0.0, 0.00095), (1, 1.666666666666667e-05, 0.0052), (3, 0.0, 0.016516666666666666), (3, 0.00011666666666666667, 0.02971666666666666), (3, 0.0, 4.4444444444444447e-05), (3, 0.0, 0.0005111111111111112), (2, 0.0, 2.2222222222222223e-05), (1, 0.0, 0.0557)]","[69, 81, 76, 77, 60, 72, 64, 82, 80, 83, 68, 84, 78, 86, 87, 85]","[15, 6, 10, 9, 13, 12, 14, 2, 0, 8, 14, 7, 0, 2, 11, 0]","[True, True, True, True, True, True, True, True, True, True, True, True, True, True, True, True]"
66,16,"[6028.278192232053, 1318.8617310662446, 0, 2842.73561978406, 3432.379391230631, 3262.0959778524575, 1893.1509610813798, 0, 1572.4507548904555, 1483.4440524727775, 1178.6283229517624, 3502.7541981732297, 1181.9673390145404, 741.7221959766666, 888.1447951553957, 804.6726065235]","[4029.0, 4029.0, 4029.0, 4029.0, 4029.0, 4029.0, 2371.761319064809, 1643.6389020116667, 1729.087188080957, 4029.0, 1657.2386809351913, 4029.0, 1338.6037722050419, 2385.3610979883333, 4029.0, 961.3090397140015]","[(1551.892, 0.19686666666666666, 1.39), (255.852, 0.40273333333333333, 0.13053333333333333), (134.2176, 0.8891333333333333, 0.7291333333333333), (97.86666666666669, 0.0338, 0.023066666666666666), (0.0, 0.0, 0.0), (392.8656, 0.7547333333333333, 0.24346666666666666), (292.9018, 0.0003333333333333333, 0.0004), (503.316, 0.0016666666666666668, 0.0003333333333333333), (100.6632, 0.11566666666666668, 0.09933333333333332), (478.84913333333344, 2.3301999999999996, 0.8102), (675.2826, 0.079, 0.3622666666666666), (119.5372, 0.03373333333333334, 0.02686666666666667), (29.79646666666667, 11.306333333333336, 11.331333333333335), (264.24086666666665, 0.7731333333333333, 0.0056), (120.93533333333332, 0.045200000000000004, 0.020266666666666665), (93.8472, 0.0318, 0.0146)]","[(3, 0.0001, 0.1530611111111111), (3, 5e-05, 0.20164999999999994), (2, 1.666666666666667e-05, 0.00786111111111111), (3, 0.0, 0.02947777777777778), (2, 0.0, 0.0), (3, 0.00026666666666666673, 1.4022944444444445), (3, 0.04091666666666667, 0.011177777777777778), (1, 0.015533333333333333, 0.0008555555555555556), (2, 0.0, 0.0009611111111111112), (1, 0.0, 0.004461111111111111), (3, 0.0, 0.013516666666666666), (3, 0.0013666666666666669, 0.04000555555555556), (3, 0.0, 1.6666666666666667e-05), (3, 0.0, 0.0006277777777777777), (2, 0.0, 0.0), (1, 0.00011666666666666667, 0.053427777777777775)]","[69, 81, 76, 77, 60, 72, 64, 82, 80, 83, 68, 84, 78, 86, 87, 85]","[15, 6, 10, 9, 13, 12, 14, 2, 0, 8, 14, 7, 0, 2, 11, 0]","[True, True, True, True, True, True, True, True, True, True, True, True, True, True, True, True]"
67,16,"[6374.312287858666, 1425.7062257349019, 520.8668579276933, 2867.38361648739, 3385.6349248130928, 3983.2963168658976, 2464.10125093132, 744.572766635591, 1566.5169784569066, 949.4041935825778, 0, 2935.85027399664, 1178.6284482263632, 623.0466446204, 851.4170028745334, 844.7392923255]","[4029.0, 4029.0, 1800.2313321725578, 4029.0, 4029.0, 4029.0, 3246.5506254656602, 2075.2630610075958, 1712.8887387873167, 2228.768667827442, 782.44937453434, 4029.0, 1325.0002085567733, 1953.7369389924045, 4029.0, 991.1110526559099]","[(1736.4414, 0.2492666666666667, 1.2721333333333333), (213.9092, 0.46873333333333334, 0.15180000000000002), (0.0, 0.0046, 6.666666666666668e-05), (98.5656, 0.03406666666666667, 0.023066666666666666), (0.0, 0.0, 0.0), (432.01279999999997, 0.8446, 0.2776), (276.82340000000005, 0.0026, 0.0022), (142.60586666666666, 0.0007333333333333332, 0.0006), (22.3696, 0.11606666666666667, 0.09953333333333332), (333.44686666666666, 0.9099333333333333, 0.8626), (641.7281999999999, 0.08393333333333333, 0.3579333333333333), (105.55626666666666, 0.03646666666666667, 0.024466666666666664), (29.66546666666667, 11.591533333333333, 11.616), (260.0463333333334, 0.6686, 0.004866666666666666), (120.23626666666664, 0.034466666666666666, 0.0114), (99.0902, 0.043, 0.015133333333333334)]","[(3, 0.00015, 0.2104), (3, 3.3333333333333335e-05, 0.2765777777777778), (1, 0.0, 0.0008722222222222223), (3, 0.0, 0.029166666666666667), (2, 0.0, 0.0), (3, 0.0, 1.846088888888889), (3, 0.009683333333333334, 0.0308), (1, 0.0, 0.02883888888888889), (2, 0.0, 0.0009388888888888888), (1, 0.0, 0.004088888888888889), (3, 0.0, 0.018266666666666667), (3, 0.0, 0.024422222222222224), (3, 0.0, 2.2222222222222223e-05), (3, 0.0, 0.0004277777777777778), (2, 0.0, 2.2222222222222223e-05), (1, 0.0, 0.05496666666666667)]","[69, 81, 88, 77, 60, 72, 64, 89, 80, 83, 68, 84, 78, 86, 87, 85]","[15, 6, 8, 9, 13, 12, 14, 2, 0, 8, 14, 7, 0, 2, 11, 0]","[True, True, True, True, True, True, True, True, True, True, True, True, True, True, True, True]"
68,15,"[3703.171900565511, 2036.723179621289, 530.8835282724567, 3604.08485128692, 0, 3906.5018363228, 2297.1567217354313, 554.2559608139378, 1563.5500902401322, 0, 0, 2837.2582871833197, 1005.0061272411768, 620.0797558364931, 834.7225518377779, 814.6892779739999]","[4029.0, 4029.0, 559.6012723405154, 4029.0, 4029.0, 4029.0, 4029.0, 1981.5881024887221, 1592.267834308191, 4029.0, 0, 4029.0, 1033.7238713092356, 2047.4118975112774, 4029.0, 843.4070220420585]","[(1493.1718, 0.1692, 0.7876000000000001), (212.51093333333333, 0.6914, 0.224), (0.0, 0.004733333333333333, 0.00013333333333333334), (159.383, 0.27046666666666663, 0.022466666666666666), (0.0, 0.0, 0.0), (339.7382, 0.8196, 0.2693333333333333), (274.72679999999997, 0.0028666666666666667, 0.008733333333333333), (98.56566666666669, 0.0007333333333333332, 0.0002666666666666667), (67.1088, 0.11606666666666667, 0.09946666666666669), (199.92773333333332, 0.9031333333333333, 0.010666666666666666), 0, (111.8476, 0.035666666666666666, 0.024), (30.01513333333334, 8.723066666666668, 8.7436), (222.2978, 0.6696, 0.0051333333333333335), (130.722, 0.026466666666666666, 0.011066666666666664), (91.7496, 0.042133333333333335, 0.014666666666666665)]","[(3, 0.0001, 0.13415555555555556), (3, 0.0002333333333333333, 0.49188333333333323), (1, 0.0, 0.0008388888888888889), (3, 0.0013666666666666669, 0.02918888888888889), (2, 0.0, 0.0), (3, 3.3333333333333335e-05, 1.7759777777777779), (3, 0.0124, 0.02162777777777778), (1, 0.0, 0.0016666666666666668), (2, 0.0, 0.0009555555555555554), (1, 0.0, 0.005077777777777777), 0, (3, 0.0, 0.028383333333333337), (3, 0.0, 2.7777777777777776e-05), (3, 0.0, 0.0005), (2, 0.0, 4.4444444444444447e-05), (1, 0.0, 0.05646666666666667)]","[69, 81, 88, 77, 60, 72, 64, 89, 80, 83, -1, 84, 78, 86, 87, 85]","[15, 6, 0, 9, 13, 12, 14, 2, 0, 8, -1, 7, 0, 2, 11, 0]","[True, True, True, True, True, True, True, True, True, True, False, True, True, True, True, True]"
69,15,"[3949.038231668631, 1769.6119429496443, 554.2557590769045, 4107.999450555, 1115.1894634134223, 4300.490910413475, 2106.839958452118, 597.6615481065954, 1563.5500902401322, 628.9803113908888, 0, 2777.0076285751793, 1215.3562468963066, 640.8479773238399, 791.3169791422134, 918.1948829624997]","[4029.0, 4029.0, 498.6665142829438, 4029.0, 2176.4362421356045, 4029.0, 4029.0, 1992.906785391378, 1507.9608454461716, 940.4863414078548, 0, 3088.5136585921455, 1159.767002102346, 2036.0932146086225, 1852.5637578643955, 862.605638168539]","[(1484.7831999999999, 0.21580000000000002, 0.8416666666666666), (190.14146666666667, 0.5508, 0.17880000000000001), (0.0, 0.0044, 0.0), (234.88039999999998, 0.2981333333333333, 0.018066666666666665), (499.1218, 0.0016666666666666668, 0.0011333333333333332), (322.9608666666666, 0.8597333333333332, 0.2828), (245.36620000000002, 0.0009333333333333332, 0.001066666666666667), (121.6344, 0.0005333333333333334, 0.0002), (78.29360000000001, 0.11573333333333333, 0.09953333333333332), (320.1647333333333, 0.0011333333333333332, 0.0015333333333333334), 0, (115.3428, 0.03426666666666667, 0.023266666666666665), (30.233466666666672, 11.099666666666664, 11.125866666666667), (184.54886666666667, 0.6701333333333334, 0.0057333333333333325), (164.2764, 0.008733333333333333, 0.0061333333333333335), (88.0798, 0.027533333333333333, 0.014933333333333335)]","[(3, 0.0001, 0.17663333333333334), (3, 0.00013333333333333334, 0.3462888888888889), (1, 0.0, 0.0008277777777777778), (3, 8.333333333333333e-05, 0.02883888888888889), (2, 0.0, 0.0010999999999999998), (3, 0.00455, 1.9583666666666668), (3, 0.003333333333333334, 0.01565), (1, 0.0, 0.0015388888888888887), (2, 0.0, 0.0009166666666666666), (2, 0.0037166666666666667, 0.0028777777777777777), 0, (3, 0.0, 0.027411111111111112), (3, 0.0, 2.7777777777777776e-05), (3, 0.0, 0.00046111111111111103), (2, 0.0, 8.88888888888889e-05), (1, 0.0, 0.05538333333333333)]","[69, 81, 88, 77, 90, 72, 64, 89, 80, 91, -1, 84, 78, 86, 87, 85]","[15, 6, 0, 9, 11, 12, 14, 2, 0, 7, -1, 7, 0, 2, 11, 0]","[True, True, True, True, True, True, True, True, True, True, False, True, True, True, True, True]"
70,15,"[3566.579494397111, 1292.1506073990797, 520.8668579276933, 3519.18619597545, 1175.2894943758222, 4420.690966915716, 1869.7787269939558, 554.2559608139378, 1563.5500902401322, 634.9140879134446, 0, 3089.2155868173595, 1025.0394719702365, 620.0797558364931, 794.6558693495645, 794.6559350729999]","[4029.0, 4029.0, 4029.0, 4029.0, 2204.8168125131288, 4029.0, 4029.0, 1981.5881024887221, 1778.801591145676, 787.3492505480425, 0, 3241.6507494519574, 1240.2909728757802, 2047.4118975112774, 1824.1831874868712, 1009.9074359785436]","[(1644.1666, 0.15380000000000002, 0.6252666666666667), (198.53, 0.4244, 0.13933333333333334), (0.0, 0.0046, 0.00013333333333333334), (221.59853333333334, 0.0404, 0.026733333333333335), (553.6476, 0.0017333333333333335, 0.0015333333333333334), (436.2071333333334, 0.5388, 0.25873333333333337), (207.61720000000003, 0.0003333333333333333, 0.0008666666666666667), (125.82866666666669, 0.0007333333333333332, 0.0002666666666666667), (33.5544, 0.1158, 0.09953333333333332), (300.59133333333324, 0.0011333333333333332, 0.0015333333333333334), 0, (111.1486, 0.03153333333333334, 0.0434), (28.354599999999998, 8.9748, 8.996333333333334), (183.1509333333333, 0.6727333333333332, 0.005), (148.19806666666668, 0.008400000000000001, 0.004866666666666666), (90.70139999999999, 0.0224, 0.014266666666666667)]","[(3, 5e-05, 0.16941111111111112), (3, 1.666666666666667e-05, 0.19247222222222224), (1, 0.0, 0.0008111111111111112), (3, 0.0, 0.02946666666666667), (2, 0.0, 0.0005222222222222223), (3, 0.009816666666666666, 1.9489666666666665), (3, 0.003016666666666666, 0.010844444444444443), (1, 0.0, 0.00165), (2, 0.0, 0.000977777777777778), (2, 0.0004, 0.0023666666666666667), 0, (3, 0.0009, 0.029877777777777774), (3, 0.0, 2.2222222222222223e-05), (3, 0.0, 0.0005277777777777777), (2, 0.0, 0.0), (1, 0.0, 0.05278888888888889)]","[69, 81, 88, 77, 90, 72, 64, 89, 80, 91, -1, 84, 78, 86, 87, 85]","[15, 6, 10, 9, 11, 12, 14, 2, 0, 7, -1, 7, 0, 2, 11, 0]","[True, True, True, True, True, True, True, True, True, True, False, True, True, True, True, True]"
71,15,"[4726.09725342664, 961.60045201792, 510.85018758292983, 0, 1121.8672446314667, 3412.3460484802577, 2307.1733934871845, 597.6615481065954, 1554.649425589809, 557.7749931202221, 0, 2842.73561978406, 1025.0394719702365, 0, 781.30030852016, 744.5725778205001]","[4029.0, 4029.0, 4029.0, 4029.0, 2184.7834680556534, 4029.0, 4029.0, 624.4307922348103, 1581.418669718024, 872.0196866680811, 0, 3156.980313331919, 1051.8087160984514, 4029.0, 1844.2165319443466, 771.3418219487149]","[(1434.4516, 0.22206666666666663, 0.8742666666666667), (194.33579999999998, 0.31493333333333334, 0.10186666666666666), (0.0, 0.004533333333333333, 0.0), (117.44013333333332, 0.04193333333333333, 0.027666666666666673), (461.3726, 0.008400000000000001, 0.008866666666666667), (391.46766666666673, 0.6240666666666668, 0.2032), (220.20046666666667, 0.002, 0.0018), (98.56533333333331, 0.0005333333333333334, 0.0002), (22.3696, 0.11553333333333332, 0.0994), (288.00833333333327, 0.0011333333333333332, 0.0014), 0, (97.86666666666669, 0.0338, 0.023066666666666666), (31.1948, 10.048200000000001, 10.073133333333333), (211.11286666666666, 0.7809333333333333, 0.005533333333333332), (134.21720000000002, 0.002466666666666667, 0.0006666666666666666), (98.0414, 0.018266666666666667, 0.014133333333333333)]","[(3, 0.0001, 0.21292777777777777), (3, 0.0, 0.12192777777777777), (1, 0.0, 0.0008055555555555557), (3, 0.0027166666666666667, 0.027800000000000002), (2, 0.0, 0.0004944444444444445), (3, 0.0, 1.7597444444444446), (3, 0.0059833333333333336, 0.025311111111111114), (1, 0.0, 0.0015500000000000002), (2, 0.0, 0.0009444444444444444), (2, 0.00026666666666666673, 0.002455555555555556), 0, (3, 0.0, 0.02947777777777778), (3, 0.0, 1.6666666666666667e-05), (3, 0.0, 0.00045000000000000004), (2, 0.0, 4.4444444444444447e-05), (1, 0.0, 0.056383333333333334)]","[69, 81, 88, 77, 90, 72, 64, 89, 80, 91, -1, 84, 78, 86, 87, 85]","[15, 6, 10, 9, 11, 12, 14, 0, 0, 7, -1, 7, 0, 2, 11, 0]","[True, True, True, True, True, True, True, True, True, True, False, True, True, True, True, True]"
72,15,"[3065.7406717796443, 1021.7004802690399, 0, 744.572766635591, 1035.0560887968888, 0, 0, 567.6115261347555, 1587.2851959743275, 590.4107639942779, 0, 2867.38361648739, 1218.6951376844836, 454.0891471920266, 818.0281008010221, 794.6559350729999]","[4029.0, 4029.0, 1787.4554264039866, 4029.0, 2123.0139939979335, 4029.0, 4029.0, 4029.0, 1730.0731063970572, 876.013573753444, 0, 3152.986426246556, 1361.4830481072133, 2241.5445735960134, 1905.9860060020665, 937.4438454957295]","[(1392.5086000000001, 0.1512, 0.6417333333333333), (146.80033333333338, 0.3725333333333334, 0.1176), (0.0, 0.0046, 0.00013333333333333334), (142.60586666666666, 0.0007333333333333332, 0.0006), (448.7898, 0.009933333333333334, 0.0104), (271.23113333333333, 0.6398666666666667, 0.20813333333333334), (255.8518, 0.003, 0.0022), (113.24566666666668, 0.0007333333333333332, 0.0002666666666666667), (167.772, 0.11646666666666668, 0.0996), (311.7758666666666, 0.0011333333333333332, 0.0015333333333333334), 0, (98.5656, 0.03406666666666667, 0.023066666666666666), (28.4422, 11.514866666666666, 11.541), (29.621666666666673, 4.1293999999999995, 4.1416), (95.76953333333334, 0.0094, 0.006266666666666668), (84.9342, 0.027466666666666664, 0.014133333333333333)]","[(3, 6.666666666666667e-05, 0.11822222222222224), (3, 5e-05, 0.20093333333333338), (1, 0.0, 0.0008166666666666667), (1, 0.0, 0.02883888888888889), (2, 0.0, 0.0004944444444444445), (3, 0.0, 1.805188888888889), (3, 0.0034, 0.033966666666666666), (1, 0.0, 0.0016666666666666668), (2, 0.0, 0.001027777777777778), (2, 0.0, 0.002388888888888889), 0, (3, 0.0, 0.029166666666666667), (3, 0.0, 3.3333333333333335e-05), (3, 0.0, 1.6666666666666667e-05), (2, 0.0, 0.0), (1, 0.0, 0.05472777777777777)]","[69, 81, 88, 92, 90, 72, 64, 89, 80, 91, -1, 84, 78, 94, 87, 85]","[15, 6, 10, 8, 11, 12, 14, 5, 0, 7, -1, 7, 0, 10, 11, 0]","[True, True, True, True, True, True, True, True, True, True, False, True, True, True, True, True]"
73,15,"[5157.122179558036, 3549.2405572744774, 1763.7010974382797, 554.2559608139378, 1051.750541842, 1364.7688631682443, 744.572766635591, 0, 1563.5500902401322, 534.03988703, 0, 3604.08485128692, 1051.7505982756504, 1315.5229705416066, 0, 841.4004018420001]","[4029.0, 4029.0, 4029.0, 558.7666980210078, 2540.3752709210003, 4029.0, 4029.0, 4029.0, 1568.0608274472022, 479.47751787153993, 0, 3549.52248212846, 1056.2613354827204, 4029.0, 1488.624729079, 845.91113904907]","[(1632.9818, 0.3732, 0.7381333333333333), (290.8046, 0.5733333333333334, 0.17), (39.146666666666654, 0.29753333333333337, 0.0019333333333333331), (98.56566666666669, 0.0007333333333333332, 0.0002666666666666667), (450.1882666666667, 0.0092, 0.009466666666666667), (402.65259999999995, 0.0, 0.0), (142.60586666666666, 0.0007333333333333332, 0.0006), (127.92593333333336, 0.0005333333333333334, 0.0002), (167.772, 0.11606666666666667, 0.09946666666666669), (325.75713333333334, 0.0011333333333333332, 0.0014666666666666665), 0, (159.383, 0.27046666666666663, 0.022466666666666666), (31.1948, 9.010533333333333, 9.032466666666668), (29.53446666666667, 12.107333333333337, 12.139266666666664), (113.94486666666668, 0.0015333333333333334, 0.0006666666666666666), (101.7114, 0.03853333333333333, 0.015)]","[(3, 0.09808333333333331, 0.2580777777777778), (3, 0.0017833333333333332, 0.2834388888888889), (1, 0.003, 0.06097777777777777), (1, 0.0, 0.0016666666666666668), (2, 0.0, 0.0005166666666666667), (3, 0.1085, 0.004066666666666666), (1, 0.0, 0.02883888888888889), (1, 0.0, 0.0015222222222222221), (2, 0.0, 0.000972222222222222), (2, 0.0006666666666666666, 0.0023944444444444447), 0, (3, 0.0013666666666666669, 0.02918888888888889), (3, 0.0, 2.2222222222222223e-05), (3, 0.0, 1.6666666666666667e-05), (2, 0.0, 1.6666666666666667e-05), (1, 0.0, 0.05628888888888889)]","[69, 81, 93, 92, 90, 95, 96, 89, 80, 91, -1, 84, 78, 94, 87, 85]","[15, 6, 8, 0, 11, 12, 9, 5, 0, 7, -1, 7, 0, 10, 11, 0]","[True, True, True, True, True, True, True, True, True, True, False, True, True, True, True, True]"
74,14,"[6377.347674662409, 2160.2621265819243, 1385.7651479872202, 597.6615481065954, 1055.0894324510223, 1691.1266347954333, 554.2559608139378, 0, 1569.483866673681, 522.1723339848888, 0, 4107.999450555, 871.45049571411, 1135.2228679800667, 599.3113997345512, 801.33371604]","[4029.0, 2794.9753634236868, 4029.0, 644.9291414729987, 4029.0, 4029.0, 4029.0, 0, 1616.751460040084, 221.58644171494439, 0, 3807.413558285056, 918.7180890805133, 4029.0, 1234.0246365763132, 848.6013094064033]","[(1756.0146000000002, 0.15113333333333331, 0.6404), (278.22166666666675, 0.49906666666666666, 0.15853333333333333), (65.71033333333331, 0.2166, 0.004533333333333333), (121.6344, 0.0005333333333333334, 0.0002), (461.373, 0.0016666666666666668, 0.0013333333333333333), (339.738, 0.0, 0.0), (98.56566666666669, 0.0007333333333333332, 0.0002666666666666667), 0, (134.2176, 0.11626666666666668, 0.0994), (304.78553333333326, 0.0011333333333333332, 0.0014666666666666665), 0, (234.88039999999998, 0.2981333333333333, 0.018066666666666665), (28.52946666666667, 7.324866666666668, 7.3436), (31.3258, 10.272666666666666, 10.300266666666666), (0.0, 0.004733333333333333, 0.00013333333333333334), (99.0898, 0.018866666666666667, 0.014133333333333333)]","[(3, 0.07565000000000001, 0.43214444444444444), (3, 0.04115, 0.5988777777777777), (1, 0.0002833333333333333, 0.09404444444444444), (1, 0.0, 0.0015388888888888887), (2, 0.0, 0.01923888888888889), (3, 0.2122, 0.00935), (1, 0.0, 0.0016666666666666668), 0, (2, 0.0, 0.0009555555555555555), (2, 6.666666666666667e-05, 0.0023833333333333337), 0, (3, 8.333333333333333e-05, 0.02883888888888889), (3, 0.0, 2.7777777777777776e-05), (3, 0.0, 4.4444444444444447e-05), (3, 0.0, 0.0014222222222222223), (1, 0.022783333333333336, 0.053844444444444445)]","[69, 81, 93, 92, 90, 95, 96, -1, 80, 91, -1, 84, 78, 94, 99, 85]","[15, 6, 8, 0, 11, 12, 9, -1, 0, 7, -1, 7, 0, 10, 6, 0]","[True, True, True, True, True, True, True, False, True, True, False, True, True, True, True, True]"
75,15,"[4197.939949575493, 3262.0959778524575, 1569.2557901120101, 554.2559608139378, 1038.394979405911, 1254.9939763481898, 597.6615481065954, 922.7020845904912, 0, 531.0729987687222, 0, 3519.18619597545, 0, 1145.2395403445964, 620.0796165570354, 747.9114683039999]","[4029.0, 3335.508180647711, 2337.7768527607595, 1235.9641035344534, 4029.0, 4029.0, 4029.0, 1691.2231472392405, 681.7081427205155, 520.443401396636, 0, 3508.556598603364, 681.7081427205155, 4029.0, 693.4918193522889, 1429.6196110245155]","[(1834.3084, 0.274, 0.7126), (392.8656, 0.7547333333333333, 0.24346666666666666), (40.54486666666667, 0.21746666666666667, 0.0017333333333333335), (125.82866666666669, 0.0007333333333333332, 0.0002666666666666667), (450.1881333333334, 0.0015333333333333334, 0.0012), (343.93240000000003, 0.0, 0.0), (121.6344, 0.0005333333333333334, 0.0002), (97.867, 0.5311333333333333, 0.4374666666666666), (167.772, 0.11593333333333333, 0.0992), (258.64813333333325, 0.0011333333333333332, 0.0015333333333333334), 0, (221.59853333333334, 0.0404, 0.026733333333333335), (30.320933333333343, 9.086799999999998, 9.109399999999999), (31.238400000000002, 10.958333333333334, 10.986266666666667), (0.0, 0.004666666666666667, 6.666666666666668e-05), (105.38119999999999, 0.020266666666666665, 0.014133333333333333)]","[(3, 5e-05, 0.20435555555555557), (3, 0.00026666666666666673, 1.4022944444444445), (1, 0.0, 0.05373333333333333), (1, 0.0, 0.00165), (2, 0.0, 0.0005), (3, 0.020033333333333334, 0.0038777777777777777), (1, 0.0, 0.0015388888888888887), (1, 0.0, 0.0014666666666666662), (2, 0.0, 0.0009555555555555555), (2, 0.0010333333333333334, 0.0024222222222222223), 0, (3, 0.0, 0.02946666666666667), (3, 0.0, 2.7777777777777776e-05), (3, 0.0, 2.2222222222222223e-05), (3, 0.0, 0.001661111111111111), (1, 0.0, 0.055933333333333335)]","[69, 81, 93, 92, 90, 95, 96, 97, 80, 91, -1, 84, 78, 94, 99, 85]","[15, 6, 8, 0, 11, 12, 9, 8, 0, 7, -1, 7, 0, 10, 6, 0]","[True, True, True, True, True, True, True, True, True, True, False, True, True, True, True, True]"
76,15,"[7242.4329137289415, 3983.2963168658976, 1517.22113040498, 597.6615481065954, 0, 1266.8615316800874, 554.2559608139378, 925.6689723222934, 884.1326637750533, 537.0067752912778, 0, 3576.69818828322, 0, 1218.6951376844836, 578.5431829120669, 764.6059207214998]","[4029.0, 3716.8765669769155, 2310.276079041343, 599.5913018862815, 4029.0, 4029.0, 556.1857145936239, 1718.723920958657, 886.0624175547393, 494.65429350402883, 0, 3534.345706495971, 4029.0, 1220.6248914641697, 312.1234330230848, 766.5356745011859]","[(1937.767933333333, 0.2582, 0.7142000000000001), (432.01279999999997, 0.8446, 0.2776), (26.56353333333333, 0.21073333333333333, 0.0014), (98.56533333333331, 0.0005333333333333334, 0.0002), (471.1595333333333, 0.0023333333333333335, 0.0020666666666666667), (306.18359999999996, 0.0, 0.0), (125.82866666666669, 0.0007333333333333332, 0.0002666666666666667), (114.6442, 0.5428, 0.4749333333333333), (128.62506666666664, 0.00046666666666666666, 0.0014), (289.4064, 0.0012, 0.0015333333333333334), 0, (117.44013333333332, 0.04193333333333333, 0.027666666666666673), (75.84646666666666, 0.0, 0.0), (30.75773333333333, 11.004733333333336, 11.030333333333335), (0.0, 0.004533333333333333, 0.0), (93.847, 0.020066666666666667, 0.014133333333333333)]","[(3, 0.17391666666666664, 0.4805555555555557), (3, 0.0, 1.846088888888889), (1, 1.666666666666667e-05, 0.05187222222222222), (1, 0.0, 0.0015500000000000002), (2, 0.0, 0.0004777777777777777), (3, 0.008033333333333333, 0.003372222222222222), (1, 0.0, 0.00165), (1, 0.0, 0.001527777777777778), (2, 0.0705, 0.025599999999999998), (2, 0.00013333333333333334, 0.0024055555555555557), 0, (3, 0.0027166666666666667, 0.027800000000000002), (2, 0.00015, 0.0002722222222222222), (3, 0.0, 2.2222222222222223e-05), (3, 0.0, 0.0012944444444444446), (1, 0.0, 0.054705555555555556)]","[69, 81, 93, 92, 90, 95, 96, 97, 98, 91, -1, 84, 101, 94, 99, 85]","[15, 6, 8, 0, 11, 12, 0, 8, 0, 7, -1, 7, 13, 0, 6, 0]","[True, True, True, True, True, True, True, True, True, True, False, True, True, True, True, True]"
77,15,"[3861.0120143601066, 0, 1569.2557901120101, 567.6115261347555, 599.3113997345512, 1204.5568661876246, 597.6615481065954, 928.6358600540952, 845.5631180399, 534.03988703, 0, 3261.75156374067, 2006.6731654957287, 1191.9840113790701, 581.5100710295644, 764.6059207214998]","[4029.0, 4029.0, 2334.809965028958, 583.1565966737976, 4029.0, 4029.0, 4029.0, 1694.1900349710427, 861.1081885789421, 650.644161644665, 0, 3378.355838355335, 4029.0, 1207.5290819181123, 597.0551415686065, 780.1509912605419]","[(2088.762666666667, 0.21493333333333337, 0.8076), (339.7382, 0.8196, 0.2693333333333333), (40.54466666666666, 0.2174, 0.0013333333333333333), (113.24566666666668, 0.0007333333333333332, 0.0002666666666666667), (0.0, 0.004733333333333333, 0.00013333333333333334), (322.961, 0.0, 0.0), (98.56533333333331, 0.0005333333333333334, 0.0002), (109.0518, 0.5416666666666666, 0.5044666666666666), (120.23626666666664, 0.0, 0.001066666666666667), (239.0746, 0.0012, 0.0016), 0, (115.3428, 0.04046666666666667, 0.026666666666666672), (306.18366666666674, 0.5942000000000001, 0.19193333333333337), (30.932599999999997, 11.007200000000001, 11.033333333333335), (0.0, 0.004733333333333333, 0.0), (96.46839999999999, 0.018466666666666666, 0.013933333333333336)]","[(3, 6.666666666666667e-05, 0.18205555555555555), (3, 3.3333333333333335e-05, 1.7759777777777779), (1, 0.00013333333333333334, 0.05250555555555555), (1, 0.0, 0.0016666666666666668), (3, 0.0, 0.0014222222222222223), (3, 0.007916666666666667, 0.003444444444444445), (1, 0.0, 0.0015500000000000002), (1, 0.0, 0.0017222222222222224), (2, 1.666666666666667e-05, 0.0006111111111111112), (2, 0.00016666666666666666, 0.002361111111111111), 0, (3, 0.0, 0.025622222222222223), (3, 0.011550000000000001, 0.43049444444444446), (3, 0.0, 2.2222222222222223e-05), (3, 0.0, 0.0012333333333333335), (1, 0.0, 0.05318333333333334)]","[69, 81, 93, 92, 100, 95, 96, 97, 98, 91, -1, 84, 103, 94, 99, 85]","[15, 6, 8, 0, 10, 12, 14, 8, 0, 7, -1, 7, 13, 0, 0, 0]","[True, True, True, True, True, True, True, True, True, True, False, True, True, True, True, True]"
78,15,"[0, 0, 1662.37044432459, 611.0171134274134, 620.0796165570354, 1252.0270875152155, 567.6115261347555, 931.6027477858978, 809.96046043822, 531.0729987687222, 454.0891471920266, 3409.63954396065, 1352.2506356501997, 1198.6617929554236, 578.5431829120669, 801.33371604]","[4029.0, 0, 2379.8838482693463, 619.1001916282509, 4029.0, 4029.0, 575.694604335593, 1649.116151730654, 818.0435386390575, 4029.0, 4029.0, 4029.0, 4029.0, 1206.744871156261, 4029.0, 809.4167942408375]","[(1599.4273999999998, 0.17526666666666668, 1.018), 0, (36.35026666666667, 0.25166666666666665, 0.0012), (127.92593333333336, 0.0005333333333333334, 0.0002), (0.0, 0.004666666666666667, 6.666666666666668e-05), (301.98940000000005, 0.0, 0.0), (113.24566666666668, 0.0007333333333333332, 0.0002666666666666667), (109.0518, 0.5368666666666667, 0.4758666666666667), (72.7008, 6.666666666666668e-05, 0.0015333333333333334), (244.6674, 0.0012, 0.0014666666666666665), (29.621666666666673, 4.1293999999999995, 4.1416), (132.12006666666667, 0.0338, 0.0268), (281.018, 0.42160000000000003, 0.13533333333333333), (29.2284, 11.277066666666668, 11.304066666666667), (0.0, 0.004733333333333333, 6.666666666666668e-05), (87.03139999999999, 0.0318, 0.014466666666666668)]","[(3, 0.0005166666666666667, 0.18142777777777777), 0, (1, 0.0, 0.05533333333333333), (1, 0.0, 0.0015222222222222221), (3, 0.0, 0.001661111111111111), (3, 0.00785, 0.003533333333333333), (1, 0.0, 0.0016666666666666668), (1, 0.0, 0.0017166666666666667), (2, 0.0, 0.0005666666666666668), (2, 0.0, 0.002361111111111111), (3, 0.0, 1.6666666666666667e-05), (3, 0.0, 0.03398333333333334), (3, 1.666666666666667e-05, 0.2272388888888889), (3, 0.0, 2.2222222222222223e-05), (3, 0.0, 0.0012666666666666666), (1, 0.0, 0.056138888888888884)]","[69, -1, 93, 92, 100, 95, 96, 97, 98, 91, 104, 84, 103, 94, 99, 85]","[15, -1, 8, 0, 10, 12, 0, 8, 0, 1, 14, 7, 13, 0, 5, 0]","[True, False, True, True, True, True, True, True, True, True, True, True, True, True, True, True]"
79,16,"[1876.4565081617916, 590.9835929581135, 1654.15444542348, 554.2559608139378, 0, 1225.3250880184453, 0, 925.6689723222934, 1317.2983312621604, 578.5432109491665, 1315.5229705416066, 0, 1409.0117734429248, 0, 593.3776234995555, 0]","[4029.0, 2309.9917964790566, 2378.7427365505932, 751.3609355089736, 4029.0, 4029.0, 1719.0082035209432, 1650.2572634494068, 1514.4033059571964, 775.6481856442024, 4029.0, 4029.0, 4029.0, 4029.0, 790.4825981945914, 197.10497469503588]","[(258.64820000000003, 0.019533333333333337, 0.0016), (265.6387333333333, 0.05313333333333333, 0.031266666666666665), (36.35046666666667, 0.2538666666666667, 0.0013333333333333333), (79.69133333333332, 0.0007333333333333332, 0.0002666666666666667), (0.0, 0.004533333333333333, 0.0), (328.5532, 0.0, 0.0), (127.92593333333336, 0.0005333333333333334, 0.0002), (95.0708, 0.5381333333333334, 0.44586666666666674), (75.49706666666667, 0.0, 0.001066666666666667), (275.4254, 0.0011333333333333332, 0.0014666666666666665), (29.53446666666667, 12.107333333333337, 12.139266666666664), (107.65339999999999, 0.037200000000000004, 0.024933333333333335), (255.852, 0.49213333333333326, 0.15953333333333333), (27.96146666666667, 11.744666666666664, 11.770666666666664), (67.1088, 0.004666666666666667, 6.666666666666668e-05), (97.5172, 0.043, 0.015)]","[(3, 0.05115, 0.03694444444444444), (3, 0.0, 0.006316666666666667), (1, 0.0, 0.0559388888888889), (1, 0.0, 0.0016666666666666668), (3, 0.0, 0.0012944444444444446), (3, 0.007816666666666666, 0.003527777777777778), (1, 0.0, 0.0015222222222222221), (1, 0.0, 0.0017277777777777773), (2, 1.666666666666667e-05, 0.0007), (2, 0.0005666666666666666, 0.002327777777777778), (3, 0.0, 1.6666666666666667e-05), (3, 0.0, 0.03331111111111111), (3, 8.333333333333333e-05, 0.28617777777777775), (3, 0.0, 2.2222222222222223e-05), (3, 0.0, 0.0012222222222222224), (1, 0.0, 0.05513333333333333)]","[102, 105, 93, 92, 100, 95, 96, 97, 98, 91, 104, 84, 103, 94, 99, 85]","[3, 6, 8, 0, 10, 12, 6, 8, 0, 0, 14, 7, 13, 15, 0, 0]","[True, True, True, True, True, True, True, True, True, True, True, True, True, True, True, True]"
80,16,"[1328.8784523992754, 580.9669218910268, 1678.80244212681, 597.6615481065954, 1646.6233023008167, 1254.9939763481898, 599.3113997345512, 934.5696355177, 1459.7089616688797, 569.6425461653333, 1135.2228679800667, 685.3513090824399, 1816.3564093671823, 644.4058826961312, 572.6094066770711, 1154.1194728238213]","[1344.324481382831, 596.4129508745824, 2569.0799479807383, 613.107577090151, 4029.0, 4029.0, 1746.5442658772422, 4029.0, 1475.1549906524353, 1459.9200520192617, 2282.455734122758, 1780.1159181293092, 4029.0, 4029.0, 4029.0, 2248.8840818706904]","[(328.5534, 0.0005333333333333334, 0.0006), (272.62933333333325, 0.053200000000000004, 0.03573333333333333), (71.3028, 0.24086666666666667, 0.0012), (121.6344, 0.0005333333333333334, 0.0002), (125.829, 0.9397333333333332, 0.7602666666666668), (282.41606666666667, 0.0, 0.0), (0.0, 0.004733333333333333, 0.00013333333333333334), (92.2746, 0.5394, 0.44333333333333325), (114.64386666666668, 0.0, 0.0011333333333333332), (257.2501333333333, 0.0011333333333333332, 0.0014666666666666665), (31.3258, 10.272666666666666, 10.300266666666666), (232.08433333333338, 0.9976, 0.007), (226.49179999999998, 0.6, 0.19540000000000002), (32.15606666666666, 0.0009333333333333332, 6.666666666666668e-05), (22.3696, 0.0048, 0.0), (176.16013333333333, 1.632466666666667, 0.017733333333333334)]","[(3, 0.06125, 0.025472222222222222), (3, 0.0, 0.0011611111111111112), (1, 0.0, 0.05382777777777778), (1, 0.0, 0.0015611111111111112), (2, 0.0, 0.009888888888888888), (3, 0.00675, 0.003411111111111111), (3, 0.0, 0.0014222222222222223), (1, 0.0, 0.0022722222222222224), (2, 0.0, 0.0006555555555555555), (2, 0.0002333333333333333, 0.002361111111111111), (3, 0.0, 4.4444444444444447e-05), (3, 0.0, 0.0005111111111111112), (3, 0.00016666666666666666, 0.37338333333333334), (1, 0.0, 0.000638888888888889), (3, 0.0, 0.0012777777777777776), (3, 0.0, 0.0001388888888888889)]","[102, 105, 93, 92, 106, 95, 107, 97, 98, 91, 104, 108, 103, 109, 99, 110]","[0, 0, 8, 0, 10, 12, 14, 2, 0, 8, 14, 4, 13, 15, 5, 4]","[True, True, True, True, True, True, True, True, True, True, True, True, True, True, True, True]"
81,16,"[2050.0788185255155, 557.5946894011578, 1615.8131172183, 560.9337434743467, 1622.8881916370212, 1320.2655306736276, 620.0796165570354, 1284.662387870362, 845.5631180399, 0, 1145.2395403445964, 741.7221959766666, 2230.3788262082307, 647.744773280049, 664.582938319502, 1875.0732823255908]","[4029.0, 4029.0, 2822.40655860915, 571.5693826221175, 4029.0, 4029.0, 630.7152557048062, 1295.2980270181326, 856.1987571876708, 1206.5934413908499, 4029.0, 1447.824456825538, 4029.0, 4029.0, 675.2185774672728, 2581.1755431744623]","[(298.49406666666664, 0.0016666666666666668, 0.005466666666666667), (160.78126666666668, 0.05293333333333333, 0.031466666666666664), (46.137, 0.22346666666666667, 0.0013333333333333333), (127.9256, 0.0007333333333333332, 0.0002666666666666667), (139.81, 0.972, 0.7780666666666667), (459.97486666666657, 0.0, 0.0), (0.0, 0.004666666666666667, 6.666666666666668e-05), (226.49220000000003, 0.5299333333333333, 0.43666666666666676), (92.27413333333331, 6.666666666666668e-05, 0.0013333333333333333), (377.48666666666674, 0.0012, 0.0016), (31.238400000000002, 10.958333333333334, 10.986266666666667), (264.24086666666665, 0.7731333333333333, 0.0056), (209.7148, 0.7276, 0.23566666666666664), (35.6514, 0.001, 0.0), (78.29360000000001, 0.005933333333333334, 0.0014666666666666665), (214.6078, 3.082733333333333, 0.04673333333333334)]","[(3, 0.0008666666666666667, 0.016138888888888887), (3, 0.0, 0.0011222222222222222), (1, 5e-05, 0.05402777777777778), (1, 0.0, 0.0017055555555555554), (2, 0.0, 0.011461111111111111), (3, 0.0192, 0.013244444444444444), (3, 0.0, 0.001661111111111111), (1, 0.0007666666666666667, 0.00215), (2, 1.666666666666667e-05, 0.003455555555555556), (2, 0.6301, 0.005644444444444444), (3, 0.0, 2.2222222222222223e-05), (3, 0.0, 0.0006277777777777777), (3, 0.00021666666666666668, 0.5190777777777777), (1, 0.0, 0.0006222222222222223), (3, 0.0, 0.0033777777777777777), (3, 0.0, 0.00015555555555555556)]","[102, 105, 93, 92, 106, 95, 107, 97, 98, 91, 104, 108, 103, 109, 99, 110]","[3, 6, 8, 0, 10, 12, 0, 0, 0, 8, 14, 4, 13, 15, 0, 4]","[True, True, True, True, True, True, True, True, True, True, True, True, True, True, True, True]"
82,16,"[1896.4898516652977, 574.2891411796356, 1536.3917945075702, 597.6615481065954, 1578.3848591424044, 0, 578.5431829120669, 931.6027477858978, 833.6955655060068, 390.65025572768, 1218.6951376844836, 623.0466446204, 1318.8617310662446, 0, 0, 1510.1460454172877]","[4029.0, 4029.0, 4029.0, 636.6350714026486, 4029.0, 4029.0, 4029.0, 970.576271081951, 872.66908880206, 4029.0, 4029.0, 4029.0, 4029.0, 4029.0, 4029.0, 1549.1195687133409]","[(294.3, 0.001066666666666667, 0.005466666666666667), (143.3049333333333, 0.05273333333333334, 0.030533333333333336), (58.719800000000006, 0.21913333333333332, 0.0012), (123.7314, 0.0005333333333333334, 0.0002), (184.5492, 0.9548666666666666, 0.7652666666666668), (363.5057333333333, 0.0, 0.0), (0.0, 0.004533333333333333, 0.0), (204.1226, 0.5370666666666667, 0.4422), (76.89526666666666, 0.0, 0.001), (499.1218, 0.0004, 0.0003333333333333333), (30.75773333333333, 11.004733333333336, 11.030333333333335), (260.0463333333334, 0.6686, 0.004866666666666666), (255.852, 0.40273333333333333, 0.13053333333333333), (48.234, 0.001066666666666667, 0.0), (44.7392, 0.004666666666666667, 6.666666666666668e-05), (434.80906666666664, 2.7484, 0.018466666666666666)]","[(3, 0.0002, 0.014294444444444445), (3, 0.0, 0.0011333333333333332), (1, 1.666666666666667e-05, 0.053094444444444444), (1, 0.0, 0.0016055555555555554), (2, 1.666666666666667e-05, 0.010605555555555557), (3, 0.10526666666666666, 0.011727777777777776), (3, 0.0, 0.0012944444444444446), (1, 0.0, 0.004783333333333333), (2, 0.0, 0.0005055555555555555), (2, 0.012733333333333334, 0.0036666666666666666), (3, 0.0, 2.2222222222222223e-05), (3, 0.0, 0.0004277777777777778), (3, 5e-05, 0.20164999999999994), (1, 0.0, 0.0006333333333333333), (3, 0.0, 0.0013444444444444443), (3, 0.0, 0.00023888888888888888)]","[102, 105, 93, 92, 106, 95, 107, 97, 98, 111, 104, 108, 103, 109, 99, 110]","[3, 6, 8, 0, 10, 12, 9, 0, 0, 1, 14, 4, 13, 15, 5, 0]","[True, True, True, True, True, True, True, True, True, True, True, True, True, True, True, True]"
83,16,"[2227.0400194731583, 0, 1618.55178351867, 554.2559608139378, 1622.8881916370212, 501.40426599866777, 581.5100710295644, 937.5365232495022, 827.7617892390601, 530.8836808606934, 1191.9840113790701, 620.0797558364931, 1425.7062257349019, 2240.395480738335, 450.7502254398, 1501.2453811024511]","[4029.0, 1789.1248872801, 4029.0, 606.3060472126999, 4029.0, 1955.1622550810873, 4029.0, 989.5866096482644, 879.8118756378223, 4029.0, 4029.0, 2073.8377449189124, 4029.0, 4029.0, 2239.8751127199, 1553.2954675012134]","[(234.18133333333338, 0.0016666666666666668, 0.0016), (167.77166666666662, 0.052866666666666666, 0.030466666666666666), (46.1372, 0.21906666666666663, 0.0013333333333333333), (111.14853333333335, 0.0007333333333333332, 0.0002666666666666667), (131.4214, 0.9578666666666666, 0.7716000000000001), (0.0, 0.0048, 6.666666666666668e-05), (0.0, 0.004733333333333333, 0.0), (131.4214, 0.5352666666666668, 0.49666666666666676), (79.6912, 6.666666666666668e-05, 0.001), (455.08166666666676, 0.012533333333333334, 0.18906666666666663), (30.932599999999997, 11.007200000000001, 11.033333333333335), (222.2978, 0.6696, 0.0051333333333333335), (213.9092, 0.46873333333333334, 0.15180000000000002), (973.0777333333333, 0.10640000000000001, 0.744), (184.549, 0.0, 0.0), (348.1266, 1.8001333333333334, 0.6946)]","[(3, 0.0006666666666666666, 0.02163888888888889), (3, 1.666666666666667e-05, 0.0011833333333333333), (1, 0.0, 0.05315555555555555), (1, 0.0, 0.00165), (2, 0.0, 0.010555555555555558), (2, 0.0, 0.0013222222222222222), (3, 0.0, 0.0012333333333333335), (1, 1.666666666666667e-05, 0.0021166666666666664), (2, 1.666666666666667e-05, 0.0004111111111111111), (2, 0.0002833333333333333, 0.0029611111111111123), (3, 0.0, 2.2222222222222223e-05), (3, 0.0, 0.0005), (3, 3.3333333333333335e-05, 0.2765777777777778), (3, 0.0, 0.025061111111111114), (1, 0.0, 0.00029444444444444445), (3, 0.0, 0.00039999999999999996)]","[102, 105, 93, 92, 106, 112, 107, 97, 98, 111, 104, 108, 103, 113, 114, 110]","[3, 6, 8, 0, 10, 4, 9, 0, 0, 1, 14, 4, 13, 7, 6, 0]","[True, True, True, True, True, True, True, True, True, True, True, True, True, True, True, True]"
84,16,"[1766.2731188925045, 685.3513090824399, 1607.5971183171898, 597.6615481065954, 1596.1861921402513, 498.43737685074666, 578.5431829120669, 940.5034109813047, 809.96046043822, 537.5614630098844, 1198.6617929554236, 0, 2036.723179621289, 1332.217282883153, 570.9502855570801, 976.1061865270877]","[4029.0, 4029.0, 2348.0468536679427, 4029.0, 4029.0, 508.01088430156574, 588.116690362886, 1680.9531463320573, 819.5339678890391, 547.1349704607035, 4029.0, 4029.0, 4029.0, 4029.0, 580.5237930078991, 985.6796939779068]","[(242.57, 0.0003333333333333333, 0.0004), (232.08433333333338, 0.9976, 0.007), (32.15606666666666, 0.22213333333333332, 0.0012666666666666666), (102.75993333333334, 0.0005333333333333334, 0.0002), (153.791, 0.9633999999999999, 0.7669333333333332), (145.4024, 0.004733333333333333, 6.666666666666668e-05), (0.0, 0.004733333333333333, 6.666666666666668e-05), (109.0518, 0.5446, 0.4834), (86.68193333333333, 0.0, 0.001), (471.15966666666674, 0.013066666666666664, 0.18946666666666667), (29.2284, 11.277066666666668, 11.304066666666667), (184.54886666666667, 0.6701333333333334, 0.0057333333333333325), (212.51093333333333, 0.6914, 0.224), (805.3058666666667, 0.081, 0.3894666666666666), (225.0938, 0.0, 0.0), (230.686, 0.866, 0.3906666666666667)]","[(3, 6.666666666666667e-05, 0.009744444444444444), (3, 0.0, 0.0005111111111111112), (1, 0.0, 0.05301111111111111), (1, 0.0, 0.0015777777777777778), (2, 0.0, 0.0117), (2, 0.0, 0.0012666666666666666), (3, 0.0, 0.0012666666666666666), (1, 0.0, 0.002838888888888889), (2, 0.0, 0.0003888888888888888), (2, 0.00035, 0.0039833333333333335), (3, 0.0, 2.2222222222222223e-05), (3, 0.0, 0.00046111111111111103), (3, 0.0002333333333333333, 0.49188333333333323), (3, 0.0, 0.023311111111111112), (1, 0.0, 0.0002833333333333333), (3, 1.666666666666667e-05, 0.0003444444444444445)]","[102, 115, 93, 92, 106, 112, 107, 97, 98, 111, 104, 108, 103, 113, 114, 110]","[3, 6, 8, 1, 10, 0, 0, 8, 0, 0, 14, 4, 13, 7, 0, 0]","[True, True, True, True, True, True, True, True, True, True, True, True, True, True, True, True]"
85,15,"[1993.317678598913, 741.7221959766666, 1917.0664102590001, 554.2559608139378, 1655.52396879974, 498.43737685074666, 0, 967.2054005675245, 836.6624536394801, 544.2392451590755, 0, 0, 1769.6119429496443, 888.1448552554355, 500.8335838220001, 1465.6427238431045]","[4029.0, 849.4013624083693, 2117.2293915971336, 661.9351272456405, 4029.0, 4029.0, 4029.0, 1167.368381905658, 944.3416200711828, 744.4022264972089, 4029.0, 0, 4029.0, 4029.0, 4029.0, 1573.3218902748072]","[(231.3854, 0.0005333333333333334, 0.0008), (264.24086666666665, 0.7731333333333333, 0.0056), (58.719800000000006, 0.34153333333333336, 0.0017333333333333335), (130.02306666666664, 0.0007333333333333332, 0.0002666666666666667), (125.829, 0.9370666666666667, 0.7570666666666667), (67.1088, 0.004666666666666667, 0.0), (67.1088, 0.004666666666666667, 6.666666666666668e-05), (131.4214, 0.5404, 0.4769333333333333), (85.284, 0.0, 0.001), (486.5389333333335, 0.012733333333333333, 0.18919999999999998), (27.96146666666667, 11.744666666666664, 11.770666666666664), 0, (190.14146666666667, 0.5508, 0.17880000000000001), (624.9507333333332, 0.08693333333333333, 0.30760000000000004), (191.5394, 0.0, 0.0), (331.3495333333333, 4.365933333333333, 0.022533333333333336)]","[(3, 6.666666666666667e-05, 0.011649999999999999), (3, 0.0, 0.0006277777777777777), (1, 0.00016666666666666666, 0.06364444444444443), (1, 0.0, 0.001738888888888889), (2, 0.06273333333333334, 0.031105555555555553), (2, 0.0, 0.0012333333333333335), (3, 0.0, 0.0012222222222222224), (1, 0.06126666666666666, 0.023866666666666675), (2, 1.666666666666667e-05, 0.00042777777777777774), (2, 0.07660000000000003, 0.0032111111111111108), (3, 0.0, 2.2222222222222223e-05), 0, (3, 0.00013333333333333334, 0.3462888888888889), (3, 0.0, 0.013066666666666667), (1, 1.666666666666667e-05, 0.0002611111111111111), (3, 0.0, 0.00019444444444444446)]","[102, 115, 93, 92, 106, 112, 107, 97, 98, 111, 104, -1, 103, 113, 114, 110]","[3, 0, 8, 0, 10, 4, 9, 8, 0, 8, 14, -1, 13, 7, 5, 0]","[True, True, True, True, True, True, True, True, True, True, True, False, True, True, True, True]"
86,15,"[1889.8120704974624, 623.0466446204, 2037.56772747528, 597.6615481065954, 2278.570623724373, 498.43737685074666, 2240.395480738335, 922.7020845904912, 830.7286773725335, 524.2058987115023, 2240.395480738335, 0, 1292.1506073990797, 1101.8338429860667, 0, 1851.3381774860268]","[4029.0, 4029.0, 2219.0758238828557, 660.3701031526198, 4029.0, 561.145931896771, 4029.0, 1104.2101809980668, 893.4372324185579, 705.7139951190778, 4029.0, 0, 4029.0, 4029.0, 4029.0, 1914.046732532051]","[(253.7549333333333, 0.0006666666666666666, 0.0008), (260.0463333333334, 0.6686, 0.004866666666666666), (29.3598, 0.5571333333333334, 0.0044), (100.66266666666668, 0.0005333333333333334, 0.0002), (226.49220000000003, 0.9202666666666668, 0.7430666666666668), (100.6632, 0.004666666666666667, 6.666666666666668e-05), (973.0777333333333, 0.10640000000000001, 0.744), (89.4784, 0.5311333333333333, 0.46186666666666676), (61.51606666666666, 0.0, 0.001), (462.072, 0.012733333333333333, 0.18913333333333332), (973.0777333333333, 0.10640000000000001, 0.744), 0, (198.53, 0.4244, 0.13933333333333334), (641.7282666666667, 0.07759999999999999, 0.331), (225.09366666666662, 0.0, 0.0), (478.1502, 3.8014, 0.020733333333333333)]","[(3, 0.00018333333333333334, 0.015666666666666666), (3, 0.0, 0.0004277777777777778), (1, 0.00015, 0.1132611111111111), (1, 0.0, 0.0015722222222222223), (2, 0.09268333333333334, 0.011455555555555556), (2, 0.0, 0.001238888888888889), (3, 0.0, 0.025061111111111114), (1, 1.666666666666667e-05, 0.0020666666666666667), (2, 0.0, 0.00037222222222222225), (2, 0.07893333333333334, 0.003822222222222222), (3, 0.0, 0.025061111111111114), 0, (3, 1.666666666666667e-05, 0.19247222222222224), (3, 0.04375, 0.0321388888888889), (1, 0.0, 0.0002833333333333333), (3, 0.0428, 0.01527777777777778)]","[102, 115, 93, 92, 106, 112, 116, 97, 98, 111, 117, -1, 103, 113, 114, 110]","[3, 6, 8, 0, 10, 0, 11, 8, 0, 8, 15, -1, 13, 7, 5, 0]","[True, True, True, True, True, True, True, True, True, True, True, False, True, True, True, True]"
87,16,"[2103.5010678682, 620.0797558364931, 1878.7250820538202, 0, 1590.2524144743022, 495.47048770282555, 1332.217282883153, 913.8014213950846, 839.6293417729535, 447.41140399580445, 1332.217282883153, 2251.868135745323, 961.60045201792, 1125.2060760191043, 599.3113997345512, 1646.6228982447833]","[4029.0, 927.6357572184165, 2141.7457795722503, 4029.0, 4029.0, 4029.0, 4029.0, 1176.822118913515, 1147.1853431548768, 710.4321015142348, 4029.0, 2840.778368005386, 4029.0, 4029.0, 1188.2216319946142, 1954.1788996267067]","[(244.66713333333328, 0.0014666666666666665, 0.0012), (222.2978, 0.6696, 0.0051333333333333335), (50.3314, 0.34666666666666673, 0.0016666666666666668), (132.1199333333333, 0.0007333333333333332, 0.0002666666666666667), (142.6062, 0.9306666666666665, 0.7520666666666668), (0.0, 0.004666666666666667, 6.666666666666668e-05), (805.3058666666667, 0.081, 0.3894666666666666), (117.4404, 0.5386666666666666, 0.5020666666666667), (61.516133333333315, 6.666666666666668e-05, 0.0011333333333333332), (442.4987333333333, 0.0128, 0.18926666666666667), (805.3058666666667, 0.081, 0.3894666666666666), (100.6632, 0.009333333333333334, 0.0108), (194.33579999999998, 0.31493333333333334, 0.10186666666666666), (838.8603333333335, 0.08673333333333332, 0.3268666666666667), (0.0, 0.004733333333333333, 0.00013333333333333334), (450.887, 3.747866666666667, 0.0224)]","[(3, 0.00015, 0.019816666666666666), (3, 0.0, 0.0005), (1, 0.002466666666666667, 0.06152777777777777), (1, 0.0, 0.00175), (2, 0.0, 0.012455555555555557), (2, 0.0, 0.0012722222222222221), (3, 0.0, 0.023311111111111112), (1, 0.0, 0.003311111111111111), (2, 1.666666666666667e-05, 0.00039444444444444444), (2, 0.058866666666666664, 0.003477777777777778), (3, 0.0, 0.023311111111111112), (2, 0.0, 0.002416666666666667), (3, 0.0, 0.12192777777777777), (3, 0.0, 0.012833333333333334), (3, 0.0, 0.0014222222222222223), (3, 1.666666666666667e-05, 0.0003444444444444445)]","[102, 115, 93, 92, 106, 112, 116, 97, 98, 111, 117, 118, 103, 113, 119, 110]","[3, 0, 8, 12, 10, 4, 11, 8, 0, 8, 15, 5, 13, 7, 5, 0]","[True, True, True, True, True, True, True, True, True, True, True, True, True, True, True, True]"
88,16,"[2073.45105261294, 640.8479773238399, 1700.71177252977, 1108.5118598755066, 1563.5504149775322, 492.5035985549045, 888.1448552554355, 0, 830.7286773725335, 340.5668896087467, 888.1448552554355, 2266.7025766922616, 1021.7004802690399, 1045.0727056201176, 620.0796165570354, 922.7022006380679]","[2140.823742405093, 4029.0, 2363.2855518169313, 2124.6835023100357, 4029.0, 1127.4005109313216, 1904.3164976899643, 662.5737792871611, 898.1013671646863, 1003.1406688959078, 4029.0, 2901.599489068679, 4029.0, 4029.0, 4029.0, 990.0748904302206]","[(254.4540666666667, 0.0026, 0.0088), (184.54886666666667, 0.6701333333333334, 0.0057333333333333325), (54.525800000000004, 0.2951333333333333, 0.0012666666666666666), (67.1088, 0.0, 0.001), (117.4404, 0.9303333333333335, 0.7412666666666667), (0.0, 0.0046, 6.666666666666668e-05), (624.9507333333332, 0.08693333333333333, 0.30760000000000004), (134.2176, 0.5295333333333333, 0.5544666666666667), (60.11806666666666, 0.0, 0.001), (473.9558, 0.00013333333333333334, 0.00013333333333333334), (624.9507333333332, 0.08693333333333333, 0.30760000000000004), (150.9948, 0.009333333333333334, 0.010933333333333335), (146.80033333333338, 0.3725333333333334, 0.1176), (721.42, 0.07806666666666666, 0.33893333333333336), (0.0, 0.004666666666666667, 6.666666666666668e-05), (434.1098, 1.2283333333333333, 0.020466666666666664)]","[(3, 0.00011666666666666667, 0.017588888888888887), (3, 0.0, 0.00046111111111111103), (1, 0.0001, 0.058061111111111105), (3, 0.0, 0.0), (2, 0.0, 0.010772222222222223), (2, 0.0, 0.0012166666666666667), (3, 0.0, 0.013066666666666667), (1, 0.0, 0.002977777777777778), (2, 0.0, 0.0003888888888888888), (2, 0.06814999999999999, 0.0033166666666666665), (3, 0.0, 0.013066666666666667), (2, 0.0, 0.0026888888888888887), (3, 5e-05, 0.20093333333333338), (3, 0.0, 0.011183333333333332), (3, 0.0, 0.001661111111111111), (3, 0.0, 0.0004555555555555556)]","[102, 115, 93, 120, 106, 112, 116, 97, 98, 111, 117, 118, 103, 113, 119, 110]","[0, 6, 8, 11, 10, 4, 11, 8, 0, 8, 15, 4, 13, 7, 5, 0]","[True, True, True, True, True, True, True, True, True, True, True, True, True, True, True, True]"
89,16,"[2293.817831151513, 620.0797558364931, 0, 1115.189642163913, 0, 498.43737685074666, 1101.8338429860667, 881.4670876440003, 836.6624536394801, 0, 1101.8338429860667, 2248.9012475559352, 0, 1385.6395298158109, 578.5431829120669, 1074.0134939902914]","[4029.0, 704.3325031906774, 2014.5, 2021.177899588923, 4029.0, 582.690124204931, 2007.8221004110767, 4029.0, 920.9152009936644, 2014.5, 4029.0, 4029.0, 4029.0, 4029.0, 662.7959302662512, 1158.2662413444757]","[(268.435, 0.0018666666666666666, 0.0016), (183.1509333333333, 0.6727333333333332, 0.005), (37.7482, 0.27673333333333333, 0.0014), (47.5354, 0.0, 0.001), (83.886, 0.8937333333333333, 0.7318666666666667), (0.0, 0.004666666666666667, 6.666666666666668e-05), (641.7282666666667, 0.07759999999999999, 0.331), (95.9442, 0.019933333333333334, 0.0208), (83.88560000000001, 0.0, 0.001), (501.219, 0.012666666666666665, 0.18913333333333332), (641.7282666666667, 0.07759999999999999, 0.331), (150.9948, 0.009266666666666668, 0.0106), (290.8046, 0.5733333333333334, 0.17), (671.0880666666666, 0.08573333333333333, 0.32080000000000003), (0.0, 0.004533333333333333, 0.0), (243.2694, 1.3356666666666668, 0.18259999999999998)]","[(3, 0.00013333333333333334, 0.023688888888888888), (3, 0.0, 0.0005277777777777777), (1, 0.0, 0.057172222222222215), (3, 0.0, 0.0), (2, 0.0, 0.007866666666666668), (2, 0.0, 0.001261111111111111), (3, 0.04375, 0.0321388888888889), (1, 0.0012, 0.05558333333333333), (2, 1.666666666666667e-05, 0.0004111111111111111), (2, 0.08508333333333333, 0.0030222222222222226), (3, 0.04375, 0.0321388888888889), (2, 0.0, 0.0023555555555555556), (3, 0.0017833333333333332, 0.2834388888888889), (3, 0.0, 0.018272222222222224), (3, 0.0, 0.0012944444444444446), (3, 0.0, 0.0004166666666666667)]","[102, 115, 93, 120, 106, 112, 116, 121, 98, 111, 117, 118, 103, 113, 119, 110]","[1, 0, 8, 11, 10, 0, 11, 2, 0, 8, 15, 4, 13, 7, 0, 0]","[True, True, True, True, True, True, True, True, True, True, True, True, True, True, True, True]"
90,16,"[2203.667785385733, 0, 777.9614183128089, 1115.189642163913, 1154.1194728238213, 0, 1125.2060760191043, 754.589249271, 836.6624536394801, 454.0891471920266, 1125.2060760191043, 2254.8350239347114, 3815.4812123039737, 1095.1560621194842, 581.5100710295644, 940.5035292677412]","[2889.2893190968534, 4029.0, 1826.4209727444936, 2009.4917830724044, 2202.579027255506, 887.0824880326443, 2019.5082169275956, 855.1114256965736, 937.1846300650537, 1139.7106809031466, 4029.0, 3141.9175119673555, 4029.0, 1195.6782385450579, 4029.0, 1041.0257056933149]","[(269.134, 0.0016666666666666668, 0.0014666666666666665), (211.11286666666666, 0.7809333333333333, 0.005533333333333332), (123.73126666666663, 0.009733333333333332, 0.0028), (72.7012, 0.0, 0.001), (176.16013333333333, 1.632466666666667, 0.017733333333333334), (0.0, 0.0057333333333333325, 0.001), (838.8603333333335, 0.08673333333333332, 0.3268666666666667), (96.9928, 0.020133333333333333, 0.014066666666666665), (83.88560000000001, 6.666666666666668e-05, 0.0016), (29.621666666666673, 4.1293999999999995, 4.1416), (838.8603333333335, 0.08673333333333332, 0.3268666666666667), (184.5492, 0.009333333333333334, 0.0108), (1426.063, 0.14286666666666667, 0.5943999999999999), (767.5571333333334, 0.08106666666666666, 0.391), (0.0, 0.004733333333333333, 0.0), (178.2574, 0.7554, 0.0208)]","[(3, 0.00031666666666666665, 0.026144444444444446), (3, 0.0, 0.00045000000000000004), (2, 0.0, 2.2222222222222223e-05), (3, 0.0, 0.0), (3, 0.0, 0.0001388888888888889), (2, 0.0, 0.0012055555555555554), (3, 0.0, 0.012833333333333334), (1, 0.0, 0.054338888888888895), (2, 0.0, 0.0005611111111111111), (3, 0.0, 1.6666666666666667e-05), (3, 0.0, 0.012833333333333334), (2, 0.0, 0.002338888888888889), (3, 0.005116666666666666, 0.1869), (3, 0.0, 0.02345), (3, 0.0, 0.0012333333333333335), (3, 0.0, 0.0004444444444444444)]","[102, 115, 122, 120, 123, 112, 116, 121, 98, 124, 117, 118, 125, 113, 119, 110]","[1, 6, 10, 11, 10, 4, 11, 0, 0, 1, 15, 4, 14, 0, 5, 0]","[True, True, True, True, True, True, True, True, True, True, True, True, True, True, True, True]"
91,16,"[0, 454.0891471920266, 888.1447951553957, 1105.1729687313032, 1875.0732823255908, 454.0891471920266, 1045.0727056201176, 754.589249271, 836.6624536394801, 1315.5229705416066, 1045.0727056201176, 2248.9012475559352, 2446.521763816231, 0, 578.5431829120669, 1468.6096119480499]","[4029.0, 2241.5445735960134, 1521.0357564149024, 2044.5501315555928, 2507.9642435850974, 1117.0939498180455, 1984.4498684444072, 4029.0, 972.7307749297679, 1451.5912918318945, 4029.0, 2911.906050181954, 4029.0, 1787.4554264039866, 4029.0, 1604.6779332383378]","[(369.09826666666675, 0.0032, 0.0020666666666666667), (29.621666666666673, 4.1293999999999995, 4.1416), (120.93533333333332, 0.045200000000000004, 0.020266666666666665), (33.5544, 0.0, 0.001), (214.6078, 3.082733333333333, 0.04673333333333334), (29.621666666666673, 4.1293999999999995, 4.1416), (721.42, 0.07806666666666666, 0.33893333333333336), (90.177, 0.02, 0.014), (75.49719999999999, 0.0, 0.001), (29.53446666666667, 12.107333333333337, 12.139266666666664), (721.42, 0.07806666666666666, 0.33893333333333336), (218.1036, 0.009266666666666668, 0.010533333333333334), (1311.4188000000001, 0.1956, 0.7402000000000001), (796.9172, 0.0888, 0.33713333333333334), (0.0, 0.004733333333333333, 6.666666666666668e-05), (344.63140000000004, 3.1724, 0.019733333333333335)]","[(3, 0.2675166666666666, 0.1220111111111111), (3, 0.0, 1.6666666666666667e-05), (2, 0.0, 0.0), (3, 0.0, 0.0), (3, 0.0, 0.00015555555555555556), (3, 0.0, 1.6666666666666667e-05), (3, 0.0, 0.011183333333333332), (1, 3.3333333333333335e-05, 0.05506666666666666), (2, 1.666666666666667e-05, 0.00043333333333333337), (3, 0.0, 1.6666666666666667e-05), (3, 0.0, 0.011183333333333332), (2, 0.0, 0.0022555555555555554), (3, 0.0006, 0.11304444444444445), (3, 0.0, 0.019), (3, 0.0, 0.0012666666666666666), (3, 0.0, 0.0002722222222222222)]","[102, 126, 122, 120, 123, 127, 116, 121, 98, 124, 117, 118, 125, 113, 119, 110]","[1, 6, 10, 11, 10, 4, 11, 2, 0, 0, 15, 4, 14, 6, 5, 0]","[True, True, True, True, True, True, True, True, True, True, True, True, True, True, True, True]"
92,15,"[0, 1315.5229705416066, 851.4170028745334, 1111.8507510197098, 1510.1460454172877, 1315.5229705416066, 1385.6395298158109, 741.2336873370001, 836.6624536394801, 1135.2228679800667, 1385.6395298158109, 2201.431036525731, 2303.8585840403466, 2047.1528695743666, 0, 913.8015363232312]","[0, 1648.68505048362, 1685.1354787286227, 1877.6056106019494, 2343.8645212713773, 1370.967808581277, 2151.3943893980504, 796.6785253766706, 892.1072916791505, 4029.0, 4029.0, 4029.0, 4029.0, 2380.31494951638, 4029.0, 969.2463743629016]","[0, (29.53446666666667, 12.107333333333337, 12.139266666666664), (120.23626666666664, 0.034466666666666666, 0.0114), (39.146800000000006, 0.0, 0.001), (434.80906666666664, 2.7484, 0.018466666666666666), (29.53446666666667, 12.107333333333337, 12.139266666666664), (671.0880666666666, 0.08573333333333333, 0.32080000000000003), (93.3228, 0.018333333333333333, 0.014133333333333333), (78.2932, 0.0, 0.001), (31.3258, 10.272666666666666, 10.300266666666666), (671.0880666666666, 0.08573333333333333, 0.32080000000000003), (268.4352, 0.009333333333333334, 0.0108), (1255.4948, 0.13406666666666667, 0.4640666666666667), (545.259, 0.6861333333333334, 1.4692), (67.1088, 0.004666666666666667, 6.666666666666668e-05), (369.0984, 0.713, 0.022)]","[0, (3, 0.0, 1.6666666666666667e-05), (2, 0.0, 2.2222222222222223e-05), (3, 0.0, 0.0), (3, 0.0, 0.00023888888888888888), (3, 0.0, 1.6666666666666667e-05), (3, 0.0, 0.018272222222222224), (1, 0.0, 0.0557), (2, 0.0, 0.00039444444444444444), (3, 0.0, 4.4444444444444447e-05), (3, 0.0, 0.018272222222222224), (2, 0.0, 0.0022944444444444444), (3, 1.666666666666667e-05, 0.12178333333333334), (1, 0.07585, 0.04698333333333333), (3, 0.0, 0.0012222222222222224), (3, 0.0, 0.0003888888888888889)]","[-1, 126, 122, 120, 123, 127, 116, 121, 98, 124, 117, 118, 125, 129, 119, 110]","[-1, 6, 10, 11, 10, 0, 11, 0, 0, 1, 15, 4, 14, 6, 5, 0]","[False, True, True, True, True, True, True, True, True, True, True, True, True, True, True, True]"
93,16,"[3121.8625785998443, 1135.2228679800667, 834.7225518377779, 1252.08417907625, 1501.2453811024511, 1135.2228679800667, 1095.1560621194842, 804.6726065235, 830.7286773725335, 1145.2395403445964, 0, 2248.9012475559352, 2662.034226881929, 1922.54356446984, 1646.6233023008167, 1433.0069546887032]","[4029.0, 1620.8396517551134, 1681.2385853676635, 1544.4465631698386, 2347.7614146323367, 4029.0, 1387.5184462130728, 1097.0349906170886, 985.7348842710752, 1300.245747243138, 155.00620689854168, 4029.0, 4029.0, 2408.160348244887, 4029.0, 1588.013161587245]","[(0.0, 0.0, 0.0), (31.3258, 10.272666666666666, 10.300266666666666), (130.722, 0.026466666666666666, 0.011066666666666664), (173.3644, 6.666666666666668e-05, 0.0016), (348.1266, 1.8001333333333334, 0.6946), (31.3258, 10.272666666666666, 10.300266666666666), (767.5571333333334, 0.08106666666666666, 0.391), (93.8472, 0.0318, 0.0146), (142.606, 0.00013333333333333334, 0.0011333333333333332), (31.238400000000002, 10.958333333333334, 10.986266666666667), (767.5571333333334, 0.08106666666666666, 0.391), (33.5544, 0.009266666666666668, 0.010666666666666666), (1470.8021999999999, 0.18553333333333333, 0.47233333333333327), (738.1968, 0.7232666666666667, 1.2136), (125.829, 0.9397333333333332, 0.7602666666666668), (216.70520000000002, 2.985266666666667, 0.017533333333333335)]","[(2, 0.0, 0.0), (3, 0.0, 4.4444444444444447e-05), (2, 0.0, 4.4444444444444447e-05), (3, 0.03166666666666667, 0.0017722222222222221), (3, 0.0, 0.00039999999999999996), (3, 0.0, 4.4444444444444447e-05), (3, 0.0, 0.02345), (1, 0.00011666666666666667, 0.053427777777777775), (2, 1.666666666666667e-05, 0.000488888888888889), (3, 0.0, 2.2222222222222223e-05), (3, 0.0, 0.02345), (2, 0.0, 0.0023555555555555556), (3, 1.666666666666667e-05, 0.1395388888888889), (1, 0.0017166666666666665, 0.0023777777777777777), (2, 0.0, 0.009888888888888888), (3, 0.0, 0.0003111111111111111)]","[128, 126, 122, 120, 123, 127, 116, 121, 98, 124, 117, 118, 125, 129, 130, 110]","[3, 6, 10, 11, 10, 2, 11, 11, 0, 0, 0, 4, 14, 6, 5, 0]","[True, True, True, True, True, True, True, True, True, True, True, True, True, True, True, True]"
94,16,"[3065.1014408071205, 1145.2395403445964, 791.3169791422134, 1105.1729687313032, 976.1061865270877, 1145.2395403445964, 931.5504308882199, 844.7392923255, 836.6624536394801, 1218.6951376844836, 628.9803113908888, 5046.6768101486105, 2986.820614882346, 2011.5502109730733, 1622.8881916370212, 1041.37772483589]","[4029.0, 1581.3446646857617, 844.9178046516685, 1487.6854047496288, 4029.0, 1198.8403658540515, 1314.0628669065457, 1227.2517283438256, 890.2632791489351, 4029.0, 4029.0, 4029.0, 4029.0, 2447.6553353142385, 4029.0, 1094.978550345345]","[(0.0, 0.0, 0.0), (31.238400000000002, 10.958333333333334, 10.986266666666667), (164.2764, 0.008733333333333333, 0.0061333333333333335), (156.58720000000002, 6.666666666666668e-05, 0.001066666666666667), (230.686, 0.866, 0.3906666666666667), (31.238400000000002, 10.958333333333334, 10.986266666666667), (796.9172, 0.0888, 0.33713333333333334), (99.0902, 0.043, 0.015133333333333334), (71.303, 0.0, 0.001), (30.75773333333333, 11.004733333333336, 11.030333333333335), (320.1647333333333, 0.0011333333333333332, 0.0015333333333333334), (369.0984, 0.018533333333333336, 0.025066666666666668), (1311.4188000000001, 0.14286666666666667, 0.5135333333333333), (564.8324, 0.6947333333333332, 1.3258666666666665), (139.81, 0.972, 0.7780666666666667), (404.7498, 1.2064000000000001, 0.013733333333333332)]","[(2, 0.0, 0.0), (3, 0.0, 2.2222222222222223e-05), (2, 0.0, 8.88888888888889e-05), (3, 0.0, 0.0002833333333333333), (3, 1.666666666666667e-05, 0.0003444444444444445), (3, 0.0, 2.2222222222222223e-05), (3, 0.0, 0.019), (1, 0.0, 0.05496666666666667), (2, 0.0, 0.0003888888888888889), (3, 0.0, 2.2222222222222223e-05), (2, 0.0037166666666666667, 0.0028777777777777777), (2, 0.0, 0.0054888888888888895), (3, 5e-05, 0.13139444444444442), (1, 0.00225, 0.06516111111111111), (2, 0.0, 0.011461111111111111), (3, 0.0, 0.00029444444444444445)]","[128, 126, 122, 120, 123, 127, 116, 121, 98, 124, 131, 118, 125, 129, 130, 110]","[3, 6, 0, 11, 10, 0, 11, 11, 0, 1, 7, 4, 14, 6, 5, 0]","[True, True, True, True, True, True, True, True, True, True, True, True, True, True, True, True]"
95,16,"[2911.512479720924, 1218.6951376844836, 794.6558693495645, 1118.528533308117, 1465.6427238431045, 1218.6951376844836, 1008.3449108539154, 0, 824.7949011055865, 1191.9840113790701, 634.9140879134446, 6361.008278047395, 2953.431360041183, 2940.186222823474, 1578.3848591424044, 1293.563213756262]","[4029.0, 1153.7544574305048, 1802.4803658325404, 1752.5707185874394, 4029.0, 2226.5196341674596, 1642.387096133238, 634.0421852793226, 845.7308475669956, 1212.9199578404791, 655.8500343748537, 4029.0, 4029.0, 2875.2455425694952, 4029.0, 1314.499160217671]","[(0.0, 0.0, 0.0), (30.75773333333333, 11.004733333333336, 11.030333333333335), (148.19806666666668, 0.008400000000000001, 0.004866666666666666), (97.867, 0.0, 0.001), (331.3495333333333, 4.365933333333333, 0.022533333333333336), (30.75773333333333, 11.004733333333336, 11.030333333333335), (700.4481333333333, 0.07953333333333333, 0.389), (91.7496, 0.042133333333333335, 0.014666666666666665), (83.8858, 0.0, 0.001), (30.932599999999997, 11.007200000000001, 11.033333333333335), (300.59133333333324, 0.0011333333333333332, 0.0015333333333333334), (1157.6274666666666, 0.016533333333333334, 0.022133333333333328), (1311.4188000000001, 0.188, 0.5201333333333333), (1015.0211999999999, 0.7137333333333332, 1.397666666666667), (184.5492, 0.9548666666666666, 0.7652666666666668), (257.9492, 1.6759333333333335, 0.7163333333333335)]","[(2, 0.0, 0.0), (3, 0.0, 2.2222222222222223e-05), (2, 0.0, 0.0), (3, 0.008, 0.00039999999999999996), (3, 0.0, 0.00019444444444444446), (3, 0.0, 2.2222222222222223e-05), (3, 0.0, 0.019427777777777776), (1, 0.0, 0.05646666666666667), (2, 1.666666666666667e-05, 0.0004166666666666667), (3, 0.0, 2.2222222222222223e-05), (2, 0.0004, 0.0023666666666666667), (2, 0.0, 0.005333333333333333), (3, 3.3333333333333335e-05, 0.16156666666666666), (1, 1.0436000000000003, 0.5150888888888889), (2, 1.666666666666667e-05, 0.010605555555555557), (3, 0.0, 0.0003444444444444445)]","[128, 126, 122, 120, 123, 127, 116, 121, 98, 124, 131, 118, 125, 129, 130, 110]","[3, 6, 12, 11, 10, 12, 11, 11, 0, 0, 0, 4, 14, 6, 5, 0]","[True, True, True, True, True, True, True, True, True, True, True, True, True, True, True, True]"
96,15,"[3145.2348118086134, 1191.9840113790701, 781.30030852016, 0, 1851.3381774860268, 1191.9840113790701, 1168.611651651889, 0, 0, 1198.6617929554236, 557.7749931202221, 2438.7820916767528, 2989.8560016860883, 2067.9210870917877, 1622.8881916370212, 1008.7419556814889]","[4029.0, 1576.5314621436412, 1809.158148570545, 1430.1941741740557, 4029.0, 2219.8418514294553, 2598.8058258259443, 0, 465.7899508938299, 4029.0, 4029.0, 4029.0, 4029.0, 2452.468537856359, 2088.678142530851, 1474.5319065753188]","[(0.0, 0.0, 0.0), (30.932599999999997, 11.007200000000001, 11.033333333333335), (134.21720000000002, 0.002466666666666667, 0.0006666666666666666), (81.0898, 0.0, 0.001), (478.1502, 3.8014, 0.020733333333333333), (30.932599999999997, 11.007200000000001, 11.033333333333335), (637.534, 0.09033333333333332, 0.3533333333333333), 0, (71.30286666666669, 0.0, 0.001066666666666667), (29.2284, 11.277066666666668, 11.304066666666667), (288.00833333333327, 0.0011333333333333332, 0.0014), (167.772, 0.009333333333333334, 0.0104), (1177.2012, 0.14893333333333333, 0.6776666666666666), (679.4766, 0.7587999999999999, 1.3356666666666668), (131.4214, 0.9578666666666666, 0.7716000000000001), (293.6008, 1.66, 0.18393333333333337)]","[(2, 0.0, 0.0), (3, 0.0, 2.2222222222222223e-05), (2, 0.0, 4.4444444444444447e-05), (3, 0.0, 0.0), (3, 0.0428, 0.01527777777777778), (3, 0.0, 2.2222222222222223e-05), (3, 0.0, 0.015172222222222219), 0, (2, 0.0, 0.0004055555555555556), (3, 0.0, 2.2222222222222223e-05), (2, 0.00026666666666666673, 0.002455555555555556), (2, 0.0, 0.002172222222222222), (3, 5e-05, 0.12382222222222221), (1, 0.0012666666666666666, 0.0020055555555555556), (2, 0.0, 0.010555555555555558), (3, 0.0, 0.00039999999999999996)]","[128, 126, 122, 120, 123, 127, 116, -1, 98, 124, 131, 118, 125, 129, 130, 110]","[3, 6, 12, 11, 10, 12, 11, -1, 0, 1, 7, 4, 14, 6, 0, 0]","[True, True, True, True, True, True, True, False, True, True, True, True, True, True, True, True]"
97,16,"[2988.3069602640226, 1198.6617929554236, 818.0281008010221, 2180.662757134983, 1646.6228982447833, 1198.6617929554236, 1278.7950359504955, 3815.4812123039737, 1763.7010974382797, 1178.6284482263632, 0, 2554.490731062876, 5888.650399259911, 2038.2522049240424, 1596.1861921402513, 1391.4705212194656]","[4029.0, 1285.4082054883395, 1824.1831539227992, 2465.433860592244, 1955.9609004032518, 2204.816846077201, 1563.5661394077563, 4029.0, 2073.039099596748, 1265.374860759279, 4029.0, 4029.0, 4029.0, 4029.0, 4029.0, 1478.2169337523815]","[(0.0, 0.0, 0.0), (29.2284, 11.277066666666668, 11.304066666666667), (95.76953333333334, 0.0094, 0.006266666666666668), (473.9556, 4.806, 0.02386666666666667), (450.887, 3.747866666666667, 0.0224), (29.2284, 11.277066666666668, 11.304066666666667), (700.4484666666667, 0.08206666666666666, 0.43860000000000005), (1426.063, 0.14286666666666667, 0.5943999999999999), (39.146666666666654, 0.29753333333333337, 0.0019333333333333331), (27.96146666666667, 11.744666666666664, 11.770666666666664), (311.7758666666666, 0.0011333333333333332, 0.0015333333333333334), (536.8704, 0.009266666666666668, 0.0106), (1269.4758, 0.3529333333333333, 0.49439999999999995), (654.3108000000001, 0.7628666666666667, 1.1362666666666668), (153.791, 0.9633999999999999, 0.7669333333333332), (454.38226666666674, 2.6148000000000002, 0.015)]","[(2, 0.0, 0.0), (3, 0.0, 2.2222222222222223e-05), (2, 0.0, 0.0), (1, 0.0, 0.005094444444444444), (3, 1.666666666666667e-05, 0.0003444444444444445), (3, 0.0, 2.2222222222222223e-05), (3, 0.0, 0.019766666666666665), (3, 0.005116666666666666, 0.1869), (1, 0.003, 0.06097777777777777), (3, 0.0, 2.2222222222222223e-05), (2, 0.0, 0.002388888888888889), (2, 0.0, 0.0023777777777777777), (3, 0.1731833333333333, 0.38794999999999996), (1, 0.011416666666666664, 0.047094444444444446), (2, 0.0, 0.0117), (3, 0.0, 0.0002666666666666667)]","[128, 126, 122, 132, 123, 127, 116, 133, 134, 124, 131, 118, 125, 129, 130, 110]","[3, 0, 12, 11, 10, 12, 11, 9, 10, 0, 7, 4, 14, 6, 5, 0]","[True, True, True, True, True, True, True, True, True, True, True, True, True, True, True, True]"
98,16,"[3008.340303014396, 1178.6284482263632, 784.6391987275113, 1462.6758357381586, 922.7022006380679, 1178.6284482263632, 1539.228489747202, 2446.521763816231, 1385.7651479872202, 1141.90064955642, 628.9803113908888, 2450.6496444343047, 4252.576912042853, 2070.887975308562, 1655.52396879974, 1103.6823750397464]","[4029.0, 1568.3702364589005, 1817.505375250574, 1976.2236729954784, 1782.9685263254237, 2211.494624749426, 2052.7763270045216, 4029.0, 2246.031473674576, 4029.0, 4029.0, 2687.9836346972793, 4029.0, 2460.6297635410992, 4029.0, 1341.016365302721]","[(0.0, 0.0, 0.0), (27.96146666666667, 11.744666666666664, 11.770666666666664), (113.94486666666668, 0.0015333333333333334, 0.0006666666666666666), (384.4776, 1.923, 0.024933333333333335), (434.1098, 1.2283333333333333, 0.020466666666666664), (27.96146666666667, 11.744666666666664, 11.770666666666664), (830.4715333333334, 0.09873333333333333, 0.6516666666666666), (1311.4188000000001, 0.1956, 0.7402000000000001), (65.71033333333331, 0.2166, 0.004533333333333333), (28.00533333333333, 10.849266666666667, 10.8736), (320.1647333333333, 0.0011333333333333332, 0.0015333333333333334), (738.197, 0.009333333333333334, 0.0108), (1974.1186, 0.14053333333333334, 0.48906666666666665), (506.11220000000003, 0.7000666666666667, 1.4158), (125.829, 0.9370666666666667, 0.7570666666666667), (283.1152, 1.2862, 0.020266666666666665)]","[(2, 0.0, 0.0), (3, 0.0, 2.2222222222222223e-05), (2, 0.0, 1.6666666666666667e-05), (1, 0.0, 0.005011111111111111), (3, 0.0, 0.0004555555555555556), (3, 0.0, 2.2222222222222223e-05), (3, 0.0, 0.02181111111111111), (3, 0.0006, 0.11304444444444445), (1, 0.0002833333333333333, 0.09404444444444444), (3, 0.0, 1.6666666666666667e-05), (2, 0.0037166666666666667, 0.0028777777777777777), (2, 0.0, 0.0023666666666666667), (3, 1.666666666666667e-05, 0.31198333333333333), (1, 0.0675, 0.04805), (2, 0.06273333333333334, 0.031105555555555553), (3, 0.0, 0.00040555555555555554)]","[128, 126, 122, 132, 123, 127, 116, 133, 134, 124, 135, 118, 125, 129, 130, 110]","[3, 6, 12, 11, 10, 12, 11, 9, 10, 8, 7, 0, 14, 6, 5, 0]","[True, True, True, True, True, True, True, True, True, True, True, True, True, True, True, True]"
99,16,"[3068.4403312655163, 1141.90064955642, 868.1114539112888, 2530.7555535185593, 0, 1141.90064955642, 4253.746412012876, 2303.8585840403466, 1569.2557901120101, 1148.5784311327734, 634.9140879134446, 0, 3235.722332789209, 1964.079999504682, 2278.570623724373, 1533.8811502568522]","[4029.0, 1603.410325025869, 1877.6054021774344, 1153.0045707528416, 1229.872104943995, 2151.3945978225656, 2875.9954292471584, 4029.0, 2799.1278950560054, 4029.0, 4029.0, 1247.5594248715738, 4029.0, 2425.5896749741314, 4029.0, 2781.4405751284257]","[(0.0, 0.0, 0.0), (28.00533333333333, 10.849266666666667, 10.8736), (117.43993333333336, 0.021133333333333334, 0.005333333333333333), (419.43, 3.8347333333333333, 0.0464), (243.2694, 1.3356666666666668, 0.18259999999999998), (28.00533333333333, 10.849266666666667, 10.8736), (1069.547, 0.1412, 0.6463333333333334), (1255.4948, 0.13406666666666667, 0.4640666666666667), (40.54486666666667, 0.21746666666666667, 0.0017333333333333335), (29.18493333333334, 11.238933333333332, 11.264533333333333), (300.59133333333324, 0.0011333333333333332, 0.0015333333333333334), (352.32120000000003, 0.0094, 0.010866666666666667), (1730.8488, 0.18693333333333337, 0.49646666666666667), (713.031, 0.7426, 1.2830666666666666), (226.49220000000003, 0.9202666666666668, 0.7430666666666668), (388.6717333333333, 3.0486, 0.017133333333333334)]","[(2, 0.0, 0.0), (3, 0.0, 1.6666666666666667e-05), (2, 0.0399, 0.014022222222222224), (1, 0.00031666666666666665, 0.004988888888888889), (3, 0.0, 0.0004166666666666667), (3, 0.0, 1.6666666666666667e-05), (3, 0.0, 0.17137222222222223), (3, 1.666666666666667e-05, 0.12178333333333334), (1, 0.0, 0.05373333333333333), (3, 0.0, 4.4444444444444447e-05), (2, 0.0004, 0.0023666666666666667), (2, 0.0, 0.002344444444444444), (3, 1.666666666666667e-05, 0.20562222222222223), (1, 0.0019333333333333331, 0.002327777777777778), (2, 0.09268333333333334, 0.011455555555555556), (3, 0.0, 0.0002833333333333333)]","[128, 126, 122, 132, 123, 127, 116, 133, 134, 124, 135, 118, 125, 129, 130, 110]","[3, 6, 12, 11, 10, 12, 11, 9, 10, 8, 7, 0, 14, 6, 5, 0]","[True, True, True, True, True, True, True, True, True, True, True, True, True, True, True, True]"
100,16,"[3021.6958648479776, 1148.5784311327734, 791.3169791422134, 1379.6029687996834, 1115.1894634134223, 1148.5784311327734, 0, 2662.034226881929, 1517.22113040498, 0, 0, 501.40426599866777, 2452.592537423716, 2079.788639958885, 1590.2524144743022, 809.9604526501365]","[3120.3677060989203, 1548.8948955869441, 1835.86927400472, 2704.3014843998417, 1813.4841665042213, 2193.13072599528, 1324.6985156001583, 4029.0, 2215.5158334957787, 4029.0, 4029.0, 4029.0, 4029.0, 2480.105104413056, 4029.0, 908.6322939010794]","[(0.0, 0.0, 0.0), (29.18493333333334, 11.238933333333332, 11.264533333333333), (111.8474, 0.0072, 0.0028666666666666667), (442.49846666666673, 3.044, 0.055333333333333345), (499.1218, 0.0016666666666666668, 0.0011333333333333332), (29.18493333333334, 11.238933333333332, 11.264533333333333), (2168.4547333333335, 0.09346666666666668, 0.3538666666666667), (1470.8021999999999, 0.18553333333333333, 0.47233333333333327), (26.56353333333333, 0.21073333333333333, 0.0014), (29.79646666666667, 11.306333333333336, 11.331333333333335), (288.00833333333327, 0.0011333333333333332, 0.0014), (0.0, 0.0048, 6.666666666666668e-05), (1356.158, 0.1402, 0.49906666666666666), (458.5768, 0.723, 1.306), (142.6062, 0.9306666666666665, 0.7520666666666668), (381.6812, 0.617, 0.014133333333333333)]","[(2, 0.0, 0.0), (3, 0.0, 4.4444444444444447e-05), (2, 0.0, 2.2222222222222223e-05), (1, 0.0, 0.004972222222222222), (2, 0.0, 0.0010999999999999998), (3, 0.0, 4.4444444444444447e-05), (3, 0.0, 0.1801333333333333), (3, 1.666666666666667e-05, 0.1395388888888889), (1, 1.666666666666667e-05, 0.05187222222222222), (3, 0.0, 1.6666666666666667e-05), (2, 0.00026666666666666673, 0.002455555555555556), (2, 0.0, 0.0013222222222222222), (3, 8.333333333333333e-05, 0.11315), (1, 0.059366666666666665, 0.06801666666666667), (2, 0.0, 0.012455555555555557), (3, 0.0, 0.0008333333333333334)]","[128, 126, 122, 132, 136, 127, 116, 133, 134, 124, 135, 137, 125, 129, 130, 110]","[0, 6, 12, 11, 10, 12, 11, 9, 10, 8, 7, 3, 14, 6, 5, 0]","[True, True, True, True, True, True, True, True, True, True, True, True, True, True, True, True]"
101,16,"[2894.8180274289466, 1181.9673390145404, 751.250296654, 1530.9142621519063, 1175.2894943758222, 1181.9673390145404, 1071.7839430047102, 2986.820614882346, 1569.2557901120101, 599.3113997345512, 2327.8664038117226, 498.43737685074666, 2677.21116090064, 2871.947793837662, 1563.5504149775322, 940.5035292677412]","[4029.0, 1169.509772588439, 1799.1414788197299, 2244.065159573598, 1817.516852131906, 2229.85852118027, 1784.934840426402, 4029.0, 2211.483147868094, 4029.0, 4029.0, 840.6069364854065, 4029.0, 2859.490227411561, 1905.7199746121921, 1282.673088902401]","[(0.0, 0.0, 0.0), (29.79646666666667, 11.306333333333336, 11.331333333333335), (139.11079999999998, 0.0016666666666666668, 0.0009333333333333332), (440.4012, 3.206266666666667, 0.1867333333333333), (553.6476, 0.0017333333333333335, 0.0015333333333333334), (29.79646666666667, 11.306333333333336, 11.331333333333335), (125.829, 0.0033333333333333335, 0.0012666666666666666), (1311.4188000000001, 0.14286666666666667, 0.5135333333333333), (40.54466666666666, 0.2174, 0.0013333333333333333), (0.0, 0.004733333333333333, 0.00013333333333333334), (335.544, 0.016466666666666664, 0.009866666666666668), (145.4024, 0.004733333333333333, 6.666666666666668e-05), (1227.5328, 0.18566666666666662, 0.4779333333333333), (824.879, 0.7441333333333333, 1.3625333333333334), (117.4404, 0.9303333333333335, 0.7412666666666667), (236.2787333333333, 1.2087333333333334, 0.17886666666666667)]","[(2, 0.0, 0.0), (3, 0.0, 1.6666666666666667e-05), (2, 0.0, 3.3333333333333335e-05), (1, 1.666666666666667e-05, 0.0052), (2, 0.0, 0.0005222222222222223), (3, 0.0, 1.6666666666666667e-05), (3, 0.0, 0.0006444444444444443), (3, 5e-05, 0.13139444444444442), (1, 0.00013333333333333334, 0.05250555555555555), (3, 0.0, 0.0014222222222222223), (3, 0.0, 0.015905555555555555), (2, 0.0, 0.0012666666666666666), (3, 3.3333333333333335e-05, 0.15232222222222222), (1, 1.0255833333333333, 0.54465), (2, 0.0, 0.010772222222222223), (3, 0.0, 0.00040555555555555554)]","[128, 126, 122, 132, 136, 127, 138, 133, 134, 139, 140, 137, 125, 129, 130, 110]","[1, 6, 12, 11, 10, 12, 11, 9, 10, 8, 5, 0, 14, 6, 0, 0]","[True, True, True, True, True, True, True, True, True, True, True, True, True, True, True, True]"
