interval,ips,create,start,destroy,apparentips,ram,disk,hostalloc,active
1,"[3121.8625785998443, 520.8668579276933, 2180.662757134983]","[0, 0, 0]","[1, 1, 1]","[-1, -1, -1]","[4029.0, 4029.0, 4029.0]","[(0.0, 0.0, 0.0), (0.0, 0.0046, 6.666666666666668e-05), (473.9556, 4.806, 0.02386666666666667)]","[(2, 0.0, 0.0), (1, 0.0, 0.0008722222222222223), (1, 0.0, 0.005094444444444444)]","[15, 8, 10]","[True, True, True]"
2,"[3065.1014408071205, 530.8835282724567, 1462.6758357381586, 501.40426599866777, 2240.395480738335, 1876.4565081617916, 1108.5118598755066]","[0, 0, 0, 1, 1, 1, 1]","[1, 1, 1, 2, 2, 2, 2]","[-1, -1, -1, -1, -1, -1, -1]","[4029.0, 4029.0, 4029.0, 4029.0, 4029.0, 4029.0, 4029.0]","[(0.0, 0.0, 0.0), (0.0, 0.004733333333333333, 0.00013333333333333334), (384.4776, 1.923, 0.024933333333333335), (0.0, 0.0048, 6.666666666666668e-05), (973.0777333333333, 0.10640000000000001, 0.744), (258.64820000000003, 0.019533333333333337, 0.0016), (67.1088, 0.0, 0.001)]","[(2, 0.0, 0.0), (1, 0.0, 0.0008388888888888889), (1, 0.0, 0.005011111111111111), (2, 0.0, 0.0013222222222222222), (3, 0.0, 0.025061111111111114), (3, 0.05115, 0.03694444444444444), (3, 0.0, 0.0)]","[15, 8, 10, 6, 11, 12, 14]","[True, True, True, True, True, True, True]"
3,"[2911.512479720924, 554.2557590769045, 2530.7555535185593, 498.43737685074666, 1332.217282883153, 1328.8784523992754, 1115.189642163913, 2240.395480738335, 1714.4051397483977, 520.8668579276933]","[0, 0, 0, 1, 1, 1, 1, 2, 2, 2]","[1, 1, 1, 2, 2, 2, 2, 3, 3, 3]","[-1, -1, -1, -1, -1, -1, -1, -1, -1, -1]","[4029.0, 4029.0, 4029.0, 1057.596870963549, 1891.3767769959554, 4029.0, 4029.0, 4029.0, 4029.0, 1080.0263520404956]","[(0.0, 0.0, 0.0), (0.0, 0.0044, 0.0), (419.43, 3.8347333333333333, 0.0464), (145.4024, 0.004733333333333333, 6.666666666666668e-05), (805.3058666666667, 0.081, 0.3894666666666666), (328.5534, 0.0005333333333333334, 0.0006), (47.5354, 0.0, 0.001), (973.0777333333333, 0.10640000000000001, 0.744), (105.5042, 0.28773333333333334, 0.22433333333333338), (0.0, 0.0046, 6.666666666666668e-05)]","[(2, 0.0, 0.0), (1, 0.0, 0.0008277777777777778), (1, 0.00031666666666666665, 0.004988888888888889), (2, 0.0, 0.0012666666666666666), (3, 0.0, 0.023311111111111112), (3, 0.06125, 0.025472222222222222), (3, 0.0, 0.0), (3, 0.0, 0.025061111111111114), (1, 0.0030666666666666663, 0.05871111111111111), (1, 0.0, 0.0008722222222222223)]","[15, 6, 10, 11, 11, 12, 14, 8, 4, 11]","[True, True, True, True, True, True, True, True, True, True]"
4,"[3145.2348118086134, 520.8668579276933, 1379.6029687996834, 498.43737685074666, 888.1448552554355, 2050.0788185255155, 1115.189642163913, 1332.217282883153, 1429.5838385761401, 530.8835282724567, 1876.4565081617916, 454.0891471920266, 1147.5012037613078, 1578.3845313240047]","[0, 0, 0, 1, 1, 1, 1, 2, 2, 2, 3, 3, 3, 3]","[1, 1, 1, 2, 2, 2, 2, 3, 3, 3, 4, 4, 4, 4]","[-1, -1, -1, -1, -1, -1, -1, -1, -1, -1, -1, -1, -1, -1]","[4029.0, 1701.182827083193, 4029.0, 1202.2821233912005, 1591.989601795889, 4029.0, 4029.0, 4029.0, 1791.0636652071742, 1234.7282748129105, 2237.9363347928256, 4029.0, 2327.817172916807, 4029.0]","[(0.0, 0.0, 0.0), (0.0, 0.0046, 0.00013333333333333334), (442.49846666666673, 3.044, 0.055333333333333345), (67.1088, 0.004666666666666667, 0.0), (624.9507333333332, 0.08693333333333333, 0.30760000000000004), (298.49406666666664, 0.0016666666666666668, 0.005466666666666667), (72.7012, 0.0, 0.001), (805.3058666666667, 0.081, 0.3894666666666666), (110.71433333333331, 0.20726666666666668, 0.17506666666666665), (0.0, 0.004733333333333333, 0.00013333333333333334), (258.64820000000003, 0.019533333333333337, 0.0016), (29.621666666666673, 4.1293999999999995, 4.1416), (386.924, 1.3948666666666665, 0.0056), (223.696, 0.11593333333333333, 0.0992)]","[(2, 0.0, 0.0), (1, 0.0, 0.0008111111111111112), (1, 0.0, 0.004972222222222222), (2, 0.0, 0.0012333333333333335), (3, 0.0, 0.013066666666666667), (3, 0.0008666666666666667, 0.016138888888888887), (3, 0.0, 0.0), (3, 0.0, 0.023311111111111112), (1, 0.0002333333333333333, 0.05122222222222223), (1, 0.0, 0.0008388888888888889), (3, 0.05115, 0.03694444444444444), (3, 0.0, 1.6666666666666667e-05), (1, 0.0, 0.009683333333333334), (2, 0.0, 0.0010277777777777776)]","[15, 6, 10, 11, 11, 12, 14, 8, 4, 11, 4, 0, 6, 5]","[True, True, True, True, True, True, True, True, True, True, True, True, True, True]"
5,"[2988.3069602640226, 0, 1530.9142621519063, 498.43737685074666, 1101.8338429860667, 1896.4898516652977, 1105.1729687313032, 888.1448552554355, 1845.861124904825, 554.2557590769045, 1578.3845313240047, 1328.8784523992754, 1315.5229705416066, 925.6692288098378, 1566.5169784569066, 2251.868135745323]","[0, 0, 0, 1, 1, 1, 1, 2, 2, 2, 3, 3, 3, 3, 3, 4]","[1, 1, 1, 2, 2, 2, 2, 3, 3, 3, 5, 4, 4, 4, 4, 5]","[-1, -1, -1, -1, -1, -1, -1, -1, -1, -1, -1, -1, -1, -1, -1, -1]","[4029.0, 1551.665385595081, 4029.0, 1123.2617172128407, 1726.6581833481607, 4029.0, 4029.0, 4029.0, 2272.991336252775, 1179.0800994389986, 4029.0, 1756.0086637472252, 4029.0, 2477.3346144049187, 4029.0, 4029.0]","[(0.0, 0.0, 0.0), (0.0, 0.004533333333333333, 0.0), (440.4012, 3.206266666666667, 0.1867333333333333), (100.6632, 0.004666666666666667, 6.666666666666668e-05), (641.7282666666667, 0.07759999999999999, 0.331), (294.3, 0.001066666666666667, 0.005466666666666667), (33.5544, 0.0, 0.001), (624.9507333333332, 0.08693333333333333, 0.30760000000000004), (109.4118, 0.21166666666666664, 0.17653333333333332), (0.0, 0.0044, 0.0), (223.696, 0.11593333333333333, 0.0992), (328.5534, 0.0005333333333333334, 0.0006), (29.53446666666667, 12.107333333333337, 12.139266666666664), (349.1754, 0.6480666666666667, 0.003466666666666667), (268.4352, 0.11646666666666668, 0.09953333333333332), (100.6632, 0.009333333333333334, 0.0108)]","[(2, 0.0, 0.0), (1, 0.0, 0.0008055555555555557), (1, 1.666666666666667e-05, 0.0052), (2, 0.0, 0.001238888888888889), (3, 0.04375, 0.0321388888888889), (3, 0.0002, 0.014294444444444445), (3, 0.0, 0.0), (3, 0.0, 0.013066666666666667), (1, 0.00011666666666666667, 0.05212222222222222), (1, 0.0, 0.0008277777777777778), (2, 0.0, 0.0010277777777777776), (3, 0.06125, 0.025472222222222222), (3, 0.0, 1.6666666666666667e-05), (1, 0.0, 0.00023333333333333333), (2, 0.0, 0.0009611111111111112), (2, 0.0, 0.002416666666666667)]","[15, 6, 10, 11, 11, 12, 14, 8, 4, 11, 7, 4, 0, 6, 5, 2]","[True, True, True, True, True, True, True, True, True, True, True, True, True, True, True, True]"
6,"[3008.340303014396, 0, 1483.4440524727775, 495.47048770282555, 1125.2060760191043, 2227.0400194731583, 1111.8507510197098, 1101.8338429860667, 1812.9971286157179, 520.8668579276933, 1566.5169784569066, 2050.0788185255155, 1135.2228679800667, 1237.8771935563511, 1560.5832020233572, 2266.7025766922616, 731.2170323801198]","[0, 0, 0, 1, 1, 1, 1, 2, 2, 2, 3, 3, 3, 3, 3, 4, 4]","[1, 1, 1, 2, 2, 2, 2, 3, 3, 3, 5, 4, 4, 4, 4, 5, 6]","[-1, 6, -1, -1, -1, -1, -1, -1, -1, -1, -1, -1, -1, -1, -1, -1, -1]","[4029.0, 0, 4029.0, 1124.6226804862845, 1754.358268802563, 4029.0, 4029.0, 4029.0, 1895.9591550451012, 1150.0190507111522, 4029.0, 2133.0408449548986, 4029.0, 2267.8300805881154, 4029.0, 4029.0, 1761.1699194118842]","[(0.0, 0.0, 0.0), 0, (478.84913333333344, 2.3301999999999996, 0.8102), (0.0, 0.004666666666666667, 6.666666666666668e-05), (838.8603333333335, 0.08673333333333332, 0.3268666666666667), (234.18133333333338, 0.0016666666666666668, 0.0016), (39.146800000000006, 0.0, 0.001), (641.7282666666667, 0.07759999999999999, 0.331), (108.76053333333334, 0.20446666666666666, 0.17406666666666665), (0.0, 0.0046, 0.00013333333333333334), (268.4352, 0.11646666666666668, 0.09953333333333332), (298.49406666666664, 0.0016666666666666668, 0.005466666666666667), (31.3258, 10.272666666666666, 10.300266666666666), (320.86379999999997, 0.6452, 0.0048), (33.5544, 0.11626666666666668, 0.09953333333333332), (150.9948, 0.009333333333333334, 0.010933333333333335), (178.9568, 0.0019333333333333331, 0.0014666666666666665)]","[(2, 0.0, 0.0), 0, (1, 0.0, 0.004461111111111111), (2, 0.0, 0.0012722222222222221), (3, 0.0, 0.012833333333333334), (3, 0.0006666666666666666, 0.02163888888888889), (3, 0.0, 0.0), (3, 0.04375, 0.0321388888888889), (1, 0.0, 0.05014999999999999), (1, 0.0, 0.0008111111111111112), (2, 0.0, 0.0009611111111111112), (3, 0.0008666666666666667, 0.016138888888888887), (3, 0.0, 4.4444444444444447e-05), (1, 0.0, 0.0002222222222222222), (2, 0.0, 0.000972222222222222), (2, 0.0, 0.0026888888888888887), (1, 0.36411666666666676, 0.01315)]","[15, -1, 10, 11, 11, 12, 14, 8, 4, 11, 7, 4, 0, 6, 5, 2, 6]","[True, False, True, True, True, True, True, True, True, True, True, True, True, True, True, True, True]"
7,"[3068.4403312655163, 0, 949.4041935825778, 492.5035985549045, 1045.0727056201176, 1766.2731188925045, 0, 1125.2060760191043, 1886.9411202662081, 510.85018758292983, 1560.5832020233572, 1896.4898516652977, 1145.2395403445964, 1317.298517921692, 1566.5169784569066, 2248.9012475559352, 657.7614400862267]","[0, 0, 0, 1, 1, 1, 1, 2, 2, 2, 3, 3, 3, 3, 3, 4, 4]","[1, 1, 1, 2, 2, 2, 2, 3, 3, 3, 5, 4, 4, 4, 4, 5, 6]","[-1, 6, -1, -1, -1, -1, -1, -1, -1, -1, -1, -1, -1, -1, -1, -1, -1]","[4029.0, 0, 4029.0, 1152.6947679689204, 1705.2638750341334, 4029.0, 4029.0, 4029.0, 2009.725634300455, 1171.0413569969458, 4029.0, 2019.2743656995447, 4029.0, 2344.2685389177327, 4029.0, 4029.0, 1684.7314610822673]","[(0.0, 0.0, 0.0), 0, (333.44686666666666, 0.9099333333333333, 0.8626), (0.0, 0.0046, 6.666666666666668e-05), (721.42, 0.07806666666666666, 0.33893333333333336), (242.57, 0.0003333333333333333, 0.0004), (173.3644, 6.666666666666668e-05, 0.0016), (838.8603333333335, 0.08673333333333332, 0.3268666666666667), (115.2732, 0.21046666666666666, 0.17566666666666664), (0.0, 0.004533333333333333, 0.0), (33.5544, 0.11626666666666668, 0.09953333333333332), (294.3, 0.001066666666666667, 0.005466666666666667), (31.238400000000002, 10.958333333333334, 10.986266666666667), (301.98920000000004, 0.6321333333333333, 0.005666666666666668), (0.0, 0.1156, 0.0996), (150.9948, 0.009266666666666668, 0.0106), (192.93779999999998, 0.003933333333333333, 0.0014666666666666665)]","[(2, 0.0, 0.0), 0, (1, 0.0, 0.004088888888888889), (2, 0.0, 0.0012166666666666667), (3, 0.0, 0.011183333333333332), (3, 6.666666666666667e-05, 0.009744444444444444), (3, 0.03166666666666667, 0.0017722222222222221), (3, 0.0, 0.012833333333333334), (1, 0.0, 0.05059444444444444), (1, 0.0, 0.0008055555555555557), (2, 0.0, 0.000972222222222222), (3, 0.0002, 0.014294444444444445), (3, 0.0, 2.2222222222222223e-05), (1, 0.0, 0.00025), (2, 0.0, 0.00095), (2, 0.0, 0.0023555555555555556), (1, 0.26766666666666666, 0.015294444444444444)]","[15, -1, 10, 11, 11, 12, 14, 8, 4, 11, 7, 4, 0, 6, 5, 2, 6]","[True, False, True, True, True, True, True, True, True, True, True, True, True, True, True, True, True]"
8,"[3021.6958648479776, 0, 0, 498.43737685074666, 1385.6395298158109, 1993.317678598913, 0, 1045.0727056201176, 1906.1117847681867, 520.8668579276933, 1566.5169784569066, 2227.0400194731583, 1218.6951376844836, 1309.0825188494155, 1593.2189724078767, 2254.8350239347114, 711.18368902724, 1876.4565081617916]","[0, 0, 0, 1, 1, 1, 1, 2, 2, 2, 3, 3, 3, 3, 3, 4, 4, 4]","[1, 1, 1, 2, 2, 2, 2, 3, 3, 3, 5, 4, 4, 4, 4, 5, 6, 8]","[-1, 6, -1, -1, -1, -1, 8, -1, -1, -1, -1, -1, -1, -1, -1, -1, -1, -1]","[4029.0, 0, 4029.0, 1039.7894553193296, 1926.9916082843938, 4029.0, 0, 4029.0, 1854.0358826475144, 1062.2189363962764, 4029.0, 2174.964117352486, 4029.0, 2313.449414911088, 4029.0, 4029.0, 1715.5505850889122, 4029.0]","[(0.0, 0.0, 0.0), 0, (199.92773333333332, 0.9031333333333333, 0.010666666666666666), (0.0, 0.004666666666666667, 6.666666666666668e-05), (671.0880666666666, 0.08573333333333333, 0.32080000000000003), (231.3854, 0.0005333333333333334, 0.0008), 0, (721.42, 0.07806666666666666, 0.33893333333333336), (97.689, 0.24573333333333333, 0.20893333333333336), (0.0, 0.0046, 0.00013333333333333334), (0.0, 0.1156, 0.0996), (234.18133333333338, 0.0016666666666666668, 0.0016), (30.75773333333333, 11.004733333333336, 11.030333333333335), (333.44653333333326, 0.6355333333333333, 0.0052), (167.772, 0.1156, 0.09933333333333332), (184.5492, 0.009333333333333334, 0.0108), (134.2176, 0.002, 0.0014), (258.64820000000003, 0.019533333333333337, 0.0016)]","[(2, 0.0, 0.0), 0, (1, 0.0, 0.005077777777777777), (2, 0.0, 0.001261111111111111), (3, 0.0, 0.018272222222222224), (3, 6.666666666666667e-05, 0.011649999999999999), 0, (3, 0.0, 0.011183333333333332), (1, 0.0, 0.05149444444444444), (1, 0.0, 0.0008166666666666667), (2, 0.0, 0.00095), (3, 0.0006666666666666666, 0.02163888888888889), (3, 0.0, 2.2222222222222223e-05), (1, 0.0, 0.0002111111111111111), (2, 0.0, 0.0014166666666666668), (2, 0.0, 0.002338888888888889), (1, 0.2701, 0.013050000000000004), (3, 0.05115, 0.03694444444444444)]","[15, -1, 10, 11, 11, 12, -1, 8, 4, 11, 7, 4, 0, 6, 5, 2, 6, 14]","[True, False, True, True, True, True, False, True, True, True, True, True, True, True, True, True, True, True]"
9,"[2894.8180274289466, 0, 0, 501.40426599866777, 1095.1560621194842, 1889.8120704974624, 0, 0, 1908.8504511256126, 510.85018758292983, 1593.2189724078767, 1766.2731188925045, 1191.9840113790701, 1207.75186362467, 1563.5500902401322, 2248.9012475559352, 647.7447684097866, 1328.8784523992754, 777.9614183128089]","[0, 0, 0, 1, 1, 1, 1, 2, 2, 2, 3, 3, 3, 3, 3, 4, 4, 4, 4]","[1, 1, 1, 2, 2, 2, 2, 3, 3, 3, 5, 4, 4, 4, 4, 5, 6, 8, 9]","[-1, 6, 9, -1, -1, -1, 8, -1, -1, -1, -1, -1, -1, -1, -1, -1, -1, -1, -1]","[4029.0, 0, 0, 787.3112824951952, 1381.0630786160116, 4029.0, 0, 4029.0, 2085.788666116554, 796.7572040794572, 4029.0, 1943.211333883446, 4029.0, 2294.5035476074418, 4029.0, 4029.0, 1734.4964523925582, 4029.0, 1063.8684348093361]","[(0.0, 0.0, 0.0), 0, 0, (0.0, 0.0057333333333333325, 0.001), (767.5571333333334, 0.08106666666666666, 0.391), (253.7549333333333, 0.0006666666666666666, 0.0008), 0, (671.0880666666666, 0.08573333333333333, 0.32080000000000003), (125.0422, 0.247, 0.19506666666666664), (0.0, 0.0046, 0.0), (167.772, 0.1156, 0.09933333333333332), (242.57, 0.0003333333333333333, 0.0004), (30.932599999999997, 11.007200000000001, 11.033333333333335), (333.44653333333326, 0.7292666666666667, 0.004666666666666667), (67.1088, 0.11593333333333333, 0.09953333333333332), (218.1036, 0.009266666666666668, 0.010533333333333334), (226.49220000000003, 0.0016666666666666668, 0.0014), (328.5534, 0.0005333333333333334, 0.0006), (123.73126666666663, 0.009733333333333332, 0.0028)]","[(2, 0.0, 0.0), 0, 0, (2, 0.0, 0.0012055555555555554), (3, 0.0, 0.02345), (3, 0.00018333333333333334, 0.015666666666666666), 0, (3, 0.0, 0.018272222222222224), (1, 3.3333333333333335e-05, 0.05121666666666667), (1, 0.0, 0.0008222222222222222), (2, 0.0, 0.0014166666666666668), (3, 6.666666666666667e-05, 0.009744444444444444), (3, 0.0, 2.2222222222222223e-05), (1, 0.0, 0.00021666666666666668), (2, 0.0, 0.00095), (2, 0.0, 0.0022555555555555554), (1, 0.27021666666666666, 0.012733333333333334), (3, 0.06125, 0.025472222222222222), (2, 0.0, 2.2222222222222223e-05)]","[15, -1, -1, 11, 11, 12, -1, 8, 4, 11, 7, 4, 0, 6, 5, 2, 6, 14, 11]","[True, False, False, True, True, True, False, True, True, True, True, True, True, True, True, True, True, True, True]"
10,"[3151.912592725404, 0, 0, 554.8082706612477, 931.5504308882199, 2103.5010678682, 0, 0, 1714.4051397483977, 524.2057480426145, 1563.5500902401322, 1993.317678598913, 1198.6617929554236, 1246.093192628628, 1572.4507548904555, 2201.431036525731, 724.5392512624934, 2050.0788185255155, 888.1447951553957, 1155.2559781834066]","[0, 0, 0, 1, 1, 1, 1, 2, 2, 2, 3, 3, 3, 3, 3, 4, 4, 4, 4, 4]","[1, 1, 1, 2, 2, 2, 2, 3, 3, 3, 5, 4, 4, 4, 4, 5, 6, 8, 9, 10]","[-1, 6, 9, -1, -1, -1, 8, 10, -1, -1, -1, -1, -1, -1, -1, -1, -1, -1, -1, -1]","[4029.0, 0, 0, 837.3809594743782, 1214.1231197013503, 4029.0, 0, 0, 1875.0437305747423, 806.778436855745, 4029.0, 2153.9562694252577, 4029.0, 2275.2769706830672, 4029.0, 4029.0, 1753.7230293169328, 4029.0, 1170.7174839685263, 4029.0]","[(0.0, 0.0, 0.0), 0, 0, (33.5544, 0.005333333333333333, 0.001), (796.9172, 0.0888, 0.33713333333333334), (244.66713333333328, 0.0014666666666666665, 0.0012), 0, 0, (93.78139999999999, 0.23493333333333336, 0.19066666666666662), (22.3696, 0.004666666666666667, 0.0002), (67.1088, 0.11593333333333333, 0.09953333333333332), (231.3854, 0.0005333333333333334, 0.0008), (29.2284, 11.277066666666668, 11.304066666666667), (415.23546666666675, 0.7115333333333334, 0.006666666666666668), (100.6632, 0.11566666666666668, 0.09933333333333332), (268.4352, 0.009333333333333334, 0.0108), (271.2314, 0.0722, 0.0028666666666666667), (298.49406666666664, 0.0016666666666666668, 0.005466666666666667), (120.93533333333332, 0.045200000000000004, 0.020266666666666665), (67.10839999999999, 0.00013333333333333334, 0.001)]","[(2, 0.0, 0.0), 0, 0, (2, 0.0, 0.002505555555555556), (3, 0.0, 0.019), (3, 0.00015, 0.019816666666666666), 0, 0, (1, 0.0, 0.049894444444444436), (1, 0.0, 0.0008666666666666667), (2, 0.0, 0.00095), (3, 6.666666666666667e-05, 0.011649999999999999), (3, 0.0, 2.2222222222222223e-05), (1, 0.0, 0.0005666666666666666), (2, 0.0, 0.0009611111111111112), (2, 0.0, 0.0022944444444444444), (1, 0.24863333333333332, 0.04668333333333334), (3, 0.0008666666666666667, 0.016138888888888887), (2, 0.0, 0.0), (1, 0.0, 0.0005722222222222222)]","[15, -1, -1, 11, 11, 12, -1, -1, 4, 11, 7, 4, 0, 6, 5, 2, 6, 14, 11, 8]","[True, False, False, True, True, True, False, False, True, True, True, True, True, True, True, True, True, True, True, True]"
11,"[2938.223603388089, 0, 0, 528.1062683299576, 1008.3449108539154, 2073.45105261294, 0, 0, 1851.3384576196752, 517.5279678127722, 1572.4507548904555, 1889.8120704974624, 0, 1084.51187754052, 0, 2248.9012475559352, 737.8948134977464, 1896.4898516652977, 851.4170028745334, 1151.9170880730503]","[0, 0, 0, 1, 1, 1, 1, 2, 2, 2, 3, 3, 3, 3, 3, 4, 4, 4, 4, 4]","[1, 1, 1, 2, 2, 2, 2, 3, 3, 3, 5, 4, 4, 4, 4, 5, 6, 8, 9, 10]","[-1, 6, 9, -1, -1, -1, 8, 10, -1, -1, -1, -1, -1, -1, -1, -1, -1, -1, -1, -1]","[4029.0, 0, 0, 809.0072308621629, 1289.2458733861208, 4029.0, 0, 0, 1995.2631935611064, 798.4289303449775, 4029.0, 2033.7368064388936, 4029.0, 2187.808532021387, 4029.0, 4029.0, 1841.1914679786132, 4029.0, 1132.3179654067387, 4029.0]","[(0.0, 0.0, 0.0), 0, 0, (134.2176, 0.0048, 0.0), (700.4481333333333, 0.07953333333333333, 0.389), (254.4540666666667, 0.0026, 0.0088), 0, 0, (104.85293333333334, 0.21746666666666667, 0.18180000000000002), (78.29360000000001, 0.004533333333333333, 6.666666666666668e-05), (100.6632, 0.11566666666666668, 0.09933333333333332), (253.7549333333333, 0.0006666666666666666, 0.0008), (27.96146666666667, 11.744666666666664, 11.770666666666664), (202.37446666666668, 0.6932, 0.0088), (22.3696, 0.11606666666666667, 0.09953333333333332), (33.5544, 0.009266666666666668, 0.010666666666666666), (164.9758, 0.0021333333333333334, 0.0014666666666666665), (294.3, 0.001066666666666667, 0.005466666666666667), (120.23626666666664, 0.034466666666666666, 0.0114), (72.70093333333334, 6.666666666666668e-05, 0.001)]","[(2, 0.0, 0.0), 0, 0, (2, 0.0, 0.0018000000000000002), (3, 0.0, 0.019427777777777776), (3, 0.00011666666666666667, 0.017588888888888887), 0, 0, (1, 3.3333333333333335e-05, 0.05011111111111111), (1, 0.0, 0.000861111111111111), (2, 0.0, 0.0009611111111111112), (3, 0.00018333333333333334, 0.015666666666666666), (3, 0.0, 2.2222222222222223e-05), (1, 0.0, 0.00025), (2, 0.0, 0.0009388888888888888), (2, 0.0, 0.0023555555555555556), (1, 0.2376, 0.013488888888888885), (3, 0.0002, 0.014294444444444445), (2, 0.0, 2.2222222222222223e-05), (1, 0.0, 0.0005666666666666666)]","[15, -1, -1, 11, 11, 12, -1, -1, 4, 11, 7, 4, 0, 6, 5, 2, 6, 14, 11, 8]","[True, False, False, True, True, True, False, False, True, True, True, True, True, True, True, True, True, True, True, True]"
12,"[2958.2569461384624, 0, 0, 0, 1168.611651651889, 2293.817831151513, 0, 0, 1802.042463186016, 517.5279678127722, 0, 2103.5010678682, 0, 1229.6611944840745, 0, 5046.6768101486105, 714.5225795860533, 2227.0400194731583, 834.7225518377779, 1158.5948682937635, 1646.6233023008167, 1071.7839430047102]","[0, 0, 0, 1, 1, 1, 1, 2, 2, 2, 3, 3, 3, 3, 3, 4, 4, 4, 4, 4, 4, 5]","[1, 1, 1, 2, 2, 2, 2, 3, 3, 3, 5, 4, 4, 4, 4, 5, 6, 8, 9, 10, 12, 12]","[-1, 6, 9, -1, -1, -1, 8, 10, -1, -1, -1, -1, 12, -1, 12, -1, -1, -1, -1, -1, -1, -1]","[4029.0, 0, 0, 377.03445717439024, 1545.646108826279, 4029.0, 0, 0, 1863.770697658908, 894.5624249871624, 4029.0, 2165.229302341092, 0, 2272.069307449011, 0, 4029.0, 1756.9306925509895, 2304.708358586171, 1211.757009012168, 4029.0, 1724.2916414138292, 4029.0]","[(0.0, 0.0, 0.0), 0, 0, (67.1088, 0.0046, 0.0), (637.534, 0.09033333333333332, 0.3533333333333333), (268.435, 0.0018666666666666666, 0.0016), 0, 0, (98.34026666666666, 0.21266666666666662, 0.17426666666666668), (0.0, 0.004666666666666667, 0.00013333333333333334), (22.3696, 0.11606666666666667, 0.09953333333333332), (244.66713333333328, 0.0014666666666666665, 0.0012), 0, (105.9056, 0.6556666666666666, 0.0064), 0, (369.0984, 0.018533333333333336, 0.025066666666666668), (159.3834, 0.0022666666666666664, 0.0018), (234.18133333333338, 0.0016666666666666668, 0.0016), (130.722, 0.026466666666666666, 0.011066666666666664), (75.49719999999999, 0.0004, 0.0014666666666666665), (125.829, 0.9397333333333332, 0.7602666666666668), (125.829, 0.0033333333333333335, 0.0012666666666666666)]","[(2, 0.0, 0.0), 0, 0, (2, 0.0, 0.0012333333333333335), (3, 0.0, 0.015172222222222219), (3, 0.00013333333333333334, 0.023688888888888888), 0, 0, (1, 0.00011666666666666667, 0.04876111111111111), (1, 0.0, 0.0008388888888888889), (2, 0.0, 0.0009388888888888888), (3, 0.00015, 0.019816666666666666), 0, (1, 0.0, 0.00020555555555555556), 0, (2, 0.0, 0.0054888888888888895), (1, 0.27031666666666665, 0.012972222222222222), (3, 0.0006666666666666666, 0.02163888888888889), (2, 0.0, 4.4444444444444447e-05), (1, 0.0, 0.0005499999999999999), (2, 0.0, 0.009888888888888888), (3, 0.0, 0.0006444444444444443)]","[15, -1, -1, 11, 11, 12, -1, -1, 4, 11, 7, 4, -1, 6, -1, 2, 6, 14, 11, 8, 14, 5]","[True, False, False, True, True, True, False, False, True, True, True, True, False, True, False, True, True, True, True, True, True, True]"
13,"[3018.356974389583, 0, 0, 0, 1278.7950359504955, 0, 0, 0, 1136.5465383316057, 550.9168689619834, 0, 2073.45105261294, 0, 1150.2398701187337, 0, 6361.008278047395, 0, 1766.2731188925045, 791.3169791422134, 1151.9170880730503, 1622.8881916370212, 1068.445052216534, 501.40426599866777, 80.13338746088]","[0, 0, 0, 1, 1, 1, 1, 2, 2, 2, 3, 3, 3, 3, 3, 4, 4, 4, 4, 4, 4, 5, 5, 5]","[1, 1, 1, 2, 2, 2, 2, 3, 3, 3, 5, 4, 4, 4, 4, 5, 6, 8, 9, 10, 12, 12, 13, 13]","[-1, 6, 9, 13, -1, -1, 8, 10, -1, -1, 13, -1, 12, -1, 12, -1, -1, -1, -1, -1, -1, -1, -1, -1]","[4029.0, 0, 0, 0, 1505.4367484371555, 4029.0, 0, 0, 1546.0477428593329, 777.5585814486434, 0, 2482.9522571406674, 0, 4029.0, 0, 4029.0, 4029.0, 1952.8415528957028, 1017.9586916288735, 4029.0, 1809.4566256402195, 4029.0, 728.0459784853279, 266.7018214640782]","[(0.0, 0.0, 0.0), 0, 0, 0, (700.4484666666667, 0.08206666666666666, 0.43860000000000005), (269.134, 0.0016666666666666668, 0.0014666666666666665), 0, 0, (87.92, 0.21286666666666668, 0.18966666666666662), (0.0, 0.0046, 0.0), 0, (254.4540666666667, 0.0026, 0.0088), 0, (111.1484, 0.6268666666666667, 0.0044666666666666665), 0, (1157.6274666666666, 0.016533333333333334, 0.022133333333333328), (173.3644, 0.0022, 0.0016), (242.57, 0.0003333333333333333, 0.0004), (164.2764, 0.008733333333333333, 0.0061333333333333335), (75.49719999999999, 0.0003333333333333333, 0.0014), (139.81, 0.972, 0.7780666666666667), (170.56820000000002, 0.0034, 0.0014666666666666665), (0.0, 0.0048, 6.666666666666668e-05), (75.84646666666666, 0.0, 0.0)]","[(2, 0.0, 0.0), 0, 0, 0, (3, 0.0, 0.019766666666666665), (3, 0.00031666666666666665, 0.026144444444444446), 0, 0, (1, 0.0, 0.050077777777777784), (1, 0.0, 0.0012333333333333335), 0, (3, 0.00011666666666666667, 0.017588888888888887), 0, (1, 0.0, 0.00023333333333333333), 0, (2, 0.0, 0.005333333333333333), (1, 0.2694166666666667, 0.013116666666666667), (3, 6.666666666666667e-05, 0.009744444444444444), (2, 0.0, 8.88888888888889e-05), (1, 0.0, 0.0005611111111111111), (2, 0.0, 0.011461111111111111), (3, 0.0, 0.0005666666666666666), (2, 0.0, 0.0013222222222222222), (2, 0.00015, 0.0002722222222222222)]","[15, -1, -1, -1, 11, 12, -1, -1, 4, 11, -1, 4, -1, 10, -1, 2, 6, 14, 11, 8, 14, 5, 11, 14]","[True, False, False, False, True, True, False, False, True, True, False, True, False, True, False, True, True, True, True, True, True, True, True, True]"
14,"[3148.573702267009, 0, 0, 0, 1539.228489747202, 0, 0, 0, 1426.8451722187147, 520.8668579276933, 0, 2293.817831151513, 0, 733.962583790049, 0, 2438.7820916767528, 0, 1993.317678598913, 794.6558693495645, 1168.6115386248337, 1578.3848591424044, 1095.1561785219467, 498.43737685074666, 86.81116974928666, 2251.868135745323, 2327.8664038117226]","[0, 0, 0, 1, 1, 1, 1, 2, 2, 2, 3, 3, 3, 3, 3, 4, 4, 4, 4, 4, 4, 5, 5, 5, 5, 5]","[1, 1, 1, 2, 2, 2, 2, 3, 3, 3, 5, 4, 4, 4, 4, 5, 6, 8, 9, 10, 12, 12, 13, 13, 14, 14]","[-1, 6, 9, 13, -1, 14, 8, 10, -1, -1, 13, -1, 12, -1, 12, -1, 14, -1, -1, -1, -1, -1, -1, -1, -1, -1]","[3221.80555923848, 0, 0, 0, 1708.1813412784004, 0, 0, 0, 1581.0136705336008, 689.8197094588918, 0, 2447.986329466399, 0, 807.19444076152, 0, 4029.0, 0, 2116.8131094353785, 963.6087208807629, 4029.0, 1701.8802899788695, 4029.0, 667.3902283819451, 210.3066005857519, 4029.0, 4029.0]","[(0.0, 0.0, 0.0), 0, 0, 0, (830.4715333333334, 0.09873333333333333, 0.6516666666666666), 0, 0, 0, (83.36113333333331, 0.21606666666666663, 0.18393333333333337), (0.0, 0.004666666666666667, 0.00013333333333333334), 0, (268.435, 0.0018666666666666666, 0.0016), 0, (80.73986666666669, 0.6493333333333333, 0.004200000000000001), 0, (167.772, 0.009333333333333334, 0.0104), 0, (231.3854, 0.0005333333333333334, 0.0008), (148.19806666666668, 0.008400000000000001, 0.004866666666666666), (77.5942, 0.00046666666666666666, 0.0014), (184.5492, 0.9548666666666666, 0.7652666666666668), (170.56820000000002, 0.0033333333333333335, 0.0014), (145.4024, 0.004733333333333333, 6.666666666666668e-05), (71.827, 0.0, 0.0), (100.6632, 0.009333333333333334, 0.0108), (335.544, 0.016466666666666664, 0.009866666666666668)]","[(2, 0.0, 0.0), 0, 0, 0, (3, 0.0, 0.02181111111111111), 0, 0, 0, (1, 0.0, 0.04877777777777778), (1, 0.0, 0.0008222222222222222), 0, (3, 0.00013333333333333334, 0.023688888888888888), 0, (1, 0.0, 0.0002222222222222222), 0, (2, 0.0, 0.002172222222222222), 0, (3, 6.666666666666667e-05, 0.011649999999999999), (2, 0.0, 0.0), (1, 0.0, 0.001627777777777778), (2, 1.666666666666667e-05, 0.010605555555555557), (3, 0.0, 0.0008388888888888889), (2, 0.0, 0.0012666666666666666), (2, 0.09475, 0.017716666666666665), (2, 0.0, 0.002416666666666667), (3, 0.0, 0.015905555555555555)]","[15, -1, -1, -1, 11, -1, -1, -1, 4, 11, -1, 4, -1, 15, -1, 2, -1, 14, 11, 8, 14, 5, 11, 14, 6, 12]","[True, False, False, False, True, False, False, False, True, True, False, True, False, True, False, True, False, True, True, True, True, True, True, True, True, True]"
15,"[3425.7016103138403, 0, 0, 0, 4253.746412012876, 0, 0, 0, 2127.9437597196566, 520.8668579276933, 0, 2203.667785385733, 0, 928.4078951672633, 0, 2554.490731062876, 0, 1889.8120704974624, 781.30030852016, 1165.2726485144767, 1622.8881916370212, 1105.1728508864767, 0, 103.50562547030331, 2266.7025766922616, 2503.141050686958]","[0, 0, 0, 1, 1, 1, 1, 2, 2, 2, 3, 3, 3, 3, 3, 4, 4, 4, 4, 4, 4, 5, 5, 5, 5, 5]","[1, 1, 1, 2, 2, 2, 2, 3, 3, 3, 5, 4, 4, 4, 4, 5, 6, 8, 9, 10, 12, 12, 13, 13, 14, 14]","[-1, 6, 9, 13, -1, 14, 8, 10, -1, -1, 13, -1, 12, -1, 12, -1, 14, -1, -1, -1, -1, -1, -1, -1, -1, -1]","[3263.1468575732883, 0, 0, 0, 3872.0180173976937, 0, 0, 0, 1976.6379871669615, 139.1384633125109, 0, 2052.362012833038, 0, 765.8531424267113, 0, 4029.0, 0, 2027.4101079625334, 399.5719139049776, 4029.0, 1760.4862291020922, 4029.0, -381.7283946151824, 241.10366293537442, 4029.0, 4029.0]","[(0.0, 0.0, 0.0), 0, 0, 0, (1069.547, 0.1412, 0.6463333333333334), 0, 0, 0, (90.52506666666666, 0.3320666666666667, 0.2432666666666667), (0.0, 0.0044666666666666665, 0.00013333333333333334), 0, (269.134, 0.0016666666666666668, 0.0014666666666666665), 0, (90.177, 0.6436666666666666, 0.004533333333333333), 0, (536.8704, 0.009266666666666668, 0.0106), 0, (253.7549333333333, 0.0006666666666666666, 0.0008), (134.21720000000002, 0.002466666666666667, 0.0006666666666666666), (69.2056, 0.00046666666666666666, 0.0013333333333333333), (131.4214, 0.9578666666666666, 0.7716000000000001), (128.6252, 0.0032, 0.0014), (67.1088, 0.004666666666666667, 0.0), (107.65333333333331, 0.0, 0.0), (150.9948, 0.009333333333333334, 0.010933333333333335), (427.8186, 0.011466666666666667, 0.006066666666666666)]","[(2, 0.0, 0.0), 0, 0, 0, (3, 0.0, 0.17137222222222223), 0, 0, 0, (1, 0.0002333333333333333, 0.0568888888888889), (1, 0.0, 0.0008944444444444446), 0, (3, 0.00031666666666666665, 0.026144444444444446), 0, (1, 0.0, 0.0002222222222222222), 0, (2, 0.0, 0.0023777777777777777), 0, (3, 0.00018333333333333334, 0.015666666666666666), (2, 0.0, 4.4444444444444447e-05), (1, 0.0, 0.0005499999999999999), (2, 0.0, 0.010555555555555558), (3, 0.0, 0.0005555555555555557), (2, 0.0, 0.0012333333333333335), (2, 0.0006, 0.00018333333333333334), (2, 0.0, 0.0026888888888888887), (3, 1.666666666666667e-05, 0.017866666666666666)]","[15, -1, -1, -1, 11, -1, -1, -1, 4, 11, -1, 4, -1, 15, -1, 2, -1, 14, 11, 8, 14, 5, 11, 14, 6, 12]","[True, False, False, False, True, False, False, False, True, True, False, True, False, True, False, True, False, True, True, True, True, True, True, True, True, True]"
16,"[3442.3960626058183, 0, 0, 0, 2681.129017932762, 0, 0, 0, 2445.6290571810214, 520.8668579276933, 0, 2664.4346859663865, 0, 1174.8878673355634, 0, 2450.6496444343047, 0, 2103.5010678682, 818.0281008010221, 0, 1596.1861921402513, 1078.4617245810634, 0, 76.79449631667669, 2248.9012475559352, 2497.663717972107, 450.7502254398]","[0, 0, 0, 1, 1, 1, 1, 2, 2, 2, 3, 3, 3, 3, 3, 4, 4, 4, 4, 4, 4, 5, 5, 5, 5, 5, 5]","[1, 1, 1, 2, 2, 2, 2, 3, 3, 3, 5, 4, 4, 4, 4, 5, 6, 8, 9, 10, 12, 12, 13, 13, 14, 14, 16]","[-1, 6, 9, 13, -1, 14, 8, 10, -1, -1, 13, -1, 12, -1, 12, -1, 14, -1, -1, -1, -1, -1, 16, -1, -1, -1, -1]","[3148.2540976351274, 0, 0, 0, 2684.12102571227, 0, 0, 0, 1905.0971856073174, 523.858865707201, 0, 2123.9028143926826, 0, 880.7459023648726, 0, 4029.0, 0, 2187.6738157598243, 821.0201085805297, 1789.1248872801, 1680.3589400318751, 4029.0, 0, 160.96724420830066, 4029.0, 4029.0, 2239.8751127199]","[(0.0, 0.0, 0.0), 0, 0, 0, (2168.4547333333335, 0.09346666666666668, 0.3538666666666667), 0, 0, 0, (126.996, 0.5407333333333333, 0.289), (0.0, 0.004666666666666667, 6.666666666666668e-05), 0, (369.09826666666675, 0.0032, 0.0020666666666666667), 0, (88.07973333333334, 0.8984, 0.004200000000000001), 0, (738.197, 0.009333333333333334, 0.0108), 0, (244.66713333333328, 0.0014666666666666665, 0.0012), (95.76953333333334, 0.0094, 0.006266666666666668), (82.4876, 0.0007333333333333332, 0.002), (153.791, 0.9633999999999999, 0.7669333333333332), (134.2176, 0.0033333333333333335, 0.0014), 0, (83.18653333333334, 0.0, 0.0), (150.9948, 0.009266666666666668, 0.0106), (419.43, 0.0086, 0.004933333333333334), (184.549, 0.0, 0.0)]","[(2, 0.0, 0.0), 0, 0, 0, (3, 0.0, 0.1801333333333333), 0, 0, 0, (1, 0.0001, 0.059855555555555565), (1, 0.0, 0.0008277777777777778), 0, (3, 0.2675166666666666, 0.1220111111111111), 0, (1, 0.0, 0.00032777777777777775), 0, (2, 0.0, 0.0023666666666666667), 0, (3, 0.00015, 0.019816666666666666), (2, 0.0, 0.0), (1, 0.0, 0.0005722222222222222), (2, 0.0, 0.0117), (3, 0.0, 0.0007111111111111111), 0, (2, 0.0005833333333333334, 0.00023333333333333333), (2, 0.0, 0.0023555555555555556), (3, 0.0, 0.021744444444444445), (1, 0.0, 0.00029444444444444445)]","[15, -1, -1, -1, 11, -1, -1, -1, 4, 11, -1, 4, -1, 15, -1, 2, -1, 14, 11, 8, 14, 5, -1, 14, 6, 12, 8]","[True, False, False, False, True, False, False, False, True, True, False, True, False, True, False, True, False, True, True, True, True, True, False, True, True, True, True]"
17,"[3475.784967189774, 0, 0, 0, 0, 0, 0, 0, 2166.2850887236145, 0, 0, 2310.5122840711024, 0, 1366.594512355352, 0, 2453.616532623692, 0, 2073.45105261294, 784.6391987275113, 0, 1655.52396879974, 1058.4283798520034, 0, 80.13338746088, 2254.8350239347114, 2664.722365775066, 570.9502855570801, 1578.3845313240047]","[0, 0, 0, 1, 1, 1, 1, 2, 2, 2, 3, 3, 3, 3, 3, 4, 4, 4, 4, 4, 4, 5, 5, 5, 5, 5, 5, 5]","[1, 1, 1, 2, 2, 2, 2, 3, 3, 3, 5, 4, 4, 4, 4, 5, 6, 8, 9, 10, 12, 12, 13, 13, 14, 14, 16, 17]","[-1, 6, 9, 13, -1, 14, 8, 10, -1, -1, 13, -1, 12, -1, 12, -1, 14, -1, -1, 17, -1, -1, 16, -1, -1, -1, -1, -1]","[3069.095227417211, 0, 0, 0, 2014.5, 0, 0, 0, 1942.3864023262558, 2014.5, 0, 2086.6135976737437, 0, 959.9047725827891, 0, 4029.0, 0, 2146.748249655087, 1149.6478601913125, 0, 1728.8211658418866, 4029.0, 0, 153.4305845030266, 4029.0, 4029.0, 935.9589470208813, 1943.393192787806]","[(0.0, 0.0, 0.0), 0, 0, 0, (1308.6224666666665, 0.08373333333333334, 0.33853333333333335), 0, 0, 0, (113.97066666666669, 0.33546666666666664, 0.21846666666666667), (0.0, 0.004533333333333333, 0.0), 0, (364.904, 0.0027333333333333333, 0.0014666666666666665), 0, (108.00293333333333, 1.1823333333333332, 0.0031333333333333335), 0, (352.32120000000003, 0.0094, 0.010866666666666667), 0, (254.4540666666667, 0.0026, 0.0088), (113.94486666666668, 0.0015333333333333334, 0.0006666666666666666), 0, (125.829, 0.9370666666666667, 0.7570666666666667), (268.4352, 0.0032666666666666664, 0.0013333333333333333), 0, (74.62326666666667, 0.0, 0.00013333333333333334), (184.5492, 0.009333333333333334, 0.0108), (455.7806, 0.011333333333333336, 0.005066666666666666), (225.0938, 0.0, 0.0), (223.696, 0.11593333333333333, 0.0992)]","[(2, 0.0, 0.0), 0, 0, 0, (3, 0.0, 0.016483333333333336), 0, 0, 0, (1, 0.0, 0.05419444444444445), (1, 0.0, 0.0008333333333333334), 0, (3, 0.0012833333333333332, 0.025400000000000002), 0, (1, 0.0, 0.00023333333333333333), 0, (2, 0.0, 0.002344444444444444), 0, (3, 0.00011666666666666667, 0.017588888888888887), (2, 0.0, 1.6666666666666667e-05), 0, (2, 0.06273333333333334, 0.031105555555555553), (3, 0.0, 0.00065), 0, (2, 0.0007166666666666667, 0.00015555555555555556), (2, 0.0, 0.002338888888888889), (3, 0.0, 0.016805555555555553), (1, 0.0, 0.0002833333333333333), (2, 0.0, 0.0010277777777777776)]","[15, -1, -1, -1, 11, -1, -1, -1, 4, 11, -1, 4, -1, 15, -1, 2, -1, 14, 8, -1, 14, 5, -1, 14, 6, 12, 8, 8]","[True, False, False, False, True, False, False, False, True, True, False, True, False, True, False, True, False, True, True, False, True, True, False, True, True, True, True, True]"
18,"[3732.8795324862313, 0, 0, 0, 0, 0, 0, 0, 2018.3971054226345, 0, 0, 2560.9290778649356, 0, 0, 0, 2495.1529672751212, 0, 2293.817831151513, 868.1114539112888, 0, 2278.570623724373, 0, 0, 0, 2248.9012475559352, 2478.4930534701275, 500.8335838220001, 1566.5169784569066, 454.0891471920266]","[0, 0, 0, 1, 1, 1, 1, 2, 2, 2, 3, 3, 3, 3, 3, 4, 4, 4, 4, 4, 4, 5, 5, 5, 5, 5, 5, 5, 6]","[1, 1, 1, 2, 2, 2, 2, 3, 3, 3, 5, 4, 4, 4, 4, 5, 6, 8, 9, 10, 12, 12, 13, 13, 14, 14, 16, 17, 18]","[-1, 6, 9, 13, 18, 14, 8, 10, -1, 18, 13, -1, 12, -1, 12, -1, 14, -1, -1, 17, -1, -1, 16, -1, -1, -1, -1, -1, -1]","[3880.9397662431156, 0, 0, 0, 0, 0, 0, 0, 1743.2340137788492, 0, 0, 2285.7659862211503, 0, 148.06023375688437, 0, 4029.0, 0, 2112.688346192884, 2198.1389350446443, 0, 2097.441138765744, 4029.0, 0, -181.1294849586287, 4029.0, 4029.0, 1830.8610649553557, 4029.0, 4029.0]","[(0.0, 0.0, 0.0), 0, 0, 0, 0, 0, 0, 0, (114.62193333333336, 0.28486666666666666, 0.20433333333333337), 0, 0, (271.9302, 0.0026666666666666666, 0.0020666666666666667), 0, (106.95439999999999, 0.8705333333333333, 0.007), 0, (218.1036, 0.009333333333333334, 0.010666666666666666), 0, (268.435, 0.0018666666666666666, 0.0016), (117.43993333333336, 0.021133333333333334, 0.005333333333333333), 0, (226.49220000000003, 0.9202666666666668, 0.7430666666666668), (248.8618, 0.0033333333333333335, 0.0014), 0, (70.9532, 0.0, 6.666666666666668e-05), (218.1036, 0.009266666666666668, 0.010533333333333334), (332.7478, 0.012333333333333335, 0.0056), (191.5394, 0.0, 0.0), (268.4352, 0.11646666666666668, 0.09953333333333332), (29.621666666666673, 4.1293999999999995, 4.1416)]","[(2, 0.0, 0.0), 0, 0, 0, 0, 0, 0, 0, (1, 3.3333333333333335e-05, 0.05196111111111111), 0, 0, (3, 0.005633333333333334, 0.03143333333333334), 0, (1, 0.0, 0.00021666666666666668), 0, (2, 0.0, 0.002655555555555556), 0, (3, 0.00013333333333333334, 0.023688888888888888), (2, 0.0399, 0.014022222222222224), 0, (2, 0.09268333333333334, 0.011455555555555556), (3, 0.0, 0.0008222222222222222), 0, (2, 0.0005166666666666667, 0.00016111111111111108), (2, 0.0, 0.0022555555555555554), (3, 0.0, 0.021144444444444445), (1, 1.666666666666667e-05, 0.0002611111111111111), (2, 0.0, 0.0009611111111111112), (3, 0.0, 1.6666666666666667e-05)]","[15, -1, -1, -1, -1, -1, -1, -1, 4, -1, -1, 4, -1, 15, -1, 2, -1, 14, 8, -1, 14, 5, -1, 14, 6, 12, 8, 9, 10]","[True, False, False, False, False, False, False, False, True, False, False, True, False, True, False, True, False, True, True, False, True, True, False, True, True, True, True, True, True]"
19,"[3782.9628893621643, 0, 0, 0, 0, 0, 0, 0, 1966.362444631549, 0, 0, 2520.8623908579216, 0, 0, 0, 2423.947650729814, 0, 2203.667785385733, 791.3169791422134, 0, 1590.2524144743022, 0, 0, 0, 2201.431036525731, 2629.1197031285333, 474.12245935149326, 1560.5832020233572, 1315.5229705416066, 3464.41286996805, 390.65025572768]","[0, 0, 0, 1, 1, 1, 1, 2, 2, 2, 3, 3, 3, 3, 3, 4, 4, 4, 4, 4, 4, 5, 5, 5, 5, 5, 5, 5, 6, 6, 7]","[1, 1, 1, 2, 2, 2, 2, 3, 3, 3, 5, 4, 4, 4, 4, 5, 6, 8, 9, 10, 12, 12, 13, 13, 14, 14, 16, 17, 18, 19, 19]","[-1, 6, 9, 13, 18, 14, 8, 10, -1, 18, 13, -1, 12, 19, 12, -1, 14, -1, -1, 17, -1, 19, 16, 19, -1, -1, -1, -1, -1, -1, -1]","[4029.0, 0, 0, 0, 0, 0, 0, 0, 4029.0, 0, 0, 4029.0, 0, 0, 0, 4029.0, 0, 2321.2076854557154, 911.8425952398209, 0, 1707.7923145442844, 0, 0, 0, 4029.0, 4029.0, 4029.0, 1681.1088181209648, 1436.0485866392141, 4029.0, 4029.0]","[(0.0, 0.0, 0.0), 0, 0, 0, 0, 0, 0, 0, (98.99153333333334, 0.26739999999999997, 0.19593333333333338), 0, 0, (274.72646666666674, 0.0041333333333333335, 0.009866666666666668), 0, 0, 0, (134.2176, 0.009266666666666668, 0.010666666666666666), 0, (269.134, 0.0016666666666666668, 0.0014666666666666665), (111.8474, 0.0072, 0.0028666666666666667), 0, (142.6062, 0.9306666666666665, 0.7520666666666668), 0, 0, 0, (268.4352, 0.009333333333333334, 0.0108), (377.487, 0.011333333333333336, 0.0054), (225.09366666666662, 0.0, 0.0), (33.5544, 0.11626666666666668, 0.09953333333333332), (29.53446666666667, 12.107333333333337, 12.139266666666664), (168.47066666666663, 0.27493333333333336, 0.023333333333333327), (499.1218, 0.0004, 0.0003333333333333333)]","[(2, 0.0, 0.0), 0, 0, 0, 0, 0, 0, 0, (1, 0.0, 0.051827777777777785), 0, 0, (3, 0.0009833333333333335, 0.03336666666666666), 0, 0, 0, (2, 0.0, 0.0023833333333333337), 0, (3, 0.00031666666666666665, 0.026144444444444446), (2, 0.0, 2.2222222222222223e-05), 0, (2, 0.0, 0.012455555555555557), 0, 0, 0, (2, 0.0, 0.0022944444444444444), (3, 0.0, 0.030616666666666664), (1, 0.0, 0.0002833333333333333), (2, 0.0, 0.000972222222222222), (3, 0.0, 1.6666666666666667e-05), (3, 0.2927833333333333, 0.026605555555555556), (2, 0.012733333333333334, 0.0036666666666666666)]","[15, -1, -1, -1, -1, -1, -1, -1, 0, -1, -1, 4, -1, -1, -1, 2, -1, 14, 10, -1, 14, -1, -1, -1, 6, 12, 8, 10, 10, 11, 5]","[True, False, False, False, False, False, False, False, True, False, False, True, False, False, False, True, False, True, True, False, True, False, False, False, True, True, True, True, True, True, True]"
20,"[3388.973815271489, 0, 0, 0, 0, 0, 0, 0, 1996.48777456323, 0, 0, 2607.673546039784, 0, 0, 0, 2423.947650729814, 0, 2664.4346859663865, 751.250296654, 0, 1563.5504149775322, 0, 0, 0, 2248.9012475559352, 2505.879717044383, 0, 1566.5169784569066, 1135.2228679800667, 4442.116739200141, 599.3113997345512, 454.0891471920266, 530.8836808606934]","[0, 0, 0, 1, 1, 1, 1, 2, 2, 2, 3, 3, 3, 3, 3, 4, 4, 4, 4, 4, 4, 5, 5, 5, 5, 5, 5, 5, 6, 6, 6, 7, 7]","[1, 1, 1, 2, 2, 2, 2, 3, 3, 3, 5, 4, 4, 4, 4, 5, 6, 8, 9, 10, 12, 12, 13, 13, 14, 14, 16, 17, 18, 19, 20, 20, 19]","[-1, 6, 9, 13, 18, 14, 8, 10, -1, 18, 13, -1, 12, 19, 12, -1, 14, -1, -1, 17, -1, 19, 16, 19, -1, -1, -1, -1, -1, -1, -1, -1, -1]","[4029.0, 0, 0, 0, 0, 0, 0, 0, 4029.0, 0, 0, 4029.0, 0, 0, 0, 4029.0, 0, 2564.942135494427, 781.73047408325, 0, 1464.0578645055728, 0, 0, 0, 4029.0, 4029.0, 4029.0, 1596.9971558861566, 1165.7030454093167, 4029.0, 2048.713859436929, 484.5693246212766, 1980.286140563071]","[(0.0, 0.0, 0.0), 0, 0, 0, 0, 0, 0, 0, (100.29406666666667, 0.28213333333333335, 0.20133333333333336), 0, 0, (269.13426666666675, 0.0028, 0.002466666666666667), 0, 0, 0, (33.5544, 0.009333333333333334, 0.010466666666666668), 0, (369.09826666666675, 0.0032, 0.0020666666666666667), (139.11079999999998, 0.0016666666666666668, 0.0009333333333333332), 0, (117.4404, 0.9303333333333335, 0.7412666666666667), 0, 0, 0, (33.5544, 0.009266666666666668, 0.010666666666666666), (321.563, 0.0134, 0.007933333333333334), (159.38313333333332, 0.0, 0.0), (0.0, 0.1156, 0.0996), (31.3258, 10.272666666666666, 10.300266666666666), (313.1741333333334, 0.2986666666666667, 0.020266666666666665), (0.0, 0.004733333333333333, 0.00013333333333333334), (29.621666666666673, 4.1293999999999995, 4.1416), (455.08166666666676, 0.012533333333333334, 0.18906666666666663)]","[(2, 0.0, 0.0), 0, 0, 0, 0, 0, 0, 0, (1, 1.666666666666667e-05, 0.05187777777777777), 0, 0, (3, 0.0003333333333333333, 0.03149444444444444), 0, 0, 0, (2, 0.0, 0.0022833333333333334), 0, (3, 0.2675166666666666, 0.1220111111111111), (2, 0.0, 3.3333333333333335e-05), 0, (2, 0.0, 0.010772222222222223), 0, 0, 0, (2, 0.0, 0.0023555555555555556), (3, 0.0, 0.017744444444444448), (1, 0.0, 0.0002722222222222222), (2, 0.0, 0.00095), (3, 0.0, 4.4444444444444447e-05), (3, 0.10841666666666666, 0.0281), (3, 0.0, 0.0014222222222222223), (3, 0.0, 1.6666666666666667e-05), (2, 0.0002833333333333333, 0.0029611111111111123)]","[15, -1, -1, -1, -1, -1, -1, -1, 0, -1, -1, 4, -1, -1, -1, 2, -1, 14, 10, -1, 14, -1, -1, -1, 6, 12, 8, 10, 10, 11, 5, 10, 5]","[True, False, False, False, False, False, False, False, True, False, False, True, False, False, False, True, False, True, True, False, True, False, False, False, True, True, True, True, True, True, True, True, True]"
21,"[3395.6515961882797, 0, 0, 0, 0, 0, 0, 0, 2029.3517708523368, 0, 0, 2350.5789710781155, 0, 0, 0, 2394.2787688359367, 0, 2310.5122840711024, 771.2836378981068, 0, 1554.649748478609, 0, 0, 0, 5046.6768101486105, 2519.573048831511, 0, 1593.2189724078767, 1145.2395403445964, 3143.9889128247596, 620.0796165570354, 1315.5229705416066, 537.5614630098844, 628.9803113908888]","[0, 0, 0, 1, 1, 1, 1, 2, 2, 2, 3, 3, 3, 3, 3, 4, 4, 4, 4, 4, 4, 5, 5, 5, 5, 5, 5, 5, 6, 6, 6, 7, 7, 7]","[1, 1, 1, 2, 2, 2, 2, 3, 3, 3, 5, 4, 4, 4, 4, 5, 6, 8, 9, 10, 12, 12, 13, 13, 14, 14, 16, 17, 18, 19, 20, 20, 19, 21]","[-1, 6, 9, 13, 18, 14, 8, 10, -1, 18, 13, -1, 12, 19, 12, -1, 14, -1, -1, 17, -1, 19, 16, 19, -1, -1, 21, -1, -1, -1, -1, -1, -1, -1]","[4029.0, 0, 0, 0, 0, 0, 0, 0, 4029.0, 0, 0, 4029.0, 0, 0, 0, 4029.0, 0, 2392.4312677962466, 828.1473625366735, 0, 1636.5687322037531, 0, 0, 0, 4029.0, 2959.796368720311, 0, 1584.89181130985, 1136.9123792465698, 3200.8526374633266, 4029.0, 1307.19580944358, 4029.0, 1069.2036312796888]","[(0.0, 0.0, 0.0), 0, 0, 0, 0, 0, 0, 0, (104.20166666666668, 0.267, 0.19686666666666666), 0, 0, (272.62946666666676, 0.0018666666666666666, 0.0016), 0, 0, 0, (100.6632, 0.009266666666666668, 0.010733333333333333), 0, (364.904, 0.0027333333333333333, 0.0014666666666666665), (143.30486666666667, 0.0032, 0.0006666666666666666), 0, (83.886, 0.8937333333333333, 0.7318666666666667), 0, 0, 0, (369.0984, 0.018533333333333336, 0.025066666666666668), (343.9326, 0.013333333333333336, 0.0074666666666666675), 0, (167.772, 0.1156, 0.09933333333333332), (31.238400000000002, 10.958333333333334, 10.986266666666667), (205.5204, 0.03793333333333333, 0.025266666666666666), (0.0, 0.004666666666666667, 6.666666666666668e-05), (29.53446666666667, 12.107333333333337, 12.139266666666664), (471.15966666666674, 0.013066666666666664, 0.18946666666666667), (320.1647333333333, 0.0011333333333333332, 0.0015333333333333334)]","[(2, 0.0, 0.0), 0, 0, 0, 0, 0, 0, 0, (1, 3.3333333333333335e-05, 0.05137777777777777), 0, 0, (3, 0.0004166666666666666, 0.026177777777777776), 0, 0, 0, (2, 0.0, 0.002338888888888889), 0, (3, 0.0012833333333333332, 0.025400000000000002), (2, 0.0, 2.2222222222222223e-05), 0, (2, 0.0, 0.007866666666666668), 0, 0, 0, (2, 0.0, 0.0054888888888888895), (3, 0.0, 0.017083333333333332), 0, (2, 0.0, 0.0014166666666666668), (3, 0.0, 2.2222222222222223e-05), (3, 0.00125, 0.027633333333333336), (3, 0.0, 0.001661111111111111), (3, 0.0, 1.6666666666666667e-05), (2, 0.00035, 0.0039833333333333335), (2, 0.0037166666666666667, 0.0028777777777777777)]","[15, -1, -1, -1, -1, -1, -1, -1, 0, -1, -1, 4, -1, -1, -1, 2, -1, 14, 11, -1, 14, -1, -1, -1, 6, 12, -1, 10, 10, 11, 7, 10, 5, 12]","[True, False, False, False, False, False, False, False, True, False, False, True, False, False, False, True, False, True, True, False, True, False, False, False, True, True, False, True, True, True, True, True, True, True]"
22,"[3432.379391230631, 0, 0, 0, 0, 0, 0, 0, 1991.0104418483793, 0, 0, 2417.356782756471, 0, 0, 0, 0, 0, 0, 761.2669672760534, 0, 1554.649748478609, 0, 0, 0, 6361.008278047395, 2440.1517244661704, 0, 1563.5500902401322, 1218.6951376844836, 3601.346184986549, 578.5431829120669, 1135.2228679800667, 0, 634.9140879134446]","[0, 0, 0, 1, 1, 1, 1, 2, 2, 2, 3, 3, 3, 3, 3, 4, 4, 4, 4, 4, 4, 5, 5, 5, 5, 5, 5, 5, 6, 6, 6, 7, 7, 7]","[1, 1, 1, 2, 2, 2, 2, 3, 3, 3, 5, 4, 4, 4, 4, 5, 6, 8, 9, 10, 12, 12, 13, 13, 14, 14, 16, 17, 18, 19, 20, 20, 19, 21]","[-1, 6, 9, 13, 18, 14, 8, 10, -1, 18, 13, -1, 12, 19, 12, -1, 14, -1, -1, 17, -1, 19, 16, 19, -1, -1, 21, -1, -1, -1, -1, -1, -1, -1]","[4029.0, 0, 0, 0, 0, 0, 0, 0, 4029.0, 0, 0, 4029.0, 0, 0, 0, 4029.0, 0, 1237.1751257606957, 594.4603911447524, 0, 2791.8248742393043, 0, 0, 0, 4029.0, 2917.1188182763626, 0, 1600.727391605238, 1255.8724390495893, 3434.539608855248, 4029.0, 1172.4001693451723, 4029.0, 1111.881181723637]","[(0.0, 0.0, 0.0), 0, 0, 0, 0, 0, 0, 0, (76.1972, 0.28906666666666664, 0.20346666666666666), 0, 0, (289.4064, 0.0022, 0.0018666666666666666), 0, 0, 0, (117.4404, 0.0092, 0.0106), 0, (271.9302, 0.0026666666666666666, 0.0020666666666666667), (134.91646666666668, 0.001066666666666667, 0.0006), 0, (92.2746, 0.9142666666666668, 0.7324666666666667), 0, 0, 0, (1157.6274666666666, 0.016533333333333334, 0.022133333333333328), (478.1502, 0.012199999999999999, 0.007066666666666666), 0, (67.1088, 0.11593333333333333, 0.09953333333333332), (30.75773333333333, 11.004733333333336, 11.030333333333335), (130.0228, 0.042466666666666666, 0.027733333333333336), (0.0, 0.004533333333333333, 0.0), (31.3258, 10.272666666666666, 10.300266666666666), (486.5389333333335, 0.012733333333333333, 0.18919999999999998), (300.59133333333324, 0.0011333333333333332, 0.0015333333333333334)]","[(2, 0.0, 0.0), 0, 0, 0, 0, 0, 0, 0, (1, 0.00013333333333333334, 0.05233888888888889), 0, 0, (3, 0.19908333333333336, 0.026938888888888887), 0, 0, 0, (2, 0.0, 0.0023166666666666665), 0, (3, 0.005633333333333334, 0.03143333333333334), (2, 0.0, 0.0), 0, (2, 0.0, 0.010216666666666666), 0, 0, 0, (2, 0.0, 0.005333333333333333), (3, 0.0009, 0.02215), 0, (2, 0.0, 0.00095), (3, 0.0, 2.2222222222222223e-05), (3, 0.0008, 0.02777777777777778), (3, 0.0, 0.0012944444444444446), (3, 0.0, 4.4444444444444447e-05), (2, 0.07660000000000003, 0.0032111111111111108), (2, 0.0004, 0.0023666666666666667)]","[15, -1, -1, -1, -1, -1, -1, -1, 0, -1, -1, 4, -1, -1, -1, 2, -1, 14, 11, -1, 14, -1, -1, -1, 6, 12, -1, 10, 10, 11, 7, 10, 5, 12]","[True, False, False, False, False, False, False, False, True, False, False, True, False, False, False, True, False, True, True, False, True, False, False, False, True, True, False, True, True, True, True, True, True, True]"
23,"[0, 0, 0, 0, 0, 0, 0, 0, 1865.0317894068035, 0, 0, 0, 0, 0, 0, 0, 0, 0, 791.3169791422134, 0, 1560.5835261445573, 0, 0, 0, 2438.7820916767528, 2429.1970590364676, 0, 1572.4507548904555, 1191.9840113790701, 3261.75156374067, 581.5100710295644, 1145.2395403445964, 0, 557.7749931202221, 1364.7688631682443, 1115.1894634134223, 599.3113997345512]","[0, 0, 0, 1, 1, 1, 1, 2, 2, 2, 3, 3, 3, 3, 3, 4, 4, 4, 4, 4, 4, 5, 5, 5, 5, 5, 5, 5, 6, 6, 6, 7, 7, 7, 7, 8, 8]","[1, 1, 1, 2, 2, 2, 2, 3, 3, 3, 5, 4, 4, 4, 4, 5, 6, 8, 9, 10, 12, 12, 13, 13, 14, 14, 16, 17, 18, 19, 20, 20, 19, 21, 23, 23, 23]","[-1, 6, 9, 13, 18, 14, 8, 10, -1, 18, 13, -1, 12, 19, 12, 23, 14, 23, -1, 17, -1, 19, 16, 19, -1, -1, 21, -1, -1, -1, -1, -1, 23, -1, -1, -1, -1]","[4029.0, 0, 0, 0, 0, 0, 0, 0, 4029.0, 0, 0, 1714.8443001327244, 0, 0, 0, 0, 0, 0, 779.2827077007718, 0, 2112.4073314881566, 0, 0, 0, 4029.0, 2950.211032958123, 0, 1612.2259860190816, 1231.7592425076962, 3249.7172922992286, 4029.0, 1185.0147714732225, 0, 1078.7889670418772, 1916.5926685118436, 4029.0, 2314.1556998672754]","[(0.0, 0.0, 0.0), 0, 0, 0, 0, 0, 0, 0, (85.9662, 0.27253333333333335, 0.19946666666666668), 0, 0, (292.9018, 0.0003333333333333333, 0.0004), 0, 0, 0, 0, 0, 0, (127.92566666666669, 0.002533333333333333, 0.001), 0, (134.2176, 0.8891333333333333, 0.7291333333333333), 0, 0, 0, (167.772, 0.009333333333333334, 0.0104), (461.373, 0.013266666666666668, 0.0067333333333333325), 0, (100.6632, 0.11566666666666668, 0.09933333333333332), (30.932599999999997, 11.007200000000001, 11.033333333333335), (110.44946666666667, 0.04046666666666667, 0.026666666666666672), (0.0, 0.004733333333333333, 0.0), (31.238400000000002, 10.958333333333334, 10.986266666666667), 0, (288.00833333333327, 0.0011333333333333332, 0.0014), (402.65259999999995, 0.0, 0.0), (499.1218, 0.0016666666666666668, 0.0011333333333333332), (0.0, 0.004733333333333333, 0.00013333333333333334)]","[(2, 0.0, 0.0), 0, 0, 0, 0, 0, 0, 0, (1, 0.0, 0.052361111111111115), 0, 0, (3, 0.04091666666666667, 0.011177777777777778), 0, 0, 0, 0, 0, 0, (2, 0.0, 0.00015000000000000001), 0, (2, 1.666666666666667e-05, 0.00786111111111111), 0, 0, 0, (2, 0.0, 0.002172222222222222), (3, 0.0, 0.017055555555555553), 0, (2, 0.0, 0.0009611111111111112), (3, 0.0, 2.2222222222222223e-05), (3, 0.00011666666666666667, 0.02971666666666666), (3, 0.0, 0.0012333333333333335), (3, 0.0, 2.2222222222222223e-05), 0, (2, 0.00026666666666666673, 0.002455555555555556), (3, 0.1085, 0.004066666666666666), (2, 0.0, 0.0010999999999999998), (3, 0.0, 0.0014222222222222223)]","[15, -1, -1, -1, -1, -1, -1, -1, 0, -1, -1, 4, -1, -1, -1, -1, -1, -1, 11, -1, 14, -1, -1, -1, 6, 12, -1, 10, 10, 11, 7, 10, -1, 12, 14, 5, 4]","[True, False, False, False, False, False, False, False, True, False, False, True, False, False, False, False, False, False, True, False, True, False, False, False, True, True, False, True, True, True, True, True, False, True, True, True, True]"
24,"[0, 0, 0, 0, 0, 0, 0, 0, 1982.7944427761026, 0, 0, 0, 0, 0, 0, 0, 0, 0, 0, 0, 1530.9146378148132, 0, 0, 0, 2554.490731062876, 2420.981059964191, 0, 1566.5169784569066, 1198.6617929554236, 3502.7541981732297, 0, 1218.6951376844836, 0, 590.4107639942779, 1691.1266347954333, 1175.2894943758222, 620.0796165570354, 501.40426599866777]","[0, 0, 0, 1, 1, 1, 1, 2, 2, 2, 3, 3, 3, 3, 3, 4, 4, 4, 4, 4, 4, 5, 5, 5, 5, 5, 5, 5, 6, 6, 6, 7, 7, 7, 7, 8, 8, 9]","[1, 1, 1, 2, 2, 2, 2, 3, 3, 3, 5, 4, 4, 4, 4, 5, 6, 8, 9, 10, 12, 12, 13, 13, 14, 14, 16, 17, 18, 19, 20, 20, 19, 21, 23, 23, 23, 24]","[24, 6, 9, 13, 18, 14, 8, 10, -1, 18, 13, 24, 12, 19, 12, 23, 14, 23, -1, 17, -1, 19, 16, 19, -1, -1, 21, -1, -1, -1, -1, -1, 23, -1, -1, -1, -1, -1]","[0, 0, 0, 0, 0, 0, 0, 0, 4029.0, 0, 0, 0, 0, 0, 0, 0, 0, 0, 263.12290091338514, 0, 1934.3940015096898, 0, 0, 0, 4029.0, 2929.7851479849564, 0, 1581.5590087579687, 1213.7038232564857, 3765.877099086615, 4029.0, 1233.7371679855457, 0, 1099.2148520150433, 2094.60599849031, 4029.0, 4029.0, 4029.0]","[0, 0, 0, 0, 0, 0, 0, 0, (92.47886666666669, 0.26613333333333333, 0.19846666666666668), 0, 0, 0, 0, 0, 0, 0, 0, 0, (103.45886666666668, 0.004066666666666666, 0.0026), 0, (120.23660000000001, 0.8804666666666667, 0.7153333333333335), 0, 0, 0, (536.8704, 0.009266666666666668, 0.0106), (416.6338, 0.0116, 0.0067333333333333325), 0, (22.3696, 0.11606666666666667, 0.09953333333333332), (29.2284, 11.277066666666668, 11.304066666666667), (119.5372, 0.03373333333333334, 0.02686666666666667), (0.0, 0.004733333333333333, 6.666666666666668e-05), (30.75773333333333, 11.004733333333336, 11.030333333333335), 0, (311.7758666666666, 0.0011333333333333332, 0.0015333333333333334), (339.738, 0.0, 0.0), (553.6476, 0.0017333333333333335, 0.0015333333333333334), (0.0, 0.004666666666666667, 6.666666666666668e-05), (0.0, 0.0048, 6.666666666666668e-05)]","[0, 0, 0, 0, 0, 0, 0, 0, (1, 0.0026333333333333334, 0.052366666666666666), 0, 0, 0, 0, 0, 0, 0, 0, 0, (2, 0.0, 0.0), 0, (2, 5e-05, 0.008244444444444445), 0, 0, 0, (2, 0.0, 0.0023777777777777777), (3, 0.0, 0.024077777777777778), 0, (2, 0.0, 0.0009388888888888888), (3, 0.0, 2.2222222222222223e-05), (3, 0.0013666666666666669, 0.04000555555555556), (3, 0.0, 0.0012666666666666666), (3, 0.0, 2.2222222222222223e-05), 0, (2, 0.0, 0.002388888888888889), (3, 0.2122, 0.00935), (2, 0.0, 0.0005222222222222223), (3, 0.0, 0.001661111111111111), (2, 0.0, 0.0013222222222222222)]","[-1, -1, -1, -1, -1, -1, -1, -1, 0, -1, -1, -1, -1, -1, -1, -1, -1, -1, 11, -1, 14, -1, -1, -1, 6, 12, -1, 10, 10, 11, 7, 10, -1, 12, 14, 5, 4, 15]","[False, False, False, False, False, False, False, False, True, False, False, False, False, False, False, False, False, False, True, False, True, False, False, False, True, True, False, True, True, True, True, True, False, True, True, True, True, True]"
25,"[0, 0, 0, 0, 0, 0, 0, 0, 0, 0, 0, 0, 0, 0, 0, 0, 0, 0, 0, 0, 1572.4510814764558, 0, 0, 0, 2450.6496444343047, 2366.2077328156797, 0, 1563.5500902401322, 1178.6284482263632, 2935.85027399664, 0, 1191.9840113790701, 0, 534.03988703, 1254.9939763481898, 1121.8672446314667, 578.5431829120669, 2240.395480738335, 498.43737685074666]","[0, 0, 0, 1, 1, 1, 1, 2, 2, 2, 3, 3, 3, 3, 3, 4, 4, 4, 4, 4, 4, 5, 5, 5, 5, 5, 5, 5, 6, 6, 6, 7, 7, 7, 7, 8, 8, 8, 9]","[1, 1, 1, 2, 2, 2, 2, 3, 3, 3, 5, 4, 4, 4, 4, 5, 6, 8, 9, 10, 12, 12, 13, 13, 14, 14, 16, 17, 18, 19, 20, 20, 19, 21, 23, 23, 23, 25, 24]","[24, 6, 9, 13, 18, 14, 8, 10, -1, 18, 13, 24, 12, 19, 12, 23, 14, 23, 25, 17, -1, 19, 16, 19, -1, -1, 21, -1, -1, -1, 25, -1, 23, -1, -1, -1, -1, -1, -1]","[0, 0, 0, 0, 0, 0, 0, 0, 4029.0, 0, 0, 0, 0, 0, 0, 0, 0, 0, 0, 0, 2173.2285525641328, 0, 0, 0, 4029.0, 2930.58392289284, 0, 1595.1625736249437, 1210.2409316111746, 4029.0, 0, 1223.5964947638815, 0, 1098.4160771071602, 1855.771447435867, 4029.0, 4029.0, 4029.0, 4029.0]","[0, 0, 0, 0, 0, 0, 0, 0, (121.1346, 0.2476, 0.193), 0, 0, 0, 0, 0, 0, 0, 0, 0, 0, 0, (117.4404, 0.9407333333333332, 0.7398666666666667), 0, 0, 0, (738.197, 0.009333333333333334, 0.0108), (402.6528, 0.011733333333333332, 0.0074666666666666675), 0, (67.1088, 0.11606666666666667, 0.09946666666666669), (27.96146666666667, 11.744666666666664, 11.770666666666664), (105.55626666666666, 0.03646666666666667, 0.024466666666666664), 0, (30.932599999999997, 11.007200000000001, 11.033333333333335), 0, (325.75713333333334, 0.0011333333333333332, 0.0014666666666666665), (343.93240000000003, 0.0, 0.0), (461.3726, 0.008400000000000001, 0.008866666666666667), (0.0, 0.004533333333333333, 0.0), (973.0777333333333, 0.10640000000000001, 0.744), (145.4024, 0.004733333333333333, 6.666666666666668e-05)]","[0, 0, 0, 0, 0, 0, 0, 0, (1, 1.666666666666667e-05, 0.051916666666666667), 0, 0, 0, 0, 0, 0, 0, 0, 0, 0, 0, (2, 0.0, 0.011944444444444445), 0, 0, 0, (2, 0.0, 0.0023666666666666667), (3, 1.666666666666667e-05, 0.02868888888888889), 0, (2, 0.0, 0.0009555555555555554), (3, 0.0, 2.2222222222222223e-05), (3, 0.0, 0.024422222222222224), 0, (3, 0.0, 2.2222222222222223e-05), 0, (2, 0.0006666666666666666, 0.0023944444444444447), (3, 0.020033333333333334, 0.0038777777777777777), (2, 0.0, 0.0004944444444444445), (3, 0.0, 0.0012944444444444446), (3, 0.0, 0.025061111111111114), (2, 0.0, 0.0012666666666666666)]","[-1, -1, -1, -1, -1, -1, -1, -1, 0, -1, -1, -1, -1, -1, -1, -1, -1, -1, -1, -1, 14, -1, -1, -1, 6, 12, -1, 10, 10, 11, -1, 10, -1, 12, 14, 5, 4, 3, 15]","[False, False, False, False, False, False, False, False, True, False, False, False, False, False, False, False, False, False, False, False, True, False, False, False, True, True, False, True, True, True, False, True, False, True, True, True, True, True, True]"
26,"[0, 0, 0, 0, 0, 0, 0, 0, 0, 0, 0, 0, 0, 0, 0, 0, 0, 0, 0, 0, 1560.5835261445573, 0, 0, 0, 2453.616532623692, 2826.303680863173, 0, 1563.5500902401322, 1141.90064955642, 2837.2582871833197, 0, 1198.6617929554236, 0, 522.1723339848888, 1266.8615316800874, 1035.0560887968888, 0, 1332.217282883153, 498.43737685074666, 3464.41286996805, 3464.41286996805]","[0, 0, 0, 1, 1, 1, 1, 2, 2, 2, 3, 3, 3, 3, 3, 4, 4, 4, 4, 4, 4, 5, 5, 5, 5, 5, 5, 5, 6, 6, 6, 7, 7, 7, 7, 8, 8, 8, 9, 9, 9]","[1, 1, 1, 2, 2, 2, 2, 3, 3, 3, 5, 4, 4, 4, 4, 5, 6, 8, 9, 10, 12, 12, 13, 13, 14, 14, 16, 17, 18, 19, 20, 20, 19, 21, 23, 23, 23, 25, 24, 26, 26]","[24, 6, 9, 13, 18, 14, 8, 10, 26, 18, 13, 24, 12, 19, 12, 23, 14, 23, 25, 17, -1, 19, 16, 19, -1, -1, 21, -1, -1, -1, 25, -1, 23, -1, -1, -1, -1, -1, -1, -1, -1]","[0, 0, 0, 0, 0, 0, 0, 0, 0, 0, 0, 0, 0, 0, 0, 0, 0, 0, 0, 0, 2161.3609972322347, 0, 0, 0, 4029.0, 3166.5656734391423, 0, 4029.0, 1986.1194283004982, 4029.0, 0, 2042.8805716995018, 0, 862.4343265608579, 1867.639002767765, 4029.0, 4029.0, 4029.0, 4029.0, 4029.0, 4029.0]","[0, 0, 0, 0, 0, 0, 0, 0, 0, 0, 0, 0, 0, 0, 0, 0, 0, 0, 0, 0, (142.6062, 0.9389333333333333, 0.7352666666666667), 0, 0, 0, (352.32120000000003, 0.0094, 0.010866666666666667), (363.506, 0.0166, 0.009666666666666665), 0, (78.29360000000001, 0.11573333333333333, 0.09953333333333332), (28.00533333333333, 10.849266666666667, 10.8736), (111.8476, 0.035666666666666666, 0.024), 0, (29.2284, 11.277066666666668, 11.304066666666667), 0, (304.78553333333326, 0.0011333333333333332, 0.0014666666666666665), (306.18359999999996, 0.0, 0.0), (448.7898, 0.009933333333333334, 0.0104), (0.0, 0.004733333333333333, 0.0), (805.3058666666667, 0.081, 0.3894666666666666), (67.1088, 0.004666666666666667, 0.0), (168.47066666666663, 0.27493333333333336, 0.023333333333333327), (168.47066666666663, 0.27493333333333336, 0.023333333333333327)]","[0, 0, 0, 0, 0, 0, 0, 0, 0, 0, 0, 0, 0, 0, 0, 0, 0, 0, 0, 0, (2, 0.0, 0.013844444444444444), 0, 0, 0, (2, 0.0, 0.002344444444444444), (3, 0.0, 0.017905555555555557), 0, (2, 0.0, 0.0009166666666666666), (3, 0.0, 1.6666666666666667e-05), (3, 0.0, 0.028383333333333337), 0, (3, 0.0, 2.2222222222222223e-05), 0, (2, 6.666666666666667e-05, 0.0023833333333333337), (3, 0.008033333333333333, 0.003372222222222222), (2, 0.0, 0.0004944444444444445), (3, 0.0, 0.0012333333333333335), (3, 0.0, 0.023311111111111112), (2, 0.0, 0.0012333333333333335), (3, 0.2927833333333333, 0.026605555555555556), (3, 0.2927833333333333, 0.026605555555555556)]","[-1, -1, -1, -1, -1, -1, -1, -1, -1, -1, -1, -1, -1, -1, -1, -1, -1, -1, -1, -1, 14, -1, -1, -1, 6, 12, -1, 9, 10, 11, -1, 10, -1, 12, 14, 5, 4, 3, 15, 0, 7]","[False, False, False, False, False, False, False, False, False, False, False, False, False, False, False, False, False, False, False, False, True, False, False, False, True, True, False, True, True, True, False, True, False, True, True, True, True, True, True, True, True]"
27,"[0, 0, 0, 0, 0, 0, 0, 0, 0, 0, 0, 0, 0, 0, 0, 0, 0, 0, 0, 0, 1554.649748478609, 0, 0, 0, 2495.1529672751212, 2823.565014505748, 0, 1563.5500902401322, 1148.5784311327734, 2777.0076285751793, 0, 1178.6284482263632, 0, 531.0729987687222, 1204.5568661876246, 1051.750541842, 0, 888.1448552554355, 0, 744.572766635591, 4442.116739200141, 4442.116739200141]","[0, 0, 0, 1, 1, 1, 1, 2, 2, 2, 3, 3, 3, 3, 3, 4, 4, 4, 4, 4, 4, 5, 5, 5, 5, 5, 5, 5, 6, 6, 6, 7, 7, 7, 7, 8, 8, 8, 9, 9, 9, 9]","[1, 1, 1, 2, 2, 2, 2, 3, 3, 3, 5, 4, 4, 4, 4, 5, 6, 8, 9, 10, 12, 12, 13, 13, 14, 14, 16, 17, 18, 19, 20, 20, 19, 21, 23, 23, 23, 25, 24, 27, 26, 26]","[24, 6, 9, 13, 18, 14, 8, 10, 26, 18, 13, 24, 12, 19, 12, 23, 14, 23, 25, 17, -1, 19, 16, 19, -1, -1, 21, -1, -1, -1, 25, -1, 23, -1, -1, -1, 27, -1, -1, -1, -1, -1]","[0, 0, 0, 0, 0, 0, 0, 0, 0, 0, 0, 0, 0, 0, 0, 0, 0, 0, 0, 0, 2189.5464411454923, 0, 0, 0, 4029.0, 3160.7460078685126, 0, 4029.0, 1467.6518824678642, 4029.0, 0, 1497.701899561454, 0, 868.253992131487, 1839.4535588545077, 4029.0, 0, 4029.0, 4029.0, 1063.6462179706818, 4029.0, 4029.0]","[0, 0, 0, 0, 0, 0, 0, 0, 0, 0, 0, 0, 0, 0, 0, 0, 0, 0, 0, 0, (125.829, 0.9171333333333334, 0.7279333333333333), 0, 0, 0, (218.1036, 0.009333333333333334, 0.010666666666666666), (422.2262, 0.03953333333333333, 0.018666666666666668), 0, (33.5544, 0.1158, 0.09953333333333332), (29.18493333333334, 11.238933333333332, 11.264533333333333), (115.3428, 0.03426666666666667, 0.023266666666666665), 0, (27.96146666666667, 11.744666666666664, 11.770666666666664), 0, (258.64813333333325, 0.0011333333333333332, 0.0015333333333333334), (322.961, 0.0, 0.0), (450.1882666666667, 0.0092, 0.009466666666666667), 0, (624.9507333333332, 0.08693333333333333, 0.30760000000000004), (100.6632, 0.004666666666666667, 6.666666666666668e-05), (142.60586666666666, 0.0007333333333333332, 0.0006), (313.1741333333334, 0.2986666666666667, 0.020266666666666665), (313.1741333333334, 0.2986666666666667, 0.020266666666666665)]","[0, 0, 0, 0, 0, 0, 0, 0, 0, 0, 0, 0, 0, 0, 0, 0, 0, 0, 0, 0, (2, 0.0, 0.010616666666666667), 0, 0, 0, (2, 0.0, 0.002655555555555556), (3, 0.0, 0.019144444444444443), 0, (2, 0.0, 0.000977777777777778), (3, 0.0, 4.4444444444444447e-05), (3, 0.0, 0.027411111111111112), 0, (3, 0.0, 2.2222222222222223e-05), 0, (2, 0.0010333333333333334, 0.0024222222222222223), (3, 0.007916666666666667, 0.003444444444444445), (2, 0.0, 0.0005166666666666667), 0, (3, 0.0, 0.013066666666666667), (2, 0.0, 0.001238888888888889), (1, 0.0, 0.02883888888888889), (3, 0.10841666666666666, 0.0281), (3, 0.10841666666666666, 0.0281)]","[-1, -1, -1, -1, -1, -1, -1, -1, -1, -1, -1, -1, -1, -1, -1, -1, -1, -1, -1, -1, 14, -1, -1, -1, 6, 12, -1, 9, 10, 11, -1, 10, -1, 12, 14, 5, -1, 3, 15, 10, 0, 7]","[False, False, False, False, False, False, False, False, False, False, False, False, False, False, False, False, False, False, False, False, True, False, False, False, True, True, False, True, True, True, False, True, False, True, True, True, False, True, True, True, True, True]"
28,"[0, 0, 0, 0, 0, 0, 0, 0, 0, 0, 0, 0, 0, 0, 0, 0, 0, 0, 0, 0, 1536.848415480762, 0, 0, 0, 2423.947650729814, 2689.3703629918955, 0, 1554.649425589809, 1181.9673390145404, 3089.2155868173595, 0, 1141.90064955642, 0, 537.0067752912778, 1252.0270875152155, 0, 0, 1101.8338429860667, 0, 554.2559608139378, 3143.9889128247596, 3143.9889128247596, 731.2170323801198, 777.9614183128089]","[0, 0, 0, 1, 1, 1, 1, 2, 2, 2, 3, 3, 3, 3, 3, 4, 4, 4, 4, 4, 4, 5, 5, 5, 5, 5, 5, 5, 6, 6, 6, 7, 7, 7, 7, 8, 8, 8, 9, 9, 9, 9, 10, 10]","[1, 1, 1, 2, 2, 2, 2, 3, 3, 3, 5, 4, 4, 4, 4, 5, 6, 8, 9, 10, 12, 12, 13, 13, 14, 14, 16, 17, 18, 19, 20, 20, 19, 21, 23, 23, 23, 25, 24, 27, 26, 26, 28, 28]","[24, 6, 9, 13, 18, 14, 8, 10, 26, 18, 13, 24, 12, 19, 12, 23, 14, 23, 25, 17, -1, 19, 16, 19, -1, -1, 21, -1, -1, -1, 25, -1, 23, -1, -1, -1, 27, -1, 28, -1, -1, -1, -1, -1]","[0, 0, 0, 0, 0, 0, 0, 0, 0, 0, 0, 0, 0, 0, 0, 0, 0, 0, 0, 0, 2156.9106639827733, 0, 0, 0, 2837.4931162085027, 2772.159329959525, 0, 2426.2161966048443, 2034.5333447290602, 4029.0, 0, 1994.4666552709398, 0, 619.7957422589075, 1872.0893360172267, 4029.0, 0, 4029.0, 0, 637.0449277815675, 4029.0, 4029.0, 1602.7838033951552, 1191.5068837914973]","[0, 0, 0, 0, 0, 0, 0, 0, 0, 0, 0, 0, 0, 0, 0, 0, 0, 0, 0, 0, (114.6442, 0.9067333333333333, 0.7183999999999999), 0, 0, 0, (134.2176, 0.009266666666666668, 0.010666666666666666), (433.411, 0.0188, 0.012333333333333335), 0, (22.3696, 0.11553333333333332, 0.0994), (29.79646666666667, 11.306333333333336, 11.331333333333335), (111.1486, 0.03153333333333334, 0.0434), 0, (28.00533333333333, 10.849266666666667, 10.8736), 0, (289.4064, 0.0012, 0.0015333333333333334), (301.98940000000005, 0.0, 0.0), (461.373, 0.0016666666666666668, 0.0013333333333333333), 0, (641.7282666666667, 0.07759999999999999, 0.331), 0, (98.56566666666669, 0.0007333333333333332, 0.0002666666666666667), (205.5204, 0.03793333333333333, 0.025266666666666666), (205.5204, 0.03793333333333333, 0.025266666666666666), (178.9568, 0.0019333333333333331, 0.0014666666666666665), (123.73126666666663, 0.009733333333333332, 0.0028)]","[0, 0, 0, 0, 0, 0, 0, 0, 0, 0, 0, 0, 0, 0, 0, 0, 0, 0, 0, 0, (2, 1.666666666666667e-05, 0.011361111111111112), 0, 0, 0, (2, 0.0, 0.0023833333333333337), (3, 0.0, 0.02216111111111111), 0, (2, 0.0, 0.0009444444444444444), (3, 0.0, 1.6666666666666667e-05), (3, 0.0009, 0.029877777777777774), 0, (3, 0.0, 1.6666666666666667e-05), 0, (2, 0.00013333333333333334, 0.0024055555555555557), (3, 0.00785, 0.003533333333333333), (2, 0.0, 0.01923888888888889), 0, (3, 0.04375, 0.0321388888888889), 0, (1, 0.0, 0.0016666666666666668), (3, 0.00125, 0.027633333333333336), (3, 0.00125, 0.027633333333333336), (1, 0.36411666666666676, 0.01315), (2, 0.0, 2.2222222222222223e-05)]","[-1, -1, -1, -1, -1, -1, -1, -1, -1, -1, -1, -1, -1, -1, -1, -1, -1, -1, -1, -1, 14, -1, -1, -1, 6, 12, -1, 9, 10, 11, -1, 10, -1, 12, 14, 5, -1, 3, -1, 12, 0, 7, 9, 6]","[False, False, False, False, False, False, False, False, False, False, False, False, False, False, False, False, False, False, False, False, True, False, False, False, True, True, False, True, True, True, False, True, False, True, True, True, False, True, False, True, True, True, True, True]"
29,"[0, 0, 0, 0, 0, 0, 0, 0, 0, 0, 0, 0, 0, 0, 0, 0, 0, 0, 0, 0, 0, 0, 0, 0, 2423.947650729814, 2579.823708694874, 0, 1587.2851959743275, 1178.6284482263632, 2842.73561978406, 0, 1148.5784311327734, 0, 534.03988703, 1225.3250880184453, 0, 0, 1125.2060760191043, 0, 597.6615481065954, 3601.346184986549, 3601.346184986549, 657.7614400862267, 888.1447951553957, 2327.8664038117226]","[0, 0, 0, 1, 1, 1, 1, 2, 2, 2, 3, 3, 3, 3, 3, 4, 4, 4, 4, 4, 4, 5, 5, 5, 5, 5, 5, 5, 6, 6, 6, 7, 7, 7, 7, 8, 8, 8, 9, 9, 9, 9, 10, 10, 10]","[1, 1, 1, 2, 2, 2, 2, 3, 3, 3, 5, 4, 4, 4, 4, 5, 6, 8, 9, 10, 12, 12, 13, 13, 14, 14, 16, 17, 18, 19, 20, 20, 19, 21, 23, 23, 23, 25, 24, 27, 26, 26, 28, 28, 29]","[24, 6, 9, 13, 18, 14, 8, 10, 26, 18, 13, 24, 12, 19, 12, 23, 14, 23, 25, 17, -1, 19, 16, 19, -1, -1, 21, -1, -1, -1, 25, -1, 23, -1, -1, 29, 27, -1, 28, -1, -1, -1, -1, -1, -1]","[0, 0, 0, 0, 0, 0, 0, 0, 0, 0, 0, 0, 0, 0, 0, 0, 0, 0, 0, 0, 1401.8374559907775, 0, 0, 0, 2782.4014277872093, 2685.6486607510506, 0, 2479.2618779440504, 4029.0, 4029.0, 0, 4029.0, 0, 639.8648390861769, 2627.162544009223, 0, 0, 4029.0, 0, 703.4865001627722, 4029.0, 4029.0, 1549.7381220559496, 1246.598572212791, 4029.0]","[0, 0, 0, 0, 0, 0, 0, 0, 0, 0, 0, 0, 0, 0, 0, 0, 0, 0, 0, 0, (114.6442, 0.9444666666666667, 0.7338666666666667), 0, 0, 0, (33.5544, 0.009333333333333334, 0.010466666666666668), (369.0984, 0.017666666666666667, 0.010733333333333333), 0, (167.772, 0.11646666666666668, 0.0996), (29.66546666666667, 11.591533333333333, 11.616), (97.86666666666669, 0.0338, 0.023066666666666666), 0, (29.18493333333334, 11.238933333333332, 11.264533333333333), 0, (239.0746, 0.0012, 0.0016), (328.5532, 0.0, 0.0), 0, 0, (838.8603333333335, 0.08673333333333332, 0.3268666666666667), 0, (121.6344, 0.0005333333333333334, 0.0002), (130.0228, 0.042466666666666666, 0.027733333333333336), (130.0228, 0.042466666666666666, 0.027733333333333336), (192.93779999999998, 0.003933333333333333, 0.0014666666666666665), (120.93533333333332, 0.045200000000000004, 0.020266666666666665), (335.544, 0.016466666666666664, 0.009866666666666668)]","[0, 0, 0, 0, 0, 0, 0, 0, 0, 0, 0, 0, 0, 0, 0, 0, 0, 0, 0, 0, (2, 0.0, 0.013133333333333334), 0, 0, 0, (2, 0.0, 0.0022833333333333334), (3, 0.0, 0.018283333333333335), 0, (2, 0.0, 0.001027777777777778), (3, 0.0, 2.2222222222222223e-05), (3, 0.0, 0.02947777777777778), 0, (3, 0.0, 4.4444444444444447e-05), 0, (2, 0.00016666666666666666, 0.002361111111111111), (3, 0.007816666666666666, 0.003527777777777778), 0, 0, (3, 0.0, 0.012833333333333334), 0, (1, 0.0, 0.0015388888888888887), (3, 0.0008, 0.02777777777777778), (3, 0.0008, 0.02777777777777778), (1, 0.26766666666666666, 0.015294444444444444), (2, 0.0, 0.0), (3, 0.0, 0.015905555555555555)]","[-1, -1, -1, -1, -1, -1, -1, -1, -1, -1, -1, -1, -1, -1, -1, -1, -1, -1, -1, -1, 14, -1, -1, -1, 6, 12, -1, 9, 10, 11, -1, 15, -1, 12, 14, -1, -1, 3, -1, 12, 0, 7, 9, 6, 5]","[False, False, False, False, False, False, False, False, False, False, False, False, False, False, False, False, False, False, False, False, True, False, False, False, True, True, False, True, True, True, False, True, False, True, True, False, False, True, False, True, True, True, True, True, True]"
30,"[0, 0, 0, 0, 0, 0, 0, 0, 0, 0, 0, 0, 0, 0, 0, 0, 0, 0, 0, 0, 0, 0, 0, 0, 2394.2787688359367, 0, 0, 1563.5500902401322, 1005.0061272411768, 2867.38361648739, 0, 1181.9673390145404, 0, 531.0729987687222, 1254.9939763481898, 0, 0, 1045.0727056201176, 0, 554.2559608139378, 3261.75156374067, 3261.75156374067, 711.18368902724, 851.4170028745334, 2503.141050686958]","[0, 0, 0, 1, 1, 1, 1, 2, 2, 2, 3, 3, 3, 3, 3, 4, 4, 4, 4, 4, 4, 5, 5, 5, 5, 5, 5, 5, 6, 6, 6, 7, 7, 7, 7, 8, 8, 8, 9, 9, 9, 9, 10, 10, 10]","[1, 1, 1, 2, 2, 2, 2, 3, 3, 3, 5, 4, 4, 4, 4, 5, 6, 8, 9, 10, 12, 12, 13, 13, 14, 14, 16, 17, 18, 19, 20, 20, 19, 21, 23, 23, 23, 25, 24, 27, 26, 26, 28, 28, 29]","[24, 6, 9, 13, 18, 14, 8, 10, 26, 18, 13, 24, 12, 19, 12, 23, 14, 23, 25, 17, 30, 19, 16, 19, -1, -1, 21, -1, -1, -1, 25, -1, 23, -1, -1, 29, 27, -1, 28, -1, -1, -1, -1, -1, -1]","[0, 0, 0, 0, 0, 0, 0, 0, 0, 0, 0, 0, 0, 0, 0, 0, 0, 0, 0, 0, 0, 0, 0, 0, 2785.9308829807014, 981.2236801391133, 0, 2440.683200606446, 4029.0, 4029.0, 0, 4029.0, 0, 1512.2966789078355, 4029.0, 0, 0, 4029.0, 0, 1535.479640953051, 4029.0, 4029.0, 1588.3167993935538, 1243.0691170192983, 4029.0]","[0, 0, 0, 0, 0, 0, 0, 0, 0, 0, 0, 0, 0, 0, 0, 0, 0, 0, 0, 0, 0, 0, 0, 0, (100.6632, 0.009266666666666668, 0.010733333333333333), (346.7288, 0.020133333333333333, 0.010266666666666667), 0, (167.772, 0.11606666666666667, 0.09946666666666669), (30.01513333333334, 8.723066666666668, 8.7436), (98.5656, 0.03406666666666667, 0.023066666666666666), 0, (29.79646666666667, 11.306333333333336, 11.331333333333335), 0, (244.6674, 0.0012, 0.0014666666666666665), (282.41606666666667, 0.0, 0.0), 0, 0, (721.42, 0.07806666666666666, 0.33893333333333336), 0, (125.82866666666669, 0.0007333333333333332, 0.0002666666666666667), (110.44946666666667, 0.04046666666666667, 0.026666666666666672), (110.44946666666667, 0.04046666666666667, 0.026666666666666672), (134.2176, 0.002, 0.0014), (120.23626666666664, 0.034466666666666666, 0.0114), (427.8186, 0.011466666666666667, 0.006066666666666666)]","[0, 0, 0, 0, 0, 0, 0, 0, 0, 0, 0, 0, 0, 0, 0, 0, 0, 0, 0, 0, 0, 0, 0, 0, (2, 0.0, 0.002338888888888889), (3, 0.0, 0.02930555555555556), 0, (2, 0.0, 0.000972222222222222), (3, 0.0, 2.7777777777777776e-05), (3, 0.0, 0.029166666666666667), 0, (3, 0.0, 1.6666666666666667e-05), 0, (2, 0.0, 0.002361111111111111), (3, 0.00675, 0.003411111111111111), 0, 0, (3, 0.0, 0.011183333333333332), 0, (1, 0.0, 0.00165), (3, 0.00011666666666666667, 0.02971666666666666), (3, 0.00011666666666666667, 0.02971666666666666), (1, 0.2701, 0.013050000000000004), (2, 0.0, 2.2222222222222223e-05), (3, 1.666666666666667e-05, 0.017866666666666666)]","[-1, -1, -1, -1, -1, -1, -1, -1, -1, -1, -1, -1, -1, -1, -1, -1, -1, -1, -1, -1, -1, -1, -1, -1, 6, 12, -1, 9, 10, 11, -1, 15, -1, 12, 14, -1, -1, 3, -1, 12, 0, 7, 9, 6, 5]","[False, False, False, False, False, False, False, False, False, False, False, False, False, False, False, False, False, False, False, False, False, False, False, False, True, True, False, True, True, True, False, True, False, True, True, False, False, True, False, True, True, True, True, True, True]"
31,"[0, 0, 0, 0, 0, 0, 0, 0, 0, 0, 0, 0, 0, 0, 0, 0, 0, 0, 0, 0, 0, 0, 0, 0, 2376.47743969961, 0, 0, 0, 0, 3604.08485128692, 0, 1178.6284482263632, 0, 578.5432109491665, 0, 0, 0, 1385.6395298158109, 0, 597.6615481065954, 3502.7541981732297, 3502.7541981732297, 647.7447684097866, 834.7225518377779, 2497.663717972107, 1763.7010974382797, 881.4670876440003]","[0, 0, 0, 1, 1, 1, 1, 2, 2, 2, 3, 3, 3, 3, 3, 4, 4, 4, 4, 4, 4, 5, 5, 5, 5, 5, 5, 5, 6, 6, 6, 7, 7, 7, 7, 8, 8, 8, 9, 9, 9, 9, 10, 10, 10, 10, 10]","[1, 1, 1, 2, 2, 2, 2, 3, 3, 3, 5, 4, 4, 4, 4, 5, 6, 8, 9, 10, 12, 12, 13, 13, 14, 14, 16, 17, 18, 19, 20, 20, 19, 21, 23, 23, 23, 25, 24, 27, 26, 26, 28, 28, 29, 31, 31]","[24, 6, 9, 13, 18, 14, 8, 10, 26, 18, 13, 24, 12, 19, 12, 23, 14, 23, 25, 17, 30, 19, 16, 19, -1, 31, 21, -1, -1, -1, 25, -1, 23, -1, -1, 29, 27, -1, 28, -1, -1, -1, -1, -1, -1, -1, -1]","[0, 0, 0, 0, 0, 0, 0, 0, 0, 0, 0, 0, 0, 0, 0, 0, 0, 0, 0, 0, 0, 0, 0, 0, 2785.377443930916, 0, 0, 1690.6276157951067, 4029.0, 4029.0, 0, 4029.0, 0, 2004.9408314212856, 4029.0, 0, 0, 4029.0, 0, 2024.0591685787144, 4029.0, 4029.0, 2338.3723842048935, 1243.6225560690839, 2822.598315164053, 4029.0, 1206.4016848359465]","[0, 0, 0, 0, 0, 0, 0, 0, 0, 0, 0, 0, 0, 0, 0, 0, 0, 0, 0, 0, 0, 0, 0, 0, (117.4404, 0.0092, 0.0106), 0, 0, (134.2176, 0.11626666666666668, 0.0994), (30.233466666666672, 11.099666666666664, 11.125866666666667), (159.383, 0.27046666666666663, 0.022466666666666666), 0, (29.66546666666667, 11.591533333333333, 11.616), 0, (275.4254, 0.0011333333333333332, 0.0014666666666666665), (459.97486666666657, 0.0, 0.0), 0, 0, (671.0880666666666, 0.08573333333333333, 0.32080000000000003), 0, (98.56533333333331, 0.0005333333333333334, 0.0002), (119.5372, 0.03373333333333334, 0.02686666666666667), (119.5372, 0.03373333333333334, 0.02686666666666667), (226.49220000000003, 0.0016666666666666668, 0.0014), (130.722, 0.026466666666666666, 0.011066666666666664), (419.43, 0.0086, 0.004933333333333334), (39.146666666666654, 0.29753333333333337, 0.0019333333333333331), (95.9442, 0.019933333333333334, 0.0208)]","[0, 0, 0, 0, 0, 0, 0, 0, 0, 0, 0, 0, 0, 0, 0, 0, 0, 0, 0, 0, 0, 0, 0, 0, (2, 0.0, 0.0023166666666666665), 0, 0, (2, 0.0, 0.0009555555555555555), (3, 0.0, 2.7777777777777776e-05), (3, 0.0013666666666666669, 0.02918888888888889), 0, (3, 0.0, 2.2222222222222223e-05), 0, (2, 0.0005666666666666666, 0.002327777777777778), (3, 0.0192, 0.013244444444444444), 0, 0, (3, 0.0, 0.018272222222222224), 0, (1, 0.0, 0.0015500000000000002), (3, 0.0013666666666666669, 0.04000555555555556), (3, 0.0013666666666666669, 0.04000555555555556), (1, 0.27021666666666666, 0.012733333333333334), (2, 0.0, 4.4444444444444447e-05), (3, 0.0, 0.021744444444444445), (1, 0.003, 0.06097777777777777), (1, 0.0012, 0.05558333333333333)]","[-1, -1, -1, -1, -1, -1, -1, -1, -1, -1, -1, -1, -1, -1, -1, -1, -1, -1, -1, -1, -1, -1, -1, -1, 6, -1, -1, 9, 10, 11, -1, 15, -1, 12, 14, -1, -1, 3, -1, 12, 0, 7, 9, 6, 5, 4, 5]","[False, False, False, False, False, False, False, False, False, False, False, False, False, False, False, False, False, False, False, False, False, False, False, False, True, False, False, True, True, True, False, True, False, True, True, False, False, True, False, True, True, True, True, True, True, True, True]"
32,"[0, 0, 0, 0, 0, 0, 0, 0, 0, 0, 0, 0, 0, 0, 0, 0, 0, 0, 0, 0, 0, 0, 0, 0, 2382.4112160783857, 0, 0, 0, 0, 4107.999450555, 0, 0, 0, 569.6425461653333, 0, 0, 0, 0, 0, 567.6115261347555, 2935.85027399664, 2935.85027399664, 724.5392512624934, 791.3169791422134, 2664.722365775066, 1385.7651479872202, 754.589249271, 454.0891471920266]","[0, 0, 0, 1, 1, 1, 1, 2, 2, 2, 3, 3, 3, 3, 3, 4, 4, 4, 4, 4, 4, 5, 5, 5, 5, 5, 5, 5, 6, 6, 6, 7, 7, 7, 7, 8, 8, 8, 9, 9, 9, 9, 10, 10, 10, 10, 10, 11]","[1, 1, 1, 2, 2, 2, 2, 3, 3, 3, 5, 4, 4, 4, 4, 5, 6, 8, 9, 10, 12, 12, 13, 13, 14, 14, 16, 17, 18, 19, 20, 20, 19, 21, 23, 23, 23, 25, 24, 27, 26, 26, 28, 28, 29, 31, 31, 32]","[24, 6, 9, 13, 18, 14, 8, 10, 26, 18, 13, 24, 12, 19, 12, 23, 14, 23, 25, 17, 30, 19, 16, 19, -1, 31, 21, 32, 32, -1, 25, -1, 23, -1, 32, 29, 27, -1, 28, -1, -1, -1, -1, -1, -1, -1, -1, -1]","[0, 0, 0, 0, 0, 0, 0, 0, 0, 0, 0, 0, 0, 0, 0, 0, 0, 0, 0, 0, 0, 0, 0, 0, 2810.0471184680864, 0, 0, 0, 0, 4029.0, 0, 4029.0, 0, 2015.5155100152888, 0, 0, 0, 4029.0, 0, 2013.4844899847112, 4029.0, 4029.0, 4029.0, 1218.952881531914, 2969.5665582520332, 4029.0, 1059.433441747967, 4029.0]","[0, 0, 0, 0, 0, 0, 0, 0, 0, 0, 0, 0, 0, 0, 0, 0, 0, 0, 0, 0, 0, 0, 0, 0, (134.2176, 0.0092, 0.010733333333333333), 0, 0, 0, 0, (234.88039999999998, 0.2981333333333333, 0.018066666666666665), 0, (30.01513333333334, 8.723066666666668, 8.7436), 0, (257.2501333333333, 0.0011333333333333332, 0.0014666666666666665), 0, 0, 0, (767.5571333333334, 0.08106666666666666, 0.391), 0, (113.24566666666668, 0.0007333333333333332, 0.0002666666666666667), (105.55626666666666, 0.03646666666666667, 0.024466666666666664), (105.55626666666666, 0.03646666666666667, 0.024466666666666664), (271.2314, 0.0722, 0.0028666666666666667), (164.2764, 0.008733333333333333, 0.0061333333333333335), (455.7806, 0.011333333333333336, 0.005066666666666666), (65.71033333333331, 0.2166, 0.004533333333333333), (96.9928, 0.020133333333333333, 0.014066666666666665), (29.621666666666673, 4.1293999999999995, 4.1416)]","[0, 0, 0, 0, 0, 0, 0, 0, 0, 0, 0, 0, 0, 0, 0, 0, 0, 0, 0, 0, 0, 0, 0, 0, (2, 0.0, 0.002361111111111111), 0, 0, 0, 0, (3, 8.333333333333333e-05, 0.02883888888888889), 0, (3, 0.0, 2.7777777777777776e-05), 0, (2, 0.0002333333333333333, 0.002361111111111111), 0, 0, 0, (3, 0.0, 0.02345), 0, (1, 0.0, 0.0016666666666666668), (3, 0.0, 0.024422222222222224), (3, 0.0, 0.024422222222222224), (1, 0.24863333333333332, 0.04668333333333334), (2, 0.0, 8.88888888888889e-05), (3, 0.0, 0.016805555555555553), (1, 0.0002833333333333333, 0.09404444444444444), (1, 0.0, 0.054338888888888895), (3, 0.0, 1.6666666666666667e-05)]","[-1, -1, -1, -1, -1, -1, -1, -1, -1, -1, -1, -1, -1, -1, -1, -1, -1, -1, -1, -1, -1, -1, -1, -1, 6, -1, -1, -1, -1, 11, -1, 15, -1, 12, -1, -1, -1, 3, -1, 12, 0, 7, 9, 6, 5, 4, 5, 14]","[False, False, False, False, False, False, False, False, False, False, False, False, False, False, False, False, False, False, False, False, False, False, False, False, True, False, False, False, False, True, False, True, False, True, False, False, False, True, False, True, True, True, True, True, True, True, True, True]"
33,"[0, 0, 0, 0, 0, 0, 0, 0, 0, 0, 0, 0, 0, 0, 0, 0, 0, 0, 0, 0, 0, 0, 0, 0, 2397.245657025325, 0, 0, 0, 0, 3519.18619597545, 0, 0, 0, 777.3247244547779, 0, 0, 0, 0, 0, 611.0171134274134, 2837.2582871833197, 2837.2582871833197, 737.8948134977464, 794.6558693495645, 2478.4930534701275, 1569.2557901120101, 754.589249271, 1315.5229705416066, 3815.4812123039737, 590.9835929581135]","[0, 0, 0, 1, 1, 1, 1, 2, 2, 2, 3, 3, 3, 3, 3, 4, 4, 4, 4, 4, 4, 5, 5, 5, 5, 5, 5, 5, 6, 6, 6, 7, 7, 7, 7, 8, 8, 8, 9, 9, 9, 9, 10, 10, 10, 10, 10, 11, 11, 11]","[1, 1, 1, 2, 2, 2, 2, 3, 3, 3, 5, 4, 4, 4, 4, 5, 6, 8, 9, 10, 12, 12, 13, 13, 14, 14, 16, 17, 18, 19, 20, 20, 19, 21, 23, 23, 23, 25, 24, 27, 26, 26, 28, 28, 29, 31, 31, 32, 33, 33]","[24, 6, 9, 13, 18, 14, 8, 10, 26, 18, 13, 24, 12, 19, 12, 23, 14, 23, 25, 17, 30, 19, 16, 19, -1, 31, 21, 32, 32, -1, 25, 33, 23, -1, 32, 29, 27, 33, 28, -1, -1, -1, -1, -1, -1, -1, -1, -1, -1, -1]","[0, 0, 0, 0, 0, 0, 0, 0, 0, 0, 0, 0, 0, 0, 0, 0, 0, 0, 0, 0, 0, 0, 0, 0, 2815.7948938378804, 0, 0, 0, 0, 4029.0, 0, 0, 0, 2097.6538055136825, 0, 0, 0, 0, 0, 1931.346194486318, 4029.0, 4029.0, 4029.0, 1213.2051061621198, 2876.451902099564, 4029.0, 1152.5480979004362, 2376.7696887917464, 4029.0, 1652.2303112082536]","[0, 0, 0, 0, 0, 0, 0, 0, 0, 0, 0, 0, 0, 0, 0, 0, 0, 0, 0, 0, 0, 0, 0, 0, (268.4352, 0.009333333333333334, 0.0104), 0, 0, 0, 0, (221.59853333333334, 0.0404, 0.026733333333333335), 0, 0, 0, (377.48666666666674, 0.0012, 0.0016), 0, 0, 0, 0, 0, (127.92593333333336, 0.0005333333333333334, 0.0002), (111.8476, 0.035666666666666666, 0.024), (111.8476, 0.035666666666666666, 0.024), (164.9758, 0.0021333333333333334, 0.0014666666666666665), (148.19806666666668, 0.008400000000000001, 0.004866666666666666), (332.7478, 0.012333333333333335, 0.0056), (40.54486666666667, 0.21746666666666667, 0.0017333333333333335), (90.177, 0.02, 0.014), (29.53446666666667, 12.107333333333337, 12.139266666666664), (1426.063, 0.14286666666666667, 0.5943999999999999), (265.6387333333333, 0.05313333333333333, 0.031266666666666665)]","[0, 0, 0, 0, 0, 0, 0, 0, 0, 0, 0, 0, 0, 0, 0, 0, 0, 0, 0, 0, 0, 0, 0, 0, (2, 0.0, 0.0024055555555555557), 0, 0, 0, 0, (3, 0.0, 0.02946666666666667), 0, 0, 0, (2, 0.6301, 0.005644444444444444), 0, 0, 0, 0, 0, (1, 0.0, 0.0015222222222222221), (3, 0.0, 0.028383333333333337), (3, 0.0, 0.028383333333333337), (1, 0.2376, 0.013488888888888885), (2, 0.0, 0.0), (3, 0.0, 0.021144444444444445), (1, 0.0, 0.05373333333333333), (1, 3.3333333333333335e-05, 0.05506666666666666), (3, 0.0, 1.6666666666666667e-05), (3, 0.005116666666666666, 0.1869), (3, 0.0, 0.006316666666666667)]","[-1, -1, -1, -1, -1, -1, -1, -1, -1, -1, -1, -1, -1, -1, -1, -1, -1, -1, -1, -1, -1, -1, -1, -1, 6, -1, -1, -1, -1, 11, -1, -1, -1, 12, -1, -1, -1, -1, -1, 12, 0, 7, 9, 6, 5, 4, 5, 14, 1, 14]","[False, False, False, False, False, False, False, False, False, False, False, False, False, False, False, False, False, False, False, False, False, False, False, False, True, False, False, False, False, True, False, False, False, True, False, False, False, False, False, True, True, True, True, True, True, True, True, True, True, True]"
34,"[0, 0, 0, 0, 0, 0, 0, 0, 0, 0, 0, 0, 0, 0, 0, 0, 0, 0, 0, 0, 0, 0, 0, 0, 2382.4112160783857, 0, 0, 0, 0, 3576.69818828322, 0, 0, 0, 0, 0, 0, 0, 0, 0, 554.2559608139378, 2777.0076285751793, 2777.0076285751793, 0, 781.30030852016, 2629.1197031285333, 1517.22113040498, 741.2336873370001, 1135.2228679800667, 2446.521763816231, 580.9669218910268, 922.7020845904912]","[0, 0, 0, 1, 1, 1, 1, 2, 2, 2, 3, 3, 3, 3, 3, 4, 4, 4, 4, 4, 4, 5, 5, 5, 5, 5, 5, 5, 6, 6, 6, 7, 7, 7, 7, 8, 8, 8, 9, 9, 9, 9, 10, 10, 10, 10, 10, 11, 11, 11, 12]","[1, 1, 1, 2, 2, 2, 2, 3, 3, 3, 5, 4, 4, 4, 4, 5, 6, 8, 9, 10, 12, 12, 13, 13, 14, 14, 16, 17, 18, 19, 20, 20, 19, 21, 23, 23, 23, 25, 24, 27, 26, 26, 28, 28, 29, 31, 31, 32, 33, 33, 34]","[24, 6, 9, 13, 18, 14, 8, 10, 26, 18, 13, 24, 12, 19, 12, 23, 14, 23, 25, 17, 30, 19, 16, 19, -1, 31, 21, 32, 32, -1, 25, 33, 23, -1, 32, 29, 27, 33, 28, -1, -1, -1, -1, -1, -1, -1, -1, -1, -1, -1, -1]","[0, 0, 0, 0, 0, 0, 0, 0, 0, 0, 0, 0, 0, 0, 0, 0, 0, 0, 0, 0, 0, 0, 0, 0, 2815.055453779113, 0, 0, 0, 0, 4029.0, 0, 0, 0, 1737.3720195930312, 0, 0, 0, 0, 0, 2291.627980406969, 4029.0, 2941.6527719923442, 4029.0, 1213.9445462208873, 2958.4430078957666, 4029.0, 1070.5569921042334, 2291.62797304452, 4029.0, 1737.3720269554801, 1087.3472280076558]","[0, 0, 0, 0, 0, 0, 0, 0, 0, 0, 0, 0, 0, 0, 0, 0, 0, 0, 0, 0, 0, 0, 0, 0, (100.6632, 0.009333333333333334, 0.010466666666666668), 0, 0, 0, 0, (117.44013333333332, 0.04193333333333333, 0.027666666666666673), 0, 0, 0, (308.9798, 0.0011333333333333332, 0.0016), 0, 0, 0, 0, 0, (79.69133333333332, 0.0007333333333333332, 0.0002666666666666667), (115.3428, 0.03426666666666667, 0.023266666666666665), (115.3428, 0.03426666666666667, 0.023266666666666665), (159.3834, 0.0022666666666666664, 0.0018), (134.21720000000002, 0.002466666666666667, 0.0006666666666666666), (377.487, 0.011333333333333336, 0.0054), (26.56353333333333, 0.21073333333333333, 0.0014), (93.3228, 0.018333333333333333, 0.014133333333333333), (31.3258, 10.272666666666666, 10.300266666666666), (1311.4188000000001, 0.1956, 0.7402000000000001), (272.62933333333325, 0.053200000000000004, 0.03573333333333333), (97.867, 0.5311333333333333, 0.4374666666666666)]","[0, 0, 0, 0, 0, 0, 0, 0, 0, 0, 0, 0, 0, 0, 0, 0, 0, 0, 0, 0, 0, 0, 0, 0, (2, 0.0, 0.0023777777777777777), 0, 0, 0, 0, (3, 0.0027166666666666667, 0.027800000000000002), 0, 0, 0, (2, 0.002916666666666666, 0.002338888888888889), 0, 0, 0, 0, 0, (1, 0.0, 0.0016666666666666668), (3, 0.0, 0.027411111111111112), (3, 0.0, 0.027411111111111112), (1, 0.27031666666666665, 0.012972222222222222), (2, 0.0, 4.4444444444444447e-05), (3, 0.0, 0.030616666666666664), (1, 1.666666666666667e-05, 0.05187222222222222), (1, 0.0, 0.0557), (3, 0.0, 4.4444444444444447e-05), (3, 0.0006, 0.11304444444444445), (3, 0.0, 0.0011611111111111112), (1, 0.0, 0.0014666666666666662)]","[-1, -1, -1, -1, -1, -1, -1, -1, -1, -1, -1, -1, -1, -1, -1, -1, -1, -1, -1, -1, -1, -1, -1, -1, 6, -1, -1, -1, -1, 11, -1, -1, -1, 12, -1, -1, -1, -1, -1, 12, 0, 7, 9, 6, 5, 4, 5, 14, 1, 14, 7]","[False, False, False, False, False, False, False, False, False, False, False, False, False, False, False, False, False, False, False, False, False, False, False, False, True, False, False, False, False, True, False, False, False, True, False, False, False, False, False, True, True, True, True, True, True, True, True, True, True, True, True]"
35,"[0, 0, 0, 0, 0, 0, 0, 0, 0, 0, 0, 0, 0, 0, 0, 0, 0, 0, 0, 0, 0, 0, 0, 0, 2382.4112160783857, 0, 0, 0, 0, 0, 0, 0, 0, 0, 0, 0, 0, 0, 0, 0, 3089.2155868173595, 3089.2155868173595, 0, 818.0281008010221, 2505.879717044383, 1569.2557901120101, 804.6726065235, 1145.2395403445964, 2303.8585840403466, 557.5946894011578, 925.6689723222934, 1763.7010974382797]","[0, 0, 0, 1, 1, 1, 1, 2, 2, 2, 3, 3, 3, 3, 3, 4, 4, 4, 4, 4, 4, 5, 5, 5, 5, 5, 5, 5, 6, 6, 6, 7, 7, 7, 7, 8, 8, 8, 9, 9, 9, 9, 10, 10, 10, 10, 10, 11, 11, 11, 12, 12]","[1, 1, 1, 2, 2, 2, 2, 3, 3, 3, 5, 4, 4, 4, 4, 5, 6, 8, 9, 10, 12, 12, 13, 13, 14, 14, 16, 17, 18, 19, 20, 20, 19, 21, 23, 23, 23, 25, 24, 27, 26, 26, 28, 28, 29, 31, 31, 32, 33, 33, 34, 35]","[24, 6, 9, 13, 18, 14, 8, 10, 26, 18, 13, 24, 12, 19, 12, 23, 14, 23, 25, 17, 30, 19, 16, 19, -1, 31, 21, 32, 32, -1, 25, 33, 23, 35, 32, 29, 27, 33, 28, -1, -1, -1, 35, -1, -1, -1, -1, -1, -1, -1, -1, -1]","[0, 0, 0, 0, 0, 0, 0, 0, 0, 0, 0, 0, 0, 0, 0, 0, 0, 0, 0, 0, 0, 0, 0, 0, 2796.691557638682, 0, 0, 0, 0, 4029.0, 0, 0, 0, 0, 0, 0, 0, 0, 0, 4029.0, 4029.0, 3096.273307247533, 0, 1232.3084423613182, 2865.1035552604417, 4029.0, 1163.8964447395585, 2308.3224254717193, 4029.0, 1720.6775745282807, 932.7266927524669, 4029.0]","[0, 0, 0, 0, 0, 0, 0, 0, 0, 0, 0, 0, 0, 0, 0, 0, 0, 0, 0, 0, 0, 0, 0, 0, (201.3264, 0.009066666666666666, 0.010666666666666666), 0, 0, 0, 0, (115.3428, 0.04046666666666667, 0.026666666666666672), 0, 0, 0, 0, 0, 0, 0, 0, 0, (121.6344, 0.0005333333333333334, 0.0002), (111.1486, 0.03153333333333334, 0.0434), (111.1486, 0.03153333333333334, 0.0434), 0, (95.76953333333334, 0.0094, 0.006266666666666668), (321.563, 0.0134, 0.007933333333333334), (40.54466666666666, 0.2174, 0.0013333333333333333), (93.8472, 0.0318, 0.0146), (31.238400000000002, 10.958333333333334, 10.986266666666667), (1255.4948, 0.13406666666666667, 0.4640666666666667), (160.78126666666668, 0.05293333333333333, 0.031466666666666664), (114.6442, 0.5428, 0.4749333333333333), (39.146666666666654, 0.29753333333333337, 0.0019333333333333331)]","[0, 0, 0, 0, 0, 0, 0, 0, 0, 0, 0, 0, 0, 0, 0, 0, 0, 0, 0, 0, 0, 0, 0, 0, (2, 0.0, 0.0023555555555555556), 0, 0, 0, 0, (3, 0.0, 0.025622222222222223), 0, 0, 0, 0, 0, 0, 0, 0, 0, (1, 0.0, 0.0015611111111111112), (3, 0.0009, 0.029877777777777774), (3, 0.0009, 0.029877777777777774), 0, (2, 0.0, 0.0), (3, 0.0, 0.017744444444444448), (1, 0.00013333333333333334, 0.05250555555555555), (1, 0.00011666666666666667, 0.053427777777777775), (3, 0.0, 2.2222222222222223e-05), (3, 1.666666666666667e-05, 0.12178333333333334), (3, 0.0, 0.0011222222222222222), (1, 0.0, 0.001527777777777778), (1, 0.003, 0.06097777777777777)]","[-1, -1, -1, -1, -1, -1, -1, -1, -1, -1, -1, -1, -1, -1, -1, -1, -1, -1, -1, -1, -1, -1, -1, -1, 6, -1, -1, -1, -1, 11, -1, -1, -1, -1, -1, -1, -1, -1, -1, 12, 0, 7, -1, 6, 5, 4, 5, 14, 1, 14, 7, 2]","[False, False, False, False, False, False, False, False, False, False, False, False, False, False, False, False, False, False, False, False, False, False, False, False, True, False, False, False, False, True, False, False, False, False, False, False, False, False, False, True, True, True, False, True, True, True, True, True, True, True, True, True]"
36,"[0, 0, 0, 0, 0, 0, 0, 0, 0, 0, 0, 0, 0, 0, 0, 0, 0, 0, 0, 0, 0, 0, 0, 0, 0, 0, 0, 0, 0, 0, 0, 0, 0, 0, 0, 0, 0, 0, 0, 0, 2842.73561978406, 2842.73561978406, 0, 784.6391987275113, 2519.573048831511, 1662.37044432459, 844.7392923255, 1218.6951376844836, 2662.034226881929, 574.2891411796356, 3464.41286996805, 928.6358600540952, 1385.7651479872202, 731.2170323801198, 517.5280212281833, 590.9835929581135]","[0, 0, 0, 1, 1, 1, 1, 2, 2, 2, 3, 3, 3, 3, 3, 4, 4, 4, 4, 4, 4, 5, 5, 5, 5, 5, 5, 5, 6, 6, 6, 7, 7, 7, 7, 8, 8, 8, 9, 9, 9, 9, 10, 10, 10, 10, 10, 11, 11, 11, 12, 12, 12, 12, 12, 12]","[1, 1, 1, 2, 2, 2, 2, 3, 3, 3, 5, 4, 4, 4, 4, 5, 6, 8, 9, 10, 12, 12, 13, 13, 14, 14, 16, 17, 18, 19, 20, 20, 19, 21, 23, 23, 23, 25, 24, 27, 26, 26, 28, 28, 29, 31, 31, 32, 33, 33, 36, 34, 35, 36, 36, 36]","[24, 6, 9, 13, 18, 14, 8, 10, 26, 18, 13, 24, 12, 19, 12, 23, 14, 23, 25, 17, 30, 19, 16, 19, -1, 31, 21, 32, 32, 36, 25, 33, 23, 35, 32, 29, 27, 33, 28, 36, -1, -1, 35, -1, -1, -1, -1, -1, -1, -1, -1, -1, -1, -1, -1, -1]","[0, 0, 0, 0, 0, 0, 0, 0, 0, 0, 0, 0, 0, 0, 0, 0, 0, 0, 0, 0, 0, 0, 0, 0, 1622.1804006362445, 0, 0, 0, 0, 0, 0, 0, 0, 0, 0, 0, 0, 0, 0, 0, 4029.0, 2971.5498798649824, 0, 2406.8195993637555, 4029.0, 2550.1934256832383, 1063.1763942210493, 1437.132239580033, 4029.0, 792.726243075185, 4029.0, 1057.4501201350176, 4029.0, 4029.0, 735.9651231237327, 1478.8065743167617]","[0, 0, 0, 0, 0, 0, 0, 0, 0, 0, 0, 0, 0, 0, 0, 0, 0, 0, 0, 0, 0, 0, 0, 0, (402.6528, 0.009266666666666668, 0.010733333333333333), 0, 0, 0, 0, 0, 0, 0, 0, 0, 0, 0, 0, 0, 0, 0, (97.86666666666669, 0.0338, 0.023066666666666666), (97.86666666666669, 0.0338, 0.023066666666666666), 0, (113.94486666666668, 0.0015333333333333334, 0.0006666666666666666), (343.9326, 0.013333333333333336, 0.0074666666666666675), (36.35026666666667, 0.25166666666666665, 0.0012), (99.0902, 0.043, 0.015133333333333334), (30.75773333333333, 11.004733333333336, 11.030333333333335), (1470.8021999999999, 0.18553333333333333, 0.47233333333333327), (143.3049333333333, 0.05273333333333334, 0.030533333333333336), (168.47066666666663, 0.27493333333333336, 0.023333333333333327), (109.0518, 0.5416666666666666, 0.5044666666666666), (65.71033333333331, 0.2166, 0.004533333333333333), (178.9568, 0.0019333333333333331, 0.0014666666666666665), (58.7202, 0.004733333333333333, 0.00013333333333333334), (265.6387333333333, 0.05313333333333333, 0.031266666666666665)]","[0, 0, 0, 0, 0, 0, 0, 0, 0, 0, 0, 0, 0, 0, 0, 0, 0, 0, 0, 0, 0, 0, 0, 0, (2, 0.0, 0.002327777777777778), 0, 0, 0, 0, 0, 0, 0, 0, 0, 0, 0, 0, 0, 0, 0, (3, 0.0, 0.02947777777777778), (3, 0.0, 0.02947777777777778), 0, (2, 0.0, 1.6666666666666667e-05), (3, 0.0, 0.017083333333333332), (1, 0.0, 0.05533333333333333), (1, 0.0, 0.05496666666666667), (3, 0.0, 2.2222222222222223e-05), (3, 1.666666666666667e-05, 0.1395388888888889), (3, 0.0, 0.0011333333333333332), (3, 0.2927833333333333, 0.026605555555555556), (1, 0.0, 0.0017222222222222224), (1, 0.0002833333333333333, 0.09404444444444444), (1, 0.36411666666666676, 0.01315), (2, 0.0, 0.0010944444444444443), (3, 0.0, 0.006316666666666667)]","[-1, -1, -1, -1, -1, -1, -1, -1, -1, -1, -1, -1, -1, -1, -1, -1, -1, -1, -1, -1, -1, -1, -1, -1, 6, -1, -1, -1, -1, -1, -1, -1, -1, -1, -1, -1, -1, -1, -1, -1, 0, 7, -1, 6, 5, 4, 14, 14, 1, 14, 13, 7, 9, 11, 14, 4]","[False, False, False, False, False, False, False, False, False, False, False, False, False, False, False, False, False, False, False, False, False, False, False, False, True, False, False, False, False, False, False, False, False, False, False, False, False, False, False, False, True, True, False, True, True, True, True, True, True, True, True, True, True, True, True, True]"
37,"[0, 0, 0, 0, 0, 0, 0, 0, 0, 0, 0, 0, 0, 0, 0, 0, 0, 0, 0, 0, 0, 0, 0, 0, 0, 0, 0, 0, 0, 0, 0, 0, 0, 0, 0, 0, 0, 0, 0, 0, 2867.38361648739, 2867.38361648739, 0, 868.1114539112888, 2440.1517244661704, 1654.15444542348, 814.6892779739999, 1191.9840113790701, 2986.820614882346, 577.6280315353312, 4442.116739200141, 931.6027477858978, 1569.2557901120101, 657.7614400862267, 510.85024030910995, 580.9669218910268]","[0, 0, 0, 1, 1, 1, 1, 2, 2, 2, 3, 3, 3, 3, 3, 4, 4, 4, 4, 4, 4, 5, 5, 5, 5, 5, 5, 5, 6, 6, 6, 7, 7, 7, 7, 8, 8, 8, 9, 9, 9, 9, 10, 10, 10, 10, 10, 11, 11, 11, 12, 12, 12, 12, 12, 12]","[1, 1, 1, 2, 2, 2, 2, 3, 3, 3, 5, 4, 4, 4, 4, 5, 6, 8, 9, 10, 12, 12, 13, 13, 14, 14, 16, 17, 18, 19, 20, 20, 19, 21, 23, 23, 23, 25, 24, 27, 26, 26, 28, 28, 29, 31, 31, 32, 33, 33, 36, 34, 35, 36, 36, 36]","[24, 6, 9, 13, 18, 14, 8, 10, 26, 18, 13, 24, 12, 19, 12, 23, 14, 23, 25, 17, 30, 19, 16, 19, 37, 31, 21, 32, 32, 36, 25, 33, 23, 35, 32, 29, 27, 33, 28, 36, -1, -1, 35, -1, -1, -1, -1, -1, -1, -1, -1, -1, -1, -1, -1, -1]","[0, 0, 0, 0, 0, 0, 0, 0, 0, 0, 0, 0, 0, 0, 0, 0, 0, 0, 0, 0, 0, 0, 0, 0, 0, 0, 0, 0, 0, 0, 0, 0, 0, 0, 0, 0, 0, 0, 0, 0, 4029.0, 2982.390434350746, 0, 4029.0, 4029.0, 2551.0937617662266, 1048.1513876746221, 1425.4461210796924, 4029.0, 811.0901412359534, 4029.0, 1046.609565649254, 4029.0, 4029.0, 744.3123500097322, 1477.9062382337734]","[0, 0, 0, 0, 0, 0, 0, 0, 0, 0, 0, 0, 0, 0, 0, 0, 0, 0, 0, 0, 0, 0, 0, 0, 0, 0, 0, 0, 0, 0, 0, 0, 0, 0, 0, 0, 0, 0, 0, 0, (98.5656, 0.03406666666666667, 0.023066666666666666), (98.5656, 0.03406666666666667, 0.023066666666666666), 0, (117.43993333333336, 0.021133333333333334, 0.005333333333333333), (478.1502, 0.012199999999999999, 0.007066666666666666), (36.35046666666667, 0.2538666666666667, 0.0013333333333333333), (91.7496, 0.042133333333333335, 0.014666666666666665), (30.932599999999997, 11.007200000000001, 11.033333333333335), (1311.4188000000001, 0.14286666666666667, 0.5135333333333333), (167.77166666666662, 0.052866666666666666, 0.030466666666666666), (313.1741333333334, 0.2986666666666667, 0.020266666666666665), (109.0518, 0.5368666666666667, 0.4758666666666667), (40.54486666666667, 0.21746666666666667, 0.0017333333333333335), (192.93779999999998, 0.003933333333333333, 0.0014666666666666665), (50.3316, 0.004666666666666667, 0.00013333333333333334), (272.62933333333325, 0.053200000000000004, 0.03573333333333333)]","[0, 0, 0, 0, 0, 0, 0, 0, 0, 0, 0, 0, 0, 0, 0, 0, 0, 0, 0, 0, 0, 0, 0, 0, 0, 0, 0, 0, 0, 0, 0, 0, 0, 0, 0, 0, 0, 0, 0, 0, (3, 0.0, 0.029166666666666667), (3, 0.0, 0.029166666666666667), 0, (2, 0.0399, 0.014022222222222224), (3, 0.0009, 0.02215), (1, 0.0, 0.0559388888888889), (1, 0.0, 0.05646666666666667), (3, 0.0, 2.2222222222222223e-05), (3, 5e-05, 0.13139444444444442), (3, 1.666666666666667e-05, 0.0011833333333333333), (3, 0.10841666666666666, 0.0281), (1, 0.0, 0.0017166666666666667), (1, 0.0, 0.05373333333333333), (1, 0.26766666666666666, 0.015294444444444444), (2, 0.0, 0.0010555555555555557), (3, 0.0, 0.0011611111111111112)]","[-1, -1, -1, -1, -1, -1, -1, -1, -1, -1, -1, -1, -1, -1, -1, -1, -1, -1, -1, -1, -1, -1, -1, -1, -1, -1, -1, -1, -1, -1, -1, -1, -1, -1, -1, -1, -1, -1, -1, -1, 0, 7, -1, 6, 5, 4, 14, 14, 1, 14, 13, 7, 9, 11, 14, 4]","[False, False, False, False, False, False, False, False, False, False, False, False, False, False, False, False, False, False, False, False, False, False, False, False, False, False, False, False, False, False, False, False, False, False, False, False, False, False, False, False, True, True, False, True, True, True, True, True, True, True, True, True, True, True, True, True]"
38,"[0, 0, 0, 0, 0, 0, 0, 0, 0, 0, 0, 0, 0, 0, 0, 0, 0, 0, 0, 0, 0, 0, 0, 0, 0, 0, 0, 0, 0, 0, 0, 0, 0, 0, 0, 0, 0, 0, 0, 0, 3604.08485128692, 3604.08485128692, 0, 0, 2429.1970590364676, 1678.80244212681, 918.1948829624997, 1198.6617929554236, 2953.431360041183, 564.2724701125491, 3143.9889128247596, 925.6689723222934, 1517.22113040498, 711.18368902724, 510.85024030910995, 557.5946894011578]","[0, 0, 0, 1, 1, 1, 1, 2, 2, 2, 3, 3, 3, 3, 3, 4, 4, 4, 4, 4, 4, 5, 5, 5, 5, 5, 5, 5, 6, 6, 6, 7, 7, 7, 7, 8, 8, 8, 9, 9, 9, 9, 10, 10, 10, 10, 10, 11, 11, 11, 12, 12, 12, 12, 12, 12]","[1, 1, 1, 2, 2, 2, 2, 3, 3, 3, 5, 4, 4, 4, 4, 5, 6, 8, 9, 10, 12, 12, 13, 13, 14, 14, 16, 17, 18, 19, 20, 20, 19, 21, 23, 23, 23, 25, 24, 27, 26, 26, 28, 28, 29, 31, 31, 32, 33, 33, 36, 34, 35, 36, 36, 36]","[24, 6, 9, 13, 18, 14, 8, 10, 26, 18, 13, 24, 12, 19, 12, 23, 14, 23, 25, 17, 30, 19, 16, 19, 37, 31, 21, 32, 32, 36, 25, 33, 23, 35, 32, 29, 27, 33, 28, 36, -1, -1, 35, -1, -1, -1, -1, -1, -1, -1, -1, -1, -1, -1, -1, -1]","[0, 0, 0, 0, 0, 0, 0, 0, 0, 0, 0, 0, 0, 0, 0, 0, 0, 0, 0, 0, 0, 0, 0, 0, 0, 0, 0, 0, 0, 0, 0, 0, 0, 0, 0, 0, 0, 0, 0, 0, 4029.0, 3353.7079394823136, 0, 4029.0, 4029.0, 2575.103876362826, 1127.4500363776042, 1407.916946370528, 4029.0, 773.5276235276534, 4029.0, 675.2920605176868, 4029.0, 4029.0, 720.1053937242143, 1453.8961236371738]","[0, 0, 0, 0, 0, 0, 0, 0, 0, 0, 0, 0, 0, 0, 0, 0, 0, 0, 0, 0, 0, 0, 0, 0, 0, 0, 0, 0, 0, 0, 0, 0, 0, 0, 0, 0, 0, 0, 0, 0, (159.383, 0.27046666666666663, 0.022466666666666666), (159.383, 0.27046666666666663, 0.022466666666666666), 0, (111.8474, 0.0072, 0.0028666666666666667), (461.373, 0.013266666666666668, 0.0067333333333333325), (71.3028, 0.24086666666666667, 0.0012), (88.0798, 0.027533333333333333, 0.014933333333333335), (29.2284, 11.277066666666668, 11.304066666666667), (1311.4188000000001, 0.188, 0.5201333333333333), (150.2954, 0.0526, 0.03033333333333333), (205.5204, 0.03793333333333333, 0.025266666666666666), (95.0708, 0.5381333333333334, 0.44586666666666674), (26.56353333333333, 0.21073333333333333, 0.0014), (134.2176, 0.002, 0.0014), (47.5354, 0.004533333333333333, 0.00013333333333333334), (160.78126666666668, 0.05293333333333333, 0.031466666666666664)]","[0, 0, 0, 0, 0, 0, 0, 0, 0, 0, 0, 0, 0, 0, 0, 0, 0, 0, 0, 0, 0, 0, 0, 0, 0, 0, 0, 0, 0, 0, 0, 0, 0, 0, 0, 0, 0, 0, 0, 0, (3, 0.0013666666666666669, 0.02918888888888889), (3, 0.0013666666666666669, 0.02918888888888889), 0, (2, 0.0, 2.2222222222222223e-05), (3, 0.0, 0.017055555555555553), (1, 0.0, 0.05382777777777778), (1, 0.0, 0.05538333333333333), (3, 0.0, 2.2222222222222223e-05), (3, 3.3333333333333335e-05, 0.16156666666666666), (3, 0.0, 0.0011055555555555556), (3, 0.00125, 0.027633333333333336), (1, 0.0, 0.0017277777777777773), (1, 1.666666666666667e-05, 0.05187222222222222), (1, 0.2701, 0.013050000000000004), (2, 0.0, 0.0011222222222222222), (3, 0.0, 0.0011222222222222222)]","[-1, -1, -1, -1, -1, -1, -1, -1, -1, -1, -1, -1, -1, -1, -1, -1, -1, -1, -1, -1, -1, -1, -1, -1, -1, -1, -1, -1, -1, -1, -1, -1, -1, -1, -1, -1, -1, -1, -1, -1, 0, 7, -1, 6, 5, 4, 14, 14, 1, 14, 13, 7, 9, 11, 14, 4]","[False, False, False, False, False, False, False, False, False, False, False, False, False, False, False, False, False, False, False, False, False, False, False, False, False, False, False, False, False, False, False, False, False, False, False, False, False, False, False, False, True, True, False, True, True, True, True, True, True, True, True, True, True, True, True, True]"
39,"[0, 0, 0, 0, 0, 0, 0, 0, 0, 0, 0, 0, 0, 0, 0, 0, 0, 0, 0, 0, 0, 0, 0, 0, 0, 0, 0, 0, 0, 0, 0, 0, 0, 0, 0, 0, 0, 0, 0, 0, 4107.999450555, 4107.999450555, 0, 0, 2420.981059964191, 1615.8131172183, 794.6559350729999, 1178.6284482263632, 2989.8560016860883, 554.2557990454623, 3601.346184986549, 934.5696355177, 1569.2557901120101, 0, 510.85024030910995, 574.2891411796356, 3815.4812123039737]","[0, 0, 0, 1, 1, 1, 1, 2, 2, 2, 3, 3, 3, 3, 3, 4, 4, 4, 4, 4, 4, 5, 5, 5, 5, 5, 5, 5, 6, 6, 6, 7, 7, 7, 7, 8, 8, 8, 9, 9, 9, 9, 10, 10, 10, 10, 10, 11, 11, 11, 12, 12, 12, 12, 12, 12, 12]","[1, 1, 1, 2, 2, 2, 2, 3, 3, 3, 5, 4, 4, 4, 4, 5, 6, 8, 9, 10, 12, 12, 13, 13, 14, 14, 16, 17, 18, 19, 20, 20, 19, 21, 23, 23, 23, 25, 24, 27, 26, 26, 28, 28, 29, 31, 31, 32, 33, 33, 36, 34, 35, 36, 36, 36, 39]","[24, 6, 9, 13, 18, 14, 8, 10, 26, 18, 13, 24, 12, 19, 12, 23, 14, 23, 25, 17, 30, 19, 16, 19, 37, 31, 21, 32, 32, 36, 25, 33, 23, 35, 32, 29, 27, 33, 28, 36, -1, -1, 35, 39, -1, -1, -1, -1, -1, -1, -1, -1, -1, -1, -1, -1, -1]","[0, 0, 0, 0, 0, 0, 0, 0, 0, 0, 0, 0, 0, 0, 0, 0, 0, 0, 0, 0, 0, 0, 0, 0, 0, 0, 0, 0, 0, 0, 0, 0, 0, 0, 0, 0, 0, 0, 0, 0, 4029.0, 3601.2149075186503, 0, 0, 4029.0, 2535.2619880193324, 1042.308329409516, 1426.2808425628793, 4029.0, 801.9081933819784, 4029.0, 427.78509248135003, 4029.0, 4029.0, 758.5026346456261, 1493.7380119806678, 4029.0]","[0, 0, 0, 0, 0, 0, 0, 0, 0, 0, 0, 0, 0, 0, 0, 0, 0, 0, 0, 0, 0, 0, 0, 0, 0, 0, 0, 0, 0, 0, 0, 0, 0, 0, 0, 0, 0, 0, 0, 0, (234.88039999999998, 0.2981333333333333, 0.018066666666666665), (234.88039999999998, 0.2981333333333333, 0.018066666666666665), 0, 0, (416.6338, 0.0116, 0.0067333333333333325), (46.137, 0.22346666666666667, 0.0013333333333333333), (90.70139999999999, 0.0224, 0.014266666666666667), (27.96146666666667, 11.744666666666664, 11.770666666666664), (1177.2012, 0.14893333333333333, 0.6776666666666666), (104.857, 0.052866666666666666, 0.0304), (130.0228, 0.042466666666666666, 0.027733333333333336), (92.2746, 0.5394, 0.44333333333333325), (40.54466666666666, 0.2174, 0.0013333333333333333), (226.49220000000003, 0.0016666666666666668, 0.0014), (55.924, 0.004733333333333333, 6.666666666666668e-05), (143.3049333333333, 0.05273333333333334, 0.030533333333333336), (1426.063, 0.14286666666666667, 0.5943999999999999)]","[0, 0, 0, 0, 0, 0, 0, 0, 0, 0, 0, 0, 0, 0, 0, 0, 0, 0, 0, 0, 0, 0, 0, 0, 0, 0, 0, 0, 0, 0, 0, 0, 0, 0, 0, 0, 0, 0, 0, 0, (3, 8.333333333333333e-05, 0.02883888888888889), (3, 8.333333333333333e-05, 0.02883888888888889), 0, 0, (3, 0.0, 0.024077777777777778), (1, 5e-05, 0.05402777777777778), (1, 0.0, 0.05278888888888889), (3, 0.0, 2.2222222222222223e-05), (3, 5e-05, 0.12382222222222221), (3, 0.0, 0.0011222222222222222), (3, 0.0008, 0.02777777777777778), (1, 0.0, 0.0022722222222222224), (1, 0.00013333333333333334, 0.05250555555555555), (1, 0.27021666666666666, 0.012733333333333334), (2, 0.0, 0.0010555555555555555), (3, 0.0, 0.0011333333333333332), (3, 0.005116666666666666, 0.1869)]","[-1, -1, -1, -1, -1, -1, -1, -1, -1, -1, -1, -1, -1, -1, -1, -1, -1, -1, -1, -1, -1, -1, -1, -1, -1, -1, -1, -1, -1, -1, -1, -1, -1, -1, -1, -1, -1, -1, -1, -1, 0, 7, -1, -1, 5, 4, 14, 14, 1, 14, 13, 7, 9, 11, 14, 4, 6]","[False, False, False, False, False, False, False, False, False, False, False, False, False, False, False, False, False, False, False, False, False, False, False, False, False, False, False, False, False, False, False, False, False, False, False, False, False, False, False, False, True, True, False, False, True, True, True, True, True, True, True, True, True, True, True, True, True]"
40,"[0, 0, 0, 0, 0, 0, 0, 0, 0, 0, 0, 0, 0, 0, 0, 0, 0, 0, 0, 0, 0, 0, 0, 0, 0, 0, 0, 0, 0, 0, 0, 0, 0, 0, 0, 0, 0, 0, 0, 0, 3519.18619597545, 3519.18619597545, 0, 0, 2366.2077328156797, 1536.3917945075702, 744.5725778205001, 1141.90064955642, 5888.650399259911, 554.2557990454623, 3261.75156374067, 1284.662387870362, 1662.37044432459, 0, 510.85024030910995, 577.6280315353312, 2446.521763816231, 3815.4812123039737]","[0, 0, 0, 1, 1, 1, 1, 2, 2, 2, 3, 3, 3, 3, 3, 4, 4, 4, 4, 4, 4, 5, 5, 5, 5, 5, 5, 5, 6, 6, 6, 7, 7, 7, 7, 8, 8, 8, 9, 9, 9, 9, 10, 10, 10, 10, 10, 11, 11, 11, 12, 12, 12, 12, 12, 12, 12, 13]","[1, 1, 1, 2, 2, 2, 2, 3, 3, 3, 5, 4, 4, 4, 4, 5, 6, 8, 9, 10, 12, 12, 13, 13, 14, 14, 16, 17, 18, 19, 20, 20, 19, 21, 23, 23, 23, 25, 24, 27, 26, 26, 28, 28, 29, 31, 31, 32, 33, 33, 36, 34, 35, 36, 36, 36, 39, 40]","[24, 6, 9, 13, 18, 14, 8, 10, 26, 18, 13, 24, 12, 19, 12, 23, 14, 23, 25, 17, 30, 19, 16, 19, 37, 31, 21, 32, 32, 36, 25, 33, 23, 35, 32, 29, 27, 33, 28, 36, -1, -1, 35, 39, -1, -1, -1, -1, -1, -1, -1, -1, -1, 40, -1, -1, -1, -1]","[0, 0, 0, 0, 0, 0, 0, 0, 0, 0, 0, 0, 0, 0, 0, 0, 0, 0, 0, 0, 0, 0, 0, 0, 0, 0, 0, 0, 0, 0, 0, 0, 0, 0, 0, 0, 0, 0, 0, 0, 4029.0, 3131.761904052544, 0, 0, 4029.0, 2493.8818814861197, 1013.927761137627, 1411.2558328735468, 4029.0, 823.6109823625892, 4029.0, 897.238095947456, 4029.0, 0, 780.2054236262369, 1535.1181185138803, 4029.0, 4029.0]","[0, 0, 0, 0, 0, 0, 0, 0, 0, 0, 0, 0, 0, 0, 0, 0, 0, 0, 0, 0, 0, 0, 0, 0, 0, 0, 0, 0, 0, 0, 0, 0, 0, 0, 0, 0, 0, 0, 0, 0, (221.59853333333334, 0.0404, 0.026733333333333335), (221.59853333333334, 0.0404, 0.026733333333333335), 0, 0, (402.6528, 0.011733333333333332, 0.0074666666666666675), (58.719800000000006, 0.21913333333333332, 0.0012), (98.0414, 0.018266666666666667, 0.014133333333333333), (28.00533333333333, 10.849266666666667, 10.8736), (1269.4758, 0.3529333333333333, 0.49439999999999995), (251.65766666666661, 0.05273333333333334, 0.0304), (110.44946666666667, 0.04046666666666667, 0.026666666666666672), (226.49220000000003, 0.5299333333333333, 0.43666666666666676), (36.35026666666667, 0.25166666666666665, 0.0012), 0, (58.7202, 0.0046, 6.666666666666668e-05), (167.77166666666662, 0.052866666666666666, 0.030466666666666666), (1311.4188000000001, 0.1956, 0.7402000000000001), (1426.063, 0.14286666666666667, 0.5943999999999999)]","[0, 0, 0, 0, 0, 0, 0, 0, 0, 0, 0, 0, 0, 0, 0, 0, 0, 0, 0, 0, 0, 0, 0, 0, 0, 0, 0, 0, 0, 0, 0, 0, 0, 0, 0, 0, 0, 0, 0, 0, (3, 0.0, 0.02946666666666667), (3, 0.0, 0.02946666666666667), 0, 0, (3, 1.666666666666667e-05, 0.02868888888888889), (1, 1.666666666666667e-05, 0.053094444444444444), (1, 0.0, 0.056383333333333334), (3, 0.0, 1.6666666666666667e-05), (3, 0.1731833333333333, 0.38794999999999996), (3, 0.0, 0.0010222222222222223), (3, 0.00011666666666666667, 0.02971666666666666), (1, 0.0007666666666666667, 0.00215), (1, 0.0, 0.05533333333333333), 0, (2, 0.0, 0.0010388888888888887), (3, 1.666666666666667e-05, 0.0011833333333333333), (3, 0.0006, 0.11304444444444445), (3, 0.005116666666666666, 0.1869)]","[-1, -1, -1, -1, -1, -1, -1, -1, -1, -1, -1, -1, -1, -1, -1, -1, -1, -1, -1, -1, -1, -1, -1, -1, -1, -1, -1, -1, -1, -1, -1, -1, -1, -1, -1, -1, -1, -1, -1, -1, 0, 7, -1, -1, 5, 4, 14, 14, 1, 14, 13, 7, 9, -1, 14, 4, 6, 8]","[False, False, False, False, False, False, False, False, False, False, False, False, False, False, False, False, False, False, False, False, False, False, False, False, False, False, False, False, False, False, False, False, False, False, False, False, False, False, False, False, True, True, False, False, True, True, True, True, True, True, True, True, True, False, True, True, True, True]"
41,"[0, 0, 0, 0, 0, 0, 0, 0, 0, 0, 0, 0, 0, 0, 0, 0, 0, 0, 0, 0, 0, 0, 0, 0, 0, 0, 0, 0, 0, 0, 0, 0, 0, 0, 0, 0, 0, 0, 0, 0, 3576.69818828322, 3576.69818828322, 0, 0, 2826.303680863173, 0, 794.6559350729999, 1148.5784311327734, 4252.576912042853, 580.9669218910268, 3502.7541981732297, 931.6027477858978, 1654.15444542348, 0, 510.85024030910995, 564.2724701125491, 2303.8585840403466, 2446.521763816231, 590.9835929581135]","[0, 0, 0, 1, 1, 1, 1, 2, 2, 2, 3, 3, 3, 3, 3, 4, 4, 4, 4, 4, 4, 5, 5, 5, 5, 5, 5, 5, 6, 6, 6, 7, 7, 7, 7, 8, 8, 8, 9, 9, 9, 9, 10, 10, 10, 10, 10, 11, 11, 11, 12, 12, 12, 12, 12, 12, 12, 13, 13]","[1, 1, 1, 2, 2, 2, 2, 3, 3, 3, 5, 4, 4, 4, 4, 5, 6, 8, 9, 10, 12, 12, 13, 13, 14, 14, 16, 17, 18, 19, 20, 20, 19, 21, 23, 23, 23, 25, 24, 27, 26, 26, 28, 28, 29, 31, 31, 32, 33, 33, 36, 34, 35, 36, 36, 36, 39, 40, 41]","[24, 6, 9, 13, 18, 14, 8, 10, 26, 18, 13, 24, 12, 19, 12, 23, 14, 23, 25, 17, 30, 19, 16, 19, 37, 31, 21, 32, 32, 36, 25, 33, 23, 35, 32, 29, 27, 33, 28, 36, -1, -1, 35, 39, -1, -1, -1, -1, -1, -1, -1, -1, -1, 40, -1, -1, -1, -1, -1]","[0, 0, 0, 0, 0, 0, 0, 0, 0, 0, 0, 0, 0, 0, 0, 0, 0, 0, 0, 0, 0, 0, 0, 0, 0, 0, 0, 0, 0, 0, 0, 0, 0, 0, 0, 0, 0, 0, 0, 0, 4029.0, 3337.0477202486613, 0, 0, 4029.0, 1732.3637649437255, 1043.1430529715226, 1397.065549031296, 4029.0, 829.4540397895494, 4029.0, 691.952279751339, 4029.0, 0, 759.3373582076325, 2296.6362350562745, 4029.0, 4029.0, 4029.0]","[0, 0, 0, 0, 0, 0, 0, 0, 0, 0, 0, 0, 0, 0, 0, 0, 0, 0, 0, 0, 0, 0, 0, 0, 0, 0, 0, 0, 0, 0, 0, 0, 0, 0, 0, 0, 0, 0, 0, 0, (117.44013333333332, 0.04193333333333333, 0.027666666666666673), (117.44013333333332, 0.04193333333333333, 0.027666666666666673), 0, 0, (363.506, 0.0166, 0.009666666666666665), (46.1372, 0.21906666666666663, 0.0013333333333333333), (84.9342, 0.027466666666666664, 0.014133333333333333), (29.18493333333334, 11.238933333333332, 11.264533333333333), (1974.1186, 0.14053333333333334, 0.48906666666666665), (230.6862666666667, 0.053333333333333344, 0.0358), (119.5372, 0.03373333333333334, 0.02686666666666667), (204.1226, 0.5370666666666667, 0.4422), (36.35046666666667, 0.2538666666666667, 0.0013333333333333333), 0, (8.3886, 0.0046, 6.666666666666668e-05), (150.2954, 0.0526, 0.03033333333333333), (1255.4948, 0.13406666666666667, 0.4640666666666667), (1311.4188000000001, 0.1956, 0.7402000000000001), (265.6387333333333, 0.05313333333333333, 0.031266666666666665)]","[0, 0, 0, 0, 0, 0, 0, 0, 0, 0, 0, 0, 0, 0, 0, 0, 0, 0, 0, 0, 0, 0, 0, 0, 0, 0, 0, 0, 0, 0, 0, 0, 0, 0, 0, 0, 0, 0, 0, 0, (3, 0.0027166666666666667, 0.027800000000000002), (3, 0.0027166666666666667, 0.027800000000000002), 0, 0, (3, 0.0, 0.017905555555555557), (1, 0.0, 0.05315555555555555), (1, 0.0, 0.05472777777777777), (3, 0.0, 4.4444444444444447e-05), (3, 1.666666666666667e-05, 0.31198333333333333), (3, 0.0, 0.0011277777777777777), (3, 0.0013666666666666669, 0.04000555555555556), (1, 0.0, 0.004783333333333333), (1, 0.0, 0.0559388888888889), 0, (2, 0.0, 0.00105), (3, 0.0, 0.0011055555555555556), (3, 1.666666666666667e-05, 0.12178333333333334), (3, 0.0006, 0.11304444444444445), (3, 0.0, 0.006316666666666667)]","[-1, -1, -1, -1, -1, -1, -1, -1, -1, -1, -1, -1, -1, -1, -1, -1, -1, -1, -1, -1, -1, -1, -1, -1, -1, -1, -1, -1, -1, -1, -1, -1, -1, -1, -1, -1, -1, -1, -1, -1, 0, 7, -1, -1, 5, 4, 14, 14, 1, 14, 13, 7, 9, -1, 14, 4, 6, 8, 10]","[False, False, False, False, False, False, False, False, False, False, False, False, False, False, False, False, False, False, False, False, False, False, False, False, False, False, False, False, False, False, False, False, False, False, False, False, False, False, False, False, True, True, False, False, True, True, True, True, True, True, True, True, True, False, True, True, True, True, True]"
42,"[0, 0, 0, 0, 0, 0, 0, 0, 0, 0, 0, 0, 0, 0, 0, 0, 0, 0, 0, 0, 0, 0, 0, 0, 0, 0, 0, 0, 0, 0, 0, 0, 0, 0, 0, 0, 0, 0, 0, 0, 3261.75156374067, 3261.75156374067, 0, 0, 0, 0, 841.4004018420001, 1181.9673390145404, 3235.722332789209, 627.7113868707645, 2935.85027399664, 937.5365232495022, 1678.80244212681, 0, 517.5280212281833, 554.2557990454623, 2662.034226881929, 2303.8585840403466, 580.9669218910268, 777.9614183128089]","[0, 0, 0, 1, 1, 1, 1, 2, 2, 2, 3, 3, 3, 3, 3, 4, 4, 4, 4, 4, 4, 5, 5, 5, 5, 5, 5, 5, 6, 6, 6, 7, 7, 7, 7, 8, 8, 8, 9, 9, 9, 9, 10, 10, 10, 10, 10, 11, 11, 11, 12, 12, 12, 12, 12, 12, 12, 13, 13, 13]","[1, 1, 1, 2, 2, 2, 2, 3, 3, 3, 5, 4, 4, 4, 4, 5, 6, 8, 9, 10, 12, 12, 13, 13, 14, 14, 16, 17, 18, 19, 20, 20, 19, 21, 23, 23, 23, 25, 24, 27, 26, 26, 28, 28, 29, 31, 31, 32, 33, 33, 36, 34, 35, 36, 36, 36, 39, 40, 41, 42]","[24, 6, 9, 13, 18, 14, 8, 10, 26, 18, 13, 24, 12, 19, 12, 23, 14, 23, 25, 17, 30, 19, 16, 19, 37, 31, 21, 32, 32, 36, 25, 33, 23, 35, 32, 29, 27, 33, 28, 36, -1, -1, 35, 39, -1, 42, -1, -1, -1, -1, -1, -1, -1, 40, -1, -1, -1, -1, -1, -1]","[0, 0, 0, 0, 0, 0, 0, 0, 0, 0, 0, 0, 0, 0, 0, 0, 0, 0, 0, 0, 0, 0, 0, 0, 0, 0, 0, 0, 0, 0, 0, 0, 0, 0, 0, 0, 0, 0, 0, 0, 4029.0, 3176.607520245584, 0, 0, 4029.0, 0, 1056.4986146031279, 1397.0655517756682, 4029.0, 842.8095996318924, 4029.0, 852.3924797544163, 4029.0, 0, 732.6262339893112, 4029.0, 4029.0, 2777.448582863769, 4029.0, 1251.551417136231]","[0, 0, 0, 0, 0, 0, 0, 0, 0, 0, 0, 0, 0, 0, 0, 0, 0, 0, 0, 0, 0, 0, 0, 0, 0, 0, 0, 0, 0, 0, 0, 0, 0, 0, 0, 0, 0, 0, 0, 0, (115.3428, 0.04046666666666667, 0.026666666666666672), (115.3428, 0.04046666666666667, 0.026666666666666672), 0, 0, (422.2262, 0.03953333333333333, 0.018666666666666668), 0, (101.7114, 0.03853333333333333, 0.015), (29.79646666666667, 11.306333333333336, 11.331333333333335), (1730.8488, 0.18693333333333337, 0.49646666666666667), (290.10566666666676, 0.05273333333333334, 0.030666666666666672), (105.55626666666666, 0.03646666666666667, 0.024466666666666664), (131.4214, 0.5352666666666668, 0.49666666666666676), (71.3028, 0.24086666666666667, 0.0012), 0, (22.3696, 0.004533333333333333, 6.666666666666668e-05), (104.857, 0.052866666666666666, 0.0304), (1470.8021999999999, 0.18553333333333333, 0.47233333333333327), (1255.4948, 0.13406666666666667, 0.4640666666666667), (272.62933333333325, 0.053200000000000004, 0.03573333333333333), (123.73126666666663, 0.009733333333333332, 0.0028)]","[0, 0, 0, 0, 0, 0, 0, 0, 0, 0, 0, 0, 0, 0, 0, 0, 0, 0, 0, 0, 0, 0, 0, 0, 0, 0, 0, 0, 0, 0, 0, 0, 0, 0, 0, 0, 0, 0, 0, 0, (3, 0.0, 0.025622222222222223), (3, 0.0, 0.025622222222222223), 0, 0, (3, 0.0, 0.019144444444444443), 0, (1, 0.0, 0.05628888888888889), (3, 0.0, 1.6666666666666667e-05), (3, 1.666666666666667e-05, 0.20562222222222223), (3, 0.0396, 0.01505), (3, 0.0, 0.024422222222222224), (1, 1.666666666666667e-05, 0.0021166666666666664), (1, 0.0, 0.05382777777777778), 0, (2, 0.0, 0.0010722222222222222), (3, 0.0, 0.0011222222222222222), (3, 1.666666666666667e-05, 0.1395388888888889), (3, 1.666666666666667e-05, 0.12178333333333334), (3, 0.0, 0.0011611111111111112), (2, 0.0, 2.2222222222222223e-05)]","[-1, -1, -1, -1, -1, -1, -1, -1, -1, -1, -1, -1, -1, -1, -1, -1, -1, -1, -1, -1, -1, -1, -1, -1, -1, -1, -1, -1, -1, -1, -1, -1, -1, -1, -1, -1, -1, -1, -1, -1, 0, 7, -1, -1, 5, -1, 14, 14, 1, 14, 13, 7, 9, -1, 14, 4, 6, 8, 10, 8]","[False, False, False, False, False, False, False, False, False, False, False, False, False, False, False, False, False, False, False, False, False, False, False, False, False, False, False, False, False, False, False, False, False, False, False, False, False, False, False, False, True, True, False, False, True, False, True, True, True, True, True, True, True, False, True, True, True, True, True, True]"
43,"[0, 0, 0, 0, 0, 0, 0, 0, 0, 0, 0, 0, 0, 0, 0, 0, 0, 0, 0, 0, 0, 0, 0, 0, 0, 0, 0, 0, 0, 0, 0, 0, 0, 0, 0, 0, 0, 0, 0, 0, 3409.63954396065, 3409.63954396065, 0, 0, 0, 0, 0, 1178.6284482263632, 2452.592537423716, 604.3391543808957, 2837.2582871833197, 940.5034109813047, 1615.8131172183, 0, 544.2391449044768, 554.2557990454623, 2986.820614882346, 2662.034226881929, 557.5946894011578, 888.1447951553957, 1235.3895160495777]","[0, 0, 0, 1, 1, 1, 1, 2, 2, 2, 3, 3, 3, 3, 3, 4, 4, 4, 4, 4, 4, 5, 5, 5, 5, 5, 5, 5, 6, 6, 6, 7, 7, 7, 7, 8, 8, 8, 9, 9, 9, 9, 10, 10, 10, 10, 10, 11, 11, 11, 12, 12, 12, 12, 12, 12, 12, 13, 13, 13, 13]","[1, 1, 1, 2, 2, 2, 2, 3, 3, 3, 5, 4, 4, 4, 4, 5, 6, 8, 9, 10, 12, 12, 13, 13, 14, 14, 16, 17, 18, 19, 20, 20, 19, 21, 23, 23, 23, 25, 24, 27, 26, 26, 28, 28, 29, 31, 31, 32, 33, 33, 36, 34, 35, 36, 36, 36, 39, 40, 41, 42, 43]","[24, 6, 9, 13, 18, 14, 8, 10, 26, 18, 13, 24, 12, 19, 12, 23, 14, 23, 25, 17, 30, 19, 16, 19, 37, 31, 21, 32, 32, 36, 25, 33, 23, 35, 32, 29, 27, 33, 28, 36, -1, -1, 35, 39, 43, 42, -1, -1, -1, -1, -1, -1, -1, 40, -1, -1, -1, -1, -1, -1, -1]","[0, 0, 0, 0, 0, 0, 0, 0, 0, 0, 0, 0, 0, 0, 0, 0, 0, 0, 0, 0, 0, 0, 0, 0, 0, 0, 0, 0, 0, 0, 0, 0, 0, 0, 0, 0, 0, 0, 0, 0, 4029.0, 3249.0680664896727, 0, 0, 0, 0, 425.4483131220661, 1604.0767613484293, 2623.101510687069, 1029.7874675029618, 4029.0, 779.9319335103274, 4029.0, 0, 969.6874580265429, 4029.0, 4029.0, 2901.4447158632665, 4029.0, 1127.5552841367332, 1405.898489312931]","[0, 0, 0, 0, 0, 0, 0, 0, 0, 0, 0, 0, 0, 0, 0, 0, 0, 0, 0, 0, 0, 0, 0, 0, 0, 0, 0, 0, 0, 0, 0, 0, 0, 0, 0, 0, 0, 0, 0, 0, (132.12006666666667, 0.0338, 0.0268), (132.12006666666667, 0.0338, 0.0268), 0, 0, 0, 0, (99.0898, 0.018866666666666667, 0.014133333333333333), (29.66546666666667, 11.591533333333333, 11.616), (1356.158, 0.1402, 0.49906666666666666), (377.48706666666664, 0.054, 0.037), (111.8476, 0.035666666666666666, 0.024), (109.0518, 0.5446, 0.4834), (46.137, 0.22346666666666667, 0.0013333333333333333), 0, (8.3886, 0.0046, 0.00013333333333333334), (251.65766666666661, 0.05273333333333334, 0.0304), (1311.4188000000001, 0.14286666666666667, 0.5135333333333333), (1470.8021999999999, 0.18553333333333333, 0.47233333333333327), (160.78126666666668, 0.05293333333333333, 0.031466666666666664), (120.93533333333332, 0.045200000000000004, 0.020266666666666665), (267.736, 0.28726666666666667, 0.0504)]","[0, 0, 0, 0, 0, 0, 0, 0, 0, 0, 0, 0, 0, 0, 0, 0, 0, 0, 0, 0, 0, 0, 0, 0, 0, 0, 0, 0, 0, 0, 0, 0, 0, 0, 0, 0, 0, 0, 0, 0, (3, 0.0, 0.03398333333333334), (3, 0.0, 0.03398333333333334), 0, 0, 0, 0, (1, 0.022783333333333336, 0.053844444444444445), (3, 0.0, 2.2222222222222223e-05), (3, 8.333333333333333e-05, 0.11315), (3, 0.0, 0.0011888888888888889), (3, 0.0, 0.028383333333333337), (1, 0.0, 0.002838888888888889), (1, 5e-05, 0.05402777777777778), 0, (2, 0.0, 0.00145), (3, 0.0, 0.0010222222222222223), (3, 5e-05, 0.13139444444444442), (3, 1.666666666666667e-05, 0.1395388888888889), (3, 0.0, 0.0011222222222222222), (2, 0.0, 0.0), (1, 0.0, 0.0011611111111111112)]","[-1, -1, -1, -1, -1, -1, -1, -1, -1, -1, -1, -1, -1, -1, -1, -1, -1, -1, -1, -1, -1, -1, -1, -1, -1, -1, -1, -1, -1, -1, -1, -1, -1, -1, -1, -1, -1, -1, -1, -1, 0, 7, -1, -1, -1, -1, 14, 14, 1, 14, 13, 7, 9, -1, 14, 4, 6, 8, 10, 8, 1]","[False, False, False, False, False, False, False, False, False, False, False, False, False, False, False, False, False, False, False, False, False, False, False, False, False, False, False, False, False, False, False, False, False, False, False, False, False, False, False, False, True, True, False, False, False, False, True, True, True, True, True, True, True, False, True, True, True, True, True, True, True]"
44,"[0, 0, 0, 0, 0, 0, 0, 0, 0, 0, 0, 0, 0, 0, 0, 0, 0, 0, 0, 0, 0, 0, 0, 0, 0, 0, 0, 0, 0, 0, 0, 0, 0, 0, 0, 0, 0, 0, 0, 0, 0, 0, 0, 0, 0, 0, 0, 1005.0061272411768, 2677.21116090064, 577.6280315353312, 2777.0076285751793, 967.2054005675245, 0, 0, 504.17245939003664, 0, 2953.431360041183, 2986.820614882346, 0, 851.4170028745334, 1235.3895160495777, 1578.3845313240047]","[0, 0, 0, 1, 1, 1, 1, 2, 2, 2, 3, 3, 3, 3, 3, 4, 4, 4, 4, 4, 4, 5, 5, 5, 5, 5, 5, 5, 6, 6, 6, 7, 7, 7, 7, 8, 8, 8, 9, 9, 9, 9, 10, 10, 10, 10, 10, 11, 11, 11, 12, 12, 12, 12, 12, 12, 12, 13, 13, 13, 13, 13]","[1, 1, 1, 2, 2, 2, 2, 3, 3, 3, 5, 4, 4, 4, 4, 5, 6, 8, 9, 10, 12, 12, 13, 13, 14, 14, 16, 17, 18, 19, 20, 20, 19, 21, 23, 23, 23, 25, 24, 27, 26, 26, 28, 28, 29, 31, 31, 32, 33, 33, 36, 34, 35, 36, 36, 36, 39, 40, 41, 42, 43, 44]","[24, 6, 9, 13, 18, 14, 8, 10, 26, 18, 13, 24, 12, 19, 12, 23, 14, 23, 25, 17, 30, 19, 16, 19, 37, 31, 21, 32, 32, 36, 25, 33, 23, 35, 32, 29, 27, 33, 28, 36, -1, -1, 35, 39, 43, 42, 44, -1, -1, -1, -1, -1, -1, 40, -1, -1, -1, -1, -1, -1, -1, -1]","[0, 0, 0, 0, 0, 0, 0, 0, 0, 0, 0, 0, 0, 0, 0, 0, 0, 0, 0, 0, 0, 0, 0, 0, 0, 0, 0, 0, 0, 0, 0, 0, 0, 0, 0, 0, 0, 0, 0, 0, 4029.0, 1530.8972997162377, 0, 0, 0, 0, 0, 1652.403921185662, 2735.4108224255315, 1225.0258254798164, 4029.0, 2498.1027002837623, 4029.0, 0, 1151.5702533345218, 4029.0, 4029.0, 3082.2018060039063, 4029.0, 946.7981939960937, 1293.5891775744687, 4029.0]","[0, 0, 0, 0, 0, 0, 0, 0, 0, 0, 0, 0, 0, 0, 0, 0, 0, 0, 0, 0, 0, 0, 0, 0, 0, 0, 0, 0, 0, 0, 0, 0, 0, 0, 0, 0, 0, 0, 0, 0, (107.65339999999999, 0.037200000000000004, 0.024933333333333335), (107.65339999999999, 0.037200000000000004, 0.024933333333333335), 0, 0, 0, 0, 0, (30.01513333333334, 8.723066666666668, 8.7436), (1227.5328, 0.18566666666666662, 0.4779333333333333), (251.65786666666673, 0.0528, 0.030533333333333336), (115.3428, 0.03426666666666667, 0.023266666666666665), (131.4214, 0.5404, 0.4769333333333333), (58.719800000000006, 0.21913333333333332, 0.0012), 0, (2.7962, 0.004533333333333333, 6.666666666666668e-05), (230.6862666666667, 0.053333333333333344, 0.0358), (1311.4188000000001, 0.188, 0.5201333333333333), (1311.4188000000001, 0.14286666666666667, 0.5135333333333333), (143.3049333333333, 0.05273333333333334, 0.030533333333333336), (120.23626666666664, 0.034466666666666666, 0.0114), (279.6198, 0.2951333333333333, 0.05206666666666667), (223.696, 0.11593333333333333, 0.0992)]","[0, 0, 0, 0, 0, 0, 0, 0, 0, 0, 0, 0, 0, 0, 0, 0, 0, 0, 0, 0, 0, 0, 0, 0, 0, 0, 0, 0, 0, 0, 0, 0, 0, 0, 0, 0, 0, 0, 0, 0, (3, 0.0, 0.03331111111111111), (3, 0.0, 0.03331111111111111), 0, 0, 0, 0, 0, (3, 0.0, 2.7777777777777776e-05), (3, 3.3333333333333335e-05, 0.15232222222222222), (3, 0.0, 0.00105), (3, 0.0, 0.027411111111111112), (1, 0.06126666666666666, 0.023866666666666675), (1, 1.666666666666667e-05, 0.053094444444444444), 0, (2, 0.0, 0.0010833333333333333), (3, 0.0, 0.0011277777777777777), (3, 3.3333333333333335e-05, 0.16156666666666666), (3, 5e-05, 0.13139444444444442), (3, 0.0, 0.0011333333333333332), (2, 0.0, 2.2222222222222223e-05), (1, 0.0, 0.0009000000000000001), (2, 0.0, 0.0010277777777777776)]","[-1, -1, -1, -1, -1, -1, -1, -1, -1, -1, -1, -1, -1, -1, -1, -1, -1, -1, -1, -1, -1, -1, -1, -1, -1, -1, -1, -1, -1, -1, -1, -1, -1, -1, -1, -1, -1, -1, -1, -1, 0, 7, -1, -1, -1, -1, -1, 14, 1, 14, 13, 7, 9, -1, 14, 4, 6, 8, 10, 8, 1, 2]","[False, False, False, False, False, False, False, False, False, False, False, False, False, False, False, False, False, False, False, False, False, False, False, False, False, False, False, False, False, False, False, False, False, False, False, False, False, False, False, False, True, True, False, False, False, False, False, True, True, True, True, True, True, False, True, True, True, True, True, True, True, True]"
45,"[0, 0, 0, 0, 0, 0, 0, 0, 0, 0, 0, 0, 0, 0, 0, 0, 0, 0, 0, 0, 0, 0, 0, 0, 0, 0, 0, 0, 0, 0, 0, 0, 0, 0, 0, 0, 0, 0, 0, 0, 0, 0, 0, 0, 0, 0, 0, 1215.3562468963066, 6028.278192232053, 0, 3089.2155868173595, 922.7020845904912, 0, 0, 514.1891307686467, 0, 2989.8560016860883, 2953.431360041183, 0, 834.7225518377779, 0, 1566.5169784569066, 450.7502254398, 1155.2559781834066, 2251.868135745323, 1578.3845313240047]","[0, 0, 0, 1, 1, 1, 1, 2, 2, 2, 3, 3, 3, 3, 3, 4, 4, 4, 4, 4, 4, 5, 5, 5, 5, 5, 5, 5, 6, 6, 6, 7, 7, 7, 7, 8, 8, 8, 9, 9, 9, 9, 10, 10, 10, 10, 10, 11, 11, 11, 12, 12, 12, 12, 12, 12, 12, 13, 13, 13, 13, 13, 14, 14, 14, 14]","[1, 1, 1, 2, 2, 2, 2, 3, 3, 3, 5, 4, 4, 4, 4, 5, 6, 8, 9, 10, 12, 12, 13, 13, 14, 14, 16, 17, 18, 19, 20, 20, 19, 21, 23, 23, 23, 25, 24, 27, 26, 26, 28, 28, 29, 31, 31, 32, 33, 33, 36, 34, 35, 36, 36, 36, 39, 40, 41, 42, 43, 44, 45, 45, 45, 45]","[24, 6, 9, 13, 18, 14, 8, 10, 26, 18, 13, 24, 12, 19, 12, 23, 14, 23, 25, 17, 30, 19, 16, 19, 37, 31, 21, 32, 32, 36, 25, 33, 23, 35, 32, 29, 27, 33, 28, 36, 45, 45, 35, 39, 43, 42, 44, -1, -1, -1, -1, -1, 45, 40, -1, 45, -1, -1, 45, -1, -1, -1, -1, -1, -1, -1]","[0, 0, 0, 0, 0, 0, 0, 0, 0, 0, 0, 0, 0, 0, 0, 0, 0, 0, 0, 0, 0, 0, 0, 0, 0, 0, 0, 0, 0, 0, 0, 0, 0, 0, 0, 0, 0, 0, 0, 0, 0, 0, 0, 0, 0, 0, 0, 1981.841121007989, 5028.639096116027, 766.4848741116822, 4029.0, 4029.0, 0, 0, 1280.674004880329, 0, 4029.0, 3073.8544041017026, 0, 955.1455958982976, -999.6390961160264, 4029.0, 1113.9410448472386, 4029.0, 2915.0589551527614, 4029.0]","[0, 0, 0, 0, 0, 0, 0, 0, 0, 0, 0, 0, 0, 0, 0, 0, 0, 0, 0, 0, 0, 0, 0, 0, 0, 0, 0, 0, 0, 0, 0, 0, 0, 0, 0, 0, 0, 0, 0, 0, 0, 0, 0, 0, 0, 0, 0, (30.233466666666672, 11.099666666666664, 11.125866666666667), (1551.892, 0.19686666666666666, 1.39), (157.286, 0.053, 0.030733333333333335), (111.1486, 0.03153333333333334, 0.0434), (89.4784, 0.5311333333333333, 0.46186666666666676), 0, 0, (41.943, 0.0044666666666666665, 6.666666666666668e-05), 0, (1177.2012, 0.14893333333333333, 0.6776666666666666), (1311.4188000000001, 0.188, 0.5201333333333333), 0, (130.722, 0.026466666666666666, 0.011066666666666664), (271.93059999999997, 0.26839999999999997, 0.0528), (268.4352, 0.11646666666666668, 0.09953333333333332), (184.549, 0.0, 0.0), (67.10839999999999, 0.00013333333333333334, 0.001), (100.6632, 0.009333333333333334, 0.0108), (223.696, 0.11593333333333333, 0.0992)]","[0, 0, 0, 0, 0, 0, 0, 0, 0, 0, 0, 0, 0, 0, 0, 0, 0, 0, 0, 0, 0, 0, 0, 0, 0, 0, 0, 0, 0, 0, 0, 0, 0, 0, 0, 0, 0, 0, 0, 0, 0, 0, 0, 0, 0, 0, 0, (3, 0.0, 2.7777777777777776e-05), (3, 0.0001, 0.1530611111111111), (3, 0.0, 0.0012166666666666667), (3, 0.0009, 0.029877777777777774), (1, 1.666666666666667e-05, 0.0020666666666666667), 0, 0, (2, 0.0, 0.0010444444444444444), 0, (3, 5e-05, 0.12382222222222221), (3, 3.3333333333333335e-05, 0.16156666666666666), 0, (2, 0.0, 4.4444444444444447e-05), (1, 0.0, 0.00115), (2, 0.0, 0.0009611111111111112), (1, 0.0, 0.00029444444444444445), (1, 0.0, 0.0005722222222222222), (2, 0.0, 0.002416666666666667), (2, 0.0, 0.0010277777777777776)]","[-1, -1, -1, -1, -1, -1, -1, -1, -1, -1, -1, -1, -1, -1, -1, -1, -1, -1, -1, -1, -1, -1, -1, -1, -1, -1, -1, -1, -1, -1, -1, -1, -1, -1, -1, -1, -1, -1, -1, -1, -1, -1, -1, -1, -1, -1, -1, 14, 1, 14, 13, 7, -1, -1, 14, -1, 6, 8, -1, 8, 1, 2, 0, 3, 0, 9]","[False, False, False, False, False, False, False, False, False, False, False, False, False, False, False, False, False, False, False, False, False, False, False, False, False, False, False, False, False, False, False, False, False, False, False, False, False, False, False, False, False, False, False, False, False, False, False, True, True, True, True, True, False, False, True, False, True, True, False, True, True, True, True, True, True, True]"
46,"[0, 0, 0, 0, 0, 0, 0, 0, 0, 0, 0, 0, 0, 0, 0, 0, 0, 0, 0, 0, 0, 0, 0, 0, 0, 0, 0, 0, 0, 0, 0, 0, 0, 0, 0, 0, 0, 0, 0, 0, 0, 0, 0, 0, 0, 0, 0, 0, 6374.312287858666, 0, 2842.73561978406, 913.8014213950846, 0, 0, 507.5113498495734, 0, 5888.650399259911, 2989.8560016860883, 0, 791.3169791422134, 0, 1560.5832020233572, 570.9502855570801, 1151.9170880730503, 2266.7025766922616, 1566.5169784569066, 884.1326637750533]","[0, 0, 0, 1, 1, 1, 1, 2, 2, 2, 3, 3, 3, 3, 3, 4, 4, 4, 4, 4, 4, 5, 5, 5, 5, 5, 5, 5, 6, 6, 6, 7, 7, 7, 7, 8, 8, 8, 9, 9, 9, 9, 10, 10, 10, 10, 10, 11, 11, 11, 12, 12, 12, 12, 12, 12, 12, 13, 13, 13, 13, 13, 14, 14, 14, 14, 15]","[1, 1, 1, 2, 2, 2, 2, 3, 3, 3, 5, 4, 4, 4, 4, 5, 6, 8, 9, 10, 12, 12, 13, 13, 14, 14, 16, 17, 18, 19, 20, 20, 19, 21, 23, 23, 23, 25, 24, 27, 26, 26, 28, 28, 29, 31, 31, 32, 33, 33, 36, 34, 35, 36, 36, 36, 39, 40, 41, 42, 43, 44, 45, 45, 45, 45, 46]","[24, 6, 9, 13, 18, 14, 8, 10, 26, 18, 13, 24, 12, 19, 12, 23, 14, 23, 25, 17, 30, 19, 16, 19, 37, 31, 21, 32, 32, 36, 25, 33, 23, 35, 32, 29, 27, 33, 28, 36, 45, 45, 35, 39, 43, 42, 44, -1, -1, 46, -1, -1, 45, 40, -1, 45, -1, -1, 45, -1, 46, -1, -1, -1, -1, -1, -1]","[0, 0, 0, 0, 0, 0, 0, 0, 0, 0, 0, 0, 0, 0, 0, 0, 0, 0, 0, 0, 0, 0, 0, 0, 0, 0, 0, 0, 0, 0, 0, 0, 0, 0, 0, 0, 0, 0, 0, 0, 0, 0, 0, 0, 0, 0, 0, 1760.7443250752133, 4029.0, 0, 4029.0, 4029.0, 0, 0, 2268.2556749247865, 0, 4029.0, 3113.7695112719375, 0, 915.2304887280626, 0, 4029.0, 1166.6238544324092, 4029.0, 2862.376145567591, 4029.0, 4029.0]","[0, 0, 0, 0, 0, 0, 0, 0, 0, 0, 0, 0, 0, 0, 0, 0, 0, 0, 0, 0, 0, 0, 0, 0, 0, 0, 0, 0, 0, 0, 0, 0, 0, 0, 0, 0, 0, 0, 0, 0, 0, 0, 0, 0, 0, 0, 0, (28.354599999999998, 8.9748, 8.996333333333334), (1736.4414, 0.2492666666666667, 1.2721333333333333), 0, (97.86666666666669, 0.0338, 0.023066666666666666), (117.4404, 0.5386666666666666, 0.5020666666666667), 0, 0, (53.1278, 0.004533333333333333, 6.666666666666668e-05), 0, (1269.4758, 0.3529333333333333, 0.49439999999999995), (1177.2012, 0.14893333333333333, 0.6776666666666666), 0, (164.2764, 0.008733333333333333, 0.0061333333333333335), 0, (33.5544, 0.11626666666666668, 0.09953333333333332), (225.0938, 0.0, 0.0), (72.70093333333334, 6.666666666666668e-05, 0.001), (150.9948, 0.009333333333333334, 0.010933333333333335), (268.4352, 0.11646666666666668, 0.09953333333333332), (128.62506666666664, 0.00046666666666666666, 0.0014)]","[0, 0, 0, 0, 0, 0, 0, 0, 0, 0, 0, 0, 0, 0, 0, 0, 0, 0, 0, 0, 0, 0, 0, 0, 0, 0, 0, 0, 0, 0, 0, 0, 0, 0, 0, 0, 0, 0, 0, 0, 0, 0, 0, 0, 0, 0, 0, (3, 0.0, 2.2222222222222223e-05), (3, 0.00015, 0.2104), 0, (3, 0.0, 0.02947777777777778), (1, 0.0, 0.003311111111111111), 0, 0, (2, 0.0, 0.001027777777777778), 0, (3, 0.1731833333333333, 0.38794999999999996), (3, 5e-05, 0.12382222222222221), 0, (2, 0.0, 8.88888888888889e-05), 0, (2, 0.0, 0.000972222222222222), (1, 0.0, 0.0002833333333333333), (1, 0.0, 0.0005666666666666666), (2, 0.0, 0.0026888888888888887), (2, 0.0, 0.0009611111111111112), (2, 0.0705, 0.025599999999999998)]","[-1, -1, -1, -1, -1, -1, -1, -1, -1, -1, -1, -1, -1, -1, -1, -1, -1, -1, -1, -1, -1, -1, -1, -1, -1, -1, -1, -1, -1, -1, -1, -1, -1, -1, -1, -1, -1, -1, -1, -1, -1, -1, -1, -1, -1, -1, -1, 14, 1, -1, 13, 7, -1, -1, 14, -1, 6, 8, -1, 8, -1, 2, 0, 3, 0, 9, 5]","[False, False, False, False, False, False, False, False, False, False, False, False, False, False, False, False, False, False, False, False, False, False, False, False, False, False, False, False, False, False, False, False, False, False, False, False, False, False, False, False, False, False, False, False, False, False, False, True, True, False, True, True, False, False, True, False, True, True, False, True, False, True, True, True, True, True, True]"
47,"[0, 0, 0, 0, 0, 0, 0, 0, 0, 0, 0, 0, 0, 0, 0, 0, 0, 0, 0, 0, 0, 0, 0, 0, 0, 0, 0, 0, 0, 0, 0, 0, 0, 0, 0, 0, 0, 0, 0, 0, 0, 0, 0, 0, 0, 0, 0, 0, 3703.171900565511, 0, 2867.38361648739, 922.7020845904912, 0, 0, 0, 0, 4252.576912042853, 5888.650399259911, 0, 0, 0, 1566.5169784569066, 1578.3845313240047, 500.8335838220001, 1158.5948682937635, 2248.9012475559352, 1560.5832020233572, 845.5631180399, 590.9835929581135]","[0, 0, 0, 1, 1, 1, 1, 2, 2, 2, 3, 3, 3, 3, 3, 4, 4, 4, 4, 4, 4, 5, 5, 5, 5, 5, 5, 5, 6, 6, 6, 7, 7, 7, 7, 8, 8, 8, 9, 9, 9, 9, 10, 10, 10, 10, 10, 11, 11, 11, 12, 12, 12, 12, 12, 12, 12, 13, 13, 13, 13, 13, 14, 14, 14, 14, 14, 15, 15]","[1, 1, 1, 2, 2, 2, 2, 3, 3, 3, 5, 4, 4, 4, 4, 5, 6, 8, 9, 10, 12, 12, 13, 13, 14, 14, 16, 17, 18, 19, 20, 20, 19, 21, 23, 23, 23, 25, 24, 27, 26, 26, 28, 28, 29, 31, 31, 32, 33, 33, 36, 34, 35, 36, 36, 36, 39, 40, 41, 42, 43, 44, 47, 45, 45, 45, 45, 46, 47]","[24, 6, 9, 13, 18, 14, 8, 10, 26, 18, 13, 24, 12, 19, 12, 23, 14, 23, 25, 17, 30, 19, 16, 19, 37, 31, 21, 32, 32, 36, 25, 33, 23, 35, 32, 29, 27, 33, 28, 36, 45, 45, 35, 39, 43, 42, 44, 47, -1, 46, -1, -1, 45, 40, -1, 45, -1, -1, 45, -1, 46, -1, -1, -1, -1, -1, -1, -1, -1]","[0, 0, 0, 0, 0, 0, 0, 0, 0, 0, 0, 0, 0, 0, 0, 0, 0, 0, 0, 0, 0, 0, 0, 0, 0, 0, 0, 0, 0, 0, 0, 0, 0, 0, 0, 0, 0, 0, 0, 0, 0, 0, 0, 0, 0, 0, 0, 0, 4029.0, 0, 4029.0, 4029.0, 0, 0, 4029.0, 0, 4029.0, 4958.825199629955, 0, -929.8251996299555, 0, 4029.0, 4029.0, 730.2607757099838, 4029.0, 2478.328439443919, 4029.0, 4029.0, 820.4107848460972]","[0, 0, 0, 0, 0, 0, 0, 0, 0, 0, 0, 0, 0, 0, 0, 0, 0, 0, 0, 0, 0, 0, 0, 0, 0, 0, 0, 0, 0, 0, 0, 0, 0, 0, 0, 0, 0, 0, 0, 0, 0, 0, 0, 0, 0, 0, 0, 0, (1493.1718, 0.1692, 0.7876000000000001), 0, (98.5656, 0.03406666666666667, 0.023066666666666666), (134.2176, 0.5295333333333333, 0.5544666666666667), 0, 0, (100.6632, 0.0044666666666666665, 0.00013333333333333334), 0, (1974.1186, 0.14053333333333334, 0.48906666666666665), (1269.4758, 0.3529333333333333, 0.49439999999999995), 0, (148.19806666666668, 0.008400000000000001, 0.004866666666666666), 0, (0.0, 0.1156, 0.0996), (223.696, 0.11593333333333333, 0.0992), (191.5394, 0.0, 0.0), (75.49719999999999, 0.0004, 0.0014666666666666665), (150.9948, 0.009266666666666668, 0.0106), (33.5544, 0.11626666666666668, 0.09953333333333332), (120.23626666666664, 0.0, 0.001066666666666667), (265.6387333333333, 0.05313333333333333, 0.031266666666666665)]","[0, 0, 0, 0, 0, 0, 0, 0, 0, 0, 0, 0, 0, 0, 0, 0, 0, 0, 0, 0, 0, 0, 0, 0, 0, 0, 0, 0, 0, 0, 0, 0, 0, 0, 0, 0, 0, 0, 0, 0, 0, 0, 0, 0, 0, 0, 0, 0, (3, 0.0001, 0.13415555555555556), 0, (3, 0.0, 0.029166666666666667), (1, 0.0, 0.002977777777777778), 0, 0, (2, 0.0, 0.001077777777777778), 0, (3, 1.666666666666667e-05, 0.31198333333333333), (3, 0.1731833333333333, 0.38794999999999996), 0, (2, 0.0, 0.0), 0, (2, 0.0, 0.00095), (2, 0.0, 0.0010277777777777776), (1, 1.666666666666667e-05, 0.0002611111111111111), (1, 0.0, 0.0005499999999999999), (2, 0.0, 0.0023555555555555556), (2, 0.0, 0.000972222222222222), (2, 1.666666666666667e-05, 0.0006111111111111112), (3, 0.0, 0.006316666666666667)]","[-1, -1, -1, -1, -1, -1, -1, -1, -1, -1, -1, -1, -1, -1, -1, -1, -1, -1, -1, -1, -1, -1, -1, -1, -1, -1, -1, -1, -1, -1, -1, -1, -1, -1, -1, -1, -1, -1, -1, -1, -1, -1, -1, -1, -1, -1, -1, -1, 1, -1, 13, 7, -1, -1, 14, -1, 6, 8, -1, 8, -1, 2, 11, 0, 3, 0, 9, 5, 0]","[False, False, False, False, False, False, False, False, False, False, False, False, False, False, False, False, False, False, False, False, False, False, False, False, False, False, False, False, False, False, False, False, False, False, False, False, False, False, False, False, False, False, False, False, False, False, False, False, True, False, True, True, False, False, True, False, True, True, False, True, False, True, True, True, True, True, True, True, True]"
48,"[0, 0, 0, 0, 0, 0, 0, 0, 0, 0, 0, 0, 0, 0, 0, 0, 0, 0, 0, 0, 0, 0, 0, 0, 0, 0, 0, 0, 0, 0, 0, 0, 0, 0, 0, 0, 0, 0, 0, 0, 0, 0, 0, 0, 0, 0, 0, 0, 3949.038231668631, 0, 3604.08485128692, 0, 0, 0, 0, 0, 3235.722332789209, 4252.576912042853, 0, 0, 0, 1593.2189724078767, 1566.5169784569066, 474.12245935149326, 1151.9170880730503, 2254.8350239347114, 1566.5169784569066, 2327.8664038117226, 809.96046043822, 580.9669218910268]","[0, 0, 0, 1, 1, 1, 1, 2, 2, 2, 3, 3, 3, 3, 3, 4, 4, 4, 4, 4, 4, 5, 5, 5, 5, 5, 5, 5, 6, 6, 6, 7, 7, 7, 7, 8, 8, 8, 9, 9, 9, 9, 10, 10, 10, 10, 10, 11, 11, 11, 12, 12, 12, 12, 12, 12, 12, 13, 13, 13, 13, 13, 14, 14, 14, 14, 14, 15, 15, 15]","[1, 1, 1, 2, 2, 2, 2, 3, 3, 3, 5, 4, 4, 4, 4, 5, 6, 8, 9, 10, 12, 12, 13, 13, 14, 14, 16, 17, 18, 19, 20, 20, 19, 21, 23, 23, 23, 25, 24, 27, 26, 26, 28, 28, 29, 31, 31, 32, 33, 33, 36, 34, 35, 36, 36, 36, 39, 40, 41, 42, 43, 44, 47, 45, 45, 45, 45, 48, 46, 47]","[24, 6, 9, 13, 18, 14, 8, 10, 26, 18, 13, 24, 12, 19, 12, 23, 14, 23, 25, 17, 30, 19, 16, 19, 37, 31, 21, 32, 32, 36, 25, 33, 23, 35, 32, 29, 27, 33, 28, 36, 45, 45, 35, 39, 43, 42, 44, 47, -1, 46, -1, -1, 45, 40, 48, 45, -1, -1, 45, 48, 46, -1, -1, -1, -1, -1, -1, -1, -1, -1]","[0, 0, 0, 0, 0, 0, 0, 0, 0, 0, 0, 0, 0, 0, 0, 0, 0, 0, 0, 0, 0, 0, 0, 0, 0, 0, 0, 0, 0, 0, 0, 0, 0, 0, 0, 0, 0, 0, 0, 0, 0, 0, 0, 0, 0, 0, 0, 0, 4029.0, 0, 4029.0, 4029.0, 0, 0, 0, 0, 4029.0, 4029.0, 0, 0, 0, 4029.0, 4029.0, 713.814324292416, 4029.0, 2494.526888875634, 4029.0, 4029.0, 4029.0, 820.6587868319496]","[0, 0, 0, 0, 0, 0, 0, 0, 0, 0, 0, 0, 0, 0, 0, 0, 0, 0, 0, 0, 0, 0, 0, 0, 0, 0, 0, 0, 0, 0, 0, 0, 0, 0, 0, 0, 0, 0, 0, 0, 0, 0, 0, 0, 0, 0, 0, 0, (1484.7831999999999, 0.21580000000000002, 0.8416666666666666), 0, (159.383, 0.27046666666666663, 0.022466666666666666), (64.3126, 0.5252666666666668, 0.5347333333333333), 0, 0, 0, 0, (1730.8488, 0.18693333333333337, 0.49646666666666667), (1974.1186, 0.14053333333333334, 0.48906666666666665), 0, 0, 0, (167.772, 0.1156, 0.09933333333333332), (268.4352, 0.11646666666666668, 0.09953333333333332), (225.09366666666662, 0.0, 0.0), (75.49719999999999, 0.0003333333333333333, 0.0014), (184.5492, 0.009333333333333334, 0.0108), (0.0, 0.1156, 0.0996), (335.544, 0.016466666666666664, 0.009866666666666668), (72.7008, 6.666666666666668e-05, 0.0015333333333333334), (272.62933333333325, 0.053200000000000004, 0.03573333333333333)]","[0, 0, 0, 0, 0, 0, 0, 0, 0, 0, 0, 0, 0, 0, 0, 0, 0, 0, 0, 0, 0, 0, 0, 0, 0, 0, 0, 0, 0, 0, 0, 0, 0, 0, 0, 0, 0, 0, 0, 0, 0, 0, 0, 0, 0, 0, 0, 0, (3, 0.0001, 0.17663333333333334), 0, (3, 0.0013666666666666669, 0.02918888888888889), (1, 0.0, 0.0028777777777777777), 0, 0, 0, 0, (3, 1.666666666666667e-05, 0.20562222222222223), (3, 1.666666666666667e-05, 0.31198333333333333), 0, 0, 0, (2, 0.0, 0.0014166666666666668), (2, 0.0, 0.0009611111111111112), (1, 0.0, 0.0002833333333333333), (1, 0.0, 0.0005611111111111111), (2, 0.0, 0.002338888888888889), (2, 0.0, 0.00095), (3, 0.0, 0.015905555555555555), (2, 0.0, 0.0005666666666666668), (3, 0.0, 0.0011611111111111112)]","[-1, -1, -1, -1, -1, -1, -1, -1, -1, -1, -1, -1, -1, -1, -1, -1, -1, -1, -1, -1, -1, -1, -1, -1, -1, -1, -1, -1, -1, -1, -1, -1, -1, -1, -1, -1, -1, -1, -1, -1, -1, -1, -1, -1, -1, -1, -1, -1, 1, -1, 13, 7, -1, -1, -1, -1, 6, 8, -1, -1, -1, 2, 11, 0, 3, 0, 9, 4, 5, 0]","[False, False, False, False, False, False, False, False, False, False, False, False, False, False, False, False, False, False, False, False, False, False, False, False, False, False, False, False, False, False, False, False, False, False, False, False, False, False, False, False, False, False, False, False, False, False, False, False, True, False, True, True, False, False, False, False, True, True, False, False, False, True, True, True, True, True, True, True, True, True]"
49,"[0, 0, 0, 0, 0, 0, 0, 0, 0, 0, 0, 0, 0, 0, 0, 0, 0, 0, 0, 0, 0, 0, 0, 0, 0, 0, 0, 0, 0, 0, 0, 0, 0, 0, 0, 0, 0, 0, 0, 0, 0, 0, 0, 0, 0, 0, 0, 0, 3566.579494397111, 0, 4107.999450555, 0, 0, 0, 0, 0, 2452.592537423716, 3235.722332789209, 0, 0, 0, 0, 1560.5832020233572, 580.9669572335199, 1168.6115386248337, 2248.9012475559352, 1593.2189724078767, 2503.141050686958, 1317.2983312621604, 557.5946894011578, 450.7502254398]","[0, 0, 0, 1, 1, 1, 1, 2, 2, 2, 3, 3, 3, 3, 3, 4, 4, 4, 4, 4, 4, 5, 5, 5, 5, 5, 5, 5, 6, 6, 6, 7, 7, 7, 7, 8, 8, 8, 9, 9, 9, 9, 10, 10, 10, 10, 10, 11, 11, 11, 12, 12, 12, 12, 12, 12, 12, 13, 13, 13, 13, 13, 14, 14, 14, 14, 14, 15, 15, 15, 16]","[1, 1, 1, 2, 2, 2, 2, 3, 3, 3, 5, 4, 4, 4, 4, 5, 6, 8, 9, 10, 12, 12, 13, 13, 14, 14, 16, 17, 18, 19, 20, 20, 19, 21, 23, 23, 23, 25, 24, 27, 26, 26, 28, 28, 29, 31, 31, 32, 33, 33, 36, 34, 35, 36, 36, 36, 39, 40, 41, 42, 43, 44, 47, 45, 45, 45, 45, 48, 46, 47, 49]","[24, 6, 9, 13, 18, 14, 8, 10, 26, 18, 13, 24, 12, 19, 12, 23, 14, 23, 25, 17, 30, 19, 16, 19, 37, 31, 21, 32, 32, 36, 25, 33, 23, 35, 32, 29, 27, 33, 28, 36, 45, 45, 35, 39, 43, 42, 44, 47, -1, 46, -1, 49, 45, 40, 48, 45, -1, -1, 45, 48, 46, -1, -1, -1, -1, -1, -1, -1, -1, -1, -1]","[0, 0, 0, 0, 0, 0, 0, 0, 0, 0, 0, 0, 0, 0, 0, 0, 0, 0, 0, 0, 0, 0, 0, 0, 0, 0, 0, 0, 0, 0, 0, 0, 0, 0, 0, 0, 0, 0, 0, 0, 0, 0, 0, 0, 0, 0, 0, 0, 4029.0, 0, 4029.0, 0, 0, 0, 0, 0, 4029.0, 4029.0, 0, 0, 0, 4029.0, 4029.0, 794.8126591699822, 4029.0, 2462.7469494923976, 4029.0, 4029.0, 4029.0, 771.4403913376201, 4029.0]","[0, 0, 0, 0, 0, 0, 0, 0, 0, 0, 0, 0, 0, 0, 0, 0, 0, 0, 0, 0, 0, 0, 0, 0, 0, 0, 0, 0, 0, 0, 0, 0, 0, 0, 0, 0, 0, 0, 0, 0, 0, 0, 0, 0, 0, 0, 0, 0, (1644.1666, 0.15380000000000002, 0.6252666666666667), 0, (234.88039999999998, 0.2981333333333333, 0.018066666666666665), 0, 0, 0, 0, 0, (1356.158, 0.1402, 0.49906666666666666), (1730.8488, 0.18693333333333337, 0.49646666666666667), 0, 0, 0, (67.1088, 0.11593333333333333, 0.09953333333333332), (33.5544, 0.11626666666666668, 0.09953333333333332), (159.38313333333332, 0.0, 0.0), (77.5942, 0.00046666666666666666, 0.0014), (218.1036, 0.009266666666666668, 0.010533333333333334), (167.772, 0.1156, 0.09933333333333332), (427.8186, 0.011466666666666667, 0.006066666666666666), (75.49706666666667, 0.0, 0.001066666666666667), (160.78126666666668, 0.05293333333333333, 0.031466666666666664), (184.549, 0.0, 0.0)]","[0, 0, 0, 0, 0, 0, 0, 0, 0, 0, 0, 0, 0, 0, 0, 0, 0, 0, 0, 0, 0, 0, 0, 0, 0, 0, 0, 0, 0, 0, 0, 0, 0, 0, 0, 0, 0, 0, 0, 0, 0, 0, 0, 0, 0, 0, 0, 0, (3, 5e-05, 0.16941111111111112), 0, (3, 8.333333333333333e-05, 0.02883888888888889), 0, 0, 0, 0, 0, (3, 8.333333333333333e-05, 0.11315), (3, 1.666666666666667e-05, 0.20562222222222223), 0, 0, 0, (2, 0.0, 0.00095), (2, 0.0, 0.000972222222222222), (1, 0.0, 0.0002722222222222222), (1, 0.0, 0.001627777777777778), (2, 0.0, 0.0022555555555555554), (2, 0.0, 0.0014166666666666668), (3, 1.666666666666667e-05, 0.017866666666666666), (2, 1.666666666666667e-05, 0.0007), (3, 0.0, 0.0011222222222222222), (1, 0.0, 0.00029444444444444445)]","[-1, -1, -1, -1, -1, -1, -1, -1, -1, -1, -1, -1, -1, -1, -1, -1, -1, -1, -1, -1, -1, -1, -1, -1, -1, -1, -1, -1, -1, -1, -1, -1, -1, -1, -1, -1, -1, -1, -1, -1, -1, -1, -1, -1, -1, -1, -1, -1, 1, -1, 13, -1, -1, -1, -1, -1, 6, 8, -1, -1, -1, 2, 11, 0, 3, 0, 9, 4, 5, 0, 10]","[False, False, False, False, False, False, False, False, False, False, False, False, False, False, False, False, False, False, False, False, False, False, False, False, False, False, False, False, False, False, False, False, False, False, False, False, False, False, False, False, False, False, False, False, False, False, False, False, True, False, True, False, False, False, False, False, True, True, False, False, False, True, True, True, True, True, True, True, True, True, True]"
50,"[0, 0, 0, 0, 0, 0, 0, 0, 0, 0, 0, 0, 0, 0, 0, 0, 0, 0, 0, 0, 0, 0, 0, 0, 0, 0, 0, 0, 0, 0, 0, 0, 0, 0, 0, 0, 0, 0, 0, 0, 0, 0, 0, 0, 0, 0, 0, 0, 4726.09725342664, 0, 3519.18619597545, 0, 0, 0, 0, 0, 2677.21116090064, 2452.592537423716, 0, 0, 0, 0, 1566.5169784569066, 450.7502254398, 1165.2726485144767, 2201.431036525731, 1563.5500902401322, 2497.663717972107, 1459.7089616688797, 574.2891411796356, 1115.1894634134223, 570.9502855570801, 744.572766635591]","[0, 0, 0, 1, 1, 1, 1, 2, 2, 2, 3, 3, 3, 3, 3, 4, 4, 4, 4, 4, 4, 5, 5, 5, 5, 5, 5, 5, 6, 6, 6, 7, 7, 7, 7, 8, 8, 8, 9, 9, 9, 9, 10, 10, 10, 10, 10, 11, 11, 11, 12, 12, 12, 12, 12, 12, 12, 13, 13, 13, 13, 13, 14, 14, 14, 14, 14, 15, 15, 15, 15, 16, 16]","[1, 1, 1, 2, 2, 2, 2, 3, 3, 3, 5, 4, 4, 4, 4, 5, 6, 8, 9, 10, 12, 12, 13, 13, 14, 14, 16, 17, 18, 19, 20, 20, 19, 21, 23, 23, 23, 25, 24, 27, 26, 26, 28, 28, 29, 31, 31, 32, 33, 33, 36, 34, 35, 36, 36, 36, 39, 40, 41, 42, 43, 44, 47, 45, 45, 45, 45, 48, 46, 47, 50, 49, 50]","[24, 6, 9, 13, 18, 14, 8, 10, 26, 18, 13, 24, 12, 19, 12, 23, 14, 23, 25, 17, 30, 19, 16, 19, 37, 31, 21, 32, 32, 36, 25, 33, 23, 35, 32, 29, 27, 33, 28, 36, 45, 45, 35, 39, 43, 42, 44, 47, -1, 46, -1, 49, 45, 40, 48, 45, -1, -1, 45, 48, 46, 50, -1, -1, -1, -1, -1, -1, -1, -1, -1, -1, -1]","[0, 0, 0, 0, 0, 0, 0, 0, 0, 0, 0, 0, 0, 0, 0, 0, 0, 0, 0, 0, 0, 0, 0, 0, 0, 0, 0, 0, 0, 0, 0, 0, 0, 0, 0, 0, 0, 0, 0, 0, 0, 0, 0, 0, 0, 0, 0, 0, 4029.0, 0, 4029.0, 0, 0, 0, 0, 0, 4029.0, 4029.0, 0, 0, 0, 0, 4029.0, 718.2600910580778, 4029.0, 2468.9409021440088, 4029.0, 4029.0, 4029.0, 841.7990067979135, 4029.0, 4029.0, 4029.0]","[0, 0, 0, 0, 0, 0, 0, 0, 0, 0, 0, 0, 0, 0, 0, 0, 0, 0, 0, 0, 0, 0, 0, 0, 0, 0, 0, 0, 0, 0, 0, 0, 0, 0, 0, 0, 0, 0, 0, 0, 0, 0, 0, 0, 0, 0, 0, 0, (1434.4516, 0.22206666666666663, 0.8742666666666667), 0, (221.59853333333334, 0.0404, 0.026733333333333335), 0, 0, 0, 0, 0, (1227.5328, 0.18566666666666662, 0.4779333333333333), (1356.158, 0.1402, 0.49906666666666666), 0, 0, 0, 0, (0.0, 0.1156, 0.0996), (201.3262, 0.0, 0.0), (69.2056, 0.00046666666666666666, 0.0013333333333333333), (268.4352, 0.009333333333333334, 0.0108), (67.1088, 0.11593333333333333, 0.09953333333333332), (419.43, 0.0086, 0.004933333333333334), (114.64386666666668, 0.0, 0.0011333333333333332), (143.3049333333333, 0.05273333333333334, 0.030533333333333336), (499.1218, 0.0016666666666666668, 0.0011333333333333332), (225.0938, 0.0, 0.0), (142.60586666666666, 0.0007333333333333332, 0.0006)]","[0, 0, 0, 0, 0, 0, 0, 0, 0, 0, 0, 0, 0, 0, 0, 0, 0, 0, 0, 0, 0, 0, 0, 0, 0, 0, 0, 0, 0, 0, 0, 0, 0, 0, 0, 0, 0, 0, 0, 0, 0, 0, 0, 0, 0, 0, 0, 0, (3, 0.0001, 0.21292777777777777), 0, (3, 0.0, 0.02946666666666667), 0, 0, 0, 0, 0, (3, 3.3333333333333335e-05, 0.15232222222222222), (3, 8.333333333333333e-05, 0.11315), 0, 0, 0, 0, (2, 0.0, 0.00095), (1, 0.0, 0.0002666666666666667), (1, 0.0, 0.0005499999999999999), (2, 0.0, 0.0022944444444444444), (2, 0.0, 0.00095), (3, 0.0, 0.021744444444444445), (2, 0.0, 0.0006555555555555555), (3, 0.0, 0.0011333333333333332), (2, 0.0, 0.0010999999999999998), (1, 0.0, 0.0002833333333333333), (1, 0.0, 0.02883888888888889)]","[-1, -1, -1, -1, -1, -1, -1, -1, -1, -1, -1, -1, -1, -1, -1, -1, -1, -1, -1, -1, -1, -1, -1, -1, -1, -1, -1, -1, -1, -1, -1, -1, -1, -1, -1, -1, -1, -1, -1, -1, -1, -1, -1, -1, -1, -1, -1, -1, 1, -1, 13, -1, -1, -1, -1, -1, 6, 8, -1, -1, -1, -1, 11, 0, 3, 0, 9, 4, 5, 0, 7, 10, 2]","[False, False, False, False, False, False, False, False, False, False, False, False, False, False, False, False, False, False, False, False, False, False, False, False, False, False, False, False, False, False, False, False, False, False, False, False, False, False, False, False, False, False, False, False, False, False, False, False, True, False, True, False, False, False, False, False, True, True, False, False, False, False, True, True, True, True, True, True, True, True, True, True, True]"
51,"[0, 0, 0, 0, 0, 0, 0, 0, 0, 0, 0, 0, 0, 0, 0, 0, 0, 0, 0, 0, 0, 0, 0, 0, 0, 0, 0, 0, 0, 0, 0, 0, 0, 0, 0, 0, 0, 0, 0, 0, 0, 0, 0, 0, 0, 0, 0, 0, 3065.7406717796443, 0, 3576.69818828322, 0, 0, 0, 0, 0, 6028.278192232053, 2677.21116090064, 0, 0, 0, 0, 1593.2189724078767, 537.5613799689467, 1178.6282089559033, 2248.9012475559352, 1572.4507548904555, 2664.722365775066, 845.5631180399, 577.6280315353312, 1175.2894943758222, 500.8335838220001, 554.2559608139378]","[0, 0, 0, 1, 1, 1, 1, 2, 2, 2, 3, 3, 3, 3, 3, 4, 4, 4, 4, 4, 4, 5, 5, 5, 5, 5, 5, 5, 6, 6, 6, 7, 7, 7, 7, 8, 8, 8, 9, 9, 9, 9, 10, 10, 10, 10, 10, 11, 11, 11, 12, 12, 12, 12, 12, 12, 12, 13, 13, 13, 13, 13, 14, 14, 14, 14, 14, 15, 15, 15, 15, 16, 16]","[1, 1, 1, 2, 2, 2, 2, 3, 3, 3, 5, 4, 4, 4, 4, 5, 6, 8, 9, 10, 12, 12, 13, 13, 14, 14, 16, 17, 18, 19, 20, 20, 19, 21, 23, 23, 23, 25, 24, 27, 26, 26, 28, 28, 29, 31, 31, 32, 33, 33, 36, 34, 35, 36, 36, 36, 39, 40, 41, 42, 43, 44, 47, 45, 45, 45, 45, 48, 46, 47, 50, 49, 50]","[24, 6, 9, 13, 18, 14, 8, 10, 26, 18, 13, 24, 12, 19, 12, 23, 14, 23, 25, 17, 30, 19, 16, 19, 37, 31, 21, 32, 32, 36, 25, 33, 23, 35, 32, 29, 27, 33, 28, 36, 45, 45, 35, 39, 43, 42, 44, 47, -1, 46, -1, 49, 45, 40, 48, 45, -1, -1, 45, 48, 46, 50, -1, -1, -1, -1, -1, -1, -1, -1, -1, -1, -1]","[0, 0, 0, 0, 0, 0, 0, 0, 0, 0, 0, 0, 0, 0, 0, 0, 0, 0, 0, 0, 0, 0, 0, 0, 0, 0, 0, 0, 0, 0, 0, 0, 0, 0, 0, 0, 0, 0, 0, 0, 0, 0, 0, 0, 0, 0, 0, 0, 4029.0, 0, 4029.0, 0, 0, 0, 0, 0, 4029.0, 4029.0, 0, 0, 0, 0, 4029.0, 759.1978269488757, 4029.0, 2470.5376945358644, 4029.0, 4029.0, 4029.0, 799.2644785152602, 4029.0, 4029.0, 4029.0]","[0, 0, 0, 0, 0, 0, 0, 0, 0, 0, 0, 0, 0, 0, 0, 0, 0, 0, 0, 0, 0, 0, 0, 0, 0, 0, 0, 0, 0, 0, 0, 0, 0, 0, 0, 0, 0, 0, 0, 0, 0, 0, 0, 0, 0, 0, 0, 0, (1392.5086000000001, 0.1512, 0.6417333333333333), 0, (117.44013333333332, 0.04193333333333333, 0.027666666666666673), 0, 0, 0, 0, 0, (1551.892, 0.19686666666666666, 1.39), (1227.5328, 0.18566666666666662, 0.4779333333333333), 0, 0, 0, 0, (167.772, 0.1156, 0.09933333333333332), (183.15086666666667, 0.00013333333333333334, 6.666666666666668e-05), (82.4876, 0.0007333333333333332, 0.002), (33.5544, 0.009266666666666668, 0.010666666666666666), (100.6632, 0.11566666666666668, 0.09933333333333332), (455.7806, 0.011333333333333336, 0.005066666666666666), (92.27413333333331, 6.666666666666668e-05, 0.0013333333333333333), (167.77166666666662, 0.052866666666666666, 0.030466666666666666), (553.6476, 0.0017333333333333335, 0.0015333333333333334), (191.5394, 0.0, 0.0), (98.56566666666669, 0.0007333333333333332, 0.0002666666666666667)]","[0, 0, 0, 0, 0, 0, 0, 0, 0, 0, 0, 0, 0, 0, 0, 0, 0, 0, 0, 0, 0, 0, 0, 0, 0, 0, 0, 0, 0, 0, 0, 0, 0, 0, 0, 0, 0, 0, 0, 0, 0, 0, 0, 0, 0, 0, 0, 0, (3, 6.666666666666667e-05, 0.11822222222222224), 0, (3, 0.0027166666666666667, 0.027800000000000002), 0, 0, 0, 0, 0, (3, 0.0001, 0.1530611111111111), (3, 3.3333333333333335e-05, 0.15232222222222222), 0, 0, 0, 0, (2, 0.0, 0.0014166666666666668), (1, 0.005966666666666668, 0.0008777777777777778), (1, 0.0, 0.0005722222222222222), (2, 0.0, 0.0023555555555555556), (2, 0.0, 0.0009611111111111112), (3, 0.0, 0.016805555555555553), (2, 1.666666666666667e-05, 0.003455555555555556), (3, 1.666666666666667e-05, 0.0011833333333333333), (2, 0.0, 0.0005222222222222223), (1, 1.666666666666667e-05, 0.0002611111111111111), (1, 0.0, 0.0016666666666666668)]","[-1, -1, -1, -1, -1, -1, -1, -1, -1, -1, -1, -1, -1, -1, -1, -1, -1, -1, -1, -1, -1, -1, -1, -1, -1, -1, -1, -1, -1, -1, -1, -1, -1, -1, -1, -1, -1, -1, -1, -1, -1, -1, -1, -1, -1, -1, -1, -1, 1, -1, 13, -1, -1, -1, -1, -1, 6, 8, -1, -1, -1, -1, 11, 0, 3, 0, 9, 4, 5, 0, 7, 10, 2]","[False, False, False, False, False, False, False, False, False, False, False, False, False, False, False, False, False, False, False, False, False, False, False, False, False, False, False, False, False, False, False, False, False, False, False, False, False, False, False, False, False, False, False, False, False, False, False, False, True, False, True, False, False, False, False, False, True, True, False, False, False, False, True, True, True, True, True, True, True, True, True, True, True]"
52,"[0, 0, 0, 0, 0, 0, 0, 0, 0, 0, 0, 0, 0, 0, 0, 0, 0, 0, 0, 0, 0, 0, 0, 0, 0, 0, 0, 0, 0, 0, 0, 0, 0, 0, 0, 0, 0, 0, 0, 0, 0, 0, 0, 0, 0, 0, 0, 0, 0, 0, 3261.75156374067, 0, 0, 0, 0, 0, 6374.312287858666, 6028.278192232053, 0, 0, 0, 0, 1563.5500902401322, 527.5447082925066, 0, 5046.6768101486105, 1566.5169784569066, 2478.4930534701275, 0, 0, 1121.8672446314667, 0, 597.6615481065954]","[0, 0, 0, 1, 1, 1, 1, 2, 2, 2, 3, 3, 3, 3, 3, 4, 4, 4, 4, 4, 4, 5, 5, 5, 5, 5, 5, 5, 6, 6, 6, 7, 7, 7, 7, 8, 8, 8, 9, 9, 9, 9, 10, 10, 10, 10, 10, 11, 11, 11, 12, 12, 12, 12, 12, 12, 12, 13, 13, 13, 13, 13, 14, 14, 14, 14, 14, 15, 15, 15, 15, 16, 16]","[1, 1, 1, 2, 2, 2, 2, 3, 3, 3, 5, 4, 4, 4, 4, 5, 6, 8, 9, 10, 12, 12, 13, 13, 14, 14, 16, 17, 18, 19, 20, 20, 19, 21, 23, 23, 23, 25, 24, 27, 26, 26, 28, 28, 29, 31, 31, 32, 33, 33, 36, 34, 35, 36, 36, 36, 39, 40, 41, 42, 43, 44, 47, 45, 45, 45, 45, 48, 46, 47, 50, 49, 50]","[24, 6, 9, 13, 18, 14, 8, 10, 26, 18, 13, 24, 12, 19, 12, 23, 14, 23, 25, 17, 30, 19, 16, 19, 37, 31, 21, 32, 32, 36, 25, 33, 23, 35, 32, 29, 27, 33, 28, 36, 45, 45, 35, 39, 43, 42, 44, 47, -1, 46, -1, 49, 45, 40, 48, 45, -1, -1, 45, 48, 46, 50, -1, -1, -1, -1, -1, -1, -1, -1, -1, -1, -1]","[0, 0, 0, 0, 0, 0, 0, 0, 0, 0, 0, 0, 0, 0, 0, 0, 0, 0, 0, 0, 0, 0, 0, 0, 0, 0, 0, 0, 0, 0, 0, 0, 0, 0, 0, 0, 0, 0, 0, 0, 0, 0, 0, 0, 0, 0, 0, 0, 4029.0, 0, 3645.3757818703352, 0, 0, 0, 0, 0, 4029.0, 4029.0, 0, 0, 0, 0, 4029.0, 12.4708688121342, 4029.0, 4531.602970668238, 4029.0, 4029.0, 4029.0, -515.0738394803724, 4029.0, 383.624218129665, 4029.0]","[0, 0, 0, 0, 0, 0, 0, 0, 0, 0, 0, 0, 0, 0, 0, 0, 0, 0, 0, 0, 0, 0, 0, 0, 0, 0, 0, 0, 0, 0, 0, 0, 0, 0, 0, 0, 0, 0, 0, 0, 0, 0, 0, 0, 0, 0, 0, 0, (1632.9818, 0.3732, 0.7381333333333333), 0, (115.3428, 0.04046666666666667, 0.026666666666666672), 0, 0, 0, 0, 0, (1736.4414, 0.2492666666666667, 1.2721333333333333), (1551.892, 0.19686666666666666, 1.39), 0, 0, 0, 0, (67.1088, 0.11593333333333333, 0.09953333333333332), (222.2977333333333, 0.0, 0.0), (81.08953333333334, 0.0002666666666666667, 0.001), (369.0984, 0.018533333333333336, 0.025066666666666668), (22.3696, 0.11606666666666667, 0.09953333333333332), (332.7478, 0.012333333333333335, 0.0056), (76.89526666666666, 0.0, 0.001), (150.2954, 0.0526, 0.03033333333333333), (461.3726, 0.008400000000000001, 0.008866666666666667), (225.09366666666662, 0.0, 0.0), (121.6344, 0.0005333333333333334, 0.0002)]","[0, 0, 0, 0, 0, 0, 0, 0, 0, 0, 0, 0, 0, 0, 0, 0, 0, 0, 0, 0, 0, 0, 0, 0, 0, 0, 0, 0, 0, 0, 0, 0, 0, 0, 0, 0, 0, 0, 0, 0, 0, 0, 0, 0, 0, 0, 0, 0, (3, 0.09808333333333331, 0.2580777777777778), 0, (3, 0.0, 0.025622222222222223), 0, 0, 0, 0, 0, (3, 0.00015, 0.2104), (3, 0.0001, 0.1530611111111111), 0, 0, 0, 0, (2, 0.0, 0.00095), (1, 0.0, 0.00019999999999999998), (1, 0.0, 0.000538888888888889), (2, 0.0, 0.0054888888888888895), (2, 0.0, 0.0009388888888888888), (3, 0.0, 0.021144444444444445), (2, 0.0, 0.0005055555555555555), (3, 0.0, 0.0011055555555555556), (2, 0.0, 0.0004944444444444445), (1, 0.0, 0.0002833333333333333), (1, 0.0, 0.0015388888888888887)]","[-1, -1, -1, -1, -1, -1, -1, -1, -1, -1, -1, -1, -1, -1, -1, -1, -1, -1, -1, -1, -1, -1, -1, -1, -1, -1, -1, -1, -1, -1, -1, -1, -1, -1, -1, -1, -1, -1, -1, -1, -1, -1, -1, -1, -1, -1, -1, -1, 1, -1, 10, -1, -1, -1, -1, -1, 6, 8, -1, -1, -1, -1, 11, 0, 3, 0, 9, 4, 5, 0, 7, 10, 2]","[False, False, False, False, False, False, False, False, False, False, False, False, False, False, False, False, False, False, False, False, False, False, False, False, False, False, False, False, False, False, False, False, False, False, False, False, False, False, False, False, False, False, False, False, False, False, False, False, True, False, True, False, False, False, False, False, True, True, False, False, False, False, True, True, True, True, True, True, True, True, True, True, True]"
53,"[0, 0, 0, 0, 0, 0, 0, 0, 0, 0, 0, 0, 0, 0, 0, 0, 0, 0, 0, 0, 0, 0, 0, 0, 0, 0, 0, 0, 0, 0, 0, 0, 0, 0, 0, 0, 0, 0, 0, 0, 0, 0, 0, 0, 0, 0, 0, 0, 0, 0, 3409.63954396065, 0, 0, 0, 0, 0, 3703.171900565511, 6374.312287858666, 0, 0, 0, 0, 1572.4507548904555, 0, 0, 6361.008278047395, 0, 2629.1197031285333, 0, 0, 3121.8625785998443, 1035.0560887968888, 0, 0, 2006.6731654957287, 1364.7688631682443, 1364.7688631682443, 731.2170323801198]","[0, 0, 0, 1, 1, 1, 1, 2, 2, 2, 3, 3, 3, 3, 3, 4, 4, 4, 4, 4, 4, 5, 5, 5, 5, 5, 5, 5, 6, 6, 6, 7, 7, 7, 7, 8, 8, 8, 9, 9, 9, 9, 10, 10, 10, 10, 10, 11, 11, 11, 12, 12, 12, 12, 12, 12, 12, 13, 13, 13, 13, 13, 14, 14, 14, 14, 14, 15, 15, 15, 15, 15, 16, 16, 16, 16, 17, 17]","[1, 1, 1, 2, 2, 2, 2, 3, 3, 3, 5, 4, 4, 4, 4, 5, 6, 8, 9, 10, 12, 12, 13, 13, 14, 14, 16, 17, 18, 19, 20, 20, 19, 21, 23, 23, 23, 25, 24, 27, 26, 26, 28, 28, 29, 31, 31, 32, 33, 33, 36, 34, 35, 36, 36, 36, 39, 40, 41, 42, 43, 44, 47, 45, 45, 45, 45, 48, 46, 47, 53, 50, 49, 50, 53, 53, 53, 53]","[24, 6, 9, 13, 18, 14, 8, 10, 26, 18, 13, 24, 12, 19, 12, 23, 14, 23, 25, 17, 30, 19, 16, 19, 37, 31, 21, 32, 32, 36, 25, 33, 23, 35, 32, 29, 27, 33, 28, 36, 45, 45, 35, 39, 43, 42, 44, 47, 53, 46, -1, 49, 45, 40, 48, 45, -1, -1, 45, 48, 46, 50, -1, -1, 53, -1, -1, -1, 53, 53, -1, -1, 53, -1, -1, -1, -1, -1]","[0, 0, 0, 0, 0, 0, 0, 0, 0, 0, 0, 0, 0, 0, 0, 0, 0, 0, 0, 0, 0, 0, 0, 0, 0, 0, 0, 0, 0, 0, 0, 0, 0, 0, 0, 0, 0, 0, 0, 0, 0, 0, 0, 0, 0, 0, 0, 0, 0, 0, 4029.0, 0, 0, 0, 0, 0, 4029.0, 4029.0, 0, 0, 0, 0, 2435.116861255168, -1166.0041390236975, 0, 5195.0041390236975, 4029.0, 4029.0, 0, 0, 4029.0, 4029.0, 0, 4029.0, 2335.452151163742, 1693.5478488362578, 4029.0, 1593.8831387448322]","[0, 0, 0, 0, 0, 0, 0, 0, 0, 0, 0, 0, 0, 0, 0, 0, 0, 0, 0, 0, 0, 0, 0, 0, 0, 0, 0, 0, 0, 0, 0, 0, 0, 0, 0, 0, 0, 0, 0, 0, 0, 0, 0, 0, 0, 0, 0, 0, 0, 0, (132.12006666666667, 0.0338, 0.0268), 0, 0, 0, 0, 0, (1493.1718, 0.1692, 0.7876000000000001), (1736.4414, 0.2492666666666667, 1.2721333333333333), 0, 0, 0, 0, (100.6632, 0.11566666666666668, 0.09933333333333332), (257.2502, 0.0, 0.0), 0, (1157.6274666666666, 0.016533333333333334, 0.022133333333333328), (67.1088, 0.11606666666666667, 0.09946666666666669), (377.487, 0.011333333333333336, 0.0054), 0, 0, (0.0, 0.0, 0.0), (448.7898, 0.009933333333333334, 0.0104), 0, (125.82866666666669, 0.0007333333333333332, 0.0002666666666666667), (306.18366666666674, 0.5942000000000001, 0.19193333333333337), (402.65259999999995, 0.0, 0.0), (402.65259999999995, 0.0, 0.0), (178.9568, 0.0019333333333333331, 0.0014666666666666665)]","[0, 0, 0, 0, 0, 0, 0, 0, 0, 0, 0, 0, 0, 0, 0, 0, 0, 0, 0, 0, 0, 0, 0, 0, 0, 0, 0, 0, 0, 0, 0, 0, 0, 0, 0, 0, 0, 0, 0, 0, 0, 0, 0, 0, 0, 0, 0, 0, 0, 0, (3, 0.0, 0.03398333333333334), 0, 0, 0, 0, 0, (3, 0.0001, 0.13415555555555556), (3, 0.00015, 0.2104), 0, 0, 0, 0, (2, 0.0, 0.0009611111111111112), (1, 0.0, 0.00023888888888888888), 0, (2, 0.0, 0.005333333333333333), (2, 0.0, 0.0009555555555555554), (3, 0.0, 0.030616666666666664), 0, 0, (2, 0.0, 0.0), (2, 0.0, 0.0004944444444444445), 0, (1, 0.0, 0.00165), (3, 0.011550000000000001, 0.43049444444444446), (3, 0.1085, 0.004066666666666666), (3, 0.1085, 0.004066666666666666), (1, 0.36411666666666676, 0.01315)]","[-1, -1, -1, -1, -1, -1, -1, -1, -1, -1, -1, -1, -1, -1, -1, -1, -1, -1, -1, -1, -1, -1, -1, -1, -1, -1, -1, -1, -1, -1, -1, -1, -1, -1, -1, -1, -1, -1, -1, -1, -1, -1, -1, -1, -1, -1, -1, -1, -1, -1, 10, -1, -1, -1, -1, -1, 6, 8, -1, -1, -1, -1, 11, 0, -1, 0, 9, 4, -1, -1, 3, 7, -1, 2, 14, 14, 15, 11]","[False, False, False, False, False, False, False, False, False, False, False, False, False, False, False, False, False, False, False, False, False, False, False, False, False, False, False, False, False, False, False, False, False, False, False, False, False, False, False, False, False, False, False, False, False, False, False, False, False, False, True, False, False, False, False, False, True, True, False, False, False, False, True, True, False, True, True, True, False, False, True, True, False, True, True, True, True, True]"
54,"[0, 0, 0, 0, 0, 0, 0, 0, 0, 0, 0, 0, 0, 0, 0, 0, 0, 0, 0, 0, 0, 0, 0, 0, 0, 0, 0, 0, 0, 0, 0, 0, 0, 0, 0, 0, 0, 0, 0, 0, 0, 0, 0, 0, 0, 0, 0, 0, 0, 0, 2935.85027399664, 0, 0, 0, 0, 0, 3949.038231668631, 3703.171900565511, 0, 0, 0, 0, 1566.5169784569066, 0, 0, 2438.7820916767528, 0, 2505.879717044383, 0, 0, 3065.1014408071205, 1051.750541842, 0, 0, 1352.2506356501997, 501.40426599866777, 1691.1266347954333, 1691.1266347954333, 657.7614400862267, 1714.4051397483977]","[0, 0, 0, 1, 1, 1, 1, 2, 2, 2, 3, 3, 3, 3, 3, 4, 4, 4, 4, 4, 4, 5, 5, 5, 5, 5, 5, 5, 6, 6, 6, 7, 7, 7, 7, 8, 8, 8, 9, 9, 9, 9, 10, 10, 10, 10, 10, 11, 11, 11, 12, 12, 12, 12, 12, 12, 12, 13, 13, 13, 13, 13, 14, 14, 14, 14, 14, 15, 15, 15, 15, 15, 16, 16, 16, 16, 16, 17, 17, 17]","[1, 1, 1, 2, 2, 2, 2, 3, 3, 3, 5, 4, 4, 4, 4, 5, 6, 8, 9, 10, 12, 12, 13, 13, 14, 14, 16, 17, 18, 19, 20, 20, 19, 21, 23, 23, 23, 25, 24, 27, 26, 26, 28, 28, 29, 31, 31, 32, 33, 33, 36, 34, 35, 36, 36, 36, 39, 40, 41, 42, 43, 44, 47, 45, 45, 45, 45, 48, 46, 47, 53, 50, 49, 50, 53, 54, 53, 53, 53, 54]","[24, 6, 9, 13, 18, 14, 8, 10, 26, 18, 13, 24, 12, 19, 12, 23, 14, 23, 25, 17, 30, 19, 16, 19, 37, 31, 21, 32, 32, 36, 25, 33, 23, 35, 32, 29, 27, 33, 28, 36, 45, 45, 35, 39, 43, 42, 44, 47, 53, 46, -1, 49, 45, 40, 48, 45, -1, -1, 45, 48, 46, 50, -1, 54, 53, -1, 54, -1, 53, 53, -1, -1, 53, 54, -1, -1, -1, -1, -1, -1]","[0, 0, 0, 0, 0, 0, 0, 0, 0, 0, 0, 0, 0, 0, 0, 0, 0, 0, 0, 0, 0, 0, 0, 0, 0, 0, 0, 0, 0, 0, 0, 0, 0, 0, 0, 0, 0, 0, 0, 0, 0, 0, 0, 0, 0, 0, 0, 0, 0, 0, 4029.0, 0, 0, 0, 0, 0, 4029.0, 4029.0, 0, 0, 0, 0, 2000.9560836096396, 0, 0, 4029.0, 0, 4029.0, 0, 0, 4029.0, 4029.0, 0, 0, 1845.062000427383, 935.8433711514008, 2183.9379995726167, 4029.0, 1092.2005452389596, 4029.0]","[0, 0, 0, 0, 0, 0, 0, 0, 0, 0, 0, 0, 0, 0, 0, 0, 0, 0, 0, 0, 0, 0, 0, 0, 0, 0, 0, 0, 0, 0, 0, 0, 0, 0, 0, 0, 0, 0, 0, 0, 0, 0, 0, 0, 0, 0, 0, 0, 0, 0, (107.65339999999999, 0.037200000000000004, 0.024933333333333335), 0, 0, 0, 0, 0, (1484.7831999999999, 0.21580000000000002, 0.8416666666666666), (1493.1718, 0.1692, 0.7876000000000001), 0, 0, 0, 0, (22.3696, 0.11606666666666667, 0.09953333333333332), 0, 0, (167.772, 0.009333333333333334, 0.0104), 0, (321.563, 0.0134, 0.007933333333333334), 0, 0, (0.0, 0.0, 0.0), (450.1882666666667, 0.0092, 0.009466666666666667), 0, 0, (281.018, 0.42160000000000003, 0.13533333333333333), (0.0, 0.0048, 6.666666666666668e-05), (339.738, 0.0, 0.0), (339.738, 0.0, 0.0), (192.93779999999998, 0.003933333333333333, 0.0014666666666666665), (105.5042, 0.28773333333333334, 0.22433333333333338)]","[0, 0, 0, 0, 0, 0, 0, 0, 0, 0, 0, 0, 0, 0, 0, 0, 0, 0, 0, 0, 0, 0, 0, 0, 0, 0, 0, 0, 0, 0, 0, 0, 0, 0, 0, 0, 0, 0, 0, 0, 0, 0, 0, 0, 0, 0, 0, 0, 0, 0, (3, 0.0, 0.03331111111111111), 0, 0, 0, 0, 0, (3, 0.0001, 0.17663333333333334), (3, 0.0001, 0.13415555555555556), 0, 0, 0, 0, (2, 0.0, 0.0009388888888888888), 0, 0, (2, 0.0, 0.002172222222222222), 0, (3, 0.0, 0.017744444444444448), 0, 0, (2, 0.0, 0.0), (2, 0.0, 0.0005166666666666667), 0, 0, (3, 1.666666666666667e-05, 0.2272388888888889), (2, 0.0, 0.0013222222222222222), (3, 0.2122, 0.00935), (3, 0.2122, 0.00935), (1, 0.26766666666666666, 0.015294444444444444), (1, 0.0030666666666666663, 0.05871111111111111)]","[-1, -1, -1, -1, -1, -1, -1, -1, -1, -1, -1, -1, -1, -1, -1, -1, -1, -1, -1, -1, -1, -1, -1, -1, -1, -1, -1, -1, -1, -1, -1, -1, -1, -1, -1, -1, -1, -1, -1, -1, -1, -1, -1, -1, -1, -1, -1, -1, -1, -1, 10, -1, -1, -1, -1, -1, 6, 8, -1, -1, -1, -1, 11, -1, -1, 0, -1, 4, -1, -1, 3, 7, -1, -1, 14, 11, 14, 15, 11, 9]","[False, False, False, False, False, False, False, False, False, False, False, False, False, False, False, False, False, False, False, False, False, False, False, False, False, False, False, False, False, False, False, False, False, False, False, False, False, False, False, False, False, False, False, False, False, False, False, False, False, False, True, False, False, False, False, False, True, True, False, False, False, False, True, False, False, True, False, True, False, False, True, True, False, False, True, True, True, True, True, True]"
55,"[0, 0, 0, 0, 0, 0, 0, 0, 0, 0, 0, 0, 0, 0, 0, 0, 0, 0, 0, 0, 0, 0, 0, 0, 0, 0, 0, 0, 0, 0, 0, 0, 0, 0, 0, 0, 0, 0, 0, 0, 0, 0, 0, 0, 0, 0, 0, 0, 0, 0, 2733.1889677692598, 0, 0, 0, 0, 0, 3566.579494397111, 3949.038231668631, 0, 0, 0, 0, 0, 0, 0, 2554.490731062876, 0, 2519.573048831511, 0, 0, 2911.512479720924, 1055.0894324510223, 0, 0, 1409.0117734429248, 498.43737685074666, 1254.9939763481898, 1254.9939763481898, 711.18368902724, 1429.5838385761401, 1763.7010974382797]","[0, 0, 0, 1, 1, 1, 1, 2, 2, 2, 3, 3, 3, 3, 3, 4, 4, 4, 4, 4, 4, 5, 5, 5, 5, 5, 5, 5, 6, 6, 6, 7, 7, 7, 7, 8, 8, 8, 9, 9, 9, 9, 10, 10, 10, 10, 10, 11, 11, 11, 12, 12, 12, 12, 12, 12, 12, 13, 13, 13, 13, 13, 14, 14, 14, 14, 14, 15, 15, 15, 15, 15, 16, 16, 16, 16, 16, 17, 17, 17, 17]","[1, 1, 1, 2, 2, 2, 2, 3, 3, 3, 5, 4, 4, 4, 4, 5, 6, 8, 9, 10, 12, 12, 13, 13, 14, 14, 16, 17, 18, 19, 20, 20, 19, 21, 23, 23, 23, 25, 24, 27, 26, 26, 28, 28, 29, 31, 31, 32, 33, 33, 36, 34, 35, 36, 36, 36, 39, 40, 41, 42, 43, 44, 47, 45, 45, 45, 45, 48, 46, 47, 53, 50, 49, 50, 53, 54, 53, 53, 53, 54, 55]","[24, 6, 9, 13, 18, 14, 8, 10, 26, 18, 13, 24, 12, 19, 12, 23, 14, 23, 25, 17, 30, 19, 16, 19, 37, 31, 21, 32, 32, 36, 25, 33, 23, 35, 32, 29, 27, 33, 28, 36, 45, 45, 35, 39, 43, 42, 44, 47, 53, 46, -1, 49, 45, 40, 48, 45, -1, -1, 45, 48, 46, 50, -1, 54, 53, -1, 54, -1, 53, 53, -1, -1, 53, 54, -1, -1, -1, -1, -1, -1, -1]","[0, 0, 0, 0, 0, 0, 0, 0, 0, 0, 0, 0, 0, 0, 0, 0, 0, 0, 0, 0, 0, 0, 0, 0, 0, 0, 0, 0, 0, 0, 0, 0, 0, 0, 0, 0, 0, 0, 0, 0, 0, 0, 0, 0, 0, 0, 0, 0, 0, 0, 4029.0, 0, 0, 0, 0, 0, 4029.0, 4029.0, 0, 0, 0, 0, 939.7929780406712, 0, 0, 4029.0, 0, 4029.0, 0, 0, 4029.0, 4029.0, 0, 0, 2091.5088985473676, 1438.2303548914178, 1937.4911014526324, 4029.0, 1650.9766670679112, 4029.0, 4029.0]","[0, 0, 0, 0, 0, 0, 0, 0, 0, 0, 0, 0, 0, 0, 0, 0, 0, 0, 0, 0, 0, 0, 0, 0, 0, 0, 0, 0, 0, 0, 0, 0, 0, 0, 0, 0, 0, 0, 0, 0, 0, 0, 0, 0, 0, 0, 0, 0, 0, 0, (99.96353333333334, 0.03306666666666667, 0.022733333333333335), 0, 0, 0, 0, 0, (1644.1666, 0.15380000000000002, 0.6252666666666667), (1484.7831999999999, 0.21580000000000002, 0.8416666666666666), 0, 0, 0, 0, (67.1088, 0.11606666666666667, 0.09946666666666669), 0, 0, (536.8704, 0.009266666666666668, 0.0106), 0, (343.9326, 0.013333333333333336, 0.0074666666666666675), 0, 0, (0.0, 0.0, 0.0), (461.373, 0.0016666666666666668, 0.0013333333333333333), 0, 0, (255.852, 0.49213333333333326, 0.15953333333333333), (145.4024, 0.004733333333333333, 6.666666666666668e-05), (343.93240000000003, 0.0, 0.0), (343.93240000000003, 0.0, 0.0), (134.2176, 0.002, 0.0014), (110.71433333333331, 0.20726666666666668, 0.17506666666666665), (39.146666666666654, 0.29753333333333337, 0.0019333333333333331)]","[0, 0, 0, 0, 0, 0, 0, 0, 0, 0, 0, 0, 0, 0, 0, 0, 0, 0, 0, 0, 0, 0, 0, 0, 0, 0, 0, 0, 0, 0, 0, 0, 0, 0, 0, 0, 0, 0, 0, 0, 0, 0, 0, 0, 0, 0, 0, 0, 0, 0, (3, 0.0, 0.026605555555555556), 0, 0, 0, 0, 0, (3, 5e-05, 0.16941111111111112), (3, 0.0001, 0.17663333333333334), 0, 0, 0, 0, (2, 0.0, 0.0009555555555555554), 0, 0, (2, 0.0, 0.0023777777777777777), 0, (3, 0.0, 0.017083333333333332), 0, 0, (2, 0.0, 0.0), (2, 0.0, 0.01923888888888889), 0, 0, (3, 8.333333333333333e-05, 0.28617777777777775), (2, 0.0, 0.0012666666666666666), (3, 0.020033333333333334, 0.0038777777777777777), (3, 0.020033333333333334, 0.0038777777777777777), (1, 0.2701, 0.013050000000000004), (1, 0.0002333333333333333, 0.05122222222222223), (1, 0.003, 0.06097777777777777)]","[-1, -1, -1, -1, -1, -1, -1, -1, -1, -1, -1, -1, -1, -1, -1, -1, -1, -1, -1, -1, -1, -1, -1, -1, -1, -1, -1, -1, -1, -1, -1, -1, -1, -1, -1, -1, -1, -1, -1, -1, -1, -1, -1, -1, -1, -1, -1, -1, -1, -1, 10, -1, -1, -1, -1, -1, 6, 8, -1, -1, -1, -1, 11, -1, -1, 0, -1, 4, -1, -1, 3, 7, -1, -1, 14, 11, 14, 15, 11, 9, 2]","[False, False, False, False, False, False, False, False, False, False, False, False, False, False, False, False, False, False, False, False, False, False, False, False, False, False, False, False, False, False, False, False, False, False, False, False, False, False, False, False, False, False, False, False, False, False, False, False, False, False, True, False, False, False, False, False, True, True, False, False, False, False, True, False, False, True, False, True, False, False, True, True, False, False, True, True, True, True, True, True, True]"
56,"[0, 0, 0, 0, 0, 0, 0, 0, 0, 0, 0, 0, 0, 0, 0, 0, 0, 0, 0, 0, 0, 0, 0, 0, 0, 0, 0, 0, 0, 0, 0, 0, 0, 0, 0, 0, 0, 0, 0, 0, 0, 0, 0, 0, 0, 0, 0, 0, 0, 0, 2831.7809545825808, 0, 0, 0, 0, 0, 4726.09725342664, 3566.579494397111, 0, 0, 0, 0, 0, 0, 0, 2450.6496444343047, 0, 0, 0, 0, 3145.2348118086134, 0, 0, 0, 1816.3564093671823, 498.43737685074666, 1266.8615316800874, 1266.8615316800874, 647.7447684097866, 2327.8664038117226, 1845.861124904825, 1385.7651479872202, 2240.395480738335]","[0, 0, 0, 1, 1, 1, 1, 2, 2, 2, 3, 3, 3, 3, 3, 4, 4, 4, 4, 4, 4, 5, 5, 5, 5, 5, 5, 5, 6, 6, 6, 7, 7, 7, 7, 8, 8, 8, 9, 9, 9, 9, 10, 10, 10, 10, 10, 11, 11, 11, 12, 12, 12, 12, 12, 12, 12, 13, 13, 13, 13, 13, 14, 14, 14, 14, 14, 15, 15, 15, 15, 15, 16, 16, 16, 16, 16, 17, 17, 17, 17, 17, 18]","[1, 1, 1, 2, 2, 2, 2, 3, 3, 3, 5, 4, 4, 4, 4, 5, 6, 8, 9, 10, 12, 12, 13, 13, 14, 14, 16, 17, 18, 19, 20, 20, 19, 21, 23, 23, 23, 25, 24, 27, 26, 26, 28, 28, 29, 31, 31, 32, 33, 33, 36, 34, 35, 36, 36, 36, 39, 40, 41, 42, 43, 44, 47, 45, 45, 45, 45, 48, 46, 47, 53, 50, 49, 50, 53, 54, 53, 53, 53, 56, 54, 55, 56]","[24, 6, 9, 13, 18, 14, 8, 10, 26, 18, 13, 24, 12, 19, 12, 23, 14, 23, 25, 17, 30, 19, 16, 19, 37, 31, 21, 32, 32, 36, 25, 33, 23, 35, 32, 29, 27, 33, 28, 36, 45, 45, 35, 39, 43, 42, 44, 47, 53, 46, -1, 49, 45, 40, 48, 45, -1, -1, 45, 48, 46, 50, 56, 54, 53, -1, 54, -1, 53, 53, -1, -1, 53, 54, -1, -1, -1, -1, -1, -1, -1, -1, -1]","[0, 0, 0, 0, 0, 0, 0, 0, 0, 0, 0, 0, 0, 0, 0, 0, 0, 0, 0, 0, 0, 0, 0, 0, 0, 0, 0, 0, 0, 0, 0, 0, 0, 0, 0, 0, 0, 0, 0, 0, 0, 0, 0, 0, 0, 0, 0, 0, 0, 0, 4029.0, 0, 0, 0, 0, 0, 4029.0, 4029.0, 0, 0, 0, 0, 0, 0, 0, 4029.0, 0, 4029.0, 0, 0, 4029.0, 4029.0, 0, 0, 2289.2474388435476, 1939.84630422048, 1739.7525611564524, 1527.733025470876, 2089.15369577952, 2485.550627912251, 4029.0, 1543.4493720877488, 2501.266974529124]","[0, 0, 0, 0, 0, 0, 0, 0, 0, 0, 0, 0, 0, 0, 0, 0, 0, 0, 0, 0, 0, 0, 0, 0, 0, 0, 0, 0, 0, 0, 0, 0, 0, 0, 0, 0, 0, 0, 0, 0, 0, 0, 0, 0, 0, 0, 0, 0, 0, 0, (103.459, 0.03553333333333333, 0.025), 0, 0, 0, 0, 0, (1434.4516, 0.22206666666666663, 0.8742666666666667), (1644.1666, 0.15380000000000002, 0.6252666666666667), 0, 0, 0, 0, 0, 0, 0, (738.197, 0.009333333333333334, 0.0108), 0, (478.1502, 0.012199999999999999, 0.007066666666666666), 0, 0, (0.0, 0.0, 0.0), (450.1881333333334, 0.0015333333333333334, 0.0012), 0, 0, (226.49179999999998, 0.6, 0.19540000000000002), (67.1088, 0.004666666666666667, 0.0), (306.18359999999996, 0.0, 0.0), (306.18359999999996, 0.0, 0.0), (226.49220000000003, 0.0016666666666666668, 0.0014), (335.544, 0.016466666666666664, 0.009866666666666668), (109.4118, 0.21166666666666664, 0.17653333333333332), (65.71033333333331, 0.2166, 0.004533333333333333), (973.0777333333333, 0.10640000000000001, 0.744)]","[0, 0, 0, 0, 0, 0, 0, 0, 0, 0, 0, 0, 0, 0, 0, 0, 0, 0, 0, 0, 0, 0, 0, 0, 0, 0, 0, 0, 0, 0, 0, 0, 0, 0, 0, 0, 0, 0, 0, 0, 0, 0, 0, 0, 0, 0, 0, 0, 0, 0, (3, 0.0001, 0.02427222222222222), 0, 0, 0, 0, 0, (3, 0.0001, 0.21292777777777777), (3, 5e-05, 0.16941111111111112), 0, 0, 0, 0, 0, 0, 0, (2, 0.0, 0.0023666666666666667), 0, (3, 0.0009, 0.02215), 0, 0, (2, 0.0, 0.0), (2, 0.0, 0.0005), 0, 0, (3, 0.00016666666666666666, 0.37338333333333334), (2, 0.0, 0.0012333333333333335), (3, 0.008033333333333333, 0.003372222222222222), (3, 0.008033333333333333, 0.003372222222222222), (1, 0.27021666666666666, 0.012733333333333334), (3, 0.0, 0.015905555555555555), (1, 0.00011666666666666667, 0.05212222222222222), (1, 0.0002833333333333333, 0.09404444444444444), (3, 0.0, 0.025061111111111114)]","[-1, -1, -1, -1, -1, -1, -1, -1, -1, -1, -1, -1, -1, -1, -1, -1, -1, -1, -1, -1, -1, -1, -1, -1, -1, -1, -1, -1, -1, -1, -1, -1, -1, -1, -1, -1, -1, -1, -1, -1, -1, -1, -1, -1, -1, -1, -1, -1, -1, -1, 10, -1, -1, -1, -1, -1, 6, 8, -1, -1, -1, -1, -1, -1, -1, 0, -1, 4, -1, -1, 3, 7, -1, -1, 14, 11, 14, 15, 11, 2, 9, 2, 15]","[False, False, False, False, False, False, False, False, False, False, False, False, False, False, False, False, False, False, False, False, False, False, False, False, False, False, False, False, False, False, False, False, False, False, False, False, False, False, False, False, False, False, False, False, False, False, False, False, False, False, True, False, False, False, False, False, True, True, False, False, False, False, False, False, False, True, False, True, False, False, True, True, False, False, True, True, True, True, True, True, True, True, True]"
57,"[0, 0, 0, 0, 0, 0, 0, 0, 0, 0, 0, 0, 0, 0, 0, 0, 0, 0, 0, 0, 0, 0, 0, 0, 0, 0, 0, 0, 0, 0, 0, 0, 0, 0, 0, 0, 0, 0, 0, 0, 0, 0, 0, 0, 0, 0, 0, 0, 0, 0, 2809.8716241796205, 0, 0, 0, 0, 0, 3065.7406717796443, 4726.09725342664, 0, 0, 0, 0, 0, 0, 0, 2453.616532623692, 0, 0, 0, 0, 2988.3069602640226, 0, 0, 0, 2230.3788262082307, 498.43737685074666, 1204.5568661876246, 1204.5568661876246, 724.5392512624934, 2503.141050686958, 1812.9971286157179, 1569.2557901120101, 1332.217282883153, 744.572766635591]","[0, 0, 0, 1, 1, 1, 1, 2, 2, 2, 3, 3, 3, 3, 3, 4, 4, 4, 4, 4, 4, 5, 5, 5, 5, 5, 5, 5, 6, 6, 6, 7, 7, 7, 7, 8, 8, 8, 9, 9, 9, 9, 10, 10, 10, 10, 10, 11, 11, 11, 12, 12, 12, 12, 12, 12, 12, 13, 13, 13, 13, 13, 14, 14, 14, 14, 14, 15, 15, 15, 15, 15, 16, 16, 16, 16, 16, 17, 17, 17, 17, 17, 18, 18]","[1, 1, 1, 2, 2, 2, 2, 3, 3, 3, 5, 4, 4, 4, 4, 5, 6, 8, 9, 10, 12, 12, 13, 13, 14, 14, 16, 17, 18, 19, 20, 20, 19, 21, 23, 23, 23, 25, 24, 27, 26, 26, 28, 28, 29, 31, 31, 32, 33, 33, 36, 34, 35, 36, 36, 36, 39, 40, 41, 42, 43, 44, 47, 45, 45, 45, 45, 48, 46, 47, 53, 50, 49, 50, 53, 54, 53, 53, 53, 56, 54, 55, 56, 57]","[24, 6, 9, 13, 18, 14, 8, 10, 26, 18, 13, 24, 12, 19, 12, 23, 14, 23, 25, 17, 30, 19, 16, 19, 37, 31, 21, 32, 32, 36, 25, 33, 23, 35, 32, 29, 27, 33, 28, 36, 45, 45, 35, 39, 43, 42, 44, 47, 53, 46, -1, 49, 45, 40, 48, 45, -1, -1, 45, 48, 46, 50, 56, 54, 53, -1, 54, 57, 53, 53, -1, 57, 53, 54, -1, -1, -1, -1, -1, -1, -1, -1, -1, -1]","[0, 0, 0, 0, 0, 0, 0, 0, 0, 0, 0, 0, 0, 0, 0, 0, 0, 0, 0, 0, 0, 0, 0, 0, 0, 0, 0, 0, 0, 0, 0, 0, 0, 0, 0, 0, 0, 0, 0, 0, 0, 0, 0, 0, 0, 0, 0, 0, 0, 0, 4029.0, 0, 0, 0, 0, 0, 4029.0, 4029.0, 0, 0, 0, 0, 0, 0, 0, 4029.0, 0, 0, 0, 0, 4029.0, 0, 0, 0, 2527.4109800103033, 1901.4490627941266, 1501.589019989697, 1950.6697916522357, 2127.550937205873, 2481.442630287474, 4029.0, 1547.5573697125262, 2078.3302083477643, 4029.0]","[0, 0, 0, 0, 0, 0, 0, 0, 0, 0, 0, 0, 0, 0, 0, 0, 0, 0, 0, 0, 0, 0, 0, 0, 0, 0, 0, 0, 0, 0, 0, 0, 0, 0, 0, 0, 0, 0, 0, 0, 0, 0, 0, 0, 0, 0, 0, 0, 0, 0, (96.46846666666666, 0.0338, 0.023066666666666666), 0, 0, 0, 0, 0, (1392.5086000000001, 0.1512, 0.6417333333333333), (1434.4516, 0.22206666666666663, 0.8742666666666667), 0, 0, 0, 0, 0, 0, 0, (352.32120000000003, 0.0094, 0.010866666666666667), 0, 0, 0, 0, (0.0, 0.0, 0.0), 0, 0, 0, (209.7148, 0.7276, 0.23566666666666664), (100.6632, 0.004666666666666667, 6.666666666666668e-05), (322.961, 0.0, 0.0), (322.961, 0.0, 0.0), (271.2314, 0.0722, 0.0028666666666666667), (427.8186, 0.011466666666666667, 0.006066666666666666), (108.76053333333334, 0.20446666666666666, 0.17406666666666665), (40.54486666666667, 0.21746666666666667, 0.0017333333333333335), (805.3058666666667, 0.081, 0.3894666666666666), (142.60586666666666, 0.0007333333333333332, 0.0006)]","[0, 0, 0, 0, 0, 0, 0, 0, 0, 0, 0, 0, 0, 0, 0, 0, 0, 0, 0, 0, 0, 0, 0, 0, 0, 0, 0, 0, 0, 0, 0, 0, 0, 0, 0, 0, 0, 0, 0, 0, 0, 0, 0, 0, 0, 0, 0, 0, 0, 0, (3, 0.0001833333333333333, 0.029927777777777772), 0, 0, 0, 0, 0, (3, 6.666666666666667e-05, 0.11822222222222224), (3, 0.0001, 0.21292777777777777), 0, 0, 0, 0, 0, 0, 0, (2, 0.0, 0.002344444444444444), 0, 0, 0, 0, (2, 0.0, 0.0), 0, 0, 0, (3, 0.00021666666666666668, 0.5190777777777777), (2, 0.0, 0.001238888888888889), (3, 0.007916666666666667, 0.003444444444444445), (3, 0.007916666666666667, 0.003444444444444445), (1, 0.24863333333333332, 0.04668333333333334), (3, 1.666666666666667e-05, 0.017866666666666666), (1, 0.0, 0.05014999999999999), (1, 0.0, 0.05373333333333333), (3, 0.0, 0.023311111111111112), (1, 0.0, 0.02883888888888889)]","[-1, -1, -1, -1, -1, -1, -1, -1, -1, -1, -1, -1, -1, -1, -1, -1, -1, -1, -1, -1, -1, -1, -1, -1, -1, -1, -1, -1, -1, -1, -1, -1, -1, -1, -1, -1, -1, -1, -1, -1, -1, -1, -1, -1, -1, -1, -1, -1, -1, -1, 10, -1, -1, -1, -1, -1, 6, 8, -1, -1, -1, -1, -1, -1, -1, 0, -1, -1, -1, -1, 3, -1, -1, -1, 14, 11, 14, 15, 11, 2, 9, 2, 15, 12]","[False, False, False, False, False, False, False, False, False, False, False, False, False, False, False, False, False, False, False, False, False, False, False, False, False, False, False, False, False, False, False, False, False, False, False, False, False, False, False, False, False, False, False, False, False, False, False, False, False, False, True, False, False, False, False, False, True, True, False, False, False, False, False, False, False, True, False, False, False, False, True, False, False, False, True, True, True, True, True, True, True, True, True, True]"
58,"[0, 0, 0, 0, 0, 0, 0, 0, 0, 0, 0, 0, 0, 0, 0, 0, 0, 0, 0, 0, 0, 0, 0, 0, 0, 0, 0, 0, 0, 0, 0, 0, 0, 0, 0, 0, 0, 0, 0, 0, 0, 0, 0, 0, 0, 0, 0, 0, 0, 0, 2809.8716241796205, 0, 0, 0, 0, 0, 5157.122179558036, 3065.7406717796443, 0, 0, 0, 0, 0, 0, 0, 2495.1529672751212, 0, 0, 0, 0, 3008.340303014396, 0, 0, 0, 1318.8617310662446, 495.47048770282555, 1252.0270875152155, 1252.0270875152155, 737.8948134977464, 2497.663717972107, 1886.9411202662081, 1517.22113040498, 888.1448552554355, 554.2559608139378]","[0, 0, 0, 1, 1, 1, 1, 2, 2, 2, 3, 3, 3, 3, 3, 4, 4, 4, 4, 4, 4, 5, 5, 5, 5, 5, 5, 5, 6, 6, 6, 7, 7, 7, 7, 8, 8, 8, 9, 9, 9, 9, 10, 10, 10, 10, 10, 11, 11, 11, 12, 12, 12, 12, 12, 12, 12, 13, 13, 13, 13, 13, 14, 14, 14, 14, 14, 15, 15, 15, 15, 15, 16, 16, 16, 16, 16, 17, 17, 17, 17, 17, 18, 18]","[1, 1, 1, 2, 2, 2, 2, 3, 3, 3, 5, 4, 4, 4, 4, 5, 6, 8, 9, 10, 12, 12, 13, 13, 14, 14, 16, 17, 18, 19, 20, 20, 19, 21, 23, 23, 23, 25, 24, 27, 26, 26, 28, 28, 29, 31, 31, 32, 33, 33, 36, 34, 35, 36, 36, 36, 39, 40, 41, 42, 43, 44, 47, 45, 45, 45, 45, 48, 46, 47, 53, 50, 49, 50, 53, 54, 53, 53, 53, 56, 54, 55, 56, 57]","[24, 6, 9, 13, 18, 14, 8, 10, 26, 18, 13, 24, 12, 19, 12, 23, 14, 23, 25, 17, 30, 19, 16, 19, 37, 31, 21, 32, 32, 36, 25, 33, 23, 35, 32, 29, 27, 33, 28, 36, 45, 45, 35, 39, 43, 42, 44, 47, 53, 46, -1, 49, 45, 40, 48, 45, -1, -1, 45, 48, 46, 50, 56, 54, 53, -1, 54, 57, 53, 53, -1, 57, 53, 54, -1, -1, -1, -1, -1, -1, -1, -1, -1, -1]","[0, 0, 0, 0, 0, 0, 0, 0, 0, 0, 0, 0, 0, 0, 0, 0, 0, 0, 0, 0, 0, 0, 0, 0, 0, 0, 0, 0, 0, 0, 0, 0, 0, 0, 0, 0, 0, 0, 0, 0, 0, 0, 0, 0, 0, 0, 0, 0, 0, 0, 4029.0, 0, 0, 0, 0, 0, 4029.0, 4029.0, 0, 0, 0, 0, 0, 0, 0, 4029.0, 0, 0, 0, 0, 4029.0, 0, 0, 0, 2047.9173217755144, 1893.2878371025395, 1981.0826782244853, 2196.44111612989, 2135.7121628974605, 2504.7212937835634, 4029.0, 1524.2787062164364, 1832.5588838701099, 4029.0]","[0, 0, 0, 0, 0, 0, 0, 0, 0, 0, 0, 0, 0, 0, 0, 0, 0, 0, 0, 0, 0, 0, 0, 0, 0, 0, 0, 0, 0, 0, 0, 0, 0, 0, 0, 0, 0, 0, 0, 0, 0, 0, 0, 0, 0, 0, 0, 0, 0, 0, (111.1486, 0.03306666666666667, 0.022600000000000002), 0, 0, 0, 0, 0, (1632.9818, 0.3732, 0.7381333333333333), (1392.5086000000001, 0.1512, 0.6417333333333333), 0, 0, 0, 0, 0, 0, 0, (218.1036, 0.009333333333333334, 0.010666666666666666), 0, 0, 0, 0, (0.0, 0.0, 0.0), 0, 0, 0, (255.852, 0.40273333333333333, 0.13053333333333333), (0.0, 0.004666666666666667, 6.666666666666668e-05), (301.98940000000005, 0.0, 0.0), (301.98940000000005, 0.0, 0.0), (164.9758, 0.0021333333333333334, 0.0014666666666666665), (419.43, 0.0086, 0.004933333333333334), (115.2732, 0.21046666666666666, 0.17566666666666664), (26.56353333333333, 0.21073333333333333, 0.0014), (624.9507333333332, 0.08693333333333333, 0.30760000000000004), (98.56566666666669, 0.0007333333333333332, 0.0002666666666666667)]","[0, 0, 0, 0, 0, 0, 0, 0, 0, 0, 0, 0, 0, 0, 0, 0, 0, 0, 0, 0, 0, 0, 0, 0, 0, 0, 0, 0, 0, 0, 0, 0, 0, 0, 0, 0, 0, 0, 0, 0, 0, 0, 0, 0, 0, 0, 0, 0, 0, 0, (3, 0.0, 0.026805555555555558), 0, 0, 0, 0, 0, (3, 0.09808333333333331, 0.2580777777777778), (3, 6.666666666666667e-05, 0.11822222222222224), 0, 0, 0, 0, 0, 0, 0, (2, 0.0, 0.002655555555555556), 0, 0, 0, 0, (2, 0.0, 0.0), 0, 0, 0, (3, 5e-05, 0.20164999999999994), (2, 0.0, 0.0012722222222222221), (3, 0.00785, 0.003533333333333333), (3, 0.00785, 0.003533333333333333), (1, 0.2376, 0.013488888888888885), (3, 0.0, 0.021744444444444445), (1, 0.0, 0.05059444444444444), (1, 1.666666666666667e-05, 0.05187222222222222), (3, 0.0, 0.013066666666666667), (1, 0.0, 0.0016666666666666668)]","[-1, -1, -1, -1, -1, -1, -1, -1, -1, -1, -1, -1, -1, -1, -1, -1, -1, -1, -1, -1, -1, -1, -1, -1, -1, -1, -1, -1, -1, -1, -1, -1, -1, -1, -1, -1, -1, -1, -1, -1, -1, -1, -1, -1, -1, -1, -1, -1, -1, -1, 10, -1, -1, -1, -1, -1, 6, 8, -1, -1, -1, -1, -1, -1, -1, 0, -1, -1, -1, -1, 3, -1, -1, -1, 14, 11, 14, 15, 11, 2, 9, 2, 15, 12]","[False, False, False, False, False, False, False, False, False, False, False, False, False, False, False, False, False, False, False, False, False, False, False, False, False, False, False, False, False, False, False, False, False, False, False, False, False, False, False, False, False, False, False, False, False, False, False, False, False, False, True, False, False, False, False, False, True, True, False, False, False, False, False, False, False, True, False, False, False, False, True, False, False, False, True, True, True, True, True, True, True, True, True, True]"
59,"[0, 0, 0, 0, 0, 0, 0, 0, 0, 0, 0, 0, 0, 0, 0, 0, 0, 0, 0, 0, 0, 0, 0, 0, 0, 0, 0, 0, 0, 0, 0, 0, 0, 0, 0, 0, 0, 0, 0, 0, 0, 0, 0, 0, 0, 0, 0, 0, 0, 0, 0, 0, 0, 0, 0, 0, 6377.347674662409, 5157.122179558036, 0, 0, 0, 0, 0, 0, 0, 2423.947650729814, 0, 0, 0, 0, 3068.4403312655163, 0, 0, 0, 1425.7062257349019, 492.5035985549045, 1225.3250880184453, 1225.3250880184453, 714.5225795860533, 2664.722365775066, 1906.1117847681867, 1569.2557901120101, 1101.8338429860667, 597.6615481065954]","[0, 0, 0, 1, 1, 1, 1, 2, 2, 2, 3, 3, 3, 3, 3, 4, 4, 4, 4, 4, 4, 5, 5, 5, 5, 5, 5, 5, 6, 6, 6, 7, 7, 7, 7, 8, 8, 8, 9, 9, 9, 9, 10, 10, 10, 10, 10, 11, 11, 11, 12, 12, 12, 12, 12, 12, 12, 13, 13, 13, 13, 13, 14, 14, 14, 14, 14, 15, 15, 15, 15, 15, 16, 16, 16, 16, 16, 17, 17, 17, 17, 17, 18, 18]","[1, 1, 1, 2, 2, 2, 2, 3, 3, 3, 5, 4, 4, 4, 4, 5, 6, 8, 9, 10, 12, 12, 13, 13, 14, 14, 16, 17, 18, 19, 20, 20, 19, 21, 23, 23, 23, 25, 24, 27, 26, 26, 28, 28, 29, 31, 31, 32, 33, 33, 36, 34, 35, 36, 36, 36, 39, 40, 41, 42, 43, 44, 47, 45, 45, 45, 45, 48, 46, 47, 53, 50, 49, 50, 53, 54, 53, 53, 53, 56, 54, 55, 56, 57]","[24, 6, 9, 13, 18, 14, 8, 10, 26, 18, 13, 24, 12, 19, 12, 23, 14, 23, 25, 17, 30, 19, 16, 19, 37, 31, 21, 32, 32, 36, 25, 33, 23, 35, 32, 29, 27, 33, 28, 36, 45, 45, 35, 39, 43, 42, 44, 47, 53, 46, -1, 49, 45, 40, 48, 45, -1, -1, 45, 48, 46, 50, 56, 54, 53, -1, 54, 57, 53, 53, -1, 57, 53, 54, -1, -1, -1, -1, -1, -1, -1, -1, -1, -1]","[0, 0, 0, 0, 0, 0, 0, 0, 0, 0, 0, 0, 0, 0, 0, 0, 0, 0, 0, 0, 0, 0, 0, 0, 0, 0, 0, 0, 0, 0, 0, 0, 0, 0, 0, 0, 0, 0, 0, 0, 0, 0, 0, 0, 0, 0, 0, 0, 0, 0, 4029.0, 0, 0, 0, 0, 0, 4029.0, 4029.0, 0, 0, 0, 0, 0, 0, 0, 4029.0, 0, 0, 0, 0, 4029.0, 0, 0, 0, 2114.6905688582283, 1903.4905094844255, 1914.3094311417717, 2076.2456225161895, 2125.5094905155743, 2562.233287831528, 4029.0, 1466.766712168472, 1952.7543774838107, 4029.0]","[0, 0, 0, 0, 0, 0, 0, 0, 0, 0, 0, 0, 0, 0, 0, 0, 0, 0, 0, 0, 0, 0, 0, 0, 0, 0, 0, 0, 0, 0, 0, 0, 0, 0, 0, 0, 0, 0, 0, 0, 0, 0, 0, 0, 0, 0, 0, 0, 0, 0, (104.15793333333333, 0.032733333333333337, 0.0224), 0, 0, 0, 0, 0, (1756.0146000000002, 0.15113333333333331, 0.6404), (1632.9818, 0.3732, 0.7381333333333333), 0, 0, 0, 0, 0, 0, 0, (134.2176, 0.009266666666666668, 0.010666666666666666), 0, 0, 0, 0, (0.0, 0.0, 0.0), 0, 0, 0, (213.9092, 0.46873333333333334, 0.15180000000000002), (0.0, 0.0046, 6.666666666666668e-05), (328.5532, 0.0, 0.0), (328.5532, 0.0, 0.0), (159.3834, 0.0022666666666666664, 0.0018), (455.7806, 0.011333333333333336, 0.005066666666666666), (97.689, 0.24573333333333333, 0.20893333333333336), (40.54466666666666, 0.2174, 0.0013333333333333333), (641.7282666666667, 0.07759999999999999, 0.331), (121.6344, 0.0005333333333333334, 0.0002)]","[0, 0, 0, 0, 0, 0, 0, 0, 0, 0, 0, 0, 0, 0, 0, 0, 0, 0, 0, 0, 0, 0, 0, 0, 0, 0, 0, 0, 0, 0, 0, 0, 0, 0, 0, 0, 0, 0, 0, 0, 0, 0, 0, 0, 0, 0, 0, 0, 0, 0, (3, 0.0, 0.026166666666666668), 0, 0, 0, 0, 0, (3, 0.07565000000000001, 0.43214444444444444), (3, 0.09808333333333331, 0.2580777777777778), 0, 0, 0, 0, 0, 0, 0, (2, 0.0, 0.0023833333333333337), 0, 0, 0, 0, (2, 0.0, 0.0), 0, 0, 0, (3, 3.3333333333333335e-05, 0.2765777777777778), (2, 0.0, 0.0012166666666666667), (3, 0.007816666666666666, 0.003527777777777778), (3, 0.007816666666666666, 0.003527777777777778), (1, 0.27031666666666665, 0.012972222222222222), (3, 0.0, 0.016805555555555553), (1, 0.0, 0.05149444444444444), (1, 0.00013333333333333334, 0.05250555555555555), (3, 0.04375, 0.0321388888888889), (1, 0.0, 0.0015388888888888887)]","[-1, -1, -1, -1, -1, -1, -1, -1, -1, -1, -1, -1, -1, -1, -1, -1, -1, -1, -1, -1, -1, -1, -1, -1, -1, -1, -1, -1, -1, -1, -1, -1, -1, -1, -1, -1, -1, -1, -1, -1, -1, -1, -1, -1, -1, -1, -1, -1, -1, -1, 10, -1, -1, -1, -1, -1, 6, 8, -1, -1, -1, -1, -1, -1, -1, 0, -1, -1, -1, -1, 3, -1, -1, -1, 14, 11, 14, 15, 11, 2, 9, 2, 15, 12]","[False, False, False, False, False, False, False, False, False, False, False, False, False, False, False, False, False, False, False, False, False, False, False, False, False, False, False, False, False, False, False, False, False, False, False, False, False, False, False, False, False, False, False, False, False, False, False, False, False, False, True, False, False, False, False, False, True, True, False, False, False, False, False, False, False, True, False, False, False, False, True, False, False, False, True, True, True, True, True, True, True, True, True, True]"
60,"[0, 0, 0, 0, 0, 0, 0, 0, 0, 0, 0, 0, 0, 0, 0, 0, 0, 0, 0, 0, 0, 0, 0, 0, 0, 0, 0, 0, 0, 0, 0, 0, 0, 0, 0, 0, 0, 0, 0, 0, 0, 0, 0, 0, 0, 0, 0, 0, 0, 0, 0, 0, 0, 0, 0, 0, 4197.939949575493, 6377.347674662409, 0, 0, 0, 0, 0, 0, 0, 0, 0, 0, 0, 0, 3021.6958648479776, 0, 0, 0, 2036.723179621289, 498.43737685074666, 1254.9939763481898, 1254.9939763481898, 707.8447984684265, 2478.4930534701275, 1908.8504511256126, 1662.37044432459, 1125.2060760191043, 0, 3121.8625785998443]","[0, 0, 0, 1, 1, 1, 1, 2, 2, 2, 3, 3, 3, 3, 3, 4, 4, 4, 4, 4, 4, 5, 5, 5, 5, 5, 5, 5, 6, 6, 6, 7, 7, 7, 7, 8, 8, 8, 9, 9, 9, 9, 10, 10, 10, 10, 10, 11, 11, 11, 12, 12, 12, 12, 12, 12, 12, 13, 13, 13, 13, 13, 14, 14, 14, 14, 14, 15, 15, 15, 15, 15, 16, 16, 16, 16, 16, 17, 17, 17, 17, 17, 18, 18, 18]","[1, 1, 1, 2, 2, 2, 2, 3, 3, 3, 5, 4, 4, 4, 4, 5, 6, 8, 9, 10, 12, 12, 13, 13, 14, 14, 16, 17, 18, 19, 20, 20, 19, 21, 23, 23, 23, 25, 24, 27, 26, 26, 28, 28, 29, 31, 31, 32, 33, 33, 36, 34, 35, 36, 36, 36, 39, 40, 41, 42, 43, 44, 47, 45, 45, 45, 45, 48, 46, 47, 53, 50, 49, 50, 53, 54, 53, 53, 53, 56, 54, 55, 56, 57, 60]","[24, 6, 9, 13, 18, 14, 8, 10, 26, 18, 13, 24, 12, 19, 12, 23, 14, 23, 25, 17, 30, 19, 16, 19, 37, 31, 21, 32, 32, 36, 25, 33, 23, 35, 32, 29, 27, 33, 28, 36, 45, 45, 35, 39, 43, 42, 44, 47, 53, 46, 60, 49, 45, 40, 48, 45, -1, -1, 45, 48, 46, 50, 56, 54, 53, -1, 54, 57, 53, 53, -1, 57, 53, 54, -1, -1, -1, -1, -1, -1, -1, -1, -1, -1, -1]","[0, 0, 0, 0, 0, 0, 0, 0, 0, 0, 0, 0, 0, 0, 0, 0, 0, 0, 0, 0, 0, 0, 0, 0, 0, 0, 0, 0, 0, 0, 0, 0, 0, 0, 0, 0, 0, 0, 0, 0, 0, 0, 0, 0, 0, 0, 0, 0, 0, 0, 0, 0, 0, 0, 0, 0, 4029.0, 4029.0, 0, 0, 0, 0, 0, 0, 0, 4029.0, 0, 0, 0, 0, 4029.0, 0, 0, 0, 2405.3646016365497, 1909.7962891911602, 1623.6353983634503, 2079.3939501645427, 2119.20371080884, 2422.5613045727687, 4029.0, 1606.438695427231, 1949.6060498354573, 4029.0, 4029.0]","[0, 0, 0, 0, 0, 0, 0, 0, 0, 0, 0, 0, 0, 0, 0, 0, 0, 0, 0, 0, 0, 0, 0, 0, 0, 0, 0, 0, 0, 0, 0, 0, 0, 0, 0, 0, 0, 0, 0, 0, 0, 0, 0, 0, 0, 0, 0, 0, 0, 0, 0, 0, 0, 0, 0, 0, (1834.3084, 0.274, 0.7126), (1756.0146000000002, 0.15113333333333331, 0.6404), 0, 0, 0, 0, 0, 0, 0, (33.5544, 0.009333333333333334, 0.010466666666666668), 0, 0, 0, 0, (0.0, 0.0, 0.0), 0, 0, 0, (212.51093333333333, 0.6914, 0.224), (0.0, 0.004666666666666667, 6.666666666666668e-05), (282.41606666666667, 0.0, 0.0), (282.41606666666667, 0.0, 0.0), (173.3644, 0.0022, 0.0016), (332.7478, 0.012333333333333335, 0.0056), (125.0422, 0.247, 0.19506666666666664), (36.35026666666667, 0.25166666666666665, 0.0012), (838.8603333333335, 0.08673333333333332, 0.3268666666666667), (125.82866666666669, 0.0007333333333333332, 0.0002666666666666667), (0.0, 0.0, 0.0)]","[0, 0, 0, 0, 0, 0, 0, 0, 0, 0, 0, 0, 0, 0, 0, 0, 0, 0, 0, 0, 0, 0, 0, 0, 0, 0, 0, 0, 0, 0, 0, 0, 0, 0, 0, 0, 0, 0, 0, 0, 0, 0, 0, 0, 0, 0, 0, 0, 0, 0, 0, 0, 0, 0, 0, 0, (3, 5e-05, 0.20435555555555557), (3, 0.07565000000000001, 0.43214444444444444), 0, 0, 0, 0, 0, 0, 0, (2, 0.0, 0.0022833333333333334), 0, 0, 0, 0, (2, 0.0, 0.0), 0, 0, 0, (3, 0.0002333333333333333, 0.49188333333333323), (2, 0.0, 0.001261111111111111), (3, 0.00675, 0.003411111111111111), (3, 0.00675, 0.003411111111111111), (1, 0.2694166666666667, 0.013116666666666667), (3, 0.0, 0.021144444444444445), (1, 3.3333333333333335e-05, 0.05121666666666667), (1, 0.0, 0.05533333333333333), (3, 0.0, 0.012833333333333334), (1, 0.0, 0.00165), (2, 0.0, 0.0)]","[-1, -1, -1, -1, -1, -1, -1, -1, -1, -1, -1, -1, -1, -1, -1, -1, -1, -1, -1, -1, -1, -1, -1, -1, -1, -1, -1, -1, -1, -1, -1, -1, -1, -1, -1, -1, -1, -1, -1, -1, -1, -1, -1, -1, -1, -1, -1, -1, -1, -1, -1, -1, -1, -1, -1, -1, 6, 8, -1, -1, -1, -1, -1, -1, -1, 0, -1, -1, -1, -1, 3, -1, -1, -1, 14, 11, 14, 15, 11, 2, 9, 2, 15, 12, 10]","[False, False, False, False, False, False, False, False, False, False, False, False, False, False, False, False, False, False, False, False, False, False, False, False, False, False, False, False, False, False, False, False, False, False, False, False, False, False, False, False, False, False, False, False, False, False, False, False, False, False, False, False, False, False, False, False, True, True, False, False, False, False, False, False, False, True, False, False, False, False, True, False, False, False, True, True, True, True, True, True, True, True, True, True, True]"
61,"[0, 0, 0, 0, 0, 0, 0, 0, 0, 0, 0, 0, 0, 0, 0, 0, 0, 0, 0, 0, 0, 0, 0, 0, 0, 0, 0, 0, 0, 0, 0, 0, 0, 0, 0, 0, 0, 0, 0, 0, 0, 0, 0, 0, 0, 0, 0, 0, 0, 0, 0, 0, 0, 0, 0, 0, 7242.4329137289415, 4197.939949575493, 0, 0, 0, 0, 0, 0, 0, 0, 0, 0, 0, 0, 2894.8180274289466, 0, 0, 0, 1769.6119429496443, 501.40426599866777, 1320.2655306736276, 1320.2655306736276, 787.9781718799467, 2629.1197031285333, 1714.4051397483977, 1654.15444542348, 1045.0727056201176, 0, 3065.1014408071205, 517.5280212281833, 881.4670876440003]","[0, 0, 0, 1, 1, 1, 1, 2, 2, 2, 3, 3, 3, 3, 3, 4, 4, 4, 4, 4, 4, 5, 5, 5, 5, 5, 5, 5, 6, 6, 6, 7, 7, 7, 7, 8, 8, 8, 9, 9, 9, 9, 10, 10, 10, 10, 10, 11, 11, 11, 12, 12, 12, 12, 12, 12, 12, 13, 13, 13, 13, 13, 14, 14, 14, 14, 14, 15, 15, 15, 15, 15, 16, 16, 16, 16, 16, 17, 17, 17, 17, 17, 18, 18, 18, 18, 19]","[1, 1, 1, 2, 2, 2, 2, 3, 3, 3, 5, 4, 4, 4, 4, 5, 6, 8, 9, 10, 12, 12, 13, 13, 14, 14, 16, 17, 18, 19, 20, 20, 19, 21, 23, 23, 23, 25, 24, 27, 26, 26, 28, 28, 29, 31, 31, 32, 33, 33, 36, 34, 35, 36, 36, 36, 39, 40, 41, 42, 43, 44, 47, 45, 45, 45, 45, 48, 46, 47, 53, 50, 49, 50, 53, 54, 53, 53, 53, 56, 54, 55, 56, 57, 60, 61, 61]","[24, 6, 9, 13, 18, 14, 8, 10, 26, 18, 13, 24, 12, 19, 12, 23, 14, 23, 25, 17, 30, 19, 16, 19, 37, 31, 21, 32, 32, 36, 25, 33, 23, 35, 32, 29, 27, 33, 28, 36, 45, 45, 35, 39, 43, 42, 44, 47, 53, 46, 60, 49, 45, 40, 48, 45, -1, -1, 45, 48, 46, 50, 56, 54, 53, 61, 54, 57, 53, 53, -1, 57, 53, 54, -1, -1, -1, -1, -1, -1, -1, -1, -1, 61, -1, -1, -1]","[0, 0, 0, 0, 0, 0, 0, 0, 0, 0, 0, 0, 0, 0, 0, 0, 0, 0, 0, 0, 0, 0, 0, 0, 0, 0, 0, 0, 0, 0, 0, 0, 0, 0, 0, 0, 0, 0, 0, 0, 0, 0, 0, 0, 0, 0, 0, 0, 0, 0, 0, 0, 0, 0, 0, 0, 4029.0, 4029.0, 0, 0, 0, 0, 0, 0, 0, 0, 0, 0, 0, 0, 4029.0, 0, 0, 0, 2239.1732061380085, 1120.7877574911295, 1789.8267938619917, 2152.0964125267546, 1407.3616633724084, 2501.982628852527, 4029.0, 1527.0173711474736, 1876.903587473245, 0, 4029.0, 4029.0, 1500.850579136462]","[0, 0, 0, 0, 0, 0, 0, 0, 0, 0, 0, 0, 0, 0, 0, 0, 0, 0, 0, 0, 0, 0, 0, 0, 0, 0, 0, 0, 0, 0, 0, 0, 0, 0, 0, 0, 0, 0, 0, 0, 0, 0, 0, 0, 0, 0, 0, 0, 0, 0, 0, 0, 0, 0, 0, 0, (1937.767933333333, 0.2582, 0.7142000000000001), (1834.3084, 0.274, 0.7126), 0, 0, 0, 0, 0, 0, 0, 0, 0, 0, 0, 0, (0.0, 0.0, 0.0), 0, 0, 0, (190.14146666666667, 0.5508, 0.17880000000000001), (0.0, 0.0057333333333333325, 0.001), (459.97486666666657, 0.0, 0.0), (459.97486666666657, 0.0, 0.0), (164.9758, 0.0023333333333333335, 0.0016666666666666668), (377.487, 0.011333333333333336, 0.0054), (93.78139999999999, 0.23493333333333336, 0.19066666666666662), (36.35046666666667, 0.2538666666666667, 0.0013333333333333333), (721.42, 0.07806666666666666, 0.33893333333333336), 0, (0.0, 0.0, 0.0), (58.7202, 0.004733333333333333, 0.00013333333333333334), (95.9442, 0.019933333333333334, 0.0208)]","[0, 0, 0, 0, 0, 0, 0, 0, 0, 0, 0, 0, 0, 0, 0, 0, 0, 0, 0, 0, 0, 0, 0, 0, 0, 0, 0, 0, 0, 0, 0, 0, 0, 0, 0, 0, 0, 0, 0, 0, 0, 0, 0, 0, 0, 0, 0, 0, 0, 0, 0, 0, 0, 0, 0, 0, (3, 0.17391666666666664, 0.4805555555555557), (3, 5e-05, 0.20435555555555557), 0, 0, 0, 0, 0, 0, 0, 0, 0, 0, 0, 0, (2, 0.0, 0.0), 0, 0, 0, (3, 0.00013333333333333334, 0.3462888888888889), (2, 0.0, 0.0012055555555555554), (3, 0.0192, 0.013244444444444444), (3, 0.0192, 0.013244444444444444), (1, 0.2995333333333334, 0.013277777777777779), (3, 0.0, 0.030616666666666664), (1, 0.0, 0.049894444444444436), (1, 0.0, 0.0559388888888889), (3, 0.0, 0.011183333333333332), 0, (2, 0.0, 0.0), (2, 0.0, 0.0010944444444444443), (1, 0.0012, 0.05558333333333333)]","[-1, -1, -1, -1, -1, -1, -1, -1, -1, -1, -1, -1, -1, -1, -1, -1, -1, -1, -1, -1, -1, -1, -1, -1, -1, -1, -1, -1, -1, -1, -1, -1, -1, -1, -1, -1, -1, -1, -1, -1, -1, -1, -1, -1, -1, -1, -1, -1, -1, -1, -1, -1, -1, -1, -1, -1, 6, 8, -1, -1, -1, -1, -1, -1, -1, -1, -1, -1, -1, -1, 3, -1, -1, -1, 14, 11, 14, 15, 11, 2, 9, 2, 15, -1, 10, 7, 11]","[False, False, False, False, False, False, False, False, False, False, False, False, False, False, False, False, False, False, False, False, False, False, False, False, False, False, False, False, False, False, False, False, False, False, False, False, False, False, False, False, False, False, False, False, False, False, False, False, False, False, False, False, False, False, False, False, True, True, False, False, False, False, False, False, False, False, False, False, False, False, True, False, False, False, True, True, True, True, True, True, True, True, True, False, True, True, True]"
62,"[0, 0, 0, 0, 0, 0, 0, 0, 0, 0, 0, 0, 0, 0, 0, 0, 0, 0, 0, 0, 0, 0, 0, 0, 0, 0, 0, 0, 0, 0, 0, 0, 0, 0, 0, 0, 0, 0, 0, 0, 0, 0, 0, 0, 0, 0, 0, 0, 0, 0, 0, 0, 0, 0, 0, 0, 3861.0120143601066, 7242.4329137289415, 0, 0, 0, 0, 0, 0, 0, 0, 0, 0, 0, 0, 3151.912592725404, 0, 0, 0, 1292.1506073990797, 0, 1269.8284205130622, 1269.8284205130622, 0, 2505.879717044383, 1851.3384576196752, 1678.80244212681, 1385.6395298158109, 0, 2911.512479720924, 510.85024030910995, 754.589249271]","[0, 0, 0, 1, 1, 1, 1, 2, 2, 2, 3, 3, 3, 3, 3, 4, 4, 4, 4, 4, 4, 5, 5, 5, 5, 5, 5, 5, 6, 6, 6, 7, 7, 7, 7, 8, 8, 8, 9, 9, 9, 9, 10, 10, 10, 10, 10, 11, 11, 11, 12, 12, 12, 12, 12, 12, 12, 13, 13, 13, 13, 13, 14, 14, 14, 14, 14, 15, 15, 15, 15, 15, 16, 16, 16, 16, 16, 17, 17, 17, 17, 17, 18, 18, 18, 18, 19]","[1, 1, 1, 2, 2, 2, 2, 3, 3, 3, 5, 4, 4, 4, 4, 5, 6, 8, 9, 10, 12, 12, 13, 13, 14, 14, 16, 17, 18, 19, 20, 20, 19, 21, 23, 23, 23, 25, 24, 27, 26, 26, 28, 28, 29, 31, 31, 32, 33, 33, 36, 34, 35, 36, 36, 36, 39, 40, 41, 42, 43, 44, 47, 45, 45, 45, 45, 48, 46, 47, 53, 50, 49, 50, 53, 54, 53, 53, 53, 56, 54, 55, 56, 57, 60, 61, 61]","[24, 6, 9, 13, 18, 14, 8, 10, 26, 18, 13, 24, 12, 19, 12, 23, 14, 23, 25, 17, 30, 19, 16, 19, 37, 31, 21, 32, 32, 36, 25, 33, 23, 35, 32, 29, 27, 33, 28, 36, 45, 45, 35, 39, 43, 42, 44, 47, 53, 46, 60, 49, 45, 40, 48, 45, -1, -1, 45, 48, 46, 50, 56, 54, 53, 61, 54, 57, 53, 53, -1, 57, 53, 54, -1, -1, -1, -1, -1, -1, -1, -1, -1, 61, -1, -1, -1]","[0, 0, 0, 0, 0, 0, 0, 0, 0, 0, 0, 0, 0, 0, 0, 0, 0, 0, 0, 0, 0, 0, 0, 0, 0, 0, 0, 0, 0, 0, 0, 0, 0, 0, 0, 0, 0, 0, 0, 0, 0, 0, 0, 0, 0, 0, 0, 0, 0, 0, 0, 0, 0, 0, 0, 0, 4029.0, 4029.0, 0, 0, 0, 0, 0, 0, 0, 0, 0, 0, 0, 0, 4029.0, 0, 0, 0, 2025.661093443009, 1091.470250243, 2003.3389065569913, 1956.5944453486256, 1091.470250243, 2428.0386374587865, 4029.0, 1600.9613625412135, 2072.4055546513746, 0, 4029.0, 4029.0, 1846.059499514]","[0, 0, 0, 0, 0, 0, 0, 0, 0, 0, 0, 0, 0, 0, 0, 0, 0, 0, 0, 0, 0, 0, 0, 0, 0, 0, 0, 0, 0, 0, 0, 0, 0, 0, 0, 0, 0, 0, 0, 0, 0, 0, 0, 0, 0, 0, 0, 0, 0, 0, 0, 0, 0, 0, 0, 0, (2088.762666666667, 0.21493333333333337, 0.8076), (1937.767933333333, 0.2582, 0.7142000000000001), 0, 0, 0, 0, 0, 0, 0, 0, 0, 0, 0, 0, (0.0, 0.0, 0.0), 0, 0, 0, (198.53, 0.4244, 0.13933333333333334), (33.5544, 0.005333333333333333, 0.001), (363.5057333333333, 0.0, 0.0), (363.5057333333333, 0.0, 0.0), (162.1796, 0.0022, 0.0016666666666666668), (321.563, 0.0134, 0.007933333333333334), (104.85293333333334, 0.21746666666666667, 0.18180000000000002), (71.3028, 0.24086666666666667, 0.0012), (671.0880666666666, 0.08573333333333333, 0.32080000000000003), 0, (0.0, 0.0, 0.0), (50.3316, 0.004666666666666667, 0.00013333333333333334), (96.9928, 0.020133333333333333, 0.014066666666666665)]","[0, 0, 0, 0, 0, 0, 0, 0, 0, 0, 0, 0, 0, 0, 0, 0, 0, 0, 0, 0, 0, 0, 0, 0, 0, 0, 0, 0, 0, 0, 0, 0, 0, 0, 0, 0, 0, 0, 0, 0, 0, 0, 0, 0, 0, 0, 0, 0, 0, 0, 0, 0, 0, 0, 0, 0, (3, 6.666666666666667e-05, 0.18205555555555555), (3, 0.17391666666666664, 0.4805555555555557), 0, 0, 0, 0, 0, 0, 0, 0, 0, 0, 0, 0, (2, 0.0, 0.0), 0, 0, 0, (3, 1.666666666666667e-05, 0.19247222222222224), (2, 0.0, 0.002505555555555556), (3, 0.10526666666666666, 0.011727777777777776), (3, 0.10526666666666666, 0.011727777777777776), (1, 0.27321666666666666, 0.013138888888888891), (3, 0.0, 0.017744444444444448), (1, 3.3333333333333335e-05, 0.05011111111111111), (1, 0.0, 0.05382777777777778), (3, 0.0, 0.018272222222222224), 0, (2, 0.0, 0.0), (2, 0.0, 0.0010555555555555557), (1, 0.0, 0.054338888888888895)]","[-1, -1, -1, -1, -1, -1, -1, -1, -1, -1, -1, -1, -1, -1, -1, -1, -1, -1, -1, -1, -1, -1, -1, -1, -1, -1, -1, -1, -1, -1, -1, -1, -1, -1, -1, -1, -1, -1, -1, -1, -1, -1, -1, -1, -1, -1, -1, -1, -1, -1, -1, -1, -1, -1, -1, -1, 6, 8, -1, -1, -1, -1, -1, -1, -1, -1, -1, -1, -1, -1, 3, -1, -1, -1, 14, 11, 14, 15, 11, 2, 9, 2, 15, -1, 10, 7, 11]","[False, False, False, False, False, False, False, False, False, False, False, False, False, False, False, False, False, False, False, False, False, False, False, False, False, False, False, False, False, False, False, False, False, False, False, False, False, False, False, False, False, False, False, False, False, False, False, False, False, False, False, False, False, False, False, False, True, True, False, False, False, False, False, False, False, False, False, False, False, False, True, False, False, False, True, True, True, True, True, True, True, True, True, False, True, True, True]"
63,"[0, 0, 0, 0, 0, 0, 0, 0, 0, 0, 0, 0, 0, 0, 0, 0, 0, 0, 0, 0, 0, 0, 0, 0, 0, 0, 0, 0, 0, 0, 0, 0, 0, 0, 0, 0, 0, 0, 0, 0, 0, 0, 0, 0, 0, 0, 0, 0, 0, 0, 0, 0, 0, 0, 0, 0, 4753.41573466032, 3861.0120143601066, 0, 0, 0, 0, 0, 0, 0, 0, 0, 0, 0, 0, 2938.223603388089, 0, 0, 0, 961.60045201792, 0, 1240.1595321833177, 1240.1595321833177, 0, 2519.573048831511, 0, 1615.8131172183, 1095.1560621194842, 0, 3145.2348118086134, 510.85024030910995, 1147.5012037613078, 754.589249271, 501.40426599866777, 881.4670876440003]","[0, 0, 0, 1, 1, 1, 1, 2, 2, 2, 3, 3, 3, 3, 3, 4, 4, 4, 4, 4, 4, 5, 5, 5, 5, 5, 5, 5, 6, 6, 6, 7, 7, 7, 7, 8, 8, 8, 9, 9, 9, 9, 10, 10, 10, 10, 10, 11, 11, 11, 12, 12, 12, 12, 12, 12, 12, 13, 13, 13, 13, 13, 14, 14, 14, 14, 14, 15, 15, 15, 15, 15, 16, 16, 16, 16, 16, 17, 17, 17, 17, 17, 18, 18, 18, 18, 19, 19, 19, 20]","[1, 1, 1, 2, 2, 2, 2, 3, 3, 3, 5, 4, 4, 4, 4, 5, 6, 8, 9, 10, 12, 12, 13, 13, 14, 14, 16, 17, 18, 19, 20, 20, 19, 21, 23, 23, 23, 25, 24, 27, 26, 26, 28, 28, 29, 31, 31, 32, 33, 33, 36, 34, 35, 36, 36, 36, 39, 40, 41, 42, 43, 44, 47, 45, 45, 45, 45, 48, 46, 47, 53, 50, 49, 50, 53, 54, 53, 53, 53, 56, 54, 55, 56, 57, 60, 61, 63, 61, 63, 63]","[24, 6, 9, 13, 18, 14, 8, 10, 26, 18, 13, 24, 12, 19, 12, 23, 14, 23, 25, 17, 30, 19, 16, 19, 37, 31, 21, 32, 32, 36, 25, 33, 23, 35, 32, 29, 27, 33, 28, 36, 45, 45, 35, 39, 43, 42, 44, 47, 53, 46, 60, 49, 45, 40, 48, 45, -1, -1, 45, 48, 46, 50, 56, 54, 53, 61, 54, 57, 53, 53, -1, 57, 53, 54, -1, 63, -1, -1, 63, -1, -1, -1, -1, 61, -1, -1, -1, -1, -1, -1]","[0, 0, 0, 0, 0, 0, 0, 0, 0, 0, 0, 0, 0, 0, 0, 0, 0, 0, 0, 0, 0, 0, 0, 0, 0, 0, 0, 0, 0, 0, 0, 0, 0, 0, 0, 0, 0, 0, 0, 0, 0, 0, 0, 0, 0, 0, 0, 0, 0, 0, 0, 0, 0, 0, 0, 0, 4029.0, 4029.0, 0, 0, 0, 0, 0, 0, 0, 0, 0, 0, 0, 0, 4029.0, 0, 0, 0, 1875.220459917301, 0, 2153.779540082699, 2087.0017350319167, 0, 2466.3799658066055, 4029.0, 1562.6200341933943, 1941.9982649680833, 0, 4029.0, 4029.0, 4029.0, 2141.092491636166, 1887.9075083638338, 4029.0]","[0, 0, 0, 0, 0, 0, 0, 0, 0, 0, 0, 0, 0, 0, 0, 0, 0, 0, 0, 0, 0, 0, 0, 0, 0, 0, 0, 0, 0, 0, 0, 0, 0, 0, 0, 0, 0, 0, 0, 0, 0, 0, 0, 0, 0, 0, 0, 0, 0, 0, 0, 0, 0, 0, 0, 0, (1599.4273999999998, 0.17526666666666668, 1.018), (2088.762666666667, 0.21493333333333337, 0.8076), 0, 0, 0, 0, 0, 0, 0, 0, 0, 0, 0, 0, (0.0, 0.0, 0.0), 0, 0, 0, (194.33579999999998, 0.31493333333333334, 0.10186666666666666), 0, (380.283, 0.0, 0.0), (380.283, 0.0, 0.0), 0, (343.9326, 0.013333333333333336, 0.0074666666666666675), (98.34026666666666, 0.21266666666666662, 0.17426666666666668), (46.137, 0.22346666666666667, 0.0013333333333333333), (767.5571333333334, 0.08106666666666666, 0.391), 0, (0.0, 0.0, 0.0), (47.5354, 0.004533333333333333, 0.00013333333333333334), (386.924, 1.3948666666666665, 0.0056), (90.177, 0.02, 0.014), (0.0, 0.0048, 6.666666666666668e-05), (95.9442, 0.019933333333333334, 0.0208)]","[0, 0, 0, 0, 0, 0, 0, 0, 0, 0, 0, 0, 0, 0, 0, 0, 0, 0, 0, 0, 0, 0, 0, 0, 0, 0, 0, 0, 0, 0, 0, 0, 0, 0, 0, 0, 0, 0, 0, 0, 0, 0, 0, 0, 0, 0, 0, 0, 0, 0, 0, 0, 0, 0, 0, 0, (3, 0.0005166666666666667, 0.18142777777777777), (3, 6.666666666666667e-05, 0.18205555555555555), 0, 0, 0, 0, 0, 0, 0, 0, 0, 0, 0, 0, (2, 0.0, 0.0), 0, 0, 0, (3, 0.0, 0.12192777777777777), 0, (3, 0.006966666666666668, 0.010794444444444445), (3, 0.006966666666666668, 0.010794444444444445), 0, (3, 0.0, 0.017083333333333332), (1, 0.00011666666666666667, 0.04876111111111111), (1, 5e-05, 0.05402777777777778), (3, 0.0, 0.02345), 0, (2, 0.0, 0.0), (2, 0.0, 0.0011222222222222222), (1, 0.0, 0.009683333333333334), (1, 3.3333333333333335e-05, 0.05506666666666666), (2, 0.0, 0.0013222222222222222), (1, 0.0012, 0.05558333333333333)]","[-1, -1, -1, -1, -1, -1, -1, -1, -1, -1, -1, -1, -1, -1, -1, -1, -1, -1, -1, -1, -1, -1, -1, -1, -1, -1, -1, -1, -1, -1, -1, -1, -1, -1, -1, -1, -1, -1, -1, -1, -1, -1, -1, -1, -1, -1, -1, -1, -1, -1, -1, -1, -1, -1, -1, -1, 6, 8, -1, -1, -1, -1, -1, -1, -1, -1, -1, -1, -1, -1, 3, -1, -1, -1, 14, -1, 14, 15, -1, 2, 9, 2, 15, -1, 10, 7, 1, 11, 11, 5]","[False, False, False, False, False, False, False, False, False, False, False, False, False, False, False, False, False, False, False, False, False, False, False, False, False, False, False, False, False, False, False, False, False, False, False, False, False, False, False, False, False, False, False, False, False, False, False, False, False, False, False, False, False, False, False, False, True, True, False, False, False, False, False, False, False, False, False, False, False, False, True, False, False, False, True, False, True, True, False, True, True, True, True, False, True, True, True, True, True, True]"
64,"[0, 0, 0, 0, 0, 0, 0, 0, 0, 0, 0, 0, 0, 0, 0, 0, 0, 0, 0, 0, 0, 0, 0, 0, 0, 0, 0, 0, 0, 0, 0, 0, 0, 0, 0, 0, 0, 0, 0, 0, 0, 0, 0, 0, 0, 0, 0, 0, 0, 0, 0, 0, 0, 0, 0, 0, 5117.662151109386, 4753.41573466032, 0, 0, 0, 0, 0, 0, 0, 0, 0, 0, 0, 0, 2958.2569461384624, 0, 0, 0, 1021.7004802690399, 0, 1243.126421016292, 1243.126421016292, 0, 2440.1517244661704, 0, 1536.3917945075702, 931.5504308882199, 0, 2988.3069602640226, 0, 925.6692288098378, 741.2336873370001, 498.43737685074666, 754.589249271, 1876.4565081617916]","[0, 0, 0, 1, 1, 1, 1, 2, 2, 2, 3, 3, 3, 3, 3, 4, 4, 4, 4, 4, 4, 5, 5, 5, 5, 5, 5, 5, 6, 6, 6, 7, 7, 7, 7, 8, 8, 8, 9, 9, 9, 9, 10, 10, 10, 10, 10, 11, 11, 11, 12, 12, 12, 12, 12, 12, 12, 13, 13, 13, 13, 13, 14, 14, 14, 14, 14, 15, 15, 15, 15, 15, 16, 16, 16, 16, 16, 17, 17, 17, 17, 17, 18, 18, 18, 18, 19, 19, 19, 20, 20]","[1, 1, 1, 2, 2, 2, 2, 3, 3, 3, 5, 4, 4, 4, 4, 5, 6, 8, 9, 10, 12, 12, 13, 13, 14, 14, 16, 17, 18, 19, 20, 20, 19, 21, 23, 23, 23, 25, 24, 27, 26, 26, 28, 28, 29, 31, 31, 32, 33, 33, 36, 34, 35, 36, 36, 36, 39, 40, 41, 42, 43, 44, 47, 45, 45, 45, 45, 48, 46, 47, 53, 50, 49, 50, 53, 54, 53, 53, 53, 56, 54, 55, 56, 57, 60, 61, 63, 61, 63, 63, 64]","[24, 6, 9, 13, 18, 14, 8, 10, 26, 18, 13, 24, 12, 19, 12, 23, 14, 23, 25, 17, 30, 19, 16, 19, 37, 31, 21, 32, 32, 36, 25, 33, 23, 35, 32, 29, 27, 33, 28, 36, 45, 45, 35, 39, 43, 42, 44, 47, 53, 46, 60, 49, 45, 40, 48, 45, -1, -1, 45, 48, 46, 50, 56, 54, 53, 61, 54, 57, 53, 53, -1, 57, 53, 54, -1, 63, -1, -1, 63, -1, 64, -1, -1, 61, -1, -1, -1, -1, -1, -1, -1]","[0, 0, 0, 0, 0, 0, 0, 0, 0, 0, 0, 0, 0, 0, 0, 0, 0, 0, 0, 0, 0, 0, 0, 0, 0, 0, 0, 0, 0, 0, 0, 0, 0, 0, 0, 0, 0, 0, 0, 0, 0, 0, 0, 0, 0, 0, 0, 0, 0, 0, 0, 0, 0, 0, 0, 0, 4029.0, 4029.0, 0, 0, 0, 0, 0, 0, 0, 0, 0, 0, 0, 0, 4029.0, 0, 0, 0, 1903.787029626374, 0, 2125.2129703736264, 2170.2879950640363, 0, 2466.3799649793, 0, 1562.6200350206998, 1858.7120049359642, 0, 4029.0, 4029.0, 4029.0, 2135.898155243127, 1893.1018447568733, 4029.0, 4029.0]","[0, 0, 0, 0, 0, 0, 0, 0, 0, 0, 0, 0, 0, 0, 0, 0, 0, 0, 0, 0, 0, 0, 0, 0, 0, 0, 0, 0, 0, 0, 0, 0, 0, 0, 0, 0, 0, 0, 0, 0, 0, 0, 0, 0, 0, 0, 0, 0, 0, 0, 0, 0, 0, 0, 0, 0, (1652.5552, 0.23406666666666665, 1.0530666666666666), (1599.4273999999998, 0.17526666666666668, 1.018), 0, 0, 0, 0, 0, 0, 0, 0, 0, 0, 0, 0, (0.0, 0.0, 0.0), 0, 0, 0, (146.80033333333338, 0.3725333333333334, 0.1176), 0, (353.719, 0.0, 0.0), (353.719, 0.0, 0.0), 0, (478.1502, 0.012199999999999999, 0.007066666666666666), 0, (58.719800000000006, 0.21913333333333332, 0.0012), (796.9172, 0.0888, 0.33713333333333334), 0, (0.0, 0.0, 0.0), (55.924, 0.004733333333333333, 6.666666666666668e-05), (349.1754, 0.6480666666666667, 0.003466666666666667), (93.3228, 0.018333333333333333, 0.014133333333333333), (145.4024, 0.004733333333333333, 6.666666666666668e-05), (96.9928, 0.020133333333333333, 0.014066666666666665), (258.64820000000003, 0.019533333333333337, 0.0016)]","[0, 0, 0, 0, 0, 0, 0, 0, 0, 0, 0, 0, 0, 0, 0, 0, 0, 0, 0, 0, 0, 0, 0, 0, 0, 0, 0, 0, 0, 0, 0, 0, 0, 0, 0, 0, 0, 0, 0, 0, 0, 0, 0, 0, 0, 0, 0, 0, 0, 0, 0, 0, 0, 0, 0, 0, (3, 6.666666666666667e-05, 0.19762222222222223), (3, 0.0005166666666666667, 0.18142777777777777), 0, 0, 0, 0, 0, 0, 0, 0, 0, 0, 0, 0, (2, 0.0, 0.0), 0, 0, 0, (3, 5e-05, 0.20093333333333338), 0, (3, 0.04356666666666667, 0.009866666666666668), (3, 0.04356666666666667, 0.009866666666666668), 0, (3, 0.0009, 0.02215), 0, (1, 1.666666666666667e-05, 0.053094444444444444), (3, 0.0, 0.019), 0, (2, 0.0, 0.0), (2, 0.0, 0.0010555555555555555), (1, 0.0, 0.00023333333333333333), (1, 0.0, 0.0557), (2, 0.0, 0.0012666666666666666), (1, 0.0, 0.054338888888888895), (3, 0.05115, 0.03694444444444444)]","[-1, -1, -1, -1, -1, -1, -1, -1, -1, -1, -1, -1, -1, -1, -1, -1, -1, -1, -1, -1, -1, -1, -1, -1, -1, -1, -1, -1, -1, -1, -1, -1, -1, -1, -1, -1, -1, -1, -1, -1, -1, -1, -1, -1, -1, -1, -1, -1, -1, -1, -1, -1, -1, -1, -1, -1, 6, 8, -1, -1, -1, -1, -1, -1, -1, -1, -1, -1, -1, -1, 3, -1, -1, -1, 14, -1, 14, 15, -1, 2, -1, 2, 15, -1, 10, 7, 1, 11, 11, 5, 9]","[False, False, False, False, False, False, False, False, False, False, False, False, False, False, False, False, False, False, False, False, False, False, False, False, False, False, False, False, False, False, False, False, False, False, False, False, False, False, False, False, False, False, False, False, False, False, False, False, False, False, False, False, False, False, False, False, True, True, False, False, False, False, False, False, False, False, False, False, False, False, True, False, False, False, True, False, True, True, False, True, False, True, True, False, True, True, True, True, True, True, True]"
65,"[0, 0, 0, 0, 0, 0, 0, 0, 0, 0, 0, 0, 0, 0, 0, 0, 0, 0, 0, 0, 0, 0, 0, 0, 0, 0, 0, 0, 0, 0, 0, 0, 0, 0, 0, 0, 0, 0, 0, 0, 0, 0, 0, 0, 0, 0, 0, 0, 0, 0, 0, 0, 0, 0, 0, 0, 0, 5117.662151109386, 0, 0, 0, 0, 0, 0, 0, 0, 0, 0, 0, 0, 3018.356974389583, 0, 0, 0, 3549.2405572744774, 0, 0, 1308.39797534173, 0, 2429.1970590364676, 0, 1618.55178351867, 1008.3449108539154, 0, 3008.340303014396, 0, 1237.8771935563511, 804.6726065235, 498.43737685074666, 754.589249271, 1328.8784523992754, 2180.662757134983]","[0, 0, 0, 1, 1, 1, 1, 2, 2, 2, 3, 3, 3, 3, 3, 4, 4, 4, 4, 4, 4, 5, 5, 5, 5, 5, 5, 5, 6, 6, 6, 7, 7, 7, 7, 8, 8, 8, 9, 9, 9, 9, 10, 10, 10, 10, 10, 11, 11, 11, 12, 12, 12, 12, 12, 12, 12, 13, 13, 13, 13, 13, 14, 14, 14, 14, 14, 15, 15, 15, 15, 15, 16, 16, 16, 16, 16, 17, 17, 17, 17, 17, 18, 18, 18, 18, 19, 19, 19, 20, 20, 20]","[1, 1, 1, 2, 2, 2, 2, 3, 3, 3, 5, 4, 4, 4, 4, 5, 6, 8, 9, 10, 12, 12, 13, 13, 14, 14, 16, 17, 18, 19, 20, 20, 19, 21, 23, 23, 23, 25, 24, 27, 26, 26, 28, 28, 29, 31, 31, 32, 33, 33, 36, 34, 35, 36, 36, 36, 39, 40, 41, 42, 43, 44, 47, 45, 45, 45, 45, 48, 46, 47, 53, 50, 49, 50, 53, 54, 53, 53, 53, 56, 54, 55, 56, 57, 60, 61, 63, 61, 63, 63, 64, 65]","[24, 6, 9, 13, 18, 14, 8, 10, 26, 18, 13, 24, 12, 19, 12, 23, 14, 23, 25, 17, 30, 19, 16, 19, 37, 31, 21, 32, 32, 36, 25, 33, 23, 35, 32, 29, 27, 33, 28, 36, 45, 45, 35, 39, 43, 42, 44, 47, 53, 46, 60, 49, 45, 40, 48, 45, -1, -1, 45, 48, 46, 50, 56, 54, 53, 61, 54, 57, 53, 53, -1, 57, 53, 54, -1, 63, -1, -1, 63, -1, 64, -1, -1, 61, -1, 65, -1, -1, -1, -1, -1, -1]","[0, 0, 0, 0, 0, 0, 0, 0, 0, 0, 0, 0, 0, 0, 0, 0, 0, 0, 0, 0, 0, 0, 0, 0, 0, 0, 0, 0, 0, 0, 0, 0, 0, 0, 0, 0, 0, 0, 0, 0, 0, 0, 0, 0, 0, 0, 0, 0, 0, 0, 0, 0, 0, 0, 0, 0, 4029.0, 4029.0, 0, 0, 0, 0, 0, 0, 0, 0, 0, 0, 0, 0, 4029.0, 0, 0, 0, 3789.1202786372387, 0, 239.8797213627613, 2164.5265322439072, 0, 2419.822637758899, 0, 1609.1773622411013, 1864.4734677560928, 0, 4029.0, 0, 4029.0, 2167.6176148363766, 1861.3823851636234, 4029.0, 4029.0, 4029.0]","[0, 0, 0, 0, 0, 0, 0, 0, 0, 0, 0, 0, 0, 0, 0, 0, 0, 0, 0, 0, 0, 0, 0, 0, 0, 0, 0, 0, 0, 0, 0, 0, 0, 0, 0, 0, 0, 0, 0, 0, 0, 0, 0, 0, 0, 0, 0, 0, 0, 0, 0, 0, 0, 0, 0, 0, (1744.8298, 0.16613333333333333, 0.7657333333333333), (1652.5552, 0.23406666666666665, 1.0530666666666666), 0, 0, 0, 0, 0, 0, 0, 0, 0, 0, 0, 0, (0.0, 0.0, 0.0), 0, 0, 0, (290.8046, 0.5733333333333334, 0.17), 0, (342.5342, 0.0, 0.0), (342.5342, 0.0, 0.0), 0, (461.373, 0.013266666666666668, 0.0067333333333333325), 0, (46.1372, 0.21906666666666663, 0.0013333333333333333), (700.4481333333333, 0.07953333333333333, 0.389), 0, (0.0, 0.0, 0.0), 0, (320.86379999999997, 0.6452, 0.0048), (93.8472, 0.0318, 0.0146), (67.1088, 0.004666666666666667, 0.0), (90.177, 0.02, 0.014), (328.5534, 0.0005333333333333334, 0.0006), (473.9556, 4.806, 0.02386666666666667)]","[0, 0, 0, 0, 0, 0, 0, 0, 0, 0, 0, 0, 0, 0, 0, 0, 0, 0, 0, 0, 0, 0, 0, 0, 0, 0, 0, 0, 0, 0, 0, 0, 0, 0, 0, 0, 0, 0, 0, 0, 0, 0, 0, 0, 0, 0, 0, 0, 0, 0, 0, 0, 0, 0, 0, 0, (3, 5e-05, 0.15916666666666668), (3, 6.666666666666667e-05, 0.19762222222222223), 0, 0, 0, 0, 0, 0, 0, 0, 0, 0, 0, 0, (2, 0.0, 0.0), 0, 0, 0, (3, 0.0017833333333333332, 0.2834388888888889), 0, (3, 0.016566666666666667, 0.010016666666666667), (3, 0.016566666666666667, 0.010016666666666667), 0, (3, 0.0, 0.017055555555555553), 0, (1, 0.0, 0.05315555555555555), (3, 0.0, 0.019427777777777776), 0, (2, 0.0, 0.0), 0, (1, 0.0, 0.0002222222222222222), (1, 0.00011666666666666667, 0.053427777777777775), (2, 0.0, 0.0012333333333333335), (1, 3.3333333333333335e-05, 0.05506666666666666), (3, 0.06125, 0.025472222222222222), (1, 0.0, 0.005094444444444444)]","[-1, -1, -1, -1, -1, -1, -1, -1, -1, -1, -1, -1, -1, -1, -1, -1, -1, -1, -1, -1, -1, -1, -1, -1, -1, -1, -1, -1, -1, -1, -1, -1, -1, -1, -1, -1, -1, -1, -1, -1, -1, -1, -1, -1, -1, -1, -1, -1, -1, -1, -1, -1, -1, -1, -1, -1, 6, 8, -1, -1, -1, -1, -1, -1, -1, -1, -1, -1, -1, -1, 3, -1, -1, -1, 14, -1, 14, 15, -1, 2, -1, 2, 15, -1, 10, -1, 1, 11, 11, 5, 9, 12]","[False, False, False, False, False, False, False, False, False, False, False, False, False, False, False, False, False, False, False, False, False, False, False, False, False, False, False, False, False, False, False, False, False, False, False, False, False, False, False, False, False, False, False, False, False, False, False, False, False, False, False, False, False, False, False, False, True, True, False, False, False, False, False, False, False, False, False, False, False, False, True, False, False, False, True, False, True, True, False, True, False, True, True, False, True, False, True, True, True, True, True, True]"
66,"[0, 0, 0, 0, 0, 0, 0, 0, 0, 0, 0, 0, 0, 0, 0, 0, 0, 0, 0, 0, 0, 0, 0, 0, 0, 0, 0, 0, 0, 0, 0, 0, 0, 0, 0, 0, 0, 0, 0, 0, 0, 0, 0, 0, 0, 0, 0, 0, 0, 0, 0, 0, 0, 0, 0, 0, 0, 4122.055279481939, 0, 0, 0, 0, 0, 0, 0, 0, 0, 0, 0, 0, 3148.573702267009, 0, 0, 0, 2160.2621265819243, 0, 0, 1406.3053068298868, 0, 2420.981059964191, 0, 1607.5971183171898, 1168.611651651889, 0, 3068.4403312655163, 0, 1317.298517921692, 0, 498.43737685074666, 741.2336873370001, 2050.0788185255155, 1462.6758357381586, 2251.868135745323, 1154.1194728238213]","[0, 0, 0, 1, 1, 1, 1, 2, 2, 2, 3, 3, 3, 3, 3, 4, 4, 4, 4, 4, 4, 5, 5, 5, 5, 5, 5, 5, 6, 6, 6, 7, 7, 7, 7, 8, 8, 8, 9, 9, 9, 9, 10, 10, 10, 10, 10, 11, 11, 11, 12, 12, 12, 12, 12, 12, 12, 13, 13, 13, 13, 13, 14, 14, 14, 14, 14, 15, 15, 15, 15, 15, 16, 16, 16, 16, 16, 17, 17, 17, 17, 17, 18, 18, 18, 18, 19, 19, 19, 20, 20, 20, 20, 21]","[1, 1, 1, 2, 2, 2, 2, 3, 3, 3, 5, 4, 4, 4, 4, 5, 6, 8, 9, 10, 12, 12, 13, 13, 14, 14, 16, 17, 18, 19, 20, 20, 19, 21, 23, 23, 23, 25, 24, 27, 26, 26, 28, 28, 29, 31, 31, 32, 33, 33, 36, 34, 35, 36, 36, 36, 39, 40, 41, 42, 43, 44, 47, 45, 45, 45, 45, 48, 46, 47, 53, 50, 49, 50, 53, 54, 53, 53, 53, 56, 54, 55, 56, 57, 60, 61, 63, 61, 63, 63, 64, 65, 66, 66]","[24, 6, 9, 13, 18, 14, 8, 10, 26, 18, 13, 24, 12, 19, 12, 23, 14, 23, 25, 17, 30, 19, 16, 19, 37, 31, 21, 32, 32, 36, 25, 33, 23, 35, 32, 29, 27, 33, 28, 36, 45, 45, 35, 39, 43, 42, 44, 47, 53, 46, 60, 49, 45, 40, 48, 45, 66, -1, 45, 48, 46, 50, 56, 54, 53, 61, 54, 57, 53, 53, -1, 57, 53, 54, -1, 63, 66, -1, 63, -1, 64, -1, -1, 61, -1, 65, -1, -1, -1, -1, -1, -1, -1, -1]","[0, 0, 0, 0, 0, 0, 0, 0, 0, 0, 0, 0, 0, 0, 0, 0, 0, 0, 0, 0, 0, 0, 0, 0, 0, 0, 0, 0, 0, 0, 0, 0, 0, 0, 0, 0, 0, 0, 0, 0, 0, 0, 0, 0, 0, 0, 0, 0, 0, 0, 0, 0, 0, 0, 0, 0, 0, 4029.0, 0, 0, 0, 0, 0, 0, 0, 0, 0, 0, 0, 0, 4029.0, 0, 0, 0, 4029.0, 0, 0, 2133.346827588999, 0, 2421.1919708235005, 0, 1607.8080291764993, 1895.6531724110012, 0, 4029.0, 0, 4029.0, 1765.2813115746267, 2263.7186884253733, 4029.0, 4029.0, 4029.0, 4029.0, 4029.0]","[0, 0, 0, 0, 0, 0, 0, 0, 0, 0, 0, 0, 0, 0, 0, 0, 0, 0, 0, 0, 0, 0, 0, 0, 0, 0, 0, 0, 0, 0, 0, 0, 0, 0, 0, 0, 0, 0, 0, 0, 0, 0, 0, 0, 0, 0, 0, 0, 0, 0, 0, 0, 0, 0, 0, 0, 0, (1744.8298, 0.16613333333333333, 0.7657333333333333), 0, 0, 0, 0, 0, 0, 0, 0, 0, 0, 0, 0, (0.0, 0.0, 0.0), 0, 0, 0, (278.22166666666675, 0.49906666666666666, 0.15853333333333333), 0, 0, (350.92293333333333, 0.0, 0.0), 0, (416.6338, 0.0116, 0.0067333333333333325), 0, (32.15606666666666, 0.22213333333333332, 0.0012666666666666666), (637.534, 0.09033333333333332, 0.3533333333333333), 0, (0.0, 0.0, 0.0), 0, (301.98920000000004, 0.6321333333333333, 0.005666666666666668), (99.0902, 0.043, 0.015133333333333334), (100.6632, 0.004666666666666667, 6.666666666666668e-05), (93.3228, 0.018333333333333333, 0.014133333333333333), (298.49406666666664, 0.0016666666666666668, 0.005466666666666667), (384.4776, 1.923, 0.024933333333333335), (100.6632, 0.009333333333333334, 0.0108), (176.16013333333333, 1.632466666666667, 0.017733333333333334)]","[0, 0, 0, 0, 0, 0, 0, 0, 0, 0, 0, 0, 0, 0, 0, 0, 0, 0, 0, 0, 0, 0, 0, 0, 0, 0, 0, 0, 0, 0, 0, 0, 0, 0, 0, 0, 0, 0, 0, 0, 0, 0, 0, 0, 0, 0, 0, 0, 0, 0, 0, 0, 0, 0, 0, 0, 0, (3, 5e-05, 0.15916666666666668), 0, 0, 0, 0, 0, 0, 0, 0, 0, 0, 0, 0, (2, 0.0, 0.0), 0, 0, 0, (3, 0.04115, 0.5988777777777777), 0, 0, (3, 0.007016666666666667, 0.010272222222222223), 0, (3, 0.0, 0.024077777777777778), 0, (1, 0.0, 0.05301111111111111), (3, 0.0, 0.015172222222222219), 0, (2, 0.0, 0.0), 0, (1, 0.0, 0.00025), (1, 0.0, 0.05496666666666667), (2, 0.0, 0.001238888888888889), (1, 0.0, 0.0557), (3, 0.0008666666666666667, 0.016138888888888887), (1, 0.0, 0.005011111111111111), (2, 0.0, 0.002416666666666667), (3, 0.0, 0.0001388888888888889)]","[-1, -1, -1, -1, -1, -1, -1, -1, -1, -1, -1, -1, -1, -1, -1, -1, -1, -1, -1, -1, -1, -1, -1, -1, -1, -1, -1, -1, -1, -1, -1, -1, -1, -1, -1, -1, -1, -1, -1, -1, -1, -1, -1, -1, -1, -1, -1, -1, -1, -1, -1, -1, -1, -1, -1, -1, -1, 8, -1, -1, -1, -1, -1, -1, -1, -1, -1, -1, -1, -1, 3, -1, -1, -1, 14, -1, -1, 15, -1, 2, -1, 2, 15, -1, 10, -1, 0, 11, 11, 5, 9, 12, 6, 7]","[False, False, False, False, False, False, False, False, False, False, False, False, False, False, False, False, False, False, False, False, False, False, False, False, False, False, False, False, False, False, False, False, False, False, False, False, False, False, False, False, False, False, False, False, False, False, False, False, False, False, False, False, False, False, False, False, False, True, False, False, False, False, False, False, False, False, False, False, False, False, True, False, False, False, True, False, False, True, False, True, False, True, True, False, True, False, True, True, True, True, True, True, True, True]"
67,"[0, 0, 0, 0, 0, 0, 0, 0, 0, 0, 0, 0, 0, 0, 0, 0, 0, 0, 0, 0, 0, 0, 0, 0, 0, 0, 0, 0, 0, 0, 0, 0, 0, 0, 0, 0, 0, 0, 0, 0, 0, 0, 0, 0, 0, 0, 0, 0, 0, 0, 0, 0, 0, 0, 0, 0, 0, 0, 0, 0, 0, 0, 0, 0, 0, 0, 0, 0, 0, 0, 3425.7016103138403, 0, 0, 0, 3262.0959778524575, 0, 0, 1435.9741951596309, 0, 2366.2077328156797, 0, 1917.0664102590001, 1278.7950359504955, 0, 3021.6958648479776, 0, 1309.0825188494155, 0, 495.47048770282555, 0, 1896.4898516652977, 2530.7555535185593, 2266.7025766922616, 1875.0732823255908, 599.3113997345512]","[0, 0, 0, 1, 1, 1, 1, 2, 2, 2, 3, 3, 3, 3, 3, 4, 4, 4, 4, 4, 4, 5, 5, 5, 5, 5, 5, 5, 6, 6, 6, 7, 7, 7, 7, 8, 8, 8, 9, 9, 9, 9, 10, 10, 10, 10, 10, 11, 11, 11, 12, 12, 12, 12, 12, 12, 12, 13, 13, 13, 13, 13, 14, 14, 14, 14, 14, 15, 15, 15, 15, 15, 16, 16, 16, 16, 16, 17, 17, 17, 17, 17, 18, 18, 18, 18, 19, 19, 19, 20, 20, 20, 20, 21, 21]","[1, 1, 1, 2, 2, 2, 2, 3, 3, 3, 5, 4, 4, 4, 4, 5, 6, 8, 9, 10, 12, 12, 13, 13, 14, 14, 16, 17, 18, 19, 20, 20, 19, 21, 23, 23, 23, 25, 24, 27, 26, 26, 28, 28, 29, 31, 31, 32, 33, 33, 36, 34, 35, 36, 36, 36, 39, 40, 41, 42, 43, 44, 47, 45, 45, 45, 45, 48, 46, 47, 53, 50, 49, 50, 53, 54, 53, 53, 53, 56, 54, 55, 56, 57, 60, 61, 63, 61, 63, 63, 64, 65, 66, 66, 67]","[24, 6, 9, 13, 18, 14, 8, 10, 26, 18, 13, 24, 12, 19, 12, 23, 14, 23, 25, 17, 30, 19, 16, 19, 37, 31, 21, 32, 32, 36, 25, 33, 23, 35, 32, 29, 27, 33, 28, 36, 45, 45, 35, 39, 43, 42, 44, 47, 53, 46, 60, 49, 45, 40, 48, 45, 66, -1, 45, 48, 46, 50, 56, 54, 53, 61, 54, 57, 53, 53, -1, 57, 53, 54, -1, 63, 66, -1, 63, -1, 64, -1, -1, 61, -1, 65, -1, 67, -1, -1, -1, -1, -1, -1, -1]","[0, 0, 0, 0, 0, 0, 0, 0, 0, 0, 0, 0, 0, 0, 0, 0, 0, 0, 0, 0, 0, 0, 0, 0, 0, 0, 0, 0, 0, 0, 0, 0, 0, 0, 0, 0, 0, 0, 0, 0, 0, 0, 0, 0, 0, 0, 0, 0, 0, 0, 0, 0, 0, 0, 0, 0, 0, 1714.8443001327244, 0, 0, 0, 0, 0, 0, 0, 0, 0, 0, 0, 0, 4029.0, 0, 0, 0, 4029.0, 0, 0, 2093.089579604568, 0, 2239.0706612783397, 0, 1789.92933872166, 1935.9104203954323, 0, 4029.0, 0, 4029.0, 0, 4029.0, 4029.0, 4029.0, 4029.0, 4029.0, 4029.0, 2314.1556998672754]","[0, 0, 0, 0, 0, 0, 0, 0, 0, 0, 0, 0, 0, 0, 0, 0, 0, 0, 0, 0, 0, 0, 0, 0, 0, 0, 0, 0, 0, 0, 0, 0, 0, 0, 0, 0, 0, 0, 0, 0, 0, 0, 0, 0, 0, 0, 0, 0, 0, 0, 0, 0, 0, 0, 0, 0, 0, (1400.8971999999999, 0.20986666666666667, 0.7470666666666668), 0, 0, 0, 0, 0, 0, 0, 0, 0, 0, 0, 0, (0.0, 0.0, 0.0), 0, 0, 0, (392.8656, 0.7547333333333333, 0.24346666666666666), 0, 0, (423.62406666666664, 0.0, 0.0), 0, (402.6528, 0.011733333333333332, 0.0074666666666666675), 0, (58.719800000000006, 0.34153333333333336, 0.0017333333333333335), (700.4484666666667, 0.08206666666666666, 0.43860000000000005), 0, (0.0, 0.0, 0.0), 0, (333.44653333333326, 0.6355333333333333, 0.0052), 0, (0.0, 0.004666666666666667, 6.666666666666668e-05), (93.8472, 0.0318, 0.0146), (294.3, 0.001066666666666667, 0.005466666666666667), (419.43, 3.8347333333333333, 0.0464), (150.9948, 0.009333333333333334, 0.010933333333333335), (214.6078, 3.082733333333333, 0.04673333333333334), (0.0, 0.004733333333333333, 0.00013333333333333334)]","[0, 0, 0, 0, 0, 0, 0, 0, 0, 0, 0, 0, 0, 0, 0, 0, 0, 0, 0, 0, 0, 0, 0, 0, 0, 0, 0, 0, 0, 0, 0, 0, 0, 0, 0, 0, 0, 0, 0, 0, 0, 0, 0, 0, 0, 0, 0, 0, 0, 0, 0, 0, 0, 0, 0, 0, 0, (3, 5e-05, 0.10956111111111111), 0, 0, 0, 0, 0, 0, 0, 0, 0, 0, 0, 0, (2, 0.0, 0.0), 0, 0, 0, (3, 0.00026666666666666673, 1.4022944444444445), 0, 0, (3, 0.06570000000000001, 0.009933333333333334), 0, (3, 1.666666666666667e-05, 0.02868888888888889), 0, (1, 0.00016666666666666666, 0.06364444444444443), (3, 0.0, 0.019766666666666665), 0, (2, 0.0, 0.0), 0, (1, 0.0, 0.0002111111111111111), 0, (2, 0.0, 0.0012722222222222221), (1, 0.00011666666666666667, 0.053427777777777775), (3, 0.0002, 0.014294444444444445), (1, 0.00031666666666666665, 0.004988888888888889), (2, 0.0, 0.0026888888888888887), (3, 0.0, 0.00015555555555555556), (3, 0.0, 0.0014222222222222223)]","[-1, -1, -1, -1, -1, -1, -1, -1, -1, -1, -1, -1, -1, -1, -1, -1, -1, -1, -1, -1, -1, -1, -1, -1, -1, -1, -1, -1, -1, -1, -1, -1, -1, -1, -1, -1, -1, -1, -1, -1, -1, -1, -1, -1, -1, -1, -1, -1, -1, -1, -1, -1, -1, -1, -1, -1, -1, 8, -1, -1, -1, -1, -1, -1, -1, -1, -1, -1, -1, -1, 3, -1, -1, -1, 14, -1, -1, 15, -1, 2, -1, 2, 15, -1, 10, -1, 0, -1, 11, 5, 9, 12, 6, 7, 8]","[False, False, False, False, False, False, False, False, False, False, False, False, False, False, False, False, False, False, False, False, False, False, False, False, False, False, False, False, False, False, False, False, False, False, False, False, False, False, False, False, False, False, False, False, False, False, False, False, False, False, False, False, False, False, False, False, False, True, False, False, False, False, False, False, False, False, False, False, False, False, True, False, False, False, True, False, False, True, False, True, False, True, True, False, True, False, True, False, True, True, True, True, True, True, True]"
68,"[0, 0, 0, 0, 0, 0, 0, 0, 0, 0, 0, 0, 0, 0, 0, 0, 0, 0, 0, 0, 0, 0, 0, 0, 0, 0, 0, 0, 0, 0, 0, 0, 0, 0, 0, 0, 0, 0, 0, 0, 0, 0, 0, 0, 0, 0, 0, 0, 0, 0, 0, 0, 0, 0, 0, 0, 0, 0, 0, 0, 0, 0, 0, 0, 0, 0, 0, 0, 0, 0, 3442.3960626058183, 0, 0, 0, 3983.2963168658976, 0, 0, 1421.1397509947585, 0, 2826.303680863173, 0, 2037.56772747528, 1539.228489747202, 0, 2894.8180274289466, 0, 1207.75186362467, 0, 0, 0, 2227.0400194731583, 1379.6029687996834, 2248.9012475559352, 1510.1460454172877, 620.0796165570354, 1154.1194728238213]","[0, 0, 0, 1, 1, 1, 1, 2, 2, 2, 3, 3, 3, 3, 3, 4, 4, 4, 4, 4, 4, 5, 5, 5, 5, 5, 5, 5, 6, 6, 6, 7, 7, 7, 7, 8, 8, 8, 9, 9, 9, 9, 10, 10, 10, 10, 10, 11, 11, 11, 12, 12, 12, 12, 12, 12, 12, 13, 13, 13, 13, 13, 14, 14, 14, 14, 14, 15, 15, 15, 15, 15, 16, 16, 16, 16, 16, 17, 17, 17, 17, 17, 18, 18, 18, 18, 19, 19, 19, 20, 20, 20, 20, 21, 21, 21]","[1, 1, 1, 2, 2, 2, 2, 3, 3, 3, 5, 4, 4, 4, 4, 5, 6, 8, 9, 10, 12, 12, 13, 13, 14, 14, 16, 17, 18, 19, 20, 20, 19, 21, 23, 23, 23, 25, 24, 27, 26, 26, 28, 28, 29, 31, 31, 32, 33, 33, 36, 34, 35, 36, 36, 36, 39, 40, 41, 42, 43, 44, 47, 45, 45, 45, 45, 48, 46, 47, 53, 50, 49, 50, 53, 54, 53, 53, 53, 56, 54, 55, 56, 57, 60, 61, 63, 61, 63, 63, 64, 65, 66, 66, 67, 68]","[24, 6, 9, 13, 18, 14, 8, 10, 26, 18, 13, 24, 12, 19, 12, 23, 14, 23, 25, 17, 30, 19, 16, 19, 37, 31, 21, 32, 32, 36, 25, 33, 23, 35, 32, 29, 27, 33, 28, 36, 45, 45, 35, 39, 43, 42, 44, 47, 53, 46, 60, 49, 45, 40, 48, 45, 66, 68, 45, 48, 46, 50, 56, 54, 53, 61, 54, 57, 53, 53, -1, 57, 53, 54, -1, 63, 66, -1, 63, -1, 64, -1, -1, 61, -1, 65, -1, 67, -1, 68, -1, -1, -1, -1, -1, -1]","[0, 0, 0, 0, 0, 0, 0, 0, 0, 0, 0, 0, 0, 0, 0, 0, 0, 0, 0, 0, 0, 0, 0, 0, 0, 0, 0, 0, 0, 0, 0, 0, 0, 0, 0, 0, 0, 0, 0, 0, 0, 0, 0, 0, 0, 0, 0, 0, 0, 0, 0, 0, 0, 0, 0, 0, 0, 0, 0, 0, 0, 0, 0, 0, 0, 0, 0, 0, 0, 0, 4029.0, 0, 0, 0, 4029.0, 0, 0, 1955.4556306237782, 0, 2408.8679766939467, 0, 1620.1320233060535, 2073.5443693762218, 0, 4029.0, 0, 4029.0, 0, 4029.0, 0, 4029.0, 4029.0, 4029.0, 4029.0, 4029.0, 4029.0]","[0, 0, 0, 0, 0, 0, 0, 0, 0, 0, 0, 0, 0, 0, 0, 0, 0, 0, 0, 0, 0, 0, 0, 0, 0, 0, 0, 0, 0, 0, 0, 0, 0, 0, 0, 0, 0, 0, 0, 0, 0, 0, 0, 0, 0, 0, 0, 0, 0, 0, 0, 0, 0, 0, 0, 0, 0, 0, 0, 0, 0, 0, 0, 0, 0, 0, 0, 0, 0, 0, (0.0, 0.0, 0.0), 0, 0, 0, (432.01279999999997, 0.8446, 0.2776), 0, 0, (528.4818, 0.0, 0.0), 0, (363.506, 0.0166, 0.009666666666666665), 0, (29.3598, 0.5571333333333334, 0.0044), (830.4715333333334, 0.09873333333333333, 0.6516666666666666), 0, (0.0, 0.0, 0.0), 0, (333.44653333333326, 0.7292666666666667, 0.004666666666666667), 0, (0.0, 0.0046, 6.666666666666668e-05), 0, (234.18133333333338, 0.0016666666666666668, 0.0016), (442.49846666666673, 3.044, 0.055333333333333345), (150.9948, 0.009266666666666668, 0.0106), (434.80906666666664, 2.7484, 0.018466666666666666), (0.0, 0.004666666666666667, 6.666666666666668e-05), (176.16013333333333, 1.632466666666667, 0.017733333333333334)]","[0, 0, 0, 0, 0, 0, 0, 0, 0, 0, 0, 0, 0, 0, 0, 0, 0, 0, 0, 0, 0, 0, 0, 0, 0, 0, 0, 0, 0, 0, 0, 0, 0, 0, 0, 0, 0, 0, 0, 0, 0, 0, 0, 0, 0, 0, 0, 0, 0, 0, 0, 0, 0, 0, 0, 0, 0, 0, 0, 0, 0, 0, 0, 0, 0, 0, 0, 0, 0, 0, (2, 0.0, 0.0), 0, 0, 0, (3, 0.0, 1.846088888888889), 0, 0, (3, 0.012783333333333334, 0.009422222222222222), 0, (3, 0.0, 0.017905555555555557), 0, (1, 0.00015, 0.1132611111111111), (3, 0.0, 0.02181111111111111), 0, (2, 0.0, 0.0), 0, (1, 0.0, 0.00021666666666666668), 0, (2, 0.0, 0.0012166666666666667), 0, (3, 0.0006666666666666666, 0.02163888888888889), (1, 0.0, 0.004972222222222222), (2, 0.0, 0.0023555555555555556), (3, 0.0, 0.00023888888888888888), (3, 0.0, 0.001661111111111111), (3, 0.0, 0.0001388888888888889)]","[-1, -1, -1, -1, -1, -1, -1, -1, -1, -1, -1, -1, -1, -1, -1, -1, -1, -1, -1, -1, -1, -1, -1, -1, -1, -1, -1, -1, -1, -1, -1, -1, -1, -1, -1, -1, -1, -1, -1, -1, -1, -1, -1, -1, -1, -1, -1, -1, -1, -1, -1, -1, -1, -1, -1, -1, -1, -1, -1, -1, -1, -1, -1, -1, -1, -1, -1, -1, -1, -1, 3, -1, -1, -1, 14, -1, -1, 15, -1, 2, -1, 2, 15, -1, 10, -1, 0, -1, 11, -1, 9, 12, 6, 7, 8, 1]","[False, False, False, False, False, False, False, False, False, False, False, False, False, False, False, False, False, False, False, False, False, False, False, False, False, False, False, False, False, False, False, False, False, False, False, False, False, False, False, False, False, False, False, False, False, False, False, False, False, False, False, False, False, False, False, False, False, False, False, False, False, False, False, False, False, False, False, False, False, False, True, False, False, False, True, False, False, True, False, True, False, True, True, False, True, False, True, False, True, False, True, True, True, True, True, True]"
69,"[0, 0, 0, 0, 0, 0, 0, 0, 0, 0, 0, 0, 0, 0, 0, 0, 0, 0, 0, 0, 0, 0, 0, 0, 0, 0, 0, 0, 0, 0, 0, 0, 0, 0, 0, 0, 0, 0, 0, 0, 0, 0, 0, 0, 0, 0, 0, 0, 0, 0, 0, 0, 0, 0, 0, 0, 0, 0, 0, 0, 0, 0, 0, 0, 0, 0, 0, 0, 0, 0, 3475.784967189774, 0, 0, 0, 3906.5018363228, 0, 0, 1504.2126383180432, 0, 2823.565014505748, 0, 1878.7250820538202, 4253.746412012876, 0, 3151.912592725404, 0, 0, 0, 0, 0, 1766.2731188925045, 1530.9142621519063, 2254.8350239347114, 1501.2453811024511, 578.5431829120669, 1875.0732823255908, 922.7020845904912, 1235.3895160495777]","[0, 0, 0, 1, 1, 1, 1, 2, 2, 2, 3, 3, 3, 3, 3, 4, 4, 4, 4, 4, 4, 5, 5, 5, 5, 5, 5, 5, 6, 6, 6, 7, 7, 7, 7, 8, 8, 8, 9, 9, 9, 9, 10, 10, 10, 10, 10, 11, 11, 11, 12, 12, 12, 12, 12, 12, 12, 13, 13, 13, 13, 13, 14, 14, 14, 14, 14, 15, 15, 15, 15, 15, 16, 16, 16, 16, 16, 17, 17, 17, 17, 17, 18, 18, 18, 18, 19, 19, 19, 20, 20, 20, 20, 21, 21, 21, 22, 22]","[1, 1, 1, 2, 2, 2, 2, 3, 3, 3, 5, 4, 4, 4, 4, 5, 6, 8, 9, 10, 12, 12, 13, 13, 14, 14, 16, 17, 18, 19, 20, 20, 19, 21, 23, 23, 23, 25, 24, 27, 26, 26, 28, 28, 29, 31, 31, 32, 33, 33, 36, 34, 35, 36, 36, 36, 39, 40, 41, 42, 43, 44, 47, 45, 45, 45, 45, 48, 46, 47, 53, 50, 49, 50, 53, 54, 53, 53, 53, 56, 54, 55, 56, 57, 60, 61, 63, 61, 63, 63, 64, 65, 66, 66, 67, 68, 69, 69]","[24, 6, 9, 13, 18, 14, 8, 10, 26, 18, 13, 24, 12, 19, 12, 23, 14, 23, 25, 17, 30, 19, 16, 19, 37, 31, 21, 32, 32, 36, 25, 33, 23, 35, 32, 29, 27, 33, 28, 36, 45, 45, 35, 39, 43, 42, 44, 47, 53, 46, 60, 49, 45, 40, 48, 45, 66, 68, 45, 48, 46, 50, 56, 54, 53, 61, 54, 57, 53, 53, -1, 57, 53, 54, -1, 63, 66, -1, 63, -1, 64, -1, -1, 61, -1, 65, -1, 67, 69, 68, -1, -1, -1, -1, -1, -1, -1, -1]","[0, 0, 0, 0, 0, 0, 0, 0, 0, 0, 0, 0, 0, 0, 0, 0, 0, 0, 0, 0, 0, 0, 0, 0, 0, 0, 0, 0, 0, 0, 0, 0, 0, 0, 0, 0, 0, 0, 0, 0, 0, 0, 0, 0, 0, 0, 0, 0, 0, 0, 0, 0, 0, 0, 0, 0, 0, 0, 0, 0, 0, 0, 0, 0, 0, 0, 0, 0, 0, 0, 4029.0, 0, 0, 0, 4029.0, 0, 0, 639.7331131525837, 0, 2486.919966225964, 0, 1542.080033774036, 3389.2668868474166, 0, 4029.0, 0, 4029.0, 0, 0, 0, 4029.0, 4029.0, 2680.56646967211, 4029.0, 4029.0, 4029.0, 1348.43353032789, 4029.0]","[0, 0, 0, 0, 0, 0, 0, 0, 0, 0, 0, 0, 0, 0, 0, 0, 0, 0, 0, 0, 0, 0, 0, 0, 0, 0, 0, 0, 0, 0, 0, 0, 0, 0, 0, 0, 0, 0, 0, 0, 0, 0, 0, 0, 0, 0, 0, 0, 0, 0, 0, 0, 0, 0, 0, 0, 0, 0, 0, 0, 0, 0, 0, 0, 0, 0, 0, 0, 0, 0, (0.0, 0.0, 0.0), 0, 0, 0, (339.7382, 0.8196, 0.2693333333333333), 0, 0, (429.21633333333324, 0.0, 0.0), 0, (422.2262, 0.03953333333333333, 0.018666666666666668), 0, (50.3314, 0.34666666666666673, 0.0016666666666666668), (1069.547, 0.1412, 0.6463333333333334), 0, (0.0, 0.0, 0.0), 0, (415.23546666666675, 0.7115333333333334, 0.006666666666666668), 0, 0, 0, (242.57, 0.0003333333333333333, 0.0004), (440.4012, 3.206266666666667, 0.1867333333333333), (184.5492, 0.009333333333333334, 0.0108), (348.1266, 1.8001333333333334, 0.6946), (0.0, 0.004533333333333333, 0.0), (214.6078, 3.082733333333333, 0.04673333333333334), (97.867, 0.5311333333333333, 0.4374666666666666), (267.736, 0.28726666666666667, 0.0504)]","[0, 0, 0, 0, 0, 0, 0, 0, 0, 0, 0, 0, 0, 0, 0, 0, 0, 0, 0, 0, 0, 0, 0, 0, 0, 0, 0, 0, 0, 0, 0, 0, 0, 0, 0, 0, 0, 0, 0, 0, 0, 0, 0, 0, 0, 0, 0, 0, 0, 0, 0, 0, 0, 0, 0, 0, 0, 0, 0, 0, 0, 0, 0, 0, 0, 0, 0, 0, 0, 0, (2, 0.0, 0.0), 0, 0, 0, (3, 3.3333333333333335e-05, 1.7759777777777779), 0, 0, (3, 0.381, 0.012), 0, (3, 0.0, 0.019144444444444443), 0, (1, 0.002466666666666667, 0.06152777777777777), (3, 0.0, 0.17137222222222223), 0, (2, 0.0, 0.0), 0, (1, 0.0, 0.0005666666666666666), 0, 0, 0, (3, 6.666666666666667e-05, 0.009744444444444444), (1, 1.666666666666667e-05, 0.0052), (2, 0.0, 0.002338888888888889), (3, 0.0, 0.00039999999999999996), (3, 0.0, 0.0012944444444444446), (3, 0.0, 0.00015555555555555556), (1, 0.0, 0.0014666666666666662), (1, 0.0, 0.0011611111111111112)]","[-1, -1, -1, -1, -1, -1, -1, -1, -1, -1, -1, -1, -1, -1, -1, -1, -1, -1, -1, -1, -1, -1, -1, -1, -1, -1, -1, -1, -1, -1, -1, -1, -1, -1, -1, -1, -1, -1, -1, -1, -1, -1, -1, -1, -1, -1, -1, -1, -1, -1, -1, -1, -1, -1, -1, -1, -1, -1, -1, -1, -1, -1, -1, -1, -1, -1, -1, -1, -1, -1, 3, -1, -1, -1, 14, -1, -1, 15, -1, 2, -1, 2, 15, -1, 10, -1, 0, -1, -1, -1, 9, 12, 6, 7, 8, 1, 6, 5]","[False, False, False, False, False, False, False, False, False, False, False, False, False, False, False, False, False, False, False, False, False, False, False, False, False, False, False, False, False, False, False, False, False, False, False, False, False, False, False, False, False, False, False, False, False, False, False, False, False, False, False, False, False, False, False, False, False, False, False, False, False, False, False, False, False, False, False, False, False, False, True, False, False, False, True, False, False, True, False, True, False, True, True, False, True, False, True, False, False, False, True, True, True, True, True, True, True, True]"
70,"[0, 0, 0, 0, 0, 0, 0, 0, 0, 0, 0, 0, 0, 0, 0, 0, 0, 0, 0, 0, 0, 0, 0, 0, 0, 0, 0, 0, 0, 0, 0, 0, 0, 0, 0, 0, 0, 0, 0, 0, 0, 0, 0, 0, 0, 0, 0, 0, 0, 0, 0, 0, 0, 0, 0, 0, 0, 0, 0, 0, 0, 0, 0, 0, 0, 0, 0, 0, 0, 0, 3732.8795324862313, 0, 0, 0, 4300.490910413475, 0, 0, 0, 0, 2689.3703629918955, 0, 1700.71177252977, 2681.129017932762, 0, 2938.223603388089, 0, 0, 0, 0, 0, 1993.317678598913, 1483.4440524727775, 2248.9012475559352, 976.1061865270877, 0, 1510.1460454172877, 925.6689723222934, 1235.3895160495777, 1364.7688631682443]","[0, 0, 0, 1, 1, 1, 1, 2, 2, 2, 3, 3, 3, 3, 3, 4, 4, 4, 4, 4, 4, 5, 5, 5, 5, 5, 5, 5, 6, 6, 6, 7, 7, 7, 7, 8, 8, 8, 9, 9, 9, 9, 10, 10, 10, 10, 10, 11, 11, 11, 12, 12, 12, 12, 12, 12, 12, 13, 13, 13, 13, 13, 14, 14, 14, 14, 14, 15, 15, 15, 15, 15, 16, 16, 16, 16, 16, 17, 17, 17, 17, 17, 18, 18, 18, 18, 19, 19, 19, 20, 20, 20, 20, 21, 21, 21, 22, 22, 22]","[1, 1, 1, 2, 2, 2, 2, 3, 3, 3, 5, 4, 4, 4, 4, 5, 6, 8, 9, 10, 12, 12, 13, 13, 14, 14, 16, 17, 18, 19, 20, 20, 19, 21, 23, 23, 23, 25, 24, 27, 26, 26, 28, 28, 29, 31, 31, 32, 33, 33, 36, 34, 35, 36, 36, 36, 39, 40, 41, 42, 43, 44, 47, 45, 45, 45, 45, 48, 46, 47, 53, 50, 49, 50, 53, 54, 53, 53, 53, 56, 54, 55, 56, 57, 60, 61, 63, 61, 63, 63, 64, 65, 66, 66, 67, 68, 69, 69, 70]","[24, 6, 9, 13, 18, 14, 8, 10, 26, 18, 13, 24, 12, 19, 12, 23, 14, 23, 25, 17, 30, 19, 16, 19, 37, 31, 21, 32, 32, 36, 25, 33, 23, 35, 32, 29, 27, 33, 28, 36, 45, 45, 35, 39, 43, 42, 44, 47, 53, 46, 60, 49, 45, 40, 48, 45, 66, 68, 45, 48, 46, 50, 56, 54, 53, 61, 54, 57, 53, 53, -1, 57, 53, 54, -1, 63, 66, -1, 63, -1, 64, -1, -1, 61, -1, 65, 70, 67, 69, 68, -1, -1, -1, -1, -1, -1, -1, -1, -1]","[0, 0, 0, 0, 0, 0, 0, 0, 0, 0, 0, 0, 0, 0, 0, 0, 0, 0, 0, 0, 0, 0, 0, 0, 0, 0, 0, 0, 0, 0, 0, 0, 0, 0, 0, 0, 0, 0, 0, 0, 0, 0, 0, 0, 0, 0, 0, 0, 0, 0, 0, 0, 0, 0, 0, 0, 0, 0, 0, 0, 0, 0, 0, 0, 0, 0, 0, 0, 0, 0, 4029.0, 0, 0, 0, 4029.0, 0, 0, 673.935491033619, 0, 2508.8292952310626, 0, 1520.1707047689372, 3355.0645089663813, 0, 4029.0, 0, 0, 0, 0, 0, 4029.0, 4029.0, 2676.116137616821, 4029.0, 4029.0, 2087.1885911245217, 1352.883862383179, 4029.0, 1941.8114088754783]","[0, 0, 0, 0, 0, 0, 0, 0, 0, 0, 0, 0, 0, 0, 0, 0, 0, 0, 0, 0, 0, 0, 0, 0, 0, 0, 0, 0, 0, 0, 0, 0, 0, 0, 0, 0, 0, 0, 0, 0, 0, 0, 0, 0, 0, 0, 0, 0, 0, 0, 0, 0, 0, 0, 0, 0, 0, 0, 0, 0, 0, 0, 0, 0, 0, 0, 0, 0, 0, 0, (0.0, 0.0, 0.0), 0, 0, 0, (322.9608666666666, 0.8597333333333332, 0.2828), 0, 0, (637.5336666666665, 0.0, 0.0), 0, (433.411, 0.0188, 0.012333333333333335), 0, (54.525800000000004, 0.2951333333333333, 0.0012666666666666666), (2168.4547333333335, 0.09346666666666668, 0.3538666666666667), 0, (0.0, 0.0, 0.0), 0, 0, 0, 0, 0, (231.3854, 0.0005333333333333334, 0.0008), (478.84913333333344, 2.3301999999999996, 0.8102), (218.1036, 0.009266666666666668, 0.010533333333333334), (230.686, 0.866, 0.3906666666666667), (0.0, 0.004733333333333333, 0.0), (434.80906666666664, 2.7484, 0.018466666666666666), (114.6442, 0.5428, 0.4749333333333333), (279.6198, 0.2951333333333333, 0.05206666666666667), (402.65259999999995, 0.0, 0.0)]","[0, 0, 0, 0, 0, 0, 0, 0, 0, 0, 0, 0, 0, 0, 0, 0, 0, 0, 0, 0, 0, 0, 0, 0, 0, 0, 0, 0, 0, 0, 0, 0, 0, 0, 0, 0, 0, 0, 0, 0, 0, 0, 0, 0, 0, 0, 0, 0, 0, 0, 0, 0, 0, 0, 0, 0, 0, 0, 0, 0, 0, 0, 0, 0, 0, 0, 0, 0, 0, 0, (2, 0.0, 0.0), 0, 0, 0, (3, 0.00455, 1.9583666666666668), 0, 0, (3, 0.0831, 0.0046944444444444455), 0, (3, 0.0, 0.02216111111111111), 0, (1, 0.0001, 0.058061111111111105), (3, 0.0, 0.1801333333333333), 0, (2, 0.0, 0.0), 0, 0, 0, 0, 0, (3, 6.666666666666667e-05, 0.011649999999999999), (1, 0.0, 0.004461111111111111), (2, 0.0, 0.0022555555555555554), (3, 1.666666666666667e-05, 0.0003444444444444445), (3, 0.0, 0.0012333333333333335), (3, 0.0, 0.00023888888888888888), (1, 0.0, 0.001527777777777778), (1, 0.0, 0.0009000000000000001), (3, 0.1085, 0.004066666666666666)]","[-1, -1, -1, -1, -1, -1, -1, -1, -1, -1, -1, -1, -1, -1, -1, -1, -1, -1, -1, -1, -1, -1, -1, -1, -1, -1, -1, -1, -1, -1, -1, -1, -1, -1, -1, -1, -1, -1, -1, -1, -1, -1, -1, -1, -1, -1, -1, -1, -1, -1, -1, -1, -1, -1, -1, -1, -1, -1, -1, -1, -1, -1, -1, -1, -1, -1, -1, -1, -1, -1, 3, -1, -1, -1, 14, -1, -1, 15, -1, 2, -1, 2, 15, -1, 10, -1, -1, -1, -1, -1, 9, 12, 6, 7, 8, 1, 6, 5, 1]","[False, False, False, False, False, False, False, False, False, False, False, False, False, False, False, False, False, False, False, False, False, False, False, False, False, False, False, False, False, False, False, False, False, False, False, False, False, False, False, False, False, False, False, False, False, False, False, False, False, False, False, False, False, False, False, False, False, False, False, False, False, False, False, False, False, False, False, False, False, False, True, False, False, False, True, False, False, True, False, True, False, True, True, False, True, False, False, False, False, False, True, True, True, True, True, True, True, True, True]"
71,"[0, 0, 0, 0, 0, 0, 0, 0, 0, 0, 0, 0, 0, 0, 0, 0, 0, 0, 0, 0, 0, 0, 0, 0, 0, 0, 0, 0, 0, 0, 0, 0, 0, 0, 0, 0, 0, 0, 0, 0, 0, 0, 0, 0, 0, 0, 0, 0, 0, 0, 0, 0, 0, 0, 0, 0, 0, 0, 0, 0, 0, 0, 0, 0, 0, 0, 0, 0, 0, 0, 3782.9628893621643, 0, 0, 0, 4420.690966915716, 0, 0, 0, 0, 2579.823708694874, 0, 1752.7464322368, 0, 0, 2958.2569461384624, 0, 0, 0, 0, 0, 1889.8120704974624, 949.4041935825778, 2201.431036525731, 1465.6427238431045, 0, 1501.2453811024511, 928.6358600540952, 1128.5450173642087, 1691.1266347954333, 628.9803113908888]","[0, 0, 0, 1, 1, 1, 1, 2, 2, 2, 3, 3, 3, 3, 3, 4, 4, 4, 4, 4, 4, 5, 5, 5, 5, 5, 5, 5, 6, 6, 6, 7, 7, 7, 7, 8, 8, 8, 9, 9, 9, 9, 10, 10, 10, 10, 10, 11, 11, 11, 12, 12, 12, 12, 12, 12, 12, 13, 13, 13, 13, 13, 14, 14, 14, 14, 14, 15, 15, 15, 15, 15, 16, 16, 16, 16, 16, 17, 17, 17, 17, 17, 18, 18, 18, 18, 19, 19, 19, 20, 20, 20, 20, 21, 21, 21, 22, 22, 22, 22]","[1, 1, 1, 2, 2, 2, 2, 3, 3, 3, 5, 4, 4, 4, 4, 5, 6, 8, 9, 10, 12, 12, 13, 13, 14, 14, 16, 17, 18, 19, 20, 20, 19, 21, 23, 23, 23, 25, 24, 27, 26, 26, 28, 28, 29, 31, 31, 32, 33, 33, 36, 34, 35, 36, 36, 36, 39, 40, 41, 42, 43, 44, 47, 45, 45, 45, 45, 48, 46, 47, 53, 50, 49, 50, 53, 54, 53, 53, 53, 56, 54, 55, 56, 57, 60, 61, 63, 61, 63, 63, 64, 65, 66, 66, 67, 68, 69, 69, 70, 71]","[24, 6, 9, 13, 18, 14, 8, 10, 26, 18, 13, 24, 12, 19, 12, 23, 14, 23, 25, 17, 30, 19, 16, 19, 37, 31, 21, 32, 32, 36, 25, 33, 23, 35, 32, 29, 27, 33, 28, 36, 45, 45, 35, 39, 43, 42, 44, 47, 53, 46, 60, 49, 45, 40, 48, 45, 66, 68, 45, 48, 46, 50, 56, 54, 53, 61, 54, 57, 53, 53, -1, 57, 53, 54, -1, 63, 66, 71, 63, -1, 64, -1, -1, 61, -1, 65, 70, 67, 69, 68, -1, -1, -1, -1, 71, -1, -1, -1, -1, -1]","[0, 0, 0, 0, 0, 0, 0, 0, 0, 0, 0, 0, 0, 0, 0, 0, 0, 0, 0, 0, 0, 0, 0, 0, 0, 0, 0, 0, 0, 0, 0, 0, 0, 0, 0, 0, 0, 0, 0, 0, 0, 0, 0, 0, 0, 0, 0, 0, 0, 0, 0, 0, 0, 0, 0, 0, 0, 0, 0, 0, 0, 0, 0, 0, 0, 0, 0, 0, 0, 0, 4029.0, 0, 0, 0, 4029.0, 0, 0, 0, 0, 2428.038638229037, 0, 1600.9613617709633, 4029.0, 0, 4029.0, 0, 0, 0, 0, 0, 4029.0, 4029.0, 2291.415300535493, 4029.0, 0, 1919.559373153509, 1018.6201240638569, 4029.0, 2109.440626846491, 718.9645754006505]","[0, 0, 0, 0, 0, 0, 0, 0, 0, 0, 0, 0, 0, 0, 0, 0, 0, 0, 0, 0, 0, 0, 0, 0, 0, 0, 0, 0, 0, 0, 0, 0, 0, 0, 0, 0, 0, 0, 0, 0, 0, 0, 0, 0, 0, 0, 0, 0, 0, 0, 0, 0, 0, 0, 0, 0, 0, 0, 0, 0, 0, 0, 0, 0, 0, 0, 0, 0, 0, 0, (0.0, 0.0, 0.0), 0, 0, 0, (436.2071333333334, 0.5388, 0.25873333333333337), 0, 0, 0, 0, (369.0984, 0.017666666666666667, 0.010733333333333333), 0, (37.7482, 0.27673333333333333, 0.0014), (1308.6224666666665, 0.08373333333333334, 0.33853333333333335), 0, (0.0, 0.0, 0.0), 0, 0, 0, 0, 0, (253.7549333333333, 0.0006666666666666666, 0.0008), (333.44686666666666, 0.9099333333333333, 0.8626), (268.4352, 0.009333333333333334, 0.0108), (331.3495333333333, 4.365933333333333, 0.022533333333333336), 0, (348.1266, 1.8001333333333334, 0.6946), (109.0518, 0.5416666666666666, 0.5044666666666666), (271.93059999999997, 0.26839999999999997, 0.0528), (339.738, 0.0, 0.0), (320.1647333333333, 0.0011333333333333332, 0.0015333333333333334)]","[0, 0, 0, 0, 0, 0, 0, 0, 0, 0, 0, 0, 0, 0, 0, 0, 0, 0, 0, 0, 0, 0, 0, 0, 0, 0, 0, 0, 0, 0, 0, 0, 0, 0, 0, 0, 0, 0, 0, 0, 0, 0, 0, 0, 0, 0, 0, 0, 0, 0, 0, 0, 0, 0, 0, 0, 0, 0, 0, 0, 0, 0, 0, 0, 0, 0, 0, 0, 0, 0, (2, 0.0, 0.0), 0, 0, 0, (3, 0.009816666666666666, 1.9489666666666665), 0, 0, 0, 0, (3, 0.0, 0.018283333333333335), 0, (1, 0.0, 0.057172222222222215), (3, 0.0, 0.016483333333333336), 0, (2, 0.0, 0.0), 0, 0, 0, 0, 0, (3, 0.00018333333333333334, 0.015666666666666666), (1, 0.0, 0.004088888888888889), (2, 0.0, 0.0022944444444444444), (3, 0.0, 0.00019444444444444446), 0, (3, 0.0, 0.00039999999999999996), (1, 0.0, 0.0017222222222222224), (1, 0.0, 0.00115), (3, 0.2122, 0.00935), (2, 0.0037166666666666667, 0.0028777777777777777)]","[-1, -1, -1, -1, -1, -1, -1, -1, -1, -1, -1, -1, -1, -1, -1, -1, -1, -1, -1, -1, -1, -1, -1, -1, -1, -1, -1, -1, -1, -1, -1, -1, -1, -1, -1, -1, -1, -1, -1, -1, -1, -1, -1, -1, -1, -1, -1, -1, -1, -1, -1, -1, -1, -1, -1, -1, -1, -1, -1, -1, -1, -1, -1, -1, -1, -1, -1, -1, -1, -1, 3, -1, -1, -1, 14, -1, -1, -1, -1, 2, -1, 2, 15, -1, 10, -1, -1, -1, -1, -1, 9, 12, 6, 7, -1, 1, 6, 5, 1, 6]","[False, False, False, False, False, False, False, False, False, False, False, False, False, False, False, False, False, False, False, False, False, False, False, False, False, False, False, False, False, False, False, False, False, False, False, False, False, False, False, False, False, False, False, False, False, False, False, False, False, False, False, False, False, False, False, False, False, False, False, False, False, False, False, False, False, False, False, False, False, False, True, False, False, False, True, False, False, False, False, True, False, True, True, False, True, False, False, False, False, False, True, True, True, True, False, True, True, True, True, True]"
72,"[0, 0, 0, 0, 0, 0, 0, 0, 0, 0, 0, 0, 0, 0, 0, 0, 0, 0, 0, 0, 0, 0, 0, 0, 0, 0, 0, 0, 0, 0, 0, 0, 0, 0, 0, 0, 0, 0, 0, 0, 0, 0, 0, 0, 0, 0, 0, 0, 0, 0, 0, 0, 0, 0, 0, 0, 0, 0, 0, 0, 0, 0, 0, 0, 0, 0, 0, 0, 0, 0, 3388.973815271489, 0, 0, 0, 3412.3460484802577, 0, 0, 0, 0, 2440.1517244661704, 0, 1670.5864432257001, 0, 0, 3018.356974389583, 0, 0, 0, 0, 0, 2103.5010678682, 0, 2248.9012475559352, 0, 0, 976.1061865270877, 931.6027477858978, 1135.2227985320444, 1254.9939763481898, 634.9140879134446, 3464.41286996805]","[0, 0, 0, 1, 1, 1, 1, 2, 2, 2, 3, 3, 3, 3, 3, 4, 4, 4, 4, 4, 4, 5, 5, 5, 5, 5, 5, 5, 6, 6, 6, 7, 7, 7, 7, 8, 8, 8, 9, 9, 9, 9, 10, 10, 10, 10, 10, 11, 11, 11, 12, 12, 12, 12, 12, 12, 12, 13, 13, 13, 13, 13, 14, 14, 14, 14, 14, 15, 15, 15, 15, 15, 16, 16, 16, 16, 16, 17, 17, 17, 17, 17, 18, 18, 18, 18, 19, 19, 19, 20, 20, 20, 20, 21, 21, 21, 22, 22, 22, 22, 22]","[1, 1, 1, 2, 2, 2, 2, 3, 3, 3, 5, 4, 4, 4, 4, 5, 6, 8, 9, 10, 12, 12, 13, 13, 14, 14, 16, 17, 18, 19, 20, 20, 19, 21, 23, 23, 23, 25, 24, 27, 26, 26, 28, 28, 29, 31, 31, 32, 33, 33, 36, 34, 35, 36, 36, 36, 39, 40, 41, 42, 43, 44, 47, 45, 45, 45, 45, 48, 46, 47, 53, 50, 49, 50, 53, 54, 53, 53, 53, 56, 54, 55, 56, 57, 60, 61, 63, 61, 63, 63, 64, 65, 66, 66, 67, 68, 69, 69, 70, 71, 72]","[24, 6, 9, 13, 18, 14, 8, 10, 26, 18, 13, 24, 12, 19, 12, 23, 14, 23, 25, 17, 30, 19, 16, 19, 37, 31, 21, 32, 32, 36, 25, 33, 23, 35, 32, 29, 27, 33, 28, 36, 45, 45, 35, 39, 43, 42, 44, 47, 53, 46, 60, 49, 45, 40, 48, 45, 66, 68, 45, 48, 46, 50, 56, 54, 53, 61, 54, 57, 53, 53, -1, 57, 53, 54, -1, 63, 66, 71, 63, -1, 64, -1, 72, 61, -1, 65, 70, 67, 69, 68, -1, -1, -1, -1, 71, -1, -1, -1, -1, -1, -1]","[0, 0, 0, 0, 0, 0, 0, 0, 0, 0, 0, 0, 0, 0, 0, 0, 0, 0, 0, 0, 0, 0, 0, 0, 0, 0, 0, 0, 0, 0, 0, 0, 0, 0, 0, 0, 0, 0, 0, 0, 0, 0, 0, 0, 0, 0, 0, 0, 0, 0, 0, 0, 0, 0, 0, 0, 0, 0, 0, 0, 0, 0, 0, 0, 0, 0, 0, 0, 0, 0, 4029.0, 0, 0, 0, 4029.0, 0, 0, 0, 0, 2399.2826406202353, 0, 1629.717359379765, 0, 0, 4029.0, 0, 0, 0, 0, 0, 4029.0, 4029.0, 2320.095219804176, 4029.0, 0, 1875.056105089449, 1002.7967200341385, 4029.0, 2153.943894910551, 706.1080601616853, 4029.0]","[0, 0, 0, 0, 0, 0, 0, 0, 0, 0, 0, 0, 0, 0, 0, 0, 0, 0, 0, 0, 0, 0, 0, 0, 0, 0, 0, 0, 0, 0, 0, 0, 0, 0, 0, 0, 0, 0, 0, 0, 0, 0, 0, 0, 0, 0, 0, 0, 0, 0, 0, 0, 0, 0, 0, 0, 0, 0, 0, 0, 0, 0, 0, 0, 0, 0, 0, 0, 0, 0, (0.0, 0.0, 0.0), 0, 0, 0, (391.46766666666673, 0.6240666666666668, 0.2032), 0, 0, 0, 0, (346.7288, 0.020133333333333333, 0.010266666666666667), 0, (30.75786666666666, 0.2919333333333333, 0.001066666666666667), 0, 0, (0.0, 0.0, 0.0), 0, 0, 0, 0, 0, (244.66713333333328, 0.0014666666666666665, 0.0012), (199.92773333333332, 0.9031333333333333, 0.010666666666666666), (33.5544, 0.009266666666666668, 0.010666666666666666), (478.1502, 3.8014, 0.020733333333333333), 0, (230.686, 0.866, 0.3906666666666667), (109.0518, 0.5368666666666667, 0.4758666666666667), (277.5227333333333, 0.25306666666666666, 0.0498), (343.93240000000003, 0.0, 0.0), (300.59133333333324, 0.0011333333333333332, 0.0015333333333333334), (168.47066666666663, 0.27493333333333336, 0.023333333333333327)]","[0, 0, 0, 0, 0, 0, 0, 0, 0, 0, 0, 0, 0, 0, 0, 0, 0, 0, 0, 0, 0, 0, 0, 0, 0, 0, 0, 0, 0, 0, 0, 0, 0, 0, 0, 0, 0, 0, 0, 0, 0, 0, 0, 0, 0, 0, 0, 0, 0, 0, 0, 0, 0, 0, 0, 0, 0, 0, 0, 0, 0, 0, 0, 0, 0, 0, 0, 0, 0, 0, (2, 0.0, 0.0), 0, 0, 0, (3, 0.0, 1.7597444444444446), 0, 0, 0, 0, (3, 0.0, 0.02930555555555556), 0, (1, 3.3333333333333335e-05, 0.057200000000000015), 0, 0, (2, 0.0, 0.0), 0, 0, 0, 0, 0, (3, 0.00015, 0.019816666666666666), (1, 0.0, 0.005077777777777777), (2, 0.0, 0.0023555555555555556), (3, 0.0428, 0.01527777777777778), 0, (3, 1.666666666666667e-05, 0.0003444444444444445), (1, 0.0, 0.0017166666666666667), (1, 0.0, 0.001172222222222222), (3, 0.020033333333333334, 0.0038777777777777777), (2, 0.0004, 0.0023666666666666667), (3, 0.2927833333333333, 0.026605555555555556)]","[-1, -1, -1, -1, -1, -1, -1, -1, -1, -1, -1, -1, -1, -1, -1, -1, -1, -1, -1, -1, -1, -1, -1, -1, -1, -1, -1, -1, -1, -1, -1, -1, -1, -1, -1, -1, -1, -1, -1, -1, -1, -1, -1, -1, -1, -1, -1, -1, -1, -1, -1, -1, -1, -1, -1, -1, -1, -1, -1, -1, -1, -1, -1, -1, -1, -1, -1, -1, -1, -1, 3, -1, -1, -1, 14, -1, -1, -1, -1, 2, -1, 2, -1, -1, 10, -1, -1, -1, -1, -1, 9, 12, 6, 7, -1, 1, 6, 5, 1, 6, 11]","[False, False, False, False, False, False, False, False, False, False, False, False, False, False, False, False, False, False, False, False, False, False, False, False, False, False, False, False, False, False, False, False, False, False, False, False, False, False, False, False, False, False, False, False, False, False, False, False, False, False, False, False, False, False, False, False, False, False, False, False, False, False, False, False, False, False, False, False, False, False, True, False, False, False, True, False, False, False, False, True, False, True, False, False, True, False, False, False, False, False, True, True, True, True, False, True, True, True, True, True, True]"
73,"[0, 0, 0, 0, 0, 0, 0, 0, 0, 0, 0, 0, 0, 0, 0, 0, 0, 0, 0, 0, 0, 0, 0, 0, 0, 0, 0, 0, 0, 0, 0, 0, 0, 0, 0, 0, 0, 0, 0, 0, 0, 0, 0, 0, 0, 0, 0, 0, 0, 0, 0, 0, 0, 0, 0, 0, 0, 0, 0, 0, 0, 0, 0, 0, 0, 0, 0, 0, 0, 0, 3395.6515961882797, 0, 0, 0, 3545.9016668160803, 0, 0, 0, 0, 2141.6370915067846, 0, 1722.6211029327299, 0, 0, 3148.573702267009, 0, 0, 0, 0, 0, 2073.45105261294, 0, 5046.6768101486105, 0, 0, 1465.6427238431045, 925.6689723222934, 1208.6783913782356, 1266.8615316800874, 0, 4442.116739200141, 1235.3895160495777, 881.4670876440003, 517.5280212281833]","[0, 0, 0, 1, 1, 1, 1, 2, 2, 2, 3, 3, 3, 3, 3, 4, 4, 4, 4, 4, 4, 5, 5, 5, 5, 5, 5, 5, 6, 6, 6, 7, 7, 7, 7, 8, 8, 8, 9, 9, 9, 9, 10, 10, 10, 10, 10, 11, 11, 11, 12, 12, 12, 12, 12, 12, 12, 13, 13, 13, 13, 13, 14, 14, 14, 14, 14, 15, 15, 15, 15, 15, 16, 16, 16, 16, 16, 17, 17, 17, 17, 17, 18, 18, 18, 18, 19, 19, 19, 20, 20, 20, 20, 21, 21, 21, 22, 22, 22, 22, 22, 23, 23, 23]","[1, 1, 1, 2, 2, 2, 2, 3, 3, 3, 5, 4, 4, 4, 4, 5, 6, 8, 9, 10, 12, 12, 13, 13, 14, 14, 16, 17, 18, 19, 20, 20, 19, 21, 23, 23, 23, 25, 24, 27, 26, 26, 28, 28, 29, 31, 31, 32, 33, 33, 36, 34, 35, 36, 36, 36, 39, 40, 41, 42, 43, 44, 47, 45, 45, 45, 45, 48, 46, 47, 53, 50, 49, 50, 53, 54, 53, 53, 53, 56, 54, 55, 56, 57, 60, 61, 63, 61, 63, 63, 64, 65, 66, 66, 67, 68, 69, 69, 70, 71, 72, 73, 73, 73]","[24, 6, 9, 13, 18, 14, 8, 10, 26, 18, 13, 24, 12, 19, 12, 23, 14, 23, 25, 17, 30, 19, 16, 19, 37, 31, 21, 32, 32, 36, 25, 33, 23, 35, 32, 29, 27, 33, 28, 36, 45, 45, 35, 39, 43, 42, 44, 47, 53, 46, 60, 49, 45, 40, 48, 45, 66, 68, 45, 48, 46, 50, 56, 54, 53, 61, 54, 57, 53, 53, -1, 57, 53, 54, -1, 63, 66, 71, 63, -1, 64, -1, 72, 61, -1, 65, 70, 67, 69, 68, -1, 73, -1, 73, 71, -1, -1, -1, -1, -1, -1, -1, -1, -1]","[0, 0, 0, 0, 0, 0, 0, 0, 0, 0, 0, 0, 0, 0, 0, 0, 0, 0, 0, 0, 0, 0, 0, 0, 0, 0, 0, 0, 0, 0, 0, 0, 0, 0, 0, 0, 0, 0, 0, 0, 0, 0, 0, 0, 0, 0, 0, 0, 0, 0, 0, 0, 0, 0, 0, 0, 0, 0, 0, 0, 0, 0, 0, 0, 0, 0, 0, 0, 0, 0, 4029.0, 0, 0, 0, 4029.0, 0, 0, 0, 0, 2224.0079942870275, 0, 1804.9920057129727, 0, 0, 4029.0, 0, 0, 0, 0, 0, 4029.0, 0, 4398.894882658309, 0, 0, 2113.890596081508, 277.88704483199206, 4029.0, 1915.1094039184914, -647.7819274903013, 4029.0, 4029.0, 4029.0, 4029.0]","[0, 0, 0, 0, 0, 0, 0, 0, 0, 0, 0, 0, 0, 0, 0, 0, 0, 0, 0, 0, 0, 0, 0, 0, 0, 0, 0, 0, 0, 0, 0, 0, 0, 0, 0, 0, 0, 0, 0, 0, 0, 0, 0, 0, 0, 0, 0, 0, 0, 0, 0, 0, 0, 0, 0, 0, 0, 0, 0, 0, 0, 0, 0, 0, 0, 0, 0, 0, 0, 0, (0.0, 0.0, 0.0), 0, 0, 0, (271.23113333333333, 0.6398666666666667, 0.20813333333333334), 0, 0, 0, 0, (570.4248, 0.0178, 0.010199999999999999), 0, (50.3314, 0.2760666666666667, 0.0014), 0, 0, (0.0, 0.0, 0.0), 0, 0, 0, 0, 0, (254.4540666666667, 0.0026, 0.0088), 0, (369.0984, 0.018533333333333336, 0.025066666666666668), 0, 0, (331.3495333333333, 4.365933333333333, 0.022533333333333336), (95.0708, 0.5381333333333334, 0.44586666666666674), (304.0866, 0.2961333333333333, 0.05726666666666666), (306.18359999999996, 0.0, 0.0), (288.00833333333327, 0.0011333333333333332, 0.0014), (313.1741333333334, 0.2986666666666667, 0.020266666666666665), (267.736, 0.28726666666666667, 0.0504), (95.9442, 0.019933333333333334, 0.0208), (58.7202, 0.004733333333333333, 0.00013333333333333334)]","[0, 0, 0, 0, 0, 0, 0, 0, 0, 0, 0, 0, 0, 0, 0, 0, 0, 0, 0, 0, 0, 0, 0, 0, 0, 0, 0, 0, 0, 0, 0, 0, 0, 0, 0, 0, 0, 0, 0, 0, 0, 0, 0, 0, 0, 0, 0, 0, 0, 0, 0, 0, 0, 0, 0, 0, 0, 0, 0, 0, 0, 0, 0, 0, 0, 0, 0, 0, 0, 0, (2, 0.0, 0.0), 0, 0, 0, (3, 0.0, 1.805188888888889), 0, 0, 0, 0, (3, 1.666666666666667e-05, 0.026933333333333333), 0, (1, 1.666666666666667e-05, 0.05597222222222223), 0, 0, (2, 0.0, 0.0), 0, 0, 0, 0, 0, (3, 0.00011666666666666667, 0.017588888888888887), 0, (2, 0.0, 0.0054888888888888895), 0, 0, (3, 0.0, 0.00019444444444444446), (1, 0.0, 0.0017277777777777773), (1, 0.0, 0.0010444444444444444), (3, 0.008033333333333333, 0.003372222222222222), (2, 0.00026666666666666673, 0.002455555555555556), (3, 0.10841666666666666, 0.0281), (1, 0.0, 0.0011611111111111112), (1, 0.0012, 0.05558333333333333), (2, 0.0, 0.0010944444444444443)]","[-1, -1, -1, -1, -1, -1, -1, -1, -1, -1, -1, -1, -1, -1, -1, -1, -1, -1, -1, -1, -1, -1, -1, -1, -1, -1, -1, -1, -1, -1, -1, -1, -1, -1, -1, -1, -1, -1, -1, -1, -1, -1, -1, -1, -1, -1, -1, -1, -1, -1, -1, -1, -1, -1, -1, -1, -1, -1, -1, -1, -1, -1, -1, -1, -1, -1, -1, -1, -1, -1, 3, -1, -1, -1, 14, -1, -1, -1, -1, 2, -1, 2, -1, -1, 10, -1, -1, -1, -1, -1, 9, -1, 6, -1, -1, 1, 6, 5, 1, 6, 11, 4, 7, 15]","[False, False, False, False, False, False, False, False, False, False, False, False, False, False, False, False, False, False, False, False, False, False, False, False, False, False, False, False, False, False, False, False, False, False, False, False, False, False, False, False, False, False, False, False, False, False, False, False, False, False, False, False, False, False, False, False, False, False, False, False, False, False, False, False, False, False, False, False, False, False, True, False, False, False, True, False, False, False, False, True, False, True, False, False, True, False, False, False, False, False, True, False, True, False, False, True, True, True, True, True, True, True, True, True]"
74,"[0, 0, 0, 0, 0, 0, 0, 0, 0, 0, 0, 0, 0, 0, 0, 0, 0, 0, 0, 0, 0, 0, 0, 0, 0, 0, 0, 0, 0, 0, 0, 0, 0, 0, 0, 0, 0, 0, 0, 0, 0, 0, 0, 0, 0, 0, 0, 0, 0, 0, 0, 0, 0, 0, 0, 0, 0, 0, 0, 0, 0, 0, 0, 0, 0, 0, 0, 0, 0, 0, 3432.379391230631, 0, 0, 0, 0, 0, 0, 0, 0, 2160.807756008763, 0, 0, 0, 0, 3425.7016103138403, 0, 0, 0, 0, 0, 2293.817831151513, 0, 6361.008278047395, 0, 0, 1851.3381774860268, 0, 1225.3728442978247, 1204.5568661876246, 0, 3143.9889128247596, 1235.3895160495777, 754.589249271, 510.85024030910995, 2006.6731654957287]","[0, 0, 0, 1, 1, 1, 1, 2, 2, 2, 3, 3, 3, 3, 3, 4, 4, 4, 4, 4, 4, 5, 5, 5, 5, 5, 5, 5, 6, 6, 6, 7, 7, 7, 7, 8, 8, 8, 9, 9, 9, 9, 10, 10, 10, 10, 10, 11, 11, 11, 12, 12, 12, 12, 12, 12, 12, 13, 13, 13, 13, 13, 14, 14, 14, 14, 14, 15, 15, 15, 15, 15, 16, 16, 16, 16, 16, 17, 17, 17, 17, 17, 18, 18, 18, 18, 19, 19, 19, 20, 20, 20, 20, 21, 21, 21, 22, 22, 22, 22, 22, 23, 23, 23, 23]","[1, 1, 1, 2, 2, 2, 2, 3, 3, 3, 5, 4, 4, 4, 4, 5, 6, 8, 9, 10, 12, 12, 13, 13, 14, 14, 16, 17, 18, 19, 20, 20, 19, 21, 23, 23, 23, 25, 24, 27, 26, 26, 28, 28, 29, 31, 31, 32, 33, 33, 36, 34, 35, 36, 36, 36, 39, 40, 41, 42, 43, 44, 47, 45, 45, 45, 45, 48, 46, 47, 53, 50, 49, 50, 53, 54, 53, 53, 53, 56, 54, 55, 56, 57, 60, 61, 63, 61, 63, 63, 64, 65, 66, 66, 67, 68, 69, 69, 70, 71, 72, 73, 73, 73, 74]","[24, 6, 9, 13, 18, 14, 8, 10, 26, 18, 13, 24, 12, 19, 12, 23, 14, 23, 25, 17, 30, 19, 16, 19, 37, 31, 21, 32, 32, 36, 25, 33, 23, 35, 32, 29, 27, 33, 28, 36, 45, 45, 35, 39, 43, 42, 44, 47, 53, 46, 60, 49, 45, 40, 48, 45, 66, 68, 45, 48, 46, 50, 56, 54, 53, 61, 54, 57, 53, 53, -1, 57, 53, 54, -1, 63, 66, 71, 63, -1, 64, -1, 72, 61, -1, 65, 70, 67, 69, 68, -1, 73, -1, 73, 71, -1, -1, -1, -1, 74, -1, -1, -1, -1, -1]","[0, 0, 0, 0, 0, 0, 0, 0, 0, 0, 0, 0, 0, 0, 0, 0, 0, 0, 0, 0, 0, 0, 0, 0, 0, 0, 0, 0, 0, 0, 0, 0, 0, 0, 0, 0, 0, 0, 0, 0, 0, 0, 0, 0, 0, 0, 0, 0, 0, 0, 0, 0, 0, 0, 0, 0, 0, 0, 0, 0, 0, 0, 0, 0, 0, 0, 0, 0, 0, 0, 4029.0, 0, 0, 0, 4029.0, 0, 0, 0, 0, 3094.9038780043816, 0, 934.0961219956184, 0, 0, 4029.0, 0, 0, 0, 0, 0, 4029.0, 0, 5195.0041390236975, 0, 0, 2337.890655649201, -1166.0041390236975, 4029.0, 1691.109344350799, 0, 4029.0, 1628.8581752769246, 4029.0, 4029.0, 2400.141824723076]","[0, 0, 0, 0, 0, 0, 0, 0, 0, 0, 0, 0, 0, 0, 0, 0, 0, 0, 0, 0, 0, 0, 0, 0, 0, 0, 0, 0, 0, 0, 0, 0, 0, 0, 0, 0, 0, 0, 0, 0, 0, 0, 0, 0, 0, 0, 0, 0, 0, 0, 0, 0, 0, 0, 0, 0, 0, 0, 0, 0, 0, 0, 0, 0, 0, 0, 0, 0, 0, 0, (0.0, 0.0, 0.0), 0, 0, 0, (255.85193333333328, 0.6706666666666666, 0.21606666666666663), 0, 0, 0, 0, (469.7616, 0.014733333333333333, 0.0096), 0, (54.525800000000004, 0.298, 0.001), 0, 0, (0.0, 0.0, 0.0), 0, 0, 0, 0, 0, (268.435, 0.0018666666666666666, 0.0016), 0, (1157.6274666666666, 0.016533333333333334, 0.022133333333333328), 0, 0, (478.1502, 3.8014, 0.020733333333333333), (92.2746, 0.5394, 0.44333333333333325), (292.20259999999996, 0.28073333333333333, 0.056799999999999996), (322.961, 0.0, 0.0), 0, (205.5204, 0.03793333333333333, 0.025266666666666666), (279.6198, 0.2951333333333333, 0.05206666666666667), (96.9928, 0.020133333333333333, 0.014066666666666665), (50.3316, 0.004666666666666667, 0.00013333333333333334), (306.18366666666674, 0.5942000000000001, 0.19193333333333337)]","[0, 0, 0, 0, 0, 0, 0, 0, 0, 0, 0, 0, 0, 0, 0, 0, 0, 0, 0, 0, 0, 0, 0, 0, 0, 0, 0, 0, 0, 0, 0, 0, 0, 0, 0, 0, 0, 0, 0, 0, 0, 0, 0, 0, 0, 0, 0, 0, 0, 0, 0, 0, 0, 0, 0, 0, 0, 0, 0, 0, 0, 0, 0, 0, 0, 0, 0, 0, 0, 0, (2, 0.0, 0.0), 0, 0, 0, (3, 0.0, 1.6603722222222224), 0, 0, 0, 0, (3, 0.0, 0.018616666666666667), 0, (1, 1.666666666666667e-05, 0.05641111111111111), 0, 0, (2, 0.0, 0.0), 0, 0, 0, 0, 0, (3, 0.00013333333333333334, 0.023688888888888888), 0, (2, 0.0, 0.005333333333333333), 0, 0, (3, 0.0428, 0.01527777777777778), (1, 0.0, 0.0022722222222222224), (1, 0.0, 0.001027777777777778), (3, 0.007916666666666667, 0.003444444444444445), 0, (3, 0.00125, 0.027633333333333336), (1, 0.0, 0.0009000000000000001), (1, 0.0, 0.054338888888888895), (2, 0.0, 0.0010555555555555557), (3, 0.011550000000000001, 0.43049444444444446)]","[-1, -1, -1, -1, -1, -1, -1, -1, -1, -1, -1, -1, -1, -1, -1, -1, -1, -1, -1, -1, -1, -1, -1, -1, -1, -1, -1, -1, -1, -1, -1, -1, -1, -1, -1, -1, -1, -1, -1, -1, -1, -1, -1, -1, -1, -1, -1, -1, -1, -1, -1, -1, -1, -1, -1, -1, -1, -1, -1, -1, -1, -1, -1, -1, -1, -1, -1, -1, -1, -1, 3, -1, -1, -1, 14, -1, -1, -1, -1, 2, -1, 2, -1, -1, 10, -1, -1, -1, -1, -1, 9, -1, 6, -1, -1, 1, 6, 5, 1, -1, 11, 4, 7, 15, 4]","[False, False, False, False, False, False, False, False, False, False, False, False, False, False, False, False, False, False, False, False, False, False, False, False, False, False, False, False, False, False, False, False, False, False, False, False, False, False, False, False, False, False, False, False, False, False, False, False, False, False, False, False, False, False, False, False, False, False, False, False, False, False, False, False, False, False, False, False, False, False, True, False, False, False, True, False, False, False, False, True, False, True, False, False, True, False, False, False, False, False, True, False, True, False, False, True, True, True, True, False, True, True, True, True, True]"
75,"[0, 0, 0, 0, 0, 0, 0, 0, 0, 0, 0, 0, 0, 0, 0, 0, 0, 0, 0, 0, 0, 0, 0, 0, 0, 0, 0, 0, 0, 0, 0, 0, 0, 0, 0, 0, 0, 0, 0, 0, 0, 0, 0, 0, 0, 0, 0, 0, 0, 0, 0, 0, 0, 0, 0, 0, 0, 0, 0, 0, 0, 0, 0, 0, 0, 0, 0, 0, 0, 0, 3385.6349248130928, 0, 0, 0, 0, 0, 0, 0, 0, 2089.602430715699, 0, 0, 0, 0, 3442.3960626058183, 0, 0, 0, 0, 0, 2203.667785385733, 0, 2438.7820916767528, 0, 0, 1646.6228982447833, 0, 1228.7117348817424, 1252.0270875152155, 0, 3601.346184986549, 1128.5450173642087, 754.589249271, 0, 1352.2506356501997, 1108.5118598755066, 590.9835929581135]","[0, 0, 0, 1, 1, 1, 1, 2, 2, 2, 3, 3, 3, 3, 3, 4, 4, 4, 4, 4, 4, 5, 5, 5, 5, 5, 5, 5, 6, 6, 6, 7, 7, 7, 7, 8, 8, 8, 9, 9, 9, 9, 10, 10, 10, 10, 10, 11, 11, 11, 12, 12, 12, 12, 12, 12, 12, 13, 13, 13, 13, 13, 14, 14, 14, 14, 14, 15, 15, 15, 15, 15, 16, 16, 16, 16, 16, 17, 17, 17, 17, 17, 18, 18, 18, 18, 19, 19, 19, 20, 20, 20, 20, 21, 21, 21, 22, 22, 22, 22, 22, 23, 23, 23, 23, 23, 23]","[1, 1, 1, 2, 2, 2, 2, 3, 3, 3, 5, 4, 4, 4, 4, 5, 6, 8, 9, 10, 12, 12, 13, 13, 14, 14, 16, 17, 18, 19, 20, 20, 19, 21, 23, 23, 23, 25, 24, 27, 26, 26, 28, 28, 29, 31, 31, 32, 33, 33, 36, 34, 35, 36, 36, 36, 39, 40, 41, 42, 43, 44, 47, 45, 45, 45, 45, 48, 46, 47, 53, 50, 49, 50, 53, 54, 53, 53, 53, 56, 54, 55, 56, 57, 60, 61, 63, 61, 63, 63, 64, 65, 66, 66, 67, 68, 69, 69, 70, 71, 72, 73, 73, 73, 74, 75, 75]","[24, 6, 9, 13, 18, 14, 8, 10, 26, 18, 13, 24, 12, 19, 12, 23, 14, 23, 25, 17, 30, 19, 16, 19, 37, 31, 21, 32, 32, 36, 25, 33, 23, 35, 32, 29, 27, 33, 28, 36, 45, 45, 35, 39, 43, 42, 44, 47, 53, 46, 60, 49, 45, 40, 48, 45, 66, 68, 45, 48, 46, 50, 56, 54, 53, 61, 54, 57, 53, 53, -1, 57, 53, 54, 75, 63, 66, 71, 63, -1, 64, 75, 72, 61, -1, 65, 70, 67, 69, 68, -1, 73, -1, 73, 71, -1, 75, -1, -1, 74, -1, -1, -1, -1, -1, -1, -1]","[0, 0, 0, 0, 0, 0, 0, 0, 0, 0, 0, 0, 0, 0, 0, 0, 0, 0, 0, 0, 0, 0, 0, 0, 0, 0, 0, 0, 0, 0, 0, 0, 0, 0, 0, 0, 0, 0, 0, 0, 0, 0, 0, 0, 0, 0, 0, 0, 0, 0, 0, 0, 0, 0, 0, 0, 0, 0, 0, 0, 0, 0, 0, 0, 0, 0, 0, 0, 0, 0, 4029.0, 0, 0, 0, 0, 0, 0, 0, 0, 4029.0, 0, 0, 0, 0, 4029.0, 0, 0, 0, 0, 0, 2562.0779627551133, 0, 4029.0, 0, 0, 1826.4117053387458, 0, 4029.0, 1431.815894609178, 0, 4029.0, 1902.6471908570045, 4029.0, 4029.0, 2126.3528091429953, 1466.9220372448867, 770.772400052076]","[0, 0, 0, 0, 0, 0, 0, 0, 0, 0, 0, 0, 0, 0, 0, 0, 0, 0, 0, 0, 0, 0, 0, 0, 0, 0, 0, 0, 0, 0, 0, 0, 0, 0, 0, 0, 0, 0, 0, 0, 0, 0, 0, 0, 0, 0, 0, 0, 0, 0, 0, 0, 0, 0, 0, 0, 0, 0, 0, 0, 0, 0, 0, 0, 0, 0, 0, 0, 0, 0, (0.0, 0.0, 0.0), 0, 0, 0, 0, 0, 0, 0, 0, (480.94640000000004, 0.018066666666666665, 0.010266666666666667), 0, 0, 0, 0, (0.0, 0.0, 0.0), 0, 0, 0, 0, 0, (269.134, 0.0016666666666666668, 0.0014666666666666665), 0, (167.772, 0.009333333333333334, 0.0104), 0, 0, (450.887, 3.747866666666667, 0.0224), 0, (276.8236, 0.27726666666666666, 0.054666666666666655), (301.98940000000005, 0.0, 0.0), 0, (130.0228, 0.042466666666666666, 0.027733333333333336), (271.93059999999997, 0.26839999999999997, 0.0528), (90.177, 0.02, 0.014), (47.5354, 0.004533333333333333, 0.00013333333333333334), (281.018, 0.42160000000000003, 0.13533333333333333), (67.1088, 0.0, 0.001), (265.6387333333333, 0.05313333333333333, 0.031266666666666665)]","[0, 0, 0, 0, 0, 0, 0, 0, 0, 0, 0, 0, 0, 0, 0, 0, 0, 0, 0, 0, 0, 0, 0, 0, 0, 0, 0, 0, 0, 0, 0, 0, 0, 0, 0, 0, 0, 0, 0, 0, 0, 0, 0, 0, 0, 0, 0, 0, 0, 0, 0, 0, 0, 0, 0, 0, 0, 0, 0, 0, 0, 0, 0, 0, 0, 0, 0, 0, 0, 0, (2, 0.0, 0.0), 0, 0, 0, 0, 0, 0, 0, 0, (3, 0.0, 0.022266666666666667), 0, 0, 0, 0, (2, 0.0, 0.0), 0, 0, 0, 0, 0, (3, 0.00031666666666666665, 0.026144444444444446), 0, (2, 0.0, 0.002172222222222222), 0, 0, (3, 1.666666666666667e-05, 0.0003444444444444445), 0, (1, 0.0, 0.0013833333333333334), (3, 0.00785, 0.003533333333333333), 0, (3, 0.0008, 0.02777777777777778), (1, 0.0, 0.00115), (1, 3.3333333333333335e-05, 0.05506666666666666), (2, 0.0, 0.0011222222222222222), (3, 1.666666666666667e-05, 0.2272388888888889), (3, 0.0, 0.0), (3, 0.0, 0.006316666666666667)]","[-1, -1, -1, -1, -1, -1, -1, -1, -1, -1, -1, -1, -1, -1, -1, -1, -1, -1, -1, -1, -1, -1, -1, -1, -1, -1, -1, -1, -1, -1, -1, -1, -1, -1, -1, -1, -1, -1, -1, -1, -1, -1, -1, -1, -1, -1, -1, -1, -1, -1, -1, -1, -1, -1, -1, -1, -1, -1, -1, -1, -1, -1, -1, -1, -1, -1, -1, -1, -1, -1, 3, -1, -1, -1, -1, -1, -1, -1, -1, 2, -1, -1, -1, -1, 10, -1, -1, -1, -1, -1, 9, -1, 6, -1, -1, 1, -1, 5, 1, -1, 11, 4, 7, 15, 4, 9, 1]","[False, False, False, False, False, False, False, False, False, False, False, False, False, False, False, False, False, False, False, False, False, False, False, False, False, False, False, False, False, False, False, False, False, False, False, False, False, False, False, False, False, False, False, False, False, False, False, False, False, False, False, False, False, False, False, False, False, False, False, False, False, False, False, False, False, False, False, False, False, False, True, False, False, False, False, False, False, False, False, True, False, False, False, False, True, False, False, False, False, False, True, False, True, False, False, True, False, True, True, False, True, True, True, True, True, True, True]"
76,"[0, 0, 0, 0, 0, 0, 0, 0, 0, 0, 0, 0, 0, 0, 0, 0, 0, 0, 0, 0, 0, 0, 0, 0, 0, 0, 0, 0, 0, 0, 0, 0, 0, 0, 0, 0, 0, 0, 0, 0, 0, 0, 0, 0, 0, 0, 0, 0, 0, 0, 0, 0, 0, 0, 0, 0, 0, 0, 0, 0, 0, 0, 0, 0, 0, 0, 0, 0, 0, 0, 0, 0, 0, 0, 0, 0, 0, 0, 0, 2097.8184297879757, 0, 0, 0, 0, 3475.784967189774, 0, 0, 0, 0, 0, 2664.4346859663865, 0, 2554.490731062876, 0, 0, 922.7022006380679, 0, 1318.8617806475224, 1225.3250880184453, 0, 3261.75156374067, 1135.2227985320444, 741.2336873370001, 0, 1409.0117734429248, 1115.189642163913, 2006.6731654957287, 580.9669218910268, 628.9803113908888]","[0, 0, 0, 1, 1, 1, 1, 2, 2, 2, 3, 3, 3, 3, 3, 4, 4, 4, 4, 4, 4, 5, 5, 5, 5, 5, 5, 5, 6, 6, 6, 7, 7, 7, 7, 8, 8, 8, 9, 9, 9, 9, 10, 10, 10, 10, 10, 11, 11, 11, 12, 12, 12, 12, 12, 12, 12, 13, 13, 13, 13, 13, 14, 14, 14, 14, 14, 15, 15, 15, 15, 15, 16, 16, 16, 16, 16, 17, 17, 17, 17, 17, 18, 18, 18, 18, 19, 19, 19, 20, 20, 20, 20, 21, 21, 21, 22, 22, 22, 22, 22, 23, 23, 23, 23, 23, 23, 23, 24]","[1, 1, 1, 2, 2, 2, 2, 3, 3, 3, 5, 4, 4, 4, 4, 5, 6, 8, 9, 10, 12, 12, 13, 13, 14, 14, 16, 17, 18, 19, 20, 20, 19, 21, 23, 23, 23, 25, 24, 27, 26, 26, 28, 28, 29, 31, 31, 32, 33, 33, 36, 34, 35, 36, 36, 36, 39, 40, 41, 42, 43, 44, 47, 45, 45, 45, 45, 48, 46, 47, 53, 50, 49, 50, 53, 54, 53, 53, 53, 56, 54, 55, 56, 57, 60, 61, 63, 61, 63, 63, 64, 65, 66, 66, 67, 68, 69, 69, 70, 71, 72, 73, 73, 73, 74, 75, 76, 75, 76]","[24, 6, 9, 13, 18, 14, 8, 10, 26, 18, 13, 24, 12, 19, 12, 23, 14, 23, 25, 17, 30, 19, 16, 19, 37, 31, 21, 32, 32, 36, 25, 33, 23, 35, 32, 29, 27, 33, 28, 36, 45, 45, 35, 39, 43, 42, 44, 47, 53, 46, 60, 49, 45, 40, 48, 45, 66, 68, 45, 48, 46, 50, 56, 54, 53, 61, 54, 57, 53, 53, -1, 57, 53, 54, 75, 63, 66, 71, 63, -1, 64, 75, 72, 61, -1, 65, 70, 67, 69, 68, -1, 73, -1, 73, 71, -1, 75, -1, -1, 74, -1, -1, -1, 76, -1, -1, -1, -1, -1]","[0, 0, 0, 0, 0, 0, 0, 0, 0, 0, 0, 0, 0, 0, 0, 0, 0, 0, 0, 0, 0, 0, 0, 0, 0, 0, 0, 0, 0, 0, 0, 0, 0, 0, 0, 0, 0, 0, 0, 0, 0, 0, 0, 0, 0, 0, 0, 0, 0, 0, 0, 0, 0, 0, 0, 0, 0, 0, 0, 0, 0, 0, 0, 0, 0, 0, 0, 0, 0, 0, 4029.0, 0, 0, 0, 0, 0, 0, 0, 0, 4029.0, 0, 0, 0, 0, 4029.0, 0, 0, 0, 0, 0, 2789.1225219012367, 0, 2977.255209835994, 0, 0, 1356.037463788888, 0, 4029.0, 1658.6603511692654, 0, 4029.0, 1877.6055125445598, 4029.0, 0, 2151.39448745544, 1239.8774780987633, 4029.0, 1014.3021850418469, 1051.7447901640064]","[0, 0, 0, 0, 0, 0, 0, 0, 0, 0, 0, 0, 0, 0, 0, 0, 0, 0, 0, 0, 0, 0, 0, 0, 0, 0, 0, 0, 0, 0, 0, 0, 0, 0, 0, 0, 0, 0, 0, 0, 0, 0, 0, 0, 0, 0, 0, 0, 0, 0, 0, 0, 0, 0, 0, 0, 0, 0, 0, 0, 0, 0, 0, 0, 0, 0, 0, 0, 0, 0, (0.0, 0.0, 0.0), 0, 0, 0, 0, 0, 0, 0, 0, (436.2072, 0.015666666666666666, 0.009333333333333334), 0, 0, 0, 0, (0.0, 0.0, 0.0), 0, 0, 0, 0, 0, (369.09826666666675, 0.0032, 0.0020666666666666667), 0, (536.8704, 0.009266666666666668, 0.0106), 0, 0, (434.1098, 1.2283333333333333, 0.020466666666666664), 0, (332.04866666666675, 0.30326666666666663, 0.05866666666666666), (328.5532, 0.0, 0.0), 0, (110.44946666666667, 0.04046666666666667, 0.026666666666666672), (277.5227333333333, 0.25306666666666666, 0.0498), (93.3228, 0.018333333333333333, 0.014133333333333333), 0, (255.852, 0.49213333333333326, 0.15953333333333333), (47.5354, 0.0, 0.001), (306.18366666666674, 0.5942000000000001, 0.19193333333333337), (272.62933333333325, 0.053200000000000004, 0.03573333333333333), (320.1647333333333, 0.0011333333333333332, 0.0015333333333333334)]","[0, 0, 0, 0, 0, 0, 0, 0, 0, 0, 0, 0, 0, 0, 0, 0, 0, 0, 0, 0, 0, 0, 0, 0, 0, 0, 0, 0, 0, 0, 0, 0, 0, 0, 0, 0, 0, 0, 0, 0, 0, 0, 0, 0, 0, 0, 0, 0, 0, 0, 0, 0, 0, 0, 0, 0, 0, 0, 0, 0, 0, 0, 0, 0, 0, 0, 0, 0, 0, 0, (2, 0.0, 0.0), 0, 0, 0, 0, 0, 0, 0, 0, (3, 0.0, 0.017888888888888885), 0, 0, 0, 0, (2, 0.0, 0.0), 0, 0, 0, 0, 0, (3, 0.2675166666666666, 0.1220111111111111), 0, (2, 0.0, 0.0023777777777777777), 0, 0, (3, 0.0, 0.0004555555555555556), 0, (1, 0.0, 0.0009222222222222221), (3, 0.007816666666666666, 0.003527777777777778), 0, (3, 0.00011666666666666667, 0.02971666666666666), (1, 0.0, 0.001172222222222222), (1, 0.0, 0.0557), 0, (3, 8.333333333333333e-05, 0.28617777777777775), (3, 0.0, 0.0), (3, 0.011550000000000001, 0.43049444444444446), (3, 0.0, 0.0011611111111111112), (2, 0.0037166666666666667, 0.0028777777777777777)]","[-1, -1, -1, -1, -1, -1, -1, -1, -1, -1, -1, -1, -1, -1, -1, -1, -1, -1, -1, -1, -1, -1, -1, -1, -1, -1, -1, -1, -1, -1, -1, -1, -1, -1, -1, -1, -1, -1, -1, -1, -1, -1, -1, -1, -1, -1, -1, -1, -1, -1, -1, -1, -1, -1, -1, -1, -1, -1, -1, -1, -1, -1, -1, -1, -1, -1, -1, -1, -1, -1, 3, -1, -1, -1, -1, -1, -1, -1, -1, 2, -1, -1, -1, -1, 10, -1, -1, -1, -1, -1, 9, -1, 6, -1, -1, 1, -1, 5, 1, -1, 11, 4, 7, -1, 4, 9, 14, 1, 6]","[False, False, False, False, False, False, False, False, False, False, False, False, False, False, False, False, False, False, False, False, False, False, False, False, False, False, False, False, False, False, False, False, False, False, False, False, False, False, False, False, False, False, False, False, False, False, False, False, False, False, False, False, False, False, False, False, False, False, False, False, False, False, False, False, False, False, False, False, False, False, True, False, False, False, False, False, False, False, False, True, False, False, False, False, True, False, False, False, False, False, True, False, True, False, False, True, False, True, True, False, True, True, True, False, True, True, True, True, True]"
77,"[0, 0, 0, 0, 0, 0, 0, 0, 0, 0, 0, 0, 0, 0, 0, 0, 0, 0, 0, 0, 0, 0, 0, 0, 0, 0, 0, 0, 0, 0, 0, 0, 0, 0, 0, 0, 0, 0, 0, 0, 0, 0, 0, 0, 0, 0, 0, 0, 0, 0, 0, 0, 0, 0, 0, 0, 0, 0, 0, 0, 0, 0, 0, 0, 0, 0, 0, 0, 0, 0, 0, 0, 0, 0, 0, 0, 0, 0, 0, 2199.149085012721, 0, 0, 0, 0, 3732.8795324862313, 0, 0, 0, 0, 0, 0, 0, 2450.6496444343047, 0, 0, 1074.0134939902914, 0, 0, 1254.9939763481898, 0, 3502.7541981732297, 1208.6783913782356, 0, 0, 1816.3564093671823, 1115.189642163913, 1352.2506356501997, 557.5946894011578, 634.9140879134446, 1364.7688631682443]","[0, 0, 0, 1, 1, 1, 1, 2, 2, 2, 3, 3, 3, 3, 3, 4, 4, 4, 4, 4, 4, 5, 5, 5, 5, 5, 5, 5, 6, 6, 6, 7, 7, 7, 7, 8, 8, 8, 9, 9, 9, 9, 10, 10, 10, 10, 10, 11, 11, 11, 12, 12, 12, 12, 12, 12, 12, 13, 13, 13, 13, 13, 14, 14, 14, 14, 14, 15, 15, 15, 15, 15, 16, 16, 16, 16, 16, 17, 17, 17, 17, 17, 18, 18, 18, 18, 19, 19, 19, 20, 20, 20, 20, 21, 21, 21, 22, 22, 22, 22, 22, 23, 23, 23, 23, 23, 23, 23, 24, 24]","[1, 1, 1, 2, 2, 2, 2, 3, 3, 3, 5, 4, 4, 4, 4, 5, 6, 8, 9, 10, 12, 12, 13, 13, 14, 14, 16, 17, 18, 19, 20, 20, 19, 21, 23, 23, 23, 25, 24, 27, 26, 26, 28, 28, 29, 31, 31, 32, 33, 33, 36, 34, 35, 36, 36, 36, 39, 40, 41, 42, 43, 44, 47, 45, 45, 45, 45, 48, 46, 47, 53, 50, 49, 50, 53, 54, 53, 53, 53, 56, 54, 55, 56, 57, 60, 61, 63, 61, 63, 63, 64, 65, 66, 66, 67, 68, 69, 69, 70, 71, 72, 73, 73, 73, 74, 75, 76, 75, 76, 77]","[24, 6, 9, 13, 18, 14, 8, 10, 26, 18, 13, 24, 12, 19, 12, 23, 14, 23, 25, 17, 30, 19, 16, 19, 37, 31, 21, 32, 32, 36, 25, 33, 23, 35, 32, 29, 27, 33, 28, 36, 45, 45, 35, 39, 43, 42, 44, 47, 53, 46, 60, 49, 45, 40, 48, 45, 66, 68, 45, 48, 46, 50, 56, 54, 53, 61, 54, 57, 53, 53, 77, 57, 53, 54, 75, 63, 66, 71, 63, -1, 64, 75, 72, 61, -1, 65, 70, 67, 69, 68, -1, 73, -1, 73, 71, -1, 75, -1, -1, 74, -1, -1, -1, 76, -1, -1, -1, -1, -1, -1]","[0, 0, 0, 0, 0, 0, 0, 0, 0, 0, 0, 0, 0, 0, 0, 0, 0, 0, 0, 0, 0, 0, 0, 0, 0, 0, 0, 0, 0, 0, 0, 0, 0, 0, 0, 0, 0, 0, 0, 0, 0, 0, 0, 0, 0, 0, 0, 0, 0, 0, 0, 0, 0, 0, 0, 0, 0, 0, 0, 0, 0, 0, 0, 0, 0, 0, 0, 0, 0, 0, 0, 0, 0, 0, 0, 0, 0, 0, 0, 4029.0, 0, 0, 0, 0, 4029.0, 0, 0, 0, 0, 0, 1456.9051789180435, 0, 2922.36777826043, 0, 0, 1454.8127740770785, 0, 4029.0, 1635.793256434977, 0, 4029.0, 1710.6609910055267, 4029.0, 0, 2318.3390089944733, 2572.0948210819565, 4029.0, 938.3939694879448, 1106.63222173957, 4029.0]","[0, 0, 0, 0, 0, 0, 0, 0, 0, 0, 0, 0, 0, 0, 0, 0, 0, 0, 0, 0, 0, 0, 0, 0, 0, 0, 0, 0, 0, 0, 0, 0, 0, 0, 0, 0, 0, 0, 0, 0, 0, 0, 0, 0, 0, 0, 0, 0, 0, 0, 0, 0, 0, 0, 0, 0, 0, 0, 0, 0, 0, 0, 0, 0, 0, 0, 0, 0, 0, 0, 0, 0, 0, 0, 0, 0, 0, 0, 0, (394.2642, 0.017533333333333335, 0.009266666666666668), 0, 0, 0, 0, (0.0, 0.0, 0.0), 0, 0, 0, 0, 0, (364.904, 0.0027333333333333333, 0.0014666666666666665), 0, (738.197, 0.009333333333333334, 0.0108), 0, 0, (243.2694, 1.3356666666666668, 0.18259999999999998), 0, (318.06759999999997, 0.2734, 0.057466666666666666), (282.41606666666667, 0.0, 0.0), 0, (119.5372, 0.03373333333333334, 0.02686666666666667), (304.0866, 0.2961333333333333, 0.05726666666666666), (93.8472, 0.0318, 0.0146), 0, (226.49179999999998, 0.6, 0.19540000000000002), (72.7012, 0.0, 0.001), (281.018, 0.42160000000000003, 0.13533333333333333), (160.78126666666668, 0.05293333333333333, 0.031466666666666664), (300.59133333333324, 0.0011333333333333332, 0.0015333333333333334), (402.65259999999995, 0.0, 0.0)]","[0, 0, 0, 0, 0, 0, 0, 0, 0, 0, 0, 0, 0, 0, 0, 0, 0, 0, 0, 0, 0, 0, 0, 0, 0, 0, 0, 0, 0, 0, 0, 0, 0, 0, 0, 0, 0, 0, 0, 0, 0, 0, 0, 0, 0, 0, 0, 0, 0, 0, 0, 0, 0, 0, 0, 0, 0, 0, 0, 0, 0, 0, 0, 0, 0, 0, 0, 0, 0, 0, 0, 0, 0, 0, 0, 0, 0, 0, 0, (3, 1.666666666666667e-05, 0.0203), 0, 0, 0, 0, (2, 0.0, 0.0), 0, 0, 0, 0, 0, (3, 0.0012833333333333332, 0.025400000000000002), 0, (2, 0.0, 0.0023666666666666667), 0, 0, (3, 0.0, 0.0004166666666666667), 0, (1, 0.0, 0.0007888888888888889), (3, 0.00675, 0.003411111111111111), 0, (3, 0.0013666666666666669, 0.04000555555555556), (1, 0.0, 0.0010444444444444444), (1, 0.00011666666666666667, 0.053427777777777775), 0, (3, 0.00016666666666666666, 0.37338333333333334), (3, 0.0, 0.0), (3, 1.666666666666667e-05, 0.2272388888888889), (3, 0.0, 0.0011222222222222222), (2, 0.0004, 0.0023666666666666667), (3, 0.1085, 0.004066666666666666)]","[-1, -1, -1, -1, -1, -1, -1, -1, -1, -1, -1, -1, -1, -1, -1, -1, -1, -1, -1, -1, -1, -1, -1, -1, -1, -1, -1, -1, -1, -1, -1, -1, -1, -1, -1, -1, -1, -1, -1, -1, -1, -1, -1, -1, -1, -1, -1, -1, -1, -1, -1, -1, -1, -1, -1, -1, -1, -1, -1, -1, -1, -1, -1, -1, -1, -1, -1, -1, -1, -1, -1, -1, -1, -1, -1, -1, -1, -1, -1, 2, -1, -1, -1, -1, 10, -1, -1, -1, -1, -1, 9, -1, 6, -1, -1, 1, -1, 5, 1, -1, 11, 4, 7, -1, 4, 9, 14, 1, 6, 3]","[False, False, False, False, False, False, False, False, False, False, False, False, False, False, False, False, False, False, False, False, False, False, False, False, False, False, False, False, False, False, False, False, False, False, False, False, False, False, False, False, False, False, False, False, False, False, False, False, False, False, False, False, False, False, False, False, False, False, False, False, False, False, False, False, False, False, False, False, False, False, False, False, False, False, False, False, False, False, False, True, False, False, False, False, True, False, False, False, False, False, True, False, True, False, False, True, False, True, True, False, True, True, True, False, True, True, True, True, True, True]"
78,"[0, 0, 0, 0, 0, 0, 0, 0, 0, 0, 0, 0, 0, 0, 0, 0, 0, 0, 0, 0, 0, 0, 0, 0, 0, 0, 0, 0, 0, 0, 0, 0, 0, 0, 0, 0, 0, 0, 0, 0, 0, 0, 0, 0, 0, 0, 0, 0, 0, 0, 0, 0, 0, 0, 0, 0, 0, 0, 0, 0, 0, 0, 0, 0, 0, 0, 0, 0, 0, 0, 0, 0, 0, 0, 0, 0, 0, 0, 0, 2070.43176621372, 0, 0, 0, 0, 0, 0, 0, 0, 0, 0, 0, 0, 2453.616532623692, 0, 0, 940.5035292677412, 0, 0, 1320.2655306736276, 0, 2935.85027399664, 1225.3728442978247, 0, 0, 2230.3788262082307, 1105.1729687313032, 1409.0117734429248, 574.2891411796356, 557.7749931202221, 1691.1266347954333, 517.5280212281833, 1108.5118598755066]","[0, 0, 0, 1, 1, 1, 1, 2, 2, 2, 3, 3, 3, 3, 3, 4, 4, 4, 4, 4, 4, 5, 5, 5, 5, 5, 5, 5, 6, 6, 6, 7, 7, 7, 7, 8, 8, 8, 9, 9, 9, 9, 10, 10, 10, 10, 10, 11, 11, 11, 12, 12, 12, 12, 12, 12, 12, 13, 13, 13, 13, 13, 14, 14, 14, 14, 14, 15, 15, 15, 15, 15, 16, 16, 16, 16, 16, 17, 17, 17, 17, 17, 18, 18, 18, 18, 19, 19, 19, 20, 20, 20, 20, 21, 21, 21, 22, 22, 22, 22, 22, 23, 23, 23, 23, 23, 23, 23, 24, 24, 24, 24]","[1, 1, 1, 2, 2, 2, 2, 3, 3, 3, 5, 4, 4, 4, 4, 5, 6, 8, 9, 10, 12, 12, 13, 13, 14, 14, 16, 17, 18, 19, 20, 20, 19, 21, 23, 23, 23, 25, 24, 27, 26, 26, 28, 28, 29, 31, 31, 32, 33, 33, 36, 34, 35, 36, 36, 36, 39, 40, 41, 42, 43, 44, 47, 45, 45, 45, 45, 48, 46, 47, 53, 50, 49, 50, 53, 54, 53, 53, 53, 56, 54, 55, 56, 57, 60, 61, 63, 61, 63, 63, 64, 65, 66, 66, 67, 68, 69, 69, 70, 71, 72, 73, 73, 73, 74, 75, 76, 75, 76, 77, 78, 78]","[24, 6, 9, 13, 18, 14, 8, 10, 26, 18, 13, 24, 12, 19, 12, 23, 14, 23, 25, 17, 30, 19, 16, 19, 37, 31, 21, 32, 32, 36, 25, 33, 23, 35, 32, 29, 27, 33, 28, 36, 45, 45, 35, 39, 43, 42, 44, 47, 53, 46, 60, 49, 45, 40, 48, 45, 66, 68, 45, 48, 46, 50, 56, 54, 53, 61, 54, 57, 53, 53, 77, 57, 53, 54, 75, 63, 66, 71, 63, -1, 64, 75, 72, 61, -1, 65, 70, 67, 69, 68, 78, 73, -1, 73, 71, -1, 75, 78, -1, 74, -1, -1, 78, 76, -1, -1, -1, -1, -1, -1, -1, -1]","[0, 0, 0, 0, 0, 0, 0, 0, 0, 0, 0, 0, 0, 0, 0, 0, 0, 0, 0, 0, 0, 0, 0, 0, 0, 0, 0, 0, 0, 0, 0, 0, 0, 0, 0, 0, 0, 0, 0, 0, 0, 0, 0, 0, 0, 0, 0, 0, 0, 0, 0, 0, 0, 0, 0, 0, 0, 0, 0, 0, 0, 0, 0, 0, 0, 0, 0, 0, 0, 0, 0, 0, 0, 0, 0, 0, 0, 0, 0, 4029.0, 0, 0, 0, 0, 4029.0, 0, 0, 0, 0, 0, 0, 0, 2962.420769751735, 0, 0, 1338.4841288940731, 0, 0, 1718.2461302999595, 0, 4029.0, 1511.997009044797, 0, 0, 2517.002990955203, 2012.8305544278983, 4029.0, 972.2697408059676, 1066.579230248265, 4029.0, 4029.0, 2016.1694455721017]","[0, 0, 0, 0, 0, 0, 0, 0, 0, 0, 0, 0, 0, 0, 0, 0, 0, 0, 0, 0, 0, 0, 0, 0, 0, 0, 0, 0, 0, 0, 0, 0, 0, 0, 0, 0, 0, 0, 0, 0, 0, 0, 0, 0, 0, 0, 0, 0, 0, 0, 0, 0, 0, 0, 0, 0, 0, 0, 0, 0, 0, 0, 0, 0, 0, 0, 0, 0, 0, 0, 0, 0, 0, 0, 0, 0, 0, 0, 0, (430.6148, 0.0166, 0.009), 0, 0, 0, 0, (0.0, 0.0, 0.0), 0, 0, 0, 0, 0, 0, 0, (352.32120000000003, 0.0094, 0.010866666666666667), 0, 0, (178.2574, 0.7554, 0.0208), 0, 0, (459.97486666666657, 0.0, 0.0), 0, (105.55626666666666, 0.03646666666666667, 0.024466666666666664), (292.20259999999996, 0.28073333333333333, 0.056799999999999996), 0, 0, (209.7148, 0.7276, 0.23566666666666664), (33.5544, 0.0, 0.001), (255.852, 0.49213333333333326, 0.15953333333333333), (143.3049333333333, 0.05273333333333334, 0.030533333333333336), (288.00833333333327, 0.0011333333333333332, 0.0014), (339.738, 0.0, 0.0), (58.7202, 0.004733333333333333, 0.00013333333333333334), (67.1088, 0.0, 0.001)]","[0, 0, 0, 0, 0, 0, 0, 0, 0, 0, 0, 0, 0, 0, 0, 0, 0, 0, 0, 0, 0, 0, 0, 0, 0, 0, 0, 0, 0, 0, 0, 0, 0, 0, 0, 0, 0, 0, 0, 0, 0, 0, 0, 0, 0, 0, 0, 0, 0, 0, 0, 0, 0, 0, 0, 0, 0, 0, 0, 0, 0, 0, 0, 0, 0, 0, 0, 0, 0, 0, 0, 0, 0, 0, 0, 0, 0, 0, 0, (3, 0.0, 0.028855555555555554), 0, 0, 0, 0, (2, 0.0, 0.0), 0, 0, 0, 0, 0, 0, 0, (2, 0.0, 0.002344444444444444), 0, 0, (3, 0.0, 0.0004444444444444444), 0, 0, (3, 0.0192, 0.013244444444444444), 0, (3, 0.0, 0.024422222222222224), (1, 0.0, 0.001027777777777778), 0, 0, (3, 0.00021666666666666668, 0.5190777777777777), (3, 0.0, 0.0), (3, 8.333333333333333e-05, 0.28617777777777775), (3, 0.0, 0.0011333333333333332), (2, 0.00026666666666666673, 0.002455555555555556), (3, 0.2122, 0.00935), (2, 0.0, 0.0010944444444444443), (3, 0.0, 0.0)]","[-1, -1, -1, -1, -1, -1, -1, -1, -1, -1, -1, -1, -1, -1, -1, -1, -1, -1, -1, -1, -1, -1, -1, -1, -1, -1, -1, -1, -1, -1, -1, -1, -1, -1, -1, -1, -1, -1, -1, -1, -1, -1, -1, -1, -1, -1, -1, -1, -1, -1, -1, -1, -1, -1, -1, -1, -1, -1, -1, -1, -1, -1, -1, -1, -1, -1, -1, -1, -1, -1, -1, -1, -1, -1, -1, -1, -1, -1, -1, 2, -1, -1, -1, -1, 10, -1, -1, -1, -1, -1, -1, -1, 6, -1, -1, 1, -1, -1, 1, -1, 11, 4, -1, -1, 4, 9, 14, 1, 6, 3, 7, 9]","[False, False, False, False, False, False, False, False, False, False, False, False, False, False, False, False, False, False, False, False, False, False, False, False, False, False, False, False, False, False, False, False, False, False, False, False, False, False, False, False, False, False, False, False, False, False, False, False, False, False, False, False, False, False, False, False, False, False, False, False, False, False, False, False, False, False, False, False, False, False, False, False, False, False, False, False, False, False, False, True, False, False, False, False, True, False, False, False, False, False, False, False, True, False, False, True, False, False, True, False, True, True, False, False, True, True, True, True, True, True, True, True]"
79,"[0, 0, 0, 0, 0, 0, 0, 0, 0, 0, 0, 0, 0, 0, 0, 0, 0, 0, 0, 0, 0, 0, 0, 0, 0, 0, 0, 0, 0, 0, 0, 0, 0, 0, 0, 0, 0, 0, 0, 0, 0, 0, 0, 0, 0, 0, 0, 0, 0, 0, 0, 0, 0, 0, 0, 0, 0, 0, 0, 0, 0, 0, 0, 0, 0, 0, 0, 0, 0, 0, 0, 0, 0, 0, 0, 0, 0, 0, 0, 0, 0, 0, 0, 0, 0, 0, 0, 0, 0, 0, 0, 0, 2495.1529672751212, 0, 0, 1468.6096119480499, 0, 0, 1269.8284205130622, 0, 2837.2582871833197, 1228.7117348817424, 0, 0, 1318.8617310662446, 1111.8507510197098, 1816.3564093671823, 577.6280315353312, 590.4107639942779, 1254.9939763481898, 510.85024030910995, 3464.41286996805, 1115.189642163913, 652.7155422502]","[0, 0, 0, 1, 1, 1, 1, 2, 2, 2, 3, 3, 3, 3, 3, 4, 4, 4, 4, 4, 4, 5, 5, 5, 5, 5, 5, 5, 6, 6, 6, 7, 7, 7, 7, 8, 8, 8, 9, 9, 9, 9, 10, 10, 10, 10, 10, 11, 11, 11, 12, 12, 12, 12, 12, 12, 12, 13, 13, 13, 13, 13, 14, 14, 14, 14, 14, 15, 15, 15, 15, 15, 16, 16, 16, 16, 16, 17, 17, 17, 17, 17, 18, 18, 18, 18, 19, 19, 19, 20, 20, 20, 20, 21, 21, 21, 22, 22, 22, 22, 22, 23, 23, 23, 23, 23, 23, 23, 24, 24, 24, 24, 24, 24]","[1, 1, 1, 2, 2, 2, 2, 3, 3, 3, 5, 4, 4, 4, 4, 5, 6, 8, 9, 10, 12, 12, 13, 13, 14, 14, 16, 17, 18, 19, 20, 20, 19, 21, 23, 23, 23, 25, 24, 27, 26, 26, 28, 28, 29, 31, 31, 32, 33, 33, 36, 34, 35, 36, 36, 36, 39, 40, 41, 42, 43, 44, 47, 45, 45, 45, 45, 48, 46, 47, 53, 50, 49, 50, 53, 54, 53, 53, 53, 56, 54, 55, 56, 57, 60, 61, 63, 61, 63, 63, 64, 65, 66, 66, 67, 68, 69, 69, 70, 71, 72, 73, 73, 73, 74, 75, 76, 75, 76, 77, 78, 79, 78, 79]","[24, 6, 9, 13, 18, 14, 8, 10, 26, 18, 13, 24, 12, 19, 12, 23, 14, 23, 25, 17, 30, 19, 16, 19, 37, 31, 21, 32, 32, 36, 25, 33, 23, 35, 32, 29, 27, 33, 28, 36, 45, 45, 35, 39, 43, 42, 44, 47, 53, 46, 60, 49, 45, 40, 48, 45, 66, 68, 45, 48, 46, 50, 56, 54, 53, 61, 54, 57, 53, 53, 77, 57, 53, 54, 75, 63, 66, 71, 63, -1, 64, 75, 72, 61, 79, 65, 70, 67, 69, 68, 78, 73, -1, 73, 71, -1, 75, 78, -1, 74, -1, -1, 78, 76, -1, -1, -1, -1, -1, -1, -1, -1, -1, -1]","[0, 0, 0, 0, 0, 0, 0, 0, 0, 0, 0, 0, 0, 0, 0, 0, 0, 0, 0, 0, 0, 0, 0, 0, 0, 0, 0, 0, 0, 0, 0, 0, 0, 0, 0, 0, 0, 0, 0, 0, 0, 0, 0, 0, 0, 0, 0, 0, 0, 0, 0, 0, 0, 0, 0, 0, 0, 0, 0, 0, 0, 0, 0, 0, 0, 0, 0, 0, 0, 0, 0, 0, 0, 0, 0, 0, 0, 0, 0, 4029.0, 0, 0, 0, 0, 0, 0, 0, 0, 0, 0, 0, 0, 4029.0, 0, 0, 1706.254257282569, 0, 0, 1507.4730658475812, 0, 4029.0, 1969.425001907749, 0, 0, 2059.574998092251, 2012.8305544278985, 2596.3204335584915, 815.2726768698501, 4029.0, 4029.0, 4029.0, 4029.0, 2016.1694455721017, 1432.679566441509]","[0, 0, 0, 0, 0, 0, 0, 0, 0, 0, 0, 0, 0, 0, 0, 0, 0, 0, 0, 0, 0, 0, 0, 0, 0, 0, 0, 0, 0, 0, 0, 0, 0, 0, 0, 0, 0, 0, 0, 0, 0, 0, 0, 0, 0, 0, 0, 0, 0, 0, 0, 0, 0, 0, 0, 0, 0, 0, 0, 0, 0, 0, 0, 0, 0, 0, 0, 0, 0, 0, 0, 0, 0, 0, 0, 0, 0, 0, 0, (427.8186, 0.017266666666666666, 0.009800000000000001), 0, 0, 0, 0, 0, 0, 0, 0, 0, 0, 0, 0, (218.1036, 0.009333333333333334, 0.010666666666666666), 0, 0, (344.63140000000004, 3.1724, 0.019733333333333335), 0, 0, (363.5057333333333, 0.0, 0.0), 0, (111.8476, 0.035666666666666666, 0.024), (276.8236, 0.27726666666666666, 0.054666666666666655), 0, 0, (255.852, 0.40273333333333333, 0.13053333333333333), (39.146800000000006, 0.0, 0.001), (226.49179999999998, 0.6, 0.19540000000000002), (167.77166666666662, 0.052866666666666666, 0.030466666666666666), (311.7758666666666, 0.0011333333333333332, 0.0015333333333333334), (343.93240000000003, 0.0, 0.0), (50.3316, 0.004666666666666667, 0.00013333333333333334), (168.47066666666663, 0.27493333333333336, 0.023333333333333327), (47.5354, 0.0, 0.001), (433.41086666666666, 0.0023333333333333335, 0.0030666666666666668)]","[0, 0, 0, 0, 0, 0, 0, 0, 0, 0, 0, 0, 0, 0, 0, 0, 0, 0, 0, 0, 0, 0, 0, 0, 0, 0, 0, 0, 0, 0, 0, 0, 0, 0, 0, 0, 0, 0, 0, 0, 0, 0, 0, 0, 0, 0, 0, 0, 0, 0, 0, 0, 0, 0, 0, 0, 0, 0, 0, 0, 0, 0, 0, 0, 0, 0, 0, 0, 0, 0, 0, 0, 0, 0, 0, 0, 0, 0, 0, (3, 0.0, 0.027311111111111112), 0, 0, 0, 0, 0, 0, 0, 0, 0, 0, 0, 0, (2, 0.0, 0.002655555555555556), 0, 0, (3, 0.0, 0.0002722222222222222), 0, 0, (3, 0.10526666666666666, 0.011727777777777776), 0, (3, 0.0, 0.028383333333333337), (1, 0.0, 0.0013833333333333334), 0, 0, (3, 5e-05, 0.20164999999999994), (3, 0.0, 0.0), (3, 0.00016666666666666666, 0.37338333333333334), (3, 1.666666666666667e-05, 0.0011833333333333333), (2, 0.0, 0.002388888888888889), (3, 0.020033333333333334, 0.0038777777777777777), (2, 0.0, 0.0010555555555555557), (3, 0.2927833333333333, 0.026605555555555556), (3, 0.0, 0.0), (1, 0.011300000000000001, 0.0010833333333333333)]","[-1, -1, -1, -1, -1, -1, -1, -1, -1, -1, -1, -1, -1, -1, -1, -1, -1, -1, -1, -1, -1, -1, -1, -1, -1, -1, -1, -1, -1, -1, -1, -1, -1, -1, -1, -1, -1, -1, -1, -1, -1, -1, -1, -1, -1, -1, -1, -1, -1, -1, -1, -1, -1, -1, -1, -1, -1, -1, -1, -1, -1, -1, -1, -1, -1, -1, -1, -1, -1, -1, -1, -1, -1, -1, -1, -1, -1, -1, -1, 2, -1, -1, -1, -1, -1, -1, -1, -1, -1, -1, -1, -1, 6, -1, -1, 1, -1, -1, 1, -1, 11, 4, -1, -1, 4, 9, 14, 1, 15, 3, 7, 12, 9, 14]","[False, False, False, False, False, False, False, False, False, False, False, False, False, False, False, False, False, False, False, False, False, False, False, False, False, False, False, False, False, False, False, False, False, False, False, False, False, False, False, False, False, False, False, False, False, False, False, False, False, False, False, False, False, False, False, False, False, False, False, False, False, False, False, False, False, False, False, False, False, False, False, False, False, False, False, False, False, False, False, True, False, False, False, False, False, False, False, False, False, False, False, False, True, False, False, True, False, False, True, False, True, True, False, False, True, True, True, True, True, True, True, True, True, True]"
80,"[0, 0, 0, 0, 0, 0, 0, 0, 0, 0, 0, 0, 0, 0, 0, 0, 0, 0, 0, 0, 0, 0, 0, 0, 0, 0, 0, 0, 0, 0, 0, 0, 0, 0, 0, 0, 0, 0, 0, 0, 0, 0, 0, 0, 0, 0, 0, 0, 0, 0, 0, 0, 0, 0, 0, 0, 0, 0, 0, 0, 0, 0, 0, 0, 0, 0, 0, 0, 0, 0, 0, 0, 0, 0, 0, 0, 0, 0, 0, 0, 0, 0, 0, 0, 0, 0, 0, 0, 0, 0, 0, 0, 2423.947650729814, 0, 0, 0, 0, 0, 1240.1595321833177, 0, 2777.0076285751793, 1318.8617806475224, 0, 0, 1425.7062257349019, 1252.08417907625, 2230.3788262082307, 564.2724701125491, 534.03988703, 1266.8615316800874, 510.85024030910995, 4442.116739200141, 1115.189642163913, 634.9142092797401, 1115.1894634134223]","[0, 0, 0, 1, 1, 1, 1, 2, 2, 2, 3, 3, 3, 3, 3, 4, 4, 4, 4, 4, 4, 5, 5, 5, 5, 5, 5, 5, 6, 6, 6, 7, 7, 7, 7, 8, 8, 8, 9, 9, 9, 9, 10, 10, 10, 10, 10, 11, 11, 11, 12, 12, 12, 12, 12, 12, 12, 13, 13, 13, 13, 13, 14, 14, 14, 14, 14, 15, 15, 15, 15, 15, 16, 16, 16, 16, 16, 17, 17, 17, 17, 17, 18, 18, 18, 18, 19, 19, 19, 20, 20, 20, 20, 21, 21, 21, 22, 22, 22, 22, 22, 23, 23, 23, 23, 23, 23, 23, 24, 24, 24, 24, 24, 24, 24]","[1, 1, 1, 2, 2, 2, 2, 3, 3, 3, 5, 4, 4, 4, 4, 5, 6, 8, 9, 10, 12, 12, 13, 13, 14, 14, 16, 17, 18, 19, 20, 20, 19, 21, 23, 23, 23, 25, 24, 27, 26, 26, 28, 28, 29, 31, 31, 32, 33, 33, 36, 34, 35, 36, 36, 36, 39, 40, 41, 42, 43, 44, 47, 45, 45, 45, 45, 48, 46, 47, 53, 50, 49, 50, 53, 54, 53, 53, 53, 56, 54, 55, 56, 57, 60, 61, 63, 61, 63, 63, 64, 65, 66, 66, 67, 68, 69, 69, 70, 71, 72, 73, 73, 73, 74, 75, 76, 75, 76, 77, 78, 79, 78, 79, 80]","[24, 6, 9, 13, 18, 14, 8, 10, 26, 18, 13, 24, 12, 19, 12, 23, 14, 23, 25, 17, 30, 19, 16, 19, 37, 31, 21, 32, 32, 36, 25, 33, 23, 35, 32, 29, 27, 33, 28, 36, 45, 45, 35, 39, 43, 42, 44, 47, 53, 46, 60, 49, 45, 40, 48, 45, 66, 68, 45, 48, 46, 50, 56, 54, 53, 61, 54, 57, 53, 53, 77, 57, 53, 54, 75, 63, 66, 71, 63, 80, 64, 75, 72, 61, 79, 65, 70, 67, 69, 68, 78, 73, -1, 73, 71, -1, 75, 78, -1, 74, -1, -1, 78, 76, -1, -1, -1, -1, -1, -1, -1, -1, -1, -1, -1]","[0, 0, 0, 0, 0, 0, 0, 0, 0, 0, 0, 0, 0, 0, 0, 0, 0, 0, 0, 0, 0, 0, 0, 0, 0, 0, 0, 0, 0, 0, 0, 0, 0, 0, 0, 0, 0, 0, 0, 0, 0, 0, 0, 0, 0, 0, 0, 0, 0, 0, 0, 0, 0, 0, 0, 0, 0, 0, 0, 0, 0, 0, 0, 0, 0, 0, 0, 0, 0, 0, 0, 0, 0, 0, 0, 0, 0, 0, 0, 0, 0, 0, 0, 0, 0, 0, 0, 0, 0, 0, 0, 0, 4029.0, 0, 0, 741.5226659013778, 0, 0, 1981.6821980846953, 0, 4029.0, 1961.0777774563103, 0, 0, 2067.9222225436897, 2082.947268456169, 2812.2323084642453, 1305.7951360139268, 4029.0, 4029.0, 4029.0, 4029.0, 1946.0527315438317, 1216.7676915357547, 4029.0]","[0, 0, 0, 0, 0, 0, 0, 0, 0, 0, 0, 0, 0, 0, 0, 0, 0, 0, 0, 0, 0, 0, 0, 0, 0, 0, 0, 0, 0, 0, 0, 0, 0, 0, 0, 0, 0, 0, 0, 0, 0, 0, 0, 0, 0, 0, 0, 0, 0, 0, 0, 0, 0, 0, 0, 0, 0, 0, 0, 0, 0, 0, 0, 0, 0, 0, 0, 0, 0, 0, 0, 0, 0, 0, 0, 0, 0, 0, 0, 0, 0, 0, 0, 0, 0, 0, 0, 0, 0, 0, 0, 0, (134.2176, 0.009266666666666668, 0.010666666666666666), 0, 0, (369.0984, 0.713, 0.022), 0, 0, (380.283, 0.0, 0.0), 0, (115.3428, 0.03426666666666667, 0.023266666666666665), (332.04866666666675, 0.30326666666666663, 0.05866666666666666), 0, 0, (213.9092, 0.46873333333333334, 0.15180000000000002), (173.3644, 6.666666666666668e-05, 0.0016), (209.7148, 0.7276, 0.23566666666666664), (150.2954, 0.0526, 0.03033333333333333), (325.75713333333334, 0.0011333333333333332, 0.0014666666666666665), (306.18359999999996, 0.0, 0.0), (47.5354, 0.004533333333333333, 0.00013333333333333334), (313.1741333333334, 0.2986666666666667, 0.020266666666666665), (72.7012, 0.0, 0.001), (398.45840000000004, 0.0016666666666666668, 0.0003333333333333333), (499.1218, 0.0016666666666666668, 0.0011333333333333332)]","[0, 0, 0, 0, 0, 0, 0, 0, 0, 0, 0, 0, 0, 0, 0, 0, 0, 0, 0, 0, 0, 0, 0, 0, 0, 0, 0, 0, 0, 0, 0, 0, 0, 0, 0, 0, 0, 0, 0, 0, 0, 0, 0, 0, 0, 0, 0, 0, 0, 0, 0, 0, 0, 0, 0, 0, 0, 0, 0, 0, 0, 0, 0, 0, 0, 0, 0, 0, 0, 0, 0, 0, 0, 0, 0, 0, 0, 0, 0, 0, 0, 0, 0, 0, 0, 0, 0, 0, 0, 0, 0, 0, (2, 0.0, 0.0023833333333333337), 0, 0, (3, 0.0, 0.0003888888888888889), 0, 0, (3, 0.006966666666666668, 0.010794444444444445), 0, (3, 0.0, 0.027411111111111112), (1, 0.0, 0.0009222222222222221), 0, 0, (3, 3.3333333333333335e-05, 0.2765777777777778), (3, 0.03166666666666667, 0.0017722222222222221), (3, 0.00021666666666666668, 0.5190777777777777), (3, 0.0, 0.0011055555555555556), (2, 0.0006666666666666666, 0.0023944444444444447), (3, 0.008033333333333333, 0.003372222222222222), (2, 0.0, 0.0011222222222222222), (3, 0.10841666666666666, 0.0281), (3, 0.0, 0.0), (1, 0.015133333333333334, 0.0009777777777777777), (2, 0.0, 0.0010999999999999998)]","[-1, -1, -1, -1, -1, -1, -1, -1, -1, -1, -1, -1, -1, -1, -1, -1, -1, -1, -1, -1, -1, -1, -1, -1, -1, -1, -1, -1, -1, -1, -1, -1, -1, -1, -1, -1, -1, -1, -1, -1, -1, -1, -1, -1, -1, -1, -1, -1, -1, -1, -1, -1, -1, -1, -1, -1, -1, -1, -1, -1, -1, -1, -1, -1, -1, -1, -1, -1, -1, -1, -1, -1, -1, -1, -1, -1, -1, -1, -1, -1, -1, -1, -1, -1, -1, -1, -1, -1, -1, -1, -1, -1, 6, -1, -1, 1, -1, -1, 1, -1, 11, 4, -1, -1, 4, 9, 14, 1, 15, 3, 7, 12, 9, 14, 2]","[False, False, False, False, False, False, False, False, False, False, False, False, False, False, False, False, False, False, False, False, False, False, False, False, False, False, False, False, False, False, False, False, False, False, False, False, False, False, False, False, False, False, False, False, False, False, False, False, False, False, False, False, False, False, False, False, False, False, False, False, False, False, False, False, False, False, False, False, False, False, False, False, False, False, False, False, False, False, False, False, False, False, False, False, False, False, False, False, False, False, False, False, True, False, False, True, False, False, True, False, True, True, False, False, True, True, True, True, True, True, True, True, True, True, True]"
81,"[0, 0, 0, 0, 0, 0, 0, 0, 0, 0, 0, 0, 0, 0, 0, 0, 0, 0, 0, 0, 0, 0, 0, 0, 0, 0, 0, 0, 0, 0, 0, 0, 0, 0, 0, 0, 0, 0, 0, 0, 0, 0, 0, 0, 0, 0, 0, 0, 0, 0, 0, 0, 0, 0, 0, 0, 0, 0, 0, 0, 0, 0, 0, 0, 0, 0, 0, 0, 0, 0, 0, 0, 0, 0, 0, 0, 0, 0, 0, 0, 0, 0, 0, 0, 0, 0, 0, 0, 0, 0, 0, 0, 2423.947650729814, 0, 0, 0, 0, 0, 1243.126421016292, 0, 3089.2155868173595, 1228.7117348817424, 0, 0, 2036.723179621289, 1105.1729687313032, 1318.8617310662446, 554.2557990454623, 522.1723339848888, 1204.5568661876246, 0, 3143.9889128247596, 1105.1729687313032, 655.6824310786097, 1175.2894943758222, 1115.1894634134223]","[0, 0, 0, 1, 1, 1, 1, 2, 2, 2, 3, 3, 3, 3, 3, 4, 4, 4, 4, 4, 4, 5, 5, 5, 5, 5, 5, 5, 6, 6, 6, 7, 7, 7, 7, 8, 8, 8, 9, 9, 9, 9, 10, 10, 10, 10, 10, 11, 11, 11, 12, 12, 12, 12, 12, 12, 12, 13, 13, 13, 13, 13, 14, 14, 14, 14, 14, 15, 15, 15, 15, 15, 16, 16, 16, 16, 16, 17, 17, 17, 17, 17, 18, 18, 18, 18, 19, 19, 19, 20, 20, 20, 20, 21, 21, 21, 22, 22, 22, 22, 22, 23, 23, 23, 23, 23, 23, 23, 24, 24, 24, 24, 24, 24, 24, 25]","[1, 1, 1, 2, 2, 2, 2, 3, 3, 3, 5, 4, 4, 4, 4, 5, 6, 8, 9, 10, 12, 12, 13, 13, 14, 14, 16, 17, 18, 19, 20, 20, 19, 21, 23, 23, 23, 25, 24, 27, 26, 26, 28, 28, 29, 31, 31, 32, 33, 33, 36, 34, 35, 36, 36, 36, 39, 40, 41, 42, 43, 44, 47, 45, 45, 45, 45, 48, 46, 47, 53, 50, 49, 50, 53, 54, 53, 53, 53, 56, 54, 55, 56, 57, 60, 61, 63, 61, 63, 63, 64, 65, 66, 66, 67, 68, 69, 69, 70, 71, 72, 73, 73, 73, 74, 75, 76, 75, 76, 77, 78, 79, 78, 79, 80, 81]","[24, 6, 9, 13, 18, 14, 8, 10, 26, 18, 13, 24, 12, 19, 12, 23, 14, 23, 25, 17, 30, 19, 16, 19, 37, 31, 21, 32, 32, 36, 25, 33, 23, 35, 32, 29, 27, 33, 28, 36, 45, 45, 35, 39, 43, 42, 44, 47, 53, 46, 60, 49, 45, 40, 48, 45, 66, 68, 45, 48, 46, 50, 56, 54, 53, 61, 54, 57, 53, 53, 77, 57, 53, 54, 75, 63, 66, 71, 63, 80, 64, 75, 72, 61, 79, 65, 70, 67, 69, 68, 78, 73, -1, 73, 71, 81, 75, 78, -1, 74, -1, -1, 78, 76, -1, -1, -1, -1, -1, -1, -1, -1, -1, -1, -1, -1]","[0, 0, 0, 0, 0, 0, 0, 0, 0, 0, 0, 0, 0, 0, 0, 0, 0, 0, 0, 0, 0, 0, 0, 0, 0, 0, 0, 0, 0, 0, 0, 0, 0, 0, 0, 0, 0, 0, 0, 0, 0, 0, 0, 0, 0, 0, 0, 0, 0, 0, 0, 0, 0, 0, 0, 0, 0, 0, 0, 0, 0, 0, 0, 0, 0, 0, 0, 0, 0, 0, 0, 0, 0, 0, 0, 0, 0, 0, 0, 0, 0, 0, 0, 0, 0, 0, 0, 0, 0, 0, 0, 0, 4029.0, 0, 0, 0, 0, 0, 1615.2691931912332, 0, 4029.0, 1610.4942776302266, 0, 0, 2418.505722369773, 2014.5, 2346.089649993817, 926.3985712204035, 4029.0, 4029.0, 4029.0, 4029.0, 2014.5, 1682.9103500061824, 4029.0, 1487.3322355883636]","[0, 0, 0, 0, 0, 0, 0, 0, 0, 0, 0, 0, 0, 0, 0, 0, 0, 0, 0, 0, 0, 0, 0, 0, 0, 0, 0, 0, 0, 0, 0, 0, 0, 0, 0, 0, 0, 0, 0, 0, 0, 0, 0, 0, 0, 0, 0, 0, 0, 0, 0, 0, 0, 0, 0, 0, 0, 0, 0, 0, 0, 0, 0, 0, 0, 0, 0, 0, 0, 0, 0, 0, 0, 0, 0, 0, 0, 0, 0, 0, 0, 0, 0, 0, 0, 0, 0, 0, 0, 0, 0, 0, (33.5544, 0.009333333333333334, 0.010466666666666668), 0, 0, 0, 0, 0, (353.719, 0.0, 0.0), 0, (111.1486, 0.03153333333333334, 0.0434), (318.06759999999997, 0.2734, 0.057466666666666666), 0, 0, (212.51093333333333, 0.6914, 0.224), (156.58720000000002, 6.666666666666668e-05, 0.001066666666666667), (255.852, 0.40273333333333333, 0.13053333333333333), (104.857, 0.052866666666666666, 0.0304), (304.78553333333326, 0.0011333333333333332, 0.0014666666666666665), (322.961, 0.0, 0.0), (55.924, 0.004733333333333333, 6.666666666666668e-05), (205.5204, 0.03793333333333333, 0.025266666666666666), (33.5544, 0.0, 0.001), (349.5247333333333, 0.0023333333333333335, 0.003), (553.6476, 0.0017333333333333335, 0.0015333333333333334), (499.1218, 0.0016666666666666668, 0.0011333333333333332)]","[0, 0, 0, 0, 0, 0, 0, 0, 0, 0, 0, 0, 0, 0, 0, 0, 0, 0, 0, 0, 0, 0, 0, 0, 0, 0, 0, 0, 0, 0, 0, 0, 0, 0, 0, 0, 0, 0, 0, 0, 0, 0, 0, 0, 0, 0, 0, 0, 0, 0, 0, 0, 0, 0, 0, 0, 0, 0, 0, 0, 0, 0, 0, 0, 0, 0, 0, 0, 0, 0, 0, 0, 0, 0, 0, 0, 0, 0, 0, 0, 0, 0, 0, 0, 0, 0, 0, 0, 0, 0, 0, 0, (2, 0.0, 0.0022833333333333334), 0, 0, 0, 0, 0, (3, 0.04356666666666667, 0.009866666666666668), 0, (3, 0.0009, 0.029877777777777774), (1, 0.0, 0.0007888888888888889), 0, 0, (3, 0.0002333333333333333, 0.49188333333333323), (3, 0.0, 0.0002833333333333333), (3, 5e-05, 0.20164999999999994), (3, 0.0, 0.0011222222222222222), (2, 6.666666666666667e-05, 0.0023833333333333337), (3, 0.007916666666666667, 0.003444444444444445), (2, 0.0, 0.0010555555555555555), (3, 0.00125, 0.027633333333333336), (3, 0.0, 0.0), (1, 0.01145, 0.0009944444444444447), (2, 0.0, 0.0005222222222222223), (2, 0.0, 0.0010999999999999998)]","[-1, -1, -1, -1, -1, -1, -1, -1, -1, -1, -1, -1, -1, -1, -1, -1, -1, -1, -1, -1, -1, -1, -1, -1, -1, -1, -1, -1, -1, -1, -1, -1, -1, -1, -1, -1, -1, -1, -1, -1, -1, -1, -1, -1, -1, -1, -1, -1, -1, -1, -1, -1, -1, -1, -1, -1, -1, -1, -1, -1, -1, -1, -1, -1, -1, -1, -1, -1, -1, -1, -1, -1, -1, -1, -1, -1, -1, -1, -1, -1, -1, -1, -1, -1, -1, -1, -1, -1, -1, -1, -1, -1, 6, -1, -1, -1, -1, -1, 1, -1, 11, 4, -1, -1, 4, 9, 14, 1, 15, 3, 7, 12, 9, 14, 2, 1]","[False, False, False, False, False, False, False, False, False, False, False, False, False, False, False, False, False, False, False, False, False, False, False, False, False, False, False, False, False, False, False, False, False, False, False, False, False, False, False, False, False, False, False, False, False, False, False, False, False, False, False, False, False, False, False, False, False, False, False, False, False, False, False, False, False, False, False, False, False, False, False, False, False, False, False, False, False, False, False, False, False, False, False, False, False, False, False, False, False, False, False, False, True, False, False, False, False, False, True, False, True, True, False, False, True, True, True, True, True, True, True, True, True, True, True, True]"
82,"[0, 0, 0, 0, 0, 0, 0, 0, 0, 0, 0, 0, 0, 0, 0, 0, 0, 0, 0, 0, 0, 0, 0, 0, 0, 0, 0, 0, 0, 0, 0, 0, 0, 0, 0, 0, 0, 0, 0, 0, 0, 0, 0, 0, 0, 0, 0, 0, 0, 0, 0, 0, 0, 0, 0, 0, 0, 0, 0, 0, 0, 0, 0, 0, 0, 0, 0, 0, 0, 0, 0, 0, 0, 0, 0, 0, 0, 0, 0, 0, 0, 0, 0, 0, 0, 0, 0, 0, 0, 0, 0, 0, 2394.2787688359367, 0, 0, 0, 0, 0, 1308.39797534173, 0, 2842.73561978406, 1175.2894855390578, 0, 0, 1769.6119429496443, 1118.528533308117, 1425.7062257349019, 554.2557990454623, 0, 1252.0270875152155, 0, 3601.346184986549, 1111.8507510197098, 640.84798693656, 1121.8672446314667, 1175.2894943758222, 652.7155422502]","[0, 0, 0, 1, 1, 1, 1, 2, 2, 2, 3, 3, 3, 3, 3, 4, 4, 4, 4, 4, 4, 5, 5, 5, 5, 5, 5, 5, 6, 6, 6, 7, 7, 7, 7, 8, 8, 8, 9, 9, 9, 9, 10, 10, 10, 10, 10, 11, 11, 11, 12, 12, 12, 12, 12, 12, 12, 13, 13, 13, 13, 13, 14, 14, 14, 14, 14, 15, 15, 15, 15, 15, 16, 16, 16, 16, 16, 17, 17, 17, 17, 17, 18, 18, 18, 18, 19, 19, 19, 20, 20, 20, 20, 21, 21, 21, 22, 22, 22, 22, 22, 23, 23, 23, 23, 23, 23, 23, 24, 24, 24, 24, 24, 24, 24, 25, 25]","[1, 1, 1, 2, 2, 2, 2, 3, 3, 3, 5, 4, 4, 4, 4, 5, 6, 8, 9, 10, 12, 12, 13, 13, 14, 14, 16, 17, 18, 19, 20, 20, 19, 21, 23, 23, 23, 25, 24, 27, 26, 26, 28, 28, 29, 31, 31, 32, 33, 33, 36, 34, 35, 36, 36, 36, 39, 40, 41, 42, 43, 44, 47, 45, 45, 45, 45, 48, 46, 47, 53, 50, 49, 50, 53, 54, 53, 53, 53, 56, 54, 55, 56, 57, 60, 61, 63, 61, 63, 63, 64, 65, 66, 66, 67, 68, 69, 69, 70, 71, 72, 73, 73, 73, 74, 75, 76, 75, 76, 77, 78, 79, 78, 79, 80, 81, 82]","[24, 6, 9, 13, 18, 14, 8, 10, 26, 18, 13, 24, 12, 19, 12, 23, 14, 23, 25, 17, 30, 19, 16, 19, 37, 31, 21, 32, 32, 36, 25, 33, 23, 35, 32, 29, 27, 33, 28, 36, 45, 45, 35, 39, 43, 42, 44, 47, 53, 46, 60, 49, 45, 40, 48, 45, 66, 68, 45, 48, 46, 50, 56, 54, 53, 61, 54, 57, 53, 53, 77, 57, 53, 54, 75, 63, 66, 71, 63, 80, 64, 75, 72, 61, 79, 65, 70, 67, 69, 68, 78, 73, -1, 73, 71, 81, 75, 78, -1, 74, -1, -1, 78, 76, -1, -1, -1, -1, -1, -1, 82, -1, -1, -1, -1, -1, -1]","[0, 0, 0, 0, 0, 0, 0, 0, 0, 0, 0, 0, 0, 0, 0, 0, 0, 0, 0, 0, 0, 0, 0, 0, 0, 0, 0, 0, 0, 0, 0, 0, 0, 0, 0, 0, 0, 0, 0, 0, 0, 0, 0, 0, 0, 0, 0, 0, 0, 0, 0, 0, 0, 0, 0, 0, 0, 0, 0, 0, 0, 0, 0, 0, 0, 0, 0, 0, 0, 0, 0, 0, 0, 0, 0, 0, 0, 0, 0, 0, 0, 0, 0, 0, 0, 0, 0, 0, 0, 0, 0, 0, 4029.0, 0, 0, 0, 0, 0, 1638.750219087392, 0, 4029.0, 1717.3387712947067, 0, 0, 2311.661228705293, 2017.8388911442034, 2406.929119399171, 884.6080427911243, 4029.0, 4029.0, 0, 4029.0, 2011.1611088557963, 1622.0708806008292, 4029.0, 1505.6417381214842, 4029.0]","[0, 0, 0, 0, 0, 0, 0, 0, 0, 0, 0, 0, 0, 0, 0, 0, 0, 0, 0, 0, 0, 0, 0, 0, 0, 0, 0, 0, 0, 0, 0, 0, 0, 0, 0, 0, 0, 0, 0, 0, 0, 0, 0, 0, 0, 0, 0, 0, 0, 0, 0, 0, 0, 0, 0, 0, 0, 0, 0, 0, 0, 0, 0, 0, 0, 0, 0, 0, 0, 0, 0, 0, 0, 0, 0, 0, 0, 0, 0, 0, 0, 0, 0, 0, 0, 0, 0, 0, 0, 0, 0, 0, (100.6632, 0.009266666666666668, 0.010733333333333333), 0, 0, 0, 0, 0, (342.5342, 0.0, 0.0), 0, (97.86666666666669, 0.0338, 0.023066666666666666), (304.0866, 0.26866666666666666, 0.058866666666666664), 0, 0, (190.14146666666667, 0.5508, 0.17880000000000001), (97.867, 0.0, 0.001), (213.9092, 0.46873333333333334, 0.15180000000000002), (251.65766666666661, 0.05273333333333334, 0.0304), (258.64813333333325, 0.0011333333333333332, 0.0015333333333333334), (301.98940000000005, 0.0, 0.0), 0, (130.0228, 0.042466666666666666, 0.027733333333333336), (39.146800000000006, 0.0, 0.001), (475.3542666666667, 0.0017333333333333335, 0.0003333333333333333), (461.3726, 0.008400000000000001, 0.008866666666666667), (553.6476, 0.0017333333333333335, 0.0015333333333333334), (433.41086666666666, 0.0023333333333333335, 0.0030666666666666668)]","[0, 0, 0, 0, 0, 0, 0, 0, 0, 0, 0, 0, 0, 0, 0, 0, 0, 0, 0, 0, 0, 0, 0, 0, 0, 0, 0, 0, 0, 0, 0, 0, 0, 0, 0, 0, 0, 0, 0, 0, 0, 0, 0, 0, 0, 0, 0, 0, 0, 0, 0, 0, 0, 0, 0, 0, 0, 0, 0, 0, 0, 0, 0, 0, 0, 0, 0, 0, 0, 0, 0, 0, 0, 0, 0, 0, 0, 0, 0, 0, 0, 0, 0, 0, 0, 0, 0, 0, 0, 0, 0, 0, (2, 0.0, 0.002338888888888889), 0, 0, 0, 0, 0, (3, 0.016566666666666667, 0.010016666666666667), 0, (3, 0.0, 0.02947777777777778), (1, 0.0, 0.000861111111111111), 0, 0, (3, 0.00013333333333333334, 0.3462888888888889), (3, 0.008, 0.00039999999999999996), (3, 3.3333333333333335e-05, 0.2765777777777778), (3, 0.0, 0.0010222222222222223), (2, 0.0010333333333333334, 0.0024222222222222223), (3, 0.00785, 0.003533333333333333), 0, (3, 0.0008, 0.02777777777777778), (3, 0.0, 0.0), (1, 0.015333333333333336, 0.0008833333333333333), (2, 0.0, 0.0004944444444444445), (2, 0.0, 0.0005222222222222223), (1, 0.011300000000000001, 0.0010833333333333333)]","[-1, -1, -1, -1, -1, -1, -1, -1, -1, -1, -1, -1, -1, -1, -1, -1, -1, -1, -1, -1, -1, -1, -1, -1, -1, -1, -1, -1, -1, -1, -1, -1, -1, -1, -1, -1, -1, -1, -1, -1, -1, -1, -1, -1, -1, -1, -1, -1, -1, -1, -1, -1, -1, -1, -1, -1, -1, -1, -1, -1, -1, -1, -1, -1, -1, -1, -1, -1, -1, -1, -1, -1, -1, -1, -1, -1, -1, -1, -1, -1, -1, -1, -1, -1, -1, -1, -1, -1, -1, -1, -1, -1, 6, -1, -1, -1, -1, -1, 1, -1, 11, 4, -1, -1, 4, 9, 14, 1, 15, 3, -1, 12, 9, 14, 2, 1, 7]","[False, False, False, False, False, False, False, False, False, False, False, False, False, False, False, False, False, False, False, False, False, False, False, False, False, False, False, False, False, False, False, False, False, False, False, False, False, False, False, False, False, False, False, False, False, False, False, False, False, False, False, False, False, False, False, False, False, False, False, False, False, False, False, False, False, False, False, False, False, False, False, False, False, False, False, False, False, False, False, False, False, False, False, False, False, False, False, False, False, False, False, False, True, False, False, False, False, False, True, False, True, True, False, False, True, True, True, True, True, True, False, True, True, True, True, True, True]"
83,"[0, 0, 0, 0, 0, 0, 0, 0, 0, 0, 0, 0, 0, 0, 0, 0, 0, 0, 0, 0, 0, 0, 0, 0, 0, 0, 0, 0, 0, 0, 0, 0, 0, 0, 0, 0, 0, 0, 0, 0, 0, 0, 0, 0, 0, 0, 0, 0, 0, 0, 0, 0, 0, 0, 0, 0, 0, 0, 0, 0, 0, 0, 0, 0, 0, 0, 0, 0, 0, 0, 0, 0, 0, 0, 0, 0, 0, 0, 0, 0, 0, 0, 0, 0, 0, 0, 0, 0, 0, 0, 0, 0, 2376.47743969961, 0, 0, 0, 0, 0, 1406.3053068298868, 0, 2867.38361648739, 1252.0839689691668, 0, 0, 1292.1506073990797, 1121.86742445232, 2036.723179621289, 580.9669218910268, 0, 0, 0, 3261.75156374067, 1252.08417907625, 652.7155422502, 1035.0560887968888, 1121.8672446314667, 634.9142092797401, 1115.1894634134223]","[0, 0, 0, 1, 1, 1, 1, 2, 2, 2, 3, 3, 3, 3, 3, 4, 4, 4, 4, 4, 4, 5, 5, 5, 5, 5, 5, 5, 6, 6, 6, 7, 7, 7, 7, 8, 8, 8, 9, 9, 9, 9, 10, 10, 10, 10, 10, 11, 11, 11, 12, 12, 12, 12, 12, 12, 12, 13, 13, 13, 13, 13, 14, 14, 14, 14, 14, 15, 15, 15, 15, 15, 16, 16, 16, 16, 16, 17, 17, 17, 17, 17, 18, 18, 18, 18, 19, 19, 19, 20, 20, 20, 20, 21, 21, 21, 22, 22, 22, 22, 22, 23, 23, 23, 23, 23, 23, 23, 24, 24, 24, 24, 24, 24, 24, 25, 25, 25]","[1, 1, 1, 2, 2, 2, 2, 3, 3, 3, 5, 4, 4, 4, 4, 5, 6, 8, 9, 10, 12, 12, 13, 13, 14, 14, 16, 17, 18, 19, 20, 20, 19, 21, 23, 23, 23, 25, 24, 27, 26, 26, 28, 28, 29, 31, 31, 32, 33, 33, 36, 34, 35, 36, 36, 36, 39, 40, 41, 42, 43, 44, 47, 45, 45, 45, 45, 48, 46, 47, 53, 50, 49, 50, 53, 54, 53, 53, 53, 56, 54, 55, 56, 57, 60, 61, 63, 61, 63, 63, 64, 65, 66, 66, 67, 68, 69, 69, 70, 71, 72, 73, 73, 73, 74, 75, 76, 75, 76, 77, 78, 79, 78, 79, 80, 81, 82, 83]","[24, 6, 9, 13, 18, 14, 8, 10, 26, 18, 13, 24, 12, 19, 12, 23, 14, 23, 25, 17, 30, 19, 16, 19, 37, 31, 21, 32, 32, 36, 25, 33, 23, 35, 32, 29, 27, 33, 28, 36, 45, 45, 35, 39, 43, 42, 44, 47, 53, 46, 60, 49, 45, 40, 48, 45, 66, 68, 45, 48, 46, 50, 56, 54, 53, 61, 54, 57, 53, 53, 77, 57, 53, 54, 75, 63, 66, 71, 63, 80, 64, 75, 72, 61, 79, 65, 70, 67, 69, 68, 78, 73, -1, 73, 71, 81, 75, 78, -1, 74, -1, -1, 78, 76, -1, -1, -1, -1, 83, -1, 82, -1, -1, -1, -1, -1, -1, -1]","[0, 0, 0, 0, 0, 0, 0, 0, 0, 0, 0, 0, 0, 0, 0, 0, 0, 0, 0, 0, 0, 0, 0, 0, 0, 0, 0, 0, 0, 0, 0, 0, 0, 0, 0, 0, 0, 0, 0, 0, 0, 0, 0, 0, 0, 0, 0, 0, 0, 0, 0, 0, 0, 0, 0, 0, 0, 0, 0, 0, 0, 0, 0, 0, 0, 0, 0, 0, 0, 0, 0, 0, 0, 0, 0, 0, 0, 0, 0, 0, 0, 0, 0, 0, 0, 0, 0, 0, 0, 0, 0, 0, 2645.143988143094, 0, 0, 0, 0, 0, 1712.9254823790934, 0, 4029.0, 1994.4666807850435, 0, 0, 2034.5333192149565, 1949.391622688035, 2706.5038186855445, 887.5870974402334, 0, 4029.0, 0, 4029.0, 2079.6083773119653, 1322.4961813144555, 4029.0, 1428.4874201806733, 4029.0, 1383.8560118569062]","[0, 0, 0, 0, 0, 0, 0, 0, 0, 0, 0, 0, 0, 0, 0, 0, 0, 0, 0, 0, 0, 0, 0, 0, 0, 0, 0, 0, 0, 0, 0, 0, 0, 0, 0, 0, 0, 0, 0, 0, 0, 0, 0, 0, 0, 0, 0, 0, 0, 0, 0, 0, 0, 0, 0, 0, 0, 0, 0, 0, 0, 0, 0, 0, 0, 0, 0, 0, 0, 0, 0, 0, 0, 0, 0, 0, 0, 0, 0, 0, 0, 0, 0, 0, 0, 0, 0, 0, 0, 0, 0, 0, (117.4404, 0.0092, 0.0106), 0, 0, 0, 0, 0, (350.92293333333333, 0.0, 0.0), 0, (98.5656, 0.03406666666666667, 0.023066666666666666), (299.8922, 0.2914, 0.05526666666666666), 0, 0, (198.53, 0.4244, 0.13933333333333334), (81.0898, 0.0, 0.001), (212.51093333333333, 0.6914, 0.224), (230.6862666666667, 0.053333333333333344, 0.0358), 0, (328.5532, 0.0, 0.0), 0, (110.44946666666667, 0.04046666666666667, 0.026666666666666672), (173.3644, 6.666666666666668e-05, 0.0016), (552.2496, 0.0023333333333333335, 0.0028666666666666667), (448.7898, 0.009933333333333334, 0.0104), (461.3726, 0.008400000000000001, 0.008866666666666667), (398.45840000000004, 0.0016666666666666668, 0.0003333333333333333), (499.1218, 0.0016666666666666668, 0.0011333333333333332)]","[0, 0, 0, 0, 0, 0, 0, 0, 0, 0, 0, 0, 0, 0, 0, 0, 0, 0, 0, 0, 0, 0, 0, 0, 0, 0, 0, 0, 0, 0, 0, 0, 0, 0, 0, 0, 0, 0, 0, 0, 0, 0, 0, 0, 0, 0, 0, 0, 0, 0, 0, 0, 0, 0, 0, 0, 0, 0, 0, 0, 0, 0, 0, 0, 0, 0, 0, 0, 0, 0, 0, 0, 0, 0, 0, 0, 0, 0, 0, 0, 0, 0, 0, 0, 0, 0, 0, 0, 0, 0, 0, 0, (2, 0.0, 0.0023166666666666665), 0, 0, 0, 0, 0, (3, 0.007016666666666667, 0.010272222222222223), 0, (3, 0.0, 0.029166666666666667), (1, 0.0, 0.0008333333333333334), 0, 0, (3, 1.666666666666667e-05, 0.19247222222222224), (3, 0.0, 0.0), (3, 0.0002333333333333333, 0.49188333333333323), (3, 0.0, 0.0011277777777777777), 0, (3, 0.007816666666666666, 0.003527777777777778), 0, (3, 0.00011666666666666667, 0.02971666666666666), (3, 0.03166666666666667, 0.0017722222222222221), (1, 0.0116, 0.001061111111111111), (2, 0.0, 0.0004944444444444445), (2, 0.0, 0.0004944444444444445), (1, 0.015133333333333334, 0.0009777777777777777), (2, 0.0, 0.0010999999999999998)]","[-1, -1, -1, -1, -1, -1, -1, -1, -1, -1, -1, -1, -1, -1, -1, -1, -1, -1, -1, -1, -1, -1, -1, -1, -1, -1, -1, -1, -1, -1, -1, -1, -1, -1, -1, -1, -1, -1, -1, -1, -1, -1, -1, -1, -1, -1, -1, -1, -1, -1, -1, -1, -1, -1, -1, -1, -1, -1, -1, -1, -1, -1, -1, -1, -1, -1, -1, -1, -1, -1, -1, -1, -1, -1, -1, -1, -1, -1, -1, -1, -1, -1, -1, -1, -1, -1, -1, -1, -1, -1, -1, -1, 6, -1, -1, -1, -1, -1, 1, -1, 11, 4, -1, -1, 4, 9, 14, 1, -1, 3, -1, 12, 9, 14, 2, 1, 7, 6]","[False, False, False, False, False, False, False, False, False, False, False, False, False, False, False, False, False, False, False, False, False, False, False, False, False, False, False, False, False, False, False, False, False, False, False, False, False, False, False, False, False, False, False, False, False, False, False, False, False, False, False, False, False, False, False, False, False, False, False, False, False, False, False, False, False, False, False, False, False, False, False, False, False, False, False, False, False, False, False, False, False, False, False, False, False, False, False, False, False, False, False, False, True, False, False, False, False, False, True, False, True, True, False, False, True, True, True, True, False, True, False, True, True, True, True, True, True, True]"
84,"[0, 0, 0, 0, 0, 0, 0, 0, 0, 0, 0, 0, 0, 0, 0, 0, 0, 0, 0, 0, 0, 0, 0, 0, 0, 0, 0, 0, 0, 0, 0, 0, 0, 0, 0, 0, 0, 0, 0, 0, 0, 0, 0, 0, 0, 0, 0, 0, 0, 0, 0, 0, 0, 0, 0, 0, 0, 0, 0, 0, 0, 0, 0, 0, 0, 0, 0, 0, 0, 0, 0, 0, 0, 0, 0, 0, 0, 0, 0, 0, 0, 0, 0, 0, 0, 0, 0, 0, 0, 0, 0, 0, 2382.4112160783857, 0, 0, 0, 0, 0, 1435.9741951596309, 0, 3604.08485128692, 1205.339500794318, 0, 0, 961.60045201792, 1105.1729687313032, 1769.6119429496443, 627.7113868707645, 0, 0, 0, 3502.7541981732297, 1105.1729687313032, 623.0466539661, 1051.750541842, 1035.0560887968888, 0, 1175.2894943758222, 2006.6731654957287]","[0, 0, 0, 1, 1, 1, 1, 2, 2, 2, 3, 3, 3, 3, 3, 4, 4, 4, 4, 4, 4, 5, 5, 5, 5, 5, 5, 5, 6, 6, 6, 7, 7, 7, 7, 8, 8, 8, 9, 9, 9, 9, 10, 10, 10, 10, 10, 11, 11, 11, 12, 12, 12, 12, 12, 12, 12, 13, 13, 13, 13, 13, 14, 14, 14, 14, 14, 15, 15, 15, 15, 15, 16, 16, 16, 16, 16, 17, 17, 17, 17, 17, 18, 18, 18, 18, 19, 19, 19, 20, 20, 20, 20, 21, 21, 21, 22, 22, 22, 22, 22, 23, 23, 23, 23, 23, 23, 23, 24, 24, 24, 24, 24, 24, 24, 25, 25, 25, 25]","[1, 1, 1, 2, 2, 2, 2, 3, 3, 3, 5, 4, 4, 4, 4, 5, 6, 8, 9, 10, 12, 12, 13, 13, 14, 14, 16, 17, 18, 19, 20, 20, 19, 21, 23, 23, 23, 25, 24, 27, 26, 26, 28, 28, 29, 31, 31, 32, 33, 33, 36, 34, 35, 36, 36, 36, 39, 40, 41, 42, 43, 44, 47, 45, 45, 45, 45, 48, 46, 47, 53, 50, 49, 50, 53, 54, 53, 53, 53, 56, 54, 55, 56, 57, 60, 61, 63, 61, 63, 63, 64, 65, 66, 66, 67, 68, 69, 69, 70, 71, 72, 73, 73, 73, 74, 75, 76, 75, 76, 77, 78, 79, 78, 79, 80, 81, 82, 83, 84]","[24, 6, 9, 13, 18, 14, 8, 10, 26, 18, 13, 24, 12, 19, 12, 23, 14, 23, 25, 17, 30, 19, 16, 19, 37, 31, 21, 32, 32, 36, 25, 33, 23, 35, 32, 29, 27, 33, 28, 36, 45, 45, 35, 39, 43, 42, 44, 47, 53, 46, 60, 49, 45, 40, 48, 45, 66, 68, 45, 48, 46, 50, 56, 54, 53, 61, 54, 57, 53, 53, 77, 57, 53, 54, 75, 63, 66, 71, 63, 80, 64, 75, 72, 61, 79, 65, 70, 67, 69, 68, 78, 73, -1, 73, 71, 81, 75, 78, -1, 74, -1, -1, 78, 76, -1, -1, -1, -1, 83, 84, 82, -1, -1, -1, -1, -1, -1, -1, -1]","[0, 0, 0, 0, 0, 0, 0, 0, 0, 0, 0, 0, 0, 0, 0, 0, 0, 0, 0, 0, 0, 0, 0, 0, 0, 0, 0, 0, 0, 0, 0, 0, 0, 0, 0, 0, 0, 0, 0, 0, 0, 0, 0, 0, 0, 0, 0, 0, 0, 0, 0, 0, 0, 0, 0, 0, 0, 0, 0, 0, 0, 0, 0, 0, 0, 0, 0, 0, 0, 0, 0, 0, 0, 0, 0, 0, 0, 0, 0, 0, 0, 0, 0, 0, 0, 0, 0, 0, 0, 0, 0, 0, 2618.0608608512816, 0, 0, 0, 0, 0, 1746.0603048838695, 0, 4029.0, 2136.369524388199, 0, 0, 1892.630475611801, 2014.5, 2587.782644491772, 937.7974965950032, 0, 0, 0, 4029.0, 2014.5, 1441.2173555082277, 4029.0, 1345.1421985211275, 4029.0, 1410.9391391487181, 4029.0]","[0, 0, 0, 0, 0, 0, 0, 0, 0, 0, 0, 0, 0, 0, 0, 0, 0, 0, 0, 0, 0, 0, 0, 0, 0, 0, 0, 0, 0, 0, 0, 0, 0, 0, 0, 0, 0, 0, 0, 0, 0, 0, 0, 0, 0, 0, 0, 0, 0, 0, 0, 0, 0, 0, 0, 0, 0, 0, 0, 0, 0, 0, 0, 0, 0, 0, 0, 0, 0, 0, 0, 0, 0, 0, 0, 0, 0, 0, 0, 0, 0, 0, 0, 0, 0, 0, 0, 0, 0, 0, 0, 0, (134.2176, 0.0092, 0.010733333333333333), 0, 0, 0, 0, 0, (423.62406666666664, 0.0, 0.0), 0, (159.383, 0.27046666666666663, 0.022466666666666666), (294.2998, 0.28173333333333334, 0.05493333333333333), 0, 0, (194.33579999999998, 0.31493333333333334, 0.10186666666666666), (117.4404, 0.0, 0.001), (190.14146666666667, 0.5508, 0.17880000000000001), (290.10566666666676, 0.05273333333333334, 0.030666666666666672), 0, 0, 0, (119.5372, 0.03373333333333334, 0.02686666666666667), (156.58720000000002, 6.666666666666668e-05, 0.001066666666666667), (503.316, 0.0016666666666666668, 0.0003333333333333333), (450.1882666666667, 0.0092, 0.009466666666666667), (448.7898, 0.009933333333333334, 0.0104), (349.5247333333333, 0.0023333333333333335, 0.003), (553.6476, 0.0017333333333333335, 0.0015333333333333334), (306.18366666666674, 0.5942000000000001, 0.19193333333333337)]","[0, 0, 0, 0, 0, 0, 0, 0, 0, 0, 0, 0, 0, 0, 0, 0, 0, 0, 0, 0, 0, 0, 0, 0, 0, 0, 0, 0, 0, 0, 0, 0, 0, 0, 0, 0, 0, 0, 0, 0, 0, 0, 0, 0, 0, 0, 0, 0, 0, 0, 0, 0, 0, 0, 0, 0, 0, 0, 0, 0, 0, 0, 0, 0, 0, 0, 0, 0, 0, 0, 0, 0, 0, 0, 0, 0, 0, 0, 0, 0, 0, 0, 0, 0, 0, 0, 0, 0, 0, 0, 0, 0, (2, 0.0, 0.002361111111111111), 0, 0, 0, 0, 0, (3, 0.06570000000000001, 0.009933333333333334), 0, (3, 0.0013666666666666669, 0.02918888888888889), (1, 0.0, 0.001), 0, 0, (3, 0.0, 0.12192777777777777), (3, 0.0, 0.0), (3, 0.00013333333333333334, 0.3462888888888889), (3, 0.0396, 0.01505), 0, 0, 0, (3, 0.0013666666666666669, 0.04000555555555556), (3, 0.0, 0.0002833333333333333), (1, 0.015533333333333333, 0.0008555555555555556), (2, 0.0, 0.0005166666666666667), (2, 0.0, 0.0004944444444444445), (1, 0.01145, 0.0009944444444444447), (2, 0.0, 0.0005222222222222223), (3, 0.011550000000000001, 0.43049444444444446)]","[-1, -1, -1, -1, -1, -1, -1, -1, -1, -1, -1, -1, -1, -1, -1, -1, -1, -1, -1, -1, -1, -1, -1, -1, -1, -1, -1, -1, -1, -1, -1, -1, -1, -1, -1, -1, -1, -1, -1, -1, -1, -1, -1, -1, -1, -1, -1, -1, -1, -1, -1, -1, -1, -1, -1, -1, -1, -1, -1, -1, -1, -1, -1, -1, -1, -1, -1, -1, -1, -1, -1, -1, -1, -1, -1, -1, -1, -1, -1, -1, -1, -1, -1, -1, -1, -1, -1, -1, -1, -1, -1, -1, 6, -1, -1, -1, -1, -1, 1, -1, 11, 4, -1, -1, 4, 9, 14, 1, -1, -1, -1, 12, 9, 14, 2, 1, 7, 6, 15]","[False, False, False, False, False, False, False, False, False, False, False, False, False, False, False, False, False, False, False, False, False, False, False, False, False, False, False, False, False, False, False, False, False, False, False, False, False, False, False, False, False, False, False, False, False, False, False, False, False, False, False, False, False, False, False, False, False, False, False, False, False, False, False, False, False, False, False, False, False, False, False, False, False, False, False, False, False, False, False, False, False, False, False, False, False, False, False, False, False, False, False, False, True, False, False, False, False, False, True, False, True, True, False, False, True, True, True, True, False, False, False, True, True, True, True, True, True, True, True]"
85,"[0, 0, 0, 0, 0, 0, 0, 0, 0, 0, 0, 0, 0, 0, 0, 0, 0, 0, 0, 0, 0, 0, 0, 0, 0, 0, 0, 0, 0, 0, 0, 0, 0, 0, 0, 0, 0, 0, 0, 0, 0, 0, 0, 0, 0, 0, 0, 0, 0, 0, 0, 0, 0, 0, 0, 0, 0, 0, 0, 0, 0, 0, 0, 0, 0, 0, 0, 0, 0, 0, 0, 0, 0, 0, 0, 0, 0, 0, 0, 0, 0, 0, 0, 0, 0, 0, 0, 0, 0, 0, 0, 0, 0, 0, 0, 0, 0, 0, 1421.1397509947585, 0, 4107.999450555, 1238.7284066334953, 0, 0, 1021.7004802690399, 1131.8840978849303, 1292.1506073990797, 604.3391543808957, 0, 0, 0, 2935.85027399664, 1118.528533308117, 661.6162087354301, 1055.0894324510223, 1051.750541842, 0, 1121.8672446314667, 1352.2506356501997, 3752.9130163235823]","[0, 0, 0, 1, 1, 1, 1, 2, 2, 2, 3, 3, 3, 3, 3, 4, 4, 4, 4, 4, 4, 5, 5, 5, 5, 5, 5, 5, 6, 6, 6, 7, 7, 7, 7, 8, 8, 8, 9, 9, 9, 9, 10, 10, 10, 10, 10, 11, 11, 11, 12, 12, 12, 12, 12, 12, 12, 13, 13, 13, 13, 13, 14, 14, 14, 14, 14, 15, 15, 15, 15, 15, 16, 16, 16, 16, 16, 17, 17, 17, 17, 17, 18, 18, 18, 18, 19, 19, 19, 20, 20, 20, 20, 21, 21, 21, 22, 22, 22, 22, 22, 23, 23, 23, 23, 23, 23, 23, 24, 24, 24, 24, 24, 24, 24, 25, 25, 25, 25, 26]","[1, 1, 1, 2, 2, 2, 2, 3, 3, 3, 5, 4, 4, 4, 4, 5, 6, 8, 9, 10, 12, 12, 13, 13, 14, 14, 16, 17, 18, 19, 20, 20, 19, 21, 23, 23, 23, 25, 24, 27, 26, 26, 28, 28, 29, 31, 31, 32, 33, 33, 36, 34, 35, 36, 36, 36, 39, 40, 41, 42, 43, 44, 47, 45, 45, 45, 45, 48, 46, 47, 53, 50, 49, 50, 53, 54, 53, 53, 53, 56, 54, 55, 56, 57, 60, 61, 63, 61, 63, 63, 64, 65, 66, 66, 67, 68, 69, 69, 70, 71, 72, 73, 73, 73, 74, 75, 76, 75, 76, 77, 78, 79, 78, 79, 80, 81, 82, 83, 84, 85]","[24, 6, 9, 13, 18, 14, 8, 10, 26, 18, 13, 24, 12, 19, 12, 23, 14, 23, 25, 17, 30, 19, 16, 19, 37, 31, 21, 32, 32, 36, 25, 33, 23, 35, 32, 29, 27, 33, 28, 36, 45, 45, 35, 39, 43, 42, 44, 47, 53, 46, 60, 49, 45, 40, 48, 45, 66, 68, 45, 48, 46, 50, 56, 54, 53, 61, 54, 57, 53, 53, 77, 57, 53, 54, 75, 63, 66, 71, 63, 80, 64, 75, 72, 61, 79, 65, 70, 67, 69, 68, 78, 73, -1, 73, 71, 81, 75, 78, -1, 74, -1, -1, 78, 76, -1, -1, -1, -1, 83, 84, 82, -1, -1, -1, -1, -1, 85, -1, -1, -1]","[0, 0, 0, 0, 0, 0, 0, 0, 0, 0, 0, 0, 0, 0, 0, 0, 0, 0, 0, 0, 0, 0, 0, 0, 0, 0, 0, 0, 0, 0, 0, 0, 0, 0, 0, 0, 0, 0, 0, 0, 0, 0, 0, 0, 0, 0, 0, 0, 0, 0, 0, 0, 0, 0, 0, 0, 0, 0, 0, 0, 0, 0, 0, 0, 0, 0, 0, 0, 0, 0, 0, 0, 0, 0, 0, 0, 0, 0, 0, 0, 0, 0, 0, 0, 0, 0, 0, 0, 0, 0, 0, 0, 1453.5663776842666, 0, 0, 0, 0, 0, 1738.396601922207, 0, 4029.0, 2123.0139631822276, 0, 0, 1905.9860368177724, 2021.1777822884067, 2329.7671993318245, 921.5960053083443, 0, 0, 0, 4029.0, 2007.8222177115933, 1699.232800668175, 4029.0, 1369.0073927694486, 0, 2575.4336223157334, 4029.0, 4029.0]","[0, 0, 0, 0, 0, 0, 0, 0, 0, 0, 0, 0, 0, 0, 0, 0, 0, 0, 0, 0, 0, 0, 0, 0, 0, 0, 0, 0, 0, 0, 0, 0, 0, 0, 0, 0, 0, 0, 0, 0, 0, 0, 0, 0, 0, 0, 0, 0, 0, 0, 0, 0, 0, 0, 0, 0, 0, 0, 0, 0, 0, 0, 0, 0, 0, 0, 0, 0, 0, 0, 0, 0, 0, 0, 0, 0, 0, 0, 0, 0, 0, 0, 0, 0, 0, 0, 0, 0, 0, 0, 0, 0, (268.4352, 0.009333333333333334, 0.0104), 0, 0, 0, 0, 0, (528.4818, 0.0, 0.0), 0, (234.88039999999998, 0.2981333333333333, 0.018066666666666665), (281.7169333333334, 0.28753333333333336, 0.054), 0, 0, (146.80033333333338, 0.3725333333333334, 0.1176), (75.4974, 0.0, 0.001), (198.53, 0.4244, 0.13933333333333334), (377.48706666666664, 0.054, 0.037), 0, 0, 0, (105.55626666666666, 0.03646666666666667, 0.024466666666666664), (97.867, 0.0, 0.001), (426.4208, 0.0021333333333333334, 0.002933333333333333), (461.373, 0.0016666666666666668, 0.0013333333333333333), (450.1882666666667, 0.0092, 0.009466666666666667), 0, (461.3726, 0.008400000000000001, 0.008866666666666667), (281.018, 0.42160000000000003, 0.13533333333333333), (388.67179999999996, 7.663399999999999, 2.4918666666666667)]","[0, 0, 0, 0, 0, 0, 0, 0, 0, 0, 0, 0, 0, 0, 0, 0, 0, 0, 0, 0, 0, 0, 0, 0, 0, 0, 0, 0, 0, 0, 0, 0, 0, 0, 0, 0, 0, 0, 0, 0, 0, 0, 0, 0, 0, 0, 0, 0, 0, 0, 0, 0, 0, 0, 0, 0, 0, 0, 0, 0, 0, 0, 0, 0, 0, 0, 0, 0, 0, 0, 0, 0, 0, 0, 0, 0, 0, 0, 0, 0, 0, 0, 0, 0, 0, 0, 0, 0, 0, 0, 0, 0, (2, 0.0, 0.0024055555555555557), 0, 0, 0, 0, 0, (3, 0.012783333333333334, 0.009422222222222222), 0, (3, 8.333333333333333e-05, 0.02883888888888889), (1, 0.0, 0.00115), 0, 0, (3, 5e-05, 0.20093333333333338), (3, 0.048083333333333346, 0.01686666666666667), (3, 1.666666666666667e-05, 0.19247222222222224), (3, 0.0, 0.0011888888888888889), 0, 0, 0, (3, 0.0, 0.024422222222222224), (3, 0.008, 0.00039999999999999996), (1, 0.01175, 0.0009611111111111112), (2, 0.0, 0.01923888888888889), (2, 0.0, 0.0005166666666666667), 0, (2, 0.0, 0.0004944444444444445), (3, 1.666666666666667e-05, 0.2272388888888889), (2, 0.0, 0.016355555555555557)]","[-1, -1, -1, -1, -1, -1, -1, -1, -1, -1, -1, -1, -1, -1, -1, -1, -1, -1, -1, -1, -1, -1, -1, -1, -1, -1, -1, -1, -1, -1, -1, -1, -1, -1, -1, -1, -1, -1, -1, -1, -1, -1, -1, -1, -1, -1, -1, -1, -1, -1, -1, -1, -1, -1, -1, -1, -1, -1, -1, -1, -1, -1, -1, -1, -1, -1, -1, -1, -1, -1, -1, -1, -1, -1, -1, -1, -1, -1, -1, -1, -1, -1, -1, -1, -1, -1, -1, -1, -1, -1, -1, -1, 6, -1, -1, -1, -1, -1, 1, -1, 11, 4, -1, -1, 4, 9, 14, 1, -1, -1, -1, 12, 9, 14, 2, 1, -1, 6, 15, 7]","[False, False, False, False, False, False, False, False, False, False, False, False, False, False, False, False, False, False, False, False, False, False, False, False, False, False, False, False, False, False, False, False, False, False, False, False, False, False, False, False, False, False, False, False, False, False, False, False, False, False, False, False, False, False, False, False, False, False, False, False, False, False, False, False, False, False, False, False, False, False, False, False, False, False, False, False, False, False, False, False, False, False, False, False, False, False, False, False, False, False, False, False, True, False, False, False, False, False, True, False, True, True, False, False, True, True, True, True, False, False, False, True, True, True, True, True, False, True, True, True]"
86,"[0, 0, 0, 0, 0, 0, 0, 0, 0, 0, 0, 0, 0, 0, 0, 0, 0, 0, 0, 0, 0, 0, 0, 0, 0, 0, 0, 0, 0, 0, 0, 0, 0, 0, 0, 0, 0, 0, 0, 0, 0, 0, 0, 0, 0, 0, 0, 0, 0, 0, 0, 0, 0, 0, 0, 0, 0, 0, 0, 0, 0, 0, 0, 0, 0, 0, 0, 0, 0, 0, 0, 0, 0, 0, 0, 0, 0, 0, 0, 0, 0, 0, 0, 0, 0, 0, 0, 0, 0, 0, 0, 0, 0, 0, 0, 0, 0, 0, 1504.2126383180432, 0, 3519.18619597545, 0, 0, 0, 3549.2405572744774, 1131.8840978849303, 961.60045201792, 577.6280315353312, 0, 0, 0, 2837.2582871833197, 1121.86742445232, 0, 0, 1055.0894324510223, 0, 1035.0560887968888, 1409.0117734429248, 2794.65141873918]","[0, 0, 0, 1, 1, 1, 1, 2, 2, 2, 3, 3, 3, 3, 3, 4, 4, 4, 4, 4, 4, 5, 5, 5, 5, 5, 5, 5, 6, 6, 6, 7, 7, 7, 7, 8, 8, 8, 9, 9, 9, 9, 10, 10, 10, 10, 10, 11, 11, 11, 12, 12, 12, 12, 12, 12, 12, 13, 13, 13, 13, 13, 14, 14, 14, 14, 14, 15, 15, 15, 15, 15, 16, 16, 16, 16, 16, 17, 17, 17, 17, 17, 18, 18, 18, 18, 19, 19, 19, 20, 20, 20, 20, 21, 21, 21, 22, 22, 22, 22, 22, 23, 23, 23, 23, 23, 23, 23, 24, 24, 24, 24, 24, 24, 24, 25, 25, 25, 25, 26]","[1, 1, 1, 2, 2, 2, 2, 3, 3, 3, 5, 4, 4, 4, 4, 5, 6, 8, 9, 10, 12, 12, 13, 13, 14, 14, 16, 17, 18, 19, 20, 20, 19, 21, 23, 23, 23, 25, 24, 27, 26, 26, 28, 28, 29, 31, 31, 32, 33, 33, 36, 34, 35, 36, 36, 36, 39, 40, 41, 42, 43, 44, 47, 45, 45, 45, 45, 48, 46, 47, 53, 50, 49, 50, 53, 54, 53, 53, 53, 56, 54, 55, 56, 57, 60, 61, 63, 61, 63, 63, 64, 65, 66, 66, 67, 68, 69, 69, 70, 71, 72, 73, 73, 73, 74, 75, 76, 75, 76, 77, 78, 79, 78, 79, 80, 81, 82, 83, 84, 85]","[24, 6, 9, 13, 18, 14, 8, 10, 26, 18, 13, 24, 12, 19, 12, 23, 14, 23, 25, 17, 30, 19, 16, 19, 37, 31, 21, 32, 32, 36, 25, 33, 23, 35, 32, 29, 27, 33, 28, 36, 45, 45, 35, 39, 43, 42, 44, 47, 53, 46, 60, 49, 45, 40, 48, 45, 66, 68, 45, 48, 46, 50, 56, 54, 53, 61, 54, 57, 53, 53, 77, 57, 53, 54, 75, 63, 66, 71, 63, 80, 64, 75, 72, 61, 79, 65, 70, 67, 69, 68, 78, 73, 86, 73, 71, 81, 75, 78, -1, 74, -1, -1, 78, 76, -1, -1, -1, -1, 83, 84, 82, -1, -1, -1, -1, -1, 85, -1, -1, -1]","[0, 0, 0, 0, 0, 0, 0, 0, 0, 0, 0, 0, 0, 0, 0, 0, 0, 0, 0, 0, 0, 0, 0, 0, 0, 0, 0, 0, 0, 0, 0, 0, 0, 0, 0, 0, 0, 0, 0, 0, 0, 0, 0, 0, 0, 0, 0, 0, 0, 0, 0, 0, 0, 0, 0, 0, 0, 0, 0, 0, 0, 0, 0, 0, 0, 0, 0, 0, 0, 0, 0, 0, 0, 0, 0, 0, 0, 0, 0, 0, 0, 0, 0, 0, 0, 0, 0, 0, 0, 0, 0, 0, 0, 0, 0, 0, 0, 0, 1801.5692708832444, 0, 4029.0, 239.8797213627613, 0, 0, 3789.1202786372387, 2019.5083367163052, 2495.30022600896, 874.9846641005322, 0, 0, 0, 4029.0, 2009.4916632836948, 1533.69977399104, 4029.0, 1352.4460650162234, 0, 4029.0, 4029.0, 4029.0]","[0, 0, 0, 0, 0, 0, 0, 0, 0, 0, 0, 0, 0, 0, 0, 0, 0, 0, 0, 0, 0, 0, 0, 0, 0, 0, 0, 0, 0, 0, 0, 0, 0, 0, 0, 0, 0, 0, 0, 0, 0, 0, 0, 0, 0, 0, 0, 0, 0, 0, 0, 0, 0, 0, 0, 0, 0, 0, 0, 0, 0, 0, 0, 0, 0, 0, 0, 0, 0, 0, 0, 0, 0, 0, 0, 0, 0, 0, 0, 0, 0, 0, 0, 0, 0, 0, 0, 0, 0, 0, 0, 0, 0, 0, 0, 0, 0, 0, (429.21633333333324, 0.0, 0.0), 0, (221.59853333333334, 0.0404, 0.026733333333333335), (282.41613333333333, 0.3092, 0.0536), 0, 0, (290.8046, 0.5733333333333334, 0.17), (75.4974, 0.0, 0.001), (194.33579999999998, 0.31493333333333334, 0.10186666666666666), (251.65786666666673, 0.0528, 0.030533333333333336), 0, 0, 0, (111.8476, 0.035666666666666666, 0.024), (81.0898, 0.0, 0.001), (398.45840000000004, 0.0017333333333333335, 0.0004), (450.1881333333334, 0.0015333333333333334, 0.0012), (461.373, 0.0016666666666666668, 0.0013333333333333333), 0, (448.7898, 0.009933333333333334, 0.0104), (255.852, 0.49213333333333326, 0.15953333333333333), (651.5146, 19.004533333333335, 2.486266666666667)]","[0, 0, 0, 0, 0, 0, 0, 0, 0, 0, 0, 0, 0, 0, 0, 0, 0, 0, 0, 0, 0, 0, 0, 0, 0, 0, 0, 0, 0, 0, 0, 0, 0, 0, 0, 0, 0, 0, 0, 0, 0, 0, 0, 0, 0, 0, 0, 0, 0, 0, 0, 0, 0, 0, 0, 0, 0, 0, 0, 0, 0, 0, 0, 0, 0, 0, 0, 0, 0, 0, 0, 0, 0, 0, 0, 0, 0, 0, 0, 0, 0, 0, 0, 0, 0, 0, 0, 0, 0, 0, 0, 0, 0, 0, 0, 0, 0, 0, (3, 0.381, 0.012), 0, (3, 0.0, 0.02946666666666667), (1, 0.0, 0.0005888888888888889), 0, 0, (3, 0.0017833333333333332, 0.2834388888888889), (3, 0.0, 0.0), (3, 0.0, 0.12192777777777777), (3, 0.0, 0.00105), 0, 0, 0, (3, 0.0, 0.028383333333333337), (3, 0.0, 0.0), (1, 0.015733333333333332, 0.001), (2, 0.0, 0.0005), (2, 0.0, 0.01923888888888889), 0, (2, 0.0, 0.0004944444444444445), (3, 8.333333333333333e-05, 0.28617777777777775), (2, 0.0, 0.0053)]","[-1, -1, -1, -1, -1, -1, -1, -1, -1, -1, -1, -1, -1, -1, -1, -1, -1, -1, -1, -1, -1, -1, -1, -1, -1, -1, -1, -1, -1, -1, -1, -1, -1, -1, -1, -1, -1, -1, -1, -1, -1, -1, -1, -1, -1, -1, -1, -1, -1, -1, -1, -1, -1, -1, -1, -1, -1, -1, -1, -1, -1, -1, -1, -1, -1, -1, -1, -1, -1, -1, -1, -1, -1, -1, -1, -1, -1, -1, -1, -1, -1, -1, -1, -1, -1, -1, -1, -1, -1, -1, -1, -1, -1, -1, -1, -1, -1, -1, 1, -1, 11, 4, -1, -1, 4, 9, 14, 1, -1, -1, -1, 12, 9, 14, 2, 1, -1, 6, 15, 7]","[False, False, False, False, False, False, False, False, False, False, False, False, False, False, False, False, False, False, False, False, False, False, False, False, False, False, False, False, False, False, False, False, False, False, False, False, False, False, False, False, False, False, False, False, False, False, False, False, False, False, False, False, False, False, False, False, False, False, False, False, False, False, False, False, False, False, False, False, False, False, False, False, False, False, False, False, False, False, False, False, False, False, False, False, False, False, False, False, False, False, False, False, False, False, False, False, False, False, True, False, True, True, False, False, True, True, True, True, False, False, False, True, True, True, True, True, False, True, True, True]"
87,"[0, 0, 0, 0, 0, 0, 0, 0, 0, 0, 0, 0, 0, 0, 0, 0, 0, 0, 0, 0, 0, 0, 0, 0, 0, 0, 0, 0, 0, 0, 0, 0, 0, 0, 0, 0, 0, 0, 0, 0, 0, 0, 0, 0, 0, 0, 0, 0, 0, 0, 0, 0, 0, 0, 0, 0, 0, 0, 0, 0, 0, 0, 0, 0, 0, 0, 0, 0, 0, 0, 0, 0, 0, 0, 0, 0, 0, 0, 0, 0, 0, 0, 0, 0, 0, 0, 0, 0, 0, 0, 0, 0, 0, 0, 0, 0, 0, 0, 0, 0, 3576.69818828322, 0, 0, 0, 2160.2621265819243, 0, 1021.7004802690399, 564.2724701125491, 0, 0, 0, 2777.0076285751793, 1105.1729687313032, 0, 0, 1038.394979405911, 0, 1051.750541842, 1816.3564093671823, 1739.5619942211624, 517.5280212281833, 628.9803113908888]","[0, 0, 0, 1, 1, 1, 1, 2, 2, 2, 3, 3, 3, 3, 3, 4, 4, 4, 4, 4, 4, 5, 5, 5, 5, 5, 5, 5, 6, 6, 6, 7, 7, 7, 7, 8, 8, 8, 9, 9, 9, 9, 10, 10, 10, 10, 10, 11, 11, 11, 12, 12, 12, 12, 12, 12, 12, 13, 13, 13, 13, 13, 14, 14, 14, 14, 14, 15, 15, 15, 15, 15, 16, 16, 16, 16, 16, 17, 17, 17, 17, 17, 18, 18, 18, 18, 19, 19, 19, 20, 20, 20, 20, 21, 21, 21, 22, 22, 22, 22, 22, 23, 23, 23, 23, 23, 23, 23, 24, 24, 24, 24, 24, 24, 24, 25, 25, 25, 25, 26, 26, 26]","[1, 1, 1, 2, 2, 2, 2, 3, 3, 3, 5, 4, 4, 4, 4, 5, 6, 8, 9, 10, 12, 12, 13, 13, 14, 14, 16, 17, 18, 19, 20, 20, 19, 21, 23, 23, 23, 25, 24, 27, 26, 26, 28, 28, 29, 31, 31, 32, 33, 33, 36, 34, 35, 36, 36, 36, 39, 40, 41, 42, 43, 44, 47, 45, 45, 45, 45, 48, 46, 47, 53, 50, 49, 50, 53, 54, 53, 53, 53, 56, 54, 55, 56, 57, 60, 61, 63, 61, 63, 63, 64, 65, 66, 66, 67, 68, 69, 69, 70, 71, 72, 73, 73, 73, 74, 75, 76, 75, 76, 77, 78, 79, 78, 79, 80, 81, 82, 83, 84, 85, 87, 87]","[24, 6, 9, 13, 18, 14, 8, 10, 26, 18, 13, 24, 12, 19, 12, 23, 14, 23, 25, 17, 30, 19, 16, 19, 37, 31, 21, 32, 32, 36, 25, 33, 23, 35, 32, 29, 27, 33, 28, 36, 45, 45, 35, 39, 43, 42, 44, 47, 53, 46, 60, 49, 45, 40, 48, 45, 66, 68, 45, 48, 46, 50, 56, 54, 53, 61, 54, 57, 53, 53, 77, 57, 53, 54, 75, 63, 66, 71, 63, 80, 64, 75, 72, 61, 79, 65, 70, 67, 69, 68, 78, 73, 86, 73, 71, 81, 75, 78, -1, 74, -1, 87, 78, 76, -1, -1, -1, -1, 83, 84, 82, -1, -1, 87, 87, -1, 85, -1, -1, -1, -1, -1]","[0, 0, 0, 0, 0, 0, 0, 0, 0, 0, 0, 0, 0, 0, 0, 0, 0, 0, 0, 0, 0, 0, 0, 0, 0, 0, 0, 0, 0, 0, 0, 0, 0, 0, 0, 0, 0, 0, 0, 0, 0, 0, 0, 0, 0, 0, 0, 0, 0, 0, 0, 0, 0, 0, 0, 0, 0, 0, 0, 0, 0, 0, 0, 0, 0, 0, 0, 0, 0, 0, 0, 0, 0, 0, 0, 0, 0, 0, 0, 0, 0, 0, 0, 0, 0, 0, 0, 0, 0, 0, 0, 0, 0, 0, 0, 0, 0, 0, 808.77751682718, 0, 4029.0, 0, 0, 0, 4029.0, 1461.9135156343484, 2210.8600844390758, 1373.049986939729, 0, 0, 0, 4029.0, 2567.086484365652, 0, 0, 1847.172496233091, 0, 2281.6112603069087, 4029.0, 4029.0, 1747.3887396930918, 1818.1399155609245]","[0, 0, 0, 0, 0, 0, 0, 0, 0, 0, 0, 0, 0, 0, 0, 0, 0, 0, 0, 0, 0, 0, 0, 0, 0, 0, 0, 0, 0, 0, 0, 0, 0, 0, 0, 0, 0, 0, 0, 0, 0, 0, 0, 0, 0, 0, 0, 0, 0, 0, 0, 0, 0, 0, 0, 0, 0, 0, 0, 0, 0, 0, 0, 0, 0, 0, 0, 0, 0, 0, 0, 0, 0, 0, 0, 0, 0, 0, 0, 0, 0, 0, 0, 0, 0, 0, 0, 0, 0, 0, 0, 0, 0, 0, 0, 0, 0, 0, (637.5336666666665, 0.0, 0.0), 0, (117.44013333333332, 0.04193333333333333, 0.027666666666666673), 0, 0, 0, (278.22166666666675, 0.49906666666666666, 0.15853333333333333), (83.886, 0.0, 0.001), (146.80033333333338, 0.3725333333333334, 0.1176), (157.286, 0.053, 0.030733333333333335), 0, 0, 0, (115.3428, 0.03426666666666667, 0.023266666666666665), (117.4404, 0.0, 0.001), 0, 0, (450.1881333333334, 0.0015333333333333334, 0.0012), 0, (450.1882666666667, 0.0092, 0.009466666666666667), (226.49179999999998, 0.6, 0.19540000000000002), (369.0984, 16.1096, 2.579733333333333), (58.7202, 0.004733333333333333, 0.00013333333333333334), (320.1647333333333, 0.0011333333333333332, 0.0015333333333333334)]","[0, 0, 0, 0, 0, 0, 0, 0, 0, 0, 0, 0, 0, 0, 0, 0, 0, 0, 0, 0, 0, 0, 0, 0, 0, 0, 0, 0, 0, 0, 0, 0, 0, 0, 0, 0, 0, 0, 0, 0, 0, 0, 0, 0, 0, 0, 0, 0, 0, 0, 0, 0, 0, 0, 0, 0, 0, 0, 0, 0, 0, 0, 0, 0, 0, 0, 0, 0, 0, 0, 0, 0, 0, 0, 0, 0, 0, 0, 0, 0, 0, 0, 0, 0, 0, 0, 0, 0, 0, 0, 0, 0, 0, 0, 0, 0, 0, 0, (3, 0.0831, 0.0046944444444444455), 0, (3, 0.0027166666666666667, 0.027800000000000002), 0, 0, 0, (3, 0.04115, 0.5988777777777777), (3, 0.0, 2.2222222222222223e-05), (3, 5e-05, 0.20093333333333338), (3, 0.0, 0.0012166666666666667), 0, 0, 0, (3, 0.0, 0.027411111111111112), (3, 0.0, 0.0), 0, 0, (2, 0.0, 0.0005), 0, (2, 0.0, 0.0005166666666666667), (3, 0.00016666666666666666, 0.37338333333333334), (2, 0.0, 0.00225), (2, 0.0, 0.0010944444444444443), (2, 0.0037166666666666667, 0.0028777777777777777)]","[-1, -1, -1, -1, -1, -1, -1, -1, -1, -1, -1, -1, -1, -1, -1, -1, -1, -1, -1, -1, -1, -1, -1, -1, -1, -1, -1, -1, -1, -1, -1, -1, -1, -1, -1, -1, -1, -1, -1, -1, -1, -1, -1, -1, -1, -1, -1, -1, -1, -1, -1, -1, -1, -1, -1, -1, -1, -1, -1, -1, -1, -1, -1, -1, -1, -1, -1, -1, -1, -1, -1, -1, -1, -1, -1, -1, -1, -1, -1, -1, -1, -1, -1, -1, -1, -1, -1, -1, -1, -1, -1, -1, -1, -1, -1, -1, -1, -1, 1, -1, 11, -1, -1, -1, 4, 9, 14, 1, -1, -1, -1, 12, 9, -1, -1, 1, -1, 6, 15, 7, 6, 14]","[False, False, False, False, False, False, False, False, False, False, False, False, False, False, False, False, False, False, False, False, False, False, False, False, False, False, False, False, False, False, False, False, False, False, False, False, False, False, False, False, False, False, False, False, False, False, False, False, False, False, False, False, False, False, False, False, False, False, False, False, False, False, False, False, False, False, False, False, False, False, False, False, False, False, False, False, False, False, False, False, False, False, False, False, False, False, False, False, False, False, False, False, False, False, False, False, False, False, True, False, True, False, False, False, True, True, True, True, False, False, False, True, True, False, False, True, False, True, True, True, True, True]"
88,"[0, 0, 0, 0, 0, 0, 0, 0, 0, 0, 0, 0, 0, 0, 0, 0, 0, 0, 0, 0, 0, 0, 0, 0, 0, 0, 0, 0, 0, 0, 0, 0, 0, 0, 0, 0, 0, 0, 0, 0, 0, 0, 0, 0, 0, 0, 0, 0, 0, 0, 0, 0, 0, 0, 0, 0, 0, 0, 0, 0, 0, 0, 0, 0, 0, 0, 0, 0, 0, 0, 0, 0, 0, 0, 0, 0, 0, 0, 0, 0, 0, 0, 0, 0, 0, 0, 0, 0, 0, 0, 0, 0, 0, 0, 0, 0, 0, 0, 0, 0, 3261.75156374067, 0, 0, 0, 3262.0959778524575, 0, 3549.2405572744774, 560.9335797568533, 0, 0, 0, 3089.2155868173595, 0, 0, 0, 1071.7838854961333, 0, 1055.0894324510223, 2230.3788262082307, 1826.3731494030244, 510.85024030910995, 634.9140879134446, 744.572766635591]","[0, 0, 0, 1, 1, 1, 1, 2, 2, 2, 3, 3, 3, 3, 3, 4, 4, 4, 4, 4, 4, 5, 5, 5, 5, 5, 5, 5, 6, 6, 6, 7, 7, 7, 7, 8, 8, 8, 9, 9, 9, 9, 10, 10, 10, 10, 10, 11, 11, 11, 12, 12, 12, 12, 12, 12, 12, 13, 13, 13, 13, 13, 14, 14, 14, 14, 14, 15, 15, 15, 15, 15, 16, 16, 16, 16, 16, 17, 17, 17, 17, 17, 18, 18, 18, 18, 19, 19, 19, 20, 20, 20, 20, 21, 21, 21, 22, 22, 22, 22, 22, 23, 23, 23, 23, 23, 23, 23, 24, 24, 24, 24, 24, 24, 24, 25, 25, 25, 25, 26, 26, 26, 27]","[1, 1, 1, 2, 2, 2, 2, 3, 3, 3, 5, 4, 4, 4, 4, 5, 6, 8, 9, 10, 12, 12, 13, 13, 14, 14, 16, 17, 18, 19, 20, 20, 19, 21, 23, 23, 23, 25, 24, 27, 26, 26, 28, 28, 29, 31, 31, 32, 33, 33, 36, 34, 35, 36, 36, 36, 39, 40, 41, 42, 43, 44, 47, 45, 45, 45, 45, 48, 46, 47, 53, 50, 49, 50, 53, 54, 53, 53, 53, 56, 54, 55, 56, 57, 60, 61, 63, 61, 63, 63, 64, 65, 66, 66, 67, 68, 69, 69, 70, 71, 72, 73, 73, 73, 74, 75, 76, 75, 76, 77, 78, 79, 78, 79, 80, 81, 82, 83, 84, 85, 87, 87, 88]","[24, 6, 9, 13, 18, 14, 8, 10, 26, 18, 13, 24, 12, 19, 12, 23, 14, 23, 25, 17, 30, 19, 16, 19, 37, 31, 21, 32, 32, 36, 25, 33, 23, 35, 32, 29, 27, 33, 28, 36, 45, 45, 35, 39, 43, 42, 44, 47, 53, 46, 60, 49, 45, 40, 48, 45, 66, 68, 45, 48, 46, 50, 56, 54, 53, 61, 54, 57, 53, 53, 77, 57, 53, 54, 75, 63, 66, 71, 63, 80, 64, 75, 72, 61, 79, 65, 70, 67, 69, 68, 78, 73, 86, 73, 71, 81, 75, 78, 88, 74, -1, 87, 78, 76, -1, 88, -1, -1, 83, 84, 82, -1, -1, 87, 87, -1, 85, -1, -1, -1, -1, -1, -1]","[0, 0, 0, 0, 0, 0, 0, 0, 0, 0, 0, 0, 0, 0, 0, 0, 0, 0, 0, 0, 0, 0, 0, 0, 0, 0, 0, 0, 0, 0, 0, 0, 0, 0, 0, 0, 0, 0, 0, 0, 0, 0, 0, 0, 0, 0, 0, 0, 0, 0, 0, 0, 0, 0, 0, 0, 0, 0, 0, 0, 0, 0, 0, 0, 0, 0, 0, 0, 0, 0, 0, 0, 0, 0, 0, 0, 0, 0, 0, 0, 0, 0, 0, 0, 0, 0, 0, 0, 0, 0, 0, 0, 0, 0, 0, 0, 0, 0, 0, 0, 4029.0, 0, 0, 0, 4029.0, 0, 3471.6632346805163, 1759.07484713036, 0, 0, 0, 4029.0, 4029.0, 0, 0, 2269.92515286964, 0, 2286.619596070956, 4029.0, 4029.0, 1742.3804039290437, 557.3367653194836, 4029.0]","[0, 0, 0, 0, 0, 0, 0, 0, 0, 0, 0, 0, 0, 0, 0, 0, 0, 0, 0, 0, 0, 0, 0, 0, 0, 0, 0, 0, 0, 0, 0, 0, 0, 0, 0, 0, 0, 0, 0, 0, 0, 0, 0, 0, 0, 0, 0, 0, 0, 0, 0, 0, 0, 0, 0, 0, 0, 0, 0, 0, 0, 0, 0, 0, 0, 0, 0, 0, 0, 0, 0, 0, 0, 0, 0, 0, 0, 0, 0, 0, 0, 0, 0, 0, 0, 0, 0, 0, 0, 0, 0, 0, 0, 0, 0, 0, 0, 0, 0, 0, (115.3428, 0.04046666666666667, 0.026666666666666672), 0, 0, 0, (392.8656, 0.7547333333333333, 0.24346666666666666), 0, (290.8046, 0.5733333333333334, 0.17), (122.33333333333331, 0.0528, 0.030466666666666666), 0, 0, 0, (111.1486, 0.03153333333333334, 0.0434), (75.4974, 0.0, 0.001), 0, 0, (471.1595333333333, 0.0023333333333333335, 0.0020666666666666667), 0, (461.373, 0.0016666666666666668, 0.0013333333333333333), (209.7148, 0.7276, 0.23566666666666664), (268.4352, 13.852799999999998, 1.682), (50.3316, 0.004666666666666667, 0.00013333333333333334), (300.59133333333324, 0.0011333333333333332, 0.0015333333333333334), (142.60586666666666, 0.0007333333333333332, 0.0006)]","[0, 0, 0, 0, 0, 0, 0, 0, 0, 0, 0, 0, 0, 0, 0, 0, 0, 0, 0, 0, 0, 0, 0, 0, 0, 0, 0, 0, 0, 0, 0, 0, 0, 0, 0, 0, 0, 0, 0, 0, 0, 0, 0, 0, 0, 0, 0, 0, 0, 0, 0, 0, 0, 0, 0, 0, 0, 0, 0, 0, 0, 0, 0, 0, 0, 0, 0, 0, 0, 0, 0, 0, 0, 0, 0, 0, 0, 0, 0, 0, 0, 0, 0, 0, 0, 0, 0, 0, 0, 0, 0, 0, 0, 0, 0, 0, 0, 0, 0, 0, (3, 0.0, 0.025622222222222223), 0, 0, 0, (3, 0.00026666666666666673, 1.4022944444444445), 0, (3, 0.0017833333333333332, 0.2834388888888889), (3, 0.0, 0.0011166666666666666), 0, 0, 0, (3, 0.0009, 0.029877777777777774), (3, 0.048083333333333346, 0.01686666666666667), 0, 0, (2, 0.0, 0.0004777777777777777), 0, (2, 0.0, 0.01923888888888889), (3, 0.00021666666666666668, 0.5190777777777777), (2, 0.0, 0.005916666666666666), (2, 0.0, 0.0010555555555555557), (2, 0.0004, 0.0023666666666666667), (1, 0.0, 0.02883888888888889)]","[-1, -1, -1, -1, -1, -1, -1, -1, -1, -1, -1, -1, -1, -1, -1, -1, -1, -1, -1, -1, -1, -1, -1, -1, -1, -1, -1, -1, -1, -1, -1, -1, -1, -1, -1, -1, -1, -1, -1, -1, -1, -1, -1, -1, -1, -1, -1, -1, -1, -1, -1, -1, -1, -1, -1, -1, -1, -1, -1, -1, -1, -1, -1, -1, -1, -1, -1, -1, -1, -1, -1, -1, -1, -1, -1, -1, -1, -1, -1, -1, -1, -1, -1, -1, -1, -1, -1, -1, -1, -1, -1, -1, -1, -1, -1, -1, -1, -1, -1, -1, 11, -1, -1, -1, 4, -1, 14, 1, -1, -1, -1, 12, 9, -1, -1, 1, -1, 6, 15, 7, 6, 14, 10]","[False, False, False, False, False, False, False, False, False, False, False, False, False, False, False, False, False, False, False, False, False, False, False, False, False, False, False, False, False, False, False, False, False, False, False, False, False, False, False, False, False, False, False, False, False, False, False, False, False, False, False, False, False, False, False, False, False, False, False, False, False, False, False, False, False, False, False, False, False, False, False, False, False, False, False, False, False, False, False, False, False, False, False, False, False, False, False, False, False, False, False, False, False, False, False, False, False, False, False, False, True, False, False, False, True, False, True, True, False, False, False, True, True, False, False, True, False, True, True, True, True, True, True]"
89,"[0, 0, 0, 0, 0, 0, 0, 0, 0, 0, 0, 0, 0, 0, 0, 0, 0, 0, 0, 0, 0, 0, 0, 0, 0, 0, 0, 0, 0, 0, 0, 0, 0, 0, 0, 0, 0, 0, 0, 0, 0, 0, 0, 0, 0, 0, 0, 0, 0, 0, 0, 0, 0, 0, 0, 0, 0, 0, 0, 0, 0, 0, 0, 0, 0, 0, 0, 0, 0, 0, 0, 0, 0, 0, 0, 0, 0, 0, 0, 0, 0, 0, 0, 0, 0, 0, 0, 0, 0, 0, 0, 0, 0, 0, 0, 0, 0, 0, 0, 0, 3409.63954396065, 0, 0, 0, 3983.2963168658976, 0, 2160.2621265819243, 0, 0, 0, 0, 2842.73561978406, 0, 0, 0, 1098.4950103683113, 0, 1038.394979405911, 1318.8617310662446, 1612.6841520322869, 510.85024030910995, 557.7749931202221, 554.2559608139378]","[0, 0, 0, 1, 1, 1, 1, 2, 2, 2, 3, 3, 3, 3, 3, 4, 4, 4, 4, 4, 4, 5, 5, 5, 5, 5, 5, 5, 6, 6, 6, 7, 7, 7, 7, 8, 8, 8, 9, 9, 9, 9, 10, 10, 10, 10, 10, 11, 11, 11, 12, 12, 12, 12, 12, 12, 12, 13, 13, 13, 13, 13, 14, 14, 14, 14, 14, 15, 15, 15, 15, 15, 16, 16, 16, 16, 16, 17, 17, 17, 17, 17, 18, 18, 18, 18, 19, 19, 19, 20, 20, 20, 20, 21, 21, 21, 22, 22, 22, 22, 22, 23, 23, 23, 23, 23, 23, 23, 24, 24, 24, 24, 24, 24, 24, 25, 25, 25, 25, 26, 26, 26, 27]","[1, 1, 1, 2, 2, 2, 2, 3, 3, 3, 5, 4, 4, 4, 4, 5, 6, 8, 9, 10, 12, 12, 13, 13, 14, 14, 16, 17, 18, 19, 20, 20, 19, 21, 23, 23, 23, 25, 24, 27, 26, 26, 28, 28, 29, 31, 31, 32, 33, 33, 36, 34, 35, 36, 36, 36, 39, 40, 41, 42, 43, 44, 47, 45, 45, 45, 45, 48, 46, 47, 53, 50, 49, 50, 53, 54, 53, 53, 53, 56, 54, 55, 56, 57, 60, 61, 63, 61, 63, 63, 64, 65, 66, 66, 67, 68, 69, 69, 70, 71, 72, 73, 73, 73, 74, 75, 76, 75, 76, 77, 78, 79, 78, 79, 80, 81, 82, 83, 84, 85, 87, 87, 88]","[24, 6, 9, 13, 18, 14, 8, 10, 26, 18, 13, 24, 12, 19, 12, 23, 14, 23, 25, 17, 30, 19, 16, 19, 37, 31, 21, 32, 32, 36, 25, 33, 23, 35, 32, 29, 27, 33, 28, 36, 45, 45, 35, 39, 43, 42, 44, 47, 53, 46, 60, 49, 45, 40, 48, 45, 66, 68, 45, 48, 46, 50, 56, 54, 53, 61, 54, 57, 53, 53, 77, 57, 53, 54, 75, 63, 66, 71, 63, 80, 64, 75, 72, 61, 79, 65, 70, 67, 69, 68, 78, 73, 86, 73, 71, 81, 75, 78, 88, 74, -1, 87, 78, 76, -1, 88, -1, -1, 83, 84, 82, -1, 89, 87, 87, -1, 85, -1, -1, -1, -1, -1, -1]","[0, 0, 0, 0, 0, 0, 0, 0, 0, 0, 0, 0, 0, 0, 0, 0, 0, 0, 0, 0, 0, 0, 0, 0, 0, 0, 0, 0, 0, 0, 0, 0, 0, 0, 0, 0, 0, 0, 0, 0, 0, 0, 0, 0, 0, 0, 0, 0, 0, 0, 0, 0, 0, 0, 0, 0, 0, 0, 0, 0, 0, 0, 0, 0, 0, 0, 0, 0, 0, 0, 0, 0, 0, 0, 0, 0, 0, 0, 0, 0, 0, 0, 0, 0, 0, 0, 0, 0, 0, 0, 0, 0, 0, 0, 0, 0, 0, 0, 0, 0, 4029.0, 0, 0, 0, 4029.0, 0, 2815.743566730851, 1465.2524948158443, 0, 0, 0, 4029.0, 0, 0, 0, 2563.7475051841557, 0, 2278.2723695484005, 4029.0, 4029.0, 1750.7276304515995, 1213.256433269149, 4029.0]","[0, 0, 0, 0, 0, 0, 0, 0, 0, 0, 0, 0, 0, 0, 0, 0, 0, 0, 0, 0, 0, 0, 0, 0, 0, 0, 0, 0, 0, 0, 0, 0, 0, 0, 0, 0, 0, 0, 0, 0, 0, 0, 0, 0, 0, 0, 0, 0, 0, 0, 0, 0, 0, 0, 0, 0, 0, 0, 0, 0, 0, 0, 0, 0, 0, 0, 0, 0, 0, 0, 0, 0, 0, 0, 0, 0, 0, 0, 0, 0, 0, 0, 0, 0, 0, 0, 0, 0, 0, 0, 0, 0, 0, 0, 0, 0, 0, 0, 0, 0, (132.12006666666667, 0.0338, 0.0268), 0, 0, 0, (432.01279999999997, 0.8446, 0.2776), 0, (278.22166666666675, 0.49906666666666666, 0.15853333333333333), (178.25753333333333, 0.05346666666666667, 0.035866666666666665), 0, 0, 0, (97.86666666666669, 0.0338, 0.023066666666666666), 0, 0, 0, (452.98440000000005, 0.0015333333333333334, 0.0012), 0, (450.1881333333334, 0.0015333333333333334, 0.0012), (255.852, 0.40273333333333333, 0.13053333333333333), (383.0794, 15.210066666666668, 1.8525333333333331), (47.5354, 0.004533333333333333, 0.00013333333333333334), (288.00833333333327, 0.0011333333333333332, 0.0014), (98.56566666666669, 0.0007333333333333332, 0.0002666666666666667)]","[0, 0, 0, 0, 0, 0, 0, 0, 0, 0, 0, 0, 0, 0, 0, 0, 0, 0, 0, 0, 0, 0, 0, 0, 0, 0, 0, 0, 0, 0, 0, 0, 0, 0, 0, 0, 0, 0, 0, 0, 0, 0, 0, 0, 0, 0, 0, 0, 0, 0, 0, 0, 0, 0, 0, 0, 0, 0, 0, 0, 0, 0, 0, 0, 0, 0, 0, 0, 0, 0, 0, 0, 0, 0, 0, 0, 0, 0, 0, 0, 0, 0, 0, 0, 0, 0, 0, 0, 0, 0, 0, 0, 0, 0, 0, 0, 0, 0, 0, 0, (3, 0.0, 0.03398333333333334), 0, 0, 0, (3, 0.0, 1.846088888888889), 0, (3, 0.04115, 0.5988777777777777), (3, 0.0, 0.0012166666666666667), 0, 0, 0, (3, 0.0, 0.02947777777777778), 0, 0, 0, (2, 0.0, 0.0005055555555555555), 0, (2, 0.0, 0.0005), (3, 5e-05, 0.20164999999999994), (2, 0.0, 0.0036999999999999997), (2, 0.0, 0.0011222222222222222), (2, 0.00026666666666666673, 0.002455555555555556), (1, 0.0, 0.0016666666666666668)]","[-1, -1, -1, -1, -1, -1, -1, -1, -1, -1, -1, -1, -1, -1, -1, -1, -1, -1, -1, -1, -1, -1, -1, -1, -1, -1, -1, -1, -1, -1, -1, -1, -1, -1, -1, -1, -1, -1, -1, -1, -1, -1, -1, -1, -1, -1, -1, -1, -1, -1, -1, -1, -1, -1, -1, -1, -1, -1, -1, -1, -1, -1, -1, -1, -1, -1, -1, -1, -1, -1, -1, -1, -1, -1, -1, -1, -1, -1, -1, -1, -1, -1, -1, -1, -1, -1, -1, -1, -1, -1, -1, -1, -1, -1, -1, -1, -1, -1, -1, -1, 11, -1, -1, -1, 4, -1, 14, 1, -1, -1, -1, 12, -1, -1, -1, 1, -1, 6, 15, 7, 6, 14, 10]","[False, False, False, False, False, False, False, False, False, False, False, False, False, False, False, False, False, False, False, False, False, False, False, False, False, False, False, False, False, False, False, False, False, False, False, False, False, False, False, False, False, False, False, False, False, False, False, False, False, False, False, False, False, False, False, False, False, False, False, False, False, False, False, False, False, False, False, False, False, False, False, False, False, False, False, False, False, False, False, False, False, False, False, False, False, False, False, False, False, False, False, False, False, False, False, False, False, False, False, False, True, False, False, False, True, False, True, True, False, False, False, True, False, False, False, True, False, True, True, True, True, True, True]"
90,"[0, 0, 0, 0, 0, 0, 0, 0, 0, 0, 0, 0, 0, 0, 0, 0, 0, 0, 0, 0, 0, 0, 0, 0, 0, 0, 0, 0, 0, 0, 0, 0, 0, 0, 0, 0, 0, 0, 0, 0, 0, 0, 0, 0, 0, 0, 0, 0, 0, 0, 0, 0, 0, 0, 0, 0, 0, 0, 0, 0, 0, 0, 0, 0, 0, 0, 0, 0, 0, 0, 0, 0, 0, 0, 0, 0, 0, 0, 0, 0, 0, 0, 0, 0, 0, 0, 0, 0, 0, 0, 0, 0, 0, 0, 0, 0, 0, 0, 0, 0, 2935.85027399664, 0, 0, 0, 3906.5018363228, 0, 3262.0959778524575, 0, 0, 0, 0, 2867.38361648739, 0, 0, 0, 1041.7338700149332, 0, 1071.7838854961333, 0, 1499.1618721790824, 510.85024030910995, 590.4107639942779, 597.6615481065954, 3121.8625785998443, 777.9614183128089]","[0, 0, 0, 1, 1, 1, 1, 2, 2, 2, 3, 3, 3, 3, 3, 4, 4, 4, 4, 4, 4, 5, 5, 5, 5, 5, 5, 5, 6, 6, 6, 7, 7, 7, 7, 8, 8, 8, 9, 9, 9, 9, 10, 10, 10, 10, 10, 11, 11, 11, 12, 12, 12, 12, 12, 12, 12, 13, 13, 13, 13, 13, 14, 14, 14, 14, 14, 15, 15, 15, 15, 15, 16, 16, 16, 16, 16, 17, 17, 17, 17, 17, 18, 18, 18, 18, 19, 19, 19, 20, 20, 20, 20, 21, 21, 21, 22, 22, 22, 22, 22, 23, 23, 23, 23, 23, 23, 23, 24, 24, 24, 24, 24, 24, 24, 25, 25, 25, 25, 26, 26, 26, 27, 27, 28]","[1, 1, 1, 2, 2, 2, 2, 3, 3, 3, 5, 4, 4, 4, 4, 5, 6, 8, 9, 10, 12, 12, 13, 13, 14, 14, 16, 17, 18, 19, 20, 20, 19, 21, 23, 23, 23, 25, 24, 27, 26, 26, 28, 28, 29, 31, 31, 32, 33, 33, 36, 34, 35, 36, 36, 36, 39, 40, 41, 42, 43, 44, 47, 45, 45, 45, 45, 48, 46, 47, 53, 50, 49, 50, 53, 54, 53, 53, 53, 56, 54, 55, 56, 57, 60, 61, 63, 61, 63, 63, 64, 65, 66, 66, 67, 68, 69, 69, 70, 71, 72, 73, 73, 73, 74, 75, 76, 75, 76, 77, 78, 79, 78, 79, 80, 81, 82, 83, 84, 85, 87, 87, 88, 90, 90]","[24, 6, 9, 13, 18, 14, 8, 10, 26, 18, 13, 24, 12, 19, 12, 23, 14, 23, 25, 17, 30, 19, 16, 19, 37, 31, 21, 32, 32, 36, 25, 33, 23, 35, 32, 29, 27, 33, 28, 36, 45, 45, 35, 39, 43, 42, 44, 47, 53, 46, 60, 49, 45, 40, 48, 45, 66, 68, 45, 48, 46, 50, 56, 54, 53, 61, 54, 57, 53, 53, 77, 57, 53, 54, 75, 63, 66, 71, 63, 80, 64, 75, 72, 61, 79, 65, 70, 67, 69, 68, 78, 73, 86, 73, 71, 81, 75, 78, 88, 74, -1, 87, 78, 76, -1, 88, -1, 90, 83, 84, 82, -1, 89, 87, 87, -1, 85, -1, -1, -1, -1, -1, -1, -1, -1]","[0, 0, 0, 0, 0, 0, 0, 0, 0, 0, 0, 0, 0, 0, 0, 0, 0, 0, 0, 0, 0, 0, 0, 0, 0, 0, 0, 0, 0, 0, 0, 0, 0, 0, 0, 0, 0, 0, 0, 0, 0, 0, 0, 0, 0, 0, 0, 0, 0, 0, 0, 0, 0, 0, 0, 0, 0, 0, 0, 0, 0, 0, 0, 0, 0, 0, 0, 0, 0, 0, 0, 0, 0, 0, 0, 0, 0, 0, 0, 0, 0, 0, 0, 0, 0, 0, 0, 0, 0, 0, 0, 0, 0, 0, 0, 0, 0, 0, 0, 0, 2961.5582019908534, 0, 0, 0, 4029.0, 0, 3350.34260692909, 0, 0, 0, 0, 4029.0, 0, 0, 0, 1067.4417980091464, 0, 2294.9668225935116, 4029.0, 4029.0, 1734.0331774064882, 678.6573930709103, 4029.0, 4029.0, 4029.0]","[0, 0, 0, 0, 0, 0, 0, 0, 0, 0, 0, 0, 0, 0, 0, 0, 0, 0, 0, 0, 0, 0, 0, 0, 0, 0, 0, 0, 0, 0, 0, 0, 0, 0, 0, 0, 0, 0, 0, 0, 0, 0, 0, 0, 0, 0, 0, 0, 0, 0, 0, 0, 0, 0, 0, 0, 0, 0, 0, 0, 0, 0, 0, 0, 0, 0, 0, 0, 0, 0, 0, 0, 0, 0, 0, 0, 0, 0, 0, 0, 0, 0, 0, 0, 0, 0, 0, 0, 0, 0, 0, 0, 0, 0, 0, 0, 0, 0, 0, 0, (107.65339999999999, 0.037200000000000004, 0.024933333333333335), 0, 0, 0, (339.7382, 0.8196, 0.2693333333333333), 0, (392.8656, 0.7547333333333333, 0.24346666666666666), 0, 0, 0, 0, (98.5656, 0.03406666666666667, 0.023066666666666666), 0, 0, 0, (473.9558, 0.0015333333333333334, 0.0011333333333333332), 0, (471.1595333333333, 0.0023333333333333335, 0.0020666666666666667), (213.9092, 0.46873333333333334, 0.15180000000000002), (279.62, 9.749466666666667, 1.610333333333333), (55.924, 0.004733333333333333, 6.666666666666668e-05), (311.7758666666666, 0.0011333333333333332, 0.0015333333333333334), (121.6344, 0.0005333333333333334, 0.0002), (0.0, 0.0, 0.0), (123.73126666666663, 0.009733333333333332, 0.0028)]","[0, 0, 0, 0, 0, 0, 0, 0, 0, 0, 0, 0, 0, 0, 0, 0, 0, 0, 0, 0, 0, 0, 0, 0, 0, 0, 0, 0, 0, 0, 0, 0, 0, 0, 0, 0, 0, 0, 0, 0, 0, 0, 0, 0, 0, 0, 0, 0, 0, 0, 0, 0, 0, 0, 0, 0, 0, 0, 0, 0, 0, 0, 0, 0, 0, 0, 0, 0, 0, 0, 0, 0, 0, 0, 0, 0, 0, 0, 0, 0, 0, 0, 0, 0, 0, 0, 0, 0, 0, 0, 0, 0, 0, 0, 0, 0, 0, 0, 0, 0, (3, 0.0, 0.03331111111111111), 0, 0, 0, (3, 3.3333333333333335e-05, 1.7759777777777779), 0, (3, 0.00026666666666666673, 1.4022944444444445), 0, 0, 0, 0, (3, 0.0, 0.029166666666666667), 0, 0, 0, (2, 0.0, 0.0005111111111111112), 0, (2, 0.0, 0.0004777777777777777), (3, 3.3333333333333335e-05, 0.2765777777777778), (2, 0.05768333333333333, 0.023244444444444446), (2, 0.0, 0.0010555555555555555), (2, 0.0, 0.002388888888888889), (1, 0.0, 0.0015388888888888887), (2, 0.0, 0.0), (2, 0.0, 2.2222222222222223e-05)]","[-1, -1, -1, -1, -1, -1, -1, -1, -1, -1, -1, -1, -1, -1, -1, -1, -1, -1, -1, -1, -1, -1, -1, -1, -1, -1, -1, -1, -1, -1, -1, -1, -1, -1, -1, -1, -1, -1, -1, -1, -1, -1, -1, -1, -1, -1, -1, -1, -1, -1, -1, -1, -1, -1, -1, -1, -1, -1, -1, -1, -1, -1, -1, -1, -1, -1, -1, -1, -1, -1, -1, -1, -1, -1, -1, -1, -1, -1, -1, -1, -1, -1, -1, -1, -1, -1, -1, -1, -1, -1, -1, -1, -1, -1, -1, -1, -1, -1, -1, -1, 11, -1, -1, -1, 4, -1, 14, -1, -1, -1, -1, 12, -1, -1, -1, 11, -1, 6, 15, 7, 6, 14, 10, 5, 13]","[False, False, False, False, False, False, False, False, False, False, False, False, False, False, False, False, False, False, False, False, False, False, False, False, False, False, False, False, False, False, False, False, False, False, False, False, False, False, False, False, False, False, False, False, False, False, False, False, False, False, False, False, False, False, False, False, False, False, False, False, False, False, False, False, False, False, False, False, False, False, False, False, False, False, False, False, False, False, False, False, False, False, False, False, False, False, False, False, False, False, False, False, False, False, False, False, False, False, False, False, True, False, False, False, True, False, True, False, False, False, False, True, False, False, False, True, False, True, True, True, True, True, True, True, True]"
91,"[0, 0, 0, 0, 0, 0, 0, 0, 0, 0, 0, 0, 0, 0, 0, 0, 0, 0, 0, 0, 0, 0, 0, 0, 0, 0, 0, 0, 0, 0, 0, 0, 0, 0, 0, 0, 0, 0, 0, 0, 0, 0, 0, 0, 0, 0, 0, 0, 0, 0, 0, 0, 0, 0, 0, 0, 0, 0, 0, 0, 0, 0, 0, 0, 0, 0, 0, 0, 0, 0, 0, 0, 0, 0, 0, 0, 0, 0, 0, 0, 0, 0, 0, 0, 0, 0, 0, 0, 0, 0, 0, 0, 0, 0, 0, 0, 0, 0, 0, 0, 2733.1889677692598, 0, 0, 0, 4300.490910413475, 0, 3983.2963168658976, 0, 0, 0, 0, 3604.08485128692, 0, 0, 0, 1045.0727606239554, 0, 1098.4950103683113, 0, 1863.10094582612, 510.85024030910995, 534.03988703, 1876.4565081617916, 0, 2006.6731654957287, 3065.1014408071205, 888.1447951553957]","[0, 0, 0, 1, 1, 1, 1, 2, 2, 2, 3, 3, 3, 3, 3, 4, 4, 4, 4, 4, 4, 5, 5, 5, 5, 5, 5, 5, 6, 6, 6, 7, 7, 7, 7, 8, 8, 8, 9, 9, 9, 9, 10, 10, 10, 10, 10, 11, 11, 11, 12, 12, 12, 12, 12, 12, 12, 13, 13, 13, 13, 13, 14, 14, 14, 14, 14, 15, 15, 15, 15, 15, 16, 16, 16, 16, 16, 17, 17, 17, 17, 17, 18, 18, 18, 18, 19, 19, 19, 20, 20, 20, 20, 21, 21, 21, 22, 22, 22, 22, 22, 23, 23, 23, 23, 23, 23, 23, 24, 24, 24, 24, 24, 24, 24, 25, 25, 25, 25, 26, 26, 26, 26, 27, 27, 27, 28]","[1, 1, 1, 2, 2, 2, 2, 3, 3, 3, 5, 4, 4, 4, 4, 5, 6, 8, 9, 10, 12, 12, 13, 13, 14, 14, 16, 17, 18, 19, 20, 20, 19, 21, 23, 23, 23, 25, 24, 27, 26, 26, 28, 28, 29, 31, 31, 32, 33, 33, 36, 34, 35, 36, 36, 36, 39, 40, 41, 42, 43, 44, 47, 45, 45, 45, 45, 48, 46, 47, 53, 50, 49, 50, 53, 54, 53, 53, 53, 56, 54, 55, 56, 57, 60, 61, 63, 61, 63, 63, 64, 65, 66, 66, 67, 68, 69, 69, 70, 71, 72, 73, 73, 73, 74, 75, 76, 75, 76, 77, 78, 79, 78, 79, 80, 81, 82, 83, 84, 85, 87, 87, 91, 88, 91, 90, 90]","[24, 6, 9, 13, 18, 14, 8, 10, 26, 18, 13, 24, 12, 19, 12, 23, 14, 23, 25, 17, 30, 19, 16, 19, 37, 31, 21, 32, 32, 36, 25, 33, 23, 35, 32, 29, 27, 33, 28, 36, 45, 45, 35, 39, 43, 42, 44, 47, 53, 46, 60, 49, 45, 40, 48, 45, 66, 68, 45, 48, 46, 50, 56, 54, 53, 61, 54, 57, 53, 53, 77, 57, 53, 54, 75, 63, 66, 71, 63, 80, 64, 75, 72, 61, 79, 65, 70, 67, 69, 68, 78, 73, 86, 73, 71, 81, 75, 78, 88, 74, -1, 87, 78, 76, -1, 88, -1, 90, 83, 84, 82, -1, 89, 87, 87, -1, 85, -1, 91, -1, -1, -1, -1, -1, -1, -1, -1]","[0, 0, 0, 0, 0, 0, 0, 0, 0, 0, 0, 0, 0, 0, 0, 0, 0, 0, 0, 0, 0, 0, 0, 0, 0, 0, 0, 0, 0, 0, 0, 0, 0, 0, 0, 0, 0, 0, 0, 0, 0, 0, 0, 0, 0, 0, 0, 0, 0, 0, 0, 0, 0, 0, 0, 0, 0, 0, 0, 0, 0, 0, 0, 0, 0, 0, 0, 0, 0, 0, 0, 0, 0, 0, 0, 0, 0, 0, 0, 0, 0, 0, 0, 0, 0, 0, 0, 0, 0, 0, 0, 0, 0, 0, 0, 0, 0, 0, 0, 0, 2858.5581035726523, 0, 0, 0, 4029.0, 0, 3739.1282149179488, 0, 0, 0, 0, 4029.0, 0, 0, 0, 1170.441896427348, 0, 1236.1555383105947, 0, 4029.0, 648.5107682513933, 289.87178508205125, 4029.0, 4029.0, 2144.3336934380122, 4029.0, 4029.0]","[0, 0, 0, 0, 0, 0, 0, 0, 0, 0, 0, 0, 0, 0, 0, 0, 0, 0, 0, 0, 0, 0, 0, 0, 0, 0, 0, 0, 0, 0, 0, 0, 0, 0, 0, 0, 0, 0, 0, 0, 0, 0, 0, 0, 0, 0, 0, 0, 0, 0, 0, 0, 0, 0, 0, 0, 0, 0, 0, 0, 0, 0, 0, 0, 0, 0, 0, 0, 0, 0, 0, 0, 0, 0, 0, 0, 0, 0, 0, 0, 0, 0, 0, 0, 0, 0, 0, 0, 0, 0, 0, 0, 0, 0, 0, 0, 0, 0, 0, 0, (99.96353333333334, 0.03306666666666667, 0.022733333333333335), 0, 0, 0, (322.9608666666666, 0.8597333333333332, 0.2828), 0, (432.01279999999997, 0.8446, 0.2776), 0, 0, 0, 0, (159.383, 0.27046666666666663, 0.022466666666666666), 0, 0, 0, (503.316, 0.0016, 0.0013333333333333333), 0, (452.98440000000005, 0.0015333333333333334, 0.0012), 0, (338.34020000000004, 2.189, 3.0638666666666667), (58.7202, 0.0046, 6.666666666666668e-05), (325.75713333333334, 0.0011333333333333332, 0.0014666666666666665), (258.64820000000003, 0.019533333333333337, 0.0016), (125.82866666666669, 0.0007333333333333332, 0.0002666666666666667), (306.18366666666674, 0.5942000000000001, 0.19193333333333337), (0.0, 0.0, 0.0), (120.93533333333332, 0.045200000000000004, 0.020266666666666665)]","[0, 0, 0, 0, 0, 0, 0, 0, 0, 0, 0, 0, 0, 0, 0, 0, 0, 0, 0, 0, 0, 0, 0, 0, 0, 0, 0, 0, 0, 0, 0, 0, 0, 0, 0, 0, 0, 0, 0, 0, 0, 0, 0, 0, 0, 0, 0, 0, 0, 0, 0, 0, 0, 0, 0, 0, 0, 0, 0, 0, 0, 0, 0, 0, 0, 0, 0, 0, 0, 0, 0, 0, 0, 0, 0, 0, 0, 0, 0, 0, 0, 0, 0, 0, 0, 0, 0, 0, 0, 0, 0, 0, 0, 0, 0, 0, 0, 0, 0, 0, (3, 0.0, 0.026605555555555556), 0, 0, 0, (3, 0.00455, 1.9583666666666668), 0, (3, 0.0, 1.846088888888889), 0, 0, 0, 0, (3, 0.0013666666666666669, 0.02918888888888889), 0, 0, 0, (2, 0.0, 0.0005055555555555555), 0, (2, 0.0, 0.0005055555555555555), 0, (2, 1.1261166666666667, 0.002977777777777778), (2, 0.0, 0.0010388888888888887), (2, 0.0006666666666666666, 0.0023944444444444447), (3, 0.05115, 0.03694444444444444), (1, 0.0, 0.00165), (3, 0.011550000000000001, 0.43049444444444446), (2, 0.0, 0.0), (2, 0.0, 0.0)]","[-1, -1, -1, -1, -1, -1, -1, -1, -1, -1, -1, -1, -1, -1, -1, -1, -1, -1, -1, -1, -1, -1, -1, -1, -1, -1, -1, -1, -1, -1, -1, -1, -1, -1, -1, -1, -1, -1, -1, -1, -1, -1, -1, -1, -1, -1, -1, -1, -1, -1, -1, -1, -1, -1, -1, -1, -1, -1, -1, -1, -1, -1, -1, -1, -1, -1, -1, -1, -1, -1, -1, -1, -1, -1, -1, -1, -1, -1, -1, -1, -1, -1, -1, -1, -1, -1, -1, -1, -1, -1, -1, -1, -1, -1, -1, -1, -1, -1, -1, -1, 11, -1, -1, -1, 4, -1, 14, -1, -1, -1, -1, 12, -1, -1, -1, 11, -1, 6, -1, 7, 6, 14, 3, 10, 6, 5, 13]","[False, False, False, False, False, False, False, False, False, False, False, False, False, False, False, False, False, False, False, False, False, False, False, False, False, False, False, False, False, False, False, False, False, False, False, False, False, False, False, False, False, False, False, False, False, False, False, False, False, False, False, False, False, False, False, False, False, False, False, False, False, False, False, False, False, False, False, False, False, False, False, False, False, False, False, False, False, False, False, False, False, False, False, False, False, False, False, False, False, False, False, False, False, False, False, False, False, False, False, False, True, False, False, False, True, False, True, False, False, False, False, True, False, False, False, True, False, True, False, True, True, True, True, True, True, True, True]"
92,"[0, 0, 0, 0, 0, 0, 0, 0, 0, 0, 0, 0, 0, 0, 0, 0, 0, 0, 0, 0, 0, 0, 0, 0, 0, 0, 0, 0, 0, 0, 0, 0, 0, 0, 0, 0, 0, 0, 0, 0, 0, 0, 0, 0, 0, 0, 0, 0, 0, 0, 0, 0, 0, 0, 0, 0, 0, 0, 0, 0, 0, 0, 0, 0, 0, 0, 0, 0, 0, 0, 0, 0, 0, 0, 0, 0, 0, 0, 0, 0, 0, 0, 0, 0, 0, 0, 0, 0, 0, 0, 0, 0, 0, 0, 0, 0, 0, 0, 0, 0, 2831.7809545825808, 0, 0, 0, 4420.690966915716, 0, 3906.5018363228, 0, 0, 0, 0, 4107.999450555, 0, 0, 0, 1045.0727606239554, 0, 1041.7338700149332, 0, 2634.3846707111265, 510.85024030910995, 522.1723339848888, 1328.8784523992754, 0, 1352.2506356501997, 2911.512479720924, 851.4170028745334, 3121.8625785998443]","[0, 0, 0, 1, 1, 1, 1, 2, 2, 2, 3, 3, 3, 3, 3, 4, 4, 4, 4, 4, 4, 5, 5, 5, 5, 5, 5, 5, 6, 6, 6, 7, 7, 7, 7, 8, 8, 8, 9, 9, 9, 9, 10, 10, 10, 10, 10, 11, 11, 11, 12, 12, 12, 12, 12, 12, 12, 13, 13, 13, 13, 13, 14, 14, 14, 14, 14, 15, 15, 15, 15, 15, 16, 16, 16, 16, 16, 17, 17, 17, 17, 17, 18, 18, 18, 18, 19, 19, 19, 20, 20, 20, 20, 21, 21, 21, 22, 22, 22, 22, 22, 23, 23, 23, 23, 23, 23, 23, 24, 24, 24, 24, 24, 24, 24, 25, 25, 25, 25, 26, 26, 26, 26, 27, 27, 27, 28, 28]","[1, 1, 1, 2, 2, 2, 2, 3, 3, 3, 5, 4, 4, 4, 4, 5, 6, 8, 9, 10, 12, 12, 13, 13, 14, 14, 16, 17, 18, 19, 20, 20, 19, 21, 23, 23, 23, 25, 24, 27, 26, 26, 28, 28, 29, 31, 31, 32, 33, 33, 36, 34, 35, 36, 36, 36, 39, 40, 41, 42, 43, 44, 47, 45, 45, 45, 45, 48, 46, 47, 53, 50, 49, 50, 53, 54, 53, 53, 53, 56, 54, 55, 56, 57, 60, 61, 63, 61, 63, 63, 64, 65, 66, 66, 67, 68, 69, 69, 70, 71, 72, 73, 73, 73, 74, 75, 76, 75, 76, 77, 78, 79, 78, 79, 80, 81, 82, 83, 84, 85, 87, 87, 91, 88, 91, 90, 90, 92]","[24, 6, 9, 13, 18, 14, 8, 10, 26, 18, 13, 24, 12, 19, 12, 23, 14, 23, 25, 17, 30, 19, 16, 19, 37, 31, 21, 32, 32, 36, 25, 33, 23, 35, 32, 29, 27, 33, 28, 36, 45, 45, 35, 39, 43, 42, 44, 47, 53, 46, 60, 49, 45, 40, 48, 45, 66, 68, 45, 48, 46, 50, 56, 54, 53, 61, 54, 57, 53, 53, 77, 57, 53, 54, 75, 63, 66, 71, 63, 80, 64, 75, 72, 61, 79, 65, 70, 67, 69, 68, 78, 73, 86, 73, 71, 81, 75, 78, 88, 74, -1, 87, 78, 76, -1, 88, -1, 90, 83, 84, 82, -1, 89, 87, 87, -1, 85, -1, 91, -1, -1, -1, -1, 92, -1, -1, -1, -1]","[0, 0, 0, 0, 0, 0, 0, 0, 0, 0, 0, 0, 0, 0, 0, 0, 0, 0, 0, 0, 0, 0, 0, 0, 0, 0, 0, 0, 0, 0, 0, 0, 0, 0, 0, 0, 0, 0, 0, 0, 0, 0, 0, 0, 0, 0, 0, 0, 0, 0, 0, 0, 0, 0, 0, 0, 0, 0, 0, 0, 0, 0, 0, 0, 0, 0, 0, 0, 0, 0, 0, 0, 0, 0, 0, 0, 0, 0, 0, 0, 0, 0, 0, 0, 0, 0, 0, 0, 0, 0, 0, 0, 0, 0, 0, 0, 0, 0, 0, 0, 2907.8540969793125, 0, 0, 0, 4029.0, 0, 3706.6647511689557, 0, 0, 0, 0, 4029.0, 0, 0, 0, 1121.1459030206872, 0, 1416.4556213568524, 0, 4029.0, 885.5719916510291, 322.3352488310445, 4029.0, 0, 1726.9723869921188, 4029.0, 4029.0, 4029.0]","[0, 0, 0, 0, 0, 0, 0, 0, 0, 0, 0, 0, 0, 0, 0, 0, 0, 0, 0, 0, 0, 0, 0, 0, 0, 0, 0, 0, 0, 0, 0, 0, 0, 0, 0, 0, 0, 0, 0, 0, 0, 0, 0, 0, 0, 0, 0, 0, 0, 0, 0, 0, 0, 0, 0, 0, 0, 0, 0, 0, 0, 0, 0, 0, 0, 0, 0, 0, 0, 0, 0, 0, 0, 0, 0, 0, 0, 0, 0, 0, 0, 0, 0, 0, 0, 0, 0, 0, 0, 0, 0, 0, 0, 0, 0, 0, 0, 0, 0, 0, (103.459, 0.03553333333333333, 0.025), 0, 0, 0, (436.2071333333334, 0.5388, 0.25873333333333337), 0, (339.7382, 0.8196, 0.2693333333333333), 0, 0, 0, 0, (234.88039999999998, 0.2981333333333333, 0.018066666666666665), 0, 0, 0, (462.77086666666656, 0.0012, 0.0011333333333333332), 0, (473.9558, 0.0015333333333333334, 0.0011333333333333332), 0, (408.2452, 3.357266666666667, 2.6136666666666666), (8.3886, 0.0046, 6.666666666666668e-05), (304.78553333333326, 0.0011333333333333332, 0.0014666666666666665), (328.5534, 0.0005333333333333334, 0.0006), 0, (281.018, 0.42160000000000003, 0.13533333333333333), (0.0, 0.0, 0.0), (120.23626666666664, 0.034466666666666666, 0.0114), (0.0, 0.0, 0.0)]","[0, 0, 0, 0, 0, 0, 0, 0, 0, 0, 0, 0, 0, 0, 0, 0, 0, 0, 0, 0, 0, 0, 0, 0, 0, 0, 0, 0, 0, 0, 0, 0, 0, 0, 0, 0, 0, 0, 0, 0, 0, 0, 0, 0, 0, 0, 0, 0, 0, 0, 0, 0, 0, 0, 0, 0, 0, 0, 0, 0, 0, 0, 0, 0, 0, 0, 0, 0, 0, 0, 0, 0, 0, 0, 0, 0, 0, 0, 0, 0, 0, 0, 0, 0, 0, 0, 0, 0, 0, 0, 0, 0, 0, 0, 0, 0, 0, 0, 0, 0, (3, 0.0001, 0.02427222222222222), 0, 0, 0, (3, 0.009816666666666666, 1.9489666666666665), 0, (3, 3.3333333333333335e-05, 1.7759777777777779), 0, 0, 0, 0, (3, 8.333333333333333e-05, 0.02883888888888889), 0, 0, 0, (2, 0.0, 0.0005166666666666667), 0, (2, 0.0, 0.0005111111111111112), 0, (2, 1.092625, 0.013255555555555555), (2, 0.0, 0.00105), (2, 6.666666666666667e-05, 0.0023833333333333337), (3, 0.06125, 0.025472222222222222), 0, (3, 1.666666666666667e-05, 0.2272388888888889), (2, 0.0, 0.0), (2, 0.0, 2.2222222222222223e-05), (2, 0.0, 0.0)]","[-1, -1, -1, -1, -1, -1, -1, -1, -1, -1, -1, -1, -1, -1, -1, -1, -1, -1, -1, -1, -1, -1, -1, -1, -1, -1, -1, -1, -1, -1, -1, -1, -1, -1, -1, -1, -1, -1, -1, -1, -1, -1, -1, -1, -1, -1, -1, -1, -1, -1, -1, -1, -1, -1, -1, -1, -1, -1, -1, -1, -1, -1, -1, -1, -1, -1, -1, -1, -1, -1, -1, -1, -1, -1, -1, -1, -1, -1, -1, -1, -1, -1, -1, -1, -1, -1, -1, -1, -1, -1, -1, -1, -1, -1, -1, -1, -1, -1, -1, -1, 11, -1, -1, -1, 4, -1, 14, -1, -1, -1, -1, 12, -1, -1, -1, 11, -1, 6, -1, 7, 6, 14, 3, -1, 6, 5, 13, 2]","[False, False, False, False, False, False, False, False, False, False, False, False, False, False, False, False, False, False, False, False, False, False, False, False, False, False, False, False, False, False, False, False, False, False, False, False, False, False, False, False, False, False, False, False, False, False, False, False, False, False, False, False, False, False, False, False, False, False, False, False, False, False, False, False, False, False, False, False, False, False, False, False, False, False, False, False, False, False, False, False, False, False, False, False, False, False, False, False, False, False, False, False, False, False, False, False, False, False, False, False, True, False, False, False, True, False, True, False, False, False, False, True, False, False, False, True, False, True, False, True, True, True, True, False, True, True, True, True]"
93,"[0, 0, 0, 0, 0, 0, 0, 0, 0, 0, 0, 0, 0, 0, 0, 0, 0, 0, 0, 0, 0, 0, 0, 0, 0, 0, 0, 0, 0, 0, 0, 0, 0, 0, 0, 0, 0, 0, 0, 0, 0, 0, 0, 0, 0, 0, 0, 0, 0, 0, 0, 0, 0, 0, 0, 0, 0, 0, 0, 0, 0, 0, 0, 0, 0, 0, 0, 0, 0, 0, 0, 0, 0, 0, 0, 0, 0, 0, 0, 0, 0, 0, 0, 0, 0, 0, 0, 0, 0, 0, 0, 0, 0, 0, 0, 0, 0, 0, 0, 0, 2809.8716241796205, 0, 0, 0, 0, 0, 4300.490910413475, 0, 0, 0, 0, 3519.18619597545, 0, 0, 0, 1051.750541842, 0, 1045.0727606239554, 0, 1779.6286812281753, 517.5280212281833, 531.0729987687222, 2050.0788185255155, 0, 1409.0117734429248, 3145.2348118086134, 834.7225518377779, 3065.1014408071205]","[0, 0, 0, 1, 1, 1, 1, 2, 2, 2, 3, 3, 3, 3, 3, 4, 4, 4, 4, 4, 4, 5, 5, 5, 5, 5, 5, 5, 6, 6, 6, 7, 7, 7, 7, 8, 8, 8, 9, 9, 9, 9, 10, 10, 10, 10, 10, 11, 11, 11, 12, 12, 12, 12, 12, 12, 12, 13, 13, 13, 13, 13, 14, 14, 14, 14, 14, 15, 15, 15, 15, 15, 16, 16, 16, 16, 16, 17, 17, 17, 17, 17, 18, 18, 18, 18, 19, 19, 19, 20, 20, 20, 20, 21, 21, 21, 22, 22, 22, 22, 22, 23, 23, 23, 23, 23, 23, 23, 24, 24, 24, 24, 24, 24, 24, 25, 25, 25, 25, 26, 26, 26, 26, 27, 27, 27, 28, 28]","[1, 1, 1, 2, 2, 2, 2, 3, 3, 3, 5, 4, 4, 4, 4, 5, 6, 8, 9, 10, 12, 12, 13, 13, 14, 14, 16, 17, 18, 19, 20, 20, 19, 21, 23, 23, 23, 25, 24, 27, 26, 26, 28, 28, 29, 31, 31, 32, 33, 33, 36, 34, 35, 36, 36, 36, 39, 40, 41, 42, 43, 44, 47, 45, 45, 45, 45, 48, 46, 47, 53, 50, 49, 50, 53, 54, 53, 53, 53, 56, 54, 55, 56, 57, 60, 61, 63, 61, 63, 63, 64, 65, 66, 66, 67, 68, 69, 69, 70, 71, 72, 73, 73, 73, 74, 75, 76, 75, 76, 77, 78, 79, 78, 79, 80, 81, 82, 83, 84, 85, 87, 87, 91, 88, 91, 90, 90, 92]","[24, 6, 9, 13, 18, 14, 8, 10, 26, 18, 13, 24, 12, 19, 12, 23, 14, 23, 25, 17, 30, 19, 16, 19, 37, 31, 21, 32, 32, 36, 25, 33, 23, 35, 32, 29, 27, 33, 28, 36, 45, 45, 35, 39, 43, 42, 44, 47, 53, 46, 60, 49, 45, 40, 48, 45, 66, 68, 45, 48, 46, 50, 56, 54, 53, 61, 54, 57, 53, 53, 77, 57, 53, 54, 75, 63, 66, 71, 63, 80, 64, 75, 72, 61, 79, 65, 70, 67, 69, 68, 78, 73, 86, 73, 71, 81, 75, 78, 88, 74, -1, 87, 78, 76, -1, 88, -1, 90, 83, 84, 82, -1, 89, 87, 87, -1, 85, -1, 91, -1, -1, -1, -1, 92, -1, -1, -1, -1]","[0, 0, 0, 0, 0, 0, 0, 0, 0, 0, 0, 0, 0, 0, 0, 0, 0, 0, 0, 0, 0, 0, 0, 0, 0, 0, 0, 0, 0, 0, 0, 0, 0, 0, 0, 0, 0, 0, 0, 0, 0, 0, 0, 0, 0, 0, 0, 0, 0, 0, 0, 0, 0, 0, 0, 0, 0, 0, 0, 0, 0, 0, 0, 0, 0, 0, 0, 0, 0, 0, 0, 0, 0, 0, 0, 0, 0, 0, 0, 0, 0, 0, 0, 0, 0, 0, 0, 0, 0, 0, 0, 0, 0, 0, 0, 0, 0, 0, 0, 0, 2893.5605411688102, 0, 0, 0, 4029.0, 0, 3899.2089558223765, 0, 0, 0, 0, 4029.0, 0, 0, 0, 1135.4394588311898, 0, 1397.5352421922676, 0, 4029.0, 869.9905027964955, 129.7910441776238, 4029.0, 0, 1761.474255011237, 4029.0, 4029.0, 4029.0]","[0, 0, 0, 0, 0, 0, 0, 0, 0, 0, 0, 0, 0, 0, 0, 0, 0, 0, 0, 0, 0, 0, 0, 0, 0, 0, 0, 0, 0, 0, 0, 0, 0, 0, 0, 0, 0, 0, 0, 0, 0, 0, 0, 0, 0, 0, 0, 0, 0, 0, 0, 0, 0, 0, 0, 0, 0, 0, 0, 0, 0, 0, 0, 0, 0, 0, 0, 0, 0, 0, 0, 0, 0, 0, 0, 0, 0, 0, 0, 0, 0, 0, 0, 0, 0, 0, 0, 0, 0, 0, 0, 0, 0, 0, 0, 0, 0, 0, 0, 0, (96.46846666666666, 0.0338, 0.023066666666666666), 0, 0, 0, (391.46766666666673, 0.6240666666666668, 0.2032), 0, (322.9608666666666, 0.8597333333333332, 0.2828), 0, 0, 0, 0, (221.59853333333334, 0.0404, 0.026733333333333335), 0, 0, 0, (490.733, 0.0015333333333333334, 0.0012), 0, (503.316, 0.0016, 0.0013333333333333333), 0, (645.9222, 2.945, 2.129), (22.3696, 0.004533333333333333, 6.666666666666668e-05), (258.64813333333325, 0.0011333333333333332, 0.0015333333333333334), (298.49406666666664, 0.0016666666666666668, 0.005466666666666667), 0, (255.852, 0.49213333333333326, 0.15953333333333333), (0.0, 0.0, 0.0), (130.722, 0.026466666666666666, 0.011066666666666664), (0.0, 0.0, 0.0)]","[0, 0, 0, 0, 0, 0, 0, 0, 0, 0, 0, 0, 0, 0, 0, 0, 0, 0, 0, 0, 0, 0, 0, 0, 0, 0, 0, 0, 0, 0, 0, 0, 0, 0, 0, 0, 0, 0, 0, 0, 0, 0, 0, 0, 0, 0, 0, 0, 0, 0, 0, 0, 0, 0, 0, 0, 0, 0, 0, 0, 0, 0, 0, 0, 0, 0, 0, 0, 0, 0, 0, 0, 0, 0, 0, 0, 0, 0, 0, 0, 0, 0, 0, 0, 0, 0, 0, 0, 0, 0, 0, 0, 0, 0, 0, 0, 0, 0, 0, 0, (3, 0.0001833333333333333, 0.029927777777777772), 0, 0, 0, (3, 0.0, 1.7597444444444446), 0, (3, 0.00455, 1.9583666666666668), 0, 0, 0, 0, (3, 0.0, 0.02946666666666667), 0, 0, 0, (2, 0.0, 0.0005277777777777777), 0, (2, 0.0, 0.0005055555555555555), 0, (2, 0.0, 0.0070888888888888885), (2, 0.0, 0.0010722222222222222), (2, 0.0010333333333333334, 0.0024222222222222223), (3, 0.0008666666666666667, 0.016138888888888887), 0, (3, 8.333333333333333e-05, 0.28617777777777775), (2, 0.0, 0.0), (2, 0.0, 4.4444444444444447e-05), (2, 0.0, 0.0)]","[-1, -1, -1, -1, -1, -1, -1, -1, -1, -1, -1, -1, -1, -1, -1, -1, -1, -1, -1, -1, -1, -1, -1, -1, -1, -1, -1, -1, -1, -1, -1, -1, -1, -1, -1, -1, -1, -1, -1, -1, -1, -1, -1, -1, -1, -1, -1, -1, -1, -1, -1, -1, -1, -1, -1, -1, -1, -1, -1, -1, -1, -1, -1, -1, -1, -1, -1, -1, -1, -1, -1, -1, -1, -1, -1, -1, -1, -1, -1, -1, -1, -1, -1, -1, -1, -1, -1, -1, -1, -1, -1, -1, -1, -1, -1, -1, -1, -1, -1, -1, 11, -1, -1, -1, 4, -1, 14, -1, -1, -1, -1, 12, -1, -1, -1, 11, -1, 6, -1, 7, 6, 14, 3, -1, 6, 5, 13, 2]","[False, False, False, False, False, False, False, False, False, False, False, False, False, False, False, False, False, False, False, False, False, False, False, False, False, False, False, False, False, False, False, False, False, False, False, False, False, False, False, False, False, False, False, False, False, False, False, False, False, False, False, False, False, False, False, False, False, False, False, False, False, False, False, False, False, False, False, False, False, False, False, False, False, False, False, False, False, False, False, False, False, False, False, False, False, False, False, False, False, False, False, False, False, False, False, False, False, False, False, False, True, False, False, False, True, False, True, False, False, False, False, True, False, False, False, True, False, True, False, True, True, True, True, False, True, True, True, True]"
94,"[0, 0, 0, 0, 0, 0, 0, 0, 0, 0, 0, 0, 0, 0, 0, 0, 0, 0, 0, 0, 0, 0, 0, 0, 0, 0, 0, 0, 0, 0, 0, 0, 0, 0, 0, 0, 0, 0, 0, 0, 0, 0, 0, 0, 0, 0, 0, 0, 0, 0, 0, 0, 0, 0, 0, 0, 0, 0, 0, 0, 0, 0, 0, 0, 0, 0, 0, 0, 0, 0, 0, 0, 0, 0, 0, 0, 0, 0, 0, 0, 0, 0, 0, 0, 0, 0, 0, 0, 0, 0, 0, 0, 0, 0, 0, 0, 0, 0, 0, 0, 2809.8716241796205, 0, 0, 0, 0, 0, 0, 0, 0, 0, 0, 3576.69818828322, 0, 0, 0, 1045.0727606239554, 0, 1045.0727606239554, 0, 2090.1455055325287, 544.2391449044768, 537.0067752912778, 1896.4898516652977, 0, 1816.3564093671823, 2988.3069602640226, 0, 2911.512479720924, 3464.41286996805]","[0, 0, 0, 1, 1, 1, 1, 2, 2, 2, 3, 3, 3, 3, 3, 4, 4, 4, 4, 4, 4, 5, 5, 5, 5, 5, 5, 5, 6, 6, 6, 7, 7, 7, 7, 8, 8, 8, 9, 9, 9, 9, 10, 10, 10, 10, 10, 11, 11, 11, 12, 12, 12, 12, 12, 12, 12, 13, 13, 13, 13, 13, 14, 14, 14, 14, 14, 15, 15, 15, 15, 15, 16, 16, 16, 16, 16, 17, 17, 17, 17, 17, 18, 18, 18, 18, 19, 19, 19, 20, 20, 20, 20, 21, 21, 21, 22, 22, 22, 22, 22, 23, 23, 23, 23, 23, 23, 23, 24, 24, 24, 24, 24, 24, 24, 25, 25, 25, 25, 26, 26, 26, 26, 27, 27, 27, 28, 28, 28]","[1, 1, 1, 2, 2, 2, 2, 3, 3, 3, 5, 4, 4, 4, 4, 5, 6, 8, 9, 10, 12, 12, 13, 13, 14, 14, 16, 17, 18, 19, 20, 20, 19, 21, 23, 23, 23, 25, 24, 27, 26, 26, 28, 28, 29, 31, 31, 32, 33, 33, 36, 34, 35, 36, 36, 36, 39, 40, 41, 42, 43, 44, 47, 45, 45, 45, 45, 48, 46, 47, 53, 50, 49, 50, 53, 54, 53, 53, 53, 56, 54, 55, 56, 57, 60, 61, 63, 61, 63, 63, 64, 65, 66, 66, 67, 68, 69, 69, 70, 71, 72, 73, 73, 73, 74, 75, 76, 75, 76, 77, 78, 79, 78, 79, 80, 81, 82, 83, 84, 85, 87, 87, 91, 88, 91, 90, 90, 92, 94]","[24, 6, 9, 13, 18, 14, 8, 10, 26, 18, 13, 24, 12, 19, 12, 23, 14, 23, 25, 17, 30, 19, 16, 19, 37, 31, 21, 32, 32, 36, 25, 33, 23, 35, 32, 29, 27, 33, 28, 36, 45, 45, 35, 39, 43, 42, 44, 47, 53, 46, 60, 49, 45, 40, 48, 45, 66, 68, 45, 48, 46, 50, 56, 54, 53, 61, 54, 57, 53, 53, 77, 57, 53, 54, 75, 63, 66, 71, 63, 80, 64, 75, 72, 61, 79, 65, 70, 67, 69, 68, 78, 73, 86, 73, 71, 81, 75, 78, 88, 74, -1, 87, 78, 76, 94, 88, -1, 90, 83, 84, 82, -1, 89, 87, 87, -1, 85, -1, 91, -1, -1, -1, -1, 92, -1, -1, -1, -1, -1]","[0, 0, 0, 0, 0, 0, 0, 0, 0, 0, 0, 0, 0, 0, 0, 0, 0, 0, 0, 0, 0, 0, 0, 0, 0, 0, 0, 0, 0, 0, 0, 0, 0, 0, 0, 0, 0, 0, 0, 0, 0, 0, 0, 0, 0, 0, 0, 0, 0, 0, 0, 0, 0, 0, 0, 0, 0, 0, 0, 0, 0, 0, 0, 0, 0, 0, 0, 0, 0, 0, 0, 0, 0, 0, 0, 0, 0, 0, 0, 0, 0, 0, 0, 0, 0, 0, 0, 0, 0, 0, 0, 0, 0, 0, 0, 0, 0, 0, 0, 0, 2896.8994317778324, 0, 0, 0, 0, 0, 1745.996612354361, 0, 0, 0, 0, 4029.0, 0, 0, 0, 1132.1005682221673, 0, 1252.849988992084, 0, 4029.0, 752.0163732726053, 2283.003387645639, 4029.0, 0, 2024.133637735311, 4029.0, 4029.0, 4029.0, 4029.0]","[0, 0, 0, 0, 0, 0, 0, 0, 0, 0, 0, 0, 0, 0, 0, 0, 0, 0, 0, 0, 0, 0, 0, 0, 0, 0, 0, 0, 0, 0, 0, 0, 0, 0, 0, 0, 0, 0, 0, 0, 0, 0, 0, 0, 0, 0, 0, 0, 0, 0, 0, 0, 0, 0, 0, 0, 0, 0, 0, 0, 0, 0, 0, 0, 0, 0, 0, 0, 0, 0, 0, 0, 0, 0, 0, 0, 0, 0, 0, 0, 0, 0, 0, 0, 0, 0, 0, 0, 0, 0, 0, 0, 0, 0, 0, 0, 0, 0, 0, 0, (111.1486, 0.03306666666666667, 0.022600000000000002), 0, 0, 0, 0, 0, (436.2071333333334, 0.5388, 0.25873333333333337), 0, 0, 0, 0, (117.44013333333332, 0.04193333333333333, 0.027666666666666673), 0, 0, 0, (473.956, 0.0014, 0.0013333333333333333), 0, (462.77086666666656, 0.0012, 0.0011333333333333332), 0, (402.6528, 3.2084, 1.765466666666667), (8.3886, 0.0046, 0.00013333333333333334), (289.4064, 0.0012, 0.0015333333333333334), (294.3, 0.001066666666666667, 0.005466666666666667), 0, (226.49179999999998, 0.6, 0.19540000000000002), (0.0, 0.0, 0.0), (164.2764, 0.008733333333333333, 0.0061333333333333335), (0.0, 0.0, 0.0), (168.47066666666663, 0.27493333333333336, 0.023333333333333327)]","[0, 0, 0, 0, 0, 0, 0, 0, 0, 0, 0, 0, 0, 0, 0, 0, 0, 0, 0, 0, 0, 0, 0, 0, 0, 0, 0, 0, 0, 0, 0, 0, 0, 0, 0, 0, 0, 0, 0, 0, 0, 0, 0, 0, 0, 0, 0, 0, 0, 0, 0, 0, 0, 0, 0, 0, 0, 0, 0, 0, 0, 0, 0, 0, 0, 0, 0, 0, 0, 0, 0, 0, 0, 0, 0, 0, 0, 0, 0, 0, 0, 0, 0, 0, 0, 0, 0, 0, 0, 0, 0, 0, 0, 0, 0, 0, 0, 0, 0, 0, (3, 0.0, 0.026805555555555558), 0, 0, 0, 0, 0, (3, 0.009816666666666666, 1.9489666666666665), 0, 0, 0, 0, (3, 0.0027166666666666667, 0.027800000000000002), 0, 0, 0, (2, 0.0, 0.0005444444444444444), 0, (2, 0.0, 0.0005166666666666667), 0, (2, 0.0, 0.005355555555555555), (2, 0.0, 0.00145), (2, 0.00013333333333333334, 0.0024055555555555557), (3, 0.0002, 0.014294444444444445), 0, (3, 0.00016666666666666666, 0.37338333333333334), (2, 0.0, 0.0), (2, 0.0, 8.88888888888889e-05), (2, 0.0, 0.0), (3, 0.2927833333333333, 0.026605555555555556)]","[-1, -1, -1, -1, -1, -1, -1, -1, -1, -1, -1, -1, -1, -1, -1, -1, -1, -1, -1, -1, -1, -1, -1, -1, -1, -1, -1, -1, -1, -1, -1, -1, -1, -1, -1, -1, -1, -1, -1, -1, -1, -1, -1, -1, -1, -1, -1, -1, -1, -1, -1, -1, -1, -1, -1, -1, -1, -1, -1, -1, -1, -1, -1, -1, -1, -1, -1, -1, -1, -1, -1, -1, -1, -1, -1, -1, -1, -1, -1, -1, -1, -1, -1, -1, -1, -1, -1, -1, -1, -1, -1, -1, -1, -1, -1, -1, -1, -1, -1, -1, 11, -1, -1, -1, -1, -1, 14, -1, -1, -1, -1, 12, -1, -1, -1, 11, -1, 6, -1, 7, 6, 14, 3, -1, 6, 5, 13, 2, 15]","[False, False, False, False, False, False, False, False, False, False, False, False, False, False, False, False, False, False, False, False, False, False, False, False, False, False, False, False, False, False, False, False, False, False, False, False, False, False, False, False, False, False, False, False, False, False, False, False, False, False, False, False, False, False, False, False, False, False, False, False, False, False, False, False, False, False, False, False, False, False, False, False, False, False, False, False, False, False, False, False, False, False, False, False, False, False, False, False, False, False, False, False, False, False, False, False, False, False, False, False, True, False, False, False, False, False, True, False, False, False, False, True, False, False, False, True, False, True, False, True, True, True, True, False, True, True, True, True, True]"
95,"[0, 0, 0, 0, 0, 0, 0, 0, 0, 0, 0, 0, 0, 0, 0, 0, 0, 0, 0, 0, 0, 0, 0, 0, 0, 0, 0, 0, 0, 0, 0, 0, 0, 0, 0, 0, 0, 0, 0, 0, 0, 0, 0, 0, 0, 0, 0, 0, 0, 0, 0, 0, 0, 0, 0, 0, 0, 0, 0, 0, 0, 0, 0, 0, 0, 0, 0, 0, 0, 0, 0, 0, 0, 0, 0, 0, 0, 0, 0, 0, 0, 0, 0, 0, 0, 0, 0, 0, 0, 0, 0, 0, 0, 0, 0, 0, 0, 0, 0, 0, 0, 0, 0, 0, 0, 0, 0, 0, 0, 0, 0, 3261.75156374067, 0, 0, 0, 1088.4783385412445, 0, 1051.750541842, 0, 1232.0506254656602, 504.17245939003664, 534.03988703, 2227.0400194731583, 0, 2230.3788262082307, 3008.340303014396, 0, 3145.2348118086134, 4442.116739200141, 390.65025572768, 1646.6233023008167]","[0, 0, 0, 1, 1, 1, 1, 2, 2, 2, 3, 3, 3, 3, 3, 4, 4, 4, 4, 4, 4, 5, 5, 5, 5, 5, 5, 5, 6, 6, 6, 7, 7, 7, 7, 8, 8, 8, 9, 9, 9, 9, 10, 10, 10, 10, 10, 11, 11, 11, 12, 12, 12, 12, 12, 12, 12, 13, 13, 13, 13, 13, 14, 14, 14, 14, 14, 15, 15, 15, 15, 15, 16, 16, 16, 16, 16, 17, 17, 17, 17, 17, 18, 18, 18, 18, 19, 19, 19, 20, 20, 20, 20, 21, 21, 21, 22, 22, 22, 22, 22, 23, 23, 23, 23, 23, 23, 23, 24, 24, 24, 24, 24, 24, 24, 25, 25, 25, 25, 26, 26, 26, 26, 27, 27, 27, 28, 28, 28, 29, 29]","[1, 1, 1, 2, 2, 2, 2, 3, 3, 3, 5, 4, 4, 4, 4, 5, 6, 8, 9, 10, 12, 12, 13, 13, 14, 14, 16, 17, 18, 19, 20, 20, 19, 21, 23, 23, 23, 25, 24, 27, 26, 26, 28, 28, 29, 31, 31, 32, 33, 33, 36, 34, 35, 36, 36, 36, 39, 40, 41, 42, 43, 44, 47, 45, 45, 45, 45, 48, 46, 47, 53, 50, 49, 50, 53, 54, 53, 53, 53, 56, 54, 55, 56, 57, 60, 61, 63, 61, 63, 63, 64, 65, 66, 66, 67, 68, 69, 69, 70, 71, 72, 73, 73, 73, 74, 75, 76, 75, 76, 77, 78, 79, 78, 79, 80, 81, 82, 83, 84, 85, 87, 87, 91, 88, 91, 90, 90, 92, 94, 95, 95]","[24, 6, 9, 13, 18, 14, 8, 10, 26, 18, 13, 24, 12, 19, 12, 23, 14, 23, 25, 17, 30, 19, 16, 19, 37, 31, 21, 32, 32, 36, 25, 33, 23, 35, 32, 29, 27, 33, 28, 36, 45, 45, 35, 39, 43, 42, 44, 47, 53, 46, 60, 49, 45, 40, 48, 45, 66, 68, 45, 48, 46, 50, 56, 54, 53, 61, 54, 57, 53, 53, 77, 57, 53, 54, 75, 63, 66, 71, 63, 80, 64, 75, 72, 61, 79, 65, 70, 67, 69, 68, 78, 73, 86, 73, 71, 81, 75, 78, 88, 74, -1, 87, 78, 76, 94, 88, 95, 90, 83, 84, 82, -1, 89, 87, 87, -1, 85, -1, 91, -1, -1, -1, -1, 92, -1, -1, 95, -1, -1, -1, -1]","[0, 0, 0, 0, 0, 0, 0, 0, 0, 0, 0, 0, 0, 0, 0, 0, 0, 0, 0, 0, 0, 0, 0, 0, 0, 0, 0, 0, 0, 0, 0, 0, 0, 0, 0, 0, 0, 0, 0, 0, 0, 0, 0, 0, 0, 0, 0, 0, 0, 0, 0, 0, 0, 0, 0, 0, 0, 0, 0, 0, 0, 0, 0, 0, 0, 0, 0, 0, 0, 0, 0, 0, 0, 0, 0, 0, 0, 0, 0, 0, 0, 0, 0, 0, 0, 0, 0, 0, 0, 0, 0, 0, 0, 0, 0, 0, 0, 0, 0, 0, 1470.2608307293776, 0, 0, 0, 0, 0, 0, 0, 0, 0, 0, 4029.0, 0, 0, 0, 2558.7391692706224, 0, 1132.6499326952442, 0, 4029.0, 585.0718502432808, 4029.0, 4029.0, 0, 2311.278217061475, 4029.0, 0, 4029.0, 4029.0, 4029.0, 4029.0]","[0, 0, 0, 0, 0, 0, 0, 0, 0, 0, 0, 0, 0, 0, 0, 0, 0, 0, 0, 0, 0, 0, 0, 0, 0, 0, 0, 0, 0, 0, 0, 0, 0, 0, 0, 0, 0, 0, 0, 0, 0, 0, 0, 0, 0, 0, 0, 0, 0, 0, 0, 0, 0, 0, 0, 0, 0, 0, 0, 0, 0, 0, 0, 0, 0, 0, 0, 0, 0, 0, 0, 0, 0, 0, 0, 0, 0, 0, 0, 0, 0, 0, 0, 0, 0, 0, 0, 0, 0, 0, 0, 0, 0, 0, 0, 0, 0, 0, 0, 0, (104.15793333333333, 0.032733333333333337, 0.0224), 0, 0, 0, 0, 0, 0, 0, 0, 0, 0, (115.3428, 0.04046666666666667, 0.026666666666666672), 0, 0, 0, (462.7710666666665, 0.001066666666666667, 0.001), 0, (490.733, 0.0015333333333333334, 0.0012), 0, (444.5958, 2.369733333333333, 2.1395999999999997), (2.7962, 0.004533333333333333, 6.666666666666668e-05), (239.0746, 0.0012, 0.0016), (234.18133333333338, 0.0016666666666666668, 0.0016), 0, (209.7148, 0.7276, 0.23566666666666664), (0.0, 0.0, 0.0), 0, (0.0, 0.0, 0.0), (313.1741333333334, 0.2986666666666667, 0.020266666666666665), (499.1218, 0.0004, 0.0003333333333333333), (125.829, 0.9397333333333332, 0.7602666666666668)]","[0, 0, 0, 0, 0, 0, 0, 0, 0, 0, 0, 0, 0, 0, 0, 0, 0, 0, 0, 0, 0, 0, 0, 0, 0, 0, 0, 0, 0, 0, 0, 0, 0, 0, 0, 0, 0, 0, 0, 0, 0, 0, 0, 0, 0, 0, 0, 0, 0, 0, 0, 0, 0, 0, 0, 0, 0, 0, 0, 0, 0, 0, 0, 0, 0, 0, 0, 0, 0, 0, 0, 0, 0, 0, 0, 0, 0, 0, 0, 0, 0, 0, 0, 0, 0, 0, 0, 0, 0, 0, 0, 0, 0, 0, 0, 0, 0, 0, 0, 0, (3, 0.0, 0.026166666666666668), 0, 0, 0, 0, 0, 0, 0, 0, 0, 0, (3, 0.0, 0.025622222222222223), 0, 0, 0, (2, 0.0, 0.0004888888888888889), 0, (2, 0.0, 0.0005277777777777777), 0, (2, 0.0, 0.005061111111111111), (2, 0.0, 0.0010833333333333333), (2, 0.00016666666666666666, 0.002361111111111111), (3, 0.0006666666666666666, 0.02163888888888889), 0, (3, 0.00021666666666666668, 0.5190777777777777), (2, 0.0, 0.0), 0, (2, 0.0, 0.0), (3, 0.10841666666666666, 0.0281), (2, 0.012733333333333334, 0.0036666666666666666), (2, 0.0, 0.009888888888888888)]","[-1, -1, -1, -1, -1, -1, -1, -1, -1, -1, -1, -1, -1, -1, -1, -1, -1, -1, -1, -1, -1, -1, -1, -1, -1, -1, -1, -1, -1, -1, -1, -1, -1, -1, -1, -1, -1, -1, -1, -1, -1, -1, -1, -1, -1, -1, -1, -1, -1, -1, -1, -1, -1, -1, -1, -1, -1, -1, -1, -1, -1, -1, -1, -1, -1, -1, -1, -1, -1, -1, -1, -1, -1, -1, -1, -1, -1, -1, -1, -1, -1, -1, -1, -1, -1, -1, -1, -1, -1, -1, -1, -1, -1, -1, -1, -1, -1, -1, -1, -1, 11, -1, -1, -1, -1, -1, -1, -1, -1, -1, -1, 12, -1, -1, -1, 11, -1, 6, -1, 7, 6, 14, 3, -1, 6, 5, -1, 2, 15, 13, 1]","[False, False, False, False, False, False, False, False, False, False, False, False, False, False, False, False, False, False, False, False, False, False, False, False, False, False, False, False, False, False, False, False, False, False, False, False, False, False, False, False, False, False, False, False, False, False, False, False, False, False, False, False, False, False, False, False, False, False, False, False, False, False, False, False, False, False, False, False, False, False, False, False, False, False, False, False, False, False, False, False, False, False, False, False, False, False, False, False, False, False, False, False, False, False, False, False, False, False, False, False, True, False, False, False, False, False, False, False, False, False, False, True, False, False, False, True, False, True, False, True, True, True, True, False, True, True, False, True, True, True, True]"
96,"[0, 0, 0, 0, 0, 0, 0, 0, 0, 0, 0, 0, 0, 0, 0, 0, 0, 0, 0, 0, 0, 0, 0, 0, 0, 0, 0, 0, 0, 0, 0, 0, 0, 0, 0, 0, 0, 0, 0, 0, 0, 0, 0, 0, 0, 0, 0, 0, 0, 0, 0, 0, 0, 0, 0, 0, 0, 0, 0, 0, 0, 0, 0, 0, 0, 0, 0, 0, 0, 0, 0, 0, 0, 0, 0, 0, 0, 0, 0, 0, 0, 0, 0, 0, 0, 0, 0, 0, 0, 0, 0, 0, 0, 0, 0, 0, 0, 0, 0, 0, 0, 0, 0, 0, 0, 0, 0, 0, 0, 0, 0, 0, 0, 0, 0, 1035.0560887968888, 0, 1045.0727606239554, 0, 2534.217953193593, 514.1891307686467, 531.0729987687222, 1766.2731188925045, 0, 1318.8617310662446, 3068.4403312655163, 0, 2988.3069602640226, 3143.9889128247596, 1147.5012037613078, 530.8836808606934, 1622.8881916370212]","[0, 0, 0, 1, 1, 1, 1, 2, 2, 2, 3, 3, 3, 3, 3, 4, 4, 4, 4, 4, 4, 5, 5, 5, 5, 5, 5, 5, 6, 6, 6, 7, 7, 7, 7, 8, 8, 8, 9, 9, 9, 9, 10, 10, 10, 10, 10, 11, 11, 11, 12, 12, 12, 12, 12, 12, 12, 13, 13, 13, 13, 13, 14, 14, 14, 14, 14, 15, 15, 15, 15, 15, 16, 16, 16, 16, 16, 17, 17, 17, 17, 17, 18, 18, 18, 18, 19, 19, 19, 20, 20, 20, 20, 21, 21, 21, 22, 22, 22, 22, 22, 23, 23, 23, 23, 23, 23, 23, 24, 24, 24, 24, 24, 24, 24, 25, 25, 25, 25, 26, 26, 26, 26, 27, 27, 27, 28, 28, 28, 28, 29, 29]","[1, 1, 1, 2, 2, 2, 2, 3, 3, 3, 5, 4, 4, 4, 4, 5, 6, 8, 9, 10, 12, 12, 13, 13, 14, 14, 16, 17, 18, 19, 20, 20, 19, 21, 23, 23, 23, 25, 24, 27, 26, 26, 28, 28, 29, 31, 31, 32, 33, 33, 36, 34, 35, 36, 36, 36, 39, 40, 41, 42, 43, 44, 47, 45, 45, 45, 45, 48, 46, 47, 53, 50, 49, 50, 53, 54, 53, 53, 53, 56, 54, 55, 56, 57, 60, 61, 63, 61, 63, 63, 64, 65, 66, 66, 67, 68, 69, 69, 70, 71, 72, 73, 73, 73, 74, 75, 76, 75, 76, 77, 78, 79, 78, 79, 80, 81, 82, 83, 84, 85, 87, 87, 91, 88, 91, 90, 90, 92, 94, 96, 95, 95]","[24, 6, 9, 13, 18, 14, 8, 10, 26, 18, 13, 24, 12, 19, 12, 23, 14, 23, 25, 17, 30, 19, 16, 19, 37, 31, 21, 32, 32, 36, 25, 33, 23, 35, 32, 29, 27, 33, 28, 36, 45, 45, 35, 39, 43, 42, 44, 47, 53, 46, 60, 49, 45, 40, 48, 45, 66, 68, 45, 48, 46, 50, 56, 54, 53, 61, 54, 57, 53, 53, 77, 57, 53, 54, 75, 63, 66, 71, 63, 80, 64, 75, 72, 61, 79, 65, 70, 67, 69, 68, 78, 73, 86, 73, 71, 81, 75, 78, 88, 74, 96, 87, 78, 76, 94, 88, 95, 90, 83, 84, 82, -1, 89, 87, 87, -1, 85, -1, 91, -1, -1, -1, -1, 92, -1, -1, 95, -1, -1, -1, -1, -1]","[0, 0, 0, 0, 0, 0, 0, 0, 0, 0, 0, 0, 0, 0, 0, 0, 0, 0, 0, 0, 0, 0, 0, 0, 0, 0, 0, 0, 0, 0, 0, 0, 0, 0, 0, 0, 0, 0, 0, 0, 0, 0, 0, 0, 0, 0, 0, 0, 0, 0, 0, 0, 0, 0, 0, 0, 0, 0, 0, 0, 0, 0, 0, 0, 0, 0, 0, 0, 0, 0, 0, 0, 0, 0, 0, 0, 0, 0, 0, 0, 0, 0, 0, 0, 0, 0, 0, 0, 0, 0, 0, 0, 0, 0, 0, 0, 0, 0, 0, 0, 0, 0, 0, 0, 0, 0, 0, 0, 0, 0, 0, 4029.0, 0, 0, 0, 1037.8745642664333, 0, 1428.69821980434, 0, 4029.0, 897.8145899490312, 1706.285897503707, 4029.0, 0, 1702.487190246629, 4029.0, 0, 2991.125435733567, 4029.0, 2322.714102496293, 4029.0, 4029.0]","[0, 0, 0, 0, 0, 0, 0, 0, 0, 0, 0, 0, 0, 0, 0, 0, 0, 0, 0, 0, 0, 0, 0, 0, 0, 0, 0, 0, 0, 0, 0, 0, 0, 0, 0, 0, 0, 0, 0, 0, 0, 0, 0, 0, 0, 0, 0, 0, 0, 0, 0, 0, 0, 0, 0, 0, 0, 0, 0, 0, 0, 0, 0, 0, 0, 0, 0, 0, 0, 0, 0, 0, 0, 0, 0, 0, 0, 0, 0, 0, 0, 0, 0, 0, 0, 0, 0, 0, 0, 0, 0, 0, 0, 0, 0, 0, 0, 0, 0, 0, 0, 0, 0, 0, 0, 0, 0, 0, 0, 0, 0, (132.12006666666667, 0.0338, 0.0268), 0, 0, 0, (473.9558, 0.001, 0.001), 0, (473.956, 0.0014, 0.0013333333333333333), 0, (349.525, 5.339466666666667, 2.7218), (41.943, 0.0044666666666666665, 6.666666666666668e-05), (244.6674, 0.0012, 0.0014666666666666665), (242.57, 0.0003333333333333333, 0.0004), 0, (255.852, 0.40273333333333333, 0.13053333333333333), (0.0, 0.0, 0.0), 0, (0.0, 0.0, 0.0), (205.5204, 0.03793333333333333, 0.025266666666666666), (386.924, 1.3948666666666665, 0.0056), (455.08166666666676, 0.012533333333333334, 0.18906666666666663), (139.81, 0.972, 0.7780666666666667)]","[0, 0, 0, 0, 0, 0, 0, 0, 0, 0, 0, 0, 0, 0, 0, 0, 0, 0, 0, 0, 0, 0, 0, 0, 0, 0, 0, 0, 0, 0, 0, 0, 0, 0, 0, 0, 0, 0, 0, 0, 0, 0, 0, 0, 0, 0, 0, 0, 0, 0, 0, 0, 0, 0, 0, 0, 0, 0, 0, 0, 0, 0, 0, 0, 0, 0, 0, 0, 0, 0, 0, 0, 0, 0, 0, 0, 0, 0, 0, 0, 0, 0, 0, 0, 0, 0, 0, 0, 0, 0, 0, 0, 0, 0, 0, 0, 0, 0, 0, 0, 0, 0, 0, 0, 0, 0, 0, 0, 0, 0, 0, (3, 0.0, 0.03398333333333334), 0, 0, 0, (2, 0.0, 0.0005111111111111112), 0, (2, 0.0, 0.0005444444444444444), 0, (2, 0.0, 0.01048888888888889), (2, 0.0, 0.0010444444444444444), (2, 0.0, 0.002361111111111111), (3, 6.666666666666667e-05, 0.009744444444444444), 0, (3, 5e-05, 0.20164999999999994), (2, 0.0, 0.0), 0, (2, 0.0, 0.0), (3, 0.00125, 0.027633333333333336), (1, 0.0, 0.009683333333333334), (2, 0.0002833333333333333, 0.0029611111111111123), (2, 0.0, 0.011461111111111111)]","[-1, -1, -1, -1, -1, -1, -1, -1, -1, -1, -1, -1, -1, -1, -1, -1, -1, -1, -1, -1, -1, -1, -1, -1, -1, -1, -1, -1, -1, -1, -1, -1, -1, -1, -1, -1, -1, -1, -1, -1, -1, -1, -1, -1, -1, -1, -1, -1, -1, -1, -1, -1, -1, -1, -1, -1, -1, -1, -1, -1, -1, -1, -1, -1, -1, -1, -1, -1, -1, -1, -1, -1, -1, -1, -1, -1, -1, -1, -1, -1, -1, -1, -1, -1, -1, -1, -1, -1, -1, -1, -1, -1, -1, -1, -1, -1, -1, -1, -1, -1, -1, -1, -1, -1, -1, -1, -1, -1, -1, -1, -1, 12, -1, -1, -1, 11, -1, 6, -1, 7, 6, 14, 3, -1, 6, 5, -1, 11, 15, 14, 13, 1]","[False, False, False, False, False, False, False, False, False, False, False, False, False, False, False, False, False, False, False, False, False, False, False, False, False, False, False, False, False, False, False, False, False, False, False, False, False, False, False, False, False, False, False, False, False, False, False, False, False, False, False, False, False, False, False, False, False, False, False, False, False, False, False, False, False, False, False, False, False, False, False, False, False, False, False, False, False, False, False, False, False, False, False, False, False, False, False, False, False, False, False, False, False, False, False, False, False, False, False, False, False, False, False, False, False, False, False, False, False, False, False, True, False, False, False, True, False, True, False, True, True, True, True, False, True, True, False, True, True, True, True, True]"
97,"[0, 0, 0, 0, 0, 0, 0, 0, 0, 0, 0, 0, 0, 0, 0, 0, 0, 0, 0, 0, 0, 0, 0, 0, 0, 0, 0, 0, 0, 0, 0, 0, 0, 0, 0, 0, 0, 0, 0, 0, 0, 0, 0, 0, 0, 0, 0, 0, 0, 0, 0, 0, 0, 0, 0, 0, 0, 0, 0, 0, 0, 0, 0, 0, 0, 0, 0, 0, 0, 0, 0, 0, 0, 0, 0, 0, 0, 0, 0, 0, 0, 0, 0, 0, 0, 0, 0, 0, 0, 0, 0, 0, 0, 0, 0, 0, 0, 0, 0, 0, 0, 0, 0, 0, 0, 0, 0, 0, 0, 0, 0, 0, 0, 0, 0, 1048.4116512329779, 0, 1088.4783385412445, 0, 5161.924842736884, 0, 578.5432109491665, 1993.317678598913, 3121.8625785998443, 0, 1425.7062257349019, 3021.6958648479776, 0, 3008.340303014396, 3601.346184986549, 925.6692288098378, 537.5614630098844, 1578.3848591424044, 2006.6731654957287]","[0, 0, 0, 1, 1, 1, 1, 2, 2, 2, 3, 3, 3, 3, 3, 4, 4, 4, 4, 4, 4, 5, 5, 5, 5, 5, 5, 5, 6, 6, 6, 7, 7, 7, 7, 8, 8, 8, 9, 9, 9, 9, 10, 10, 10, 10, 10, 11, 11, 11, 12, 12, 12, 12, 12, 12, 12, 13, 13, 13, 13, 13, 14, 14, 14, 14, 14, 15, 15, 15, 15, 15, 16, 16, 16, 16, 16, 17, 17, 17, 17, 17, 18, 18, 18, 18, 19, 19, 19, 20, 20, 20, 20, 21, 21, 21, 22, 22, 22, 22, 22, 23, 23, 23, 23, 23, 23, 23, 24, 24, 24, 24, 24, 24, 24, 25, 25, 25, 25, 26, 26, 26, 26, 26, 27, 27, 27, 28, 28, 28, 28, 29, 29, 29]","[1, 1, 1, 2, 2, 2, 2, 3, 3, 3, 5, 4, 4, 4, 4, 5, 6, 8, 9, 10, 12, 12, 13, 13, 14, 14, 16, 17, 18, 19, 20, 20, 19, 21, 23, 23, 23, 25, 24, 27, 26, 26, 28, 28, 29, 31, 31, 32, 33, 33, 36, 34, 35, 36, 36, 36, 39, 40, 41, 42, 43, 44, 47, 45, 45, 45, 45, 48, 46, 47, 53, 50, 49, 50, 53, 54, 53, 53, 53, 56, 54, 55, 56, 57, 60, 61, 63, 61, 63, 63, 64, 65, 66, 66, 67, 68, 69, 69, 70, 71, 72, 73, 73, 73, 74, 75, 76, 75, 76, 77, 78, 79, 78, 79, 80, 81, 82, 83, 84, 85, 87, 87, 91, 97, 88, 91, 90, 90, 92, 94, 96, 95, 95, 97]","[24, 6, 9, 13, 18, 14, 8, 10, 26, 18, 13, 24, 12, 19, 12, 23, 14, 23, 25, 17, 30, 19, 16, 19, 37, 31, 21, 32, 32, 36, 25, 33, 23, 35, 32, 29, 27, 33, 28, 36, 45, 45, 35, 39, 43, 42, 44, 47, 53, 46, 60, 49, 45, 40, 48, 45, 66, 68, 45, 48, 46, 50, 56, 54, 53, 61, 54, 57, 53, 53, 77, 57, 53, 54, 75, 63, 66, 71, 63, 80, 64, 75, 72, 61, 79, 65, 70, 67, 69, 68, 78, 73, 86, 73, 71, 81, 75, 78, 88, 74, 96, 87, 78, 76, 94, 88, 95, 90, 83, 84, 82, 97, 89, 87, 87, -1, 85, -1, 91, -1, -1, -1, -1, -1, 92, -1, -1, 95, -1, -1, -1, -1, -1, -1]","[0, 0, 0, 0, 0, 0, 0, 0, 0, 0, 0, 0, 0, 0, 0, 0, 0, 0, 0, 0, 0, 0, 0, 0, 0, 0, 0, 0, 0, 0, 0, 0, 0, 0, 0, 0, 0, 0, 0, 0, 0, 0, 0, 0, 0, 0, 0, 0, 0, 0, 0, 0, 0, 0, 0, 0, 0, 0, 0, 0, 0, 0, 0, 0, 0, 0, 0, 0, 0, 0, 0, 0, 0, 0, 0, 0, 0, 0, 0, 0, 0, 0, 0, 0, 0, 0, 0, 0, 0, 0, 0, 0, 0, 0, 0, 0, 0, 0, 0, 0, 0, 0, 0, 0, 0, 0, 0, 0, 0, 0, 0, 0, 0, 0, 0, 1034.535674109291, 0, 1593.4168171158624, 0, 4029.0, 504.9384785746179, 1840.9369910696644, 4029.0, 4029.0, 0, 1930.6447043095197, 4029.0, 0, 2994.464325890709, 4029.0, 2188.063008930336, 4029.0, 4029.0, 4029.0]","[0, 0, 0, 0, 0, 0, 0, 0, 0, 0, 0, 0, 0, 0, 0, 0, 0, 0, 0, 0, 0, 0, 0, 0, 0, 0, 0, 0, 0, 0, 0, 0, 0, 0, 0, 0, 0, 0, 0, 0, 0, 0, 0, 0, 0, 0, 0, 0, 0, 0, 0, 0, 0, 0, 0, 0, 0, 0, 0, 0, 0, 0, 0, 0, 0, 0, 0, 0, 0, 0, 0, 0, 0, 0, 0, 0, 0, 0, 0, 0, 0, 0, 0, 0, 0, 0, 0, 0, 0, 0, 0, 0, 0, 0, 0, 0, 0, 0, 0, 0, 0, 0, 0, 0, 0, 0, 0, 0, 0, 0, 0, 0, 0, 0, 0, (447.39173333333326, 0.0028, 0.0027333333333333333), 0, (462.7710666666665, 0.001066666666666667, 0.001), 0, (553.6476, 10.710466666666667, 4.053266666666667), (53.1278, 0.004533333333333333, 6.666666666666668e-05), (275.4254, 0.0011333333333333332, 0.0014666666666666665), (231.3854, 0.0005333333333333334, 0.0008), (0.0, 0.0, 0.0), 0, (213.9092, 0.46873333333333334, 0.15180000000000002), (0.0, 0.0, 0.0), 0, (0.0, 0.0, 0.0), (130.0228, 0.042466666666666666, 0.027733333333333336), (349.1754, 0.6480666666666667, 0.003466666666666667), (471.15966666666674, 0.013066666666666664, 0.18946666666666667), (184.5492, 0.9548666666666666, 0.7652666666666668), (306.18366666666674, 0.5942000000000001, 0.19193333333333337)]","[0, 0, 0, 0, 0, 0, 0, 0, 0, 0, 0, 0, 0, 0, 0, 0, 0, 0, 0, 0, 0, 0, 0, 0, 0, 0, 0, 0, 0, 0, 0, 0, 0, 0, 0, 0, 0, 0, 0, 0, 0, 0, 0, 0, 0, 0, 0, 0, 0, 0, 0, 0, 0, 0, 0, 0, 0, 0, 0, 0, 0, 0, 0, 0, 0, 0, 0, 0, 0, 0, 0, 0, 0, 0, 0, 0, 0, 0, 0, 0, 0, 0, 0, 0, 0, 0, 0, 0, 0, 0, 0, 0, 0, 0, 0, 0, 0, 0, 0, 0, 0, 0, 0, 0, 0, 0, 0, 0, 0, 0, 0, 0, 0, 0, 0, (2, 0.0, 0.0005), 0, (2, 0.0, 0.0004888888888888889), 0, (2, 0.0, 0.008927777777777778), (2, 0.0, 0.001027777777777778), (2, 0.0005666666666666666, 0.002327777777777778), (3, 6.666666666666667e-05, 0.011649999999999999), (2, 0.0, 0.0), 0, (3, 3.3333333333333335e-05, 0.2765777777777778), (2, 0.0, 0.0), 0, (2, 0.0, 0.0), (3, 0.0008, 0.02777777777777778), (1, 0.0, 0.00023333333333333333), (2, 0.00035, 0.0039833333333333335), (2, 1.666666666666667e-05, 0.010605555555555557), (3, 0.011550000000000001, 0.43049444444444446)]","[-1, -1, -1, -1, -1, -1, -1, -1, -1, -1, -1, -1, -1, -1, -1, -1, -1, -1, -1, -1, -1, -1, -1, -1, -1, -1, -1, -1, -1, -1, -1, -1, -1, -1, -1, -1, -1, -1, -1, -1, -1, -1, -1, -1, -1, -1, -1, -1, -1, -1, -1, -1, -1, -1, -1, -1, -1, -1, -1, -1, -1, -1, -1, -1, -1, -1, -1, -1, -1, -1, -1, -1, -1, -1, -1, -1, -1, -1, -1, -1, -1, -1, -1, -1, -1, -1, -1, -1, -1, -1, -1, -1, -1, -1, -1, -1, -1, -1, -1, -1, -1, -1, -1, -1, -1, -1, -1, -1, -1, -1, -1, -1, -1, -1, -1, 11, -1, 6, -1, 7, 6, 14, 3, 8, -1, 6, 5, -1, 11, 15, 14, 13, 1, 10]","[False, False, False, False, False, False, False, False, False, False, False, False, False, False, False, False, False, False, False, False, False, False, False, False, False, False, False, False, False, False, False, False, False, False, False, False, False, False, False, False, False, False, False, False, False, False, False, False, False, False, False, False, False, False, False, False, False, False, False, False, False, False, False, False, False, False, False, False, False, False, False, False, False, False, False, False, False, False, False, False, False, False, False, False, False, False, False, False, False, False, False, False, False, False, False, False, False, False, False, False, False, False, False, False, False, False, False, False, False, False, False, False, False, False, False, True, False, True, False, True, True, True, True, True, False, True, True, False, True, True, True, True, True, True]"
98,"[0, 0, 0, 0, 0, 0, 0, 0, 0, 0, 0, 0, 0, 0, 0, 0, 0, 0, 0, 0, 0, 0, 0, 0, 0, 0, 0, 0, 0, 0, 0, 0, 0, 0, 0, 0, 0, 0, 0, 0, 0, 0, 0, 0, 0, 0, 0, 0, 0, 0, 0, 0, 0, 0, 0, 0, 0, 0, 0, 0, 0, 0, 0, 0, 0, 0, 0, 0, 0, 0, 0, 0, 0, 0, 0, 0, 0, 0, 0, 0, 0, 0, 0, 0, 0, 0, 0, 0, 0, 0, 0, 0, 0, 0, 0, 0, 0, 0, 0, 0, 0, 0, 0, 0, 0, 0, 0, 0, 0, 0, 0, 0, 0, 0, 0, 1031.7171981878666, 0, 1035.0560887968888, 0, 0, 0, 569.6425461653333, 1889.8120704974624, 3065.1014408071205, 0, 2036.723179621289, 2894.8180274289466, 0, 3068.4403312655163, 3261.75156374067, 1237.8771935563511, 0, 1622.8881916370212, 1352.2506356501997, 450.7502254398]","[0, 0, 0, 1, 1, 1, 1, 2, 2, 2, 3, 3, 3, 3, 3, 4, 4, 4, 4, 4, 4, 5, 5, 5, 5, 5, 5, 5, 6, 6, 6, 7, 7, 7, 7, 8, 8, 8, 9, 9, 9, 9, 10, 10, 10, 10, 10, 11, 11, 11, 12, 12, 12, 12, 12, 12, 12, 13, 13, 13, 13, 13, 14, 14, 14, 14, 14, 15, 15, 15, 15, 15, 16, 16, 16, 16, 16, 17, 17, 17, 17, 17, 18, 18, 18, 18, 19, 19, 19, 20, 20, 20, 20, 21, 21, 21, 22, 22, 22, 22, 22, 23, 23, 23, 23, 23, 23, 23, 24, 24, 24, 24, 24, 24, 24, 25, 25, 25, 25, 26, 26, 26, 26, 26, 27, 27, 27, 28, 28, 28, 28, 29, 29, 29, 30]","[1, 1, 1, 2, 2, 2, 2, 3, 3, 3, 5, 4, 4, 4, 4, 5, 6, 8, 9, 10, 12, 12, 13, 13, 14, 14, 16, 17, 18, 19, 20, 20, 19, 21, 23, 23, 23, 25, 24, 27, 26, 26, 28, 28, 29, 31, 31, 32, 33, 33, 36, 34, 35, 36, 36, 36, 39, 40, 41, 42, 43, 44, 47, 45, 45, 45, 45, 48, 46, 47, 53, 50, 49, 50, 53, 54, 53, 53, 53, 56, 54, 55, 56, 57, 60, 61, 63, 61, 63, 63, 64, 65, 66, 66, 67, 68, 69, 69, 70, 71, 72, 73, 73, 73, 74, 75, 76, 75, 76, 77, 78, 79, 78, 79, 80, 81, 82, 83, 84, 85, 87, 87, 91, 97, 88, 91, 90, 90, 92, 94, 96, 95, 95, 97, 98]","[24, 6, 9, 13, 18, 14, 8, 10, 26, 18, 13, 24, 12, 19, 12, 23, 14, 23, 25, 17, 30, 19, 16, 19, 37, 31, 21, 32, 32, 36, 25, 33, 23, 35, 32, 29, 27, 33, 28, 36, 45, 45, 35, 39, 43, 42, 44, 47, 53, 46, 60, 49, 45, 40, 48, 45, 66, 68, 45, 48, 46, 50, 56, 54, 53, 61, 54, 57, 53, 53, 77, 57, 53, 54, 75, 63, 66, 71, 63, 80, 64, 75, 72, 61, 79, 65, 70, 67, 69, 68, 78, 73, 86, 73, 71, 81, 75, 78, 88, 74, 96, 87, 78, 76, 94, 88, 95, 90, 83, 84, 82, 97, 89, 87, 87, -1, 85, -1, 91, -1, 98, -1, -1, -1, 92, -1, -1, 95, -1, -1, -1, -1, -1, -1, -1]","[0, 0, 0, 0, 0, 0, 0, 0, 0, 0, 0, 0, 0, 0, 0, 0, 0, 0, 0, 0, 0, 0, 0, 0, 0, 0, 0, 0, 0, 0, 0, 0, 0, 0, 0, 0, 0, 0, 0, 0, 0, 0, 0, 0, 0, 0, 0, 0, 0, 0, 0, 0, 0, 0, 0, 0, 0, 0, 0, 0, 0, 0, 0, 0, 0, 0, 0, 0, 0, 0, 0, 0, 0, 0, 0, 0, 0, 0, 0, 0, 0, 0, 0, 0, 0, 0, 0, 0, 0, 0, 0, 0, 0, 0, 0, 0, 0, 0, 0, 0, 0, 0, 0, 0, 0, 0, 0, 0, 0, 0, 0, 0, 0, 0, 0, 996.138433461175, 0, 1513.6664545878, 0, 4029.0, 0, 1680.3826763044913, 4029.0, 4029.0, 0, 2515.3335454122002, 4029.0, 0, 3032.8615665388247, 4029.0, 2348.617323695509, 4029.0, 2600.5689830986107, 4029.0, 1428.4310169013895]","[0, 0, 0, 0, 0, 0, 0, 0, 0, 0, 0, 0, 0, 0, 0, 0, 0, 0, 0, 0, 0, 0, 0, 0, 0, 0, 0, 0, 0, 0, 0, 0, 0, 0, 0, 0, 0, 0, 0, 0, 0, 0, 0, 0, 0, 0, 0, 0, 0, 0, 0, 0, 0, 0, 0, 0, 0, 0, 0, 0, 0, 0, 0, 0, 0, 0, 0, 0, 0, 0, 0, 0, 0, 0, 0, 0, 0, 0, 0, 0, 0, 0, 0, 0, 0, 0, 0, 0, 0, 0, 0, 0, 0, 0, 0, 0, 0, 0, 0, 0, 0, 0, 0, 0, 0, 0, 0, 0, 0, 0, 0, 0, 0, 0, 0, (490.7332, 0.002466666666666667, 0.0023333333333333335), 0, (473.9558, 0.001, 0.001), 0, (503.316, 17.2942, 4.714533333333334), 0, (257.2501333333333, 0.0011333333333333332, 0.0014666666666666665), (253.7549333333333, 0.0006666666666666666, 0.0008), (0.0, 0.0, 0.0), 0, (212.51093333333333, 0.6914, 0.224), (0.0, 0.0, 0.0), 0, (0.0, 0.0, 0.0), (110.44946666666667, 0.04046666666666667, 0.026666666666666672), (320.86379999999997, 0.6452, 0.0048), (486.5389333333335, 0.012733333333333333, 0.18919999999999998), (131.4214, 0.9578666666666666, 0.7716000000000001), (281.018, 0.42160000000000003, 0.13533333333333333), (184.549, 0.0, 0.0)]","[0, 0, 0, 0, 0, 0, 0, 0, 0, 0, 0, 0, 0, 0, 0, 0, 0, 0, 0, 0, 0, 0, 0, 0, 0, 0, 0, 0, 0, 0, 0, 0, 0, 0, 0, 0, 0, 0, 0, 0, 0, 0, 0, 0, 0, 0, 0, 0, 0, 0, 0, 0, 0, 0, 0, 0, 0, 0, 0, 0, 0, 0, 0, 0, 0, 0, 0, 0, 0, 0, 0, 0, 0, 0, 0, 0, 0, 0, 0, 0, 0, 0, 0, 0, 0, 0, 0, 0, 0, 0, 0, 0, 0, 0, 0, 0, 0, 0, 0, 0, 0, 0, 0, 0, 0, 0, 0, 0, 0, 0, 0, 0, 0, 0, 0, (2, 0.0, 0.0005055555555555555), 0, (2, 0.0, 0.0005111111111111112), 0, (2, 2.327875, 0.009094444444444445), 0, (2, 0.0002333333333333333, 0.002361111111111111), (3, 0.00018333333333333334, 0.015666666666666666), (2, 0.0, 0.0), 0, (3, 0.0002333333333333333, 0.49188333333333323), (2, 0.0, 0.0), 0, (2, 0.0, 0.0), (3, 0.00011666666666666667, 0.02971666666666666), (1, 0.0, 0.0002222222222222222), (2, 0.07660000000000003, 0.0032111111111111108), (2, 0.0, 0.010555555555555558), (3, 1.666666666666667e-05, 0.2272388888888889), (1, 0.0, 0.00029444444444444445)]","[-1, -1, -1, -1, -1, -1, -1, -1, -1, -1, -1, -1, -1, -1, -1, -1, -1, -1, -1, -1, -1, -1, -1, -1, -1, -1, -1, -1, -1, -1, -1, -1, -1, -1, -1, -1, -1, -1, -1, -1, -1, -1, -1, -1, -1, -1, -1, -1, -1, -1, -1, -1, -1, -1, -1, -1, -1, -1, -1, -1, -1, -1, -1, -1, -1, -1, -1, -1, -1, -1, -1, -1, -1, -1, -1, -1, -1, -1, -1, -1, -1, -1, -1, -1, -1, -1, -1, -1, -1, -1, -1, -1, -1, -1, -1, -1, -1, -1, -1, -1, -1, -1, -1, -1, -1, -1, -1, -1, -1, -1, -1, -1, -1, -1, -1, 11, -1, 6, -1, 7, -1, 14, 3, 8, -1, 6, 5, -1, 11, 15, 14, 13, 1, 10, 1]","[False, False, False, False, False, False, False, False, False, False, False, False, False, False, False, False, False, False, False, False, False, False, False, False, False, False, False, False, False, False, False, False, False, False, False, False, False, False, False, False, False, False, False, False, False, False, False, False, False, False, False, False, False, False, False, False, False, False, False, False, False, False, False, False, False, False, False, False, False, False, False, False, False, False, False, False, False, False, False, False, False, False, False, False, False, False, False, False, False, False, False, False, False, False, False, False, False, False, False, False, False, False, False, False, False, False, False, False, False, False, False, False, False, False, False, True, False, True, False, True, False, True, True, True, False, True, True, False, True, True, True, True, True, True, True]"
99,"[0, 0, 0, 0, 0, 0, 0, 0, 0, 0, 0, 0, 0, 0, 0, 0, 0, 0, 0, 0, 0, 0, 0, 0, 0, 0, 0, 0, 0, 0, 0, 0, 0, 0, 0, 0, 0, 0, 0, 0, 0, 0, 0, 0, 0, 0, 0, 0, 0, 0, 0, 0, 0, 0, 0, 0, 0, 0, 0, 0, 0, 0, 0, 0, 0, 0, 0, 0, 0, 0, 0, 0, 0, 0, 0, 0, 0, 0, 0, 0, 0, 0, 0, 0, 0, 0, 0, 0, 0, 0, 0, 0, 0, 0, 0, 0, 0, 0, 0, 0, 0, 0, 0, 0, 0, 0, 0, 0, 0, 0, 0, 0, 0, 0, 0, 1068.444994887111, 0, 0, 0, 0, 0, 0, 2103.5010678682, 2911.512479720924, 0, 1769.6119429496443, 3151.912592725404, 0, 3021.6958648479776, 3502.7541981732297, 1317.298517921692, 0, 1596.1861921402513, 1409.0117734429248, 1147.5012037613078, 570.9502855570801, 1154.1194728238213, 599.3113997345512]","[0, 0, 0, 1, 1, 1, 1, 2, 2, 2, 3, 3, 3, 3, 3, 4, 4, 4, 4, 4, 4, 5, 5, 5, 5, 5, 5, 5, 6, 6, 6, 7, 7, 7, 7, 8, 8, 8, 9, 9, 9, 9, 10, 10, 10, 10, 10, 11, 11, 11, 12, 12, 12, 12, 12, 12, 12, 13, 13, 13, 13, 13, 14, 14, 14, 14, 14, 15, 15, 15, 15, 15, 16, 16, 16, 16, 16, 17, 17, 17, 17, 17, 18, 18, 18, 18, 19, 19, 19, 20, 20, 20, 20, 21, 21, 21, 22, 22, 22, 22, 22, 23, 23, 23, 23, 23, 23, 23, 24, 24, 24, 24, 24, 24, 24, 25, 25, 25, 25, 26, 26, 26, 26, 26, 27, 27, 27, 28, 28, 28, 28, 29, 29, 29, 29, 30, 30, 30]","[1, 1, 1, 2, 2, 2, 2, 3, 3, 3, 5, 4, 4, 4, 4, 5, 6, 8, 9, 10, 12, 12, 13, 13, 14, 14, 16, 17, 18, 19, 20, 20, 19, 21, 23, 23, 23, 25, 24, 27, 26, 26, 28, 28, 29, 31, 31, 32, 33, 33, 36, 34, 35, 36, 36, 36, 39, 40, 41, 42, 43, 44, 47, 45, 45, 45, 45, 48, 46, 47, 53, 50, 49, 50, 53, 54, 53, 53, 53, 56, 54, 55, 56, 57, 60, 61, 63, 61, 63, 63, 64, 65, 66, 66, 67, 68, 69, 69, 70, 71, 72, 73, 73, 73, 74, 75, 76, 75, 76, 77, 78, 79, 78, 79, 80, 81, 82, 83, 84, 85, 87, 87, 91, 97, 88, 91, 90, 90, 92, 94, 96, 95, 95, 97, 99, 98, 99, 99]","[24, 6, 9, 13, 18, 14, 8, 10, 26, 18, 13, 24, 12, 19, 12, 23, 14, 23, 25, 17, 30, 19, 16, 19, 37, 31, 21, 32, 32, 36, 25, 33, 23, 35, 32, 29, 27, 33, 28, 36, 45, 45, 35, 39, 43, 42, 44, 47, 53, 46, 60, 49, 45, 40, 48, 45, 66, 68, 45, 48, 46, 50, 56, 54, 53, 61, 54, 57, 53, 53, 77, 57, 53, 54, 75, 63, 66, 71, 63, 80, 64, 75, 72, 61, 79, 65, 70, 67, 69, 68, 78, 73, 86, 73, 71, 81, 75, 78, 88, 74, 96, 87, 78, 76, 94, 88, 95, 90, 83, 84, 82, 97, 89, 87, 87, -1, 85, -1, 91, 99, 98, -1, -1, -1, 92, -1, -1, 95, -1, -1, -1, 99, -1, -1, -1, -1, -1, -1]","[0, 0, 0, 0, 0, 0, 0, 0, 0, 0, 0, 0, 0, 0, 0, 0, 0, 0, 0, 0, 0, 0, 0, 0, 0, 0, 0, 0, 0, 0, 0, 0, 0, 0, 0, 0, 0, 0, 0, 0, 0, 0, 0, 0, 0, 0, 0, 0, 0, 0, 0, 0, 0, 0, 0, 0, 0, 0, 0, 0, 0, 0, 0, 0, 0, 0, 0, 0, 0, 0, 0, 0, 0, 0, 0, 0, 0, 0, 0, 0, 0, 0, 0, 0, 0, 0, 0, 0, 0, 0, 0, 0, 0, 0, 0, 0, 0, 0, 0, 0, 0, 0, 0, 0, 0, 0, 0, 0, 0, 0, 0, 0, 0, 0, 0, 1037.8745650195667, 0, 370.6289510963493, 0, 0, 0, 1437.4402635880892, 4029.0, 4029.0, 0, 2140.2408940459936, 4029.0, 0, 2991.125434980433, 4029.0, 4029.0, 0, 2527.1179532915858, 4029.0, 1518.130154857657, 1501.8820467084142, 2591.5597364119103, 4029.0]","[0, 0, 0, 0, 0, 0, 0, 0, 0, 0, 0, 0, 0, 0, 0, 0, 0, 0, 0, 0, 0, 0, 0, 0, 0, 0, 0, 0, 0, 0, 0, 0, 0, 0, 0, 0, 0, 0, 0, 0, 0, 0, 0, 0, 0, 0, 0, 0, 0, 0, 0, 0, 0, 0, 0, 0, 0, 0, 0, 0, 0, 0, 0, 0, 0, 0, 0, 0, 0, 0, 0, 0, 0, 0, 0, 0, 0, 0, 0, 0, 0, 0, 0, 0, 0, 0, 0, 0, 0, 0, 0, 0, 0, 0, 0, 0, 0, 0, 0, 0, 0, 0, 0, 0, 0, 0, 0, 0, 0, 0, 0, 0, 0, 0, 0, (520.0932, 0.0013333333333333333, 0.001), 0, (447.39173333333326, 0.0028, 0.0027333333333333333), 0, 0, 0, (377.48666666666674, 0.0012, 0.0016), (244.66713333333328, 0.0014666666666666665, 0.0012), (0.0, 0.0, 0.0), 0, (190.14146666666667, 0.5508, 0.17880000000000001), (0.0, 0.0, 0.0), 0, (0.0, 0.0, 0.0), (119.5372, 0.03373333333333334, 0.02686666666666667), (301.98920000000004, 0.6321333333333333, 0.005666666666666668), 0, (153.791, 0.9633999999999999, 0.7669333333333332), (255.852, 0.49213333333333326, 0.15953333333333333), (386.924, 1.3948666666666665, 0.0056), (225.0938, 0.0, 0.0), (176.16013333333333, 1.632466666666667, 0.017733333333333334), (0.0, 0.004733333333333333, 0.00013333333333333334)]","[0, 0, 0, 0, 0, 0, 0, 0, 0, 0, 0, 0, 0, 0, 0, 0, 0, 0, 0, 0, 0, 0, 0, 0, 0, 0, 0, 0, 0, 0, 0, 0, 0, 0, 0, 0, 0, 0, 0, 0, 0, 0, 0, 0, 0, 0, 0, 0, 0, 0, 0, 0, 0, 0, 0, 0, 0, 0, 0, 0, 0, 0, 0, 0, 0, 0, 0, 0, 0, 0, 0, 0, 0, 0, 0, 0, 0, 0, 0, 0, 0, 0, 0, 0, 0, 0, 0, 0, 0, 0, 0, 0, 0, 0, 0, 0, 0, 0, 0, 0, 0, 0, 0, 0, 0, 0, 0, 0, 0, 0, 0, 0, 0, 0, 0, (2, 0.0, 0.0005055555555555555), 0, (2, 0.0, 0.0005), 0, 0, 0, (2, 0.6301, 0.005644444444444444), (3, 0.00015, 0.019816666666666666), (2, 0.0, 0.0), 0, (3, 0.00013333333333333334, 0.3462888888888889), (2, 0.0, 0.0), 0, (2, 0.0, 0.0), (3, 0.0013666666666666669, 0.04000555555555556), (1, 0.0, 0.00025), 0, (2, 0.0, 0.0117), (3, 8.333333333333333e-05, 0.28617777777777775), (1, 0.0, 0.009683333333333334), (1, 0.0, 0.0002833333333333333), (3, 0.0, 0.0001388888888888889), (3, 0.0, 0.0014222222222222223)]","[-1, -1, -1, -1, -1, -1, -1, -1, -1, -1, -1, -1, -1, -1, -1, -1, -1, -1, -1, -1, -1, -1, -1, -1, -1, -1, -1, -1, -1, -1, -1, -1, -1, -1, -1, -1, -1, -1, -1, -1, -1, -1, -1, -1, -1, -1, -1, -1, -1, -1, -1, -1, -1, -1, -1, -1, -1, -1, -1, -1, -1, -1, -1, -1, -1, -1, -1, -1, -1, -1, -1, -1, -1, -1, -1, -1, -1, -1, -1, -1, -1, -1, -1, -1, -1, -1, -1, -1, -1, -1, -1, -1, -1, -1, -1, -1, -1, -1, -1, -1, -1, -1, -1, -1, -1, -1, -1, -1, -1, -1, -1, -1, -1, -1, -1, 11, -1, 6, -1, -1, -1, 14, 3, 8, -1, 6, 5, -1, 11, 15, 0, -1, 1, 4, 6, 1, 14, 13]","[False, False, False, False, False, False, False, False, False, False, False, False, False, False, False, False, False, False, False, False, False, False, False, False, False, False, False, False, False, False, False, False, False, False, False, False, False, False, False, False, False, False, False, False, False, False, False, False, False, False, False, False, False, False, False, False, False, False, False, False, False, False, False, False, False, False, False, False, False, False, False, False, False, False, False, False, False, False, False, False, False, False, False, False, False, False, False, False, False, False, False, False, False, False, False, False, False, False, False, False, False, False, False, False, False, False, False, False, False, False, False, False, False, False, False, True, False, True, False, False, False, True, True, True, False, True, True, False, True, True, True, False, True, True, True, True, True, True]"
100,"[0, 0, 0, 0, 0, 0, 0, 0, 0, 0, 0, 0, 0, 0, 0, 0, 0, 0, 0, 0, 0, 0, 0, 0, 0, 0, 0, 0, 0, 0, 0, 0, 0, 0, 0, 0, 0, 0, 0, 0, 0, 0, 0, 0, 0, 0, 0, 0, 0, 0, 0, 0, 0, 0, 0, 0, 0, 0, 0, 0, 0, 0, 0, 0, 0, 0, 0, 0, 0, 0, 0, 0, 0, 0, 0, 0, 0, 0, 0, 0, 0, 0, 0, 0, 0, 0, 0, 0, 0, 0, 0, 0, 0, 0, 0, 0, 0, 0, 0, 0, 0, 0, 0, 0, 0, 0, 0, 0, 0, 0, 0, 0, 0, 0, 0, 0, 0, 0, 0, 0, 0, 0, 2073.45105261294, 3145.2348118086134, 0, 1292.1506073990797, 2938.223603388089, 0, 2894.8180274289466, 2935.85027399664, 1309.0825188494155, 0, 1655.52396879974, 1816.3564093671823, 925.6692288098378, 500.8335838220001, 1875.0732823255908, 620.0796165570354, 501.40426599866777, 644.4058826961312]","[0, 0, 0, 1, 1, 1, 1, 2, 2, 2, 3, 3, 3, 3, 3, 4, 4, 4, 4, 4, 4, 5, 5, 5, 5, 5, 5, 5, 6, 6, 6, 7, 7, 7, 7, 8, 8, 8, 9, 9, 9, 9, 10, 10, 10, 10, 10, 11, 11, 11, 12, 12, 12, 12, 12, 12, 12, 13, 13, 13, 13, 13, 14, 14, 14, 14, 14, 15, 15, 15, 15, 15, 16, 16, 16, 16, 16, 17, 17, 17, 17, 17, 18, 18, 18, 18, 19, 19, 19, 20, 20, 20, 20, 21, 21, 21, 22, 22, 22, 22, 22, 23, 23, 23, 23, 23, 23, 23, 24, 24, 24, 24, 24, 24, 24, 25, 25, 25, 25, 26, 26, 26, 26, 26, 27, 27, 27, 28, 28, 28, 28, 29, 29, 29, 29, 30, 30, 30, 30, 30]","[1, 1, 1, 2, 2, 2, 2, 3, 3, 3, 5, 4, 4, 4, 4, 5, 6, 8, 9, 10, 12, 12, 13, 13, 14, 14, 16, 17, 18, 19, 20, 20, 19, 21, 23, 23, 23, 25, 24, 27, 26, 26, 28, 28, 29, 31, 31, 32, 33, 33, 36, 34, 35, 36, 36, 36, 39, 40, 41, 42, 43, 44, 47, 45, 45, 45, 45, 48, 46, 47, 53, 50, 49, 50, 53, 54, 53, 53, 53, 56, 54, 55, 56, 57, 60, 61, 63, 61, 63, 63, 64, 65, 66, 66, 67, 68, 69, 69, 70, 71, 72, 73, 73, 73, 74, 75, 76, 75, 76, 77, 78, 79, 78, 79, 80, 81, 82, 83, 84, 85, 87, 87, 91, 97, 88, 91, 90, 90, 92, 94, 96, 95, 95, 97, 99, 98, 99, 99, 100, 100]","[24, 6, 9, 13, 18, 14, 8, 10, 26, 18, 13, 24, 12, 19, 12, 23, 14, 23, 25, 17, 30, 19, 16, 19, 37, 31, 21, 32, 32, 36, 25, 33, 23, 35, 32, 29, 27, 33, 28, 36, 45, 45, 35, 39, 43, 42, 44, 47, 53, 46, 60, 49, 45, 40, 48, 45, 66, 68, 45, 48, 46, 50, 56, 54, 53, 61, 54, 57, 53, 53, 77, 57, 53, 54, 75, 63, 66, 71, 63, 80, 64, 75, 72, 61, 79, 65, 70, 67, 69, 68, 78, 73, 86, 73, 71, 81, 75, 78, 88, 74, 96, 87, 78, 76, 94, 88, 95, 90, 83, 84, 82, 97, 89, 87, 87, -1, 85, 100, 91, 99, 98, 100, -1, -1, 92, -1, -1, 95, -1, -1, -1, 99, -1, -1, -1, -1, -1, -1, -1, -1]","[0, 0, 0, 0, 0, 0, 0, 0, 0, 0, 0, 0, 0, 0, 0, 0, 0, 0, 0, 0, 0, 0, 0, 0, 0, 0, 0, 0, 0, 0, 0, 0, 0, 0, 0, 0, 0, 0, 0, 0, 0, 0, 0, 0, 0, 0, 0, 0, 0, 0, 0, 0, 0, 0, 0, 0, 0, 0, 0, 0, 0, 0, 0, 0, 0, 0, 0, 0, 0, 0, 0, 0, 0, 0, 0, 0, 0, 0, 0, 0, 0, 0, 0, 0, 0, 0, 0, 0, 0, 0, 0, 0, 0, 0, 0, 0, 0, 0, 0, 0, 0, 0, 0, 0, 0, 0, 0, 0, 0, 0, 0, 0, 0, 0, 0, 567.0909862855267, 0, 0, 0, 0, 0, 0, 4029.0, 4029.0, 0, 1681.0753677640635, 4029.0, 0, 3461.909013714473, 4029.0, 4029.0, 0, 2591.84519248887, 4029.0, 1314.5939891748217, 1437.15480751113, 4029.0, 4029.0, 4029.0, 1033.330643061115]","[0, 0, 0, 0, 0, 0, 0, 0, 0, 0, 0, 0, 0, 0, 0, 0, 0, 0, 0, 0, 0, 0, 0, 0, 0, 0, 0, 0, 0, 0, 0, 0, 0, 0, 0, 0, 0, 0, 0, 0, 0, 0, 0, 0, 0, 0, 0, 0, 0, 0, 0, 0, 0, 0, 0, 0, 0, 0, 0, 0, 0, 0, 0, 0, 0, 0, 0, 0, 0, 0, 0, 0, 0, 0, 0, 0, 0, 0, 0, 0, 0, 0, 0, 0, 0, 0, 0, 0, 0, 0, 0, 0, 0, 0, 0, 0, 0, 0, 0, 0, 0, 0, 0, 0, 0, 0, 0, 0, 0, 0, 0, 0, 0, 0, 0, (482.3444, 0.0026666666666666666, 0.0030666666666666668), 0, 0, 0, 0, 0, 0, (254.4540666666667, 0.0026, 0.0088), (0.0, 0.0, 0.0), 0, (198.53, 0.4244, 0.13933333333333334), (0.0, 0.0, 0.0), 0, (0.0, 0.0, 0.0), (105.55626666666666, 0.03646666666666667, 0.024466666666666664), (333.44653333333326, 0.6355333333333333, 0.0052), 0, (125.829, 0.9370666666666667, 0.7570666666666667), (226.49179999999998, 0.6, 0.19540000000000002), (349.1754, 0.6480666666666667, 0.003466666666666667), (191.5394, 0.0, 0.0), (214.6078, 3.082733333333333, 0.04673333333333334), (0.0, 0.004666666666666667, 6.666666666666668e-05), (0.0, 0.0048, 6.666666666666668e-05), (32.15606666666666, 0.0009333333333333332, 6.666666666666668e-05)]","[0, 0, 0, 0, 0, 0, 0, 0, 0, 0, 0, 0, 0, 0, 0, 0, 0, 0, 0, 0, 0, 0, 0, 0, 0, 0, 0, 0, 0, 0, 0, 0, 0, 0, 0, 0, 0, 0, 0, 0, 0, 0, 0, 0, 0, 0, 0, 0, 0, 0, 0, 0, 0, 0, 0, 0, 0, 0, 0, 0, 0, 0, 0, 0, 0, 0, 0, 0, 0, 0, 0, 0, 0, 0, 0, 0, 0, 0, 0, 0, 0, 0, 0, 0, 0, 0, 0, 0, 0, 0, 0, 0, 0, 0, 0, 0, 0, 0, 0, 0, 0, 0, 0, 0, 0, 0, 0, 0, 0, 0, 0, 0, 0, 0, 0, (2, 0.0, 0.0005), 0, 0, 0, 0, 0, 0, (3, 0.00011666666666666667, 0.017588888888888887), (2, 0.0, 0.0), 0, (3, 1.666666666666667e-05, 0.19247222222222224), (2, 0.0, 0.0), 0, (2, 0.0, 0.0), (3, 0.0, 0.024422222222222224), (1, 0.0, 0.0002111111111111111), 0, (2, 0.06273333333333334, 0.031105555555555553), (3, 0.00016666666666666666, 0.37338333333333334), (1, 0.0, 0.00023333333333333333), (1, 1.666666666666667e-05, 0.0002611111111111111), (3, 0.0, 0.00015555555555555556), (3, 0.0, 0.001661111111111111), (2, 0.0, 0.0013222222222222222), (1, 0.0, 0.000638888888888889)]","[-1, -1, -1, -1, -1, -1, -1, -1, -1, -1, -1, -1, -1, -1, -1, -1, -1, -1, -1, -1, -1, -1, -1, -1, -1, -1, -1, -1, -1, -1, -1, -1, -1, -1, -1, -1, -1, -1, -1, -1, -1, -1, -1, -1, -1, -1, -1, -1, -1, -1, -1, -1, -1, -1, -1, -1, -1, -1, -1, -1, -1, -1, -1, -1, -1, -1, -1, -1, -1, -1, -1, -1, -1, -1, -1, -1, -1, -1, -1, -1, -1, -1, -1, -1, -1, -1, -1, -1, -1, -1, -1, -1, -1, -1, -1, -1, -1, -1, -1, -1, -1, -1, -1, -1, -1, -1, -1, -1, -1, -1, -1, -1, -1, -1, -1, 11, -1, -1, -1, -1, -1, -1, 3, 8, -1, 6, 5, -1, 11, 15, 0, -1, 1, 4, 6, 1, 14, 13, 10, 6]","[False, False, False, False, False, False, False, False, False, False, False, False, False, False, False, False, False, False, False, False, False, False, False, False, False, False, False, False, False, False, False, False, False, False, False, False, False, False, False, False, False, False, False, False, False, False, False, False, False, False, False, False, False, False, False, False, False, False, False, False, False, False, False, False, False, False, False, False, False, False, False, False, False, False, False, False, False, False, False, False, False, False, False, False, False, False, False, False, False, False, False, False, False, False, False, False, False, False, False, False, False, False, False, False, False, False, False, False, False, False, False, False, False, False, False, True, False, False, False, False, False, False, True, True, False, True, True, False, True, True, True, False, True, True, True, True, True, True, True, True]"
101,"[0, 0, 0, 0, 0, 0, 0, 0, 0, 0, 0, 0, 0, 0, 0, 0, 0, 0, 0, 0, 0, 0, 0, 0, 0, 0, 0, 0, 0, 0, 0, 0, 0, 0, 0, 0, 0, 0, 0, 0, 0, 0, 0, 0, 0, 0, 0, 0, 0, 0, 0, 0, 0, 0, 0, 0, 0, 0, 0, 0, 0, 0, 0, 0, 0, 0, 0, 0, 0, 0, 0, 0, 0, 0, 0, 0, 0, 0, 0, 0, 0, 0, 0, 0, 0, 0, 0, 0, 0, 0, 0, 0, 0, 0, 0, 0, 0, 0, 0, 0, 0, 0, 0, 0, 0, 0, 0, 0, 0, 0, 0, 0, 0, 0, 0, 0, 0, 0, 0, 0, 0, 0, 2293.817831151513, 2988.3069602640226, 0, 961.60045201792, 2958.2569461384624, 0, 3151.912592725404, 2837.2582871833197, 1207.75186362467, 0, 2278.570623724373, 2230.3788262082307, 1237.8771935563511, 474.12245935149326, 1510.1460454172877, 578.5431829120669, 498.43737685074666, 647.744773280049, 777.9614183128089]","[0, 0, 0, 1, 1, 1, 1, 2, 2, 2, 3, 3, 3, 3, 3, 4, 4, 4, 4, 4, 4, 5, 5, 5, 5, 5, 5, 5, 6, 6, 6, 7, 7, 7, 7, 8, 8, 8, 9, 9, 9, 9, 10, 10, 10, 10, 10, 11, 11, 11, 12, 12, 12, 12, 12, 12, 12, 13, 13, 13, 13, 13, 14, 14, 14, 14, 14, 15, 15, 15, 15, 15, 16, 16, 16, 16, 16, 17, 17, 17, 17, 17, 18, 18, 18, 18, 19, 19, 19, 20, 20, 20, 20, 21, 21, 21, 22, 22, 22, 22, 22, 23, 23, 23, 23, 23, 23, 23, 24, 24, 24, 24, 24, 24, 24, 25, 25, 25, 25, 26, 26, 26, 26, 26, 27, 27, 27, 28, 28, 28, 28, 29, 29, 29, 29, 30, 30, 30, 30, 30, 31]","[1, 1, 1, 2, 2, 2, 2, 3, 3, 3, 5, 4, 4, 4, 4, 5, 6, 8, 9, 10, 12, 12, 13, 13, 14, 14, 16, 17, 18, 19, 20, 20, 19, 21, 23, 23, 23, 25, 24, 27, 26, 26, 28, 28, 29, 31, 31, 32, 33, 33, 36, 34, 35, 36, 36, 36, 39, 40, 41, 42, 43, 44, 47, 45, 45, 45, 45, 48, 46, 47, 53, 50, 49, 50, 53, 54, 53, 53, 53, 56, 54, 55, 56, 57, 60, 61, 63, 61, 63, 63, 64, 65, 66, 66, 67, 68, 69, 69, 70, 71, 72, 73, 73, 73, 74, 75, 76, 75, 76, 77, 78, 79, 78, 79, 80, 81, 82, 83, 84, 85, 87, 87, 91, 97, 88, 91, 90, 90, 92, 94, 96, 95, 95, 97, 99, 98, 99, 99, 100, 100, 101]","[24, 6, 9, 13, 18, 14, 8, 10, 26, 18, 13, 24, 12, 19, 12, 23, 14, 23, 25, 17, 30, 19, 16, 19, 37, 31, 21, 32, 32, 36, 25, 33, 23, 35, 32, 29, 27, 33, 28, 36, 45, 45, 35, 39, 43, 42, 44, 47, 53, 46, 60, 49, 45, 40, 48, 45, 66, 68, 45, 48, 46, 50, 56, 54, 53, 61, 54, 57, 53, 53, 77, 57, 53, 54, 75, 63, 66, 71, 63, 80, 64, 75, 72, 61, 79, 65, 70, 67, 69, 68, 78, 73, 86, 73, 71, 81, 75, 78, 88, 74, 96, 87, 78, 76, 94, 88, 95, 90, 83, 84, 82, 97, 89, 87, 87, 101, 85, 100, 91, 99, 98, 100, -1, -1, 92, -1, -1, 95, -1, -1, -1, 99, -1, -1, -1, -1, -1, -1, -1, -1, -1]","[0, 0, 0, 0, 0, 0, 0, 0, 0, 0, 0, 0, 0, 0, 0, 0, 0, 0, 0, 0, 0, 0, 0, 0, 0, 0, 0, 0, 0, 0, 0, 0, 0, 0, 0, 0, 0, 0, 0, 0, 0, 0, 0, 0, 0, 0, 0, 0, 0, 0, 0, 0, 0, 0, 0, 0, 0, 0, 0, 0, 0, 0, 0, 0, 0, 0, 0, 0, 0, 0, 0, 0, 0, 0, 0, 0, 0, 0, 0, 0, 0, 0, 0, 0, 0, 0, 0, 0, 0, 0, 0, 0, 0, 0, 0, 0, 0, 0, 0, 0, 0, 0, 0, 0, 0, 0, 0, 0, 0, 0, 0, 0, 0, 0, 0, 0, 0, 0, 0, 0, 0, 0, 4029.0, 4029.0, 0, 1355.5263123998132, 4029.0, 0, 3201.475587206298, 4029.0, 4029.0, 0, 2916.72408218644, 4029.0, 1631.8030539382444, 1112.27591781356, 4029.0, 4029.0, 4029.0, 1041.6706336619422, 827.5244127937025]","[0, 0, 0, 0, 0, 0, 0, 0, 0, 0, 0, 0, 0, 0, 0, 0, 0, 0, 0, 0, 0, 0, 0, 0, 0, 0, 0, 0, 0, 0, 0, 0, 0, 0, 0, 0, 0, 0, 0, 0, 0, 0, 0, 0, 0, 0, 0, 0, 0, 0, 0, 0, 0, 0, 0, 0, 0, 0, 0, 0, 0, 0, 0, 0, 0, 0, 0, 0, 0, 0, 0, 0, 0, 0, 0, 0, 0, 0, 0, 0, 0, 0, 0, 0, 0, 0, 0, 0, 0, 0, 0, 0, 0, 0, 0, 0, 0, 0, 0, 0, 0, 0, 0, 0, 0, 0, 0, 0, 0, 0, 0, 0, 0, 0, 0, 0, 0, 0, 0, 0, 0, 0, (268.435, 0.0018666666666666666, 0.0016), (0.0, 0.0, 0.0), 0, (194.33579999999998, 0.31493333333333334, 0.10186666666666666), (0.0, 0.0, 0.0), 0, (0.0, 0.0, 0.0), (111.8476, 0.035666666666666666, 0.024), (333.44653333333326, 0.7292666666666667, 0.004666666666666667), 0, (226.49220000000003, 0.9202666666666668, 0.7430666666666668), (209.7148, 0.7276, 0.23566666666666664), (320.86379999999997, 0.6452, 0.0048), (225.09366666666662, 0.0, 0.0), (434.80906666666664, 2.7484, 0.018466666666666666), (0.0, 0.004533333333333333, 0.0), (145.4024, 0.004733333333333333, 6.666666666666668e-05), (35.6514, 0.001, 0.0), (123.73126666666663, 0.009733333333333332, 0.0028)]","[0, 0, 0, 0, 0, 0, 0, 0, 0, 0, 0, 0, 0, 0, 0, 0, 0, 0, 0, 0, 0, 0, 0, 0, 0, 0, 0, 0, 0, 0, 0, 0, 0, 0, 0, 0, 0, 0, 0, 0, 0, 0, 0, 0, 0, 0, 0, 0, 0, 0, 0, 0, 0, 0, 0, 0, 0, 0, 0, 0, 0, 0, 0, 0, 0, 0, 0, 0, 0, 0, 0, 0, 0, 0, 0, 0, 0, 0, 0, 0, 0, 0, 0, 0, 0, 0, 0, 0, 0, 0, 0, 0, 0, 0, 0, 0, 0, 0, 0, 0, 0, 0, 0, 0, 0, 0, 0, 0, 0, 0, 0, 0, 0, 0, 0, 0, 0, 0, 0, 0, 0, 0, (3, 0.00013333333333333334, 0.023688888888888888), (2, 0.0, 0.0), 0, (3, 0.0, 0.12192777777777777), (2, 0.0, 0.0), 0, (2, 0.0, 0.0), (3, 0.0, 0.028383333333333337), (1, 0.0, 0.00021666666666666668), 0, (2, 0.09268333333333334, 0.011455555555555556), (3, 0.00021666666666666668, 0.5190777777777777), (1, 0.0, 0.0002222222222222222), (1, 0.0, 0.0002833333333333333), (3, 0.0, 0.00023888888888888888), (3, 0.0, 0.0012944444444444446), (2, 0.0, 0.0012666666666666666), (1, 0.0, 0.0006222222222222223), (2, 0.0, 2.2222222222222223e-05)]","[-1, -1, -1, -1, -1, -1, -1, -1, -1, -1, -1, -1, -1, -1, -1, -1, -1, -1, -1, -1, -1, -1, -1, -1, -1, -1, -1, -1, -1, -1, -1, -1, -1, -1, -1, -1, -1, -1, -1, -1, -1, -1, -1, -1, -1, -1, -1, -1, -1, -1, -1, -1, -1, -1, -1, -1, -1, -1, -1, -1, -1, -1, -1, -1, -1, -1, -1, -1, -1, -1, -1, -1, -1, -1, -1, -1, -1, -1, -1, -1, -1, -1, -1, -1, -1, -1, -1, -1, -1, -1, -1, -1, -1, -1, -1, -1, -1, -1, -1, -1, -1, -1, -1, -1, -1, -1, -1, -1, -1, -1, -1, -1, -1, -1, -1, -1, -1, -1, -1, -1, -1, -1, 3, 8, -1, 6, 5, -1, 11, 15, 0, -1, 1, 4, 6, 1, 14, 13, 10, 6, 11]","[False, False, False, False, False, False, False, False, False, False, False, False, False, False, False, False, False, False, False, False, False, False, False, False, False, False, False, False, False, False, False, False, False, False, False, False, False, False, False, False, False, False, False, False, False, False, False, False, False, False, False, False, False, False, False, False, False, False, False, False, False, False, False, False, False, False, False, False, False, False, False, False, False, False, False, False, False, False, False, False, False, False, False, False, False, False, False, False, False, False, False, False, False, False, False, False, False, False, False, False, False, False, False, False, False, False, False, False, False, False, False, False, False, False, False, False, False, False, False, False, False, False, True, True, False, True, True, False, True, True, True, False, True, True, True, True, True, True, True, True, True]"
