interval,cpu,numcontainers,power,baseips,ipsavailable,ipscap,apparentips,ram,ramavailable,disk,diskavailable
1,"[0.0, 0.0, 0.0, 0.0, 0.0, 0.0, 0.0, 0.0, 100.0, 0.0, 100.0, 0.0, 0.0, 0.0, 0.0, 100.0]","[0, 0, 0, 0, 0, 0, 0, 0, 1, 0, 1, 0, 0, 0, 0, 1]","[2.45, 2.45, 2.45, 2.45, 2.45, 2.45, 2.45, 2.45, 5.05, 2.65, 5.05, 2.65, 2.65, 2.65, 2.65, 5.05]","[0, 0, 0, 0, 0, 0, 0, 0, 520.8668579276933, 0, 2180.662757134983, 0, 0, 0, 0, 3121.8625785998443]","[4029, 4029, 4029, 4029, 4029, 4029, 4029, 4029, 3508.133142072307, 4029, 1848.3372428650168, 4029, 4029, 4029, 4029, 907.1374214001557]","[4029, 4029, 4029, 4029, 4029, 4029, 4029, 4029, 4029, 4029, 4029, 4029, 4029, 4029, 4029, 4029]","[0, 0, 0, 0, 0, 0, 0, 0, 4029, 0, 4029, 0, 0, 0, 0, 4029]","[(0, 0, 0), (0, 0, 0), (0, 0, 0), (0, 0, 0), (0, 0, 0), (0, 0, 0), (0, 0, 0), (0, 0, 0), (0.0, 0.0046, 6.666666666666668e-05), (0, 0, 0), (473.9556, 4.806, 0.02386666666666667), (0, 0, 0), (0, 0, 0), (0, 0, 0), (0, 0, 0), (0.0, 0.0, 0.0)]","[(4295, 1860.0, 1000.0), (4295, 1860.0, 1000.0), (4295, 1860.0, 1000.0), (4295, 1860.0, 1000.0), (4295, 1860.0, 1000.0), (4295, 1860.0, 1000.0), (4295, 1860.0, 1000.0), (4295, 1860.0, 1000.0), (8192.0, 1799.9954, 1524.9999333333333), (8192, 1800.0, 1525.0), (7718.0444, 1795.194, 1524.9761333333333), (8192, 1800.0, 1525.0), (8192, 1800.0, 1525.0), (8192, 1800.0, 1525.0), (8192, 1800.0, 1525.0), (8192.0, 1800.0, 1525.0)]","[(0, 0, 0), (0, 0, 0), (0, 0, 0), (0, 0, 0), (0, 0, 0), (0, 0, 0), (0, 0, 0), (0, 0, 0), (1, 0.0, 0.0008722222222222223), (0, 0, 0), (1, 0.0, 0.005094444444444444), (0, 0, 0), (0, 0, 0), (0, 0, 0), (0, 0, 0), (2, 0.0, 0.0)]","[(32212, 67.1, 10.11), (32212, 67.1, 10.11), (32212, 67.1, 10.11), (32212, 67.1, 10.11), (32212, 67.1, 10.11), (32212, 67.1, 10.11), (32212, 67.1, 10.11), (32212, 67.1, 10.11), (32211, 51.900000000000006, 6.189127777777777), (32212, 51.900000000000006, 6.1899999999999995), (32211, 51.900000000000006, 6.184905555555555), (32212, 51.900000000000006, 6.1899999999999995), (32212, 51.900000000000006, 6.1899999999999995), (32212, 51.900000000000006, 6.1899999999999995), (32212, 51.900000000000006, 6.1899999999999995), (32210, 51.900000000000006, 6.1899999999999995)]"
2,"[0.0, 0.0, 0.0, 0.0, 0.0, 0.0, 100.0, 0.0, 100.0, 0.0, 100.0, 100.0, 100.0, 0.0, 100.0, 100.0]","[0, 0, 0, 0, 0, 0, 1, 0, 1, 0, 1, 1, 1, 0, 1, 1]","[2.45, 2.45, 2.45, 2.45, 2.45, 2.45, 4.75, 2.45, 5.05, 2.65, 5.05, 5.05, 5.05, 2.65, 5.05, 5.05]","[0, 0, 0, 0, 0, 0, 501.40426599866777, 0, 530.8835282724567, 0, 1462.6758357381586, 2240.395480738335, 1876.4565081617916, 0, 1108.5118598755066, 3065.1014408071205]","[4029, 4029, 4029, 4029, 4029, 4029, 3527.5957340013324, 4029, 3498.1164717275433, 4029, 2566.3241642618414, 1788.6045192616648, 2152.5434918382084, 4029, 2920.4881401244934, 963.8985591928795]","[4029, 4029, 4029, 4029, 4029, 4029, 4029, 4029, 4029, 4029, 4029, 4029, 4029, 4029, 4029, 4029]","[0, 0, 0, 0, 0, 0, 4029, 0, 4029, 0, 4029, 4029, 4029, 0, 4029, 4029]","[(0, 0, 0), (0, 0, 0), (0, 0, 0), (0, 0, 0), (0, 0, 0), (0, 0, 0), (0.0, 0.0048, 6.666666666666668e-05), (0, 0, 0), (0.0, 0.004733333333333333, 0.00013333333333333334), (0, 0, 0), (384.4776, 1.923, 0.024933333333333335), (973.0777333333333, 0.10640000000000001, 0.744), (258.64820000000003, 0.019533333333333337, 0.0016), (0, 0, 0), (67.1088, 0.0, 0.001), (0.0, 0.0, 0.0)]","[(4295, 1860.0, 1000.0), (4295, 1860.0, 1000.0), (4295, 1860.0, 1000.0), (4295, 1860.0, 1000.0), (4295, 1860.0, 1000.0), (4295, 1860.0, 1000.0), (4295.0, 1859.9952, 999.9999333333334), (4295, 1860.0, 1000.0), (8192.0, 1799.9952666666666, 1524.9998666666668), (8192, 1800.0, 1525.0), (7807.5224, 1798.077, 1524.9750666666666), (7218.9222666666665, 1799.8936, 1524.256), (7933.3518, 1799.9804666666666, 1524.9984), (8192, 1800.0, 1525.0), (8124.8912, 1800.0, 1524.999), (8192.0, 1800.0, 1525.0)]","[(0, 0, 0), (0, 0, 0), (0, 0, 0), (0, 0, 0), (0, 0, 0), (0, 0, 0), (2, 0.0, 0.0013222222222222222), (0, 0, 0), (1, 0.0, 0.0008388888888888889), (0, 0, 0), (1, 0.0, 0.005011111111111111), (3, 0.0, 0.025061111111111114), (3, 0.05115, 0.03694444444444444), (0, 0, 0), (3, 0.0, 0.0), (2, 0.0, 0.0)]","[(32212, 67.1, 10.11), (32212, 67.1, 10.11), (32212, 67.1, 10.11), (32212, 67.1, 10.11), (32212, 67.1, 10.11), (32212, 67.1, 10.11), (32210, 67.1, 10.108677777777777), (32212, 67.1, 10.11), (32211, 51.900000000000006, 6.189161111111111), (32212, 51.900000000000006, 6.1899999999999995), (32211, 51.900000000000006, 6.184988888888888), (32209, 51.900000000000006, 6.164938888888888), (32209, 51.848850000000006, 6.1530555555555555), (32212, 51.900000000000006, 6.1899999999999995), (32209, 51.900000000000006, 6.1899999999999995), (32210, 51.900000000000006, 6.1899999999999995)]"
3,"[0.0, 0.0, 0.0, 0.0, 100.0, 0.0, 100.0, 0.0, 100.0, 0.0, 100.0, 100.0, 100.0, 0.0, 100.0, 100.0]","[0, 0, 0, 0, 1, 0, 1, 0, 1, 0, 1, 3, 1, 0, 1, 1]","[2.45, 2.45, 2.45, 2.45, 4.75, 2.45, 4.75, 2.45, 5.05, 2.65, 5.05, 5.05, 5.05, 2.65, 5.05, 5.05]","[0, 0, 0, 0, 1714.4051397483977, 0, 554.2557590769045, 0, 2240.395480738335, 0, 2530.7555535185593, 2351.521517661593, 1328.8784523992754, 0, 1115.189642163913, 2911.512479720924]","[4029, 4029, 4029, 4029, 2314.5948602516023, 4029, 3474.7442409230953, 4029, 1788.6045192616648, 4029, 1498.2444464814407, 1677.478482338407, 2700.1215476007246, 4029, 2913.810357836087, 1117.4875202790759]","[4029, 4029, 4029, 4029, 4029, 4029, 4029, 4029, 4029, 4029, 4029, 4029, 4029, 4029, 4029, 4029]","[0, 0, 0, 0, 4029, 0, 4029, 0, 4029, 0, 4029, 4029, 4029, 0, 4029, 4029]","[(0, 0, 0), (0, 0, 0), (0, 0, 0), (0, 0, 0), (105.5042, 0.28773333333333334, 0.22433333333333338), (0, 0, 0), (0.0, 0.0044, 0.0), (0, 0, 0), (973.0777333333333, 0.10640000000000001, 0.744), (0, 0, 0), (419.43, 3.8347333333333333, 0.0464), (950.7082666666668, 0.09033333333333335, 0.38959999999999995), (328.5534, 0.0005333333333333334, 0.0006), (0, 0, 0), (47.5354, 0.0, 0.001), (0.0, 0.0, 0.0)]","[(4295, 1860.0, 1000.0), (4295, 1860.0, 1000.0), (4295, 1860.0, 1000.0), (4295, 1860.0, 1000.0), (4189.4958, 1859.7122666666667, 999.7756666666667), (4295, 1860.0, 1000.0), (4295.0, 1859.9956, 1000.0), (4295, 1860.0, 1000.0), (7218.9222666666665, 1799.8936, 1524.256), (8192, 1800.0, 1525.0), (7772.57, 1796.1652666666666, 1524.9536), (7241.2917333333335, 1799.9096666666667, 1524.6104), (7863.4466, 1799.9994666666666, 1524.9994), (8192, 1800.0, 1525.0), (8144.4646, 1800.0, 1524.999), (8192.0, 1800.0, 1525.0)]","[(0, 0, 0), (0, 0, 0), (0, 0, 0), (0, 0, 0), (1, 0.0030666666666666663, 0.05871111111111111), (0, 0, 0), (1, 0.0, 0.0008277777777777778), (0, 0, 0), (3, 0.0, 0.025061111111111114), (0, 0, 0), (1, 0.00031666666666666665, 0.004988888888888889), (6, 0.0, 0.02545), (3, 0.06125, 0.025472222222222222), (0, 0, 0), (3, 0.0, 0.0), (2, 0.0, 0.0)]","[(32212, 67.1, 10.11), (32212, 67.1, 10.11), (32212, 67.1, 10.11), (32212, 67.1, 10.11), (32211, 67.09693333333333, 10.05128888888889), (32212, 67.1, 10.11), (32211, 67.1, 10.109172222222222), (32212, 67.1, 10.11), (32209, 51.900000000000006, 6.164938888888888), (32212, 51.900000000000006, 6.1899999999999995), (32211, 51.899683333333336, 6.185011111111111), (32206, 51.900000000000006, 6.164549999999999), (32209, 51.838750000000005, 6.164527777777777), (32212, 51.900000000000006, 6.1899999999999995), (32209, 51.900000000000006, 6.1899999999999995), (32210, 51.900000000000006, 6.1899999999999995)]"
4,"[100.0, 0.0, 0.0, 0.0, 100.0, 100.0, 100.0, 0.0, 100.0, 0.0, 100.0, 100.0, 100.0, 0.0, 100.0, 100.0]","[1, 0, 0, 0, 2, 1, 2, 0, 1, 0, 1, 3, 1, 0, 1, 1]","[4.75, 2.45, 2.45, 2.45, 4.75, 4.75, 4.75, 2.45, 5.05, 2.65, 5.05, 5.05, 5.05, 2.65, 5.05, 5.05]","[454.0891471920266, 0, 0, 0, 3306.040346737932, 1578.3845313240047, 1668.368061689001, 0, 1332.217282883153, 0, 1379.6029687996834, 1917.4657603786388, 2050.0788185255155, 0, 1115.189642163913, 3145.2348118086134]","[3574.9108528079732, 4029, 4029, 4029, 722.9596532620681, 2450.6154686759955, 2360.631938310999, 4029, 2696.782717116847, 4029, 2649.3970312003166, 2111.534239621361, 1978.9211814744845, 4029, 2913.810357836087, 883.7651881913866]","[4029, 4029, 4029, 4029, 4029, 4029, 4029, 4029, 4029, 4029, 4029, 4029, 4029, 4029, 4029, 4029]","[4029, 0, 0, 0, 4029, 4029, 4029, 0, 4029, 0, 4029, 4029, 4029, 0, 4029, 4029]","[(29.621666666666673, 4.1293999999999995, 4.1416), (0, 0, 0), (0, 0, 0), (0, 0, 0), (369.3625333333333, 0.22680000000000003, 0.17666666666666664), (223.696, 0.11593333333333333, 0.0992), (386.924, 1.3994666666666664, 0.005733333333333333), (0, 0, 0), (805.3058666666667, 0.081, 0.3894666666666666), (0, 0, 0), (442.49846666666673, 3.044, 0.055333333333333345), (692.0595333333332, 0.09633333333333334, 0.30773333333333336), (298.49406666666664, 0.0016666666666666668, 0.005466666666666667), (0, 0, 0), (72.7012, 0.0, 0.001), (0.0, 0.0, 0.0)]","[(4265.378333333333, 1855.8706, 995.8584), (4295, 1860.0, 1000.0), (4295, 1860.0, 1000.0), (4295, 1860.0, 1000.0), (3925.6374666666666, 1859.7732, 999.8233333333334), (4071.304, 1859.8840666666667, 999.9008), (3908.076, 1858.6005333333333, 999.9942666666667), (4295, 1860.0, 1000.0), (7386.694133333333, 1799.919, 1524.6105333333333), (8192, 1800.0, 1525.0), (7749.501533333333, 1796.956, 1524.9446666666668), (7499.940466666667, 1799.9036666666666, 1524.6922666666667), (7893.505933333334, 1799.9983333333332, 1524.9945333333333), (8192, 1800.0, 1525.0), (8119.2988, 1800.0, 1524.999), (8192.0, 1800.0, 1525.0)]","[(3, 0.0, 1.6666666666666667e-05), (0, 0, 0), (0, 0, 0), (0, 0, 0), (4, 0.051383333333333336, 0.08816666666666667), (2, 0.0, 0.0010277777777777776), (2, 0.0, 0.010494444444444445), (0, 0, 0), (3, 0.0, 0.023311111111111112), (0, 0, 0), (1, 0.0, 0.004972222222222222), (6, 0.0, 0.01513888888888889), (3, 0.0008666666666666667, 0.016138888888888887), (0, 0, 0), (3, 0.0, 0.0), (2, 0.0, 0.0)]","[(32209, 67.1, 10.109983333333332), (32212, 67.1, 10.11), (32212, 67.1, 10.11), (32212, 67.1, 10.11), (32208, 67.04861666666666, 10.021833333333333), (32210, 67.1, 10.108972222222222), (32210, 67.1, 10.099505555555554), (32212, 67.1, 10.11), (32209, 51.900000000000006, 6.166688888888888), (32212, 51.900000000000006, 6.1899999999999995), (32211, 51.900000000000006, 6.185027777777777), (32206, 51.900000000000006, 6.1748611111111105), (32209, 51.89913333333334, 6.173861111111111), (32212, 51.900000000000006, 6.1899999999999995), (32209, 51.900000000000006, 6.1899999999999995), (32210, 51.900000000000006, 6.1899999999999995)]"
5,"[100.0, 0.0, 100.0, 0.0, 100.0, 100.0, 100.0, 100.0, 100.0, 0.0, 100.0, 100.0, 100.0, 0.0, 100.0, 100.0]","[1, 0, 1, 0, 2, 1, 2, 1, 1, 0, 1, 3, 1, 0, 1, 1]","[4.75, 2.45, 4.75, 2.45, 4.75, 4.75, 4.75, 4.75, 5.05, 2.65, 5.05, 5.05, 5.05, 2.65, 5.05, 5.05]","[1315.5229705416066, 0, 2251.868135745323, 0, 3174.7395773041003, 1566.5169784569066, 925.6692288098378, 1578.3845313240047, 888.1448552554355, 0, 1530.9142621519063, 2154.526978913718, 1896.4898516652977, 0, 1105.1729687313032, 2988.3069602640226]","[2713.477029458393, 4029, 1777.131864254677, 4029, 854.2604226958997, 2462.4830215430934, 3103.330771190162, 2450.6154686759955, 3140.8551447445643, 4029, 2498.0857378480937, 1874.4730210862822, 2132.5101483347025, 4029, 2923.827031268697, 1040.6930397359774]","[4029, 4029, 4029, 4029, 4029, 4029, 4029, 4029, 4029, 4029, 4029, 4029, 4029, 4029, 4029, 4029]","[4029, 0, 4029, 0, 4029, 4029, 4029, 4029, 4029, 0, 4029, 4029, 4029, 0, 4029, 4029]","[(29.53446666666667, 12.107333333333337, 12.139266666666664), (0, 0, 0), (100.6632, 0.009333333333333334, 0.0108), (0, 0, 0), (437.9652, 0.21219999999999997, 0.1771333333333333), (268.4352, 0.11646666666666668, 0.09953333333333332), (349.1754, 0.6526, 0.003466666666666667), (223.696, 0.11593333333333333, 0.0992), (624.9507333333332, 0.08693333333333333, 0.30760000000000004), (0, 0, 0), (440.4012, 3.206266666666667, 0.1867333333333333), (742.3914666666667, 0.08666666666666666, 0.3310666666666667), (294.3, 0.001066666666666667, 0.005466666666666667), (0, 0, 0), (33.5544, 0.0, 0.001), (0.0, 0.0, 0.0)]","[(4265.465533333333, 1847.8926666666666, 987.8607333333333), (4295, 1860.0, 1000.0), (4194.3368, 1859.9906666666666, 999.9892), (4295, 1860.0, 1000.0), (3857.0348, 1859.7878, 999.8228666666666), (4026.5648, 1859.8835333333334, 999.9004666666667), (3945.8246, 1859.3474, 999.9965333333333), (4071.304, 1859.8840666666667, 999.9008), (7567.049266666667, 1799.9130666666667, 1524.6924), (8192, 1800.0, 1525.0), (7751.5988, 1796.7937333333334, 1524.8132666666668), (7449.608533333333, 1799.9133333333334, 1524.6689333333334), (7897.7, 1799.9989333333333, 1524.9945333333333), (8192, 1800.0, 1525.0), (8158.4456, 1800.0, 1524.999), (8192.0, 1800.0, 1525.0)]","[(3, 0.0, 1.6666666666666667e-05), (0, 0, 0), (2, 0.0, 0.002416666666666667), (0, 0, 0), (4, 0.06136666666666667, 0.07759444444444444), (2, 0.0, 0.0009611111111111112), (2, 0.0, 0.001038888888888889), (2, 0.0, 0.0010277777777777776), (3, 0.0, 0.013066666666666667), (0, 0, 0), (1, 1.666666666666667e-05, 0.0052), (6, 0.04375, 0.03420555555555556), (3, 0.0002, 0.014294444444444445), (0, 0, 0), (3, 0.0, 0.0), (2, 0.0, 0.0)]","[(32209, 67.1, 10.109983333333332), (32212, 67.1, 10.11), (32210, 67.1, 10.107583333333332), (32212, 67.1, 10.11), (32208, 67.03863333333332, 10.032405555555554), (32210, 67.1, 10.109038888888888), (32210, 67.1, 10.10896111111111), (32210, 67.1, 10.108972222222222), (32209, 51.900000000000006, 6.1769333333333325), (32212, 51.900000000000006, 6.1899999999999995), (32211, 51.89998333333334, 6.184799999999999), (32206, 51.85625, 6.155794444444444), (32209, 51.899800000000006, 6.175705555555555), (32212, 51.900000000000006, 6.1899999999999995), (32209, 51.900000000000006, 6.1899999999999995), (32210, 51.900000000000006, 6.1899999999999995)]"
6,"[100.0, 0.0, 100.0, 0.0, 100.0, 100.0, 99.97517994539588, 100.0, 100.0, 0.0, 100.0, 100.0, 100.0, 0.0, 100.0, 100.0]","[1, 0, 1, 0, 2, 1, 2, 1, 1, 0, 1, 3, 1, 0, 1, 1]","[4.75, 2.45, 4.75, 2.45, 4.75, 4.75, 4.748485976669149, 4.75, 5.05, 2.65, 5.05, 5.05, 5.05, 2.65, 5.05, 5.05]","[1135.2228679800667, 0, 2266.7025766922616, 0, 3863.0759471412334, 1560.5832020233572, 1969.094225936471, 1566.5169784569066, 1101.8338429860667, 0, 1483.4440524727775, 2141.5434216496233, 2227.0400194731583, 0, 1111.8507510197098, 3008.340303014396]","[2893.7771320199336, 4029, 1762.2974233077384, 4029, 165.92405285876657, 2468.4167979766426, 2059.905774063529, 2462.4830215430934, 2927.166157013933, 4029, 2545.5559475272225, 1887.4565783503767, 1801.9599805268417, 4029, 2917.1492489802904, 1020.6596969856041]","[4029, 4029, 4029, 4029, 4029, 4029, 4029, 4029, 4029, 4029, 4029, 4029, 4029, 4029, 4029, 4029]","[4029, 0, 4029, 0, 4029, 4029, 4028, 4029, 4029, 0, 4029, 4029, 4029, 0, 4029, 4029]","[(31.3258, 10.272666666666666, 10.300266666666666), (0, 0, 0), (150.9948, 0.009333333333333334, 0.010933333333333335), (0, 0, 0), (407.2546, 0.20613333333333334, 0.17953333333333332), (33.5544, 0.11626666666666668, 0.09953333333333332), (499.82059999999996, 0.6471333333333333, 0.006266666666666666), (268.4352, 0.11646666666666668, 0.09953333333333332), (641.7282666666667, 0.07759999999999999, 0.331), (0, 0, 0), (478.84913333333344, 2.3301999999999996, 0.8102), (838.8603333333335, 0.09599999999999997, 0.32706666666666667), (234.18133333333338, 0.0016666666666666668, 0.0016), (0, 0, 0), (39.146800000000006, 0.0, 0.001), (0.0, 0.0, 0.0)]","[(4263.6742, 1849.7273333333333, 989.6997333333334), (4295, 1860.0, 1000.0), (4144.0052, 1859.9906666666666, 999.9890666666666), (4295, 1860.0, 1000.0), (3887.7454, 1859.7938666666666, 999.8204666666667), (4261.4456, 1859.8837333333333, 999.9004666666667), (3795.1794, 1859.3528666666666, 999.9937333333334), (4026.5648, 1859.8835333333334, 999.9004666666667), (7550.271733333333, 1799.9224, 1524.669), (8192, 1800.0, 1525.0), (7713.150866666667, 1797.6698, 1524.1898), (7353.139666666666, 1799.904, 1524.6729333333333), (7957.818666666667, 1799.9983333333332, 1524.9984), (8192, 1800.0, 1525.0), (8152.8532, 1800.0, 1524.999), (8192.0, 1800.0, 1525.0)]","[(3, 0.0, 4.4444444444444447e-05), (0, 0, 0), (2, 0.0, 0.0026888888888888887), (0, 0, 0), (4, 0.0008666666666666667, 0.06628888888888888), (2, 0.0, 0.000972222222222222), (2, 0.36411666666666676, 0.013372222222222223), (2, 0.0, 0.0009611111111111112), (3, 0.04375, 0.0321388888888889), (0, 0, 0), (1, 0.0, 0.004461111111111111), (6, 0.0, 0.014916666666666667), (3, 0.0006666666666666666, 0.02163888888888889), (0, 0, 0), (3, 0.0, 0.0), (2, 0.0, 0.0)]","[(32209, 67.1, 10.109955555555555), (32212, 67.1, 10.11), (32210, 67.1, 10.10731111111111), (32212, 67.1, 10.11), (32208, 67.09913333333333, 10.04371111111111), (32210, 67.1, 10.109027777777778), (32210, 66.73588333333333, 10.096627777777778), (32210, 67.1, 10.109038888888888), (32209, 51.85625, 6.157861111111111), (32212, 51.900000000000006, 6.1899999999999995), (32211, 51.900000000000006, 6.185538888888888), (32206, 51.900000000000006, 6.175083333333333), (32209, 51.89933333333334, 6.1683611111111105), (32212, 51.900000000000006, 6.1899999999999995), (32209, 51.900000000000006, 6.1899999999999995), (32210, 51.900000000000006, 6.1899999999999995)]"
7,"[100.0, 0.0, 100.0, 0.0, 100.0, 100.0, 100.0, 100.0, 100.0, 0.0, 100.0, 100.0, 100.0, 0.0, 100.0, 100.0]","[1, 0, 1, 0, 2, 1, 2, 1, 1, 0, 1, 3, 1, 0, 1, 1]","[4.75, 2.45, 4.75, 2.45, 4.75, 4.75, 4.75, 4.75, 5.05, 2.65, 5.05, 5.05, 5.05, 2.65, 5.05, 5.05]","[1145.2395403445964, 0, 2248.9012475559352, 0, 3783.430971931506, 1566.5169784569066, 1975.0599580079188, 1560.5832020233572, 1125.2060760191043, 0, 949.4041935825778, 2048.426491757952, 1766.2731188925045, 0, 0, 3068.4403312655163]","[2883.760459655404, 4029, 1780.0987524440648, 4029, 245.56902806849394, 2462.4830215430934, 2053.940041992081, 2468.4167979766426, 2903.7939239808957, 4029, 3079.595806417422, 1980.5735082420479, 2262.7268811074955, 4029, 4029, 960.5596687344837]","[4029, 4029, 4029, 4029, 4029, 4029, 4029, 4029, 4029, 4029, 4029, 4029, 4029, 4029, 4029, 4029]","[4029, 0, 4029, 0, 4029, 4029, 4029, 4029, 4029, 0, 4029, 4029, 4029, 0, 4029, 4029]","[(31.238400000000002, 10.958333333333334, 10.986266666666667), (0, 0, 0), (150.9948, 0.009266666666666668, 0.0106), (0, 0, 0), (409.57320000000004, 0.21153333333333332, 0.1811333333333333), (0.0, 0.1156, 0.0996), (494.927, 0.6360666666666667, 0.007133333333333334), (33.5544, 0.11626666666666668, 0.09953333333333332), (838.8603333333335, 0.08673333333333332, 0.3268666666666667), (0, 0, 0), (333.44686666666666, 0.9099333333333333, 0.8626), (721.42, 0.0872, 0.339), (242.57, 0.0003333333333333333, 0.0004), (0, 0, 0), (173.3644, 6.666666666666668e-05, 0.0016), (0.0, 0.0, 0.0)]","[(4263.7616, 1849.0416666666667, 989.0137333333333), (4295, 1860.0, 1000.0), (4144.0052, 1859.9907333333333, 999.9894), (4295, 1860.0, 1000.0), (3885.4268, 1859.7884666666666, 999.8188666666666), (4295.0, 1859.8844, 999.9004), (3800.073, 1859.3639333333333, 999.9928666666667), (4261.4456, 1859.8837333333333, 999.9004666666667), (7353.139666666666, 1799.9132666666667, 1524.6731333333332), (8192, 1800.0, 1525.0), (7858.553133333333, 1799.0900666666666, 1524.1374), (7470.58, 1799.9128, 1524.661), (7949.43, 1799.9996666666666, 1524.9996), (8192, 1800.0, 1525.0), (8018.6356, 1799.9999333333333, 1524.9984), (8192.0, 1800.0, 1525.0)]","[(3, 0.0, 2.2222222222222223e-05), (0, 0, 0), (2, 0.0, 0.0023555555555555556), (0, 0, 0), (4, 0.0002, 0.06488888888888888), (2, 0.0, 0.00095), (2, 0.26766666666666666, 0.015544444444444444), (2, 0.0, 0.000972222222222222), (3, 0.0, 0.012833333333333334), (0, 0, 0), (1, 0.0, 0.004088888888888889), (6, 0.0, 0.013205555555555554), (3, 6.666666666666667e-05, 0.009744444444444444), (0, 0, 0), (3, 0.03166666666666667, 0.0017722222222222221), (2, 0.0, 0.0)]","[(32209, 67.1, 10.109977777777777), (32212, 67.1, 10.11), (32210, 67.1, 10.107644444444444), (32212, 67.1, 10.11), (32208, 67.09979999999999, 10.04511111111111), (32210, 67.1, 10.10905), (32210, 66.83233333333332, 10.094455555555555), (32210, 67.1, 10.109027777777778), (32209, 51.900000000000006, 6.1771666666666665), (32212, 51.900000000000006, 6.1899999999999995), (32211, 51.900000000000006, 6.1859111111111105), (32206, 51.900000000000006, 6.176794444444444), (32209, 51.89993333333334, 6.180255555555555), (32212, 51.900000000000006, 6.1899999999999995), (32209, 51.86833333333334, 6.188227777777778), (32210, 51.900000000000006, 6.1899999999999995)]"
8,"[100.0, 0.0, 100.0, 0.0, 100.0, 100.0, 100.0, 100.0, 100.0, 0.0, 100.0, 100.0, 100.0, 0.0, 100.0, 100.0]","[1, 0, 1, 0, 2, 1, 2, 1, 1, 0, 1, 3, 1, 0, 1, 1]","[4.75, 2.45, 4.75, 2.45, 4.75, 4.75, 4.75, 4.75, 5.05, 2.65, 5.05, 5.05, 5.05, 2.65, 5.05, 5.05]","[1218.6951376844836, 0, 2254.8350239347114, 0, 4133.1518042413445, 1593.2189724078767, 2020.2662078766555, 1566.5169784569066, 1045.0727056201176, 0, 0, 2404.9437645942508, 1993.317678598913, 0, 1876.4565081617916, 3021.6958648479776]","[2810.3048623155164, 4029, 1774.1649760652886, 4029, -104.15180424134451, 2435.7810275921233, 2008.7337921233445, 2462.4830215430934, 2983.9272943798824, 4029, 4029, 1624.0562354057492, 2035.682321401087, 4029, 2152.5434918382084, 1007.3041351520224]","[4029, 4029, 4029, 4029, 4029, 4029, 4029, 4029, 4029, 4029, 4029, 4029, 4029, 4029, 4029, 4029]","[4029, 0, 4029, 0, 4029, 4029, 4029, 4029, 4029, 0, 4029, 4029, 4029, 0, 4029, 4029]","[(30.75773333333333, 11.004733333333336, 11.030333333333335), (0, 0, 0), (184.5492, 0.009333333333333334, 0.0108), (0, 0, 0), (331.8703333333334, 0.2474, 0.21053333333333335), (167.772, 0.1156, 0.09933333333333332), (467.66413333333327, 0.6375333333333333, 0.0066), (0.0, 0.1156, 0.0996), (721.42, 0.07806666666666666, 0.33893333333333336), (0, 0, 0), (199.92773333333332, 0.9031333333333333, 0.010666666666666666), (671.0880666666666, 0.095, 0.321), (231.3854, 0.0005333333333333334, 0.0008), (0, 0, 0), (258.64820000000003, 0.019533333333333337, 0.0016), (0.0, 0.0, 0.0)]","[(4264.242266666667, 1848.9952666666666, 988.9696666666666), (4295, 1860.0, 1000.0), (4110.4508, 1859.9906666666666, 999.9892), (4295, 1860.0, 1000.0), (3963.1296666666667, 1859.7526, 999.7894666666666), (4127.228, 1859.8844, 999.9006666666667), (3827.335866666667, 1859.3624666666667, 999.9934), (4295.0, 1859.8844, 999.9004), (7470.58, 1799.9219333333333, 1524.6610666666666), (8192, 1800.0, 1525.0), (7992.072266666667, 1799.0968666666668, 1524.9893333333334), (7520.911933333334, 1799.905, 1524.679), (7960.6146, 1799.9994666666666, 1524.9992), (8192, 1800.0, 1525.0), (7933.3518, 1799.9804666666666, 1524.9984), (8192.0, 1800.0, 1525.0)]","[(3, 0.0, 2.2222222222222223e-05), (0, 0, 0), (2, 0.0, 0.002338888888888889), (0, 0, 0), (4, 0.0006666666666666666, 0.07313333333333333), (2, 0.0, 0.0014166666666666668), (2, 0.2701, 0.013261111111111116), (2, 0.0, 0.00095), (3, 0.0, 0.011183333333333332), (0, 0, 0), (1, 0.0, 0.005077777777777777), (6, 0.0, 0.020350000000000004), (3, 6.666666666666667e-05, 0.011649999999999999), (0, 0, 0), (3, 0.05115, 0.03694444444444444), (2, 0.0, 0.0)]","[(32209, 67.1, 10.109977777777777), (32212, 67.1, 10.11), (32210, 67.1, 10.10766111111111), (32212, 67.1, 10.11), (32208, 67.09933333333333, 10.036866666666667), (32210, 67.1, 10.108583333333332), (32210, 66.8299, 10.096738888888888), (32210, 67.1, 10.10905), (32209, 51.900000000000006, 6.178816666666666), (32212, 51.900000000000006, 6.1899999999999995), (32211, 51.900000000000006, 6.184922222222221), (32206, 51.900000000000006, 6.16965), (32209, 51.89993333333334, 6.178349999999999), (32212, 51.900000000000006, 6.1899999999999995), (32209, 51.848850000000006, 6.1530555555555555), (32210, 51.900000000000006, 6.1899999999999995)]"
9,"[100.0, 0.0, 100.0, 0.0, 100.0, 100.0, 100.0, 100.0, 100.0, 0.0, 0.0, 100.0, 100.0, 0.0, 100.0, 100.0]","[1, 0, 1, 0, 2, 1, 2, 1, 1, 0, 0, 4, 1, 0, 1, 1]","[4.75, 2.45, 4.75, 2.45, 4.75, 4.75, 4.75, 4.75, 5.05, 2.65, 2.65, 5.05, 5.05, 2.65, 5.05, 5.05]","[1191.9840113790701, 0, 2248.9012475559352, 0, 3675.123570018117, 1563.5500902401322, 1855.4966320344565, 1593.2189724078767, 0, 0, 0, 2885.3719340138905, 1889.8120704974624, 0, 1328.8784523992754, 2894.8180274289466]","[2837.01598862093, 4029, 1780.0987524440648, 4029, 353.8764299818831, 2465.4499097598678, 2173.5033679655435, 2435.7810275921233, 4029, 4029, 4029, 1143.6280659861095, 2139.1879295025374, 4029, 2700.1215476007246, 1134.1819725710534]","[4029, 4029, 4029, 4029, 4029, 4029, 4029, 4029, 4029, 4029, 4029, 4029, 4029, 4029, 4029, 4029]","[4029, 0, 4029, 0, 4029, 4029, 4029, 4029, 4029, 0, 0, 4029, 4029, 0, 4029, 4029]","[(30.932599999999997, 11.007200000000001, 11.033333333333335), (0, 0, 0), (218.1036, 0.009266666666666668, 0.010533333333333334), (0, 0, 0), (367.6122, 0.24733333333333332, 0.19546666666666665), (67.1088, 0.11593333333333333, 0.09953333333333332), (559.9387333333333, 0.7309333333333334, 0.006066666666666667), (167.772, 0.1156, 0.09933333333333332), (671.0880666666666, 0.08573333333333333, 0.32080000000000003), (0, 0, 0), (0, 0, 0), (891.2884, 0.10113333333333333, 0.39480000000000004), (253.7549333333333, 0.0006666666666666666, 0.0008), (0, 0, 0), (328.5534, 0.0005333333333333334, 0.0006), (0.0, 0.0, 0.0)]","[(4264.0674, 1848.9928, 988.9666666666667), (4295, 1860.0, 1000.0), (4076.8964, 1859.9907333333333, 999.9894666666667), (4295, 1860.0, 1000.0), (3927.3878, 1859.7526666666668, 999.8045333333333), (4227.8912, 1859.8840666666667, 999.9004666666667), (3735.0612666666666, 1859.2690666666667, 999.9939333333333), (4127.228, 1859.8844, 999.9006666666667), (7520.911933333334, 1799.9142666666667, 1524.6792), (8192, 1800.0, 1525.0), (8192, 1800.0, 1525.0), (7300.7116, 1799.8988666666667, 1524.6052), (7938.245066666666, 1799.9993333333334, 1524.9992), (8192, 1800.0, 1525.0), (7863.4466, 1799.9994666666666, 1524.9994), (8192.0, 1800.0, 1525.0)]","[(3, 0.0, 2.2222222222222223e-05), (0, 0, 0), (2, 0.0, 0.0022555555555555554), (0, 0, 0), (4, 0.0001, 0.06096111111111111), (2, 0.0, 0.00095), (2, 0.27021666666666666, 0.012950000000000001), (2, 0.0, 0.0014166666666666668), (3, 0.0, 0.018272222222222224), (0, 0, 0), (0, 0, 0), (8, 0.0, 0.0255), (3, 0.00018333333333333334, 0.015666666666666666), (0, 0, 0), (3, 0.06125, 0.025472222222222222), (2, 0.0, 0.0)]","[(32209, 67.1, 10.109977777777777), (32212, 67.1, 10.11), (32210, 67.1, 10.107744444444444), (32212, 67.1, 10.11), (32208, 67.09989999999999, 10.049038888888889), (32210, 67.1, 10.10905), (32210, 66.82978333333332, 10.09705), (32210, 67.1, 10.108583333333332), (32209, 51.900000000000006, 6.171727777777777), (32212, 51.900000000000006, 6.1899999999999995), (32212, 51.900000000000006, 6.1899999999999995), (32204, 51.900000000000006, 6.164499999999999), (32209, 51.89981666666667, 6.174333333333333), (32212, 51.900000000000006, 6.1899999999999995), (32209, 51.838750000000005, 6.164527777777777), (32210, 51.900000000000006, 6.1899999999999995)]"
10,"[100.0, 0.0, 100.0, 0.0, 100.0, 100.0, 100.0, 100.0, 100.0, 0.0, 0.0, 100.0, 100.0, 0.0, 100.0, 100.0]","[1, 0, 1, 0, 2, 1, 2, 1, 1, 0, 0, 4, 1, 0, 1, 1]","[4.75, 2.45, 4.75, 2.45, 4.75, 4.75, 4.75, 4.75, 5.05, 2.65, 2.65, 5.05, 5.05, 2.65, 5.05, 5.05]","[1198.6617929554236, 0, 2201.431036525731, 0, 3707.7228183473107, 1572.4507548904555, 1970.6324438911215, 1563.5500902401322, 1155.2559781834066, 0, 0, 2898.709244747478, 2103.5010678682, 0, 2050.0788185255155, 3151.912592725404]","[2830.3382070445764, 4029, 1827.568963474269, 4029, 321.27718165268925, 2456.5492451095442, 2058.3675561088785, 2465.4499097598678, 2873.7440218165934, 4029, 4029, 1130.290755252522, 1925.4989321317998, 4029, 1978.9211814744845, 877.087407274596]","[4029, 4029, 4029, 4029, 4029, 4029, 4029, 4029, 4029, 4029, 4029, 4029, 4029, 4029, 4029, 4029]","[4029, 0, 4029, 0, 4029, 4029, 4029, 4029, 4029, 0, 0, 4029, 4029, 0, 4029, 4029]","[(29.2284, 11.277066666666668, 11.304066666666667), (0, 0, 0), (268.4352, 0.009333333333333334, 0.0108), (0, 0, 0), (325.16679999999997, 0.23546666666666669, 0.19146666666666662), (100.6632, 0.11566666666666668, 0.09933333333333332), (686.4668666666668, 0.7837333333333334, 0.009533333333333335), (67.1088, 0.11593333333333333, 0.09953333333333332), (67.10839999999999, 0.00013333333333333334, 0.001), (0, 0, 0), (0, 0, 0), (973.7765333333333, 0.14400000000000002, 0.3586), (244.66713333333328, 0.0014666666666666665, 0.0012), (0, 0, 0), (298.49406666666664, 0.0016666666666666668, 0.005466666666666667), (0.0, 0.0, 0.0)]","[(4265.7716, 1848.7229333333332, 988.6959333333333), (4295, 1860.0, 1000.0), (4026.5648, 1859.9906666666666, 999.9892), (4295, 1860.0, 1000.0), (3969.8332, 1859.7645333333332, 999.8085333333333), (4194.3368, 1859.8843333333334, 999.9006666666667), (3608.5331333333334, 1859.2162666666666, 999.9904666666666), (4227.8912, 1859.8840666666667, 999.9004666666667), (8124.8916, 1799.9998666666668, 1524.999), (8192, 1800.0, 1525.0), (8192, 1800.0, 1525.0), (7218.223466666666, 1799.856, 1524.6414), (7947.332866666667, 1799.9985333333334, 1524.9988), (8192, 1800.0, 1525.0), (7893.505933333334, 1799.9983333333332, 1524.9945333333333), (8192.0, 1800.0, 1525.0)]","[(3, 0.0, 2.2222222222222223e-05), (0, 0, 0), (2, 0.0, 0.0022944444444444444), (0, 0, 0), (4, 6.666666666666667e-05, 0.061544444444444436), (2, 0.0, 0.0009611111111111112), (2, 0.24863333333333332, 0.04725000000000001), (2, 0.0, 0.00095), (1, 0.0, 0.0005722222222222222), (0, 0, 0), (0, 0, 0), (8, 0.0, 0.022372222222222224), (3, 0.00015, 0.019816666666666666), (0, 0, 0), (3, 0.0008666666666666667, 0.016138888888888887), (2, 0.0, 0.0)]","[(32209, 67.1, 10.109977777777777), (32212, 67.1, 10.11), (32210, 67.1, 10.107705555555555), (32212, 67.1, 10.11), (32208, 67.09993333333333, 10.048455555555554), (32210, 67.1, 10.109038888888888), (32210, 66.85136666666666, 10.06275), (32210, 67.1, 10.10905), (32211, 51.900000000000006, 6.1894277777777775), (32212, 51.900000000000006, 6.1899999999999995), (32212, 51.900000000000006, 6.1899999999999995), (32204, 51.900000000000006, 6.167627777777778), (32209, 51.89985000000001, 6.170183333333333), (32212, 51.900000000000006, 6.1899999999999995), (32209, 51.89913333333334, 6.173861111111111), (32210, 51.900000000000006, 6.1899999999999995)]"
11,"[100.0, 0.0, 100.0, 0.0, 100.0, 100.0, 100.0, 100.0, 100.0, 0.0, 0.0, 100.0, 100.0, 0.0, 100.0, 100.0]","[1, 0, 1, 0, 2, 1, 2, 1, 1, 0, 0, 4, 1, 0, 1, 1]","[4.75, 2.45, 4.75, 2.45, 4.75, 4.75, 4.75, 4.75, 5.05, 2.65, 2.65, 5.05, 5.05, 2.65, 5.05, 5.05]","[0, 0, 2248.9012475559352, 0, 3741.1505281171376, 0, 1822.4066910382662, 1572.4507548904555, 1151.9170880730503, 0, 0, 2905.3961498711787, 2073.45105261294, 0, 1896.4898516652977, 2938.223603388089]","[4029, 4029, 1780.0987524440648, 4029, 287.8494718828624, 4029, 2206.593308961734, 2456.5492451095442, 2877.0829119269497, 4029, 4029, 1123.6038501288213, 1955.5489473870598, 4029, 2132.5101483347025, 1090.776396611911]","[4029, 4029, 4029, 4029, 4029, 4029, 4029, 4029, 4029, 4029, 4029, 4029, 4029, 4029, 4029, 4029]","[4029, 0, 4029, 0, 4029, 4029, 4029, 4029, 4029, 0, 0, 4029, 4029, 0, 4029, 4029]","[(27.96146666666667, 11.744666666666664, 11.770666666666664), (0, 0, 0), (33.5544, 0.009266666666666668, 0.010666666666666666), (0, 0, 0), (358.6078666666666, 0.21813333333333335, 0.1826), (22.3696, 0.11606666666666667, 0.09953333333333332), (367.3502666666667, 0.6953333333333334, 0.010266666666666667), (100.6632, 0.11566666666666668, 0.09933333333333332), (72.70093333333334, 6.666666666666668e-05, 0.001), (0, 0, 0), (0, 0, 0), (1033.1956, 0.12333333333333332, 0.4004666666666667), (254.4540666666667, 0.0026, 0.0088), (0, 0, 0), (294.3, 0.001066666666666667, 0.005466666666666667), (0.0, 0.0, 0.0)]","[(4267.038533333333, 1848.2553333333333, 988.2293333333333), (4295, 1860.0, 1000.0), (4261.4456, 1859.9907333333333, 999.9893333333333), (4295, 1860.0, 1000.0), (3936.3921333333333, 1859.7818666666667, 999.8174), (4272.6304, 1859.8839333333333, 999.9004666666667), (3927.649733333333, 1859.3046666666667, 999.9897333333333), (4194.3368, 1859.8843333333334, 999.9006666666667), (8119.2990666666665, 1799.9999333333333, 1524.999), (8192, 1800.0, 1525.0), (8192, 1800.0, 1525.0), (7158.8044, 1799.8766666666668, 1524.5995333333333), (7937.545933333333, 1799.9974, 1524.9912), (8192, 1800.0, 1525.0), (7897.7, 1799.9989333333333, 1524.9945333333333), (8192.0, 1800.0, 1525.0)]","[(3, 0.0, 2.2222222222222223e-05), (0, 0, 0), (2, 0.0, 0.0023555555555555556), (0, 0, 0), (4, 0.00021666666666666666, 0.06577777777777778), (2, 0.0, 0.0009388888888888888), (2, 0.2376, 0.013738888888888886), (2, 0.0, 0.0009611111111111112), (1, 0.0, 0.0005666666666666666), (0, 0, 0), (0, 0, 0), (8, 0.0, 0.02211111111111111), (3, 0.00011666666666666667, 0.017588888888888887), (0, 0, 0), (3, 0.0002, 0.014294444444444445), (2, 0.0, 0.0)]","[(32209, 67.1, 10.109977777777777), (32212, 67.1, 10.11), (32210, 67.1, 10.107644444444444), (32212, 67.1, 10.11), (32208, 67.09978333333333, 10.044222222222222), (32210, 67.1, 10.10906111111111), (32210, 66.8624, 10.09626111111111), (32210, 67.1, 10.109038888888888), (32211, 51.900000000000006, 6.189433333333333), (32212, 51.900000000000006, 6.1899999999999995), (32212, 51.900000000000006, 6.1899999999999995), (32204, 51.900000000000006, 6.167888888888888), (32209, 51.89988333333334, 6.172411111111111), (32212, 51.900000000000006, 6.1899999999999995), (32209, 51.899800000000006, 6.175705555555555), (32210, 51.900000000000006, 6.1899999999999995)]"
12,"[0.0, 0.0, 100.0, 0.0, 100.0, 100.0, 100.0, 100.0, 100.0, 0.0, 0.0, 100.0, 100.0, 0.0, 100.0, 100.0]","[0, 0, 1, 0, 2, 1, 2, 1, 1, 0, 0, 4, 1, 0, 2, 1]","[2.45, 2.45, 4.75, 2.45, 4.75, 4.75, 4.75, 4.75, 5.05, 2.65, 2.65, 5.05, 5.05, 2.65, 5.05, 5.05]","[0, 0, 5046.6768101486105, 0, 3905.543531054216, 1071.7839430047102, 1944.1837740701278, 0, 1158.5948682937635, 0, 0, 2520.862171302439, 2293.817831151513, 0, 3873.663321773975, 2958.2569461384624]","[4029, 4029, -1017.6768101486105, 4029, 123.45646894578385, 2957.21605699529, 2084.8162259298724, 4029, 2870.4051317062367, 4029, 4029, 1508.137828697561, 1735.182168848487, 4029, 155.33667822602501, 1070.7430538615376]","[4029, 4029, 4029, 4029, 4029, 4029, 4029, 4029, 4029, 4029, 4029, 4029, 4029, 4029, 4029, 4029]","[0, 0, 4029, 0, 4029, 4029, 4029, 4029, 4029, 0, 0, 4029, 4029, 0, 4029, 4029]","[(0, 0, 0), (0, 0, 0), (369.0984, 0.018533333333333336, 0.025066666666666668), (0, 0, 0), (343.00739999999996, 0.2141333333333333, 0.1754666666666667), (125.829, 0.0033333333333333335, 0.0012666666666666666), (265.289, 0.6579333333333333, 0.0082), (22.3696, 0.11606666666666667, 0.09953333333333332), (75.49719999999999, 0.0004, 0.0014666666666666665), (0, 0, 0), (0, 0, 0), (835.3648000000001, 0.12606666666666666, 0.36453333333333326), (268.435, 0.0018666666666666666, 0.0016), (0, 0, 0), (360.0103333333334, 0.9413999999999999, 0.7618666666666668), (0.0, 0.0, 0.0)]","[(4295, 1860.0, 1000.0), (4295, 1860.0, 1000.0), (3925.9016, 1859.9814666666666, 999.9749333333333), (4295, 1860.0, 1000.0), (3951.9926, 1859.7858666666666, 999.8245333333333), (4169.171, 1859.9966666666667, 999.9987333333333), (4029.7110000000002, 1859.3420666666666, 999.9918), (4272.6304, 1859.8839333333333, 999.9004666666667), (8116.5028, 1799.9996, 1524.9985333333334), (8192, 1800.0, 1525.0), (8192, 1800.0, 1525.0), (7356.6352, 1799.8739333333333, 1524.6354666666666), (7923.565, 1799.9981333333333, 1524.9984), (8192, 1800.0, 1525.0), (7831.989666666666, 1799.0586, 1524.2381333333333), (8192.0, 1800.0, 1525.0)]","[(0, 0, 0), (0, 0, 0), (2, 0.0, 0.0054888888888888895), (0, 0, 0), (4, 0.0002666666666666667, 0.06857777777777778), (3, 0.0, 0.0006444444444444443), (2, 0.27031666666666665, 0.013177777777777778), (2, 0.0, 0.0009388888888888888), (1, 0.0, 0.0005499999999999999), (0, 0, 0), (0, 0, 0), (8, 0.0, 0.017288888888888885), (3, 0.00013333333333333334, 0.023688888888888888), (0, 0, 0), (5, 0.0006666666666666666, 0.03152777777777778), (2, 0.0, 0.0)]","[(32212, 67.1, 10.11), (32212, 67.1, 10.11), (32210, 67.1, 10.10451111111111), (32212, 67.1, 10.11), (32208, 67.09973333333333, 10.041422222222222), (32209, 67.1, 10.109355555555554), (32210, 66.82968333333332, 10.096822222222222), (32210, 67.1, 10.10906111111111), (32211, 51.900000000000006, 6.18945), (32212, 51.900000000000006, 6.1899999999999995), (32212, 51.900000000000006, 6.1899999999999995), (32204, 51.900000000000006, 6.172711111111111), (32209, 51.899866666666675, 6.166311111111111), (32212, 51.900000000000006, 6.1899999999999995), (32207, 51.89933333333334, 6.158472222222222), (32210, 51.900000000000006, 6.1899999999999995)]"
13,"[0.0, 0.0, 100.0, 0.0, 100.0, 100.0, 100.0, 0.0, 100.0, 0.0, 100.0, 100.0, 100.0, 0.0, 100.0, 100.0]","[0, 0, 1, 0, 2, 1, 1, 0, 1, 0, 1, 4, 1, 0, 3, 1]","[2.45, 2.45, 4.75, 2.45, 4.75, 4.75, 4.75, 2.45, 5.05, 2.65, 5.05, 5.05, 5.05, 2.65, 5.05, 5.05]","[0, 0, 6361.008278047395, 0, 3209.9975909445457, 1068.445052216534, 0, 0, 1151.9170880730503, 0, 1150.2398701187337, 3122.43315005336, 0, 0, 3469.2946979904054, 3018.356974389583]","[4029, 4029, -2332.008278047395, 4029, 819.0024090554543, 2960.554947783466, 4029, 4029, 2877.0829119269497, 4029, 2878.760129881266, 906.5668499466401, 4029, 4029, 559.7053020095946, 1010.6430256104172]","[4029, 4029, 4029, 4029, 4029, 4029, 4029, 4029, 4029, 4029, 4029, 4029, 4029, 4029, 4029, 4029]","[0, 0, 4029, 0, 4029, 4029, 4029, 0, 4029, 0, 4029, 4029, 4029, 0, 4029, 4029]","[(0, 0, 0), (0, 0, 0), (1157.6274666666666, 0.016533333333333334, 0.022133333333333328), (0, 0, 0), (342.3740666666667, 0.21546666666666667, 0.19846666666666662), (170.56820000000002, 0.0034, 0.0014666666666666665), (173.3644, 0.0022, 0.0016), (0, 0, 0), (75.49719999999999, 0.0003333333333333333, 0.0014), (0, 0, 0), (111.1484, 0.6268666666666667, 0.0044666666666666665), (864.7248666666667, 0.10019999999999998, 0.44480000000000003), (269.134, 0.0016666666666666668, 0.0014666666666666665), (0, 0, 0), (458.2264666666667, 0.9723333333333333, 0.7784666666666666), (0.0, 0.0, 0.0)]","[(4295, 1860.0, 1000.0), (4295, 1860.0, 1000.0), (3137.372533333333, 1859.9834666666666, 999.9778666666666), (4295, 1860.0, 1000.0), (3952.6259333333333, 1859.7845333333332, 999.8015333333333), (4124.4318, 1859.9966, 999.9985333333333), (4121.6356, 1859.9978, 999.9984), (4295, 1860.0, 1000.0), (8116.5028, 1799.9996666666666, 1524.9986), (8192, 1800.0, 1525.0), (8080.8516, 1799.3731333333333, 1524.9955333333332), (7327.2751333333335, 1799.8998, 1524.5552), (7922.866, 1799.9983333333332, 1524.9985333333334), (8192, 1800.0, 1525.0), (7733.773533333333, 1799.0276666666666, 1524.2215333333334), (8192.0, 1800.0, 1525.0)]","[(0, 0, 0), (0, 0, 0), (2, 0.0, 0.005333333333333333), (0, 0, 0), (4, 0.00011666666666666667, 0.06766666666666667), (3, 0.0, 0.0005666666666666666), (1, 0.2694166666666667, 0.013116666666666667), (0, 0, 0), (1, 0.0, 0.0005611111111111111), (0, 0, 0), (1, 0.0, 0.00023333333333333333), (8, 0.0, 0.022411111111111107), (3, 0.00031666666666666665, 0.026144444444444446), (0, 0, 0), (7, 0.00021666666666666666, 0.021477777777777776), (2, 0.0, 0.0)]","[(32212, 67.1, 10.11), (32212, 67.1, 10.11), (32210, 67.1, 10.104666666666667), (32212, 67.1, 10.11), (32208, 67.09988333333332, 10.042333333333334), (32209, 67.1, 10.109433333333333), (32211, 66.83058333333332, 10.096883333333333), (32212, 67.1, 10.11), (32211, 51.900000000000006, 6.189438888888889), (32212, 51.900000000000006, 6.1899999999999995), (32211, 51.900000000000006, 6.189766666666666), (32204, 51.900000000000006, 6.167588888888888), (32209, 51.899683333333336, 6.163855555555555), (32212, 51.900000000000006, 6.1899999999999995), (32205, 51.89978333333334, 6.168522222222221), (32210, 51.900000000000006, 6.1899999999999995)]"
14,"[0.0, 0.0, 100.0, 0.0, 100.0, 100.0, 100.0, 0.0, 100.0, 0.0, 0.0, 100.0, 100.0, 0.0, 100.0, 100.0]","[0, 0, 1, 0, 2, 1, 1, 0, 1, 0, 0, 4, 1, 0, 3, 2]","[2.45, 2.45, 4.75, 2.45, 4.75, 4.75, 4.75, 2.45, 5.05, 2.65, 2.65, 5.05, 5.05, 2.65, 5.05, 5.05]","[0, 0, 2438.7820916767528, 0, 3720.6630033702277, 1095.1561785219467, 2251.868135745323, 0, 1168.6115386248337, 0, 0, 3353.188593875206, 2327.8664038117226, 0, 3658.5137074906042, 3882.536286057058]","[4029, 4029, 1590.2179083232472, 4029, 308.33699662977233, 2933.8438214780535, 1777.131864254677, 4029, 2860.388461375166, 4029, 4029, 675.8114061247938, 1701.1335961882774, 4029, 370.48629250939575, 146.46371394294192]","[4029, 4029, 4029, 4029, 4029, 4029, 4029, 4029, 4029, 4029, 4029, 4029, 4029, 4029, 4029, 4029]","[0, 0, 4029, 0, 4029, 4029, 4029, 0, 4029, 0, 0, 4029, 4029, 0, 4029, 4029]","[(0, 0, 0), (0, 0, 0), (167.772, 0.009333333333333334, 0.0104), (0, 0, 0), (351.79613333333333, 0.21793333333333328, 0.18553333333333336), (170.56820000000002, 0.0033333333333333335, 0.0014), (100.6632, 0.009333333333333334, 0.0108), (0, 0, 0), (77.5942, 0.00046666666666666666, 0.0014), (0, 0, 0), (0, 0, 0), (1124.0720000000001, 0.11653333333333332, 0.6567333333333333), (335.544, 0.016466666666666664, 0.009866666666666668), (0, 0, 0), (487.76160000000004, 0.9554, 0.7660666666666668), (80.73986666666669, 0.6493333333333333, 0.004200000000000001)]","[(4295, 1860.0, 1000.0), (4295, 1860.0, 1000.0), (4127.228, 1859.9906666666666, 999.9896), (4295, 1860.0, 1000.0), (3943.2038666666667, 1859.7820666666667, 999.8144666666667), (4124.4318, 1859.9966666666667, 999.9986), (4194.3368, 1859.9906666666666, 999.9892), (4295, 1860.0, 1000.0), (8114.4058, 1799.9995333333334, 1524.9986), (8192, 1800.0, 1525.0), (8192, 1800.0, 1525.0), (7067.928, 1799.8834666666667, 1524.3432666666668), (7856.456, 1799.9835333333333, 1524.9901333333332), (8192, 1800.0, 1525.0), (7704.2384, 1799.0446, 1524.2339333333334), (8111.260133333333, 1799.3506666666667, 1524.9958)]","[(0, 0, 0), (0, 0, 0), (2, 0.0, 0.002172222222222222), (0, 0, 0), (4, 0.00013333333333333334, 0.07246666666666667), (3, 0.0, 0.0008388888888888889), (2, 0.0, 0.002416666666666667), (0, 0, 0), (1, 0.0, 0.001627777777777778), (0, 0, 0), (0, 0, 0), (8, 0.0, 0.023899999999999998), (3, 0.0, 0.015905555555555555), (0, 0, 0), (7, 0.09483333333333334, 0.03997222222222222), (3, 0.0, 0.0002222222222222222)]","[(32212, 67.1, 10.11), (32212, 67.1, 10.11), (32210, 67.1, 10.107827777777777), (32212, 67.1, 10.11), (32208, 67.09986666666666, 10.037533333333332), (32209, 67.1, 10.10916111111111), (32210, 67.1, 10.107583333333332), (32212, 67.1, 10.11), (32211, 51.900000000000006, 6.188372222222222), (32212, 51.900000000000006, 6.1899999999999995), (32212, 51.900000000000006, 6.1899999999999995), (32204, 51.900000000000006, 6.166099999999999), (32209, 51.900000000000006, 6.174094444444444), (32212, 51.900000000000006, 6.1899999999999995), (32205, 51.80516666666667, 6.150027777777777), (32209, 51.900000000000006, 6.189777777777778)]"
15,"[0.0, 0.0, 100.0, 0.0, 99.97517994539588, 100.0, 100.0, 0.0, 100.0, 0.0, 0.0, 99.97517994539588, 100.0, 0.0, 100.0, 99.97517994539588]","[0, 0, 1, 0, 2, 1, 1, 0, 1, 0, 0, 4, 1, 0, 3, 2]","[2.45, 2.45, 4.75, 2.45, 4.748485976669149, 4.75, 4.75, 2.45, 5.05, 2.65, 2.65, 5.048237776123107, 5.05, 2.65, 5.05, 5.048237776123107]","[0, 0, 2554.490731062876, 0, 4331.61154510539, 1105.1728508864767, 2266.7025766922616, 0, 1165.2726485144767, 0, 0, 5555.91357846073, 2503.141050686958, 0, 3616.2058876047868, 4354.109505481104]","[4029, 4029, 1474.509268937124, 4029, -302.6115451053902, 2923.8271491135233, 1762.2974233077384, 4029, 2863.7273514855233, 4029, 4029, -1526.9135784607297, 1525.858949313042, 4029, 412.79411239521323, -325.10950548110395]","[4029, 4029, 4029, 4029, 4029, 4029, 4029, 4029, 4029, 4029, 4029, 4029, 4029, 4029, 4029, 4029]","[0, 0, 4029, 0, 4028, 4029, 4029, 0, 4029, 0, 0, 4028, 4029, 0, 4029, 4028]","[(0, 0, 0), (0, 0, 0), (536.8704, 0.009266666666666668, 0.0106), (0, 0, 0), (359.65906666666666, 0.3337333333333333, 0.24473333333333336), (128.6252, 0.0032, 0.0014), (150.9948, 0.009333333333333334, 0.010933333333333335), (0, 0, 0), (69.2056, 0.00046666666666666666, 0.0013333333333333333), (0, 0, 0), (0, 0, 0), (1270.873, 0.1528, 0.6471333333333334), (427.8186, 0.011466666666666667, 0.006066666666666666), (0, 0, 0), (492.8296666666666, 0.9585333333333333, 0.7724000000000001), (90.177, 0.6436666666666666, 0.004533333333333333)]","[(4295, 1860.0, 1000.0), (4295, 1860.0, 1000.0), (3758.1296, 1859.9907333333333, 999.9894), (4295, 1860.0, 1000.0), (3935.3409333333334, 1859.6662666666666, 999.7552666666667), (4166.3748, 1859.9968, 999.9986), (4144.0052, 1859.9906666666666, 999.9890666666666), (4295, 1860.0, 1000.0), (8122.7944, 1799.9995333333334, 1524.9986666666666), (8192, 1800.0, 1525.0), (8192, 1800.0, 1525.0), (6921.127, 1799.8472, 1524.3528666666666), (7764.1814, 1799.9885333333334, 1524.9939333333334), (8192, 1800.0, 1525.0), (7699.1703333333335, 1799.0414666666666, 1524.2276), (8101.823, 1799.3563333333334, 1524.9954666666667)]","[(0, 0, 0), (0, 0, 0), (2, 0.0, 0.0023777777777777777), (0, 0, 0), (4, 0.0005499999999999999, 0.08303333333333335), (3, 0.0, 0.0005555555555555557), (2, 0.0, 0.0026888888888888887), (0, 0, 0), (1, 0.0, 0.0005499999999999999), (0, 0, 0), (0, 0, 0), (8, 0.0, 0.17354444444444445), (3, 1.666666666666667e-05, 0.017866666666666666), (0, 0, 0), (7, 0.0007833333333333333, 0.026405555555555557), (3, 0.0, 0.0002222222222222222)]","[(32212, 67.1, 10.11), (32212, 67.1, 10.11), (32210, 67.1, 10.107622222222222), (32212, 67.1, 10.11), (32208, 67.09944999999999, 10.026966666666667), (32209, 67.1, 10.109444444444444), (32210, 67.1, 10.10731111111111), (32212, 67.1, 10.11), (32211, 51.900000000000006, 6.18945), (32212, 51.900000000000006, 6.1899999999999995), (32212, 51.900000000000006, 6.1899999999999995), (32204, 51.900000000000006, 6.016455555555555), (32209, 51.89998333333334, 6.172133333333333), (32212, 51.900000000000006, 6.1899999999999995), (32205, 51.899216666666675, 6.163594444444444), (32209, 51.900000000000006, 6.189777777777778)]"
16,"[0.0, 0.0, 100.0, 0.0, 100.0, 100.0, 100.0, 0.0, 100.0, 0.0, 0.0, 100.0, 100.0, 0.0, 100.0, 100.0]","[0, 0, 1, 0, 2, 1, 1, 0, 2, 0, 0, 3, 1, 0, 3, 2]","[2.45, 2.45, 4.75, 2.45, 4.75, 4.75, 4.75, 2.45, 5.05, 2.65, 2.65, 5.05, 5.05, 2.65, 5.05, 5.05]","[0, 0, 2450.6496444343047, 0, 5110.063743147408, 1078.4617245810634, 2248.9012475559352, 0, 450.7502254398, 0, 0, 4020.0239766614773, 2497.663717972107, 0, 3776.481756325128, 4617.283929941382]","[4029, 4029, 1578.3503555656953, 4029, -1081.0637431474079, 2950.538275418937, 1780.0987524440648, 4029, 3578.2497745602, 4029, 4029, 8.976023338522737, 1531.336282027893, 4029, 252.51824367487188, -588.2839299413818]","[4029, 4029, 4029, 4029, 4029, 4029, 4029, 4029, 4029, 4029, 4029, 4029, 4029, 4029, 4029, 4029]","[0, 0, 4029, 0, 4029, 4029, 4029, 0, 4029, 0, 0, 4029, 4029, 0, 4029, 4029]","[(0, 0, 0), (0, 0, 0), (738.197, 0.009333333333333334, 0.0108), (0, 0, 0), (496.0942666666667, 0.5439333333333333, 0.29106666666666664), (134.2176, 0.0033333333333333335, 0.0014), (150.9948, 0.009266666666666668, 0.0106), (0, 0, 0), (267.0366, 0.0007333333333333332, 0.002), (0, 0, 0), (0, 0, 0), (2264.2242666666666, 0.10753333333333336, 0.3602), (419.43, 0.0086, 0.004933333333333334), (0, 0, 0), (481.64466666666664, 0.9648666666666665, 0.7681333333333332), (88.07973333333334, 0.8984, 0.004200000000000001)]","[(4295, 1860.0, 1000.0), (4295, 1860.0, 1000.0), (3556.803, 1859.9906666666666, 999.9892), (4295, 1860.0, 1000.0), (3798.905733333333, 1859.4560666666666, 999.7089333333333), (4160.7824, 1859.9966666666667, 999.9986), (4144.0052, 1859.9907333333333, 999.9894), (4295, 1860.0, 1000.0), (7924.9634, 1799.9992666666667, 1524.998), (8192, 1800.0, 1525.0), (8192, 1800.0, 1525.0), (5927.775733333334, 1799.8924666666667, 1524.6398), (7772.57, 1799.9914, 1524.9950666666666), (8192, 1800.0, 1525.0), (7710.355333333333, 1799.0351333333333, 1524.2318666666667), (8103.920266666667, 1799.1016, 1524.9958)]","[(0, 0, 0), (0, 0, 0), (2, 0.0, 0.0023666666666666667), (0, 0, 0), (4, 0.2676166666666666, 0.18186666666666668), (3, 0.0, 0.0007111111111111111), (2, 0.0, 0.0023555555555555556), (0, 0, 0), (2, 0.0, 0.0008666666666666666), (0, 0, 0), (0, 0, 0), (6, 0.0, 0.1809611111111111), (3, 0.0, 0.021744444444444445), (0, 0, 0), (7, 0.0007333333333333333, 0.03175), (3, 0.0, 0.00032777777777777775)]","[(32212, 67.1, 10.11), (32212, 67.1, 10.11), (32210, 67.1, 10.107633333333332), (32212, 67.1, 10.11), (32208, 66.83238333333333, 9.928133333333333), (32209, 67.1, 10.109288888888889), (32210, 67.1, 10.107644444444444), (32212, 67.1, 10.11), (32210, 51.900000000000006, 6.1891333333333325), (32212, 51.900000000000006, 6.1899999999999995), (32212, 51.900000000000006, 6.1899999999999995), (32206, 51.900000000000006, 6.009038888888888), (32209, 51.900000000000006, 6.168255555555555), (32212, 51.900000000000006, 6.1899999999999995), (32205, 51.89926666666667, 6.15825), (32209, 51.900000000000006, 6.189672222222222)]"
17,"[0.0, 0.0, 100.0, 0.0, 99.97517994539588, 100.0, 100.0, 0.0, 100.0, 0.0, 0.0, 100.0, 100.0, 0.0, 100.0, 100.0]","[0, 0, 1, 0, 2, 1, 1, 0, 3, 0, 0, 2, 1, 0, 3, 2]","[2.45, 2.45, 4.75, 2.45, 4.748485976669149, 4.75, 4.75, 2.45, 5.05, 2.65, 2.65, 5.05, 5.05, 2.65, 5.05, 5.05]","[0, 0, 2453.616532623692, 0, 4476.797372794717, 1058.4283798520034, 2254.8350239347114, 0, 2933.9740156085963, 0, 0, 0, 2664.722365775066, 0, 3809.10840887356, 4842.379479545126]","[4029, 4029, 1575.383467376308, 4029, -447.7973727947174, 2970.5716201479963, 1774.1649760652886, 4029, 1095.0259843914037, 4029, 4029, 4029, 1364.277634224934, 4029, 219.89159112643983, -813.3794795451258]","[4029, 4029, 4029, 4029, 4029, 4029, 4029, 4029, 4029, 4029, 4029, 4029, 4029, 4029, 4029, 4029]","[0, 0, 4029, 0, 4028, 4029, 4029, 0, 4029, 0, 0, 4029, 4029, 0, 4029, 4029]","[(0, 0, 0), (0, 0, 0), (352.32120000000003, 0.0094, 0.010866666666666667), (0, 0, 0), (478.8746666666667, 0.33819999999999995, 0.21993333333333334), (268.4352, 0.0032666666666666664, 0.0013333333333333333), (184.5492, 0.009333333333333334, 0.0108), (0, 0, 0), (562.7346666666667, 0.11746666666666666, 0.09986666666666666), (0, 0, 0), (0, 0, 0), (1308.6224666666665, 0.08826666666666667, 0.33853333333333335), (455.7806, 0.011333333333333336, 0.005066666666666666), (0, 0, 0), (454.9063333333334, 0.9396666666666668, 0.766), (108.00293333333333, 1.1823333333333332, 0.0031333333333333335)]","[(4295, 1860.0, 1000.0), (4295, 1860.0, 1000.0), (3942.6788, 1859.9906, 999.9891333333334), (4295, 1860.0, 1000.0), (3816.1253333333334, 1859.6618, 999.7800666666667), (4026.5648, 1859.9967333333334, 999.9986666666666), (4110.4508, 1859.9906666666666, 999.9892), (4295, 1860.0, 1000.0), (7629.265333333333, 1799.8825333333334, 1524.9001333333333), (8192, 1800.0, 1525.0), (8192, 1800.0, 1525.0), (6883.377533333333, 1799.9117333333334, 1524.6614666666667), (7736.2194, 1799.9886666666666, 1524.9949333333334), (8192, 1800.0, 1525.0), (7737.093666666667, 1799.0603333333333, 1524.234), (8083.997066666667, 1798.8176666666666, 1524.9968666666666)]","[(0, 0, 0), (0, 0, 0), (2, 0.0, 0.002344444444444444), (0, 0, 0), (4, 0.0012833333333333332, 0.07959444444444445), (3, 0.0, 0.00065), (2, 0.0, 0.002338888888888889), (0, 0, 0), (5, 0.0, 0.0013277777777777776), (0, 0, 0), (0, 0, 0), (4, 0.0, 0.017316666666666668), (3, 0.0, 0.016805555555555553), (0, 0, 0), (7, 0.06356666666666667, 0.04884999999999999), (3, 0.0, 0.00023333333333333333)]","[(32212, 67.1, 10.11), (32212, 67.1, 10.11), (32210, 67.1, 10.107655555555555), (32212, 67.1, 10.11), (32208, 67.09871666666666, 10.030405555555555), (32209, 67.1, 10.10935), (32210, 67.1, 10.10766111111111), (32212, 67.1, 10.11), (32207, 51.900000000000006, 6.1886722222222215), (32212, 51.900000000000006, 6.1899999999999995), (32212, 51.900000000000006, 6.1899999999999995), (32208, 51.900000000000006, 6.172683333333333), (32209, 51.900000000000006, 6.1731944444444435), (32212, 51.900000000000006, 6.1899999999999995), (32205, 51.83643333333334, 6.14115), (32209, 51.900000000000006, 6.189766666666666)]"
18,"[0.0, 0.0, 100.0, 0.0, 99.97517994539588, 100.0, 100.0, 0.0, 100.0, 100.0, 100.0, 0.0, 100.0, 0.0, 100.0, 100.0]","[0, 0, 1, 0, 2, 1, 1, 0, 2, 1, 1, 0, 1, 0, 3, 2]","[2.45, 2.45, 4.75, 2.45, 4.748485976669149, 4.75, 4.75, 2.45, 5.05, 5.05, 5.05, 2.65, 5.05, 2.65, 5.05, 5.05]","[0, 0, 2495.1529672751212, 0, 4579.3261832875705, 0, 2248.9012475559352, 0, 1368.945037733289, 1566.5169784569066, 454.0891471920266, 0, 2478.4930534701275, 0, 4572.388454875886, 3732.8795324862313]","[4029, 4029, 1533.8470327248788, 4029, -550.3261832875705, 4029, 1780.0987524440648, 4029, 2660.0549622667113, 2462.4830215430934, 3574.9108528079732, 4029, 1550.5069465298725, 4029, -543.388454875886, 296.12046751376874]","[4029, 4029, 4029, 4029, 4029, 4029, 4029, 4029, 4029, 4029, 4029, 4029, 4029, 4029, 4029, 4029]","[0, 0, 4029, 0, 4028, 4029, 4029, 0, 4029, 4029, 4029, 0, 4029, 0, 4029, 4029]","[(0, 0, 0), (0, 0, 0), (218.1036, 0.009333333333333334, 0.010666666666666666), (0, 0, 0), (386.55213333333336, 0.2875333333333333, 0.20640000000000003), (248.8618, 0.0033333333333333335, 0.0014), (218.1036, 0.009266666666666668, 0.010533333333333334), (0, 0, 0), (308.97933333333333, 0.021133333333333334, 0.005333333333333333), (268.4352, 0.11646666666666668, 0.09953333333333332), (29.621666666666673, 4.1293999999999995, 4.1416), (0, 0, 0), (332.7478, 0.012333333333333335, 0.0056), (0, 0, 0), (565.8804, 0.9221333333333335, 0.7447333333333335), (106.95439999999999, 0.8705333333333333, 0.007)]","[(4295, 1860.0, 1000.0), (4295, 1860.0, 1000.0), (4076.8964, 1859.9906666666666, 999.9893333333333), (4295, 1860.0, 1000.0), (3908.4478666666664, 1859.7124666666666, 999.7936), (4046.1382, 1859.9966666666667, 999.9986), (4076.8964, 1859.9907333333333, 999.9894666666667), (4295, 1860.0, 1000.0), (7883.020666666666, 1799.9788666666666, 1524.9946666666667), (7923.5648, 1799.8835333333334, 1524.9004666666667), (8162.378333333333, 1795.8706, 1520.8584), (8192, 1800.0, 1525.0), (7859.2522, 1799.9876666666667, 1524.9944), (8192, 1800.0, 1525.0), (7626.1196, 1799.0778666666668, 1524.2552666666666), (8085.0456, 1799.1294666666668, 1524.993)]","[(0, 0, 0), (0, 0, 0), (2, 0.0, 0.002655555555555556), (0, 0, 0), (4, 0.005666666666666667, 0.08339444444444445), (3, 0.0, 0.0008222222222222222), (2, 0.0, 0.0022555555555555554), (0, 0, 0), (3, 0.03991666666666666, 0.014283333333333335), (2, 0.0, 0.0009611111111111112), (3, 0.0, 1.6666666666666667e-05), (0, 0, 0), (3, 0.0, 0.021144444444444445), (0, 0, 0), (7, 0.09333333333333334, 0.035305555555555555), (3, 0.0, 0.00021666666666666668)]","[(32212, 67.1, 10.11), (32212, 67.1, 10.11), (32210, 67.1, 10.107344444444443), (32212, 67.1, 10.11), (32208, 67.09433333333332, 10.026605555555555), (32209, 67.1, 10.109177777777777), (32210, 67.1, 10.107744444444444), (32212, 67.1, 10.11), (32209, 51.860083333333336, 6.175716666666666), (32210, 51.900000000000006, 6.189038888888889), (32209, 51.900000000000006, 6.189983333333333), (32212, 51.900000000000006, 6.1899999999999995), (32209, 51.900000000000006, 6.168855555555555), (32212, 51.900000000000006, 6.1899999999999995), (32205, 51.80666666666667, 6.154694444444444), (32209, 51.900000000000006, 6.189783333333333)]"
19,"[100.0, 0.0, 100.0, 0.0, 100.0, 100.0, 100.0, 0.0, 100.0, 0.0, 99.97517994539588, 100.0, 100.0, 0.0, 100.0, 100.0]","[1, 0, 1, 0, 1, 1, 1, 0, 1, 0, 3, 1, 1, 0, 2, 1]","[4.75, 2.45, 4.75, 2.45, 4.75, 4.75, 4.75, 2.45, 5.05, 2.65, 5.048237776123107, 5.05, 5.05, 2.65, 5.05, 5.05]","[1966.362444631549, 0, 2423.947650729814, 0, 2520.8623908579216, 390.65025572768, 2201.431036525731, 0, 474.12245935149326, 0, 3667.4231517071776, 3464.41286996805, 2629.1197031285333, 0, 3793.9201998600356, 3782.9628893621643]","[2062.637555368451, 4029, 1605.052349270186, 4029, 1508.1376091420784, 3638.34974427232, 1827.568963474269, 4029, 3554.8775406485065, 4029, 361.57684829282243, 564.58713003195, 1399.8802968714667, 4029, 235.0798001399644, 246.03711063783567]","[4029, 4029, 4029, 4029, 4029, 4029, 4029, 4029, 4029, 4029, 4029, 4029, 4029, 4029, 4029, 4029]","[4029, 0, 4029, 0, 4029, 4029, 4029, 0, 4029, 0, 4028, 4029, 4029, 0, 4029, 4029]","[(98.99153333333334, 0.26739999999999997, 0.19593333333333338), (0, 0, 0), (134.2176, 0.009266666666666668, 0.010666666666666666), (0, 0, 0), (274.72646666666674, 0.0041333333333333335, 0.009866666666666668), (499.1218, 0.0004, 0.0003333333333333333), (268.4352, 0.009333333333333334, 0.0108), (0, 0, 0), (225.09366666666662, 0.0, 0.0), (0, 0, 0), (174.93626666666665, 12.230800000000002, 12.241666666666664), (168.47066666666663, 0.27493333333333336, 0.023333333333333327), (377.487, 0.011333333333333336, 0.0054), (0, 0, 0), (411.7402, 0.9323333333333332, 0.7535333333333334), (0.0, 0.0, 0.0)]","[(4196.008466666666, 1859.7326, 999.8040666666667), (4295, 1860.0, 1000.0), (4160.7824, 1859.9907333333333, 999.9893333333333), (4295, 1860.0, 1000.0), (4020.273533333333, 1859.9958666666666, 999.9901333333333), (3795.8782, 1859.9996, 999.9996666666667), (4026.5648, 1859.9906666666666, 999.9892), (4295, 1860.0, 1000.0), (7966.906333333333, 1800.0, 1525.0), (8192, 1800.0, 1525.0), (8017.063733333333, 1787.7692, 1512.7583333333334), (8023.529333333333, 1799.7250666666666, 1524.9766666666667), (7814.513, 1799.9886666666666, 1524.9946), (8192, 1800.0, 1525.0), (7780.2598, 1799.0676666666666, 1524.2464666666667), (8192.0, 1800.0, 1525.0)]","[(1, 0.0, 0.051827777777777785), (0, 0, 0), (2, 0.0, 0.0023833333333333337), (0, 0, 0), (3, 0.0009833333333333335, 0.03336666666666666), (2, 0.012733333333333334, 0.0036666666666666666), (2, 0.0, 0.0022944444444444444), (0, 0, 0), (1, 0.0, 0.0002833333333333333), (0, 0, 0), (7, 0.0, 0.0010111111111111108), (3, 0.2927833333333333, 0.026605555555555556), (3, 0.0, 0.030616666666666664), (0, 0, 0), (5, 0.00031666666666666665, 0.0386), (2, 0.0, 0.0)]","[(32211, 67.1, 10.058172222222222), (32212, 67.1, 10.11), (32210, 67.1, 10.107616666666667), (32212, 67.1, 10.11), (32209, 67.09901666666666, 10.076633333333334), (32210, 67.08726666666666, 10.106333333333334), (32210, 67.1, 10.107705555555555), (32212, 67.1, 10.11), (32211, 51.900000000000006, 6.1897166666666665), (32212, 51.900000000000006, 6.1899999999999995), (32205, 51.900000000000006, 6.188988888888888), (32209, 51.60721666666667, 6.163394444444444), (32209, 51.900000000000006, 6.1593833333333325), (32212, 51.900000000000006, 6.1899999999999995), (32207, 51.899683333333336, 6.1514), (32210, 51.900000000000006, 6.1899999999999995)]"
20,"[100.0, 0.0, 100.0, 0.0, 100.0, 100.0, 100.0, 0.0, 100.0, 0.0, 100.0, 100.0, 100.0, 0.0, 100.0, 100.0]","[1, 0, 1, 0, 1, 2, 1, 0, 1, 0, 4, 1, 1, 0, 2, 1]","[4.75, 2.45, 4.75, 2.45, 4.75, 4.75, 4.75, 2.45, 5.05, 2.65, 5.05, 5.05, 5.05, 2.65, 5.05, 5.05]","[1996.48777456323, 0, 2423.947650729814, 0, 2607.673546039784, 1130.1950805952447, 2248.9012475559352, 0, 0, 0, 3907.079290283, 4442.116739200141, 2505.879717044383, 0, 4227.985100943919, 3388.973815271489]","[2032.51222543677, 4029, 1605.052349270186, 4029, 1421.326453960216, 2898.8049194047553, 1780.0987524440648, 4029, 4029, 4029, 121.92070971700014, -413.1167392001407, 1523.1202829556169, 4029, -198.98510094391895, 640.026184728511]","[4029, 4029, 4029, 4029, 4029, 4029, 4029, 4029, 4029, 4029, 4029, 4029, 4029, 4029, 4029, 4029]","[4029, 0, 4029, 0, 4029, 4029, 4029, 0, 4029, 0, 4029, 4029, 4029, 0, 4029, 4029]","[(100.29406666666667, 0.28213333333333335, 0.20133333333333336), (0, 0, 0), (33.5544, 0.009333333333333334, 0.010466666666666668), (0, 0, 0), (269.13426666666675, 0.0028, 0.002466666666666667), (455.08166666666676, 0.017266666666666666, 0.18919999999999998), (33.5544, 0.009266666666666668, 0.010666666666666666), (0, 0, 0), (159.38313333333332, 0.0, 0.0), (0, 0, 0), (200.05826666666667, 14.519333333333332, 14.5424), (313.1741333333334, 0.2986666666666667, 0.020266666666666665), (321.563, 0.0134, 0.007933333333333334), (0, 0, 0), (486.53866666666676, 0.9335333333333334, 0.7433333333333334), (0.0, 0.0, 0.0)]","[(4194.705933333334, 1859.7178666666666, 999.7986666666667), (4295, 1860.0, 1000.0), (4261.4456, 1859.9906666666666, 999.9895333333334), (4295, 1860.0, 1000.0), (4025.865733333333, 1859.9972, 999.9975333333333), (3839.918333333333, 1859.9827333333333, 999.8108), (4261.4456, 1859.9907333333333, 999.9893333333333), (4295, 1860.0, 1000.0), (8032.616866666666, 1800.0, 1525.0), (8192, 1800.0, 1525.0), (7991.941733333333, 1785.4806666666666, 1510.4576), (7878.825866666667, 1799.7013333333334, 1524.9797333333333), (7870.437, 1799.9866, 1524.9920666666667), (8192, 1800.0, 1525.0), (7705.461333333334, 1799.0664666666667, 1524.2566666666667), (8192.0, 1800.0, 1525.0)]","[(1, 1.666666666666667e-05, 0.05187777777777777), (0, 0, 0), (2, 0.0, 0.0022833333333333334), (0, 0, 0), (3, 0.0003333333333333333, 0.03149444444444444), (5, 0.0002833333333333333, 0.004383333333333335), (2, 0.0, 0.0023555555555555556), (0, 0, 0), (1, 0.0, 0.0002722222222222222), (0, 0, 0), (10, 0.0, 0.0010444444444444444), (3, 0.10841666666666666, 0.0281), (3, 0.0, 0.017744444444444448), (0, 0, 0), (5, 0.2675166666666666, 0.1327833333333333), (2, 0.0, 0.0)]","[(32211, 67.09998333333333, 10.058122222222222), (32212, 67.1, 10.11), (32210, 67.1, 10.107716666666667), (32212, 67.1, 10.11), (32209, 67.09966666666666, 10.078505555555555), (32207, 67.09971666666667, 10.105616666666666), (32210, 67.1, 10.107644444444444), (32212, 67.1, 10.11), (32211, 51.900000000000006, 6.189727777777778), (32212, 51.900000000000006, 6.1899999999999995), (32202, 51.900000000000006, 6.188955555555555), (32209, 51.79158333333334, 6.161899999999999), (32209, 51.900000000000006, 6.172255555555555), (32212, 51.900000000000006, 6.1899999999999995), (32207, 51.63248333333334, 6.057216666666666), (32210, 51.900000000000006, 6.1899999999999995)]"
21,"[100.0, 0.0, 100.0, 0.0, 100.0, 100.0, 100.0, 100.0, 0.0, 0.0, 99.97517994539588, 100.0, 100.0, 0.0, 100.0, 100.0]","[1, 0, 1, 0, 1, 1, 1, 1, 0, 0, 3, 2, 2, 0, 2, 1]","[4.75, 2.45, 4.75, 2.45, 4.75, 4.75, 4.75, 4.75, 2.65, 2.65, 5.048237776123107, 5.05, 5.05, 2.65, 5.05, 5.05]","[2029.3517708523368, 0, 2394.2787688359367, 0, 2350.5789710781155, 537.5614630098844, 5046.6768101486105, 620.0796165570354, 0, 0, 4053.98148329408, 3915.2725507228665, 3148.5533602224, 0, 3865.1620325497115, 3395.6515961882797]","[1999.6482291476632, 4029, 1634.7212311640633, 4029, 1678.4210289218845, 3491.4385369901156, -1017.6768101486105, 3408.9203834429645, 4029, 4029, -24.981483294080135, 113.72744927713347, 880.4466397776, 4029, 163.8379674502885, 633.3484038117203]","[4029, 4029, 4029, 4029, 4029, 4029, 4029, 4029, 4029, 4029, 4029, 4029, 4029, 4029, 4029, 4029]","[4029, 0, 4029, 0, 4029, 4029, 4029, 4029, 0, 0, 4028, 4029, 4029, 0, 4029, 4029]","[(104.20166666666668, 0.267, 0.19686666666666666), (0, 0, 0), (100.6632, 0.009266666666666668, 0.010733333333333333), (0, 0, 0), (272.62946666666676, 0.0018666666666666666, 0.0016), (471.15966666666674, 0.013066666666666664, 0.18946666666666667), (369.0984, 0.018533333333333336, 0.025066666666666668), (0.0, 0.004666666666666667, 6.666666666666668e-05), (0, 0, 0), (0, 0, 0), (228.54486666666668, 23.181266666666673, 23.224866666666664), (348.82526666666666, 0.041133333333333334, 0.025933333333333333), (664.0973333333333, 0.01446666666666667, 0.009000000000000001), (0, 0, 0), (448.78999999999996, 0.8964666666666666, 0.7333333333333333), (0.0, 0.0, 0.0)]","[(4190.798333333333, 1859.733, 999.8031333333333), (4295, 1860.0, 1000.0), (4194.3368, 1859.9907333333333, 999.9892666666667), (4295, 1860.0, 1000.0), (4022.3705333333332, 1859.9981333333333, 999.9984), (3823.840333333333, 1859.9869333333334, 999.8105333333333), (3925.9016, 1859.9814666666666, 999.9749333333333), (4295.0, 1859.9953333333333, 999.9999333333334), (8192, 1800.0, 1525.0), (8192, 1800.0, 1525.0), (7963.455133333333, 1776.8187333333333, 1501.7751333333333), (7843.174733333333, 1799.9588666666666, 1524.9740666666667), (7527.902666666667, 1799.9855333333333, 1524.991), (8192, 1800.0, 1525.0), (7743.21, 1799.1035333333334, 1524.2666666666667), (8192.0, 1800.0, 1525.0)]","[(1, 3.3333333333333335e-05, 0.05137777777777777), (0, 0, 0), (2, 0.0, 0.002338888888888889), (0, 0, 0), (3, 0.0004166666666666666, 0.026177777777777776), (2, 0.00035, 0.0039833333333333335), (2, 0.0, 0.0054888888888888895), (3, 0.0, 0.001661111111111111), (0, 0, 0), (0, 0, 0), (8, 0.0, 0.0014555555555555556), (5, 0.00125, 0.027655555555555558), (5, 0.0037166666666666667, 0.01996111111111111), (0, 0, 0), (5, 0.0012833333333333332, 0.03326666666666667), (2, 0.0, 0.0)]","[(32211, 67.09996666666666, 10.05862222222222), (32212, 67.1, 10.11), (32210, 67.1, 10.10766111111111), (32212, 67.1, 10.11), (32209, 67.09958333333333, 10.083822222222222), (32210, 67.09965, 10.106016666666665), (32210, 67.1, 10.10451111111111), (32209, 67.1, 10.108338888888888), (32212, 51.900000000000006, 6.1899999999999995), (32212, 51.900000000000006, 6.1899999999999995), (32204, 51.900000000000006, 6.188544444444444), (32207, 51.89875000000001, 6.162344444444444), (32207, 51.896283333333336, 6.170038888888889), (32212, 51.900000000000006, 6.1899999999999995), (32207, 51.89871666666667, 6.1567333333333325), (32210, 51.900000000000006, 6.1899999999999995)]"
22,"[100.0, 0.0, 100.0, 0.0, 100.0, 100.0, 100.0, 100.0, 0.0, 0.0, 99.97517994539588, 100.0, 99.97517994539588, 0.0, 100.0, 100.0]","[1, 0, 1, 0, 1, 1, 1, 1, 0, 0, 3, 2, 2, 0, 2, 1]","[4.75, 2.45, 4.75, 2.45, 4.75, 4.75, 4.75, 4.75, 2.65, 2.65, 5.048237776123107, 5.05, 5.048237776123107, 2.65, 5.05, 5.05]","[1991.0104418483793, 0, 0, 0, 2417.356782756471, 0, 6361.008278047395, 578.5431829120669, 0, 0, 3917.4680959046827, 4362.613152262602, 3075.065812379615, 0, 1554.649748478609, 3432.379391230631]","[2037.9895581516207, 4029, 4029, 4029, 1611.6432172435289, 4029, -2332.008278047395, 3450.456817087933, 4029, 4029, 111.53190409531726, -333.61315226260194, 953.9341876203848, 4029, 2474.3502515213913, 596.620608769369]","[4029, 4029, 4029, 4029, 4029, 4029, 4029, 4029, 4029, 4029, 4029, 4029, 4029, 4029, 4029, 4029]","[4029, 0, 4029, 0, 4029, 4029, 4029, 4029, 0, 0, 4028, 4029, 4028, 0, 4029, 4029]","[(76.1972, 0.28906666666666664, 0.20346666666666666), (0, 0, 0), (117.4404, 0.0092, 0.0106), (0, 0, 0), (289.4064, 0.0022, 0.0018666666666666666), (486.5389333333335, 0.012733333333333333, 0.18919999999999998), (1157.6274666666666, 0.016533333333333334, 0.022133333333333328), (0.0, 0.004533333333333333, 0.0), (0, 0, 0), (0, 0, 0), (129.19233333333335, 21.393333333333334, 21.430133333333334), (264.93926666666664, 0.043533333333333334, 0.028333333333333335), (778.7415333333332, 0.013333333333333332, 0.0086), (0, 0, 0), (364.20480000000003, 0.9169333333333335, 0.7345333333333334), (0.0, 0.0, 0.0)]","[(4218.8028, 1859.7109333333333, 999.7965333333333), (4295, 1860.0, 1000.0), (4177.5596, 1859.9908, 999.9894), (4295, 1860.0, 1000.0), (4005.5936, 1859.9978, 999.9981333333334), (3808.4610666666667, 1859.9872666666668, 999.8108), (3137.372533333333, 1859.9834666666666, 999.9778666666666), (4295.0, 1859.9954666666667, 1000.0), (8192, 1800.0, 1525.0), (8192, 1800.0, 1525.0), (8062.807666666667, 1778.6066666666666, 1503.5698666666667), (7927.060733333334, 1799.9564666666668, 1524.9716666666666), (7413.258466666667, 1799.9866666666667, 1524.9914), (8192, 1800.0, 1525.0), (7827.7952, 1799.0830666666666, 1524.2654666666667), (8192.0, 1800.0, 1525.0)]","[(1, 0.00013333333333333334, 0.05233888888888889), (0, 0, 0), (2, 0.0, 0.0023166666666666665), (0, 0, 0), (3, 0.19908333333333336, 0.026938888888888887), (2, 0.07660000000000003, 0.0032111111111111108), (2, 0.0, 0.005333333333333333), (3, 0.0, 0.0012944444444444446), (0, 0, 0), (0, 0, 0), (8, 0.0, 0.0010166666666666666), (5, 0.0008, 0.02777777777777778), (5, 0.0013, 0.024516666666666666), (0, 0, 0), (5, 0.005633333333333334, 0.041650000000000006), (2, 0.0, 0.0)]","[(32211, 67.09986666666666, 10.057661111111111), (32212, 67.1, 10.11), (32210, 67.1, 10.107683333333332), (32212, 67.1, 10.11), (32209, 66.90091666666666, 10.08306111111111), (32210, 67.0234, 10.106788888888888), (32210, 67.1, 10.104666666666667), (32209, 67.1, 10.108705555555556), (32212, 51.900000000000006, 6.1899999999999995), (32212, 51.900000000000006, 6.1899999999999995), (32204, 51.900000000000006, 6.188983333333333), (32207, 51.89920000000001, 6.162222222222222), (32207, 51.898700000000005, 6.1654833333333325), (32212, 51.900000000000006, 6.1899999999999995), (32207, 51.89436666666667, 6.14835), (32210, 51.900000000000006, 6.1899999999999995)]"
23,"[100.0, 0.0, 0.0, 0.0, 100.0, 100.0, 100.0, 100.0, 0.0, 0.0, 100.0, 100.0, 100.0, 0.0, 100.0, 100.0]","[1, 0, 0, 0, 2, 1, 1, 1, 0, 0, 3, 2, 2, 0, 2, 1]","[4.75, 2.45, 2.45, 2.45, 4.75, 4.75, 4.75, 4.75, 2.65, 2.65, 5.05, 5.05, 5.05, 2.65, 5.05, 5.05]","[1865.0317894068035, 0, 0, 0, 599.3113997345512, 1115.1894634134223, 2438.7820916767528, 581.5100710295644, 0, 0, 3909.6743066141216, 4053.0685428828833, 2986.9720521566896, 0, 2925.3523893128013, 0]","[2163.9682105931965, 4029, 4029, 4029, 3429.6886002654487, 2913.8105365865777, 1590.2179083232472, 3447.4899289704354, 4029, 4029, 119.32569338587837, -24.06854288288332, 1042.0279478433104, 4029, 1103.6476106871987, 4029]","[4029, 4029, 4029, 4029, 4029, 4029, 4029, 4029, 4029, 4029, 4029, 4029, 4029, 4029, 4029, 4029]","[4029, 0, 0, 0, 4029, 4029, 4029, 4029, 0, 0, 4029, 4029, 4029, 0, 4029, 4029]","[(85.9662, 0.27253333333333335, 0.19946666666666668), (0, 0, 0), (0, 0, 0), (0, 0, 0), (292.9018, 0.005066666666666666, 0.0005333333333333334), (499.1218, 0.0016666666666666668, 0.0011333333333333332), (167.772, 0.009333333333333334, 0.0104), (0.0, 0.004733333333333333, 0.0), (0, 0, 0), (0, 0, 0), (162.8342, 22.081200000000003, 22.118933333333338), (238.37513333333334, 0.043000000000000003, 0.027666666666666673), (749.3813333333333, 0.014400000000000001, 0.008133333333333333), (0, 0, 0), (536.8702, 0.8891333333333333, 0.7291333333333333), (0.0, 0.0, 0.0)]","[(4209.0338, 1859.7274666666667, 999.8005333333333), (4295, 1860.0, 1000.0), (4295, 1860.0, 1000.0), (4295, 1860.0, 1000.0), (4002.0982, 1859.9949333333334, 999.9994666666666), (3795.8782, 1859.9983333333332, 999.9988666666667), (4127.228, 1859.9906666666666, 999.9896), (4295.0, 1859.9952666666666, 1000.0), (8192, 1800.0, 1525.0), (8192, 1800.0, 1525.0), (8029.1658, 1777.9188, 1502.8810666666666), (7953.624866666667, 1799.957, 1524.9723333333334), (7442.618666666667, 1799.9856, 1524.9918666666667), (8192, 1800.0, 1525.0), (7655.1298, 1799.1108666666667, 1524.2708666666667), (8192.0, 1800.0, 1525.0)]","[(1, 0.0, 0.052361111111111115), (0, 0, 0), (0, 0, 0), (0, 0, 0), (6, 0.04091666666666667, 0.0126), (2, 0.0, 0.0010999999999999998), (2, 0.0, 0.002172222222222222), (3, 0.0, 0.0012333333333333335), (0, 0, 0), (0, 0, 0), (8, 0.0, 0.0010055555555555558), (5, 0.00011666666666666667, 0.02986666666666666), (5, 0.00026666666666666673, 0.019511111111111108), (0, 0, 0), (5, 0.10851666666666666, 0.011927777777777777), (2, 0.0, 0.0)]","[(32211, 67.1, 10.057638888888889), (32212, 67.1, 10.11), (32212, 67.1, 10.11), (32212, 67.1, 10.11), (32206, 67.05908333333333, 10.097399999999999), (32210, 67.1, 10.1089), (32210, 67.1, 10.107827777777777), (32209, 67.1, 10.108766666666666), (32212, 51.900000000000006, 6.1899999999999995), (32212, 51.900000000000006, 6.1899999999999995), (32204, 51.900000000000006, 6.188994444444444), (32207, 51.89988333333334, 6.160133333333333), (32207, 51.89973333333334, 6.1704888888888885), (32212, 51.900000000000006, 6.1899999999999995), (32207, 51.79148333333334, 6.178072222222221), (32210, 51.900000000000006, 6.1899999999999995)]"
24,"[100.0, 0.0, 0.0, 0.0, 100.0, 100.0, 100.0, 100.0, 0.0, 0.0, 100.0, 100.0, 100.0, 0.0, 100.0, 100.0]","[1, 0, 0, 0, 1, 1, 1, 1, 0, 0, 3, 2, 2, 0, 2, 1]","[4.75, 2.45, 2.45, 2.45, 4.75, 4.75, 4.75, 4.75, 2.65, 2.65, 5.05, 5.05, 5.05, 2.65, 5.05, 5.05]","[1982.7944427761026, 0, 0, 0, 620.0796165570354, 1175.2894943758222, 2554.490731062876, 0, 0, 0, 3983.873909096814, 3502.7541981732297, 3011.391823958469, 0, 3222.041272610247, 501.40426599866777]","[2046.2055572238974, 4029, 4029, 4029, 3408.9203834429645, 2853.710505624178, 1474.509268937124, 4029, 4029, 4029, 45.126090903186196, 526.2458018267703, 1017.6081760415309, 4029, 806.9587273897532, 3527.5957340013324]","[4029, 4029, 4029, 4029, 4029, 4029, 4029, 4029, 4029, 4029, 4029, 4029, 4029, 4029, 4029, 4029]","[4029, 0, 0, 0, 4029, 4029, 4029, 4029, 0, 0, 4029, 4029, 4029, 0, 4029, 4029]","[(92.47886666666669, 0.26613333333333333, 0.19846666666666668), (0, 0, 0), (0, 0, 0), (0, 0, 0), (0.0, 0.004666666666666667, 6.666666666666668e-05), (553.6476, 0.0017333333333333335, 0.0015333333333333334), (536.8704, 0.009266666666666668, 0.0106), (0.0, 0.004733333333333333, 6.666666666666668e-05), (0, 0, 0), (0, 0, 0), (82.35573333333333, 22.397866666666673, 22.433933333333336), (222.99606666666668, 0.0378, 0.02946666666666667), (728.4096666666667, 0.012733333333333333, 0.008266666666666665), (0, 0, 0), (459.9746, 0.8804666666666667, 0.7153333333333335), (0.0, 0.0048, 6.666666666666668e-05)]","[(4202.521133333334, 1859.7338666666667, 999.8015333333333), (4295, 1860.0, 1000.0), (4295, 1860.0, 1000.0), (4295, 1860.0, 1000.0), (4295.0, 1859.9953333333333, 999.9999333333334), (3741.3523999999998, 1859.9982666666667, 999.9984666666667), (3758.1296, 1859.9907333333333, 999.9894), (4295.0, 1859.9952666666666, 999.9999333333334), (8192, 1800.0, 1525.0), (8192, 1800.0, 1525.0), (8109.644266666666, 1777.6021333333333, 1502.5660666666668), (7969.003933333333, 1799.9622, 1524.9705333333334), (7463.590333333334, 1799.9872666666668, 1524.9917333333333), (8192, 1800.0, 1525.0), (7732.0254, 1799.1195333333333, 1524.2846666666667), (8192.0, 1799.9952, 1524.9999333333333)]","[(1, 0.0026333333333333334, 0.052366666666666666), (0, 0, 0), (0, 0, 0), (0, 0, 0), (3, 0.0, 0.001661111111111111), (2, 0.0, 0.0005222222222222223), (2, 0.0, 0.0023777777777777777), (3, 0.0, 0.0012666666666666666), (0, 0, 0), (0, 0, 0), (8, 0.0, 0.0009833333333333332), (5, 0.0013666666666666669, 0.04000555555555556), (5, 0.0, 0.026466666666666666), (0, 0, 0), (5, 0.21225, 0.017594444444444447), (2, 0.0, 0.0013222222222222222)]","[(32211, 67.09736666666666, 10.057633333333333), (32212, 67.1, 10.11), (32212, 67.1, 10.11), (32212, 67.1, 10.11), (32209, 67.1, 10.108338888888888), (32210, 67.1, 10.109477777777776), (32210, 67.1, 10.107622222222222), (32209, 67.1, 10.108733333333333), (32212, 51.900000000000006, 6.1899999999999995), (32212, 51.900000000000006, 6.1899999999999995), (32204, 51.900000000000006, 6.189016666666666), (32207, 51.898633333333336, 6.149994444444444), (32207, 51.900000000000006, 6.163533333333333), (32212, 51.900000000000006, 6.1899999999999995), (32207, 51.68775000000001, 6.172405555555555), (32210, 51.900000000000006, 6.1886777777777775)]"
25,"[100.0, 0.0, 0.0, 100.0, 100.0, 100.0, 100.0, 0.0, 0.0, 0.0, 100.0, 100.0, 100.0, 0.0, 100.0, 100.0]","[1, 0, 0, 1, 1, 1, 1, 0, 0, 0, 3, 1, 2, 0, 2, 1]","[4.75, 2.45, 2.45, 4.75, 4.75, 4.75, 4.75, 2.45, 2.65, 2.65, 5.05, 5.05, 5.05, 2.65, 5.05, 5.05]","[0, 0, 0, 2240.395480738335, 578.5431829120669, 1121.8672446314667, 2450.6496444343047, 0, 0, 0, 3934.1625498455655, 2935.85027399664, 2900.2476198456798, 0, 2827.4450578246456, 498.43737685074666]","[4029, 4029, 4029, 1788.6045192616648, 3450.456817087933, 2907.1327553685333, 1578.3503555656953, 4029, 4029, 4029, 94.83745015443446, 1093.1497260033598, 1128.7523801543202, 4029, 1201.5549421753544, 3530.5626231492533]","[4029, 4029, 4029, 4029, 4029, 4029, 4029, 4029, 4029, 4029, 4029, 4029, 4029, 4029, 4029, 4029]","[4029, 0, 0, 4029, 4029, 4029, 4029, 0, 0, 0, 4029, 4029, 4029, 0, 4029, 4029]","[(121.1346, 0.2476, 0.193), (0, 0, 0), (0, 0, 0), (973.0777333333333, 0.10640000000000001, 0.744), (0.0, 0.004533333333333333, 0.0), (461.3726, 0.008400000000000001, 0.008866666666666667), (738.197, 0.009333333333333334, 0.0108), (0, 0, 0), (0, 0, 0), (0, 0, 0), (126.00286666666666, 22.867933333333333, 22.903466666666667), (105.55626666666666, 0.03646666666666667, 0.024466666666666664), (728.4099333333334, 0.012866666666666665, 0.008933333333333335), (0, 0, 0), (461.37280000000004, 0.9407333333333332, 0.7398666666666667), (145.4024, 0.004733333333333333, 6.666666666666668e-05)]","[(4173.8654, 1859.7524, 999.807), (4295, 1860.0, 1000.0), (4295, 1860.0, 1000.0), (3321.9222666666665, 1859.8936, 999.256), (4295.0, 1859.9954666666667, 1000.0), (3833.6274, 1859.9916, 999.9911333333333), (3556.803, 1859.9906666666666, 999.9892), (4295, 1860.0, 1000.0), (8192, 1800.0, 1525.0), (8192, 1800.0, 1525.0), (8065.997133333333, 1777.1320666666666, 1502.0965333333334), (8086.4437333333335, 1799.9635333333333, 1524.9755333333333), (7463.590066666667, 1799.9871333333333, 1524.9910666666667), (8192, 1800.0, 1525.0), (7730.6272, 1799.0592666666666, 1524.2601333333334), (8046.5976, 1799.9952666666666, 1524.9999333333333)]","[(1, 1.666666666666667e-05, 0.051916666666666667), (0, 0, 0), (0, 0, 0), (3, 0.0, 0.025061111111111114), (3, 0.0, 0.0012944444444444446), (2, 0.0, 0.0004944444444444445), (2, 0.0, 0.0023666666666666667), (0, 0, 0), (0, 0, 0), (0, 0, 0), (8, 0.0, 0.001), (3, 0.0, 0.024422222222222224), (5, 0.0006833333333333333, 0.031083333333333334), (0, 0, 0), (5, 0.020033333333333334, 0.015822222222222224), (2, 0.0, 0.0012666666666666666)]","[(32211, 67.09998333333333, 10.058083333333332), (32212, 67.1, 10.11), (32212, 67.1, 10.11), (32209, 67.1, 10.084938888888889), (32209, 67.1, 10.108705555555556), (32210, 67.1, 10.109505555555556), (32210, 67.1, 10.107633333333332), (32212, 67.1, 10.11), (32212, 51.900000000000006, 6.1899999999999995), (32212, 51.900000000000006, 6.1899999999999995), (32204, 51.900000000000006, 6.188999999999999), (32209, 51.900000000000006, 6.165577777777777), (32207, 51.89931666666667, 6.158916666666666), (32212, 51.900000000000006, 6.1899999999999995), (32207, 51.879966666666675, 6.1741777777777775), (32210, 51.900000000000006, 6.1887333333333325)]"
26,"[100.0, 0.0, 0.0, 100.0, 100.0, 100.0, 100.0, 100.0, 0.0, 100.0, 100.0, 100.0, 100.0, 0.0, 100.0, 100.0]","[1, 0, 0, 1, 1, 1, 1, 1, 0, 1, 2, 1, 2, 0, 2, 1]","[4.75, 2.45, 2.45, 4.75, 4.75, 4.75, 4.75, 4.75, 2.65, 5.05, 5.05, 5.05, 5.05, 2.65, 5.05, 5.05]","[3464.41286996805, 0, 0, 1332.217282883153, 0, 1035.0560887968888, 2453.616532623692, 3464.41286996805, 0, 1563.5500902401322, 2340.5624425118435, 2837.2582871833197, 3348.476014848062, 0, 2827.4450578246447, 498.43737685074666]","[564.58713003195, 4029, 4029, 2696.782717116847, 4029, 2993.9439112031114, 1575.383467376308, 564.58713003195, 4029, 2465.4499097598678, 1688.4375574881565, 1191.7417128166803, 680.5239851519382, 4029, 1201.5549421753553, 3530.5626231492533]","[4029, 4029, 4029, 4029, 4029, 4029, 4029, 4029, 4029, 4029, 4029, 4029, 4029, 4029, 4029, 4029]","[4029, 0, 0, 4029, 4029, 4029, 4029, 4029, 0, 4029, 4029, 4029, 4029, 0, 4029, 4029]","[(168.47066666666663, 0.27493333333333336, 0.023333333333333327), (0, 0, 0), (0, 0, 0), (805.3058666666667, 0.081, 0.3894666666666666), (0.0, 0.004733333333333333, 0.0), (448.7898, 0.009933333333333334, 0.0104), (352.32120000000003, 0.0094, 0.010866666666666667), (168.47066666666663, 0.27493333333333336, 0.023333333333333327), (0, 0, 0), (78.29360000000001, 0.11573333333333333, 0.09953333333333332), (57.23373333333333, 22.126333333333335, 22.177666666666667), (111.8476, 0.035666666666666666, 0.024), (668.2915333333333, 0.017733333333333334, 0.011133333333333332), (0, 0, 0), (448.78979999999996, 0.9389333333333333, 0.7352666666666667), (67.1088, 0.004666666666666667, 0.0)]","[(4126.529333333333, 1859.7250666666666, 999.9766666666667), (4295, 1860.0, 1000.0), (4295, 1860.0, 1000.0), (3489.6941333333334, 1859.919, 999.6105333333334), (4295.0, 1859.9952666666666, 1000.0), (3846.2102, 1859.9900666666667, 999.9896), (3942.6788, 1859.9906, 999.9891333333334), (4126.529333333333, 1859.7250666666666, 999.9766666666667), (8192, 1800.0, 1525.0), (8113.7064, 1799.8842666666667, 1524.9004666666667), (8134.7662666666665, 1777.8736666666666, 1502.8223333333333), (8080.1524, 1799.9643333333333, 1524.976), (7523.708466666667, 1799.9822666666666, 1524.9888666666666), (8192, 1800.0, 1525.0), (7743.2102, 1799.0610666666666, 1524.2647333333334), (8124.8912, 1799.9953333333333, 1525.0)]","[(3, 0.2927833333333333, 0.026605555555555556), (0, 0, 0), (0, 0, 0), (3, 0.0, 0.023311111111111112), (3, 0.0, 0.0012333333333333335), (2, 0.0, 0.0004944444444444445), (2, 0.0, 0.002344444444444444), (3, 0.2927833333333333, 0.026605555555555556), (0, 0, 0), (2, 0.0, 0.0009166666666666666), (6, 0.0, 3.888888888888889e-05), (3, 0.0, 0.028383333333333337), (5, 6.666666666666667e-05, 0.02028888888888889), (0, 0, 0), (5, 0.008033333333333333, 0.017216666666666665), (2, 0.0, 0.0012333333333333335)]","[(32209, 66.80721666666666, 10.083394444444444), (32212, 67.1, 10.11), (32212, 67.1, 10.11), (32209, 67.1, 10.086688888888888), (32209, 67.1, 10.108766666666666), (32210, 67.1, 10.109505555555556), (32210, 67.1, 10.107655555555555), (32209, 66.80721666666666, 10.083394444444444), (32212, 51.900000000000006, 6.1899999999999995), (32210, 51.900000000000006, 6.189083333333333), (32206, 51.900000000000006, 6.189961111111111), (32209, 51.900000000000006, 6.161616666666666), (32207, 51.89993333333334, 6.169711111111111), (32212, 51.900000000000006, 6.1899999999999995), (32207, 51.891966666666676, 6.172783333333332), (32210, 51.900000000000006, 6.188766666666666)]"
27,"[100.0, 0.0, 0.0, 100.0, 0.0, 100.0, 100.0, 100.0, 0.0, 100.0, 100.0, 100.0, 99.97517994539588, 0.0, 100.0, 100.0]","[1, 0, 0, 1, 0, 1, 1, 1, 0, 1, 3, 1, 2, 0, 2, 1]","[4.75, 2.45, 2.45, 4.75, 2.45, 4.75, 4.75, 4.75, 2.65, 5.05, 5.05, 5.05, 5.048237776123107, 2.65, 5.05, 5.05]","[4442.116739200141, 0, 0, 888.1448552554355, 0, 1051.750541842, 2495.1529672751212, 4442.116739200141, 0, 1563.5500902401322, 3071.7796459947276, 2777.0076285751793, 3354.6380132744703, 0, 2759.2066146662337, 0]","[-413.1167392001407, 4029, 4029, 3140.8551447445643, 4029, 2977.249458158, 1533.8470327248788, -413.1167392001407, 4029, 2465.4499097598678, 957.2203540052724, 1251.9923714248207, 674.3619867255297, 4029, 1269.7933853337663, 4029]","[4029, 4029, 4029, 4029, 4029, 4029, 4029, 4029, 4029, 4029, 4029, 4029, 4029, 4029, 4029, 4029]","[4029, 0, 0, 4029, 0, 4029, 4029, 4029, 0, 4029, 4029, 4029, 4028, 0, 4029, 4029]","[(313.1741333333334, 0.2986666666666667, 0.020266666666666665), (0, 0, 0), (0, 0, 0), (624.9507333333332, 0.08693333333333333, 0.30760000000000004), (0, 0, 0), (450.1882666666667, 0.0092, 0.009466666666666667), (218.1036, 0.009333333333333334, 0.010666666666666666), (313.1741333333334, 0.2986666666666667, 0.020266666666666665), (0, 0, 0), (33.5544, 0.1158, 0.09953333333333332), (199.75226666666666, 22.98433333333333, 23.035799999999995), (115.3428, 0.03426666666666667, 0.023266666666666665), (680.8743333333332, 0.04066666666666666, 0.020200000000000003), (0, 0, 0), (448.79, 0.9171333333333334, 0.7279333333333333), (100.6632, 0.004666666666666667, 6.666666666666668e-05)]","[(3981.8258666666666, 1859.7013333333334, 999.9797333333333), (4295, 1860.0, 1000.0), (4295, 1860.0, 1000.0), (3670.049266666667, 1859.9130666666667, 999.6924), (4295, 1860.0, 1000.0), (3844.8117333333334, 1859.9908, 999.9905333333334), (4076.8964, 1859.9906666666666, 999.9893333333333), (3981.8258666666666, 1859.7013333333334, 999.9797333333333), (8192, 1800.0, 1525.0), (8158.4456, 1799.8842, 1524.9004666666667), (7992.247733333334, 1777.0156666666667, 1501.9642), (8076.6572, 1799.9657333333334, 1524.9767333333334), (7511.125666666667, 1799.9593333333332, 1524.9798), (8192, 1800.0, 1525.0), (7743.21, 1799.0828666666666, 1524.2720666666667), (8091.3368, 1799.9953333333333, 1524.9999333333333)]","[(3, 0.10841666666666666, 0.0281), (0, 0, 0), (0, 0, 0), (3, 0.0, 0.013066666666666667), (0, 0, 0), (2, 0.0, 0.0005166666666666667), (2, 0.0, 0.002655555555555556), (3, 0.10841666666666666, 0.0281), (0, 0, 0), (2, 0.0, 0.000977777777777778), (7, 0.0, 0.028905555555555556), (3, 0.0, 0.027411111111111112), (5, 0.0010333333333333334, 0.021566666666666665), (0, 0, 0), (5, 0.007916666666666667, 0.014061111111111111), (2, 0.0, 0.001238888888888889)]","[(32209, 66.99158333333332, 10.0819), (32212, 67.1, 10.11), (32212, 67.1, 10.11), (32209, 67.1, 10.096933333333332), (32212, 67.1, 10.11), (32210, 67.1, 10.109483333333333), (32210, 67.1, 10.107344444444443), (32209, 66.99158333333332, 10.0819), (32212, 51.900000000000006, 6.1899999999999995), (32210, 51.900000000000006, 6.1890222222222215), (32205, 51.900000000000006, 6.161094444444444), (32209, 51.900000000000006, 6.162588888888888), (32207, 51.898966666666674, 6.168433333333333), (32212, 51.900000000000006, 6.1899999999999995), (32207, 51.89208333333334, 6.175938888888888), (32210, 51.900000000000006, 6.188761111111111)]"
28,"[100.0, 0.0, 0.0, 100.0, 0.0, 100.0, 100.0, 100.0, 0.0, 99.97517994539588, 100.0, 100.0, 100.0, 0.0, 100.0, 0.0]","[1, 0, 0, 1, 0, 1, 2, 1, 0, 2, 2, 1, 3, 0, 2, 0]","[4.75, 2.45, 2.45, 4.75, 2.45, 4.75, 4.75, 4.75, 2.65, 5.048237776123107, 5.05, 5.05, 5.05, 2.65, 5.05, 2.65]","[3143.9889128247596, 0, 0, 1101.8338429860667, 0, 0, 3201.909069042623, 3143.9889128247596, 0, 2285.866457969929, 2323.8679885709603, 3089.2155868173595, 3780.633099097111, 0, 2788.8755029959775, 0]","[885.0110871752404, 4029, 4029, 2927.166157013933, 4029, 4029, 827.0909309573772, 885.0110871752404, 4029, 1743.133542030071, 1705.1320114290397, 939.7844131826405, 248.36690090288903, 4029, 1240.1244970040225, 4029]","[4029, 4029, 4029, 4029, 4029, 4029, 4029, 4029, 4029, 4029, 4029, 4029, 4029, 4029, 4029, 4029]","[4029, 0, 0, 4029, 0, 4029, 4029, 4029, 0, 4028, 4029, 4029, 4029, 0, 4029, 0]","[(205.5204, 0.03793333333333333, 0.025266666666666666), (0, 0, 0), (0, 0, 0), (641.7282666666667, 0.07759999999999999, 0.331), (0, 0, 0), (461.373, 0.0016666666666666668, 0.0013333333333333333), (257.9488666666666, 0.019, 0.013466666666666667), (205.5204, 0.03793333333333333, 0.025266666666666666), (0, 0, 0), (201.32639999999998, 0.11746666666666665, 0.10086666666666667), (57.8018, 22.155600000000003, 22.204933333333337), (111.1486, 0.03153333333333334, 0.0434), (821.3830666666668, 0.020733333333333333, 0.014133333333333335), (0, 0, 0), (416.63360000000006, 0.9067333333333333, 0.7183999999999999), (0, 0, 0)]","[(4089.4796, 1859.9620666666667, 999.9747333333333), (4295, 1860.0, 1000.0), (4295, 1860.0, 1000.0), (3653.271733333333, 1859.9224, 999.669), (4295, 1860.0, 1000.0), (3833.627, 1859.9983333333332, 999.9986666666666), (4037.0511333333334, 1859.981, 999.9865333333333), (4089.4796, 1859.9620666666667, 999.9747333333333), (8192, 1800.0, 1525.0), (7990.6736, 1799.8825333333334, 1524.8991333333333), (8134.1982, 1777.8444, 1502.7950666666666), (8080.8514, 1799.9684666666667, 1524.9566), (7370.616933333333, 1799.9792666666667, 1524.9858666666667), (8192, 1800.0, 1525.0), (7775.3664, 1799.0932666666668, 1524.2816), (8192, 1800.0, 1525.0)]","[(3, 0.00125, 0.027633333333333336), (0, 0, 0), (0, 0, 0), (3, 0.04375, 0.0321388888888889), (0, 0, 0), (2, 0.0, 0.01923888888888889), (4, 0.0, 0.0024055555555555557), (3, 0.00125, 0.027633333333333336), (0, 0, 0), (3, 0.36411666666666676, 0.014094444444444444), (6, 0.0, 3.3333333333333335e-05), (3, 0.0009, 0.029877777777777774), (6, 0.00013333333333333334, 0.026233333333333334), (0, 0, 0), (5, 0.007866666666666666, 0.014894444444444445), (0, 0, 0)]","[(32209, 67.09875, 10.082366666666665), (32212, 67.1, 10.11), (32212, 67.1, 10.11), (32209, 67.05624999999999, 10.07786111111111), (32212, 67.1, 10.11), (32210, 67.1, 10.09076111111111), (32208, 67.1, 10.107594444444445), (32209, 67.09875, 10.082366666666665), (32212, 51.900000000000006, 6.1899999999999995), (32209, 51.53588333333334, 6.175905555555555), (32206, 51.900000000000006, 6.189966666666666), (32209, 51.899100000000004, 6.160122222222221), (32206, 51.899866666666675, 6.163766666666666), (32212, 51.900000000000006, 6.1899999999999995), (32207, 51.89213333333334, 6.175105555555555), (32212, 51.900000000000006, 6.1899999999999995)]"
29,"[100.0, 0.0, 0.0, 100.0, 0.0, 100.0, 100.0, 100.0, 0.0, 100.0, 100.0, 100.0, 99.97517994539588, 0.0, 100.0, 100.0]","[1, 0, 0, 1, 0, 1, 2, 1, 0, 2, 1, 1, 3, 0, 2, 1]","[4.75, 2.45, 2.45, 4.75, 2.45, 4.75, 4.75, 4.75, 2.65, 5.05, 5.05, 5.05, 5.048237776123107, 2.65, 5.05, 5.05]","[3601.346184986549, 0, 0, 1125.2060760191043, 0, 2327.8664038117226, 3312.0924458852096, 3601.346184986549, 0, 2245.046636060554, 1178.6284482263632, 2842.73561978406, 3711.5251438314694, 0, 1225.3250880184453, 1148.5784311327734]","[427.6538150134511, 4029, 4029, 2903.7939239808957, 4029, 1701.1335961882774, 716.9075541147904, 427.6538150134511, 4029, 1783.9533639394458, 2850.371551773637, 1186.26438021594, 317.47485616853055, 4029, 2803.674911981555, 2880.4215688672266]","[4029, 4029, 4029, 4029, 4029, 4029, 4029, 4029, 4029, 4029, 4029, 4029, 4029, 4029, 4029, 4029]","[4029, 0, 0, 4029, 0, 4029, 4029, 4029, 0, 4029, 4029, 4029, 4028, 0, 4029, 4029]","[(130.0228, 0.042466666666666666, 0.027733333333333336), (0, 0, 0), (0, 0, 0), (838.8603333333335, 0.08673333333333332, 0.3268666666666667), (0, 0, 0), (335.544, 0.016466666666666664, 0.009866666666666668), (154.48973333333333, 0.054533333333333336, 0.030733333333333335), (130.0228, 0.042466666666666666, 0.027733333333333336), (0, 0, 0), (360.7098, 0.12040000000000001, 0.10106666666666667), (29.66546666666667, 11.591533333333333, 11.616), (97.86666666666669, 0.0338, 0.023066666666666666), (729.8074, 0.0194, 0.012533333333333332), (0, 0, 0), (443.1974, 0.9444666666666667, 0.7338666666666667), (29.18493333333334, 11.238933333333332, 11.264533333333333)]","[(4164.9772, 1859.9575333333332, 999.9722666666667), (4295, 1860.0, 1000.0), (4295, 1860.0, 1000.0), (3456.1396666666665, 1859.9132666666667, 999.6731333333333), (4295, 1860.0, 1000.0), (3959.456, 1859.9835333333333, 999.9901333333333), (4140.510266666666, 1859.9454666666666, 999.9692666666666), (4164.9772, 1859.9575333333332, 999.9722666666667), (8192, 1800.0, 1525.0), (7831.2902, 1799.8796, 1524.8989333333334), (8162.334533333334, 1788.4084666666668, 1513.384), (8094.133333333333, 1799.9662, 1524.9769333333334), (7462.1926, 1799.9806, 1524.9874666666667), (8192, 1800.0, 1525.0), (7748.8026, 1799.0555333333334, 1524.2661333333333), (8162.815066666667, 1788.7610666666667, 1513.7354666666668)]","[(3, 0.0008, 0.02777777777777778), (0, 0, 0), (0, 0, 0), (3, 0.0, 0.012833333333333334), (0, 0, 0), (3, 0.0, 0.015905555555555555), (4, 0.0, 0.0022833333333333334), (3, 0.0008, 0.02777777777777778), (0, 0, 0), (3, 0.26766666666666666, 0.01632222222222222), (3, 0.0, 2.2222222222222223e-05), (3, 0.0, 0.02947777777777778), (6, 0.00016666666666666666, 0.022183333333333336), (0, 0, 0), (5, 0.007816666666666666, 0.016661111111111113), (3, 0.0, 4.4444444444444447e-05)]","[(32209, 67.0992, 10.08222222222222), (32212, 67.1, 10.11), (32212, 67.1, 10.11), (32209, 67.1, 10.097166666666666), (32212, 67.1, 10.11), (32209, 67.1, 10.094094444444444), (32208, 67.1, 10.107716666666667), (32209, 67.0992, 10.08222222222222), (32212, 51.900000000000006, 6.1899999999999995), (32209, 51.63233333333334, 6.173677777777777), (32209, 51.900000000000006, 6.189977777777777), (32209, 51.900000000000006, 6.160522222222221), (32206, 51.89983333333334, 6.167816666666666), (32212, 51.900000000000006, 6.1899999999999995), (32207, 51.89218333333334, 6.173338888888888), (32209, 51.900000000000006, 6.189955555555555)]"
30,"[100.0, 0.0, 0.0, 100.0, 0.0, 100.0, 100.0, 100.0, 0.0, 100.0, 100.0, 100.0, 99.97517994539588, 0.0, 100.0, 100.0]","[1, 0, 0, 1, 0, 1, 2, 1, 0, 2, 1, 1, 3, 0, 1, 1]","[4.75, 2.45, 2.45, 4.75, 2.45, 4.75, 4.75, 4.75, 2.65, 5.05, 5.05, 5.05, 5.048237776123107, 2.65, 5.05, 5.05]","[3261.75156374067, 0, 0, 1045.0727056201176, 0, 2503.141050686958, 3245.69577171047, 3261.75156374067, 0, 2274.7337792673725, 1005.0061272411768, 2867.38361648739, 1085.32895958266, 0, 1254.9939763481898, 1181.9673390145404]","[767.24843625933, 4029, 4029, 2983.9272943798824, 4029, 1525.858949313042, 783.3042282895299, 767.24843625933, 4029, 1754.2662207326275, 3023.9938727588233, 1161.61638351261, 2943.67104041734, 4029, 2774.00602365181, 2847.0326609854596]","[4029, 4029, 4029, 4029, 4029, 4029, 4029, 4029, 4029, 4029, 4029, 4029, 4029, 4029, 4029, 4029]","[4029, 0, 0, 4029, 0, 4029, 4029, 4029, 0, 4029, 4029, 4029, 4028, 0, 4029, 4029]","[(110.44946666666667, 0.04046666666666667, 0.026666666666666672), (0, 0, 0), (0, 0, 0), (721.42, 0.07806666666666666, 0.33893333333333336), (0, 0, 0), (427.8186, 0.011466666666666667, 0.006066666666666666), (220.89946666666663, 0.04373333333333333, 0.02213333333333333), (110.44946666666667, 0.04046666666666667, 0.026666666666666672), (0, 0, 0), (301.9896, 0.11806666666666667, 0.10086666666666669), (30.01513333333334, 8.723066666666668, 8.7436), (98.5656, 0.03406666666666667, 0.023066666666666666), (717.2248666666667, 0.022066666666666665, 0.012), (0, 0, 0), (282.41606666666667, 0.0, 0.0), (29.79646666666667, 11.306333333333336, 11.331333333333335)]","[(4184.550533333333, 1859.9595333333334, 999.9733333333334), (4295, 1860.0, 1000.0), (4295, 1860.0, 1000.0), (3573.58, 1859.9219333333333, 999.6610666666667), (4295, 1860.0, 1000.0), (3867.1814, 1859.9885333333334, 999.9939333333333), (4074.1005333333333, 1859.9562666666666, 999.9778666666666), (4184.550533333333, 1859.9595333333334, 999.9733333333334), (8192, 1800.0, 1525.0), (7890.0104, 1799.8819333333333, 1524.8991333333333), (8161.984866666667, 1791.2769333333333, 1516.2564), (8093.4344, 1799.9659333333334, 1524.9769333333334), (7474.7751333333335, 1799.9779333333333, 1524.988), (8192, 1800.0, 1525.0), (7909.583933333333, 1800.0, 1525.0), (8162.203533333333, 1788.6936666666666, 1513.6686666666667)]","[(3, 0.00011666666666666667, 0.02971666666666666), (0, 0, 0), (0, 0, 0), (3, 0.0, 0.011183333333333332), (0, 0, 0), (3, 1.666666666666667e-05, 0.017866666666666666), (4, 0.0, 0.002361111111111111), (3, 0.00011666666666666667, 0.02971666666666666), (0, 0, 0), (3, 0.2701, 0.014022222222222226), (3, 0.0, 2.7777777777777776e-05), (3, 0.0, 0.029166666666666667), (6, 0.0, 0.033316666666666675), (0, 0, 0), (3, 0.00675, 0.003411111111111111), (3, 0.0, 1.6666666666666667e-05)]","[(32209, 67.09988333333332, 10.080283333333332), (32212, 67.1, 10.11), (32212, 67.1, 10.11), (32209, 67.1, 10.098816666666666), (32212, 67.1, 10.11), (32209, 67.09998333333333, 10.092133333333333), (32208, 67.1, 10.107638888888888), (32209, 67.09988333333332, 10.080283333333332), (32212, 51.900000000000006, 6.1899999999999995), (32209, 51.629900000000006, 6.175977777777777), (32209, 51.900000000000006, 6.189972222222222), (32209, 51.900000000000006, 6.160833333333333), (32206, 51.900000000000006, 6.156683333333333), (32212, 51.900000000000006, 6.1899999999999995), (32209, 51.89325000000001, 6.186588888888888), (32209, 51.900000000000006, 6.189983333333333)]"
31,"[100.0, 0.0, 0.0, 100.0, 100.0, 99.97517994539588, 100.0, 100.0, 0.0, 100.0, 100.0, 100.0, 100.0, 0.0, 100.0, 100.0]","[1, 0, 0, 1, 1, 2, 2, 1, 0, 2, 1, 1, 2, 0, 1, 1]","[4.75, 2.45, 2.45, 4.75, 4.75, 4.748485976669149, 4.75, 4.75, 2.65, 5.05, 5.05, 5.05, 5.05, 2.65, 5.05, 5.05]","[3502.7541981732297, 0, 0, 1385.6395298158109, 1763.7010974382797, 3379.1308056161074, 3211.199991537388, 3502.7541981732297, 0, 647.7447684097866, 0, 3604.08485128692, 1176.2047590557618, 0, 0, 1178.6284482263632]","[526.2458018267703, 4029, 4029, 2643.360470184189, 2265.2989025617203, 649.8691943838926, 817.8000084626119, 526.2458018267703, 4029, 3381.2552315902135, 4029, 424.9151487130798, 2852.7952409442382, 4029, 4029, 2850.371551773637]","[4029, 4029, 4029, 4029, 4029, 4029, 4029, 4029, 4029, 4029, 4029, 4029, 4029, 4029, 4029, 4029]","[4029, 0, 0, 4029, 4029, 4028, 4029, 4029, 0, 4029, 4029, 4029, 4029, 0, 4029, 4029]","[(119.5372, 0.03373333333333334, 0.02686666666666667), (0, 0, 0), (0, 0, 0), (671.0880666666666, 0.08573333333333333, 0.32080000000000003), (39.146666666666654, 0.29753333333333337, 0.0019333333333333331), (515.3742, 0.028533333333333334, 0.025733333333333334), (248.1624, 0.035666666666666666, 0.021666666666666664), (119.5372, 0.03373333333333334, 0.02686666666666667), (0, 0, 0), (360.70980000000003, 0.11793333333333335, 0.1008), (30.233466666666672, 11.099666666666664, 11.125866666666667), (159.383, 0.27046666666666663, 0.022466666666666666), (373.9907333333333, 0.0016666666666666666, 0.0016666666666666666), (0, 0, 0), (459.97486666666657, 0.0, 0.0), (29.66546666666667, 11.591533333333333, 11.616)]","[(4175.4628, 1859.9662666666666, 999.9731333333333), (4295, 1860.0, 1000.0), (4295, 1860.0, 1000.0), (3623.9119333333333, 1859.9142666666667, 999.6792), (4255.8533333333335, 1859.7024666666666, 999.9980666666667), (3779.6258, 1859.9714666666666, 999.9742666666667), (4046.8376, 1859.9643333333333, 999.9783333333334), (4175.4628, 1859.9662666666666, 999.9731333333333), (8192, 1800.0, 1525.0), (7831.2902, 1799.8820666666666, 1524.8992), (8161.766533333333, 1788.9003333333333, 1513.8741333333332), (8032.617, 1799.7295333333334, 1524.9775333333334), (7818.009266666667, 1799.9983333333332, 1524.9983333333332), (8192, 1800.0, 1525.0), (7732.0251333333335, 1800.0, 1525.0), (8162.334533333334, 1788.4084666666668, 1513.384)]","[(3, 0.0013666666666666669, 0.04000555555555556), (0, 0, 0), (0, 0, 0), (3, 0.0, 0.018272222222222224), (1, 0.003, 0.06097777777777777), (4, 0.0012, 0.07732777777777777), (4, 0.0, 0.002361111111111111), (3, 0.0013666666666666669, 0.04000555555555556), (0, 0, 0), (3, 0.27021666666666666, 0.01368888888888889), (3, 0.0, 2.7777777777777776e-05), (3, 0.0013666666666666669, 0.02918888888888889), (3, 0.0005666666666666666, 0.003877777777777778), (0, 0, 0), (3, 0.0192, 0.013244444444444444), (3, 0.0, 2.2222222222222223e-05)]","[(32209, 67.09863333333332, 10.069994444444443), (32212, 67.1, 10.11), (32212, 67.1, 10.11), (32209, 67.1, 10.091727777777777), (32211, 67.097, 10.049022222222222), (32208, 67.0988, 10.03267222222222), (32208, 67.1, 10.107638888888888), (32209, 67.09863333333332, 10.069994444444443), (32212, 51.900000000000006, 6.1899999999999995), (32209, 51.629783333333336, 6.176311111111111), (32209, 51.900000000000006, 6.189972222222222), (32209, 51.898633333333336, 6.16081111111111), (32209, 51.89943333333334, 6.186122222222222), (32212, 51.900000000000006, 6.1899999999999995), (32209, 51.88080000000001, 6.176755555555555), (32209, 51.900000000000006, 6.189977777777777)]"
32,"[100.0, 0.0, 0.0, 100.0, 100.0, 100.0, 100.0, 100.0, 0.0, 100.0, 0.0, 100.0, 100.0, 0.0, 100.0, 100.0]","[1, 0, 0, 1, 1, 2, 2, 1, 0, 1, 0, 1, 2, 0, 1, 1]","[4.75, 2.45, 2.45, 4.75, 4.75, 4.75, 4.75, 4.75, 2.65, 5.05, 2.65, 5.05, 5.05, 2.65, 5.05, 5.05]","[2935.85027399664, 0, 0, 0, 1385.7651479872202, 3419.311615046066, 3173.728195220599, 2935.85027399664, 0, 724.5392512624934, 0, 4107.999450555, 1137.2540723000889, 0, 454.0891471920266, 0]","[1093.1497260033598, 4029, 4029, 4029, 2643.23485201278, 609.688384953934, 855.271804779401, 1093.1497260033598, 4029, 3304.4607487375065, 4029, -78.9994505550003, 2891.745927699911, 4029, 3574.9108528079732, 4029]","[4029, 4029, 4029, 4029, 4029, 4029, 4029, 4029, 4029, 4029, 4029, 4029, 4029, 4029, 4029, 4029]","[4029, 0, 0, 4029, 4029, 4029, 4029, 4029, 0, 4029, 0, 4029, 4029, 0, 4029, 4029]","[(105.55626666666666, 0.03646666666666667, 0.024466666666666664), (0, 0, 0), (0, 0, 0), (767.5571333333334, 0.08106666666666666, 0.391), (65.71033333333331, 0.2166, 0.004533333333333333), (552.7734, 0.03146666666666667, 0.019133333333333332), (298.494, 0.017933333333333332, 0.016866666666666665), (105.55626666666666, 0.03646666666666667, 0.024466666666666664), (0, 0, 0), (271.2314, 0.0722, 0.0028666666666666667), (0, 0, 0), (234.88039999999998, 0.2981333333333333, 0.018066666666666665), (370.4958, 0.0018666666666666664, 0.0017333333333333333), (0, 0, 0), (29.621666666666673, 4.1293999999999995, 4.1416), (30.01513333333334, 8.723066666666668, 8.7436)]","[(4189.4437333333335, 1859.9635333333333, 999.9755333333334), (4295, 1860.0, 1000.0), (4295, 1860.0, 1000.0), (3527.4428666666668, 1859.9189333333334, 999.609), (4229.289666666667, 1859.7834, 999.9954666666666), (3742.2266, 1859.9685333333334, 999.9808666666667), (3996.506, 1859.9820666666667, 999.9831333333333), (4189.4437333333335, 1859.9635333333333, 999.9755333333334), (8192, 1800.0, 1525.0), (7920.7686, 1799.9278, 1524.9971333333333), (8192, 1800.0, 1525.0), (7957.1196, 1799.7018666666668, 1524.9819333333332), (7821.5042, 1799.9981333333333, 1524.9982666666667), (8192, 1800.0, 1525.0), (8162.378333333333, 1795.8706, 1520.8584), (8161.984866666667, 1791.2769333333333, 1516.2564)]","[(3, 0.0, 0.024422222222222224), (0, 0, 0), (0, 0, 0), (3, 0.0, 0.02345), (1, 0.0002833333333333333, 0.09404444444444444), (4, 0.0, 0.07114444444444445), (4, 0.0, 0.00245), (3, 0.0, 0.024422222222222224), (0, 0, 0), (1, 0.24863333333333332, 0.04668333333333334), (0, 0, 0), (3, 8.333333333333333e-05, 0.02883888888888889), (3, 0.0002333333333333333, 0.004027777777777778), (0, 0, 0), (3, 0.0, 1.6666666666666667e-05), (3, 0.0, 2.7777777777777776e-05)]","[(32209, 67.1, 10.085577777777777), (32212, 67.1, 10.11), (32212, 67.1, 10.11), (32209, 67.1, 10.086549999999999), (32211, 67.09971666666667, 10.015955555555555), (32208, 67.1, 10.038855555555555), (32208, 67.1, 10.10755), (32209, 67.1, 10.085577777777777), (32212, 51.900000000000006, 6.1899999999999995), (32211, 51.651366666666675, 6.143316666666666), (32212, 51.900000000000006, 6.1899999999999995), (32209, 51.89991666666667, 6.16116111111111), (32209, 51.89976666666667, 6.1859722222222215), (32212, 51.900000000000006, 6.1899999999999995), (32209, 51.900000000000006, 6.189983333333333), (32209, 51.900000000000006, 6.189972222222222)]"
33,"[100.0, 100.0, 0.0, 0.0, 100.0, 100.0, 100.0, 100.0, 0.0, 100.0, 0.0, 100.0, 100.0, 0.0, 100.0, 0.0]","[1, 1, 0, 0, 1, 2, 2, 1, 0, 1, 0, 1, 2, 0, 2, 0]","[4.75, 4.75, 2.45, 2.45, 4.75, 4.75, 4.75, 4.75, 2.65, 5.05, 2.65, 5.05, 5.05, 2.65, 5.05, 2.65]","[2837.2582871833197, 3815.4812123039737, 0, 0, 1569.2557901120101, 3233.0823027411275, 3191.9015263748893, 2837.2582871833197, 0, 737.8948134977464, 0, 3519.18619597545, 1388.3418378821912, 0, 1906.50656349972, 0]","[1191.7417128166803, 213.51878769602627, 4029, 4029, 2459.74420988799, 795.9176972588725, 837.0984736251107, 1191.7417128166803, 4029, 3291.1051865022537, 4029, 509.8138040245499, 2640.658162117809, 4029, 2122.49343650028, 4029]","[4029, 4029, 4029, 4029, 4029, 4029, 4029, 4029, 4029, 4029, 4029, 4029, 4029, 4029, 4029, 4029]","[4029, 4029, 0, 0, 4029, 4029, 4029, 4029, 0, 4029, 0, 4029, 4029, 0, 4029, 0]","[(111.8476, 0.035666666666666666, 0.024), (1426.063, 0.14286666666666667, 0.5943999999999999), (0, 0, 0), (0, 0, 0), (40.54486666666667, 0.21746666666666667, 0.0017333333333333335), (422.9248, 0.03233333333333334, 0.0196), (416.6332666666667, 0.017733333333333337, 0.015266666666666664), (111.8476, 0.035666666666666666, 0.024), (0, 0, 0), (164.9758, 0.0021333333333333334, 0.0014666666666666665), (0, 0, 0), (221.59853333333334, 0.0404, 0.026733333333333335), (505.4126000000001, 0.0017333333333333333, 0.0018000000000000002), (0, 0, 0), (295.17319999999995, 12.16046666666667, 12.170533333333331), (0, 0, 0)]","[(4183.1524, 1859.9643333333333, 999.976), (2868.937, 1859.8571333333334, 999.4056), (4295, 1860.0, 1000.0), (4295, 1860.0, 1000.0), (4254.455133333333, 1859.7825333333333, 999.9982666666667), (3872.0752, 1859.9676666666667, 999.9804), (3878.3667333333333, 1859.9822666666666, 999.9847333333333), (4183.1524, 1859.9643333333333, 999.976), (8192, 1800.0, 1525.0), (8027.0242, 1799.9978666666666, 1524.9985333333334), (8192, 1800.0, 1525.0), (7970.401466666666, 1799.9596, 1524.9732666666666), (7686.5874, 1799.9982666666667, 1524.9982), (8192, 1800.0, 1525.0), (7896.8268, 1787.8395333333333, 1512.8294666666666), (8192, 1800.0, 1525.0)]","[(3, 0.0, 0.028383333333333337), (3, 0.005116666666666666, 0.1869), (0, 0, 0), (0, 0, 0), (1, 0.0, 0.05373333333333333), (4, 3.3333333333333335e-05, 0.0762111111111111), (4, 0.0, 0.0024055555555555557), (3, 0.0, 0.028383333333333337), (0, 0, 0), (1, 0.2376, 0.013488888888888885), (0, 0, 0), (3, 0.0, 0.02946666666666667), (3, 0.6301, 0.007166666666666667), (0, 0, 0), (6, 0.0, 0.006333333333333333), (0, 0, 0)]","[(32209, 67.1, 10.081616666666665), (32209, 67.09488333333333, 9.9231), (32212, 67.1, 10.11), (32212, 67.1, 10.11), (32211, 67.1, 10.056266666666666), (32208, 67.09996666666666, 10.033788888888889), (32208, 67.1, 10.107594444444445), (32209, 67.1, 10.081616666666665), (32212, 51.900000000000006, 6.1899999999999995), (32211, 51.662400000000005, 6.17651111111111), (32212, 51.900000000000006, 6.1899999999999995), (32209, 51.900000000000006, 6.1605333333333325), (32209, 51.26990000000001, 6.182833333333333), (32212, 51.900000000000006, 6.1899999999999995), (32206, 51.900000000000006, 6.183666666666666), (32212, 51.900000000000006, 6.1899999999999995)]"
34,"[100.0, 100.0, 0.0, 0.0, 100.0, 100.0, 100.0, 100.0, 0.0, 100.0, 0.0, 100.0, 100.0, 0.0, 100.0, 0.0]","[1, 1, 0, 0, 1, 2, 2, 2, 0, 1, 0, 1, 2, 0, 2, 0]","[4.75, 4.75, 2.45, 2.45, 4.75, 4.75, 4.75, 4.75, 2.65, 5.05, 2.65, 5.05, 5.05, 2.65, 5.05, 2.65]","[2777.0076285751793, 2446.521763816231, 0, 0, 1517.22113040498, 3370.3533904655333, 3163.7115245985456, 3699.7097131656706, 0, 0, 0, 3576.69818828322, 554.2559608139378, 0, 1716.1897898710936, 0]","[1251.9923714248207, 1582.4782361837688, 4029, 4029, 2511.7788695950203, 658.6466095344667, 865.2884754014544, 329.29028683432944, 4029, 4029, 4029, 452.30181171677987, 3474.7440391860623, 4029, 2312.8102101289064, 4029]","[4029, 4029, 4029, 4029, 4029, 4029, 4029, 4029, 4029, 4029, 4029, 4029, 4029, 4029, 4029, 4029]","[4029, 4029, 0, 0, 4029, 4029, 4029, 4029, 0, 4029, 0, 4029, 4029, 0, 4029, 0]","[(115.3428, 0.03426666666666667, 0.023266666666666665), (1311.4188000000001, 0.1956, 0.7402000000000001), (0, 0, 0), (0, 0, 0), (26.56353333333333, 0.21073333333333333, 0.0014), (470.8098, 0.029666666666666668, 0.019533333333333333), (234.8804, 0.011800000000000001, 0.011133333333333334), (213.2098, 0.5654, 0.4607333333333333), (0, 0, 0), (159.3834, 0.0022666666666666664, 0.0018), (0, 0, 0), (117.44013333333332, 0.04193333333333333, 0.027666666666666673), (388.67113333333333, 0.0018666666666666664, 0.0018666666666666666), (0, 0, 0), (303.95513333333326, 10.325866666666666, 10.335999999999999), (0, 0, 0)]","[(4179.6572, 1859.9657333333334, 999.9767333333333), (2983.5811999999996, 1859.8044, 999.2598), (4295, 1860.0, 1000.0), (4295, 1860.0, 1000.0), (4268.436466666667, 1859.7892666666667, 999.9986), (3824.1902, 1859.9703333333334, 999.9804666666666), (4060.1196, 1859.9882, 999.9888666666667), (4081.7902, 1859.4346, 999.5392666666667), (8192, 1800.0, 1525.0), (8032.6166, 1799.9977333333334, 1524.9982), (8192, 1800.0, 1525.0), (8074.5598666666665, 1799.9580666666666, 1524.9723333333334), (7803.328866666667, 1799.9981333333333, 1524.9981333333333), (8192, 1800.0, 1525.0), (7888.044866666667, 1789.6741333333334, 1514.664), (8192, 1800.0, 1525.0)]","[(3, 0.0, 0.027411111111111112), (3, 0.0006, 0.11304444444444445), (0, 0, 0), (0, 0, 0), (1, 1.666666666666667e-05, 0.05187222222222222), (4, 0.0, 0.08631666666666667), (4, 0.0, 0.0024222222222222223), (4, 0.0, 0.028877777777777777), (0, 0, 0), (1, 0.27031666666666665, 0.012972222222222222), (0, 0, 0), (3, 0.0027166666666666667, 0.027800000000000002), (3, 0.002916666666666666, 0.004005555555555556), (0, 0, 0), (6, 0.0, 0.0012055555555555556), (0, 0, 0)]","[(32209, 67.1, 10.082588888888889), (32209, 67.09939999999999, 9.996955555555555), (32212, 67.1, 10.11), (32212, 67.1, 10.11), (32211, 67.09998333333333, 10.058127777777777), (32208, 67.1, 10.023683333333333), (32208, 67.1, 10.107577777777777), (32208, 67.1, 10.081122222222222), (32212, 51.900000000000006, 6.1899999999999995), (32211, 51.62968333333334, 6.177027777777777), (32212, 51.900000000000006, 6.1899999999999995), (32209, 51.89728333333334, 6.1621999999999995), (32209, 51.89708333333334, 6.185994444444444), (32212, 51.900000000000006, 6.1899999999999995), (32206, 51.900000000000006, 6.188794444444444), (32212, 51.900000000000006, 6.1899999999999995)]"
35,"[100.0, 100.0, 100.0, 0.0, 100.0, 100.0, 100.0, 100.0, 0.0, 0.0, 0.0, 100.0, 100.0, 0.0, 100.0, 0.0]","[1, 1, 1, 0, 1, 2, 2, 2, 0, 0, 0, 1, 1, 0, 2, 0]","[4.75, 4.75, 4.75, 2.45, 4.75, 4.75, 4.75, 4.75, 2.65, 2.65, 2.65, 5.05, 5.05, 2.65, 5.05, 2.65]","[3089.2155868173595, 2303.8585840403466, 1763.7010974382797, 0, 1569.2557901120101, 3310.552323567883, 3200.4393168794077, 4014.884559139653, 0, 0, 0, 0, 0, 0, 1702.8342297457543, 0]","[939.7844131826405, 1725.1414159596534, 2265.2989025617203, 4029, 2459.74420988799, 718.4476764321171, 828.5606831205923, 14.115440860347007, 4029, 4029, 4029, 4029, 4029, 4029, 2326.1657702542457, 4029]","[4029, 4029, 4029, 4029, 4029, 4029, 4029, 4029, 4029, 4029, 4029, 4029, 4029, 4029, 4029, 4029]","[4029, 4029, 4029, 0, 4029, 4029, 4029, 4029, 0, 0, 0, 4029, 4029, 0, 4029, 0]","[(111.1486, 0.03153333333333334, 0.0434), (1255.4948, 0.13406666666666667, 0.4640666666666667), (39.146666666666654, 0.29753333333333337, 0.0019333333333333331), (0, 0, 0), (40.54466666666666, 0.2174, 0.0013333333333333333), (415.4102, 0.045200000000000004, 0.022533333333333336), (297.09593333333333, 0.018466666666666666, 0.016933333333333335), (225.7928, 0.5743333333333333, 0.5183333333333333), (0, 0, 0), (0, 0, 0), (0, 0, 0), (115.3428, 0.04046666666666667, 0.026666666666666672), (121.6344, 0.0005333333333333334, 0.0002), (0, 0, 0), (192.0196666666667, 11.011266666666668, 11.017733333333334), (0, 0, 0)]","[(4183.8514, 1859.9684666666667, 999.9566), (3039.5052, 1859.8659333333333, 999.5359333333333), (4255.8533333333335, 1859.7024666666666, 999.9980666666667), (4295, 1860.0, 1000.0), (4254.455333333333, 1859.7826, 999.9986666666666), (3879.5898, 1859.9548, 999.9774666666667), (3997.9040666666665, 1859.9815333333333, 999.9830666666667), (4069.2072, 1859.4256666666668, 999.4816666666667), (8192, 1800.0, 1525.0), (8192, 1800.0, 1525.0), (8192, 1800.0, 1525.0), (8076.6572, 1799.9595333333334, 1524.9733333333334), (8070.3656, 1799.9994666666666, 1524.9998), (8192, 1800.0, 1525.0), (7999.980333333333, 1788.9887333333334, 1513.9822666666666), (8192, 1800.0, 1525.0)]","[(3, 0.0009, 0.029877777777777774), (3, 1.666666666666667e-05, 0.12178333333333334), (1, 0.003, 0.06097777777777777), (0, 0, 0), (1, 0.00013333333333333334, 0.05250555555555555), (4, 0.00011666666666666667, 0.07117222222222222), (4, 0.0, 0.0023555555555555556), (4, 0.0009, 0.031405555555555555), (0, 0, 0), (0, 0, 0), (0, 0, 0), (3, 0.0, 0.025622222222222223), (1, 0.0, 0.0015611111111111112), (0, 0, 0), (6, 0.0, 0.0011444444444444445), (0, 0, 0)]","[(32209, 67.09909999999999, 10.080122222222222), (32209, 67.09998333333333, 9.988216666666666), (32211, 67.097, 10.049022222222222), (32212, 67.1, 10.11), (32211, 67.09986666666666, 10.057494444444444), (32208, 67.09988333333332, 10.038827777777778), (32208, 67.1, 10.107644444444444), (32208, 67.09909999999999, 10.078594444444445), (32212, 51.900000000000006, 6.1899999999999995), (32212, 51.900000000000006, 6.1899999999999995), (32212, 51.900000000000006, 6.1899999999999995), (32209, 51.900000000000006, 6.164377777777777), (32211, 51.900000000000006, 6.188438888888888), (32212, 51.900000000000006, 6.1899999999999995), (32206, 51.900000000000006, 6.188855555555555), (32212, 51.900000000000006, 6.1899999999999995)]"
36,"[100.0, 100.0, 0.0, 0.0, 100.0, 100.0, 100.0, 100.0, 0.0, 100.0, 0.0, 100.0, 0.0, 100.0, 100.0, 0.0]","[1, 1, 0, 0, 2, 1, 2, 2, 0, 1, 0, 1, 0, 1, 4, 0]","[4.75, 4.75, 2.45, 2.45, 4.75, 4.75, 4.75, 4.75, 2.65, 5.05, 2.65, 5.05, 2.65, 5.05, 5.05, 2.65]","[2842.73561978406, 2662.034226881929, 0, 0, 2253.3540372827033, 2519.573048831511, 784.6391987275113, 3771.371479838155, 0, 1385.7651479872202, 0, 731.2170323801198, 0, 3464.41286996805, 3155.2515924178024, 0]","[1186.26438021594, 1366.965773118071, 4029, 4029, 1775.6459627172967, 1509.4269511684888, 3244.360801272489, 257.6285201618448, 4029, 2643.23485201278, 4029, 3297.7829676198803, 4029, 564.58713003195, 873.7484075821976, 4029]","[4029, 4029, 4029, 4029, 4029, 4029, 4029, 4029, 4029, 4029, 4029, 4029, 4029, 4029, 4029, 4029]","[4029, 4029, 0, 0, 4029, 4029, 4029, 4029, 0, 4029, 0, 4029, 0, 4029, 4029, 0]","[(97.86666666666669, 0.0338, 0.023066666666666666), (1470.8021999999999, 0.18553333333333333, 0.47233333333333327), (0, 0, 0), (0, 0, 0), (301.9889999999999, 0.30479999999999996, 0.032466666666666665), (343.9326, 0.013333333333333336, 0.0074666666666666675), (516.5976666666667, 0.0108, 0.011399999999999999), (206.9184666666667, 0.5754666666666666, 0.5275333333333333), (0, 0, 0), (65.71033333333331, 0.2166, 0.004533333333333333), (0, 0, 0), (178.9568, 0.0019333333333333331, 0.0014666666666666665), (0, 0, 0), (168.47066666666663, 0.27493333333333336, 0.023333333333333327), (331.87306666666666, 11.105200000000004, 11.076133333333335), (0, 0, 0)]","[(4197.133333333333, 1859.9662, 999.9769333333334), (2824.1978, 1859.8144666666667, 999.5276666666666), (4295, 1860.0, 1000.0), (4295, 1860.0, 1000.0), (3993.011, 1859.6952, 999.9675333333333), (3951.0674, 1859.9866666666667, 999.9925333333333), (3778.4023333333334, 1859.9892, 999.9886), (4088.0815333333335, 1859.4245333333333, 999.4724666666667), (8192, 1800.0, 1525.0), (8126.289666666667, 1799.7834, 1524.9954666666667), (8192, 1800.0, 1525.0), (8013.0432, 1799.9980666666668, 1524.9985333333334), (8192, 1800.0, 1525.0), (8023.529333333333, 1799.7250666666666, 1524.9766666666667), (7860.126933333333, 1788.8948, 1513.9238666666668), (8192, 1800.0, 1525.0)]","[(3, 0.0, 0.02947777777777778), (3, 1.666666666666667e-05, 0.1395388888888889), (0, 0, 0), (0, 0, 0), (4, 0.0, 0.061649999999999996), (3, 0.0, 0.017083333333333332), (4, 0.0, 0.0023444444444444446), (4, 0.0, 0.031200000000000002), (0, 0, 0), (1, 0.0002833333333333333, 0.09404444444444444), (0, 0, 0), (1, 0.36411666666666676, 0.01315), (0, 0, 0), (3, 0.2927833333333333, 0.026605555555555556), (9, 0.0, 0.05721666666666667), (0, 0, 0)]","[(32209, 67.1, 10.080522222222221), (32209, 67.09998333333333, 9.97046111111111), (32212, 67.1, 10.11), (32212, 67.1, 10.11), (32208, 67.1, 10.04835), (32209, 67.1, 10.092916666666666), (32208, 67.1, 10.107655555555555), (32208, 67.1, 10.0788), (32212, 51.900000000000006, 6.1899999999999995), (32211, 51.89971666666667, 6.095955555555555), (32212, 51.900000000000006, 6.1899999999999995), (32211, 51.53588333333334, 6.176849999999999), (32212, 51.900000000000006, 6.1899999999999995), (32209, 51.60721666666667, 6.163394444444444), (32203, 51.900000000000006, 6.132783333333333), (32212, 51.900000000000006, 6.1899999999999995)]"
37,"[100.0, 100.0, 0.0, 0.0, 100.0, 100.0, 100.0, 100.0, 0.0, 100.0, 0.0, 100.0, 0.0, 100.0, 100.0, 0.0]","[1, 1, 0, 0, 2, 1, 1, 2, 0, 1, 0, 1, 0, 1, 4, 0]","[4.75, 4.75, 2.45, 2.45, 4.75, 4.75, 4.75, 4.75, 2.65, 5.05, 2.65, 5.05, 2.65, 5.05, 5.05, 2.65]","[2867.38361648739, 2986.820614882346, 0, 0, 2235.1213673145066, 2440.1517244661704, 868.1114539112888, 3798.986364273288, 0, 1569.2557901120101, 0, 657.7614400862267, 0, 4442.116739200141, 3095.151561197511, 0]","[1161.61638351261, 1042.179385117654, 4029, 4029, 1793.8786326854934, 1588.8482755338296, 3160.8885460887113, 230.01363572671198, 4029, 2459.74420988799, 4029, 3371.2385599137733, 4029, -413.1167392001407, 933.848438802489, 4029]","[4029, 4029, 4029, 4029, 4029, 4029, 4029, 4029, 4029, 4029, 4029, 4029, 4029, 4029, 4029, 4029]","[4029, 4029, 0, 0, 4029, 4029, 4029, 4029, 0, 4029, 0, 4029, 0, 4029, 4029, 0]","[(98.5656, 0.03406666666666667, 0.023066666666666666), (1311.4188000000001, 0.14286666666666667, 0.5135333333333333), (0, 0, 0), (0, 0, 0), (308.9797999999999, 0.3070666666666667, 0.037066666666666664), (478.1502, 0.012199999999999999, 0.007066666666666666), (117.43993333333336, 0.021133333333333334, 0.005333333333333333), (207.6174, 0.5709333333333334, 0.4989333333333334), (0, 0, 0), (40.54486666666667, 0.21746666666666667, 0.0017333333333333335), (0, 0, 0), (192.93779999999998, 0.003933333333333333, 0.0014666666666666665), (0, 0, 0), (313.1741333333334, 0.2986666666666667, 0.020266666666666665), (340.78546666666665, 11.106866666666669, 11.078600000000003), (0, 0, 0)]","[(4196.4344, 1859.9659333333334, 999.9769333333334), (2983.5811999999996, 1859.8571333333334, 999.4864666666666), (4295, 1860.0, 1000.0), (4295, 1860.0, 1000.0), (3986.0202, 1859.6929333333333, 999.9629333333334), (3816.8498, 1859.9878, 999.9929333333333), (4177.560066666667, 1859.9788666666666, 999.9946666666667), (4087.3826, 1859.4290666666666, 999.5010666666667), (8192, 1800.0, 1525.0), (8151.455133333333, 1799.7825333333333, 1524.9982666666667), (8192, 1800.0, 1525.0), (7999.0622, 1799.9960666666666, 1524.9985333333334), (8192, 1800.0, 1525.0), (7878.825866666667, 1799.7013333333334, 1524.9797333333333), (7851.214533333334, 1788.8931333333333, 1513.9214), (8192, 1800.0, 1525.0)]","[(3, 0.0, 0.029166666666666667), (3, 5e-05, 0.13139444444444442), (0, 0, 0), (0, 0, 0), (4, 0.0, 0.05710000000000001), (3, 0.0009, 0.02215), (2, 0.0399, 0.014022222222222224), (4, 0.0, 0.030883333333333332), (0, 0, 0), (1, 0.0, 0.05373333333333333), (0, 0, 0), (1, 0.26766666666666666, 0.015294444444444444), (0, 0, 0), (3, 0.10841666666666666, 0.0281), (9, 1.666666666666667e-05, 0.05872777777777778), (0, 0, 0)]","[(32209, 67.1, 10.080833333333333), (32209, 67.09994999999999, 9.978605555555555), (32212, 67.1, 10.11), (32212, 67.1, 10.11), (32208, 67.1, 10.0529), (32209, 67.09909999999999, 10.08785), (32210, 67.06009999999999, 10.095977777777778), (32208, 67.1, 10.079116666666666), (32212, 51.900000000000006, 6.1899999999999995), (32211, 51.900000000000006, 6.136266666666666), (32212, 51.900000000000006, 6.1899999999999995), (32211, 51.63233333333334, 6.174705555555555), (32212, 51.900000000000006, 6.1899999999999995), (32209, 51.79158333333334, 6.161899999999999), (32203, 51.89998333333334, 6.131272222222222), (32212, 51.900000000000006, 6.1899999999999995)]"
38,"[100.0, 100.0, 0.0, 0.0, 100.0, 100.0, 100.0, 100.0, 0.0, 100.0, 0.0, 100.0, 0.0, 100.0, 100.0, 0.0]","[1, 1, 0, 0, 2, 1, 1, 2, 0, 1, 0, 1, 0, 1, 4, 0]","[4.75, 4.75, 2.45, 2.45, 4.75, 4.75, 4.75, 4.75, 2.65, 5.05, 2.65, 5.05, 2.65, 5.05, 5.05, 2.65]","[3604.08485128692, 2953.431360041183, 0, 0, 2236.3971315279678, 2429.1970590364676, 0, 4529.753823609213, 0, 1517.22113040498, 0, 711.18368902724, 0, 3143.9889128247596, 3191.9793863395826, 0]","[424.9151487130798, 1075.5686399588171, 4029, 4029, 1792.6028684720322, 1599.8029409635324, 4029, -500.7538236092132, 4029, 2511.7788695950203, 4029, 3317.81631097276, 4029, 885.0110871752404, 837.0206136604174, 4029]","[4029, 4029, 4029, 4029, 4029, 4029, 4029, 4029, 4029, 4029, 4029, 4029, 4029, 4029, 4029, 4029]","[4029, 4029, 0, 0, 4029, 4029, 4029, 4029, 0, 4029, 0, 4029, 0, 4029, 4029, 0]","[(159.383, 0.27046666666666663, 0.022466666666666666), (1311.4188000000001, 0.188, 0.5201333333333333), (0, 0, 0), (0, 0, 0), (232.08406666666667, 0.2938, 0.03266666666666666), (461.373, 0.013266666666666668, 0.0067333333333333325), (111.8474, 0.0072, 0.0028666666666666667), (254.4538, 0.8086, 0.46833333333333343), (0, 0, 0), (26.56353333333333, 0.21073333333333333, 0.0014), (0, 0, 0), (134.2176, 0.002, 0.0014), (0, 0, 0), (205.5204, 0.03793333333333333, 0.025266666666666666), (315.139, 11.361733333333333, 11.349466666666668), (0, 0, 0)]","[(4135.617, 1859.7295333333334, 999.9775333333333), (2983.5811999999996, 1859.812, 999.4798666666667), (4295, 1860.0, 1000.0), (4295, 1860.0, 1000.0), (4062.915933333333, 1859.7062, 999.9673333333334), (3833.627, 1859.9867333333334, 999.9932666666666), (4183.1526, 1859.9928, 999.9971333333333), (4040.5461999999998, 1859.1914, 999.5316666666666), (8192, 1800.0, 1525.0), (8165.436466666667, 1799.7892666666667, 1524.9986), (8192, 1800.0, 1525.0), (8057.7824, 1799.998, 1524.9986), (8192, 1800.0, 1525.0), (7986.4796, 1799.9620666666667, 1524.9747333333332), (7876.861, 1788.6382666666666, 1513.6505333333334), (8192, 1800.0, 1525.0)]","[(3, 0.0013666666666666669, 0.02918888888888889), (3, 3.3333333333333335e-05, 0.16156666666666666), (0, 0, 0), (0, 0, 0), (4, 0.0, 0.05495), (3, 0.0, 0.017055555555555553), (2, 0.0, 2.2222222222222223e-05), (4, 0.0013666666666666669, 0.030916666666666665), (0, 0, 0), (1, 1.666666666666667e-05, 0.05187222222222222), (0, 0, 0), (1, 0.2701, 0.013050000000000004), (0, 0, 0), (3, 0.00125, 0.027633333333333336), (9, 0.0, 0.057633333333333335), (0, 0, 0)]","[(32209, 67.09863333333332, 10.08081111111111), (32209, 67.09996666666666, 9.948433333333332), (32212, 67.1, 10.11), (32212, 67.1, 10.11), (32208, 67.1, 10.05505), (32209, 67.1, 10.092944444444443), (32210, 67.1, 10.109977777777777), (32208, 67.09863333333332, 10.079083333333333), (32212, 51.900000000000006, 6.1899999999999995), (32211, 51.89998333333334, 6.138127777777777), (32212, 51.900000000000006, 6.1899999999999995), (32211, 51.629900000000006, 6.17695), (32212, 51.900000000000006, 6.1899999999999995), (32209, 51.89875000000001, 6.162366666666666), (32203, 51.900000000000006, 6.132366666666666), (32212, 51.900000000000006, 6.1899999999999995)]"
39,"[100.0, 100.0, 0.0, 0.0, 100.0, 100.0, 100.0, 100.0, 0.0, 100.0, 0.0, 100.0, 0.0, 100.0, 100.0, 0.0]","[1, 1, 0, 0, 2, 1, 1, 2, 0, 1, 0, 1, 0, 1, 4, 0]","[4.75, 4.75, 2.45, 2.45, 4.75, 4.75, 4.75, 4.75, 2.65, 5.05, 2.65, 5.05, 2.65, 5.05, 5.05, 2.65]","[4107.999450555, 2989.8560016860883, 0, 0, 2190.1022583979357, 2420.981059964191, 3815.4812123039737, 5042.5690860727, 0, 1569.2557901120101, 0, 0, 0, 3601.346184986549, 3038.3904226539353, 0]","[-78.9994505550003, 1039.1439983139117, 4029, 4029, 1838.8977416020643, 1608.018940035809, 213.51878769602627, -1013.5690860727, 4029, 2459.74420988799, 4029, 4029, 4029, 427.6538150134511, 990.6095773460647, 4029]","[4029, 4029, 4029, 4029, 4029, 4029, 4029, 4029, 4029, 4029, 4029, 4029, 4029, 4029, 4029, 4029]","[4029, 4029, 0, 0, 4029, 4029, 4029, 4029, 0, 4029, 0, 4029, 0, 4029, 4029, 0]","[(234.88039999999998, 0.2981333333333333, 0.018066666666666665), (1177.2012, 0.14893333333333333, 0.6776666666666666), (0, 0, 0), (0, 0, 0), (189.4419333333333, 0.2762, 0.03186666666666667), (416.6338, 0.0116, 0.0067333333333333325), (1426.063, 0.14286666666666667, 0.5943999999999999), (327.155, 0.8375333333333332, 0.4613999999999999), (0, 0, 0), (40.54466666666666, 0.2174, 0.0013333333333333333), (0, 0, 0), (226.49220000000003, 0.0016666666666666668, 0.0014), (0, 0, 0), (130.0228, 0.042466666666666666, 0.027733333333333336), (279.4438666666667, 11.824666666666664, 11.815399999999997), (0, 0, 0)]","[(4060.1196, 1859.7018666666668, 999.9819333333334), (3117.7988, 1859.8510666666666, 999.3223333333333), (4295, 1860.0, 1000.0), (4295, 1860.0, 1000.0), (4105.5580666666665, 1859.7238, 999.9681333333333), (3878.3662, 1859.9884, 999.9932666666666), (2868.937, 1859.8571333333334, 999.4056), (3967.8450000000003, 1859.1624666666667, 999.5386), (8192, 1800.0, 1525.0), (8151.455333333333, 1799.7826, 1524.9986666666666), (8192, 1800.0, 1525.0), (7965.5078, 1799.9983333333332, 1524.9986), (8192, 1800.0, 1525.0), (8061.9772, 1799.9575333333332, 1524.9722666666667), (7912.5561333333335, 1788.1753333333334, 1513.1846), (8192, 1800.0, 1525.0)]","[(3, 8.333333333333333e-05, 0.02883888888888889), (3, 5e-05, 0.12382222222222221), (0, 0, 0), (0, 0, 0), (4, 5e-05, 0.05516111111111111), (3, 0.0, 0.024077777777777778), (3, 0.005116666666666666, 0.1869), (4, 8.333333333333333e-05, 0.03111111111111111), (0, 0, 0), (1, 0.00013333333333333334, 0.05250555555555555), (0, 0, 0), (1, 0.27021666666666666, 0.012733333333333334), (0, 0, 0), (3, 0.0008, 0.02777777777777778), (9, 0.0, 0.05498888888888889), (0, 0, 0)]","[(32209, 67.09991666666666, 10.081161111111111), (32209, 67.09994999999999, 9.986177777777778), (32212, 67.1, 10.11), (32212, 67.1, 10.11), (32208, 67.09994999999999, 10.054838888888888), (32209, 67.1, 10.085922222222221), (32209, 67.09488333333333, 9.9231), (32208, 67.09991666666666, 10.078888888888889), (32212, 51.900000000000006, 6.1899999999999995), (32211, 51.899866666666675, 6.137494444444444), (32212, 51.900000000000006, 6.1899999999999995), (32211, 51.629783333333336, 6.177266666666666), (32212, 51.900000000000006, 6.1899999999999995), (32209, 51.89920000000001, 6.162222222222222), (32203, 51.900000000000006, 6.135011111111111), (32212, 51.900000000000006, 6.1899999999999995)]"
40,"[100.0, 100.0, 0.0, 0.0, 100.0, 100.0, 100.0, 100.0, 100.0, 100.0, 0.0, 0.0, 0.0, 100.0, 100.0, 0.0]","[1, 1, 0, 0, 2, 1, 1, 2, 1, 1, 0, 0, 0, 1, 4, 0]","[4.75, 4.75, 2.45, 2.45, 4.75, 4.75, 4.75, 4.75, 5.05, 5.05, 2.65, 2.65, 2.65, 5.05, 5.05, 2.65]","[3519.18619597545, 5888.650399259911, 0, 0, 2114.0198260429015, 2366.2077328156797, 2446.521763816231, 4803.848583845812, 3815.4812123039737, 1662.37044432459, 0, 0, 0, 3261.75156374067, 2951.579266731492, 0]","[509.8138040245499, -1859.650399259911, 4029, 4029, 1914.9801739570985, 1662.7922671843203, 1582.4782361837688, -774.8485838458118, 213.51878769602627, 2366.6295556754103, 4029, 4029, 4029, 767.24843625933, 1077.4207332685078, 4029]","[4029, 4029, 4029, 4029, 4029, 4029, 4029, 4029, 4029, 4029, 4029, 4029, 4029, 4029, 4029, 4029]","[4029, 4029, 0, 0, 4029, 4029, 4029, 4029, 4029, 4029, 0, 0, 0, 4029, 4029, 0]","[(221.59853333333334, 0.0404, 0.026733333333333335), (1269.4758, 0.3529333333333333, 0.49439999999999995), (0, 0, 0), (0, 0, 0), (226.4914666666666, 0.27199999999999996, 0.03166666666666667), (402.6528, 0.011733333333333332, 0.0074666666666666675), (1311.4188000000001, 0.1956, 0.7402000000000001), (448.09073333333333, 0.5703333333333332, 0.4634000000000001), (1426.063, 0.14286666666666667, 0.5943999999999999), (36.35026666666667, 0.25166666666666665, 0.0012), (0, 0, 0), (0, 0, 0), (0, 0, 0), (110.44946666666667, 0.04046666666666667, 0.026666666666666672), (436.42459999999994, 10.924866666666668, 10.9182), (0, 0, 0)]","[(4073.4014666666667, 1859.9596, 999.9732666666666), (3025.5242, 1859.6470666666667, 999.5056), (4295, 1860.0, 1000.0), (4295, 1860.0, 1000.0), (4068.5085333333336, 1859.728, 999.9683333333334), (3892.3472, 1859.9882666666667, 999.9925333333333), (2983.5811999999996, 1859.8044, 999.2598), (3846.9092666666666, 1859.4296666666667, 999.5366), (6765.937, 1799.8571333333334, 1524.4056), (8155.649733333334, 1799.7483333333332, 1524.9988), (8192, 1800.0, 1525.0), (8192, 1800.0, 1525.0), (8192, 1800.0, 1525.0), (8081.550533333333, 1799.9595333333334, 1524.9733333333334), (7755.5754, 1789.0751333333333, 1514.0818), (8192, 1800.0, 1525.0)]","[(3, 0.0, 0.02946666666666667), (3, 0.1731833333333333, 0.38794999999999996), (0, 0, 0), (0, 0, 0), (4, 3.333333333333334e-05, 0.05427777777777778), (3, 1.666666666666667e-05, 0.02868888888888889), (3, 0.0006, 0.11304444444444445), (4, 0.0007666666666666667, 0.03161666666666667), (3, 0.005116666666666666, 0.1869), (1, 0.0, 0.05533333333333333), (0, 0, 0), (0, 0, 0), (0, 0, 0), (3, 0.00011666666666666667, 0.02971666666666666), (9, 0.0, 0.05846111111111111), (0, 0, 0)]","[(32209, 67.1, 10.080533333333333), (32209, 66.92681666666667, 9.72205), (32212, 67.1, 10.11), (32212, 67.1, 10.11), (32208, 67.09996666666666, 10.055722222222222), (32209, 67.09998333333333, 10.081311111111111), (32209, 67.09939999999999, 9.996955555555555), (32208, 67.09923333333333, 10.078383333333333), (32209, 51.89488333333334, 6.0031), (32211, 51.900000000000006, 6.134666666666666), (32212, 51.900000000000006, 6.1899999999999995), (32212, 51.900000000000006, 6.1899999999999995), (32212, 51.900000000000006, 6.1899999999999995), (32209, 51.89988333333334, 6.160283333333333), (32203, 51.900000000000006, 6.131538888888889), (32212, 51.900000000000006, 6.1899999999999995)]"
41,"[100.0, 100.0, 0.0, 0.0, 100.0, 100.0, 100.0, 100.0, 100.0, 100.0, 100.0, 0.0, 0.0, 100.0, 100.0, 0.0]","[1, 1, 0, 0, 2, 1, 1, 2, 1, 1, 1, 0, 0, 1, 4, 0]","[4.75, 4.75, 2.45, 2.45, 4.75, 4.75, 4.75, 4.75, 5.05, 5.05, 5.05, 2.65, 2.65, 5.05, 5.05, 2.65]","[3576.69818828322, 4252.576912042853, 0, 0, 564.2724701125491, 2826.303680863173, 2303.8585840403466, 4508.300936069118, 2446.521763816231, 1654.15444542348, 590.9835929581135, 0, 0, 3502.7541981732297, 3035.0515284059097, 0]","[452.30181171677987, -223.5769120428531, 4029, 4029, 3464.727529887451, 1202.6963191368268, 1725.1414159596534, -479.3009360691176, 1582.4782361837688, 2374.84555457652, 3438.0164070418864, 4029, 4029, 526.2458018267703, 993.9484715940903, 4029]","[4029, 4029, 4029, 4029, 4029, 4029, 4029, 4029, 4029, 4029, 4029, 4029, 4029, 4029, 4029, 4029]","[4029, 4029, 0, 0, 4029, 4029, 4029, 4029, 4029, 4029, 4029, 0, 0, 4029, 4029, 0]","[(117.44013333333332, 0.04193333333333333, 0.027666666666666673), (1974.1186, 0.14053333333333334, 0.48906666666666665), (0, 0, 0), (0, 0, 0), (196.4326, 0.2716666666666666, 0.03166666666666666), (363.506, 0.0166, 0.009666666666666665), (1255.4948, 0.13406666666666667, 0.4640666666666667), (321.5627333333333, 0.5790000000000001, 0.46986666666666665), (1311.4188000000001, 0.1956, 0.7402000000000001), (36.35046666666667, 0.2538666666666667, 0.0013333333333333333), (265.6387333333333, 0.05313333333333333, 0.031266666666666665), (0, 0, 0), (0, 0, 0), (119.5372, 0.03373333333333334, 0.02686666666666667), (353.1940000000001, 11.324333333333332, 11.314533333333333), (0, 0, 0)]","[(4177.5598666666665, 1859.9580666666666, 999.9723333333334), (2320.8814, 1859.8594666666668, 999.5109333333334), (4295, 1860.0, 1000.0), (4295, 1860.0, 1000.0), (4098.5674, 1859.7283333333332, 999.9683333333334), (3931.494, 1859.9834, 999.9903333333333), (3039.5052, 1859.8659333333333, 999.5359333333333), (3973.437266666667, 1859.421, 999.5301333333333), (6880.5812, 1799.8044, 1524.2598), (8155.649533333333, 1799.7461333333333, 1524.9986666666666), (7926.361266666667, 1799.9468666666667, 1524.9687333333334), (8192, 1800.0, 1525.0), (8192, 1800.0, 1525.0), (8072.4628, 1799.9662666666666, 1524.9731333333334), (7838.806, 1788.6756666666668, 1513.6854666666666), (8192, 1800.0, 1525.0)]","[(3, 0.0027166666666666667, 0.027800000000000002), (3, 1.666666666666667e-05, 0.31198333333333333), (0, 0, 0), (0, 0, 0), (4, 0.0, 0.05426111111111111), (3, 0.0, 0.017905555555555557), (3, 1.666666666666667e-05, 0.12178333333333334), (4, 0.0027166666666666667, 0.03258333333333333), (3, 0.0006, 0.11304444444444445), (1, 0.0, 0.0559388888888889), (3, 0.0, 0.006316666666666667), (0, 0, 0), (0, 0, 0), (3, 0.0013666666666666669, 0.04000555555555556), (9, 0.0, 0.056949999999999994), (0, 0, 0)]","[(32209, 67.09728333333332, 10.0822), (32209, 67.09998333333333, 9.798016666666665), (32212, 67.1, 10.11), (32212, 67.1, 10.11), (32208, 67.1, 10.055738888888888), (32209, 67.1, 10.092094444444443), (32209, 67.09998333333333, 9.988216666666666), (32208, 67.09728333333332, 10.077416666666666), (32209, 51.89940000000001, 6.076955555555555), (32211, 51.900000000000006, 6.1340611111111105), (32209, 51.900000000000006, 6.183683333333333), (32212, 51.900000000000006, 6.1899999999999995), (32212, 51.900000000000006, 6.1899999999999995), (32209, 51.898633333333336, 6.149994444444444), (32203, 51.900000000000006, 6.13305), (32212, 51.900000000000006, 6.1899999999999995)]"
42,"[100.0, 100.0, 0.0, 0.0, 100.0, 100.0, 100.0, 100.0, 100.0, 100.0, 100.0, 0.0, 0.0, 100.0, 100.0, 0.0]","[1, 1, 0, 0, 1, 1, 1, 2, 2, 1, 1, 0, 0, 1, 4, 0]","[4.75, 4.75, 2.45, 2.45, 4.75, 4.75, 4.75, 4.75, 5.05, 5.05, 5.05, 2.65, 2.65, 5.05, 5.05, 2.65]","[3261.75156374067, 3235.722332789209, 0, 0, 554.2557990454623, 0, 2662.034226881929, 4199.288086990172, 3081.8200023531554, 1678.80244212681, 580.9669218910268, 0, 0, 2935.85027399664, 3168.6071489554884, 0]","[767.24843625933, 793.2776672107912, 4029, 4029, 3474.7442009545375, 4029, 1366.965773118071, -170.2880869901719, 947.1799976468446, 2350.19755787319, 3448.0330781089733, 4029, 4029, 1093.1497260033598, 860.3928510445116, 4029]","[4029, 4029, 4029, 4029, 4029, 4029, 4029, 4029, 4029, 4029, 4029, 4029, 4029, 4029, 4029, 4029]","[4029, 4029, 0, 0, 4029, 4029, 4029, 4029, 4029, 4029, 4029, 0, 0, 4029, 4029, 0]","[(115.3428, 0.04046666666666667, 0.026666666666666672), (1730.8488, 0.18693333333333337, 0.49646666666666667), (0, 0, 0), (0, 0, 0), (104.857, 0.052866666666666666, 0.0304), (422.2262, 0.03953333333333333, 0.018666666666666668), (1470.8021999999999, 0.18553333333333333, 0.47233333333333327), (246.76420000000002, 0.5757333333333334, 0.5233333333333334), (1379.2260666666666, 0.1438, 0.4668666666666667), (71.3028, 0.24086666666666667, 0.0012), (272.62933333333325, 0.053200000000000004, 0.03573333333333333), (0, 0, 0), (0, 0, 0), (105.55626666666666, 0.03646666666666667, 0.024466666666666664), (443.9831333333334, 11.402133333333337, 11.37706666666667), (0, 0, 0)]","[(4179.6572, 1859.9595333333334, 999.9733333333334), (2564.1512000000002, 1859.8130666666666, 999.5035333333333), (4295, 1860.0, 1000.0), (4295, 1860.0, 1000.0), (4190.143, 1859.9471333333333, 999.9696), (3872.7738, 1859.9604666666667, 999.9813333333333), (2824.1978, 1859.8144666666667, 999.5276666666666), (4048.2358, 1859.4242666666667, 999.4766666666667), (6812.773933333334, 1799.8562, 1524.5331333333334), (8120.6972, 1799.7591333333332, 1524.9988), (7919.370666666667, 1799.9468, 1524.9642666666666), (8192, 1800.0, 1525.0), (8192, 1800.0, 1525.0), (8086.4437333333335, 1799.9635333333333, 1524.9755333333333), (7748.016866666667, 1788.5978666666667, 1513.6229333333333), (8192, 1800.0, 1525.0)]","[(3, 0.0, 0.025622222222222223), (3, 1.666666666666667e-05, 0.20562222222222223), (0, 0, 0), (0, 0, 0), (3, 0.0, 0.0011222222222222222), (3, 0.0, 0.019144444444444443), (3, 1.666666666666667e-05, 0.1395388888888889), (4, 1.666666666666667e-05, 0.02773888888888889), (5, 1.666666666666667e-05, 0.12180555555555557), (1, 0.0, 0.05382777777777778), (3, 0.0, 0.0011611111111111112), (0, 0, 0), (0, 0, 0), (3, 0.0, 0.024422222222222224), (9, 0.0396, 0.07242777777777777), (0, 0, 0)]","[(32209, 67.1, 10.084377777777776), (32209, 67.09998333333333, 9.904377777777777), (32212, 67.1, 10.11), (32212, 67.1, 10.11), (32209, 67.1, 10.108877777777778), (32209, 67.1, 10.090855555555555), (32209, 67.09998333333333, 9.97046111111111), (32208, 67.09998333333333, 10.08226111111111), (32207, 51.89998333333334, 6.068194444444444), (32211, 51.900000000000006, 6.136172222222222), (32209, 51.900000000000006, 6.188838888888888), (32212, 51.900000000000006, 6.1899999999999995), (32212, 51.900000000000006, 6.1899999999999995), (32209, 51.900000000000006, 6.165577777777777), (32203, 51.860400000000006, 6.117572222222222), (32212, 51.900000000000006, 6.1899999999999995)]"
43,"[100.0, 100.0, 0.0, 0.0, 100.0, 0.0, 100.0, 100.0, 100.0, 100.0, 100.0, 0.0, 0.0, 100.0, 100.0, 0.0]","[1, 2, 0, 0, 1, 0, 1, 2, 2, 1, 1, 0, 0, 1, 4, 0]","[4.75, 4.75, 2.45, 2.45, 4.75, 2.45, 4.75, 4.75, 5.05, 5.05, 5.05, 2.65, 2.65, 5.05, 5.05, 2.65]","[3409.63954396065, 3687.9820534732935, 0, 0, 554.2557990454623, 0, 2986.820614882346, 4350.1429549419545, 3550.179022037325, 1615.8131172183, 557.5946894011578, 0, 0, 2837.2582871833197, 2327.2067475117356, 0]","[619.3604560393501, 341.0179465267065, 4029, 4029, 3474.7442009545375, 4029, 1042.179385117654, -321.1429549419545, 478.820977962675, 2413.1868827816998, 3471.4053105988423, 4029, 4029, 1191.7417128166803, 1701.7932524882644, 4029]","[4029, 4029, 4029, 4029, 4029, 4029, 4029, 4029, 4029, 4029, 4029, 4029, 4029, 4029, 4029, 4029]","[4029, 4029, 0, 0, 4029, 0, 4029, 4029, 4029, 4029, 4029, 0, 0, 4029, 4029, 0]","[(132.12006666666667, 0.0338, 0.0268), (1623.8939999999998, 0.42746666666666666, 0.5494666666666667), (0, 0, 0), (0, 0, 0), (251.65766666666661, 0.05273333333333334, 0.0304), (0, 0, 0), (1311.4188000000001, 0.14286666666666667, 0.5135333333333333), (241.1718666666667, 0.5784, 0.5102), (1591.7375333333332, 0.23073333333333335, 0.4925999999999999), (46.137, 0.22346666666666667, 0.0013333333333333333), (160.78126666666668, 0.05293333333333333, 0.031466666666666664), (0, 0, 0), (0, 0, 0), (111.8476, 0.035666666666666666, 0.024), (514.6309333333332, 11.668999999999999, 11.667266666666668), (0, 0, 0)]","[(4162.879933333334, 1859.9662, 999.9732), (2671.106, 1859.5725333333332, 999.4505333333333), (4295, 1860.0, 1000.0), (4295, 1860.0, 1000.0), (4043.3423333333335, 1859.9472666666666, 999.9696), (4295, 1860.0, 1000.0), (2983.5811999999996, 1859.8571333333334, 999.4864666666666), (4053.8281333333334, 1859.4216, 999.4898), (6600.262466666667, 1799.7692666666667, 1524.5074), (8145.863, 1799.7765333333334, 1524.9986666666666), (8031.218733333333, 1799.9470666666666, 1524.9685333333334), (8192, 1800.0, 1525.0), (8192, 1800.0, 1525.0), (8080.1524, 1799.9643333333333, 1524.976), (7677.369066666667, 1788.331, 1513.3327333333334), (8192, 1800.0, 1525.0)]","[(3, 0.0, 0.03398333333333334), (4, 8.333333333333333e-05, 0.11431111111111111), (0, 0, 0), (0, 0, 0), (3, 0.0, 0.0010222222222222223), (0, 0, 0), (3, 5e-05, 0.13139444444444442), (4, 0.0, 0.03682222222222223), (5, 1.666666666666667e-05, 0.1395388888888889), (1, 5e-05, 0.05402777777777778), (3, 0.0, 0.0011222222222222222), (0, 0, 0), (0, 0, 0), (3, 0.0, 0.028383333333333337), (9, 0.022783333333333336, 0.05650555555555556), (0, 0, 0)]","[(32209, 67.1, 10.076016666666666), (32208, 67.09991666666666, 9.995688888888889), (32212, 67.1, 10.11), (32212, 67.1, 10.11), (32209, 67.1, 10.108977777777778), (32212, 67.1, 10.11), (32209, 67.09994999999999, 9.978605555555555), (32208, 67.1, 10.073177777777778), (32207, 51.89998333333334, 6.050461111111111), (32211, 51.899950000000004, 6.135972222222222), (32209, 51.900000000000006, 6.188877777777777), (32212, 51.900000000000006, 6.1899999999999995), (32212, 51.900000000000006, 6.1899999999999995), (32209, 51.900000000000006, 6.161616666666666), (32203, 51.87721666666667, 6.133494444444444), (32212, 51.900000000000006, 6.1899999999999995)]"
44,"[100.0, 100.0, 100.0, 0.0, 100.0, 0.0, 100.0, 100.0, 100.0, 100.0, 100.0, 0.0, 0.0, 100.0, 100.0, 0.0]","[1, 2, 1, 0, 1, 0, 1, 2, 2, 1, 1, 0, 0, 1, 3, 0]","[4.75, 4.75, 4.75, 2.45, 4.75, 2.45, 4.75, 4.75, 5.05, 5.05, 5.05, 2.65, 2.65, 5.05, 5.05, 2.65]","[0, 3912.600676950218, 1578.3845313240047, 0, 0, 0, 2953.431360041183, 967.2054005675245, 3838.2376177568794, 0, 0, 0, 0, 2777.0076285751793, 2086.8066181665445, 0]","[4029, 116.3993230497822, 2450.6154686759955, 4029, 4029, 4029, 1075.5686399588171, 3061.7945994324755, 190.76238224312056, 4029, 4029, 4029, 4029, 1251.9923714248207, 1942.1933818334555, 4029]","[4029, 4029, 4029, 4029, 4029, 4029, 4029, 4029, 4029, 4029, 4029, 4029, 4029, 4029, 4029, 4029]","[4029, 4029, 4029, 0, 4029, 0, 4029, 4029, 4029, 4029, 4029, 0, 0, 4029, 4029, 0]","[(107.65339999999999, 0.037200000000000004, 0.024933333333333335), (1507.1526, 0.4807999999999999, 0.53), (223.696, 0.11593333333333333, 0.0992), (0, 0, 0), (230.6862666666667, 0.053333333333333344, 0.0358), (0, 0, 0), (1311.4188000000001, 0.188, 0.5201333333333333), (239.07479999999998, 0.5776, 0.5018666666666667), (1431.6550666666667, 0.17733333333333334, 0.5249333333333333), (58.719800000000006, 0.21913333333333332, 0.0012), (143.3049333333333, 0.05273333333333334, 0.030533333333333336), (0, 0, 0), (0, 0, 0), (115.3428, 0.03426666666666667, 0.023266666666666665), (284.46920000000006, 8.7804, 8.7742), (0, 0, 0)]","[(4187.3466, 1859.9628, 999.9750666666666), (2787.8474, 1859.5192, 999.47), (4071.304, 1859.8840666666667, 999.9008), (4295, 1860.0, 1000.0), (4064.3137333333334, 1859.9466666666667, 999.9642), (4295, 1860.0, 1000.0), (2983.5811999999996, 1859.812, 999.4798666666667), (4055.9252, 1859.4224, 999.4981333333334), (6760.344933333334, 1799.8226666666667, 1524.4750666666666), (8133.2802, 1799.7808666666667, 1524.9988), (8048.695066666667, 1799.9472666666666, 1524.9694666666667), (8192, 1800.0, 1525.0), (8192, 1800.0, 1525.0), (8076.6572, 1799.9657333333334, 1524.9767333333334), (7907.5307999999995, 1791.2196, 1516.2258), (8192, 1800.0, 1525.0)]","[(3, 0.0, 0.03331111111111111), (4, 3.3333333333333335e-05, 0.15322222222222223), (2, 0.0, 0.0010277777777777776), (0, 0, 0), (3, 0.0, 0.0011277777777777777), (0, 0, 0), (3, 3.3333333333333335e-05, 0.16156666666666666), (4, 0.06126666666666666, 0.057177777777777786), (5, 5e-05, 0.13141666666666665), (1, 1.666666666666667e-05, 0.053094444444444444), (3, 0.0, 0.0011333333333333332), (0, 0, 0), (0, 0, 0), (3, 0.0, 0.027411111111111112), (8, 0.0, 0.002161111111111111), (0, 0, 0)]","[(32209, 67.1, 10.076688888888889), (32208, 67.09996666666666, 9.956777777777777), (32210, 67.1, 10.108972222222222), (32212, 67.1, 10.11), (32209, 67.1, 10.108872222222221), (32212, 67.1, 10.11), (32209, 67.09996666666666, 9.948433333333332), (32208, 67.03873333333333, 10.052822222222222), (32207, 51.899950000000004, 6.058583333333333), (32211, 51.89998333333334, 6.136905555555555), (32209, 51.900000000000006, 6.188866666666666), (32212, 51.900000000000006, 6.1899999999999995), (32212, 51.900000000000006, 6.1899999999999995), (32209, 51.900000000000006, 6.162588888888888), (32204, 51.900000000000006, 6.187838888888888), (32212, 51.900000000000006, 6.1899999999999995)]"
45,"[100.0, 100.0, 100.0, 100.0, 0.0, 0.0, 100.0, 100.0, 100.0, 100.0, 0.0, 0.0, 0.0, 100.0, 100.0, 0.0]","[2, 2, 1, 1, 0, 0, 1, 1, 2, 1, 0, 0, 0, 1, 3, 0]","[4.75, 4.75, 4.75, 4.75, 2.45, 2.45, 4.75, 4.75, 5.05, 5.05, 2.65, 2.65, 2.65, 5.05, 5.05, 2.65]","[2702.618361185123, 6028.278192232053, 1566.5169784569066, 1155.2559781834066, 0, 0, 2989.8560016860883, 922.7020845904912, 3788.1539118789606, 1578.3845313240047, 0, 0, 0, 3089.2155868173595, 1729.5453776649533, 0]","[1326.381638814877, -1999.2781922320528, 2462.4830215430934, 2873.7440218165934, 4029, 4029, 1039.1439983139117, 3106.2979154095087, 240.84608812103943, 2450.6154686759955, 4029, 4029, 4029, 939.7844131826405, 2299.4546223350467, 4029]","[4029, 4029, 4029, 4029, 4029, 4029, 4029, 4029, 4029, 4029, 4029, 4029, 4029, 4029, 4029, 4029]","[4029, 4029, 4029, 4029, 0, 0, 4029, 4029, 4029, 4029, 0, 0, 0, 4029, 4029, 0]","[(285.2122, 0.009333333333333334, 0.0108), (1823.8226, 0.4652666666666666, 1.4427999999999999), (268.4352, 0.11646666666666668, 0.09953333333333332), (67.10839999999999, 0.00013333333333333334, 0.001), (0, 0, 0), (0, 0, 0), (1177.2012, 0.14893333333333333, 0.6776666666666666), (89.4784, 0.5311333333333333, 0.46186666666666676), (1442.1408000000001, 0.21446666666666667, 0.5312), (223.696, 0.11593333333333333, 0.0992), (0, 0, 0), (0, 0, 0), (0, 0, 0), (111.1486, 0.03153333333333334, 0.0434), (229.46246666666667, 11.157133333333332, 11.156666666666668), (0, 0, 0)]","[(4009.7878, 1859.9906666666666, 999.9892), (2471.1774, 1859.5347333333334, 998.5572), (4026.5648, 1859.8835333333334, 999.9004666666667), (4227.8916, 1859.9998666666668, 999.999), (4295, 1860.0, 1000.0), (4295, 1860.0, 1000.0), (3117.7988, 1859.8510666666666, 999.3223333333333), (4205.5216, 1859.4688666666666, 999.5381333333333), (6749.8592, 1799.7855333333334, 1524.4688), (7968.304, 1799.8840666666667, 1524.9008), (8192, 1800.0, 1525.0), (8192, 1800.0, 1525.0), (8192, 1800.0, 1525.0), (8080.8514, 1799.9684666666667, 1524.9566), (7962.537533333333, 1788.8428666666666, 1513.8433333333332), (8192, 1800.0, 1525.0)]","[(3, 0.0, 0.002711111111111111), (4, 0.0001, 0.1542111111111111), (2, 0.0, 0.0009611111111111112), (1, 0.0, 0.0005722222222222222), (0, 0, 0), (0, 0, 0), (3, 5e-05, 0.12382222222222221), (1, 1.666666666666667e-05, 0.0020666666666666667), (5, 3.3333333333333335e-05, 0.16161111111111112), (2, 0.0, 0.0010277777777777776), (0, 0, 0), (0, 0, 0), (0, 0, 0), (3, 0.0009, 0.029877777777777774), (8, 0.0, 0.002288888888888889), (0, 0, 0)]","[(32209, 67.1, 10.107288888888888), (32208, 67.09989999999999, 9.955788888888888), (32210, 67.1, 10.109038888888888), (32211, 67.1, 10.109427777777777), (32212, 67.1, 10.11), (32212, 67.1, 10.11), (32209, 67.09994999999999, 9.986177777777778), (32211, 67.09998333333333, 10.107933333333333), (32207, 51.89996666666667, 6.028388888888888), (32210, 51.900000000000006, 6.188972222222222), (32212, 51.900000000000006, 6.1899999999999995), (32212, 51.900000000000006, 6.1899999999999995), (32212, 51.900000000000006, 6.1899999999999995), (32209, 51.899100000000004, 6.160122222222221), (32204, 51.900000000000006, 6.187711111111111), (32212, 51.900000000000006, 6.1899999999999995)]"
46,"[100.0, 100.0, 100.0, 100.0, 0.0, 100.0, 100.0, 100.0, 100.0, 100.0, 0.0, 0.0, 0.0, 100.0, 100.0, 0.0]","[2, 1, 1, 1, 0, 1, 1, 1, 2, 1, 0, 0, 0, 1, 2, 0]","[4.75, 4.75, 4.75, 4.75, 2.45, 4.75, 4.75, 4.75, 5.05, 5.05, 2.65, 2.65, 2.65, 5.05, 5.05, 2.65]","[2837.6528622493415, 6374.312287858666, 1560.5832020233572, 1151.9170880730503, 0, 884.1326637750533, 5888.650399259911, 913.8014213950846, 3781.1729808283017, 1566.5169784569066, 0, 0, 0, 2842.73561978406, 507.5113498495734, 0]","[1191.3471377506585, -2345.3122878586664, 2468.4167979766426, 2877.0829119269497, 4029, 3144.8673362249465, -1859.650399259911, 3115.1985786049154, 247.82701917169834, 2462.4830215430934, 4029, 4029, 4029, 1186.26438021594, 3521.4886501504266, 4029]","[4029, 4029, 4029, 4029, 4029, 4029, 4029, 4029, 4029, 4029, 4029, 4029, 4029, 4029, 4029, 4029]","[4029, 4029, 4029, 4029, 0, 4029, 4029, 4029, 4029, 4029, 0, 0, 0, 4029, 4029, 0]","[(376.0886, 0.009333333333333334, 0.010933333333333335), (1736.4414, 0.2492666666666667, 1.2721333333333333), (33.5544, 0.11626666666666668, 0.09953333333333332), (72.70093333333334, 6.666666666666668e-05, 0.001), (0, 0, 0), (128.62506666666664, 0.00046666666666666666, 0.0014), (1269.4758, 0.3529333333333333, 0.49439999999999995), (117.4404, 0.5386666666666666, 0.5020666666666667), (1341.4776, 0.15766666666666668, 0.6838), (268.4352, 0.11646666666666668, 0.09953333333333332), (0, 0, 0), (0, 0, 0), (0, 0, 0), (97.86666666666669, 0.0338, 0.023066666666666666), (81.4824, 8.979333333333333, 8.996400000000001), (0, 0, 0)]","[(3918.9114, 1859.9906666666666, 999.9890666666666), (2558.5586000000003, 1859.7507333333333, 998.7278666666666), (4261.4456, 1859.8837333333333, 999.9004666666667), (4222.2990666666665, 1859.9999333333333, 999.999), (4295, 1860.0, 1000.0), (4166.3749333333335, 1859.9995333333334, 999.9986), (3025.5242, 1859.6470666666667, 999.5056), (4177.5596, 1859.4613333333334, 999.4979333333333), (6850.5224, 1799.8423333333333, 1524.3162), (7923.5648, 1799.8835333333334, 1524.9004666666667), (8192, 1800.0, 1525.0), (8192, 1800.0, 1525.0), (8192, 1800.0, 1525.0), (8094.133333333333, 1799.9662, 1524.9769333333334), (8110.5176, 1791.0206666666666, 1516.0036), (8192, 1800.0, 1525.0)]","[(3, 0.0, 0.002972222222222222), (3, 0.00015, 0.2104), (2, 0.0, 0.000972222222222222), (1, 0.0, 0.0005666666666666666), (0, 0, 0), (2, 0.0705, 0.025599999999999998), (3, 0.1731833333333333, 0.38794999999999996), (1, 0.0, 0.003311111111111111), (5, 5e-05, 0.1239111111111111), (2, 0.0, 0.0009611111111111112), (0, 0, 0), (0, 0, 0), (0, 0, 0), (3, 0.0, 0.02947777777777778), (5, 0.0, 0.0010500000000000004), (0, 0, 0)]","[(32209, 67.1, 10.107027777777777), (32209, 67.09984999999999, 9.8996), (32210, 67.1, 10.109027777777778), (32211, 67.1, 10.109433333333333), (32212, 67.1, 10.11), (32210, 67.0295, 10.084399999999999), (32209, 66.92681666666667, 9.72205), (32211, 67.1, 10.106688888888888), (32207, 51.899950000000004, 6.066088888888888), (32210, 51.900000000000006, 6.189038888888889), (32212, 51.900000000000006, 6.1899999999999995), (32212, 51.900000000000006, 6.1899999999999995), (32212, 51.900000000000006, 6.1899999999999995), (32209, 51.900000000000006, 6.160522222222221), (32207, 51.900000000000006, 6.188949999999999), (32212, 51.900000000000006, 6.1899999999999995)]"
47,"[100.0, 100.0, 100.0, 100.0, 0.0, 100.0, 100.0, 100.0, 99.97517994539588, 100.0, 0.0, 100.0, 0.0, 100.0, 100.0, 0.0]","[3, 1, 1, 1, 0, 1, 1, 1, 2, 1, 0, 1, 0, 1, 1, 0]","[4.75, 4.75, 4.75, 4.75, 2.45, 4.75, 4.75, 4.75, 5.048237776123107, 5.05, 2.65, 5.05, 2.65, 5.05, 5.05, 2.65]","[3340.718424336049, 3703.171900565511, 1566.5169784569066, 1158.5948682937635, 0, 845.5631180399, 4252.576912042853, 922.7020845904912, 5888.650399259911, 1560.5832020233572, 0, 1578.3845313240047, 0, 2867.38361648739, 0, 0]","[688.2815756639511, 325.8280994344891, 2462.4830215430934, 2870.4051317062367, 4029, 3183.4368819601, -223.5769120428531, 3106.2979154095087, -1859.650399259911, 2468.4167979766426, 4029, 2450.6154686759955, 4029, 1161.61638351261, 4029, 4029]","[4029, 4029, 4029, 4029, 4029, 4029, 4029, 4029, 4029, 4029, 4029, 4029, 4029, 4029, 4029, 4029]","[4029, 4029, 4029, 4029, 0, 4029, 4029, 4029, 4028, 4029, 0, 4029, 0, 4029, 4029, 0]","[(608.1729333333333, 0.0624, 0.04186666666666666), (1493.1718, 0.1692, 0.7876000000000001), (0.0, 0.1156, 0.0996), (75.49719999999999, 0.0004, 0.0014666666666666665), (0, 0, 0), (120.23626666666664, 0.0, 0.001066666666666667), (1974.1186, 0.14053333333333334, 0.48906666666666665), (134.2176, 0.5295333333333333, 0.5544666666666667), (1417.6738666666665, 0.36133333333333334, 0.49926666666666664), (33.5544, 0.11626666666666668, 0.09953333333333332), (0, 0, 0), (223.696, 0.11593333333333333, 0.0992), (0, 0, 0), (98.5656, 0.03406666666666667, 0.023066666666666666), (100.6632, 0.0044666666666666665, 0.00013333333333333334), (0, 0, 0)]","[(3686.8270666666667, 1859.9376, 999.9581333333333), (2801.8282, 1859.8308, 999.2124), (4295.0, 1859.8844, 999.9004), (4219.5028, 1859.9996, 999.9985333333333), (4295, 1860.0, 1000.0), (4174.763733333333, 1860.0, 999.9989333333333), (2320.8814, 1859.8594666666668, 999.5109333333334), (4160.7824, 1859.4704666666667, 999.4455333333333), (6774.326133333334, 1799.6386666666667, 1524.5007333333333), (8158.4456, 1799.8837333333333, 1524.9004666666667), (8192, 1800.0, 1525.0), (7968.304, 1799.8840666666667, 1524.9008), (8192, 1800.0, 1525.0), (8093.4344, 1799.9659333333334, 1524.9769333333334), (8091.3368, 1799.9955333333332, 1524.9998666666668), (8192, 1800.0, 1525.0)]","[(6, 1.666666666666667e-05, 0.008933333333333333), (3, 0.0001, 0.13415555555555556), (2, 0.0, 0.00095), (1, 0.0, 0.0005499999999999999), (0, 0, 0), (2, 1.666666666666667e-05, 0.0006111111111111112), (3, 1.666666666666667e-05, 0.31198333333333333), (1, 0.0, 0.002977777777777778), (5, 0.1731833333333333, 0.38794999999999996), (2, 0.0, 0.000972222222222222), (0, 0, 0), (2, 0.0, 0.0010277777777777776), (0, 0, 0), (3, 0.0, 0.029166666666666667), (2, 0.0, 0.001077777777777778), (0, 0, 0)]","[(32206, 67.09998333333333, 10.101066666666666), (32209, 67.09989999999999, 9.975844444444444), (32210, 67.1, 10.10905), (32211, 67.1, 10.109449999999999), (32212, 67.1, 10.11), (32210, 67.09998333333333, 10.109388888888889), (32209, 67.09998333333333, 9.798016666666665), (32211, 67.1, 10.107022222222222), (32207, 51.72681666666667, 5.8020499999999995), (32210, 51.900000000000006, 6.189027777777778), (32212, 51.900000000000006, 6.1899999999999995), (32210, 51.900000000000006, 6.188972222222222), (32212, 51.900000000000006, 6.1899999999999995), (32209, 51.900000000000006, 6.160833333333333), (32210, 51.900000000000006, 6.188922222222222), (32212, 51.900000000000006, 6.1899999999999995)]"
48,"[99.97517994539588, 100.0, 100.0, 100.0, 100.0, 100.0, 100.0, 100.0, 100.0, 100.0, 0.0, 100.0, 0.0, 100.0, 0.0, 0.0]","[3, 1, 1, 1, 1, 1, 1, 1, 1, 1, 0, 1, 0, 1, 0, 0]","[4.748485976669149, 4.75, 4.75, 4.75, 4.75, 4.75, 4.75, 4.75, 5.05, 5.05, 2.65, 5.05, 2.65, 5.05, 2.65, 2.65]","[3309.9244051772316, 3949.038231668631, 1593.2189724078767, 1151.9170880730503, 2327.8664038117226, 809.96046043822, 3235.722332789209, 0, 4252.576912042853, 1566.5169784569066, 0, 1566.5169784569066, 0, 3604.08485128692, 0, 0]","[719.0755948227684, 79.96176833136906, 2435.7810275921233, 2877.0829119269497, 1701.1335961882774, 3219.0395395617797, 793.2776672107912, 4029, -223.5769120428531, 2462.4830215430934, 4029, 2462.4830215430934, 4029, 424.9151487130798, 4029, 4029]","[4029, 4029, 4029, 4029, 4029, 4029, 4029, 4029, 4029, 4029, 4029, 4029, 4029, 4029, 4029, 4029]","[4028, 4029, 4029, 4029, 4029, 4029, 4029, 4029, 4029, 4029, 0, 4029, 0, 4029, 0, 0]","[(682.2721999999999, 0.06253333333333334, 0.04653333333333333), (1484.7831999999999, 0.21580000000000002, 0.8416666666666666), (167.772, 0.1156, 0.09933333333333332), (75.49719999999999, 0.0003333333333333333, 0.0014), (335.544, 0.016466666666666664, 0.009866666666666668), (72.7008, 6.666666666666668e-05, 0.0015333333333333334), (1730.8488, 0.18693333333333337, 0.49646666666666667), (64.3126, 0.5252666666666668, 0.5347333333333333), (1974.1186, 0.14053333333333334, 0.48906666666666665), (0.0, 0.1156, 0.0996), (0, 0, 0), (268.4352, 0.11646666666666668, 0.09953333333333332), (0, 0, 0), (159.383, 0.27046666666666663, 0.022466666666666666), (0, 0, 0), (0, 0, 0)]","[(3612.7278, 1859.9374666666668, 999.9534666666667), (2810.2168, 1859.7842, 999.1583333333333), (4127.228, 1859.8844, 999.9006666666667), (4219.5028, 1859.9996666666666, 999.9986), (3959.456, 1859.9835333333333, 999.9901333333333), (4222.2992, 1859.9999333333333, 999.9984666666667), (2564.1512000000002, 1859.8130666666666, 999.5035333333333), (4230.6874, 1859.4747333333332, 999.4652666666667), (6217.8814, 1799.8594666666668, 1524.5109333333332), (8192.0, 1799.8844, 1524.9004), (8192, 1800.0, 1525.0), (7923.5648, 1799.8835333333334, 1524.9004666666667), (8192, 1800.0, 1525.0), (8032.617, 1799.7295333333334, 1524.9775333333334), (8192, 1800.0, 1525.0), (8192, 1800.0, 1525.0)]","[(6, 0.0, 0.003783333333333334), (3, 0.0001, 0.17663333333333334), (2, 0.0, 0.0014166666666666668), (1, 0.0, 0.0005611111111111111), (3, 0.0, 0.015905555555555555), (2, 0.0, 0.0005666666666666668), (3, 1.666666666666667e-05, 0.20562222222222223), (1, 0.0, 0.0028777777777777777), (3, 1.666666666666667e-05, 0.31198333333333333), (2, 0.0, 0.00095), (0, 0, 0), (2, 0.0, 0.0009611111111111112), (0, 0, 0), (3, 0.0013666666666666669, 0.02918888888888889), (0, 0, 0), (0, 0, 0)]","[(32206, 67.1, 10.106216666666667), (32209, 67.09989999999999, 9.933366666666666), (32210, 67.1, 10.108583333333332), (32211, 67.1, 10.109438888888889), (32209, 67.1, 10.094094444444444), (32210, 67.1, 10.109433333333333), (32209, 67.09998333333333, 9.904377777777777), (32211, 67.1, 10.107122222222221), (32209, 51.89998333333334, 5.8780166666666664), (32210, 51.900000000000006, 6.18905), (32212, 51.900000000000006, 6.1899999999999995), (32210, 51.900000000000006, 6.189038888888889), (32212, 51.900000000000006, 6.1899999999999995), (32209, 51.898633333333336, 6.16081111111111), (32212, 51.900000000000006, 6.1899999999999995), (32212, 51.900000000000006, 6.1899999999999995)]"
49,"[100.0, 100.0, 100.0, 100.0, 100.0, 100.0, 100.0, 0.0, 100.0, 100.0, 100.0, 100.0, 0.0, 100.0, 0.0, 0.0]","[3, 1, 1, 1, 1, 1, 1, 0, 1, 1, 1, 1, 0, 1, 0, 0]","[4.75, 4.75, 4.75, 4.75, 4.75, 4.75, 4.75, 2.45, 5.05, 5.05, 5.05, 5.05, 2.65, 5.05, 2.65, 2.65]","[3387.462894190613, 3566.579494397111, 0, 1168.6115386248337, 2503.141050686958, 1317.2983312621604, 2452.592537423716, 0, 3235.722332789209, 1593.2189724078767, 450.7502254398, 1560.5832020233572, 0, 4107.999450555, 0, 0]","[641.537105809387, 462.4205056028891, 4029, 2860.388461375166, 1525.858949313042, 2711.7016687378396, 1576.4074625762842, 4029, 793.2776672107912, 2435.7810275921233, 3578.2497745602, 2468.4167979766426, 4029, -78.9994505550003, 4029, 4029]","[4029, 4029, 4029, 4029, 4029, 4029, 4029, 4029, 4029, 4029, 4029, 4029, 4029, 4029, 4029, 4029]","[4029, 4029, 4029, 4029, 4029, 4029, 4029, 0, 4029, 4029, 4029, 4029, 0, 4029, 0, 0]","[(538.268, 0.0622, 0.041999999999999996), (1644.1666, 0.15380000000000002, 0.6252666666666667), (67.1088, 0.11593333333333333, 0.09953333333333332), (77.5942, 0.00046666666666666666, 0.0014), (427.8186, 0.011466666666666667, 0.006066666666666666), (75.49706666666667, 0.0, 0.001066666666666667), (1356.158, 0.1402, 0.49906666666666666), (0, 0, 0), (1730.8488, 0.18693333333333337, 0.49646666666666667), (167.772, 0.1156, 0.09933333333333332), (184.549, 0.0, 0.0), (33.5544, 0.11626666666666668, 0.09953333333333332), (0, 0, 0), (234.88039999999998, 0.2981333333333333, 0.018066666666666665), (0, 0, 0), (0, 0, 0)]","[(3756.732, 1859.9378, 999.958), (2650.8334, 1859.8462, 999.3747333333333), (4227.8912, 1859.8840666666667, 999.9004666666667), (4217.4058, 1859.9995333333334, 999.9986), (3867.1814, 1859.9885333333334, 999.9939333333333), (4219.502933333333, 1860.0, 999.9989333333333), (2938.842, 1859.8598, 999.5009333333334), (4295, 1860.0, 1000.0), (6461.1512, 1799.8130666666666, 1524.5035333333333), (8024.228, 1799.8844, 1524.9006666666667), (8007.451, 1800.0, 1525.0), (8158.4456, 1799.8837333333333, 1524.9004666666667), (8192, 1800.0, 1525.0), (7957.1196, 1799.7018666666668, 1524.9819333333332), (8192, 1800.0, 1525.0), (8192, 1800.0, 1525.0)]","[(6, 0.0, 0.0036499999999999996), (3, 5e-05, 0.16941111111111112), (2, 0.0, 0.00095), (1, 0.0, 0.001627777777777778), (3, 1.666666666666667e-05, 0.017866666666666666), (2, 1.666666666666667e-05, 0.0007), (3, 8.333333333333333e-05, 0.11315), (0, 0, 0), (3, 1.666666666666667e-05, 0.20562222222222223), (2, 0.0, 0.0014166666666666668), (1, 0.0, 0.00029444444444444445), (2, 0.0, 0.000972222222222222), (0, 0, 0), (3, 8.333333333333333e-05, 0.02883888888888889), (0, 0, 0), (0, 0, 0)]","[(32206, 67.1, 10.106349999999999), (32209, 67.09994999999999, 9.940588888888888), (32210, 67.1, 10.10905), (32211, 67.1, 10.108372222222222), (32209, 67.09998333333333, 10.092133333333333), (32210, 67.09998333333333, 10.1093), (32209, 67.09991666666666, 9.99685), (32212, 67.1, 10.11), (32209, 51.89998333333334, 5.984377777777778), (32210, 51.900000000000006, 6.188583333333333), (32211, 51.900000000000006, 6.189705555555555), (32210, 51.900000000000006, 6.189027777777778), (32212, 51.900000000000006, 6.1899999999999995), (32209, 51.89991666666667, 6.16116111111111), (32212, 51.900000000000006, 6.1899999999999995), (32212, 51.900000000000006, 6.1899999999999995)]"
50,"[100.0, 100.0, 100.0, 100.0, 100.0, 100.0, 100.0, 100.0, 100.0, 100.0, 100.0, 100.0, 0.0, 100.0, 0.0, 0.0]","[3, 1, 1, 1, 1, 1, 1, 1, 1, 1, 1, 1, 0, 1, 0, 0]","[4.75, 4.75, 4.75, 4.75, 4.75, 4.75, 4.75, 4.75, 5.05, 5.05, 5.05, 5.05, 2.65, 5.05, 2.65, 2.65]","[3226.4704031451665, 4726.09725342664, 744.572766635591, 1165.2726485144767, 2497.663717972107, 1459.7089616688797, 2677.21116090064, 1115.1894634134223, 2452.592537423716, 1563.5500902401322, 570.9502855570801, 1566.5169784569066, 0, 3519.18619597545, 0, 0]","[802.5295968548335, -697.0972534266402, 3284.427233364409, 2863.7273514855233, 1531.336282027893, 2569.29103833112, 1351.7888390993598, 2913.8105365865777, 1576.4074625762842, 2465.4499097598678, 3458.04971444292, 2462.4830215430934, 4029, 509.8138040245499, 4029, 4029]","[4029, 4029, 4029, 4029, 4029, 4029, 4029, 4029, 4029, 4029, 4029, 4029, 4029, 4029, 4029, 4029]","[4029, 4029, 4029, 4029, 4029, 4029, 4029, 4029, 4029, 4029, 4029, 4029, 0, 4029, 0, 0]","[(613.0663333333333, 0.06206666666666667, 0.04133333333333333), (1434.4516, 0.22206666666666663, 0.8742666666666667), (142.60586666666666, 0.0007333333333333332, 0.0006), (69.2056, 0.00046666666666666666, 0.0013333333333333333), (419.43, 0.0086, 0.004933333333333334), (114.64386666666668, 0.0, 0.0011333333333333332), (1227.5328, 0.18566666666666662, 0.4779333333333333), (499.1218, 0.0016666666666666668, 0.0011333333333333332), (1356.158, 0.1402, 0.49906666666666666), (67.1088, 0.11593333333333333, 0.09953333333333332), (225.0938, 0.0, 0.0), (0.0, 0.1156, 0.0996), (0, 0, 0), (221.59853333333334, 0.0404, 0.026733333333333335), (0, 0, 0), (0, 0, 0)]","[(3681.933666666667, 1859.9379333333334, 999.9586666666667), (2860.5483999999997, 1859.7779333333333, 999.1257333333333), (4152.394133333333, 1859.9992666666667, 999.9994), (4225.7944, 1859.9995333333334, 999.9986666666666), (3875.57, 1859.9914, 999.9950666666666), (4180.356133333334, 1860.0, 999.9988666666667), (3067.4672, 1859.8143333333333, 999.5220666666667), (3795.8782, 1859.9983333333332, 999.9988666666667), (6835.842000000001, 1799.8598, 1524.5009333333333), (8124.8912, 1799.8840666666667, 1524.9004666666667), (7966.9062, 1800.0, 1525.0), (8192.0, 1799.8844, 1524.9004), (8192, 1800.0, 1525.0), (7970.401466666666, 1799.9596, 1524.9732666666666), (8192, 1800.0, 1525.0), (8192, 1800.0, 1525.0)]","[(6, 0.0, 0.003694444444444444), (3, 0.0001, 0.21292777777777777), (1, 0.0, 0.02883888888888889), (1, 0.0, 0.0005499999999999999), (3, 0.0, 0.021744444444444445), (2, 0.0, 0.0006555555555555555), (3, 3.3333333333333335e-05, 0.15232222222222222), (2, 0.0, 0.0010999999999999998), (3, 8.333333333333333e-05, 0.11315), (2, 0.0, 0.00095), (1, 0.0, 0.0002833333333333333), (2, 0.0, 0.00095), (0, 0, 0), (3, 0.0, 0.02946666666666667), (0, 0, 0), (0, 0, 0)]","[(32206, 67.1, 10.106305555555554), (32209, 67.09989999999999, 9.897072222222222), (32211, 67.1, 10.081161111111111), (32211, 67.1, 10.109449999999999), (32209, 67.1, 10.088255555555556), (32210, 67.1, 10.109344444444444), (32209, 67.09996666666666, 9.957677777777777), (32210, 67.1, 10.1089), (32209, 51.89991666666667, 6.076849999999999), (32210, 51.900000000000006, 6.18905), (32211, 51.900000000000006, 6.1897166666666665), (32210, 51.900000000000006, 6.18905), (32212, 51.900000000000006, 6.1899999999999995), (32209, 51.900000000000006, 6.1605333333333325), (32212, 51.900000000000006, 6.1899999999999995), (32212, 51.900000000000006, 6.1899999999999995)]"
51,"[100.0, 100.0, 100.0, 100.0, 100.0, 100.0, 100.0, 100.0, 100.0, 100.0, 100.0, 100.0, 0.0, 100.0, 0.0, 0.0]","[3, 1, 1, 1, 1, 1, 1, 1, 1, 1, 1, 1, 0, 1, 0, 0]","[4.75, 4.75, 4.75, 4.75, 4.75, 4.75, 4.75, 4.75, 5.05, 5.05, 5.05, 5.05, 2.65, 5.05, 2.65, 2.65]","[3364.090659060213, 3065.7406717796443, 554.2559608139378, 1178.6282089559033, 2664.722365775066, 845.5631180399, 6028.278192232053, 1175.2894943758222, 2677.21116090064, 1572.4507548904555, 500.8335838220001, 1593.2189724078767, 0, 3576.69818828322, 0, 0]","[664.909340939787, 963.2593282203557, 3474.7440391860623, 2850.3717910440964, 1364.277634224934, 3183.4368819601, -1999.2781922320528, 2853.710505624178, 1351.7888390993598, 2456.5492451095442, 3528.166416178, 2435.7810275921233, 4029, 452.30181171677987, 4029, 4029]","[4029, 4029, 4029, 4029, 4029, 4029, 4029, 4029, 4029, 4029, 4029, 4029, 4029, 4029, 4029, 4029]","[4029, 4029, 4029, 4029, 4029, 4029, 4029, 4029, 4029, 4029, 4029, 4029, 0, 4029, 0, 0]","[(384.47693333333325, 0.062266666666666665, 0.0412), (1392.5086000000001, 0.1512, 0.6417333333333333), (98.56566666666669, 0.0007333333333333332, 0.0002666666666666667), (82.4876, 0.0007333333333333332, 0.002), (455.7806, 0.011333333333333336, 0.005066666666666666), (92.27413333333331, 6.666666666666668e-05, 0.0013333333333333333), (1551.892, 0.19686666666666666, 1.39), (553.6476, 0.0017333333333333335, 0.0015333333333333334), (1227.5328, 0.18566666666666662, 0.4779333333333333), (100.6632, 0.11566666666666668, 0.09933333333333332), (191.5394, 0.0, 0.0), (167.772, 0.1156, 0.09933333333333332), (0, 0, 0), (117.44013333333332, 0.04193333333333333, 0.027666666666666673), (0, 0, 0), (0, 0, 0)]","[(3910.5230666666666, 1859.9377333333334, 999.9588), (2902.4914, 1859.8488, 999.3582666666666), (4196.434333333334, 1859.9992666666667, 999.9997333333333), (4212.5124, 1859.9992666666667, 999.998), (3839.2194, 1859.9886666666666, 999.9949333333333), (4202.725866666667, 1859.9999333333333, 999.9986666666666), (2743.108, 1859.8031333333333, 998.61), (3741.3523999999998, 1859.9982666666667, 999.9984666666667), (6964.4672, 1799.8143333333333, 1524.5220666666667), (8091.3368, 1799.8843333333334, 1524.9006666666667), (8000.4606, 1800.0, 1525.0), (8024.228, 1799.8844, 1524.9006666666667), (8192, 1800.0, 1525.0), (8074.5598666666665, 1799.9580666666666, 1524.9723333333334), (8192, 1800.0, 1525.0), (8192, 1800.0, 1525.0)]","[(6, 0.005983333333333334, 0.004416666666666667), (3, 6.666666666666667e-05, 0.11822222222222224), (1, 0.0, 0.0016666666666666668), (1, 0.0, 0.0005722222222222222), (3, 0.0, 0.016805555555555553), (2, 1.666666666666667e-05, 0.003455555555555556), (3, 0.0001, 0.1530611111111111), (2, 0.0, 0.0005222222222222223), (3, 3.3333333333333335e-05, 0.15232222222222222), (2, 0.0, 0.0009611111111111112), (1, 1.666666666666667e-05, 0.0002611111111111111), (2, 0.0, 0.0014166666666666668), (0, 0, 0), (3, 0.0027166666666666667, 0.027800000000000002), (0, 0, 0), (0, 0, 0)]","[(32206, 67.09401666666666, 10.105583333333334), (32209, 67.09993333333333, 9.991777777777777), (32211, 67.1, 10.108333333333333), (32211, 67.1, 10.109427777777777), (32209, 67.1, 10.093194444444444), (32210, 67.09998333333333, 10.106544444444443), (32209, 67.09989999999999, 9.956938888888889), (32210, 67.1, 10.109477777777776), (32209, 51.89996666666667, 6.037677777777778), (32210, 51.900000000000006, 6.189038888888889), (32211, 51.89998333333334, 6.189738888888888), (32210, 51.900000000000006, 6.188583333333333), (32212, 51.900000000000006, 6.1899999999999995), (32209, 51.89728333333334, 6.1621999999999995), (32212, 51.900000000000006, 6.1899999999999995), (32212, 51.900000000000006, 6.1899999999999995)]"
52,"[100.0, 100.0, 100.0, 100.0, 100.0, 100.0, 100.0, 100.0, 100.0, 100.0, 100.0, 100.0, 0.0, 0.0, 0.0, 0.0]","[3, 1, 1, 1, 1, 1, 1, 1, 1, 1, 2, 1, 0, 0, 0, 0]","[4.75, 4.75, 4.75, 4.75, 4.75, 4.75, 4.75, 4.75, 5.05, 5.05, 5.05, 5.05, 2.65, 2.65, 2.65, 2.65]","[5574.221518441117, 0, 597.6615481065954, 0, 2478.4930534701275, 0, 6374.312287858666, 1121.8672446314667, 6028.278192232053, 1566.5169784569066, 3261.75156374067, 1563.5500902401322, 0, 0, 0, 0]","[-1545.221518441117, 4029, 3431.3384518934045, 4029, 1550.5069465298725, 4029, -2345.3122878586664, 2907.1327553685333, -1999.2781922320528, 2462.4830215430934, 767.24843625933, 2465.4499097598678, 4029, 4029, 4029, 4029]","[4029, 4029, 4029, 4029, 4029, 4029, 4029, 4029, 4029, 4029, 4029, 4029, 4029, 4029, 4029, 4029]","[4029, 4029, 4029, 4029, 4029, 4029, 4029, 4029, 4029, 4029, 4029, 4029, 0, 0, 0, 0]","[(741.6915333333334, 0.07113333333333334, 0.0554), (1632.9818, 0.3732, 0.7381333333333333), (121.6344, 0.0005333333333333334, 0.0002), (81.08953333333334, 0.0002666666666666667, 0.001), (332.7478, 0.012333333333333335, 0.0056), (76.89526666666666, 0.0, 0.001), (1736.4414, 0.2492666666666667, 1.2721333333333333), (461.3726, 0.008400000000000001, 0.008866666666666667), (1551.892, 0.19686666666666666, 1.39), (22.3696, 0.11606666666666667, 0.09953333333333332), (340.4364666666666, 0.04046666666666667, 0.026666666666666672), (67.1088, 0.11593333333333333, 0.09953333333333332), (0, 0, 0), (0, 0, 0), (0, 0, 0), (0, 0, 0)]","[(3553.3084666666664, 1859.9288666666666, 999.9446), (2662.0182, 1859.6268, 999.2618666666667), (4173.3656, 1859.9994666666666, 999.9998), (4213.910466666666, 1859.9997333333333, 999.999), (3962.2522, 1859.9876666666667, 999.9944), (4218.104733333334, 1860.0, 999.999), (2558.5586000000003, 1859.7507333333333, 998.7278666666666), (3833.6274, 1859.9916, 999.9911333333333), (6640.108, 1799.8031333333333, 1523.61), (8169.6304, 1799.8839333333333, 1524.9004666666667), (7851.563533333333, 1799.9595333333334, 1524.9733333333334), (8124.8912, 1799.8840666666667, 1524.9004666666667), (8192, 1800.0, 1525.0), (8192, 1800.0, 1525.0), (8192, 1800.0, 1525.0), (8192, 1800.0, 1525.0)]","[(6, 0.0, 0.006794444444444445), (3, 0.09808333333333331, 0.2580777777777778), (1, 0.0, 0.0015388888888888887), (1, 0.0, 0.000538888888888889), (3, 0.0, 0.021144444444444445), (2, 0.0, 0.0005055555555555555), (3, 0.00015, 0.2104), (2, 0.0, 0.0004944444444444445), (3, 0.0001, 0.1530611111111111), (2, 0.0, 0.0009388888888888888), (4, 0.0, 0.025905555555555557), (2, 0.0, 0.00095), (0, 0, 0), (0, 0, 0), (0, 0, 0), (0, 0, 0)]","[(32206, 67.1, 10.103205555555554), (32209, 67.00191666666666, 9.851922222222221), (32211, 67.1, 10.10846111111111), (32211, 67.1, 10.109461111111111), (32209, 67.1, 10.088855555555554), (32210, 67.1, 10.109494444444444), (32209, 67.09984999999999, 9.8996), (32210, 67.1, 10.109505555555556), (32209, 51.8999, 6.036938888888889), (32210, 51.900000000000006, 6.18906111111111), (32208, 51.900000000000006, 6.164094444444444), (32210, 51.900000000000006, 6.18905), (32212, 51.900000000000006, 6.1899999999999995), (32212, 51.900000000000006, 6.1899999999999995), (32212, 51.900000000000006, 6.1899999999999995), (32212, 51.900000000000006, 6.1899999999999995)]"
53,"[100.0, 0.0, 100.0, 100.0, 100.0, 0.0, 100.0, 100.0, 100.0, 100.0, 100.0, 100.0, 0.0, 0.0, 100.0, 100.0]","[2, 0, 1, 1, 1, 0, 1, 1, 1, 1, 1, 2, 0, 0, 2, 1]","[4.75, 2.45, 4.75, 4.75, 4.75, 2.45, 4.75, 4.75, 5.05, 5.05, 5.05, 5.05, 2.65, 2.65, 5.05, 5.05]","[6361.008278047395, 0, 0, 3121.8625785998443, 2629.1197031285333, 0, 3703.171900565511, 1035.0560887968888, 6374.312287858666, 0, 3409.63954396065, 2303.6677872705754, 0, 0, 3371.442028663973, 1364.7688631682443]","[-2332.008278047395, 4029, 4029, 907.1374214001557, 1399.8802968714667, 4029, 325.8280994344891, 2993.9439112031114, -2345.3122878586664, 4029, 619.3604560393501, 1725.3322127294246, 4029, 4029, 657.5579713360271, 2664.231136831756]","[4029, 4029, 4029, 4029, 4029, 4029, 4029, 4029, 4029, 4029, 4029, 4029, 4029, 4029, 4029, 4029]","[4029, 0, 4029, 4029, 4029, 0, 4029, 4029, 4029, 4029, 4029, 4029, 0, 0, 4029, 4029]","[(1414.8776666666665, 0.016533333333333334, 0.022133333333333328), (0, 0, 0), (125.82866666666669, 0.0007333333333333332, 0.0002666666666666667), (0.0, 0.0, 0.0), (377.487, 0.011333333333333336, 0.0054), (0, 0, 0), (1493.1718, 0.1692, 0.7876000000000001), (448.7898, 0.009933333333333334, 0.0104), (1736.4414, 0.2492666666666667, 1.2721333333333333), (67.1088, 0.11606666666666667, 0.09946666666666669), (132.12006666666667, 0.0338, 0.0268), (279.62, 0.11760000000000001, 0.10079999999999999), (0, 0, 0), (0, 0, 0), (708.8362666666667, 0.5942000000000001, 0.19193333333333337), (402.65259999999995, 0.0, 0.0)]","[(2880.1223333333337, 1859.9834666666666, 999.9778666666666), (4295, 1860.0, 1000.0), (4169.171333333334, 1859.9992666666667, 999.9997333333333), (4295.0, 1860.0, 1000.0), (3917.513, 1859.9886666666666, 999.9946), (4295, 1860.0, 1000.0), (2801.8282, 1859.8308, 999.2124), (3846.2102, 1859.9900666666667, 999.9896), (6455.5586, 1799.7507333333333, 1523.7278666666666), (8124.8912, 1799.8839333333333, 1524.9005333333334), (8059.879933333334, 1799.9662, 1524.9732), (7912.38, 1799.8824, 1524.8992), (8192, 1800.0, 1525.0), (8192, 1800.0, 1525.0), (7483.163733333333, 1799.4058, 1524.8080666666667), (7789.3474, 1800.0, 1525.0)]","[(3, 0.0, 0.005572222222222222), (0, 0, 0), (1, 0.0, 0.00165), (2, 0.0, 0.0), (3, 0.0, 0.030616666666666664), (0, 0, 0), (3, 0.0001, 0.13415555555555556), (2, 0.0, 0.0004944444444444445), (3, 0.00015, 0.2104), (2, 0.0, 0.0009555555555555554), (3, 0.0, 0.03398333333333334), (3, 0.36411666666666676, 0.01411111111111111), (0, 0, 0), (0, 0, 0), (6, 0.12005, 0.4345611111111111), (3, 0.1085, 0.004066666666666666)]","[(32209, 67.1, 10.104427777777778), (32212, 67.1, 10.11), (32211, 67.1, 10.10835), (32210, 67.1, 10.11), (32209, 67.1, 10.079383333333332), (32212, 67.1, 10.11), (32209, 67.09989999999999, 9.975844444444444), (32210, 67.1, 10.109505555555556), (32209, 51.89985000000001, 5.9796), (32210, 51.900000000000006, 6.189044444444444), (32209, 51.900000000000006, 6.156016666666666), (32209, 51.53588333333334, 6.175888888888888), (32212, 51.900000000000006, 6.1899999999999995), (32212, 51.900000000000006, 6.1899999999999995), (32206, 51.77995000000001, 5.7554388888888885), (32209, 51.791500000000006, 6.185933333333333)]"
54,"[100.0, 0.0, 0.0, 100.0, 100.0, 0.0, 100.0, 100.0, 100.0, 100.0, 100.0, 100.0, 0.0, 0.0, 100.0, 100.0]","[1, 0, 0, 1, 1, 0, 1, 1, 1, 1, 1, 3, 0, 0, 2, 1]","[4.75, 2.45, 2.45, 4.75, 4.75, 2.45, 4.75, 4.75, 5.05, 5.05, 5.05, 5.05, 2.65, 2.65, 5.05, 5.05]","[2438.7820916767528, 0, 0, 3065.1014408071205, 2505.879717044383, 0, 3949.038231668631, 1051.750541842, 3703.171900565511, 1714.4051397483977, 2935.85027399664, 2725.682684541801, 0, 0, 3043.3772704456333, 1691.1266347954333]","[1590.2179083232472, 4029, 4029, 963.8985591928795, 1523.1202829556169, 4029, 79.96176833136906, 2977.249458158, 325.8280994344891, 2314.5948602516023, 1093.1497260033598, 1303.3173154581991, 4029, 4029, 985.6227295543667, 2337.8733652045667]","[4029, 4029, 4029, 4029, 4029, 4029, 4029, 4029, 4029, 4029, 4029, 4029, 4029, 4029, 4029, 4029]","[4029, 0, 0, 4029, 4029, 0, 4029, 4029, 4029, 4029, 4029, 4029, 0, 0, 4029, 4029]","[(167.772, 0.009333333333333334, 0.0104), (0, 0, 0), (0, 0, 0), (0.0, 0.0, 0.0), (321.563, 0.0134, 0.007933333333333334), (0, 0, 0), (1484.7831999999999, 0.21580000000000002, 0.8416666666666666), (450.1882666666667, 0.0092, 0.009466666666666667), (1493.1718, 0.1692, 0.7876000000000001), (105.5042, 0.28773333333333334, 0.22433333333333338), (107.65339999999999, 0.037200000000000004, 0.024933333333333335), (215.30739999999997, 0.1248, 0.10106666666666667), (0, 0, 0), (0, 0, 0), (620.756, 0.42160000000000003, 0.13533333333333333), (339.738, 0.0, 0.0)]","[(4127.228, 1859.9906666666666, 999.9896), (4295, 1860.0, 1000.0), (4295, 1860.0, 1000.0), (4295.0, 1860.0, 1000.0), (3973.437, 1859.9866, 999.9920666666667), (4295, 1860.0, 1000.0), (2810.2168, 1859.7842, 999.1583333333333), (3844.8117333333334, 1859.9908, 999.9905333333334), (6698.8282, 1799.8308, 1524.2124), (8086.4958, 1799.7122666666667, 1524.7756666666667), (8084.3466, 1799.9628, 1524.9750666666666), (7976.6926, 1799.8752, 1524.8989333333334), (8192, 1800.0, 1525.0), (8192, 1800.0, 1525.0), (7571.244, 1799.5784, 1524.8646666666666), (7852.262, 1800.0, 1525.0)]","[(2, 0.0, 0.002172222222222222), (0, 0, 0), (0, 0, 0), (2, 0.0, 0.0), (3, 0.0, 0.017744444444444448), (0, 0, 0), (3, 0.0001, 0.17663333333333334), (2, 0.0, 0.0005166666666666667), (3, 0.0001, 0.13415555555555556), (1, 0.0030666666666666663, 0.05871111111111111), (3, 0.0, 0.03331111111111111), (5, 0.26766666666666666, 0.017555555555555553), (0, 0, 0), (0, 0, 0), (6, 0.21221666666666666, 0.2365888888888889), (3, 0.2122, 0.00935)]","[(32210, 67.1, 10.107827777777777), (32212, 67.1, 10.11), (32212, 67.1, 10.11), (32210, 67.1, 10.11), (32209, 67.1, 10.092255555555555), (32212, 67.1, 10.11), (32209, 67.09989999999999, 9.933366666666666), (32210, 67.1, 10.109483333333333), (32209, 51.8999, 6.055844444444444), (32211, 51.89693333333334, 6.131288888888888), (32209, 51.900000000000006, 6.156688888888889), (32207, 51.63233333333334, 6.1724444444444435), (32212, 51.900000000000006, 6.1899999999999995), (32212, 51.900000000000006, 6.1899999999999995), (32206, 51.687783333333336, 5.9534111111111105), (32209, 51.6878, 6.180649999999999)]"
55,"[100.0, 0.0, 100.0, 100.0, 100.0, 0.0, 100.0, 100.0, 100.0, 100.0, 100.0, 100.0, 0.0, 0.0, 100.0, 100.0]","[1, 0, 1, 1, 1, 0, 1, 1, 1, 1, 1, 3, 0, 0, 2, 1]","[4.75, 2.45, 4.75, 4.75, 4.75, 2.45, 4.75, 4.75, 5.05, 5.05, 5.05, 5.05, 2.65, 2.65, 5.05, 5.05]","[2554.490731062876, 0, 1763.7010974382797, 2911.512479720924, 2519.573048831511, 0, 3566.579494397111, 1055.0894324510223, 3949.038231668631, 1429.5838385761401, 2733.1889677692598, 1209.6210658779867, 0, 0, 2664.005749791115, 1254.9939763481898]","[1474.509268937124, 4029, 2265.2989025617203, 1117.4875202790759, 1509.4269511684888, 4029, 462.4205056028891, 2973.9105675489777, 79.96176833136906, 2599.41616142386, 1295.8110322307402, 2819.3789341220136, 4029, 4029, 1364.9942502088852, 2774.00602365181]","[4029, 4029, 4029, 4029, 4029, 4029, 4029, 4029, 4029, 4029, 4029, 4029, 4029, 4029, 4029, 4029]","[4029, 0, 4029, 4029, 4029, 0, 4029, 4029, 4029, 4029, 4029, 4029, 0, 0, 4029, 4029]","[(536.8704, 0.009266666666666668, 0.0106), (0, 0, 0), (39.146666666666654, 0.29753333333333337, 0.0019333333333333331), (0.0, 0.0, 0.0), (343.9326, 0.013333333333333336, 0.0074666666666666675), (0, 0, 0), (1644.1666, 0.15380000000000002, 0.6252666666666667), (461.373, 0.0016666666666666668, 0.0013333333333333333), (1484.7831999999999, 0.21580000000000002, 0.8416666666666666), (110.71433333333331, 0.20726666666666668, 0.17506666666666665), (99.96353333333334, 0.03306666666666667, 0.022733333333333335), (346.7288, 0.1228, 0.10093333333333336), (0, 0, 0), (0, 0, 0), (599.7844, 0.49213333333333326, 0.15953333333333333), (343.93240000000003, 0.0, 0.0)]","[(3758.1296, 1859.9907333333333, 999.9894), (4295, 1860.0, 1000.0), (4255.8533333333335, 1859.7024666666666, 999.9980666666667), (4295.0, 1860.0, 1000.0), (3951.0674, 1859.9866666666667, 999.9925333333333), (4295, 1860.0, 1000.0), (2650.8334, 1859.8462, 999.3747333333333), (3833.627, 1859.9983333333332, 999.9986666666666), (6707.2168, 1799.7842, 1524.1583333333333), (8081.285666666667, 1799.7927333333334, 1524.8249333333333), (8092.0364666666665, 1799.9669333333334, 1524.9772666666668), (7845.2712, 1799.8772, 1524.8990666666666), (8192, 1800.0, 1525.0), (8192, 1800.0, 1525.0), (7592.2155999999995, 1799.5078666666666, 1524.8404666666668), (7848.0676, 1800.0, 1525.0)]","[(2, 0.0, 0.0023777777777777777), (0, 0, 0), (1, 0.003, 0.06097777777777777), (2, 0.0, 0.0), (3, 0.0, 0.017083333333333332), (0, 0, 0), (3, 5e-05, 0.16941111111111112), (2, 0.0, 0.01923888888888889), (3, 0.0001, 0.17663333333333334), (1, 0.0002333333333333333, 0.05122222222222223), (3, 0.0, 0.026605555555555556), (5, 0.2701, 0.015272222222222225), (0, 0, 0), (0, 0, 0), (6, 0.020116666666666668, 0.2900555555555555), (3, 0.020033333333333334, 0.0038777777777777777)]","[(32210, 67.1, 10.107622222222222), (32212, 67.1, 10.11), (32211, 67.097, 10.049022222222222), (32210, 67.1, 10.11), (32209, 67.1, 10.092916666666666), (32212, 67.1, 10.11), (32209, 67.09994999999999, 9.940588888888888), (32210, 67.1, 10.09076111111111), (32209, 51.8999, 6.013366666666666), (32211, 51.89976666666667, 6.1387777777777774), (32209, 51.900000000000006, 6.163394444444444), (32207, 51.629900000000006, 6.174727777777777), (32212, 51.900000000000006, 6.1899999999999995), (32212, 51.900000000000006, 6.1899999999999995), (32206, 51.87988333333334, 5.8999444444444435), (32209, 51.879966666666675, 6.186122222222222)]"
56,"[100.0, 0.0, 100.0, 100.0, 100.0, 0.0, 100.0, 100.0, 100.0, 100.0, 100.0, 100.0, 0.0, 0.0, 100.0, 100.0]","[1, 0, 2, 1, 1, 0, 1, 1, 1, 1, 1, 2, 0, 0, 2, 2]","[4.75, 2.45, 4.75, 4.75, 4.75, 2.45, 4.75, 4.75, 5.05, 5.05, 5.05, 5.05, 2.65, 2.65, 5.05, 5.05]","[2450.6496444343047, 0, 3713.631551798943, 3145.2348118086134, 0, 0, 4726.09725342664, 0, 3566.579494397111, 1845.861124904825, 2831.7809545825808, 1146.1821452605332, 0, 0, 3083.21794104727, 3507.2570124184226]","[1578.3503555656953, 4029, 315.36844820105716, 883.7651881913866, 4029, 4029, -697.0972534266402, 4029, 462.4205056028891, 2183.138875095175, 1197.2190454174192, 2882.817854739467, 4029, 4029, 945.78205895273, 521.7429875815774]","[4029, 4029, 4029, 4029, 4029, 4029, 4029, 4029, 4029, 4029, 4029, 4029, 4029, 4029, 4029, 4029]","[4029, 0, 4029, 4029, 4029, 0, 4029, 4029, 4029, 4029, 4029, 4029, 0, 0, 4029, 4029]","[(738.197, 0.009333333333333334, 0.0108), (0, 0, 0), (401.2543333333333, 0.23306666666666664, 0.0144), (0.0, 0.0, 0.0), (478.1502, 0.012199999999999999, 0.007066666666666666), (0, 0, 0), (1434.4516, 0.22206666666666663, 0.8742666666666667), (450.1881333333334, 0.0015333333333333334, 0.0012), (1644.1666, 0.15380000000000002, 0.6252666666666667), (109.4118, 0.21166666666666664, 0.17653333333333332), (103.459, 0.03553333333333333, 0.025), (293.601, 0.006333333333333334, 0.0014), (0, 0, 0), (0, 0, 0), (532.6754, 0.6, 0.19540000000000002), (1279.2613333333334, 0.10640000000000001, 0.744)]","[(3556.803, 1859.9906666666666, 999.9892), (4295, 1860.0, 1000.0), (3893.7456666666667, 1859.7669333333333, 999.9856), (4295.0, 1860.0, 1000.0), (3816.8498, 1859.9878, 999.9929333333333), (4295, 1860.0, 1000.0), (2860.5483999999997, 1859.7779333333333, 999.1257333333333), (3844.8118666666664, 1859.9984666666667, 999.9988), (6547.8333999999995, 1799.8462, 1524.3747333333333), (8082.5882, 1799.7883333333334, 1524.8234666666667), (8088.541, 1799.9644666666666, 1524.975), (7898.399, 1799.9936666666667, 1524.9986), (8192, 1800.0, 1525.0), (8192, 1800.0, 1525.0), (7659.3246, 1799.4, 1524.8046), (6912.738666666666, 1799.8936, 1524.256)]","[(2, 0.0, 0.0023666666666666667), (0, 0, 0), (4, 0.0002833333333333333, 0.10994999999999999), (2, 0.0, 0.0), (3, 0.0009, 0.02215), (0, 0, 0), (3, 0.0001, 0.21292777777777777), (2, 0.0, 0.0005), (3, 5e-05, 0.16941111111111112), (1, 0.00011666666666666667, 0.05212222222222222), (3, 0.0001, 0.02427222222222222), (3, 0.27021666666666666, 0.013966666666666667), (0, 0, 0), (0, 0, 0), (6, 0.0082, 0.37675555555555557), (6, 0.008033333333333333, 0.028433333333333335)]","[(32210, 67.1, 10.107633333333332), (32212, 67.1, 10.11), (32208, 67.09971666666667, 10.00005), (32210, 67.1, 10.11), (32209, 67.09909999999999, 10.08785), (32212, 67.1, 10.11), (32209, 67.09989999999999, 9.897072222222222), (32210, 67.1, 10.109499999999999), (32209, 51.899950000000004, 6.020588888888889), (32211, 51.89988333333334, 6.137877777777777), (32209, 51.8999, 6.165727777777778), (32209, 51.629783333333336, 6.176033333333333), (32212, 51.900000000000006, 6.1899999999999995), (32212, 51.900000000000006, 6.1899999999999995), (32206, 51.8918, 5.813244444444444), (32206, 51.891966666666676, 6.161566666666666)]"
57,"[100.0, 0.0, 100.0, 100.0, 0.0, 0.0, 100.0, 0.0, 100.0, 100.0, 100.0, 100.0, 100.0, 0.0, 100.0, 100.0]","[1, 0, 2, 1, 0, 0, 1, 0, 1, 1, 1, 2, 1, 0, 2, 2]","[4.75, 2.45, 4.75, 4.75, 2.45, 2.45, 4.75, 2.45, 5.05, 5.05, 5.05, 5.05, 5.05, 2.65, 5.05, 5.05]","[2453.616532623692, 0, 4072.396840798968, 2988.3069602640226, 0, 0, 3065.7406717796443, 0, 4726.09725342664, 1812.9971286157179, 2809.8716241796205, 1222.9766281132402, 744.572766635591, 0, 3434.9356923958553, 2536.7741490707776]","[1575.383467376308, 4029, -43.39684079896779, 1040.6930397359774, 4029, 4029, 963.2593282203557, 4029, -697.0972534266402, 2216.002871384282, 1219.1283758203795, 2806.02337188676, 3284.427233364409, 4029, 594.0643076041447, 1492.2258509292224]","[4029, 4029, 4029, 4029, 4029, 4029, 4029, 4029, 4029, 4029, 4029, 4029, 4029, 4029, 4029, 4029]","[4029, 0, 4029, 4029, 0, 0, 4029, 0, 4029, 4029, 4029, 4029, 4029, 0, 4029, 4029]","[(352.32120000000003, 0.0094, 0.010866666666666667), (0, 0, 0), (468.3634666666667, 0.22893333333333332, 0.0078), (0.0, 0.0, 0.0), (0, 0, 0), (0, 0, 0), (1392.5086000000001, 0.1512, 0.6417333333333333), (0, 0, 0), (1434.4516, 0.22206666666666663, 0.8742666666666667), (108.76053333333334, 0.20446666666666666, 0.17406666666666665), (96.46846666666666, 0.0338, 0.023066666666666666), (371.8946, 0.07686666666666667, 0.0029333333333333334), (142.60586666666666, 0.0007333333333333332, 0.0006), (0, 0, 0), (532.6758, 0.7276, 0.23566666666666664), (1128.2668666666668, 0.081, 0.3894666666666666)]","[(3942.6788, 1859.9906, 999.9891333333334), (4295, 1860.0, 1000.0), (3826.6365333333333, 1859.7710666666667, 999.9922), (4295.0, 1860.0, 1000.0), (4295, 1860.0, 1000.0), (4295, 1860.0, 1000.0), (2902.4914, 1859.8488, 999.3582666666666), (4295, 1860.0, 1000.0), (6757.5484, 1799.7779333333333, 1524.1257333333333), (8083.239466666667, 1799.7955333333334, 1524.8259333333333), (8095.531533333334, 1799.9662, 1524.9769333333334), (7820.1054, 1799.9231333333332, 1524.9970666666666), (8049.394133333333, 1799.9992666666667, 1524.9994), (8192, 1800.0, 1525.0), (7659.3242, 1799.2724, 1524.7643333333333), (7063.733133333333, 1799.919, 1524.6105333333333)]","[(2, 0.0, 0.002344444444444444), (0, 0, 0), (4, 1.666666666666667e-05, 0.0716), (2, 0.0, 0.0), (0, 0, 0), (0, 0, 0), (3, 6.666666666666667e-05, 0.11822222222222224), (0, 0, 0), (3, 0.0001, 0.21292777777777777), (1, 0.0, 0.05014999999999999), (3, 0.0001833333333333333, 0.029927777777777772), (3, 0.24863333333333332, 0.04792222222222223), (1, 0.0, 0.02883888888888889), (0, 0, 0), (6, 0.008133333333333334, 0.5225222222222222), (6, 0.007916666666666667, 0.026755555555555557)]","[(32210, 67.1, 10.107655555555555), (32212, 67.1, 10.11), (32208, 67.09998333333333, 10.0384), (32210, 67.1, 10.11), (32212, 67.1, 10.11), (32212, 67.1, 10.11), (32209, 67.09993333333333, 9.991777777777777), (32212, 67.1, 10.11), (32209, 51.8999, 5.977072222222222), (32211, 51.900000000000006, 6.139849999999999), (32209, 51.89981666666667, 6.1600722222222215), (32209, 51.651366666666675, 6.142077777777777), (32211, 51.900000000000006, 6.16116111111111), (32212, 51.900000000000006, 6.1899999999999995), (32206, 51.89186666666667, 5.667477777777777), (32206, 51.89208333333334, 6.163244444444444)]"
58,"[100.0, 0.0, 100.0, 100.0, 0.0, 0.0, 100.0, 0.0, 100.0, 100.0, 100.0, 100.0, 100.0, 0.0, 100.0, 100.0]","[1, 0, 2, 1, 0, 0, 1, 0, 1, 1, 1, 2, 1, 0, 2, 2]","[4.75, 2.45, 4.75, 4.75, 2.45, 2.45, 4.75, 2.45, 5.05, 5.05, 5.05, 5.05, 5.05, 2.65, 5.05, 5.05]","[2495.1529672751212, 0, 4014.884848377087, 3008.340303014396, 0, 0, 5157.122179558036, 0, 3065.7406717796443, 1886.9411202662081, 2809.8716241796205, 1233.365301200572, 554.2559608139378, 0, 2570.8888185814603, 2140.171942770651]","[1533.8470327248788, 4029, 14.11515162291289, 1020.6596969856041, 4029, 4029, -1128.122179558036, 4029, 963.2593282203557, 2142.058879733792, 1219.1283758203795, 2795.634698799428, 3474.7440391860623, 4029, 1458.1111814185397, 1888.8280572293488]","[4029, 4029, 4029, 4029, 4029, 4029, 4029, 4029, 4029, 4029, 4029, 4029, 4029, 4029, 4029, 4029]","[4029, 0, 4029, 4029, 0, 0, 4029, 0, 4029, 4029, 4029, 4029, 4029, 0, 4029, 4029]","[(218.1036, 0.009333333333333334, 0.010666666666666666), (0, 0, 0), (445.99353333333335, 0.21933333333333332, 0.006333333333333334), (0.0, 0.0, 0.0), (0, 0, 0), (0, 0, 0), (1632.9818, 0.3732, 0.7381333333333333), (0, 0, 0), (1392.5086000000001, 0.1512, 0.6417333333333333), (115.2732, 0.21046666666666666, 0.17566666666666664), (111.1486, 0.03306666666666667, 0.022600000000000002), (164.9758, 0.0068000000000000005, 0.0015333333333333332), (98.56566666666669, 0.0007333333333333332, 0.0002666666666666667), (0, 0, 0), (557.8414, 0.40273333333333333, 0.13053333333333333), (926.9401333333333, 0.08693333333333333, 0.30760000000000004)]","[(4076.8964, 1859.9906666666666, 999.9893333333333), (4295, 1860.0, 1000.0), (3849.0064666666667, 1859.7806666666668, 999.9936666666666), (4295.0, 1860.0, 1000.0), (4295, 1860.0, 1000.0), (4295, 1860.0, 1000.0), (2662.0182, 1859.6268, 999.2618666666667), (4295, 1860.0, 1000.0), (6799.4914, 1799.8488, 1524.3582666666666), (8076.7268, 1799.7895333333333, 1524.8243333333332), (8080.8514, 1799.9669333333334, 1524.9774), (8027.0242, 1799.9932, 1524.9984666666667), (8093.434333333334, 1799.9992666666667, 1524.9997333333333), (8192, 1800.0, 1525.0), (7634.1586, 1799.5972666666667, 1524.8694666666668), (7265.0598666666665, 1799.9130666666667, 1524.6924)]","[(2, 0.0, 0.002655555555555556), (0, 0, 0), (4, 1.666666666666667e-05, 0.07361666666666666), (2, 0.0, 0.0), (0, 0, 0), (0, 0, 0), (3, 0.09808333333333331, 0.2580777777777778), (0, 0, 0), (3, 6.666666666666667e-05, 0.11822222222222224), (1, 0.0, 0.05059444444444444), (3, 0.0, 0.026805555555555558), (3, 0.2376, 0.014761111111111107), (1, 0.0, 0.0016666666666666668), (0, 0, 0), (6, 0.007899999999999999, 0.20518333333333327), (6, 0.00785, 0.0166)]","[(32210, 67.1, 10.107344444444443), (32212, 67.1, 10.11), (32208, 67.09998333333333, 10.036383333333333), (32210, 67.1, 10.11), (32212, 67.1, 10.11), (32212, 67.1, 10.11), (32209, 67.00191666666666, 9.851922222222221), (32212, 67.1, 10.11), (32209, 51.89993333333334, 6.071777777777777), (32211, 51.900000000000006, 6.139405555555555), (32209, 51.900000000000006, 6.163194444444444), (32209, 51.662400000000005, 6.175238888888888), (32211, 51.900000000000006, 6.188333333333333), (32212, 51.900000000000006, 6.1899999999999995), (32206, 51.892100000000006, 5.984816666666666), (32206, 51.89215000000001, 6.173399999999999)]"
59,"[100.0, 0.0, 100.0, 100.0, 0.0, 0.0, 100.0, 0.0, 100.0, 100.0, 100.0, 100.0, 100.0, 0.0, 100.0, 100.0]","[1, 0, 2, 1, 0, 0, 1, 0, 1, 1, 1, 2, 1, 0, 2, 2]","[4.75, 2.45, 4.75, 4.75, 2.45, 2.45, 4.75, 2.45, 5.05, 5.05, 5.05, 5.05, 5.05, 2.65, 5.05, 5.05]","[2423.947650729814, 0, 4233.978155887076, 3068.4403312655163, 0, 0, 6377.347674662409, 0, 5157.122179558036, 1906.1117847681867, 0, 1207.0261781409579, 597.6615481065954, 0, 2651.031313753347, 2327.158931004512]","[1605.052349270186, 4029, -204.97815588707635, 960.5596687344837, 4029, 4029, -2348.347674662409, 4029, -1128.122179558036, 2122.8882152318133, 4029, 2821.973821859042, 3431.3384518934045, 4029, 1377.9686862466529, 1701.841068995488]","[4029, 4029, 4029, 4029, 4029, 4029, 4029, 4029, 4029, 4029, 4029, 4029, 4029, 4029, 4029, 4029]","[4029, 0, 4029, 4029, 0, 0, 4029, 0, 4029, 4029, 4029, 4029, 4029, 0, 4029, 4029]","[(134.2176, 0.009266666666666668, 0.010666666666666666), (0, 0, 0), (496.32526666666666, 0.22873333333333334, 0.0063999999999999994), (0.0, 0.0, 0.0), (0, 0, 0), (0, 0, 0), (1756.0146000000002, 0.15113333333333331, 0.6404), (0, 0, 0), (1632.9818, 0.3732, 0.7381333333333333), (97.689, 0.24573333333333333, 0.20893333333333336), (104.15793333333333, 0.032733333333333337, 0.0224), (159.3834, 0.006866666666666667, 0.0018666666666666666), (121.6344, 0.0005333333333333334, 0.0002), (0, 0, 0), (542.4624, 0.46873333333333334, 0.15180000000000002), (970.2814666666668, 0.07759999999999999, 0.331)]","[(4160.7824, 1859.9907333333333, 999.9893333333333), (4295, 1860.0, 1000.0), (3798.6747333333333, 1859.7712666666666, 999.9936), (4295.0, 1860.0, 1000.0), (4295, 1860.0, 1000.0), (4295, 1860.0, 1000.0), (2538.9853999999996, 1859.8488666666667, 999.3596), (4295, 1860.0, 1000.0), (6559.0182, 1799.6268, 1524.2618666666667), (8094.311, 1799.7542666666666, 1524.7910666666667), (8087.842066666667, 1799.9672666666668, 1524.9776), (8032.6166, 1799.9931333333334, 1524.9981333333333), (8070.3656, 1799.9994666666666, 1524.9998), (8192, 1800.0, 1525.0), (7649.5376, 1799.5312666666666, 1524.8482), (7221.718533333333, 1799.9224, 1524.669)]","[(2, 0.0, 0.0023833333333333337), (0, 0, 0), (4, 0.00013333333333333334, 0.0693111111111111), (2, 0.0, 0.0), (0, 0, 0), (0, 0, 0), (3, 0.07565000000000001, 0.43214444444444444), (0, 0, 0), (3, 0.09808333333333331, 0.2580777777777778), (1, 0.0, 0.05149444444444444), (3, 0.0, 0.026166666666666668), (3, 0.27031666666666665, 0.014188888888888888), (1, 0.0, 0.0015388888888888887), (0, 0, 0), (6, 0.00785, 0.2801055555555556), (6, 0.05156666666666666, 0.03566666666666667)]","[(32210, 67.1, 10.107616666666667), (32212, 67.1, 10.11), (32208, 67.09986666666666, 10.040688888888889), (32210, 67.1, 10.11), (32212, 67.1, 10.11), (32212, 67.1, 10.11), (32209, 67.02435, 9.677855555555555), (32212, 67.1, 10.11), (32209, 51.80191666666667, 5.931922222222222), (32211, 51.900000000000006, 6.138505555555555), (32209, 51.900000000000006, 6.163833333333333), (32209, 51.62968333333334, 6.175811111111111), (32211, 51.900000000000006, 6.188461111111111), (32212, 51.900000000000006, 6.1899999999999995), (32206, 51.89215000000001, 5.9098944444444435), (32206, 51.84843333333334, 6.154333333333333)]"
60,"[100.0, 0.0, 100.0, 100.0, 0.0, 0.0, 100.0, 0.0, 100.0, 100.0, 100.0, 100.0, 100.0, 0.0, 100.0, 100.0]","[1, 0, 2, 1, 0, 0, 1, 0, 1, 1, 1, 2, 1, 0, 2, 2]","[4.75, 2.45, 4.75, 4.75, 2.45, 2.45, 4.75, 2.45, 5.05, 5.05, 5.05, 5.05, 5.05, 2.65, 5.05, 5.05]","[0, 0, 4140.863497794718, 3021.6958648479776, 0, 0, 4197.939949575493, 0, 6377.347674662409, 1908.8504511256126, 3121.8625785998443, 1206.2821753191731, 0, 0, 3291.717155969479, 2380.200052367294]","[4029, 4029, -111.86349779471766, 1007.3041351520224, 4029, 4029, -168.9399495754933, 4029, -2348.347674662409, 2120.1495488743876, 907.1374214001557, 2822.717824680827, 4029, 4029, 737.2828440305211, 1648.7999476327059]","[4029, 4029, 4029, 4029, 4029, 4029, 4029, 4029, 4029, 4029, 4029, 4029, 4029, 4029, 4029, 4029]","[4029, 0, 4029, 4029, 0, 0, 4029, 0, 4029, 4029, 4029, 4029, 4029, 0, 4029, 4029]","[(33.5544, 0.009333333333333334, 0.010466666666666668), (0, 0, 0), (369.0980666666667, 0.264, 0.0068), (0.0, 0.0, 0.0), (0, 0, 0), (0, 0, 0), (1834.3084, 0.274, 0.7126), (0, 0, 0), (1756.0146000000002, 0.15113333333333331, 0.6404), (125.0422, 0.247, 0.19506666666666664), (0.0, 0.0, 0.0), (173.3644, 0.006866666666666667, 0.0016666666666666668), (125.82866666666669, 0.0007333333333333332, 0.0002666666666666667), (0, 0, 0), (494.927, 0.6914, 0.224), (1121.2764000000002, 0.08673333333333332, 0.3268666666666667)]","[(4261.4456, 1859.9906666666666, 999.9895333333334), (4295, 1860.0, 1000.0), (3925.9019333333335, 1859.736, 999.9932), (4295.0, 1860.0, 1000.0), (4295, 1860.0, 1000.0), (4295, 1860.0, 1000.0), (2460.6916, 1859.726, 999.2874), (4295, 1860.0, 1000.0), (6435.9854, 1799.8488666666667, 1524.3596), (8066.9578, 1799.753, 1524.8049333333333), (8192.0, 1800.0, 1525.0), (8018.6356, 1799.9931333333334, 1524.9983333333332), (8066.171333333334, 1799.9992666666667, 1524.9997333333333), (8192, 1800.0, 1525.0), (7697.073, 1799.3086, 1524.776), (7070.723599999999, 1799.9132666666667, 1524.6731333333332)]","[(2, 0.0, 0.0022833333333333334), (0, 0, 0), (4, 0.0, 0.07647777777777778), (2, 0.0, 0.0), (0, 0, 0), (0, 0, 0), (3, 5e-05, 0.20435555555555557), (0, 0, 0), (3, 0.07565000000000001, 0.43214444444444444), (1, 3.3333333333333335e-05, 0.05121666666666667), (2, 0.0, 0.0), (3, 0.2694166666666667, 0.014377777777777778), (1, 0.0, 0.00165), (0, 0, 0), (6, 0.006983333333333334, 0.4952944444444443), (6, 0.00675, 0.016244444444444443)]","[(32210, 67.1, 10.107716666666667), (32212, 67.1, 10.11), (32208, 67.1, 10.033522222222222), (32210, 67.1, 10.11), (32212, 67.1, 10.11), (32212, 67.1, 10.11), (32209, 67.09994999999999, 9.905644444444444), (32212, 67.1, 10.11), (32209, 51.82435, 5.757855555555555), (32211, 51.89996666666667, 6.138783333333333), (32210, 51.900000000000006, 6.1899999999999995), (32209, 51.63058333333334, 6.175622222222222), (32211, 51.900000000000006, 6.18835), (32212, 51.900000000000006, 6.1899999999999995), (32206, 51.893016666666675, 5.694705555555555), (32206, 51.89325000000001, 6.173755555555555)]"
61,"[0.0, 0.0, 100.0, 100.0, 0.0, 0.0, 100.0, 100.0, 100.0, 100.0, 100.0, 100.0, 0.0, 0.0, 100.0, 99.97517994539588]","[0, 0, 2, 1, 0, 0, 1, 1, 1, 1, 1, 3, 0, 0, 2, 2]","[2.45, 2.45, 4.75, 4.75, 2.45, 2.45, 4.75, 4.75, 5.05, 5.05, 5.05, 5.05, 2.65, 2.65, 5.05, 5.048237776123107]","[0, 0, 4283.274148552013, 2894.8180274289466, 0, 0, 7242.4329137289415, 517.5280212281833, 4197.939949575493, 1714.4051397483977, 3065.1014408071205, 2170.849525522615, 0, 0, 3089.8774736232717, 2365.3382362937455]","[4029, 4029, -254.27414855201278, 1134.1819725710534, 4029, 4029, -3213.4329137289415, 3511.471978771817, -168.9399495754933, 2314.5948602516023, 963.8985591928795, 1858.1504744773852, 4029, 4029, 939.1225263767283, 1663.6617637062545]","[4029, 4029, 4029, 4029, 4029, 4029, 4029, 4029, 4029, 4029, 4029, 4029, 4029, 4029, 4029, 4029]","[0, 0, 4029, 4029, 0, 0, 4029, 4029, 4029, 4029, 4029, 4029, 0, 0, 4029, 4028]","[(0, 0, 0), (0, 0, 0), (413.83746666666667, 0.26520000000000005, 0.006733333333333333), (0.0, 0.0, 0.0), (0, 0, 0), (0, 0, 0), (1937.767933333333, 0.2582, 0.7142000000000001), (58.7202, 0.004733333333333333, 0.00013333333333333334), (1834.3084, 0.274, 0.7126), (93.78139999999999, 0.23493333333333336, 0.19066666666666662), (0.0, 0.0, 0.0), (260.91999999999996, 0.028, 0.023466666666666667), (0, 0, 0), (0, 0, 0), (650.1163333333333, 0.5508, 0.17880000000000001), (1181.3948666666665, 0.07806666666666666, 0.33893333333333336)]","[(4295, 1860.0, 1000.0), (4295, 1860.0, 1000.0), (3881.162533333333, 1859.7348, 999.9932666666666), (4295.0, 1860.0, 1000.0), (4295, 1860.0, 1000.0), (4295, 1860.0, 1000.0), (2357.232066666667, 1859.7418, 999.2858), (4236.2798, 1859.9952666666666, 999.9998666666667), (6357.6916, 1799.726, 1524.2874), (8098.2186, 1799.7650666666666, 1524.8093333333334), (8192.0, 1800.0, 1525.0), (7931.08, 1799.972, 1524.9765333333332), (8192, 1800.0, 1525.0), (8192, 1800.0, 1525.0), (7541.883666666667, 1799.4492, 1524.8212), (7010.6051333333335, 1799.9219333333333, 1524.6610666666666)]","[(0, 0, 0), (0, 0, 0), (4, 0.0, 0.08655555555555557), (2, 0.0, 0.0), (0, 0, 0), (0, 0, 0), (3, 0.17391666666666664, 0.4805555555555557), (2, 0.0, 0.0010944444444444443), (3, 5e-05, 0.20435555555555557), (1, 0.0, 0.049894444444444436), (2, 0.0, 0.0), (4, 0.30073333333333335, 0.07006666666666667), (0, 0, 0), (0, 0, 0), (6, 0.01933333333333333, 0.35953333333333337), (6, 0.0192, 0.024427777777777777)]","[(32212, 67.1, 10.11), (32212, 67.1, 10.11), (32208, 67.1, 10.023444444444443), (32210, 67.1, 10.11), (32212, 67.1, 10.11), (32212, 67.1, 10.11), (32209, 66.92608333333332, 9.629444444444443), (32210, 67.1, 10.108905555555555), (32209, 51.899950000000004, 5.985644444444444), (32211, 51.900000000000006, 6.1401055555555555), (32210, 51.900000000000006, 6.1899999999999995), (32208, 51.59926666666667, 6.119933333333333), (32212, 51.900000000000006, 6.1899999999999995), (32212, 51.900000000000006, 6.1899999999999995), (32206, 51.88066666666667, 5.830466666666666), (32206, 51.88080000000001, 6.165572222222222)]"
62,"[0.0, 0.0, 100.0, 100.0, 0.0, 0.0, 100.0, 100.0, 100.0, 100.0, 100.0, 100.0, 0.0, 0.0, 100.0, 100.0]","[0, 0, 2, 1, 0, 0, 1, 1, 1, 1, 1, 3, 0, 0, 2, 2]","[2.45, 2.45, 4.75, 4.75, 2.45, 2.45, 4.75, 4.75, 5.05, 5.05, 5.05, 5.05, 2.65, 2.65, 5.05, 5.05]","[0, 0, 4184.682159171193, 3151.912592725404, 0, 0, 3861.0120143601066, 510.85024030910995, 7242.4329137289415, 1851.3384576196752, 2911.512479720924, 754.589249271, 0, 0, 2561.9790279121416, 2655.467950328873]","[4029, 4029, -155.68215917119323, 877.087407274596, 4029, 4029, 167.9879856398934, 3518.1497596908903, -3213.4329137289415, 2177.661542380325, 1117.4875202790759, 3274.410750729, 4029, 4029, 1467.0209720878584, 1373.532049671127]","[4029, 4029, 4029, 4029, 4029, 4029, 4029, 4029, 4029, 4029, 4029, 4029, 4029, 4029, 4029, 4029]","[0, 0, 4029, 4029, 0, 0, 4029, 4029, 4029, 4029, 4029, 4029, 0, 0, 4029, 4029]","[(0, 0, 0), (0, 0, 0), (392.8658, 0.2542666666666667, 0.009133333333333334), (0.0, 0.0, 0.0), (0, 0, 0), (0, 0, 0), (2088.762666666667, 0.21493333333333337, 0.8076), (50.3316, 0.004666666666666667, 0.00013333333333333334), (1937.767933333333, 0.2582, 0.7142000000000001), (104.85293333333334, 0.21746666666666667, 0.18180000000000002), (0.0, 0.0, 0.0), (292.7268, 0.027666666666666666, 0.016733333333333333), (0, 0, 0), (0, 0, 0), (562.0357333333333, 0.4244, 0.13933333333333334), (1034.5937999999999, 0.08573333333333333, 0.32080000000000003)]","[(4295, 1860.0, 1000.0), (4295, 1860.0, 1000.0), (3902.1342, 1859.7457333333334, 999.9908666666666), (4295.0, 1860.0, 1000.0), (4295, 1860.0, 1000.0), (4295, 1860.0, 1000.0), (2206.237333333333, 1859.7850666666666, 999.1924), (4244.6684, 1859.9953333333333, 999.9998666666667), (6254.232066666667, 1799.7418, 1524.2858), (8087.147066666666, 1799.7825333333333, 1524.8182), (8192.0, 1800.0, 1525.0), (7899.2732, 1799.9723333333334, 1524.9832666666666), (8192, 1800.0, 1525.0), (8192, 1800.0, 1525.0), (7629.964266666667, 1799.5756, 1524.8606666666667), (7157.4062, 1799.9142666666667, 1524.6792)]","[(0, 0, 0), (0, 0, 0), (4, 0.0, 0.07157222222222223), (2, 0.0, 0.0), (0, 0, 0), (0, 0, 0), (3, 6.666666666666667e-05, 0.18205555555555555), (2, 0.0, 0.0010555555555555557), (3, 0.17391666666666664, 0.4805555555555557), (1, 3.3333333333333335e-05, 0.05011111111111111), (2, 0.0, 0.0), (4, 0.27321666666666666, 0.06998333333333334), (0, 0, 0), (0, 0, 0), (6, 0.10528333333333333, 0.20420000000000002), (6, 0.10526666666666666, 0.03)]","[(32212, 67.1, 10.11), (32212, 67.1, 10.11), (32208, 67.1, 10.038427777777777), (32210, 67.1, 10.11), (32212, 67.1, 10.11), (32212, 67.1, 10.11), (32209, 67.09993333333333, 9.927944444444444), (32210, 67.1, 10.108944444444443), (32209, 51.72608333333334, 5.709444444444443), (32211, 51.89996666666667, 6.139888888888889), (32210, 51.900000000000006, 6.1899999999999995), (32208, 51.626783333333336, 6.120016666666666), (32212, 51.900000000000006, 6.1899999999999995), (32212, 51.900000000000006, 6.1899999999999995), (32206, 51.79471666666667, 5.985799999999999), (32206, 51.79473333333334, 6.159999999999999)]"
63,"[0.0, 100.0, 100.0, 100.0, 0.0, 100.0, 100.0, 100.0, 100.0, 100.0, 100.0, 100.0, 0.0, 0.0, 100.0, 100.0]","[0, 1, 2, 1, 0, 1, 1, 1, 1, 1, 1, 2, 0, 0, 2, 2]","[2.45, 4.75, 4.75, 4.75, 2.45, 4.75, 4.75, 4.75, 5.05, 5.05, 5.05, 5.05, 2.65, 2.65, 5.05, 5.05]","[0, 1147.5012037613078, 4135.386166049811, 2938.223603388089, 0, 881.4670876440003, 4753.41573466032, 510.85024030910995, 3861.0120143601066, 0, 3145.2348118086134, 1255.9935152696678, 0, 0, 2201.759984201238, 2335.315594302802]","[4029, 2881.498796238692, -106.38616604981144, 1090.776396611911, 4029, 3147.5329123559995, -724.4157346603197, 3518.1497596908903, 167.9879856398934, 4029, 883.7651881913866, 2773.006484730332, 4029, 4029, 1827.2400157987622, 1693.6844056971981]","[4029, 4029, 4029, 4029, 4029, 4029, 4029, 4029, 4029, 4029, 4029, 4029, 4029, 4029, 4029, 4029]","[0, 4029, 4029, 4029, 0, 4029, 4029, 4029, 4029, 4029, 4029, 4029, 0, 0, 4029, 4029]","[(0, 0, 0), (386.924, 1.3948666666666665, 0.0056), (390.0696, 0.2368, 0.0088), (0.0, 0.0, 0.0), (0, 0, 0), (95.9442, 0.019933333333333334, 0.0208), (1599.4273999999998, 0.17526666666666668, 1.018), (47.5354, 0.004533333333333333, 0.00013333333333333334), (2088.762666666667, 0.21493333333333337, 0.8076), (98.34026666666666, 0.21266666666666662, 0.17426666666666668), (0.0, 0.0, 0.0), (90.177, 0.0248, 0.014066666666666667), (0, 0, 0), (0, 0, 0), (574.6188, 0.31493333333333334, 0.10186666666666666), (1147.8401333333334, 0.08106666666666666, 0.391)]","[(4295, 1860.0, 1000.0), (3908.076, 1858.6051333333332, 999.9944), (3904.9304, 1859.7632, 999.9912), (4295.0, 1860.0, 1000.0), (4295, 1860.0, 1000.0), (4199.0558, 1859.9800666666667, 999.9792), (2695.5726000000004, 1859.8247333333334, 998.982), (4247.4646, 1859.9954666666667, 999.9998666666667), (6103.237333333333, 1799.7850666666666, 1524.1924), (8093.659733333333, 1799.7873333333334, 1524.8257333333333), (8192.0, 1800.0, 1525.0), (8101.823, 1799.9752, 1524.9859333333334), (8192, 1800.0, 1525.0), (8192, 1800.0, 1525.0), (7617.3812, 1799.6850666666667, 1524.8981333333334), (7044.159866666667, 1799.9189333333334, 1524.609)]","[(0, 0, 0), (1, 0.0, 0.009683333333333334), (4, 5e-05, 0.07111111111111111), (2, 0.0, 0.0), (0, 0, 0), (1, 0.0012, 0.05558333333333333), (3, 0.0005166666666666667, 0.18142777777777777), (2, 0.0, 0.0011222222222222222), (3, 6.666666666666667e-05, 0.18205555555555555), (1, 0.00011666666666666667, 0.04876111111111111), (2, 0.0, 0.0), (3, 3.3333333333333335e-05, 0.056388888888888884), (0, 0, 0), (0, 0, 0), (6, 0.006966666666666668, 0.1327222222222222), (6, 0.006966666666666668, 0.034244444444444445)]","[(32212, 67.1, 10.11), (32211, 67.1, 10.100316666666666), (32208, 67.09994999999999, 10.038888888888888), (32210, 67.1, 10.11), (32212, 67.1, 10.11), (32211, 67.0988, 10.054416666666667), (32209, 67.09948333333332, 9.928572222222222), (32210, 67.1, 10.108877777777778), (32209, 51.89993333333334, 6.007944444444444), (32211, 51.89988333333334, 6.141238888888888), (32210, 51.900000000000006, 6.1899999999999995), (32209, 51.89996666666667, 6.133611111111111), (32212, 51.900000000000006, 6.1899999999999995), (32212, 51.900000000000006, 6.1899999999999995), (32206, 51.89303333333334, 6.057277777777777), (32206, 51.89303333333334, 6.155755555555555)]"
64,"[0.0, 100.0, 100.0, 100.0, 0.0, 100.0, 100.0, 100.0, 100.0, 100.0, 100.0, 100.0, 0.0, 0.0, 100.0, 100.0]","[0, 1, 2, 1, 0, 1, 1, 1, 1, 1, 1, 2, 0, 0, 2, 2]","[2.45, 4.75, 4.75, 4.75, 2.45, 4.75, 4.75, 4.75, 5.05, 5.05, 5.05, 5.05, 2.65, 2.65, 5.05, 5.05]","[0, 925.6692288098378, 3976.543518973741, 2958.2569461384624, 0, 754.589249271, 5117.662151109386, 0, 4753.41573466032, 1876.4565081617916, 2988.3069602640226, 1239.6710641877467, 0, 0, 2264.8269012853316, 2174.6768519045118]","[4029, 3103.330771190162, 52.4564810262591, 1070.7430538615376, 4029, 3274.410750729, -1088.6621511093863, 4029, -724.4157346603197, 2152.5434918382084, 1040.6930397359774, 2789.3289358122533, 4029, 4029, 1764.1730987146684, 1854.3231480954882]","[4029, 4029, 4029, 4029, 4029, 4029, 4029, 4029, 4029, 4029, 4029, 4029, 4029, 4029, 4029, 4029]","[0, 4029, 4029, 4029, 0, 4029, 4029, 4029, 4029, 4029, 4029, 4029, 0, 0, 4029, 4029]","[(0, 0, 0), (349.1754, 0.6480666666666667, 0.003466666666666667), (536.87, 0.2313333333333333, 0.008266666666666667), (0.0, 0.0, 0.0), (0, 0, 0), (96.9928, 0.020133333333333333, 0.014066666666666665), (1652.5552, 0.23406666666666665, 1.0530666666666666), (55.924, 0.004733333333333333, 6.666666666666668e-05), (1599.4273999999998, 0.17526666666666668, 1.018), (258.64820000000003, 0.019533333333333337, 0.0016), (0.0, 0.0, 0.0), (238.7252, 0.023066666666666666, 0.014199999999999999), (0, 0, 0), (0, 0, 0), (500.5193333333334, 0.3725333333333334, 0.1176), (1150.6362, 0.0888, 0.33713333333333334)]","[(4295, 1860.0, 1000.0), (3945.8246, 1859.3519333333334, 999.9965333333333), (3758.13, 1859.7686666666666, 999.9917333333333), (4295.0, 1860.0, 1000.0), (4295, 1860.0, 1000.0), (4198.0072, 1859.9798666666666, 999.9859333333334), (2642.4448, 1859.7659333333334, 998.9469333333333), (4239.076, 1859.9952666666666, 999.9999333333334), (6592.5726, 1799.8247333333334, 1523.982), (7933.3518, 1799.9804666666666, 1524.9984), (8192.0, 1800.0, 1525.0), (7953.2748, 1799.9769333333334, 1524.9858), (8192, 1800.0, 1525.0), (8192, 1800.0, 1525.0), (7691.480666666666, 1799.6274666666666, 1524.8824), (7041.3638, 1799.9112, 1524.6628666666666)]","[(0, 0, 0), (1, 0.0, 0.00023333333333333333), (4, 0.0009166666666666666, 0.07524444444444445), (2, 0.0, 0.0), (0, 0, 0), (1, 0.0, 0.054338888888888895), (3, 6.666666666666667e-05, 0.19762222222222223), (2, 0.0, 0.0010555555555555555), (3, 0.0005166666666666667, 0.18142777777777777), (3, 0.05115, 0.03694444444444444), (2, 0.0, 0.0), (3, 0.0, 0.056966666666666665), (0, 0, 0), (0, 0, 0), (6, 0.04361666666666667, 0.21080000000000004), (6, 0.04356666666666667, 0.028866666666666665)]","[(32212, 67.1, 10.11), (32211, 67.1, 10.109766666666665), (32208, 67.09908333333333, 10.034755555555556), (32210, 67.1, 10.11), (32212, 67.1, 10.11), (32211, 67.1, 10.05566111111111), (32209, 67.09993333333333, 9.912377777777778), (32210, 67.1, 10.108944444444443), (32209, 51.899483333333336, 6.008572222222222), (32209, 51.848850000000006, 6.1530555555555555), (32210, 51.900000000000006, 6.1899999999999995), (32209, 51.900000000000006, 6.133033333333333), (32212, 51.900000000000006, 6.1899999999999995), (32212, 51.900000000000006, 6.1899999999999995), (32206, 51.85638333333334, 5.9792), (32206, 51.85643333333334, 6.161133333333333)]"
65,"[0.0, 100.0, 100.0, 100.0, 0.0, 100.0, 100.0, 0.0, 100.0, 100.0, 100.0, 100.0, 100.0, 0.0, 100.0, 100.0]","[0, 1, 2, 1, 0, 1, 1, 0, 1, 1, 1, 2, 1, 0, 2, 2]","[2.45, 4.75, 4.75, 4.75, 2.45, 4.75, 4.75, 2.45, 5.05, 5.05, 5.05, 5.05, 5.05, 2.65, 5.05, 5.05]","[0, 1237.8771935563511, 4047.7488425551373, 3018.356974389583, 0, 754.589249271, 0, 0, 5117.662151109386, 1328.8784523992754, 3008.340303014396, 1303.1099833742467, 2180.662757134983, 0, 3549.2405572744774, 2316.7428861956455]","[4029, 2791.122806443649, -18.748842555137344, 1010.6430256104172, 4029, 3274.410750729, 4029, 4029, -1088.6621511093863, 2700.1215476007246, 1020.6596969856041, 2725.8900166257536, 1848.3372428650168, 4029, 479.7594427255226, 1712.2571138043545]","[4029, 4029, 4029, 4029, 4029, 4029, 4029, 4029, 4029, 4029, 4029, 4029, 4029, 4029, 4029, 4029]","[0, 4029, 4029, 4029, 0, 4029, 4029, 0, 4029, 4029, 4029, 4029, 4029, 0, 4029, 4029]","[(0, 0, 0), (320.86379999999997, 0.6452, 0.0048), (507.5102, 0.2323333333333333, 0.008066666666666666), (0.0, 0.0, 0.0), (0, 0, 0), (90.177, 0.02, 0.014), (1744.8298, 0.16613333333333333, 0.7657333333333333), (0, 0, 0), (1652.5552, 0.23406666666666665, 1.0530666666666666), (328.5534, 0.0005333333333333334, 0.0006), (0.0, 0.0, 0.0), (160.95600000000002, 0.03646666666666667, 0.0146), (473.9556, 4.806, 0.02386666666666667), (0, 0, 0), (633.3388, 0.5733333333333334, 0.17), (1042.9823333333334, 0.07953333333333333, 0.389)]","[(4295, 1860.0, 1000.0), (3974.1362, 1859.3548, 999.9952), (3787.4898, 1859.7676666666666, 999.9919333333333), (4295.0, 1860.0, 1000.0), (4295, 1860.0, 1000.0), (4204.823, 1859.98, 999.986), (2550.1702, 1859.8338666666666, 999.2342666666667), (4295, 1860.0, 1000.0), (6539.4448, 1799.7659333333334, 1523.9469333333334), (7863.4466, 1799.9994666666666, 1524.9994), (8192.0, 1800.0, 1525.0), (8031.044, 1799.9635333333333, 1524.9854), (7718.0444, 1795.194, 1524.9761333333333), (8192, 1800.0, 1525.0), (7558.6612000000005, 1799.4266666666667, 1524.83), (7149.017666666667, 1799.9204666666667, 1524.611)]","[(0, 0, 0), (1, 0.0, 0.0002222222222222222), (4, 0.0, 0.07021111111111111), (2, 0.0, 0.0), (0, 0, 0), (1, 3.3333333333333335e-05, 0.05506666666666666), (3, 5e-05, 0.15916666666666668), (0, 0, 0), (3, 6.666666666666667e-05, 0.19762222222222223), (3, 0.06125, 0.025472222222222222), (2, 0.0, 0.0), (3, 0.00011666666666666667, 0.05466111111111111), (1, 0.0, 0.005094444444444444), (0, 0, 0), (6, 0.01835, 0.2934555555555556), (6, 0.016566666666666667, 0.029444444444444443)]","[(32212, 67.1, 10.11), (32211, 67.1, 10.109777777777778), (32208, 67.1, 10.039788888888888), (32210, 67.1, 10.11), (32212, 67.1, 10.11), (32211, 67.09996666666666, 10.054933333333333), (32209, 67.09994999999999, 9.950833333333332), (32212, 67.1, 10.11), (32209, 51.89993333333334, 5.992377777777778), (32209, 51.838750000000005, 6.164527777777777), (32210, 51.900000000000006, 6.1899999999999995), (32209, 51.89988333333334, 6.135338888888889), (32211, 51.900000000000006, 6.184905555555555), (32212, 51.900000000000006, 6.1899999999999995), (32206, 51.88165000000001, 5.896544444444444), (32206, 51.883433333333336, 6.160555555555555)]"
66,"[100.0, 0.0, 100.0, 100.0, 0.0, 100.0, 100.0, 100.0, 100.0, 100.0, 100.0, 100.0, 100.0, 0.0, 100.0, 100.0]","[1, 0, 2, 1, 0, 1, 1, 1, 1, 1, 1, 2, 1, 0, 1, 2]","[4.75, 2.45, 4.75, 4.75, 2.45, 4.75, 4.75, 4.75, 5.05, 5.05, 5.05, 5.05, 5.05, 2.65, 5.05, 5.05]","[1317.298517921692, 0, 4028.578178281381, 3148.573702267009, 0, 741.2336873370001, 2251.868135745323, 1154.1194728238213, 4122.055279481939, 2050.0788185255155, 3068.4403312655163, 498.43737685074666, 1462.6758357381586, 0, 2160.2621265819243, 2574.9169584817755]","[2711.701482078308, 4029, 0.4218217186189577, 880.4262977329909, 4029, 3287.766312663, 1777.131864254677, 2874.8805271761785, -93.05527948193867, 1978.9211814744845, 960.5596687344837, 3530.5626231492533, 2566.3241642618414, 4029, 1868.7378734180757, 1454.0830415182245]","[4029, 4029, 4029, 4029, 4029, 4029, 4029, 4029, 4029, 4029, 4029, 4029, 4029, 4029, 4029, 4029]","[4029, 0, 4029, 4029, 0, 4029, 4029, 4029, 4029, 4029, 4029, 4029, 4029, 0, 4029, 4029]","[(301.98920000000004, 0.6321333333333333, 0.005666666666666668), (0, 0, 0), (448.7898666666667, 0.23373333333333332, 0.007999999999999998), (0.0, 0.0, 0.0), (0, 0, 0), (93.3228, 0.018333333333333333, 0.014133333333333333), (100.6632, 0.009333333333333334, 0.0108), (176.16013333333333, 1.632466666666667, 0.017733333333333334), (1744.8298, 0.16613333333333333, 0.7657333333333333), (298.49406666666664, 0.0016666666666666668, 0.005466666666666667), (0.0, 0.0, 0.0), (199.7534, 0.04766666666666666, 0.0152), (384.4776, 1.923, 0.024933333333333335), (0, 0, 0), (278.22166666666675, 0.49906666666666666, 0.15853333333333333), (988.4569333333334, 0.09033333333333332, 0.3533333333333333)]","[(3993.0108, 1859.3678666666667, 999.9943333333333), (4295, 1860.0, 1000.0), (3846.2101333333335, 1859.7662666666668, 999.992), (4295.0, 1860.0, 1000.0), (4295, 1860.0, 1000.0), (4201.6772, 1859.9816666666666, 999.9858666666667), (4194.3368, 1859.9906666666666, 999.9892), (4118.839866666666, 1858.3675333333333, 999.9822666666666), (6447.1702000000005, 1799.8338666666666, 1524.2342666666666), (7893.505933333334, 1799.9983333333332, 1524.9945333333333), (8192.0, 1800.0, 1525.0), (7992.2466, 1799.9523333333334, 1524.9848), (7807.5224, 1798.077, 1524.9750666666666), (8192, 1800.0, 1525.0), (7913.778333333334, 1799.5009333333333, 1524.8414666666667), (7203.543066666667, 1799.9096666666667, 1524.6466666666668)]","[(1, 0.0, 0.00025), (0, 0, 0), (4, 0.0, 0.07708888888888889), (2, 0.0, 0.0), (0, 0, 0), (1, 0.0, 0.0557), (2, 0.0, 0.002416666666666667), (3, 0.0, 0.0001388888888888889), (3, 5e-05, 0.15916666666666668), (3, 0.0008666666666666667, 0.016138888888888887), (2, 0.0, 0.0), (3, 0.0, 0.05620555555555556), (1, 0.0, 0.005011111111111111), (0, 0, 0), (3, 0.04115, 0.5988777777777777), (6, 0.007016666666666667, 0.025444444444444443)]","[(32211, 67.1, 10.10975), (32212, 67.1, 10.11), (32208, 67.1, 10.03291111111111), (32210, 67.1, 10.11), (32212, 67.1, 10.11), (32211, 67.1, 10.0543), (32210, 67.1, 10.107583333333332), (32209, 67.1, 10.10986111111111), (32209, 51.899950000000004, 6.030833333333333), (32209, 51.89913333333334, 6.173861111111111), (32210, 51.900000000000006, 6.1899999999999995), (32209, 51.900000000000006, 6.133794444444444), (32211, 51.900000000000006, 6.184988888888888), (32212, 51.900000000000006, 6.1899999999999995), (32209, 51.858850000000004, 5.591122222222221), (32206, 51.89298333333334, 6.164555555555555)]"
67,"[100.0, 0.0, 100.0, 100.0, 0.0, 100.0, 100.0, 100.0, 100.0, 100.0, 100.0, 100.0, 100.0, 0.0, 100.0, 100.0]","[1, 0, 2, 1, 0, 1, 1, 1, 2, 1, 1, 1, 1, 0, 1, 2]","[4.75, 2.45, 4.75, 4.75, 2.45, 4.75, 4.75, 4.75, 5.05, 5.05, 5.05, 5.05, 5.05, 2.65, 5.05, 5.05]","[1309.0825188494155, 0, 4283.27414307468, 3425.7016103138403, 0, 0, 2266.7025766922616, 1875.0732823255908, 599.3113997345512, 1896.4898516652977, 3021.6958648479776, 495.47048770282555, 2530.7555535185593, 0, 3262.0959778524575, 2714.7692311101264]","[2719.9174811505845, 4029, -254.27414307468007, 603.2983896861597, 4029, 4029, 1762.2974233077384, 2153.9267176744092, 3429.6886002654487, 2132.5101483347025, 1007.3041351520224, 3533.5295122971743, 1498.2444464814407, 4029, 766.9040221475425, 1314.2307688898736]","[4029, 4029, 4029, 4029, 4029, 4029, 4029, 4029, 4029, 4029, 4029, 4029, 4029, 4029, 4029, 4029]","[4029, 0, 4029, 4029, 0, 4029, 4029, 4029, 4029, 4029, 4029, 4029, 4029, 0, 4029, 4029]","[(333.44653333333326, 0.6355333333333333, 0.0052), (0, 0, 0), (461.37260000000003, 0.3532666666666667, 0.009200000000000002), (0.0, 0.0, 0.0), (0, 0, 0), (93.8472, 0.0318, 0.0146), (150.9948, 0.009333333333333334, 0.010933333333333335), (214.6078, 3.082733333333333, 0.04673333333333334), (1400.8971999999999, 0.2146, 0.7472000000000001), (294.3, 0.001066666666666667, 0.005466666666666667), (0.0, 0.0, 0.0), (0.0, 0.004666666666666667, 6.666666666666668e-05), (419.43, 3.8347333333333333, 0.0464), (0, 0, 0), (392.8656, 0.7547333333333333, 0.24346666666666666), (1124.0725333333335, 0.08206666666666666, 0.43860000000000005)]","[(3961.5534666666667, 1859.3644666666667, 999.9948), (4295, 1860.0, 1000.0), (3833.6274, 1859.6467333333333, 999.9908), (4295.0, 1860.0, 1000.0), (4295, 1860.0, 1000.0), (4201.1528, 1859.9682, 999.9854), (4144.0052, 1859.9906666666666, 999.9890666666666), (4080.3922000000002, 1856.9172666666666, 999.9532666666667), (6791.102800000001, 1799.7854, 1524.2528), (7897.7, 1799.9989333333333, 1524.9945333333333), (8192.0, 1800.0, 1525.0), (8192.0, 1799.9953333333333, 1524.9999333333333), (7772.57, 1796.1652666666666, 1524.9536), (8192, 1800.0, 1525.0), (7799.1344, 1799.2452666666666, 1524.7565333333334), (7067.927466666666, 1799.9179333333334, 1524.5614)]","[(1, 0.0, 0.0002111111111111111), (0, 0, 0), (4, 0.00018333333333333334, 0.09233333333333332), (2, 0.0, 0.0), (0, 0, 0), (1, 0.00011666666666666667, 0.053427777777777775), (2, 0.0, 0.0026888888888888887), (3, 0.0, 0.00015555555555555556), (6, 5e-05, 0.11098333333333334), (3, 0.0002, 0.014294444444444445), (2, 0.0, 0.0), (2, 0.0, 0.0012722222222222221), (1, 0.00031666666666666665, 0.004988888888888889), (0, 0, 0), (3, 0.00026666666666666673, 1.4022944444444445), (6, 0.06570000000000001, 0.029699999999999997)]","[(32211, 67.1, 10.109788888888888), (32212, 67.1, 10.11), (32208, 67.09981666666665, 10.017666666666667), (32210, 67.1, 10.11), (32212, 67.1, 10.11), (32211, 67.09988333333332, 10.056572222222222), (32210, 67.1, 10.10731111111111), (32209, 67.1, 10.109844444444445), (32206, 51.899950000000004, 6.079016666666666), (32209, 51.899800000000006, 6.175705555555555), (32210, 51.900000000000006, 6.1899999999999995), (32210, 51.900000000000006, 6.188727777777777), (32211, 51.899683333333336, 6.185011111111111), (32212, 51.900000000000006, 6.1899999999999995), (32209, 51.89973333333334, 4.787705555555555), (32206, 51.834300000000006, 6.160299999999999)]"
68,"[100.0, 100.0, 100.0, 100.0, 0.0, 0.0, 100.0, 100.0, 100.0, 100.0, 100.0, 100.0, 100.0, 0.0, 100.0, 100.0]","[1, 1, 2, 1, 0, 0, 1, 1, 1, 1, 1, 1, 1, 0, 1, 2]","[4.75, 4.75, 4.75, 4.75, 2.45, 2.45, 4.75, 4.75, 5.05, 5.05, 5.05, 5.05, 5.05, 2.65, 5.05, 5.05]","[1207.75186362467, 1154.1194728238213, 4863.871408338453, 3442.3960626058183, 0, 0, 2248.9012475559352, 1510.1460454172877, 620.0796165570354, 2227.0400194731583, 2894.8180274289466, 0, 1379.6029687996834, 0, 3983.2963168658976, 2960.3682407419606]","[2821.24813637533, 2874.8805271761785, -834.871408338453, 586.6039373941817, 4029, 4029, 1780.0987524440648, 2518.8539545827125, 3408.9203834429645, 1801.9599805268417, 1134.1819725710534, 4029, 2649.3970312003166, 4029, 45.70368313410245, 1068.6317592580394]","[4029, 4029, 4029, 4029, 4029, 4029, 4029, 4029, 4029, 4029, 4029, 4029, 4029, 4029, 4029, 4029]","[4029, 4029, 4029, 4029, 0, 0, 4029, 4029, 4029, 4029, 4029, 4029, 4029, 0, 4029, 4029]","[(333.44653333333326, 0.7292666666666667, 0.004666666666666667), (176.16013333333333, 1.632466666666667, 0.017733333333333334), (392.8658, 0.5737333333333333, 0.014066666666666665), (0.0, 0.0, 0.0), (0, 0, 0), (0, 0, 0), (150.9948, 0.009266666666666668, 0.0106), (434.80906666666664, 2.7484, 0.018466666666666666), (0.0, 0.004666666666666667, 6.666666666666668e-05), (234.18133333333338, 0.0016666666666666668, 0.0016), (0.0, 0.0, 0.0), (0.0, 0.0046, 6.666666666666668e-05), (442.49846666666673, 3.044, 0.055333333333333345), (0, 0, 0), (432.01279999999997, 0.8446, 0.2776), (1358.9533333333334, 0.09873333333333333, 0.6516666666666666)]","[(3961.5534666666667, 1859.2707333333333, 999.9953333333333), (4118.839866666666, 1858.3675333333333, 999.9822666666666), (3902.1342, 1859.4262666666666, 999.9859333333334), (4295.0, 1860.0, 1000.0), (4295, 1860.0, 1000.0), (4295, 1860.0, 1000.0), (4144.0052, 1859.9907333333333, 999.9894), (3860.1909333333333, 1857.2516, 999.9815333333333), (8192.0, 1799.9953333333333, 1524.9999333333333), (7957.818666666667, 1799.9983333333332, 1524.9984), (8192.0, 1800.0, 1525.0), (8192.0, 1799.9954, 1524.9999333333333), (7749.501533333333, 1796.956, 1524.9446666666668), (8192, 1800.0, 1525.0), (7759.9872, 1799.1554, 1524.7224), (6833.046666666667, 1799.9012666666667, 1524.3483333333334)]","[(1, 0.0, 0.00021666666666666668), (3, 0.0, 0.0001388888888888889), (4, 0.00015, 0.13116666666666665), (2, 0.0, 0.0), (0, 0, 0), (0, 0, 0), (2, 0.0, 0.0023555555555555556), (3, 0.0, 0.00023888888888888888), (3, 0.0, 0.001661111111111111), (3, 0.0006666666666666666, 0.02163888888888889), (2, 0.0, 0.0), (2, 0.0, 0.0012166666666666667), (1, 0.0, 0.004972222222222222), (0, 0, 0), (3, 0.0, 1.846088888888889), (6, 0.012783333333333334, 0.031233333333333335)]","[(32211, 67.1, 10.109783333333333), (32209, 67.1, 10.10986111111111), (32208, 67.09984999999999, 9.978833333333332), (32210, 67.1, 10.11), (32212, 67.1, 10.11), (32212, 67.1, 10.11), (32210, 67.1, 10.107644444444444), (32209, 67.1, 10.10976111111111), (32209, 51.900000000000006, 6.188338888888889), (32209, 51.89933333333334, 6.1683611111111105), (32210, 51.900000000000006, 6.1899999999999995), (32210, 51.900000000000006, 6.188783333333332), (32211, 51.900000000000006, 6.185027777777777), (32212, 51.900000000000006, 6.1899999999999995), (32209, 51.900000000000006, 4.343911111111111), (32206, 51.887216666666674, 6.158766666666666)]"
69,"[100.0, 100.0, 100.0, 100.0, 0.0, 100.0, 100.0, 100.0, 100.0, 100.0, 100.0, 0.0, 100.0, 0.0, 100.0, 100.0]","[1, 1, 2, 1, 0, 1, 2, 1, 1, 1, 1, 0, 1, 0, 1, 2]","[4.75, 4.75, 4.75, 4.75, 2.45, 4.75, 4.75, 4.75, 5.05, 5.05, 5.05, 2.65, 5.05, 2.65, 5.05, 5.05]","[0, 1875.0732823255908, 4702.290096559568, 3475.784967189774, 0, 1235.3895160495777, 3177.5371085252027, 1501.2453811024511, 578.5431829120669, 1766.2731188925045, 3151.912592725404, 0, 1530.9142621519063, 0, 3906.5018363228, 5757.959050330919]","[4029, 2153.9267176744092, -673.2900965595682, 553.2150328102261, 4029, 2793.6104839504223, 851.4628914747973, 2527.754618897549, 3450.456817087933, 2262.7268811074955, 877.087407274596, 4029, 2498.0857378480937, 4029, 122.49816367719995, -1728.9590503309191]","[4029, 4029, 4029, 4029, 4029, 4029, 4029, 4029, 4029, 4029, 4029, 4029, 4029, 4029, 4029, 4029]","[4029, 4029, 4029, 4029, 0, 4029, 4029, 4029, 4029, 4029, 4029, 0, 4029, 0, 4029, 4029]","[(415.23546666666675, 0.7115333333333334, 0.006666666666666668), (214.6078, 3.082733333333333, 0.04673333333333334), (472.5576, 0.38620000000000004, 0.020333333333333335), (0.0, 0.0, 0.0), (0, 0, 0), (267.736, 0.28726666666666667, 0.0504), (282.4162, 0.5404666666666667, 0.4482666666666666), (348.1266, 1.8001333333333334, 0.6946), (0.0, 0.004533333333333333, 0.0), (242.57, 0.0003333333333333333, 0.0004), (0.0, 0.0, 0.0), (0, 0, 0), (440.4012, 3.206266666666667, 0.1867333333333333), (0, 0, 0), (339.7382, 0.8196, 0.2693333333333333), (1498.7633333333333, 0.1412, 0.6463333333333334)]","[(3879.764533333333, 1859.2884666666666, 999.9933333333333), (4080.3922000000002, 1856.9172666666666, 999.9532666666667), (3822.4424, 1859.6138, 999.9796666666666), (4295.0, 1860.0, 1000.0), (4295, 1860.0, 1000.0), (4027.264, 1859.7127333333333, 999.9496), (4012.5838, 1859.4595333333334, 999.5517333333333), (3946.8734, 1858.1998666666666, 999.3054), (8192.0, 1799.9954666666667, 1525.0), (7949.43, 1799.9996666666666, 1524.9996), (8192.0, 1800.0, 1525.0), (8192, 1800.0, 1525.0), (7751.5988, 1796.7937333333334, 1524.8132666666668), (8192, 1800.0, 1525.0), (7852.2618, 1799.1804, 1524.7306666666666), (6693.236666666667, 1799.8588, 1524.3536666666666)]","[(1, 0.0, 0.0005666666666666666), (3, 0.0, 0.00015555555555555556), (4, 0.002466666666666667, 0.08067222222222221), (2, 0.0, 0.0), (0, 0, 0), (1, 0.0, 0.0011611111111111112), (3, 0.0, 0.003805555555555555), (3, 0.0, 0.00039999999999999996), (3, 0.0, 0.0012944444444444446), (3, 6.666666666666667e-05, 0.009744444444444444), (2, 0.0, 0.0), (0, 0, 0), (1, 1.666666666666667e-05, 0.0052), (0, 0, 0), (3, 3.3333333333333335e-05, 1.7759777777777779), (6, 0.381, 0.18337222222222224)]","[(32211, 67.1, 10.109433333333333), (32209, 67.1, 10.109844444444445), (32208, 67.09753333333333, 10.029327777777777), (32210, 67.1, 10.11), (32212, 67.1, 10.11), (32211, 67.1, 10.108838888888888), (32209, 67.1, 10.106194444444444), (32209, 67.1, 10.109599999999999), (32209, 51.900000000000006, 6.188705555555555), (32209, 51.89993333333334, 6.180255555555555), (32210, 51.900000000000006, 6.1899999999999995), (32212, 51.900000000000006, 6.1899999999999995), (32211, 51.89998333333334, 6.184799999999999), (32212, 51.900000000000006, 6.1899999999999995), (32209, 51.89996666666667, 4.414022222222222), (32206, 51.519000000000005, 6.006627777777777)]"
70,"[0.0, 100.0, 100.0, 100.0, 0.0, 100.0, 100.0, 100.0, 100.0, 100.0, 100.0, 0.0, 100.0, 0.0, 100.0, 100.0]","[0, 2, 2, 1, 0, 1, 2, 1, 1, 1, 1, 0, 1, 0, 1, 2]","[2.45, 4.75, 4.75, 4.75, 2.45, 4.75, 4.75, 4.75, 5.05, 5.05, 5.05, 2.65, 5.05, 2.65, 5.05, 5.05]","[0, 2874.914908585532, 4390.082135521666, 3732.8795324862313, 0, 1235.3895160495777, 3174.5702198782287, 976.1061865270877, 0, 1993.317678598913, 2938.223603388089, 0, 1483.4440524727775, 0, 4300.490910413475, 2681.129017932762]","[4029, 1154.085091414468, -361.0821355216658, 296.12046751376874, 4029, 2793.6104839504223, 854.4297801217713, 3052.8938134729124, 4029, 2035.682321401087, 1090.776396611911, 4029, 2545.5559475272225, 4029, -271.4909104134749, 1347.870982067238]","[4029, 4029, 4029, 4029, 4029, 4029, 4029, 4029, 4029, 4029, 4029, 4029, 4029, 4029, 4029, 4029]","[0, 4029, 4029, 4029, 0, 4029, 4029, 4029, 4029, 4029, 4029, 0, 4029, 0, 4029, 4029]","[(0, 0, 0), (837.4616666666666, 2.7484, 0.018466666666666666), (487.9368, 0.3139333333333333, 0.013600000000000001), (0.0, 0.0, 0.0), (0, 0, 0), (279.6198, 0.2951333333333333, 0.05206666666666667), (332.7478, 0.5520666666666666, 0.48546666666666666), (230.686, 0.866, 0.3906666666666667), (0.0, 0.004733333333333333, 0.0), (231.3854, 0.0005333333333333334, 0.0008), (0.0, 0.0, 0.0), (0, 0, 0), (478.84913333333344, 2.3301999999999996, 0.8102), (0, 0, 0), (322.9608666666666, 0.8597333333333332, 0.2828), (2805.9884, 0.09346666666666668, 0.3538666666666667)]","[(4295, 1860.0, 1000.0), (3457.5383333333334, 1857.2516, 999.9815333333333), (3807.0632, 1859.6860666666666, 999.9864), (4295.0, 1860.0, 1000.0), (4295, 1860.0, 1000.0), (4015.3802, 1859.7048666666667, 999.9479333333334), (3962.2522, 1859.4479333333334, 999.5145333333334), (4064.314, 1859.134, 999.6093333333333), (8192.0, 1799.9952666666666, 1525.0), (7960.6146, 1799.9994666666666, 1524.9992), (8192.0, 1800.0, 1525.0), (8192, 1800.0, 1525.0), (7713.150866666667, 1797.6698, 1524.1898), (8192, 1800.0, 1525.0), (7869.039133333334, 1799.1402666666668, 1524.7172), (5386.0116, 1799.9065333333333, 1524.6461333333334)]","[(0, 0, 0), (6, 0.1085, 0.0043055555555555555), (4, 0.0001, 0.08022222222222222), (2, 0.0, 0.0), (0, 0, 0), (1, 0.0, 0.0009000000000000001), (3, 0.0, 0.0037833333333333334), (3, 1.666666666666667e-05, 0.0003444444444444445), (3, 0.0, 0.0012333333333333335), (3, 6.666666666666667e-05, 0.011649999999999999), (2, 0.0, 0.0), (0, 0, 0), (1, 0.0, 0.004461111111111111), (0, 0, 0), (3, 0.00455, 1.9583666666666668), (6, 0.0831, 0.18482777777777776)]","[(32212, 67.1, 10.11), (32206, 66.99149999999999, 10.105694444444444), (32208, 67.09989999999999, 10.029777777777777), (32210, 67.1, 10.11), (32212, 67.1, 10.11), (32211, 67.1, 10.1091), (32209, 67.1, 10.106216666666667), (32209, 67.09998333333333, 10.109655555555555), (32209, 51.900000000000006, 6.188766666666666), (32209, 51.89993333333334, 6.178349999999999), (32210, 51.900000000000006, 6.1899999999999995), (32212, 51.900000000000006, 6.1899999999999995), (32211, 51.900000000000006, 6.185538888888888), (32212, 51.900000000000006, 6.1899999999999995), (32209, 51.895450000000004, 4.231633333333333), (32206, 51.816900000000004, 6.005172222222222)]"
71,"[0.0, 100.0, 100.0, 100.0, 0.0, 100.0, 100.0, 100.0, 0.0, 100.0, 100.0, 0.0, 100.0, 0.0, 100.0, 100.0]","[0, 2, 2, 1, 0, 1, 3, 1, 0, 1, 1, 0, 1, 0, 1, 1]","[2.45, 4.75, 4.75, 4.75, 2.45, 4.75, 4.75, 4.75, 2.65, 5.05, 5.05, 2.65, 5.05, 2.65, 5.05, 5.05]","[0, 3192.3720158978845, 4332.570140931673, 3782.9628893621643, 0, 1128.5450173642087, 3759.047207970715, 1465.6427238431045, 0, 1889.8120704974624, 2958.2569461384624, 0, 949.4041935825778, 0, 4420.690966915716, 0]","[4029, 836.6279841021155, -303.57014093167345, 246.03711063783567, 4029, 2900.4549826357916, 269.95279202928486, 2563.3572761568958, 4029, 2139.1879295025374, 1070.7430538615376, 4029, 3079.595806417422, 4029, -391.69096691571576, 4029]","[4029, 4029, 4029, 4029, 4029, 4029, 4029, 4029, 4029, 4029, 4029, 4029, 4029, 4029, 4029, 4029]","[0, 4029, 4029, 4029, 0, 4029, 4029, 4029, 0, 4029, 4029, 0, 4029, 0, 4029, 4029]","[(0, 0, 0), (687.8646, 1.8001333333333334, 0.6946), (406.8466, 0.2944, 0.012133333333333333), (0.0, 0.0, 0.0), (0, 0, 0), (271.93059999999997, 0.26839999999999997, 0.0528), (697.6517333333334, 0.5521333333333333, 0.5168), (331.3495333333333, 4.365933333333333, 0.022533333333333336), (0, 0, 0), (253.7549333333333, 0.0006666666666666666, 0.0008), (0.0, 0.0, 0.0), (0, 0, 0), (333.44686666666666, 0.9099333333333333, 0.8626), (0, 0, 0), (436.2071333333334, 0.5388, 0.25873333333333337), (1308.6224666666665, 0.08373333333333334, 0.33853333333333335)]","[(4295, 1860.0, 1000.0), (3607.1354, 1858.1998666666666, 999.3054), (3888.1534, 1859.7056, 999.9878666666667), (4295.0, 1860.0, 1000.0), (4295, 1860.0, 1000.0), (4023.0694, 1859.7316, 999.9472), (3597.348266666667, 1859.4478666666666, 999.4832), (3963.650466666667, 1855.6340666666667, 999.9774666666667), (8192, 1800.0, 1525.0), (7938.245066666666, 1799.9993333333334, 1524.9992), (8192.0, 1800.0, 1525.0), (8192, 1800.0, 1525.0), (7858.553133333333, 1799.0900666666666, 1524.1374), (8192, 1800.0, 1525.0), (7755.792866666667, 1799.4612, 1524.7412666666667), (6883.377533333333, 1799.9162666666666, 1524.6614666666667)]","[(0, 0, 0), (6, 0.2122, 0.00975), (4, 0.0, 0.07545555555555555), (2, 0.0, 0.0), (0, 0, 0), (1, 0.0, 0.00115), (5, 0.0037166666666666667, 0.006894444444444444), (3, 0.0, 0.00019444444444444446), (0, 0, 0), (3, 0.00018333333333333334, 0.015666666666666666), (2, 0.0, 0.0), (0, 0, 0), (1, 0.0, 0.004088888888888889), (0, 0, 0), (3, 0.009816666666666666, 1.9489666666666665), (3, 0.0, 0.016483333333333336)]","[(32212, 67.1, 10.11), (32206, 66.8878, 10.100249999999999), (32208, 67.1, 10.034544444444444), (32210, 67.1, 10.11), (32212, 67.1, 10.11), (32211, 67.1, 10.108849999999999), (32207, 67.09628333333333, 10.103105555555555), (32209, 67.1, 10.109805555555555), (32212, 51.900000000000006, 6.1899999999999995), (32209, 51.89981666666667, 6.174333333333333), (32210, 51.900000000000006, 6.1899999999999995), (32212, 51.900000000000006, 6.1899999999999995), (32211, 51.900000000000006, 6.1859111111111105), (32212, 51.900000000000006, 6.1899999999999995), (32209, 51.89018333333334, 4.241033333333333), (32209, 51.900000000000006, 6.173516666666666)]"
72,"[0.0, 100.0, 100.0, 100.0, 0.0, 100.0, 100.0, 100.0, 0.0, 100.0, 100.0, 100.0, 100.0, 0.0, 100.0, 0.0]","[0, 2, 2, 1, 0, 1, 3, 1, 0, 1, 1, 1, 1, 0, 1, 0]","[2.45, 4.75, 4.75, 4.75, 2.45, 4.75, 4.75, 4.75, 2.65, 5.05, 5.05, 5.05, 5.05, 2.65, 5.05, 2.65]","[0, 2231.1001628752774, 4110.73816769187, 3388.973815271489, 0, 1135.2227985320444, 3815.418083255278, 0, 0, 2103.5010678682, 3018.356974389583, 3464.41286996805, 0, 0, 3412.3460484802577, 0]","[4029, 1797.8998371247226, -81.73816769187033, 640.026184728511, 4029, 2893.777201467956, 213.5819167447221, 4029, 4029, 1925.4989321317998, 1010.6430256104172, 564.58713003195, 4029, 4029, 616.6539515197423, 4029]","[4029, 4029, 4029, 4029, 4029, 4029, 4029, 4029, 4029, 4029, 4029, 4029, 4029, 4029, 4029, 4029]","[0, 4029, 4029, 4029, 0, 4029, 4029, 4029, 0, 4029, 4029, 4029, 4029, 0, 4029, 0]","[(0, 0, 0), (574.6184000000001, 0.866, 0.3906666666666667), (377.4866666666666, 0.31206666666666666, 0.011333333333333334), (0.0, 0.0, 0.0), (0, 0, 0), (277.5227333333333, 0.25306666666666666, 0.0498), (443.19753333333324, 0.5472666666666667, 0.4880666666666667), (478.1502, 3.8014, 0.020733333333333333), (0, 0, 0), (244.66713333333328, 0.0014666666666666665, 0.0012), (0.0, 0.0, 0.0), (168.47066666666663, 0.27493333333333336, 0.023333333333333327), (199.92773333333332, 0.9031333333333333, 0.010666666666666666), (0, 0, 0), (391.46766666666673, 0.6240666666666668, 0.2032), (0, 0, 0)]","[(4295, 1860.0, 1000.0), (3720.3815999999997, 1859.134, 999.6093333333333), (3917.5133333333333, 1859.6879333333334, 999.9886666666666), (4295.0, 1860.0, 1000.0), (4295, 1860.0, 1000.0), (4017.4772666666668, 1859.7469333333333, 999.9502), (3851.802466666667, 1859.4527333333333, 999.5119333333333), (3816.8498, 1856.1986, 999.9792666666667), (8192, 1800.0, 1525.0), (7947.332866666667, 1799.9985333333334, 1524.9988), (8192.0, 1800.0, 1525.0), (8023.529333333333, 1799.7250666666666, 1524.9766666666667), (7992.072266666667, 1799.0968666666668, 1524.9893333333334), (8192, 1800.0, 1525.0), (7800.532333333334, 1799.3759333333333, 1524.7968), (8192, 1800.0, 1525.0)]","[(0, 0, 0), (6, 0.020050000000000002, 0.004222222222222222), (4, 3.3333333333333335e-05, 0.08650555555555557), (2, 0.0, 0.0), (0, 0, 0), (1, 0.0, 0.001172222222222222), (5, 0.0004, 0.006438888888888888), (3, 0.0428, 0.01527777777777778), (0, 0, 0), (3, 0.00015, 0.019816666666666666), (2, 0.0, 0.0), (3, 0.2927833333333333, 0.026605555555555556), (1, 0.0, 0.005077777777777777), (0, 0, 0), (3, 0.0, 1.7597444444444446), (0, 0, 0)]","[(32212, 67.1, 10.11), (32206, 67.07995, 10.105777777777778), (32208, 67.09996666666666, 10.023494444444443), (32210, 67.1, 10.11), (32212, 67.1, 10.11), (32211, 67.1, 10.108827777777778), (32207, 67.0996, 10.10356111111111), (32209, 67.0572, 10.094722222222222), (32212, 51.900000000000006, 6.1899999999999995), (32209, 51.89985000000001, 6.170183333333333), (32210, 51.900000000000006, 6.1899999999999995), (32209, 51.60721666666667, 6.163394444444444), (32211, 51.900000000000006, 6.184922222222221), (32212, 51.900000000000006, 6.1899999999999995), (32209, 51.900000000000006, 4.430255555555555), (32212, 51.900000000000006, 6.1899999999999995)]"
73,"[0.0, 99.97517994539588, 100.0, 100.0, 100.0, 100.0, 100.0, 100.0, 0.0, 100.0, 100.0, 100.0, 0.0, 0.0, 100.0, 100.0]","[0, 2, 2, 1, 1, 1, 3, 1, 0, 1, 1, 1, 0, 0, 1, 1]","[2.45, 4.748485976669149, 4.75, 4.75, 4.75, 4.75, 4.75, 4.75, 2.65, 5.05, 5.05, 5.05, 2.65, 2.65, 5.05, 5.05]","[0, 2732.504255523192, 3864.258194439514, 3395.6515961882797, 1235.3895160495777, 1208.6783913782356, 5972.345782470904, 881.4670876440003, 0, 2073.45105261294, 3148.573702267009, 4442.116739200141, 0, 0, 3545.9016668160803, 517.5280212281833]","[4029, 1296.4957444768079, 164.74180556048577, 633.3484038117203, 2793.6104839504223, 2820.3216086217644, -1943.345782470904, 3147.5329123559995, 4029, 1955.5489473870598, 880.4262977329909, -413.1167392001407, 4029, 4029, 483.09833318391975, 3511.471978771817]","[4029, 4029, 4029, 4029, 4029, 4029, 4029, 4029, 4029, 4029, 4029, 4029, 4029, 4029, 4029, 4029]","[0, 4028, 4029, 4029, 4029, 4029, 4029, 4029, 0, 4029, 4029, 4029, 0, 0, 4029, 4029]","[(0, 0, 0), (637.5331333333332, 4.365933333333333, 0.022533333333333336), (620.7562, 0.29386666666666666, 0.0116), (0.0, 0.0, 0.0), (267.736, 0.28726666666666667, 0.0504), (304.0866, 0.2961333333333333, 0.05726666666666666), (752.1775333333333, 0.5578, 0.47233333333333344), (95.9442, 0.019933333333333334, 0.0208), (0, 0, 0), (254.4540666666667, 0.0026, 0.0088), (0.0, 0.0, 0.0), (313.1741333333334, 0.2986666666666667, 0.020266666666666665), (0, 0, 0), (0, 0, 0), (271.23113333333333, 0.6398666666666667, 0.20813333333333334), (58.7202, 0.004733333333333333, 0.00013333333333333334)]","[(4295, 1860.0, 1000.0), (3657.4668666666666, 1855.6340666666667, 999.9774666666667), (3674.2438, 1859.7061333333334, 999.9884), (4295.0, 1860.0, 1000.0), (4027.264, 1859.7127333333333, 999.9496), (3990.9134, 1859.7038666666667, 999.9427333333333), (3542.8224666666665, 1859.4422, 999.5276666666666), (4199.0558, 1859.9800666666667, 999.9792), (8192, 1800.0, 1525.0), (7937.545933333333, 1799.9974, 1524.9912), (8192.0, 1800.0, 1525.0), (7878.825866666667, 1799.7013333333334, 1524.9797333333333), (8192, 1800.0, 1525.0), (8192, 1800.0, 1525.0), (7920.768866666666, 1799.3601333333334, 1524.7918666666667), (8133.2798, 1799.9952666666666, 1524.9998666666668)]","[(0, 0, 0), (6, 0.008033333333333333, 0.0035666666666666668), (4, 3.333333333333334e-05, 0.08290555555555557), (2, 0.0, 0.0), (1, 0.0, 0.0011611111111111112), (1, 0.0, 0.0010444444444444444), (5, 0.00026666666666666673, 0.009672222222222223), (1, 0.0012, 0.05558333333333333), (0, 0, 0), (3, 0.00011666666666666667, 0.017588888888888887), (2, 0.0, 0.0), (3, 0.10841666666666666, 0.0281), (0, 0, 0), (0, 0, 0), (3, 0.0, 1.805188888888889), (2, 0.0, 0.0010944444444444443)]","[(32212, 67.1, 10.11), (32206, 67.09196666666666, 10.106433333333333), (32208, 67.09996666666666, 10.027094444444444), (32210, 67.1, 10.11), (32211, 67.1, 10.108838888888888), (32211, 67.1, 10.108955555555555), (32207, 67.09973333333333, 10.100327777777776), (32211, 67.0988, 10.054416666666667), (32212, 51.900000000000006, 6.1899999999999995), (32209, 51.89988333333334, 6.172411111111111), (32210, 51.900000000000006, 6.1899999999999995), (32209, 51.79158333333334, 6.161899999999999), (32212, 51.900000000000006, 6.1899999999999995), (32212, 51.900000000000006, 6.1899999999999995), (32209, 51.900000000000006, 4.3848111111111105), (32210, 51.900000000000006, 6.188905555555555)]"
74,"[0.0, 100.0, 100.0, 100.0, 100.0, 100.0, 100.0, 100.0, 0.0, 100.0, 100.0, 100.0, 0.0, 0.0, 100.0, 100.0]","[0, 2, 2, 1, 2, 1, 2, 1, 0, 1, 1, 1, 0, 0, 1, 1]","[2.45, 4.75, 4.75, 4.75, 4.75, 4.75, 4.75, 4.75, 2.65, 5.05, 5.05, 5.05, 2.65, 2.65, 5.05, 5.05]","[0, 3055.8950436736513, 2160.807756008763, 3432.379391230631, 3242.062681545306, 1225.3728442978247, 6361.008278047395, 754.589249271, 0, 2293.817831151513, 3425.7016103138403, 3143.9889128247596, 0, 0, 0, 510.85024030910995]","[4029, 973.1049563263487, 1868.1922439912369, 596.620608769369, 786.9373184546939, 2803.6271557021755, -2332.008278047395, 3274.410750729, 4029, 1735.182168848487, 603.2983896861597, 885.0110871752404, 4029, 4029, 4029, 3518.1497596908903]","[4029, 4029, 4029, 4029, 4029, 4029, 4029, 4029, 4029, 4029, 4029, 4029, 4029, 4029, 4029, 4029]","[0, 4029, 4029, 4029, 4029, 4029, 4029, 4029, 0, 4029, 4029, 4029, 0, 0, 4029, 4029]","[(0, 0, 0), (801.1112, 3.8014, 0.020733333333333333), (524.2873999999999, 0.3127333333333333, 0.010599999999999998), (0.0, 0.0, 0.0), (585.8034666666667, 0.8893333333333333, 0.24400000000000005), (292.20259999999996, 0.28073333333333333, 0.056799999999999996), (1249.9020666666665, 0.5559333333333333, 0.4654666666666666), (96.9928, 0.020133333333333333, 0.014066666666666665), (0, 0, 0), (268.435, 0.0018666666666666666, 0.0016), (0.0, 0.0, 0.0), (205.5204, 0.03793333333333333, 0.025266666666666666), (0, 0, 0), (0, 0, 0), (255.85193333333328, 0.6706666666666666, 0.21606666666666663), (50.3316, 0.004666666666666667, 0.00013333333333333334)]","[(4295, 1860.0, 1000.0), (3493.8887999999997, 1856.1986, 999.9792666666667), (3770.7126, 1859.6872666666666, 999.9894), (4295.0, 1860.0, 1000.0), (3709.1965333333333, 1859.1106666666667, 999.756), (4002.7974, 1859.7192666666667, 999.9432), (3045.0979333333335, 1859.4440666666667, 999.5345333333333), (4198.0072, 1859.9798666666666, 999.9859333333334), (8192, 1800.0, 1525.0), (7923.565, 1799.9981333333333, 1524.9984), (8192.0, 1800.0, 1525.0), (7986.4796, 1799.9620666666667, 1524.9747333333332), (8192, 1800.0, 1525.0), (8192, 1800.0, 1525.0), (7936.148066666667, 1799.3293333333334, 1524.7839333333334), (8141.6684, 1799.9953333333333, 1524.9998666666668)]","[(0, 0, 0), (6, 0.05071666666666667, 0.018722222222222227), (4, 1.666666666666667e-05, 0.07502777777777778), (2, 0.0, 0.0), (4, 0.011550000000000001, 0.43139444444444447), (1, 0.0, 0.001027777777777778), (3, 0.0, 0.0076055555555555555), (1, 0.0, 0.054338888888888895), (0, 0, 0), (3, 0.00013333333333333334, 0.023688888888888888), (2, 0.0, 0.0), (3, 0.00125, 0.027633333333333336), (0, 0, 0), (0, 0, 0), (3, 0.0, 1.6603722222222224), (2, 0.0, 0.0010555555555555557)]","[(32212, 67.1, 10.11), (32206, 67.04928333333332, 10.091277777777778), (32208, 67.09998333333333, 10.03497222222222), (32210, 67.1, 10.11), (32208, 67.08845, 9.678605555555555), (32211, 67.1, 10.108972222222222), (32209, 67.1, 10.102394444444444), (32211, 67.1, 10.05566111111111), (32212, 51.900000000000006, 6.1899999999999995), (32209, 51.899866666666675, 6.166311111111111), (32210, 51.900000000000006, 6.1899999999999995), (32209, 51.89875000000001, 6.162366666666666), (32212, 51.900000000000006, 6.1899999999999995), (32212, 51.900000000000006, 6.1899999999999995), (32209, 51.900000000000006, 4.529627777777777), (32210, 51.900000000000006, 6.188944444444444)]"
75,"[0.0, 100.0, 100.0, 100.0, 100.0, 100.0, 100.0, 100.0, 0.0, 100.0, 100.0, 100.0, 0.0, 0.0, 0.0, 100.0]","[0, 3, 1, 1, 2, 1, 1, 1, 0, 2, 1, 1, 0, 0, 0, 1]","[2.45, 4.75, 4.75, 4.75, 4.75, 4.75, 4.75, 4.75, 2.65, 5.05, 5.05, 5.05, 2.65, 2.65, 2.65, 5.05]","[0, 3489.6335787181124, 2089.602430715699, 3385.6349248130928, 2480.7956530144083, 1228.7117348817424, 2438.7820916767528, 754.589249271, 0, 3312.17964526124, 3442.3960626058183, 3601.346184986549, 0, 0, 0, 0]","[4029, 539.3664212818876, 1939.397569284301, 643.3650751869072, 1548.2043469855917, 2800.2882651182576, 1590.2179083232472, 3274.410750729, 4029, 716.8203547387602, 586.6039373941817, 427.6538150134511, 4029, 4029, 4029, 4029]","[4029, 4029, 4029, 4029, 4029, 4029, 4029, 4029, 4029, 4029, 4029, 4029, 4029, 4029, 4029, 4029]","[0, 4029, 4029, 4029, 4029, 4029, 4029, 4029, 0, 4029, 4029, 4029, 0, 0, 0, 4029]","[(0, 0, 0), (1018.5151333333333, 3.801, 0.05366666666666667), (480.94640000000004, 0.018066666666666665, 0.010266666666666667), (0.0, 0.0, 0.0), (552.9485999999999, 0.69, 0.18813333333333332), (276.8236, 0.27726666666666666, 0.054666666666666655), (167.772, 0.009333333333333334, 0.0104), (90.177, 0.02, 0.014), (0, 0, 0), (336.2428, 0.0016666666666666668, 0.0024666666666666665), (0.0, 0.0, 0.0), (130.0228, 0.042466666666666666, 0.027733333333333336), (0, 0, 0), (0, 0, 0), (0, 0, 0), (47.5354, 0.004533333333333333, 0.00013333333333333334)]","[(4295, 1860.0, 1000.0), (3276.4848666666667, 1856.199, 999.9463333333333), (3814.0536, 1859.9819333333332, 999.9897333333333), (4295.0, 1860.0, 1000.0), (3742.0514000000003, 1859.31, 999.8118666666667), (4018.1764, 1859.7227333333333, 999.9453333333333), (4127.228, 1859.9906666666666, 999.9896), (4204.823, 1859.98, 999.986), (8192, 1800.0, 1525.0), (7855.7572, 1799.9983333333332, 1524.9975333333334), (8192.0, 1800.0, 1525.0), (8061.9772, 1799.9575333333332, 1524.9722666666667), (8192, 1800.0, 1525.0), (8192, 1800.0, 1525.0), (8192, 1800.0, 1525.0), (8144.4646, 1799.9954666666667, 1524.9998666666668)]","[(0, 0, 0), (9, 0.007866666666666666, 0.010194444444444443), (3, 0.0, 0.022266666666666667), (2, 0.0, 0.0), (4, 1.666666666666667e-05, 0.22838888888888892), (1, 0.0, 0.0013833333333333334), (2, 0.0, 0.002172222222222222), (1, 3.3333333333333335e-05, 0.05506666666666666), (0, 0, 0), (6, 0.00031666666666666665, 0.026144444444444446), (2, 0.0, 0.0), (3, 0.0008, 0.02777777777777778), (0, 0, 0), (0, 0, 0), (0, 0, 0), (2, 0.0, 0.0011222222222222222)]","[(32212, 67.1, 10.11), (32203, 67.09213333333332, 10.099805555555555), (32209, 67.1, 10.087733333333333), (32210, 67.1, 10.11), (32208, 67.09998333333333, 9.881611111111111), (32211, 67.1, 10.108616666666666), (32210, 67.1, 10.107827777777777), (32211, 67.09996666666666, 10.054933333333333), (32212, 51.900000000000006, 6.1899999999999995), (32206, 51.899683333333336, 6.163855555555555), (32210, 51.900000000000006, 6.1899999999999995), (32209, 51.89920000000001, 6.162222222222222), (32212, 51.900000000000006, 6.1899999999999995), (32212, 51.900000000000006, 6.1899999999999995), (32212, 51.900000000000006, 6.1899999999999995), (32210, 51.900000000000006, 6.188877777777777)]"
76,"[0.0, 100.0, 100.0, 100.0, 100.0, 100.0, 100.0, 100.0, 0.0, 100.0, 100.0, 100.0, 0.0, 0.0, 100.0, 0.0]","[0, 3, 1, 1, 2, 1, 2, 1, 0, 2, 1, 1, 0, 0, 1, 0]","[2.45, 4.75, 4.75, 4.75, 4.75, 4.75, 4.75, 4.75, 2.65, 5.05, 5.05, 5.05, 2.65, 2.65, 5.05, 2.65]","[0, 2728.9942105475398, 2097.8184297879757, 0, 2544.234571974969, 1318.8617806475224, 3183.4710424537648, 741.2336873370001, 0, 3779.6243281302995, 3475.784967189774, 3261.75156374067, 0, 0, 2006.6731654957287, 0]","[4029, 1300.0057894524602, 1931.1815702120243, 4029, 1484.7654280250308, 2710.138219352478, 845.5289575462352, 3287.766312663, 4029, 249.37567186970045, 553.2150328102261, 767.24843625933, 4029, 4029, 2022.3268345042713, 4029]","[4029, 4029, 4029, 4029, 4029, 4029, 4029, 4029, 4029, 4029, 4029, 4029, 4029, 4029, 4029, 4029]","[0, 4029, 4029, 4029, 4029, 4029, 4029, 4029, 0, 4029, 4029, 4029, 0, 0, 4029, 0]","[(0, 0, 0), (1035.2923333333333, 1.2815333333333332, 0.0562), (436.2072, 0.015666666666666666, 0.009333333333333334), (0.0, 0.0, 0.0), (533.3747333333333, 0.7451999999999999, 0.20933333333333332), (332.04866666666675, 0.30326666666666663, 0.05866666666666666), (857.0351333333333, 0.010400000000000001, 0.012133333333333333), (93.3228, 0.018333333333333333, 0.014133333333333333), (0, 0, 0), (416.6336666666667, 0.0032, 0.0030666666666666668), (0.0, 0.0, 0.0), (110.44946666666667, 0.04046666666666667, 0.026666666666666672), (0, 0, 0), (0, 0, 0), (306.18366666666674, 0.5942000000000001, 0.19193333333333337), (0, 0, 0)]","[(4295, 1860.0, 1000.0), (3259.7076666666667, 1858.7184666666667, 999.9438), (3858.7928, 1859.9843333333333, 999.9906666666667), (4295.0, 1860.0, 1000.0), (3761.625266666667, 1859.2548, 999.7906666666667), (3962.9513333333334, 1859.6967333333334, 999.9413333333333), (3437.9648666666667, 1859.9896, 999.9878666666667), (4201.6772, 1859.9816666666666, 999.9858666666667), (8192, 1800.0, 1525.0), (7775.366333333333, 1799.9968, 1524.9969333333333), (8192.0, 1800.0, 1525.0), (8081.550533333333, 1799.9595333333334, 1524.9733333333334), (8192, 1800.0, 1525.0), (8192, 1800.0, 1525.0), (7885.816333333333, 1799.4058, 1524.8080666666667), (8192, 1800.0, 1525.0)]","[(0, 0, 0), (9, 0.007816666666666666, 0.0051444444444444445), (3, 0.0, 0.017888888888888885), (2, 0.0, 0.0), (4, 8.333333333333333e-05, 0.28735), (1, 0.0, 0.0009222222222222221), (4, 0.0037166666666666667, 0.005255555555555555), (1, 0.0, 0.0557), (0, 0, 0), (6, 0.2675166666666666, 0.1220111111111111), (2, 0.0, 0.0), (3, 0.00011666666666666667, 0.02971666666666666), (0, 0, 0), (0, 0, 0), (3, 0.011550000000000001, 0.43049444444444446), (0, 0, 0)]","[(32212, 67.1, 10.11), (32203, 67.09218333333332, 10.104855555555554), (32209, 67.1, 10.09211111111111), (32210, 67.1, 10.11), (32208, 67.09991666666666, 9.82265), (32211, 67.1, 10.109077777777777), (32208, 67.09628333333333, 10.104744444444444), (32211, 67.1, 10.0543), (32212, 51.900000000000006, 6.1899999999999995), (32206, 51.63248333333334, 6.067988888888888), (32210, 51.900000000000006, 6.1899999999999995), (32209, 51.89988333333334, 6.160283333333333), (32212, 51.900000000000006, 6.1899999999999995), (32212, 51.900000000000006, 6.1899999999999995), (32209, 51.888450000000006, 5.759505555555555), (32212, 51.900000000000006, 6.1899999999999995)]"
77,"[0.0, 100.0, 100.0, 100.0, 100.0, 100.0, 100.0, 100.0, 0.0, 100.0, 100.0, 100.0, 0.0, 0.0, 100.0, 0.0]","[0, 3, 1, 1, 2, 1, 2, 1, 0, 2, 1, 1, 0, 0, 1, 0]","[2.45, 4.75, 4.75, 4.75, 4.75, 4.75, 4.75, 4.75, 2.65, 5.05, 5.05, 5.05, 2.65, 2.65, 5.05, 2.65]","[0, 2886.602159739639, 2199.149085012721, 1364.7688631682443, 3025.0348007454177, 0, 3085.5637323477495, 0, 0, 1115.189642163913, 3732.8795324862313, 3502.7541981732297, 0, 0, 1352.2506356501997, 0]","[4029, 1142.3978402603611, 1829.8509149872789, 2664.231136831756, 1003.9651992545823, 4029, 943.4362676522505, 4029, 4029, 2913.810357836087, 296.12046751376874, 526.2458018267703, 4029, 4029, 2676.7493643498, 4029]","[4029, 4029, 4029, 4029, 4029, 4029, 4029, 4029, 4029, 4029, 4029, 4029, 4029, 4029, 4029, 4029]","[0, 4029, 4029, 4029, 4029, 4029, 4029, 4029, 0, 4029, 4029, 4029, 0, 0, 4029, 0]","[(0, 0, 0), (686.4667333333334, 1.3886, 0.21406666666666666), (394.2642, 0.017533333333333335, 0.009266666666666668), (402.65259999999995, 0.0, 0.0), (530.5784, 0.8961333333333332, 0.2526666666666667), (318.06759999999997, 0.2734, 0.057466666666666666), (1038.7883333333332, 0.010466666666666668, 0.012333333333333333), (93.8472, 0.0318, 0.0146), (0, 0, 0), (437.60519999999997, 0.0027333333333333333, 0.0024666666666666665), (0.0, 0.0, 0.0), (119.5372, 0.03373333333333334, 0.02686666666666667), (0, 0, 0), (0, 0, 0), (281.018, 0.42160000000000003, 0.13533333333333333), (0, 0, 0)]","[(4295, 1860.0, 1000.0), (3608.5332666666663, 1858.6114, 999.7859333333333), (3900.7358, 1859.9824666666666, 999.9907333333333), (3892.3474, 1860.0, 1000.0), (3764.4216, 1859.1038666666666, 999.7473333333334), (3976.9324, 1859.7266, 999.9425333333334), (3256.211666666667, 1859.9895333333334, 999.9876666666667), (4201.1528, 1859.9682, 999.9854), (8192, 1800.0, 1525.0), (7754.3948, 1799.9972666666667, 1524.9975333333334), (8192.0, 1800.0, 1525.0), (8072.4628, 1799.9662666666666, 1524.9731333333334), (8192, 1800.0, 1525.0), (8192, 1800.0, 1525.0), (7910.982, 1799.5784, 1524.8646666666666), (8192, 1800.0, 1525.0)]","[(0, 0, 0), (9, 0.00675, 0.0049499999999999995), (3, 1.666666666666667e-05, 0.0203), (3, 0.1085, 0.004066666666666666), (4, 0.00016666666666666666, 0.3744277777777778), (1, 0.0, 0.0007888888888888889), (4, 0.0004, 0.004733333333333333), (1, 0.00011666666666666667, 0.053427777777777775), (0, 0, 0), (6, 0.0012833333333333332, 0.025400000000000002), (2, 0.0, 0.0), (3, 0.0013666666666666669, 0.04000555555555556), (0, 0, 0), (0, 0, 0), (3, 1.666666666666667e-05, 0.2272388888888889), (0, 0, 0)]","[(32212, 67.1, 10.11), (32203, 67.09325, 10.10505), (32209, 67.09998333333333, 10.089699999999999), (32209, 66.99149999999999, 10.105933333333333), (32208, 67.09983333333332, 9.735572222222222), (32211, 67.1, 10.10921111111111), (32208, 67.0996, 10.105266666666665), (32211, 67.09988333333332, 10.056572222222222), (32212, 51.900000000000006, 6.1899999999999995), (32206, 51.89871666666667, 6.164599999999999), (32210, 51.900000000000006, 6.1899999999999995), (32209, 51.898633333333336, 6.149994444444444), (32212, 51.900000000000006, 6.1899999999999995), (32212, 51.900000000000006, 6.1899999999999995), (32209, 51.89998333333334, 5.962761111111111), (32212, 51.900000000000006, 6.1899999999999995)]"
78,"[0.0, 100.0, 100.0, 100.0, 100.0, 0.0, 100.0, 100.0, 0.0, 100.0, 100.0, 100.0, 0.0, 0.0, 100.0, 0.0]","[0, 3, 1, 1, 2, 0, 2, 1, 0, 2, 1, 1, 0, 0, 1, 0]","[2.45, 4.75, 4.75, 4.75, 4.75, 2.45, 4.75, 4.75, 2.65, 5.05, 5.05, 5.05, 2.65, 2.65, 5.05, 2.65]","[0, 2835.0582011210045, 2070.43176621372, 1691.1266347954333, 3455.7516705060552, 0, 3011.391525743914, 517.5280212281833, 0, 2213.68482860681, 0, 2935.85027399664, 0, 0, 1409.0117734429248, 0]","[4029, 1193.9417988789955, 1958.56823378628, 2337.8733652045667, 573.2483294939448, 4029, 1017.6084742560861, 3511.471978771817, 4029, 1815.3151713931902, 4029, 1093.1497260033598, 4029, 4029, 2619.988226557075, 4029]","[4029, 4029, 4029, 4029, 4029, 4029, 4029, 4029, 4029, 4029, 4029, 4029, 4029, 4029, 4029, 4029]","[0, 4029, 4029, 4029, 4029, 0, 4029, 4029, 0, 4029, 4029, 4029, 0, 0, 4029, 0]","[(0, 0, 0), (781.5371999999999, 0.8081333333333333, 0.051333333333333335), (430.6148, 0.0166, 0.009), (339.738, 0.0, 0.0), (501.91739999999993, 1.0083333333333333, 0.29246666666666665), (0, 0, 0), (640.3295333333333, 0.010533333333333334, 0.012266666666666667), (58.7202, 0.004733333333333333, 0.00013333333333333334), (0, 0, 0), (100.6632, 0.0, 0.002), (0.0, 0.0, 0.0), (105.55626666666666, 0.03646666666666667, 0.024466666666666664), (0, 0, 0), (0, 0, 0), (255.852, 0.49213333333333326, 0.15953333333333333), (0, 0, 0)]","[(4295, 1860.0, 1000.0), (3513.4628000000002, 1859.1918666666666, 999.9486666666667), (3864.3852, 1859.9834, 999.991), (3955.262, 1860.0, 1000.0), (3793.0826, 1858.9916666666666, 999.7075333333333), (4295, 1860.0, 1000.0), (3654.6704666666665, 1859.9894666666667, 999.9877333333334), (4236.2798, 1859.9952666666666, 999.9998666666667), (8192, 1800.0, 1525.0), (8091.3368, 1800.0, 1524.998), (8192.0, 1800.0, 1525.0), (8086.4437333333335, 1799.9635333333333, 1524.9755333333333), (8192, 1800.0, 1525.0), (8192, 1800.0, 1525.0), (7936.148, 1799.5078666666666, 1524.8404666666668), (8192, 1800.0, 1525.0)]","[(0, 0, 0), (9, 0.0192, 0.014822222222222223), (3, 0.0, 0.028855555555555554), (3, 0.2122, 0.00935), (4, 0.00021666666666666668, 0.5201055555555555), (0, 0, 0), (4, 0.00026666666666666673, 0.0048000000000000004), (2, 0.0, 0.0010944444444444443), (0, 0, 0), (6, 0.0, 0.0), (2, 0.0, 0.0), (3, 0.0, 0.024422222222222224), (0, 0, 0), (0, 0, 0), (3, 8.333333333333333e-05, 0.28617777777777775), (0, 0, 0)]","[(32212, 67.1, 10.11), (32203, 67.0808, 10.095177777777778), (32209, 67.1, 10.081144444444444), (32209, 66.8878, 10.10065), (32208, 67.09978333333333, 9.589894444444443), (32212, 67.1, 10.11), (32208, 67.09973333333333, 10.1052), (32210, 67.1, 10.108905555555555), (32212, 51.900000000000006, 6.1899999999999995), (32206, 51.900000000000006, 6.1899999999999995), (32210, 51.900000000000006, 6.1899999999999995), (32209, 51.900000000000006, 6.165577777777777), (32212, 51.900000000000006, 6.1899999999999995), (32212, 51.900000000000006, 6.1899999999999995), (32209, 51.89991666666667, 5.903822222222222), (32212, 51.900000000000006, 6.1899999999999995)]"
79,"[0.0, 100.0, 100.0, 100.0, 100.0, 0.0, 100.0, 100.0, 0.0, 100.0, 0.0, 100.0, 100.0, 0.0, 100.0, 100.0]","[0, 3, 1, 1, 2, 0, 1, 1, 0, 2, 0, 1, 1, 0, 2, 1]","[2.45, 4.75, 4.75, 4.75, 4.75, 2.45, 4.75, 4.75, 2.65, 5.05, 2.65, 5.05, 5.05, 2.65, 5.05, 5.05]","[0, 3316.066063996443, 0, 1254.9939763481898, 2547.5734659479867, 0, 2495.1529672751212, 510.85024030910995, 0, 2227.0403931836227, 0, 2837.2582871833197, 3464.41286996805, 0, 2469.071951617382, 590.4107639942779]","[4029, 712.9339360035569, 4029, 2774.00602365181, 1481.4265340520133, 4029, 1533.8470327248788, 3518.1497596908903, 4029, 1801.9596068163773, 4029, 1191.7417128166803, 564.58713003195, 4029, 1559.9280483826178, 3438.5892360057223]","[4029, 4029, 4029, 4029, 4029, 4029, 4029, 4029, 4029, 4029, 4029, 4029, 4029, 4029, 4029, 4029]","[0, 4029, 4029, 4029, 4029, 0, 4029, 4029, 0, 4029, 0, 4029, 4029, 0, 4029, 4029]","[(0, 0, 0), (875.9088, 3.2252666666666667, 0.0502), (427.8186, 0.017266666666666666, 0.009800000000000001), (343.93240000000003, 0.0, 0.0), (532.6756, 0.6799999999999999, 0.18519999999999998), (0, 0, 0), (218.1036, 0.009333333333333334, 0.010666666666666666), (50.3316, 0.004666666666666667, 0.00013333333333333334), (0, 0, 0), (86.68220000000001, 0.0, 0.002), (0, 0, 0), (111.8476, 0.035666666666666666, 0.024), (168.47066666666663, 0.27493333333333336, 0.023333333333333327), (0, 0, 0), (659.9026666666666, 0.6023333333333333, 0.19846666666666668), (311.7758666666666, 0.0011333333333333332, 0.0015333333333333334)]","[(4295, 1860.0, 1000.0), (3419.0912, 1856.7747333333334, 999.9498), (3867.1814, 1859.9827333333333, 999.9902), (3951.0676, 1860.0, 1000.0), (3762.3244, 1859.32, 999.8148), (4295, 1860.0, 1000.0), (4076.8964, 1859.9906666666666, 999.9893333333333), (4244.6684, 1859.9953333333333, 999.9998666666667), (8192, 1800.0, 1525.0), (8105.3178, 1800.0, 1524.998), (8192, 1800.0, 1525.0), (8080.1524, 1799.9643333333333, 1524.976), (8023.529333333333, 1799.7250666666666, 1524.9766666666667), (8192, 1800.0, 1525.0), (7532.097333333333, 1799.3976666666667, 1524.8015333333333), (7880.224133333333, 1799.9988666666666, 1524.9984666666667)]","[(0, 0, 0), (9, 0.10528333333333333, 0.013183333333333332), (3, 0.0, 0.027311111111111112), (3, 0.020033333333333334, 0.0038777777777777777), (4, 5e-05, 0.20303333333333326), (0, 0, 0), (2, 0.0, 0.002655555555555556), (2, 0.0, 0.0010555555555555557), (0, 0, 0), (6, 0.0, 0.0), (0, 0, 0), (3, 0.0, 0.028383333333333337), (3, 0.2927833333333333, 0.026605555555555556), (0, 0, 0), (4, 0.011466666666666668, 0.37446666666666667), (2, 0.0, 0.002388888888888889)]","[(32212, 67.1, 10.11), (32203, 66.99471666666666, 10.096816666666665), (32209, 67.1, 10.082688888888889), (32209, 67.07996666666666, 10.106122222222222), (32208, 67.09994999999999, 9.906966666666666), (32212, 67.1, 10.11), (32210, 67.1, 10.107344444444443), (32210, 67.1, 10.108944444444443), (32212, 51.900000000000006, 6.1899999999999995), (32206, 51.900000000000006, 6.1899999999999995), (32212, 51.900000000000006, 6.1899999999999995), (32209, 51.900000000000006, 6.161616666666666), (32209, 51.60721666666667, 6.163394444444444), (32212, 51.900000000000006, 6.1899999999999995), (32208, 51.88853333333334, 5.815533333333333), (32210, 51.900000000000006, 6.187611111111111)]"
80,"[0.0, 100.0, 100.0, 100.0, 100.0, 0.0, 100.0, 100.0, 0.0, 100.0, 0.0, 100.0, 100.0, 0.0, 100.0, 100.0]","[0, 3, 1, 1, 2, 0, 1, 1, 0, 2, 0, 1, 1, 0, 2, 1]","[2.45, 4.75, 4.75, 4.75, 4.75, 2.45, 4.75, 4.75, 2.65, 5.05, 2.65, 5.05, 5.05, 2.65, 5.05, 5.05]","[0, 1804.4320022958668, 1115.1894634134223, 1266.8615316800874, 2744.5680063824243, 0, 2423.947650729814, 510.85024030910995, 0, 2367.2738212401628, 0, 2777.0076285751793, 4442.116739200141, 0, 2865.293035487971, 534.03988703]","[4029, 2224.567997704133, 2913.8105365865777, 2762.1384683199126, 1284.4319936175757, 4029, 1605.052349270186, 3518.1497596908903, 4029, 1661.7261787598372, 4029, 1251.9923714248207, -413.1167392001407, 4029, 1163.7069645120291, 3494.96011297]","[4029, 4029, 4029, 4029, 4029, 4029, 4029, 4029, 4029, 4029, 4029, 4029, 4029, 4029, 4029, 4029]","[0, 4029, 4029, 4029, 4029, 0, 4029, 4029, 0, 4029, 0, 4029, 4029, 0, 4029, 4029]","[(0, 0, 0), (899.6768, 0.7656, 0.05233333333333333), (499.1218, 0.0016666666666666668, 0.0011333333333333332), (306.18359999999996, 0.0, 0.0), (545.9578666666667, 0.772, 0.2104666666666667), (0, 0, 0), (134.2176, 0.009266666666666668, 0.010666666666666666), (47.5354, 0.004533333333333333, 0.00013333333333333334), (0, 0, 0), (246.0656, 6.666666666666668e-05, 0.0026), (0, 0, 0), (115.3428, 0.03426666666666667, 0.023266666666666665), (313.1741333333334, 0.2986666666666667, 0.020266666666666665), (0, 0, 0), (608.1732000000001, 0.7292666666666667, 0.23599999999999996), (325.75713333333334, 0.0011333333333333332, 0.0014666666666666665)]","[(4295, 1860.0, 1000.0), (3395.3232, 1859.2344, 999.9476666666667), (3795.8782, 1859.9983333333332, 999.9988666666667), (3988.8164, 1860.0, 1000.0), (3749.0421333333334, 1859.228, 999.7895333333333), (4295, 1860.0, 1000.0), (4160.7824, 1859.9907333333333, 999.9893333333333), (4247.4646, 1859.9954666666667, 999.9998666666667), (8192, 1800.0, 1525.0), (7945.9344, 1799.9999333333333, 1524.9974), (8192, 1800.0, 1525.0), (8076.6572, 1799.9657333333334, 1524.9767333333334), (7878.825866666667, 1799.7013333333334, 1524.9797333333333), (8192, 1800.0, 1525.0), (7583.8268, 1799.2707333333333, 1524.764), (7866.2428666666665, 1799.9988666666666, 1524.9985333333334)]","[(0, 0, 0), (9, 0.006966666666666668, 0.012288888888888889), (2, 0.0, 0.0010999999999999998), (3, 0.008033333333333333, 0.003372222222222222), (4, 3.3333333333333335e-05, 0.2775), (0, 0, 0), (2, 0.0, 0.0023833333333333337), (2, 0.0, 0.0011222222222222222), (0, 0, 0), (6, 0.03166666666666667, 0.0017722222222222221), (0, 0, 0), (3, 0.0, 0.027411111111111112), (3, 0.10841666666666666, 0.0281), (0, 0, 0), (4, 0.01535, 0.5200555555555555), (2, 0.0006666666666666666, 0.0023944444444444447)]","[(32212, 67.1, 10.11), (32203, 67.09303333333332, 10.09771111111111), (32210, 67.1, 10.1089), (32209, 67.09196666666666, 10.106627777777778), (32208, 67.09996666666666, 9.8325), (32212, 67.1, 10.11), (32210, 67.1, 10.107616666666667), (32210, 67.1, 10.108877777777778), (32212, 51.900000000000006, 6.1899999999999995), (32206, 51.86833333333334, 6.188227777777778), (32212, 51.900000000000006, 6.1899999999999995), (32209, 51.900000000000006, 6.162588888888888), (32209, 51.79158333333334, 6.161899999999999), (32212, 51.900000000000006, 6.1899999999999995), (32208, 51.88465000000001, 5.669944444444444), (32210, 51.89933333333334, 6.187605555555555)]"
81,"[0.0, 100.0, 100.0, 100.0, 100.0, 0.0, 100.0, 100.0, 0.0, 100.0, 0.0, 100.0, 100.0, 0.0, 99.97517994539588, 100.0]","[0, 3, 1, 1, 2, 0, 1, 1, 0, 2, 0, 1, 1, 0, 2, 1]","[2.45, 4.75, 4.75, 4.75, 4.75, 2.45, 4.75, 4.75, 2.65, 5.05, 2.65, 5.05, 5.05, 2.65, 5.048237776123107, 5.05]","[0, 2912.5716834751765, 1175.2894943758222, 1204.5568661876246, 3265.4349145030315, 0, 2423.947650729814, 0, 0, 2210.3459374626063, 0, 3089.2155868173595, 3143.9889128247596, 0, 1974.5441621448545, 522.1723339848888]","[4029, 1116.4283165248235, 2853.710505624178, 2824.4431338123754, 763.5650854969685, 4029, 1605.052349270186, 4029, 4029, 1818.6540625373937, 4029, 939.7844131826405, 885.0110871752404, 4029, 2054.4558378551455, 3506.8276660151114]","[4029, 4029, 4029, 4029, 4029, 4029, 4029, 4029, 4029, 4029, 4029, 4029, 4029, 4029, 4029, 4029]","[0, 4029, 4029, 4029, 4029, 0, 4029, 4029, 0, 4029, 0, 4029, 4029, 0, 4028, 4029]","[(0, 0, 0), (957.6977999999999, 0.05453333333333333, 0.03153333333333333), (553.6476, 0.0017333333333333335, 0.0015333333333333334), (322.961, 0.0, 0.0), (530.5785333333333, 0.9648, 0.28146666666666664), (0, 0, 0), (33.5544, 0.009333333333333334, 0.010466666666666668), (55.924, 0.004733333333333333, 6.666666666666668e-05), (0, 0, 0), (190.14160000000004, 6.666666666666668e-05, 0.002066666666666667), (0, 0, 0), (111.1486, 0.03153333333333334, 0.0434), (205.5204, 0.03793333333333333, 0.025266666666666666), (0, 0, 0), (605.3767333333333, 0.4050666666666667, 0.13353333333333334), (304.78553333333326, 0.0011333333333333332, 0.0014666666666666665)]","[(4295, 1860.0, 1000.0), (3337.3022, 1859.9454666666666, 999.9684666666667), (3741.3523999999998, 1859.9982666666667, 999.9984666666667), (3972.0389999999998, 1860.0, 1000.0), (3764.4214666666667, 1859.0352, 999.7185333333333), (4295, 1860.0, 1000.0), (4261.4456, 1859.9906666666666, 999.9895333333334), (4239.076, 1859.9952666666666, 999.9999333333334), (8192, 1800.0, 1525.0), (8001.8584, 1799.9999333333333, 1524.9979333333333), (8192, 1800.0, 1525.0), (8080.8514, 1799.9684666666667, 1524.9566), (7986.4796, 1799.9620666666667, 1524.9747333333332), (8192, 1800.0, 1525.0), (7586.6232666666665, 1799.5949333333333, 1524.8664666666666), (7887.214466666666, 1799.9988666666666, 1524.9985333333334)]","[(0, 0, 0), (8, 0.04356666666666667, 0.01208888888888889), (2, 0.0, 0.0005222222222222223), (3, 0.007916666666666667, 0.003444444444444445), (4, 0.0002333333333333333, 0.4926722222222221), (0, 0, 0), (2, 0.0, 0.0022833333333333334), (2, 0.0, 0.0010555555555555555), (0, 0, 0), (6, 0.0, 0.0002833333333333333), (0, 0, 0), (3, 0.0009, 0.029877777777777774), (3, 0.00125, 0.027633333333333336), (0, 0, 0), (4, 0.0115, 0.20264444444444438), (2, 6.666666666666667e-05, 0.0023833333333333337)]","[(32212, 67.1, 10.11), (32204, 67.05643333333333, 10.097911111111111), (32210, 67.1, 10.109477777777776), (32209, 67.09208333333332, 10.106555555555556), (32208, 67.09976666666667, 9.617327777777778), (32212, 67.1, 10.11), (32210, 67.1, 10.107716666666667), (32210, 67.1, 10.108944444444443), (32212, 51.900000000000006, 6.1899999999999995), (32206, 51.900000000000006, 6.1897166666666665), (32212, 51.900000000000006, 6.1899999999999995), (32209, 51.899100000000004, 6.160122222222221), (32209, 51.89875000000001, 6.162366666666666), (32212, 51.900000000000006, 6.1899999999999995), (32208, 51.88850000000001, 5.987355555555555), (32210, 51.89993333333334, 6.187616666666666)]"
82,"[0.0, 100.0, 100.0, 100.0, 100.0, 0.0, 100.0, 100.0, 0.0, 100.0, 0.0, 100.0, 100.0, 0.0, 100.0, 100.0]","[0, 3, 1, 1, 2, 0, 1, 1, 0, 2, 0, 1, 1, 0, 2, 1]","[2.45, 4.75, 4.75, 4.75, 4.75, 2.45, 4.75, 4.75, 2.65, 5.05, 2.65, 5.05, 5.05, 2.65, 5.05, 5.05]","[0, 3037.943268763014, 1121.8672446314667, 1252.0270875152155, 2944.901428488702, 0, 2394.2787688359367, 652.7155422502, 0, 2230.379284327827, 0, 2842.73561978406, 3601.346184986549, 0, 2066.5542126714618, 0]","[4029, 991.0567312369858, 2907.1327553685333, 2776.9729124847845, 1084.098571511298, 4029, 1634.7212311640633, 3376.2844577498, 4029, 1798.620715672173, 4029, 1186.26438021594, 427.6538150134511, 4029, 1962.4457873285382, 4029]","[4029, 4029, 4029, 4029, 4029, 4029, 4029, 4029, 4029, 4029, 4029, 4029, 4029, 4029, 4029, 4029]","[0, 4029, 4029, 4029, 4029, 0, 4029, 4029, 0, 4029, 0, 4029, 4029, 0, 4029, 4029]","[(0, 0, 0), (1147.8394666666668, 0.05446666666666668, 0.031933333333333334), (461.3726, 0.008400000000000001, 0.008866666666666667), (301.98940000000005, 0.0, 0.0), (494.2280666666667, 0.8194666666666666, 0.2376666666666667), (0, 0, 0), (100.6632, 0.009266666666666668, 0.010733333333333333), (433.41086666666666, 0.0023333333333333335, 0.0030666666666666668), (0, 0, 0), (137.0138, 0.0, 0.002), (0, 0, 0), (97.86666666666669, 0.0338, 0.023066666666666666), (130.0228, 0.042466666666666666, 0.027733333333333336), (0, 0, 0), (689.2634666666668, 0.47046666666666664, 0.15213333333333334), (258.64813333333325, 0.0011333333333333332, 0.0015333333333333334)]","[(4295, 1860.0, 1000.0), (3147.160533333333, 1859.9455333333333, 999.9680666666667), (3833.6274, 1859.9916, 999.9911333333333), (3993.0106, 1860.0, 1000.0), (3800.7719333333334, 1859.1805333333334, 999.7623333333333), (4295, 1860.0, 1000.0), (4194.3368, 1859.9907333333333, 999.9892666666667), (3861.5891333333334, 1859.9976666666666, 999.9969333333333), (8192, 1800.0, 1525.0), (8054.9862, 1800.0, 1524.998), (8192, 1800.0, 1525.0), (8094.133333333333, 1799.9662, 1524.9769333333334), (8061.9772, 1799.9575333333332, 1524.9722666666667), (8192, 1800.0, 1525.0), (7502.736533333333, 1799.5295333333333, 1524.8478666666667), (7933.351866666667, 1799.9988666666666, 1524.9984666666667)]","[(0, 0, 0), (8, 0.016566666666666667, 0.011561111111111112), (2, 0.0, 0.0004944444444444445), (3, 0.00785, 0.003533333333333333), (4, 0.00013333333333333334, 0.34715), (0, 0, 0), (2, 0.0, 0.002338888888888889), (1, 0.011300000000000001, 0.0010833333333333333), (0, 0, 0), (6, 0.008, 0.00039999999999999996), (0, 0, 0), (3, 0.0, 0.02947777777777778), (3, 0.0008, 0.02777777777777778), (0, 0, 0), (4, 0.015366666666666669, 0.27746111111111116), (2, 0.0010333333333333334, 0.0024222222222222223)]","[(32212, 67.1, 10.11), (32204, 67.08343333333333, 10.098438888888888), (32210, 67.1, 10.109505555555556), (32209, 67.09214999999999, 10.106466666666666), (32208, 67.09986666666666, 9.76285), (32212, 67.1, 10.11), (32210, 67.1, 10.10766111111111), (32211, 67.08869999999999, 10.108916666666666), (32212, 51.900000000000006, 6.1899999999999995), (32206, 51.892, 6.1895999999999995), (32212, 51.900000000000006, 6.1899999999999995), (32209, 51.900000000000006, 6.160522222222221), (32209, 51.89920000000001, 6.162222222222222), (32212, 51.900000000000006, 6.1899999999999995), (32208, 51.88463333333334, 5.912538888888888), (32210, 51.898966666666674, 6.187577777777777)]"
83,"[0.0, 100.0, 100.0, 100.0, 100.0, 0.0, 100.0, 100.0, 0.0, 100.0, 0.0, 100.0, 100.0, 0.0, 100.0, 0.0]","[0, 3, 1, 1, 2, 0, 2, 1, 0, 2, 0, 1, 1, 0, 2, 0]","[2.45, 4.75, 4.75, 4.75, 4.75, 2.45, 4.75, 4.75, 2.65, 5.05, 2.65, 5.05, 5.05, 2.65, 5.05, 2.65]","[0, 3109.1394733523803, 1035.0560887968888, 0, 2544.2345763682465, 0, 3491.6669031130323, 634.9142092797401, 0, 2373.9516035285696, 0, 2867.38361648739, 3261.75156374067, 0, 2689.438721871489, 0]","[4029, 919.8605266476197, 2993.9439112031114, 4029, 1484.7654236317535, 4029, 537.3330968869677, 3394.08579072026, 4029, 1655.0483964714304, 4029, 1161.61638351261, 767.24843625933, 4029, 1339.5612781285108, 4029]","[4029, 4029, 4029, 4029, 4029, 4029, 4029, 4029, 4029, 4029, 4029, 4029, 4029, 4029, 4029, 4029]","[0, 4029, 4029, 4029, 4029, 0, 4029, 4029, 0, 4029, 0, 4029, 4029, 0, 4029, 0]","[(0, 0, 0), (1042.9818, 0.06173333333333335, 0.04466666666666667), (448.7898, 0.009933333333333334, 0.0104), (328.5532, 0.0, 0.0), (498.4222, 0.7158, 0.1946), (0, 0, 0), (616.5622, 0.010866666666666667, 0.011733333333333333), (398.45840000000004, 0.0016666666666666668, 0.0003333333333333333), (0, 0, 0), (254.4542, 6.666666666666668e-05, 0.0026), (0, 0, 0), (98.5656, 0.03406666666666667, 0.023066666666666666), (110.44946666666667, 0.04046666666666667, 0.026666666666666672), (0, 0, 0), (764.7605333333333, 0.6937333333333333, 0.22686666666666666), (0, 0, 0)]","[(4295, 1860.0, 1000.0), (3252.0182, 1859.9382666666668, 999.9553333333333), (3846.2102, 1859.9900666666667, 999.9896), (3966.4468, 1860.0, 1000.0), (3796.5778, 1859.2842, 999.8054), (4295, 1860.0, 1000.0), (3678.4378, 1859.9891333333333, 999.9882666666666), (3896.5416, 1859.9983333333332, 999.9996666666667), (8192, 1800.0, 1525.0), (7937.5458, 1799.9999333333333, 1524.9974), (8192, 1800.0, 1525.0), (8093.4344, 1799.9659333333334, 1524.9769333333334), (8081.550533333333, 1799.9595333333334, 1524.9733333333334), (8192, 1800.0, 1525.0), (7427.239466666667, 1799.3062666666667, 1524.7731333333334), (8192, 1800.0, 1525.0)]","[(0, 0, 0), (8, 0.007016666666666667, 0.011894444444444445), (2, 0.0, 0.0004944444444444445), (3, 0.007816666666666666, 0.003527777777777778), (4, 1.666666666666667e-05, 0.19330555555555556), (0, 0, 0), (4, 0.0, 0.0034166666666666664), (1, 0.015133333333333334, 0.0009777777777777777), (0, 0, 0), (6, 0.03166666666666667, 0.0017722222222222221), (0, 0, 0), (3, 0.0, 0.029166666666666667), (3, 0.00011666666666666667, 0.02971666666666666), (0, 0, 0), (4, 0.011833333333333333, 0.49294444444444435), (0, 0, 0)]","[(32212, 67.1, 10.11), (32204, 67.09298333333332, 10.098105555555556), (32210, 67.1, 10.109505555555556), (32209, 67.09218333333332, 10.106472222222221), (32208, 67.09998333333333, 9.916694444444444), (32212, 67.1, 10.11), (32208, 67.1, 10.106583333333333), (32211, 67.08486666666666, 10.109022222222222), (32212, 51.900000000000006, 6.1899999999999995), (32206, 51.86833333333334, 6.188227777777778), (32212, 51.900000000000006, 6.1899999999999995), (32209, 51.900000000000006, 6.160833333333333), (32209, 51.89988333333334, 6.160283333333333), (32212, 51.900000000000006, 6.1899999999999995), (32208, 51.88816666666667, 5.697055555555555), (32212, 51.900000000000006, 6.1899999999999995)]"
84,"[0.0, 100.0, 100.0, 0.0, 100.0, 0.0, 100.0, 100.0, 0.0, 100.0, 0.0, 100.0, 100.0, 0.0, 99.97517994539588, 100.0]","[0, 3, 1, 0, 2, 0, 2, 1, 0, 2, 0, 1, 1, 0, 2, 1]","[2.45, 4.75, 4.75, 2.45, 4.75, 2.45, 4.75, 4.75, 2.65, 5.05, 2.65, 5.05, 5.05, 2.65, 5.048237776123107, 5.05]","[0, 3098.741670827284, 1051.750541842, 0, 2166.939952812238, 0, 3557.700710454208, 0, 0, 2210.3459374626063, 0, 3604.08485128692, 3502.7541981732297, 0, 2392.6585969157445, 2006.6731654957287]","[4029, 930.258329172716, 2977.249458158, 4029, 1862.060047187762, 4029, 471.2992895457919, 4029, 4029, 1818.6540625373937, 4029, 424.9151487130798, 526.2458018267703, 4029, 1636.3414030842555, 2022.3268345042713]","[4029, 4029, 4029, 4029, 4029, 4029, 4029, 4029, 4029, 4029, 4029, 4029, 4029, 4029, 4029, 4029]","[0, 4029, 4029, 0, 4029, 0, 4029, 4029, 0, 4029, 0, 4029, 4029, 0, 4028, 4029]","[(0, 0, 0), (1162.5195333333334, 0.06266666666666668, 0.04106666666666667), (450.1882666666667, 0.0092, 0.009466666666666667), (0, 0, 0), (488.63559999999995, 0.5966666666666667, 0.1568), (0, 0, 0), (687.8652, 0.010933333333333333, 0.012266666666666665), (349.5247333333333, 0.0023333333333333335, 0.003), (0, 0, 0), (274.0276, 6.666666666666668e-05, 0.002066666666666667), (0, 0, 0), (159.383, 0.27046666666666663, 0.022466666666666666), (119.5372, 0.03373333333333334, 0.02686666666666667), (0, 0, 0), (693.4574666666666, 0.5524666666666667, 0.17913333333333334), (306.18366666666674, 0.5942000000000001, 0.19193333333333337)]","[(4295, 1860.0, 1000.0), (3132.480466666667, 1859.9373333333333, 999.9589333333333), (3844.8117333333334, 1859.9908, 999.9905333333334), (4295, 1860.0, 1000.0), (3806.3644, 1859.4033333333334, 999.8432), (4295, 1860.0, 1000.0), (3607.1348, 1859.9890666666668, 999.9877333333334), (3945.475266666667, 1859.9976666666666, 999.997), (8192, 1800.0, 1525.0), (7917.9724, 1799.9999333333333, 1524.9979333333333), (8192, 1800.0, 1525.0), (8032.617, 1799.7295333333334, 1524.9775333333334), (8072.4628, 1799.9662666666666, 1524.9731333333334), (8192, 1800.0, 1525.0), (7498.542533333333, 1799.4475333333332, 1524.8208666666667), (7885.816333333333, 1799.4058, 1524.8080666666667)]","[(0, 0, 0), (8, 0.1053, 0.02547777777777778), (2, 0.0, 0.0005166666666666667), (0, 0, 0), (4, 0.0, 0.12292777777777777), (0, 0, 0), (4, 0.0, 0.0028833333333333332), (1, 0.01145, 0.0009944444444444447), (0, 0, 0), (6, 0.0, 0.0002833333333333333), (0, 0, 0), (3, 0.0013666666666666669, 0.02918888888888889), (3, 0.0013666666666666669, 0.04000555555555556), (0, 0, 0), (4, 0.015666666666666666, 0.3471444444444445), (3, 0.011550000000000001, 0.43049444444444446)]","[(32212, 67.1, 10.11), (32204, 66.9947, 10.08452222222222), (32210, 67.1, 10.109483333333333), (32212, 67.1, 10.11), (32208, 67.1, 9.987072222222222), (32212, 67.1, 10.11), (32208, 67.1, 10.107116666666666), (32211, 67.08855, 10.109005555555555), (32212, 51.900000000000006, 6.1899999999999995), (32206, 51.900000000000006, 6.1897166666666665), (32212, 51.900000000000006, 6.1899999999999995), (32209, 51.898633333333336, 6.16081111111111), (32209, 51.898633333333336, 6.149994444444444), (32212, 51.900000000000006, 6.1899999999999995), (32208, 51.88433333333334, 5.8428555555555555), (32209, 51.888450000000006, 5.759505555555555)]"
85,"[0.0, 100.0, 100.0, 0.0, 100.0, 0.0, 100.0, 100.0, 0.0, 100.0, 0.0, 100.0, 100.0, 0.0, 99.97517994539588, 100.0]","[0, 3, 1, 0, 2, 0, 2, 1, 0, 2, 0, 1, 1, 0, 2, 1]","[2.45, 4.75, 4.75, 2.45, 4.75, 2.45, 4.75, 4.75, 2.65, 5.05, 2.65, 5.05, 5.05, 2.65, 5.048237776123107, 5.05]","[0, 3077.2294472176545, 1055.0894324510223, 0, 2260.428886902535, 0, 1121.8672446314667, 3752.9130163235823, 0, 2250.412631193047, 0, 4107.999450555, 2935.85027399664, 0, 1953.7668161345098, 1352.2506356501997]","[4029, 951.7705527823455, 2973.9105675489777, 4029, 1768.571113097465, 4029, 2907.1327553685333, 276.08698367641773, 4029, 1778.5873688069528, 4029, -78.9994505550003, 1093.1497260033598, 4029, 2075.23318386549, 2676.7493643498]","[4029, 4029, 4029, 4029, 4029, 4029, 4029, 4029, 4029, 4029, 4029, 4029, 4029, 4029, 4029, 4029]","[0, 4029, 4029, 0, 4029, 0, 4029, 4029, 0, 4029, 0, 4029, 4029, 0, 4028, 4029]","[(0, 0, 0), (1356.1571333333334, 0.0632, 0.04646666666666666), (461.373, 0.0016666666666666668, 0.0013333333333333333), (0, 0, 0), (428.5172666666667, 0.6600666666666668, 0.1716), (0, 0, 0), (729.8078, 0.017733333333333337, 0.019266666666666668), (388.67179999999996, 7.663399999999999, 2.4918666666666667), (0, 0, 0), (173.3644, 0.0, 0.002), (0, 0, 0), (234.88039999999998, 0.2981333333333333, 0.018066666666666665), (105.55626666666666, 0.03646666666666667, 0.024466666666666664), (0, 0, 0), (624.9508, 0.4265333333333333, 0.14226666666666668), (281.018, 0.42160000000000003, 0.13533333333333333)]","[(4295, 1860.0, 1000.0), (2938.842866666667, 1859.9368, 999.9535333333333), (3833.627, 1859.9983333333332, 999.9986666666666), (4295, 1860.0, 1000.0), (3866.4827333333333, 1859.3399333333334, 999.8284), (4295, 1860.0, 1000.0), (3565.1922, 1859.9822666666666, 999.9807333333333), (3906.3282, 1852.3366, 997.5081333333334), (8192, 1800.0, 1525.0), (8018.6356, 1800.0, 1524.998), (8192, 1800.0, 1525.0), (7957.1196, 1799.7018666666668, 1524.9819333333332), (8086.4437333333335, 1799.9635333333333, 1524.9755333333333), (8192, 1800.0, 1525.0), (7567.0492, 1799.5734666666667, 1524.8577333333333), (7910.982, 1799.5784, 1524.8646666666666)]","[(0, 0, 0), (8, 0.012783333333333334, 0.011127777777777778), (2, 0.0, 0.01923888888888889), (0, 0, 0), (4, 5e-05, 0.2020833333333334), (0, 0, 0), (4, 0.0, 0.0029000000000000002), (2, 0.0, 0.016355555555555557), (0, 0, 0), (6, 0.056083333333333346, 0.01726666666666667), (0, 0, 0), (3, 8.333333333333333e-05, 0.02883888888888889), (3, 0.0, 0.024422222222222224), (0, 0, 0), (4, 0.011766666666666667, 0.19343333333333335), (3, 1.666666666666667e-05, 0.2272388888888889)]","[(32212, 67.1, 10.11), (32204, 67.08721666666666, 10.098872222222221), (32210, 67.1, 10.09076111111111), (32212, 67.1, 10.11), (32208, 67.09994999999999, 9.907916666666665), (32212, 67.1, 10.11), (32208, 67.1, 10.107099999999999), (32210, 67.1, 10.093644444444443), (32212, 51.900000000000006, 6.1899999999999995), (32206, 51.84391666666667, 6.1727333333333325), (32212, 51.900000000000006, 6.1899999999999995), (32209, 51.89991666666667, 6.16116111111111), (32209, 51.900000000000006, 6.165577777777777), (32212, 51.900000000000006, 6.1899999999999995), (32208, 51.88823333333334, 5.996566666666666), (32209, 51.89998333333334, 5.962761111111111)]"
86,"[0.0, 100.0, 100.0, 0.0, 100.0, 0.0, 100.0, 100.0, 0.0, 100.0, 0.0, 100.0, 100.0, 0.0, 100.0, 100.0]","[0, 3, 1, 0, 2, 0, 1, 1, 0, 2, 0, 1, 1, 0, 2, 1]","[2.45, 4.75, 4.75, 2.45, 4.75, 2.45, 4.75, 4.75, 2.65, 5.05, 2.65, 5.05, 5.05, 2.65, 5.05, 5.05]","[0, 3136.9301023043968, 0, 0, 3549.2405572744774, 0, 1035.0560887968888, 2794.65141873918, 0, 2253.75152233725, 0, 3519.18619597545, 2837.2582871833197, 0, 961.60045201792, 1409.0117734429248]","[4029, 892.0698976956032, 4029, 4029, 479.7594427255226, 4029, 2993.9439112031114, 1234.34858126082, 4029, 1775.2484776627498, 4029, 509.8138040245499, 1191.7417128166803, 4029, 3067.39954798208, 2619.988226557075]","[4029, 4029, 4029, 4029, 4029, 4029, 4029, 4029, 4029, 4029, 4029, 4029, 4029, 4029, 4029, 4029]","[0, 4029, 4029, 0, 4029, 0, 4029, 4029, 0, 4029, 0, 4029, 4029, 0, 4029, 4029]","[(0, 0, 0), (1142.2472, 0.05446666666666666, 0.03186666666666667), (450.1881333333334, 0.0015333333333333334, 0.0012), (0, 0, 0), (573.2207333333333, 0.8825333333333334, 0.22360000000000002), (0, 0, 0), (448.7898, 0.009933333333333334, 0.0104), (651.5146, 19.004533333333335, 2.486266666666667), (0, 0, 0), (156.5872, 0.0, 0.002), (0, 0, 0), (221.59853333333334, 0.0404, 0.026733333333333335), (111.8476, 0.035666666666666666, 0.024), (0, 0, 0), (592.7942, 0.31666666666666665, 0.10226666666666666), (255.852, 0.49213333333333326, 0.15953333333333333)]","[(4295, 1860.0, 1000.0), (3152.7528, 1859.9455333333333, 999.9681333333333), (3844.8118666666664, 1859.9984666666667, 999.9988), (4295, 1860.0, 1000.0), (3721.7792666666664, 1859.1174666666666, 999.7764), (4295, 1860.0, 1000.0), (3846.2102, 1859.9900666666667, 999.9896), (3643.4854, 1840.9954666666667, 997.5137333333333), (8192, 1800.0, 1525.0), (8035.4128, 1800.0, 1524.998), (8192, 1800.0, 1525.0), (7970.401466666666, 1799.9596, 1524.9732666666666), (8080.1524, 1799.9643333333333, 1524.976), (8192, 1800.0, 1525.0), (7599.2058, 1799.6833333333334, 1524.8977333333332), (7936.148, 1799.5078666666666, 1524.8404666666668)]","[(0, 0, 0), (8, 0.381, 0.03228888888888889), (2, 0.0, 0.0005), (0, 0, 0), (4, 0.0017833333333333332, 0.2840277777777778), (0, 0, 0), (2, 0.0, 0.0004944444444444445), (2, 0.0, 0.0053), (0, 0, 0), (6, 0.0, 0.0), (0, 0, 0), (3, 0.0, 0.02946666666666667), (3, 0.0, 0.028383333333333337), (0, 0, 0), (4, 0.015733333333333332, 0.12292777777777777), (3, 8.333333333333333e-05, 0.28617777777777775)]","[(32212, 67.1, 10.11), (32204, 66.719, 10.07771111111111), (32210, 67.1, 10.109499999999999), (32212, 67.1, 10.11), (32208, 67.09821666666666, 9.825972222222221), (32212, 67.1, 10.11), (32210, 67.1, 10.109505555555556), (32210, 67.1, 10.1047), (32212, 51.900000000000006, 6.1899999999999995), (32206, 51.900000000000006, 6.1899999999999995), (32212, 51.900000000000006, 6.1899999999999995), (32209, 51.900000000000006, 6.1605333333333325), (32209, 51.900000000000006, 6.161616666666666), (32212, 51.900000000000006, 6.1899999999999995), (32208, 51.884266666666676, 6.0670722222222215), (32209, 51.89991666666667, 5.903822222222222)]"
87,"[0.0, 100.0, 0.0, 0.0, 100.0, 0.0, 100.0, 100.0, 0.0, 100.0, 0.0, 100.0, 100.0, 0.0, 100.0, 100.0]","[0, 3, 0, 0, 1, 0, 2, 1, 0, 2, 0, 1, 1, 0, 2, 1]","[2.45, 4.75, 2.45, 2.45, 4.75, 2.45, 4.75, 4.75, 2.65, 5.05, 2.65, 5.05, 5.05, 2.65, 5.05, 5.05]","[0, 1602.6674495184602, 0, 0, 2160.2621265819243, 0, 1569.2785630701833, 1739.5619942211624, 0, 1105.1729687313032, 0, 3576.69818828322, 2777.0076285751793, 0, 1650.6807916599287, 1816.3564093671823]","[4029, 2426.33255048154, 4029, 4029, 1868.7378734180757, 4029, 2459.7214369298167, 2289.4380057788376, 4029, 2923.827031268697, 4029, 452.30181171677987, 1251.9923714248207, 4029, 2378.3192083400713, 2212.643590632818]","[4029, 4029, 4029, 4029, 4029, 4029, 4029, 4029, 4029, 4029, 4029, 4029, 4029, 4029, 4029, 4029]","[0, 4029, 0, 0, 4029, 0, 4029, 4029, 0, 4029, 0, 4029, 4029, 0, 4029, 4029]","[(0, 0, 0), (1245.0077999999999, 0.05453333333333333, 0.031933333333333334), (0, 0, 0), (0, 0, 0), (278.22166666666675, 0.49906666666666666, 0.15853333333333333), (0, 0, 0), (508.9084666666667, 0.013933333333333332, 0.0096), (369.0984, 16.1096, 2.579733333333333), (0, 0, 0), (201.32639999999998, 0.0, 0.002), (0, 0, 0), (117.44013333333332, 0.04193333333333333, 0.027666666666666673), (115.3428, 0.03426666666666667, 0.023266666666666665), (0, 0, 0), (466.96506666666664, 0.3736666666666667, 0.11913333333333333), (226.49179999999998, 0.6, 0.19540000000000002)]","[(4295, 1860.0, 1000.0), (3049.9922, 1859.9454666666666, 999.9680666666667), (4295, 1860.0, 1000.0), (4295, 1860.0, 1000.0), (4016.778333333333, 1859.5009333333333, 999.8414666666666), (4295, 1860.0, 1000.0), (3786.0915333333332, 1859.9860666666666, 999.9904), (3925.9016, 1843.8904, 997.4202666666666), (8192, 1800.0, 1525.0), (7990.6736, 1800.0, 1524.998), (8192, 1800.0, 1525.0), (8074.5598666666665, 1799.9580666666666, 1524.9723333333334), (8076.6572, 1799.9657333333334, 1524.9767333333334), (8192, 1800.0, 1525.0), (7725.034933333333, 1799.6263333333334, 1524.8808666666666), (7965.5082, 1799.4, 1524.8046)]","[(0, 0, 0), (8, 0.0831, 0.006411111111111112), (0, 0, 0), (0, 0, 0), (3, 0.04115, 0.5988777777777777), (0, 0, 0), (4, 0.0, 0.001611111111111111), (2, 0.0, 0.00225), (0, 0, 0), (6, 0.0, 2.2222222222222223e-05), (0, 0, 0), (3, 0.0027166666666666667, 0.027800000000000002), (3, 0.0, 0.027411111111111112), (0, 0, 0), (5, 0.003766666666666667, 0.20381111111111117), (3, 0.00016666666666666666, 0.37338333333333334)]","[(32212, 67.1, 10.11), (32204, 67.01689999999999, 10.103588888888888), (32212, 67.1, 10.11), (32212, 67.1, 10.11), (32209, 67.05884999999999, 9.511122222222221), (32212, 67.1, 10.11), (32208, 67.1, 10.108388888888888), (32210, 67.1, 10.10775), (32212, 51.900000000000006, 6.1899999999999995), (32206, 51.900000000000006, 6.189977777777777), (32212, 51.900000000000006, 6.1899999999999995), (32209, 51.89728333333334, 6.1621999999999995), (32209, 51.900000000000006, 6.162588888888888), (32212, 51.900000000000006, 6.1899999999999995), (32207, 51.89623333333334, 5.986188888888888), (32209, 51.89983333333334, 5.8166166666666665)]"
88,"[0.0, 100.0, 0.0, 0.0, 100.0, 0.0, 100.0, 100.0, 0.0, 100.0, 100.0, 100.0, 100.0, 0.0, 100.0, 100.0]","[0, 2, 0, 0, 1, 0, 2, 1, 0, 1, 1, 1, 1, 0, 2, 1]","[2.45, 4.75, 2.45, 2.45, 4.75, 2.45, 4.75, 4.75, 2.65, 5.05, 5.05, 5.05, 5.05, 2.65, 5.05, 5.05]","[0, 1632.7174652529866, 0, 0, 3262.0959778524575, 0, 1565.9396727601322, 1826.3731494030244, 0, 0, 744.572766635591, 3261.75156374067, 3089.2155868173595, 0, 4184.154645187922, 2230.3788262082307]","[4029, 2396.2825347470134, 4029, 4029, 766.9040221475425, 4029, 2463.0603272398675, 2202.6268505969756, 4029, 4029, 3284.427233364409, 767.24843625933, 939.7844131826405, 4029, -155.15464518792214, 1798.6211737917693]","[4029, 4029, 4029, 4029, 4029, 4029, 4029, 4029, 4029, 4029, 4029, 4029, 4029, 4029, 4029, 4029]","[0, 4029, 0, 0, 4029, 0, 4029, 4029, 0, 4029, 4029, 4029, 4029, 0, 4029, 4029]","[(0, 0, 0), (593.4928666666666, 0.05513333333333333, 0.03253333333333333), (0, 0, 0), (0, 0, 0), (392.8656, 0.7547333333333333, 0.24346666666666666), (0, 0, 0), (511.70459999999997, 0.006333333333333334, 0.0014666666666666667), (268.4352, 13.852799999999998, 1.682), (0, 0, 0), (75.4974, 0.0, 0.001), (142.60586666666666, 0.0007333333333333332, 0.0006), (115.3428, 0.04046666666666667, 0.026666666666666672), (111.1486, 0.03153333333333334, 0.0434), (0, 0, 0), (591.3959333333332, 0.5744666666666667, 0.17153333333333334), (209.7148, 0.7276, 0.23566666666666664)]","[(4295, 1860.0, 1000.0), (3701.5071333333335, 1859.9448666666667, 999.9674666666666), (4295, 1860.0, 1000.0), (4295, 1860.0, 1000.0), (3902.1344, 1859.2452666666666, 999.7565333333333), (4295, 1860.0, 1000.0), (3783.2954, 1859.9936666666667, 999.9985333333333), (4026.5648, 1846.1472, 998.318), (8192, 1800.0, 1525.0), (8116.5026, 1800.0, 1524.999), (8049.394133333333, 1799.9992666666667, 1524.9994), (8076.6572, 1799.9595333333334, 1524.9733333333334), (8080.8514, 1799.9684666666667, 1524.9566), (8192, 1800.0, 1525.0), (7600.604066666667, 1799.4255333333333, 1524.8284666666666), (7982.2852, 1799.2724, 1524.7643333333333)]","[(0, 0, 0), (5, 0.0, 0.0015944444444444443), (0, 0, 0), (0, 0, 0), (3, 0.00026666666666666673, 1.4022944444444445), (0, 0, 0), (4, 0.0, 0.020294444444444445), (2, 0.0, 0.005916666666666666), (0, 0, 0), (3, 0.048083333333333346, 0.01686666666666667), (1, 0.0, 0.02883888888888889), (3, 0.0, 0.025622222222222223), (3, 0.0009, 0.029877777777777774), (0, 0, 0), (5, 0.002183333333333333, 0.2858055555555556), (3, 0.00021666666666666668, 0.5190777777777777)]","[(32212, 67.1, 10.11), (32207, 67.1, 10.108405555555555), (32212, 67.1, 10.11), (32212, 67.1, 10.11), (32209, 67.09973333333333, 8.707705555555554), (32212, 67.1, 10.11), (32208, 67.1, 10.089705555555556), (32210, 67.1, 10.104083333333334), (32212, 51.900000000000006, 6.1899999999999995), (32209, 51.851916666666675, 6.1731333333333325), (32211, 51.900000000000006, 6.16116111111111), (32209, 51.900000000000006, 6.164377777777777), (32209, 51.899100000000004, 6.160122222222221), (32212, 51.900000000000006, 6.1899999999999995), (32207, 51.89781666666667, 5.904194444444444), (32209, 51.89978333333334, 5.670922222222222)]"
89,"[0.0, 100.0, 0.0, 0.0, 100.0, 0.0, 100.0, 100.0, 0.0, 0.0, 100.0, 100.0, 100.0, 0.0, 100.0, 100.0]","[0, 2, 0, 0, 1, 0, 2, 1, 0, 0, 1, 1, 1, 0, 2, 1]","[2.45, 4.75, 2.45, 2.45, 4.75, 2.45, 4.75, 4.75, 2.65, 2.65, 5.05, 5.05, 5.05, 2.65, 5.05, 5.05]","[0, 1098.4950103683113, 0, 0, 3983.2963168658976, 0, 1549.245219715021, 1612.6841520322869, 0, 0, 554.2559608139378, 3409.63954396065, 2842.73561978406, 0, 2718.0371197021464, 1318.8617310662446]","[4029, 2930.5049896316887, 4029, 4029, 45.70368313410245, 4029, 2479.754780284979, 2416.315847967713, 4029, 4029, 3474.7440391860623, 619.3604560393501, 1186.26438021594, 4029, 1310.9628802978536, 2710.138268933755]","[4029, 4029, 4029, 4029, 4029, 4029, 4029, 4029, 4029, 4029, 4029, 4029, 4029, 4029, 4029, 4029]","[0, 4029, 0, 0, 4029, 0, 4029, 4029, 0, 0, 4029, 4029, 4029, 0, 4029, 4029]","[(0, 0, 0), (631.2419333333333, 0.055, 0.037066666666666664), (0, 0, 0), (0, 0, 0), (432.01279999999997, 0.8446, 0.2776), (0, 0, 0), (497.72353333333336, 0.006066666666666666, 0.0013333333333333333), (383.0794, 15.210066666666668, 1.8525333333333331), (0, 0, 0), (0, 0, 0), (98.56566666666669, 0.0007333333333333332, 0.0002666666666666667), (132.12006666666667, 0.0338, 0.0268), (97.86666666666669, 0.0338, 0.023066666666666666), (0, 0, 0), (566.23, 0.5002, 0.15993333333333334), (255.852, 0.40273333333333333, 0.13053333333333333)]","[(4295, 1860.0, 1000.0), (3663.7580666666668, 1859.945, 999.9629333333334), (4295, 1860.0, 1000.0), (4295, 1860.0, 1000.0), (3862.9872, 1859.1554, 999.7224), (4295, 1860.0, 1000.0), (3797.2764666666667, 1859.9939333333334, 999.9986666666666), (3911.9206, 1844.7899333333332, 998.1474666666667), (8192, 1800.0, 1525.0), (8192, 1800.0, 1525.0), (8093.434333333334, 1799.9992666666667, 1524.9997333333333), (8059.879933333334, 1799.9662, 1524.9732), (8094.133333333333, 1799.9662, 1524.9769333333334), (8192, 1800.0, 1525.0), (7625.77, 1799.4998, 1524.8400666666666), (7936.148, 1799.5972666666667, 1524.8694666666668)]","[(0, 0, 0), (5, 0.0, 0.0017222222222222222), (0, 0, 0), (0, 0, 0), (3, 0.0, 1.846088888888889), (0, 0, 0), (4, 0.0, 0.0016222222222222222), (2, 0.0, 0.0036999999999999997), (0, 0, 0), (0, 0, 0), (1, 0.0, 0.0016666666666666668), (3, 0.0, 0.03398333333333334), (3, 0.0, 0.02947777777777778), (0, 0, 0), (5, 0.041416666666666664, 0.6013333333333333), (3, 5e-05, 0.20164999999999994)]","[(32212, 67.1, 10.11), (32207, 67.1, 10.108277777777777), (32212, 67.1, 10.11), (32212, 67.1, 10.11), (32209, 67.1, 8.26391111111111), (32212, 67.1, 10.11), (32208, 67.1, 10.108377777777777), (32210, 67.1, 10.1063), (32212, 51.900000000000006, 6.1899999999999995), (32212, 51.900000000000006, 6.1899999999999995), (32211, 51.900000000000006, 6.188333333333333), (32209, 51.900000000000006, 6.156016666666666), (32209, 51.900000000000006, 6.160522222222221), (32212, 51.900000000000006, 6.1899999999999995), (32207, 51.858583333333335, 5.588666666666667), (32209, 51.899950000000004, 5.98835)]"
90,"[0.0, 0.0, 0.0, 0.0, 100.0, 100.0, 100.0, 100.0, 0.0, 0.0, 100.0, 100.0, 100.0, 100.0, 100.0, 100.0]","[0, 0, 0, 0, 1, 1, 2, 1, 0, 0, 1, 2, 1, 1, 2, 1]","[2.45, 2.45, 2.45, 2.45, 4.75, 4.75, 4.75, 4.75, 2.65, 2.65, 5.05, 5.05, 5.05, 5.05, 5.05, 5.05]","[0, 0, 0, 0, 3906.5018363228, 3121.8625785998443, 1582.6341258052432, 1499.1618721790824, 0, 0, 597.6615481065954, 3977.5841440115737, 2867.38361648739, 777.9614183128089, 3852.506741846735, 0]","[4029, 4029, 4029, 4029, 122.49816367719995, 907.1374214001557, 2446.3658741947565, 2529.8381278209176, 4029, 4029, 3431.3384518934045, 51.4158559884263, 1161.61638351261, 3251.0385816871913, 176.49325815326483, 4029]","[4029, 4029, 4029, 4029, 4029, 4029, 4029, 4029, 4029, 4029, 4029, 4029, 4029, 4029, 4029, 4029]","[0, 0, 0, 0, 4029, 4029, 4029, 4029, 0, 0, 4029, 4029, 4029, 4029, 4029, 4029]","[(0, 0, 0), (0, 0, 0), (0, 0, 0), (0, 0, 0), (339.7382, 0.8196, 0.2693333333333333), (0.0, 0.0, 0.0), (527.0835333333333, 0.007066666666666667, 0.0021333333333333334), (279.62, 9.749466666666667, 1.610333333333333), (0, 0, 0), (0, 0, 0), (121.6344, 0.0005333333333333334, 0.0002), (581.6092, 0.038733333333333335, 0.02606666666666667), (98.5656, 0.03406666666666667, 0.023066666666666666), (123.73126666666663, 0.009733333333333332, 0.0028), (704.6414666666666, 0.7558666666666666, 0.245), (213.9092, 0.46873333333333334, 0.15180000000000002)]","[(4295, 1860.0, 1000.0), (4295, 1860.0, 1000.0), (4295, 1860.0, 1000.0), (4295, 1860.0, 1000.0), (3955.2618, 1859.1804, 999.7306666666667), (4295.0, 1860.0, 1000.0), (3767.9164666666666, 1859.9929333333334, 999.9978666666667), (4015.38, 1850.2505333333334, 998.3896666666667), (8192, 1800.0, 1525.0), (8192, 1800.0, 1525.0), (8070.3656, 1799.9994666666666, 1524.9998), (7610.3908, 1799.9612666666667, 1524.9739333333334), (8093.4344, 1799.9659333333334, 1524.9769333333334), (8068.268733333333, 1799.9902666666667, 1524.9972), (7487.358533333333, 1799.2441333333334, 1524.755), (7978.0908, 1799.5312666666666, 1524.8482)]","[(0, 0, 0), (0, 0, 0), (0, 0, 0), (0, 0, 0), (3, 3.3333333333333335e-05, 1.7759777777777779), (2, 0.0, 0.0), (4, 0.0, 0.0015333333333333332), (2, 0.05768333333333333, 0.023244444444444446), (0, 0, 0), (0, 0, 0), (1, 0.0, 0.0015388888888888887), (5, 0.0, 0.03382222222222222), (3, 0.0, 0.029166666666666667), (2, 0.0, 2.2222222222222223e-05), (5, 0.00026666666666666673, 1.4046833333333335), (3, 3.3333333333333335e-05, 0.2765777777777778)]","[(32212, 67.1, 10.11), (32212, 67.1, 10.11), (32212, 67.1, 10.11), (32212, 67.1, 10.11), (32209, 67.09996666666666, 8.334022222222222), (32210, 67.1, 10.11), (32208, 67.1, 10.108466666666667), (32210, 67.04231666666666, 10.086755555555555), (32212, 51.900000000000006, 6.1899999999999995), (32212, 51.900000000000006, 6.1899999999999995), (32211, 51.900000000000006, 6.188461111111111), (32207, 51.900000000000006, 6.156177777777777), (32209, 51.900000000000006, 6.160833333333333), (32210, 51.900000000000006, 6.189977777777777), (32207, 51.89973333333334, 4.785316666666666), (32209, 51.89996666666667, 5.913422222222222)]"
91,"[0.0, 0.0, 0.0, 100.0, 100.0, 100.0, 100.0, 100.0, 0.0, 0.0, 100.0, 100.0, 100.0, 100.0, 100.0, 0.0]","[0, 0, 0, 1, 1, 1, 3, 1, 0, 0, 1, 2, 1, 1, 2, 0]","[2.45, 2.45, 2.45, 4.75, 4.75, 4.75, 4.75, 4.75, 2.65, 2.65, 5.05, 5.05, 5.05, 5.05, 5.05, 2.65]","[0, 0, 0, 1876.4565081617916, 4300.490910413475, 3065.1014408071205, 3616.01841617315, 1863.10094582612, 0, 0, 0, 3778.261728393215, 3604.08485128692, 888.1447951553957, 4517.336203895898, 0]","[4029, 4029, 4029, 2152.5434918382084, -271.4909104134749, 963.8985591928795, 412.98158382685006, 2165.89905417388, 4029, 4029, 4029, 250.73827160678502, 424.9151487130798, 3140.8552048446045, -488.3362038958976, 4029]","[4029, 4029, 4029, 4029, 4029, 4029, 4029, 4029, 4029, 4029, 4029, 4029, 4029, 4029, 4029, 4029]","[0, 0, 0, 4029, 4029, 4029, 4029, 4029, 0, 0, 4029, 4029, 4029, 4029, 4029, 0]","[(0, 0, 0), (0, 0, 0), (0, 0, 0), (258.64820000000003, 0.019533333333333337, 0.0016), (322.9608666666666, 0.8597333333333332, 0.2828), (0.0, 0.0, 0.0), (817.8882666666668, 0.6003333333333335, 0.19320000000000004), (338.34020000000004, 2.189, 3.0638666666666667), (0, 0, 0), (0, 0, 0), (125.82866666666669, 0.0007333333333333332, 0.0002666666666666667), (603.2795333333333, 0.034666666666666665, 0.024066666666666667), (159.383, 0.27046666666666663, 0.022466666666666666), (120.93533333333332, 0.045200000000000004, 0.020266666666666665), (757.7699333333333, 0.8457333333333333, 0.2790666666666667), (0, 0, 0)]","[(4295, 1860.0, 1000.0), (4295, 1860.0, 1000.0), (4295, 1860.0, 1000.0), (4036.3518, 1859.9804666666666, 999.9984), (3972.039133333333, 1859.1402666666668, 999.7172), (4295.0, 1860.0, 1000.0), (3477.111733333333, 1859.3996666666667, 999.8068), (3956.6598, 1857.811, 996.9361333333334), (8192, 1800.0, 1525.0), (8192, 1800.0, 1525.0), (8066.171333333334, 1799.9992666666667, 1524.9997333333333), (7588.720466666667, 1799.9653333333333, 1524.9759333333334), (8032.617, 1799.7295333333334, 1524.9775333333334), (8071.064666666667, 1799.9548, 1524.9797333333333), (7434.230066666667, 1799.1542666666667, 1524.7209333333333), (8192, 1800.0, 1525.0)]","[(0, 0, 0), (0, 0, 0), (0, 0, 0), (3, 0.05115, 0.03694444444444444), (3, 0.00455, 1.9583666666666668), (2, 0.0, 0.0), (7, 0.011550000000000001, 0.43203888888888886), (2, 1.1261166666666667, 0.002977777777777778), (0, 0, 0), (0, 0, 0), (1, 0.0, 0.00165), (5, 0.0, 0.02711111111111111), (3, 0.0013666666666666669, 0.02918888888888889), (2, 0.0, 0.0), (5, 0.0006666666666666666, 1.8484833333333333), (0, 0, 0)]","[(32212, 67.1, 10.11), (32212, 67.1, 10.11), (32212, 67.1, 10.11), (32209, 67.04884999999999, 10.073055555555555), (32209, 67.09545, 8.151633333333333), (32210, 67.1, 10.11), (32205, 67.08845, 9.677961111111111), (32210, 65.97388333333333, 10.107022222222222), (32212, 51.900000000000006, 6.1899999999999995), (32212, 51.900000000000006, 6.1899999999999995), (32211, 51.900000000000006, 6.18835), (32207, 51.900000000000006, 6.162888888888888), (32209, 51.898633333333336, 6.16081111111111), (32210, 51.900000000000006, 6.1899999999999995), (32207, 51.89933333333334, 4.341516666666666), (32212, 51.900000000000006, 6.1899999999999995)]"
92,"[0.0, 0.0, 100.0, 100.0, 100.0, 100.0, 100.0, 100.0, 0.0, 0.0, 0.0, 100.0, 100.0, 100.0, 100.0, 0.0]","[0, 0, 1, 1, 1, 1, 3, 1, 0, 0, 0, 2, 1, 1, 2, 0]","[2.45, 2.45, 4.75, 4.75, 4.75, 4.75, 4.75, 4.75, 2.65, 2.65, 2.65, 5.05, 5.05, 5.05, 5.05, 2.65]","[0, 0, 3121.8625785998443, 1328.8784523992754, 4420.690966915716, 2911.512479720924, 2904.8347459742427, 2634.3846707111265, 0, 0, 0, 3876.8537152065364, 4107.999450555, 851.4170028745334, 4428.674170307689, 0]","[4029, 4029, 907.1374214001557, 2700.1215476007246, -391.69096691571576, 1117.4875202790759, 1124.1652540257573, 1394.6153292888735, 4029, 4029, 4029, 152.14628479346356, -78.9994505550003, 3177.5829971254666, -399.67417030768866, 4029]","[4029, 4029, 4029, 4029, 4029, 4029, 4029, 4029, 4029, 4029, 4029, 4029, 4029, 4029, 4029, 4029]","[0, 0, 4029, 4029, 4029, 4029, 4029, 4029, 0, 0, 0, 4029, 4029, 4029, 4029, 0]","[(0, 0, 0), (0, 0, 0), (0.0, 0.0, 0.0), (328.5534, 0.0005333333333333334, 0.0006), (436.2071333333334, 0.5388, 0.25873333333333337), (0.0, 0.0, 0.0), (763.3624, 0.42773333333333335, 0.1365333333333333), (408.2452, 3.357266666666667, 2.6136666666666666), (0, 0, 0), (0, 0, 0), (0, 0, 0), (566.2298666666666, 0.03673333333333333, 0.026133333333333335), (234.88039999999998, 0.2981333333333333, 0.018066666666666665), (120.23626666666664, 0.034466666666666666, 0.0114), (644.5237333333332, 0.8207333333333333, 0.2708), (0, 0, 0)]","[(4295, 1860.0, 1000.0), (4295, 1860.0, 1000.0), (4295.0, 1860.0, 1000.0), (3966.4466, 1859.9994666666666, 999.9994), (3858.7928666666667, 1859.4612, 999.7412666666667), (4295.0, 1860.0, 1000.0), (3531.6376, 1859.5722666666666, 999.8634666666667), (3886.7548, 1856.6427333333334, 997.3863333333334), (8192, 1800.0, 1525.0), (8192, 1800.0, 1525.0), (8192, 1800.0, 1525.0), (7625.770133333333, 1799.9632666666666, 1524.9738666666667), (7957.1196, 1799.7018666666668, 1524.9819333333332), (8071.763733333333, 1799.9655333333333, 1524.9886), (7547.476266666667, 1799.1792666666668, 1524.7292), (8192, 1800.0, 1525.0)]","[(0, 0, 0), (0, 0, 0), (2, 0.0, 0.0), (3, 0.06125, 0.025472222222222222), (3, 0.009816666666666666, 1.9489666666666665), (2, 0.0, 0.0), (7, 1.666666666666667e-05, 0.2288), (2, 1.092625, 0.013255555555555555), (0, 0, 0), (0, 0, 0), (0, 0, 0), (5, 0.0001, 0.024788888888888885), (3, 8.333333333333333e-05, 0.02883888888888889), (2, 0.0, 2.2222222222222223e-05), (5, 0.0001, 1.7783611111111113), (0, 0, 0)]","[(32212, 67.1, 10.11), (32212, 67.1, 10.11), (32210, 67.1, 10.11), (32209, 67.03875, 10.084527777777778), (32209, 67.09018333333333, 8.161033333333332), (32210, 67.1, 10.11), (32205, 67.09998333333333, 9.8812), (32210, 66.007375, 10.096744444444443), (32212, 51.900000000000006, 6.1899999999999995), (32212, 51.900000000000006, 6.1899999999999995), (32212, 51.900000000000006, 6.1899999999999995), (32207, 51.8999, 6.165211111111111), (32209, 51.89991666666667, 6.16116111111111), (32210, 51.900000000000006, 6.189977777777777), (32207, 51.8999, 4.411638888888888), (32212, 51.900000000000006, 6.1899999999999995)]"
93,"[0.0, 0.0, 100.0, 100.0, 100.0, 100.0, 100.0, 100.0, 0.0, 0.0, 0.0, 100.0, 100.0, 100.0, 100.0, 0.0]","[0, 0, 1, 1, 1, 1, 3, 1, 0, 0, 0, 2, 1, 1, 2, 0]","[2.45, 2.45, 4.75, 4.75, 4.75, 4.75, 4.75, 4.75, 2.65, 2.65, 2.65, 5.05, 5.05, 5.05, 5.05, 2.65]","[0, 0, 3065.1014408071205, 2050.0788185255155, 0, 3145.2348118086134, 2971.6125552950634, 1779.6286812281753, 0, 0, 0, 3861.6221660216206, 3519.18619597545, 834.7225518377779, 4831.563909182197, 0]","[4029, 4029, 963.8985591928795, 1978.9211814744845, 4029, 883.7651881913866, 1057.3874447049366, 2249.371318771825, 4029, 4029, 4029, 167.37783397837939, 509.8138040245499, 3194.277448162222, -802.5639091821968, 4029]","[4029, 4029, 4029, 4029, 4029, 4029, 4029, 4029, 4029, 4029, 4029, 4029, 4029, 4029, 4029, 4029]","[0, 0, 4029, 4029, 4029, 4029, 4029, 4029, 0, 0, 0, 4029, 4029, 4029, 4029, 0]","[(0, 0, 0), (0, 0, 0), (0.0, 0.0, 0.0), (298.49406666666664, 0.0016666666666666668, 0.005466666666666667), (391.46766666666673, 0.6240666666666668, 0.2032), (0.0, 0.0, 0.0), (781.5376, 0.4982666666666666, 0.16093333333333332), (645.9222, 2.945, 2.129), (0, 0, 0), (0, 0, 0), (0, 0, 0), (587.2014666666666, 0.03533333333333333, 0.024266666666666666), (221.59853333333334, 0.0404, 0.026733333333333335), (130.722, 0.026466666666666666, 0.011066666666666664), (581.6089999999999, 0.8608666666666666, 0.2843333333333333), (0, 0, 0)]","[(4295, 1860.0, 1000.0), (4295, 1860.0, 1000.0), (4295.0, 1860.0, 1000.0), (3996.5059333333334, 1859.9983333333332, 999.9945333333334), (3903.532333333333, 1859.3759333333333, 999.7968), (4295.0, 1860.0, 1000.0), (3513.4624, 1859.5017333333333, 999.8390666666667), (3649.0778, 1857.055, 997.871), (8192, 1800.0, 1525.0), (8192, 1800.0, 1525.0), (8192, 1800.0, 1525.0), (7604.798533333334, 1799.9646666666667, 1524.9757333333334), (7970.401466666666, 1799.9596, 1524.9732666666666), (8061.278, 1799.9735333333333, 1524.9889333333333), (7610.391, 1799.1391333333333, 1524.7156666666667), (8192, 1800.0, 1525.0)]","[(0, 0, 0), (0, 0, 0), (2, 0.0, 0.0), (3, 0.0008666666666666667, 0.016138888888888887), (3, 0.0, 1.7597444444444446), (2, 0.0, 0.0), (7, 8.333333333333333e-05, 0.2877555555555555), (2, 0.0, 0.0070888888888888885), (0, 0, 0), (0, 0, 0), (0, 0, 0), (5, 0.0001833333333333333, 0.030455555555555548), (3, 0.0, 0.02946666666666667), (2, 0.0, 4.4444444444444447e-05), (5, 0.005583333333333333, 1.9607888888888891), (0, 0, 0)]","[(32212, 67.1, 10.11), (32212, 67.1, 10.11), (32210, 67.1, 10.11), (32209, 67.09913333333333, 10.09386111111111), (32209, 67.1, 8.350255555555554), (32210, 67.1, 10.11), (32205, 67.09991666666666, 9.822244444444443), (32210, 67.1, 10.10291111111111), (32212, 51.900000000000006, 6.1899999999999995), (32212, 51.900000000000006, 6.1899999999999995), (32212, 51.900000000000006, 6.1899999999999995), (32207, 51.89981666666667, 6.159544444444444), (32209, 51.900000000000006, 6.1605333333333325), (32210, 51.900000000000006, 6.189955555555555), (32207, 51.89441666666667, 4.229211111111111), (32212, 51.900000000000006, 6.1899999999999995)]"
94,"[0.0, 0.0, 100.0, 100.0, 0.0, 100.0, 100.0, 100.0, 0.0, 0.0, 0.0, 100.0, 100.0, 100.0, 100.0, 100.0]","[0, 0, 1, 1, 0, 1, 3, 1, 0, 0, 0, 2, 1, 1, 2, 1]","[2.45, 2.45, 4.75, 4.75, 2.45, 4.75, 4.75, 4.75, 2.65, 2.65, 2.65, 5.05, 5.05, 5.05, 5.05, 5.05]","[0, 0, 2911.512479720924, 1896.4898516652977, 0, 2988.3069602640226, 3405.6683148956145, 2090.1455055325287, 0, 0, 0, 3854.944384803576, 3576.69818828322, 0, 537.0067752912778, 3464.41286996805]","[4029, 4029, 1117.4875202790759, 2132.5101483347025, 4029, 1040.6930397359774, 623.3316851043855, 1938.8544944674713, 4029, 4029, 4029, 174.0556151964238, 452.30181171677987, 4029, 3491.993224708722, 564.58713003195]","[4029, 4029, 4029, 4029, 4029, 4029, 4029, 4029, 4029, 4029, 4029, 4029, 4029, 4029, 4029, 4029]","[0, 0, 4029, 4029, 0, 4029, 4029, 4029, 0, 0, 0, 4029, 4029, 4029, 4029, 4029]","[(0, 0, 0), (0, 0, 0), (0.0, 0.0, 0.0), (294.3, 0.001066666666666667, 0.005466666666666667), (0, 0, 0), (0.0, 0.0, 0.0), (697.6512666666665, 0.6058, 0.19666666666666668), (402.6528, 3.2084, 1.765466666666667), (0, 0, 0), (0, 0, 0), (0, 0, 0), (585.1046, 0.034466666666666666, 0.023933333333333334), (117.44013333333332, 0.04193333333333333, 0.027666666666666673), (164.2764, 0.008733333333333333, 0.0061333333333333335), (725.6135333333334, 0.5399999999999999, 0.2602666666666667), (168.47066666666663, 0.27493333333333336, 0.023333333333333327)]","[(4295, 1860.0, 1000.0), (4295, 1860.0, 1000.0), (4295.0, 1860.0, 1000.0), (4000.7, 1859.9989333333333, 999.9945333333334), (4295, 1860.0, 1000.0), (4295.0, 1860.0, 1000.0), (3597.3487333333333, 1859.3942, 999.8033333333333), (3892.3472, 1856.7916, 998.2345333333334), (8192, 1800.0, 1525.0), (8192, 1800.0, 1525.0), (8192, 1800.0, 1525.0), (7606.8954, 1799.9655333333333, 1524.9760666666666), (8074.5598666666665, 1799.9580666666666, 1524.9723333333334), (8027.7236, 1799.9912666666667, 1524.9938666666667), (7466.386466666667, 1799.46, 1524.7397333333333), (8023.529333333333, 1799.7250666666666, 1524.9766666666667)]","[(0, 0, 0), (0, 0, 0), (2, 0.0, 0.0), (3, 0.0002, 0.014294444444444445), (0, 0, 0), (2, 0.0, 0.0), (7, 0.00016666666666666666, 0.37535), (2, 0.0, 0.005355555555555555), (0, 0, 0), (0, 0, 0), (0, 0, 0), (5, 0.0, 0.027350000000000003), (3, 0.0027166666666666667, 0.027800000000000002), (2, 0.0, 8.88888888888889e-05), (5, 0.009949999999999999, 1.951372222222222), (3, 0.2927833333333333, 0.026605555555555556)]","[(32212, 67.1, 10.11), (32212, 67.1, 10.11), (32210, 67.1, 10.11), (32209, 67.09979999999999, 10.095705555555554), (32212, 67.1, 10.11), (32210, 67.1, 10.11), (32205, 67.09983333333332, 9.73465), (32210, 67.1, 10.104644444444444), (32212, 51.900000000000006, 6.1899999999999995), (32212, 51.900000000000006, 6.1899999999999995), (32212, 51.900000000000006, 6.1899999999999995), (32207, 51.900000000000006, 6.162649999999999), (32209, 51.89728333333334, 6.1621999999999995), (32210, 51.900000000000006, 6.189911111111111), (32207, 51.89005, 4.238627777777777), (32209, 51.60721666666667, 6.163394444444444)]"
95,"[0.0, 100.0, 100.0, 100.0, 0.0, 100.0, 100.0, 100.0, 0.0, 0.0, 0.0, 100.0, 100.0, 100.0, 100.0, 100.0]","[0, 1, 1, 1, 0, 1, 3, 1, 0, 0, 0, 2, 1, 1, 1, 1]","[2.45, 4.75, 4.75, 4.75, 2.45, 4.75, 4.75, 4.75, 2.65, 2.65, 2.65, 5.05, 5.05, 5.05, 5.05, 5.05]","[0, 1646.6233023008167, 3145.2348118086134, 2227.0400194731583, 0, 3008.340303014396, 3786.3018274402675, 1232.0506254656602, 0, 0, 0, 1088.4783385412445, 3261.75156374067, 390.65025572768, 534.03988703, 4442.116739200141]","[4029, 2382.3766976991833, 883.7651881913866, 1801.9599805268417, 4029, 1020.6596969856041, 242.69817255973248, 2796.9493745343398, 4029, 4029, 4029, 2940.5216614587553, 767.24843625933, 3638.34974427232, 3494.96011297, -413.1167392001407]","[4029, 4029, 4029, 4029, 4029, 4029, 4029, 4029, 4029, 4029, 4029, 4029, 4029, 4029, 4029, 4029]","[0, 4029, 4029, 4029, 0, 4029, 4029, 4029, 0, 0, 0, 4029, 4029, 4029, 4029, 4029]","[(0, 0, 0), (125.829, 0.9397333333333332, 0.7602666666666668), (0.0, 0.0, 0.0), (234.18133333333338, 0.0016666666666666668, 0.0016), (0, 0, 0), (0.0, 0.0, 0.0), (703.244, 0.7336666666666667, 0.2369333333333333), (444.5958, 2.369733333333333, 2.1395999999999997), (0, 0, 0), (0, 0, 0), (0, 0, 0), (566.9289999999999, 0.033800000000000004, 0.0234), (115.3428, 0.04046666666666667, 0.026666666666666672), (499.1218, 0.0004, 0.0003333333333333333), (239.0746, 0.0012, 0.0016), (313.1741333333334, 0.2986666666666667, 0.020266666666666665)]","[(4295, 1860.0, 1000.0), (4169.171, 1859.0602666666666, 999.2397333333333), (4295.0, 1860.0, 1000.0), (4060.8186666666666, 1859.9983333333332, 999.9984), (4295, 1860.0, 1000.0), (4295.0, 1860.0, 1000.0), (3591.756, 1859.2663333333333, 999.7630666666666), (3850.4042, 1857.6302666666666, 997.8604), (8192, 1800.0, 1525.0), (8192, 1800.0, 1525.0), (8192, 1800.0, 1525.0), (7625.071, 1799.9662, 1524.9766), (8076.6572, 1799.9595333333334, 1524.9733333333334), (7692.8782, 1799.9996, 1524.9996666666666), (7952.9254, 1799.9988, 1524.9984), (7878.825866666667, 1799.7013333333334, 1524.9797333333333)]","[(0, 0, 0), (2, 0.0, 0.009888888888888888), (2, 0.0, 0.0), (3, 0.0006666666666666666, 0.02163888888888889), (0, 0, 0), (2, 0.0, 0.0), (7, 0.00021666666666666668, 0.5206888888888889), (2, 0.0, 0.005061111111111111), (0, 0, 0), (0, 0, 0), (0, 0, 0), (5, 0.0, 0.026655555555555557), (3, 0.0, 0.025622222222222223), (2, 0.012733333333333334, 0.0036666666666666666), (2, 0.00016666666666666666, 0.002361111111111111), (3, 0.10841666666666666, 0.0281)]","[(32212, 67.1, 10.11), (32210, 67.1, 10.10011111111111), (32210, 67.1, 10.11), (32209, 67.09933333333333, 10.08836111111111), (32212, 67.1, 10.11), (32210, 67.1, 10.11), (32205, 67.09978333333333, 9.58931111111111), (32210, 67.1, 10.104938888888888), (32212, 51.900000000000006, 6.1899999999999995), (32212, 51.900000000000006, 6.1899999999999995), (32212, 51.900000000000006, 6.1899999999999995), (32207, 51.900000000000006, 6.163344444444444), (32209, 51.900000000000006, 6.164377777777777), (32210, 51.88726666666667, 6.186333333333333), (32210, 51.89983333333334, 6.1876388888888885), (32209, 51.79158333333334, 6.161899999999999)]"
96,"[0.0, 100.0, 0.0, 100.0, 0.0, 100.0, 100.0, 100.0, 0.0, 0.0, 0.0, 100.0, 100.0, 100.0, 100.0, 100.0]","[0, 1, 0, 1, 0, 1, 3, 1, 0, 0, 0, 2, 1, 1, 2, 1]","[2.45, 4.75, 2.45, 4.75, 2.45, 4.75, 4.75, 4.75, 2.65, 2.65, 2.65, 5.05, 5.05, 5.05, 5.05, 5.05]","[0, 1622.8881916370212, 0, 1766.2731188925045, 0, 3068.4403312655163, 2878.1236224588465, 2534.217953193593, 0, 0, 0, 4023.363049060911, 0, 530.8836808606934, 1678.57420253003, 3143.9889128247596]","[4029, 2406.111808362979, 4029, 2262.7268811074955, 4029, 960.5596687344837, 1150.8763775411535, 1494.782046806407, 4029, 4029, 4029, 5.63695093908882, 4029, 3498.1163191393066, 2350.42579746997, 885.0110871752404]","[4029, 4029, 4029, 4029, 4029, 4029, 4029, 4029, 4029, 4029, 4029, 4029, 4029, 4029, 4029, 4029]","[0, 4029, 0, 4029, 0, 4029, 4029, 4029, 0, 0, 0, 4029, 4029, 4029, 4029, 4029]","[(0, 0, 0), (139.81, 0.972, 0.7780666666666667), (0, 0, 0), (242.57, 0.0003333333333333333, 0.0004), (0, 0, 0), (0.0, 0.0, 0.0), (771.751, 0.4086, 0.13193333333333332), (349.525, 5.339466666666667, 2.7218), (0, 0, 0), (0, 0, 0), (0, 0, 0), (473.9558, 0.001, 0.001), (132.12006666666667, 0.0338, 0.0268), (455.08166666666676, 0.012533333333333334, 0.18906666666666663), (631.5914, 1.3960666666666666, 0.007066666666666666), (205.5204, 0.03793333333333333, 0.025266666666666666)]","[(4295, 1860.0, 1000.0), (4155.19, 1859.028, 999.2219333333334), (4295, 1860.0, 1000.0), (4052.43, 1859.9996666666666, 999.9996), (4295, 1860.0, 1000.0), (4295.0, 1860.0, 1000.0), (3523.249, 1859.5914, 999.8680666666667), (3945.475, 1854.6605333333334, 997.2782), (8192, 1800.0, 1525.0), (8192, 1800.0, 1525.0), (8192, 1800.0, 1525.0), (7718.0442, 1799.999, 1524.999), (8059.879933333334, 1799.9662, 1524.9732), (7736.918333333333, 1799.9874666666667, 1524.8109333333334), (7560.4086, 1798.6039333333333, 1524.9929333333334), (7986.4796, 1799.9620666666667, 1524.9747333333332)]","[(0, 0, 0), (2, 0.0, 0.011461111111111111), (0, 0, 0), (3, 6.666666666666667e-05, 0.009744444444444444), (0, 0, 0), (2, 0.0, 0.0), (7, 5e-05, 0.2032388888888888), (2, 0.0, 0.01048888888888889), (0, 0, 0), (0, 0, 0), (0, 0, 0), (4, 0.0, 0.0005111111111111112), (3, 0.0, 0.03398333333333334), (2, 0.0002833333333333333, 0.0029611111111111123), (3, 0.0, 0.012044444444444444), (3, 0.00125, 0.027633333333333336)]","[(32212, 67.1, 10.11), (32210, 67.1, 10.09853888888889), (32212, 67.1, 10.11), (32209, 67.09993333333333, 10.100255555555554), (32212, 67.1, 10.11), (32210, 67.1, 10.11), (32205, 67.09994999999999, 9.906761111111111), (32210, 67.1, 10.099511111111111), (32212, 51.900000000000006, 6.1899999999999995), (32212, 51.900000000000006, 6.1899999999999995), (32212, 51.900000000000006, 6.1899999999999995), (32208, 51.900000000000006, 6.189488888888889), (32209, 51.900000000000006, 6.156016666666666), (32210, 51.89971666666667, 6.187038888888888), (32209, 51.900000000000006, 6.177955555555555), (32209, 51.89875000000001, 6.162366666666666)]"
97,"[0.0, 100.0, 0.0, 100.0, 0.0, 100.0, 100.0, 100.0, 100.0, 0.0, 100.0, 100.0, 0.0, 100.0, 100.0, 100.0]","[0, 1, 0, 1, 0, 1, 3, 1, 1, 0, 1, 2, 0, 1, 2, 1]","[2.45, 4.75, 2.45, 4.75, 2.45, 4.75, 4.75, 4.75, 5.05, 2.65, 5.05, 5.05, 2.65, 5.05, 5.05, 5.05]","[0, 1578.3848591424044, 0, 1993.317678598913, 0, 3021.6958648479776, 2514.1845642761464, 5161.924842736884, 3121.8625785998443, 0, 2006.6731654957287, 4056.7519542473738, 0, 537.5614630098844, 1504.2124397590042, 3601.346184986549]","[4029, 2450.6151408575956, 4029, 2035.682321401087, 4029, 1007.3041351520224, 1514.8154357238536, -1132.9248427368839, 907.1374214001557, 4029, 2022.3268345042713, -27.75195424737376, 4029, 3491.4385369901156, 2524.787560240996, 427.6538150134511]","[4029, 4029, 4029, 4029, 4029, 4029, 4029, 4029, 4029, 4029, 4029, 4029, 4029, 4029, 4029, 4029]","[0, 4029, 0, 4029, 0, 4029, 4029, 4029, 4029, 0, 4029, 4029, 0, 4029, 4029, 4029]","[(0, 0, 0), (184.5492, 0.9548666666666666, 0.7652666666666668), (0, 0, 0), (231.3854, 0.0005333333333333334, 0.0008), (0, 0, 0), (0.0, 0.0, 0.0), (729.8080666666665, 0.47433333333333333, 0.15286666666666668), (553.6476, 10.710466666666667, 4.053266666666667), (0.0, 0.0, 0.0), (0, 0, 0), (306.18366666666674, 0.5942000000000001, 0.19193333333333337), (447.39173333333326, 0.0028, 0.0027333333333333333), (0, 0, 0), (471.15966666666674, 0.013066666666666664, 0.18946666666666667), (624.6008, 0.6492, 0.004933333333333333), (130.0228, 0.042466666666666666, 0.027733333333333336)]","[(4295, 1860.0, 1000.0), (4110.4508, 1859.0451333333333, 999.2347333333333), (4295, 1860.0, 1000.0), (4063.6146, 1859.9994666666666, 999.9992), (4295, 1860.0, 1000.0), (4295.0, 1860.0, 1000.0), (3565.1919333333335, 1859.5256666666667, 999.8471333333333), (3741.3523999999998, 1849.2895333333333, 995.9467333333333), (8192.0, 1800.0, 1525.0), (8192, 1800.0, 1525.0), (7885.816333333333, 1799.4058, 1524.8080666666667), (7744.608266666667, 1799.9972, 1524.9972666666667), (8192, 1800.0, 1525.0), (7720.840333333334, 1799.9869333333334, 1524.8105333333333), (7567.3992, 1799.3508, 1524.9950666666666), (8061.9772, 1799.9575333333332, 1524.9722666666667)]","[(0, 0, 0), (2, 1.666666666666667e-05, 0.010605555555555557), (0, 0, 0), (3, 6.666666666666667e-05, 0.011649999999999999), (0, 0, 0), (2, 0.0, 0.0), (7, 3.3333333333333335e-05, 0.2780944444444445), (2, 0.0, 0.008927777777777778), (2, 0.0, 0.0), (0, 0, 0), (3, 0.011550000000000001, 0.43049444444444446), (4, 0.0, 0.0005), (0, 0, 0), (2, 0.00035, 0.0039833333333333335), (3, 0.0005666666666666666, 0.0025611111111111112), (3, 0.0008, 0.02777777777777778)]","[(32212, 67.1, 10.11), (32210, 67.09998333333333, 10.099394444444444), (32212, 67.1, 10.11), (32209, 67.09993333333333, 10.09835), (32212, 67.1, 10.11), (32210, 67.1, 10.11), (32205, 67.09996666666666, 9.831905555555554), (32210, 67.1, 10.101072222222221), (32210, 51.900000000000006, 6.1899999999999995), (32212, 51.900000000000006, 6.1899999999999995), (32209, 51.888450000000006, 5.759505555555555), (32208, 51.900000000000006, 6.1895), (32212, 51.900000000000006, 6.1899999999999995), (32210, 51.89965000000001, 6.186016666666666), (32209, 51.89943333333334, 6.187438888888888), (32209, 51.89920000000001, 6.162222222222222)]"
98,"[0.0, 100.0, 0.0, 100.0, 0.0, 100.0, 100.0, 100.0, 100.0, 0.0, 100.0, 100.0, 0.0, 100.0, 100.0, 100.0]","[0, 2, 0, 1, 0, 1, 2, 1, 1, 0, 1, 2, 0, 1, 2, 1]","[2.45, 4.75, 2.45, 4.75, 2.45, 4.75, 4.75, 4.75, 5.05, 2.65, 5.05, 5.05, 2.65, 5.05, 5.05, 5.05]","[0, 2073.638417076821, 0, 1889.8120704974624, 0, 2894.8180274289466, 3071.7792684181777, 0, 3065.1014408071205, 0, 1352.2506356501997, 4100.157529453383, 0, 0, 1807.5197397216843, 3261.75156374067]","[4029, 1955.361582923179, 4029, 2139.1879295025374, 4029, 1134.1819725710534, 957.2207315818223, 4029, 963.8985591928795, 4029, 2676.7493643498, -71.15752945338318, 4029, 4029, 2221.4802602783157, 767.24843625933]","[4029, 4029, 4029, 4029, 4029, 4029, 4029, 4029, 4029, 4029, 4029, 4029, 4029, 4029, 4029, 4029]","[0, 4029, 0, 4029, 0, 4029, 4029, 4029, 4029, 0, 4029, 4029, 0, 4029, 4029, 4029]","[(0, 0, 0), (315.97040000000004, 0.9578666666666666, 0.7716000000000001), (0, 0, 0), (253.7549333333333, 0.0006666666666666666, 0.0008), (0, 0, 0), (0.0, 0.0, 0.0), (686.4667333333333, 0.6924, 0.225), (503.316, 17.2942, 4.714533333333334), (0.0, 0.0, 0.0), (0, 0, 0), (281.018, 0.42160000000000003, 0.13533333333333333), (490.7332, 0.002466666666666667, 0.0023333333333333335), (0, 0, 0), (486.5389333333335, 0.012733333333333333, 0.18919999999999998), (578.1139333333333, 0.6463333333333333, 0.006266666666666666), (110.44946666666667, 0.04046666666666667, 0.026666666666666672)]","[(4295, 1860.0, 1000.0), (3979.0296, 1859.0421333333334, 999.2284), (4295, 1860.0, 1000.0), (4041.245066666667, 1859.9993333333334, 999.9992), (4295, 1860.0, 1000.0), (4295.0, 1860.0, 1000.0), (3608.533266666667, 1859.3076, 999.775), (3791.684, 1842.7058, 995.2854666666667), (8192.0, 1800.0, 1525.0), (8192, 1800.0, 1525.0), (7910.982, 1799.5784, 1524.8646666666666), (7701.2668, 1799.9975333333334, 1524.9976666666666), (8192, 1800.0, 1525.0), (7705.461066666667, 1799.9872666666668, 1524.8108), (7613.886066666667, 1799.3536666666666, 1524.9937333333332), (8081.550533333333, 1799.9595333333334, 1524.9733333333334)]","[(0, 0, 0), (3, 0.0, 0.010850000000000002), (0, 0, 0), (3, 0.00018333333333333334, 0.015666666666666666), (0, 0, 0), (2, 0.0, 0.0), (5, 0.0002333333333333333, 0.49239444444444436), (2, 2.327875, 0.009094444444444445), (2, 0.0, 0.0), (0, 0, 0), (3, 1.666666666666667e-05, 0.2272388888888889), (4, 0.0, 0.0005055555555555555), (0, 0, 0), (2, 0.07660000000000003, 0.0032111111111111108), (3, 0.0002333333333333333, 0.0025833333333333333), (3, 0.00011666666666666667, 0.02971666666666666)]","[(32212, 67.1, 10.11), (32209, 67.1, 10.09915), (32212, 67.1, 10.11), (32209, 67.09981666666665, 10.094333333333333), (32212, 67.1, 10.11), (32210, 67.1, 10.11), (32207, 67.09976666666667, 9.617605555555555), (32210, 64.77212499999999, 10.100905555555554), (32210, 51.900000000000006, 6.1899999999999995), (32212, 51.900000000000006, 6.1899999999999995), (32209, 51.89998333333334, 5.962761111111111), (32208, 51.900000000000006, 6.189494444444444), (32212, 51.900000000000006, 6.1899999999999995), (32210, 51.82340000000001, 6.186788888888889), (32209, 51.89976666666667, 6.187416666666667), (32209, 51.89988333333334, 6.160283333333333)]"
99,"[100.0, 100.0, 0.0, 100.0, 100.0, 100.0, 100.0, 0.0, 100.0, 0.0, 0.0, 100.0, 0.0, 100.0, 99.97517994539588, 100.0]","[1, 2, 0, 1, 1, 1, 3, 0, 1, 0, 0, 2, 0, 1, 2, 1]","[4.75, 4.75, 2.45, 4.75, 4.75, 4.75, 4.75, 2.45, 5.05, 2.65, 2.65, 5.05, 2.65, 5.05, 5.048237776123107, 5.05]","[1317.298517921692, 2167.1364776973314, 0, 2103.5010678682, 1409.0117734429248, 3151.912592725404, 2917.113146710952, 0, 2911.512479720924, 0, 0, 4090.1408597350887, 0, 599.3113997345512, 1154.1194728238213, 3502.7541981732297]","[2711.701482078308, 1861.8635223026686, 4029, 1925.4989321317998, 2619.988226557075, 877.087407274596, 1111.8868532890478, 4029, 1117.4875202790759, 4029, 4029, -61.140859735088725, 4029, 3429.6886002654487, 2874.8805271761785, 526.2458018267703]","[4029, 4029, 4029, 4029, 4029, 4029, 4029, 4029, 4029, 4029, 4029, 4029, 4029, 4029, 4029, 4029]","[4029, 4029, 0, 4029, 4029, 4029, 4029, 0, 4029, 0, 0, 4029, 0, 4029, 4028, 4029]","[(301.98920000000004, 0.6321333333333333, 0.005666666666666668), (378.8848, 0.9633999999999999, 0.7669333333333332), (0, 0, 0), (244.66713333333328, 0.0014666666666666665, 0.0012), (255.852, 0.49213333333333326, 0.15953333333333333), (0.0, 0.0, 0.0), (1024.4571999999998, 1.9484666666666663, 0.18713333333333335), (0, 0, 0), (0.0, 0.0, 0.0), (0, 0, 0), (0, 0, 0), (520.0932, 0.0013333333333333333, 0.001), (0, 0, 0), (0.0, 0.004733333333333333, 0.00013333333333333334), (553.6468000000001, 1.633666666666667, 0.019333333333333334), (119.5372, 0.03373333333333334, 0.02686666666666667)]","[(3993.0108, 1859.3678666666667, 999.9943333333333), (3916.1152, 1859.0366, 999.2330666666667), (4295, 1860.0, 1000.0), (4050.3328666666666, 1859.9985333333334, 999.9988), (4039.148, 1859.5078666666666, 999.8404666666667), (4295.0, 1860.0, 1000.0), (3270.5428, 1858.0515333333333, 999.8128666666667), (4295, 1860.0, 1000.0), (8192.0, 1800.0, 1525.0), (8192, 1800.0, 1525.0), (8192, 1800.0, 1525.0), (7671.9068, 1799.9986666666666, 1524.999), (8192, 1800.0, 1525.0), (8192.0, 1799.9952666666666, 1524.9998666666668), (7638.3532, 1798.3663333333334, 1524.9806666666666), (8072.4628, 1799.9662666666666, 1524.9731333333334)]","[(1, 0.0, 0.00025), (3, 0.0, 0.011983333333333334), (0, 0, 0), (3, 0.00015, 0.019816666666666666), (3, 8.333333333333333e-05, 0.28617777777777775), (2, 0.0, 0.0), (6, 0.00013333333333333334, 0.35647222222222225), (0, 0, 0), (2, 0.0, 0.0), (0, 0, 0), (0, 0, 0), (4, 0.0, 0.0005055555555555555), (0, 0, 0), (3, 0.0, 0.0014222222222222223), (5, 0.6301, 0.005783333333333333), (3, 0.0013666666666666669, 0.04000555555555556)]","[(32211, 67.1, 10.10975), (32209, 67.1, 10.098016666666666), (32212, 67.1, 10.11), (32209, 67.09984999999999, 10.090183333333332), (32209, 67.09991666666666, 9.823822222222221), (32210, 67.1, 10.11), (32206, 67.09986666666666, 9.753527777777776), (32212, 67.1, 10.11), (32210, 51.900000000000006, 6.1899999999999995), (32212, 51.900000000000006, 6.1899999999999995), (32212, 51.900000000000006, 6.1899999999999995), (32208, 51.900000000000006, 6.189494444444444), (32212, 51.900000000000006, 6.1899999999999995), (32209, 51.900000000000006, 6.188577777777777), (32207, 51.26990000000001, 6.184216666666666), (32209, 51.898633333333336, 6.149994444444444)]"
100,"[100.0, 100.0, 0.0, 100.0, 100.0, 100.0, 100.0, 0.0, 100.0, 0.0, 100.0, 100.0, 0.0, 100.0, 100.0, 100.0]","[1, 2, 0, 1, 1, 1, 3, 0, 1, 0, 1, 2, 0, 1, 1, 1]","[4.75, 4.75, 2.45, 4.75, 4.75, 4.75, 4.75, 2.45, 5.05, 2.65, 5.05, 5.05, 2.65, 5.05, 5.05, 5.05]","[1309.0825188494155, 2156.35755262174, 0, 2073.45105261294, 1816.3564093671823, 2938.223603388089, 2862.225718905049, 0, 3145.2348118086134, 0, 501.40426599866777, 2894.8180274289466, 0, 620.0796165570354, 1875.0732823255908, 2935.85027399664]","[2719.9174811505845, 1872.64244737826, 4029, 1955.5489473870598, 2212.643590632818, 1090.776396611911, 1166.7742810949512, 4029, 883.7651881913866, 4029, 3527.5957340013324, 1134.1819725710534, 4029, 3408.9203834429645, 2153.9267176744092, 1093.1497260033598]","[4029, 4029, 4029, 4029, 4029, 4029, 4029, 4029, 4029, 4029, 4029, 4029, 4029, 4029, 4029, 4029]","[4029, 4029, 0, 4029, 4029, 4029, 4029, 0, 4029, 0, 4029, 4029, 0, 4029, 4029, 4029]","[(333.44653333333326, 0.6355333333333333, 0.0052), (317.3684, 0.9370666666666667, 0.7570666666666667), (0, 0, 0), (254.4540666666667, 0.0026, 0.0088), (226.49179999999998, 0.6, 0.19540000000000002), (0.0, 0.0, 0.0), (579.8614666666667, 1.0734, 0.14286666666666667), (0, 0, 0), (0.0, 0.0, 0.0), (0, 0, 0), (0.0, 0.0048, 6.666666666666668e-05), (482.3444, 0.0026666666666666666, 0.0030666666666666668), (0, 0, 0), (0.0, 0.004666666666666667, 6.666666666666668e-05), (214.6078, 3.082733333333333, 0.04673333333333334), (105.55626666666666, 0.03646666666666667, 0.024466666666666664)]","[(3961.5534666666667, 1859.3644666666667, 999.9948), (3977.6316, 1859.0629333333334, 999.2429333333333), (4295, 1860.0, 1000.0), (4040.5459333333333, 1859.9974, 999.9912), (4068.5082, 1859.4, 999.8046), (4295.0, 1860.0, 1000.0), (3715.1385333333333, 1858.9266, 999.8571333333333), (4295, 1860.0, 1000.0), (8192.0, 1800.0, 1525.0), (8192, 1800.0, 1525.0), (8192.0, 1799.9952, 1524.9999333333333), (7709.6556, 1799.9973333333332, 1524.9969333333333), (8192, 1800.0, 1525.0), (8192.0, 1799.9953333333333, 1524.9999333333333), (7977.3922, 1796.9172666666666, 1524.9532666666667), (8086.4437333333335, 1799.9635333333333, 1524.9755333333333)]","[(1, 0.0, 0.0002111111111111111), (3, 0.06275, 0.03136666666666666), (0, 0, 0), (3, 0.00011666666666666667, 0.017588888888888887), (3, 0.00016666666666666666, 0.37338333333333334), (2, 0.0, 0.0), (5, 1.666666666666667e-05, 0.19334444444444446), (0, 0, 0), (2, 0.0, 0.0), (0, 0, 0), (2, 0.0, 0.0013222222222222222), (4, 0.0, 0.0005), (0, 0, 0), (3, 0.0, 0.001661111111111111), (3, 0.0, 0.00015555555555555556), (3, 0.0, 0.024422222222222224)]","[(32211, 67.1, 10.109788888888888), (32209, 67.03725, 10.078633333333332), (32212, 67.1, 10.11), (32209, 67.09988333333332, 10.09241111111111), (32209, 67.09983333333332, 9.736616666666666), (32210, 67.1, 10.11), (32207, 67.09998333333333, 9.916655555555556), (32212, 67.1, 10.11), (32210, 51.900000000000006, 6.1899999999999995), (32212, 51.900000000000006, 6.1899999999999995), (32210, 51.900000000000006, 6.1886777777777775), (32208, 51.900000000000006, 6.1895), (32212, 51.900000000000006, 6.1899999999999995), (32209, 51.900000000000006, 6.188338888888889), (32209, 51.900000000000006, 6.189844444444444), (32209, 51.900000000000006, 6.165577777777777)]"
101,"[100.0, 100.0, 0.0, 100.0, 100.0, 100.0, 99.97517994539588, 0.0, 100.0, 0.0, 100.0, 100.0, 0.0, 100.0, 100.0, 100.0]","[1, 2, 0, 1, 1, 1, 3, 0, 1, 0, 1, 2, 0, 1, 1, 1]","[4.75, 4.75, 2.45, 4.75, 4.75, 4.75, 4.748485976669149, 2.45, 5.05, 2.65, 5.05, 5.05, 2.65, 5.05, 5.05, 5.05]","[1207.75186362467, 2752.6930830758665, 0, 2293.817831151513, 2230.3788262082307, 2958.2569461384624, 2847.2224188543205, 0, 2988.3069602640226, 0, 498.43737685074666, 3929.8740110382128, 0, 578.5431829120669, 1510.1460454172877, 2837.2582871833197]","[2821.24813637533, 1276.3069169241335, 4029, 1735.182168848487, 1798.6211737917693, 1070.7430538615376, 1181.7775811456795, 4029, 1040.6930397359774, 4029, 3530.5626231492533, 99.12598896178724, 4029, 3450.456817087933, 2518.8539545827125, 1191.7417128166803]","[4029, 4029, 4029, 4029, 4029, 4029, 4029, 4029, 4029, 4029, 4029, 4029, 4029, 4029, 4029, 4029]","[4029, 4029, 0, 4029, 4029, 4029, 4028, 0, 4029, 0, 4029, 4029, 0, 4029, 4029, 4029]","[(333.44653333333326, 0.7292666666666667, 0.004666666666666667), (451.5858666666667, 0.9202666666666668, 0.7430666666666668), (0, 0, 0), (268.435, 0.0018666666666666666, 0.0016), (209.7148, 0.7276, 0.23566666666666664), (0.0, 0.0, 0.0), (550.8509999999999, 0.9611333333333333, 0.10666666666666666), (0, 0, 0), (0.0, 0.0, 0.0), (0, 0, 0), (145.4024, 0.004733333333333333, 6.666666666666668e-05), (123.73126666666663, 0.009733333333333332, 0.0028), (0, 0, 0), (0.0, 0.004533333333333333, 0.0), (434.80906666666664, 2.7484, 0.018466666666666666), (111.8476, 0.035666666666666666, 0.024)]","[(3961.5534666666667, 1859.2707333333333, 999.9953333333333), (3843.414133333333, 1859.0797333333333, 999.2569333333333), (4295, 1860.0, 1000.0), (4026.565, 1859.9981333333333, 999.9984), (4085.2852, 1859.2724, 999.7643333333333), (4295.0, 1860.0, 1000.0), (3744.1490000000003, 1859.0388666666668, 999.8933333333333), (4295, 1860.0, 1000.0), (8192.0, 1800.0, 1525.0), (8192, 1800.0, 1525.0), (8046.5976, 1799.9952666666666, 1524.9999333333333), (8068.268733333333, 1799.9902666666667, 1524.9972), (8192, 1800.0, 1525.0), (8192.0, 1799.9954666666667, 1525.0), (7757.190933333333, 1797.2516, 1524.9815333333333), (8080.1524, 1799.9643333333333, 1524.976)]","[(1, 0.0, 0.00021666666666666668), (3, 0.09268333333333334, 0.011738888888888889), (0, 0, 0), (3, 0.00013333333333333334, 0.023688888888888888), (3, 0.00021666666666666668, 0.5190777777777777), (2, 0.0, 0.0), (5, 0.0, 0.12277222222222221), (0, 0, 0), (2, 0.0, 0.0), (0, 0, 0), (2, 0.0, 0.0012666666666666666), (4, 0.0, 2.2222222222222223e-05), (0, 0, 0), (3, 0.0, 0.0012944444444444446), (3, 0.0, 0.00023888888888888888), (3, 0.0, 0.028383333333333337)]","[(32211, 67.1, 10.109783333333333), (32209, 67.00731666666667, 10.09826111111111), (32212, 67.1, 10.11), (32209, 67.09986666666666, 10.08631111111111), (32209, 67.09978333333333, 9.590922222222222), (32210, 67.1, 10.11), (32207, 67.1, 9.987227777777777), (32212, 67.1, 10.11), (32210, 51.900000000000006, 6.1899999999999995), (32212, 51.900000000000006, 6.1899999999999995), (32210, 51.900000000000006, 6.1887333333333325), (32208, 51.900000000000006, 6.189977777777777), (32212, 51.900000000000006, 6.1899999999999995), (32209, 51.900000000000006, 6.188705555555555), (32209, 51.900000000000006, 6.18976111111111), (32209, 51.900000000000006, 6.161616666666666)]"
