interval,activecontainers,ips,apparentips,ram,disk,creationids,hostalloc,active
1,5,"[454.0891471920266, 450.7502254398, 1714.4051397483977, 881.4670876440003, 2180.662757134983, 0, 0, 0, 0, 0, 0, 0, 0, 0, 0, 0]","[1151.2131950285216, 1382.6725428457012, 2646.327457154299, 4029.0, 2877.786804971478, 0, 0, 0, 0, 0, 0, 0, 0, 0, 0, 0]","[(29.621666666666673, 4.1293999999999995, 4.1416), (184.549, 0.0, 0.0), (105.5042, 0.28773333333333334, 0.22433333333333338), (95.9442, 0.019933333333333334, 0.0208), (473.9556, 4.806, 0.02386666666666667), 0, 0, 0, 0, 0, 0, 0, 0, 0, 0, 0]","[(3, 0.0, 1.6666666666666667e-05), (1, 0.0, 0.00029444444444444445), (1, 0.0030666666666666663, 0.05871111111111111), (1, 0.0012, 0.05558333333333333), (1, 0.0, 0.005094444444444444), 0, 0, 0, 0, 0, 0, 0, 0, 0, 0, 0]","[0, 1, 2, 3, 4, -1, -1, -1, -1, -1, -1, -1, -1, -1, -1, -1]","[14, 10, 10, 8, 14, -1, -1, -1, -1, -1, -1, -1, -1, -1, -1, -1]","[True, True, True, True, True, False, False, False, False, False, False, False, False, False, False, False]"
2,7,"[1315.5229705416066, 570.9502855570801, 1429.5838385761401, 754.589249271, 1462.6758357381586, 0, 0, 1763.7010974382797, 454.0891471920266, 0, 0, 0, 0, 0, 0, 0]","[1940.9235674017239, 4029.0, 1847.44137056893, 4029.0, 2088.076432598276, 0, 0, 2181.5586294310697, 4029.0, 0, 0, 0, 0, 0, 0, 0]","[(29.53446666666667, 12.107333333333337, 12.139266666666664), (225.0938, 0.0, 0.0), (110.71433333333331, 0.20726666666666668, 0.17506666666666665), (96.9928, 0.020133333333333333, 0.014066666666666665), (384.4776, 1.923, 0.024933333333333335), 0, 0, (39.146666666666654, 0.29753333333333337, 0.0019333333333333331), (29.621666666666673, 4.1293999999999995, 4.1416), 0, 0, 0, 0, 0, 0, 0]","[(3, 0.0, 1.6666666666666667e-05), (1, 0.0, 0.0002833333333333333), (1, 0.0002333333333333333, 0.05122222222222223), (1, 0.0, 0.054338888888888895), (1, 0.0, 0.005011111111111111), 0, 0, (1, 0.003, 0.06097777777777777), (3, 0.0, 1.6666666666666667e-05), 0, 0, 0, 0, 0, 0, 0]","[0, 1, 2, 3, 4, -1, -1, 7, 8, -1, -1, -1, -1, -1, -1, -1]","[14, 6, 10, 8, 14, -1, -1, 10, 0, -1, -1, -1, -1, -1, -1, -1]","[True, True, True, True, True, False, False, True, True, False, False, False, False, False, False, False]"
3,13,"[1135.2228679800667, 500.8335838220001, 1845.861124904825, 754.589249271, 2530.7555535185593, 3121.8625785998443, 3464.41286996805, 1385.7651479872202, 1315.5229705416066, 2180.662757134983, 731.2170323801198, 0, 3121.8625785998443, 390.65025572768, 0, 0]","[1491.7800554225416, 532.710356926975, 1981.4356153649167, 4029.0, 4029.0, 4029.0, 3496.289643073025, 1521.339638447312, 4029.0, 2537.219944577458, 4029.0, 0, 4029.0, 526.2247461877716, 0, 0]","[(31.3258, 10.272666666666666, 10.300266666666666), (191.5394, 0.0, 0.0), (109.4118, 0.21166666666666664, 0.17653333333333332), (90.177, 0.02, 0.014), (419.43, 3.8347333333333333, 0.0464), (0.0, 0.0, 0.0), (168.47066666666663, 0.27493333333333336, 0.023333333333333327), (65.71033333333331, 0.2166, 0.004533333333333333), (29.53446666666667, 12.107333333333337, 12.139266666666664), (473.9556, 4.806, 0.02386666666666667), (178.9568, 0.0019333333333333331, 0.0014666666666666665), 0, (0.0, 0.0, 0.0), (499.1218, 0.0004, 0.0003333333333333333), 0, 0]","[(3, 0.0, 4.4444444444444447e-05), (1, 1.666666666666667e-05, 0.0002611111111111111), (1, 0.00011666666666666667, 0.05212222222222222), (1, 3.3333333333333335e-05, 0.05506666666666666), (1, 0.00031666666666666665, 0.004988888888888889), (2, 0.0, 0.0), (3, 0.2927833333333333, 0.026605555555555556), (1, 0.0002833333333333333, 0.09404444444444444), (3, 0.0, 1.6666666666666667e-05), (1, 0.0, 0.005094444444444444), (1, 0.36411666666666676, 0.01315), 0, (2, 0.0, 0.0), (2, 0.012733333333333334, 0.0036666666666666666), 0, 0]","[0, 1, 2, 3, 4, 5, 6, 7, 8, 9, 10, -1, 12, 13, -1, -1]","[1, 6, 10, 8, 14, 12, 6, 10, 0, 1, 15, -1, 2, 10, -1, -1]","[True, True, True, True, True, True, True, True, True, True, True, False, True, True, False, False]"
4,15,"[1145.2395403445964, 474.12245935149326, 1812.9971286157179, 0, 1379.6029687996834, 3065.1014408071205, 4442.116739200141, 1569.2557901120101, 1135.2228679800667, 1462.6758357381586, 657.7614400862267, 0, 3065.1014408071205, 530.8836808606934, 1071.7839430047102, 1108.5118598755066]","[1855.781852303219, 30.502860075676153, 1851.6182620862442, 4029.0, 4029.0, 4029.0, 3998.4971399243236, 1607.8769235825364, 4029.0, 2173.218147696781, 4029.0, 0, 4029.0, 569.5048143312197, 4029.0, 4029.0]","[(31.238400000000002, 10.958333333333334, 10.986266666666667), (225.09366666666662, 0.0, 0.0), (108.76053333333334, 0.20446666666666666, 0.17406666666666665), (93.3228, 0.018333333333333333, 0.014133333333333333), (442.49846666666673, 3.044, 0.055333333333333345), (0.0, 0.0, 0.0), (313.1741333333334, 0.2986666666666667, 0.020266666666666665), (40.54486666666667, 0.21746666666666667, 0.0017333333333333335), (31.3258, 10.272666666666666, 10.300266666666666), (384.4776, 1.923, 0.024933333333333335), (192.93779999999998, 0.003933333333333333, 0.0014666666666666665), 0, (0.0, 0.0, 0.0), (455.08166666666676, 0.012533333333333334, 0.18906666666666663), (125.829, 0.0033333333333333335, 0.0012666666666666666), (67.1088, 0.0, 0.001)]","[(3, 0.0, 2.2222222222222223e-05), (1, 0.0, 0.0002833333333333333), (1, 0.0, 0.05014999999999999), (1, 0.0, 0.0557), (1, 0.0, 0.004972222222222222), (2, 0.0, 0.0), (3, 0.10841666666666666, 0.0281), (1, 0.0, 0.05373333333333333), (3, 0.0, 4.4444444444444447e-05), (1, 0.0, 0.005011111111111111), (1, 0.26766666666666666, 0.015294444444444444), 0, (2, 0.0, 0.0), (2, 0.0002833333333333333, 0.0029611111111111123), (3, 0.0, 0.0006444444444444443), (3, 0.0, 0.0)]","[0, 1, 2, 3, 4, 5, 6, 7, 8, 9, 10, -1, 12, 13, 14, 15]","[1, 6, 10, 8, 14, 12, 6, 10, 0, 1, 15, -1, 2, 10, 5, 3]","[True, True, True, True, True, True, True, True, True, True, True, False, True, True, True, True]"
5,15,"[1218.6951376844836, 580.9669572335199, 1886.9411202662081, 0, 1530.9142621519063, 2911.512479720924, 3143.9889128247596, 1517.22113040498, 1145.2395403445964, 2530.7555535185593, 711.18368902724, 2047.1528695743666, 2911.512479720924, 537.5614630098844, 1068.445052216534, 1115.189642163913]","[1358.4697920829622, 732.9890222043803, 1916.0332157058506, 0, 4029.0, 4029.0, 3296.01097779562, 1546.3132258446224, 4029.0, 2670.530207917038, 4029.0, 4029.0, 4029.0, 566.6535584495268, 4029.0, 4029.0]","[(30.75773333333333, 11.004733333333336, 11.030333333333335), (159.38313333333332, 0.0, 0.0), (115.2732, 0.21046666666666666, 0.17566666666666664), 0, (440.4012, 3.206266666666667, 0.1867333333333333), (0.0, 0.0, 0.0), (205.5204, 0.03793333333333333, 0.025266666666666666), (26.56353333333333, 0.21073333333333333, 0.0014), (31.238400000000002, 10.958333333333334, 10.986266666666667), (419.43, 3.8347333333333333, 0.0464), (134.2176, 0.002, 0.0014), (545.259, 0.6861333333333334, 1.4692), (0.0, 0.0, 0.0), (471.15966666666674, 0.013066666666666664, 0.18946666666666667), (170.56820000000002, 0.0034, 0.0014666666666666665), (47.5354, 0.0, 0.001)]","[(3, 0.0, 2.2222222222222223e-05), (1, 0.0, 0.0002722222222222222), (1, 0.0, 0.05059444444444444), 0, (1, 1.666666666666667e-05, 0.0052), (2, 0.0, 0.0), (3, 0.00125, 0.027633333333333336), (1, 1.666666666666667e-05, 0.05187222222222222), (3, 0.0, 2.2222222222222223e-05), (1, 0.00031666666666666665, 0.004988888888888889), (1, 0.2701, 0.013050000000000004), (1, 0.07585, 0.04698333333333333), (2, 0.0, 0.0), (2, 0.00035, 0.0039833333333333335), (3, 0.0, 0.0005666666666666666), (3, 0.0, 0.0)]","[0, 1, 2, -1, 4, 5, 6, 7, 8, 9, 10, 16, 12, 13, 14, 15]","[1, 6, 10, -1, 14, 12, 6, 10, 0, 1, 15, 4, 2, 10, 5, 3]","[True, True, True, False, True, True, True, True, True, True, True, True, True, True, True, True]"
6,15,"[1191.9840113790701, 450.7502254398, 1906.1117847681867, 0, 1483.4440524727775, 3145.2348118086134, 3601.346184986549, 1569.2557901120101, 1218.6951376844836, 1379.6029687996834, 647.7447684097866, 1922.54356446984, 3145.2348118086134, 544.2392451590755, 1095.1561785219467, 1115.189642163913]","[1920.6905212896934, 439.2020202266255, 1909.2428447550958, 0, 4029.0, 4029.0, 3589.797979773374, 1572.3868500989192, 4029.0, 2108.3094787103064, 4029.0, 4029.0, 4029.0, 547.3703051459847, 4029.0, 4029.0]","[(30.932599999999997, 11.007200000000001, 11.033333333333335), (201.3262, 0.0, 0.0), (97.689, 0.24573333333333333, 0.20893333333333336), 0, (478.84913333333344, 2.3301999999999996, 0.8102), (0.0, 0.0, 0.0), (130.0228, 0.042466666666666666, 0.027733333333333336), (40.54466666666666, 0.2174, 0.0013333333333333333), (30.75773333333333, 11.004733333333336, 11.030333333333335), (442.49846666666673, 3.044, 0.055333333333333345), (226.49220000000003, 0.0016666666666666668, 0.0014), (738.1968, 0.7232666666666667, 1.2136), (0.0, 0.0, 0.0), (486.5389333333335, 0.012733333333333333, 0.18919999999999998), (170.56820000000002, 0.0033333333333333335, 0.0014), (72.7012, 0.0, 0.001)]","[(3, 0.0, 2.2222222222222223e-05), (1, 0.0, 0.0002666666666666667), (1, 0.0, 0.05149444444444444), 0, (1, 0.0, 0.004461111111111111), (2, 0.0, 0.0), (3, 0.0008, 0.02777777777777778), (1, 0.00013333333333333334, 0.05250555555555555), (3, 0.0, 2.2222222222222223e-05), (1, 0.0, 0.004972222222222222), (1, 0.27021666666666666, 0.012733333333333334), (1, 0.0017166666666666665, 0.0023777777777777777), (2, 0.0, 0.0), (2, 0.07660000000000003, 0.0032111111111111108), (3, 0.0, 0.0008388888888888889), (3, 0.0, 0.0)]","[0, 1, 2, -1, 4, 5, 6, 7, 8, 9, 10, 16, 12, 13, 14, 15]","[1, 6, 10, -1, 14, 12, 6, 10, 0, 1, 15, 4, 2, 10, 5, 3]","[True, True, True, False, True, True, True, True, True, True, True, True, True, True, True, True]"
7,16,"[1198.6617929554236, 537.5613799689467, 1908.8504511256126, 3815.4812123039737, 949.4041935825778, 2988.3069602640226, 3261.75156374067, 1662.37044432459, 0, 1530.9142621519063, 0, 2011.5502109730733, 2988.3069602640226, 524.2058987115023, 1105.1728508864767, 1105.1729687313032]","[1848.3737654017586, 652.4049081141383, 1886.7081864050442, 4029.0, 4029.0, 4029.0, 3376.5950918858616, 1640.2281796040215, 4029.0, 2180.6262345982414, 4029.0, 4029.0, 4029.0, 502.06363399093397, 4029.0, 4029.0]","[(29.2284, 11.277066666666668, 11.304066666666667), (183.15086666666667, 0.00013333333333333334, 6.666666666666668e-05), (125.0422, 0.247, 0.19506666666666664), (1426.063, 0.14286666666666667, 0.5943999999999999), (333.44686666666666, 0.9099333333333333, 0.8626), (0.0, 0.0, 0.0), (110.44946666666667, 0.04046666666666667, 0.026666666666666672), (36.35026666666667, 0.25166666666666665, 0.0012), (30.932599999999997, 11.007200000000001, 11.033333333333335), (440.4012, 3.206266666666667, 0.1867333333333333), (271.2314, 0.0722, 0.0028666666666666667), (564.8324, 0.6947333333333332, 1.3258666666666665), (0.0, 0.0, 0.0), (462.072, 0.012733333333333333, 0.18913333333333332), (128.6252, 0.0032, 0.0014), (33.5544, 0.0, 0.001)]","[(3, 0.0, 2.2222222222222223e-05), (1, 0.005966666666666668, 0.0008777777777777778), (1, 3.3333333333333335e-05, 0.05121666666666667), (3, 0.005116666666666666, 0.1869), (1, 0.0, 0.004088888888888889), (2, 0.0, 0.0), (3, 0.00011666666666666667, 0.02971666666666666), (1, 0.0, 0.05533333333333333), (3, 0.0, 2.2222222222222223e-05), (1, 1.666666666666667e-05, 0.0052), (1, 0.24863333333333332, 0.04668333333333334), (1, 0.00225, 0.06516111111111111), (2, 0.0, 0.0), (2, 0.07893333333333334, 0.003822222222222222), (3, 0.0, 0.0005555555555555557), (3, 0.0, 0.0)]","[0, 1, 2, 11, 4, 5, 6, 7, 8, 9, 10, 16, 12, 13, 14, 15]","[1, 6, 10, 9, 14, 12, 6, 10, 0, 1, 15, 4, 2, 10, 5, 3]","[True, True, True, True, True, True, True, True, True, True, True, True, True, True, True, True]"
8,16,"[1178.6284482263632, 0, 1714.4051397483977, 2446.521763816231, 732.8213619215522, 3008.340303014396, 3502.7541981732297, 1654.15444542348, 599.3113997345512, 1483.4440524727775, 1714.4051397483977, 2940.186222823474, 3008.340303014396, 447.41140399580445, 1078.4617245810634, 1111.8507510197098]","[1862.0921978767929, 263.12290091338514, 1785.414810025837, 4029.0, 4029.0, 4029.0, 3765.877099086615, 1725.1641157009192, 844.0625884555385, 2166.907802123207, 4029.0, 3184.9374115444616, 4029.0, 518.4210742732438, 4029.0, 4029.0]","[(27.96146666666667, 11.744666666666664, 11.770666666666664), (222.2977333333333, 0.0, 0.0), (93.78139999999999, 0.23493333333333336, 0.19066666666666662), (1311.4188000000001, 0.1956, 0.7402000000000001), (199.92773333333332, 0.9031333333333333, 0.010666666666666666), (0.0, 0.0, 0.0), (119.5372, 0.03373333333333334, 0.02686666666666667), (36.35046666666667, 0.2538666666666667, 0.0013333333333333333), (0.0, 0.004733333333333333, 0.00013333333333333334), (478.84913333333344, 2.3301999999999996, 0.8102), (105.5042, 0.28773333333333334, 0.22433333333333338), (1015.0211999999999, 0.7137333333333332, 1.397666666666667), (0.0, 0.0, 0.0), (442.4987333333333, 0.0128, 0.18926666666666667), (134.2176, 0.0033333333333333335, 0.0014), (39.146800000000006, 0.0, 0.001)]","[(3, 0.0, 2.2222222222222223e-05), (1, 0.0, 0.00019999999999999998), (1, 0.0, 0.049894444444444436), (3, 0.0006, 0.11304444444444445), (1, 0.0, 0.005077777777777777), (2, 0.0, 0.0), (3, 0.0013666666666666669, 0.04000555555555556), (1, 0.0, 0.0559388888888889), (3, 0.0, 0.0014222222222222223), (1, 0.0, 0.004461111111111111), (1, 0.0030666666666666663, 0.05871111111111111), (1, 1.0436000000000003, 0.5150888888888889), (2, 0.0, 0.0), (2, 0.058866666666666664, 0.003477777777777778), (3, 0.0, 0.0007111111111111111), (3, 0.0, 0.0)]","[0, 1, 2, 11, 4, 5, 6, 7, 17, 9, 18, 16, 12, 13, 14, 15]","[1, 6, 10, 9, 14, 12, 6, 10, 4, 1, 7, 4, 2, 10, 5, 3]","[True, True, True, True, True, True, True, True, True, True, True, True, True, True, True, True]"
9,16,"[1141.90064955642, 520.8668579276933, 1851.3384576196752, 2303.8585840403466, 0, 3068.4403312655163, 2935.85027399664, 1678.80244212681, 620.0796165570354, 949.4041935825778, 1429.5838385761401, 2067.9210870917877, 3068.4403312655163, 340.5668896087467, 1058.4283798520034, 1252.08417907625]","[2110.748227986921, 807.0082919655266, 1904.1025278345978, 4029.0, 4029.0, 4029.0, 3221.9917080344735, 1731.5665123417327, 1290.5792647326239, 1918.2517720130788, 4029.0, 2738.420735267376, 4029.0, 393.3309598236694, 4029.0, 4029.0]","[(28.00533333333333, 10.849266666666667, 10.8736), (0.0, 0.0046, 6.666666666666668e-05), (104.85293333333334, 0.21746666666666667, 0.18180000000000002), (1255.4948, 0.13406666666666667, 0.4640666666666667), (167.77133333333336, 0.8164666666666667, 0.02233333333333333), (0.0, 0.0, 0.0), (105.55626666666666, 0.03646666666666667, 0.024466666666666664), (71.3028, 0.24086666666666667, 0.0012), (0.0, 0.004666666666666667, 6.666666666666668e-05), (333.44686666666666, 0.9099333333333333, 0.8626), (110.71433333333331, 0.20726666666666668, 0.17506666666666665), (679.4766, 0.7587999999999999, 1.3356666666666668), (0.0, 0.0, 0.0), (473.9558, 0.00013333333333333334, 0.00013333333333333334), (268.4352, 0.0032666666666666664, 0.0013333333333333333), (173.3644, 6.666666666666668e-05, 0.0016)]","[(3, 0.0, 1.6666666666666667e-05), (1, 0.0, 0.0008722222222222223), (1, 3.3333333333333335e-05, 0.05011111111111111), (3, 1.666666666666667e-05, 0.12178333333333334), (1, 0.0, 0.005544444444444444), (2, 0.0, 0.0), (3, 0.0, 0.024422222222222224), (1, 0.0, 0.05382777777777778), (3, 0.0, 0.001661111111111111), (1, 0.0, 0.004088888888888889), (1, 0.0002333333333333333, 0.05122222222222223), (1, 0.0012666666666666666, 0.0020055555555555556), (2, 0.0, 0.0), (2, 0.06814999999999999, 0.0033166666666666665), (3, 0.0, 0.00065), (3, 0.03166666666666667, 0.0017722222222222221)]","[0, 19, 2, 11, 4, 5, 6, 7, 17, 9, 18, 16, 12, 13, 14, 15]","[1, 6, 10, 9, 14, 12, 6, 10, 4, 1, 7, 4, 2, 10, 5, 3]","[True, True, True, True, True, True, True, True, True, True, True, True, True, True, True, True]"
10,16,"[1148.5784311327734, 530.8835282724567, 1802.042463186016, 2662.034226881929, 3752.9130163235823, 3021.6958648479776, 2837.2582871833197, 1615.8131172183, 578.5431829120669, 732.8213619215522, 1845.861124904825, 2038.2522049240424, 3021.6958648479776, 510.85033441312004, 0, 1105.1729687313032]","[2222.3785346056106, 861.3126205445685, 1835.4738249135373, 4029.0, 4029.0, 4029.0, 3167.6873794554313, 1649.2444789458214, 1284.645488994012, 1806.6214653943894, 4029.0, 2744.3545110059877, 4029.0, 544.2816961406413, 4029.0, 4029.0]","[(29.18493333333334, 11.238933333333332, 11.264533333333333), (0.0, 0.004733333333333333, 0.00013333333333333334), (98.34026666666666, 0.21266666666666662, 0.17426666666666668), (1470.8021999999999, 0.18553333333333333, 0.47233333333333327), (388.67179999999996, 7.663399999999999, 2.4918666666666667), (0.0, 0.0, 0.0), (111.8476, 0.035666666666666666, 0.024), (46.137, 0.22346666666666667, 0.0013333333333333333), (0.0, 0.004533333333333333, 0.0), (199.92773333333332, 0.9031333333333333, 0.010666666666666666), (109.4118, 0.21166666666666664, 0.17653333333333332), (654.3108000000001, 0.7628666666666667, 1.1362666666666668), (0.0, 0.0, 0.0), (501.219, 0.012666666666666665, 0.18913333333333332), (248.8618, 0.0033333333333333335, 0.0014), (156.58720000000002, 6.666666666666668e-05, 0.001066666666666667)]","[(3, 0.0, 4.4444444444444447e-05), (1, 0.0, 0.0008388888888888889), (1, 0.00011666666666666667, 0.04876111111111111), (3, 1.666666666666667e-05, 0.1395388888888889), (2, 0.0, 0.016355555555555557), (2, 0.0, 0.0), (3, 0.0, 0.028383333333333337), (1, 5e-05, 0.05402777777777778), (3, 0.0, 0.0012944444444444446), (1, 0.0, 0.005077777777777777), (1, 0.00011666666666666667, 0.05212222222222222), (1, 0.011416666666666664, 0.047094444444444446), (2, 0.0, 0.0), (2, 0.08508333333333333, 0.0030222222222222226), (3, 0.0, 0.0008222222222222222), (3, 0.0, 0.0002833333333333333)]","[0, 19, 2, 11, 20, 5, 6, 7, 17, 9, 18, 16, 12, 13, 14, 15]","[1, 6, 10, 9, 14, 12, 6, 10, 4, 1, 7, 4, 2, 10, 5, 3]","[True, True, True, True, True, True, True, True, True, True, True, True, True, True, True, True]"
11,15,"[1181.9673390145404, 554.2557590769045, 1136.5465383316057, 2986.820614882346, 2794.65141873918, 2894.8180274289466, 2777.0076285751793, 1536.3917945075702, 581.5100710295644, 851.4968861193744, 1812.9971286157179, 2070.887975308562, 2894.8180274289466, 550.9170273082667, 0, 0]","[2179.735226447583, 903.1240652508625, 1404.9280849491247, 4029.0, 4029.0, 4029.0, 3125.8759347491373, 1804.7733411250892, 1269.811047860501, 1849.264773552417, 4029.0, 2759.1889521394987, 4029.0, 819.2985739257858, 0, 4029.0]","[(29.79646666666667, 11.306333333333336, 11.331333333333335), (0.0, 0.0044, 0.0), (87.92, 0.21286666666666668, 0.18966666666666662), (1311.4188000000001, 0.14286666666666667, 0.5135333333333333), (651.5146, 19.004533333333335, 2.486266666666667), (0.0, 0.0, 0.0), (115.3428, 0.03426666666666667, 0.023266666666666665), (58.719800000000006, 0.21913333333333332, 0.0012), (0.0, 0.004733333333333333, 0.0), (167.77133333333336, 0.8164666666666667, 0.02233333333333333), (108.76053333333334, 0.20446666666666666, 0.17406666666666665), (506.11220000000003, 0.7000666666666667, 1.4158), (0.0, 0.0, 0.0), (447.39213333333333, 0.013266666666666668, 0.18946666666666667), 0, (97.867, 0.0, 0.001)]","[(3, 0.0, 1.6666666666666667e-05), (1, 0.0, 0.0008277777777777778), (1, 0.0, 0.050077777777777784), (3, 5e-05, 0.13139444444444442), (2, 0.0, 0.0053), (2, 0.0, 0.0), (3, 0.0, 0.027411111111111112), (1, 1.666666666666667e-05, 0.053094444444444444), (3, 0.0, 0.0012333333333333335), (1, 0.0, 0.005544444444444444), (1, 0.0, 0.05014999999999999), (1, 0.0675, 0.04805), (2, 0.0, 0.0), (2, 0.07923333333333334, 0.004383333333333332), 0, (3, 0.008, 0.00039999999999999996)]","[0, 19, 2, 11, 20, 5, 6, 7, 17, 9, 18, 16, 12, 13, -1, 15]","[1, 6, 10, 9, 14, 12, 6, 10, 4, 1, 7, 4, 2, 10, -1, 3]","[True, True, True, True, True, True, True, True, True, True, True, True, True, True, False, True]"
12,15,"[0, 520.8668579276933, 1426.8451722187147, 2953.431360041183, 1739.5619942211624, 3151.912592725404, 3089.2155868173595, 1618.55178351867, 578.5431829120669, 1483.4440524727775, 1886.9411202662081, 1964.079999504682, 3151.912592725404, 507.51144333852443, 1155.2559781834066, 0]","[1272.7779737636113, 730.325635555167, 1585.5423725267449, 4029.0, 4029.0, 4029.0, 3298.6743644448334, 1777.2489838267002, 1321.7315917036924, 2756.222026236389, 4029.0, 2707.268408296308, 4029.0, 666.2086436465547, 4029.0, 0]","[(29.66546666666667, 11.591533333333333, 11.616), (0.0, 0.0046, 0.00013333333333333334), (83.36113333333331, 0.21606666666666663, 0.18393333333333337), (1311.4188000000001, 0.188, 0.5201333333333333), (369.0984, 16.1096, 2.579733333333333), (0.0, 0.0, 0.0), (111.1486, 0.03153333333333334, 0.0434), (46.1372, 0.21906666666666663, 0.0013333333333333333), (0.0, 0.004733333333333333, 6.666666666666668e-05), (186.64606666666668, 3.3434, 0.0272), (115.2732, 0.21046666666666666, 0.17566666666666664), (713.031, 0.7426, 1.2830666666666666), (0.0, 0.0, 0.0), (457.87773333333325, 0.012866666666666667, 0.18946666666666667), (67.10839999999999, 0.00013333333333333334, 0.001), 0]","[(3, 0.0, 2.2222222222222223e-05), (1, 0.0, 0.0008111111111111112), (1, 0.0, 0.04877777777777778), (3, 3.3333333333333335e-05, 0.16156666666666666), (2, 0.0, 0.00225), (2, 0.0, 0.0), (3, 0.0009, 0.029877777777777774), (1, 0.0, 0.05315555555555555), (3, 0.0, 0.0012666666666666666), (1, 0.0, 0.005394444444444445), (1, 0.0, 0.05059444444444444), (1, 0.0019333333333333331, 0.002327777777777778), (2, 0.0, 0.0), (2, 0.08313333333333334, 0.0036777777777777776), (1, 0.0, 0.0005722222222222222), 0]","[0, 19, 2, 11, 20, 5, 6, 7, 17, 9, 18, 16, 12, 13, 21, -1]","[1, 6, 10, 9, 14, 12, 6, 10, 4, 1, 7, 4, 2, 10, 13, -1]","[True, True, True, True, True, True, True, True, True, True, True, True, True, True, True, False]"
13,16,"[1071.7839430047102, 510.85018758292983, 2127.9437597196566, 2989.8560016860883, 1826.3731494030244, 2938.223603388089, 2842.73561978406, 1607.5971183171898, 593.3776234995555, 1397.4042974293563, 1906.1117847681867, 2079.788639958885, 2938.223603388089, 530.8836808606934, 1151.9170880730503, 731.2170323801198]","[4029.0, 848.557283899435, 2048.8022400871437, 4029.0, 4029.0, 4029.0, 3180.442716100565, 1528.4555986846767, 801.5831915533687, 4029.0, 4029.0, 2287.9942080126984, 4029.0, 451.74216122818035, 4029.0, 939.422600433933]","[(125.829, 0.0033333333333333335, 0.0012666666666666666), (0.0, 0.004533333333333333, 0.0), (90.52506666666666, 0.3320666666666667, 0.2432666666666667), (1177.2012, 0.14893333333333333, 0.6776666666666666), (268.4352, 13.852799999999998, 1.682), (0.0, 0.0, 0.0), (97.86666666666669, 0.0338, 0.023066666666666666), (32.15606666666666, 0.22213333333333332, 0.0012666666666666666), (67.1088, 0.004666666666666667, 6.666666666666668e-05), (441.79940000000005, 3.5278666666666667, 0.02166666666666667), (97.689, 0.24573333333333333, 0.20893333333333336), (458.5768, 0.723, 1.306), (0.0, 0.0, 0.0), (450.1882, 0.0128, 0.18919999999999998), (72.70093333333334, 6.666666666666668e-05, 0.001), (178.9568, 0.0019333333333333331, 0.0014666666666666665)]","[(3, 0.0, 0.0006444444444444443), (1, 0.0, 0.0008055555555555557), (1, 0.0002333333333333333, 0.0568888888888889), (3, 5e-05, 0.12382222222222221), (2, 0.0, 0.005916666666666666), (2, 0.0, 0.0), (3, 0.0, 0.02947777777777778), (1, 0.0, 0.05301111111111111), (3, 0.0, 0.0012222222222222224), (1, 0.0, 0.005505555555555555), (1, 0.0, 0.05149444444444444), (1, 0.059366666666666665, 0.06801666666666667), (2, 0.0, 0.0), (2, 0.07976666666666667, 0.004427777777777778), (1, 0.0, 0.0005666666666666666), (1, 0.36411666666666676, 0.01315)]","[22, 19, 2, 11, 20, 5, 6, 7, 17, 9, 18, 16, 12, 13, 21, 23]","[15, 6, 10, 9, 14, 12, 6, 10, 4, 1, 7, 4, 2, 10, 13, 4]","[True, True, True, True, True, True, True, True, True, True, True, True, True, True, True, True]"
14,16,"[1068.445052216534, 520.8668579276933, 2445.6290571810214, 5888.650399259911, 1612.6841520322869, 2958.2569461384624, 2867.38361648739, 1917.0664102590001, 572.6094066770711, 0, 1908.8504511256126, 2871.947793837662, 2958.2569461384624, 424.0391664736356, 1158.5948682937635, 657.7614400862267]","[4029.0, 841.2416207201517, 2193.0508458764693, 4029.0, 4029.0, 4029.0, 3187.7583792798487, 1664.4881989544479, 548.1698598100844, 4029.0, 4029.0, 2847.5082469706754, 4029.0, 171.4609551690834, 4029.0, 633.32189321924]","[(170.56820000000002, 0.0034, 0.0014666666666666665), (0.0, 0.0046, 0.00013333333333333334), (126.996, 0.5407333333333333, 0.289), (1269.4758, 0.3529333333333333, 0.49439999999999995), (383.0794, 15.210066666666668, 1.8525333333333331), (0.0, 0.0, 0.0), (98.5656, 0.03406666666666667, 0.023066666666666666), (58.719800000000006, 0.34153333333333336, 0.0017333333333333335), (22.3696, 0.0048, 0.0), (421.5272, 3.163133333333333, 0.021933333333333332), (125.0422, 0.247, 0.19506666666666664), (824.879, 0.7441333333333333, 1.3625333333333334), (0.0, 0.0, 0.0), (483.74273333333326, 0.012666666666666665, 0.18913333333333332), (75.49719999999999, 0.0004, 0.0014666666666666665), (192.93779999999998, 0.003933333333333333, 0.0014666666666666665)]","[(3, 0.0, 0.0005666666666666666), (1, 0.0, 0.0008166666666666667), (1, 0.0001, 0.059855555555555565), (3, 0.1731833333333333, 0.38794999999999996), (2, 0.0, 0.0036999999999999997), (2, 0.0, 0.0), (3, 0.0, 0.029166666666666667), (1, 0.00016666666666666666, 0.06364444444444443), (3, 0.0, 0.0012777777777777776), (1, 0.04335, 0.02068888888888889), (1, 3.3333333333333335e-05, 0.05121666666666667), (1, 1.0255833333333333, 0.54465), (2, 0.0, 0.0), (2, 0.07776666666666666, 0.0032166666666666654), (1, 0.0, 0.0005499999999999999), (1, 0.26766666666666666, 0.015294444444444444)]","[22, 19, 2, 11, 20, 5, 6, 7, 17, 9, 18, 16, 12, 13, 21, 23]","[15, 6, 10, 9, 14, 12, 6, 10, 4, 1, 7, 4, 2, 10, 13, 4]","[True, True, True, True, True, True, True, True, True, True, True, True, True, True, True, True]"
15,16,"[1095.1561785219467, 510.85018758292983, 2166.2850887236145, 4252.576912042853, 1499.1618721790824, 3018.356974389583, 3604.08485128692, 2037.56772747528, 664.582938319502, 2251.868135745323, 1714.4051397483977, 1993.7488816724258, 3018.356974389583, 574.2892648304356, 1151.9170880730503, 711.18368902724]","[4029.0, 467.88266814800465, 1916.5710617138377, 4029.0, 4029.0, 4029.0, 3561.117331851995, 1787.8537004655032, 884.4111019797795, 2283.2314979984626, 1745.7685020015374, 2213.577045332703, 4029.0, 324.5752378206589, 4029.0, 931.0118526875175]","[(170.56820000000002, 0.0033333333333333335, 0.0014), (0.0, 0.0046, 0.0), (113.97066666666669, 0.33546666666666664, 0.21846666666666667), (1974.1186, 0.14053333333333334, 0.48906666666666665), (279.62, 9.749466666666667, 1.610333333333333), (0.0, 0.0, 0.0), (159.383, 0.27046666666666663, 0.022466666666666666), (29.3598, 0.5571333333333334, 0.0044), (78.29360000000001, 0.005933333333333334, 0.0014666666666666665), (100.6632, 0.009333333333333334, 0.0108), (93.78139999999999, 0.23493333333333336, 0.19066666666666662), (721.4196, 0.7326, 1.4462000000000002), (0.0, 0.0, 0.0), (522.8896, 0.0003333333333333333, 0.0004), (75.49719999999999, 0.0003333333333333333, 0.0014), (134.2176, 0.002, 0.0014)]","[(3, 0.0, 0.0008388888888888889), (1, 0.0, 0.0008222222222222222), (1, 0.0, 0.05419444444444445), (3, 1.666666666666667e-05, 0.31198333333333333), (2, 0.05768333333333333, 0.023244444444444446), (2, 0.0, 0.0), (3, 0.0013666666666666669, 0.02918888888888889), (1, 0.00015, 0.1132611111111111), (3, 0.0, 0.0033777777777777777), (2, 0.0, 0.002416666666666667), (1, 0.0, 0.049894444444444436), (1, 0.0, 0.0003444444444444444), (2, 0.0, 0.0), (2, 0.6217333333333334, 0.037983333333333334), (1, 0.0, 0.0005611111111111111), (1, 0.2701, 0.013050000000000004)]","[22, 19, 2, 11, 20, 5, 6, 7, 17, 24, 18, 16, 12, 13, 21, 23]","[15, 6, 10, 9, 14, 12, 6, 10, 4, 7, 7, 4, 2, 10, 13, 4]","[True, True, True, True, True, True, True, True, True, True, True, True, True, True, True, True]"
16,16,"[1105.1728508864767, 524.2057480426145, 2018.3971054226345, 3235.722332789209, 1863.10094582612, 3148.573702267009, 4107.999450555, 1878.7250820538202, 626.0133927920311, 2266.7025766922616, 1851.3384576196752, 2118.3581867769535, 3148.573702267009, 570.95037375584, 1168.6115386248337, 647.7447684097866]","[4029.0, 222.60314874380697, 1872.0395850118696, 4029.0, 4029.0, 4029.0, 3806.396851256193, 1732.3675616430553, 838.3079434657741, 2222.1820595362933, 1806.817940463707, 2330.6527374506963, 4029.0, 424.592853345075, 4029.0, 860.0393190835296]","[(128.6252, 0.0032, 0.0014), (22.3696, 0.004666666666666667, 0.0002), (114.62193333333336, 0.28486666666666666, 0.20433333333333337), (1730.8488, 0.18693333333333337, 0.49646666666666667), (338.34020000000004, 2.189, 3.0638666666666667), (0.0, 0.0, 0.0), (234.88039999999998, 0.2981333333333333, 0.018066666666666665), (50.3314, 0.34666666666666673, 0.0016666666666666668), (44.7392, 0.004666666666666667, 6.666666666666668e-05), (150.9948, 0.009333333333333334, 0.010933333333333335), (104.85293333333334, 0.21746666666666667, 0.18180000000000002), (626.3488000000001, 0.7791333333333333, 1.1652666666666667), (0.0, 0.0, 0.0), (428.5174, 0.0031333333333333335, 0.0476), (77.5942, 0.00046666666666666666, 0.0014), (226.49220000000003, 0.0016666666666666668, 0.0014)]","[(3, 0.0, 0.0005555555555555557), (1, 0.0, 0.0008666666666666667), (1, 3.3333333333333335e-05, 0.05196111111111111), (3, 1.666666666666667e-05, 0.20562222222222223), (2, 1.1261166666666667, 0.002977777777777778), (2, 0.0, 0.0), (3, 8.333333333333333e-05, 0.02883888888888889), (1, 0.002466666666666667, 0.06152777777777777), (3, 0.0, 0.0013444444444444443), (2, 0.0, 0.0026888888888888887), (1, 3.3333333333333335e-05, 0.05011111111111111), (1, 0.0019833333333333335, 0.0026333333333333334), (2, 0.0, 0.0), (2, 0.6187666666666667, 0.009888888888888888), (1, 0.0, 0.001627777777777778), (1, 0.27021666666666666, 0.012733333333333334)]","[22, 19, 2, 11, 20, 5, 6, 7, 17, 24, 18, 16, 12, 13, 21, 23]","[15, 6, 10, 9, 14, 12, 6, 10, 4, 7, 7, 4, 2, 10, 13, 4]","[True, True, True, True, True, True, True, True, True, True, True, True, True, True, True, True]"
17,16,"[1078.4617245810634, 517.5279678127722, 1966.362444631549, 2452.592537423716, 2634.3846707111265, 3425.7016103138403, 3519.18619597545, 1700.71177252977, 593.3776234995555, 2248.9012475559352, 1802.042463186016, 2145.060180727923, 3425.7016103138403, 617.6948488001779, 1165.2726485144767, 724.5392512624934]","[4029.0, 513.670885918661, 1881.1060893110498, 4029.0, 4029.0, 4029.0, 3515.329114081339, 1615.455417209271, 782.0519383362315, 2237.9293921849594, 1791.0706078150404, 2333.734495564599, 4029.0, 532.4384934796788, 4029.0, 913.2135660991694]","[(134.2176, 0.0033333333333333335, 0.0014), (78.29360000000001, 0.004533333333333333, 6.666666666666668e-05), (98.99153333333334, 0.26739999999999997, 0.19593333333333338), (1356.158, 0.1402, 0.49906666666666666), (408.2452, 3.357266666666667, 2.6136666666666666), (0.0, 0.0, 0.0), (221.59853333333334, 0.0404, 0.026733333333333335), (54.525800000000004, 0.2951333333333333, 0.0012666666666666666), (44.7392, 0.004666666666666667, 0.0), (150.9948, 0.009266666666666668, 0.0106), (98.34026666666666, 0.21266666666666662, 0.17426666666666668), (542.4628, 0.7475333333333333, 1.4531333333333334), (0.0, 0.0, 0.0), (371.8944, 0.0048, 0.06446666666666667), (69.2056, 0.00046666666666666666, 0.0013333333333333333), (271.2314, 0.0722, 0.0028666666666666667)]","[(3, 0.0, 0.0007111111111111111), (1, 0.0, 0.000861111111111111), (1, 0.0, 0.051827777777777785), (3, 8.333333333333333e-05, 0.11315), (2, 1.092625, 0.013255555555555555), (2, 0.0, 0.0), (3, 0.0, 0.02946666666666667), (1, 0.0001, 0.058061111111111105), (3, 0.0, 0.0013), (2, 0.0, 0.0023555555555555556), (1, 0.00011666666666666667, 0.04876111111111111), (1, 0.07328333333333333, 0.0468111111111111), (2, 0.0, 0.0), (2, 0.6185666666666666, 0.005033333333333333), (1, 0.0, 0.0005499999999999999), (1, 0.24863333333333332, 0.04668333333333334)]","[22, 19, 2, 11, 20, 5, 6, 7, 17, 24, 18, 16, 12, 13, 21, 23]","[15, 6, 10, 9, 14, 12, 6, 10, 4, 7, 7, 4, 2, 10, 13, 4]","[True, True, True, True, True, True, True, True, True, True, True, True, True, True, True, True]"
18,16,"[0, 517.5279678127722, 1996.48777456323, 2677.21116090064, 1779.6286812281753, 3442.3960626058183, 3576.69818828322, 1752.7464322368, 596.3445116170533, 2254.8350239347114, 1136.5465383316057, 2245.9343800982538, 3442.3960626058183, 590.9837202034133, 1178.6282089559033, 737.8948134977464]","[4029.0, 484.91488976477604, 1892.7484655620824, 4029.0, 4029.0, 4029.0, 3544.085110235224, 1649.0071232356524, 745.9532765460355, 2573.644242801553, 1455.3557571984472, 2395.543145027236, 4029.0, 487.24441120226567, 4029.0, 887.5035784267286]","[(268.4352, 0.0032666666666666664, 0.0013333333333333333), (0.0, 0.004666666666666667, 0.00013333333333333334), (100.29406666666667, 0.28213333333333335, 0.20133333333333336), (1227.5328, 0.18566666666666662, 0.4779333333333333), (645.9222, 2.945, 2.129), (0.0, 0.0, 0.0), (117.44013333333332, 0.04193333333333333, 0.027666666666666673), (37.7482, 0.27673333333333333, 0.0014), (33.5544, 0.0046, 6.666666666666668e-05), (184.5492, 0.009333333333333334, 0.0108), (87.92, 0.21286666666666668, 0.18966666666666662), (710.2348000000001, 0.9372, 1.3942), (0.0, 0.0, 0.0), (318.06759999999997, 0.003933333333333333, 0.06373333333333334), (82.4876, 0.0007333333333333332, 0.002), (164.9758, 0.0021333333333333334, 0.0014666666666666665)]","[(3, 0.0, 0.00065), (1, 0.0, 0.0008388888888888889), (1, 1.666666666666667e-05, 0.05187777777777777), (3, 3.3333333333333335e-05, 0.15232222222222222), (2, 0.0, 0.0070888888888888885), (2, 0.0, 0.0), (3, 0.0027166666666666667, 0.027800000000000002), (1, 0.0, 0.057172222222222215), (3, 0.0, 0.001222222222222222), (2, 0.0, 0.002338888888888889), (1, 0.0, 0.050077777777777784), (1, 0.003016666666666666, 0.05234444444444444), (2, 0.0, 0.0), (2, 0.6186833333333334, 0.003605555555555555), (1, 0.0, 0.0005722222222222222), (1, 0.2376, 0.013488888888888885)]","[22, 19, 2, 11, 20, 5, 6, 7, 17, 24, 18, 16, 12, 13, 21, 23]","[15, 6, 10, 9, 14, 12, 6, 10, 4, 7, 7, 4, 2, 10, 13, 4]","[True, True, True, True, True, True, True, True, True, True, True, True, True, True, True, True]"
19,16,"[881.4670876440003, 550.9168689619834, 2029.3517708523368, 6028.278192232053, 2090.1455055325287, 3475.784967189774, 3261.75156374067, 1670.5864432257001, 584.4769591470622, 2248.9012475559352, 0, 3233.9081562841443, 3475.784967189774, 460.76696829418665, 1165.2726485144767, 714.5225795860533]","[4029.0, 659.0826526106567, 1985.4500433949288, 4029.0, 4029.0, 4029.0, 3369.9173473893434, 1626.684715768292, 416.50772747464214, 4029.0, 4029.0, 3065.9389246117244, 4029.0, 416.86524083677864, 4029.0, 546.5533479136333]","[(95.9442, 0.019933333333333334, 0.0208), (0.0, 0.0046, 0.0), (104.20166666666668, 0.267, 0.19686666666666666), (1551.892, 0.19686666666666666, 1.39), (402.6528, 3.2084, 1.765466666666667), (0.0, 0.0, 0.0), (115.3428, 0.04046666666666667, 0.026666666666666672), (30.75786666666666, 0.2919333333333333, 0.001066666666666667), (0.0, 0.0046, 0.0), (218.1036, 0.009266666666666668, 0.010533333333333334), (83.36113333333331, 0.21606666666666663, 0.18393333333333337), (478.1502, 1.5555999999999999, 1.8252000000000002), (0.0, 0.0, 0.0), (259.3472666666667, 0.001066666666666667, 0.013266666666666668), (81.08953333333334, 0.0002666666666666667, 0.001), (159.3834, 0.0022666666666666664, 0.0018)]","[(1, 0.0012, 0.05558333333333333), (1, 0.0, 0.0012333333333333335), (1, 3.3333333333333335e-05, 0.05137777777777777), (3, 0.0001, 0.1530611111111111), (2, 0.0, 0.005355555555555555), (2, 0.0, 0.0), (3, 0.0, 0.025622222222222223), (1, 3.3333333333333335e-05, 0.057200000000000015), (3, 0.0, 0.0012777777777777776), (2, 0.0, 0.0022555555555555554), (1, 0.0, 0.04877777777777778), (1, 0.0011333333333333332, 0.0015055555555555556), (2, 0.0, 0.0), (2, 0.3472166666666667, 0.0044444444444444444), (1, 0.0, 0.000538888888888889), (1, 0.27031666666666665, 0.012972222222222222)]","[25, 19, 2, 11, 20, 5, 6, 7, 17, 24, 18, 16, 12, 13, 21, 23]","[15, 6, 10, 9, 14, 12, 6, 10, 4, 8, 7, 4, 2, 10, 13, 4]","[True, True, True, True, True, True, True, True, True, True, True, True, True, True, True, True]"
20,16,"[754.589249271, 520.8668579276933, 1991.0104418483793, 6374.312287858666, 1232.0506254656602, 3732.8795324862313, 3409.63954396065, 1722.6211029327299, 590.4107353820577, 2201.431036525731, 2327.8664038117226, 4138.80906240035, 3732.8795324862313, 851.4172240218669, 0, 707.8447984684265]","[4029.0, 570.1136569835218, 1812.3275189140538, 4029.0, 4029.0, 4029.0, 3458.8863430164783, 1543.9381799984044, 121.05586996511329, 4029.0, 4029.0, 3669.4541969834054, 4029.0, 672.7343010875416, 4029.0, 238.489933051482]","[(96.9928, 0.020133333333333333, 0.014066666666666665), (0.0, 0.004666666666666667, 0.00013333333333333334), (76.1972, 0.28906666666666664, 0.20346666666666666), (1736.4414, 0.2492666666666667, 1.2721333333333333), (444.5958, 2.369733333333333, 2.1395999999999997), (0.0, 0.0, 0.0), (132.12006666666667, 0.0338, 0.0268), (50.3314, 0.2760666666666667, 0.0014), (0.0, 0.004666666666666667, 6.666666666666668e-05), (268.4352, 0.009333333333333334, 0.0108), (335.544, 0.016466666666666664, 0.009866666666666668), (673.8842, 1.5523333333333331, 1.8134000000000001), (0.0, 0.0, 0.0), (442.49846666666673, 0.015266666666666668, 0.23006666666666664), (78.99233333333332, 0.0004, 0.0014), (173.3644, 0.0022, 0.0016)]","[(1, 0.0, 0.054338888888888895), (1, 0.0, 0.0008222222222222222), (1, 0.00013333333333333334, 0.05233888888888889), (3, 0.00015, 0.2104), (2, 0.0, 0.005061111111111111), (2, 0.0, 0.0), (3, 0.0, 0.03398333333333334), (1, 1.666666666666667e-05, 0.05597222222222223), (3, 0.0, 0.0013333333333333333), (2, 0.0, 0.0022944444444444444), (3, 0.0, 0.015905555555555555), (1, 1.0415999999999999, 0.5724111111111111), (2, 0.0, 0.0), (2, 1.0279, 0.004183333333333333), (1, 0.0, 0.0005777777777777778), (1, 0.2694166666666667, 0.013116666666666667)]","[25, 19, 2, 11, 20, 5, 6, 7, 17, 24, 26, 16, 12, 13, 21, 23]","[15, 6, 10, 9, 14, 12, 6, 10, 4, 8, 3, 4, 2, 10, 13, 4]","[True, True, True, True, True, True, True, True, True, True, True, True, True, True, True, True]"
21,15,"[754.589249271, 520.8668579276933, 1865.0317894068035, 3703.171900565511, 2534.217953193593, 3782.9628893621643, 2935.85027399664, 1766.43976373865, 628.9802809095288, 2248.9012475559352, 2503.141050686958, 3308.0803617035053, 3782.9628893621643, 781.30051145536, 0, 787.9781718799467]","[4029.0, 807.0082919655266, 1737.1077678731988, 4029.0, 4029.0, 4029.0, 3221.9917080344735, 1638.5157422050454, 396.9673427452018, 4029.0, 4029.0, 3076.0674235391784, 4029.0, 653.3764899217555, 0, 555.9652337156197]","[(90.177, 0.02, 0.014), (0.0, 0.0044666666666666665, 0.00013333333333333334), (85.9662, 0.27253333333333335, 0.19946666666666668), (1493.1718, 0.1692, 0.7876000000000001), (349.525, 5.339466666666667, 2.7218), (0.0, 0.0, 0.0), (107.65339999999999, 0.037200000000000004, 0.024933333333333335), (54.525800000000004, 0.298, 0.001), (0.0, 0.004533333333333333, 0.0), (33.5544, 0.009266666666666668, 0.010666666666666666), (427.8186, 0.011466666666666667, 0.006066666666666666), (894.7841999999999, 1.598466666666667, 1.968333333333333), (0.0, 0.0, 0.0), (662.6993333333335, 0.010066666666666666, 0.14859999999999998), 0, (164.9758, 0.0023333333333333335, 0.0016666666666666668)]","[(1, 3.3333333333333335e-05, 0.05506666666666666), (1, 0.0, 0.0008944444444444446), (1, 0.0, 0.052361111111111115), (3, 0.0001, 0.13415555555555556), (2, 0.0, 0.01048888888888889), (2, 0.0, 0.0), (3, 0.0, 0.03331111111111111), (1, 1.666666666666667e-05, 0.05641111111111111), (3, 0.0, 0.0016666666666666668), (2, 0.0, 0.0023555555555555556), (3, 1.666666666666667e-05, 0.017866666666666666), (1, 0.0013, 0.001966666666666667), (2, 0.0, 0.0), (2, 0.5962833333333333, 0.006688888888888889), 0, (1, 0.2995333333333334, 0.013277777777777779)]","[25, 19, 2, 11, 20, 5, 6, 7, 17, 24, 26, 16, 12, 13, -1, 23]","[15, 6, 10, 9, 14, 12, 6, 10, 4, 8, 3, 4, 2, 10, -1, 4]","[True, True, True, True, True, True, True, True, True, True, True, True, True, True, False, True]"
22,16,"[0, 520.8668579276933, 1982.7944427761026, 3949.038231668631, 5161.924842736884, 3388.973815271489, 2733.1889677692598, 1730.8371018338398, 605.2451759695467, 5046.6768101486105, 2497.663717972107, 3144.901509780911, 3388.973815271489, 804.672748977529, 2327.8664038117226, 757.9281568506268]","[4029.0, 908.3389450792168, 1819.693011580279, 4029.0, 4029.0, 4029.0, 3120.6610549207835, 1567.7356706380162, 445.5535617691851, 4029.0, 4029.0, 2985.2098955805495, 4029.0, 641.5713177817053, 4029.0, 598.2365426502652]","[(93.3228, 0.018333333333333333, 0.014133333333333333), (0.0, 0.004666666666666667, 6.666666666666668e-05), (92.47886666666669, 0.26613333333333333, 0.19846666666666668), (1484.7831999999999, 0.21580000000000002, 0.8416666666666666), (553.6476, 10.710466666666667, 4.053266666666667), (0.0, 0.0, 0.0), (99.96353333333334, 0.03306666666666667, 0.022733333333333335), (41.942800000000005, 0.2816666666666667, 0.0014), (0.0, 0.004666666666666667, 6.666666666666668e-05), (369.0984, 0.018533333333333336, 0.025066666666666668), (419.43, 0.0086, 0.004933333333333334), (727.012, 1.5444666666666669, 1.7056666666666669), (0.0, 0.0, 0.0), (598.3869333333334, 0.0126, 0.18913333333333332), (335.544, 0.016466666666666664, 0.009866666666666668), (162.1796, 0.0022, 0.0016666666666666668)]","[(1, 0.0, 0.0557), (1, 0.0, 0.0008277777777777778), (1, 0.0026333333333333334, 0.052366666666666666), (3, 0.0001, 0.17663333333333334), (2, 0.0, 0.008927777777777778), (2, 0.0, 0.0), (3, 0.0, 0.026605555555555556), (1, 1.666666666666667e-05, 0.056561111111111104), (3, 0.0, 0.00125), (2, 0.0, 0.0054888888888888895), (3, 0.0, 0.021744444444444445), (1, 0.0019666666666666665, 0.05048333333333333), (2, 0.0, 0.0), (2, 0.7702666666666665, 0.024955555555555557), (3, 0.0, 0.015905555555555555), (1, 0.27321666666666666, 0.013138888888888891)]","[25, 19, 2, 11, 20, 5, 6, 7, 17, 24, 26, 16, 12, 13, 27, 23]","[15, 6, 10, 9, 14, 12, 6, 10, 4, 8, 3, 4, 2, 10, 5, 4]","[True, True, True, True, True, True, True, True, True, True, True, True, True, True, True, True]"
23,16,"[590.9835929581135, 524.2057480426145, 1854.077123977101, 3566.579494397111, 3255.4183193198332, 0, 2831.7809545825808, 1730.8371018338398, 587.44384726456, 6361.008278047395, 2664.722365775066, 3242.8088209344673, 0, 661.10043276992, 2503.141050686958, 838.0615302621467]","[4029.0, 860.712396730017, 1781.7389044501476, 4029.0, 4029.0, 4029.0, 3168.2876032699833, 1658.4988823068863, 374.3391144441687, 4029.0, 4029.0, 3029.704088114076, 4029.0, 588.7622132429664, 4029.0, 624.9567974417554]","[(265.6387333333333, 0.05313333333333333, 0.031266666666666665), (0.0, 0.004533333333333333, 0.0), (121.1346, 0.2476, 0.193), (1644.1666, 0.15380000000000002, 0.6252666666666667), (503.316, 17.2942, 4.714533333333334), (0.0, 0.0, 0.0), (103.459, 0.03553333333333333, 0.025), (41.943, 0.27626666666666666, 0.0012666666666666666), (0.0, 0.0046, 0.00013333333333333334), (1157.6274666666666, 0.016533333333333334, 0.022133333333333328), (455.7806, 0.011333333333333336, 0.005066666666666666), (578.8134, 1.5288, 1.8861333333333334), (0.0, 0.0, 0.0), (560.6383333333334, 0.013266666666666668, 0.18946666666666667), (427.8186, 0.011466666666666667, 0.006066666666666666), (229.2884, 0.002533333333333333, 0.0018)]","[(3, 0.0, 0.006316666666666667), (1, 0.0, 0.0008333333333333334), (1, 1.666666666666667e-05, 0.051916666666666667), (3, 5e-05, 0.16941111111111112), (2, 2.327875, 0.009094444444444445), (2, 0.0, 0.0), (3, 0.0001, 0.02427222222222222), (1, 0.0010166666666666666, 0.056372222222222226), (3, 0.0, 0.0013), (2, 0.0, 0.005333333333333333), (3, 0.0, 0.016805555555555553), (1, 0.07088333333333334, 0.05034444444444444), (2, 0.0, 0.0), (2, 0.08003333333333333, 0.004966666666666667), (3, 1.666666666666667e-05, 0.017866666666666666), (1, 0.30451666666666666, 0.013744444444444445)]","[28, 19, 2, 11, 20, 5, 6, 7, 17, 24, 26, 16, 12, 13, 27, 23]","[1, 6, 10, 9, 14, 12, 6, 10, 4, 8, 3, 4, 2, 10, 5, 4]","[True, True, True, True, True, True, True, True, True, True, True, True, True, True, True, True]"
24,16,"[580.9669218910268, 520.8668579276933, 0, 4726.09725342664, 3689.4740952291445, 1763.7010974382797, 0, 0, 599.3113997345512, 2438.7820916767528, 2478.4930534701275, 3296.2128088364075, 1714.4051397483977, 644.4059773969423, 2497.663717972107, 804.6726246740133]","[4029.0, 2274.933428963847, 1128.1980075343527, 4029.0, 4029.0, 4029.0, 1754.0665710361534, 1128.1980075343527, 375.57912198622705, 4029.0, 4029.0, 3072.4805310880834, 4029.0, 1772.603984931295, 4029.0, 580.9403469256891]","[(272.62933333333325, 0.053200000000000004, 0.03573333333333333), (0.0, 0.0046, 6.666666666666668e-05), (99.64280000000001, 0.27926666666666666, 0.19913333333333333), (1434.4516, 0.22206666666666663, 0.8742666666666667), (570.4248, 42.85653333333333, 4.105333333333333), (39.146666666666654, 0.29753333333333337, 0.0019333333333333331), (96.46846666666666, 0.0338, 0.023066666666666666), (20.971, 0.2558, 0.0012), (0.0, 0.004533333333333333, 0.0), (167.772, 0.009333333333333334, 0.0104), (332.7478, 0.012333333333333335, 0.0056), (746.5854, 1.6389333333333334, 1.749), (105.5042, 0.28773333333333334, 0.22433333333333338), (477.45133333333325, 0.013066666666666664, 0.18980000000000002), (419.43, 0.0086, 0.004933333333333334), (218.1036, 0.0024, 0.0018)]","[(3, 0.0, 0.0011611111111111112), (1, 0.0, 0.0008222222222222222), (1, 0.0, 0.0523111111111111), (3, 0.0001, 0.21292777777777777), (2, 0.0, 0.005988888888888888), (1, 0.003, 0.06097777777777777), (3, 0.0001833333333333333, 0.029927777777777772), (1, 0.0, 0.05524444444444445), (3, 0.0, 0.0012555555555555553), (2, 0.0, 0.002172222222222222), (3, 0.0, 0.021144444444444445), (1, 0.0016833333333333331, 0.04975), (1, 0.0030666666666666663, 0.05871111111111111), (2, 0.09561666666666667, 0.004766666666666667), (3, 0.0, 0.021744444444444445), (1, 0.2717833333333333, 0.013722222222222224)]","[28, 19, 2, 11, 20, 29, 6, 7, 17, 24, 26, 16, 30, 13, 27, 23]","[1, 6, 10, 9, 14, 12, 6, 10, 4, 8, 7, 4, 11, 10, 5, 4]","[True, True, True, True, True, True, True, True, True, True, True, True, True, True, True, True]"
25,15,"[557.5946894011578, 0, 1578.3845313240047, 3065.7406717796443, 0, 1385.7651479872202, 1235.3895160495777, 0, 596.3445116170533, 2554.490731062876, 2629.1197031285333, 3136.0008451305875, 1429.5838385761401, 0, 2664.722365775066, 781.3003907623198]","[4029.0, 1396.8052419752112, 2803.6922656620027, 4029.0, 4029.0, 4029.0, 2632.194758024789, 0, 434.7959291137331, 4029.0, 4029.0, 2974.4522626272674, 4029.0, 1225.3077343379978, 4029.0, 619.7518082589996]","[(160.78126666666668, 0.05293333333333333, 0.031466666666666664), (0.0, 0.004533333333333333, 0.0), (223.696, 0.11593333333333333, 0.0992), (1392.5086000000001, 0.1512, 0.6417333333333333), (394.2642, 30.276, 3.311533333333333), (65.71033333333331, 0.2166, 0.004533333333333333), (267.736, 0.28726666666666667, 0.0504), 0, (0.0, 0.004666666666666667, 0.0), (536.8704, 0.009266666666666668, 0.0106), (377.487, 0.011333333333333336, 0.0054), (606.7754, 1.5655999999999999, 1.7066), (110.71433333333331, 0.20726666666666668, 0.17506666666666665), (510.3064, 0.012666666666666665, 0.18913333333333332), (455.7806, 0.011333333333333336, 0.005066666666666666), (159.3834, 0.0021333333333333334, 0.0016)]","[(3, 0.0, 0.0011222222222222222), (1, 0.0, 0.0008111111111111112), (2, 0.0, 0.0010277777777777776), (3, 6.666666666666667e-05, 0.11822222222222224), (2, 0.0, 0.003466666666666667), (1, 0.0002833333333333333, 0.09404444444444444), (1, 0.0, 0.0011611111111111112), 0, (3, 0.0, 0.001238888888888889), (2, 0.0, 0.0023777777777777777), (3, 0.0, 0.030616666666666664), (1, 0.0, 0.0005055555555555555), (1, 0.0002333333333333333, 0.05122222222222223), (2, 0.08835, 0.004844444444444445), (3, 0.0, 0.016805555555555553), (1, 0.30378333333333335, 0.013861111111111112)]","[28, 19, 31, 11, 20, 29, 32, -1, 17, 24, 26, 16, 30, 13, 27, 23]","[1, 6, 10, 9, 14, 12, 6, -1, 4, 8, 7, 4, 11, 10, 5, 4]","[True, True, True, True, True, True, True, False, True, True, True, True, True, True, True, True]"
26,14,"[574.2891411796356, 0, 1566.5169784569066, 5157.122179558036, 590.9835929581135, 1569.2557901120101, 1235.3895160495777, 1763.7010974382797, 584.4769591470622, 2450.6496444343047, 2505.879717044383, 3097.431298312519, 1845.861124904825, 0, 2478.4930534701275, 767.9448285270664]","[4029.0, 0, 4029.0, 4029.0, 1428.141247759917, 4029.0, 4029.0, 2600.858752240083, 444.1925971515129, 4029.0, 4029.0, 2957.14693631697, 4029.0, 0, 4029.0, 627.6604665315172]","[(143.3049333333333, 0.05273333333333334, 0.030533333333333336), 0, (268.4352, 0.11646666666666668, 0.09953333333333332), (1632.9818, 0.3732, 0.7381333333333333), (265.6387333333333, 0.05313333333333333, 0.031266666666666665), (40.54486666666667, 0.21746666666666667, 0.0017333333333333335), (279.6198, 0.2951333333333333, 0.05206666666666667), (39.146666666666654, 0.29753333333333337, 0.0019333333333333331), (0.0, 0.004666666666666667, 0.0), (738.197, 0.009333333333333334, 0.0108), (321.563, 0.0134, 0.007933333333333334), (469.7616, 1.4955999999999998, 1.822733333333333), (109.4118, 0.21166666666666664, 0.17653333333333332), 0, (332.7478, 0.012333333333333335, 0.0056), (243.2694, 0.004200000000000001, 0.0016666666666666668)]","[(3, 0.0, 0.0011333333333333332), 0, (2, 0.0, 0.0009611111111111112), (3, 0.09808333333333331, 0.2580777777777778), (3, 0.0, 0.006316666666666667), (1, 0.0, 0.05373333333333333), (1, 0.0, 0.0009000000000000001), (1, 0.003, 0.06097777777777777), (3, 0.0, 0.0012833333333333334), (2, 0.0, 0.0023666666666666667), (3, 0.0, 0.017744444444444448), (1, 0.24515, 0.08227777777777777), (1, 0.00011666666666666667, 0.05212222222222222), 0, (3, 0.0, 0.021144444444444445), (1, 0.3003, 0.015455555555555556)]","[28, -1, 31, 11, 34, 29, 32, 35, 17, 24, 26, 16, 30, -1, 27, 23]","[1, -1, 10, 9, 2, 12, 6, 2, 4, 8, 7, 4, 11, -1, 5, 4]","[True, False, True, True, True, True, True, True, True, True, True, True, True, False, True, True]"
27,15,"[0, 0, 1560.5832020233572, 0, 580.9669218910268, 1517.22113040498, 1128.5450173642087, 1385.7651479872202, 0, 2453.616532623692, 2519.573048831511, 2097.589969259532, 1812.9971286157179, 644.4058826961312, 2629.1197031285333, 808.0115152328266]","[4029.0, 0, 2472.588659663613, 4029.0, 1612.1008869519032, 4029.0, 4029.0, 2416.8991130480968, 374.4661718358804, 4029.0, 4029.0, 2472.0561410954124, 4029.0, 1556.4113403363872, 4029.0, 1182.477687068707]","[(167.77166666666662, 0.052866666666666666, 0.030466666666666666), 0, (33.5544, 0.11626666666666668, 0.09953333333333332), (1756.0146000000002, 0.15113333333333331, 0.6404), (272.62933333333325, 0.053200000000000004, 0.03573333333333333), (26.56353333333333, 0.21073333333333333, 0.0014), (271.93059999999997, 0.26839999999999997, 0.0528), (65.71033333333331, 0.2166, 0.004533333333333333), (0.0, 0.0046, 0.0), (352.32120000000003, 0.0094, 0.010866666666666667), (343.9326, 0.013333333333333336, 0.0074666666666666675), (436.2072, 0.7686666666666665, 1.4219333333333335), (108.76053333333334, 0.20446666666666666, 0.17406666666666665), (32.15606666666666, 0.0009333333333333332, 6.666666666666668e-05), (377.487, 0.011333333333333336, 0.0054), (262.8428, 0.0023333333333333335, 0.0017333333333333335)]","[(3, 1.666666666666667e-05, 0.0011833333333333333), 0, (2, 0.0, 0.000972222222222222), (3, 0.07565000000000001, 0.43214444444444444), (3, 0.0, 0.0011611111111111112), (1, 1.666666666666667e-05, 0.05187222222222222), (1, 0.0, 0.00115), (1, 0.0002833333333333333, 0.09404444444444444), (3, 0.0, 0.0012333333333333335), (2, 0.0, 0.002344444444444444), (3, 0.0, 0.017083333333333332), (1, 0.0, 0.0004555555555555556), (1, 0.0, 0.05014999999999999), (1, 0.0, 0.000638888888888889), (3, 0.0, 0.030616666666666664), (1, 0.2392, 0.013144444444444443)]","[28, -1, 31, 11, 34, 29, 32, 35, 17, 24, 26, 16, 30, 36, 27, 23]","[1, -1, 10, 9, 2, 12, 6, 2, 4, 8, 7, 4, 11, 10, 5, 4]","[True, False, True, True, True, True, True, True, True, True, True, True, True, True, True, True]"
28,14,"[0, 1147.5012037613078, 1566.5169784569066, 501.40426599866777, 557.5946894011578, 1569.2557901120101, 1135.2227985320444, 1569.2557901120101, 0, 2495.1529672751212, 2440.1517244661704, 1744.5302714633733, 1886.9411202662081, 647.744773280049, 2505.879717044383, 781.3003907623198]","[0, 2020.6392026146318, 2473.886102588429, 1480.5742379433289, 1508.669449644574, 2548.4257620566714, 2008.3607973853684, 2520.330550355426, 0, 4029.0, 4029.0, 2496.114940350527, 4029.0, 1555.1138974115713, 4029.0, 1532.885059649473]","[0, (386.924, 1.3948666666666665, 0.0056), (0.0, 0.1156, 0.0996), (0.0, 0.0048, 6.666666666666668e-05), (160.78126666666668, 0.05293333333333333, 0.031466666666666664), (40.54466666666666, 0.2174, 0.0013333333333333333), (277.5227333333333, 0.25306666666666666, 0.0498), (40.54486666666667, 0.21746666666666667, 0.0017333333333333335), 0, (218.1036, 0.009333333333333334, 0.010666666666666666), (478.1502, 0.012199999999999999, 0.007066666666666666), (360.7098, 0.7321333333333333, 1.3404), (115.2732, 0.21046666666666666, 0.17566666666666664), (35.6514, 0.001, 0.0), (321.563, 0.0134, 0.007933333333333334), (215.3074, 0.0022, 0.0017333333333333335)]","[0, (1, 0.0, 0.009683333333333334), (2, 0.0, 0.00095), (2, 0.0, 0.0013222222222222222), (3, 0.0, 0.0011222222222222222), (1, 0.00013333333333333334, 0.05250555555555555), (1, 0.0, 0.001172222222222222), (1, 0.0, 0.05373333333333333), 0, (2, 0.0, 0.002655555555555556), (3, 0.0009, 0.02215), (1, 0.0, 0.00023333333333333333), (1, 0.0, 0.05059444444444444), (1, 0.0, 0.0006222222222222223), (3, 0.0, 0.017744444444444448), (1, 0.30243333333333333, 0.0136)]","[-1, 37, 31, 38, 34, 29, 32, 35, -1, 24, 26, 16, 30, 36, 27, 23]","[-1, 6, 10, 12, 2, 12, 6, 2, -1, 8, 7, 4, 11, 10, 5, 4]","[False, True, True, True, True, True, True, True, False, True, True, True, True, True, True, True]"
29,15,"[0, 925.6692288098378, 1593.2189724078767, 498.43737685074666, 574.2891411796356, 1662.37044432459, 1208.6783913782356, 1517.22113040498, 3121.8625785998443, 2423.947650729814, 2429.1970590364676, 5485.776312815947, 1906.1117847681867, 631.0503203604601, 2519.573048831511, 0]","[0, 1872.995418715801, 2495.5843260237084, 1432.5334662630785, 1543.0340053873279, 2596.4665337369215, 2156.004581284199, 2485.965994612672, 4029.0, 4029.0, 4029.0, 4757.388156407973, 4029.0, 1533.4156739762918, 4029.0, -728.3881564079734]","[0, (349.1754, 0.6480666666666667, 0.003466666666666667), (167.772, 0.1156, 0.09933333333333332), (145.4024, 0.004733333333333333, 6.666666666666668e-05), (143.3049333333333, 0.05273333333333334, 0.030533333333333336), (36.35026666666667, 0.25166666666666665, 0.0012), (304.0866, 0.2961333333333333, 0.05726666666666666), (26.56353333333333, 0.21073333333333333, 0.0014), (0.0, 0.0, 0.0), (134.2176, 0.009266666666666668, 0.010666666666666666), (461.373, 0.013266666666666668, 0.0067333333333333325), (1040.1868, 0.8433999999999999, 2.1876666666666664), (97.689, 0.24573333333333333, 0.20893333333333336), (48.234, 0.001066666666666667, 0.0), (343.9326, 0.013333333333333336, 0.0074666666666666675), (232.0846, 0.002466666666666667, 0.0015333333333333334)]","[0, (1, 0.0, 0.00023333333333333333), (2, 0.0, 0.0014166666666666668), (2, 0.0, 0.0012666666666666666), (3, 0.0, 0.0011333333333333332), (1, 0.0, 0.05533333333333333), (1, 0.0, 0.0010444444444444444), (1, 1.666666666666667e-05, 0.05187222222222222), (2, 0.0, 0.0), (2, 0.0, 0.0023833333333333337), (3, 0.0, 0.017055555555555553), (1, 1.7971166666666665, 0.24540555555555552), (1, 0.0, 0.05149444444444444), (1, 0.0, 0.0006333333333333333), (3, 0.0, 0.017083333333333332), (1, 0.24161666666666667, 0.013694444444444445)]","[-1, 37, 31, 38, 34, 29, 32, 35, 39, 24, 26, 16, 30, 36, 27, 23]","[-1, 6, 10, 12, 2, 12, 6, 2, 0, 8, 7, 4, 11, 10, 5, 4]","[False, True, True, True, True, True, True, True, True, True, True, True, True, True, True, True]"
30,15,"[0, 1237.8771935563511, 1563.5500902401322, 498.43737685074666, 577.6280315353312, 1654.15444542348, 1225.3728442978247, 1569.2557901120101, 3065.1014408071205, 2423.947650729814, 2420.981059964191, 0, 1908.8504511256126, 644.4058826961312, 2440.1517244661704, 884.1326637750533]","[0, 2020.7521746292632, 2474.0721037720004, 1436.6414657136334, 1518.6861207116604, 2592.3585342863666, 2008.2478253707368, 2510.313879288339, 4029.0, 4029.0, 4029.0, 4029.0, 4029.0, 1554.9278962279996, 2792.5095303455587, 1236.4904696544415]","[0, (320.86379999999997, 0.6452, 0.0048), (67.1088, 0.11593333333333333, 0.09953333333333332), (67.1088, 0.004666666666666667, 0.0), (167.77166666666662, 0.052866666666666666, 0.030466666666666666), (36.35046666666667, 0.2538666666666667, 0.0013333333333333333), (292.20259999999996, 0.28073333333333333, 0.056799999999999996), (40.54466666666666, 0.2174, 0.0013333333333333333), (0.0, 0.0, 0.0), (33.5544, 0.009333333333333334, 0.010466666666666668), (416.6338, 0.0116, 0.0067333333333333325), (1996.488, 0.6658, 1.1106666666666667), (125.0422, 0.247, 0.19506666666666664), (41.94273333333333, 0.0009333333333333332, 6.666666666666668e-05), (478.1502, 0.012199999999999999, 0.007066666666666666), (128.62506666666664, 0.00046666666666666666, 0.0014)]","[0, (1, 0.0, 0.0002222222222222222), (2, 0.0, 0.00095), (2, 0.0, 0.0012333333333333335), (3, 1.666666666666667e-05, 0.0011833333333333333), (1, 0.0, 0.0559388888888889), (1, 0.0, 0.001027777777777778), (1, 0.00013333333333333334, 0.05250555555555555), (2, 0.0, 0.0), (2, 0.0, 0.0022833333333333334), (3, 0.0, 0.024077777777777778), (1, 0.7808833333333334, 1.2051888888888886), (1, 3.3333333333333335e-05, 0.05121666666666667), (1, 0.0, 0.0006222222222222223), (3, 0.0009, 0.02215), (2, 0.0705, 0.025599999999999998)]","[-1, 37, 31, 38, 34, 29, 32, 35, 39, 24, 26, 16, 30, 36, 27, 40]","[-1, 6, 10, 12, 2, 12, 6, 2, 0, 8, 7, 4, 11, 10, 5, 5]","[False, True, True, True, True, True, True, True, True, True, True, True, True, True, True, True]"
31,15,"[0, 1317.298517921692, 1572.4507548904555, 498.43737685074666, 564.2724701125491, 1678.80244212681, 1228.7117348817424, 1662.37044432459, 2911.512479720924, 2394.2787688359367, 2366.2077328156797, 777.9614183128089, 1714.4051397483977, 641.0669921122135, 2429.1970590364676, 845.5631180399]","[0, 2058.7933915199746, 2480.1918813891207, 1424.3174673619683, 1465.4510128939796, 2604.6825326380317, 1970.2066084800251, 2563.5489871060204, 4029.0, 4029.0, 4029.0, 4029.0, 4029.0, 1548.8081186108789, 2806.316970498284, 1222.6830295017162]","[0, (301.98920000000004, 0.6321333333333333, 0.005666666666666668), (100.6632, 0.11566666666666668, 0.09933333333333332), (100.6632, 0.004666666666666667, 6.666666666666668e-05), (150.2954, 0.0526, 0.03033333333333333), (71.3028, 0.24086666666666667, 0.0012), (276.8236, 0.27726666666666666, 0.054666666666666655), (36.35026666666667, 0.25166666666666665, 0.0012), (0.0, 0.0, 0.0), (100.6632, 0.009266666666666668, 0.010733333333333333), (402.6528, 0.011733333333333332, 0.0074666666666666675), (123.73126666666663, 0.009733333333333332, 0.0028), (93.78139999999999, 0.23493333333333336, 0.19066666666666662), (39.8456, 0.0008666666666666667, 6.666666666666668e-05), (461.373, 0.013266666666666668, 0.0067333333333333325), (120.23626666666664, 0.0, 0.001066666666666667)]","[0, (1, 0.0, 0.00025), (2, 0.0, 0.0009611111111111112), (2, 0.0, 0.001238888888888889), (3, 0.0, 0.0011055555555555556), (1, 0.0, 0.05382777777777778), (1, 0.0, 0.0013833333333333334), (1, 0.0, 0.05533333333333333), (2, 0.0, 0.0), (2, 0.0, 0.002338888888888889), (3, 1.666666666666667e-05, 0.02868888888888889), (2, 0.0, 2.2222222222222223e-05), (1, 0.0, 0.049894444444444436), (1, 0.0, 0.000638888888888889), (3, 0.0, 0.017055555555555553), (2, 1.666666666666667e-05, 0.0006111111111111112)]","[-1, 37, 31, 38, 34, 29, 32, 35, 39, 24, 26, 41, 30, 36, 27, 40]","[-1, 6, 10, 12, 2, 12, 6, 2, 0, 8, 7, 15, 11, 10, 5, 5]","[False, True, True, True, True, True, True, True, True, True, True, True, True, True, True, True]"
32,15,"[0, 1309.0825188494155, 1566.5169784569066, 495.47048770282555, 554.2557990454623, 1615.8131172183, 1318.8617806475224, 1654.15444542348, 3145.2348118086134, 0, 2826.303680863173, 888.1447951553957, 0, 621.0336486087066, 2420.981059964191, 809.96046043822]","[0, 2009.6103691009466, 2487.2416649241, 1454.3286852422627, 1464.550676810991, 2574.6713147577375, 2019.3896308990536, 2564.4493231890087, 4029.0, 4029.0, 4029.0, 4029.0, 4029.0, 1541.7583350759, 2820.0102997629856, 1208.9897002370146]","[0, (333.44653333333326, 0.6355333333333333, 0.0052), (22.3696, 0.11606666666666667, 0.09953333333333332), (0.0, 0.004666666666666667, 6.666666666666668e-05), (104.857, 0.052866666666666666, 0.0304), (46.137, 0.22346666666666667, 0.0013333333333333333), (332.04866666666675, 0.30326666666666663, 0.05866666666666666), (36.35046666666667, 0.2538666666666667, 0.0013333333333333333), (0.0, 0.0, 0.0), (117.4404, 0.0092, 0.0106), (363.506, 0.0166, 0.009666666666666665), (120.93533333333332, 0.045200000000000004, 0.020266666666666665), (104.85293333333334, 0.21746666666666667, 0.18180000000000002), (55.92373333333333, 0.0009333333333333332, 6.666666666666668e-05), (416.6338, 0.0116, 0.0067333333333333325), (72.7008, 6.666666666666668e-05, 0.0015333333333333334)]","[0, (1, 0.0, 0.0002111111111111111), (2, 0.0, 0.0009388888888888888), (2, 0.0, 0.0012722222222222221), (3, 0.0, 0.0011222222222222222), (1, 5e-05, 0.05402777777777778), (1, 0.0, 0.0009222222222222221), (1, 0.0, 0.0559388888888889), (2, 0.0, 0.0), (2, 0.0, 0.0023166666666666665), (3, 0.0, 0.017905555555555557), (2, 0.0, 0.0), (1, 3.3333333333333335e-05, 0.05011111111111111), (1, 0.0, 0.0006555555555555555), (3, 0.0, 0.024077777777777778), (2, 0.0, 0.0005666666666666668)]","[-1, 37, 31, 38, 34, 29, 32, 35, 39, 24, 26, 41, 30, 36, 27, 40]","[-1, 6, 10, 12, 2, 12, 6, 2, 0, 8, 7, 15, 11, 10, 5, 5]","[False, True, True, True, True, True, True, True, True, True, True, True, True, True, True, True]"
33,16,"[3815.4812123039737, 1207.75186362467, 1563.5500902401322, 492.5035985549045, 554.2557990454623, 1536.3917945075702, 1228.7117348817424, 1678.80244212681, 2988.3069602640226, 501.40426599866777, 0, 851.4170028745334, 922.7020845904912, 637.7281015282955, 2366.2077328156797, 1317.2983312621604]","[4029.0, 1571.46257545631, 2477.4109943559183, 1492.5559020236672, 1452.226678459326, 2536.444097976333, 1592.4224467133824, 2576.773321540674, 4029.0, 865.1149778303078, 4029.0, 4029.0, 4029.0, 1551.5890056440817, 2538.9547007767596, 1490.0452992232404]","[(1426.063, 0.14286666666666667, 0.5943999999999999), (333.44653333333326, 0.7292666666666667, 0.004666666666666667), (67.1088, 0.11606666666666667, 0.09946666666666669), (0.0, 0.0046, 6.666666666666668e-05), (251.65766666666661, 0.05273333333333334, 0.0304), (58.719800000000006, 0.21913333333333332, 0.0012), (318.06759999999997, 0.2734, 0.057466666666666666), (71.3028, 0.24086666666666667, 0.0012), (0.0, 0.0, 0.0), (0.0, 0.0048, 6.666666666666668e-05), (422.2262, 0.03953333333333333, 0.018666666666666668), (120.23626666666664, 0.034466666666666666, 0.0114), (97.867, 0.5311333333333333, 0.4374666666666666), (48.234, 0.001066666666666667, 0.0), (402.6528, 0.011733333333333332, 0.0074666666666666675), (75.49706666666667, 0.0, 0.001066666666666667)]","[(3, 0.005116666666666666, 0.1869), (1, 0.0, 0.00021666666666666668), (2, 0.0, 0.0009555555555555554), (2, 0.0, 0.0012166666666666667), (3, 0.0, 0.0010222222222222223), (1, 1.666666666666667e-05, 0.053094444444444444), (1, 0.0, 0.0007888888888888889), (1, 0.0, 0.05382777777777778), (2, 0.0, 0.0), (2, 0.0, 0.0013222222222222222), (3, 0.0, 0.019144444444444443), (2, 0.0, 2.2222222222222223e-05), (1, 0.0, 0.0014666666666666662), (1, 0.0, 0.0006055555555555556), (3, 1.666666666666667e-05, 0.02868888888888889), (2, 1.666666666666667e-05, 0.0007)]","[33, 37, 31, 38, 34, 29, 32, 35, 39, 42, 26, 41, 43, 36, 27, 40]","[1, 6, 10, 12, 2, 12, 6, 2, 0, 6, 7, 15, 11, 10, 5, 5]","[True, True, True, True, True, True, True, True, True, True, True, True, True, True, True, True]"
34,16,"[2446.521763816231, 1246.093192628628, 1563.5500902401322, 498.43737685074666, 580.9669218910268, 1618.55178351867, 1175.2894855390578, 1615.8131172183, 3008.340303014396, 498.43737685074666, 777.9614183128089, 0, 925.6689723222934, 637.7281015282955, 2826.303680863173, 1459.7089616688797]","[4029.0, 1615.8198409558172, 2477.4109943559183, 1454.4427966660382, 1497.0769023363632, 2574.5572033339613, 1545.016133866247, 2531.9230976636363, 4029.0, 868.1640251779359, 4029.0, 4029.0, 4029.0, 1551.5890056440817, 2697.7973595971466, 1331.2026404028531]","[(1311.4188000000001, 0.1956, 0.7402000000000001), (415.23546666666675, 0.7115333333333334, 0.006666666666666668), (78.29360000000001, 0.11573333333333333, 0.09953333333333332), (0.0, 0.004666666666666667, 6.666666666666668e-05), (230.6862666666667, 0.053333333333333344, 0.0358), (46.1372, 0.21906666666666663, 0.0013333333333333333), (304.0866, 0.26866666666666666, 0.058866666666666664), (46.137, 0.22346666666666667, 0.0013333333333333333), (0.0, 0.0, 0.0), (145.4024, 0.004733333333333333, 6.666666666666668e-05), (123.73126666666663, 0.009733333333333332, 0.0028), (130.722, 0.026466666666666666, 0.011066666666666664), (114.6442, 0.5428, 0.4749333333333333), (35.6514, 0.001, 6.666666666666668e-05), (363.506, 0.0166, 0.009666666666666665), (114.64386666666668, 0.0, 0.0011333333333333332)]","[(3, 0.0006, 0.11304444444444445), (1, 0.0, 0.0005666666666666666), (2, 0.0, 0.0009166666666666666), (2, 0.0, 0.001261111111111111), (3, 0.0, 0.0011277777777777777), (1, 0.0, 0.05315555555555555), (1, 0.0, 0.000861111111111111), (1, 5e-05, 0.05402777777777778), (2, 0.0, 0.0), (2, 0.0, 0.0012666666666666666), (2, 0.0, 2.2222222222222223e-05), (2, 0.0, 4.4444444444444447e-05), (1, 0.0, 0.001527777777777778), (1, 0.0, 0.000638888888888889), (3, 0.0, 0.017905555555555557), (2, 0.0, 0.0006555555555555555)]","[33, 37, 31, 38, 34, 29, 32, 35, 39, 42, 44, 41, 43, 36, 27, 40]","[1, 6, 10, 12, 2, 12, 6, 2, 0, 6, 7, 15, 11, 10, 5, 5]","[True, True, True, True, True, True, True, True, True, True, True, True, True, True, True, True]"
35,16,"[2303.8585840403466, 1084.51187754052, 1563.5500902401322, 501.40426599866777, 627.7113868707645, 1607.5971183171898, 0, 1536.3917945075702, 3068.4403312655163, 498.43737685074666, 888.1447951553957, 1876.4565081617916, 928.6358600540952, 627.7114297765422, 2823.565014505748, 845.5631180399]","[4029.0, 1899.8621260767645, 2482.419330231795, 1461.403573840739, 1560.1597961815971, 2567.596426159261, 815.3502485362445, 2468.840203818403, 4029.0, 1313.7876253869913, 4029.0, 4029.0, 4029.0, 1546.5806697682049, 3003.500948232924, 1025.499051767076]","[(1255.4948, 0.13406666666666667, 0.4640666666666667), (202.37446666666668, 0.6932, 0.0088), (33.5544, 0.1158, 0.09953333333333332), (0.0, 0.0057333333333333325, 0.001), (290.10566666666676, 0.05273333333333334, 0.030666666666666672), (32.15606666666666, 0.22213333333333332, 0.0012666666666666666), (299.8922, 0.2914, 0.05526666666666666), (58.719800000000006, 0.21913333333333332, 0.0012), (0.0, 0.0, 0.0), (67.1088, 0.004666666666666667, 0.0), (120.93533333333332, 0.045200000000000004, 0.020266666666666665), (258.64820000000003, 0.019533333333333337, 0.0016), (109.0518, 0.5416666666666666, 0.5044666666666666), (48.234, 0.0009333333333333332, 6.666666666666668e-05), (422.2262, 0.03953333333333333, 0.018666666666666668), (92.27413333333331, 6.666666666666668e-05, 0.0013333333333333333)]","[(3, 1.666666666666667e-05, 0.12178333333333334), (1, 0.0, 0.00025), (2, 0.0, 0.000977777777777778), (2, 0.0, 0.0012055555555555554), (3, 0.0396, 0.01505), (1, 0.0, 0.05301111111111111), (1, 0.0, 0.0008333333333333334), (1, 1.666666666666667e-05, 0.053094444444444444), (2, 0.0, 0.0), (2, 0.0, 0.0012333333333333335), (2, 0.0, 0.0), (3, 0.05115, 0.03694444444444444), (1, 0.0, 0.0017222222222222224), (1, 0.0, 0.0006611111111111111), (3, 0.0, 0.019144444444444443), (2, 1.666666666666667e-05, 0.003455555555555556)]","[33, 37, 31, 38, 34, 29, 32, 35, 39, 42, 44, 45, 43, 36, 27, 40]","[1, 6, 10, 12, 2, 12, 6, 2, 0, 6, 7, 4, 11, 10, 5, 5]","[True, True, True, True, True, True, True, True, True, True, True, True, True, True, True, True]"
36,16,"[2662.034226881929, 1229.6611944840745, 1554.649425589809, 0, 0, 1917.0664102590001, 501.40426599866777, 1618.55178351867, 3021.6958648479776, 498.43737685074666, 851.4170028745334, 1328.8784523992754, 931.6027477858978, 614.3558674408712, 2689.3703629918955, 833.6955655060068]","[4029.0, 2380.1119088166643, 2484.646779074469, 1055.9667948705, 1205.224108240665, 2973.0332051295, 1799.400759106385, 2823.7758917593346, 4029.0, 1648.8880911833362, 4029.0, 4029.0, 2229.599240893615, 1544.353220925531, 2942.337398742944, 1086.6626012570555]","[(1470.8021999999999, 0.18553333333333333, 0.47233333333333327), (105.9056, 0.6556666666666666, 0.0064), (22.3696, 0.11553333333333332, 0.0994), (33.5544, 0.005333333333333333, 0.001), (377.48706666666664, 0.054, 0.037), (58.719800000000006, 0.34153333333333336, 0.0017333333333333335), (0.0, 0.0048, 6.666666666666668e-05), (46.1372, 0.21906666666666663, 0.0013333333333333333), (0.0, 0.0, 0.0), (100.6632, 0.004666666666666667, 6.666666666666668e-05), (120.23626666666664, 0.034466666666666666, 0.0114), (328.5534, 0.0005333333333333334, 0.0006), (109.0518, 0.5368666666666667, 0.4758666666666667), (35.651199999999996, 0.001066666666666667, 6.666666666666668e-05), (433.411, 0.0188, 0.012333333333333335), (76.89526666666666, 0.0, 0.001)]","[(3, 1.666666666666667e-05, 0.1395388888888889), (1, 0.0, 0.00020555555555555556), (2, 0.0, 0.0009444444444444444), (2, 0.0, 0.002505555555555556), (3, 0.0, 0.0011888888888888889), (1, 0.00016666666666666666, 0.06364444444444443), (2, 0.0, 0.0013222222222222222), (1, 0.0, 0.05315555555555555), (2, 0.0, 0.0), (2, 0.0, 0.001238888888888889), (2, 0.0, 2.2222222222222223e-05), (3, 0.06125, 0.025472222222222222), (1, 0.0, 0.0017166666666666667), (1, 0.0, 0.0006277777777777777), (3, 0.0, 0.02216111111111111), (2, 0.0, 0.0005055555555555555)]","[33, 37, 31, 38, 34, 29, 46, 35, 39, 42, 44, 45, 43, 36, 27, 40]","[1, 6, 10, 12, 2, 12, 11, 2, 0, 6, 7, 4, 11, 10, 5, 5]","[True, True, True, True, True, True, True, True, True, True, True, True, True, True, True, True]"
37,16,"[2986.820614882346, 1150.2398701187337, 1587.2851959743275, 1155.2559781834066, 2180.662757134983, 0, 498.43737685074666, 1607.5971183171898, 2894.8180274289466, 495.47048770282555, 834.7225518377779, 2050.0788185255155, 925.6689723222934, 0, 0, 827.7617892390601]","[4029.0, 2341.8846912079543, 2808.1425979871638, 2592.127989091703, 4029.0, 1436.8720109082967, 1800.8842022642266, 4029.0, 4029.0, 1687.1153087920459, 4029.0, 4029.0, 2228.1157977357734, 1220.8574020128362, 1600.61910538047, 2428.3808946195304]","[(1311.4188000000001, 0.14286666666666667, 0.5135333333333333), (111.1484, 0.6268666666666667, 0.0044666666666666665), (167.772, 0.11646666666666668, 0.0996), (67.10839999999999, 0.00013333333333333334, 0.001), (473.9556, 4.806, 0.02386666666666667), (29.3598, 0.5571333333333334, 0.0044), (145.4024, 0.004733333333333333, 6.666666666666668e-05), (32.15606666666666, 0.22213333333333332, 0.0012666666666666666), (0.0, 0.0, 0.0), (0.0, 0.004666666666666667, 6.666666666666668e-05), (130.722, 0.026466666666666666, 0.011066666666666664), (298.49406666666664, 0.0016666666666666668, 0.005466666666666667), (95.0708, 0.5381333333333334, 0.44586666666666674), (32.855133333333335, 0.0009333333333333332, 0.00013333333333333334), (369.0984, 0.017666666666666667, 0.010733333333333333), (79.6912, 6.666666666666668e-05, 0.001)]","[(3, 5e-05, 0.13139444444444442), (1, 0.0, 0.00023333333333333333), (2, 0.0, 0.001027777777777778), (1, 0.0, 0.0005722222222222222), (1, 0.0, 0.005094444444444444), (1, 0.00015, 0.1132611111111111), (2, 0.0, 0.0012666666666666666), (1, 0.0, 0.05301111111111111), (2, 0.0, 0.0), (2, 0.0, 0.0012722222222222221), (2, 0.0, 4.4444444444444447e-05), (3, 0.0008666666666666667, 0.016138888888888887), (1, 0.0, 0.0017277777777777773), (1, 0.0, 0.0006277777777777777), (3, 0.0, 0.018283333333333335), (2, 1.666666666666667e-05, 0.0004111111111111111)]","[33, 37, 31, 47, 48, 29, 46, 35, 39, 42, 44, 45, 43, 36, 27, 40]","[1, 6, 10, 12, 13, 12, 11, 2, 0, 6, 7, 4, 11, 10, 5, 5]","[True, True, True, True, True, True, True, True, True, True, True, True, True, True, True, True]"
38,16,"[2953.431360041183, 733.962583790049, 1563.5500902401322, 1151.9170880730503, 1462.6758357381586, 1714.4051397483977, 498.43737685074666, 1917.0664102590001, 3151.912592725404, 492.5035985549045, 0, 1896.4898516652977, 934.5696355177, 80.13338746088, 1154.1194728238213, 809.96046043822]","[4029.0, 2135.2294926175723, 1787.1872177569956, 4029.0, 4029.0, 1938.042267265261, 1796.4338706665233, 2395.9734687175896, 4029.0, 1893.770507382428, 4029.0, 4029.0, 2232.5661293334765, 303.7705149777434, 1633.0265312824106, 4029.0]","[(1311.4188000000001, 0.188, 0.5201333333333333), (80.73986666666669, 0.6493333333333333, 0.004200000000000001), (167.772, 0.11606666666666667, 0.09946666666666669), (72.70093333333334, 6.666666666666668e-05, 0.001), (384.4776, 1.923, 0.024933333333333335), (105.5042, 0.28773333333333334, 0.22433333333333338), (67.1088, 0.004666666666666667, 0.0), (58.719800000000006, 0.34153333333333336, 0.0017333333333333335), (0.0, 0.0, 0.0), (0.0, 0.0046, 6.666666666666668e-05), (164.2764, 0.008733333333333333, 0.0061333333333333335), (294.3, 0.001066666666666667, 0.005466666666666667), (92.2746, 0.5394, 0.44333333333333325), (75.84646666666666, 0.0, 0.0), (176.16013333333333, 1.632466666666667, 0.017733333333333334), (86.68193333333333, 0.0, 0.001)]","[(3, 3.3333333333333335e-05, 0.16156666666666666), (1, 0.0, 0.0002222222222222222), (2, 0.0, 0.000972222222222222), (1, 0.0, 0.0005666666666666666), (1, 0.0, 0.005011111111111111), (1, 0.0030666666666666663, 0.05871111111111111), (2, 0.0, 0.0012333333333333335), (1, 0.00016666666666666666, 0.06364444444444443), (2, 0.0, 0.0), (2, 0.0, 0.0012166666666666667), (2, 0.0, 8.88888888888889e-05), (3, 0.0002, 0.014294444444444445), (1, 0.0, 0.0022722222222222224), (2, 0.00015, 0.0002722222222222222), (3, 0.0, 0.0001388888888888889), (2, 0.0, 0.0003888888888888888)]","[33, 37, 31, 47, 48, 49, 46, 35, 39, 42, 44, 45, 43, 50, 51, 40]","[1, 6, 10, 12, 13, 10, 11, 2, 0, 6, 7, 4, 11, 10, 2, 5]","[True, True, True, True, True, True, True, True, True, True, True, True, True, True, True, True]"
39,16,"[2989.8560016860883, 928.4078951672633, 1569.483866673681, 1158.5948682937635, 2530.7555535185593, 1429.5838385761401, 498.43737685074666, 2037.56772747528, 2938.223603388089, 0, 520.8668579276933, 2227.0400194731583, 0, 86.81116974928666, 1875.0732823255908, 836.6624536394801]","[4029.0, 2478.703947583632, 1883.8575750073117, 4029.0, 4029.0, 1743.9575469097708, 2263.7186884253733, 2095.7472225748443, 4029.0, 1550.2960524163684, 4029.0, 4029.0, 1765.2813115746267, 401.1848780829173, 1933.2527774251553, 4029.0]","[(1177.2012, 0.14893333333333333, 0.6776666666666666), (90.177, 0.6436666666666666, 0.004533333333333333), (134.2176, 0.11626666666666668, 0.0994), (75.49719999999999, 0.0004, 0.0014666666666666665), (419.43, 3.8347333333333333, 0.0464), (110.71433333333331, 0.20726666666666668, 0.17506666666666665), (100.6632, 0.004666666666666667, 6.666666666666668e-05), (29.3598, 0.5571333333333334, 0.0044), (0.0, 0.0, 0.0), (0.0, 0.004666666666666667, 6.666666666666668e-05), (0.0, 0.0046, 6.666666666666668e-05), (234.18133333333338, 0.0016666666666666668, 0.0016), (226.49220000000003, 0.5299333333333333, 0.43666666666666676), (71.827, 0.0, 0.0), (214.6078, 3.082733333333333, 0.04673333333333334), (85.284, 0.0, 0.001)]","[(3, 5e-05, 0.12382222222222221), (1, 0.0, 0.0002222222222222222), (2, 0.0, 0.0009555555555555555), (1, 0.0, 0.0005499999999999999), (1, 0.00031666666666666665, 0.004988888888888889), (1, 0.0002333333333333333, 0.05122222222222223), (2, 0.0, 0.001238888888888889), (1, 0.00015, 0.1132611111111111), (2, 0.0, 0.0), (2, 0.0, 0.001261111111111111), (1, 0.0, 0.0008722222222222223), (3, 0.0006666666666666666, 0.02163888888888889), (1, 0.0007666666666666667, 0.00215), (2, 0.09475, 0.017716666666666665), (3, 0.0, 0.00015555555555555556), (2, 1.666666666666667e-05, 0.00042777777777777774)]","[33, 37, 31, 47, 48, 49, 46, 35, 39, 42, 52, 45, 43, 50, 51, 40]","[1, 6, 10, 12, 13, 10, 11, 2, 0, 6, 7, 4, 11, 10, 2, 5]","[True, True, True, True, True, True, True, True, True, True, True, True, True, True, True, True]"
40,15,"[5888.650399259911, 0, 1566.5169784569066, 1151.9170880730503, 1379.6029687996834, 1845.861124904825, 0, 1878.7250820538202, 2958.2569461384624, 0, 530.8835282724567, 1766.2731188925045, 922.7020845904912, 103.50562547030331, 1510.1460454172877, 0]","[4029.0, 4029.0, 1737.5557355128951, 4029.0, 4029.0, 2016.8998819608134, 4029.0, 2198.7895183182663, 4029.0, 0, 4029.0, 4029.0, 4029.0, 274.54438252629177, 1830.2104816817339, 4029.0]","[(1269.4758, 0.3529333333333333, 0.49439999999999995), (88.07973333333334, 0.8984, 0.004200000000000001), (167.772, 0.11593333333333333, 0.0992), (75.49719999999999, 0.0003333333333333333, 0.0014), (442.49846666666673, 3.044, 0.055333333333333345), (109.4118, 0.21166666666666664, 0.17653333333333332), (0.0, 0.004666666666666667, 6.666666666666668e-05), (50.3314, 0.34666666666666673, 0.0016666666666666668), (0.0, 0.0, 0.0), 0, (0.0, 0.004733333333333333, 0.00013333333333333334), (242.57, 0.0003333333333333333, 0.0004), (97.867, 0.5311333333333333, 0.4374666666666666), (107.65333333333331, 0.0, 0.0), (434.80906666666664, 2.7484, 0.018466666666666666), (61.51606666666666, 0.0, 0.001)]","[(3, 0.1731833333333333, 0.38794999999999996), (1, 0.0, 0.00032777777777777775), (2, 0.0, 0.0009555555555555555), (1, 0.0, 0.0005611111111111111), (1, 0.0, 0.004972222222222222), (1, 0.00011666666666666667, 0.05212222222222222), (2, 0.0, 0.0012722222222222221), (1, 0.002466666666666667, 0.06152777777777777), (2, 0.0, 0.0), 0, (1, 0.0, 0.0008388888888888889), (3, 6.666666666666667e-05, 0.009744444444444444), (1, 0.0, 0.0014666666666666662), (2, 0.0006, 0.00018333333333333334), (3, 0.0, 0.00023888888888888888), (2, 0.0, 0.00037222222222222225)]","[33, 37, 31, 47, 48, 49, 46, 35, 39, -1, 52, 45, 54, 50, 51, 40]","[1, 6, 10, 12, 13, 10, 11, 2, 0, -1, 7, 4, 9, 10, 2, 5]","[True, True, True, True, True, True, True, True, True, False, True, True, True, True, True, True]"
41,16,"[4252.576912042853, 1108.5118598755066, 0, 1168.6115386248337, 1530.9142621519063, 1812.9971286157179, 1646.6233023008167, 1700.71177252977, 3018.356974389583, 2251.868135745323, 554.2557590769045, 1993.317678598913, 925.6689723222934, 0, 1501.2453811024511, 599.3113997345512]","[4029.0, 2269.1002300704777, 2014.5, 4029.0, 4029.0, 1924.3397250084024, 2560.683771611956, 2114.2331957136594, 4029.0, 4029.0, 1468.316228388044, 2104.6602749915974, 4029.0, 2014.5, 1914.7668042863406, 1759.8997699295223]","[(1974.1186, 0.14053333333333334, 0.48906666666666665), (67.1088, 0.0, 0.001), (167.772, 0.11613333333333334, 0.09953333333333332), (77.5942, 0.00046666666666666666, 0.0014), (440.4012, 3.206266666666667, 0.1867333333333333), (108.76053333333334, 0.20446666666666666, 0.17406666666666665), (125.829, 0.9397333333333332, 0.7602666666666668), (54.525800000000004, 0.2951333333333333, 0.0012666666666666666), (0.0, 0.0, 0.0), (100.6632, 0.009333333333333334, 0.0108), (0.0, 0.0044, 0.0), (231.3854, 0.0005333333333333334, 0.0008), (114.6442, 0.5428, 0.4749333333333333), (83.18653333333334, 0.0, 0.0), (348.1266, 1.8001333333333334, 0.6946), (0.0, 0.004733333333333333, 0.00013333333333333334)]","[(3, 1.666666666666667e-05, 0.31198333333333333), (3, 0.0, 0.0), (2, 0.0, 0.001388888888888889), (1, 0.0, 0.001627777777777778), (1, 1.666666666666667e-05, 0.0052), (1, 0.0, 0.05014999999999999), (2, 0.0, 0.009888888888888888), (1, 0.0001, 0.058061111111111105), (2, 0.0, 0.0), (2, 0.0, 0.002416666666666667), (1, 0.0, 0.0008277777777777778), (3, 6.666666666666667e-05, 0.011649999999999999), (1, 0.0, 0.001527777777777778), (2, 0.0005833333333333334, 0.00023333333333333333), (3, 0.0, 0.00039999999999999996), (3, 0.0, 0.0014222222222222223)]","[33, 53, 31, 47, 48, 49, 55, 35, 39, 56, 52, 45, 54, 50, 51, 57]","[1, 6, 10, 12, 13, 4, 7, 2, 0, 11, 7, 4, 14, 10, 2, 6]","[True, True, True, True, True, True, True, True, True, True, True, True, True, True, True, True]"
42,15,"[3235.722332789209, 1115.189642163913, 590.9835929581135, 0, 1483.4440524727775, 1886.9411202662081, 1622.8881916370212, 1752.7464322368, 3148.573702267009, 2266.7025766922616, 520.8668579276933, 1889.8120704974624, 928.6358600540952, 0, 976.1061865270877, 620.0796165570354]","[4029.0, 2262.055012803439, 4029.0, 4029.0, 4029.0, 2013.064524884373, 2565.510666854664, 2402.820122854856, 4029.0, 4029.0, 1463.4893331453359, 2015.9354751156272, 4029.0, 0, 1626.179877145144, 1766.9449871965612]","[(1730.8488, 0.18693333333333337, 0.49646666666666667), (47.5354, 0.0, 0.001), (265.6387333333333, 0.05313333333333333, 0.031266666666666665), (69.2056, 0.00046666666666666666, 0.0013333333333333333), (478.84913333333344, 2.3301999999999996, 0.8102), (115.2732, 0.21046666666666666, 0.17566666666666664), (139.81, 0.972, 0.7780666666666667), (37.7482, 0.27673333333333333, 0.0014), (0.0, 0.0, 0.0), (150.9948, 0.009333333333333334, 0.010933333333333335), (0.0, 0.0046, 0.00013333333333333334), (253.7549333333333, 0.0006666666666666666, 0.0008), (109.0518, 0.5416666666666666, 0.5044666666666666), 0, (230.686, 0.866, 0.3906666666666667), (0.0, 0.004666666666666667, 6.666666666666668e-05)]","[(3, 1.666666666666667e-05, 0.20562222222222223), (3, 0.0, 0.0), (3, 0.0, 0.006316666666666667), (1, 0.0, 0.0005499999999999999), (1, 0.0, 0.004461111111111111), (1, 0.0, 0.05059444444444444), (2, 0.0, 0.011461111111111111), (1, 0.0, 0.057172222222222215), (2, 0.0, 0.0), (2, 0.0, 0.0026888888888888887), (1, 0.0, 0.0008111111111111112), (3, 0.00018333333333333334, 0.015666666666666666), (1, 0.0, 0.0017222222222222224), 0, (3, 1.666666666666667e-05, 0.0003444444444444445), (3, 0.0, 0.001661111111111111)]","[33, 53, 58, 47, 48, 49, 55, 35, 39, 56, 52, 45, 54, -1, 51, 57]","[1, 6, 10, 12, 13, 4, 7, 2, 0, 11, 7, 4, 14, -1, 2, 6]","[True, True, True, True, True, True, True, True, True, True, True, True, True, False, True, True]"
43,14,"[2452.592537423716, 1115.189642163913, 580.9669218910268, 0, 949.4041935825778, 1906.1117847681867, 1578.3848591424044, 0, 3425.7016103138403, 2248.9012475559352, 510.85018758292983, 2103.5010678682, 931.6027477858978, 0, 1465.6427238431045, 578.5431829120669]","[4029.0, 2282.823229625923, 4029.0, 0, 4029.0, 1915.8053584499933, 2548.2673357797376, 1281.6786380784479, 4029.0, 4029.0, 1480.732664220263, 2113.194641550007, 4029.0, 0, 2747.321361921552, 1746.1767703740768]","[(1356.158, 0.1402, 0.49906666666666666), (72.7012, 0.0, 0.001), (272.62933333333325, 0.053200000000000004, 0.03573333333333333), 0, (333.44686666666666, 0.9099333333333333, 0.8626), (97.689, 0.24573333333333333, 0.20893333333333336), (184.5492, 0.9548666666666666, 0.7652666666666668), (30.75786666666666, 0.2919333333333333, 0.001066666666666667), (0.0, 0.0, 0.0), (150.9948, 0.009266666666666668, 0.0106), (0.0, 0.004533333333333333, 0.0), (244.66713333333328, 0.0014666666666666665, 0.0012), (109.0518, 0.5368666666666667, 0.4758666666666667), 0, (331.3495333333333, 4.365933333333333, 0.022533333333333336), (0.0, 0.004533333333333333, 0.0)]","[(3, 8.333333333333333e-05, 0.11315), (3, 0.0, 0.0), (3, 0.0, 0.0011611111111111112), 0, (1, 0.0, 0.004088888888888889), (1, 0.0, 0.05149444444444444), (2, 1.666666666666667e-05, 0.010605555555555557), (1, 3.3333333333333335e-05, 0.057200000000000015), (2, 0.0, 0.0), (2, 0.0, 0.0023555555555555556), (1, 0.0, 0.0008055555555555557), (3, 0.00015, 0.019816666666666666), (1, 0.0, 0.0017166666666666667), 0, (3, 0.0, 0.00019444444444444446), (3, 0.0, 0.0012944444444444446)]","[33, 53, 58, -1, 48, 49, 55, 35, 39, 56, 52, 45, 54, -1, 51, 57]","[1, 6, 10, -1, 13, 4, 7, 2, 0, 11, 7, 4, 14, -1, 2, 6]","[True, True, True, False, True, True, True, True, True, True, True, True, True, False, True, True]"
44,16,"[2677.21116090064, 1105.1729687313032, 557.5946894011578, 3815.4812123039737, 732.8213619215522, 1908.8504511256126, 1622.8881916370212, 3752.9130163235823, 0, 2254.8350239347114, 520.8668579276933, 2073.45105261294, 925.6689723222934, 884.1326637750533, 1851.3381774860268, 581.5100710295644]","[4029.0, 2276.3314488508695, 4029.0, 4029.0, 4029.0, 1932.199699256336, 2565.510666854664, 4029.0, 4029.0, 4029.0, 1463.4893331453359, 2096.8003007436637, 4029.0, 4029.0, 4029.0, 1752.6685511491307]","[(1227.5328, 0.18566666666666662, 0.4779333333333333), (33.5544, 0.0, 0.001), (160.78126666666668, 0.05293333333333333, 0.031466666666666664), (1426.063, 0.14286666666666667, 0.5943999999999999), (199.92773333333332, 0.9031333333333333, 0.010666666666666666), (125.0422, 0.247, 0.19506666666666664), (131.4214, 0.9578666666666666, 0.7716000000000001), (388.67179999999996, 7.663399999999999, 2.4918666666666667), (0.0, 0.0, 0.0), (184.5492, 0.009333333333333334, 0.0108), (0.0, 0.0046, 0.00013333333333333334), (254.4540666666667, 0.0026, 0.0088), (95.0708, 0.5381333333333334, 0.44586666666666674), (128.62506666666664, 0.00046666666666666666, 0.0014), (478.1502, 3.8014, 0.020733333333333333), (0.0, 0.004733333333333333, 0.0)]","[(3, 3.3333333333333335e-05, 0.15232222222222222), (3, 0.0, 0.0), (3, 0.0, 0.0011222222222222222), (3, 0.005116666666666666, 0.1869), (1, 0.0, 0.005077777777777777), (1, 3.3333333333333335e-05, 0.05121666666666667), (2, 0.0, 0.010555555555555558), (2, 0.0, 0.016355555555555557), (2, 0.0, 0.0), (2, 0.0, 0.002338888888888889), (1, 0.0, 0.0008166666666666667), (3, 0.00011666666666666667, 0.017588888888888887), (1, 0.0, 0.0017277777777777773), (2, 0.0705, 0.025599999999999998), (3, 0.0428, 0.01527777777777778), (3, 0.0, 0.0012333333333333335)]","[33, 53, 58, 59, 48, 49, 55, 60, 39, 56, 52, 45, 54, 61, 51, 57]","[1, 6, 10, 9, 13, 4, 7, 8, 0, 11, 7, 4, 14, 15, 2, 6]","[True, True, True, True, True, True, True, True, True, True, True, True, True, True, True, True]"
45,16,"[6028.278192232053, 1111.8507510197098, 574.2891411796356, 2446.521763816231, 0, 1714.4051397483977, 1596.1861921402513, 2794.65141873918, 731.2170323801198, 2248.9012475559352, 0, 2293.817831151513, 934.5696355177, 845.5631180399, 1646.6228982447833, 578.5431829120669]","[4029.0, 2281.1537840538213, 4029.0, 4029.0, 4029.0, 1724.7936542984423, 2812.5930960701253, 4029.0, 4029.0, 4029.0, 1216.4069039298743, 2304.2063457015574, 4029.0, 4029.0, 4029.0, 1747.8462159461785]","[(1551.892, 0.19686666666666666, 1.39), (39.146800000000006, 0.0, 0.001), (143.3049333333333, 0.05273333333333334, 0.030533333333333336), (1311.4188000000001, 0.1956, 0.7402000000000001), (167.77133333333336, 0.8164666666666667, 0.02233333333333333), (93.78139999999999, 0.23493333333333336, 0.19066666666666662), (153.791, 0.9633999999999999, 0.7669333333333332), (651.5146, 19.004533333333335, 2.486266666666667), (178.9568, 0.0019333333333333331, 0.0014666666666666665), (218.1036, 0.009266666666666668, 0.010533333333333334), (0.0, 0.0046, 0.0), (268.435, 0.0018666666666666666, 0.0016), (92.2746, 0.5394, 0.44333333333333325), (120.23626666666664, 0.0, 0.001066666666666667), (450.887, 3.747866666666667, 0.0224), (0.0, 0.004733333333333333, 6.666666666666668e-05)]","[(3, 0.0001, 0.1530611111111111), (3, 0.0, 0.0), (3, 0.0, 0.0011333333333333332), (3, 0.0006, 0.11304444444444445), (1, 0.0, 0.005544444444444444), (1, 0.0, 0.049894444444444436), (2, 0.0, 0.0117), (2, 0.0, 0.0053), (1, 0.36411666666666676, 0.01315), (2, 0.0, 0.0022555555555555554), (1, 0.0, 0.0008222222222222222), (3, 0.00013333333333333334, 0.023688888888888888), (1, 0.0, 0.0022722222222222224), (2, 1.666666666666667e-05, 0.0006111111111111112), (3, 1.666666666666667e-05, 0.0003444444444444445), (3, 0.0, 0.0012666666666666666)]","[33, 53, 58, 59, 48, 49, 55, 60, 62, 56, 52, 45, 54, 61, 51, 57]","[1, 6, 10, 9, 13, 4, 7, 8, 0, 11, 7, 4, 14, 15, 2, 6]","[True, True, True, True, True, True, True, True, True, True, True, True, True, True, True, True]"
46,15,"[6374.312287858666, 1252.08417907625, 0, 2303.8585840403466, 1155.2559781834066, 1851.3384576196752, 1655.52396879974, 1739.5619942211624, 657.7614400862267, 2201.431036525731, 0, 2203.667785385733, 0, 809.96046043822, 922.7022006380679, 593.3776234995555]","[4029.0, 2343.8532777883474, 1436.8720109082967, 4029.0, 2592.127989091703, 1838.335336116971, 4029.0, 4029.0, 4029.0, 4029.0, 0, 2190.664663883029, 4029.0, 4029.0, 4029.0, 1685.1467222116528]","[(1736.4414, 0.2492666666666667, 1.2721333333333333), (173.3644, 6.666666666666668e-05, 0.0016), (167.77166666666662, 0.052866666666666666, 0.030466666666666666), (1255.4948, 0.13406666666666667, 0.4640666666666667), (67.10839999999999, 0.00013333333333333334, 0.001), (104.85293333333334, 0.21746666666666667, 0.18180000000000002), (125.829, 0.9370666666666667, 0.7570666666666667), (369.0984, 16.1096, 2.579733333333333), (192.93779999999998, 0.003933333333333333, 0.0014666666666666665), (268.4352, 0.009333333333333334, 0.0108), 0, (269.134, 0.0016666666666666668, 0.0014666666666666665), (226.49220000000003, 0.5299333333333333, 0.43666666666666676), (72.7008, 6.666666666666668e-05, 0.0015333333333333334), (434.1098, 1.2283333333333333, 0.020466666666666664), (67.1088, 0.004666666666666667, 6.666666666666668e-05)]","[(3, 0.00015, 0.2104), (3, 0.03166666666666667, 0.0017722222222222221), (3, 1.666666666666667e-05, 0.0011833333333333333), (3, 1.666666666666667e-05, 0.12178333333333334), (1, 0.0, 0.0005722222222222222), (1, 3.3333333333333335e-05, 0.05011111111111111), (2, 0.06273333333333334, 0.031105555555555553), (2, 0.0, 0.00225), (1, 0.26766666666666666, 0.015294444444444444), (2, 0.0, 0.0022944444444444444), 0, (3, 0.00031666666666666665, 0.026144444444444446), (1, 0.0007666666666666667, 0.00215), (2, 0.0, 0.0005666666666666668), (3, 0.0, 0.0004555555555555556), (3, 0.0, 0.0012222222222222224)]","[33, 53, 58, 59, 63, 49, 55, 60, 62, 56, -1, 45, 54, 61, 51, 57]","[1, 6, 10, 9, 10, 4, 7, 8, 0, 11, -1, 4, 14, 15, 2, 6]","[True, True, True, True, True, True, True, True, True, True, False, True, True, True, True, True]"
47,15,"[3703.171900565511, 1105.1729687313032, 0, 2662.034226881929, 1151.9170880730503, 1802.042463186016, 2278.570623724373, 1826.3731494030244, 711.18368902724, 2248.9012475559352, 881.4670876440003, 2664.4346859663865, 2006.6731654957287, 1317.2983312621604, 1074.0134939902914, 0]","[4029.0, 2567.086484365652, 0, 4029.0, 4029.0, 1583.3038886098147, 4029.0, 4029.0, 4029.0, 4029.0, 4029.0, 2445.6961113901853, 2480.8298357527183, 4029.0, 1548.1701642472813, 1461.9135156343484]","[(1493.1718, 0.1692, 0.7876000000000001), (156.58720000000002, 6.666666666666668e-05, 0.001066666666666667), 0, (1470.8021999999999, 0.18553333333333333, 0.47233333333333327), (72.70093333333334, 6.666666666666668e-05, 0.001), (98.34026666666666, 0.21266666666666662, 0.17426666666666668), (226.49220000000003, 0.9202666666666668, 0.7430666666666668), (268.4352, 13.852799999999998, 1.682), (134.2176, 0.002, 0.0014), (33.5544, 0.009266666666666668, 0.010666666666666666), (95.9442, 0.019933333333333334, 0.0208), (369.09826666666675, 0.0032, 0.0020666666666666667), (306.18366666666674, 0.5942000000000001, 0.19193333333333337), (75.49706666666667, 0.0, 0.001066666666666667), (243.2694, 1.3356666666666668, 0.18259999999999998), (22.3696, 0.0048, 0.0)]","[(3, 0.0001, 0.13415555555555556), (3, 0.0, 0.0002833333333333333), 0, (3, 1.666666666666667e-05, 0.1395388888888889), (1, 0.0, 0.0005666666666666666), (1, 0.00011666666666666667, 0.04876111111111111), (2, 0.09268333333333334, 0.011455555555555556), (2, 0.0, 0.005916666666666666), (1, 0.2701, 0.013050000000000004), (2, 0.0, 0.0023555555555555556), (1, 0.0012, 0.05558333333333333), (3, 0.2675166666666666, 0.1220111111111111), (3, 0.011550000000000001, 0.43049444444444446), (2, 1.666666666666667e-05, 0.0007), (3, 0.0, 0.0004166666666666667), (3, 0.0, 0.0012777777777777776)]","[33, 53, -1, 59, 63, 49, 55, 60, 62, 56, 65, 45, 66, 61, 51, 57]","[1, 6, -1, 9, 10, 4, 7, 8, 0, 11, 3, 4, 2, 15, 2, 6]","[True, True, False, True, True, True, True, True, True, True, True, True, True, True, True, True]"
48,15,"[3949.038231668631, 1118.528533308117, 0, 2986.820614882346, 1158.5948682937635, 1136.5465383316057, 1590.2524144743022, 1612.6841520322869, 647.7447684097866, 5046.6768101486105, 754.589249271, 2310.5122840711024, 1352.2506356501997, 0, 940.5035292677412, 3815.4812123039737]","[4029.0, 4029.0, 0, 4029.0, 4029.0, 1427.5171271302518, 4029.0, 4029.0, 4029.0, 4029.0, 4029.0, 2601.4828728697485, 2220.373553191229, 4029.0, 1808.6264468087707, 4029.0]","[(1484.7831999999999, 0.21580000000000002, 0.8416666666666666), (97.867, 0.0, 0.001), 0, (1311.4188000000001, 0.14286666666666667, 0.5135333333333333), (75.49719999999999, 0.0004, 0.0014666666666666665), (87.92, 0.21286666666666668, 0.18966666666666662), (142.6062, 0.9306666666666665, 0.7520666666666668), (383.0794, 15.210066666666668, 1.8525333333333331), (226.49220000000003, 0.0016666666666666668, 0.0014), (369.0984, 0.018533333333333336, 0.025066666666666668), (96.9928, 0.020133333333333333, 0.014066666666666665), (364.904, 0.0027333333333333333, 0.0014666666666666665), (281.018, 0.42160000000000003, 0.13533333333333333), (114.64386666666668, 0.0, 0.0011333333333333332), (178.2574, 0.7554, 0.0208), (1426.063, 0.14286666666666667, 0.5943999999999999)]","[(3, 0.0001, 0.17663333333333334), (3, 0.008, 0.00039999999999999996), 0, (3, 5e-05, 0.13139444444444442), (1, 0.0, 0.0005499999999999999), (1, 0.0, 0.050077777777777784), (2, 0.0, 0.012455555555555557), (2, 0.0, 0.0036999999999999997), (1, 0.27021666666666666, 0.012733333333333334), (2, 0.0, 0.0054888888888888895), (1, 0.0, 0.054338888888888895), (3, 0.0012833333333333332, 0.025400000000000002), (3, 1.666666666666667e-05, 0.2272388888888889), (2, 0.0, 0.0006555555555555555), (3, 0.0, 0.0004444444444444444), (3, 0.005116666666666666, 0.1869)]","[33, 53, -1, 59, 63, 49, 55, 60, 62, 56, 65, 45, 66, 61, 51, 67]","[1, 6, -1, 9, 10, 4, 7, 8, 0, 11, 3, 4, 2, 15, 2, 13]","[True, True, False, True, True, True, True, True, True, True, True, True, True, True, True, True]"
49,15,"[3566.579494397111, 1121.86742445232, 0, 2953.431360041183, 1151.9170880730503, 1426.8451722187147, 1563.5504149775322, 1499.1618721790824, 0, 6361.008278047395, 754.589249271, 2560.9290778649356, 1409.0117734429248, 2006.6731654957287, 1468.6096119480499, 2446.521763816231]","[4029.0, 4029.0, 0, 4029.0, 1587.1219612886607, 1447.4580471768895, 4029.0, 4029.0, 4029.0, 4029.0, 4029.0, 2581.5419528231105, 1984.7010807474373, 2441.8780387113393, 2044.2989192525624, 4029.0]","[(1644.1666, 0.15380000000000002, 0.6252666666666667), (81.0898, 0.0, 0.001), 0, (1311.4188000000001, 0.188, 0.5201333333333333), (75.49719999999999, 0.0003333333333333333, 0.0014), (83.36113333333331, 0.21606666666666663, 0.18393333333333337), (117.4404, 0.9303333333333335, 0.7412666666666667), (279.62, 9.749466666666667, 1.610333333333333), (271.2314, 0.0722, 0.0028666666666666667), (1157.6274666666666, 0.016533333333333334, 0.022133333333333328), (90.177, 0.02, 0.014), (271.9302, 0.0026666666666666666, 0.0020666666666666667), (255.852, 0.49213333333333326, 0.15953333333333333), (306.18366666666674, 0.5942000000000001, 0.19193333333333337), (344.63140000000004, 3.1724, 0.019733333333333335), (1311.4188000000001, 0.1956, 0.7402000000000001)]","[(3, 5e-05, 0.16941111111111112), (3, 0.0, 0.0), 0, (3, 3.3333333333333335e-05, 0.16156666666666666), (1, 0.0, 0.0005611111111111111), (1, 0.0, 0.04877777777777778), (2, 0.0, 0.010772222222222223), (2, 0.05768333333333333, 0.023244444444444446), (1, 0.24863333333333332, 0.04668333333333334), (2, 0.0, 0.005333333333333333), (1, 3.3333333333333335e-05, 0.05506666666666666), (3, 0.005633333333333334, 0.03143333333333334), (3, 8.333333333333333e-05, 0.28617777777777775), (3, 0.011550000000000001, 0.43049444444444446), (3, 0.0, 0.0002722222222222222), (3, 0.0006, 0.11304444444444445)]","[33, 53, -1, 59, 63, 49, 55, 60, 62, 56, 65, 45, 66, 68, 51, 67]","[1, 6, -1, 9, 10, 4, 7, 8, 0, 11, 3, 4, 2, 10, 2, 13]","[True, True, False, True, True, True, True, True, True, True, True, True, True, True, True, True]"
50,15,"[4726.09725342664, 0, 0, 2989.8560016860883, 1168.6115386248337, 2127.9437597196566, 1554.649748478609, 1863.10094582612, 628.9803113908888, 2438.7820916767528, 741.2336873370001, 2520.8623908579216, 1816.3564093671823, 1352.2506356501997, 0, 2303.8585840403466]","[4029.0, 4029.0, 0, 4029.0, 1922.680451487317, 1818.0406844308673, 4029.0, 4029.0, 4029.0, 4029.0, 4029.0, 2210.9593155691323, 2922.6782046835915, 2106.319548512683, 1106.321795316409, 4029.0]","[(1434.4516, 0.22206666666666663, 0.8742666666666667), (117.4404, 0.0, 0.001), 0, (1177.2012, 0.14893333333333333, 0.6776666666666666), (77.5942, 0.00046666666666666666, 0.0014), (90.52506666666666, 0.3320666666666667, 0.2432666666666667), (83.886, 0.8937333333333333, 0.7318666666666667), (338.34020000000004, 2.189, 3.0638666666666667), (320.1647333333333, 0.0011333333333333332, 0.0015333333333333334), (167.772, 0.009333333333333334, 0.0104), (93.3228, 0.018333333333333333, 0.014133333333333333), (274.72646666666674, 0.0041333333333333335, 0.009866666666666668), (226.49179999999998, 0.6, 0.19540000000000002), (281.018, 0.42160000000000003, 0.13533333333333333), (369.0984, 0.713, 0.022), (1255.4948, 0.13406666666666667, 0.4640666666666667)]","[(3, 0.0001, 0.21292777777777777), (3, 0.0, 0.0), 0, (3, 5e-05, 0.12382222222222221), (1, 0.0, 0.001627777777777778), (1, 0.0002333333333333333, 0.0568888888888889), (2, 0.0, 0.007866666666666668), (2, 1.1261166666666667, 0.002977777777777778), (2, 0.0037166666666666667, 0.0028777777777777777), (2, 0.0, 0.002172222222222222), (1, 0.0, 0.0557), (3, 0.0009833333333333335, 0.03336666666666666), (3, 0.00016666666666666666, 0.37338333333333334), (3, 1.666666666666667e-05, 0.2272388888888889), (3, 0.0, 0.0003888888888888889), (3, 1.666666666666667e-05, 0.12178333333333334)]","[33, 53, -1, 59, 63, 49, 55, 60, 69, 56, 65, 45, 66, 68, 51, 67]","[1, 6, -1, 9, 10, 4, 7, 8, 0, 11, 3, 4, 2, 10, 2, 13]","[True, True, False, True, True, True, True, True, True, True, True, True, True, True, True, True]"
51,16,"[3065.7406717796443, 3752.9130163235823, 744.572766635591, 5888.650399259911, 1165.2726485144767, 2445.6290571810214, 1554.649748478609, 2634.3846707111265, 634.9140879134446, 2554.490731062876, 804.6726065235, 2607.673546039784, 2230.3788262082307, 1409.0117734429248, 777.9614183128089, 2662.034226881929]","[4029.0, 4029.0, 981.2870371045937, 4029.0, 1401.9869189834792, 1933.4777555706187, 4029.0, 4029.0, 4029.0, 4029.0, 4029.0, 2095.5222444293813, 4029.0, 1645.7260439119273, 4029.0, 4029.0]","[(1392.5086000000001, 0.1512, 0.6417333333333333), (388.67179999999996, 7.663399999999999, 2.4918666666666667), (142.60586666666666, 0.0007333333333333332, 0.0006), (1269.4758, 0.3529333333333333, 0.49439999999999995), (69.2056, 0.00046666666666666666, 0.0013333333333333333), (126.996, 0.5407333333333333, 0.289), (92.2746, 0.9142666666666668, 0.7324666666666667), (408.2452, 3.357266666666667, 2.6136666666666666), (300.59133333333324, 0.0011333333333333332, 0.0015333333333333334), (536.8704, 0.009266666666666668, 0.0106), (93.8472, 0.0318, 0.0146), (269.13426666666675, 0.0028, 0.002466666666666667), (209.7148, 0.7276, 0.23566666666666664), (255.852, 0.49213333333333326, 0.15953333333333333), (123.73126666666663, 0.009733333333333332, 0.0028), (1470.8021999999999, 0.18553333333333333, 0.47233333333333327)]","[(3, 6.666666666666667e-05, 0.11822222222222224), (2, 0.0, 0.016355555555555557), (1, 0.0, 0.02883888888888889), (3, 0.1731833333333333, 0.38794999999999996), (1, 0.0, 0.0005499999999999999), (1, 0.0001, 0.059855555555555565), (2, 0.0, 0.010216666666666666), (2, 1.092625, 0.013255555555555555), (2, 0.0004, 0.0023666666666666667), (2, 0.0, 0.0023777777777777777), (1, 0.00011666666666666667, 0.053427777777777775), (3, 0.0003333333333333333, 0.03149444444444444), (3, 0.00021666666666666668, 0.5190777777777777), (3, 8.333333333333333e-05, 0.28617777777777775), (2, 0.0, 2.2222222222222223e-05), (3, 1.666666666666667e-05, 0.1395388888888889)]","[33, 64, 70, 59, 63, 49, 55, 60, 69, 56, 65, 45, 66, 68, 71, 67]","[1, 15, 10, 9, 10, 4, 7, 8, 0, 11, 3, 4, 2, 10, 5, 13]","[True, True, True, True, True, True, True, True, True, True, True, True, True, True, True, True]"
52,16,"[5157.122179558036, 2794.65141873918, 554.2559608139378, 4252.576912042853, 1178.6282089559033, 2166.2850887236145, 0, 1779.6286812281753, 557.7749931202221, 2450.6496444343047, 0, 2350.5789710781155, 1318.8617310662446, 1816.3564093671823, 888.1447951553957, 2986.820614882346]","[4029.0, 4029.0, 714.1757677682632, 4029.0, 1338.5480159102287, 1922.3530588227495, 4029.0, 4029.0, 4029.0, 4029.0, 4029.0, 2106.6469411772505, 4029.0, 1976.2762163215077, 4029.0, 4029.0]","[(1632.9818, 0.3732, 0.7381333333333333), (651.5146, 19.004533333333335, 2.486266666666667), (98.56566666666669, 0.0007333333333333332, 0.0002666666666666667), (1974.1186, 0.14053333333333334, 0.48906666666666665), (82.4876, 0.0007333333333333332, 0.002), (113.97066666666669, 0.33546666666666664, 0.21846666666666667), (134.2176, 0.8891333333333333, 0.7291333333333333), (645.9222, 2.945, 2.129), (288.00833333333327, 0.0011333333333333332, 0.0014), (738.197, 0.009333333333333334, 0.0108), (99.0902, 0.043, 0.015133333333333334), (272.62946666666676, 0.0018666666666666666, 0.0016), (255.852, 0.40273333333333333, 0.13053333333333333), (226.49179999999998, 0.6, 0.19540000000000002), (120.93533333333332, 0.045200000000000004, 0.020266666666666665), (1311.4188000000001, 0.14286666666666667, 0.5135333333333333)]","[(3, 0.09808333333333331, 0.2580777777777778), (2, 0.0, 0.0053), (1, 0.0, 0.0016666666666666668), (3, 1.666666666666667e-05, 0.31198333333333333), (1, 0.0, 0.0005722222222222222), (1, 0.0, 0.05419444444444445), (2, 1.666666666666667e-05, 0.00786111111111111), (2, 0.0, 0.0070888888888888885), (2, 0.00026666666666666673, 0.002455555555555556), (2, 0.0, 0.0023666666666666667), (1, 0.0, 0.05496666666666667), (3, 0.0004166666666666666, 0.026177777777777776), (3, 5e-05, 0.20164999999999994), (3, 0.00016666666666666666, 0.37338333333333334), (2, 0.0, 0.0), (3, 5e-05, 0.13139444444444442)]","[33, 64, 70, 59, 63, 49, 55, 60, 69, 56, 65, 45, 66, 68, 71, 67]","[1, 15, 10, 9, 10, 4, 7, 8, 0, 11, 3, 4, 2, 10, 5, 13]","[True, True, True, True, True, True, True, True, True, True, True, True, True, True, True, True]"
53,16,"[6377.347674662409, 1739.5619942211624, 597.6615481065954, 3235.722332789209, 1165.2726485144767, 2018.3971054226345, 1364.7688631682443, 2090.1455055325287, 0, 2453.616532623692, 881.4670876440003, 2417.356782756471, 1425.7062257349019, 2230.3788262082307, 851.4170028745334, 2953.431360041183]","[4029.0, 4029.0, 1600.477661185847, 4029.0, 1481.946911153123, 1815.0201613330814, 4029.0, 4029.0, 4029.0, 4029.0, 4029.0, 2213.979838666918, 2428.522338814153, 2547.053088846877, 4029.0, 4029.0]","[(1756.0146000000002, 0.15113333333333331, 0.6404), (369.0984, 16.1096, 2.579733333333333), (121.6344, 0.0005333333333333334, 0.0002), (1730.8488, 0.18693333333333337, 0.49646666666666667), (81.08953333333334, 0.0002666666666666667, 0.001), (114.62193333333336, 0.28486666666666666, 0.20433333333333337), (402.65259999999995, 0.0, 0.0), (402.6528, 3.2084, 1.765466666666667), (311.7758666666666, 0.0011333333333333332, 0.0015333333333333334), (352.32120000000003, 0.0094, 0.010866666666666667), (95.9442, 0.019933333333333334, 0.0208), (289.4064, 0.0022, 0.0018666666666666666), (213.9092, 0.46873333333333334, 0.15180000000000002), (209.7148, 0.7276, 0.23566666666666664), (120.23626666666664, 0.034466666666666666, 0.0114), (1311.4188000000001, 0.188, 0.5201333333333333)]","[(3, 0.07565000000000001, 0.43214444444444444), (2, 0.0, 0.00225), (1, 0.0, 0.0015388888888888887), (3, 1.666666666666667e-05, 0.20562222222222223), (1, 0.0, 0.000538888888888889), (1, 3.3333333333333335e-05, 0.05196111111111111), (3, 0.1085, 0.004066666666666666), (2, 0.0, 0.005355555555555555), (2, 0.0, 0.002388888888888889), (2, 0.0, 0.002344444444444444), (1, 0.0012, 0.05558333333333333), (3, 0.19908333333333336, 0.026938888888888887), (3, 3.3333333333333335e-05, 0.2765777777777778), (3, 0.00021666666666666668, 0.5190777777777777), (2, 0.0, 2.2222222222222223e-05), (3, 3.3333333333333335e-05, 0.16156666666666666)]","[33, 64, 70, 59, 63, 49, 72, 60, 69, 56, 73, 45, 66, 68, 71, 67]","[1, 15, 2, 9, 10, 4, 14, 8, 0, 11, 7, 4, 2, 10, 5, 13]","[True, True, True, True, True, True, True, True, True, True, True, True, True, True, True, True]"
54,16,"[0, 1826.3731494030244, 554.2559608139378, 2452.592537423716, 1158.5948682937635, 1966.362444631549, 1691.1266347954333, 1232.0506254656602, 1154.1194728238213, 2495.1529672751212, 754.589249271, 1893.1509610813798, 2036.723179621289, 1318.8617310662446, 0, 2989.8560016860883]","[4029.0, 4029.0, 4029.0, 4029.0, 1934.3665686137595, 2051.1057417750844, 4029.0, 4029.0, 4029.0, 4029.0, 4029.0, 1977.8942582249153, 4029.0, 2094.6334313862408, 4029.0, 4029.0]","[(1834.3084, 0.274, 0.7126), (268.4352, 13.852799999999998, 1.682), (125.82866666666669, 0.0007333333333333332, 0.0002666666666666667), (1356.158, 0.1402, 0.49906666666666666), (78.99233333333332, 0.0004, 0.0014), (98.99153333333334, 0.26739999999999997, 0.19593333333333338), (339.738, 0.0, 0.0), (444.5958, 2.369733333333333, 2.1395999999999997), (176.16013333333333, 1.632466666666667, 0.017733333333333334), (218.1036, 0.009333333333333334, 0.010666666666666666), (96.9928, 0.020133333333333333, 0.014066666666666665), (292.9018, 0.0003333333333333333, 0.0004), (212.51093333333333, 0.6914, 0.224), (255.852, 0.40273333333333333, 0.13053333333333333), (130.722, 0.026466666666666666, 0.011066666666666664), (1177.2012, 0.14893333333333333, 0.6776666666666666)]","[(3, 5e-05, 0.20435555555555557), (2, 0.0, 0.005916666666666666), (1, 0.0, 0.00165), (3, 8.333333333333333e-05, 0.11315), (1, 0.0, 0.0005777777777777778), (1, 0.0, 0.051827777777777785), (3, 0.2122, 0.00935), (2, 0.0, 0.005061111111111111), (3, 0.0, 0.0001388888888888889), (2, 0.0, 0.002655555555555556), (1, 0.0, 0.054338888888888895), (3, 0.04091666666666667, 0.011177777777777778), (3, 0.0002333333333333333, 0.49188333333333323), (3, 5e-05, 0.20164999999999994), (2, 0.0, 4.4444444444444447e-05), (3, 5e-05, 0.12382222222222221)]","[33, 64, 70, 59, 63, 49, 72, 60, 74, 56, 73, 45, 66, 68, 71, 67]","[1, 15, 12, 9, 10, 4, 14, 8, 0, 11, 7, 4, 2, 10, 5, 13]","[True, True, True, True, True, True, True, True, True, True, True, True, True, True, True, True]"
55,16,"[390.65025572768, 1612.6841520322869, 597.6615481065954, 2677.21116090064, 1168.6115386248337, 1996.48777456323, 1254.9939763481898, 2534.217953193593, 1875.0732823255908, 2423.947650729814, 754.589249271, 2464.10125093132, 1769.6119429496443, 1425.7062257349019, 652.7155422502, 5888.650399259911]","[1403.4830518476965, 2625.5169481523035, 4029.0, 4029.0, 1885.952656444966, 1780.693261815955, 4029.0, 4029.0, 4029.0, 4029.0, 4029.0, 2248.306738184045, 4029.0, 2143.047343555034, 4029.0, 4029.0]","[(499.1218, 0.0004, 0.0003333333333333333), (383.0794, 15.210066666666668, 1.8525333333333331), (98.56533333333331, 0.0005333333333333334, 0.0002), (1227.5328, 0.18566666666666662, 0.4779333333333333), (67.10826666666667, 0.0004, 0.0014666666666666665), (100.29406666666667, 0.28213333333333335, 0.20133333333333336), (343.93240000000003, 0.0, 0.0), (349.525, 5.339466666666667, 2.7218), (214.6078, 3.082733333333333, 0.04673333333333334), (134.2176, 0.009266666666666668, 0.010666666666666666), (90.177, 0.02, 0.014), (276.82340000000005, 0.0026, 0.0022), (190.14146666666667, 0.5508, 0.17880000000000001), (213.9092, 0.46873333333333334, 0.15180000000000002), (433.41086666666666, 0.0023333333333333335, 0.0030666666666666668), (1269.4758, 0.3529333333333333, 0.49439999999999995)]","[(2, 0.012733333333333334, 0.0036666666666666666), (2, 0.0, 0.0036999999999999997), (1, 0.0, 0.0015500000000000002), (3, 3.3333333333333335e-05, 0.15232222222222222), (1, 0.0, 0.0005333333333333334), (1, 1.666666666666667e-05, 0.05187777777777777), (3, 0.020033333333333334, 0.0038777777777777777), (2, 0.0, 0.01048888888888889), (3, 0.0, 0.00015555555555555556), (2, 0.0, 0.0023833333333333337), (1, 3.3333333333333335e-05, 0.05506666666666666), (3, 0.009683333333333334, 0.0308), (3, 0.00013333333333333334, 0.3462888888888889), (3, 3.3333333333333335e-05, 0.2765777777777778), (1, 0.011300000000000001, 0.0010833333333333333), (3, 0.1731833333333333, 0.38794999999999996)]","[75, 64, 70, 59, 63, 49, 72, 60, 74, 56, 73, 45, 66, 68, 76, 67]","[15, 15, 12, 9, 10, 4, 14, 8, 0, 11, 7, 4, 2, 10, 5, 13]","[True, True, True, True, True, True, True, True, True, True, True, True, True, True, True, True]"
56,16,"[530.8836808606934, 1499.1618721790824, 0, 6028.278192232053, 1158.5948682937635, 2029.3517708523368, 1266.8615316800874, 5161.924842736884, 1510.1460454172877, 2423.947650729814, 0, 2297.1567217354313, 1292.1506073990797, 2036.723179621289, 634.9142092797401, 4252.576912042853]","[1530.3609043408055, 2498.6390956591945, 4029.0, 4029.0, 1575.4358443362373, 1880.5975245584527, 4029.0, 4029.0, 4029.0, 4029.0, 4029.0, 2148.4024754415473, 4029.0, 2453.564155663763, 4029.0, 4029.0]","[(455.08166666666676, 0.012533333333333334, 0.18906666666666663), (279.62, 9.749466666666667, 1.610333333333333), (113.24566666666668, 0.0007333333333333332, 0.0002666666666666667), (1551.892, 0.19686666666666666, 1.39), (99.26446666666666, 0.0004, 0.0014), (104.20166666666668, 0.267, 0.19686666666666666), (306.18359999999996, 0.0, 0.0), (553.6476, 10.710466666666667, 4.053266666666667), (434.80906666666664, 2.7484, 0.018466666666666666), (33.5544, 0.009333333333333334, 0.010466666666666668), (93.3228, 0.018333333333333333, 0.014133333333333333), (274.72679999999997, 0.0028666666666666667, 0.008733333333333333), (198.53, 0.4244, 0.13933333333333334), (212.51093333333333, 0.6914, 0.224), (398.45840000000004, 0.0016666666666666668, 0.0003333333333333333), (1974.1186, 0.14053333333333334, 0.48906666666666665)]","[(2, 0.0002833333333333333, 0.0029611111111111123), (2, 0.05768333333333333, 0.023244444444444446), (1, 0.0, 0.0016666666666666668), (3, 0.0001, 0.1530611111111111), (1, 0.0, 0.0005111111111111112), (1, 3.3333333333333335e-05, 0.05137777777777777), (3, 0.008033333333333333, 0.003372222222222222), (2, 0.0, 0.008927777777777778), (3, 0.0, 0.00023888888888888888), (2, 0.0, 0.0022833333333333334), (1, 0.0, 0.0557), (3, 0.0124, 0.02162777777777778), (3, 1.666666666666667e-05, 0.19247222222222224), (3, 0.0002333333333333333, 0.49188333333333323), (1, 0.015133333333333334, 0.0009777777777777777), (3, 1.666666666666667e-05, 0.31198333333333333)]","[75, 64, 70, 59, 63, 49, 72, 60, 74, 56, 73, 45, 66, 68, 76, 67]","[15, 15, 12, 9, 10, 4, 14, 8, 0, 11, 7, 4, 2, 10, 5, 13]","[True, True, True, True, True, True, True, True, True, True, True, True, True, True, True, True]"
57,16,"[537.5614630098844, 1863.10094582612, 884.1326637750533, 6374.312287858666, 1168.6115386248337, 1991.0104418483793, 1204.5568661876246, 0, 1501.2453811024511, 2394.2787688359367, 884.1326637750533, 2106.839958452118, 961.60045201792, 1769.6119429496443, 655.6824310786097, 3235.722332789209]","[1351.7302585918821, 2677.2697414081176, 4029.0, 4029.0, 1713.9997978375948, 1956.5852416981306, 2174.7121012062858, 4029.0, 4029.0, 4029.0, 1854.2878987937145, 2072.4147583018694, 4029.0, 2315.0002021624055, 4029.0, 4029.0]","[(471.15966666666674, 0.013066666666666664, 0.18946666666666667), (338.34020000000004, 2.189, 3.0638666666666667), (128.62506666666664, 0.00046666666666666666, 0.0014), (1736.4414, 0.2492666666666667, 1.2721333333333333), (85.28386666666668, 0.0005333333333333334, 0.0014), (76.1972, 0.28906666666666664, 0.20346666666666666), (322.961, 0.0, 0.0), (503.316, 17.2942, 4.714533333333334), (348.1266, 1.8001333333333334, 0.6946), (100.6632, 0.009266666666666668, 0.010733333333333333), (128.62506666666664, 0.00046666666666666666, 0.0014), (245.36620000000002, 0.0009333333333333332, 0.001066666666666667), (194.33579999999998, 0.31493333333333334, 0.10186666666666666), (190.14146666666667, 0.5508, 0.17880000000000001), (349.5247333333333, 0.0023333333333333335, 0.003), (1730.8488, 0.18693333333333337, 0.49646666666666667)]","[(2, 0.00035, 0.0039833333333333335), (2, 1.1261166666666667, 0.002977777777777778), (2, 0.0705, 0.025599999999999998), (3, 0.00015, 0.2104), (1, 0.0, 0.0005444444444444444), (1, 0.00013333333333333334, 0.05233888888888889), (3, 0.007916666666666667, 0.003444444444444445), (2, 2.327875, 0.009094444444444445), (3, 0.0, 0.00039999999999999996), (2, 0.0, 0.002338888888888889), (2, 0.0705, 0.025599999999999998), (3, 0.003333333333333334, 0.01565), (3, 0.0, 0.12192777777777777), (3, 0.00013333333333333334, 0.3462888888888889), (1, 0.01145, 0.0009944444444444447), (3, 1.666666666666667e-05, 0.20562222222222223)]","[75, 64, 77, 59, 63, 49, 72, 60, 74, 56, 78, 45, 66, 68, 76, 67]","[15, 15, 12, 9, 10, 4, 14, 8, 0, 11, 14, 4, 2, 10, 5, 13]","[True, True, True, True, True, True, True, True, True, True, True, True, True, True, True, True]"
58,16,"[544.2392451590755, 2634.3846707111265, 845.5631180399, 3703.171900565511, 1161.9337584041202, 1865.0317894068035, 1252.0270875152155, 1108.5118598755066, 976.1061865270877, 2376.47743969961, 845.5631180399, 1869.7787269939558, 1021.7004802690399, 1292.1506073990797, 640.84798693656, 2452.592537423716]","[969.4272872239745, 3059.5727127760256, 4029.0, 4029.0, 1949.3915755025203, 2012.1265312064238, 2217.7319847376575, 1380.5172100879483, 4029.0, 2648.482789912052, 1811.2680152623423, 2016.8734687935762, 4029.0, 2079.60842449748, 4029.0, 4029.0]","[(486.5389333333335, 0.012733333333333333, 0.18919999999999998), (408.2452, 3.357266666666667, 2.6136666666666666), (120.23626666666664, 0.0, 0.001066666666666667), (1493.1718, 0.1692, 0.7876000000000001), (99.964, 0.0005333333333333334, 0.0016666666666666668), (85.9662, 0.27253333333333335, 0.19946666666666668), (301.98940000000005, 0.0, 0.0), (67.1088, 0.0, 0.001), (230.686, 0.866, 0.3906666666666667), (117.4404, 0.0092, 0.0106), (120.23626666666664, 0.0, 0.001066666666666667), (207.61720000000003, 0.0003333333333333333, 0.0008666666666666667), (146.80033333333338, 0.3725333333333334, 0.1176), (198.53, 0.4244, 0.13933333333333334), (475.3542666666667, 0.0017333333333333335, 0.0003333333333333333), (1356.158, 0.1402, 0.49906666666666666)]","[(2, 0.07660000000000003, 0.0032111111111111108), (2, 1.092625, 0.013255555555555555), (2, 1.666666666666667e-05, 0.0006111111111111112), (3, 0.0001, 0.13415555555555556), (1, 0.0, 0.000538888888888889), (1, 0.0, 0.052361111111111115), (3, 0.00785, 0.003533333333333333), (3, 0.0, 0.0), (3, 1.666666666666667e-05, 0.0003444444444444445), (2, 0.0, 0.0023166666666666665), (2, 1.666666666666667e-05, 0.0006111111111111112), (3, 0.003016666666666666, 0.010844444444444443), (3, 5e-05, 0.20093333333333338), (3, 1.666666666666667e-05, 0.19247222222222224), (1, 0.015333333333333336, 0.0008833333333333333), (3, 8.333333333333333e-05, 0.11315)]","[75, 64, 77, 59, 63, 49, 72, 79, 74, 56, 78, 45, 66, 68, 76, 67]","[15, 15, 12, 9, 10, 4, 14, 11, 0, 11, 14, 4, 2, 10, 5, 13]","[True, True, True, True, True, True, True, True, True, True, True, True, True, True, True, True]"
59,16,"[524.2058987115023, 1779.6286812281753, 809.96046043822, 0, 1212.0175234543567, 1982.7944427761026, 1225.3250880184453, 1115.189642163913, 1465.6427238431045, 2382.4112160783857, 809.96046043822, 2307.1733934871845, 3549.2405572744774, 961.60045201792, 0, 2677.21116090064]","[1386.7886087416637, 2642.2113912583363, 4029.0, 4029.0, 2139.7085357182186, 1852.3105246444588, 2222.182313790113, 1380.8892130427637, 4029.0, 2648.110786957236, 1806.8176862098874, 2176.6894753555407, 4029.0, 1889.2914642817818, 4029.0, 4029.0]","[(462.072, 0.012733333333333333, 0.18913333333333332), (645.9222, 2.945, 2.129), (72.7008, 6.666666666666668e-05, 0.0015333333333333334), (1484.7831999999999, 0.21580000000000002, 0.8416666666666666), (73.4, 0.0005, 0.0015), (92.47886666666669, 0.26613333333333333, 0.19846666666666668), (328.5532, 0.0, 0.0), (47.5354, 0.0, 0.001), (331.3495333333333, 4.365933333333333, 0.022533333333333336), (134.2176, 0.0092, 0.010733333333333333), (72.7008, 6.666666666666668e-05, 0.0015333333333333334), (220.20046666666667, 0.002, 0.0018), (290.8046, 0.5733333333333334, 0.17), (194.33579999999998, 0.31493333333333334, 0.10186666666666666), (552.2496, 0.0023333333333333335, 0.0028666666666666667), (1227.5328, 0.18566666666666662, 0.4779333333333333)]","[(2, 0.07893333333333334, 0.003822222222222222), (2, 0.0, 0.0070888888888888885), (2, 0.0, 0.0005666666666666668), (3, 0.0001, 0.17663333333333334), (1, 0.0, 0.0011666666666666668), (1, 0.0026333333333333334, 0.052366666666666666), (3, 0.007816666666666666, 0.003527777777777778), (3, 0.0, 0.0), (3, 0.0, 0.00019444444444444446), (2, 0.0, 0.002361111111111111), (2, 0.0, 0.0005666666666666668), (3, 0.0059833333333333336, 0.025311111111111114), (3, 0.0017833333333333332, 0.2834388888888889), (3, 0.0, 0.12192777777777777), (1, 0.0116, 0.001061111111111111), (3, 3.3333333333333335e-05, 0.15232222222222222)]","[75, 64, 77, 59, 63, 49, 72, 79, 74, 56, 78, 45, 66, 68, 76, 67]","[15, 15, 12, 9, 10, 4, 14, 11, 0, 11, 14, 4, 2, 10, 5, 13]","[True, True, True, True, True, True, True, True, True, True, True, True, True, True, True, True]"
60,15,"[447.41140399580445, 2090.1455055325287, 1317.2983312621604, 0, 1171.95082846413, 0, 1254.9939763481898, 1115.189642163913, 1851.3381774860268, 2397.245657025325, 1317.2983312621604, 2534.217953193593, 2160.2621265819243, 1021.7004802690399, 0, 6028.278192232053]","[1193.132949231638, 2835.867050768362, 4029.0, 0, 2089.625174097545, 747.3910234032035, 1983.3478225430147, 1373.4719925692941, 4029.0, 2655.5280074307057, 2045.6521774569853, 3281.6089765967963, 4029.0, 1939.374825902455, 4029.0, 4029.0]","[(442.4987333333333, 0.0128, 0.18926666666666667), (402.6528, 3.2084, 1.765466666666667), (75.49706666666667, 0.0, 0.001066666666666667), 0, (78.99226666666667, 0.0008, 0.0018666666666666666), (121.1346, 0.2476, 0.193), (282.41606666666667, 0.0, 0.0), (72.7012, 0.0, 0.001), (478.1502, 3.8014, 0.020733333333333333), (268.4352, 0.009333333333333334, 0.0104), (75.49706666666667, 0.0, 0.001066666666666667), (255.8518, 0.003, 0.0022), (278.22166666666675, 0.49906666666666666, 0.15853333333333333), (146.80033333333338, 0.3725333333333334, 0.1176), (75.84646666666666, 0.0, 0.0), (1551.892, 0.19686666666666666, 1.39)]","[(2, 0.058866666666666664, 0.003477777777777778), (2, 0.0, 0.005355555555555555), (2, 1.666666666666667e-05, 0.0007), 0, (1, 0.0, 0.0005666666666666666), (1, 1.666666666666667e-05, 0.051916666666666667), (3, 0.00675, 0.003411111111111111), (3, 0.0, 0.0), (3, 0.0428, 0.01527777777777778), (2, 0.0, 0.0024055555555555557), (2, 1.666666666666667e-05, 0.0007), (3, 0.0034, 0.033966666666666666), (3, 0.04115, 0.5988777777777777), (3, 5e-05, 0.20093333333333338), (2, 0.00015, 0.0002722222222222222), (3, 0.0001, 0.1530611111111111)]","[75, 64, 77, -1, 63, 49, 72, 79, 74, 56, 78, 45, 66, 68, 81, 67]","[15, 15, 12, -1, 10, 4, 14, 11, 0, 11, 14, 4, 2, 10, 6, 13]","[True, True, True, False, True, True, True, True, True, True, True, True, True, True, True, True]"
61,16,"[340.5668896087467, 1232.0506254656602, 1459.7089616688797, 731.2170323801198, 1175.2897197133154, 1154.1194728238213, 1320.2655306736276, 1105.1729687313032, 1646.6228982447833, 2382.4112160783857, 1459.7089616688797, 2430.712345092142, 3262.0959778524575, 3549.2405572744774, 731.2170323801198, 6374.312287858666]","[1568.758132071543, 2460.2418679284565, 2378.74596464438, 1650.25403535562, 827.5245812194191, 1376.2035638658397, 1944.778284502374, 1375.8808763264587, 4029.0, 2653.1191236735413, 2084.221715497626, 2652.7964361341606, 4029.0, 3201.475418780581, 4029.0, 4029.0]","[(473.9558, 0.00013333333333333334, 0.00013333333333333334), (444.5958, 2.369733333333333, 2.1395999999999997), (114.64386666666668, 0.0, 0.0011333333333333332), (178.9568, 0.0019333333333333331, 0.0014666666666666665), (85.9828, 0.0005333333333333334, 0.0017333333333333335), (176.16013333333333, 1.632466666666667, 0.017733333333333334), (459.97486666666657, 0.0, 0.0), (33.5544, 0.0, 0.001), (450.887, 3.747866666666667, 0.0224), (100.6632, 0.009333333333333334, 0.010466666666666668), (114.64386666666668, 0.0, 0.0011333333333333332), (247.4636, 0.0021333333333333334, 0.0018), (392.8656, 0.7547333333333333, 0.24346666666666666), (290.8046, 0.5733333333333334, 0.17), (178.9568, 0.0019333333333333331, 0.0014666666666666665), (1736.4414, 0.2492666666666667, 1.2721333333333333)]","[(2, 0.06814999999999999, 0.0033166666666666665), (2, 0.0, 0.005061111111111111), (2, 0.0, 0.0006555555555555555), (1, 0.36411666666666676, 0.01315), (1, 0.0, 0.0005611111111111111), (3, 0.0, 0.0001388888888888889), (3, 0.0192, 0.013244444444444444), (3, 0.0, 0.0), (3, 1.666666666666667e-05, 0.0003444444444444445), (2, 0.0, 0.0023777777777777777), (2, 0.0, 0.0006555555555555555), (3, 0.004233333333333334, 0.027644444444444447), (3, 0.00026666666666666673, 1.4022944444444445), (3, 0.0017833333333333332, 0.2834388888888889), (1, 0.36411666666666676, 0.01315), (3, 0.00015, 0.2104)]","[75, 64, 77, 80, 63, 82, 72, 79, 74, 56, 78, 45, 66, 68, 83, 67]","[15, 15, 12, 12, 10, 4, 14, 11, 0, 11, 14, 4, 2, 10, 6, 13]","[True, True, True, True, True, True, True, True, True, True, True, True, True, True, True, True]"
62,16,"[510.85033441312004, 2534.217953193593, 845.5631180399, 657.7614400862267, 0, 1875.0732823255908, 1269.8284205130622, 1111.8507510197098, 922.7022006380679, 2382.4112160783857, 845.5631180399, 2631.0457801272087, 0, 2160.2621265819243, 657.7614400862267, 3703.171900565511]","[1002.8161906097635, 3026.1838093902365, 2108.400838976837, 1920.5991610231633, 934.3689367090378, 1636.5137510991913, 2226.6326512365813, 1379.219767470662, 4029.0, 2649.780232529338, 1802.367348763419, 2392.486248900809, 4029.0, 3094.631063290962, 4029.0, 4029.0]","[(501.219, 0.012666666666666665, 0.18913333333333332), (349.525, 5.339466666666667, 2.7218), (92.27413333333331, 6.666666666666668e-05, 0.0013333333333333333), (192.93779999999998, 0.003933333333333333, 0.0014666666666666665), (74.09873333333334, 0.0005333333333333334, 0.0016), (214.6078, 3.082733333333333, 0.04673333333333334), (363.5057333333333, 0.0, 0.0), (39.146800000000006, 0.0, 0.001), (434.1098, 1.2283333333333333, 0.020466666666666664), (201.3264, 0.009066666666666666, 0.010666666666666666), (92.27413333333331, 6.666666666666668e-05, 0.0013333333333333333), (254.45386666666673, 0.0044666666666666665, 0.009933333333333334), (432.01279999999997, 0.8446, 0.2776), (278.22166666666675, 0.49906666666666666, 0.15853333333333333), (192.93779999999998, 0.003933333333333333, 0.0014666666666666665), (1493.1718, 0.1692, 0.7876000000000001)]","[(2, 0.08508333333333333, 0.0030222222222222226), (2, 0.0, 0.01048888888888889), (2, 1.666666666666667e-05, 0.003455555555555556), (1, 0.26766666666666666, 0.015294444444444444), (1, 0.0, 0.0005666666666666666), (3, 0.0, 0.00015555555555555556), (3, 0.10526666666666666, 0.011727777777777776), (3, 0.0, 0.0), (3, 0.0, 0.0004555555555555556), (2, 0.0, 0.0023555555555555556), (2, 1.666666666666667e-05, 0.003455555555555556), (3, 0.00115, 0.03637222222222222), (3, 0.0, 1.846088888888889), (3, 0.04115, 0.5988777777777777), (1, 0.26766666666666666, 0.015294444444444444), (3, 0.0001, 0.13415555555555556)]","[75, 64, 77, 80, 63, 82, 72, 79, 74, 56, 78, 45, 66, 68, 83, 67]","[15, 15, 12, 12, 10, 4, 14, 11, 0, 11, 14, 4, 2, 10, 6, 13]","[True, True, True, True, True, True, True, True, True, True, True, True, True, True, True, True]"
63,16,"[0, 5161.924842736884, 0, 711.18368902724, 450.7502254398, 1510.1460454172877, 1240.1595321833177, 1252.08417907625, 0, 0, 833.6955655060068, 2564.267968448854, 454.0891471920266, 3262.0959778524575, 711.18368902724, 3949.038231668631]","[-566.4624213684419, 4595.462421368442, 1658.90815548638, 2370.0918445136203, 608.8271237936713, 1487.439038484217, 2217.7319833386555, 2640.542089538125, 4029.0, 1388.4579104618751, 1811.2680166613445, 2541.560961515783, 4029.0, 3420.1728762063285, 4029.0, 4029.0]","[(447.39213333333333, 0.013266666666666668, 0.18946666666666667), (553.6476, 10.710466666666667, 4.053266666666667), (76.89526666666666, 0.0, 0.001), (134.2176, 0.002, 0.0014), (184.549, 0.0, 0.0), (434.80906666666664, 2.7484, 0.018466666666666666), (380.283, 0.0, 0.0), (173.3644, 6.666666666666668e-05, 0.0016), (243.2694, 1.3356666666666668, 0.18259999999999998), (402.6528, 0.009266666666666668, 0.010733333333333333), (76.89526666666666, 0.0, 0.001), (264.24053333333325, 0.002466666666666667, 0.0022), (29.621666666666673, 4.1293999999999995, 4.1416), (392.8656, 0.7547333333333333, 0.24346666666666666), (134.2176, 0.002, 0.0014), (1484.7831999999999, 0.21580000000000002, 0.8416666666666666)]","[(2, 0.07923333333333334, 0.004383333333333332), (2, 0.0, 0.008927777777777778), (2, 0.0, 0.0005055555555555555), (1, 0.2701, 0.013050000000000004), (1, 0.0, 0.00029444444444444445), (3, 0.0, 0.00023888888888888888), (3, 0.006966666666666668, 0.010794444444444445), (3, 0.03166666666666667, 0.0017722222222222221), (3, 0.0, 0.0004166666666666667), (2, 0.0, 0.002327777777777778), (2, 0.0, 0.0005055555555555555), (3, 0.0037, 0.02971111111111111), (3, 0.0, 1.6666666666666667e-05), (3, 0.00026666666666666673, 1.4022944444444445), (1, 0.2701, 0.013050000000000004), (3, 0.0001, 0.17663333333333334)]","[75, 64, 77, 80, 84, 82, 72, 79, 74, 56, 78, 45, 85, 68, 83, 67]","[15, 15, 12, 12, 10, 4, 14, 11, 0, 11, 14, 4, 5, 10, 6, 13]","[True, True, True, True, True, True, True, True, True, True, True, True, True, True, True, True]"
64,15,"[1115.1894634134223, 0, 744.572766635591, 647.7447684097866, 570.9502855570801, 1501.2453811024511, 1243.126421016292, 1105.1729687313032, 0, 2047.1528695743666, 827.7617892390601, 2410.679001588636, 1315.5229705416066, 3983.2963168658976, 647.7447684097866, 3566.579494397111]","[1155.8844302056289, 4029.0, 785.2677334277977, 4029.0, 308.3269843455911, 1559.7831897569076, 2222.182315888616, 4029.0, 0, 2087.847836366573, 1806.817684111384, 2469.2168102430924, 4029.0, 3720.6730156544086, 4029.0, 4029.0]","[(499.1218, 0.0016666666666666668, 0.0011333333333333332), (503.316, 17.2942, 4.714533333333334), (142.60586666666666, 0.0007333333333333332, 0.0006), (226.49220000000003, 0.0016666666666666668, 0.0014), (225.0938, 0.0, 0.0), (348.1266, 1.8001333333333334, 0.6946), (353.719, 0.0, 0.0), (156.58720000000002, 6.666666666666668e-05, 0.001066666666666667), 0, (545.259, 0.6861333333333334, 1.4692), (79.6912, 6.666666666666668e-05, 0.001), (245.3660666666667, 0.0022666666666666664, 0.002), (29.53446666666667, 12.107333333333337, 12.139266666666664), (432.01279999999997, 0.8446, 0.2776), (226.49220000000003, 0.0016666666666666668, 0.0014), (1644.1666, 0.15380000000000002, 0.6252666666666667)]","[(2, 0.0, 0.0010999999999999998), (2, 2.327875, 0.009094444444444445), (1, 0.0, 0.02883888888888889), (1, 0.27021666666666666, 0.012733333333333334), (1, 0.0, 0.0002833333333333333), (3, 0.0, 0.00039999999999999996), (3, 0.04356666666666667, 0.009866666666666668), (3, 0.0, 0.0002833333333333333), 0, (1, 0.07585, 0.04698333333333333), (2, 1.666666666666667e-05, 0.0004111111111111111), (3, 0.002683333333333333, 0.029983333333333334), (3, 0.0, 1.6666666666666667e-05), (3, 0.0, 1.846088888888889), (1, 0.27021666666666666, 0.012733333333333334), (3, 5e-05, 0.16941111111111112)]","[86, 64, 87, 80, 84, 82, 72, 79, -1, 89, 78, 45, 85, 68, 83, 67]","[8, 15, 8, 12, 10, 4, 14, 11, -1, 8, 14, 4, 5, 10, 6, 13]","[True, True, True, True, True, True, True, True, False, True, True, True, True, True, True, True]"
65,16,"[1175.2894943758222, 881.4670876440003, 554.2559608139378, 724.5392512624934, 500.8335838220001, 976.1061865270877, 1308.39797534173, 1118.528533308117, 454.0891471920266, 1922.54356446984, 809.96046043822, 2594.317983704113, 1135.2228679800667, 0, 0, 4726.09725342664]","[1300.9264878226222, 2455.2335438220002, 679.8929542607377, 4029.0, 2264.916791911, 977.601747386012, 1566.8708740883912, 4029.0, 455.5847080509508, 2048.18055791664, 1068.4333591848813, 2595.8135445630373, 1393.695766726728, 1764.083208089, 1573.7664561779998, 4029.0]","[(553.6476, 0.0017333333333333335, 0.0015333333333333334), (95.9442, 0.019933333333333334, 0.0208), (98.56566666666669, 0.0007333333333333332, 0.0002666666666666667), (271.2314, 0.0722, 0.0028666666666666667), (191.5394, 0.0, 0.0), (230.686, 0.866, 0.3906666666666667), (342.5342, 0.0, 0.0), (97.867, 0.0, 0.001), (29.621666666666673, 4.1293999999999995, 4.1416), (738.1968, 0.7232666666666667, 1.2136), (86.68193333333333, 0.0, 0.001), (294.99906666666664, 0.0026, 0.0021333333333333334), (31.3258, 10.272666666666666, 10.300266666666666), (339.7382, 0.8196, 0.2693333333333333), (271.2314, 0.0722, 0.0028666666666666667), (1434.4516, 0.22206666666666663, 0.8742666666666667)]","[(2, 0.0, 0.0005222222222222223), (1, 0.0012, 0.05558333333333333), (1, 0.0, 0.0016666666666666668), (1, 0.24863333333333332, 0.04668333333333334), (1, 1.666666666666667e-05, 0.0002611111111111111), (3, 1.666666666666667e-05, 0.0003444444444444445), (3, 0.016566666666666667, 0.010016666666666667), (3, 0.008, 0.00039999999999999996), (3, 0.0, 1.6666666666666667e-05), (1, 0.0017166666666666665, 0.0023777777777777777), (2, 0.0, 0.0003888888888888888), (3, 0.0094, 0.031038888888888887), (3, 0.0, 4.4444444444444447e-05), (3, 3.3333333333333335e-05, 1.7759777777777779), (1, 0.24863333333333332, 0.04668333333333334), (3, 0.0001, 0.21292777777777777)]","[86, 88, 87, 80, 84, 82, 72, 79, 90, 89, 78, 45, 85, 68, 83, 67]","[8, 6, 8, 12, 10, 4, 14, 11, 4, 8, 14, 4, 14, 10, 6, 13]","[True, True, True, True, True, True, True, True, True, True, True, True, True, True, True, True]"
66,16,"[1121.8672446314667, 754.589249271, 597.6615481065954, 737.8948134977464, 474.12245935149326, 1465.6427238431045, 1406.3053068298868, 1121.86742445232, 1315.5229705416066, 2011.5502109730733, 836.6624536394801, 2363.9345334137865, 1145.2395403445964, 628.9803113908888, 1876.4565081617916, 3065.7406717796443]","[1221.1742433944216, 4029.0, 696.9685468695502, 4029.0, 1937.0710739803023, 1093.6093145769387, 1619.9028732252325, 4029.0, 943.4895612754408, 2110.857209736028, 1050.2600200348256, 1991.9011241476207, 1358.837106739942, 2091.928926019698, 4029.0, 4029.0]","[(461.3726, 0.008400000000000001, 0.008866666666666667), (96.9928, 0.020133333333333333, 0.014066666666666665), (121.6344, 0.0005333333333333334, 0.0002), (164.9758, 0.0021333333333333334, 0.0014666666666666665), (225.09366666666662, 0.0, 0.0), (331.3495333333333, 4.365933333333333, 0.022533333333333336), (350.92293333333333, 0.0, 0.0), (81.0898, 0.0, 0.001), (29.53446666666667, 12.107333333333337, 12.139266666666664), (564.8324, 0.6947333333333332, 1.3258666666666665), (85.284, 0.0, 0.001), (264.24086666666665, 0.0022666666666666664, 0.0018666666666666666), (31.238400000000002, 10.958333333333334, 10.986266666666667), (320.1647333333333, 0.0011333333333333332, 0.0015333333333333334), (258.64820000000003, 0.019533333333333337, 0.0016), (1392.5086000000001, 0.1512, 0.6417333333333333)]","[(2, 0.0, 0.0004944444444444445), (1, 0.0, 0.054338888888888895), (1, 0.0, 0.0015388888888888887), (1, 0.2376, 0.013488888888888885), (1, 0.0, 0.0002833333333333333), (3, 0.0, 0.00019444444444444446), (3, 0.007016666666666667, 0.010272222222222223), (3, 0.0, 0.0), (3, 0.0, 1.6666666666666667e-05), (1, 0.00225, 0.06516111111111111), (2, 1.666666666666667e-05, 0.00042777777777777774), (3, 0.0016166666666666669, 0.027527777777777776), (3, 0.0, 2.2222222222222223e-05), (2, 0.0037166666666666667, 0.0028777777777777777), (3, 0.05115, 0.03694444444444444), (3, 6.666666666666667e-05, 0.11822222222222224)]","[86, 88, 87, 80, 84, 82, 72, 79, 90, 89, 78, 45, 85, 91, 92, 67]","[8, 6, 8, 12, 10, 4, 14, 11, 4, 8, 14, 4, 14, 10, 15, 13]","[True, True, True, True, True, True, True, True, True, True, True, True, True, True, True, True]"
67,16,"[1035.0560887968888, 754.589249271, 554.2559608139378, 0, 580.9669572335199, 1851.3381774860268, 0, 1105.1729687313032, 1135.2228679800667, 2940.186222823474, 830.7286773725335, 2724.534716476907, 1218.6951376844836, 634.9140879134446, 1328.8784523992754, 5157.122179558036]","[868.2233313187886, 4029.0, 387.42320333583757, 4029.0, 1987.5264346600377, 1290.6395901716933, 659.8587283143275, 4029.0, 574.524280665733, 2773.353465345374, 1490.587405686861, 2163.8361291625733, 1878.553865998811, 2041.4735653399625, 4029.0, 4029.0]","[(448.7898, 0.009933333333333334, 0.0104), (90.177, 0.02, 0.014), (125.82866666666669, 0.0007333333333333332, 0.0002666666666666667), (159.3834, 0.0022666666666666664, 0.0018), (159.38313333333332, 0.0, 0.0), (478.1502, 3.8014, 0.020733333333333333), (423.62406666666664, 0.0, 0.0), (117.4404, 0.0, 0.001), (31.3258, 10.272666666666666, 10.300266666666666), (1015.0211999999999, 0.7137333333333332, 1.397666666666667), (61.51606666666666, 0.0, 0.001), (259.3473333333334, 0.0028666666666666667, 0.0022666666666666664), (30.75773333333333, 11.004733333333336, 11.030333333333335), (300.59133333333324, 0.0011333333333333332, 0.0015333333333333334), (328.5534, 0.0005333333333333334, 0.0006), (1632.9818, 0.3732, 0.7381333333333333)]","[(2, 0.0, 0.0004944444444444445), (1, 3.3333333333333335e-05, 0.05506666666666666), (1, 0.0, 0.00165), (1, 0.27031666666666665, 0.012972222222222222), (1, 0.0, 0.0002722222222222222), (3, 0.0428, 0.01527777777777778), (3, 0.06570000000000001, 0.009933333333333334), (3, 0.0, 0.0), (3, 0.0, 4.4444444444444447e-05), (1, 1.0436000000000003, 0.5150888888888889), (2, 0.0, 0.00037222222222222225), (3, 0.0017, 0.03345), (3, 0.0, 2.2222222222222223e-05), (2, 0.0004, 0.0023666666666666667), (3, 0.06125, 0.025472222222222222), (3, 0.09808333333333331, 0.2580777777777778)]","[86, 88, 87, 80, 84, 82, 72, 79, 90, 89, 78, 45, 85, 91, 92, 67]","[8, 6, 8, 12, 10, 4, 14, 11, 4, 8, 14, 4, 14, 10, 15, 13]","[True, True, True, True, True, True, True, True, True, True, True, True, True, True, True, True]"
68,16,"[1051.750541842, 741.2336873370001, 597.6615481065954, 2251.868135745323, 450.7502254398, 1646.6228982447833, 1071.7839430047102, 0, 1145.2395403445964, 2067.9210870917877, 839.6293417729535, 0, 1191.9840113790701, 557.7749931202221, 2050.0788185255155, 6377.347674662409]","[1155.639482828539, 4029.0, 701.5504890931343, 4029.0, 1960.987616159789, 2059.002085381657, 1380.3181776191323, 4029.0, 1557.6187274814697, 2171.8100280783265, 1148.1635763873755, 412.3791871368733, 1500.5182459934922, 2068.012383840211, 4029.0, 4029.0]","[(450.1882666666667, 0.0092, 0.009466666666666667), (93.3228, 0.018333333333333333, 0.014133333333333333), (98.56533333333331, 0.0005333333333333334, 0.0002), (100.6632, 0.009333333333333334, 0.0108), (201.3262, 0.0, 0.0), (450.887, 3.747866666666667, 0.0224), (125.829, 0.0033333333333333335, 0.0012666666666666666), (75.4974, 0.0, 0.001), (31.238400000000002, 10.958333333333334, 10.986266666666667), (679.4766, 0.7587999999999999, 1.3356666666666668), (61.516133333333315, 6.666666666666668e-05, 0.0011333333333333332), (248.8616, 0.0033333333333333335, 0.009), (30.932599999999997, 11.007200000000001, 11.033333333333335), (288.00833333333327, 0.0011333333333333332, 0.0014), (298.49406666666664, 0.0016666666666666668, 0.005466666666666667), (1756.0146000000002, 0.15113333333333331, 0.6404)]","[(2, 0.0, 0.0005166666666666667), (1, 0.0, 0.0557), (1, 0.0, 0.0015500000000000002), (2, 0.0, 0.002416666666666667), (1, 0.0, 0.0002666666666666667), (3, 1.666666666666667e-05, 0.0003444444444444445), (3, 0.0, 0.0006444444444444443), (3, 0.048083333333333346, 0.01686666666666667), (3, 0.0, 2.2222222222222223e-05), (1, 0.0012666666666666666, 0.0020055555555555556), (2, 1.666666666666667e-05, 0.00039444444444444444), (3, 0.002816666666666667, 0.023894444444444447), (3, 0.0, 2.2222222222222223e-05), (2, 0.00026666666666666673, 0.002455555555555556), (3, 0.0008666666666666667, 0.016138888888888887), (3, 0.07565000000000001, 0.43214444444444444)]","[86, 88, 87, 93, 84, 82, 94, 79, 90, 89, 78, 45, 85, 91, 92, 67]","[8, 6, 8, 0, 10, 4, 14, 11, 4, 8, 14, 4, 14, 10, 15, 13]","[True, True, True, True, True, True, True, True, True, True, True, True, True, True, True, True]"
69,16,"[1055.0894324510223, 804.6726065235, 567.6115261347555, 2266.7025766922616, 537.5613799689467, 922.7022006380679, 1068.445052216534, 390.65025572768, 1218.6951376844836, 2038.2522049240424, 830.7286773725335, 777.9614183128089, 1198.6617929554236, 590.4107639942779, 1896.4898516652977, 4197.939949575493]","[1177.7717112810822, 4029.0, 690.2938049648155, 4029.0, 1988.0753079873343, 1866.503531476792, 1378.8332113683703, 4029.0, 2162.496468523208, 2160.9344837541025, 1141.1168365243698, 4029.0, 1509.04995210726, 2040.9246920126657, 4029.0, 4029.0]","[(461.373, 0.0016666666666666668, 0.0013333333333333333), (93.8472, 0.0318, 0.0146), (113.24566666666668, 0.0007333333333333332, 0.0002666666666666667), (150.9948, 0.009333333333333334, 0.010933333333333335), (183.15086666666667, 0.00013333333333333334, 6.666666666666668e-05), (434.1098, 1.2283333333333333, 0.020466666666666664), (170.56820000000002, 0.0034, 0.0014666666666666665), (499.1218, 0.0004, 0.0003333333333333333), (30.75773333333333, 11.004733333333336, 11.030333333333335), (654.3108000000001, 0.7628666666666667, 1.1362666666666668), (60.11806666666666, 0.0, 0.001), (123.73126666666663, 0.009733333333333332, 0.0028), (29.2284, 11.277066666666668, 11.304066666666667), (311.7758666666666, 0.0011333333333333332, 0.0015333333333333334), (294.3, 0.001066666666666667, 0.005466666666666667), (1834.3084, 0.274, 0.7126)]","[(2, 0.0, 0.01923888888888889), (1, 0.00011666666666666667, 0.053427777777777775), (1, 0.0, 0.0016666666666666668), (2, 0.0, 0.0026888888888888887), (1, 0.005966666666666668, 0.0008777777777777778), (3, 0.0, 0.0004555555555555556), (3, 0.0, 0.0005666666666666666), (2, 0.012733333333333334, 0.0036666666666666666), (3, 0.0, 2.2222222222222223e-05), (1, 0.011416666666666664, 0.047094444444444446), (2, 0.0, 0.0003888888888888888), (2, 0.0, 2.2222222222222223e-05), (3, 0.0, 2.2222222222222223e-05), (2, 0.0, 0.002388888888888889), (3, 0.0002, 0.014294444444444445), (3, 5e-05, 0.20435555555555557)]","[86, 88, 87, 93, 84, 82, 94, 95, 90, 89, 78, 96, 85, 91, 92, 67]","[8, 6, 8, 0, 10, 4, 14, 2, 4, 8, 14, 3, 14, 10, 15, 13]","[True, True, True, True, True, True, True, True, True, True, True, True, True, True, True, True]"
70,16,"[1038.394979405911, 0, 611.0171134274134, 2248.9012475559352, 0, 1074.0134939902914, 1095.1561785219467, 530.8836808606934, 1191.9840113790701, 2070.887975308562, 836.6624536394801, 888.1447951553957, 1178.6284482263632, 534.03988703, 2227.0400194731583, 7242.4329137289415]","[1141.2949566919488, 4029.0, 713.9170907134512, 4029.0, 1747.480056485, 1955.5147413056106, 1401.3404850593502, 4029.0, 2073.4852586943894, 2173.7879525946, 1142.8467601768834, 4029.0, 1484.8127547637666, 2281.519943515, 4029.0, 4029.0]","[(450.1881333333334, 0.0015333333333333334, 0.0012), (99.0902, 0.043, 0.015133333333333334), (127.92593333333336, 0.0005333333333333334, 0.0002), (150.9948, 0.009266666666666668, 0.0106), (222.2977333333333, 0.0, 0.0), (243.2694, 1.3356666666666668, 0.18259999999999998), (170.56820000000002, 0.0033333333333333335, 0.0014), (455.08166666666676, 0.012533333333333334, 0.18906666666666663), (30.932599999999997, 11.007200000000001, 11.033333333333335), (506.11220000000003, 0.7000666666666667, 1.4158), (83.88560000000001, 0.0, 0.001), (120.93533333333332, 0.045200000000000004, 0.020266666666666665), (27.96146666666667, 11.744666666666664, 11.770666666666664), (325.75713333333334, 0.0011333333333333332, 0.0014666666666666665), (234.18133333333338, 0.0016666666666666668, 0.0016), (1937.767933333333, 0.2582, 0.7142000000000001)]","[(2, 0.0, 0.0005), (1, 0.0, 0.05496666666666667), (1, 0.0, 0.0015222222222222221), (2, 0.0, 0.0023555555555555556), (1, 0.0, 0.00019999999999999998), (3, 0.0, 0.0004166666666666667), (3, 0.0, 0.0008388888888888889), (2, 0.0002833333333333333, 0.0029611111111111123), (3, 0.0, 2.2222222222222223e-05), (1, 0.0675, 0.04805), (2, 1.666666666666667e-05, 0.0004111111111111111), (2, 0.0, 0.0), (3, 0.0, 2.2222222222222223e-05), (2, 0.0006666666666666666, 0.0023944444444444447), (3, 0.0006666666666666666, 0.02163888888888889), (3, 0.17391666666666664, 0.4805555555555557)]","[86, 88, 87, 93, 84, 82, 94, 95, 90, 89, 78, 96, 85, 91, 92, 67]","[8, 6, 8, 0, 10, 4, 14, 2, 4, 8, 14, 3, 14, 10, 15, 13]","[True, True, True, True, True, True, True, True, True, True, True, True, True, True, True, True]"
71,16,"[1071.7838854961333, 599.3113997345512, 554.2559608139378, 2254.8350239347114, 80.13338746088, 940.5035292677412, 1105.1728508864767, 0, 1198.6617929554236, 1964.079999504682, 836.6624536394801, 851.4170028745334, 1141.90064955642, 522.1723339848888, 1766.2731188925045, 0]","[1218.077270224549, 1431.0191404210232, 700.5493455423535, 4029.0, 1793.4805267379954, 1885.4208681561588, 1420.2608661923512, 4029.0, 2143.5791318438414, 2110.3733842330976, 1151.7504689453544, 4029.0, 1456.9886648622944, 2235.5194732620043, 2597.9808595789764, 4029.0]","[(471.1595333333333, 0.0023333333333333335, 0.0020666666666666667), (0.0, 0.004733333333333333, 0.00013333333333333334), (79.69133333333332, 0.0007333333333333332, 0.0002666666666666667), (184.5492, 0.009333333333333334, 0.0108), (75.84646666666666, 0.0, 0.0), (178.2574, 0.7554, 0.0208), (128.6252, 0.0032, 0.0014), (471.15966666666674, 0.013066666666666664, 0.18946666666666667), (29.2284, 11.277066666666668, 11.304066666666667), (713.031, 0.7426, 1.2830666666666666), (83.88560000000001, 6.666666666666668e-05, 0.0016), (120.23626666666664, 0.034466666666666666, 0.0114), (28.00533333333333, 10.849266666666667, 10.8736), (304.78553333333326, 0.0011333333333333332, 0.0014666666666666665), (242.57, 0.0003333333333333333, 0.0004), (2088.762666666667, 0.21493333333333337, 0.8076)]","[(2, 0.0, 0.0004777777777777777), (3, 0.0, 0.0014222222222222223), (1, 0.0, 0.0016666666666666668), (2, 0.0, 0.002338888888888889), (2, 0.00015, 0.0002722222222222222), (3, 0.0, 0.0004444444444444444), (3, 0.0, 0.0005555555555555557), (2, 0.00035, 0.0039833333333333335), (3, 0.0, 2.2222222222222223e-05), (1, 0.0019333333333333331, 0.002327777777777778), (2, 0.0, 0.0005611111111111111), (2, 0.0, 2.2222222222222223e-05), (3, 0.0, 1.6666666666666667e-05), (2, 6.666666666666667e-05, 0.0023833333333333337), (3, 6.666666666666667e-05, 0.009744444444444444), (3, 6.666666666666667e-05, 0.18205555555555555)]","[86, 97, 87, 93, 98, 82, 94, 95, 90, 89, 78, 96, 85, 91, 92, 67]","[8, 15, 8, 0, 10, 4, 14, 2, 4, 8, 14, 3, 14, 10, 15, 13]","[True, True, True, True, True, True, True, True, True, True, True, True, True, True, True, True]"
72,16,"[1098.4950103683113, 620.0796165570354, 597.6615481065954, 2248.9012475559352, 0, 1468.6096119480499, 1078.4617245810634, 1646.6233023008167, 1178.6284482263632, 2079.788639958885, 0, 834.7225518377779, 1148.5784311327734, 531.0729987687222, 1993.317678598913, 0]","[1182.8466108903806, 1327.880968979061, 682.0131486286648, 4029.0, 1748.9635006156388, 2159.490581860843, 1679.1150060097846, 4029.0, 1869.5094181391567, 2164.1402404809546, 600.6532814287211, 4029.0, 1749.2317125614945, 2280.036499384361, 2701.1190310209386, 4029.0]","[(452.98440000000005, 0.0015333333333333334, 0.0012), (0.0, 0.004666666666666667, 6.666666666666668e-05), (121.6344, 0.0005333333333333334, 0.0002), (218.1036, 0.009266666666666668, 0.010533333333333334), (71.827, 0.0, 0.0), (344.63140000000004, 3.1724, 0.019733333333333335), (134.2176, 0.0033333333333333335, 0.0014), (125.829, 0.9397333333333332, 0.7602666666666668), (27.96146666666667, 11.744666666666664, 11.770666666666664), (458.5768, 0.723, 1.306), (75.49719999999999, 0.0, 0.001), (130.722, 0.026466666666666666, 0.011066666666666664), (29.18493333333334, 11.238933333333332, 11.264533333333333), (258.64813333333325, 0.0011333333333333332, 0.0015333333333333334), (231.3854, 0.0005333333333333334, 0.0008), (75.84646666666666, 0.0, 0.0)]","[(2, 0.0, 0.0005055555555555555), (3, 0.0, 0.001661111111111111), (1, 0.0, 0.0015611111111111112), (2, 0.0, 0.0022555555555555554), (2, 0.09475, 0.017716666666666665), (3, 0.0, 0.0002722222222222222), (3, 0.0, 0.0007111111111111111), (2, 0.0, 0.009888888888888888), (3, 0.0, 2.2222222222222223e-05), (1, 0.059366666666666665, 0.06801666666666667), (2, 1.666666666666667e-05, 0.00043333333333333337), (2, 0.0, 4.4444444444444447e-05), (3, 0.0, 4.4444444444444447e-05), (2, 0.0010333333333333334, 0.0024222222222222223), (3, 6.666666666666667e-05, 0.011649999999999999), (2, 0.00015, 0.0002722222222222222)]","[86, 97, 87, 93, 98, 82, 94, 99, 90, 89, 78, 96, 85, 91, 92, 100]","[8, 15, 8, 0, 10, 4, 14, 11, 4, 8, 14, 3, 14, 10, 15, 9]","[True, True, True, True, True, True, True, True, True, True, True, True, True, True, True, True]"
73,16,"[1041.7338700149332, 578.5431829120669, 560.9337434743467, 2201.431036525731, 1235.3895160495777, 913.8015363232312, 1058.4283798520034, 1622.8881916370212, 1141.90064955642, 2871.947793837662, 501.40426599866777, 0, 1181.9673390145404, 0, 1889.8120704974624, 501.40426599866777]","[893.1954009059524, 1358.8655562073022, 412.3952743653658, 4029.0, 1419.7944377442038, 1900.4504433834056, 1242.8333015466296, 2575.2419628191765, 2128.5495566165946, 2723.4093247286814, 1453.7580371808233, 4029.0, 1366.3722607091665, 4029.0, 2670.1344437926978, 4029.0]","[(473.9558, 0.0015333333333333334, 0.0011333333333333332), (0.0, 0.004533333333333333, 0.0), (127.9256, 0.0007333333333333332, 0.0002666666666666667), (268.4352, 0.009333333333333334, 0.0108), (267.736, 0.28726666666666667, 0.0504), (369.0984, 0.713, 0.022), (268.4352, 0.0032666666666666664, 0.0013333333333333333), (139.81, 0.972, 0.7780666666666667), (28.00533333333333, 10.849266666666667, 10.8736), (824.879, 0.7441333333333333, 1.3625333333333334), (0.0, 0.0048, 6.666666666666668e-05), (164.2764, 0.008733333333333333, 0.0061333333333333335), (29.79646666666667, 11.306333333333336, 11.331333333333335), (289.4064, 0.0012, 0.0015333333333333334), (253.7549333333333, 0.0006666666666666666, 0.0008), (0.0, 0.0048, 6.666666666666668e-05)]","[(2, 0.0, 0.0005111111111111112), (3, 0.0, 0.0012944444444444446), (1, 0.0, 0.0017055555555555554), (2, 0.0, 0.0022944444444444444), (1, 0.0, 0.0011611111111111112), (3, 0.0, 0.0003888888888888889), (3, 0.0, 0.00065), (2, 0.0, 0.011461111111111111), (3, 0.0, 1.6666666666666667e-05), (1, 1.0255833333333333, 0.54465), (2, 0.0, 0.0013222222222222222), (2, 0.0, 8.88888888888889e-05), (3, 0.0, 1.6666666666666667e-05), (2, 0.00013333333333333334, 0.0024055555555555557), (3, 0.00018333333333333334, 0.015666666666666666), (2, 0.0, 0.0013222222222222222)]","[86, 97, 87, 93, 101, 82, 94, 99, 90, 89, 102, 96, 85, 91, 92, 103]","[8, 15, 8, 0, 14, 4, 14, 11, 4, 8, 11, 3, 14, 10, 15, 9]","[True, True, True, True, True, True, True, True, True, True, True, True, True, True, True, True]"
74,15,"[1045.0727606239554, 581.5100710295644, 597.6615481065954, 2248.9012475559352, 1235.3895160495777, 1433.0069546887032, 1075.1228337928867, 1578.3848591424044, 1148.5784311327734, 1993.7488816724258, 498.43737685074666, 0, 0, 3464.41286996805, 2103.5010678682, 498.43737685074666]","[1175.9116971562967, 1253.504501580682, 728.5004846389365, 4029.0, 1808.2187327687561, 2156.7142617779646, 1647.9520505120652, 4029.0, 1872.285738222035, 2124.587818204767, 4029.0, 0, 572.8292167191785, 4029.0, 2775.4954984193178, 4029.0]","[(503.316, 0.0016, 0.0013333333333333333), (0.0, 0.004733333333333333, 0.0), (123.7314, 0.0005333333333333334, 0.0002), (33.5544, 0.009266666666666668, 0.010666666666666666), (279.6198, 0.2951333333333333, 0.05206666666666667), (216.70520000000002, 2.985266666666667, 0.017533333333333335), (248.8618, 0.0033333333333333335, 0.0014), (184.5492, 0.9548666666666666, 0.7652666666666668), (29.18493333333334, 11.238933333333332, 11.264533333333333), (721.4196, 0.7326, 1.4462000000000002), (145.4024, 0.004733333333333333, 6.666666666666668e-05), 0, (29.66546666666667, 11.591533333333333, 11.616), (168.47066666666663, 0.27493333333333336, 0.023333333333333327), (244.66713333333328, 0.0014666666666666665, 0.0012), (145.4024, 0.004733333333333333, 6.666666666666668e-05)]","[(2, 0.0, 0.0005055555555555555), (3, 0.0, 0.0012333333333333335), (1, 0.0, 0.0016055555555555554), (2, 0.0, 0.0023555555555555556), (1, 0.0, 0.0009000000000000001), (3, 0.0, 0.0003111111111111111), (3, 0.0, 0.0008222222222222222), (2, 1.666666666666667e-05, 0.010605555555555557), (3, 0.0, 4.4444444444444447e-05), (1, 0.0, 0.0003444444444444444), (2, 0.0, 0.0012666666666666666), 0, (3, 0.0, 2.2222222222222223e-05), (3, 0.2927833333333333, 0.026605555555555556), (3, 0.00015, 0.019816666666666666), (2, 0.0, 0.0012666666666666666)]","[86, 97, 87, 93, 101, 82, 94, 99, 90, 89, 102, -1, 85, 105, 92, 103]","[8, 15, 8, 0, 14, 4, 14, 11, 4, 8, 7, -1, 14, 10, 15, 9]","[True, True, True, True, True, True, True, True, True, True, True, False, True, True, True, True]"
75,16,"[1045.0727606239554, 578.5431829120669, 554.2559608139378, 5046.6768101486105, 1128.5450173642087, 1041.37772483589, 1061.76727064018, 1622.8881916370212, 1181.9673390145404, 2118.3581867769535, 498.43737685074666, 1364.7688631682443, 517.5280212281833, 4442.116739200141, 2073.45105261294, 0]","[1148.8437912190066, 1267.0460651495634, 658.0269914089888, 4029.0, 2047.8888733620145, 1944.205192910675, 1981.1111266379858, 4029.0, 2084.7948070893253, 2222.1292173720044, 4029.0, 4029.0, 4029.0, 4029.0, 2761.953934850437, 4029.0]","[(462.77086666666656, 0.0012, 0.0011333333333333332), (0.0, 0.004733333333333333, 6.666666666666668e-05), (111.14853333333335, 0.0007333333333333332, 0.0002666666666666667), (369.0984, 0.018533333333333336, 0.025066666666666668), (271.93059999999997, 0.26839999999999997, 0.0528), (404.7498, 1.2064000000000001, 0.013733333333333332), (139.81, 0.0034, 0.0014), (131.4214, 0.9578666666666666, 0.7716000000000001), (29.79646666666667, 11.306333333333336, 11.331333333333335), (626.3488000000001, 0.7791333333333333, 1.1652666666666667), (67.1088, 0.004666666666666667, 0.0), (402.65259999999995, 0.0, 0.0), (58.7202, 0.004733333333333333, 0.00013333333333333334), (313.1741333333334, 0.2986666666666667, 0.020266666666666665), (254.4540666666667, 0.0026, 0.0088), (67.1088, 0.004666666666666667, 0.0)]","[(2, 0.0, 0.0005166666666666667), (3, 0.0, 0.0012666666666666666), (1, 0.0, 0.00165), (2, 0.0, 0.0054888888888888895), (1, 0.0, 0.00115), (3, 0.0, 0.00029444444444444445), (3, 0.0, 0.0006222222222222223), (2, 0.0, 0.010555555555555558), (3, 0.0, 1.6666666666666667e-05), (1, 0.0019833333333333335, 0.0026333333333333334), (2, 0.0, 0.0012333333333333335), (3, 0.1085, 0.004066666666666666), (2, 0.0, 0.0010944444444444443), (3, 0.10841666666666666, 0.0281), (3, 0.00011666666666666667, 0.017588888888888887), (2, 0.0, 0.0012333333333333335)]","[86, 97, 87, 93, 101, 82, 94, 99, 90, 89, 102, 104, 106, 105, 92, 103]","[8, 15, 8, 0, 14, 4, 14, 11, 4, 8, 7, 13, 2, 10, 15, 9]","[True, True, True, True, True, True, True, True, True, True, True, True, True, True, True, True]"
76,16,"[1051.750541842, 593.3776234995555, 597.6615481065954, 6361.008278047395, 1135.2227985320444, 1293.563213756262, 1081.80061536924, 1596.1861921402513, 1178.6284482263632, 2145.060180727923, 0, 1691.1266347954333, 510.85024030910995, 3143.9889128247596, 2293.817831151513, 1154.1194728238213]","[1129.9264516164938, 1164.2798961740211, 675.8374578810892, 4029.0, 2041.2110915814021, 2071.9673827649494, 1987.7889084185977, 4029.0, 1957.0326172350506, 2223.236090502417, 4029.0, 4029.0, 4029.0, 4029.0, 2864.7201038259786, 4029.0]","[(490.733, 0.0015333333333333334, 0.0012), (67.1088, 0.004666666666666667, 6.666666666666668e-05), (102.75993333333334, 0.0005333333333333334, 0.0002), (1157.6274666666666, 0.016533333333333334, 0.022133333333333328), (277.5227333333333, 0.25306666666666666, 0.0498), (257.9492, 1.6759333333333335, 0.7163333333333335), (204.1226, 0.003466666666666667, 0.0014666666666666665), (153.791, 0.9633999999999999, 0.7669333333333332), (29.66546666666667, 11.591533333333333, 11.616), (542.4628, 0.7475333333333333, 1.4531333333333334), (100.6632, 0.004666666666666667, 6.666666666666668e-05), (339.738, 0.0, 0.0), (50.3316, 0.004666666666666667, 0.00013333333333333334), (205.5204, 0.03793333333333333, 0.025266666666666666), (268.435, 0.0018666666666666666, 0.0016), (176.16013333333333, 1.632466666666667, 0.017733333333333334)]","[(2, 0.0, 0.0005277777777777777), (3, 0.0, 0.0012222222222222224), (1, 0.0, 0.0015777777777777778), (2, 0.0, 0.005333333333333333), (1, 0.0, 0.001172222222222222), (3, 0.0, 0.0003444444444444445), (3, 0.0, 0.0008111111111111111), (2, 0.0, 0.0117), (3, 0.0, 2.2222222222222223e-05), (1, 0.07328333333333333, 0.0468111111111111), (2, 0.0, 0.001238888888888889), (3, 0.2122, 0.00935), (2, 0.0, 0.0010555555555555557), (3, 0.00125, 0.027633333333333336), (3, 0.00013333333333333334, 0.023688888888888888), (3, 0.0, 0.0001388888888888889)]","[86, 97, 87, 93, 101, 82, 94, 99, 90, 89, 102, 104, 106, 105, 92, 107]","[8, 15, 8, 0, 14, 4, 14, 11, 4, 8, 7, 13, 2, 10, 15, 1]","[True, True, True, True, True, True, True, True, True, True, True, True, True, True, True, True]"
77,16,"[1045.0727606239554, 572.6094066770711, 554.2559608139378, 2438.7820916767528, 1208.6783913782356, 0, 1075.1228337928867, 1655.52396879974, 1005.0061272411768, 2245.9343800982538, 744.572766635591, 1254.9939763481898, 0, 3601.346184986549, 2203.667785385733, 1875.0732823255908]","[1106.3183934452397, 1198.970810645669, 615.5015936352221, 4029.0, 2081.2777787926743, 1511.9969363794116, 1947.7222212073254, 4029.0, 2517.0030636205884, 2307.180012919538, 1449.2497421550001, 4029.0, 4029.0, 4029.0, 2830.029189354331, 2579.750257845]","[(473.956, 0.0014, 0.0013333333333333333), (22.3696, 0.0048, 0.0), (130.02306666666664, 0.0007333333333333332, 0.0002666666666666667), (167.772, 0.009333333333333334, 0.0104), (304.0866, 0.2961333333333333, 0.05726666666666666), (293.6008, 1.66, 0.18393333333333337), (181.753, 0.0032, 0.0012666666666666666), (125.829, 0.9370666666666667, 0.7570666666666667), (30.01513333333334, 8.723066666666668, 8.7436), (710.2348000000001, 0.9372, 1.3942), (142.60586666666666, 0.0007333333333333332, 0.0006), (343.93240000000003, 0.0, 0.0), (47.5354, 0.004533333333333333, 0.00013333333333333334), (130.0228, 0.042466666666666666, 0.027733333333333336), (269.134, 0.0016666666666666668, 0.0014666666666666665), (214.6078, 3.082733333333333, 0.04673333333333334)]","[(2, 0.0, 0.0005444444444444444), (3, 0.0, 0.0012777777777777776), (1, 0.0, 0.001738888888888889), (2, 0.0, 0.002172222222222222), (1, 0.0, 0.0010444444444444444), (3, 0.0, 0.00039999999999999996), (3, 0.0, 0.00046111111111111103), (2, 0.06273333333333334, 0.031105555555555553), (3, 0.0, 2.7777777777777776e-05), (1, 0.003016666666666666, 0.05234444444444444), (1, 0.0, 0.02883888888888889), (3, 0.020033333333333334, 0.0038777777777777777), (2, 0.0, 0.0011222222222222222), (3, 0.0008, 0.02777777777777778), (3, 0.00031666666666666665, 0.026144444444444446), (3, 0.0, 0.00015555555555555556)]","[86, 97, 87, 93, 101, 82, 94, 99, 90, 89, 108, 104, 106, 105, 92, 107]","[8, 15, 8, 0, 14, 4, 14, 11, 4, 8, 1, 13, 2, 10, 15, 1]","[True, True, True, True, True, True, True, True, True, True, True, True, True, True, True, True]"
78,16,"[1088.4783385412445, 664.582938319502, 597.6615481065954, 2554.490731062876, 1225.3728442978247, 501.40426599866777, 1085.1395061574167, 2278.570623724373, 1215.3562468963066, 3233.9081562841443, 554.2559608139378, 1266.8615316800874, 454.0891471920266, 3261.75156374067, 2664.4346859663865, 1510.1460454172877]","[791.4623242305831, 1014.5741261765578, 300.64553379593406, 4029.0, 2084.616669070204, 1657.5240095511806, 1944.383330929796, 4029.0, 2371.475990448819, 2936.892141973483, 1536.5549576983249, 4029.0, 610.6687917256781, 3418.3312082743214, 3014.425873823442, 2492.445042301675]","[(462.7710666666665, 0.001066666666666667, 0.001), (78.29360000000001, 0.005933333333333334, 0.0014666666666666665), (100.66266666666668, 0.0005333333333333334, 0.0002), (536.8704, 0.009266666666666668, 0.0106), (292.20259999999996, 0.28073333333333333, 0.056799999999999996), (0.0, 0.0048, 6.666666666666668e-05), (109.0518, 0.003533333333333333, 0.0013333333333333333), (226.49220000000003, 0.9202666666666668, 0.7430666666666668), (30.233466666666672, 11.099666666666664, 11.125866666666667), (478.1502, 1.5555999999999999, 1.8252000000000002), (98.56566666666669, 0.0007333333333333332, 0.0002666666666666667), (306.18359999999996, 0.0, 0.0), (29.621666666666673, 4.1293999999999995, 4.1416), (110.44946666666667, 0.04046666666666667, 0.026666666666666672), (369.09826666666675, 0.0032, 0.0020666666666666667), (434.80906666666664, 2.7484, 0.018466666666666666)]","[(2, 0.0, 0.0004888888888888889), (3, 0.0, 0.0033777777777777777), (1, 0.0, 0.0015722222222222223), (2, 0.0, 0.0023777777777777777), (1, 0.0, 0.001027777777777778), (2, 0.0, 0.0013222222222222222), (3, 0.0, 0.0006333333333333333), (2, 0.09268333333333334, 0.011455555555555556), (3, 0.0, 2.7777777777777776e-05), (1, 0.0011333333333333332, 0.0015055555555555556), (1, 0.0, 0.0016666666666666668), (3, 0.008033333333333333, 0.003372222222222222), (3, 0.0, 1.6666666666666667e-05), (3, 0.00011666666666666667, 0.02971666666666666), (3, 0.2675166666666666, 0.1220111111111111), (3, 0.0, 0.00023888888888888888)]","[86, 97, 87, 93, 101, 109, 94, 99, 90, 89, 108, 104, 110, 105, 92, 107]","[8, 15, 8, 0, 14, 4, 14, 11, 4, 8, 1, 13, 10, 10, 15, 1]","[True, True, True, True, True, True, True, True, True, True, True, True, True, True, True, True]"
79,16,"[1035.0560887968888, 626.0133927920311, 0, 2450.6496444343047, 1228.7117348817424, 498.43737685074666, 1071.7839430047102, 1590.2524144743022, 1025.0394719702365, 4138.80906240035, 597.6615481065954, 1204.5568661876246, 1315.5229705416066, 3502.7541981732297, 2310.5122840711024, 1501.2453811024511]","[653.4343717311426, 1172.2505543604643, -381.62171706574617, 4029.0, 2092.963895938516, 1751.1989524402552, 1936.036104061484, 4029.0, 2277.801047559745, 3757.187345334604, 1562.708083502072, 4029.0, 920.8843861841885, 3108.1156138158117, 2856.7494456395357, 2466.2919164979276]","[(473.9558, 0.001, 0.001), (44.7392, 0.004666666666666667, 6.666666666666668e-05), (132.1199333333333, 0.0007333333333333332, 0.0002666666666666667), (738.197, 0.009333333333333334, 0.0108), (276.8236, 0.27726666666666666, 0.054666666666666655), (145.4024, 0.004733333333333333, 6.666666666666668e-05), (150.9948, 0.003466666666666667, 0.0019333333333333331), (142.6062, 0.9306666666666665, 0.7520666666666668), (28.354599999999998, 8.9748, 8.996333333333334), (673.8842, 1.5523333333333331, 1.8134000000000001), (121.6344, 0.0005333333333333334, 0.0002), (322.961, 0.0, 0.0), (29.53446666666667, 12.107333333333337, 12.139266666666664), (119.5372, 0.03373333333333334, 0.02686666666666667), (364.904, 0.0027333333333333333, 0.0014666666666666665), (348.1266, 1.8001333333333334, 0.6946)]","[(2, 0.0, 0.0005111111111111112), (3, 0.0, 0.0013444444444444443), (1, 0.0, 0.00175), (2, 0.0, 0.0023666666666666667), (1, 0.0, 0.0013833333333333334), (2, 0.0, 0.0012666666666666666), (3, 0.0, 0.0008055555555555556), (2, 0.0, 0.012455555555555557), (3, 0.0, 2.2222222222222223e-05), (1, 1.0415999999999999, 0.5724111111111111), (1, 0.0, 0.0015388888888888887), (3, 0.007916666666666667, 0.003444444444444445), (3, 0.0, 1.6666666666666667e-05), (3, 0.0013666666666666669, 0.04000555555555556), (3, 0.0012833333333333332, 0.025400000000000002), (3, 0.0, 0.00039999999999999996)]","[86, 97, 87, 93, 101, 109, 94, 99, 90, 89, 108, 104, 110, 105, 92, 107]","[8, 15, 8, 0, 14, 4, 14, 11, 4, 8, 1, 13, 10, 10, 15, 1]","[True, True, True, True, True, True, True, True, True, True, True, True, True, True, True, True]"
80,16,"[1048.4116512329779, 593.3776234995555, 1646.6233023008167, 0, 1318.8617806475224, 498.43737685074666, 1078.4617245810634, 1563.5504149775322, 1025.0394719702365, 3308.0803617035053, 554.2559608139378, 1252.0270875152155, 1135.2228679800667, 2935.85027399664, 2560.9290778649356, 976.1061865270877]","[884.665644764736, 1030.7242728173098, 4029.0, 4029.0, 2134.7000280332295, 1751.1989524402552, 1894.2999719667705, 4029.0, 2277.801047559745, 3144.3343552352635, 1803.5748871434248, 4029.0, 1114.186296991713, 2914.8137030082867, 2998.27572718269, 2225.4251128565747]","[(447.39173333333326, 0.0028, 0.0027333333333333333), (44.7392, 0.004666666666666667, 0.0), (125.829, 0.9397333333333332, 0.7602666666666668), (352.32120000000003, 0.0094, 0.010866666666666667), (332.04866666666675, 0.30326666666666663, 0.05866666666666666), (67.1088, 0.004666666666666667, 0.0), (156.58720000000002, 0.0034, 0.0014666666666666665), (117.4404, 0.9303333333333335, 0.7412666666666667), (31.1948, 10.048200000000001, 10.073133333333333), (894.7841999999999, 1.598466666666667, 1.968333333333333), (125.82866666666669, 0.0007333333333333332, 0.0002666666666666667), (301.98940000000005, 0.0, 0.0), (31.3258, 10.272666666666666, 10.300266666666666), (105.55626666666666, 0.03646666666666667, 0.024466666666666664), (271.9302, 0.0026666666666666666, 0.0020666666666666667), (230.686, 0.866, 0.3906666666666667)]","[(2, 0.0, 0.0005), (3, 0.0, 0.0013), (2, 0.0, 0.009888888888888888), (2, 0.0, 0.002344444444444444), (1, 0.0, 0.0009222222222222221), (2, 0.0, 0.0012333333333333335), (3, 0.0, 0.0011333333333333332), (2, 0.0, 0.010772222222222223), (3, 0.0, 1.6666666666666667e-05), (1, 0.0013, 0.001966666666666667), (1, 0.0, 0.00165), (3, 0.00785, 0.003533333333333333), (3, 0.0, 4.4444444444444447e-05), (3, 0.0, 0.024422222222222224), (3, 0.005633333333333334, 0.03143333333333334), (3, 1.666666666666667e-05, 0.0003444444444444445)]","[86, 97, 111, 93, 101, 109, 94, 99, 90, 89, 108, 104, 110, 105, 92, 107]","[8, 15, 3, 0, 14, 4, 14, 11, 4, 8, 1, 13, 10, 10, 15, 1]","[True, True, True, True, True, True, True, True, True, True, True, True, True, True, True, True]"
81,16,"[1031.7171981878666, 596.3445116170533, 1622.8881916370212, 520.8668579276933, 1228.7117348817424, 498.43737685074666, 0, 1554.649748478609, 0, 3144.901509780911, 597.6615481065954, 1225.3250880184453, 1145.2395403445964, 2837.2582871833197, 2520.8623908579216, 1465.6427238431045]","[957.9078442034777, 1052.2410603795659, 4029.0, 1976.102654910549, 2628.8558674408714, 2263.7186884253733, 1400.1441325591288, 4029.0, 1765.2813115746267, 3071.092155796522, 2052.897345089451, 4029.0, 1168.4906265806383, 2860.5093734193615, 2976.758939620434, 4029.0]","[(490.7332, 0.002466666666666667, 0.0023333333333333335), (33.5544, 0.0046, 6.666666666666668e-05), (139.81, 0.972, 0.7780666666666667), (0.0, 0.0046, 6.666666666666668e-05), (318.06759999999997, 0.2734, 0.057466666666666666), (100.6632, 0.004666666666666667, 6.666666666666668e-05), (142.6062, 0.0036, 0.0014), (83.886, 0.8937333333333333, 0.7318666666666667), (28.4422, 11.514866666666666, 11.541), (727.012, 1.5444666666666669, 1.7056666666666669), (98.56533333333331, 0.0005333333333333334, 0.0002), (328.5532, 0.0, 0.0), (31.238400000000002, 10.958333333333334, 10.986266666666667), (111.8476, 0.035666666666666666, 0.024), (274.72646666666674, 0.0041333333333333335, 0.009866666666666668), (331.3495333333333, 4.365933333333333, 0.022533333333333336)]","[(2, 0.0, 0.0005055555555555555), (3, 0.0, 0.001222222222222222), (2, 0.0, 0.011461111111111111), (1, 0.0, 0.0008722222222222223), (1, 0.0, 0.0007888888888888889), (2, 0.0, 0.001238888888888889), (3, 0.0, 0.0011111111111111113), (2, 0.0, 0.007866666666666668), (3, 0.0, 3.3333333333333335e-05), (1, 0.0019666666666666665, 0.05048333333333333), (1, 0.0, 0.0015500000000000002), (3, 0.007816666666666666, 0.003527777777777778), (3, 0.0, 2.2222222222222223e-05), (3, 0.0, 0.028383333333333337), (3, 0.0009833333333333335, 0.03336666666666666), (3, 0.0, 0.00019444444444444446)]","[86, 97, 111, 112, 101, 109, 94, 99, 90, 89, 108, 104, 110, 105, 92, 107]","[8, 15, 3, 7, 14, 4, 14, 11, 4, 8, 7, 13, 10, 10, 15, 1]","[True, True, True, True, True, True, True, True, True, True, True, True, True, True, True, True]"
82,15,"[1068.444994887111, 584.4769591470622, 1578.3848591424044, 530.8835282724567, 1175.2894855390578, 495.47048770282555, 2006.6731654957287, 1554.649748478609, 0, 3242.8088209344673, 567.6115261347555, 1254.9939763481898, 1218.6951376844836, 2777.0076285751793, 2607.673546039784, 1851.3381774860268]","[927.3180869763219, 1002.9017065536391, 4029.0, 1996.1360010688506, 4029.0, 1258.8986611035484, 2770.1013388964516, 4029.0, 0, 3101.681913023678, 2032.8639989311496, 4029.0, 1235.3437545546522, 2793.656245445348, 3026.098293446361, 4029.0]","[(520.0932, 0.0013333333333333333, 0.001), (0.0, 0.0046, 0.0), (184.5492, 0.9548666666666666, 0.7652666666666668), (0.0, 0.004733333333333333, 0.00013333333333333334), (304.0866, 0.26866666666666666, 0.058866666666666664), (0.0, 0.004666666666666667, 6.666666666666668e-05), (306.18366666666674, 0.5942000000000001, 0.19193333333333337), (92.2746, 0.9142666666666668, 0.7324666666666667), 0, (578.8134, 1.5288, 1.8861333333333334), (113.24566666666668, 0.0007333333333333332, 0.0002666666666666667), (282.41606666666667, 0.0, 0.0), (30.75773333333333, 11.004733333333336, 11.030333333333335), (115.3428, 0.03426666666666667, 0.023266666666666665), (269.13426666666675, 0.0028, 0.002466666666666667), (478.1502, 3.8014, 0.020733333333333333)]","[(2, 0.0, 0.0005055555555555555), (3, 0.0, 0.0012777777777777776), (2, 1.666666666666667e-05, 0.010605555555555557), (1, 0.0, 0.0008388888888888889), (1, 0.0, 0.000861111111111111), (2, 0.0, 0.0012722222222222221), (3, 0.011550000000000001, 0.43049444444444446), (2, 0.0, 0.010216666666666666), 0, (1, 0.07088333333333334, 0.05034444444444444), (1, 0.0, 0.0016666666666666668), (3, 0.00675, 0.003411111111111111), (3, 0.0, 2.2222222222222223e-05), (3, 0.0, 0.027411111111111112), (3, 0.0003333333333333333, 0.03149444444444444), (3, 0.0428, 0.01527777777777778)]","[86, 97, 111, 112, 101, 109, 113, 99, -1, 89, 108, 104, 110, 105, 92, 107]","[8, 15, 3, 7, 14, 4, 4, 11, -1, 8, 7, 13, 10, 10, 15, 1]","[True, True, True, True, True, True, True, True, False, True, True, True, True, True, True, True]"
83,16,"[1035.0560887968888, 0, 1622.8881916370212, 554.2557590769045, 1252.0839689691668, 492.5035985549045, 1352.2506356501997, 0, 3121.8625785998443, 3296.2128088364075, 611.0171134274134, 0, 1191.9840113790701, 3089.2155868173595, 0, 1646.6228982447833]","[883.9216399802406, 2014.5, 4029.0, 1986.1193228247455, 4029.0, 4029.0, 4029.0, 4029.0, 4029.0, 3145.078360019759, 2042.8806771752543, 4029.0, 1065.884212280855, 2963.1157877191445, 2014.5, 4029.0]","[(482.3444, 0.0026666666666666666, 0.0030666666666666668), (0.0, 0.004666666666666667, 6.666666666666668e-05), (131.4214, 0.9578666666666666, 0.7716000000000001), (0.0, 0.0044, 0.0), (299.8922, 0.2914, 0.05526666666666666), (0.0, 0.0046, 6.666666666666668e-05), (281.018, 0.42160000000000003, 0.13533333333333333), (134.2176, 0.8891333333333333, 0.7291333333333333), (0.0, 0.0, 0.0), (746.5854, 1.6389333333333334, 1.749), (127.92593333333336, 0.0005333333333333334, 0.0002), (459.97486666666657, 0.0, 0.0), (30.932599999999997, 11.007200000000001, 11.033333333333335), (111.1486, 0.03153333333333334, 0.0434), (272.62946666666676, 0.0018666666666666666, 0.0016), (450.887, 3.747866666666667, 0.0224)]","[(2, 0.0, 0.0005), (3, 0.0, 0.0013333333333333333), (2, 0.0, 0.010555555555555558), (1, 0.0, 0.0008277777777777778), (1, 0.0, 0.0008333333333333334), (2, 0.0, 0.0012166666666666667), (3, 1.666666666666667e-05, 0.2272388888888889), (2, 1.666666666666667e-05, 0.00786111111111111), (2, 0.0, 0.0), (1, 0.0016833333333333331, 0.04975), (1, 0.0, 0.0015222222222222221), (3, 0.0192, 0.013244444444444444), (3, 0.0, 2.2222222222222223e-05), (3, 0.0009, 0.029877777777777774), (3, 0.0004166666666666666, 0.026177777777777776), (3, 1.666666666666667e-05, 0.0003444444444444445)]","[86, 97, 111, 112, 101, 109, 113, 99, 114, 89, 108, 104, 110, 105, 92, 107]","[8, 15, 3, 7, 14, 4, 6, 11, 0, 8, 7, 13, 10, 10, 15, 1]","[True, True, True, True, True, True, True, True, True, True, True, True, True, True, True, True]"
84,15,"[1098.4950103683113, 1646.6233023008167, 1596.1861921402513, 520.8668579276933, 1205.339500794318, 0, 1409.0117734429248, 520.8668579276933, 3065.1014408071205, 3136.0008451305875, 554.2559608139378, 0, 1198.6617929554236, 2842.73561978406, 744.572766635591, 0]","[995.7470826188619, 2133.305764428946, 4029.0, 1997.8054485568778, 4029.0, 4029.0, 1895.6942355710542, 4029.0, 4029.0, 3033.252917381138, 2031.1945514431222, 0, 1192.4630865856818, 2836.5369134143184, 4029.0, 4029.0]","[(464.169, 0.0016666666666666668, 0.0012666666666666666), (125.829, 0.9397333333333332, 0.7602666666666668), (153.791, 0.9633999999999999, 0.7669333333333332), (0.0, 0.0046, 0.00013333333333333334), (294.2998, 0.28173333333333334, 0.05493333333333333), (0.0, 0.004666666666666667, 6.666666666666668e-05), (255.852, 0.49213333333333326, 0.15953333333333333), (0.0, 0.0046, 6.666666666666668e-05), (0.0, 0.0, 0.0), (606.7754, 1.5655999999999999, 1.7066), (79.69133333333332, 0.0007333333333333332, 0.0002666666666666667), 0, (29.2284, 11.277066666666668, 11.304066666666667), (97.86666666666669, 0.0338, 0.023066666666666666), (142.60586666666666, 0.0007333333333333332, 0.0006), (434.1098, 1.2283333333333333, 0.020466666666666664)]","[(2, 0.0, 0.0005055555555555555), (2, 0.0, 0.009888888888888888), (2, 0.0, 0.0117), (1, 0.0, 0.0008111111111111112), (1, 0.0, 0.001), (2, 0.0, 0.001261111111111111), (3, 8.333333333333333e-05, 0.28617777777777775), (1, 0.0, 0.0008722222222222223), (2, 0.0, 0.0), (1, 0.0, 0.0005055555555555555), (1, 0.0, 0.0016666666666666668), 0, (3, 0.0, 2.2222222222222223e-05), (3, 0.0, 0.02947777777777778), (1, 0.0, 0.02883888888888889), (3, 0.0, 0.0004555555555555556)]","[86, 115, 111, 112, 101, 109, 113, 116, 114, 89, 108, -1, 110, 105, 118, 107]","[8, 6, 3, 7, 14, 4, 6, 11, 0, 8, 7, -1, 10, 10, 5, 1]","[True, True, True, True, True, True, True, True, True, True, True, False, True, True, True, True]"
85,16,"[1075.1227761051555, 1622.8881916370212, 1655.52396879974, 0, 1238.7284066334953, 2180.662757134983, 1816.3564093671823, 530.8835282724567, 2911.512479720924, 3097.431298312519, 0, 922.7020845904912, 1178.6284482263632, 2867.38361648739, 554.2559608139378, 1071.7839430047102]","[1003.3457388963184, 1917.7658911349195, 4029.0, 2014.5, 2097.972231814392, 2643.480336272246, 2111.2341088650805, 4029.0, 4029.0, 3025.654261103682, 2014.5, 1385.519663727754, 1170.1224158694865, 2858.8775841305132, 4029.0, 1931.0277681856073]","[(479.5481333333334, 0.005333333333333333, 0.005333333333333333), (139.81, 0.972, 0.7780666666666667), (125.829, 0.9370666666666667, 0.7570666666666667), (0.0, 0.004533333333333333, 0.0), (281.7169333333334, 0.28753333333333336, 0.054), (473.9556, 4.806, 0.02386666666666667), (226.49179999999998, 0.6, 0.19540000000000002), (0.0, 0.004733333333333333, 0.00013333333333333334), (0.0, 0.0, 0.0), (469.7616, 1.4955999999999998, 1.822733333333333), (121.6344, 0.0005333333333333334, 0.0002), (97.867, 0.5311333333333333, 0.4374666666666666), (27.96146666666667, 11.744666666666664, 11.770666666666664), (98.5656, 0.03406666666666667, 0.023066666666666666), (98.56566666666669, 0.0007333333333333332, 0.0002666666666666667), (125.829, 0.0033333333333333335, 0.0012666666666666666)]","[(2, 0.0, 0.0005222222222222223), (2, 0.0, 0.011461111111111111), (2, 0.06273333333333334, 0.031105555555555553), (1, 0.0, 0.0008055555555555557), (1, 0.0, 0.00115), (1, 0.0, 0.005094444444444444), (3, 0.00016666666666666666, 0.37338333333333334), (1, 0.0, 0.0008388888888888889), (2, 0.0, 0.0), (1, 0.24515, 0.08227777777777777), (1, 0.0, 0.0015611111111111112), (1, 0.0, 0.0014666666666666662), (3, 0.0, 2.2222222222222223e-05), (3, 0.0, 0.029166666666666667), (1, 0.0, 0.0016666666666666668), (3, 0.0, 0.0006444444444444443)]","[86, 115, 111, 112, 101, 117, 113, 116, 114, 89, 108, 119, 110, 105, 118, 120]","[8, 6, 3, 7, 14, 4, 6, 11, 0, 8, 7, 4, 10, 10, 5, 14]","[True, True, True, True, True, True, True, True, True, True, True, True, True, True, True, True]"
86,16,"[1055.0894324510223, 1578.3848591424044, 2278.570623724373, 3121.8625785998443, 1255.4228595530844, 1462.6758357381586, 2230.3788262082307, 0, 3145.2348118086134, 2097.589969259532, 652.7155422502, 925.6689723222934, 1141.90064955642, 3604.08485128692, 0, 1068.445052216534]","[1493.249731595745, 1688.5030164670868, 4029.0, 4029.0, 2107.9889036682753, 2283.0034317079326, 2340.496983532913, 4029.0, 4029.0, 2535.7502684042547, 4029.0, 1745.9965682920674, 783.4078991347496, 3245.59210086525, 4029.0, 1921.0110963317247]","[(520.0932, 0.0015333333333333334, 0.0012), (184.5492, 0.9548666666666666, 0.7652666666666668), (226.49220000000003, 0.9202666666666668, 0.7430666666666668), (0.0, 0.0, 0.0), (282.41613333333333, 0.3092, 0.0536), (384.4776, 1.923, 0.024933333333333335), (209.7148, 0.7276, 0.23566666666666664), (0.0, 0.0044, 0.0), (0.0, 0.0, 0.0), (436.2072, 0.7686666666666665, 1.4219333333333335), (433.41086666666666, 0.0023333333333333335, 0.0030666666666666668), (114.6442, 0.5428, 0.4749333333333333), (28.00533333333333, 10.849266666666667, 10.8736), (159.383, 0.27046666666666663, 0.022466666666666666), (121.6344, 0.0005333333333333334, 0.0002), (170.56820000000002, 0.0034, 0.0014666666666666665)]","[(2, 0.0, 0.0005111111111111112), (2, 1.666666666666667e-05, 0.010605555555555557), (2, 0.09268333333333334, 0.011455555555555556), (2, 0.0, 0.0), (1, 0.0, 0.0005888888888888889), (1, 0.0, 0.005011111111111111), (3, 0.00021666666666666668, 0.5190777777777777), (1, 0.0, 0.0008277777777777778), (2, 0.0, 0.0), (1, 0.0, 0.0004555555555555556), (1, 0.011300000000000001, 0.0010833333333333333), (1, 0.0, 0.001527777777777778), (3, 0.0, 1.6666666666666667e-05), (3, 0.0013666666666666669, 0.02918888888888889), (1, 0.0, 0.0015388888888888887), (3, 0.0, 0.0005666666666666666)]","[86, 115, 111, 121, 101, 117, 113, 116, 114, 89, 122, 119, 110, 105, 118, 120]","[8, 6, 3, 1, 14, 4, 6, 11, 0, 8, 7, 4, 10, 10, 5, 14]","[True, True, True, True, True, True, True, True, True, True, True, True, True, True, True, True]"
87,16,"[1031.7171981878666, 1622.8881916370212, 1590.2524144743022, 3065.1014408071205, 0, 2530.7555535185593, 1318.8617310662446, 599.3113997345512, 2988.3069602640226, 1744.5302714633733, 634.9142092797401, 928.6358600540952, 1148.5784311327734, 4107.999450555, 450.7502254398, 1095.1561785219467]","[1658.0934633622467, 2166.513230285388, 4029.0, 3321.67560768366, 1466.9219107390268, 2815.559846732232, 1862.4867697146117, 4029.0, 4029.0, 2370.9065366377536, 4029.0, 1213.440153267768, 534.7894902888866, 3494.2105097111134, 707.3243923163398, 2562.0780892609737]","[(483.74240000000003, 0.0032, 0.0032), (131.4214, 0.9578666666666666, 0.7716000000000001), (142.6062, 0.9306666666666665, 0.7520666666666668), (0.0, 0.0, 0.0), (264.94006666666667, 0.23893333333333336, 0.04573333333333334), (419.43, 3.8347333333333333, 0.0464), (255.852, 0.40273333333333333, 0.13053333333333333), (0.0, 0.004733333333333333, 0.00013333333333333334), (0.0, 0.0, 0.0), (360.7098, 0.7321333333333333, 1.3404), (398.45840000000004, 0.0016666666666666668, 0.0003333333333333333), (109.0518, 0.5416666666666666, 0.5044666666666666), (29.18493333333334, 11.238933333333332, 11.264533333333333), (234.88039999999998, 0.2981333333333333, 0.018066666666666665), (184.549, 0.0, 0.0), (170.56820000000002, 0.0033333333333333335, 0.0014)]","[(2, 0.0, 0.0004944444444444445), (2, 0.0, 0.010555555555555558), (2, 0.0, 0.012455555555555557), (2, 0.0, 0.0), (1, 0.0, 0.0006888888888888888), (1, 0.00031666666666666665, 0.004988888888888889), (3, 5e-05, 0.20164999999999994), (3, 0.0, 0.0014222222222222223), (2, 0.0, 0.0), (1, 0.0, 0.00023333333333333333), (1, 0.015133333333333334, 0.0009777777777777777), (1, 0.0, 0.0017222222222222224), (3, 0.0, 4.4444444444444447e-05), (3, 8.333333333333333e-05, 0.02883888888888889), (1, 0.0, 0.00029444444444444445), (3, 0.0, 0.0008388888888888889)]","[86, 115, 111, 121, 101, 117, 113, 123, 114, 89, 122, 119, 110, 105, 124, 120]","[8, 6, 3, 1, 14, 4, 6, 11, 0, 8, 7, 4, 10, 10, 1, 14]","[True, True, True, True, True, True, True, True, True, True, True, True, True, True, True, True]"
88,16,"[0, 1596.1861921402513, 1563.5504149775322, 2911.512479720924, 1235.3895160495777, 1379.6029687996834, 1425.7062257349019, 620.0796165570354, 3008.340303014396, 5485.776312815947, 655.6824310786097, 931.6027477858978, 1181.9673390145404, 3519.18619597545, 570.9502855570801, 1105.1728508864767]","[-728.3881564079734, 2099.739983202675, 4029.0, 3184.781097081922, 4029.0, 2238.5001105068927, 1929.2600167973253, 4029.0, 4029.0, 4757.388156407973, 4029.0, 1790.4998894931073, 845.8905715195451, 3183.109428480455, 844.218902918078, 4029.0]","[(493.5292, 0.0016, 0.0012666666666666666), (153.791, 0.9633999999999999, 0.7669333333333332), (117.4404, 0.9303333333333335, 0.7412666666666667), (0.0, 0.0, 0.0), (267.736, 0.28726666666666667, 0.0504), (442.49846666666673, 3.044, 0.055333333333333345), (213.9092, 0.46873333333333334, 0.15180000000000002), (0.0, 0.004666666666666667, 6.666666666666668e-05), (0.0, 0.0, 0.0), (1040.1868, 0.8433999999999999, 2.1876666666666664), (349.5247333333333, 0.0023333333333333335, 0.003), (109.0518, 0.5368666666666667, 0.4758666666666667), (29.79646666666667, 11.306333333333336, 11.331333333333335), (221.59853333333334, 0.0404, 0.026733333333333335), (225.0938, 0.0, 0.0), (128.6252, 0.0032, 0.0014)]","[(2, 0.0, 0.0005277777777777777), (2, 0.0, 0.0117), (2, 0.0, 0.010772222222222223), (2, 0.0, 0.0), (1, 0.0, 0.0011611111111111112), (1, 0.0, 0.004972222222222222), (3, 3.3333333333333335e-05, 0.2765777777777778), (3, 0.0, 0.001661111111111111), (2, 0.0, 0.0), (1, 1.7971166666666665, 0.24540555555555552), (1, 0.01145, 0.0009944444444444447), (1, 0.0, 0.0017166666666666667), (3, 0.0, 1.6666666666666667e-05), (3, 0.0, 0.02946666666666667), (1, 0.0, 0.0002833333333333333), (3, 0.0, 0.0005555555555555557)]","[86, 115, 111, 121, 125, 117, 113, 123, 114, 89, 122, 119, 110, 105, 124, 120]","[8, 6, 3, 1, 5, 4, 6, 11, 0, 8, 7, 4, 10, 10, 1, 14]","[True, True, True, True, True, True, True, True, True, True, True, True, True, True, True, True]"
89,15,"[0, 1655.52396879974, 1554.649748478609, 3145.2348118086134, 1235.3895160495777, 1530.9142621519063, 2036.723179621289, 0, 3068.4403312655163, 8764.187792351708, 640.84798693656, 925.6689723222934, 1178.6284482263632, 3576.69818828322, 500.8335838220001, 1078.4617245810634]","[0, 1823.9003945892255, 4029.0, 3336.7006139933064, 4029.0, 2317.122644914806, 2205.0996054107745, 4029.0, 4029.0, 4029.0, 4029.0, 1711.8773550851934, 815.4651299715715, 3213.5348700284285, 692.2993860066933, 4029.0]","[0, (125.829, 0.9370666666666667, 0.7570666666666667), (83.886, 0.8937333333333333, 0.7318666666666667), (0.0, 0.0, 0.0), (279.6198, 0.2951333333333333, 0.05206666666666667), (440.4012, 3.206266666666667, 0.1867333333333333), (212.51093333333333, 0.6914, 0.224), (0.0, 0.004533333333333333, 0.0), (0.0, 0.0, 0.0), (1996.488, 0.6658, 1.1106666666666667), (475.3542666666667, 0.0017333333333333335, 0.0003333333333333333), (95.0708, 0.5381333333333334, 0.44586666666666674), (29.66546666666667, 11.591533333333333, 11.616), (117.44013333333332, 0.04193333333333333, 0.027666666666666673), (191.5394, 0.0, 0.0), (134.2176, 0.0033333333333333335, 0.0014)]","[0, (2, 0.06273333333333334, 0.031105555555555553), (2, 0.0, 0.007866666666666668), (2, 0.0, 0.0), (1, 0.0, 0.0009000000000000001), (1, 1.666666666666667e-05, 0.0052), (3, 0.0002333333333333333, 0.49188333333333323), (3, 0.0, 0.0012944444444444446), (2, 0.0, 0.0), (1, 0.7808833333333334, 1.2051888888888886), (1, 0.015333333333333336, 0.0008833333333333333), (1, 0.0, 0.0017277777777777773), (3, 0.0, 2.2222222222222223e-05), (3, 0.0027166666666666667, 0.027800000000000002), (1, 1.666666666666667e-05, 0.0002611111111111111), (3, 0.0, 0.0007111111111111111)]","[-1, 115, 111, 121, 125, 117, 113, 123, 114, 89, 122, 119, 110, 105, 124, 120]","[-1, 6, 3, 1, 5, 4, 6, 11, 0, 8, 7, 4, 10, 10, 1, 14]","[False, True, True, True, True, True, True, True, True, True, True, True, True, True, True, True]"
90,14,"[0, 2278.570623724373, 0, 2988.3069602640226, 1128.5450173642087, 1483.4440524727775, 1769.6119429496443, 0, 3021.6958648479776, 4251.550814637778, 0, 934.5696355177, 1005.0061272411768, 3261.75156374067, 474.12245935149326, 1058.4283798520034]","[0, 2268.9793403873646, 4029.0, 3271.5922504562645, 4029.0, 2288.9372084775387, 1760.0206596126357, 0, 4029.0, 4029.0, 4029.0, 1740.0627915224613, 886.1272817502532, 3142.8727182497464, 757.4077495437352, 4029.0]","[0, (226.49220000000003, 0.9202666666666668, 0.7430666666666668), (92.2746, 0.9142666666666668, 0.7324666666666667), (0.0, 0.0, 0.0), (271.93059999999997, 0.26839999999999997, 0.0528), (478.84913333333344, 2.3301999999999996, 0.8102), (190.14146666666667, 0.5508, 0.17880000000000001), 0, (0.0, 0.0, 0.0), (1769.9958000000001, 0.7819333333333333, 1.2317333333333333), (552.2496, 0.0023333333333333335, 0.0028666666666666667), (92.2746, 0.5394, 0.44333333333333325), (30.01513333333334, 8.723066666666668, 8.7436), (115.3428, 0.04046666666666667, 0.026666666666666672), (225.09366666666662, 0.0, 0.0), (268.4352, 0.0032666666666666664, 0.0013333333333333333)]","[0, (2, 0.09268333333333334, 0.011455555555555556), (2, 0.0, 0.010216666666666666), (2, 0.0, 0.0), (1, 0.0, 0.00115), (1, 0.0, 0.004461111111111111), (3, 0.00013333333333333334, 0.3462888888888889), 0, (2, 0.0, 0.0), (1, 1.4699333333333333, 0.7142388888888889), (1, 0.0116, 0.001061111111111111), (1, 0.0, 0.0022722222222222224), (3, 0.0, 2.7777777777777776e-05), (3, 0.0, 0.025622222222222223), (1, 0.0, 0.0002833333333333333), (3, 0.0, 0.00065)]","[-1, 115, 111, 121, 125, 117, 113, -1, 114, 89, 122, 119, 110, 105, 124, 120]","[-1, 6, 3, 1, 5, 4, 6, -1, 0, 8, 7, 4, 10, 10, 1, 14]","[False, True, True, True, True, True, True, False, True, True, True, True, True, True, True, True]"
91,15,"[652.7155422502, 1590.2524144743022, 0, 3008.340303014396, 1135.2227985320444, 949.4041935825778, 1292.1506073990797, 2327.8664038117226, 2894.8180274289466, 2512.954319607954, 884.1326637750533, 1284.662387870362, 1215.3562468963066, 3409.63954396065, 580.9669572335199, 0]","[1898.7914392375733, 2163.5509035376112, 0, 3228.186672890438, 4029.0, 1846.870902856108, 1865.4490964623888, 4029.0, 4029.0, 4029.0, 2130.2085607624267, 2182.129097143892, 917.3583514678282, 3111.6416485321715, 800.8133271095619, 4029.0]","[(433.41086666666666, 0.0023333333333333335, 0.0030666666666666668), (142.6062, 0.9306666666666665, 0.7520666666666668), 0, (0.0, 0.0, 0.0), (277.5227333333333, 0.25306666666666666, 0.0498), (333.44686666666666, 0.9099333333333333, 0.8626), (198.53, 0.4244, 0.13933333333333334), (335.544, 0.016466666666666664, 0.009866666666666668), (0.0, 0.0, 0.0), (1056.9642, 0.7828666666666667, 1.4151333333333334), (128.62506666666664, 0.00046666666666666666, 0.0014), (226.49220000000003, 0.5299333333333333, 0.43666666666666676), (30.233466666666672, 11.099666666666664, 11.125866666666667), (132.12006666666667, 0.0338, 0.0268), (159.38313333333332, 0.0, 0.0), (248.8618, 0.0033333333333333335, 0.0014)]","[(1, 0.011300000000000001, 0.0010833333333333333), (2, 0.0, 0.012455555555555557), 0, (2, 0.0, 0.0), (1, 0.0, 0.001172222222222222), (1, 0.0, 0.004088888888888889), (3, 1.666666666666667e-05, 0.19247222222222224), (3, 0.0, 0.015905555555555555), (2, 0.0, 0.0), (1, 0.6694666666666667, 0.31561666666666666), (2, 0.0705, 0.025599999999999998), (1, 0.0007666666666666667, 0.00215), (3, 0.0, 2.7777777777777776e-05), (3, 0.0, 0.03398333333333334), (1, 0.0, 0.0002722222222222222), (3, 0.0, 0.0008222222222222222)]","[126, 115, -1, 121, 125, 117, 113, 128, 114, 89, 129, 119, 110, 105, 124, 120]","[15, 6, -1, 1, 7, 4, 6, 11, 0, 8, 15, 4, 10, 10, 1, 14]","[True, True, False, True, True, True, True, True, True, True, True, True, True, True, True, True]"
92,15,"[634.9142092797401, 1563.5504149775322, 0, 3068.4403312655163, 1208.6783913782356, 732.8213619215522, 961.60045201792, 2503.141050686958, 3151.912592725404, 2533.7225371253753, 845.5631180399, 931.6027477858978, 1025.0394719702365, 2935.85027399664, 450.7502254398, 1364.7688631682443]","[1909.17554561992, 2315.474981479806, 0, 3323.345052912858, 4029.0, 1915.109307067827, 1713.525018520194, 4029.0, 4029.0, 4029.0, 2119.82445438008, 2113.890692932173, 1059.094598986798, 2969.9054010132018, 705.6549470871419, 4029.0]","[(398.45840000000004, 0.0016666666666666668, 0.0003333333333333333), (117.4404, 0.9303333333333335, 0.7412666666666667), 0, (0.0, 0.0, 0.0), (304.0866, 0.2961333333333333, 0.05726666666666666), (199.92773333333332, 0.9031333333333333, 0.010666666666666666), (194.33579999999998, 0.31493333333333334, 0.10186666666666666), (427.8186, 0.011466666666666667, 0.006066666666666666), (0.0, 0.0, 0.0), (587.202, 0.7736666666666665, 1.3719333333333334), (120.23626666666664, 0.0, 0.001066666666666667), (204.1226, 0.5370666666666667, 0.4422), (28.354599999999998, 8.9748, 8.996333333333334), (107.65339999999999, 0.037200000000000004, 0.024933333333333335), (201.3262, 0.0, 0.0), (402.65259999999995, 0.0, 0.0)]","[(1, 0.015133333333333334, 0.0009777777777777777), (2, 0.0, 0.010772222222222223), 0, (2, 0.0, 0.0), (1, 0.0, 0.0010444444444444444), (1, 0.0, 0.005077777777777777), (3, 0.0, 0.12192777777777777), (3, 1.666666666666667e-05, 0.017866666666666666), (2, 0.0, 0.0), (1, 0.6713833333333333, 0.2270777777777778), (2, 1.666666666666667e-05, 0.0006111111111111112), (1, 0.0, 0.004783333333333333), (3, 0.0, 2.2222222222222223e-05), (3, 0.0, 0.03331111111111111), (1, 0.0, 0.0002666666666666667), (3, 0.1085, 0.004066666666666666)]","[126, 115, -1, 121, 125, 117, 113, 128, 114, 89, 129, 119, 110, 105, 124, 130]","[15, 6, -1, 1, 2, 4, 6, 11, 0, 8, 15, 4, 10, 10, 1, 5]","[True, True, False, True, True, True, True, True, True, True, True, True, True, True, True, True]"
93,15,"[655.6824310786097, 1554.649748478609, 0, 3021.6958648479776, 1225.3728442978247, 851.4968861193744, 1021.7004802690399, 2497.663717972107, 2938.223603388089, 0, 809.96046043822, 937.5365232495022, 1025.0394719702365, 2733.1889677692598, 537.5613799689467, 1691.1266347954333]","[1937.3609853201947, 2280.974634104785, 0, 3256.567242439515, 4029.0, 1971.4801814349362, 1748.0253658952156, 4029.0, 4029.0, 4029.0, 2091.639014679805, 2057.519818565064, 1160.4252521004885, 2868.5747478995117, 772.4327575604844, 4029.0]","[(349.5247333333333, 0.0023333333333333335, 0.003), (83.886, 0.8937333333333333, 0.7318666666666667), 0, (0.0, 0.0, 0.0), (292.20259999999996, 0.28073333333333333, 0.056799999999999996), (167.77133333333336, 0.8164666666666667, 0.02233333333333333), (146.80033333333338, 0.3725333333333334, 0.1176), (419.43, 0.0086, 0.004933333333333334), (0.0, 0.0, 0.0), (595.5906, 0.7811333333333333, 1.5589333333333335), (72.7008, 6.666666666666668e-05, 0.0015333333333333334), (131.4214, 0.5352666666666668, 0.49666666666666676), (31.1948, 10.048200000000001, 10.073133333333333), (99.96353333333334, 0.03306666666666667, 0.022733333333333335), (183.15086666666667, 0.00013333333333333334, 6.666666666666668e-05), (339.738, 0.0, 0.0)]","[(1, 0.01145, 0.0009944444444444447), (2, 0.0, 0.007866666666666668), 0, (2, 0.0, 0.0), (1, 0.0, 0.001027777777777778), (1, 0.0, 0.005544444444444444), (3, 5e-05, 0.20093333333333338), (3, 0.0, 0.021744444444444445), (2, 0.0, 0.0), (1, 0.6745166666666667, 0.26855000000000007), (2, 0.0, 0.0005666666666666668), (1, 1.666666666666667e-05, 0.0021166666666666664), (3, 0.0, 1.6666666666666667e-05), (3, 0.0, 0.026605555555555556), (1, 0.005966666666666668, 0.0008777777777777778), (3, 0.2122, 0.00935)]","[126, 115, -1, 121, 125, 117, 113, 128, 114, 89, 129, 119, 110, 105, 124, 130]","[15, 6, -1, 1, 2, 4, 6, 11, 0, 8, 15, 4, 10, 10, 1, 5]","[True, True, False, True, True, True, True, True, True, True, True, True, True, True, True, True]"
94,15,"[640.84798693656, 1554.649748478609, 0, 2894.8180274289466, 0, 1483.4440524727775, 3549.2405572744774, 2664.722365775066, 2958.2569461384624, 884.1326637750533, 1317.2983312621604, 940.5034109813047, 1218.6951376844836, 2831.7809545825808, 527.5447082925066, 1254.9939763481898]","[1676.2748278371996, 1017.2045956020659, 0, 3198.1366595682202, 4029.0, 2285.9703207457364, 3011.7954043979344, 4029.0, 4029.0, 4029.0, 2352.7251721628, 1743.0296792542636, 1207.9570915509514, 2821.042908449049, 830.86334043178, 4029.0]","[(475.3542666666667, 0.0017333333333333335, 0.0003333333333333333), (92.2746, 0.9142666666666668, 0.7324666666666667), 0, (0.0, 0.0, 0.0), (276.8236, 0.27726666666666666, 0.054666666666666655), (186.64606666666668, 3.3434, 0.0272), (290.8046, 0.5733333333333334, 0.17), (455.7806, 0.011333333333333336, 0.005066666666666666), (0.0, 0.0, 0.0), (128.62506666666664, 0.00046666666666666666, 0.0014), (75.49706666666667, 0.0, 0.001066666666666667), (109.0518, 0.5446, 0.4834), (28.4422, 11.514866666666666, 11.541), (103.459, 0.03553333333333333, 0.025), (222.2977333333333, 0.0, 0.0), (343.93240000000003, 0.0, 0.0)]","[(1, 0.015333333333333336, 0.0008833333333333333), (2, 0.0, 0.010216666666666666), 0, (2, 0.0, 0.0), (1, 0.0, 0.0013833333333333334), (1, 0.0, 0.005394444444444445), (3, 0.0017833333333333332, 0.2834388888888889), (3, 0.0, 0.016805555555555553), (2, 0.0, 0.0), (2, 0.0705, 0.025599999999999998), (2, 1.666666666666667e-05, 0.0007), (1, 0.0, 0.002838888888888889), (3, 0.0, 3.3333333333333335e-05), (3, 0.0001, 0.02427222222222222), (1, 0.0, 0.00019999999999999998), (3, 0.020033333333333334, 0.0038777777777777777)]","[126, 115, -1, 121, 125, 117, 113, 128, 114, 131, 129, 119, 110, 105, 124, 130]","[15, 6, -1, 1, 2, 4, 6, 11, 0, 14, 15, 4, 10, 10, 1, 5]","[True, True, False, True, True, True, True, True, True, True, True, True, True, True, True, True]"
95,16,"[652.7155422502, 1560.5835261445573, 3815.4812123039737, 3151.912592725404, 0, 1397.4042974293563, 2160.2621265819243, 2478.4930534701275, 3018.356974389583, 845.5631180399, 1459.7089616688797, 967.2054005675245, 1051.7505982756504, 0, 450.7502254398, 1266.8615316800874]","[1611.00329029066, 1714.6606997813165, 4029.0, 3365.081183642802, 4029.0, 2229.599448430916, 2314.3393002186835, 4029.0, 4029.0, 4029.0, 2417.99670970934, 1799.4005515690842, 2540.375299137825, 1488.624700862175, 663.918816357198, 4029.0]","[(552.2496, 0.0023333333333333335, 0.0028666666666666667), (134.2176, 0.8891333333333333, 0.7291333333333333), (1426.063, 0.14286666666666667, 0.5943999999999999), (0.0, 0.0, 0.0), (75.84646666666666, 0.0, 0.0), (441.79940000000005, 3.5278666666666667, 0.02166666666666667), (278.22166666666675, 0.49906666666666666, 0.15853333333333333), (332.7478, 0.012333333333333335, 0.0056), (0.0, 0.0, 0.0), (120.23626666666664, 0.0, 0.001066666666666667), (114.64386666666668, 0.0, 0.0011333333333333332), (131.4214, 0.5404, 0.4769333333333333), (31.1948, 9.010533333333333, 9.032466666666668), (96.46846666666666, 0.0338, 0.023066666666666666), (257.2502, 0.0, 0.0), (306.18359999999996, 0.0, 0.0)]","[(1, 0.0116, 0.001061111111111111), (2, 1.666666666666667e-05, 0.00786111111111111), (3, 0.005116666666666666, 0.1869), (2, 0.0, 0.0), (2, 0.00015, 0.0002722222222222222), (1, 0.0, 0.005505555555555555), (3, 0.04115, 0.5988777777777777), (3, 0.0, 0.021144444444444445), (2, 0.0, 0.0), (2, 1.666666666666667e-05, 0.0006111111111111112), (2, 0.0, 0.0006555555555555555), (1, 0.06126666666666666, 0.023866666666666675), (3, 0.0, 2.2222222222222223e-05), (3, 0.0001833333333333333, 0.029927777777777772), (1, 0.0, 0.00023888888888888888), (3, 0.008033333333333333, 0.003372222222222222)]","[126, 115, 127, 121, 132, 117, 113, 128, 114, 131, 129, 119, 110, 105, 124, 130]","[15, 6, 12, 1, 2, 4, 6, 11, 0, 14, 15, 4, 10, 10, 1, 5]","[True, True, True, True, True, True, True, True, True, True, True, True, True, True, True, True]"
96,16,"[623.0466539661, 1530.9146378148132, 2446.521763816231, 2938.223603388089, 1108.5118598755066, 1605.0864647755454, 3262.0959778524575, 2629.1197031285333, 3148.573702267009, 809.96046043822, 845.5631180399, 922.7020845904912, 871.45049571411, 1147.5012037613078, 564.2725044394533, 1204.5568661876246]","[1094.009662043664, 1148.9093299811777, 4029.0, 3201.4755494743176, 2133.030682080698, 2355.692190092527, 2880.090670018822, 4029.0, 4029.0, 4029.0, 1316.526126117464, 1673.3078099074728, 1895.9693179193016, 1618.4642118388717, 827.5244505256821, 4029.0]","[(503.316, 0.0016666666666666668, 0.0003333333333333333), (120.23660000000001, 0.8804666666666667, 0.7153333333333335), (1311.4188000000001, 0.1956, 0.7402000000000001), (0.0, 0.0, 0.0), (67.1088, 0.0, 0.001), (421.5272, 3.163133333333333, 0.021933333333333332), (392.8656, 0.7547333333333333, 0.24346666666666666), (377.487, 0.011333333333333336, 0.0054), (0.0, 0.0, 0.0), (72.7008, 6.666666666666668e-05, 0.0015333333333333334), (92.27413333333331, 6.666666666666668e-05, 0.0013333333333333333), (89.4784, 0.5311333333333333, 0.46186666666666676), (28.52946666666667, 7.324866666666668, 7.3436), (386.924, 1.3948666666666665, 0.0056), (192.93746666666667, 0.0, 0.0), (322.961, 0.0, 0.0)]","[(1, 0.015533333333333333, 0.0008555555555555556), (2, 5e-05, 0.008244444444444445), (3, 0.0006, 0.11304444444444445), (2, 0.0, 0.0), (3, 0.0, 0.0), (1, 0.04335, 0.02068888888888889), (3, 0.00026666666666666673, 1.4022944444444445), (3, 0.0, 0.030616666666666664), (2, 0.0, 0.0), (2, 0.0, 0.0005666666666666668), (2, 1.666666666666667e-05, 0.003455555555555556), (1, 1.666666666666667e-05, 0.0020666666666666667), (3, 0.0, 2.7777777777777776e-05), (1, 0.0, 0.009683333333333334), (1, 0.0, 0.0002777777777777778), (3, 0.007916666666666667, 0.003444444444444445)]","[126, 115, 127, 121, 133, 117, 113, 128, 114, 131, 129, 119, 110, 134, 124, 130]","[15, 6, 12, 1, 10, 4, 6, 11, 0, 14, 15, 4, 10, 15, 1, 5]","[True, True, True, True, True, True, True, True, True, True, True, True, True, True, True, True]"
97,16,"[661.6162087354301, 1572.4510814764558, 2303.8585840403466, 2958.2569461384624, 1115.189642163913, 0, 3983.2963168658976, 2505.879717044383, 3425.7016103138403, 1317.2983312621604, 833.6955655060068, 913.8014213950846, 984.972782512117, 925.6692288098378, 500.8335838220001, 1252.0270875152155]","[1197.6225410516718, 809.0773823052791, 4029.0, 3243.211681158231, 2079.608429825898, 1557.5992893024577, 3219.922617694721, 4029.0, 4029.0, 4029.0, 1369.7018978222486, 2471.4007106975423, 1949.3915701741018, 1461.6755611260796, 785.7883188417688, 4029.0]","[(426.4208, 0.0021333333333333334, 0.002933333333333333), (117.4404, 0.9407333333333332, 0.7398666666666667), (1255.4948, 0.13406666666666667, 0.4640666666666667), (0.0, 0.0, 0.0), (47.5354, 0.0, 0.001), (462.072, 4.105733333333333, 0.02813333333333333), (432.01279999999997, 0.8446, 0.2776), (321.563, 0.0134, 0.007933333333333334), (0.0, 0.0, 0.0), (75.49706666666667, 0.0, 0.001066666666666667), (76.89526666666666, 0.0, 0.001), (117.4404, 0.5386666666666666, 0.5020666666666667), (30.320933333333343, 9.086799999999998, 9.109399999999999), (349.1754, 0.6480666666666667, 0.003466666666666667), (187.3452, 0.0, 0.0), (301.98940000000005, 0.0, 0.0)]","[(1, 0.01175, 0.0009611111111111112), (2, 0.0, 0.011944444444444445), (3, 1.666666666666667e-05, 0.12178333333333334), (2, 0.0, 0.0), (3, 0.0, 0.0), (1, 0.0, 0.005383333333333333), (3, 0.0, 1.846088888888889), (3, 0.0, 0.017744444444444448), (2, 0.0, 0.0), (2, 1.666666666666667e-05, 0.0007), (2, 0.0, 0.0005055555555555555), (1, 0.0, 0.003311111111111111), (3, 0.0, 2.7777777777777776e-05), (1, 0.0, 0.00023333333333333333), (1, 0.0, 0.0002833333333333333), (3, 0.00785, 0.003533333333333333)]","[126, 115, 127, 121, 133, 117, 113, 128, 114, 131, 129, 119, 110, 134, 124, 130]","[15, 6, 12, 1, 10, 4, 6, 11, 0, 14, 15, 4, 10, 15, 1, 5]","[True, True, True, True, True, True, True, True, True, True, True, True, True, True, True, True]"
98,16,"[634.9142092797401, 1560.5835261445573, 2662.034226881929, 3018.356974389583, 1115.189642163913, 1646.6233023008167, 3906.5018363228, 2519.573048831511, 0, 1459.7089616688797, 827.7617892390601, 922.7020845904912, 1078.4617245810634, 1237.8771935563511, 510.85025549844005, 0]","[1077.7298119213563, 841.5408449108786, 4029.0, 3268.2533594455713, 2032.863958791425, 2376.4606088551627, 3187.4591550891214, 4029.0, 4029.0, 4029.0, 1270.5773918806763, 1652.5393911448373, 1996.1360412085753, 1680.6927961979673, 760.7466405544285, 4029.0]","[(398.45840000000004, 0.0017333333333333335, 0.0004), (142.6062, 0.9389333333333333, 0.7352666666666667), (1470.8021999999999, 0.18553333333333333, 0.47233333333333327), (0.0, 0.0, 0.0), (72.7012, 0.0, 0.001), (125.829, 0.9397333333333332, 0.7602666666666668), (339.7382, 0.8196, 0.2693333333333333), (343.9326, 0.013333333333333336, 0.0074666666666666675), (0.0, 0.0, 0.0), (114.64386666666668, 0.0, 0.0011333333333333332), (79.6912, 6.666666666666668e-05, 0.001), (134.2176, 0.5295333333333333, 0.5544666666666667), (29.840133333333338, 10.411866666666667, 10.435533333333332), (320.86379999999997, 0.6452, 0.0048), (160.7812, 0.0, 0.0), (328.5532, 0.0, 0.0)]","[(1, 0.015733333333333332, 0.001), (2, 0.0, 0.013844444444444444), (3, 1.666666666666667e-05, 0.1395388888888889), (2, 0.0, 0.0), (3, 0.0, 0.0), (2, 0.0, 0.009888888888888888), (3, 3.3333333333333335e-05, 1.7759777777777779), (3, 0.0, 0.017083333333333332), (2, 0.0, 0.0), (2, 0.0, 0.0006555555555555555), (2, 1.666666666666667e-05, 0.0004111111111111111), (1, 0.0, 0.002977777777777778), (3, 0.0, 2.2222222222222223e-05), (1, 0.0, 0.0002222222222222222), (1, 0.0, 0.0002666666666666667), (3, 0.007816666666666666, 0.003527777777777778)]","[126, 115, 127, 121, 133, 135, 113, 128, 114, 131, 129, 119, 110, 134, 124, 130]","[15, 6, 12, 1, 10, 4, 6, 11, 0, 14, 15, 4, 10, 15, 1, 5]","[True, True, True, True, True, True, True, True, True, True, True, True, True, True, True, True]"
99,16,"[0, 1554.649748478609, 2986.820614882346, 3148.573702267009, 1105.1729687313032, 1622.8881916370212, 4300.490910413475, 2440.1517244661704, 644.4058826961312, 845.5631180399, 809.96046043822, 916.7683091268867, 1118.5284140391836, 1317.298517921692, 560.93361388064, 1108.5118598755066]","[1355.850741039154, 641.5794190325671, 4029.0, 3308.3200441931845, 2007.8222773460598, 2367.5599412550673, 3387.420580967433, 4029.0, 1782.4470114103124, 4029.0, 4029.0, 1661.4400587449327, 2021.1777226539402, 2673.149258960846, 720.6799558068153, 2246.5529885896876]","[(391.4678666666666, 0.0023333333333333335, 0.003), (125.829, 0.9171333333333334, 0.7279333333333333), (1311.4188000000001, 0.14286666666666667, 0.5135333333333333), (0.0, 0.0, 0.0), (33.5544, 0.0, 0.001), (139.81, 0.972, 0.7780666666666667), (322.9608666666666, 0.8597333333333332, 0.2828), (478.1502, 0.012199999999999999, 0.007066666666666666), (32.15606666666666, 0.0009333333333333332, 6.666666666666668e-05), (92.27413333333331, 6.666666666666668e-05, 0.0013333333333333333), (86.68193333333333, 0.0, 0.001), (64.3126, 0.5252666666666668, 0.5347333333333333), (31.019866666666662, 10.471266666666667, 10.493933333333333), (301.98920000000004, 0.6321333333333333, 0.005666666666666668), (209.7147333333333, 0.0, 0.0), (67.1088, 0.0, 0.001)]","[(1, 0.011933333333333336, 0.001027777777777778), (2, 0.0, 0.010616666666666667), (3, 5e-05, 0.13139444444444442), (2, 0.0, 0.0), (3, 0.0, 0.0), (2, 0.0, 0.011461111111111111), (3, 0.00455, 1.9583666666666668), (3, 0.0009, 0.02215), (1, 0.0, 0.000638888888888889), (2, 1.666666666666667e-05, 0.003455555555555556), (2, 0.0, 0.0003888888888888888), (1, 0.0, 0.0028777777777777777), (3, 0.0, 1.1111111111111112e-05), (1, 0.0, 0.00025), (1, 0.0, 0.00030555555555555555), (3, 0.0, 0.0)]","[126, 115, 127, 121, 133, 135, 113, 128, 136, 131, 129, 119, 110, 134, 124, 137]","[15, 6, 12, 1, 10, 4, 6, 11, 0, 14, 7, 4, 10, 15, 1, 0]","[True, True, True, True, True, True, True, True, True, True, True, True, True, True, True, True]"
100,16,"[1578.3845313240047, 1536.848415480762, 2953.431360041183, 3425.7016103138403, 1111.8507510197098, 1578.3848591424044, 4420.690966915716, 2429.1970590364676, 647.744773280049, 0, 0, 0, 1151.91732192095, 1309.0825188494155, 464.1057876750533, 1115.189642163913]","[2149.1510062372945, 572.5787242825231, 4029.0, 3495.2979113193933, 1994.46671454938, 2803.6924295712024, 3456.421275717477, 4029.0, 1780.7775655580679, 4029.0, 4029.0, 1225.3075704287978, 2034.53328545062, 1879.8489937627055, 533.7020886806065, 2248.222434441932]","[(223.696, 0.11593333333333333, 0.0992), (114.6442, 0.9067333333333333, 0.7183999999999999), (1311.4188000000001, 0.188, 0.5201333333333333), (0.0, 0.0, 0.0), (39.146800000000006, 0.0, 0.001), (184.5492, 0.9548666666666666, 0.7652666666666668), (436.2071333333334, 0.5388, 0.25873333333333337), (461.373, 0.013266666666666668, 0.0067333333333333325), (35.6514, 0.001, 0.0), (76.89526666666666, 0.0, 0.001), (85.284, 0.0, 0.001), (81.0898, 0.5091333333333332, 0.5423333333333333), (28.485866666666663, 10.917866666666667, 10.941466666666667), (333.44653333333326, 0.6355333333333333, 0.0052), (181.75279999999998, 0.0, 0.0), (47.5354, 0.0, 0.001)]","[(2, 0.0, 0.0010277777777777776), (2, 1.666666666666667e-05, 0.011361111111111112), (3, 3.3333333333333335e-05, 0.16156666666666666), (2, 0.0, 0.0), (3, 0.0, 0.0), (2, 1.666666666666667e-05, 0.010605555555555557), (3, 0.009816666666666666, 1.9489666666666665), (3, 0.0, 0.017055555555555553), (1, 0.0, 0.0006222222222222223), (2, 0.0, 0.0005055555555555555), (2, 1.666666666666667e-05, 0.00042777777777777774), (1, 0.0, 0.0024222222222222223), (3, 0.0, 2.2222222222222223e-05), (1, 0.0, 0.0002111111111111111), (1, 0.0, 0.0002111111111111111), (3, 0.0, 0.0)]","[138, 115, 127, 121, 133, 135, 113, 128, 136, 131, 129, 119, 110, 134, 124, 137]","[15, 6, 12, 1, 10, 4, 6, 11, 0, 14, 7, 4, 10, 15, 1, 0]","[True, True, True, True, True, True, True, True, True, True, True, True, True, True, True, True]"
101,16,"[1566.5169784569066, 1557.6166373115834, 2989.8560016860883, 3442.3960626058183, 1252.08417907625, 1622.8881916370212, 3412.3460484802577, 2420.981059964191, 631.0503203604601, 922.7020845904912, 731.2170323801198, 1155.2559781834066, 1125.2061956155367, 1207.75186362467, 550.9169422041998, 1115.189642163913]","[2193.8825574161183, 1087.1352944156629, 4029.0, 3460.239560200809, 2077.938991730357, 2248.3161067268074, 2941.864705584337, 4029.0, 1772.4303390982734, 4029.0, 4029.0, 1780.6838932731926, 1951.0610082696435, 1835.1174425838817, 568.7604397991906, 2256.5696609017264]","[(268.4352, 0.11646666666666668, 0.09953333333333332), (114.6442, 0.9444666666666667, 0.7338666666666667), (1177.2012, 0.14893333333333333, 0.6776666666666666), (0.0, 0.0, 0.0), (173.3644, 6.666666666666668e-05, 0.0016), (131.4214, 0.9578666666666666, 0.7716000000000001), (391.46766666666673, 0.6240666666666668, 0.2032), (416.6338, 0.0116, 0.0067333333333333325), (48.234, 0.001066666666666667, 0.0), (97.867, 0.5311333333333333, 0.4374666666666666), (178.9568, 0.0019333333333333331, 0.0014666666666666665), (67.10839999999999, 0.00013333333333333334, 0.001), (30.45186666666666, 9.886933333333333, 9.908933333333332), (333.44653333333326, 0.7292666666666667, 0.004666666666666667), (170.56806666666668, 0.0, 0.0), (72.7012, 0.0, 0.001)]","[(2, 0.0, 0.0009611111111111112), (2, 0.0, 0.013133333333333334), (3, 5e-05, 0.12382222222222221), (2, 0.0, 0.0), (3, 0.03166666666666667, 0.0017722222222222221), (2, 0.0, 0.010555555555555558), (3, 0.0, 1.7597444444444446), (3, 0.0, 0.024077777777777778), (1, 0.0, 0.0006333333333333333), (1, 0.0, 0.0014666666666666662), (1, 0.36411666666666676, 0.01315), (1, 0.0, 0.0005722222222222222), (3, 0.0, 2.2222222222222223e-05), (1, 0.0, 0.00021666666666666668), (1, 0.0, 0.0002888888888888889), (3, 0.0, 0.0)]","[138, 115, 127, 121, 133, 135, 113, 128, 136, 139, 140, 141, 110, 134, 124, 137]","[15, 6, 12, 1, 10, 4, 6, 11, 0, 14, 7, 4, 10, 15, 1, 0]","[True, True, True, True, True, True, True, True, True, True, True, True, True, True, True, True]"
