interval,ips,create,start,destroy,apparentips,ram,disk,hostalloc,active
1,"[454.0891471920266, 450.7502254398, 1714.4051397483977, 881.4670876440003, 2180.662757134983]","[0, 0, 0, 0, 0]","[1, 1, 1, 1, 1]","[-1, -1, -1, -1, -1]","[1151.2131950285216, 1382.6725428457012, 2646.327457154299, 4029.0, 2877.786804971478]","[(29.621666666666673, 4.1293999999999995, 4.1416), (184.549, 0.0, 0.0), (105.5042, 0.28773333333333334, 0.22433333333333338), (95.9442, 0.019933333333333334, 0.0208), (473.9556, 4.806, 0.02386666666666667)]","[(3, 0.0, 1.6666666666666667e-05), (1, 0.0, 0.00029444444444444445), (1, 0.0030666666666666663, 0.05871111111111111), (1, 0.0012, 0.05558333333333333), (1, 0.0, 0.005094444444444444)]","[14, 10, 10, 8, 14]","[True, True, True, True, True]"
2,"[1315.5229705416066, 570.9502855570801, 1429.5838385761401, 754.589249271, 1462.6758357381586, 1763.7010974382797, 454.0891471920266]","[0, 0, 0, 0, 0, 1, 1]","[1, 1, 1, 1, 1, 2, 2]","[-1, -1, -1, -1, -1, -1, -1]","[1940.9235674017239, 4029.0, 1847.44137056893, 4029.0, 2088.076432598276, 2181.5586294310697, 4029.0]","[(29.53446666666667, 12.107333333333337, 12.139266666666664), (225.0938, 0.0, 0.0), (110.71433333333331, 0.20726666666666668, 0.17506666666666665), (96.9928, 0.020133333333333333, 0.014066666666666665), (384.4776, 1.923, 0.024933333333333335), (39.146666666666654, 0.29753333333333337, 0.0019333333333333331), (29.621666666666673, 4.1293999999999995, 4.1416)]","[(3, 0.0, 1.6666666666666667e-05), (1, 0.0, 0.0002833333333333333), (1, 0.0002333333333333333, 0.05122222222222223), (1, 0.0, 0.054338888888888895), (1, 0.0, 0.005011111111111111), (1, 0.003, 0.06097777777777777), (3, 0.0, 1.6666666666666667e-05)]","[14, 6, 10, 8, 14, 10, 0]","[True, True, True, True, True, True, True]"
3,"[1135.2228679800667, 500.8335838220001, 1845.861124904825, 754.589249271, 2530.7555535185593, 3121.8625785998443, 3464.41286996805, 1385.7651479872202, 1315.5229705416066, 2180.662757134983, 731.2170323801198, 3121.8625785998443, 390.65025572768]","[0, 0, 0, 0, 0, 0, 1, 1, 1, 2, 2, 2, 2]","[1, 1, 1, 1, 1, 3, 3, 2, 2, 3, 3, 3, 3]","[-1, -1, -1, -1, -1, -1, -1, -1, -1, -1, -1, -1, -1]","[1491.7800554225416, 532.710356926975, 1981.4356153649167, 4029.0, 4029.0, 4029.0, 3496.289643073025, 1521.339638447312, 4029.0, 2537.219944577458, 4029.0, 4029.0, 526.2247461877716]","[(31.3258, 10.272666666666666, 10.300266666666666), (191.5394, 0.0, 0.0), (109.4118, 0.21166666666666664, 0.17653333333333332), (90.177, 0.02, 0.014), (419.43, 3.8347333333333333, 0.0464), (0.0, 0.0, 0.0), (168.47066666666663, 0.27493333333333336, 0.023333333333333327), (65.71033333333331, 0.2166, 0.004533333333333333), (29.53446666666667, 12.107333333333337, 12.139266666666664), (473.9556, 4.806, 0.02386666666666667), (178.9568, 0.0019333333333333331, 0.0014666666666666665), (0.0, 0.0, 0.0), (499.1218, 0.0004, 0.0003333333333333333)]","[(3, 0.0, 4.4444444444444447e-05), (1, 1.666666666666667e-05, 0.0002611111111111111), (1, 0.00011666666666666667, 0.05212222222222222), (1, 3.3333333333333335e-05, 0.05506666666666666), (1, 0.00031666666666666665, 0.004988888888888889), (2, 0.0, 0.0), (3, 0.2927833333333333, 0.026605555555555556), (1, 0.0002833333333333333, 0.09404444444444444), (3, 0.0, 1.6666666666666667e-05), (1, 0.0, 0.005094444444444444), (1, 0.36411666666666676, 0.01315), (2, 0.0, 0.0), (2, 0.012733333333333334, 0.0036666666666666666)]","[1, 6, 10, 8, 14, 12, 6, 10, 0, 1, 15, 2, 10]","[True, True, True, True, True, True, True, True, True, True, True, True, True]"
4,"[1145.2395403445964, 474.12245935149326, 1812.9971286157179, 0, 1379.6029687996834, 3065.1014408071205, 4442.116739200141, 1569.2557901120101, 1135.2228679800667, 1462.6758357381586, 657.7614400862267, 3065.1014408071205, 530.8836808606934, 1071.7839430047102, 1108.5118598755066]","[0, 0, 0, 0, 0, 0, 1, 1, 1, 2, 2, 2, 2, 3, 3]","[1, 1, 1, 1, 1, 3, 3, 2, 2, 3, 3, 3, 3, 4, 4]","[-1, -1, -1, -1, -1, -1, -1, -1, -1, -1, -1, -1, -1, -1, -1]","[1855.781852303219, 30.502860075676153, 1851.6182620862442, 4029.0, 4029.0, 4029.0, 3998.4971399243236, 1607.8769235825364, 4029.0, 2173.218147696781, 4029.0, 4029.0, 569.5048143312197, 4029.0, 4029.0]","[(31.238400000000002, 10.958333333333334, 10.986266666666667), (225.09366666666662, 0.0, 0.0), (108.76053333333334, 0.20446666666666666, 0.17406666666666665), (93.3228, 0.018333333333333333, 0.014133333333333333), (442.49846666666673, 3.044, 0.055333333333333345), (0.0, 0.0, 0.0), (313.1741333333334, 0.2986666666666667, 0.020266666666666665), (40.54486666666667, 0.21746666666666667, 0.0017333333333333335), (31.3258, 10.272666666666666, 10.300266666666666), (384.4776, 1.923, 0.024933333333333335), (192.93779999999998, 0.003933333333333333, 0.0014666666666666665), (0.0, 0.0, 0.0), (455.08166666666676, 0.012533333333333334, 0.18906666666666663), (125.829, 0.0033333333333333335, 0.0012666666666666666), (67.1088, 0.0, 0.001)]","[(3, 0.0, 2.2222222222222223e-05), (1, 0.0, 0.0002833333333333333), (1, 0.0, 0.05014999999999999), (1, 0.0, 0.0557), (1, 0.0, 0.004972222222222222), (2, 0.0, 0.0), (3, 0.10841666666666666, 0.0281), (1, 0.0, 0.05373333333333333), (3, 0.0, 4.4444444444444447e-05), (1, 0.0, 0.005011111111111111), (1, 0.26766666666666666, 0.015294444444444444), (2, 0.0, 0.0), (2, 0.0002833333333333333, 0.0029611111111111123), (3, 0.0, 0.0006444444444444443), (3, 0.0, 0.0)]","[1, 6, 10, 8, 14, 12, 6, 10, 0, 1, 15, 2, 10, 5, 3]","[True, True, True, True, True, True, True, True, True, True, True, True, True, True, True]"
5,"[1218.6951376844836, 580.9669572335199, 1886.9411202662081, 0, 1530.9142621519063, 2911.512479720924, 3143.9889128247596, 1517.22113040498, 1145.2395403445964, 2530.7555535185593, 711.18368902724, 2911.512479720924, 537.5614630098844, 1068.445052216534, 1115.189642163913, 2047.1528695743666]","[0, 0, 0, 0, 0, 0, 1, 1, 1, 2, 2, 2, 2, 3, 3, 3]","[1, 1, 1, 1, 1, 3, 3, 2, 2, 3, 3, 3, 3, 4, 4, 5]","[-1, -1, -1, 5, -1, -1, -1, -1, -1, -1, -1, -1, -1, -1, -1, -1]","[1358.4697920829622, 732.9890222043803, 1916.0332157058506, 0, 4029.0, 4029.0, 3296.01097779562, 1546.3132258446224, 4029.0, 2670.530207917038, 4029.0, 4029.0, 566.6535584495268, 4029.0, 4029.0, 4029.0]","[(30.75773333333333, 11.004733333333336, 11.030333333333335), (159.38313333333332, 0.0, 0.0), (115.2732, 0.21046666666666666, 0.17566666666666664), 0, (440.4012, 3.206266666666667, 0.1867333333333333), (0.0, 0.0, 0.0), (205.5204, 0.03793333333333333, 0.025266666666666666), (26.56353333333333, 0.21073333333333333, 0.0014), (31.238400000000002, 10.958333333333334, 10.986266666666667), (419.43, 3.8347333333333333, 0.0464), (134.2176, 0.002, 0.0014), (0.0, 0.0, 0.0), (471.15966666666674, 0.013066666666666664, 0.18946666666666667), (170.56820000000002, 0.0034, 0.0014666666666666665), (47.5354, 0.0, 0.001), (545.259, 0.6861333333333334, 1.4692)]","[(3, 0.0, 2.2222222222222223e-05), (1, 0.0, 0.0002722222222222222), (1, 0.0, 0.05059444444444444), 0, (1, 1.666666666666667e-05, 0.0052), (2, 0.0, 0.0), (3, 0.00125, 0.027633333333333336), (1, 1.666666666666667e-05, 0.05187222222222222), (3, 0.0, 2.2222222222222223e-05), (1, 0.00031666666666666665, 0.004988888888888889), (1, 0.2701, 0.013050000000000004), (2, 0.0, 0.0), (2, 0.00035, 0.0039833333333333335), (3, 0.0, 0.0005666666666666666), (3, 0.0, 0.0), (1, 0.07585, 0.04698333333333333)]","[1, 6, 10, -1, 14, 12, 6, 10, 0, 1, 15, 2, 10, 5, 3, 4]","[True, True, True, False, True, True, True, True, True, True, True, True, True, True, True, True]"
6,"[1191.9840113790701, 450.7502254398, 1906.1117847681867, 0, 1483.4440524727775, 3145.2348118086134, 3601.346184986549, 1569.2557901120101, 1218.6951376844836, 1379.6029687996834, 647.7447684097866, 3145.2348118086134, 544.2392451590755, 1095.1561785219467, 1115.189642163913, 1922.54356446984]","[0, 0, 0, 0, 0, 0, 1, 1, 1, 2, 2, 2, 2, 3, 3, 3]","[1, 1, 1, 1, 1, 3, 3, 2, 2, 3, 3, 3, 3, 4, 4, 5]","[-1, -1, -1, 5, -1, -1, -1, -1, -1, -1, -1, -1, -1, -1, -1, -1]","[1920.6905212896934, 439.2020202266255, 1909.2428447550958, 0, 4029.0, 4029.0, 3589.797979773374, 1572.3868500989192, 4029.0, 2108.3094787103064, 4029.0, 4029.0, 547.3703051459847, 4029.0, 4029.0, 4029.0]","[(30.932599999999997, 11.007200000000001, 11.033333333333335), (201.3262, 0.0, 0.0), (97.689, 0.24573333333333333, 0.20893333333333336), 0, (478.84913333333344, 2.3301999999999996, 0.8102), (0.0, 0.0, 0.0), (130.0228, 0.042466666666666666, 0.027733333333333336), (40.54466666666666, 0.2174, 0.0013333333333333333), (30.75773333333333, 11.004733333333336, 11.030333333333335), (442.49846666666673, 3.044, 0.055333333333333345), (226.49220000000003, 0.0016666666666666668, 0.0014), (0.0, 0.0, 0.0), (486.5389333333335, 0.012733333333333333, 0.18919999999999998), (170.56820000000002, 0.0033333333333333335, 0.0014), (72.7012, 0.0, 0.001), (738.1968, 0.7232666666666667, 1.2136)]","[(3, 0.0, 2.2222222222222223e-05), (1, 0.0, 0.0002666666666666667), (1, 0.0, 0.05149444444444444), 0, (1, 0.0, 0.004461111111111111), (2, 0.0, 0.0), (3, 0.0008, 0.02777777777777778), (1, 0.00013333333333333334, 0.05250555555555555), (3, 0.0, 2.2222222222222223e-05), (1, 0.0, 0.004972222222222222), (1, 0.27021666666666666, 0.012733333333333334), (2, 0.0, 0.0), (2, 0.07660000000000003, 0.0032111111111111108), (3, 0.0, 0.0008388888888888889), (3, 0.0, 0.0), (1, 0.0017166666666666665, 0.0023777777777777777)]","[1, 6, 10, -1, 14, 12, 6, 10, 0, 1, 15, 2, 10, 5, 3, 4]","[True, True, True, False, True, True, True, True, True, True, True, True, True, True, True, True]"
7,"[1198.6617929554236, 537.5613799689467, 1908.8504511256126, 0, 949.4041935825778, 2988.3069602640226, 3261.75156374067, 1662.37044432459, 0, 1530.9142621519063, 0, 3815.4812123039737, 2988.3069602640226, 524.2058987115023, 1105.1728508864767, 1105.1729687313032, 2011.5502109730733]","[0, 0, 0, 0, 0, 0, 1, 1, 1, 2, 2, 2, 2, 2, 3, 3, 3]","[1, 1, 1, 1, 1, 3, 3, 2, 2, 3, 3, 7, 3, 3, 4, 4, 5]","[-1, -1, -1, 5, -1, -1, -1, -1, -1, -1, -1, -1, -1, -1, -1, -1, -1]","[1848.3737654017586, 652.4049081141383, 1886.7081864050442, 0, 4029.0, 4029.0, 3376.5950918858616, 1640.2281796040215, 4029.0, 2180.6262345982414, 4029.0, 4029.0, 4029.0, 502.06363399093397, 4029.0, 4029.0, 4029.0]","[(29.2284, 11.277066666666668, 11.304066666666667), (183.15086666666667, 0.00013333333333333334, 6.666666666666668e-05), (125.0422, 0.247, 0.19506666666666664), 0, (333.44686666666666, 0.9099333333333333, 0.8626), (0.0, 0.0, 0.0), (110.44946666666667, 0.04046666666666667, 0.026666666666666672), (36.35026666666667, 0.25166666666666665, 0.0012), (30.932599999999997, 11.007200000000001, 11.033333333333335), (440.4012, 3.206266666666667, 0.1867333333333333), (271.2314, 0.0722, 0.0028666666666666667), (1426.063, 0.14286666666666667, 0.5943999999999999), (0.0, 0.0, 0.0), (462.072, 0.012733333333333333, 0.18913333333333332), (128.6252, 0.0032, 0.0014), (33.5544, 0.0, 0.001), (564.8324, 0.6947333333333332, 1.3258666666666665)]","[(3, 0.0, 2.2222222222222223e-05), (1, 0.005966666666666668, 0.0008777777777777778), (1, 3.3333333333333335e-05, 0.05121666666666667), 0, (1, 0.0, 0.004088888888888889), (2, 0.0, 0.0), (3, 0.00011666666666666667, 0.02971666666666666), (1, 0.0, 0.05533333333333333), (3, 0.0, 2.2222222222222223e-05), (1, 1.666666666666667e-05, 0.0052), (1, 0.24863333333333332, 0.04668333333333334), (3, 0.005116666666666666, 0.1869), (2, 0.0, 0.0), (2, 0.07893333333333334, 0.003822222222222222), (3, 0.0, 0.0005555555555555557), (3, 0.0, 0.0), (1, 0.00225, 0.06516111111111111)]","[1, 6, 10, -1, 14, 12, 6, 10, 0, 1, 15, 9, 2, 10, 5, 3, 4]","[True, True, True, False, True, True, True, True, True, True, True, True, True, True, True, True, True]"
8,"[1178.6284482263632, 0, 1714.4051397483977, 0, 732.8213619215522, 3008.340303014396, 3502.7541981732297, 1654.15444542348, 0, 1483.4440524727775, 0, 2446.521763816231, 3008.340303014396, 447.41140399580445, 1078.4617245810634, 1111.8507510197098, 2940.186222823474, 599.3113997345512, 1714.4051397483977]","[0, 0, 0, 0, 0, 0, 1, 1, 1, 2, 2, 2, 2, 2, 3, 3, 3, 3, 3]","[1, 1, 1, 1, 1, 3, 3, 2, 2, 3, 3, 7, 3, 3, 4, 4, 5, 8, 8]","[-1, -1, -1, 5, -1, -1, -1, -1, 8, -1, 8, -1, -1, -1, -1, -1, -1, -1, -1]","[1862.0921978767929, 263.12290091338514, 1785.414810025837, 0, 4029.0, 4029.0, 3765.877099086615, 1725.1641157009192, 0, 2166.907802123207, 0, 4029.0, 4029.0, 518.4210742732438, 4029.0, 4029.0, 3184.9374115444616, 844.0625884555385, 4029.0]","[(27.96146666666667, 11.744666666666664, 11.770666666666664), (222.2977333333333, 0.0, 0.0), (93.78139999999999, 0.23493333333333336, 0.19066666666666662), 0, (199.92773333333332, 0.9031333333333333, 0.010666666666666666), (0.0, 0.0, 0.0), (119.5372, 0.03373333333333334, 0.02686666666666667), (36.35046666666667, 0.2538666666666667, 0.0013333333333333333), 0, (478.84913333333344, 2.3301999999999996, 0.8102), 0, (1311.4188000000001, 0.1956, 0.7402000000000001), (0.0, 0.0, 0.0), (442.4987333333333, 0.0128, 0.18926666666666667), (134.2176, 0.0033333333333333335, 0.0014), (39.146800000000006, 0.0, 0.001), (1015.0211999999999, 0.7137333333333332, 1.397666666666667), (0.0, 0.004733333333333333, 0.00013333333333333334), (105.5042, 0.28773333333333334, 0.22433333333333338)]","[(3, 0.0, 2.2222222222222223e-05), (1, 0.0, 0.00019999999999999998), (1, 0.0, 0.049894444444444436), 0, (1, 0.0, 0.005077777777777777), (2, 0.0, 0.0), (3, 0.0013666666666666669, 0.04000555555555556), (1, 0.0, 0.0559388888888889), 0, (1, 0.0, 0.004461111111111111), 0, (3, 0.0006, 0.11304444444444445), (2, 0.0, 0.0), (2, 0.058866666666666664, 0.003477777777777778), (3, 0.0, 0.0007111111111111111), (3, 0.0, 0.0), (1, 1.0436000000000003, 0.5150888888888889), (3, 0.0, 0.0014222222222222223), (1, 0.0030666666666666663, 0.05871111111111111)]","[1, 6, 10, -1, 14, 12, 6, 10, -1, 1, -1, 9, 2, 10, 5, 3, 4, 4, 7]","[True, True, True, False, True, True, True, True, False, True, False, True, True, True, True, True, True, True, True]"
9,"[1141.90064955642, 0, 1851.3384576196752, 0, 0, 3068.4403312655163, 2935.85027399664, 1678.80244212681, 0, 949.4041935825778, 0, 2303.8585840403466, 3068.4403312655163, 340.5668896087467, 1058.4283798520034, 1252.08417907625, 2067.9210870917877, 620.0796165570354, 1429.5838385761401, 520.8668579276933]","[0, 0, 0, 0, 0, 0, 1, 1, 1, 2, 2, 2, 2, 2, 3, 3, 3, 3, 3, 3]","[1, 1, 1, 1, 1, 3, 3, 2, 2, 3, 3, 7, 3, 3, 4, 4, 5, 8, 8, 9]","[-1, 9, -1, 5, -1, -1, -1, -1, 8, -1, 8, -1, -1, -1, -1, -1, -1, -1, -1, -1]","[2110.748227986921, 0, 1904.1025278345978, 0, 4029.0, 4029.0, 3221.9917080344735, 1731.5665123417327, 0, 1918.2517720130788, 0, 4029.0, 4029.0, 393.3309598236694, 4029.0, 4029.0, 2738.420735267376, 1290.5792647326239, 4029.0, 807.0082919655266]","[(28.00533333333333, 10.849266666666667, 10.8736), 0, (104.85293333333334, 0.21746666666666667, 0.18180000000000002), 0, (167.77133333333336, 0.8164666666666667, 0.02233333333333333), (0.0, 0.0, 0.0), (105.55626666666666, 0.03646666666666667, 0.024466666666666664), (71.3028, 0.24086666666666667, 0.0012), 0, (333.44686666666666, 0.9099333333333333, 0.8626), 0, (1255.4948, 0.13406666666666667, 0.4640666666666667), (0.0, 0.0, 0.0), (473.9558, 0.00013333333333333334, 0.00013333333333333334), (268.4352, 0.0032666666666666664, 0.0013333333333333333), (173.3644, 6.666666666666668e-05, 0.0016), (679.4766, 0.7587999999999999, 1.3356666666666668), (0.0, 0.004666666666666667, 6.666666666666668e-05), (110.71433333333331, 0.20726666666666668, 0.17506666666666665), (0.0, 0.0046, 6.666666666666668e-05)]","[(3, 0.0, 1.6666666666666667e-05), 0, (1, 3.3333333333333335e-05, 0.05011111111111111), 0, (1, 0.0, 0.005544444444444444), (2, 0.0, 0.0), (3, 0.0, 0.024422222222222224), (1, 0.0, 0.05382777777777778), 0, (1, 0.0, 0.004088888888888889), 0, (3, 1.666666666666667e-05, 0.12178333333333334), (2, 0.0, 0.0), (2, 0.06814999999999999, 0.0033166666666666665), (3, 0.0, 0.00065), (3, 0.03166666666666667, 0.0017722222222222221), (1, 0.0012666666666666666, 0.0020055555555555556), (3, 0.0, 0.001661111111111111), (1, 0.0002333333333333333, 0.05122222222222223), (1, 0.0, 0.0008722222222222223)]","[1, -1, 10, -1, 14, 12, 6, 10, -1, 1, -1, 9, 2, 10, 5, 3, 4, 4, 7, 6]","[True, False, True, False, True, True, True, True, False, True, False, True, True, True, True, True, True, True, True, True]"
10,"[1148.5784311327734, 0, 1802.042463186016, 0, 0, 3021.6958648479776, 2837.2582871833197, 1615.8131172183, 0, 732.8213619215522, 0, 2662.034226881929, 3021.6958648479776, 510.85033441312004, 0, 1105.1729687313032, 2038.2522049240424, 578.5431829120669, 1845.861124904825, 530.8835282724567, 3752.9130163235823]","[0, 0, 0, 0, 0, 0, 1, 1, 1, 2, 2, 2, 2, 2, 3, 3, 3, 3, 3, 3, 3]","[1, 1, 1, 1, 1, 3, 3, 2, 2, 3, 3, 7, 3, 3, 4, 4, 5, 8, 8, 9, 10]","[-1, 9, -1, 5, 10, -1, -1, -1, 8, -1, 8, -1, -1, -1, -1, -1, -1, -1, -1, -1, -1]","[2222.3785346056106, 0, 1835.4738249135373, 0, 0, 4029.0, 3167.6873794554313, 1649.2444789458214, 0, 1806.6214653943894, 0, 4029.0, 4029.0, 544.2816961406413, 4029.0, 4029.0, 2744.3545110059877, 1284.645488994012, 4029.0, 861.3126205445685, 4029.0]","[(29.18493333333334, 11.238933333333332, 11.264533333333333), 0, (98.34026666666666, 0.21266666666666662, 0.17426666666666668), 0, 0, (0.0, 0.0, 0.0), (111.8476, 0.035666666666666666, 0.024), (46.137, 0.22346666666666667, 0.0013333333333333333), 0, (199.92773333333332, 0.9031333333333333, 0.010666666666666666), 0, (1470.8021999999999, 0.18553333333333333, 0.47233333333333327), (0.0, 0.0, 0.0), (501.219, 0.012666666666666665, 0.18913333333333332), (248.8618, 0.0033333333333333335, 0.0014), (156.58720000000002, 6.666666666666668e-05, 0.001066666666666667), (654.3108000000001, 0.7628666666666667, 1.1362666666666668), (0.0, 0.004533333333333333, 0.0), (109.4118, 0.21166666666666664, 0.17653333333333332), (0.0, 0.004733333333333333, 0.00013333333333333334), (388.67179999999996, 7.663399999999999, 2.4918666666666667)]","[(3, 0.0, 4.4444444444444447e-05), 0, (1, 0.00011666666666666667, 0.04876111111111111), 0, 0, (2, 0.0, 0.0), (3, 0.0, 0.028383333333333337), (1, 5e-05, 0.05402777777777778), 0, (1, 0.0, 0.005077777777777777), 0, (3, 1.666666666666667e-05, 0.1395388888888889), (2, 0.0, 0.0), (2, 0.08508333333333333, 0.0030222222222222226), (3, 0.0, 0.0008222222222222222), (3, 0.0, 0.0002833333333333333), (1, 0.011416666666666664, 0.047094444444444446), (3, 0.0, 0.0012944444444444446), (1, 0.00011666666666666667, 0.05212222222222222), (1, 0.0, 0.0008388888888888889), (2, 0.0, 0.016355555555555557)]","[1, -1, 10, -1, -1, 12, 6, 10, -1, 1, -1, 9, 2, 10, 5, 3, 4, 4, 7, 6, 14]","[True, False, True, False, False, True, True, True, False, True, False, True, True, True, True, True, True, True, True, True, True]"
11,"[1181.9673390145404, 0, 1136.5465383316057, 0, 0, 2894.8180274289466, 2777.0076285751793, 1536.3917945075702, 0, 851.4968861193744, 0, 2986.820614882346, 2894.8180274289466, 550.9170273082667, 0, 0, 2070.887975308562, 581.5100710295644, 1812.9971286157179, 554.2557590769045, 2794.65141873918]","[0, 0, 0, 0, 0, 0, 1, 1, 1, 2, 2, 2, 2, 2, 3, 3, 3, 3, 3, 3, 3]","[1, 1, 1, 1, 1, 3, 3, 2, 2, 3, 3, 7, 3, 3, 4, 4, 5, 8, 8, 9, 10]","[-1, 9, -1, 5, 10, -1, -1, -1, 8, -1, 8, -1, -1, -1, 11, -1, -1, -1, -1, -1, -1]","[2179.735226447583, 0, 1404.9280849491247, 0, 0, 4029.0, 3125.8759347491373, 1804.7733411250892, 0, 1849.264773552417, 0, 4029.0, 4029.0, 819.2985739257858, 0, 4029.0, 2759.1889521394987, 1269.811047860501, 4029.0, 903.1240652508625, 4029.0]","[(29.79646666666667, 11.306333333333336, 11.331333333333335), 0, (87.92, 0.21286666666666668, 0.18966666666666662), 0, 0, (0.0, 0.0, 0.0), (115.3428, 0.03426666666666667, 0.023266666666666665), (58.719800000000006, 0.21913333333333332, 0.0012), 0, (167.77133333333336, 0.8164666666666667, 0.02233333333333333), 0, (1311.4188000000001, 0.14286666666666667, 0.5135333333333333), (0.0, 0.0, 0.0), (447.39213333333333, 0.013266666666666668, 0.18946666666666667), 0, (97.867, 0.0, 0.001), (506.11220000000003, 0.7000666666666667, 1.4158), (0.0, 0.004733333333333333, 0.0), (108.76053333333334, 0.20446666666666666, 0.17406666666666665), (0.0, 0.0044, 0.0), (651.5146, 19.004533333333335, 2.486266666666667)]","[(3, 0.0, 1.6666666666666667e-05), 0, (1, 0.0, 0.050077777777777784), 0, 0, (2, 0.0, 0.0), (3, 0.0, 0.027411111111111112), (1, 1.666666666666667e-05, 0.053094444444444444), 0, (1, 0.0, 0.005544444444444444), 0, (3, 5e-05, 0.13139444444444442), (2, 0.0, 0.0), (2, 0.07923333333333334, 0.004383333333333332), 0, (3, 0.008, 0.00039999999999999996), (1, 0.0675, 0.04805), (3, 0.0, 0.0012333333333333335), (1, 0.0, 0.05014999999999999), (1, 0.0, 0.0008277777777777778), (2, 0.0, 0.0053)]","[1, -1, 10, -1, -1, 12, 6, 10, -1, 1, -1, 9, 2, 10, -1, 3, 4, 4, 7, 6, 14]","[True, False, True, False, False, True, True, True, False, True, False, True, True, True, False, True, True, True, True, True, True]"
12,"[0, 0, 1426.8451722187147, 0, 0, 3151.912592725404, 3089.2155868173595, 1618.55178351867, 0, 1483.4440524727775, 0, 2953.431360041183, 3151.912592725404, 507.51144333852443, 0, 0, 1964.079999504682, 578.5431829120669, 1886.9411202662081, 520.8668579276933, 1739.5619942211624, 1155.2559781834066]","[0, 0, 0, 0, 0, 0, 1, 1, 1, 2, 2, 2, 2, 2, 3, 3, 3, 3, 3, 3, 3, 3]","[1, 1, 1, 1, 1, 3, 3, 2, 2, 3, 3, 7, 3, 3, 4, 4, 5, 8, 8, 9, 10, 12]","[-1, 9, -1, 5, 10, -1, -1, -1, 8, -1, 8, -1, -1, -1, 11, 12, -1, -1, -1, -1, -1, -1]","[1272.7779737636113, 0, 1585.5423725267449, 0, 0, 4029.0, 3298.6743644448334, 1777.2489838267002, 0, 2756.222026236389, 0, 4029.0, 4029.0, 666.2086436465547, 0, 0, 2707.268408296308, 1321.7315917036924, 4029.0, 730.325635555167, 4029.0, 4029.0]","[(29.66546666666667, 11.591533333333333, 11.616), 0, (83.36113333333331, 0.21606666666666663, 0.18393333333333337), 0, 0, (0.0, 0.0, 0.0), (111.1486, 0.03153333333333334, 0.0434), (46.1372, 0.21906666666666663, 0.0013333333333333333), 0, (186.64606666666668, 3.3434, 0.0272), 0, (1311.4188000000001, 0.188, 0.5201333333333333), (0.0, 0.0, 0.0), (457.87773333333325, 0.012866666666666667, 0.18946666666666667), 0, 0, (713.031, 0.7426, 1.2830666666666666), (0.0, 0.004733333333333333, 6.666666666666668e-05), (115.2732, 0.21046666666666666, 0.17566666666666664), (0.0, 0.0046, 0.00013333333333333334), (369.0984, 16.1096, 2.579733333333333), (67.10839999999999, 0.00013333333333333334, 0.001)]","[(3, 0.0, 2.2222222222222223e-05), 0, (1, 0.0, 0.04877777777777778), 0, 0, (2, 0.0, 0.0), (3, 0.0009, 0.029877777777777774), (1, 0.0, 0.05315555555555555), 0, (1, 0.0, 0.005394444444444445), 0, (3, 3.3333333333333335e-05, 0.16156666666666666), (2, 0.0, 0.0), (2, 0.08313333333333334, 0.0036777777777777776), 0, 0, (1, 0.0019333333333333331, 0.002327777777777778), (3, 0.0, 0.0012666666666666666), (1, 0.0, 0.05059444444444444), (1, 0.0, 0.0008111111111111112), (2, 0.0, 0.00225), (1, 0.0, 0.0005722222222222222)]","[1, -1, 10, -1, -1, 12, 6, 10, -1, 1, -1, 9, 2, 10, -1, -1, 4, 4, 7, 6, 14, 13]","[True, False, True, False, False, True, True, True, False, True, False, True, True, True, False, False, True, True, True, True, True, True]"
13,"[0, 0, 2127.9437597196566, 0, 0, 2938.223603388089, 2842.73561978406, 1607.5971183171898, 0, 1397.4042974293563, 0, 2989.8560016860883, 2938.223603388089, 530.8836808606934, 0, 0, 2079.788639958885, 593.3776234995555, 1906.1117847681867, 510.85018758292983, 1826.3731494030244, 1151.9170880730503, 1071.7839430047102, 731.2170323801198]","[0, 0, 0, 0, 0, 0, 1, 1, 1, 2, 2, 2, 2, 2, 3, 3, 3, 3, 3, 3, 3, 3, 4, 4]","[1, 1, 1, 1, 1, 3, 3, 2, 2, 3, 3, 7, 3, 3, 4, 4, 5, 8, 8, 9, 10, 12, 13, 13]","[13, 9, -1, 5, 10, -1, -1, -1, 8, -1, 8, -1, -1, -1, 11, 12, -1, -1, -1, -1, -1, -1, -1, -1]","[0, 0, 2048.8022400871437, 0, 0, 4029.0, 3180.442716100565, 1528.4555986846767, 0, 4029.0, 0, 4029.0, 4029.0, 451.74216122818035, 0, 0, 2287.9942080126984, 801.5831915533687, 4029.0, 848.557283899435, 4029.0, 4029.0, 4029.0, 939.422600433933]","[0, 0, (90.52506666666666, 0.3320666666666667, 0.2432666666666667), 0, 0, (0.0, 0.0, 0.0), (97.86666666666669, 0.0338, 0.023066666666666666), (32.15606666666666, 0.22213333333333332, 0.0012666666666666666), 0, (441.79940000000005, 3.5278666666666667, 0.02166666666666667), 0, (1177.2012, 0.14893333333333333, 0.6776666666666666), (0.0, 0.0, 0.0), (450.1882, 0.0128, 0.18919999999999998), 0, 0, (458.5768, 0.723, 1.306), (67.1088, 0.004666666666666667, 6.666666666666668e-05), (97.689, 0.24573333333333333, 0.20893333333333336), (0.0, 0.004533333333333333, 0.0), (268.4352, 13.852799999999998, 1.682), (72.70093333333334, 6.666666666666668e-05, 0.001), (125.829, 0.0033333333333333335, 0.0012666666666666666), (178.9568, 0.0019333333333333331, 0.0014666666666666665)]","[0, 0, (1, 0.0002333333333333333, 0.0568888888888889), 0, 0, (2, 0.0, 0.0), (3, 0.0, 0.02947777777777778), (1, 0.0, 0.05301111111111111), 0, (1, 0.0, 0.005505555555555555), 0, (3, 5e-05, 0.12382222222222221), (2, 0.0, 0.0), (2, 0.07976666666666667, 0.004427777777777778), 0, 0, (1, 0.059366666666666665, 0.06801666666666667), (3, 0.0, 0.0012222222222222224), (1, 0.0, 0.05149444444444444), (1, 0.0, 0.0008055555555555557), (2, 0.0, 0.005916666666666666), (1, 0.0, 0.0005666666666666666), (3, 0.0, 0.0006444444444444443), (1, 0.36411666666666676, 0.01315)]","[-1, -1, 10, -1, -1, 12, 6, 10, -1, 1, -1, 9, 2, 10, -1, -1, 4, 4, 7, 6, 14, 13, 15, 4]","[False, False, True, False, False, True, True, True, False, True, False, True, True, True, False, False, True, True, True, True, True, True, True, True]"
14,"[0, 0, 2445.6290571810214, 0, 0, 2958.2569461384624, 2867.38361648739, 1917.0664102590001, 0, 0, 0, 5888.650399259911, 2958.2569461384624, 424.0391664736356, 0, 0, 2871.947793837662, 572.6094066770711, 1908.8504511256126, 520.8668579276933, 1612.6841520322869, 1158.5948682937635, 1068.445052216534, 657.7614400862267]","[0, 0, 0, 0, 0, 0, 1, 1, 1, 2, 2, 2, 2, 2, 3, 3, 3, 3, 3, 3, 3, 3, 4, 4]","[1, 1, 1, 1, 1, 3, 3, 2, 2, 3, 3, 7, 3, 3, 4, 4, 5, 8, 8, 9, 10, 12, 13, 13]","[13, 9, -1, 5, 10, -1, -1, -1, 8, -1, 8, -1, -1, -1, 11, 12, -1, -1, -1, -1, -1, -1, -1, -1]","[0, 0, 2193.0508458764693, 0, 0, 4029.0, 3187.7583792798487, 1664.4881989544479, 0, 4029.0, 0, 4029.0, 4029.0, 171.4609551690834, 0, 0, 2847.5082469706754, 548.1698598100844, 4029.0, 841.2416207201517, 4029.0, 4029.0, 4029.0, 633.32189321924]","[0, 0, (126.996, 0.5407333333333333, 0.289), 0, 0, (0.0, 0.0, 0.0), (98.5656, 0.03406666666666667, 0.023066666666666666), (58.719800000000006, 0.34153333333333336, 0.0017333333333333335), 0, (421.5272, 3.163133333333333, 0.021933333333333332), 0, (1269.4758, 0.3529333333333333, 0.49439999999999995), (0.0, 0.0, 0.0), (483.74273333333326, 0.012666666666666665, 0.18913333333333332), 0, 0, (824.879, 0.7441333333333333, 1.3625333333333334), (22.3696, 0.0048, 0.0), (125.0422, 0.247, 0.19506666666666664), (0.0, 0.0046, 0.00013333333333333334), (383.0794, 15.210066666666668, 1.8525333333333331), (75.49719999999999, 0.0004, 0.0014666666666666665), (170.56820000000002, 0.0034, 0.0014666666666666665), (192.93779999999998, 0.003933333333333333, 0.0014666666666666665)]","[0, 0, (1, 0.0001, 0.059855555555555565), 0, 0, (2, 0.0, 0.0), (3, 0.0, 0.029166666666666667), (1, 0.00016666666666666666, 0.06364444444444443), 0, (1, 0.04335, 0.02068888888888889), 0, (3, 0.1731833333333333, 0.38794999999999996), (2, 0.0, 0.0), (2, 0.07776666666666666, 0.0032166666666666654), 0, 0, (1, 1.0255833333333333, 0.54465), (3, 0.0, 0.0012777777777777776), (1, 3.3333333333333335e-05, 0.05121666666666667), (1, 0.0, 0.0008166666666666667), (2, 0.0, 0.0036999999999999997), (1, 0.0, 0.0005499999999999999), (3, 0.0, 0.0005666666666666666), (1, 0.26766666666666666, 0.015294444444444444)]","[-1, -1, 10, -1, -1, 12, 6, 10, -1, 1, -1, 9, 2, 10, -1, -1, 4, 4, 7, 6, 14, 13, 15, 4]","[False, False, True, False, False, True, True, True, False, True, False, True, True, True, False, False, True, True, True, True, True, True, True, True]"
15,"[0, 0, 2166.2850887236145, 0, 0, 3018.356974389583, 3604.08485128692, 2037.56772747528, 0, 0, 0, 4252.576912042853, 3018.356974389583, 574.2892648304356, 0, 0, 1993.7488816724258, 664.582938319502, 1714.4051397483977, 510.85018758292983, 1499.1618721790824, 1151.9170880730503, 1095.1561785219467, 711.18368902724, 2251.868135745323]","[0, 0, 0, 0, 0, 0, 1, 1, 1, 2, 2, 2, 2, 2, 3, 3, 3, 3, 3, 3, 3, 3, 4, 4, 4]","[1, 1, 1, 1, 1, 3, 3, 2, 2, 3, 3, 7, 3, 3, 4, 4, 5, 8, 8, 9, 10, 12, 13, 13, 15]","[13, 9, -1, 5, 10, -1, -1, -1, 8, 15, 8, -1, -1, -1, 11, 12, -1, -1, -1, -1, -1, -1, -1, -1, -1]","[0, 0, 1916.5710617138377, 0, 0, 4029.0, 3561.117331851995, 1787.8537004655032, 0, 0, 0, 4029.0, 4029.0, 324.5752378206589, 0, 0, 2213.577045332703, 884.4111019797795, 1745.7685020015374, 467.88266814800465, 4029.0, 4029.0, 4029.0, 931.0118526875175, 2283.2314979984626]","[0, 0, (113.97066666666669, 0.33546666666666664, 0.21846666666666667), 0, 0, (0.0, 0.0, 0.0), (159.383, 0.27046666666666663, 0.022466666666666666), (29.3598, 0.5571333333333334, 0.0044), 0, 0, 0, (1974.1186, 0.14053333333333334, 0.48906666666666665), (0.0, 0.0, 0.0), (522.8896, 0.0003333333333333333, 0.0004), 0, 0, (721.4196, 0.7326, 1.4462000000000002), (78.29360000000001, 0.005933333333333334, 0.0014666666666666665), (93.78139999999999, 0.23493333333333336, 0.19066666666666662), (0.0, 0.0046, 0.0), (279.62, 9.749466666666667, 1.610333333333333), (75.49719999999999, 0.0003333333333333333, 0.0014), (170.56820000000002, 0.0033333333333333335, 0.0014), (134.2176, 0.002, 0.0014), (100.6632, 0.009333333333333334, 0.0108)]","[0, 0, (1, 0.0, 0.05419444444444445), 0, 0, (2, 0.0, 0.0), (3, 0.0013666666666666669, 0.02918888888888889), (1, 0.00015, 0.1132611111111111), 0, 0, 0, (3, 1.666666666666667e-05, 0.31198333333333333), (2, 0.0, 0.0), (2, 0.6217333333333334, 0.037983333333333334), 0, 0, (1, 0.0, 0.0003444444444444444), (3, 0.0, 0.0033777777777777777), (1, 0.0, 0.049894444444444436), (1, 0.0, 0.0008222222222222222), (2, 0.05768333333333333, 0.023244444444444446), (1, 0.0, 0.0005611111111111111), (3, 0.0, 0.0008388888888888889), (1, 0.2701, 0.013050000000000004), (2, 0.0, 0.002416666666666667)]","[-1, -1, 10, -1, -1, 12, 6, 10, -1, -1, -1, 9, 2, 10, -1, -1, 4, 4, 7, 6, 14, 13, 15, 4, 7]","[False, False, True, False, False, True, True, True, False, False, False, True, True, True, False, False, True, True, True, True, True, True, True, True, True]"
16,"[0, 0, 2018.3971054226345, 0, 0, 3148.573702267009, 4107.999450555, 1878.7250820538202, 0, 0, 0, 3235.722332789209, 3148.573702267009, 570.95037375584, 0, 0, 2118.3581867769535, 626.0133927920311, 1851.3384576196752, 524.2057480426145, 1863.10094582612, 1168.6115386248337, 1105.1728508864767, 647.7447684097866, 2266.7025766922616]","[0, 0, 0, 0, 0, 0, 1, 1, 1, 2, 2, 2, 2, 2, 3, 3, 3, 3, 3, 3, 3, 3, 4, 4, 4]","[1, 1, 1, 1, 1, 3, 3, 2, 2, 3, 3, 7, 3, 3, 4, 4, 5, 8, 8, 9, 10, 12, 13, 13, 15]","[13, 9, -1, 5, 10, -1, -1, -1, 8, 15, 8, -1, -1, -1, 11, 12, -1, -1, -1, -1, -1, -1, -1, -1, -1]","[0, 0, 1872.0395850118696, 0, 0, 4029.0, 3806.396851256193, 1732.3675616430553, 0, 0, 0, 4029.0, 4029.0, 424.592853345075, 0, 0, 2330.6527374506963, 838.3079434657741, 1806.817940463707, 222.60314874380697, 4029.0, 4029.0, 4029.0, 860.0393190835296, 2222.1820595362933]","[0, 0, (114.62193333333336, 0.28486666666666666, 0.20433333333333337), 0, 0, (0.0, 0.0, 0.0), (234.88039999999998, 0.2981333333333333, 0.018066666666666665), (50.3314, 0.34666666666666673, 0.0016666666666666668), 0, 0, 0, (1730.8488, 0.18693333333333337, 0.49646666666666667), (0.0, 0.0, 0.0), (428.5174, 0.0031333333333333335, 0.0476), 0, 0, (626.3488000000001, 0.7791333333333333, 1.1652666666666667), (44.7392, 0.004666666666666667, 6.666666666666668e-05), (104.85293333333334, 0.21746666666666667, 0.18180000000000002), (22.3696, 0.004666666666666667, 0.0002), (338.34020000000004, 2.189, 3.0638666666666667), (77.5942, 0.00046666666666666666, 0.0014), (128.6252, 0.0032, 0.0014), (226.49220000000003, 0.0016666666666666668, 0.0014), (150.9948, 0.009333333333333334, 0.010933333333333335)]","[0, 0, (1, 3.3333333333333335e-05, 0.05196111111111111), 0, 0, (2, 0.0, 0.0), (3, 8.333333333333333e-05, 0.02883888888888889), (1, 0.002466666666666667, 0.06152777777777777), 0, 0, 0, (3, 1.666666666666667e-05, 0.20562222222222223), (2, 0.0, 0.0), (2, 0.6187666666666667, 0.009888888888888888), 0, 0, (1, 0.0019833333333333335, 0.0026333333333333334), (3, 0.0, 0.0013444444444444443), (1, 3.3333333333333335e-05, 0.05011111111111111), (1, 0.0, 0.0008666666666666667), (2, 1.1261166666666667, 0.002977777777777778), (1, 0.0, 0.001627777777777778), (3, 0.0, 0.0005555555555555557), (1, 0.27021666666666666, 0.012733333333333334), (2, 0.0, 0.0026888888888888887)]","[-1, -1, 10, -1, -1, 12, 6, 10, -1, -1, -1, 9, 2, 10, -1, -1, 4, 4, 7, 6, 14, 13, 15, 4, 7]","[False, False, True, False, False, True, True, True, False, False, False, True, True, True, False, False, True, True, True, True, True, True, True, True, True]"
17,"[0, 0, 1966.362444631549, 0, 0, 3425.7016103138403, 3519.18619597545, 1700.71177252977, 0, 0, 0, 2452.592537423716, 3425.7016103138403, 617.6948488001779, 0, 0, 2145.060180727923, 593.3776234995555, 1802.042463186016, 517.5279678127722, 2634.3846707111265, 1165.2726485144767, 1078.4617245810634, 724.5392512624934, 2248.9012475559352]","[0, 0, 0, 0, 0, 0, 1, 1, 1, 2, 2, 2, 2, 2, 3, 3, 3, 3, 3, 3, 3, 3, 4, 4, 4]","[1, 1, 1, 1, 1, 3, 3, 2, 2, 3, 3, 7, 3, 3, 4, 4, 5, 8, 8, 9, 10, 12, 13, 13, 15]","[13, 9, -1, 5, 10, -1, -1, -1, 8, 15, 8, -1, -1, -1, 11, 12, -1, -1, -1, -1, -1, -1, -1, -1, -1]","[0, 0, 1881.1060893110498, 0, 0, 4029.0, 3515.329114081339, 1615.455417209271, 0, 0, 0, 4029.0, 4029.0, 532.4384934796788, 0, 0, 2333.734495564599, 782.0519383362315, 1791.0706078150404, 513.670885918661, 4029.0, 4029.0, 4029.0, 913.2135660991694, 2237.9293921849594]","[0, 0, (98.99153333333334, 0.26739999999999997, 0.19593333333333338), 0, 0, (0.0, 0.0, 0.0), (221.59853333333334, 0.0404, 0.026733333333333335), (54.525800000000004, 0.2951333333333333, 0.0012666666666666666), 0, 0, 0, (1356.158, 0.1402, 0.49906666666666666), (0.0, 0.0, 0.0), (371.8944, 0.0048, 0.06446666666666667), 0, 0, (542.4628, 0.7475333333333333, 1.4531333333333334), (44.7392, 0.004666666666666667, 0.0), (98.34026666666666, 0.21266666666666662, 0.17426666666666668), (78.29360000000001, 0.004533333333333333, 6.666666666666668e-05), (408.2452, 3.357266666666667, 2.6136666666666666), (69.2056, 0.00046666666666666666, 0.0013333333333333333), (134.2176, 0.0033333333333333335, 0.0014), (271.2314, 0.0722, 0.0028666666666666667), (150.9948, 0.009266666666666668, 0.0106)]","[0, 0, (1, 0.0, 0.051827777777777785), 0, 0, (2, 0.0, 0.0), (3, 0.0, 0.02946666666666667), (1, 0.0001, 0.058061111111111105), 0, 0, 0, (3, 8.333333333333333e-05, 0.11315), (2, 0.0, 0.0), (2, 0.6185666666666666, 0.005033333333333333), 0, 0, (1, 0.07328333333333333, 0.0468111111111111), (3, 0.0, 0.0013), (1, 0.00011666666666666667, 0.04876111111111111), (1, 0.0, 0.000861111111111111), (2, 1.092625, 0.013255555555555555), (1, 0.0, 0.0005499999999999999), (3, 0.0, 0.0007111111111111111), (1, 0.24863333333333332, 0.04668333333333334), (2, 0.0, 0.0023555555555555556)]","[-1, -1, 10, -1, -1, 12, 6, 10, -1, -1, -1, 9, 2, 10, -1, -1, 4, 4, 7, 6, 14, 13, 15, 4, 7]","[False, False, True, False, False, True, True, True, False, False, False, True, True, True, False, False, True, True, True, True, True, True, True, True, True]"
18,"[0, 0, 1996.48777456323, 0, 0, 3442.3960626058183, 3576.69818828322, 1752.7464322368, 0, 0, 0, 2677.21116090064, 3442.3960626058183, 590.9837202034133, 0, 0, 2245.9343800982538, 596.3445116170533, 1136.5465383316057, 517.5279678127722, 1779.6286812281753, 1178.6282089559033, 0, 737.8948134977464, 2254.8350239347114]","[0, 0, 0, 0, 0, 0, 1, 1, 1, 2, 2, 2, 2, 2, 3, 3, 3, 3, 3, 3, 3, 3, 4, 4, 4]","[1, 1, 1, 1, 1, 3, 3, 2, 2, 3, 3, 7, 3, 3, 4, 4, 5, 8, 8, 9, 10, 12, 13, 13, 15]","[13, 9, -1, 5, 10, -1, -1, -1, 8, 15, 8, -1, -1, -1, 11, 12, -1, -1, -1, -1, -1, -1, -1, -1, -1]","[0, 0, 1892.7484655620824, 0, 0, 4029.0, 3544.085110235224, 1649.0071232356524, 0, 0, 0, 4029.0, 4029.0, 487.24441120226567, 0, 0, 2395.543145027236, 745.9532765460355, 1455.3557571984472, 484.91488976477604, 4029.0, 4029.0, 4029.0, 887.5035784267286, 2573.644242801553]","[0, 0, (100.29406666666667, 0.28213333333333335, 0.20133333333333336), 0, 0, (0.0, 0.0, 0.0), (117.44013333333332, 0.04193333333333333, 0.027666666666666673), (37.7482, 0.27673333333333333, 0.0014), 0, 0, 0, (1227.5328, 0.18566666666666662, 0.4779333333333333), (0.0, 0.0, 0.0), (318.06759999999997, 0.003933333333333333, 0.06373333333333334), 0, 0, (710.2348000000001, 0.9372, 1.3942), (33.5544, 0.0046, 6.666666666666668e-05), (87.92, 0.21286666666666668, 0.18966666666666662), (0.0, 0.004666666666666667, 0.00013333333333333334), (645.9222, 2.945, 2.129), (82.4876, 0.0007333333333333332, 0.002), (268.4352, 0.0032666666666666664, 0.0013333333333333333), (164.9758, 0.0021333333333333334, 0.0014666666666666665), (184.5492, 0.009333333333333334, 0.0108)]","[0, 0, (1, 1.666666666666667e-05, 0.05187777777777777), 0, 0, (2, 0.0, 0.0), (3, 0.0027166666666666667, 0.027800000000000002), (1, 0.0, 0.057172222222222215), 0, 0, 0, (3, 3.3333333333333335e-05, 0.15232222222222222), (2, 0.0, 0.0), (2, 0.6186833333333334, 0.003605555555555555), 0, 0, (1, 0.003016666666666666, 0.05234444444444444), (3, 0.0, 0.001222222222222222), (1, 0.0, 0.050077777777777784), (1, 0.0, 0.0008388888888888889), (2, 0.0, 0.0070888888888888885), (1, 0.0, 0.0005722222222222222), (3, 0.0, 0.00065), (1, 0.2376, 0.013488888888888885), (2, 0.0, 0.002338888888888889)]","[-1, -1, 10, -1, -1, 12, 6, 10, -1, -1, -1, 9, 2, 10, -1, -1, 4, 4, 7, 6, 14, 13, 15, 4, 7]","[False, False, True, False, False, True, True, True, False, False, False, True, True, True, False, False, True, True, True, True, True, True, True, True, True]"
19,"[0, 0, 2029.3517708523368, 0, 0, 3475.784967189774, 3261.75156374067, 1670.5864432257001, 0, 0, 0, 6028.278192232053, 3475.784967189774, 460.76696829418665, 0, 0, 3233.9081562841443, 584.4769591470622, 0, 550.9168689619834, 2090.1455055325287, 1165.2726485144767, 0, 714.5225795860533, 2248.9012475559352, 881.4670876440003]","[0, 0, 0, 0, 0, 0, 1, 1, 1, 2, 2, 2, 2, 2, 3, 3, 3, 3, 3, 3, 3, 3, 4, 4, 4, 4]","[1, 1, 1, 1, 1, 3, 3, 2, 2, 3, 3, 7, 3, 3, 4, 4, 5, 8, 8, 9, 10, 12, 13, 13, 15, 19]","[13, 9, -1, 5, 10, -1, -1, -1, 8, 15, 8, -1, -1, -1, 11, 12, -1, -1, -1, -1, -1, -1, 19, -1, -1, -1]","[0, 0, 1985.4500433949288, 0, 0, 4029.0, 3369.9173473893434, 1626.684715768292, 0, 0, 0, 4029.0, 4029.0, 416.86524083677864, 0, 0, 3065.9389246117244, 416.50772747464214, 4029.0, 659.0826526106567, 4029.0, 4029.0, 0, 546.5533479136333, 4029.0, 4029.0]","[0, 0, (104.20166666666668, 0.267, 0.19686666666666666), 0, 0, (0.0, 0.0, 0.0), (115.3428, 0.04046666666666667, 0.026666666666666672), (30.75786666666666, 0.2919333333333333, 0.001066666666666667), 0, 0, 0, (1551.892, 0.19686666666666666, 1.39), (0.0, 0.0, 0.0), (259.3472666666667, 0.001066666666666667, 0.013266666666666668), 0, 0, (478.1502, 1.5555999999999999, 1.8252000000000002), (0.0, 0.0046, 0.0), (83.36113333333331, 0.21606666666666663, 0.18393333333333337), (0.0, 0.0046, 0.0), (402.6528, 3.2084, 1.765466666666667), (81.08953333333334, 0.0002666666666666667, 0.001), 0, (159.3834, 0.0022666666666666664, 0.0018), (218.1036, 0.009266666666666668, 0.010533333333333334), (95.9442, 0.019933333333333334, 0.0208)]","[0, 0, (1, 3.3333333333333335e-05, 0.05137777777777777), 0, 0, (2, 0.0, 0.0), (3, 0.0, 0.025622222222222223), (1, 3.3333333333333335e-05, 0.057200000000000015), 0, 0, 0, (3, 0.0001, 0.1530611111111111), (2, 0.0, 0.0), (2, 0.3472166666666667, 0.0044444444444444444), 0, 0, (1, 0.0011333333333333332, 0.0015055555555555556), (3, 0.0, 0.0012777777777777776), (1, 0.0, 0.04877777777777778), (1, 0.0, 0.0012333333333333335), (2, 0.0, 0.005355555555555555), (1, 0.0, 0.000538888888888889), 0, (1, 0.27031666666666665, 0.012972222222222222), (2, 0.0, 0.0022555555555555554), (1, 0.0012, 0.05558333333333333)]","[-1, -1, 10, -1, -1, 12, 6, 10, -1, -1, -1, 9, 2, 10, -1, -1, 4, 4, 7, 6, 14, 13, -1, 4, 8, 15]","[False, False, True, False, False, True, True, True, False, False, False, True, True, True, False, False, True, True, True, True, True, True, False, True, True, True]"
20,"[0, 0, 1991.0104418483793, 0, 0, 3732.8795324862313, 3409.63954396065, 1722.6211029327299, 0, 0, 0, 6374.312287858666, 3732.8795324862313, 851.4172240218669, 0, 0, 4138.80906240035, 590.4107353820577, 0, 520.8668579276933, 1232.0506254656602, 0, 0, 707.8447984684265, 2201.431036525731, 754.589249271, 2327.8664038117226]","[0, 0, 0, 0, 0, 0, 1, 1, 1, 2, 2, 2, 2, 2, 3, 3, 3, 3, 3, 3, 3, 3, 4, 4, 4, 4, 4]","[1, 1, 1, 1, 1, 3, 3, 2, 2, 3, 3, 7, 3, 3, 4, 4, 5, 8, 8, 9, 10, 12, 13, 13, 15, 19, 20]","[13, 9, -1, 5, 10, -1, -1, -1, 8, 15, 8, -1, -1, -1, 11, 12, -1, -1, 20, -1, -1, -1, 19, -1, -1, -1, -1]","[0, 0, 1812.3275189140538, 0, 0, 4029.0, 3458.8863430164783, 1543.9381799984044, 0, 0, 0, 4029.0, 4029.0, 672.7343010875416, 0, 0, 3669.4541969834054, 121.05586996511329, 0, 570.1136569835218, 4029.0, 4029.0, 0, 238.489933051482, 4029.0, 4029.0, 4029.0]","[0, 0, (76.1972, 0.28906666666666664, 0.20346666666666666), 0, 0, (0.0, 0.0, 0.0), (132.12006666666667, 0.0338, 0.0268), (50.3314, 0.2760666666666667, 0.0014), 0, 0, 0, (1736.4414, 0.2492666666666667, 1.2721333333333333), (0.0, 0.0, 0.0), (442.49846666666673, 0.015266666666666668, 0.23006666666666664), 0, 0, (673.8842, 1.5523333333333331, 1.8134000000000001), (0.0, 0.004666666666666667, 6.666666666666668e-05), 0, (0.0, 0.004666666666666667, 0.00013333333333333334), (444.5958, 2.369733333333333, 2.1395999999999997), (78.99233333333332, 0.0004, 0.0014), 0, (173.3644, 0.0022, 0.0016), (268.4352, 0.009333333333333334, 0.0108), (96.9928, 0.020133333333333333, 0.014066666666666665), (335.544, 0.016466666666666664, 0.009866666666666668)]","[0, 0, (1, 0.00013333333333333334, 0.05233888888888889), 0, 0, (2, 0.0, 0.0), (3, 0.0, 0.03398333333333334), (1, 1.666666666666667e-05, 0.05597222222222223), 0, 0, 0, (3, 0.00015, 0.2104), (2, 0.0, 0.0), (2, 1.0279, 0.004183333333333333), 0, 0, (1, 1.0415999999999999, 0.5724111111111111), (3, 0.0, 0.0013333333333333333), 0, (1, 0.0, 0.0008222222222222222), (2, 0.0, 0.005061111111111111), (1, 0.0, 0.0005777777777777778), 0, (1, 0.2694166666666667, 0.013116666666666667), (2, 0.0, 0.0022944444444444444), (1, 0.0, 0.054338888888888895), (3, 0.0, 0.015905555555555555)]","[-1, -1, 10, -1, -1, 12, 6, 10, -1, -1, -1, 9, 2, 10, -1, -1, 4, 4, -1, 6, 14, 13, -1, 4, 8, 15, 3]","[False, False, True, False, False, True, True, True, False, False, False, True, True, True, False, False, True, True, False, True, True, True, False, True, True, True, True]"
21,"[0, 0, 1865.0317894068035, 0, 0, 3782.9628893621643, 2935.85027399664, 1766.43976373865, 0, 0, 0, 3703.171900565511, 3782.9628893621643, 781.30051145536, 0, 0, 3308.0803617035053, 628.9802809095288, 0, 520.8668579276933, 2534.217953193593, 0, 0, 787.9781718799467, 2248.9012475559352, 754.589249271, 2503.141050686958]","[0, 0, 0, 0, 0, 0, 1, 1, 1, 2, 2, 2, 2, 2, 3, 3, 3, 3, 3, 3, 3, 3, 4, 4, 4, 4, 4]","[1, 1, 1, 1, 1, 3, 3, 2, 2, 3, 3, 7, 3, 3, 4, 4, 5, 8, 8, 9, 10, 12, 13, 13, 15, 19, 20]","[13, 9, -1, 5, 10, -1, -1, -1, 8, 15, 8, -1, -1, -1, 11, 12, -1, -1, 20, -1, -1, 21, 19, -1, -1, -1, -1]","[0, 0, 1737.1077678731988, 0, 0, 4029.0, 3221.9917080344735, 1638.5157422050454, 0, 0, 0, 4029.0, 4029.0, 653.3764899217555, 0, 0, 3076.0674235391784, 396.9673427452018, 0, 807.0082919655266, 4029.0, 0, 0, 555.9652337156197, 4029.0, 4029.0, 4029.0]","[0, 0, (85.9662, 0.27253333333333335, 0.19946666666666668), 0, 0, (0.0, 0.0, 0.0), (107.65339999999999, 0.037200000000000004, 0.024933333333333335), (54.525800000000004, 0.298, 0.001), 0, 0, 0, (1493.1718, 0.1692, 0.7876000000000001), (0.0, 0.0, 0.0), (662.6993333333335, 0.010066666666666666, 0.14859999999999998), 0, 0, (894.7841999999999, 1.598466666666667, 1.968333333333333), (0.0, 0.004533333333333333, 0.0), 0, (0.0, 0.0044666666666666665, 0.00013333333333333334), (349.525, 5.339466666666667, 2.7218), 0, 0, (164.9758, 0.0023333333333333335, 0.0016666666666666668), (33.5544, 0.009266666666666668, 0.010666666666666666), (90.177, 0.02, 0.014), (427.8186, 0.011466666666666667, 0.006066666666666666)]","[0, 0, (1, 0.0, 0.052361111111111115), 0, 0, (2, 0.0, 0.0), (3, 0.0, 0.03331111111111111), (1, 1.666666666666667e-05, 0.05641111111111111), 0, 0, 0, (3, 0.0001, 0.13415555555555556), (2, 0.0, 0.0), (2, 0.5962833333333333, 0.006688888888888889), 0, 0, (1, 0.0013, 0.001966666666666667), (3, 0.0, 0.0016666666666666668), 0, (1, 0.0, 0.0008944444444444446), (2, 0.0, 0.01048888888888889), 0, 0, (1, 0.2995333333333334, 0.013277777777777779), (2, 0.0, 0.0023555555555555556), (1, 3.3333333333333335e-05, 0.05506666666666666), (3, 1.666666666666667e-05, 0.017866666666666666)]","[-1, -1, 10, -1, -1, 12, 6, 10, -1, -1, -1, 9, 2, 10, -1, -1, 4, 4, -1, 6, 14, -1, -1, 4, 8, 15, 3]","[False, False, True, False, False, True, True, True, False, False, False, True, True, True, False, False, True, True, False, True, True, False, False, True, True, True, True]"
22,"[0, 0, 1982.7944427761026, 0, 0, 3388.973815271489, 2733.1889677692598, 1730.8371018338398, 0, 0, 0, 3949.038231668631, 3388.973815271489, 804.672748977529, 0, 0, 3144.901509780911, 605.2451759695467, 0, 520.8668579276933, 5161.924842736884, 0, 0, 757.9281568506268, 5046.6768101486105, 0, 2497.663717972107, 2327.8664038117226]","[0, 0, 0, 0, 0, 0, 1, 1, 1, 2, 2, 2, 2, 2, 3, 3, 3, 3, 3, 3, 3, 3, 4, 4, 4, 4, 4, 4]","[1, 1, 1, 1, 1, 3, 3, 2, 2, 3, 3, 7, 3, 3, 4, 4, 5, 8, 8, 9, 10, 12, 13, 13, 15, 19, 20, 22]","[13, 9, -1, 5, 10, -1, -1, -1, 8, 15, 8, -1, -1, -1, 11, 12, -1, -1, 20, -1, -1, 21, 19, -1, -1, -1, -1, -1]","[0, 0, 1819.693011580279, 0, 0, 4029.0, 3120.6610549207835, 1567.7356706380162, 0, 0, 0, 4029.0, 4029.0, 641.5713177817053, 0, 0, 2985.2098955805495, 445.5535617691851, 0, 908.3389450792168, 4029.0, 0, 0, 598.2365426502652, 4029.0, 4029.0, 4029.0, 4029.0]","[0, 0, (92.47886666666669, 0.26613333333333333, 0.19846666666666668), 0, 0, (0.0, 0.0, 0.0), (99.96353333333334, 0.03306666666666667, 0.022733333333333335), (41.942800000000005, 0.2816666666666667, 0.0014), 0, 0, 0, (1484.7831999999999, 0.21580000000000002, 0.8416666666666666), (0.0, 0.0, 0.0), (598.3869333333334, 0.0126, 0.18913333333333332), 0, 0, (727.012, 1.5444666666666669, 1.7056666666666669), (0.0, 0.004666666666666667, 6.666666666666668e-05), 0, (0.0, 0.004666666666666667, 6.666666666666668e-05), (553.6476, 10.710466666666667, 4.053266666666667), 0, 0, (162.1796, 0.0022, 0.0016666666666666668), (369.0984, 0.018533333333333336, 0.025066666666666668), (93.3228, 0.018333333333333333, 0.014133333333333333), (419.43, 0.0086, 0.004933333333333334), (335.544, 0.016466666666666664, 0.009866666666666668)]","[0, 0, (1, 0.0026333333333333334, 0.052366666666666666), 0, 0, (2, 0.0, 0.0), (3, 0.0, 0.026605555555555556), (1, 1.666666666666667e-05, 0.056561111111111104), 0, 0, 0, (3, 0.0001, 0.17663333333333334), (2, 0.0, 0.0), (2, 0.7702666666666665, 0.024955555555555557), 0, 0, (1, 0.0019666666666666665, 0.05048333333333333), (3, 0.0, 0.00125), 0, (1, 0.0, 0.0008277777777777778), (2, 0.0, 0.008927777777777778), 0, 0, (1, 0.27321666666666666, 0.013138888888888891), (2, 0.0, 0.0054888888888888895), (1, 0.0, 0.0557), (3, 0.0, 0.021744444444444445), (3, 0.0, 0.015905555555555555)]","[-1, -1, 10, -1, -1, 12, 6, 10, -1, -1, -1, 9, 2, 10, -1, -1, 4, 4, -1, 6, 14, -1, -1, 4, 8, 15, 3, 5]","[False, False, True, False, False, True, True, True, False, False, False, True, True, True, False, False, True, True, False, True, True, False, False, True, True, True, True, True]"
23,"[0, 0, 1854.077123977101, 0, 0, 0, 2831.7809545825808, 1730.8371018338398, 0, 0, 0, 3566.579494397111, 0, 661.10043276992, 0, 0, 3242.8088209344673, 587.44384726456, 0, 524.2057480426145, 3255.4183193198332, 0, 0, 838.0615302621467, 6361.008278047395, 0, 2664.722365775066, 2503.141050686958, 590.9835929581135]","[0, 0, 0, 0, 0, 0, 1, 1, 1, 2, 2, 2, 2, 2, 3, 3, 3, 3, 3, 3, 3, 3, 4, 4, 4, 4, 4, 4, 5]","[1, 1, 1, 1, 1, 3, 3, 2, 2, 3, 3, 7, 3, 3, 4, 4, 5, 8, 8, 9, 10, 12, 13, 13, 15, 19, 20, 22, 23]","[13, 9, -1, 5, 10, -1, -1, -1, 8, 15, 8, -1, -1, -1, 11, 12, -1, -1, 20, -1, -1, 21, 19, -1, -1, 23, -1, -1, -1]","[0, 0, 1781.7389044501476, 0, 0, 4029.0, 3168.2876032699833, 1658.4988823068863, 0, 0, 0, 4029.0, 4029.0, 588.7622132429664, 0, 0, 3029.704088114076, 374.3391144441687, 0, 860.712396730017, 4029.0, 0, 0, 624.9567974417554, 4029.0, 0, 4029.0, 4029.0, 4029.0]","[0, 0, (121.1346, 0.2476, 0.193), 0, 0, (0.0, 0.0, 0.0), (103.459, 0.03553333333333333, 0.025), (41.943, 0.27626666666666666, 0.0012666666666666666), 0, 0, 0, (1644.1666, 0.15380000000000002, 0.6252666666666667), (0.0, 0.0, 0.0), (560.6383333333334, 0.013266666666666668, 0.18946666666666667), 0, 0, (578.8134, 1.5288, 1.8861333333333334), (0.0, 0.0046, 0.00013333333333333334), 0, (0.0, 0.004533333333333333, 0.0), (503.316, 17.2942, 4.714533333333334), 0, 0, (229.2884, 0.002533333333333333, 0.0018), (1157.6274666666666, 0.016533333333333334, 0.022133333333333328), 0, (455.7806, 0.011333333333333336, 0.005066666666666666), (427.8186, 0.011466666666666667, 0.006066666666666666), (265.6387333333333, 0.05313333333333333, 0.031266666666666665)]","[0, 0, (1, 1.666666666666667e-05, 0.051916666666666667), 0, 0, (2, 0.0, 0.0), (3, 0.0001, 0.02427222222222222), (1, 0.0010166666666666666, 0.056372222222222226), 0, 0, 0, (3, 5e-05, 0.16941111111111112), (2, 0.0, 0.0), (2, 0.08003333333333333, 0.004966666666666667), 0, 0, (1, 0.07088333333333334, 0.05034444444444444), (3, 0.0, 0.0013), 0, (1, 0.0, 0.0008333333333333334), (2, 2.327875, 0.009094444444444445), 0, 0, (1, 0.30451666666666666, 0.013744444444444445), (2, 0.0, 0.005333333333333333), 0, (3, 0.0, 0.016805555555555553), (3, 1.666666666666667e-05, 0.017866666666666666), (3, 0.0, 0.006316666666666667)]","[-1, -1, 10, -1, -1, 12, 6, 10, -1, -1, -1, 9, 2, 10, -1, -1, 4, 4, -1, 6, 14, -1, -1, 4, 8, -1, 3, 5, 1]","[False, False, True, False, False, True, True, True, False, False, False, True, True, True, False, False, True, True, False, True, True, False, False, True, True, False, True, True, True]"
24,"[0, 0, 0, 0, 0, 0, 0, 0, 0, 0, 0, 4726.09725342664, 0, 644.4059773969423, 0, 0, 3296.2128088364075, 599.3113997345512, 0, 520.8668579276933, 3689.4740952291445, 0, 0, 804.6726246740133, 2438.7820916767528, 0, 2478.4930534701275, 2497.663717972107, 580.9669218910268, 1763.7010974382797, 1714.4051397483977]","[0, 0, 0, 0, 0, 0, 1, 1, 1, 2, 2, 2, 2, 2, 3, 3, 3, 3, 3, 3, 3, 3, 4, 4, 4, 4, 4, 4, 5, 5, 5]","[1, 1, 1, 1, 1, 3, 3, 2, 2, 3, 3, 7, 3, 3, 4, 4, 5, 8, 8, 9, 10, 12, 13, 13, 15, 19, 20, 22, 23, 24, 24]","[13, 9, -1, 5, 10, 24, -1, -1, 8, 15, 8, -1, 24, -1, 11, 12, -1, -1, 20, -1, -1, 21, 19, -1, -1, 23, -1, -1, -1, -1, -1]","[0, 0, 1128.1980075343527, 0, 0, 0, 1754.0665710361534, 1128.1980075343527, 0, 0, 0, 4029.0, 0, 1772.603984931295, 0, 0, 3072.4805310880834, 375.57912198622705, 0, 2274.933428963847, 4029.0, 0, 0, 580.9403469256891, 4029.0, 0, 4029.0, 4029.0, 4029.0, 4029.0, 4029.0]","[0, 0, (99.64280000000001, 0.27926666666666666, 0.19913333333333333), 0, 0, 0, (96.46846666666666, 0.0338, 0.023066666666666666), (20.971, 0.2558, 0.0012), 0, 0, 0, (1434.4516, 0.22206666666666663, 0.8742666666666667), 0, (477.45133333333325, 0.013066666666666664, 0.18980000000000002), 0, 0, (746.5854, 1.6389333333333334, 1.749), (0.0, 0.004533333333333333, 0.0), 0, (0.0, 0.0046, 6.666666666666668e-05), (570.4248, 42.85653333333333, 4.105333333333333), 0, 0, (218.1036, 0.0024, 0.0018), (167.772, 0.009333333333333334, 0.0104), 0, (332.7478, 0.012333333333333335, 0.0056), (419.43, 0.0086, 0.004933333333333334), (272.62933333333325, 0.053200000000000004, 0.03573333333333333), (39.146666666666654, 0.29753333333333337, 0.0019333333333333331), (105.5042, 0.28773333333333334, 0.22433333333333338)]","[0, 0, (1, 0.0, 0.0523111111111111), 0, 0, 0, (3, 0.0001833333333333333, 0.029927777777777772), (1, 0.0, 0.05524444444444445), 0, 0, 0, (3, 0.0001, 0.21292777777777777), 0, (2, 0.09561666666666667, 0.004766666666666667), 0, 0, (1, 0.0016833333333333331, 0.04975), (3, 0.0, 0.0012555555555555553), 0, (1, 0.0, 0.0008222222222222222), (2, 0.0, 0.005988888888888888), 0, 0, (1, 0.2717833333333333, 0.013722222222222224), (2, 0.0, 0.002172222222222222), 0, (3, 0.0, 0.021144444444444445), (3, 0.0, 0.021744444444444445), (3, 0.0, 0.0011611111111111112), (1, 0.003, 0.06097777777777777), (1, 0.0030666666666666663, 0.05871111111111111)]","[-1, -1, 10, -1, -1, -1, 6, 10, -1, -1, -1, 9, -1, 10, -1, -1, 4, 4, -1, 6, 14, -1, -1, 4, 8, -1, 7, 5, 1, 12, 11]","[False, False, True, False, False, False, True, True, False, False, False, True, False, True, False, False, True, True, False, True, True, False, False, True, True, False, True, True, True, True, True]"
25,"[0, 0, 0, 0, 0, 0, 0, 0, 0, 0, 0, 3065.7406717796443, 0, 0, 0, 0, 3136.0008451305875, 596.3445116170533, 0, 0, 0, 0, 0, 781.3003907623198, 2554.490731062876, 0, 2629.1197031285333, 2664.722365775066, 557.5946894011578, 1385.7651479872202, 1429.5838385761401, 1578.3845313240047, 1235.3895160495777]","[0, 0, 0, 0, 0, 0, 1, 1, 1, 2, 2, 2, 2, 2, 3, 3, 3, 3, 3, 3, 3, 3, 4, 4, 4, 4, 4, 4, 5, 5, 5, 5, 5]","[1, 1, 1, 1, 1, 3, 3, 2, 2, 3, 3, 7, 3, 3, 4, 4, 5, 8, 8, 9, 10, 12, 13, 13, 15, 19, 20, 22, 23, 24, 24, 25, 25]","[13, 9, 25, 5, 10, 24, 25, 25, 8, 15, 8, -1, 24, -1, 11, 12, -1, -1, 20, -1, -1, 21, 19, -1, -1, 23, -1, -1, -1, -1, -1, -1, -1]","[0, 0, 0, 0, 0, 0, 0, 0, 0, 0, 0, 4029.0, 0, 1225.3077343379978, 0, 0, 2974.4522626272674, 434.7959291137331, 0, 1396.8052419752112, 4029.0, 0, 0, 619.7518082589996, 4029.0, 0, 4029.0, 4029.0, 4029.0, 4029.0, 4029.0, 2803.6922656620027, 2632.194758024789]","[0, 0, 0, 0, 0, 0, 0, 0, 0, 0, 0, (1392.5086000000001, 0.1512, 0.6417333333333333), 0, (510.3064, 0.012666666666666665, 0.18913333333333332), 0, 0, (606.7754, 1.5655999999999999, 1.7066), (0.0, 0.004666666666666667, 0.0), 0, (0.0, 0.004533333333333333, 0.0), (394.2642, 30.276, 3.311533333333333), 0, 0, (159.3834, 0.0021333333333333334, 0.0016), (536.8704, 0.009266666666666668, 0.0106), 0, (377.487, 0.011333333333333336, 0.0054), (455.7806, 0.011333333333333336, 0.005066666666666666), (160.78126666666668, 0.05293333333333333, 0.031466666666666664), (65.71033333333331, 0.2166, 0.004533333333333333), (110.71433333333331, 0.20726666666666668, 0.17506666666666665), (223.696, 0.11593333333333333, 0.0992), (267.736, 0.28726666666666667, 0.0504)]","[0, 0, 0, 0, 0, 0, 0, 0, 0, 0, 0, (3, 6.666666666666667e-05, 0.11822222222222224), 0, (2, 0.08835, 0.004844444444444445), 0, 0, (1, 0.0, 0.0005055555555555555), (3, 0.0, 0.001238888888888889), 0, (1, 0.0, 0.0008111111111111112), (2, 0.0, 0.003466666666666667), 0, 0, (1, 0.30378333333333335, 0.013861111111111112), (2, 0.0, 0.0023777777777777777), 0, (3, 0.0, 0.030616666666666664), (3, 0.0, 0.016805555555555553), (3, 0.0, 0.0011222222222222222), (1, 0.0002833333333333333, 0.09404444444444444), (1, 0.0002333333333333333, 0.05122222222222223), (2, 0.0, 0.0010277777777777776), (1, 0.0, 0.0011611111111111112)]","[-1, -1, -1, -1, -1, -1, -1, -1, -1, -1, -1, 9, -1, 10, -1, -1, 4, 4, -1, 6, 14, -1, -1, 4, 8, -1, 7, 5, 1, 12, 11, 10, 6]","[False, False, False, False, False, False, False, False, False, False, False, True, False, True, False, False, True, True, False, True, True, False, False, True, True, False, True, True, True, True, True, True, True]"
26,"[0, 0, 0, 0, 0, 0, 0, 0, 0, 0, 0, 5157.122179558036, 0, 0, 0, 0, 3097.431298312519, 584.4769591470622, 0, 0, 0, 0, 0, 767.9448285270664, 2450.6496444343047, 0, 2505.879717044383, 2478.4930534701275, 574.2891411796356, 1569.2557901120101, 1845.861124904825, 1566.5169784569066, 1235.3895160495777, 590.9835929581135, 1763.7010974382797]","[0, 0, 0, 0, 0, 0, 1, 1, 1, 2, 2, 2, 2, 2, 3, 3, 3, 3, 3, 3, 3, 3, 4, 4, 4, 4, 4, 4, 5, 5, 5, 5, 5, 6, 6]","[1, 1, 1, 1, 1, 3, 3, 2, 2, 3, 3, 7, 3, 3, 4, 4, 5, 8, 8, 9, 10, 12, 13, 13, 15, 19, 20, 22, 23, 24, 24, 25, 25, 26, 26]","[13, 9, 25, 5, 10, 24, 25, 25, 8, 15, 8, -1, 24, 26, 11, 12, -1, -1, 20, 26, 26, 21, 19, -1, -1, 23, -1, -1, -1, -1, -1, -1, -1, -1, -1]","[0, 0, 0, 0, 0, 0, 0, 0, 0, 0, 0, 4029.0, 0, 0, 0, 0, 2957.14693631697, 444.1925971515129, 0, 0, 0, 0, 0, 627.6604665315172, 4029.0, 0, 4029.0, 4029.0, 4029.0, 4029.0, 4029.0, 4029.0, 4029.0, 1428.141247759917, 2600.858752240083]","[0, 0, 0, 0, 0, 0, 0, 0, 0, 0, 0, (1632.9818, 0.3732, 0.7381333333333333), 0, 0, 0, 0, (469.7616, 1.4955999999999998, 1.822733333333333), (0.0, 0.004666666666666667, 0.0), 0, 0, 0, 0, 0, (243.2694, 0.004200000000000001, 0.0016666666666666668), (738.197, 0.009333333333333334, 0.0108), 0, (321.563, 0.0134, 0.007933333333333334), (332.7478, 0.012333333333333335, 0.0056), (143.3049333333333, 0.05273333333333334, 0.030533333333333336), (40.54486666666667, 0.21746666666666667, 0.0017333333333333335), (109.4118, 0.21166666666666664, 0.17653333333333332), (268.4352, 0.11646666666666668, 0.09953333333333332), (279.6198, 0.2951333333333333, 0.05206666666666667), (265.6387333333333, 0.05313333333333333, 0.031266666666666665), (39.146666666666654, 0.29753333333333337, 0.0019333333333333331)]","[0, 0, 0, 0, 0, 0, 0, 0, 0, 0, 0, (3, 0.09808333333333331, 0.2580777777777778), 0, 0, 0, 0, (1, 0.24515, 0.08227777777777777), (3, 0.0, 0.0012833333333333334), 0, 0, 0, 0, 0, (1, 0.3003, 0.015455555555555556), (2, 0.0, 0.0023666666666666667), 0, (3, 0.0, 0.017744444444444448), (3, 0.0, 0.021144444444444445), (3, 0.0, 0.0011333333333333332), (1, 0.0, 0.05373333333333333), (1, 0.00011666666666666667, 0.05212222222222222), (2, 0.0, 0.0009611111111111112), (1, 0.0, 0.0009000000000000001), (3, 0.0, 0.006316666666666667), (1, 0.003, 0.06097777777777777)]","[-1, -1, -1, -1, -1, -1, -1, -1, -1, -1, -1, 9, -1, -1, -1, -1, 4, 4, -1, -1, -1, -1, -1, 4, 8, -1, 7, 5, 1, 12, 11, 10, 6, 2, 2]","[False, False, False, False, False, False, False, False, False, False, False, True, False, False, False, False, True, True, False, False, False, False, False, True, True, False, True, True, True, True, True, True, True, True, True]"
27,"[0, 0, 0, 0, 0, 0, 0, 0, 0, 0, 0, 0, 0, 0, 0, 0, 2097.589969259532, 0, 0, 0, 0, 0, 0, 808.0115152328266, 2453.616532623692, 0, 2519.573048831511, 2629.1197031285333, 0, 1517.22113040498, 1812.9971286157179, 1560.5832020233572, 1128.5450173642087, 580.9669218910268, 1385.7651479872202, 644.4058826961312]","[0, 0, 0, 0, 0, 0, 1, 1, 1, 2, 2, 2, 2, 2, 3, 3, 3, 3, 3, 3, 3, 3, 4, 4, 4, 4, 4, 4, 5, 5, 5, 5, 5, 6, 6, 6]","[1, 1, 1, 1, 1, 3, 3, 2, 2, 3, 3, 7, 3, 3, 4, 4, 5, 8, 8, 9, 10, 12, 13, 13, 15, 19, 20, 22, 23, 24, 24, 25, 25, 26, 26, 27]","[13, 9, 25, 5, 10, 24, 25, 25, 8, 15, 8, -1, 24, 26, 11, 12, -1, -1, 20, 26, 26, 21, 19, -1, -1, 23, -1, -1, -1, -1, -1, -1, -1, -1, -1, -1]","[0, 0, 0, 0, 0, 0, 0, 0, 0, 0, 0, 4029.0, 0, 0, 0, 0, 2472.0561410954124, 374.4661718358804, 0, 0, 0, 0, 0, 1182.477687068707, 4029.0, 0, 4029.0, 4029.0, 4029.0, 4029.0, 4029.0, 2472.588659663613, 4029.0, 1612.1008869519032, 2416.8991130480968, 1556.4113403363872]","[0, 0, 0, 0, 0, 0, 0, 0, 0, 0, 0, (1756.0146000000002, 0.15113333333333331, 0.6404), 0, 0, 0, 0, (436.2072, 0.7686666666666665, 1.4219333333333335), (0.0, 0.0046, 0.0), 0, 0, 0, 0, 0, (262.8428, 0.0023333333333333335, 0.0017333333333333335), (352.32120000000003, 0.0094, 0.010866666666666667), 0, (343.9326, 0.013333333333333336, 0.0074666666666666675), (377.487, 0.011333333333333336, 0.0054), (167.77166666666662, 0.052866666666666666, 0.030466666666666666), (26.56353333333333, 0.21073333333333333, 0.0014), (108.76053333333334, 0.20446666666666666, 0.17406666666666665), (33.5544, 0.11626666666666668, 0.09953333333333332), (271.93059999999997, 0.26839999999999997, 0.0528), (272.62933333333325, 0.053200000000000004, 0.03573333333333333), (65.71033333333331, 0.2166, 0.004533333333333333), (32.15606666666666, 0.0009333333333333332, 6.666666666666668e-05)]","[0, 0, 0, 0, 0, 0, 0, 0, 0, 0, 0, (3, 0.07565000000000001, 0.43214444444444444), 0, 0, 0, 0, (1, 0.0, 0.0004555555555555556), (3, 0.0, 0.0012333333333333335), 0, 0, 0, 0, 0, (1, 0.2392, 0.013144444444444443), (2, 0.0, 0.002344444444444444), 0, (3, 0.0, 0.017083333333333332), (3, 0.0, 0.030616666666666664), (3, 1.666666666666667e-05, 0.0011833333333333333), (1, 1.666666666666667e-05, 0.05187222222222222), (1, 0.0, 0.05014999999999999), (2, 0.0, 0.000972222222222222), (1, 0.0, 0.00115), (3, 0.0, 0.0011611111111111112), (1, 0.0002833333333333333, 0.09404444444444444), (1, 0.0, 0.000638888888888889)]","[-1, -1, -1, -1, -1, -1, -1, -1, -1, -1, -1, 9, -1, -1, -1, -1, 4, 4, -1, -1, -1, -1, -1, 4, 8, -1, 7, 5, 1, 12, 11, 10, 6, 2, 2, 10]","[False, False, False, False, False, False, False, False, False, False, False, True, False, False, False, False, True, True, False, False, False, False, False, True, True, False, True, True, True, True, True, True, True, True, True, True]"
28,"[0, 0, 0, 0, 0, 0, 0, 0, 0, 0, 0, 0, 0, 0, 0, 0, 1744.5302714633733, 0, 0, 0, 0, 0, 0, 781.3003907623198, 2495.1529672751212, 0, 2440.1517244661704, 2505.879717044383, 0, 1569.2557901120101, 1886.9411202662081, 1566.5169784569066, 1135.2227985320444, 557.5946894011578, 1569.2557901120101, 647.744773280049, 1147.5012037613078, 501.40426599866777]","[0, 0, 0, 0, 0, 0, 1, 1, 1, 2, 2, 2, 2, 2, 3, 3, 3, 3, 3, 3, 3, 3, 4, 4, 4, 4, 4, 4, 5, 5, 5, 5, 5, 6, 6, 6, 6, 6]","[1, 1, 1, 1, 1, 3, 3, 2, 2, 3, 3, 7, 3, 3, 4, 4, 5, 8, 8, 9, 10, 12, 13, 13, 15, 19, 20, 22, 23, 24, 24, 25, 25, 26, 26, 27, 28, 28]","[13, 9, 25, 5, 10, 24, 25, 25, 8, 15, 8, 28, 24, 26, 11, 12, -1, 28, 20, 26, 26, 21, 19, -1, -1, 23, -1, -1, 28, -1, -1, -1, -1, -1, -1, -1, -1, -1]","[0, 0, 0, 0, 0, 0, 0, 0, 0, 0, 0, 0, 0, 0, 0, 0, 2496.114940350527, 0, 0, 0, 0, 0, 0, 1532.885059649473, 4029.0, 0, 4029.0, 4029.0, 0, 2548.4257620566714, 4029.0, 2473.886102588429, 2008.3607973853684, 1508.669449644574, 2520.330550355426, 1555.1138974115713, 2020.6392026146318, 1480.5742379433289]","[0, 0, 0, 0, 0, 0, 0, 0, 0, 0, 0, 0, 0, 0, 0, 0, (360.7098, 0.7321333333333333, 1.3404), 0, 0, 0, 0, 0, 0, (215.3074, 0.0022, 0.0017333333333333335), (218.1036, 0.009333333333333334, 0.010666666666666666), 0, (478.1502, 0.012199999999999999, 0.007066666666666666), (321.563, 0.0134, 0.007933333333333334), 0, (40.54466666666666, 0.2174, 0.0013333333333333333), (115.2732, 0.21046666666666666, 0.17566666666666664), (0.0, 0.1156, 0.0996), (277.5227333333333, 0.25306666666666666, 0.0498), (160.78126666666668, 0.05293333333333333, 0.031466666666666664), (40.54486666666667, 0.21746666666666667, 0.0017333333333333335), (35.6514, 0.001, 0.0), (386.924, 1.3948666666666665, 0.0056), (0.0, 0.0048, 6.666666666666668e-05)]","[0, 0, 0, 0, 0, 0, 0, 0, 0, 0, 0, 0, 0, 0, 0, 0, (1, 0.0, 0.00023333333333333333), 0, 0, 0, 0, 0, 0, (1, 0.30243333333333333, 0.0136), (2, 0.0, 0.002655555555555556), 0, (3, 0.0009, 0.02215), (3, 0.0, 0.017744444444444448), 0, (1, 0.00013333333333333334, 0.05250555555555555), (1, 0.0, 0.05059444444444444), (2, 0.0, 0.00095), (1, 0.0, 0.001172222222222222), (3, 0.0, 0.0011222222222222222), (1, 0.0, 0.05373333333333333), (1, 0.0, 0.0006222222222222223), (1, 0.0, 0.009683333333333334), (2, 0.0, 0.0013222222222222222)]","[-1, -1, -1, -1, -1, -1, -1, -1, -1, -1, -1, -1, -1, -1, -1, -1, 4, -1, -1, -1, -1, -1, -1, 4, 8, -1, 7, 5, -1, 12, 11, 10, 6, 2, 2, 10, 6, 12]","[False, False, False, False, False, False, False, False, False, False, False, False, False, False, False, False, True, False, False, False, False, False, False, True, True, False, True, True, False, True, True, True, True, True, True, True, True, True]"
29,"[0, 0, 0, 0, 0, 0, 0, 0, 0, 0, 0, 0, 0, 0, 0, 0, 5485.776312815947, 0, 0, 0, 0, 0, 0, 0, 2423.947650729814, 0, 2429.1970590364676, 2519.573048831511, 0, 1662.37044432459, 1906.1117847681867, 1593.2189724078767, 1208.6783913782356, 574.2891411796356, 1517.22113040498, 631.0503203604601, 925.6692288098378, 498.43737685074666, 3121.8625785998443]","[0, 0, 0, 0, 0, 0, 1, 1, 1, 2, 2, 2, 2, 2, 3, 3, 3, 3, 3, 3, 3, 3, 4, 4, 4, 4, 4, 4, 5, 5, 5, 5, 5, 6, 6, 6, 6, 6, 7]","[1, 1, 1, 1, 1, 3, 3, 2, 2, 3, 3, 7, 3, 3, 4, 4, 5, 8, 8, 9, 10, 12, 13, 13, 15, 19, 20, 22, 23, 24, 24, 25, 25, 26, 26, 27, 28, 28, 29]","[13, 9, 25, 5, 10, 24, 25, 25, 8, 15, 8, 28, 24, 26, 11, 12, -1, 28, 20, 26, 26, 21, 19, -1, -1, 23, -1, -1, 28, -1, -1, -1, -1, -1, -1, -1, -1, -1, -1]","[0, 0, 0, 0, 0, 0, 0, 0, 0, 0, 0, 0, 0, 0, 0, 0, 4757.388156407973, 0, 0, 0, 0, 0, 0, -728.3881564079734, 4029.0, 0, 4029.0, 4029.0, 0, 2596.4665337369215, 4029.0, 2495.5843260237084, 2156.004581284199, 1543.0340053873279, 2485.965994612672, 1533.4156739762918, 1872.995418715801, 1432.5334662630785, 4029.0]","[0, 0, 0, 0, 0, 0, 0, 0, 0, 0, 0, 0, 0, 0, 0, 0, (1040.1868, 0.8433999999999999, 2.1876666666666664), 0, 0, 0, 0, 0, 0, (232.0846, 0.002466666666666667, 0.0015333333333333334), (134.2176, 0.009266666666666668, 0.010666666666666666), 0, (461.373, 0.013266666666666668, 0.0067333333333333325), (343.9326, 0.013333333333333336, 0.0074666666666666675), 0, (36.35026666666667, 0.25166666666666665, 0.0012), (97.689, 0.24573333333333333, 0.20893333333333336), (167.772, 0.1156, 0.09933333333333332), (304.0866, 0.2961333333333333, 0.05726666666666666), (143.3049333333333, 0.05273333333333334, 0.030533333333333336), (26.56353333333333, 0.21073333333333333, 0.0014), (48.234, 0.001066666666666667, 0.0), (349.1754, 0.6480666666666667, 0.003466666666666667), (145.4024, 0.004733333333333333, 6.666666666666668e-05), (0.0, 0.0, 0.0)]","[0, 0, 0, 0, 0, 0, 0, 0, 0, 0, 0, 0, 0, 0, 0, 0, (1, 1.7971166666666665, 0.24540555555555552), 0, 0, 0, 0, 0, 0, (1, 0.24161666666666667, 0.013694444444444445), (2, 0.0, 0.0023833333333333337), 0, (3, 0.0, 0.017055555555555553), (3, 0.0, 0.017083333333333332), 0, (1, 0.0, 0.05533333333333333), (1, 0.0, 0.05149444444444444), (2, 0.0, 0.0014166666666666668), (1, 0.0, 0.0010444444444444444), (3, 0.0, 0.0011333333333333332), (1, 1.666666666666667e-05, 0.05187222222222222), (1, 0.0, 0.0006333333333333333), (1, 0.0, 0.00023333333333333333), (2, 0.0, 0.0012666666666666666), (2, 0.0, 0.0)]","[-1, -1, -1, -1, -1, -1, -1, -1, -1, -1, -1, -1, -1, -1, -1, -1, 4, -1, -1, -1, -1, -1, -1, 4, 8, -1, 7, 5, -1, 12, 11, 10, 6, 2, 2, 10, 6, 12, 0]","[False, False, False, False, False, False, False, False, False, False, False, False, False, False, False, False, True, False, False, False, False, False, False, True, True, False, True, True, False, True, True, True, True, True, True, True, True, True, True]"
30,"[0, 0, 0, 0, 0, 0, 0, 0, 0, 0, 0, 0, 0, 0, 0, 0, 0, 0, 0, 0, 0, 0, 0, 0, 2423.947650729814, 0, 2420.981059964191, 2440.1517244661704, 0, 1654.15444542348, 1908.8504511256126, 1563.5500902401322, 1225.3728442978247, 577.6280315353312, 1569.2557901120101, 644.4058826961312, 1237.8771935563511, 498.43737685074666, 3065.1014408071205, 884.1326637750533]","[0, 0, 0, 0, 0, 0, 1, 1, 1, 2, 2, 2, 2, 2, 3, 3, 3, 3, 3, 3, 3, 3, 4, 4, 4, 4, 4, 4, 5, 5, 5, 5, 5, 6, 6, 6, 6, 6, 7, 7]","[1, 1, 1, 1, 1, 3, 3, 2, 2, 3, 3, 7, 3, 3, 4, 4, 5, 8, 8, 9, 10, 12, 13, 13, 15, 19, 20, 22, 23, 24, 24, 25, 25, 26, 26, 27, 28, 28, 29, 30]","[13, 9, 25, 5, 10, 24, 25, 25, 8, 15, 8, 28, 24, 26, 11, 12, -1, 28, 20, 26, 26, 21, 19, 30, -1, 23, -1, -1, 28, -1, -1, -1, -1, -1, -1, -1, -1, -1, -1, -1]","[0, 0, 0, 0, 0, 0, 0, 0, 0, 0, 0, 0, 0, 0, 0, 0, 4029.0, 0, 0, 0, 0, 0, 0, 0, 4029.0, 0, 4029.0, 2792.5095303455587, 0, 2592.3585342863666, 4029.0, 2474.0721037720004, 2008.2478253707368, 1518.6861207116604, 2510.313879288339, 1554.9278962279996, 2020.7521746292632, 1436.6414657136334, 4029.0, 1236.4904696544415]","[0, 0, 0, 0, 0, 0, 0, 0, 0, 0, 0, 0, 0, 0, 0, 0, (1996.488, 0.6658, 1.1106666666666667), 0, 0, 0, 0, 0, 0, 0, (33.5544, 0.009333333333333334, 0.010466666666666668), 0, (416.6338, 0.0116, 0.0067333333333333325), (478.1502, 0.012199999999999999, 0.007066666666666666), 0, (36.35046666666667, 0.2538666666666667, 0.0013333333333333333), (125.0422, 0.247, 0.19506666666666664), (67.1088, 0.11593333333333333, 0.09953333333333332), (292.20259999999996, 0.28073333333333333, 0.056799999999999996), (167.77166666666662, 0.052866666666666666, 0.030466666666666666), (40.54466666666666, 0.2174, 0.0013333333333333333), (41.94273333333333, 0.0009333333333333332, 6.666666666666668e-05), (320.86379999999997, 0.6452, 0.0048), (67.1088, 0.004666666666666667, 0.0), (0.0, 0.0, 0.0), (128.62506666666664, 0.00046666666666666666, 0.0014)]","[0, 0, 0, 0, 0, 0, 0, 0, 0, 0, 0, 0, 0, 0, 0, 0, (1, 0.7808833333333334, 1.2051888888888886), 0, 0, 0, 0, 0, 0, 0, (2, 0.0, 0.0022833333333333334), 0, (3, 0.0, 0.024077777777777778), (3, 0.0009, 0.02215), 0, (1, 0.0, 0.0559388888888889), (1, 3.3333333333333335e-05, 0.05121666666666667), (2, 0.0, 0.00095), (1, 0.0, 0.001027777777777778), (3, 1.666666666666667e-05, 0.0011833333333333333), (1, 0.00013333333333333334, 0.05250555555555555), (1, 0.0, 0.0006222222222222223), (1, 0.0, 0.0002222222222222222), (2, 0.0, 0.0012333333333333335), (2, 0.0, 0.0), (2, 0.0705, 0.025599999999999998)]","[-1, -1, -1, -1, -1, -1, -1, -1, -1, -1, -1, -1, -1, -1, -1, -1, 4, -1, -1, -1, -1, -1, -1, -1, 8, -1, 7, 5, -1, 12, 11, 10, 6, 2, 2, 10, 6, 12, 0, 5]","[False, False, False, False, False, False, False, False, False, False, False, False, False, False, False, False, True, False, False, False, False, False, False, False, True, False, True, True, False, True, True, True, True, True, True, True, True, True, True, True]"
31,"[0, 0, 0, 0, 0, 0, 0, 0, 0, 0, 0, 0, 0, 0, 0, 0, 0, 0, 0, 0, 0, 0, 0, 0, 2394.2787688359367, 0, 2366.2077328156797, 2429.1970590364676, 0, 1678.80244212681, 1714.4051397483977, 1572.4507548904555, 1228.7117348817424, 564.2724701125491, 1662.37044432459, 641.0669921122135, 1317.298517921692, 498.43737685074666, 2911.512479720924, 845.5631180399, 777.9614183128089]","[0, 0, 0, 0, 0, 0, 1, 1, 1, 2, 2, 2, 2, 2, 3, 3, 3, 3, 3, 3, 3, 3, 4, 4, 4, 4, 4, 4, 5, 5, 5, 5, 5, 6, 6, 6, 6, 6, 7, 7, 7]","[1, 1, 1, 1, 1, 3, 3, 2, 2, 3, 3, 7, 3, 3, 4, 4, 5, 8, 8, 9, 10, 12, 13, 13, 15, 19, 20, 22, 23, 24, 24, 25, 25, 26, 26, 27, 28, 28, 29, 30, 31]","[13, 9, 25, 5, 10, 24, 25, 25, 8, 15, 8, 28, 24, 26, 11, 12, 31, 28, 20, 26, 26, 21, 19, 30, -1, 23, -1, -1, 28, -1, -1, -1, -1, -1, -1, -1, -1, -1, -1, -1, -1]","[0, 0, 0, 0, 0, 0, 0, 0, 0, 0, 0, 0, 0, 0, 0, 0, 0, 0, 0, 0, 0, 0, 0, 0, 4029.0, 0, 4029.0, 2806.316970498284, 0, 2604.6825326380317, 4029.0, 2480.1918813891207, 1970.2066084800251, 1465.4510128939796, 2563.5489871060204, 1548.8081186108789, 2058.7933915199746, 1424.3174673619683, 4029.0, 1222.6830295017162, 4029.0]","[0, 0, 0, 0, 0, 0, 0, 0, 0, 0, 0, 0, 0, 0, 0, 0, 0, 0, 0, 0, 0, 0, 0, 0, (100.6632, 0.009266666666666668, 0.010733333333333333), 0, (402.6528, 0.011733333333333332, 0.0074666666666666675), (461.373, 0.013266666666666668, 0.0067333333333333325), 0, (71.3028, 0.24086666666666667, 0.0012), (93.78139999999999, 0.23493333333333336, 0.19066666666666662), (100.6632, 0.11566666666666668, 0.09933333333333332), (276.8236, 0.27726666666666666, 0.054666666666666655), (150.2954, 0.0526, 0.03033333333333333), (36.35026666666667, 0.25166666666666665, 0.0012), (39.8456, 0.0008666666666666667, 6.666666666666668e-05), (301.98920000000004, 0.6321333333333333, 0.005666666666666668), (100.6632, 0.004666666666666667, 6.666666666666668e-05), (0.0, 0.0, 0.0), (120.23626666666664, 0.0, 0.001066666666666667), (123.73126666666663, 0.009733333333333332, 0.0028)]","[0, 0, 0, 0, 0, 0, 0, 0, 0, 0, 0, 0, 0, 0, 0, 0, 0, 0, 0, 0, 0, 0, 0, 0, (2, 0.0, 0.002338888888888889), 0, (3, 1.666666666666667e-05, 0.02868888888888889), (3, 0.0, 0.017055555555555553), 0, (1, 0.0, 0.05382777777777778), (1, 0.0, 0.049894444444444436), (2, 0.0, 0.0009611111111111112), (1, 0.0, 0.0013833333333333334), (3, 0.0, 0.0011055555555555556), (1, 0.0, 0.05533333333333333), (1, 0.0, 0.000638888888888889), (1, 0.0, 0.00025), (2, 0.0, 0.001238888888888889), (2, 0.0, 0.0), (2, 1.666666666666667e-05, 0.0006111111111111112), (2, 0.0, 2.2222222222222223e-05)]","[-1, -1, -1, -1, -1, -1, -1, -1, -1, -1, -1, -1, -1, -1, -1, -1, -1, -1, -1, -1, -1, -1, -1, -1, 8, -1, 7, 5, -1, 12, 11, 10, 6, 2, 2, 10, 6, 12, 0, 5, 15]","[False, False, False, False, False, False, False, False, False, False, False, False, False, False, False, False, False, False, False, False, False, False, False, False, True, False, True, True, False, True, True, True, True, True, True, True, True, True, True, True, True]"
32,"[0, 0, 0, 0, 0, 0, 0, 0, 0, 0, 0, 0, 0, 0, 0, 0, 0, 0, 0, 0, 0, 0, 0, 0, 0, 0, 2826.303680863173, 2420.981059964191, 0, 1615.8131172183, 0, 1566.5169784569066, 1318.8617806475224, 554.2557990454623, 1654.15444542348, 621.0336486087066, 1309.0825188494155, 495.47048770282555, 3145.2348118086134, 809.96046043822, 888.1447951553957]","[0, 0, 0, 0, 0, 0, 1, 1, 1, 2, 2, 2, 2, 2, 3, 3, 3, 3, 3, 3, 3, 3, 4, 4, 4, 4, 4, 4, 5, 5, 5, 5, 5, 6, 6, 6, 6, 6, 7, 7, 7]","[1, 1, 1, 1, 1, 3, 3, 2, 2, 3, 3, 7, 3, 3, 4, 4, 5, 8, 8, 9, 10, 12, 13, 13, 15, 19, 20, 22, 23, 24, 24, 25, 25, 26, 26, 27, 28, 28, 29, 30, 31]","[13, 9, 25, 5, 10, 24, 25, 25, 8, 15, 8, 28, 24, 26, 11, 12, 31, 28, 20, 26, 26, 21, 19, 30, -1, 23, -1, -1, 28, -1, -1, -1, -1, -1, -1, -1, -1, -1, -1, -1, -1]","[0, 0, 0, 0, 0, 0, 0, 0, 0, 0, 0, 0, 0, 0, 0, 0, 0, 0, 0, 0, 0, 0, 0, 0, 4029.0, 0, 4029.0, 2820.0102997629856, 0, 2574.6713147577375, 4029.0, 2487.2416649241, 2019.3896308990536, 1464.550676810991, 2564.4493231890087, 1541.7583350759, 2009.6103691009466, 1454.3286852422627, 4029.0, 1208.9897002370146, 4029.0]","[0, 0, 0, 0, 0, 0, 0, 0, 0, 0, 0, 0, 0, 0, 0, 0, 0, 0, 0, 0, 0, 0, 0, 0, (117.4404, 0.0092, 0.0106), 0, (363.506, 0.0166, 0.009666666666666665), (416.6338, 0.0116, 0.0067333333333333325), 0, (46.137, 0.22346666666666667, 0.0013333333333333333), (104.85293333333334, 0.21746666666666667, 0.18180000000000002), (22.3696, 0.11606666666666667, 0.09953333333333332), (332.04866666666675, 0.30326666666666663, 0.05866666666666666), (104.857, 0.052866666666666666, 0.0304), (36.35046666666667, 0.2538666666666667, 0.0013333333333333333), (55.92373333333333, 0.0009333333333333332, 6.666666666666668e-05), (333.44653333333326, 0.6355333333333333, 0.0052), (0.0, 0.004666666666666667, 6.666666666666668e-05), (0.0, 0.0, 0.0), (72.7008, 6.666666666666668e-05, 0.0015333333333333334), (120.93533333333332, 0.045200000000000004, 0.020266666666666665)]","[0, 0, 0, 0, 0, 0, 0, 0, 0, 0, 0, 0, 0, 0, 0, 0, 0, 0, 0, 0, 0, 0, 0, 0, (2, 0.0, 0.0023166666666666665), 0, (3, 0.0, 0.017905555555555557), (3, 0.0, 0.024077777777777778), 0, (1, 5e-05, 0.05402777777777778), (1, 3.3333333333333335e-05, 0.05011111111111111), (2, 0.0, 0.0009388888888888888), (1, 0.0, 0.0009222222222222221), (3, 0.0, 0.0011222222222222222), (1, 0.0, 0.0559388888888889), (1, 0.0, 0.0006555555555555555), (1, 0.0, 0.0002111111111111111), (2, 0.0, 0.0012722222222222221), (2, 0.0, 0.0), (2, 0.0, 0.0005666666666666668), (2, 0.0, 0.0)]","[-1, -1, -1, -1, -1, -1, -1, -1, -1, -1, -1, -1, -1, -1, -1, -1, -1, -1, -1, -1, -1, -1, -1, -1, 8, -1, 7, 5, -1, 12, 11, 10, 6, 2, 2, 10, 6, 12, 0, 5, 15]","[False, False, False, False, False, False, False, False, False, False, False, False, False, False, False, False, False, False, False, False, False, False, False, False, True, False, True, True, False, True, True, True, True, True, True, True, True, True, True, True, True]"
33,"[0, 0, 0, 0, 0, 0, 0, 0, 0, 0, 0, 0, 0, 0, 0, 0, 0, 0, 0, 0, 0, 0, 0, 0, 0, 0, 0, 2366.2077328156797, 0, 1536.3917945075702, 0, 1563.5500902401322, 1228.7117348817424, 3815.4812123039737, 554.2557990454623, 1678.80244212681, 637.7281015282955, 1207.75186362467, 492.5035985549045, 2988.3069602640226, 1317.2983312621604, 851.4170028745334, 501.40426599866777, 922.7020845904912]","[0, 0, 0, 0, 0, 0, 1, 1, 1, 2, 2, 2, 2, 2, 3, 3, 3, 3, 3, 3, 3, 3, 4, 4, 4, 4, 4, 4, 5, 5, 5, 5, 5, 6, 6, 6, 6, 6, 6, 7, 7, 7, 8, 8]","[1, 1, 1, 1, 1, 3, 3, 2, 2, 3, 3, 7, 3, 3, 4, 4, 5, 8, 8, 9, 10, 12, 13, 13, 15, 19, 20, 22, 23, 24, 24, 25, 25, 33, 26, 26, 27, 28, 28, 29, 30, 31, 33, 33]","[13, 9, 25, 5, 10, 24, 25, 25, 8, 15, 8, 28, 24, 26, 11, 12, 31, 28, 20, 26, 26, 21, 19, 30, 33, 23, -1, -1, 28, -1, 33, -1, -1, -1, -1, -1, -1, -1, -1, -1, -1, -1, -1, -1]","[0, 0, 0, 0, 0, 0, 0, 0, 0, 0, 0, 0, 0, 0, 0, 0, 0, 0, 0, 0, 0, 0, 0, 0, 0, 0, 4029.0, 2538.9547007767596, 0, 2536.444097976333, 0, 2477.4109943559183, 1592.4224467133824, 4029.0, 1452.226678459326, 2576.773321540674, 1551.5890056440817, 1571.46257545631, 1492.5559020236672, 4029.0, 1490.0452992232404, 4029.0, 865.1149778303078, 4029.0]","[0, 0, 0, 0, 0, 0, 0, 0, 0, 0, 0, 0, 0, 0, 0, 0, 0, 0, 0, 0, 0, 0, 0, 0, 0, 0, (422.2262, 0.03953333333333333, 0.018666666666666668), (402.6528, 0.011733333333333332, 0.0074666666666666675), 0, (58.719800000000006, 0.21913333333333332, 0.0012), 0, (67.1088, 0.11606666666666667, 0.09946666666666669), (318.06759999999997, 0.2734, 0.057466666666666666), (1426.063, 0.14286666666666667, 0.5943999999999999), (251.65766666666661, 0.05273333333333334, 0.0304), (71.3028, 0.24086666666666667, 0.0012), (48.234, 0.001066666666666667, 0.0), (333.44653333333326, 0.7292666666666667, 0.004666666666666667), (0.0, 0.0046, 6.666666666666668e-05), (0.0, 0.0, 0.0), (75.49706666666667, 0.0, 0.001066666666666667), (120.23626666666664, 0.034466666666666666, 0.0114), (0.0, 0.0048, 6.666666666666668e-05), (97.867, 0.5311333333333333, 0.4374666666666666)]","[0, 0, 0, 0, 0, 0, 0, 0, 0, 0, 0, 0, 0, 0, 0, 0, 0, 0, 0, 0, 0, 0, 0, 0, 0, 0, (3, 0.0, 0.019144444444444443), (3, 1.666666666666667e-05, 0.02868888888888889), 0, (1, 1.666666666666667e-05, 0.053094444444444444), 0, (2, 0.0, 0.0009555555555555554), (1, 0.0, 0.0007888888888888889), (3, 0.005116666666666666, 0.1869), (3, 0.0, 0.0010222222222222223), (1, 0.0, 0.05382777777777778), (1, 0.0, 0.0006055555555555556), (1, 0.0, 0.00021666666666666668), (2, 0.0, 0.0012166666666666667), (2, 0.0, 0.0), (2, 1.666666666666667e-05, 0.0007), (2, 0.0, 2.2222222222222223e-05), (2, 0.0, 0.0013222222222222222), (1, 0.0, 0.0014666666666666662)]","[-1, -1, -1, -1, -1, -1, -1, -1, -1, -1, -1, -1, -1, -1, -1, -1, -1, -1, -1, -1, -1, -1, -1, -1, -1, -1, 7, 5, -1, 12, -1, 10, 6, 1, 2, 2, 10, 6, 12, 0, 5, 15, 6, 11]","[False, False, False, False, False, False, False, False, False, False, False, False, False, False, False, False, False, False, False, False, False, False, False, False, False, False, True, True, False, True, False, True, True, True, True, True, True, True, True, True, True, True, True, True]"
34,"[0, 0, 0, 0, 0, 0, 0, 0, 0, 0, 0, 0, 0, 0, 0, 0, 0, 0, 0, 0, 0, 0, 0, 0, 0, 0, 0, 2826.303680863173, 0, 1618.55178351867, 0, 1563.5500902401322, 1175.2894855390578, 2446.521763816231, 580.9669218910268, 1615.8131172183, 637.7281015282955, 1246.093192628628, 498.43737685074666, 3008.340303014396, 1459.7089616688797, 0, 498.43737685074666, 925.6689723222934, 777.9614183128089]","[0, 0, 0, 0, 0, 0, 1, 1, 1, 2, 2, 2, 2, 2, 3, 3, 3, 3, 3, 3, 3, 3, 4, 4, 4, 4, 4, 4, 5, 5, 5, 5, 5, 6, 6, 6, 6, 6, 6, 7, 7, 7, 8, 8, 8]","[1, 1, 1, 1, 1, 3, 3, 2, 2, 3, 3, 7, 3, 3, 4, 4, 5, 8, 8, 9, 10, 12, 13, 13, 15, 19, 20, 22, 23, 24, 24, 25, 25, 33, 26, 26, 27, 28, 28, 29, 30, 31, 33, 33, 34]","[13, 9, 25, 5, 10, 24, 25, 25, 8, 15, 8, 28, 24, 26, 11, 12, 31, 28, 20, 26, 26, 21, 19, 30, 33, 23, 34, -1, 28, -1, 33, -1, -1, -1, -1, -1, -1, -1, -1, -1, -1, -1, -1, -1, -1]","[0, 0, 0, 0, 0, 0, 0, 0, 0, 0, 0, 0, 0, 0, 0, 0, 0, 0, 0, 0, 0, 0, 0, 0, 0, 0, 0, 2697.7973595971466, 0, 2574.5572033339613, 0, 2477.4109943559183, 1545.016133866247, 4029.0, 1497.0769023363632, 2531.9230976636363, 1551.5890056440817, 1615.8198409558172, 1454.4427966660382, 4029.0, 1331.2026404028531, 4029.0, 868.1640251779359, 4029.0, 4029.0]","[0, 0, 0, 0, 0, 0, 0, 0, 0, 0, 0, 0, 0, 0, 0, 0, 0, 0, 0, 0, 0, 0, 0, 0, 0, 0, 0, (363.506, 0.0166, 0.009666666666666665), 0, (46.1372, 0.21906666666666663, 0.0013333333333333333), 0, (78.29360000000001, 0.11573333333333333, 0.09953333333333332), (304.0866, 0.26866666666666666, 0.058866666666666664), (1311.4188000000001, 0.1956, 0.7402000000000001), (230.6862666666667, 0.053333333333333344, 0.0358), (46.137, 0.22346666666666667, 0.0013333333333333333), (35.6514, 0.001, 6.666666666666668e-05), (415.23546666666675, 0.7115333333333334, 0.006666666666666668), (0.0, 0.004666666666666667, 6.666666666666668e-05), (0.0, 0.0, 0.0), (114.64386666666668, 0.0, 0.0011333333333333332), (130.722, 0.026466666666666666, 0.011066666666666664), (145.4024, 0.004733333333333333, 6.666666666666668e-05), (114.6442, 0.5428, 0.4749333333333333), (123.73126666666663, 0.009733333333333332, 0.0028)]","[0, 0, 0, 0, 0, 0, 0, 0, 0, 0, 0, 0, 0, 0, 0, 0, 0, 0, 0, 0, 0, 0, 0, 0, 0, 0, 0, (3, 0.0, 0.017905555555555557), 0, (1, 0.0, 0.05315555555555555), 0, (2, 0.0, 0.0009166666666666666), (1, 0.0, 0.000861111111111111), (3, 0.0006, 0.11304444444444445), (3, 0.0, 0.0011277777777777777), (1, 5e-05, 0.05402777777777778), (1, 0.0, 0.000638888888888889), (1, 0.0, 0.0005666666666666666), (2, 0.0, 0.001261111111111111), (2, 0.0, 0.0), (2, 0.0, 0.0006555555555555555), (2, 0.0, 4.4444444444444447e-05), (2, 0.0, 0.0012666666666666666), (1, 0.0, 0.001527777777777778), (2, 0.0, 2.2222222222222223e-05)]","[-1, -1, -1, -1, -1, -1, -1, -1, -1, -1, -1, -1, -1, -1, -1, -1, -1, -1, -1, -1, -1, -1, -1, -1, -1, -1, -1, 5, -1, 12, -1, 10, 6, 1, 2, 2, 10, 6, 12, 0, 5, 15, 6, 11, 7]","[False, False, False, False, False, False, False, False, False, False, False, False, False, False, False, False, False, False, False, False, False, False, False, False, False, False, False, True, False, True, False, True, True, True, True, True, True, True, True, True, True, True, True, True, True]"
35,"[0, 0, 0, 0, 0, 0, 0, 0, 0, 0, 0, 0, 0, 0, 0, 0, 0, 0, 0, 0, 0, 0, 0, 0, 0, 0, 0, 2823.565014505748, 0, 1607.5971183171898, 0, 1563.5500902401322, 0, 2303.8585840403466, 627.7113868707645, 1536.3917945075702, 627.7114297765422, 1084.51187754052, 501.40426599866777, 3068.4403312655163, 845.5631180399, 0, 498.43737685074666, 928.6358600540952, 888.1447951553957, 1876.4565081617916]","[0, 0, 0, 0, 0, 0, 1, 1, 1, 2, 2, 2, 2, 2, 3, 3, 3, 3, 3, 3, 3, 3, 4, 4, 4, 4, 4, 4, 5, 5, 5, 5, 5, 6, 6, 6, 6, 6, 6, 7, 7, 7, 8, 8, 8, 8]","[1, 1, 1, 1, 1, 3, 3, 2, 2, 3, 3, 7, 3, 3, 4, 4, 5, 8, 8, 9, 10, 12, 13, 13, 15, 19, 20, 22, 23, 24, 24, 25, 25, 33, 26, 26, 27, 28, 28, 29, 30, 31, 33, 33, 34, 35]","[13, 9, 25, 5, 10, 24, 25, 25, 8, 15, 8, 28, 24, 26, 11, 12, 31, 28, 20, 26, 26, 21, 19, 30, 33, 23, 34, -1, 28, -1, 33, -1, -1, -1, -1, -1, -1, -1, -1, -1, -1, 35, -1, -1, -1, -1]","[0, 0, 0, 0, 0, 0, 0, 0, 0, 0, 0, 0, 0, 0, 0, 0, 0, 0, 0, 0, 0, 0, 0, 0, 0, 0, 0, 3003.500948232924, 0, 2567.596426159261, 0, 2482.419330231795, 815.3502485362445, 4029.0, 1560.1597961815971, 2468.840203818403, 1546.5806697682049, 1899.8621260767645, 1461.403573840739, 4029.0, 1025.499051767076, 0, 1313.7876253869913, 4029.0, 4029.0, 4029.0]","[0, 0, 0, 0, 0, 0, 0, 0, 0, 0, 0, 0, 0, 0, 0, 0, 0, 0, 0, 0, 0, 0, 0, 0, 0, 0, 0, (422.2262, 0.03953333333333333, 0.018666666666666668), 0, (32.15606666666666, 0.22213333333333332, 0.0012666666666666666), 0, (33.5544, 0.1158, 0.09953333333333332), (299.8922, 0.2914, 0.05526666666666666), (1255.4948, 0.13406666666666667, 0.4640666666666667), (290.10566666666676, 0.05273333333333334, 0.030666666666666672), (58.719800000000006, 0.21913333333333332, 0.0012), (48.234, 0.0009333333333333332, 6.666666666666668e-05), (202.37446666666668, 0.6932, 0.0088), (0.0, 0.0057333333333333325, 0.001), (0.0, 0.0, 0.0), (92.27413333333331, 6.666666666666668e-05, 0.0013333333333333333), 0, (67.1088, 0.004666666666666667, 0.0), (109.0518, 0.5416666666666666, 0.5044666666666666), (120.93533333333332, 0.045200000000000004, 0.020266666666666665), (258.64820000000003, 0.019533333333333337, 0.0016)]","[0, 0, 0, 0, 0, 0, 0, 0, 0, 0, 0, 0, 0, 0, 0, 0, 0, 0, 0, 0, 0, 0, 0, 0, 0, 0, 0, (3, 0.0, 0.019144444444444443), 0, (1, 0.0, 0.05301111111111111), 0, (2, 0.0, 0.000977777777777778), (1, 0.0, 0.0008333333333333334), (3, 1.666666666666667e-05, 0.12178333333333334), (3, 0.0396, 0.01505), (1, 1.666666666666667e-05, 0.053094444444444444), (1, 0.0, 0.0006611111111111111), (1, 0.0, 0.00025), (2, 0.0, 0.0012055555555555554), (2, 0.0, 0.0), (2, 1.666666666666667e-05, 0.003455555555555556), 0, (2, 0.0, 0.0012333333333333335), (1, 0.0, 0.0017222222222222224), (2, 0.0, 0.0), (3, 0.05115, 0.03694444444444444)]","[-1, -1, -1, -1, -1, -1, -1, -1, -1, -1, -1, -1, -1, -1, -1, -1, -1, -1, -1, -1, -1, -1, -1, -1, -1, -1, -1, 5, -1, 12, -1, 10, 6, 1, 2, 2, 10, 6, 12, 0, 5, -1, 6, 11, 7, 4]","[False, False, False, False, False, False, False, False, False, False, False, False, False, False, False, False, False, False, False, False, False, False, False, False, False, False, False, True, False, True, False, True, True, True, True, True, True, True, True, True, True, False, True, True, True, True]"
36,"[0, 0, 0, 0, 0, 0, 0, 0, 0, 0, 0, 0, 0, 0, 0, 0, 0, 0, 0, 0, 0, 0, 0, 0, 0, 0, 0, 2689.3703629918955, 0, 1917.0664102590001, 0, 1554.649425589809, 0, 2662.034226881929, 0, 1618.55178351867, 614.3558674408712, 1229.6611944840745, 0, 3021.6958648479776, 833.6955655060068, 0, 498.43737685074666, 931.6027477858978, 851.4170028745334, 1328.8784523992754, 501.40426599866777]","[0, 0, 0, 0, 0, 0, 1, 1, 1, 2, 2, 2, 2, 2, 3, 3, 3, 3, 3, 3, 3, 3, 4, 4, 4, 4, 4, 4, 5, 5, 5, 5, 5, 6, 6, 6, 6, 6, 6, 7, 7, 7, 8, 8, 8, 8, 8]","[1, 1, 1, 1, 1, 3, 3, 2, 2, 3, 3, 7, 3, 3, 4, 4, 5, 8, 8, 9, 10, 12, 13, 13, 15, 19, 20, 22, 23, 24, 24, 25, 25, 33, 26, 26, 27, 28, 28, 29, 30, 31, 33, 33, 34, 35, 36]","[13, 9, 25, 5, 10, 24, 25, 25, 8, 15, 8, 28, 24, 26, 11, 12, 31, 28, 20, 26, 26, 21, 19, 30, 33, 23, 34, -1, 28, -1, 33, -1, 36, -1, -1, -1, -1, -1, -1, -1, -1, 35, -1, -1, -1, -1, -1]","[0, 0, 0, 0, 0, 0, 0, 0, 0, 0, 0, 0, 0, 0, 0, 0, 0, 0, 0, 0, 0, 0, 0, 0, 0, 0, 0, 2942.337398742944, 0, 2973.0332051295, 0, 2484.646779074469, 0, 4029.0, 1205.224108240665, 2823.7758917593346, 1544.353220925531, 2380.1119088166643, 1055.9667948705, 4029.0, 1086.6626012570555, 0, 1648.8880911833362, 2229.599240893615, 4029.0, 4029.0, 1799.400759106385]","[0, 0, 0, 0, 0, 0, 0, 0, 0, 0, 0, 0, 0, 0, 0, 0, 0, 0, 0, 0, 0, 0, 0, 0, 0, 0, 0, (433.411, 0.0188, 0.012333333333333335), 0, (58.719800000000006, 0.34153333333333336, 0.0017333333333333335), 0, (22.3696, 0.11553333333333332, 0.0994), 0, (1470.8021999999999, 0.18553333333333333, 0.47233333333333327), (377.48706666666664, 0.054, 0.037), (46.1372, 0.21906666666666663, 0.0013333333333333333), (35.651199999999996, 0.001066666666666667, 6.666666666666668e-05), (105.9056, 0.6556666666666666, 0.0064), (33.5544, 0.005333333333333333, 0.001), (0.0, 0.0, 0.0), (76.89526666666666, 0.0, 0.001), 0, (100.6632, 0.004666666666666667, 6.666666666666668e-05), (109.0518, 0.5368666666666667, 0.4758666666666667), (120.23626666666664, 0.034466666666666666, 0.0114), (328.5534, 0.0005333333333333334, 0.0006), (0.0, 0.0048, 6.666666666666668e-05)]","[0, 0, 0, 0, 0, 0, 0, 0, 0, 0, 0, 0, 0, 0, 0, 0, 0, 0, 0, 0, 0, 0, 0, 0, 0, 0, 0, (3, 0.0, 0.02216111111111111), 0, (1, 0.00016666666666666666, 0.06364444444444443), 0, (2, 0.0, 0.0009444444444444444), 0, (3, 1.666666666666667e-05, 0.1395388888888889), (3, 0.0, 0.0011888888888888889), (1, 0.0, 0.05315555555555555), (1, 0.0, 0.0006277777777777777), (1, 0.0, 0.00020555555555555556), (2, 0.0, 0.002505555555555556), (2, 0.0, 0.0), (2, 0.0, 0.0005055555555555555), 0, (2, 0.0, 0.001238888888888889), (1, 0.0, 0.0017166666666666667), (2, 0.0, 2.2222222222222223e-05), (3, 0.06125, 0.025472222222222222), (2, 0.0, 0.0013222222222222222)]","[-1, -1, -1, -1, -1, -1, -1, -1, -1, -1, -1, -1, -1, -1, -1, -1, -1, -1, -1, -1, -1, -1, -1, -1, -1, -1, -1, 5, -1, 12, -1, 10, -1, 1, 2, 2, 10, 6, 12, 0, 5, -1, 6, 11, 7, 4, 11]","[False, False, False, False, False, False, False, False, False, False, False, False, False, False, False, False, False, False, False, False, False, False, False, False, False, False, False, True, False, True, False, True, False, True, True, True, True, True, True, True, True, False, True, True, True, True, True]"
37,"[0, 0, 0, 0, 0, 0, 0, 0, 0, 0, 0, 0, 0, 0, 0, 0, 0, 0, 0, 0, 0, 0, 0, 0, 0, 0, 0, 0, 0, 0, 0, 1587.2851959743275, 0, 2986.820614882346, 0, 1607.5971183171898, 0, 1150.2398701187337, 0, 2894.8180274289466, 827.7617892390601, 0, 495.47048770282555, 925.6689723222934, 834.7225518377779, 2050.0788185255155, 498.43737685074666, 1155.2559781834066, 2180.662757134983]","[0, 0, 0, 0, 0, 0, 1, 1, 1, 2, 2, 2, 2, 2, 3, 3, 3, 3, 3, 3, 3, 3, 4, 4, 4, 4, 4, 4, 5, 5, 5, 5, 5, 6, 6, 6, 6, 6, 6, 7, 7, 7, 8, 8, 8, 8, 8, 8, 8]","[1, 1, 1, 1, 1, 3, 3, 2, 2, 3, 3, 7, 3, 3, 4, 4, 5, 8, 8, 9, 10, 12, 13, 13, 15, 19, 20, 22, 23, 24, 24, 25, 25, 33, 26, 26, 27, 28, 28, 29, 30, 31, 33, 33, 34, 35, 36, 37, 37]","[13, 9, 25, 5, 10, 24, 25, 25, 8, 15, 8, 28, 24, 26, 11, 12, 31, 28, 20, 26, 26, 21, 19, 30, 33, 23, 34, -1, 28, -1, 33, -1, 36, -1, 37, -1, -1, -1, 37, -1, -1, 35, -1, -1, -1, -1, -1, -1, -1]","[0, 0, 0, 0, 0, 0, 0, 0, 0, 0, 0, 0, 0, 0, 0, 0, 0, 0, 0, 0, 0, 0, 0, 0, 0, 0, 0, 1600.61910538047, 0, 1436.8720109082967, 0, 2808.1425979871638, 0, 4029.0, 0, 4029.0, 1220.8574020128362, 2341.8846912079543, 0, 4029.0, 2428.3808946195304, 0, 1687.1153087920459, 2228.1157977357734, 4029.0, 4029.0, 1800.8842022642266, 2592.127989091703, 4029.0]","[0, 0, 0, 0, 0, 0, 0, 0, 0, 0, 0, 0, 0, 0, 0, 0, 0, 0, 0, 0, 0, 0, 0, 0, 0, 0, 0, (369.0984, 0.017666666666666667, 0.010733333333333333), 0, (29.3598, 0.5571333333333334, 0.0044), 0, (167.772, 0.11646666666666668, 0.0996), 0, (1311.4188000000001, 0.14286666666666667, 0.5135333333333333), 0, (32.15606666666666, 0.22213333333333332, 0.0012666666666666666), (32.855133333333335, 0.0009333333333333332, 0.00013333333333333334), (111.1484, 0.6268666666666667, 0.0044666666666666665), 0, (0.0, 0.0, 0.0), (79.6912, 6.666666666666668e-05, 0.001), 0, (0.0, 0.004666666666666667, 6.666666666666668e-05), (95.0708, 0.5381333333333334, 0.44586666666666674), (130.722, 0.026466666666666666, 0.011066666666666664), (298.49406666666664, 0.0016666666666666668, 0.005466666666666667), (145.4024, 0.004733333333333333, 6.666666666666668e-05), (67.10839999999999, 0.00013333333333333334, 0.001), (473.9556, 4.806, 0.02386666666666667)]","[0, 0, 0, 0, 0, 0, 0, 0, 0, 0, 0, 0, 0, 0, 0, 0, 0, 0, 0, 0, 0, 0, 0, 0, 0, 0, 0, (3, 0.0, 0.018283333333333335), 0, (1, 0.00015, 0.1132611111111111), 0, (2, 0.0, 0.001027777777777778), 0, (3, 5e-05, 0.13139444444444442), 0, (1, 0.0, 0.05301111111111111), (1, 0.0, 0.0006277777777777777), (1, 0.0, 0.00023333333333333333), 0, (2, 0.0, 0.0), (2, 1.666666666666667e-05, 0.0004111111111111111), 0, (2, 0.0, 0.0012722222222222221), (1, 0.0, 0.0017277777777777773), (2, 0.0, 4.4444444444444447e-05), (3, 0.0008666666666666667, 0.016138888888888887), (2, 0.0, 0.0012666666666666666), (1, 0.0, 0.0005722222222222222), (1, 0.0, 0.005094444444444444)]","[-1, -1, -1, -1, -1, -1, -1, -1, -1, -1, -1, -1, -1, -1, -1, -1, -1, -1, -1, -1, -1, -1, -1, -1, -1, -1, -1, 5, -1, 12, -1, 10, -1, 1, -1, 2, 10, 6, -1, 0, 5, -1, 6, 11, 7, 4, 11, 12, 13]","[False, False, False, False, False, False, False, False, False, False, False, False, False, False, False, False, False, False, False, False, False, False, False, False, False, False, False, True, False, True, False, True, False, True, False, True, True, True, False, True, True, False, True, True, True, True, True, True, True]"
38,"[0, 0, 0, 0, 0, 0, 0, 0, 0, 0, 0, 0, 0, 0, 0, 0, 0, 0, 0, 0, 0, 0, 0, 0, 0, 0, 0, 0, 0, 0, 0, 1563.5500902401322, 0, 2953.431360041183, 0, 1917.0664102590001, 0, 733.962583790049, 0, 3151.912592725404, 809.96046043822, 0, 492.5035985549045, 934.5696355177, 0, 1896.4898516652977, 498.43737685074666, 1151.9170880730503, 1462.6758357381586, 1714.4051397483977, 80.13338746088, 1154.1194728238213]","[0, 0, 0, 0, 0, 0, 1, 1, 1, 2, 2, 2, 2, 2, 3, 3, 3, 3, 3, 3, 3, 3, 4, 4, 4, 4, 4, 4, 5, 5, 5, 5, 5, 6, 6, 6, 6, 6, 6, 7, 7, 7, 8, 8, 8, 8, 8, 8, 8, 9, 9, 9]","[1, 1, 1, 1, 1, 3, 3, 2, 2, 3, 3, 7, 3, 3, 4, 4, 5, 8, 8, 9, 10, 12, 13, 13, 15, 19, 20, 22, 23, 24, 24, 25, 25, 33, 26, 26, 27, 28, 28, 29, 30, 31, 33, 33, 34, 35, 36, 37, 37, 38, 38, 38]","[13, 9, 25, 5, 10, 24, 25, 25, 8, 15, 8, 28, 24, 26, 11, 12, 31, 28, 20, 26, 26, 21, 19, 30, 33, 23, 34, 38, 28, 38, 33, -1, 36, -1, 37, -1, 38, -1, 37, -1, -1, 35, -1, -1, -1, -1, -1, -1, -1, -1, -1, -1]","[0, 0, 0, 0, 0, 0, 0, 0, 0, 0, 0, 0, 0, 0, 0, 0, 0, 0, 0, 0, 0, 0, 0, 0, 0, 0, 0, 0, 0, 0, 0, 1787.1872177569956, 0, 4029.0, 0, 2395.9734687175896, 0, 2135.2294926175723, 0, 4029.0, 4029.0, 0, 1893.770507382428, 2232.5661293334765, 4029.0, 4029.0, 1796.4338706665233, 4029.0, 4029.0, 1938.042267265261, 303.7705149777434, 1633.0265312824106]","[0, 0, 0, 0, 0, 0, 0, 0, 0, 0, 0, 0, 0, 0, 0, 0, 0, 0, 0, 0, 0, 0, 0, 0, 0, 0, 0, 0, 0, 0, 0, (167.772, 0.11606666666666667, 0.09946666666666669), 0, (1311.4188000000001, 0.188, 0.5201333333333333), 0, (58.719800000000006, 0.34153333333333336, 0.0017333333333333335), 0, (80.73986666666669, 0.6493333333333333, 0.004200000000000001), 0, (0.0, 0.0, 0.0), (86.68193333333333, 0.0, 0.001), 0, (0.0, 0.0046, 6.666666666666668e-05), (92.2746, 0.5394, 0.44333333333333325), (164.2764, 0.008733333333333333, 0.0061333333333333335), (294.3, 0.001066666666666667, 0.005466666666666667), (67.1088, 0.004666666666666667, 0.0), (72.70093333333334, 6.666666666666668e-05, 0.001), (384.4776, 1.923, 0.024933333333333335), (105.5042, 0.28773333333333334, 0.22433333333333338), (75.84646666666666, 0.0, 0.0), (176.16013333333333, 1.632466666666667, 0.017733333333333334)]","[0, 0, 0, 0, 0, 0, 0, 0, 0, 0, 0, 0, 0, 0, 0, 0, 0, 0, 0, 0, 0, 0, 0, 0, 0, 0, 0, 0, 0, 0, 0, (2, 0.0, 0.000972222222222222), 0, (3, 3.3333333333333335e-05, 0.16156666666666666), 0, (1, 0.00016666666666666666, 0.06364444444444443), 0, (1, 0.0, 0.0002222222222222222), 0, (2, 0.0, 0.0), (2, 0.0, 0.0003888888888888888), 0, (2, 0.0, 0.0012166666666666667), (1, 0.0, 0.0022722222222222224), (2, 0.0, 8.88888888888889e-05), (3, 0.0002, 0.014294444444444445), (2, 0.0, 0.0012333333333333335), (1, 0.0, 0.0005666666666666666), (1, 0.0, 0.005011111111111111), (1, 0.0030666666666666663, 0.05871111111111111), (2, 0.00015, 0.0002722222222222222), (3, 0.0, 0.0001388888888888889)]","[-1, -1, -1, -1, -1, -1, -1, -1, -1, -1, -1, -1, -1, -1, -1, -1, -1, -1, -1, -1, -1, -1, -1, -1, -1, -1, -1, -1, -1, -1, -1, 10, -1, 1, -1, 2, -1, 6, -1, 0, 5, -1, 6, 11, 7, 4, 11, 12, 13, 10, 10, 2]","[False, False, False, False, False, False, False, False, False, False, False, False, False, False, False, False, False, False, False, False, False, False, False, False, False, False, False, False, False, False, False, True, False, True, False, True, False, True, False, True, True, False, True, True, True, True, True, True, True, True, True, True]"
39,"[0, 0, 0, 0, 0, 0, 0, 0, 0, 0, 0, 0, 0, 0, 0, 0, 0, 0, 0, 0, 0, 0, 0, 0, 0, 0, 0, 0, 0, 0, 0, 1569.483866673681, 0, 2989.8560016860883, 0, 2037.56772747528, 0, 928.4078951672633, 0, 2938.223603388089, 836.6624536394801, 0, 0, 0, 0, 2227.0400194731583, 498.43737685074666, 1158.5948682937635, 2530.7555535185593, 1429.5838385761401, 86.81116974928666, 1875.0732823255908, 520.8668579276933]","[0, 0, 0, 0, 0, 0, 1, 1, 1, 2, 2, 2, 2, 2, 3, 3, 3, 3, 3, 3, 3, 3, 4, 4, 4, 4, 4, 4, 5, 5, 5, 5, 5, 6, 6, 6, 6, 6, 6, 7, 7, 7, 8, 8, 8, 8, 8, 8, 8, 9, 9, 9, 10]","[1, 1, 1, 1, 1, 3, 3, 2, 2, 3, 3, 7, 3, 3, 4, 4, 5, 8, 8, 9, 10, 12, 13, 13, 15, 19, 20, 22, 23, 24, 24, 25, 25, 33, 26, 26, 27, 28, 28, 29, 30, 31, 33, 33, 34, 35, 36, 37, 37, 38, 38, 38, 39]","[13, 9, 25, 5, 10, 24, 25, 25, 8, 15, 8, 28, 24, 26, 11, 12, 31, 28, 20, 26, 26, 21, 19, 30, 33, 23, 34, 38, 28, 38, 33, -1, 36, -1, 37, -1, 38, -1, 37, -1, -1, 35, -1, -1, 39, -1, -1, -1, -1, -1, -1, -1, -1]","[0, 0, 0, 0, 0, 0, 0, 0, 0, 0, 0, 0, 0, 0, 0, 0, 0, 0, 0, 0, 0, 0, 0, 0, 0, 0, 0, 0, 0, 0, 0, 1883.8575750073117, 0, 4029.0, 0, 2095.7472225748443, 0, 2478.703947583632, 0, 4029.0, 4029.0, 0, 1550.2960524163684, 1765.2813115746267, 0, 4029.0, 2263.7186884253733, 4029.0, 4029.0, 1743.9575469097708, 401.1848780829173, 1933.2527774251553, 4029.0]","[0, 0, 0, 0, 0, 0, 0, 0, 0, 0, 0, 0, 0, 0, 0, 0, 0, 0, 0, 0, 0, 0, 0, 0, 0, 0, 0, 0, 0, 0, 0, (134.2176, 0.11626666666666668, 0.0994), 0, (1177.2012, 0.14893333333333333, 0.6776666666666666), 0, (29.3598, 0.5571333333333334, 0.0044), 0, (90.177, 0.6436666666666666, 0.004533333333333333), 0, (0.0, 0.0, 0.0), (85.284, 0.0, 0.001), 0, (0.0, 0.004666666666666667, 6.666666666666668e-05), (226.49220000000003, 0.5299333333333333, 0.43666666666666676), 0, (234.18133333333338, 0.0016666666666666668, 0.0016), (100.6632, 0.004666666666666667, 6.666666666666668e-05), (75.49719999999999, 0.0004, 0.0014666666666666665), (419.43, 3.8347333333333333, 0.0464), (110.71433333333331, 0.20726666666666668, 0.17506666666666665), (71.827, 0.0, 0.0), (214.6078, 3.082733333333333, 0.04673333333333334), (0.0, 0.0046, 6.666666666666668e-05)]","[0, 0, 0, 0, 0, 0, 0, 0, 0, 0, 0, 0, 0, 0, 0, 0, 0, 0, 0, 0, 0, 0, 0, 0, 0, 0, 0, 0, 0, 0, 0, (2, 0.0, 0.0009555555555555555), 0, (3, 5e-05, 0.12382222222222221), 0, (1, 0.00015, 0.1132611111111111), 0, (1, 0.0, 0.0002222222222222222), 0, (2, 0.0, 0.0), (2, 1.666666666666667e-05, 0.00042777777777777774), 0, (2, 0.0, 0.001261111111111111), (1, 0.0007666666666666667, 0.00215), 0, (3, 0.0006666666666666666, 0.02163888888888889), (2, 0.0, 0.001238888888888889), (1, 0.0, 0.0005499999999999999), (1, 0.00031666666666666665, 0.004988888888888889), (1, 0.0002333333333333333, 0.05122222222222223), (2, 0.09475, 0.017716666666666665), (3, 0.0, 0.00015555555555555556), (1, 0.0, 0.0008722222222222223)]","[-1, -1, -1, -1, -1, -1, -1, -1, -1, -1, -1, -1, -1, -1, -1, -1, -1, -1, -1, -1, -1, -1, -1, -1, -1, -1, -1, -1, -1, -1, -1, 10, -1, 1, -1, 2, -1, 6, -1, 0, 5, -1, 6, 11, -1, 4, 11, 12, 13, 10, 10, 2, 7]","[False, False, False, False, False, False, False, False, False, False, False, False, False, False, False, False, False, False, False, False, False, False, False, False, False, False, False, False, False, False, False, True, False, True, False, True, False, True, False, True, True, False, True, True, False, True, True, True, True, True, True, True, True]"
40,"[0, 0, 0, 0, 0, 0, 0, 0, 0, 0, 0, 0, 0, 0, 0, 0, 0, 0, 0, 0, 0, 0, 0, 0, 0, 0, 0, 0, 0, 0, 0, 1566.5169784569066, 0, 5888.650399259911, 0, 1878.7250820538202, 0, 0, 0, 2958.2569461384624, 0, 0, 0, 0, 0, 1766.2731188925045, 0, 1151.9170880730503, 1379.6029687996834, 1845.861124904825, 103.50562547030331, 1510.1460454172877, 530.8835282724567, 922.7020845904912]","[0, 0, 0, 0, 0, 0, 1, 1, 1, 2, 2, 2, 2, 2, 3, 3, 3, 3, 3, 3, 3, 3, 4, 4, 4, 4, 4, 4, 5, 5, 5, 5, 5, 6, 6, 6, 6, 6, 6, 7, 7, 7, 8, 8, 8, 8, 8, 8, 8, 9, 9, 9, 10, 10]","[1, 1, 1, 1, 1, 3, 3, 2, 2, 3, 3, 7, 3, 3, 4, 4, 5, 8, 8, 9, 10, 12, 13, 13, 15, 19, 20, 22, 23, 24, 24, 25, 25, 33, 26, 26, 27, 28, 28, 29, 30, 31, 33, 33, 34, 35, 36, 37, 37, 38, 38, 38, 39, 40]","[13, 9, 25, 5, 10, 24, 25, 25, 8, 15, 8, 28, 24, 26, 11, 12, 31, 28, 20, 26, 26, 21, 19, 30, 33, 23, 34, 38, 28, 38, 33, -1, 36, -1, 37, -1, 38, -1, 37, -1, -1, 35, 40, 40, 39, -1, -1, -1, -1, -1, -1, -1, -1, -1]","[0, 0, 0, 0, 0, 0, 0, 0, 0, 0, 0, 0, 0, 0, 0, 0, 0, 0, 0, 0, 0, 0, 0, 0, 0, 0, 0, 0, 0, 0, 0, 1737.5557355128951, 0, 4029.0, 0, 2198.7895183182663, 0, 4029.0, 0, 4029.0, 4029.0, 0, 0, 0, 0, 4029.0, 4029.0, 4029.0, 4029.0, 2016.8998819608134, 274.54438252629177, 1830.2104816817339, 4029.0, 4029.0]","[0, 0, 0, 0, 0, 0, 0, 0, 0, 0, 0, 0, 0, 0, 0, 0, 0, 0, 0, 0, 0, 0, 0, 0, 0, 0, 0, 0, 0, 0, 0, (167.772, 0.11593333333333333, 0.0992), 0, (1269.4758, 0.3529333333333333, 0.49439999999999995), 0, (50.3314, 0.34666666666666673, 0.0016666666666666668), 0, (88.07973333333334, 0.8984, 0.004200000000000001), 0, (0.0, 0.0, 0.0), (61.51606666666666, 0.0, 0.001), 0, 0, 0, 0, (242.57, 0.0003333333333333333, 0.0004), (0.0, 0.004666666666666667, 6.666666666666668e-05), (75.49719999999999, 0.0003333333333333333, 0.0014), (442.49846666666673, 3.044, 0.055333333333333345), (109.4118, 0.21166666666666664, 0.17653333333333332), (107.65333333333331, 0.0, 0.0), (434.80906666666664, 2.7484, 0.018466666666666666), (0.0, 0.004733333333333333, 0.00013333333333333334), (97.867, 0.5311333333333333, 0.4374666666666666)]","[0, 0, 0, 0, 0, 0, 0, 0, 0, 0, 0, 0, 0, 0, 0, 0, 0, 0, 0, 0, 0, 0, 0, 0, 0, 0, 0, 0, 0, 0, 0, (2, 0.0, 0.0009555555555555555), 0, (3, 0.1731833333333333, 0.38794999999999996), 0, (1, 0.002466666666666667, 0.06152777777777777), 0, (1, 0.0, 0.00032777777777777775), 0, (2, 0.0, 0.0), (2, 0.0, 0.00037222222222222225), 0, 0, 0, 0, (3, 6.666666666666667e-05, 0.009744444444444444), (2, 0.0, 0.0012722222222222221), (1, 0.0, 0.0005611111111111111), (1, 0.0, 0.004972222222222222), (1, 0.00011666666666666667, 0.05212222222222222), (2, 0.0006, 0.00018333333333333334), (3, 0.0, 0.00023888888888888888), (1, 0.0, 0.0008388888888888889), (1, 0.0, 0.0014666666666666662)]","[-1, -1, -1, -1, -1, -1, -1, -1, -1, -1, -1, -1, -1, -1, -1, -1, -1, -1, -1, -1, -1, -1, -1, -1, -1, -1, -1, -1, -1, -1, -1, 10, -1, 1, -1, 2, -1, 6, -1, 0, 5, -1, -1, -1, -1, 4, 11, 12, 13, 10, 10, 2, 7, 9]","[False, False, False, False, False, False, False, False, False, False, False, False, False, False, False, False, False, False, False, False, False, False, False, False, False, False, False, False, False, False, False, True, False, True, False, True, False, True, False, True, True, False, False, False, False, True, True, True, True, True, True, True, True, True]"
41,"[0, 0, 0, 0, 0, 0, 0, 0, 0, 0, 0, 0, 0, 0, 0, 0, 0, 0, 0, 0, 0, 0, 0, 0, 0, 0, 0, 0, 0, 0, 0, 0, 0, 4252.576912042853, 0, 1700.71177252977, 0, 0, 0, 3018.356974389583, 0, 0, 0, 0, 0, 1993.317678598913, 0, 1168.6115386248337, 1530.9142621519063, 1812.9971286157179, 0, 1501.2453811024511, 554.2557590769045, 1108.5118598755066, 925.6689723222934, 1646.6233023008167, 2251.868135745323, 599.3113997345512]","[0, 0, 0, 0, 0, 0, 1, 1, 1, 2, 2, 2, 2, 2, 3, 3, 3, 3, 3, 3, 3, 3, 4, 4, 4, 4, 4, 4, 5, 5, 5, 5, 5, 6, 6, 6, 6, 6, 6, 7, 7, 7, 8, 8, 8, 8, 8, 8, 8, 9, 9, 9, 10, 10, 10, 10, 10, 10]","[1, 1, 1, 1, 1, 3, 3, 2, 2, 3, 3, 7, 3, 3, 4, 4, 5, 8, 8, 9, 10, 12, 13, 13, 15, 19, 20, 22, 23, 24, 24, 25, 25, 33, 26, 26, 27, 28, 28, 29, 30, 31, 33, 33, 34, 35, 36, 37, 37, 38, 38, 38, 39, 41, 40, 41, 41, 41]","[13, 9, 25, 5, 10, 24, 25, 25, 8, 15, 8, 28, 24, 26, 11, 12, 31, 28, 20, 26, 26, 21, 19, 30, 33, 23, 34, 38, 28, 38, 33, -1, 36, -1, 37, -1, 38, 41, 37, -1, 41, 35, 40, 40, 39, -1, 41, -1, -1, -1, -1, -1, -1, -1, -1, -1, -1, -1]","[0, 0, 0, 0, 0, 0, 0, 0, 0, 0, 0, 0, 0, 0, 0, 0, 0, 0, 0, 0, 0, 0, 0, 0, 0, 0, 0, 0, 0, 0, 0, 2014.5, 0, 4029.0, 0, 2114.2331957136594, 0, 0, 0, 4029.0, 0, 0, 0, 0, 0, 2104.6602749915974, 0, 4029.0, 4029.0, 1924.3397250084024, 2014.5, 1914.7668042863406, 1468.316228388044, 2269.1002300704777, 4029.0, 2560.683771611956, 4029.0, 1759.8997699295223]","[0, 0, 0, 0, 0, 0, 0, 0, 0, 0, 0, 0, 0, 0, 0, 0, 0, 0, 0, 0, 0, 0, 0, 0, 0, 0, 0, 0, 0, 0, 0, (167.772, 0.11613333333333334, 0.09953333333333332), 0, (1974.1186, 0.14053333333333334, 0.48906666666666665), 0, (54.525800000000004, 0.2951333333333333, 0.0012666666666666666), 0, 0, 0, (0.0, 0.0, 0.0), 0, 0, 0, 0, 0, (231.3854, 0.0005333333333333334, 0.0008), 0, (77.5942, 0.00046666666666666666, 0.0014), (440.4012, 3.206266666666667, 0.1867333333333333), (108.76053333333334, 0.20446666666666666, 0.17406666666666665), (83.18653333333334, 0.0, 0.0), (348.1266, 1.8001333333333334, 0.6946), (0.0, 0.0044, 0.0), (67.1088, 0.0, 0.001), (114.6442, 0.5428, 0.4749333333333333), (125.829, 0.9397333333333332, 0.7602666666666668), (100.6632, 0.009333333333333334, 0.0108), (0.0, 0.004733333333333333, 0.00013333333333333334)]","[0, 0, 0, 0, 0, 0, 0, 0, 0, 0, 0, 0, 0, 0, 0, 0, 0, 0, 0, 0, 0, 0, 0, 0, 0, 0, 0, 0, 0, 0, 0, (2, 0.0, 0.001388888888888889), 0, (3, 1.666666666666667e-05, 0.31198333333333333), 0, (1, 0.0001, 0.058061111111111105), 0, 0, 0, (2, 0.0, 0.0), 0, 0, 0, 0, 0, (3, 6.666666666666667e-05, 0.011649999999999999), 0, (1, 0.0, 0.001627777777777778), (1, 1.666666666666667e-05, 0.0052), (1, 0.0, 0.05014999999999999), (2, 0.0005833333333333334, 0.00023333333333333333), (3, 0.0, 0.00039999999999999996), (1, 0.0, 0.0008277777777777778), (3, 0.0, 0.0), (1, 0.0, 0.001527777777777778), (2, 0.0, 0.009888888888888888), (2, 0.0, 0.002416666666666667), (3, 0.0, 0.0014222222222222223)]","[-1, -1, -1, -1, -1, -1, -1, -1, -1, -1, -1, -1, -1, -1, -1, -1, -1, -1, -1, -1, -1, -1, -1, -1, -1, -1, -1, -1, -1, -1, -1, 10, -1, 1, -1, 2, -1, -1, -1, 0, -1, -1, -1, -1, -1, 4, -1, 12, 13, 4, 10, 2, 7, 6, 14, 7, 11, 6]","[False, False, False, False, False, False, False, False, False, False, False, False, False, False, False, False, False, False, False, False, False, False, False, False, False, False, False, False, False, False, False, True, False, True, False, True, False, False, False, True, False, False, False, False, False, True, False, True, True, True, True, True, True, True, True, True, True, True]"
42,"[0, 0, 0, 0, 0, 0, 0, 0, 0, 0, 0, 0, 0, 0, 0, 0, 0, 0, 0, 0, 0, 0, 0, 0, 0, 0, 0, 0, 0, 0, 0, 0, 0, 3235.722332789209, 0, 1752.7464322368, 0, 0, 0, 3148.573702267009, 0, 0, 0, 0, 0, 1889.8120704974624, 0, 0, 1483.4440524727775, 1886.9411202662081, 0, 976.1061865270877, 520.8668579276933, 1115.189642163913, 928.6358600540952, 1622.8881916370212, 2266.7025766922616, 620.0796165570354, 590.9835929581135]","[0, 0, 0, 0, 0, 0, 1, 1, 1, 2, 2, 2, 2, 2, 3, 3, 3, 3, 3, 3, 3, 3, 4, 4, 4, 4, 4, 4, 5, 5, 5, 5, 5, 6, 6, 6, 6, 6, 6, 7, 7, 7, 8, 8, 8, 8, 8, 8, 8, 9, 9, 9, 10, 10, 10, 10, 10, 10, 11]","[1, 1, 1, 1, 1, 3, 3, 2, 2, 3, 3, 7, 3, 3, 4, 4, 5, 8, 8, 9, 10, 12, 13, 13, 15, 19, 20, 22, 23, 24, 24, 25, 25, 33, 26, 26, 27, 28, 28, 29, 30, 31, 33, 33, 34, 35, 36, 37, 37, 38, 38, 38, 39, 41, 40, 41, 41, 41, 42]","[13, 9, 25, 5, 10, 24, 25, 25, 8, 15, 8, 28, 24, 26, 11, 12, 31, 28, 20, 26, 26, 21, 19, 30, 33, 23, 34, 38, 28, 38, 33, 42, 36, -1, 37, -1, 38, 41, 37, -1, 41, 35, 40, 40, 39, -1, 41, -1, -1, -1, 42, -1, -1, -1, -1, -1, -1, -1, -1]","[0, 0, 0, 0, 0, 0, 0, 0, 0, 0, 0, 0, 0, 0, 0, 0, 0, 0, 0, 0, 0, 0, 0, 0, 0, 0, 0, 0, 0, 0, 0, 0, 0, 4029.0, 0, 2402.820122854856, 0, 0, 0, 4029.0, 0, 0, 0, 0, 0, 2015.9354751156272, 0, 4029.0, 4029.0, 2013.064524884373, 0, 1626.179877145144, 1463.4893331453359, 2262.055012803439, 4029.0, 2565.510666854664, 4029.0, 1766.9449871965612, 4029.0]","[0, 0, 0, 0, 0, 0, 0, 0, 0, 0, 0, 0, 0, 0, 0, 0, 0, 0, 0, 0, 0, 0, 0, 0, 0, 0, 0, 0, 0, 0, 0, 0, 0, (1730.8488, 0.18693333333333337, 0.49646666666666667), 0, (37.7482, 0.27673333333333333, 0.0014), 0, 0, 0, (0.0, 0.0, 0.0), 0, 0, 0, 0, 0, (253.7549333333333, 0.0006666666666666666, 0.0008), 0, (69.2056, 0.00046666666666666666, 0.0013333333333333333), (478.84913333333344, 2.3301999999999996, 0.8102), (115.2732, 0.21046666666666666, 0.17566666666666664), 0, (230.686, 0.866, 0.3906666666666667), (0.0, 0.0046, 0.00013333333333333334), (47.5354, 0.0, 0.001), (109.0518, 0.5416666666666666, 0.5044666666666666), (139.81, 0.972, 0.7780666666666667), (150.9948, 0.009333333333333334, 0.010933333333333335), (0.0, 0.004666666666666667, 6.666666666666668e-05), (265.6387333333333, 0.05313333333333333, 0.031266666666666665)]","[0, 0, 0, 0, 0, 0, 0, 0, 0, 0, 0, 0, 0, 0, 0, 0, 0, 0, 0, 0, 0, 0, 0, 0, 0, 0, 0, 0, 0, 0, 0, 0, 0, (3, 1.666666666666667e-05, 0.20562222222222223), 0, (1, 0.0, 0.057172222222222215), 0, 0, 0, (2, 0.0, 0.0), 0, 0, 0, 0, 0, (3, 0.00018333333333333334, 0.015666666666666666), 0, (1, 0.0, 0.0005499999999999999), (1, 0.0, 0.004461111111111111), (1, 0.0, 0.05059444444444444), 0, (3, 1.666666666666667e-05, 0.0003444444444444445), (1, 0.0, 0.0008111111111111112), (3, 0.0, 0.0), (1, 0.0, 0.0017222222222222224), (2, 0.0, 0.011461111111111111), (2, 0.0, 0.0026888888888888887), (3, 0.0, 0.001661111111111111), (3, 0.0, 0.006316666666666667)]","[-1, -1, -1, -1, -1, -1, -1, -1, -1, -1, -1, -1, -1, -1, -1, -1, -1, -1, -1, -1, -1, -1, -1, -1, -1, -1, -1, -1, -1, -1, -1, -1, -1, 1, -1, 2, -1, -1, -1, 0, -1, -1, -1, -1, -1, 4, -1, 12, 13, 4, -1, 2, 7, 6, 14, 7, 11, 6, 10]","[False, False, False, False, False, False, False, False, False, False, False, False, False, False, False, False, False, False, False, False, False, False, False, False, False, False, False, False, False, False, False, False, False, True, False, True, False, False, False, True, False, False, False, False, False, True, False, True, True, True, False, True, True, True, True, True, True, True, True]"
43,"[0, 0, 0, 0, 0, 0, 0, 0, 0, 0, 0, 0, 0, 0, 0, 0, 0, 0, 0, 0, 0, 0, 0, 0, 0, 0, 0, 0, 0, 0, 0, 0, 0, 2452.592537423716, 0, 0, 0, 0, 0, 3425.7016103138403, 0, 0, 0, 0, 0, 2103.5010678682, 0, 0, 949.4041935825778, 1906.1117847681867, 0, 1465.6427238431045, 510.85018758292983, 1115.189642163913, 931.6027477858978, 1578.3848591424044, 2248.9012475559352, 578.5431829120669, 580.9669218910268]","[0, 0, 0, 0, 0, 0, 1, 1, 1, 2, 2, 2, 2, 2, 3, 3, 3, 3, 3, 3, 3, 3, 4, 4, 4, 4, 4, 4, 5, 5, 5, 5, 5, 6, 6, 6, 6, 6, 6, 7, 7, 7, 8, 8, 8, 8, 8, 8, 8, 9, 9, 9, 10, 10, 10, 10, 10, 10, 11]","[1, 1, 1, 1, 1, 3, 3, 2, 2, 3, 3, 7, 3, 3, 4, 4, 5, 8, 8, 9, 10, 12, 13, 13, 15, 19, 20, 22, 23, 24, 24, 25, 25, 33, 26, 26, 27, 28, 28, 29, 30, 31, 33, 33, 34, 35, 36, 37, 37, 38, 38, 38, 39, 41, 40, 41, 41, 41, 42]","[13, 9, 25, 5, 10, 24, 25, 25, 8, 15, 8, 28, 24, 26, 11, 12, 31, 28, 20, 26, 26, 21, 19, 30, 33, 23, 34, 38, 28, 38, 33, 42, 36, -1, 37, -1, 38, 41, 37, -1, 41, 35, 40, 40, 39, -1, 41, 43, -1, -1, 42, -1, -1, -1, -1, -1, -1, -1, -1]","[0, 0, 0, 0, 0, 0, 0, 0, 0, 0, 0, 0, 0, 0, 0, 0, 0, 0, 0, 0, 0, 0, 0, 0, 0, 0, 0, 0, 0, 0, 0, 0, 0, 4029.0, 0, 1281.6786380784479, 0, 0, 0, 4029.0, 0, 0, 0, 0, 0, 2113.194641550007, 0, 0, 4029.0, 1915.8053584499933, 0, 2747.321361921552, 1480.732664220263, 2282.823229625923, 4029.0, 2548.2673357797376, 4029.0, 1746.1767703740768, 4029.0]","[0, 0, 0, 0, 0, 0, 0, 0, 0, 0, 0, 0, 0, 0, 0, 0, 0, 0, 0, 0, 0, 0, 0, 0, 0, 0, 0, 0, 0, 0, 0, 0, 0, (1356.158, 0.1402, 0.49906666666666666), 0, (30.75786666666666, 0.2919333333333333, 0.001066666666666667), 0, 0, 0, (0.0, 0.0, 0.0), 0, 0, 0, 0, 0, (244.66713333333328, 0.0014666666666666665, 0.0012), 0, 0, (333.44686666666666, 0.9099333333333333, 0.8626), (97.689, 0.24573333333333333, 0.20893333333333336), 0, (331.3495333333333, 4.365933333333333, 0.022533333333333336), (0.0, 0.004533333333333333, 0.0), (72.7012, 0.0, 0.001), (109.0518, 0.5368666666666667, 0.4758666666666667), (184.5492, 0.9548666666666666, 0.7652666666666668), (150.9948, 0.009266666666666668, 0.0106), (0.0, 0.004533333333333333, 0.0), (272.62933333333325, 0.053200000000000004, 0.03573333333333333)]","[0, 0, 0, 0, 0, 0, 0, 0, 0, 0, 0, 0, 0, 0, 0, 0, 0, 0, 0, 0, 0, 0, 0, 0, 0, 0, 0, 0, 0, 0, 0, 0, 0, (3, 8.333333333333333e-05, 0.11315), 0, (1, 3.3333333333333335e-05, 0.057200000000000015), 0, 0, 0, (2, 0.0, 0.0), 0, 0, 0, 0, 0, (3, 0.00015, 0.019816666666666666), 0, 0, (1, 0.0, 0.004088888888888889), (1, 0.0, 0.05149444444444444), 0, (3, 0.0, 0.00019444444444444446), (1, 0.0, 0.0008055555555555557), (3, 0.0, 0.0), (1, 0.0, 0.0017166666666666667), (2, 1.666666666666667e-05, 0.010605555555555557), (2, 0.0, 0.0023555555555555556), (3, 0.0, 0.0012944444444444446), (3, 0.0, 0.0011611111111111112)]","[-1, -1, -1, -1, -1, -1, -1, -1, -1, -1, -1, -1, -1, -1, -1, -1, -1, -1, -1, -1, -1, -1, -1, -1, -1, -1, -1, -1, -1, -1, -1, -1, -1, 1, -1, 2, -1, -1, -1, 0, -1, -1, -1, -1, -1, 4, -1, -1, 13, 4, -1, 2, 7, 6, 14, 7, 11, 6, 10]","[False, False, False, False, False, False, False, False, False, False, False, False, False, False, False, False, False, False, False, False, False, False, False, False, False, False, False, False, False, False, False, False, False, True, False, True, False, False, False, True, False, False, False, False, False, True, False, False, True, True, False, True, True, True, True, True, True, True, True]"
44,"[0, 0, 0, 0, 0, 0, 0, 0, 0, 0, 0, 0, 0, 0, 0, 0, 0, 0, 0, 0, 0, 0, 0, 0, 0, 0, 0, 0, 0, 0, 0, 0, 0, 2677.21116090064, 0, 0, 0, 0, 0, 0, 0, 0, 0, 0, 0, 2073.45105261294, 0, 0, 732.8213619215522, 1908.8504511256126, 0, 1851.3381774860268, 520.8668579276933, 1105.1729687313032, 925.6689723222934, 1622.8881916370212, 2254.8350239347114, 581.5100710295644, 557.5946894011578, 3815.4812123039737, 3752.9130163235823, 884.1326637750533]","[0, 0, 0, 0, 0, 0, 1, 1, 1, 2, 2, 2, 2, 2, 3, 3, 3, 3, 3, 3, 3, 3, 4, 4, 4, 4, 4, 4, 5, 5, 5, 5, 5, 6, 6, 6, 6, 6, 6, 7, 7, 7, 8, 8, 8, 8, 8, 8, 8, 9, 9, 9, 10, 10, 10, 10, 10, 10, 11, 11, 12, 12]","[1, 1, 1, 1, 1, 3, 3, 2, 2, 3, 3, 7, 3, 3, 4, 4, 5, 8, 8, 9, 10, 12, 13, 13, 15, 19, 20, 22, 23, 24, 24, 25, 25, 33, 26, 26, 27, 28, 28, 29, 30, 31, 33, 33, 34, 35, 36, 37, 37, 38, 38, 38, 39, 41, 40, 41, 41, 41, 42, 44, 44, 44]","[13, 9, 25, 5, 10, 24, 25, 25, 8, 15, 8, 28, 24, 26, 11, 12, 31, 28, 20, 26, 26, 21, 19, 30, 33, 23, 34, 38, 28, 38, 33, 42, 36, -1, 37, 44, 38, 41, 37, -1, 41, 35, 40, 40, 39, -1, 41, 43, -1, -1, 42, -1, -1, -1, -1, -1, -1, -1, -1, -1, -1, -1]","[0, 0, 0, 0, 0, 0, 0, 0, 0, 0, 0, 0, 0, 0, 0, 0, 0, 0, 0, 0, 0, 0, 0, 0, 0, 0, 0, 0, 0, 0, 0, 0, 0, 4029.0, 0, 0, 0, 0, 0, 4029.0, 0, 0, 0, 0, 0, 2096.8003007436637, 0, 0, 4029.0, 1932.199699256336, 0, 4029.0, 1463.4893331453359, 2276.3314488508695, 4029.0, 2565.510666854664, 4029.0, 1752.6685511491307, 4029.0, 4029.0, 4029.0, 4029.0]","[0, 0, 0, 0, 0, 0, 0, 0, 0, 0, 0, 0, 0, 0, 0, 0, 0, 0, 0, 0, 0, 0, 0, 0, 0, 0, 0, 0, 0, 0, 0, 0, 0, (1227.5328, 0.18566666666666662, 0.4779333333333333), 0, 0, 0, 0, 0, (0.0, 0.0, 0.0), 0, 0, 0, 0, 0, (254.4540666666667, 0.0026, 0.0088), 0, 0, (199.92773333333332, 0.9031333333333333, 0.010666666666666666), (125.0422, 0.247, 0.19506666666666664), 0, (478.1502, 3.8014, 0.020733333333333333), (0.0, 0.0046, 0.00013333333333333334), (33.5544, 0.0, 0.001), (95.0708, 0.5381333333333334, 0.44586666666666674), (131.4214, 0.9578666666666666, 0.7716000000000001), (184.5492, 0.009333333333333334, 0.0108), (0.0, 0.004733333333333333, 0.0), (160.78126666666668, 0.05293333333333333, 0.031466666666666664), (1426.063, 0.14286666666666667, 0.5943999999999999), (388.67179999999996, 7.663399999999999, 2.4918666666666667), (128.62506666666664, 0.00046666666666666666, 0.0014)]","[0, 0, 0, 0, 0, 0, 0, 0, 0, 0, 0, 0, 0, 0, 0, 0, 0, 0, 0, 0, 0, 0, 0, 0, 0, 0, 0, 0, 0, 0, 0, 0, 0, (3, 3.3333333333333335e-05, 0.15232222222222222), 0, 0, 0, 0, 0, (2, 0.0, 0.0), 0, 0, 0, 0, 0, (3, 0.00011666666666666667, 0.017588888888888887), 0, 0, (1, 0.0, 0.005077777777777777), (1, 3.3333333333333335e-05, 0.05121666666666667), 0, (3, 0.0428, 0.01527777777777778), (1, 0.0, 0.0008166666666666667), (3, 0.0, 0.0), (1, 0.0, 0.0017277777777777773), (2, 0.0, 0.010555555555555558), (2, 0.0, 0.002338888888888889), (3, 0.0, 0.0012333333333333335), (3, 0.0, 0.0011222222222222222), (3, 0.005116666666666666, 0.1869), (2, 0.0, 0.016355555555555557), (2, 0.0705, 0.025599999999999998)]","[-1, -1, -1, -1, -1, -1, -1, -1, -1, -1, -1, -1, -1, -1, -1, -1, -1, -1, -1, -1, -1, -1, -1, -1, -1, -1, -1, -1, -1, -1, -1, -1, -1, 1, -1, -1, -1, -1, -1, 0, -1, -1, -1, -1, -1, 4, -1, -1, 13, 4, -1, 2, 7, 6, 14, 7, 11, 6, 10, 9, 8, 15]","[False, False, False, False, False, False, False, False, False, False, False, False, False, False, False, False, False, False, False, False, False, False, False, False, False, False, False, False, False, False, False, False, False, True, False, False, False, False, False, True, False, False, False, False, False, True, False, False, True, True, False, True, True, True, True, True, True, True, True, True, True, True]"
45,"[0, 0, 0, 0, 0, 0, 0, 0, 0, 0, 0, 0, 0, 0, 0, 0, 0, 0, 0, 0, 0, 0, 0, 0, 0, 0, 0, 0, 0, 0, 0, 0, 0, 6028.278192232053, 0, 0, 0, 0, 0, 0, 0, 0, 0, 0, 0, 2293.817831151513, 0, 0, 0, 1714.4051397483977, 0, 1646.6228982447833, 0, 1111.8507510197098, 934.5696355177, 1596.1861921402513, 2248.9012475559352, 578.5431829120669, 574.2891411796356, 2446.521763816231, 2794.65141873918, 845.5631180399, 731.2170323801198]","[0, 0, 0, 0, 0, 0, 1, 1, 1, 2, 2, 2, 2, 2, 3, 3, 3, 3, 3, 3, 3, 3, 4, 4, 4, 4, 4, 4, 5, 5, 5, 5, 5, 6, 6, 6, 6, 6, 6, 7, 7, 7, 8, 8, 8, 8, 8, 8, 8, 9, 9, 9, 10, 10, 10, 10, 10, 10, 11, 11, 12, 12, 12]","[1, 1, 1, 1, 1, 3, 3, 2, 2, 3, 3, 7, 3, 3, 4, 4, 5, 8, 8, 9, 10, 12, 13, 13, 15, 19, 20, 22, 23, 24, 24, 25, 25, 33, 26, 26, 27, 28, 28, 29, 30, 31, 33, 33, 34, 35, 36, 37, 37, 38, 38, 38, 39, 41, 40, 41, 41, 41, 42, 44, 44, 44, 45]","[13, 9, 25, 5, 10, 24, 25, 25, 8, 15, 8, 28, 24, 26, 11, 12, 31, 28, 20, 26, 26, 21, 19, 30, 33, 23, 34, 38, 28, 38, 33, 42, 36, -1, 37, 44, 38, 41, 37, 45, 41, 35, 40, 40, 39, -1, 41, 43, -1, -1, 42, -1, -1, -1, -1, -1, -1, -1, -1, -1, -1, -1, -1]","[0, 0, 0, 0, 0, 0, 0, 0, 0, 0, 0, 0, 0, 0, 0, 0, 0, 0, 0, 0, 0, 0, 0, 0, 0, 0, 0, 0, 0, 0, 0, 0, 0, 4029.0, 0, 0, 0, 0, 0, 0, 0, 0, 0, 0, 0, 2304.2063457015574, 0, 0, 4029.0, 1724.7936542984423, 0, 4029.0, 1216.4069039298743, 2281.1537840538213, 4029.0, 2812.5930960701253, 4029.0, 1747.8462159461785, 4029.0, 4029.0, 4029.0, 4029.0, 4029.0]","[0, 0, 0, 0, 0, 0, 0, 0, 0, 0, 0, 0, 0, 0, 0, 0, 0, 0, 0, 0, 0, 0, 0, 0, 0, 0, 0, 0, 0, 0, 0, 0, 0, (1551.892, 0.19686666666666666, 1.39), 0, 0, 0, 0, 0, 0, 0, 0, 0, 0, 0, (268.435, 0.0018666666666666666, 0.0016), 0, 0, (167.77133333333336, 0.8164666666666667, 0.02233333333333333), (93.78139999999999, 0.23493333333333336, 0.19066666666666662), 0, (450.887, 3.747866666666667, 0.0224), (0.0, 0.0046, 0.0), (39.146800000000006, 0.0, 0.001), (92.2746, 0.5394, 0.44333333333333325), (153.791, 0.9633999999999999, 0.7669333333333332), (218.1036, 0.009266666666666668, 0.010533333333333334), (0.0, 0.004733333333333333, 6.666666666666668e-05), (143.3049333333333, 0.05273333333333334, 0.030533333333333336), (1311.4188000000001, 0.1956, 0.7402000000000001), (651.5146, 19.004533333333335, 2.486266666666667), (120.23626666666664, 0.0, 0.001066666666666667), (178.9568, 0.0019333333333333331, 0.0014666666666666665)]","[0, 0, 0, 0, 0, 0, 0, 0, 0, 0, 0, 0, 0, 0, 0, 0, 0, 0, 0, 0, 0, 0, 0, 0, 0, 0, 0, 0, 0, 0, 0, 0, 0, (3, 0.0001, 0.1530611111111111), 0, 0, 0, 0, 0, 0, 0, 0, 0, 0, 0, (3, 0.00013333333333333334, 0.023688888888888888), 0, 0, (1, 0.0, 0.005544444444444444), (1, 0.0, 0.049894444444444436), 0, (3, 1.666666666666667e-05, 0.0003444444444444445), (1, 0.0, 0.0008222222222222222), (3, 0.0, 0.0), (1, 0.0, 0.0022722222222222224), (2, 0.0, 0.0117), (2, 0.0, 0.0022555555555555554), (3, 0.0, 0.0012666666666666666), (3, 0.0, 0.0011333333333333332), (3, 0.0006, 0.11304444444444445), (2, 0.0, 0.0053), (2, 1.666666666666667e-05, 0.0006111111111111112), (1, 0.36411666666666676, 0.01315)]","[-1, -1, -1, -1, -1, -1, -1, -1, -1, -1, -1, -1, -1, -1, -1, -1, -1, -1, -1, -1, -1, -1, -1, -1, -1, -1, -1, -1, -1, -1, -1, -1, -1, 1, -1, -1, -1, -1, -1, -1, -1, -1, -1, -1, -1, 4, -1, -1, 13, 4, -1, 2, 7, 6, 14, 7, 11, 6, 10, 9, 8, 15, 0]","[False, False, False, False, False, False, False, False, False, False, False, False, False, False, False, False, False, False, False, False, False, False, False, False, False, False, False, False, False, False, False, False, False, True, False, False, False, False, False, False, False, False, False, False, False, True, False, False, True, True, False, True, True, True, True, True, True, True, True, True, True, True, True]"
46,"[0, 0, 0, 0, 0, 0, 0, 0, 0, 0, 0, 0, 0, 0, 0, 0, 0, 0, 0, 0, 0, 0, 0, 0, 0, 0, 0, 0, 0, 0, 0, 0, 0, 6374.312287858666, 0, 0, 0, 0, 0, 0, 0, 0, 0, 0, 0, 2203.667785385733, 0, 0, 0, 1851.3384576196752, 0, 922.7022006380679, 0, 1252.08417907625, 0, 1655.52396879974, 2201.431036525731, 593.3776234995555, 0, 2303.8585840403466, 1739.5619942211624, 809.96046043822, 657.7614400862267, 1155.2559781834066]","[0, 0, 0, 0, 0, 0, 1, 1, 1, 2, 2, 2, 2, 2, 3, 3, 3, 3, 3, 3, 3, 3, 4, 4, 4, 4, 4, 4, 5, 5, 5, 5, 5, 6, 6, 6, 6, 6, 6, 7, 7, 7, 8, 8, 8, 8, 8, 8, 8, 9, 9, 9, 10, 10, 10, 10, 10, 10, 11, 11, 12, 12, 12, 12]","[1, 1, 1, 1, 1, 3, 3, 2, 2, 3, 3, 7, 3, 3, 4, 4, 5, 8, 8, 9, 10, 12, 13, 13, 15, 19, 20, 22, 23, 24, 24, 25, 25, 33, 26, 26, 27, 28, 28, 29, 30, 31, 33, 33, 34, 35, 36, 37, 37, 38, 38, 38, 39, 41, 40, 41, 41, 41, 42, 44, 44, 44, 45, 46]","[13, 9, 25, 5, 10, 24, 25, 25, 8, 15, 8, 28, 24, 26, 11, 12, 31, 28, 20, 26, 26, 21, 19, 30, 33, 23, 34, 38, 28, 38, 33, 42, 36, -1, 37, 44, 38, 41, 37, 45, 41, 35, 40, 40, 39, -1, 41, 43, 46, -1, 42, -1, 46, -1, -1, -1, -1, -1, -1, -1, -1, -1, -1, -1]","[0, 0, 0, 0, 0, 0, 0, 0, 0, 0, 0, 0, 0, 0, 0, 0, 0, 0, 0, 0, 0, 0, 0, 0, 0, 0, 0, 0, 0, 0, 0, 0, 0, 4029.0, 0, 0, 0, 0, 0, 0, 0, 0, 0, 0, 0, 2190.664663883029, 0, 0, 0, 1838.335336116971, 0, 4029.0, 0, 2343.8532777883474, 4029.0, 4029.0, 4029.0, 1685.1467222116528, 1436.8720109082967, 4029.0, 4029.0, 4029.0, 4029.0, 2592.127989091703]","[0, 0, 0, 0, 0, 0, 0, 0, 0, 0, 0, 0, 0, 0, 0, 0, 0, 0, 0, 0, 0, 0, 0, 0, 0, 0, 0, 0, 0, 0, 0, 0, 0, (1736.4414, 0.2492666666666667, 1.2721333333333333), 0, 0, 0, 0, 0, 0, 0, 0, 0, 0, 0, (269.134, 0.0016666666666666668, 0.0014666666666666665), 0, 0, 0, (104.85293333333334, 0.21746666666666667, 0.18180000000000002), 0, (434.1098, 1.2283333333333333, 0.020466666666666664), 0, (173.3644, 6.666666666666668e-05, 0.0016), (226.49220000000003, 0.5299333333333333, 0.43666666666666676), (125.829, 0.9370666666666667, 0.7570666666666667), (268.4352, 0.009333333333333334, 0.0108), (67.1088, 0.004666666666666667, 6.666666666666668e-05), (167.77166666666662, 0.052866666666666666, 0.030466666666666666), (1255.4948, 0.13406666666666667, 0.4640666666666667), (369.0984, 16.1096, 2.579733333333333), (72.7008, 6.666666666666668e-05, 0.0015333333333333334), (192.93779999999998, 0.003933333333333333, 0.0014666666666666665), (67.10839999999999, 0.00013333333333333334, 0.001)]","[0, 0, 0, 0, 0, 0, 0, 0, 0, 0, 0, 0, 0, 0, 0, 0, 0, 0, 0, 0, 0, 0, 0, 0, 0, 0, 0, 0, 0, 0, 0, 0, 0, (3, 0.00015, 0.2104), 0, 0, 0, 0, 0, 0, 0, 0, 0, 0, 0, (3, 0.00031666666666666665, 0.026144444444444446), 0, 0, 0, (1, 3.3333333333333335e-05, 0.05011111111111111), 0, (3, 0.0, 0.0004555555555555556), 0, (3, 0.03166666666666667, 0.0017722222222222221), (1, 0.0007666666666666667, 0.00215), (2, 0.06273333333333334, 0.031105555555555553), (2, 0.0, 0.0022944444444444444), (3, 0.0, 0.0012222222222222224), (3, 1.666666666666667e-05, 0.0011833333333333333), (3, 1.666666666666667e-05, 0.12178333333333334), (2, 0.0, 0.00225), (2, 0.0, 0.0005666666666666668), (1, 0.26766666666666666, 0.015294444444444444), (1, 0.0, 0.0005722222222222222)]","[-1, -1, -1, -1, -1, -1, -1, -1, -1, -1, -1, -1, -1, -1, -1, -1, -1, -1, -1, -1, -1, -1, -1, -1, -1, -1, -1, -1, -1, -1, -1, -1, -1, 1, -1, -1, -1, -1, -1, -1, -1, -1, -1, -1, -1, 4, -1, -1, -1, 4, -1, 2, -1, 6, 14, 7, 11, 6, 10, 9, 8, 15, 0, 10]","[False, False, False, False, False, False, False, False, False, False, False, False, False, False, False, False, False, False, False, False, False, False, False, False, False, False, False, False, False, False, False, False, False, True, False, False, False, False, False, False, False, False, False, False, False, True, False, False, False, True, False, True, False, True, True, True, True, True, True, True, True, True, True, True]"
47,"[0, 0, 0, 0, 0, 0, 0, 0, 0, 0, 0, 0, 0, 0, 0, 0, 0, 0, 0, 0, 0, 0, 0, 0, 0, 0, 0, 0, 0, 0, 0, 0, 0, 3703.171900565511, 0, 0, 0, 0, 0, 0, 0, 0, 0, 0, 0, 2664.4346859663865, 0, 0, 0, 1802.042463186016, 0, 1074.0134939902914, 0, 1105.1729687313032, 0, 2278.570623724373, 2248.9012475559352, 0, 0, 2662.034226881929, 1826.3731494030244, 1317.2983312621604, 711.18368902724, 1151.9170880730503, 881.4670876440003, 2006.6731654957287]","[0, 0, 0, 0, 0, 0, 1, 1, 1, 2, 2, 2, 2, 2, 3, 3, 3, 3, 3, 3, 3, 3, 4, 4, 4, 4, 4, 4, 5, 5, 5, 5, 5, 6, 6, 6, 6, 6, 6, 7, 7, 7, 8, 8, 8, 8, 8, 8, 8, 9, 9, 9, 10, 10, 10, 10, 10, 10, 11, 11, 12, 12, 12, 12, 12, 13]","[1, 1, 1, 1, 1, 3, 3, 2, 2, 3, 3, 7, 3, 3, 4, 4, 5, 8, 8, 9, 10, 12, 13, 13, 15, 19, 20, 22, 23, 24, 24, 25, 25, 33, 26, 26, 27, 28, 28, 29, 30, 31, 33, 33, 34, 35, 36, 37, 37, 38, 38, 38, 39, 41, 40, 41, 41, 41, 42, 44, 44, 44, 45, 46, 47, 47]","[13, 9, 25, 5, 10, 24, 25, 25, 8, 15, 8, 28, 24, 26, 11, 12, 31, 28, 20, 26, 26, 21, 19, 30, 33, 23, 34, 38, 28, 38, 33, 42, 36, -1, 37, 44, 38, 41, 37, 45, 41, 35, 40, 40, 39, -1, 41, 43, 46, -1, 42, -1, 46, -1, 47, -1, -1, -1, 47, -1, -1, -1, -1, -1, -1, -1]","[0, 0, 0, 0, 0, 0, 0, 0, 0, 0, 0, 0, 0, 0, 0, 0, 0, 0, 0, 0, 0, 0, 0, 0, 0, 0, 0, 0, 0, 0, 0, 0, 0, 4029.0, 0, 0, 0, 0, 0, 0, 0, 0, 0, 0, 0, 2445.6961113901853, 0, 0, 0, 1583.3038886098147, 0, 1548.1701642472813, 0, 2567.086484365652, 0, 4029.0, 4029.0, 1461.9135156343484, 0, 4029.0, 4029.0, 4029.0, 4029.0, 4029.0, 4029.0, 2480.8298357527183]","[0, 0, 0, 0, 0, 0, 0, 0, 0, 0, 0, 0, 0, 0, 0, 0, 0, 0, 0, 0, 0, 0, 0, 0, 0, 0, 0, 0, 0, 0, 0, 0, 0, (1493.1718, 0.1692, 0.7876000000000001), 0, 0, 0, 0, 0, 0, 0, 0, 0, 0, 0, (369.09826666666675, 0.0032, 0.0020666666666666667), 0, 0, 0, (98.34026666666666, 0.21266666666666662, 0.17426666666666668), 0, (243.2694, 1.3356666666666668, 0.18259999999999998), 0, (156.58720000000002, 6.666666666666668e-05, 0.001066666666666667), 0, (226.49220000000003, 0.9202666666666668, 0.7430666666666668), (33.5544, 0.009266666666666668, 0.010666666666666666), (22.3696, 0.0048, 0.0), 0, (1470.8021999999999, 0.18553333333333333, 0.47233333333333327), (268.4352, 13.852799999999998, 1.682), (75.49706666666667, 0.0, 0.001066666666666667), (134.2176, 0.002, 0.0014), (72.70093333333334, 6.666666666666668e-05, 0.001), (95.9442, 0.019933333333333334, 0.0208), (306.18366666666674, 0.5942000000000001, 0.19193333333333337)]","[0, 0, 0, 0, 0, 0, 0, 0, 0, 0, 0, 0, 0, 0, 0, 0, 0, 0, 0, 0, 0, 0, 0, 0, 0, 0, 0, 0, 0, 0, 0, 0, 0, (3, 0.0001, 0.13415555555555556), 0, 0, 0, 0, 0, 0, 0, 0, 0, 0, 0, (3, 0.2675166666666666, 0.1220111111111111), 0, 0, 0, (1, 0.00011666666666666667, 0.04876111111111111), 0, (3, 0.0, 0.0004166666666666667), 0, (3, 0.0, 0.0002833333333333333), 0, (2, 0.09268333333333334, 0.011455555555555556), (2, 0.0, 0.0023555555555555556), (3, 0.0, 0.0012777777777777776), 0, (3, 1.666666666666667e-05, 0.1395388888888889), (2, 0.0, 0.005916666666666666), (2, 1.666666666666667e-05, 0.0007), (1, 0.2701, 0.013050000000000004), (1, 0.0, 0.0005666666666666666), (1, 0.0012, 0.05558333333333333), (3, 0.011550000000000001, 0.43049444444444446)]","[-1, -1, -1, -1, -1, -1, -1, -1, -1, -1, -1, -1, -1, -1, -1, -1, -1, -1, -1, -1, -1, -1, -1, -1, -1, -1, -1, -1, -1, -1, -1, -1, -1, 1, -1, -1, -1, -1, -1, -1, -1, -1, -1, -1, -1, 4, -1, -1, -1, 4, -1, 2, -1, 6, -1, 7, 11, 6, -1, 9, 8, 15, 0, 10, 3, 2]","[False, False, False, False, False, False, False, False, False, False, False, False, False, False, False, False, False, False, False, False, False, False, False, False, False, False, False, False, False, False, False, False, False, True, False, False, False, False, False, False, False, False, False, False, False, True, False, False, False, True, False, True, False, True, False, True, True, True, False, True, True, True, True, True, True, True]"
48,"[0, 0, 0, 0, 0, 0, 0, 0, 0, 0, 0, 0, 0, 0, 0, 0, 0, 0, 0, 0, 0, 0, 0, 0, 0, 0, 0, 0, 0, 0, 0, 0, 0, 3949.038231668631, 0, 0, 0, 0, 0, 0, 0, 0, 0, 0, 0, 2310.5122840711024, 0, 0, 0, 1136.5465383316057, 0, 940.5035292677412, 0, 1118.528533308117, 0, 1590.2524144743022, 5046.6768101486105, 0, 0, 2986.820614882346, 1612.6841520322869, 0, 647.7447684097866, 1158.5948682937635, 754.589249271, 1352.2506356501997, 3815.4812123039737]","[0, 0, 0, 0, 0, 0, 1, 1, 1, 2, 2, 2, 2, 2, 3, 3, 3, 3, 3, 3, 3, 3, 4, 4, 4, 4, 4, 4, 5, 5, 5, 5, 5, 6, 6, 6, 6, 6, 6, 7, 7, 7, 8, 8, 8, 8, 8, 8, 8, 9, 9, 9, 10, 10, 10, 10, 10, 10, 11, 11, 12, 12, 12, 12, 12, 13, 13]","[1, 1, 1, 1, 1, 3, 3, 2, 2, 3, 3, 7, 3, 3, 4, 4, 5, 8, 8, 9, 10, 12, 13, 13, 15, 19, 20, 22, 23, 24, 24, 25, 25, 33, 26, 26, 27, 28, 28, 29, 30, 31, 33, 33, 34, 35, 36, 37, 37, 38, 38, 38, 39, 41, 40, 41, 41, 41, 42, 44, 44, 44, 45, 46, 47, 47, 48]","[13, 9, 25, 5, 10, 24, 25, 25, 8, 15, 8, 28, 24, 26, 11, 12, 31, 28, 20, 26, 26, 21, 19, 30, 33, 23, 34, 38, 28, 38, 33, 42, 36, -1, 37, 44, 38, 41, 37, 45, 41, 35, 40, 40, 39, -1, 41, 43, 46, -1, 42, -1, 46, -1, 47, -1, -1, 48, 47, -1, -1, -1, -1, -1, -1, -1, -1]","[0, 0, 0, 0, 0, 0, 0, 0, 0, 0, 0, 0, 0, 0, 0, 0, 0, 0, 0, 0, 0, 0, 0, 0, 0, 0, 0, 0, 0, 0, 0, 0, 0, 4029.0, 0, 0, 0, 0, 0, 0, 0, 0, 0, 0, 0, 2601.4828728697485, 0, 0, 0, 1427.5171271302518, 0, 1808.6264468087707, 0, 4029.0, 0, 4029.0, 4029.0, 0, 0, 4029.0, 4029.0, 4029.0, 4029.0, 4029.0, 4029.0, 2220.373553191229, 4029.0]","[0, 0, 0, 0, 0, 0, 0, 0, 0, 0, 0, 0, 0, 0, 0, 0, 0, 0, 0, 0, 0, 0, 0, 0, 0, 0, 0, 0, 0, 0, 0, 0, 0, (1484.7831999999999, 0.21580000000000002, 0.8416666666666666), 0, 0, 0, 0, 0, 0, 0, 0, 0, 0, 0, (364.904, 0.0027333333333333333, 0.0014666666666666665), 0, 0, 0, (87.92, 0.21286666666666668, 0.18966666666666662), 0, (178.2574, 0.7554, 0.0208), 0, (97.867, 0.0, 0.001), 0, (142.6062, 0.9306666666666665, 0.7520666666666668), (369.0984, 0.018533333333333336, 0.025066666666666668), 0, 0, (1311.4188000000001, 0.14286666666666667, 0.5135333333333333), (383.0794, 15.210066666666668, 1.8525333333333331), (114.64386666666668, 0.0, 0.0011333333333333332), (226.49220000000003, 0.0016666666666666668, 0.0014), (75.49719999999999, 0.0004, 0.0014666666666666665), (96.9928, 0.020133333333333333, 0.014066666666666665), (281.018, 0.42160000000000003, 0.13533333333333333), (1426.063, 0.14286666666666667, 0.5943999999999999)]","[0, 0, 0, 0, 0, 0, 0, 0, 0, 0, 0, 0, 0, 0, 0, 0, 0, 0, 0, 0, 0, 0, 0, 0, 0, 0, 0, 0, 0, 0, 0, 0, 0, (3, 0.0001, 0.17663333333333334), 0, 0, 0, 0, 0, 0, 0, 0, 0, 0, 0, (3, 0.0012833333333333332, 0.025400000000000002), 0, 0, 0, (1, 0.0, 0.050077777777777784), 0, (3, 0.0, 0.0004444444444444444), 0, (3, 0.008, 0.00039999999999999996), 0, (2, 0.0, 0.012455555555555557), (2, 0.0, 0.0054888888888888895), 0, 0, (3, 5e-05, 0.13139444444444442), (2, 0.0, 0.0036999999999999997), (2, 0.0, 0.0006555555555555555), (1, 0.27021666666666666, 0.012733333333333334), (1, 0.0, 0.0005499999999999999), (1, 0.0, 0.054338888888888895), (3, 1.666666666666667e-05, 0.2272388888888889), (3, 0.005116666666666666, 0.1869)]","[-1, -1, -1, -1, -1, -1, -1, -1, -1, -1, -1, -1, -1, -1, -1, -1, -1, -1, -1, -1, -1, -1, -1, -1, -1, -1, -1, -1, -1, -1, -1, -1, -1, 1, -1, -1, -1, -1, -1, -1, -1, -1, -1, -1, -1, 4, -1, -1, -1, 4, -1, 2, -1, 6, -1, 7, 11, -1, -1, 9, 8, 15, 0, 10, 3, 2, 13]","[False, False, False, False, False, False, False, False, False, False, False, False, False, False, False, False, False, False, False, False, False, False, False, False, False, False, False, False, False, False, False, False, False, True, False, False, False, False, False, False, False, False, False, False, False, True, False, False, False, True, False, True, False, True, False, True, True, False, False, True, True, True, True, True, True, True, True]"
49,"[0, 0, 0, 0, 0, 0, 0, 0, 0, 0, 0, 0, 0, 0, 0, 0, 0, 0, 0, 0, 0, 0, 0, 0, 0, 0, 0, 0, 0, 0, 0, 0, 0, 3566.579494397111, 0, 0, 0, 0, 0, 0, 0, 0, 0, 0, 0, 2560.9290778649356, 0, 0, 0, 1426.8451722187147, 0, 1468.6096119480499, 0, 1121.86742445232, 0, 1563.5504149775322, 6361.008278047395, 0, 0, 2953.431360041183, 1499.1618721790824, 0, 0, 1151.9170880730503, 754.589249271, 1409.0117734429248, 2446.521763816231, 2006.6731654957287]","[0, 0, 0, 0, 0, 0, 1, 1, 1, 2, 2, 2, 2, 2, 3, 3, 3, 3, 3, 3, 3, 3, 4, 4, 4, 4, 4, 4, 5, 5, 5, 5, 5, 6, 6, 6, 6, 6, 6, 7, 7, 7, 8, 8, 8, 8, 8, 8, 8, 9, 9, 9, 10, 10, 10, 10, 10, 10, 11, 11, 12, 12, 12, 12, 12, 13, 13, 13]","[1, 1, 1, 1, 1, 3, 3, 2, 2, 3, 3, 7, 3, 3, 4, 4, 5, 8, 8, 9, 10, 12, 13, 13, 15, 19, 20, 22, 23, 24, 24, 25, 25, 33, 26, 26, 27, 28, 28, 29, 30, 31, 33, 33, 34, 35, 36, 37, 37, 38, 38, 38, 39, 41, 40, 41, 41, 41, 42, 44, 44, 44, 45, 46, 47, 47, 48, 49]","[13, 9, 25, 5, 10, 24, 25, 25, 8, 15, 8, 28, 24, 26, 11, 12, 31, 28, 20, 26, 26, 21, 19, 30, 33, 23, 34, 38, 28, 38, 33, 42, 36, -1, 37, 44, 38, 41, 37, 45, 41, 35, 40, 40, 39, -1, 41, 43, 46, -1, 42, -1, 46, -1, 47, -1, -1, 48, 47, -1, -1, 49, -1, -1, -1, -1, -1, -1]","[0, 0, 0, 0, 0, 0, 0, 0, 0, 0, 0, 0, 0, 0, 0, 0, 0, 0, 0, 0, 0, 0, 0, 0, 0, 0, 0, 0, 0, 0, 0, 0, 0, 4029.0, 0, 0, 0, 0, 0, 0, 0, 0, 0, 0, 0, 2581.5419528231105, 0, 0, 0, 1447.4580471768895, 0, 2044.2989192525624, 0, 4029.0, 0, 4029.0, 4029.0, 0, 0, 4029.0, 4029.0, 0, 4029.0, 1587.1219612886607, 4029.0, 1984.7010807474373, 4029.0, 2441.8780387113393]","[0, 0, 0, 0, 0, 0, 0, 0, 0, 0, 0, 0, 0, 0, 0, 0, 0, 0, 0, 0, 0, 0, 0, 0, 0, 0, 0, 0, 0, 0, 0, 0, 0, (1644.1666, 0.15380000000000002, 0.6252666666666667), 0, 0, 0, 0, 0, 0, 0, 0, 0, 0, 0, (271.9302, 0.0026666666666666666, 0.0020666666666666667), 0, 0, 0, (83.36113333333331, 0.21606666666666663, 0.18393333333333337), 0, (344.63140000000004, 3.1724, 0.019733333333333335), 0, (81.0898, 0.0, 0.001), 0, (117.4404, 0.9303333333333335, 0.7412666666666667), (1157.6274666666666, 0.016533333333333334, 0.022133333333333328), 0, 0, (1311.4188000000001, 0.188, 0.5201333333333333), (279.62, 9.749466666666667, 1.610333333333333), 0, (271.2314, 0.0722, 0.0028666666666666667), (75.49719999999999, 0.0003333333333333333, 0.0014), (90.177, 0.02, 0.014), (255.852, 0.49213333333333326, 0.15953333333333333), (1311.4188000000001, 0.1956, 0.7402000000000001), (306.18366666666674, 0.5942000000000001, 0.19193333333333337)]","[0, 0, 0, 0, 0, 0, 0, 0, 0, 0, 0, 0, 0, 0, 0, 0, 0, 0, 0, 0, 0, 0, 0, 0, 0, 0, 0, 0, 0, 0, 0, 0, 0, (3, 5e-05, 0.16941111111111112), 0, 0, 0, 0, 0, 0, 0, 0, 0, 0, 0, (3, 0.005633333333333334, 0.03143333333333334), 0, 0, 0, (1, 0.0, 0.04877777777777778), 0, (3, 0.0, 0.0002722222222222222), 0, (3, 0.0, 0.0), 0, (2, 0.0, 0.010772222222222223), (2, 0.0, 0.005333333333333333), 0, 0, (3, 3.3333333333333335e-05, 0.16156666666666666), (2, 0.05768333333333333, 0.023244444444444446), 0, (1, 0.24863333333333332, 0.04668333333333334), (1, 0.0, 0.0005611111111111111), (1, 3.3333333333333335e-05, 0.05506666666666666), (3, 8.333333333333333e-05, 0.28617777777777775), (3, 0.0006, 0.11304444444444445), (3, 0.011550000000000001, 0.43049444444444446)]","[-1, -1, -1, -1, -1, -1, -1, -1, -1, -1, -1, -1, -1, -1, -1, -1, -1, -1, -1, -1, -1, -1, -1, -1, -1, -1, -1, -1, -1, -1, -1, -1, -1, 1, -1, -1, -1, -1, -1, -1, -1, -1, -1, -1, -1, 4, -1, -1, -1, 4, -1, 2, -1, 6, -1, 7, 11, -1, -1, 9, 8, -1, 0, 10, 3, 2, 13, 10]","[False, False, False, False, False, False, False, False, False, False, False, False, False, False, False, False, False, False, False, False, False, False, False, False, False, False, False, False, False, False, False, False, False, True, False, False, False, False, False, False, False, False, False, False, False, True, False, False, False, True, False, True, False, True, False, True, True, False, False, True, True, False, True, True, True, True, True, True]"
50,"[0, 0, 0, 0, 0, 0, 0, 0, 0, 0, 0, 0, 0, 0, 0, 0, 0, 0, 0, 0, 0, 0, 0, 0, 0, 0, 0, 0, 0, 0, 0, 0, 0, 4726.09725342664, 0, 0, 0, 0, 0, 0, 0, 0, 0, 0, 0, 2520.8623908579216, 0, 0, 0, 2127.9437597196566, 0, 0, 0, 0, 0, 1554.649748478609, 2438.7820916767528, 0, 0, 2989.8560016860883, 1863.10094582612, 0, 0, 1168.6115386248337, 741.2336873370001, 1816.3564093671823, 2303.8585840403466, 1352.2506356501997, 628.9803113908888]","[0, 0, 0, 0, 0, 0, 1, 1, 1, 2, 2, 2, 2, 2, 3, 3, 3, 3, 3, 3, 3, 3, 4, 4, 4, 4, 4, 4, 5, 5, 5, 5, 5, 6, 6, 6, 6, 6, 6, 7, 7, 7, 8, 8, 8, 8, 8, 8, 8, 9, 9, 9, 10, 10, 10, 10, 10, 10, 11, 11, 12, 12, 12, 12, 12, 13, 13, 13, 13]","[1, 1, 1, 1, 1, 3, 3, 2, 2, 3, 3, 7, 3, 3, 4, 4, 5, 8, 8, 9, 10, 12, 13, 13, 15, 19, 20, 22, 23, 24, 24, 25, 25, 33, 26, 26, 27, 28, 28, 29, 30, 31, 33, 33, 34, 35, 36, 37, 37, 38, 38, 38, 39, 41, 40, 41, 41, 41, 42, 44, 44, 44, 45, 46, 47, 47, 48, 49, 50]","[13, 9, 25, 5, 10, 24, 25, 25, 8, 15, 8, 28, 24, 26, 11, 12, 31, 28, 20, 26, 26, 21, 19, 30, 33, 23, 34, 38, 28, 38, 33, 42, 36, -1, 37, 44, 38, 41, 37, 45, 41, 35, 40, 40, 39, -1, 41, 43, 46, -1, 42, -1, 46, -1, 47, -1, -1, 48, 47, -1, -1, 49, 50, -1, -1, -1, -1, -1, -1]","[0, 0, 0, 0, 0, 0, 0, 0, 0, 0, 0, 0, 0, 0, 0, 0, 0, 0, 0, 0, 0, 0, 0, 0, 0, 0, 0, 0, 0, 0, 0, 0, 0, 4029.0, 0, 0, 0, 0, 0, 0, 0, 0, 0, 0, 0, 2210.9593155691323, 0, 0, 0, 1818.0406844308673, 0, 1106.321795316409, 0, 4029.0, 0, 4029.0, 4029.0, 0, 0, 4029.0, 4029.0, 0, 0, 1922.680451487317, 4029.0, 2922.6782046835915, 4029.0, 2106.319548512683, 4029.0]","[0, 0, 0, 0, 0, 0, 0, 0, 0, 0, 0, 0, 0, 0, 0, 0, 0, 0, 0, 0, 0, 0, 0, 0, 0, 0, 0, 0, 0, 0, 0, 0, 0, (1434.4516, 0.22206666666666663, 0.8742666666666667), 0, 0, 0, 0, 0, 0, 0, 0, 0, 0, 0, (274.72646666666674, 0.0041333333333333335, 0.009866666666666668), 0, 0, 0, (90.52506666666666, 0.3320666666666667, 0.2432666666666667), 0, (369.0984, 0.713, 0.022), 0, (117.4404, 0.0, 0.001), 0, (83.886, 0.8937333333333333, 0.7318666666666667), (167.772, 0.009333333333333334, 0.0104), 0, 0, (1177.2012, 0.14893333333333333, 0.6776666666666666), (338.34020000000004, 2.189, 3.0638666666666667), 0, 0, (77.5942, 0.00046666666666666666, 0.0014), (93.3228, 0.018333333333333333, 0.014133333333333333), (226.49179999999998, 0.6, 0.19540000000000002), (1255.4948, 0.13406666666666667, 0.4640666666666667), (281.018, 0.42160000000000003, 0.13533333333333333), (320.1647333333333, 0.0011333333333333332, 0.0015333333333333334)]","[0, 0, 0, 0, 0, 0, 0, 0, 0, 0, 0, 0, 0, 0, 0, 0, 0, 0, 0, 0, 0, 0, 0, 0, 0, 0, 0, 0, 0, 0, 0, 0, 0, (3, 0.0001, 0.21292777777777777), 0, 0, 0, 0, 0, 0, 0, 0, 0, 0, 0, (3, 0.0009833333333333335, 0.03336666666666666), 0, 0, 0, (1, 0.0002333333333333333, 0.0568888888888889), 0, (3, 0.0, 0.0003888888888888889), 0, (3, 0.0, 0.0), 0, (2, 0.0, 0.007866666666666668), (2, 0.0, 0.002172222222222222), 0, 0, (3, 5e-05, 0.12382222222222221), (2, 1.1261166666666667, 0.002977777777777778), 0, 0, (1, 0.0, 0.001627777777777778), (1, 0.0, 0.0557), (3, 0.00016666666666666666, 0.37338333333333334), (3, 1.666666666666667e-05, 0.12178333333333334), (3, 1.666666666666667e-05, 0.2272388888888889), (2, 0.0037166666666666667, 0.0028777777777777777)]","[-1, -1, -1, -1, -1, -1, -1, -1, -1, -1, -1, -1, -1, -1, -1, -1, -1, -1, -1, -1, -1, -1, -1, -1, -1, -1, -1, -1, -1, -1, -1, -1, -1, 1, -1, -1, -1, -1, -1, -1, -1, -1, -1, -1, -1, 4, -1, -1, -1, 4, -1, 2, -1, 6, -1, 7, 11, -1, -1, 9, 8, -1, -1, 10, 3, 2, 13, 10, 0]","[False, False, False, False, False, False, False, False, False, False, False, False, False, False, False, False, False, False, False, False, False, False, False, False, False, False, False, False, False, False, False, False, False, True, False, False, False, False, False, False, False, False, False, False, False, True, False, False, False, True, False, True, False, True, False, True, True, False, False, True, True, False, False, True, True, True, True, True, True]"
51,"[0, 0, 0, 0, 0, 0, 0, 0, 0, 0, 0, 0, 0, 0, 0, 0, 0, 0, 0, 0, 0, 0, 0, 0, 0, 0, 0, 0, 0, 0, 0, 0, 0, 3065.7406717796443, 0, 0, 0, 0, 0, 0, 0, 0, 0, 0, 0, 2607.673546039784, 0, 0, 0, 2445.6290571810214, 0, 0, 0, 0, 0, 1554.649748478609, 2554.490731062876, 0, 0, 5888.650399259911, 2634.3846707111265, 0, 0, 1165.2726485144767, 3752.9130163235823, 804.6726065235, 2230.3788262082307, 2662.034226881929, 1409.0117734429248, 634.9140879134446, 744.572766635591, 777.9614183128089]","[0, 0, 0, 0, 0, 0, 1, 1, 1, 2, 2, 2, 2, 2, 3, 3, 3, 3, 3, 3, 3, 3, 4, 4, 4, 4, 4, 4, 5, 5, 5, 5, 5, 6, 6, 6, 6, 6, 6, 7, 7, 7, 8, 8, 8, 8, 8, 8, 8, 9, 9, 9, 10, 10, 10, 10, 10, 10, 11, 11, 12, 12, 12, 12, 12, 12, 13, 13, 13, 13, 13, 14]","[1, 1, 1, 1, 1, 3, 3, 2, 2, 3, 3, 7, 3, 3, 4, 4, 5, 8, 8, 9, 10, 12, 13, 13, 15, 19, 20, 22, 23, 24, 24, 25, 25, 33, 26, 26, 27, 28, 28, 29, 30, 31, 33, 33, 34, 35, 36, 37, 37, 38, 38, 38, 39, 41, 40, 41, 41, 41, 42, 44, 44, 44, 45, 46, 51, 47, 47, 48, 49, 50, 51, 51]","[13, 9, 25, 5, 10, 24, 25, 25, 8, 15, 8, 28, 24, 26, 11, 12, 31, 28, 20, 26, 26, 21, 19, 30, 33, 23, 34, 38, 28, 38, 33, 42, 36, -1, 37, 44, 38, 41, 37, 45, 41, 35, 40, 40, 39, -1, 41, 43, 46, -1, 42, 51, 46, 51, 47, -1, -1, 48, 47, -1, -1, 49, 50, -1, -1, -1, -1, -1, -1, -1, -1, -1]","[0, 0, 0, 0, 0, 0, 0, 0, 0, 0, 0, 0, 0, 0, 0, 0, 0, 0, 0, 0, 0, 0, 0, 0, 0, 0, 0, 0, 0, 0, 0, 0, 0, 4029.0, 0, 0, 0, 0, 0, 0, 0, 0, 0, 0, 0, 2095.5222444293813, 0, 0, 0, 1933.4777555706187, 0, 0, 0, 0, 0, 4029.0, 4029.0, 0, 0, 4029.0, 4029.0, 0, 0, 1401.9869189834792, 4029.0, 4029.0, 4029.0, 4029.0, 1645.7260439119273, 4029.0, 981.2870371045937, 4029.0]","[0, 0, 0, 0, 0, 0, 0, 0, 0, 0, 0, 0, 0, 0, 0, 0, 0, 0, 0, 0, 0, 0, 0, 0, 0, 0, 0, 0, 0, 0, 0, 0, 0, (1392.5086000000001, 0.1512, 0.6417333333333333), 0, 0, 0, 0, 0, 0, 0, 0, 0, 0, 0, (269.13426666666675, 0.0028, 0.002466666666666667), 0, 0, 0, (126.996, 0.5407333333333333, 0.289), 0, 0, 0, 0, 0, (92.2746, 0.9142666666666668, 0.7324666666666667), (536.8704, 0.009266666666666668, 0.0106), 0, 0, (1269.4758, 0.3529333333333333, 0.49439999999999995), (408.2452, 3.357266666666667, 2.6136666666666666), 0, 0, (69.2056, 0.00046666666666666666, 0.0013333333333333333), (388.67179999999996, 7.663399999999999, 2.4918666666666667), (93.8472, 0.0318, 0.0146), (209.7148, 0.7276, 0.23566666666666664), (1470.8021999999999, 0.18553333333333333, 0.47233333333333327), (255.852, 0.49213333333333326, 0.15953333333333333), (300.59133333333324, 0.0011333333333333332, 0.0015333333333333334), (142.60586666666666, 0.0007333333333333332, 0.0006), (123.73126666666663, 0.009733333333333332, 0.0028)]","[0, 0, 0, 0, 0, 0, 0, 0, 0, 0, 0, 0, 0, 0, 0, 0, 0, 0, 0, 0, 0, 0, 0, 0, 0, 0, 0, 0, 0, 0, 0, 0, 0, (3, 6.666666666666667e-05, 0.11822222222222224), 0, 0, 0, 0, 0, 0, 0, 0, 0, 0, 0, (3, 0.0003333333333333333, 0.03149444444444444), 0, 0, 0, (1, 0.0001, 0.059855555555555565), 0, 0, 0, 0, 0, (2, 0.0, 0.010216666666666666), (2, 0.0, 0.0023777777777777777), 0, 0, (3, 0.1731833333333333, 0.38794999999999996), (2, 1.092625, 0.013255555555555555), 0, 0, (1, 0.0, 0.0005499999999999999), (2, 0.0, 0.016355555555555557), (1, 0.00011666666666666667, 0.053427777777777775), (3, 0.00021666666666666668, 0.5190777777777777), (3, 1.666666666666667e-05, 0.1395388888888889), (3, 8.333333333333333e-05, 0.28617777777777775), (2, 0.0004, 0.0023666666666666667), (1, 0.0, 0.02883888888888889), (2, 0.0, 2.2222222222222223e-05)]","[-1, -1, -1, -1, -1, -1, -1, -1, -1, -1, -1, -1, -1, -1, -1, -1, -1, -1, -1, -1, -1, -1, -1, -1, -1, -1, -1, -1, -1, -1, -1, -1, -1, 1, -1, -1, -1, -1, -1, -1, -1, -1, -1, -1, -1, 4, -1, -1, -1, 4, -1, -1, -1, -1, -1, 7, 11, -1, -1, 9, 8, -1, -1, 10, 15, 3, 2, 13, 10, 0, 10, 5]","[False, False, False, False, False, False, False, False, False, False, False, False, False, False, False, False, False, False, False, False, False, False, False, False, False, False, False, False, False, False, False, False, False, True, False, False, False, False, False, False, False, False, False, False, False, True, False, False, False, True, False, False, False, False, False, True, True, False, False, True, True, False, False, True, True, True, True, True, True, True, True, True]"
52,"[0, 0, 0, 0, 0, 0, 0, 0, 0, 0, 0, 0, 0, 0, 0, 0, 0, 0, 0, 0, 0, 0, 0, 0, 0, 0, 0, 0, 0, 0, 0, 0, 0, 5157.122179558036, 0, 0, 0, 0, 0, 0, 0, 0, 0, 0, 0, 2350.5789710781155, 0, 0, 0, 2166.2850887236145, 0, 0, 0, 0, 0, 0, 2450.6496444343047, 0, 0, 4252.576912042853, 1779.6286812281753, 0, 0, 1178.6282089559033, 2794.65141873918, 0, 1318.8617310662446, 2986.820614882346, 1816.3564093671823, 557.7749931202221, 554.2559608139378, 888.1447951553957]","[0, 0, 0, 0, 0, 0, 1, 1, 1, 2, 2, 2, 2, 2, 3, 3, 3, 3, 3, 3, 3, 3, 4, 4, 4, 4, 4, 4, 5, 5, 5, 5, 5, 6, 6, 6, 6, 6, 6, 7, 7, 7, 8, 8, 8, 8, 8, 8, 8, 9, 9, 9, 10, 10, 10, 10, 10, 10, 11, 11, 12, 12, 12, 12, 12, 12, 13, 13, 13, 13, 13, 14]","[1, 1, 1, 1, 1, 3, 3, 2, 2, 3, 3, 7, 3, 3, 4, 4, 5, 8, 8, 9, 10, 12, 13, 13, 15, 19, 20, 22, 23, 24, 24, 25, 25, 33, 26, 26, 27, 28, 28, 29, 30, 31, 33, 33, 34, 35, 36, 37, 37, 38, 38, 38, 39, 41, 40, 41, 41, 41, 42, 44, 44, 44, 45, 46, 51, 47, 47, 48, 49, 50, 51, 51]","[13, 9, 25, 5, 10, 24, 25, 25, 8, 15, 8, 28, 24, 26, 11, 12, 31, 28, 20, 26, 26, 21, 19, 30, 33, 23, 34, 38, 28, 38, 33, 42, 36, -1, 37, 44, 38, 41, 37, 45, 41, 35, 40, 40, 39, -1, 41, 43, 46, -1, 42, 51, 46, 51, 47, -1, -1, 48, 47, -1, -1, 49, 50, -1, -1, -1, -1, -1, -1, -1, -1, -1]","[0, 0, 0, 0, 0, 0, 0, 0, 0, 0, 0, 0, 0, 0, 0, 0, 0, 0, 0, 0, 0, 0, 0, 0, 0, 0, 0, 0, 0, 0, 0, 0, 0, 4029.0, 0, 0, 0, 0, 0, 0, 0, 0, 0, 0, 0, 2106.6469411772505, 0, 0, 0, 1922.3530588227495, 0, 0, 0, 0, 0, 4029.0, 4029.0, 0, 0, 4029.0, 4029.0, 0, 0, 1338.5480159102287, 4029.0, 4029.0, 4029.0, 4029.0, 1976.2762163215077, 4029.0, 714.1757677682632, 4029.0]","[0, 0, 0, 0, 0, 0, 0, 0, 0, 0, 0, 0, 0, 0, 0, 0, 0, 0, 0, 0, 0, 0, 0, 0, 0, 0, 0, 0, 0, 0, 0, 0, 0, (1632.9818, 0.3732, 0.7381333333333333), 0, 0, 0, 0, 0, 0, 0, 0, 0, 0, 0, (272.62946666666676, 0.0018666666666666666, 0.0016), 0, 0, 0, (113.97066666666669, 0.33546666666666664, 0.21846666666666667), 0, 0, 0, 0, 0, (134.2176, 0.8891333333333333, 0.7291333333333333), (738.197, 0.009333333333333334, 0.0108), 0, 0, (1974.1186, 0.14053333333333334, 0.48906666666666665), (645.9222, 2.945, 2.129), 0, 0, (82.4876, 0.0007333333333333332, 0.002), (651.5146, 19.004533333333335, 2.486266666666667), (99.0902, 0.043, 0.015133333333333334), (255.852, 0.40273333333333333, 0.13053333333333333), (1311.4188000000001, 0.14286666666666667, 0.5135333333333333), (226.49179999999998, 0.6, 0.19540000000000002), (288.00833333333327, 0.0011333333333333332, 0.0014), (98.56566666666669, 0.0007333333333333332, 0.0002666666666666667), (120.93533333333332, 0.045200000000000004, 0.020266666666666665)]","[0, 0, 0, 0, 0, 0, 0, 0, 0, 0, 0, 0, 0, 0, 0, 0, 0, 0, 0, 0, 0, 0, 0, 0, 0, 0, 0, 0, 0, 0, 0, 0, 0, (3, 0.09808333333333331, 0.2580777777777778), 0, 0, 0, 0, 0, 0, 0, 0, 0, 0, 0, (3, 0.0004166666666666666, 0.026177777777777776), 0, 0, 0, (1, 0.0, 0.05419444444444445), 0, 0, 0, 0, 0, (2, 1.666666666666667e-05, 0.00786111111111111), (2, 0.0, 0.0023666666666666667), 0, 0, (3, 1.666666666666667e-05, 0.31198333333333333), (2, 0.0, 0.0070888888888888885), 0, 0, (1, 0.0, 0.0005722222222222222), (2, 0.0, 0.0053), (1, 0.0, 0.05496666666666667), (3, 5e-05, 0.20164999999999994), (3, 5e-05, 0.13139444444444442), (3, 0.00016666666666666666, 0.37338333333333334), (2, 0.00026666666666666673, 0.002455555555555556), (1, 0.0, 0.0016666666666666668), (2, 0.0, 0.0)]","[-1, -1, -1, -1, -1, -1, -1, -1, -1, -1, -1, -1, -1, -1, -1, -1, -1, -1, -1, -1, -1, -1, -1, -1, -1, -1, -1, -1, -1, -1, -1, -1, -1, 1, -1, -1, -1, -1, -1, -1, -1, -1, -1, -1, -1, 4, -1, -1, -1, 4, -1, -1, -1, -1, -1, 7, 11, -1, -1, 9, 8, -1, -1, 10, 15, 3, 2, 13, 10, 0, 10, 5]","[False, False, False, False, False, False, False, False, False, False, False, False, False, False, False, False, False, False, False, False, False, False, False, False, False, False, False, False, False, False, False, False, False, True, False, False, False, False, False, False, False, False, False, False, False, True, False, False, False, True, False, False, False, False, False, True, True, False, False, True, True, False, False, True, True, True, True, True, True, True, True, True]"
53,"[0, 0, 0, 0, 0, 0, 0, 0, 0, 0, 0, 0, 0, 0, 0, 0, 0, 0, 0, 0, 0, 0, 0, 0, 0, 0, 0, 0, 0, 0, 0, 0, 0, 6377.347674662409, 0, 0, 0, 0, 0, 0, 0, 0, 0, 0, 0, 2417.356782756471, 0, 0, 0, 2018.3971054226345, 0, 0, 0, 0, 0, 0, 2453.616532623692, 0, 0, 3235.722332789209, 2090.1455055325287, 0, 0, 1165.2726485144767, 1739.5619942211624, 0, 1425.7062257349019, 2953.431360041183, 2230.3788262082307, 0, 597.6615481065954, 851.4170028745334, 1364.7688631682443, 881.4670876440003]","[0, 0, 0, 0, 0, 0, 1, 1, 1, 2, 2, 2, 2, 2, 3, 3, 3, 3, 3, 3, 3, 3, 4, 4, 4, 4, 4, 4, 5, 5, 5, 5, 5, 6, 6, 6, 6, 6, 6, 7, 7, 7, 8, 8, 8, 8, 8, 8, 8, 9, 9, 9, 10, 10, 10, 10, 10, 10, 11, 11, 12, 12, 12, 12, 12, 12, 13, 13, 13, 13, 13, 14, 14, 14]","[1, 1, 1, 1, 1, 3, 3, 2, 2, 3, 3, 7, 3, 3, 4, 4, 5, 8, 8, 9, 10, 12, 13, 13, 15, 19, 20, 22, 23, 24, 24, 25, 25, 33, 26, 26, 27, 28, 28, 29, 30, 31, 33, 33, 34, 35, 36, 37, 37, 38, 38, 38, 39, 41, 40, 41, 41, 41, 42, 44, 44, 44, 45, 46, 51, 47, 47, 48, 49, 50, 51, 51, 53, 53]","[13, 9, 25, 5, 10, 24, 25, 25, 8, 15, 8, 28, 24, 26, 11, 12, 31, 28, 20, 26, 26, 21, 19, 30, 33, 23, 34, 38, 28, 38, 33, 42, 36, -1, 37, 44, 38, 41, 37, 45, 41, 35, 40, 40, 39, -1, 41, 43, 46, -1, 42, 51, 46, 51, 47, 53, -1, 48, 47, -1, -1, 49, 50, -1, -1, 53, -1, -1, -1, -1, -1, -1, -1, -1]","[0, 0, 0, 0, 0, 0, 0, 0, 0, 0, 0, 0, 0, 0, 0, 0, 0, 0, 0, 0, 0, 0, 0, 0, 0, 0, 0, 0, 0, 0, 0, 0, 0, 4029.0, 0, 0, 0, 0, 0, 0, 0, 0, 0, 0, 0, 2213.979838666918, 0, 0, 0, 1815.0201613330814, 0, 0, 0, 0, 0, 0, 4029.0, 0, 0, 4029.0, 4029.0, 0, 0, 1481.946911153123, 4029.0, 0, 2428.522338814153, 4029.0, 2547.053088846877, 4029.0, 1600.477661185847, 4029.0, 4029.0, 4029.0]","[0, 0, 0, 0, 0, 0, 0, 0, 0, 0, 0, 0, 0, 0, 0, 0, 0, 0, 0, 0, 0, 0, 0, 0, 0, 0, 0, 0, 0, 0, 0, 0, 0, (1756.0146000000002, 0.15113333333333331, 0.6404), 0, 0, 0, 0, 0, 0, 0, 0, 0, 0, 0, (289.4064, 0.0022, 0.0018666666666666666), 0, 0, 0, (114.62193333333336, 0.28486666666666666, 0.20433333333333337), 0, 0, 0, 0, 0, 0, (352.32120000000003, 0.0094, 0.010866666666666667), 0, 0, (1730.8488, 0.18693333333333337, 0.49646666666666667), (402.6528, 3.2084, 1.765466666666667), 0, 0, (81.08953333333334, 0.0002666666666666667, 0.001), (369.0984, 16.1096, 2.579733333333333), 0, (213.9092, 0.46873333333333334, 0.15180000000000002), (1311.4188000000001, 0.188, 0.5201333333333333), (209.7148, 0.7276, 0.23566666666666664), (311.7758666666666, 0.0011333333333333332, 0.0015333333333333334), (121.6344, 0.0005333333333333334, 0.0002), (120.23626666666664, 0.034466666666666666, 0.0114), (402.65259999999995, 0.0, 0.0), (95.9442, 0.019933333333333334, 0.0208)]","[0, 0, 0, 0, 0, 0, 0, 0, 0, 0, 0, 0, 0, 0, 0, 0, 0, 0, 0, 0, 0, 0, 0, 0, 0, 0, 0, 0, 0, 0, 0, 0, 0, (3, 0.07565000000000001, 0.43214444444444444), 0, 0, 0, 0, 0, 0, 0, 0, 0, 0, 0, (3, 0.19908333333333336, 0.026938888888888887), 0, 0, 0, (1, 3.3333333333333335e-05, 0.05196111111111111), 0, 0, 0, 0, 0, 0, (2, 0.0, 0.002344444444444444), 0, 0, (3, 1.666666666666667e-05, 0.20562222222222223), (2, 0.0, 0.005355555555555555), 0, 0, (1, 0.0, 0.000538888888888889), (2, 0.0, 0.00225), 0, (3, 3.3333333333333335e-05, 0.2765777777777778), (3, 3.3333333333333335e-05, 0.16156666666666666), (3, 0.00021666666666666668, 0.5190777777777777), (2, 0.0, 0.002388888888888889), (1, 0.0, 0.0015388888888888887), (2, 0.0, 2.2222222222222223e-05), (3, 0.1085, 0.004066666666666666), (1, 0.0012, 0.05558333333333333)]","[-1, -1, -1, -1, -1, -1, -1, -1, -1, -1, -1, -1, -1, -1, -1, -1, -1, -1, -1, -1, -1, -1, -1, -1, -1, -1, -1, -1, -1, -1, -1, -1, -1, 1, -1, -1, -1, -1, -1, -1, -1, -1, -1, -1, -1, 4, -1, -1, -1, 4, -1, -1, -1, -1, -1, -1, 11, -1, -1, 9, 8, -1, -1, 10, 15, -1, 2, 13, 10, 0, 2, 5, 14, 7]","[False, False, False, False, False, False, False, False, False, False, False, False, False, False, False, False, False, False, False, False, False, False, False, False, False, False, False, False, False, False, False, False, False, True, False, False, False, False, False, False, False, False, False, False, False, True, False, False, False, True, False, False, False, False, False, False, True, False, False, True, True, False, False, True, True, False, True, True, True, True, True, True, True, True]"
54,"[0, 0, 0, 0, 0, 0, 0, 0, 0, 0, 0, 0, 0, 0, 0, 0, 0, 0, 0, 0, 0, 0, 0, 0, 0, 0, 0, 0, 0, 0, 0, 0, 0, 0, 0, 0, 0, 0, 0, 0, 0, 0, 0, 0, 0, 1893.1509610813798, 0, 0, 0, 1966.362444631549, 0, 0, 0, 0, 0, 0, 2495.1529672751212, 0, 0, 2452.592537423716, 1232.0506254656602, 0, 0, 1158.5948682937635, 1826.3731494030244, 0, 2036.723179621289, 2989.8560016860883, 1318.8617310662446, 0, 554.2559608139378, 0, 1691.1266347954333, 754.589249271, 1154.1194728238213]","[0, 0, 0, 0, 0, 0, 1, 1, 1, 2, 2, 2, 2, 2, 3, 3, 3, 3, 3, 3, 3, 3, 4, 4, 4, 4, 4, 4, 5, 5, 5, 5, 5, 6, 6, 6, 6, 6, 6, 7, 7, 7, 8, 8, 8, 8, 8, 8, 8, 9, 9, 9, 10, 10, 10, 10, 10, 10, 11, 11, 12, 12, 12, 12, 12, 12, 13, 13, 13, 13, 13, 14, 14, 14, 14]","[1, 1, 1, 1, 1, 3, 3, 2, 2, 3, 3, 7, 3, 3, 4, 4, 5, 8, 8, 9, 10, 12, 13, 13, 15, 19, 20, 22, 23, 24, 24, 25, 25, 33, 26, 26, 27, 28, 28, 29, 30, 31, 33, 33, 34, 35, 36, 37, 37, 38, 38, 38, 39, 41, 40, 41, 41, 41, 42, 44, 44, 44, 45, 46, 51, 47, 47, 48, 49, 50, 51, 51, 53, 53, 54]","[13, 9, 25, 5, 10, 24, 25, 25, 8, 15, 8, 28, 24, 26, 11, 12, 31, 28, 20, 26, 26, 21, 19, 30, 33, 23, 34, 38, 28, 38, 33, 42, 36, -1, 37, 44, 38, 41, 37, 45, 41, 35, 40, 40, 39, -1, 41, 43, 46, -1, 42, 51, 46, 51, 47, 53, -1, 48, 47, -1, -1, 49, 50, -1, -1, 53, -1, -1, -1, 54, -1, -1, -1, -1, -1]","[0, 0, 0, 0, 0, 0, 0, 0, 0, 0, 0, 0, 0, 0, 0, 0, 0, 0, 0, 0, 0, 0, 0, 0, 0, 0, 0, 0, 0, 0, 0, 0, 0, 4029.0, 0, 0, 0, 0, 0, 0, 0, 0, 0, 0, 0, 1977.8942582249153, 0, 0, 0, 2051.1057417750844, 0, 0, 0, 0, 0, 0, 4029.0, 0, 0, 4029.0, 4029.0, 0, 0, 1934.3665686137595, 4029.0, 0, 4029.0, 4029.0, 2094.6334313862408, 0, 4029.0, 4029.0, 4029.0, 4029.0, 4029.0]","[0, 0, 0, 0, 0, 0, 0, 0, 0, 0, 0, 0, 0, 0, 0, 0, 0, 0, 0, 0, 0, 0, 0, 0, 0, 0, 0, 0, 0, 0, 0, 0, 0, (1834.3084, 0.274, 0.7126), 0, 0, 0, 0, 0, 0, 0, 0, 0, 0, 0, (292.9018, 0.0003333333333333333, 0.0004), 0, 0, 0, (98.99153333333334, 0.26739999999999997, 0.19593333333333338), 0, 0, 0, 0, 0, 0, (218.1036, 0.009333333333333334, 0.010666666666666666), 0, 0, (1356.158, 0.1402, 0.49906666666666666), (444.5958, 2.369733333333333, 2.1395999999999997), 0, 0, (78.99233333333332, 0.0004, 0.0014), (268.4352, 13.852799999999998, 1.682), 0, (212.51093333333333, 0.6914, 0.224), (1177.2012, 0.14893333333333333, 0.6776666666666666), (255.852, 0.40273333333333333, 0.13053333333333333), 0, (125.82866666666669, 0.0007333333333333332, 0.0002666666666666667), (130.722, 0.026466666666666666, 0.011066666666666664), (339.738, 0.0, 0.0), (96.9928, 0.020133333333333333, 0.014066666666666665), (176.16013333333333, 1.632466666666667, 0.017733333333333334)]","[0, 0, 0, 0, 0, 0, 0, 0, 0, 0, 0, 0, 0, 0, 0, 0, 0, 0, 0, 0, 0, 0, 0, 0, 0, 0, 0, 0, 0, 0, 0, 0, 0, (3, 5e-05, 0.20435555555555557), 0, 0, 0, 0, 0, 0, 0, 0, 0, 0, 0, (3, 0.04091666666666667, 0.011177777777777778), 0, 0, 0, (1, 0.0, 0.051827777777777785), 0, 0, 0, 0, 0, 0, (2, 0.0, 0.002655555555555556), 0, 0, (3, 8.333333333333333e-05, 0.11315), (2, 0.0, 0.005061111111111111), 0, 0, (1, 0.0, 0.0005777777777777778), (2, 0.0, 0.005916666666666666), 0, (3, 0.0002333333333333333, 0.49188333333333323), (3, 5e-05, 0.12382222222222221), (3, 5e-05, 0.20164999999999994), 0, (1, 0.0, 0.00165), (2, 0.0, 4.4444444444444447e-05), (3, 0.2122, 0.00935), (1, 0.0, 0.054338888888888895), (3, 0.0, 0.0001388888888888889)]","[-1, -1, -1, -1, -1, -1, -1, -1, -1, -1, -1, -1, -1, -1, -1, -1, -1, -1, -1, -1, -1, -1, -1, -1, -1, -1, -1, -1, -1, -1, -1, -1, -1, 1, -1, -1, -1, -1, -1, -1, -1, -1, -1, -1, -1, 4, -1, -1, -1, 4, -1, -1, -1, -1, -1, -1, 11, -1, -1, 9, 8, -1, -1, 10, 15, -1, 2, 13, 10, -1, 12, 5, 14, 7, 0]","[False, False, False, False, False, False, False, False, False, False, False, False, False, False, False, False, False, False, False, False, False, False, False, False, False, False, False, False, False, False, False, False, False, True, False, False, False, False, False, False, False, False, False, False, False, True, False, False, False, True, False, False, False, False, False, False, True, False, False, True, True, False, False, True, True, False, True, True, True, False, True, True, True, True, True]"
55,"[0, 0, 0, 0, 0, 0, 0, 0, 0, 0, 0, 0, 0, 0, 0, 0, 0, 0, 0, 0, 0, 0, 0, 0, 0, 0, 0, 0, 0, 0, 0, 0, 0, 0, 0, 0, 0, 0, 0, 0, 0, 0, 0, 0, 0, 2464.10125093132, 0, 0, 0, 1996.48777456323, 0, 0, 0, 0, 0, 0, 2423.947650729814, 0, 0, 2677.21116090064, 2534.217953193593, 0, 0, 1168.6115386248337, 1612.6841520322869, 0, 1769.6119429496443, 5888.650399259911, 1425.7062257349019, 0, 597.6615481065954, 0, 1254.9939763481898, 754.589249271, 1875.0732823255908, 390.65025572768, 652.7155422502]","[0, 0, 0, 0, 0, 0, 1, 1, 1, 2, 2, 2, 2, 2, 3, 3, 3, 3, 3, 3, 3, 3, 4, 4, 4, 4, 4, 4, 5, 5, 5, 5, 5, 6, 6, 6, 6, 6, 6, 7, 7, 7, 8, 8, 8, 8, 8, 8, 8, 9, 9, 9, 10, 10, 10, 10, 10, 10, 11, 11, 12, 12, 12, 12, 12, 12, 13, 13, 13, 13, 13, 14, 14, 14, 14, 15, 16]","[1, 1, 1, 1, 1, 3, 3, 2, 2, 3, 3, 7, 3, 3, 4, 4, 5, 8, 8, 9, 10, 12, 13, 13, 15, 19, 20, 22, 23, 24, 24, 25, 25, 33, 26, 26, 27, 28, 28, 29, 30, 31, 33, 33, 34, 35, 36, 37, 37, 38, 38, 38, 39, 41, 40, 41, 41, 41, 42, 44, 44, 44, 45, 46, 51, 47, 47, 48, 49, 50, 51, 51, 53, 53, 54, 55, 55]","[13, 9, 25, 5, 10, 24, 25, 25, 8, 15, 8, 28, 24, 26, 11, 12, 31, 28, 20, 26, 26, 21, 19, 30, 33, 23, 34, 38, 28, 38, 33, 42, 36, 55, 37, 44, 38, 41, 37, 45, 41, 35, 40, 40, 39, -1, 41, 43, 46, -1, 42, 51, 46, 51, 47, 53, -1, 48, 47, -1, -1, 49, 50, -1, -1, 53, -1, -1, -1, 54, -1, 55, -1, -1, -1, -1, -1]","[0, 0, 0, 0, 0, 0, 0, 0, 0, 0, 0, 0, 0, 0, 0, 0, 0, 0, 0, 0, 0, 0, 0, 0, 0, 0, 0, 0, 0, 0, 0, 0, 0, 0, 0, 0, 0, 0, 0, 0, 0, 0, 0, 0, 0, 2248.306738184045, 0, 0, 0, 1780.693261815955, 0, 0, 0, 0, 0, 0, 4029.0, 0, 0, 4029.0, 4029.0, 0, 0, 1885.952656444966, 2625.5169481523035, 0, 4029.0, 4029.0, 2143.047343555034, 0, 4029.0, 0, 4029.0, 4029.0, 4029.0, 1403.4830518476965, 4029.0]","[0, 0, 0, 0, 0, 0, 0, 0, 0, 0, 0, 0, 0, 0, 0, 0, 0, 0, 0, 0, 0, 0, 0, 0, 0, 0, 0, 0, 0, 0, 0, 0, 0, 0, 0, 0, 0, 0, 0, 0, 0, 0, 0, 0, 0, (276.82340000000005, 0.0026, 0.0022), 0, 0, 0, (100.29406666666667, 0.28213333333333335, 0.20133333333333336), 0, 0, 0, 0, 0, 0, (134.2176, 0.009266666666666668, 0.010666666666666666), 0, 0, (1227.5328, 0.18566666666666662, 0.4779333333333333), (349.525, 5.339466666666667, 2.7218), 0, 0, (67.10826666666667, 0.0004, 0.0014666666666666665), (383.0794, 15.210066666666668, 1.8525333333333331), 0, (190.14146666666667, 0.5508, 0.17880000000000001), (1269.4758, 0.3529333333333333, 0.49439999999999995), (213.9092, 0.46873333333333334, 0.15180000000000002), 0, (98.56533333333331, 0.0005333333333333334, 0.0002), 0, (343.93240000000003, 0.0, 0.0), (90.177, 0.02, 0.014), (214.6078, 3.082733333333333, 0.04673333333333334), (499.1218, 0.0004, 0.0003333333333333333), (433.41086666666666, 0.0023333333333333335, 0.0030666666666666668)]","[0, 0, 0, 0, 0, 0, 0, 0, 0, 0, 0, 0, 0, 0, 0, 0, 0, 0, 0, 0, 0, 0, 0, 0, 0, 0, 0, 0, 0, 0, 0, 0, 0, 0, 0, 0, 0, 0, 0, 0, 0, 0, 0, 0, 0, (3, 0.009683333333333334, 0.0308), 0, 0, 0, (1, 1.666666666666667e-05, 0.05187777777777777), 0, 0, 0, 0, 0, 0, (2, 0.0, 0.0023833333333333337), 0, 0, (3, 3.3333333333333335e-05, 0.15232222222222222), (2, 0.0, 0.01048888888888889), 0, 0, (1, 0.0, 0.0005333333333333334), (2, 0.0, 0.0036999999999999997), 0, (3, 0.00013333333333333334, 0.3462888888888889), (3, 0.1731833333333333, 0.38794999999999996), (3, 3.3333333333333335e-05, 0.2765777777777778), 0, (1, 0.0, 0.0015500000000000002), 0, (3, 0.020033333333333334, 0.0038777777777777777), (1, 3.3333333333333335e-05, 0.05506666666666666), (3, 0.0, 0.00015555555555555556), (2, 0.012733333333333334, 0.0036666666666666666), (1, 0.011300000000000001, 0.0010833333333333333)]","[-1, -1, -1, -1, -1, -1, -1, -1, -1, -1, -1, -1, -1, -1, -1, -1, -1, -1, -1, -1, -1, -1, -1, -1, -1, -1, -1, -1, -1, -1, -1, -1, -1, -1, -1, -1, -1, -1, -1, -1, -1, -1, -1, -1, -1, 4, -1, -1, -1, 4, -1, -1, -1, -1, -1, -1, 11, -1, -1, 9, 8, -1, -1, 10, 15, -1, 2, 13, 10, -1, 12, -1, 14, 7, 0, 15, 5]","[False, False, False, False, False, False, False, False, False, False, False, False, False, False, False, False, False, False, False, False, False, False, False, False, False, False, False, False, False, False, False, False, False, False, False, False, False, False, False, False, False, False, False, False, False, True, False, False, False, True, False, False, False, False, False, False, True, False, False, True, True, False, False, True, True, False, True, True, True, False, True, False, True, True, True, True, True]"
56,"[0, 0, 0, 0, 0, 0, 0, 0, 0, 0, 0, 0, 0, 0, 0, 0, 0, 0, 0, 0, 0, 0, 0, 0, 0, 0, 0, 0, 0, 0, 0, 0, 0, 0, 0, 0, 0, 0, 0, 0, 0, 0, 0, 0, 0, 2297.1567217354313, 0, 0, 0, 2029.3517708523368, 0, 0, 0, 0, 0, 0, 2423.947650729814, 0, 0, 6028.278192232053, 5161.924842736884, 0, 0, 1158.5948682937635, 1499.1618721790824, 0, 1292.1506073990797, 4252.576912042853, 2036.723179621289, 0, 0, 0, 1266.8615316800874, 0, 1510.1460454172877, 530.8836808606934, 634.9142092797401]","[0, 0, 0, 0, 0, 0, 1, 1, 1, 2, 2, 2, 2, 2, 3, 3, 3, 3, 3, 3, 3, 3, 4, 4, 4, 4, 4, 4, 5, 5, 5, 5, 5, 6, 6, 6, 6, 6, 6, 7, 7, 7, 8, 8, 8, 8, 8, 8, 8, 9, 9, 9, 10, 10, 10, 10, 10, 10, 11, 11, 12, 12, 12, 12, 12, 12, 13, 13, 13, 13, 13, 14, 14, 14, 14, 15, 16]","[1, 1, 1, 1, 1, 3, 3, 2, 2, 3, 3, 7, 3, 3, 4, 4, 5, 8, 8, 9, 10, 12, 13, 13, 15, 19, 20, 22, 23, 24, 24, 25, 25, 33, 26, 26, 27, 28, 28, 29, 30, 31, 33, 33, 34, 35, 36, 37, 37, 38, 38, 38, 39, 41, 40, 41, 41, 41, 42, 44, 44, 44, 45, 46, 51, 47, 47, 48, 49, 50, 51, 51, 53, 53, 54, 55, 55]","[13, 9, 25, 5, 10, 24, 25, 25, 8, 15, 8, 28, 24, 26, 11, 12, 31, 28, 20, 26, 26, 21, 19, 30, 33, 23, 34, 38, 28, 38, 33, 42, 36, 55, 37, 44, 38, 41, 37, 45, 41, 35, 40, 40, 39, -1, 41, 43, 46, -1, 42, 51, 46, 51, 47, 53, -1, 48, 47, -1, -1, 49, 50, -1, -1, 53, -1, -1, -1, 54, -1, 55, -1, -1, -1, -1, -1]","[0, 0, 0, 0, 0, 0, 0, 0, 0, 0, 0, 0, 0, 0, 0, 0, 0, 0, 0, 0, 0, 0, 0, 0, 0, 0, 0, 0, 0, 0, 0, 0, 0, 0, 0, 0, 0, 0, 0, 0, 0, 0, 0, 0, 0, 2148.4024754415473, 0, 0, 0, 1880.5975245584527, 0, 0, 0, 0, 0, 0, 4029.0, 0, 0, 4029.0, 4029.0, 0, 0, 1575.4358443362373, 2498.6390956591945, 0, 4029.0, 4029.0, 2453.564155663763, 0, 4029.0, 0, 4029.0, 4029.0, 4029.0, 1530.3609043408055, 4029.0]","[0, 0, 0, 0, 0, 0, 0, 0, 0, 0, 0, 0, 0, 0, 0, 0, 0, 0, 0, 0, 0, 0, 0, 0, 0, 0, 0, 0, 0, 0, 0, 0, 0, 0, 0, 0, 0, 0, 0, 0, 0, 0, 0, 0, 0, (274.72679999999997, 0.0028666666666666667, 0.008733333333333333), 0, 0, 0, (104.20166666666668, 0.267, 0.19686666666666666), 0, 0, 0, 0, 0, 0, (33.5544, 0.009333333333333334, 0.010466666666666668), 0, 0, (1551.892, 0.19686666666666666, 1.39), (553.6476, 10.710466666666667, 4.053266666666667), 0, 0, (99.26446666666666, 0.0004, 0.0014), (279.62, 9.749466666666667, 1.610333333333333), 0, (198.53, 0.4244, 0.13933333333333334), (1974.1186, 0.14053333333333334, 0.48906666666666665), (212.51093333333333, 0.6914, 0.224), 0, (113.24566666666668, 0.0007333333333333332, 0.0002666666666666667), 0, (306.18359999999996, 0.0, 0.0), (93.3228, 0.018333333333333333, 0.014133333333333333), (434.80906666666664, 2.7484, 0.018466666666666666), (455.08166666666676, 0.012533333333333334, 0.18906666666666663), (398.45840000000004, 0.0016666666666666668, 0.0003333333333333333)]","[0, 0, 0, 0, 0, 0, 0, 0, 0, 0, 0, 0, 0, 0, 0, 0, 0, 0, 0, 0, 0, 0, 0, 0, 0, 0, 0, 0, 0, 0, 0, 0, 0, 0, 0, 0, 0, 0, 0, 0, 0, 0, 0, 0, 0, (3, 0.0124, 0.02162777777777778), 0, 0, 0, (1, 3.3333333333333335e-05, 0.05137777777777777), 0, 0, 0, 0, 0, 0, (2, 0.0, 0.0022833333333333334), 0, 0, (3, 0.0001, 0.1530611111111111), (2, 0.0, 0.008927777777777778), 0, 0, (1, 0.0, 0.0005111111111111112), (2, 0.05768333333333333, 0.023244444444444446), 0, (3, 1.666666666666667e-05, 0.19247222222222224), (3, 1.666666666666667e-05, 0.31198333333333333), (3, 0.0002333333333333333, 0.49188333333333323), 0, (1, 0.0, 0.0016666666666666668), 0, (3, 0.008033333333333333, 0.003372222222222222), (1, 0.0, 0.0557), (3, 0.0, 0.00023888888888888888), (2, 0.0002833333333333333, 0.0029611111111111123), (1, 0.015133333333333334, 0.0009777777777777777)]","[-1, -1, -1, -1, -1, -1, -1, -1, -1, -1, -1, -1, -1, -1, -1, -1, -1, -1, -1, -1, -1, -1, -1, -1, -1, -1, -1, -1, -1, -1, -1, -1, -1, -1, -1, -1, -1, -1, -1, -1, -1, -1, -1, -1, -1, 4, -1, -1, -1, 4, -1, -1, -1, -1, -1, -1, 11, -1, -1, 9, 8, -1, -1, 10, 15, -1, 2, 13, 10, -1, 12, -1, 14, 7, 0, 15, 5]","[False, False, False, False, False, False, False, False, False, False, False, False, False, False, False, False, False, False, False, False, False, False, False, False, False, False, False, False, False, False, False, False, False, False, False, False, False, False, False, False, False, False, False, False, False, True, False, False, False, True, False, False, False, False, False, False, True, False, False, True, True, False, False, True, True, False, True, True, True, False, True, False, True, True, True, True, True]"
57,"[0, 0, 0, 0, 0, 0, 0, 0, 0, 0, 0, 0, 0, 0, 0, 0, 0, 0, 0, 0, 0, 0, 0, 0, 0, 0, 0, 0, 0, 0, 0, 0, 0, 0, 0, 0, 0, 0, 0, 0, 0, 0, 0, 0, 0, 2106.839958452118, 0, 0, 0, 1991.0104418483793, 0, 0, 0, 0, 0, 0, 2394.2787688359367, 0, 0, 6374.312287858666, 0, 0, 0, 1168.6115386248337, 1863.10094582612, 0, 961.60045201792, 3235.722332789209, 1769.6119429496443, 0, 0, 0, 1204.5568661876246, 0, 1501.2453811024511, 537.5614630098844, 655.6824310786097, 884.1326637750533, 884.1326637750533]","[0, 0, 0, 0, 0, 0, 1, 1, 1, 2, 2, 2, 2, 2, 3, 3, 3, 3, 3, 3, 3, 3, 4, 4, 4, 4, 4, 4, 5, 5, 5, 5, 5, 6, 6, 6, 6, 6, 6, 7, 7, 7, 8, 8, 8, 8, 8, 8, 8, 9, 9, 9, 10, 10, 10, 10, 10, 10, 11, 11, 12, 12, 12, 12, 12, 12, 13, 13, 13, 13, 13, 14, 14, 14, 14, 15, 16, 16, 16]","[1, 1, 1, 1, 1, 3, 3, 2, 2, 3, 3, 7, 3, 3, 4, 4, 5, 8, 8, 9, 10, 12, 13, 13, 15, 19, 20, 22, 23, 24, 24, 25, 25, 33, 26, 26, 27, 28, 28, 29, 30, 31, 33, 33, 34, 35, 36, 37, 37, 38, 38, 38, 39, 41, 40, 41, 41, 41, 42, 44, 44, 44, 45, 46, 51, 47, 47, 48, 49, 50, 51, 51, 53, 53, 54, 55, 55, 57, 57]","[13, 9, 25, 5, 10, 24, 25, 25, 8, 15, 8, 28, 24, 26, 11, 12, 31, 28, 20, 26, 26, 21, 19, 30, 33, 23, 34, 38, 28, 38, 33, 42, 36, 55, 37, 44, 38, 41, 37, 45, 41, 35, 40, 40, 39, -1, 41, 43, 46, -1, 42, 51, 46, 51, 47, 53, -1, 48, 47, -1, -1, 49, 50, -1, -1, 53, -1, -1, -1, 54, 57, 55, -1, 57, -1, -1, -1, -1, -1]","[0, 0, 0, 0, 0, 0, 0, 0, 0, 0, 0, 0, 0, 0, 0, 0, 0, 0, 0, 0, 0, 0, 0, 0, 0, 0, 0, 0, 0, 0, 0, 0, 0, 0, 0, 0, 0, 0, 0, 0, 0, 0, 0, 0, 0, 2072.4147583018694, 0, 0, 0, 1956.5852416981306, 0, 0, 0, 0, 0, 0, 4029.0, 0, 0, 4029.0, 4029.0, 0, 0, 1713.9997978375948, 2677.2697414081176, 0, 4029.0, 4029.0, 2315.0002021624055, 0, 0, 0, 2174.7121012062858, 0, 4029.0, 1351.7302585918821, 4029.0, 4029.0, 1854.2878987937145]","[0, 0, 0, 0, 0, 0, 0, 0, 0, 0, 0, 0, 0, 0, 0, 0, 0, 0, 0, 0, 0, 0, 0, 0, 0, 0, 0, 0, 0, 0, 0, 0, 0, 0, 0, 0, 0, 0, 0, 0, 0, 0, 0, 0, 0, (245.36620000000002, 0.0009333333333333332, 0.001066666666666667), 0, 0, 0, (76.1972, 0.28906666666666664, 0.20346666666666666), 0, 0, 0, 0, 0, 0, (100.6632, 0.009266666666666668, 0.010733333333333333), 0, 0, (1736.4414, 0.2492666666666667, 1.2721333333333333), (503.316, 17.2942, 4.714533333333334), 0, 0, (85.28386666666668, 0.0005333333333333334, 0.0014), (338.34020000000004, 2.189, 3.0638666666666667), 0, (194.33579999999998, 0.31493333333333334, 0.10186666666666666), (1730.8488, 0.18693333333333337, 0.49646666666666667), (190.14146666666667, 0.5508, 0.17880000000000001), 0, 0, 0, (322.961, 0.0, 0.0), 0, (348.1266, 1.8001333333333334, 0.6946), (471.15966666666674, 0.013066666666666664, 0.18946666666666667), (349.5247333333333, 0.0023333333333333335, 0.003), (128.62506666666664, 0.00046666666666666666, 0.0014), (128.62506666666664, 0.00046666666666666666, 0.0014)]","[0, 0, 0, 0, 0, 0, 0, 0, 0, 0, 0, 0, 0, 0, 0, 0, 0, 0, 0, 0, 0, 0, 0, 0, 0, 0, 0, 0, 0, 0, 0, 0, 0, 0, 0, 0, 0, 0, 0, 0, 0, 0, 0, 0, 0, (3, 0.003333333333333334, 0.01565), 0, 0, 0, (1, 0.00013333333333333334, 0.05233888888888889), 0, 0, 0, 0, 0, 0, (2, 0.0, 0.002338888888888889), 0, 0, (3, 0.00015, 0.2104), (2, 2.327875, 0.009094444444444445), 0, 0, (1, 0.0, 0.0005444444444444444), (2, 1.1261166666666667, 0.002977777777777778), 0, (3, 0.0, 0.12192777777777777), (3, 1.666666666666667e-05, 0.20562222222222223), (3, 0.00013333333333333334, 0.3462888888888889), 0, 0, 0, (3, 0.007916666666666667, 0.003444444444444445), 0, (3, 0.0, 0.00039999999999999996), (2, 0.00035, 0.0039833333333333335), (1, 0.01145, 0.0009944444444444447), (2, 0.0705, 0.025599999999999998), (2, 0.0705, 0.025599999999999998)]","[-1, -1, -1, -1, -1, -1, -1, -1, -1, -1, -1, -1, -1, -1, -1, -1, -1, -1, -1, -1, -1, -1, -1, -1, -1, -1, -1, -1, -1, -1, -1, -1, -1, -1, -1, -1, -1, -1, -1, -1, -1, -1, -1, -1, -1, 4, -1, -1, -1, 4, -1, -1, -1, -1, -1, -1, 11, -1, -1, 9, 8, -1, -1, 10, 15, -1, 2, 13, 10, -1, -1, -1, 14, -1, 0, 15, 5, 12, 14]","[False, False, False, False, False, False, False, False, False, False, False, False, False, False, False, False, False, False, False, False, False, False, False, False, False, False, False, False, False, False, False, False, False, False, False, False, False, False, False, False, False, False, False, False, False, True, False, False, False, True, False, False, False, False, False, False, True, False, False, True, True, False, False, True, True, False, True, True, True, False, False, False, True, False, True, True, True, True, True]"
58,"[0, 0, 0, 0, 0, 0, 0, 0, 0, 0, 0, 0, 0, 0, 0, 0, 0, 0, 0, 0, 0, 0, 0, 0, 0, 0, 0, 0, 0, 0, 0, 0, 0, 0, 0, 0, 0, 0, 0, 0, 0, 0, 0, 0, 0, 1869.7787269939558, 0, 0, 0, 1865.0317894068035, 0, 0, 0, 0, 0, 0, 2376.47743969961, 0, 0, 3703.171900565511, 0, 0, 0, 1161.9337584041202, 2634.3846707111265, 0, 1021.7004802690399, 2452.592537423716, 1292.1506073990797, 0, 0, 0, 1252.0270875152155, 0, 976.1061865270877, 544.2392451590755, 640.84798693656, 845.5631180399, 845.5631180399, 1108.5118598755066]","[0, 0, 0, 0, 0, 0, 1, 1, 1, 2, 2, 2, 2, 2, 3, 3, 3, 3, 3, 3, 3, 3, 4, 4, 4, 4, 4, 4, 5, 5, 5, 5, 5, 6, 6, 6, 6, 6, 6, 7, 7, 7, 8, 8, 8, 8, 8, 8, 8, 9, 9, 9, 10, 10, 10, 10, 10, 10, 11, 11, 12, 12, 12, 12, 12, 12, 13, 13, 13, 13, 13, 14, 14, 14, 14, 15, 16, 16, 16, 16]","[1, 1, 1, 1, 1, 3, 3, 2, 2, 3, 3, 7, 3, 3, 4, 4, 5, 8, 8, 9, 10, 12, 13, 13, 15, 19, 20, 22, 23, 24, 24, 25, 25, 33, 26, 26, 27, 28, 28, 29, 30, 31, 33, 33, 34, 35, 36, 37, 37, 38, 38, 38, 39, 41, 40, 41, 41, 41, 42, 44, 44, 44, 45, 46, 51, 47, 47, 48, 49, 50, 51, 51, 53, 53, 54, 55, 55, 57, 57, 58]","[13, 9, 25, 5, 10, 24, 25, 25, 8, 15, 8, 28, 24, 26, 11, 12, 31, 28, 20, 26, 26, 21, 19, 30, 33, 23, 34, 38, 28, 38, 33, 42, 36, 55, 37, 44, 38, 41, 37, 45, 41, 35, 40, 40, 39, -1, 41, 43, 46, -1, 42, 51, 46, 51, 47, 53, -1, 48, 47, -1, 58, 49, 50, -1, -1, 53, -1, -1, -1, 54, 57, 55, -1, 57, -1, -1, -1, -1, -1, -1]","[0, 0, 0, 0, 0, 0, 0, 0, 0, 0, 0, 0, 0, 0, 0, 0, 0, 0, 0, 0, 0, 0, 0, 0, 0, 0, 0, 0, 0, 0, 0, 0, 0, 0, 0, 0, 0, 0, 0, 0, 0, 0, 0, 0, 0, 2016.8734687935762, 0, 0, 0, 2012.1265312064238, 0, 0, 0, 0, 0, 0, 2648.482789912052, 0, 0, 4029.0, 0, 0, 0, 1949.3915755025203, 3059.5727127760256, 0, 4029.0, 4029.0, 2079.60842449748, 0, 0, 0, 2217.7319847376575, 0, 4029.0, 969.4272872239745, 4029.0, 4029.0, 1811.2680152623423, 1380.5172100879483]","[0, 0, 0, 0, 0, 0, 0, 0, 0, 0, 0, 0, 0, 0, 0, 0, 0, 0, 0, 0, 0, 0, 0, 0, 0, 0, 0, 0, 0, 0, 0, 0, 0, 0, 0, 0, 0, 0, 0, 0, 0, 0, 0, 0, 0, (207.61720000000003, 0.0003333333333333333, 0.0008666666666666667), 0, 0, 0, (85.9662, 0.27253333333333335, 0.19946666666666668), 0, 0, 0, 0, 0, 0, (117.4404, 0.0092, 0.0106), 0, 0, (1493.1718, 0.1692, 0.7876000000000001), 0, 0, 0, (99.964, 0.0005333333333333334, 0.0016666666666666668), (408.2452, 3.357266666666667, 2.6136666666666666), 0, (146.80033333333338, 0.3725333333333334, 0.1176), (1356.158, 0.1402, 0.49906666666666666), (198.53, 0.4244, 0.13933333333333334), 0, 0, 0, (301.98940000000005, 0.0, 0.0), 0, (230.686, 0.866, 0.3906666666666667), (486.5389333333335, 0.012733333333333333, 0.18919999999999998), (475.3542666666667, 0.0017333333333333335, 0.0003333333333333333), (120.23626666666664, 0.0, 0.001066666666666667), (120.23626666666664, 0.0, 0.001066666666666667), (67.1088, 0.0, 0.001)]","[0, 0, 0, 0, 0, 0, 0, 0, 0, 0, 0, 0, 0, 0, 0, 0, 0, 0, 0, 0, 0, 0, 0, 0, 0, 0, 0, 0, 0, 0, 0, 0, 0, 0, 0, 0, 0, 0, 0, 0, 0, 0, 0, 0, 0, (3, 0.003016666666666666, 0.010844444444444443), 0, 0, 0, (1, 0.0, 0.052361111111111115), 0, 0, 0, 0, 0, 0, (2, 0.0, 0.0023166666666666665), 0, 0, (3, 0.0001, 0.13415555555555556), 0, 0, 0, (1, 0.0, 0.000538888888888889), (2, 1.092625, 0.013255555555555555), 0, (3, 5e-05, 0.20093333333333338), (3, 8.333333333333333e-05, 0.11315), (3, 1.666666666666667e-05, 0.19247222222222224), 0, 0, 0, (3, 0.00785, 0.003533333333333333), 0, (3, 1.666666666666667e-05, 0.0003444444444444445), (2, 0.07660000000000003, 0.0032111111111111108), (1, 0.015333333333333336, 0.0008833333333333333), (2, 1.666666666666667e-05, 0.0006111111111111112), (2, 1.666666666666667e-05, 0.0006111111111111112), (3, 0.0, 0.0)]","[-1, -1, -1, -1, -1, -1, -1, -1, -1, -1, -1, -1, -1, -1, -1, -1, -1, -1, -1, -1, -1, -1, -1, -1, -1, -1, -1, -1, -1, -1, -1, -1, -1, -1, -1, -1, -1, -1, -1, -1, -1, -1, -1, -1, -1, 4, -1, -1, -1, 4, -1, -1, -1, -1, -1, -1, 11, -1, -1, 9, -1, -1, -1, 10, 15, -1, 2, 13, 10, -1, -1, -1, 14, -1, 0, 15, 5, 12, 14, 11]","[False, False, False, False, False, False, False, False, False, False, False, False, False, False, False, False, False, False, False, False, False, False, False, False, False, False, False, False, False, False, False, False, False, False, False, False, False, False, False, False, False, False, False, False, False, True, False, False, False, True, False, False, False, False, False, False, True, False, False, True, False, False, False, True, True, False, True, True, True, False, False, False, True, False, True, True, True, True, True, True]"
59,"[0, 0, 0, 0, 0, 0, 0, 0, 0, 0, 0, 0, 0, 0, 0, 0, 0, 0, 0, 0, 0, 0, 0, 0, 0, 0, 0, 0, 0, 0, 0, 0, 0, 0, 0, 0, 0, 0, 0, 0, 0, 0, 0, 0, 0, 2307.1733934871845, 0, 0, 0, 1982.7944427761026, 0, 0, 0, 0, 0, 0, 2382.4112160783857, 0, 0, 0, 0, 0, 0, 1212.0175234543567, 1779.6286812281753, 0, 3549.2405572744774, 2677.21116090064, 961.60045201792, 0, 0, 0, 1225.3250880184453, 0, 1465.6427238431045, 524.2058987115023, 0, 809.96046043822, 809.96046043822, 1115.189642163913]","[0, 0, 0, 0, 0, 0, 1, 1, 1, 2, 2, 2, 2, 2, 3, 3, 3, 3, 3, 3, 3, 3, 4, 4, 4, 4, 4, 4, 5, 5, 5, 5, 5, 6, 6, 6, 6, 6, 6, 7, 7, 7, 8, 8, 8, 8, 8, 8, 8, 9, 9, 9, 10, 10, 10, 10, 10, 10, 11, 11, 12, 12, 12, 12, 12, 12, 13, 13, 13, 13, 13, 14, 14, 14, 14, 15, 16, 16, 16, 16]","[1, 1, 1, 1, 1, 3, 3, 2, 2, 3, 3, 7, 3, 3, 4, 4, 5, 8, 8, 9, 10, 12, 13, 13, 15, 19, 20, 22, 23, 24, 24, 25, 25, 33, 26, 26, 27, 28, 28, 29, 30, 31, 33, 33, 34, 35, 36, 37, 37, 38, 38, 38, 39, 41, 40, 41, 41, 41, 42, 44, 44, 44, 45, 46, 51, 47, 47, 48, 49, 50, 51, 51, 53, 53, 54, 55, 55, 57, 57, 58]","[13, 9, 25, 5, 10, 24, 25, 25, 8, 15, 8, 28, 24, 26, 11, 12, 31, 28, 20, 26, 26, 21, 19, 30, 33, 23, 34, 38, 28, 38, 33, 42, 36, 55, 37, 44, 38, 41, 37, 45, 41, 35, 40, 40, 39, -1, 41, 43, 46, -1, 42, 51, 46, 51, 47, 53, -1, 48, 47, -1, 58, 49, 50, -1, -1, 53, -1, -1, -1, 54, 57, 55, -1, 57, -1, -1, -1, -1, -1, -1]","[0, 0, 0, 0, 0, 0, 0, 0, 0, 0, 0, 0, 0, 0, 0, 0, 0, 0, 0, 0, 0, 0, 0, 0, 0, 0, 0, 0, 0, 0, 0, 0, 0, 0, 0, 0, 0, 0, 0, 0, 0, 0, 0, 0, 0, 2176.6894753555407, 0, 0, 0, 1852.3105246444588, 0, 0, 0, 0, 0, 0, 2648.110786957236, 0, 0, 4029.0, 0, 0, 0, 2139.7085357182186, 2642.2113912583363, 0, 4029.0, 4029.0, 1889.2914642817818, 0, 0, 0, 2222.182313790113, 0, 4029.0, 1386.7886087416637, 4029.0, 4029.0, 1806.8176862098874, 1380.8892130427637]","[0, 0, 0, 0, 0, 0, 0, 0, 0, 0, 0, 0, 0, 0, 0, 0, 0, 0, 0, 0, 0, 0, 0, 0, 0, 0, 0, 0, 0, 0, 0, 0, 0, 0, 0, 0, 0, 0, 0, 0, 0, 0, 0, 0, 0, (220.20046666666667, 0.002, 0.0018), 0, 0, 0, (92.47886666666669, 0.26613333333333333, 0.19846666666666668), 0, 0, 0, 0, 0, 0, (134.2176, 0.0092, 0.010733333333333333), 0, 0, (1484.7831999999999, 0.21580000000000002, 0.8416666666666666), 0, 0, 0, (73.4, 0.0005, 0.0015), (645.9222, 2.945, 2.129), 0, (290.8046, 0.5733333333333334, 0.17), (1227.5328, 0.18566666666666662, 0.4779333333333333), (194.33579999999998, 0.31493333333333334, 0.10186666666666666), 0, 0, 0, (328.5532, 0.0, 0.0), 0, (331.3495333333333, 4.365933333333333, 0.022533333333333336), (462.072, 0.012733333333333333, 0.18913333333333332), (552.2496, 0.0023333333333333335, 0.0028666666666666667), (72.7008, 6.666666666666668e-05, 0.0015333333333333334), (72.7008, 6.666666666666668e-05, 0.0015333333333333334), (47.5354, 0.0, 0.001)]","[0, 0, 0, 0, 0, 0, 0, 0, 0, 0, 0, 0, 0, 0, 0, 0, 0, 0, 0, 0, 0, 0, 0, 0, 0, 0, 0, 0, 0, 0, 0, 0, 0, 0, 0, 0, 0, 0, 0, 0, 0, 0, 0, 0, 0, (3, 0.0059833333333333336, 0.025311111111111114), 0, 0, 0, (1, 0.0026333333333333334, 0.052366666666666666), 0, 0, 0, 0, 0, 0, (2, 0.0, 0.002361111111111111), 0, 0, (3, 0.0001, 0.17663333333333334), 0, 0, 0, (1, 0.0, 0.0011666666666666668), (2, 0.0, 0.0070888888888888885), 0, (3, 0.0017833333333333332, 0.2834388888888889), (3, 3.3333333333333335e-05, 0.15232222222222222), (3, 0.0, 0.12192777777777777), 0, 0, 0, (3, 0.007816666666666666, 0.003527777777777778), 0, (3, 0.0, 0.00019444444444444446), (2, 0.07893333333333334, 0.003822222222222222), (1, 0.0116, 0.001061111111111111), (2, 0.0, 0.0005666666666666668), (2, 0.0, 0.0005666666666666668), (3, 0.0, 0.0)]","[-1, -1, -1, -1, -1, -1, -1, -1, -1, -1, -1, -1, -1, -1, -1, -1, -1, -1, -1, -1, -1, -1, -1, -1, -1, -1, -1, -1, -1, -1, -1, -1, -1, -1, -1, -1, -1, -1, -1, -1, -1, -1, -1, -1, -1, 4, -1, -1, -1, 4, -1, -1, -1, -1, -1, -1, 11, -1, -1, 9, -1, -1, -1, 10, 15, -1, 2, 13, 10, -1, -1, -1, 14, -1, 0, 15, 5, 12, 14, 11]","[False, False, False, False, False, False, False, False, False, False, False, False, False, False, False, False, False, False, False, False, False, False, False, False, False, False, False, False, False, False, False, False, False, False, False, False, False, False, False, False, False, False, False, False, False, True, False, False, False, True, False, False, False, False, False, False, True, False, False, True, False, False, False, True, True, False, True, True, True, False, False, False, True, False, True, True, True, True, True, True]"
60,"[0, 0, 0, 0, 0, 0, 0, 0, 0, 0, 0, 0, 0, 0, 0, 0, 0, 0, 0, 0, 0, 0, 0, 0, 0, 0, 0, 0, 0, 0, 0, 0, 0, 0, 0, 0, 0, 0, 0, 0, 0, 0, 0, 0, 0, 2534.217953193593, 0, 0, 0, 0, 0, 0, 0, 0, 0, 0, 2397.245657025325, 0, 0, 0, 0, 0, 0, 1171.95082846413, 2090.1455055325287, 0, 2160.2621265819243, 6028.278192232053, 1021.7004802690399, 0, 0, 0, 1254.9939763481898, 0, 1851.3381774860268, 447.41140399580445, 0, 1317.2983312621604, 1317.2983312621604, 1115.189642163913, 0]","[0, 0, 0, 0, 0, 0, 1, 1, 1, 2, 2, 2, 2, 2, 3, 3, 3, 3, 3, 3, 3, 3, 4, 4, 4, 4, 4, 4, 5, 5, 5, 5, 5, 6, 6, 6, 6, 6, 6, 7, 7, 7, 8, 8, 8, 8, 8, 8, 8, 9, 9, 9, 10, 10, 10, 10, 10, 10, 11, 11, 12, 12, 12, 12, 12, 12, 13, 13, 13, 13, 13, 14, 14, 14, 14, 15, 16, 16, 16, 16, 17]","[1, 1, 1, 1, 1, 3, 3, 2, 2, 3, 3, 7, 3, 3, 4, 4, 5, 8, 8, 9, 10, 12, 13, 13, 15, 19, 20, 22, 23, 24, 24, 25, 25, 33, 26, 26, 27, 28, 28, 29, 30, 31, 33, 33, 34, 35, 36, 37, 37, 38, 38, 38, 39, 41, 40, 41, 41, 41, 42, 44, 44, 44, 45, 46, 51, 47, 47, 48, 49, 50, 51, 51, 53, 53, 54, 55, 55, 57, 57, 58, 60]","[13, 9, 25, 5, 10, 24, 25, 25, 8, 15, 8, 28, 24, 26, 11, 12, 31, 28, 20, 26, 26, 21, 19, 30, 33, 23, 34, 38, 28, 38, 33, 42, 36, 55, 37, 44, 38, 41, 37, 45, 41, 35, 40, 40, 39, -1, 41, 43, 46, -1, 42, 51, 46, 51, 47, 53, -1, 48, 47, 60, 58, 49, 50, -1, -1, 53, -1, -1, -1, 54, 57, 55, -1, 57, -1, -1, 60, -1, -1, -1, -1]","[0, 0, 0, 0, 0, 0, 0, 0, 0, 0, 0, 0, 0, 0, 0, 0, 0, 0, 0, 0, 0, 0, 0, 0, 0, 0, 0, 0, 0, 0, 0, 0, 0, 0, 0, 0, 0, 0, 0, 0, 0, 0, 0, 0, 0, 3281.6089765967963, 0, 0, 0, 747.3910234032035, 0, 0, 0, 0, 0, 0, 2655.5280074307057, 0, 0, 0, 0, 0, 0, 2089.625174097545, 2835.867050768362, 0, 4029.0, 4029.0, 1939.374825902455, 0, 0, 0, 1983.3478225430147, 0, 4029.0, 1193.132949231638, 0, 4029.0, 2045.6521774569853, 1373.4719925692941, 4029.0]","[0, 0, 0, 0, 0, 0, 0, 0, 0, 0, 0, 0, 0, 0, 0, 0, 0, 0, 0, 0, 0, 0, 0, 0, 0, 0, 0, 0, 0, 0, 0, 0, 0, 0, 0, 0, 0, 0, 0, 0, 0, 0, 0, 0, 0, (255.8518, 0.003, 0.0022), 0, 0, 0, (121.1346, 0.2476, 0.193), 0, 0, 0, 0, 0, 0, (268.4352, 0.009333333333333334, 0.0104), 0, 0, 0, 0, 0, 0, (78.99226666666667, 0.0008, 0.0018666666666666666), (402.6528, 3.2084, 1.765466666666667), 0, (278.22166666666675, 0.49906666666666666, 0.15853333333333333), (1551.892, 0.19686666666666666, 1.39), (146.80033333333338, 0.3725333333333334, 0.1176), 0, 0, 0, (282.41606666666667, 0.0, 0.0), 0, (478.1502, 3.8014, 0.020733333333333333), (442.4987333333333, 0.0128, 0.18926666666666667), 0, (75.49706666666667, 0.0, 0.001066666666666667), (75.49706666666667, 0.0, 0.001066666666666667), (72.7012, 0.0, 0.001), (75.84646666666666, 0.0, 0.0)]","[0, 0, 0, 0, 0, 0, 0, 0, 0, 0, 0, 0, 0, 0, 0, 0, 0, 0, 0, 0, 0, 0, 0, 0, 0, 0, 0, 0, 0, 0, 0, 0, 0, 0, 0, 0, 0, 0, 0, 0, 0, 0, 0, 0, 0, (3, 0.0034, 0.033966666666666666), 0, 0, 0, (1, 1.666666666666667e-05, 0.051916666666666667), 0, 0, 0, 0, 0, 0, (2, 0.0, 0.0024055555555555557), 0, 0, 0, 0, 0, 0, (1, 0.0, 0.0005666666666666666), (2, 0.0, 0.005355555555555555), 0, (3, 0.04115, 0.5988777777777777), (3, 0.0001, 0.1530611111111111), (3, 5e-05, 0.20093333333333338), 0, 0, 0, (3, 0.00675, 0.003411111111111111), 0, (3, 0.0428, 0.01527777777777778), (2, 0.058866666666666664, 0.003477777777777778), 0, (2, 1.666666666666667e-05, 0.0007), (2, 1.666666666666667e-05, 0.0007), (3, 0.0, 0.0), (2, 0.00015, 0.0002722222222222222)]","[-1, -1, -1, -1, -1, -1, -1, -1, -1, -1, -1, -1, -1, -1, -1, -1, -1, -1, -1, -1, -1, -1, -1, -1, -1, -1, -1, -1, -1, -1, -1, -1, -1, -1, -1, -1, -1, -1, -1, -1, -1, -1, -1, -1, -1, 4, -1, -1, -1, 4, -1, -1, -1, -1, -1, -1, 11, -1, -1, -1, -1, -1, -1, 10, 15, -1, 2, 13, 10, -1, -1, -1, 14, -1, 0, 15, -1, 12, 14, 11, 6]","[False, False, False, False, False, False, False, False, False, False, False, False, False, False, False, False, False, False, False, False, False, False, False, False, False, False, False, False, False, False, False, False, False, False, False, False, False, False, False, False, False, False, False, False, False, True, False, False, False, True, False, False, False, False, False, False, True, False, False, False, False, False, False, True, True, False, True, True, True, False, False, False, True, False, True, True, False, True, True, True, True]"
61,"[0, 0, 0, 0, 0, 0, 0, 0, 0, 0, 0, 0, 0, 0, 0, 0, 0, 0, 0, 0, 0, 0, 0, 0, 0, 0, 0, 0, 0, 0, 0, 0, 0, 0, 0, 0, 0, 0, 0, 0, 0, 0, 0, 0, 0, 2430.712345092142, 0, 0, 0, 0, 0, 0, 0, 0, 0, 0, 2382.4112160783857, 0, 0, 0, 0, 0, 0, 1175.2897197133154, 1232.0506254656602, 0, 3262.0959778524575, 6374.312287858666, 3549.2405572744774, 0, 0, 0, 1320.2655306736276, 0, 1646.6228982447833, 340.5668896087467, 0, 1459.7089616688797, 1459.7089616688797, 1105.1729687313032, 731.2170323801198, 0, 1154.1194728238213, 731.2170323801198]","[0, 0, 0, 0, 0, 0, 1, 1, 1, 2, 2, 2, 2, 2, 3, 3, 3, 3, 3, 3, 3, 3, 4, 4, 4, 4, 4, 4, 5, 5, 5, 5, 5, 6, 6, 6, 6, 6, 6, 7, 7, 7, 8, 8, 8, 8, 8, 8, 8, 9, 9, 9, 10, 10, 10, 10, 10, 10, 11, 11, 12, 12, 12, 12, 12, 12, 13, 13, 13, 13, 13, 14, 14, 14, 14, 15, 16, 16, 16, 16, 16, 17, 17, 17]","[1, 1, 1, 1, 1, 3, 3, 2, 2, 3, 3, 7, 3, 3, 4, 4, 5, 8, 8, 9, 10, 12, 13, 13, 15, 19, 20, 22, 23, 24, 24, 25, 25, 33, 26, 26, 27, 28, 28, 29, 30, 31, 33, 33, 34, 35, 36, 37, 37, 38, 38, 38, 39, 41, 40, 41, 41, 41, 42, 44, 44, 44, 45, 46, 51, 47, 47, 48, 49, 50, 51, 51, 53, 53, 54, 55, 55, 57, 57, 58, 61, 60, 61, 61]","[13, 9, 25, 5, 10, 24, 25, 25, 8, 15, 8, 28, 24, 26, 11, 12, 31, 28, 20, 26, 26, 21, 19, 30, 33, 23, 34, 38, 28, 38, 33, 42, 36, 55, 37, 44, 38, 41, 37, 45, 41, 35, 40, 40, 39, -1, 41, 43, 46, 61, 42, 51, 46, 51, 47, 53, -1, 48, 47, 60, 58, 49, 50, -1, -1, 53, -1, -1, -1, 54, 57, 55, -1, 57, -1, -1, 60, -1, -1, -1, -1, 61, -1, -1]","[0, 0, 0, 0, 0, 0, 0, 0, 0, 0, 0, 0, 0, 0, 0, 0, 0, 0, 0, 0, 0, 0, 0, 0, 0, 0, 0, 0, 0, 0, 0, 0, 0, 0, 0, 0, 0, 0, 0, 0, 0, 0, 0, 0, 0, 2652.7964361341606, 0, 0, 0, 0, 0, 0, 0, 0, 0, 0, 2653.1191236735413, 0, 0, 0, 0, 0, 0, 827.5245812194191, 2460.2418679284565, 0, 4029.0, 4029.0, 3201.475418780581, 0, 0, 0, 1944.778284502374, 0, 4029.0, 1568.758132071543, 0, 2378.74596464438, 2084.221715497626, 1375.8808763264587, 1650.25403535562, 0, 1376.2035638658397, 4029.0]","[0, 0, 0, 0, 0, 0, 0, 0, 0, 0, 0, 0, 0, 0, 0, 0, 0, 0, 0, 0, 0, 0, 0, 0, 0, 0, 0, 0, 0, 0, 0, 0, 0, 0, 0, 0, 0, 0, 0, 0, 0, 0, 0, 0, 0, (247.4636, 0.0021333333333333334, 0.0018), 0, 0, 0, 0, 0, 0, 0, 0, 0, 0, (100.6632, 0.009333333333333334, 0.010466666666666668), 0, 0, 0, 0, 0, 0, (85.9828, 0.0005333333333333334, 0.0017333333333333335), (444.5958, 2.369733333333333, 2.1395999999999997), 0, (392.8656, 0.7547333333333333, 0.24346666666666666), (1736.4414, 0.2492666666666667, 1.2721333333333333), (290.8046, 0.5733333333333334, 0.17), 0, 0, 0, (459.97486666666657, 0.0, 0.0), 0, (450.887, 3.747866666666667, 0.0224), (473.9558, 0.00013333333333333334, 0.00013333333333333334), 0, (114.64386666666668, 0.0, 0.0011333333333333332), (114.64386666666668, 0.0, 0.0011333333333333332), (33.5544, 0.0, 0.001), (178.9568, 0.0019333333333333331, 0.0014666666666666665), 0, (176.16013333333333, 1.632466666666667, 0.017733333333333334), (178.9568, 0.0019333333333333331, 0.0014666666666666665)]","[0, 0, 0, 0, 0, 0, 0, 0, 0, 0, 0, 0, 0, 0, 0, 0, 0, 0, 0, 0, 0, 0, 0, 0, 0, 0, 0, 0, 0, 0, 0, 0, 0, 0, 0, 0, 0, 0, 0, 0, 0, 0, 0, 0, 0, (3, 0.004233333333333334, 0.027644444444444447), 0, 0, 0, 0, 0, 0, 0, 0, 0, 0, (2, 0.0, 0.0023777777777777777), 0, 0, 0, 0, 0, 0, (1, 0.0, 0.0005611111111111111), (2, 0.0, 0.005061111111111111), 0, (3, 0.00026666666666666673, 1.4022944444444445), (3, 0.00015, 0.2104), (3, 0.0017833333333333332, 0.2834388888888889), 0, 0, 0, (3, 0.0192, 0.013244444444444444), 0, (3, 1.666666666666667e-05, 0.0003444444444444445), (2, 0.06814999999999999, 0.0033166666666666665), 0, (2, 0.0, 0.0006555555555555555), (2, 0.0, 0.0006555555555555555), (3, 0.0, 0.0), (1, 0.36411666666666676, 0.01315), 0, (3, 0.0, 0.0001388888888888889), (1, 0.36411666666666676, 0.01315)]","[-1, -1, -1, -1, -1, -1, -1, -1, -1, -1, -1, -1, -1, -1, -1, -1, -1, -1, -1, -1, -1, -1, -1, -1, -1, -1, -1, -1, -1, -1, -1, -1, -1, -1, -1, -1, -1, -1, -1, -1, -1, -1, -1, -1, -1, 4, -1, -1, -1, -1, -1, -1, -1, -1, -1, -1, 11, -1, -1, -1, -1, -1, -1, 10, 15, -1, 2, 13, 10, -1, -1, -1, 14, -1, 0, 15, -1, 12, 14, 11, 12, -1, 4, 6]","[False, False, False, False, False, False, False, False, False, False, False, False, False, False, False, False, False, False, False, False, False, False, False, False, False, False, False, False, False, False, False, False, False, False, False, False, False, False, False, False, False, False, False, False, False, True, False, False, False, False, False, False, False, False, False, False, True, False, False, False, False, False, False, True, True, False, True, True, True, False, False, False, True, False, True, True, False, True, True, True, True, False, True, True]"
62,"[0, 0, 0, 0, 0, 0, 0, 0, 0, 0, 0, 0, 0, 0, 0, 0, 0, 0, 0, 0, 0, 0, 0, 0, 0, 0, 0, 0, 0, 0, 0, 0, 0, 0, 0, 0, 0, 0, 0, 0, 0, 0, 0, 0, 0, 2631.0457801272087, 0, 0, 0, 0, 0, 0, 0, 0, 0, 0, 2382.4112160783857, 0, 0, 0, 0, 0, 0, 0, 2534.217953193593, 0, 0, 3703.171900565511, 2160.2621265819243, 0, 0, 0, 1269.8284205130622, 0, 922.7022006380679, 510.85033441312004, 0, 845.5631180399, 845.5631180399, 1111.8507510197098, 657.7614400862267, 0, 1875.0732823255908, 657.7614400862267]","[0, 0, 0, 0, 0, 0, 1, 1, 1, 2, 2, 2, 2, 2, 3, 3, 3, 3, 3, 3, 3, 3, 4, 4, 4, 4, 4, 4, 5, 5, 5, 5, 5, 6, 6, 6, 6, 6, 6, 7, 7, 7, 8, 8, 8, 8, 8, 8, 8, 9, 9, 9, 10, 10, 10, 10, 10, 10, 11, 11, 12, 12, 12, 12, 12, 12, 13, 13, 13, 13, 13, 14, 14, 14, 14, 15, 16, 16, 16, 16, 16, 17, 17, 17]","[1, 1, 1, 1, 1, 3, 3, 2, 2, 3, 3, 7, 3, 3, 4, 4, 5, 8, 8, 9, 10, 12, 13, 13, 15, 19, 20, 22, 23, 24, 24, 25, 25, 33, 26, 26, 27, 28, 28, 29, 30, 31, 33, 33, 34, 35, 36, 37, 37, 38, 38, 38, 39, 41, 40, 41, 41, 41, 42, 44, 44, 44, 45, 46, 51, 47, 47, 48, 49, 50, 51, 51, 53, 53, 54, 55, 55, 57, 57, 58, 61, 60, 61, 61]","[13, 9, 25, 5, 10, 24, 25, 25, 8, 15, 8, 28, 24, 26, 11, 12, 31, 28, 20, 26, 26, 21, 19, 30, 33, 23, 34, 38, 28, 38, 33, 42, 36, 55, 37, 44, 38, 41, 37, 45, 41, 35, 40, 40, 39, -1, 41, 43, 46, 61, 42, 51, 46, 51, 47, 53, -1, 48, 47, 60, 58, 49, 50, -1, -1, 53, -1, -1, -1, 54, 57, 55, -1, 57, -1, -1, 60, -1, -1, -1, -1, 61, -1, -1]","[0, 0, 0, 0, 0, 0, 0, 0, 0, 0, 0, 0, 0, 0, 0, 0, 0, 0, 0, 0, 0, 0, 0, 0, 0, 0, 0, 0, 0, 0, 0, 0, 0, 0, 0, 0, 0, 0, 0, 0, 0, 0, 0, 0, 0, 2392.486248900809, 0, 0, 0, 0, 0, 0, 0, 0, 0, 0, 2649.780232529338, 0, 0, 0, 0, 0, 0, 934.3689367090378, 3026.1838093902365, 0, 4029.0, 4029.0, 3094.631063290962, 0, 0, 0, 2226.6326512365813, 0, 4029.0, 1002.8161906097635, 0, 2108.400838976837, 1802.367348763419, 1379.219767470662, 1920.5991610231633, 0, 1636.5137510991913, 4029.0]","[0, 0, 0, 0, 0, 0, 0, 0, 0, 0, 0, 0, 0, 0, 0, 0, 0, 0, 0, 0, 0, 0, 0, 0, 0, 0, 0, 0, 0, 0, 0, 0, 0, 0, 0, 0, 0, 0, 0, 0, 0, 0, 0, 0, 0, (254.45386666666673, 0.0044666666666666665, 0.009933333333333334), 0, 0, 0, 0, 0, 0, 0, 0, 0, 0, (201.3264, 0.009066666666666666, 0.010666666666666666), 0, 0, 0, 0, 0, 0, (74.09873333333334, 0.0005333333333333334, 0.0016), (349.525, 5.339466666666667, 2.7218), 0, (432.01279999999997, 0.8446, 0.2776), (1493.1718, 0.1692, 0.7876000000000001), (278.22166666666675, 0.49906666666666666, 0.15853333333333333), 0, 0, 0, (363.5057333333333, 0.0, 0.0), 0, (434.1098, 1.2283333333333333, 0.020466666666666664), (501.219, 0.012666666666666665, 0.18913333333333332), 0, (92.27413333333331, 6.666666666666668e-05, 0.0013333333333333333), (92.27413333333331, 6.666666666666668e-05, 0.0013333333333333333), (39.146800000000006, 0.0, 0.001), (192.93779999999998, 0.003933333333333333, 0.0014666666666666665), 0, (214.6078, 3.082733333333333, 0.04673333333333334), (192.93779999999998, 0.003933333333333333, 0.0014666666666666665)]","[0, 0, 0, 0, 0, 0, 0, 0, 0, 0, 0, 0, 0, 0, 0, 0, 0, 0, 0, 0, 0, 0, 0, 0, 0, 0, 0, 0, 0, 0, 0, 0, 0, 0, 0, 0, 0, 0, 0, 0, 0, 0, 0, 0, 0, (3, 0.00115, 0.03637222222222222), 0, 0, 0, 0, 0, 0, 0, 0, 0, 0, (2, 0.0, 0.0023555555555555556), 0, 0, 0, 0, 0, 0, (1, 0.0, 0.0005666666666666666), (2, 0.0, 0.01048888888888889), 0, (3, 0.0, 1.846088888888889), (3, 0.0001, 0.13415555555555556), (3, 0.04115, 0.5988777777777777), 0, 0, 0, (3, 0.10526666666666666, 0.011727777777777776), 0, (3, 0.0, 0.0004555555555555556), (2, 0.08508333333333333, 0.0030222222222222226), 0, (2, 1.666666666666667e-05, 0.003455555555555556), (2, 1.666666666666667e-05, 0.003455555555555556), (3, 0.0, 0.0), (1, 0.26766666666666666, 0.015294444444444444), 0, (3, 0.0, 0.00015555555555555556), (1, 0.26766666666666666, 0.015294444444444444)]","[-1, -1, -1, -1, -1, -1, -1, -1, -1, -1, -1, -1, -1, -1, -1, -1, -1, -1, -1, -1, -1, -1, -1, -1, -1, -1, -1, -1, -1, -1, -1, -1, -1, -1, -1, -1, -1, -1, -1, -1, -1, -1, -1, -1, -1, 4, -1, -1, -1, -1, -1, -1, -1, -1, -1, -1, 11, -1, -1, -1, -1, -1, -1, 10, 15, -1, 2, 13, 10, -1, -1, -1, 14, -1, 0, 15, -1, 12, 14, 11, 12, -1, 4, 6]","[False, False, False, False, False, False, False, False, False, False, False, False, False, False, False, False, False, False, False, False, False, False, False, False, False, False, False, False, False, False, False, False, False, False, False, False, False, False, False, False, False, False, False, False, False, True, False, False, False, False, False, False, False, False, False, False, True, False, False, False, False, False, False, True, True, False, True, True, True, False, False, False, True, False, True, True, False, True, True, True, True, False, True, True]"
63,"[0, 0, 0, 0, 0, 0, 0, 0, 0, 0, 0, 0, 0, 0, 0, 0, 0, 0, 0, 0, 0, 0, 0, 0, 0, 0, 0, 0, 0, 0, 0, 0, 0, 0, 0, 0, 0, 0, 0, 0, 0, 0, 0, 0, 0, 2564.267968448854, 0, 0, 0, 0, 0, 0, 0, 0, 0, 0, 0, 0, 0, 0, 0, 0, 0, 0, 5161.924842736884, 0, 0, 3949.038231668631, 3262.0959778524575, 0, 0, 0, 1240.1595321833177, 0, 0, 0, 0, 0, 833.6955655060068, 1252.08417907625, 711.18368902724, 0, 1510.1460454172877, 711.18368902724, 450.7502254398, 454.0891471920266]","[0, 0, 0, 0, 0, 0, 1, 1, 1, 2, 2, 2, 2, 2, 3, 3, 3, 3, 3, 3, 3, 3, 4, 4, 4, 4, 4, 4, 5, 5, 5, 5, 5, 6, 6, 6, 6, 6, 6, 7, 7, 7, 8, 8, 8, 8, 8, 8, 8, 9, 9, 9, 10, 10, 10, 10, 10, 10, 11, 11, 12, 12, 12, 12, 12, 12, 13, 13, 13, 13, 13, 14, 14, 14, 14, 15, 16, 16, 16, 16, 16, 17, 17, 17, 17, 18]","[1, 1, 1, 1, 1, 3, 3, 2, 2, 3, 3, 7, 3, 3, 4, 4, 5, 8, 8, 9, 10, 12, 13, 13, 15, 19, 20, 22, 23, 24, 24, 25, 25, 33, 26, 26, 27, 28, 28, 29, 30, 31, 33, 33, 34, 35, 36, 37, 37, 38, 38, 38, 39, 41, 40, 41, 41, 41, 42, 44, 44, 44, 45, 46, 51, 47, 47, 48, 49, 50, 51, 51, 53, 53, 54, 55, 55, 57, 57, 58, 61, 60, 61, 61, 63, 63]","[13, 9, 25, 5, 10, 24, 25, 25, 8, 15, 8, 28, 24, 26, 11, 12, 31, 28, 20, 26, 26, 21, 19, 30, 33, 23, 34, 38, 28, 38, 33, 42, 36, 55, 37, 44, 38, 41, 37, 45, 41, 35, 40, 40, 39, -1, 41, 43, 46, 61, 42, 51, 46, 51, 47, 53, -1, 48, 47, 60, 58, 49, 50, 63, -1, 53, 63, -1, -1, 54, 57, 55, -1, 57, -1, -1, 60, -1, -1, -1, -1, 61, -1, -1, -1, -1]","[0, 0, 0, 0, 0, 0, 0, 0, 0, 0, 0, 0, 0, 0, 0, 0, 0, 0, 0, 0, 0, 0, 0, 0, 0, 0, 0, 0, 0, 0, 0, 0, 0, 0, 0, 0, 0, 0, 0, 0, 0, 0, 0, 0, 0, 2541.560961515783, 0, 0, 0, 0, 0, 0, 0, 0, 0, 0, 1388.4579104618751, 0, 0, 0, 0, 0, 0, 0, 4595.462421368442, 0, 0, 4029.0, 3420.1728762063285, 0, 0, 0, 2217.7319833386555, 0, 4029.0, -566.4624213684419, 0, 1658.90815548638, 1811.2680166613445, 2640.542089538125, 2370.0918445136203, 0, 1487.439038484217, 4029.0, 608.8271237936713, 4029.0]","[0, 0, 0, 0, 0, 0, 0, 0, 0, 0, 0, 0, 0, 0, 0, 0, 0, 0, 0, 0, 0, 0, 0, 0, 0, 0, 0, 0, 0, 0, 0, 0, 0, 0, 0, 0, 0, 0, 0, 0, 0, 0, 0, 0, 0, (264.24053333333325, 0.002466666666666667, 0.0022), 0, 0, 0, 0, 0, 0, 0, 0, 0, 0, (402.6528, 0.009266666666666668, 0.010733333333333333), 0, 0, 0, 0, 0, 0, 0, (553.6476, 10.710466666666667, 4.053266666666667), 0, 0, (1484.7831999999999, 0.21580000000000002, 0.8416666666666666), (392.8656, 0.7547333333333333, 0.24346666666666666), 0, 0, 0, (380.283, 0.0, 0.0), 0, (243.2694, 1.3356666666666668, 0.18259999999999998), (447.39213333333333, 0.013266666666666668, 0.18946666666666667), 0, (76.89526666666666, 0.0, 0.001), (76.89526666666666, 0.0, 0.001), (173.3644, 6.666666666666668e-05, 0.0016), (134.2176, 0.002, 0.0014), 0, (434.80906666666664, 2.7484, 0.018466666666666666), (134.2176, 0.002, 0.0014), (184.549, 0.0, 0.0), (29.621666666666673, 4.1293999999999995, 4.1416)]","[0, 0, 0, 0, 0, 0, 0, 0, 0, 0, 0, 0, 0, 0, 0, 0, 0, 0, 0, 0, 0, 0, 0, 0, 0, 0, 0, 0, 0, 0, 0, 0, 0, 0, 0, 0, 0, 0, 0, 0, 0, 0, 0, 0, 0, (3, 0.0037, 0.02971111111111111), 0, 0, 0, 0, 0, 0, 0, 0, 0, 0, (2, 0.0, 0.002327777777777778), 0, 0, 0, 0, 0, 0, 0, (2, 0.0, 0.008927777777777778), 0, 0, (3, 0.0001, 0.17663333333333334), (3, 0.00026666666666666673, 1.4022944444444445), 0, 0, 0, (3, 0.006966666666666668, 0.010794444444444445), 0, (3, 0.0, 0.0004166666666666667), (2, 0.07923333333333334, 0.004383333333333332), 0, (2, 0.0, 0.0005055555555555555), (2, 0.0, 0.0005055555555555555), (3, 0.03166666666666667, 0.0017722222222222221), (1, 0.2701, 0.013050000000000004), 0, (3, 0.0, 0.00023888888888888888), (1, 0.2701, 0.013050000000000004), (1, 0.0, 0.00029444444444444445), (3, 0.0, 1.6666666666666667e-05)]","[-1, -1, -1, -1, -1, -1, -1, -1, -1, -1, -1, -1, -1, -1, -1, -1, -1, -1, -1, -1, -1, -1, -1, -1, -1, -1, -1, -1, -1, -1, -1, -1, -1, -1, -1, -1, -1, -1, -1, -1, -1, -1, -1, -1, -1, 4, -1, -1, -1, -1, -1, -1, -1, -1, -1, -1, 11, -1, -1, -1, -1, -1, -1, -1, 15, -1, -1, 13, 10, -1, -1, -1, 14, -1, 0, 15, -1, 12, 14, 11, 12, -1, 4, 6, 10, 5]","[False, False, False, False, False, False, False, False, False, False, False, False, False, False, False, False, False, False, False, False, False, False, False, False, False, False, False, False, False, False, False, False, False, False, False, False, False, False, False, False, False, False, False, False, False, True, False, False, False, False, False, False, False, False, False, False, True, False, False, False, False, False, False, False, True, False, False, True, True, False, False, False, True, False, True, True, False, True, True, True, True, False, True, True, True, True]"
64,"[0, 0, 0, 0, 0, 0, 0, 0, 0, 0, 0, 0, 0, 0, 0, 0, 0, 0, 0, 0, 0, 0, 0, 0, 0, 0, 0, 0, 0, 0, 0, 0, 0, 0, 0, 0, 0, 0, 0, 0, 0, 0, 0, 0, 0, 2410.679001588636, 0, 0, 0, 0, 0, 0, 0, 0, 0, 0, 0, 0, 0, 0, 0, 0, 0, 0, 0, 0, 0, 3566.579494397111, 3983.2963168658976, 0, 0, 0, 1243.126421016292, 0, 0, 0, 0, 0, 827.7617892390601, 1105.1729687313032, 647.7447684097866, 0, 1501.2453811024511, 647.7447684097866, 570.9502855570801, 1315.5229705416066, 1115.1894634134223, 744.572766635591, 2047.1528695743666]","[0, 0, 0, 0, 0, 0, 1, 1, 1, 2, 2, 2, 2, 2, 3, 3, 3, 3, 3, 3, 3, 3, 4, 4, 4, 4, 4, 4, 5, 5, 5, 5, 5, 6, 6, 6, 6, 6, 6, 7, 7, 7, 8, 8, 8, 8, 8, 8, 8, 9, 9, 9, 10, 10, 10, 10, 10, 10, 11, 11, 12, 12, 12, 12, 12, 12, 13, 13, 13, 13, 13, 14, 14, 14, 14, 15, 16, 16, 16, 16, 16, 17, 17, 17, 17, 18, 18, 18, 19]","[1, 1, 1, 1, 1, 3, 3, 2, 2, 3, 3, 7, 3, 3, 4, 4, 5, 8, 8, 9, 10, 12, 13, 13, 15, 19, 20, 22, 23, 24, 24, 25, 25, 33, 26, 26, 27, 28, 28, 29, 30, 31, 33, 33, 34, 35, 36, 37, 37, 38, 38, 38, 39, 41, 40, 41, 41, 41, 42, 44, 44, 44, 45, 46, 51, 47, 47, 48, 49, 50, 51, 51, 53, 53, 54, 55, 55, 57, 57, 58, 61, 60, 61, 61, 63, 63, 64, 64, 64]","[13, 9, 25, 5, 10, 24, 25, 25, 8, 15, 8, 28, 24, 26, 11, 12, 31, 28, 20, 26, 26, 21, 19, 30, 33, 23, 34, 38, 28, 38, 33, 42, 36, 55, 37, 44, 38, 41, 37, 45, 41, 35, 40, 40, 39, -1, 41, 43, 46, 61, 42, 51, 46, 51, 47, 53, 64, 48, 47, 60, 58, 49, 50, 63, -1, 53, 63, -1, -1, 54, 57, 55, -1, 57, 64, 64, 60, 64, -1, -1, -1, 61, -1, -1, -1, -1, -1, -1, -1]","[0, 0, 0, 0, 0, 0, 0, 0, 0, 0, 0, 0, 0, 0, 0, 0, 0, 0, 0, 0, 0, 0, 0, 0, 0, 0, 0, 0, 0, 0, 0, 0, 0, 0, 0, 0, 0, 0, 0, 0, 0, 0, 0, 0, 0, 2469.2168102430924, 0, 0, 0, 0, 0, 0, 0, 0, 0, 0, 0, 0, 0, 0, 0, 0, 0, 0, 4029.0, 0, 0, 4029.0, 3720.6730156544086, 0, 0, 0, 2222.182315888616, 0, 0, 0, 0, 0, 1806.817684111384, 4029.0, 4029.0, 0, 1559.7831897569076, 4029.0, 308.3269843455911, 4029.0, 1155.8844302056289, 785.2677334277977, 2087.847836366573]","[0, 0, 0, 0, 0, 0, 0, 0, 0, 0, 0, 0, 0, 0, 0, 0, 0, 0, 0, 0, 0, 0, 0, 0, 0, 0, 0, 0, 0, 0, 0, 0, 0, 0, 0, 0, 0, 0, 0, 0, 0, 0, 0, 0, 0, (245.3660666666667, 0.0022666666666666664, 0.002), 0, 0, 0, 0, 0, 0, 0, 0, 0, 0, 0, 0, 0, 0, 0, 0, 0, 0, (503.316, 17.2942, 4.714533333333334), 0, 0, (1644.1666, 0.15380000000000002, 0.6252666666666667), (432.01279999999997, 0.8446, 0.2776), 0, 0, 0, (353.719, 0.0, 0.0), 0, 0, 0, 0, 0, (79.6912, 6.666666666666668e-05, 0.001), (156.58720000000002, 6.666666666666668e-05, 0.001066666666666667), (226.49220000000003, 0.0016666666666666668, 0.0014), 0, (348.1266, 1.8001333333333334, 0.6946), (226.49220000000003, 0.0016666666666666668, 0.0014), (225.0938, 0.0, 0.0), (29.53446666666667, 12.107333333333337, 12.139266666666664), (499.1218, 0.0016666666666666668, 0.0011333333333333332), (142.60586666666666, 0.0007333333333333332, 0.0006), (545.259, 0.6861333333333334, 1.4692)]","[0, 0, 0, 0, 0, 0, 0, 0, 0, 0, 0, 0, 0, 0, 0, 0, 0, 0, 0, 0, 0, 0, 0, 0, 0, 0, 0, 0, 0, 0, 0, 0, 0, 0, 0, 0, 0, 0, 0, 0, 0, 0, 0, 0, 0, (3, 0.002683333333333333, 0.029983333333333334), 0, 0, 0, 0, 0, 0, 0, 0, 0, 0, 0, 0, 0, 0, 0, 0, 0, 0, (2, 2.327875, 0.009094444444444445), 0, 0, (3, 5e-05, 0.16941111111111112), (3, 0.0, 1.846088888888889), 0, 0, 0, (3, 0.04356666666666667, 0.009866666666666668), 0, 0, 0, 0, 0, (2, 1.666666666666667e-05, 0.0004111111111111111), (3, 0.0, 0.0002833333333333333), (1, 0.27021666666666666, 0.012733333333333334), 0, (3, 0.0, 0.00039999999999999996), (1, 0.27021666666666666, 0.012733333333333334), (1, 0.0, 0.0002833333333333333), (3, 0.0, 1.6666666666666667e-05), (2, 0.0, 0.0010999999999999998), (1, 0.0, 0.02883888888888889), (1, 0.07585, 0.04698333333333333)]","[-1, -1, -1, -1, -1, -1, -1, -1, -1, -1, -1, -1, -1, -1, -1, -1, -1, -1, -1, -1, -1, -1, -1, -1, -1, -1, -1, -1, -1, -1, -1, -1, -1, -1, -1, -1, -1, -1, -1, -1, -1, -1, -1, -1, -1, 4, -1, -1, -1, -1, -1, -1, -1, -1, -1, -1, -1, -1, -1, -1, -1, -1, -1, -1, 15, -1, -1, 13, 10, -1, -1, -1, 14, -1, -1, -1, -1, -1, 14, 11, 12, -1, 4, 6, 10, 5, 8, 8, 8]","[False, False, False, False, False, False, False, False, False, False, False, False, False, False, False, False, False, False, False, False, False, False, False, False, False, False, False, False, False, False, False, False, False, False, False, False, False, False, False, False, False, False, False, False, False, True, False, False, False, False, False, False, False, False, False, False, False, False, False, False, False, False, False, False, True, False, False, True, True, False, False, False, True, False, False, False, False, False, True, True, True, False, True, True, True, True, True, True, True]"
65,"[0, 0, 0, 0, 0, 0, 0, 0, 0, 0, 0, 0, 0, 0, 0, 0, 0, 0, 0, 0, 0, 0, 0, 0, 0, 0, 0, 0, 0, 0, 0, 0, 0, 0, 0, 0, 0, 0, 0, 0, 0, 0, 0, 0, 0, 2594.317983704113, 0, 0, 0, 0, 0, 0, 0, 0, 0, 0, 0, 0, 0, 0, 0, 0, 0, 0, 0, 0, 0, 4726.09725342664, 0, 0, 0, 0, 1308.39797534173, 0, 0, 0, 0, 0, 809.96046043822, 1118.528533308117, 724.5392512624934, 0, 976.1061865270877, 0, 500.8335838220001, 1135.2228679800667, 1175.2894943758222, 554.2559608139378, 881.4670876440003, 1922.54356446984, 454.0891471920266]","[0, 0, 0, 0, 0, 0, 1, 1, 1, 2, 2, 2, 2, 2, 3, 3, 3, 3, 3, 3, 3, 3, 4, 4, 4, 4, 4, 4, 5, 5, 5, 5, 5, 6, 6, 6, 6, 6, 6, 7, 7, 7, 8, 8, 8, 8, 8, 8, 8, 9, 9, 9, 10, 10, 10, 10, 10, 10, 11, 11, 12, 12, 12, 12, 12, 12, 13, 13, 13, 13, 13, 14, 14, 14, 14, 15, 16, 16, 16, 16, 16, 17, 17, 17, 17, 18, 18, 18, 19, 19, 19]","[1, 1, 1, 1, 1, 3, 3, 2, 2, 3, 3, 7, 3, 3, 4, 4, 5, 8, 8, 9, 10, 12, 13, 13, 15, 19, 20, 22, 23, 24, 24, 25, 25, 33, 26, 26, 27, 28, 28, 29, 30, 31, 33, 33, 34, 35, 36, 37, 37, 38, 38, 38, 39, 41, 40, 41, 41, 41, 42, 44, 44, 44, 45, 46, 51, 47, 47, 48, 49, 50, 51, 51, 53, 53, 54, 55, 55, 57, 57, 58, 61, 60, 61, 61, 63, 63, 64, 64, 65, 64, 65]","[13, 9, 25, 5, 10, 24, 25, 25, 8, 15, 8, 28, 24, 26, 11, 12, 31, 28, 20, 26, 26, 21, 19, 30, 33, 23, 34, 38, 28, 38, 33, 42, 36, 55, 37, 44, 38, 41, 37, 45, 41, 35, 40, 40, 39, -1, 41, 43, 46, 61, 42, 51, 46, 51, 47, 53, 64, 48, 47, 60, 58, 49, 50, 63, 65, 53, 63, -1, -1, 54, 57, 55, -1, 57, 64, 64, 60, 64, -1, -1, -1, 61, -1, -1, -1, -1, -1, -1, -1, -1, -1]","[0, 0, 0, 0, 0, 0, 0, 0, 0, 0, 0, 0, 0, 0, 0, 0, 0, 0, 0, 0, 0, 0, 0, 0, 0, 0, 0, 0, 0, 0, 0, 0, 0, 0, 0, 0, 0, 0, 0, 0, 0, 0, 0, 0, 0, 2595.8135445630373, 0, 0, 0, 0, 0, 0, 0, 0, 0, 0, 0, 0, 0, 0, 0, 0, 0, 0, 0, 0, 0, 4029.0, 1764.083208089, 0, 0, 0, 1566.8708740883912, 0, 0, 0, 0, 0, 1068.4333591848813, 4029.0, 4029.0, 0, 977.601747386012, 1573.7664561779998, 2264.916791911, 1393.695766726728, 1300.9264878226222, 679.8929542607377, 2455.2335438220002, 2048.18055791664, 455.5847080509508]","[0, 0, 0, 0, 0, 0, 0, 0, 0, 0, 0, 0, 0, 0, 0, 0, 0, 0, 0, 0, 0, 0, 0, 0, 0, 0, 0, 0, 0, 0, 0, 0, 0, 0, 0, 0, 0, 0, 0, 0, 0, 0, 0, 0, 0, (294.99906666666664, 0.0026, 0.0021333333333333334), 0, 0, 0, 0, 0, 0, 0, 0, 0, 0, 0, 0, 0, 0, 0, 0, 0, 0, 0, 0, 0, (1434.4516, 0.22206666666666663, 0.8742666666666667), (339.7382, 0.8196, 0.2693333333333333), 0, 0, 0, (342.5342, 0.0, 0.0), 0, 0, 0, 0, 0, (86.68193333333333, 0.0, 0.001), (97.867, 0.0, 0.001), (271.2314, 0.0722, 0.0028666666666666667), 0, (230.686, 0.866, 0.3906666666666667), (271.2314, 0.0722, 0.0028666666666666667), (191.5394, 0.0, 0.0), (31.3258, 10.272666666666666, 10.300266666666666), (553.6476, 0.0017333333333333335, 0.0015333333333333334), (98.56566666666669, 0.0007333333333333332, 0.0002666666666666667), (95.9442, 0.019933333333333334, 0.0208), (738.1968, 0.7232666666666667, 1.2136), (29.621666666666673, 4.1293999999999995, 4.1416)]","[0, 0, 0, 0, 0, 0, 0, 0, 0, 0, 0, 0, 0, 0, 0, 0, 0, 0, 0, 0, 0, 0, 0, 0, 0, 0, 0, 0, 0, 0, 0, 0, 0, 0, 0, 0, 0, 0, 0, 0, 0, 0, 0, 0, 0, (3, 0.0094, 0.031038888888888887), 0, 0, 0, 0, 0, 0, 0, 0, 0, 0, 0, 0, 0, 0, 0, 0, 0, 0, 0, 0, 0, (3, 0.0001, 0.21292777777777777), (3, 3.3333333333333335e-05, 1.7759777777777779), 0, 0, 0, (3, 0.016566666666666667, 0.010016666666666667), 0, 0, 0, 0, 0, (2, 0.0, 0.0003888888888888888), (3, 0.008, 0.00039999999999999996), (1, 0.24863333333333332, 0.04668333333333334), 0, (3, 1.666666666666667e-05, 0.0003444444444444445), (1, 0.24863333333333332, 0.04668333333333334), (1, 1.666666666666667e-05, 0.0002611111111111111), (3, 0.0, 4.4444444444444447e-05), (2, 0.0, 0.0005222222222222223), (1, 0.0, 0.0016666666666666668), (1, 0.0012, 0.05558333333333333), (1, 0.0017166666666666665, 0.0023777777777777777), (3, 0.0, 1.6666666666666667e-05)]","[-1, -1, -1, -1, -1, -1, -1, -1, -1, -1, -1, -1, -1, -1, -1, -1, -1, -1, -1, -1, -1, -1, -1, -1, -1, -1, -1, -1, -1, -1, -1, -1, -1, -1, -1, -1, -1, -1, -1, -1, -1, -1, -1, -1, -1, 4, -1, -1, -1, -1, -1, -1, -1, -1, -1, -1, -1, -1, -1, -1, -1, -1, -1, -1, -1, -1, -1, 13, 10, -1, -1, -1, 14, -1, -1, -1, -1, -1, 14, 11, 12, -1, 4, 6, 10, 14, 8, 8, 6, 8, 4]","[False, False, False, False, False, False, False, False, False, False, False, False, False, False, False, False, False, False, False, False, False, False, False, False, False, False, False, False, False, False, False, False, False, False, False, False, False, False, False, False, False, False, False, False, False, True, False, False, False, False, False, False, False, False, False, False, False, False, False, False, False, False, False, False, False, False, False, True, True, False, False, False, True, False, False, False, False, False, True, True, True, False, True, True, True, True, True, True, True, True, True]"
66,"[0, 0, 0, 0, 0, 0, 0, 0, 0, 0, 0, 0, 0, 0, 0, 0, 0, 0, 0, 0, 0, 0, 0, 0, 0, 0, 0, 0, 0, 0, 0, 0, 0, 0, 0, 0, 0, 0, 0, 0, 0, 0, 0, 0, 0, 2363.9345334137865, 0, 0, 0, 0, 0, 0, 0, 0, 0, 0, 0, 0, 0, 0, 0, 0, 0, 0, 0, 0, 0, 3065.7406717796443, 0, 0, 0, 0, 1406.3053068298868, 0, 0, 0, 0, 0, 836.6624536394801, 1121.86742445232, 737.8948134977464, 0, 1465.6427238431045, 0, 474.12245935149326, 1145.2395403445964, 1121.8672446314667, 597.6615481065954, 754.589249271, 2011.5502109730733, 1315.5229705416066, 628.9803113908888, 1876.4565081617916]","[0, 0, 0, 0, 0, 0, 1, 1, 1, 2, 2, 2, 2, 2, 3, 3, 3, 3, 3, 3, 3, 3, 4, 4, 4, 4, 4, 4, 5, 5, 5, 5, 5, 6, 6, 6, 6, 6, 6, 7, 7, 7, 8, 8, 8, 8, 8, 8, 8, 9, 9, 9, 10, 10, 10, 10, 10, 10, 11, 11, 12, 12, 12, 12, 12, 12, 13, 13, 13, 13, 13, 14, 14, 14, 14, 15, 16, 16, 16, 16, 16, 17, 17, 17, 17, 18, 18, 18, 19, 19, 19, 19, 19]","[1, 1, 1, 1, 1, 3, 3, 2, 2, 3, 3, 7, 3, 3, 4, 4, 5, 8, 8, 9, 10, 12, 13, 13, 15, 19, 20, 22, 23, 24, 24, 25, 25, 33, 26, 26, 27, 28, 28, 29, 30, 31, 33, 33, 34, 35, 36, 37, 37, 38, 38, 38, 39, 41, 40, 41, 41, 41, 42, 44, 44, 44, 45, 46, 51, 47, 47, 48, 49, 50, 51, 51, 53, 53, 54, 55, 55, 57, 57, 58, 61, 60, 61, 61, 63, 63, 64, 64, 65, 64, 65, 66, 66]","[13, 9, 25, 5, 10, 24, 25, 25, 8, 15, 8, 28, 24, 26, 11, 12, 31, 28, 20, 26, 26, 21, 19, 30, 33, 23, 34, 38, 28, 38, 33, 42, 36, 55, 37, 44, 38, 41, 37, 45, 41, 35, 40, 40, 39, -1, 41, 43, 46, 61, 42, 51, 46, 51, 47, 53, 64, 48, 47, 60, 58, 49, 50, 63, 65, 53, 63, -1, 66, 54, 57, 55, -1, 57, 64, 64, 60, 64, -1, -1, -1, 61, -1, 66, -1, -1, -1, -1, -1, -1, -1, -1, -1]","[0, 0, 0, 0, 0, 0, 0, 0, 0, 0, 0, 0, 0, 0, 0, 0, 0, 0, 0, 0, 0, 0, 0, 0, 0, 0, 0, 0, 0, 0, 0, 0, 0, 0, 0, 0, 0, 0, 0, 0, 0, 0, 0, 0, 0, 1991.9011241476207, 0, 0, 0, 0, 0, 0, 0, 0, 0, 0, 0, 0, 0, 0, 0, 0, 0, 0, 0, 0, 0, 4029.0, 0, 0, 0, 0, 1619.9028732252325, 0, 0, 0, 0, 0, 1050.2600200348256, 4029.0, 4029.0, 0, 1093.6093145769387, 0, 1937.0710739803023, 1358.837106739942, 1221.1742433944216, 696.9685468695502, 4029.0, 2110.857209736028, 943.4895612754408, 2091.928926019698, 4029.0]","[0, 0, 0, 0, 0, 0, 0, 0, 0, 0, 0, 0, 0, 0, 0, 0, 0, 0, 0, 0, 0, 0, 0, 0, 0, 0, 0, 0, 0, 0, 0, 0, 0, 0, 0, 0, 0, 0, 0, 0, 0, 0, 0, 0, 0, (264.24086666666665, 0.0022666666666666664, 0.0018666666666666666), 0, 0, 0, 0, 0, 0, 0, 0, 0, 0, 0, 0, 0, 0, 0, 0, 0, 0, 0, 0, 0, (1392.5086000000001, 0.1512, 0.6417333333333333), 0, 0, 0, 0, (350.92293333333333, 0.0, 0.0), 0, 0, 0, 0, 0, (85.284, 0.0, 0.001), (81.0898, 0.0, 0.001), (164.9758, 0.0021333333333333334, 0.0014666666666666665), 0, (331.3495333333333, 4.365933333333333, 0.022533333333333336), 0, (225.09366666666662, 0.0, 0.0), (31.238400000000002, 10.958333333333334, 10.986266666666667), (461.3726, 0.008400000000000001, 0.008866666666666667), (121.6344, 0.0005333333333333334, 0.0002), (96.9928, 0.020133333333333333, 0.014066666666666665), (564.8324, 0.6947333333333332, 1.3258666666666665), (29.53446666666667, 12.107333333333337, 12.139266666666664), (320.1647333333333, 0.0011333333333333332, 0.0015333333333333334), (258.64820000000003, 0.019533333333333337, 0.0016)]","[0, 0, 0, 0, 0, 0, 0, 0, 0, 0, 0, 0, 0, 0, 0, 0, 0, 0, 0, 0, 0, 0, 0, 0, 0, 0, 0, 0, 0, 0, 0, 0, 0, 0, 0, 0, 0, 0, 0, 0, 0, 0, 0, 0, 0, (3, 0.0016166666666666669, 0.027527777777777776), 0, 0, 0, 0, 0, 0, 0, 0, 0, 0, 0, 0, 0, 0, 0, 0, 0, 0, 0, 0, 0, (3, 6.666666666666667e-05, 0.11822222222222224), 0, 0, 0, 0, (3, 0.007016666666666667, 0.010272222222222223), 0, 0, 0, 0, 0, (2, 1.666666666666667e-05, 0.00042777777777777774), (3, 0.0, 0.0), (1, 0.2376, 0.013488888888888885), 0, (3, 0.0, 0.00019444444444444446), 0, (1, 0.0, 0.0002833333333333333), (3, 0.0, 2.2222222222222223e-05), (2, 0.0, 0.0004944444444444445), (1, 0.0, 0.0015388888888888887), (1, 0.0, 0.054338888888888895), (1, 0.00225, 0.06516111111111111), (3, 0.0, 1.6666666666666667e-05), (2, 0.0037166666666666667, 0.0028777777777777777), (3, 0.05115, 0.03694444444444444)]","[-1, -1, -1, -1, -1, -1, -1, -1, -1, -1, -1, -1, -1, -1, -1, -1, -1, -1, -1, -1, -1, -1, -1, -1, -1, -1, -1, -1, -1, -1, -1, -1, -1, -1, -1, -1, -1, -1, -1, -1, -1, -1, -1, -1, -1, 4, -1, -1, -1, -1, -1, -1, -1, -1, -1, -1, -1, -1, -1, -1, -1, -1, -1, -1, -1, -1, -1, 13, -1, -1, -1, -1, 14, -1, -1, -1, -1, -1, 14, 11, 12, -1, 4, -1, 10, 14, 8, 8, 6, 8, 4, 10, 15]","[False, False, False, False, False, False, False, False, False, False, False, False, False, False, False, False, False, False, False, False, False, False, False, False, False, False, False, False, False, False, False, False, False, False, False, False, False, False, False, False, False, False, False, False, False, True, False, False, False, False, False, False, False, False, False, False, False, False, False, False, False, False, False, False, False, False, False, True, False, False, False, False, True, False, False, False, False, False, True, True, True, False, True, False, True, True, True, True, True, True, True, True, True]"
67,"[0, 0, 0, 0, 0, 0, 0, 0, 0, 0, 0, 0, 0, 0, 0, 0, 0, 0, 0, 0, 0, 0, 0, 0, 0, 0, 0, 0, 0, 0, 0, 0, 0, 0, 0, 0, 0, 0, 0, 0, 0, 0, 0, 0, 0, 2724.534716476907, 0, 0, 0, 0, 0, 0, 0, 0, 0, 0, 0, 0, 0, 0, 0, 0, 0, 0, 0, 0, 0, 5157.122179558036, 0, 0, 0, 0, 0, 0, 0, 0, 0, 0, 830.7286773725335, 1105.1729687313032, 0, 0, 1851.3381774860268, 0, 580.9669572335199, 1218.6951376844836, 1035.0560887968888, 554.2559608139378, 754.589249271, 2940.186222823474, 1135.2228679800667, 634.9140879134446, 1328.8784523992754]","[0, 0, 0, 0, 0, 0, 1, 1, 1, 2, 2, 2, 2, 2, 3, 3, 3, 3, 3, 3, 3, 3, 4, 4, 4, 4, 4, 4, 5, 5, 5, 5, 5, 6, 6, 6, 6, 6, 6, 7, 7, 7, 8, 8, 8, 8, 8, 8, 8, 9, 9, 9, 10, 10, 10, 10, 10, 10, 11, 11, 12, 12, 12, 12, 12, 12, 13, 13, 13, 13, 13, 14, 14, 14, 14, 15, 16, 16, 16, 16, 16, 17, 17, 17, 17, 18, 18, 18, 19, 19, 19, 19, 19]","[1, 1, 1, 1, 1, 3, 3, 2, 2, 3, 3, 7, 3, 3, 4, 4, 5, 8, 8, 9, 10, 12, 13, 13, 15, 19, 20, 22, 23, 24, 24, 25, 25, 33, 26, 26, 27, 28, 28, 29, 30, 31, 33, 33, 34, 35, 36, 37, 37, 38, 38, 38, 39, 41, 40, 41, 41, 41, 42, 44, 44, 44, 45, 46, 51, 47, 47, 48, 49, 50, 51, 51, 53, 53, 54, 55, 55, 57, 57, 58, 61, 60, 61, 61, 63, 63, 64, 64, 65, 64, 65, 66, 66]","[13, 9, 25, 5, 10, 24, 25, 25, 8, 15, 8, 28, 24, 26, 11, 12, 31, 28, 20, 26, 26, 21, 19, 30, 33, 23, 34, 38, 28, 38, 33, 42, 36, 55, 37, 44, 38, 41, 37, 45, 41, 35, 40, 40, 39, -1, 41, 43, 46, 61, 42, 51, 46, 51, 47, 53, 64, 48, 47, 60, 58, 49, 50, 63, 65, 53, 63, -1, 66, 54, 57, 55, -1, 57, 64, 64, 60, 64, -1, -1, -1, 61, -1, 66, -1, -1, -1, -1, -1, -1, -1, -1, -1]","[0, 0, 0, 0, 0, 0, 0, 0, 0, 0, 0, 0, 0, 0, 0, 0, 0, 0, 0, 0, 0, 0, 0, 0, 0, 0, 0, 0, 0, 0, 0, 0, 0, 0, 0, 0, 0, 0, 0, 0, 0, 0, 0, 0, 0, 2163.8361291625733, 0, 0, 0, 0, 0, 0, 0, 0, 0, 0, 0, 0, 0, 0, 0, 0, 0, 0, 0, 0, 0, 4029.0, 0, 0, 0, 0, 659.8587283143275, 0, 0, 0, 0, 0, 1490.587405686861, 4029.0, 4029.0, 0, 1290.6395901716933, 0, 1987.5264346600377, 1878.553865998811, 868.2233313187886, 387.42320333583757, 4029.0, 2773.353465345374, 574.524280665733, 2041.4735653399625, 4029.0]","[0, 0, 0, 0, 0, 0, 0, 0, 0, 0, 0, 0, 0, 0, 0, 0, 0, 0, 0, 0, 0, 0, 0, 0, 0, 0, 0, 0, 0, 0, 0, 0, 0, 0, 0, 0, 0, 0, 0, 0, 0, 0, 0, 0, 0, (259.3473333333334, 0.0028666666666666667, 0.0022666666666666664), 0, 0, 0, 0, 0, 0, 0, 0, 0, 0, 0, 0, 0, 0, 0, 0, 0, 0, 0, 0, 0, (1632.9818, 0.3732, 0.7381333333333333), 0, 0, 0, 0, (423.62406666666664, 0.0, 0.0), 0, 0, 0, 0, 0, (61.51606666666666, 0.0, 0.001), (117.4404, 0.0, 0.001), (159.3834, 0.0022666666666666664, 0.0018), 0, (478.1502, 3.8014, 0.020733333333333333), 0, (159.38313333333332, 0.0, 0.0), (30.75773333333333, 11.004733333333336, 11.030333333333335), (448.7898, 0.009933333333333334, 0.0104), (125.82866666666669, 0.0007333333333333332, 0.0002666666666666667), (90.177, 0.02, 0.014), (1015.0211999999999, 0.7137333333333332, 1.397666666666667), (31.3258, 10.272666666666666, 10.300266666666666), (300.59133333333324, 0.0011333333333333332, 0.0015333333333333334), (328.5534, 0.0005333333333333334, 0.0006)]","[0, 0, 0, 0, 0, 0, 0, 0, 0, 0, 0, 0, 0, 0, 0, 0, 0, 0, 0, 0, 0, 0, 0, 0, 0, 0, 0, 0, 0, 0, 0, 0, 0, 0, 0, 0, 0, 0, 0, 0, 0, 0, 0, 0, 0, (3, 0.0017, 0.03345), 0, 0, 0, 0, 0, 0, 0, 0, 0, 0, 0, 0, 0, 0, 0, 0, 0, 0, 0, 0, 0, (3, 0.09808333333333331, 0.2580777777777778), 0, 0, 0, 0, (3, 0.06570000000000001, 0.009933333333333334), 0, 0, 0, 0, 0, (2, 0.0, 0.00037222222222222225), (3, 0.0, 0.0), (1, 0.27031666666666665, 0.012972222222222222), 0, (3, 0.0428, 0.01527777777777778), 0, (1, 0.0, 0.0002722222222222222), (3, 0.0, 2.2222222222222223e-05), (2, 0.0, 0.0004944444444444445), (1, 0.0, 0.00165), (1, 3.3333333333333335e-05, 0.05506666666666666), (1, 1.0436000000000003, 0.5150888888888889), (3, 0.0, 4.4444444444444447e-05), (2, 0.0004, 0.0023666666666666667), (3, 0.06125, 0.025472222222222222)]","[-1, -1, -1, -1, -1, -1, -1, -1, -1, -1, -1, -1, -1, -1, -1, -1, -1, -1, -1, -1, -1, -1, -1, -1, -1, -1, -1, -1, -1, -1, -1, -1, -1, -1, -1, -1, -1, -1, -1, -1, -1, -1, -1, -1, -1, 4, -1, -1, -1, -1, -1, -1, -1, -1, -1, -1, -1, -1, -1, -1, -1, -1, -1, -1, -1, -1, -1, 13, -1, -1, -1, -1, 14, -1, -1, -1, -1, -1, 14, 11, 12, -1, 4, -1, 10, 14, 8, 8, 6, 8, 4, 10, 15]","[False, False, False, False, False, False, False, False, False, False, False, False, False, False, False, False, False, False, False, False, False, False, False, False, False, False, False, False, False, False, False, False, False, False, False, False, False, False, False, False, False, False, False, False, False, True, False, False, False, False, False, False, False, False, False, False, False, False, False, False, False, False, False, False, False, False, False, True, False, False, False, False, True, False, False, False, False, False, True, True, True, False, True, False, True, True, True, True, True, True, True, True, True]"
68,"[0, 0, 0, 0, 0, 0, 0, 0, 0, 0, 0, 0, 0, 0, 0, 0, 0, 0, 0, 0, 0, 0, 0, 0, 0, 0, 0, 0, 0, 0, 0, 0, 0, 0, 0, 0, 0, 0, 0, 0, 0, 0, 0, 0, 0, 0, 0, 0, 0, 0, 0, 0, 0, 0, 0, 0, 0, 0, 0, 0, 0, 0, 0, 0, 0, 0, 0, 6377.347674662409, 0, 0, 0, 0, 0, 0, 0, 0, 0, 0, 839.6293417729535, 0, 0, 0, 1646.6228982447833, 0, 450.7502254398, 1191.9840113790701, 1051.750541842, 597.6615481065954, 741.2336873370001, 2067.9210870917877, 1145.2395403445964, 557.7749931202221, 2050.0788185255155, 2251.868135745323, 1071.7839430047102]","[0, 0, 0, 0, 0, 0, 1, 1, 1, 2, 2, 2, 2, 2, 3, 3, 3, 3, 3, 3, 3, 3, 4, 4, 4, 4, 4, 4, 5, 5, 5, 5, 5, 6, 6, 6, 6, 6, 6, 7, 7, 7, 8, 8, 8, 8, 8, 8, 8, 9, 9, 9, 10, 10, 10, 10, 10, 10, 11, 11, 12, 12, 12, 12, 12, 12, 13, 13, 13, 13, 13, 14, 14, 14, 14, 15, 16, 16, 16, 16, 16, 17, 17, 17, 17, 18, 18, 18, 19, 19, 19, 19, 19, 19, 20]","[1, 1, 1, 1, 1, 3, 3, 2, 2, 3, 3, 7, 3, 3, 4, 4, 5, 8, 8, 9, 10, 12, 13, 13, 15, 19, 20, 22, 23, 24, 24, 25, 25, 33, 26, 26, 27, 28, 28, 29, 30, 31, 33, 33, 34, 35, 36, 37, 37, 38, 38, 38, 39, 41, 40, 41, 41, 41, 42, 44, 44, 44, 45, 46, 51, 47, 47, 48, 49, 50, 51, 51, 53, 53, 54, 55, 55, 57, 57, 58, 61, 60, 61, 61, 63, 63, 64, 64, 65, 64, 65, 66, 66, 68, 68]","[13, 9, 25, 5, 10, 24, 25, 25, 8, 15, 8, 28, 24, 26, 11, 12, 31, 28, 20, 26, 26, 21, 19, 30, 33, 23, 34, 38, 28, 38, 33, 42, 36, 55, 37, 44, 38, 41, 37, 45, 41, 35, 40, 40, 39, -1, 41, 43, 46, 61, 42, 51, 46, 51, 47, 53, 64, 48, 47, 60, 58, 49, 50, 63, 65, 53, 63, -1, 66, 54, 57, 55, 68, 57, 64, 64, 60, 64, -1, -1, 68, 61, -1, 66, -1, -1, -1, -1, -1, -1, -1, -1, -1, -1, -1]","[0, 0, 0, 0, 0, 0, 0, 0, 0, 0, 0, 0, 0, 0, 0, 0, 0, 0, 0, 0, 0, 0, 0, 0, 0, 0, 0, 0, 0, 0, 0, 0, 0, 0, 0, 0, 0, 0, 0, 0, 0, 0, 0, 0, 0, 412.3791871368733, 0, 0, 0, 0, 0, 0, 0, 0, 0, 0, 0, 0, 0, 0, 0, 0, 0, 0, 0, 0, 0, 4029.0, 0, 0, 0, 0, 0, 0, 0, 0, 0, 0, 1148.1635763873755, 4029.0, 0, 0, 2059.002085381657, 0, 1960.987616159789, 1500.5182459934922, 1155.639482828539, 701.5504890931343, 4029.0, 2171.8100280783265, 1557.6187274814697, 2068.012383840211, 4029.0, 4029.0, 1380.3181776191323]","[0, 0, 0, 0, 0, 0, 0, 0, 0, 0, 0, 0, 0, 0, 0, 0, 0, 0, 0, 0, 0, 0, 0, 0, 0, 0, 0, 0, 0, 0, 0, 0, 0, 0, 0, 0, 0, 0, 0, 0, 0, 0, 0, 0, 0, (248.8616, 0.0033333333333333335, 0.009), 0, 0, 0, 0, 0, 0, 0, 0, 0, 0, 0, 0, 0, 0, 0, 0, 0, 0, 0, 0, 0, (1756.0146000000002, 0.15113333333333331, 0.6404), 0, 0, 0, 0, 0, 0, 0, 0, 0, 0, (61.516133333333315, 6.666666666666668e-05, 0.0011333333333333332), (75.4974, 0.0, 0.001), 0, 0, (450.887, 3.747866666666667, 0.0224), 0, (201.3262, 0.0, 0.0), (30.932599999999997, 11.007200000000001, 11.033333333333335), (450.1882666666667, 0.0092, 0.009466666666666667), (98.56533333333331, 0.0005333333333333334, 0.0002), (93.3228, 0.018333333333333333, 0.014133333333333333), (679.4766, 0.7587999999999999, 1.3356666666666668), (31.238400000000002, 10.958333333333334, 10.986266666666667), (288.00833333333327, 0.0011333333333333332, 0.0014), (298.49406666666664, 0.0016666666666666668, 0.005466666666666667), (100.6632, 0.009333333333333334, 0.0108), (125.829, 0.0033333333333333335, 0.0012666666666666666)]","[0, 0, 0, 0, 0, 0, 0, 0, 0, 0, 0, 0, 0, 0, 0, 0, 0, 0, 0, 0, 0, 0, 0, 0, 0, 0, 0, 0, 0, 0, 0, 0, 0, 0, 0, 0, 0, 0, 0, 0, 0, 0, 0, 0, 0, (3, 0.002816666666666667, 0.023894444444444447), 0, 0, 0, 0, 0, 0, 0, 0, 0, 0, 0, 0, 0, 0, 0, 0, 0, 0, 0, 0, 0, (3, 0.07565000000000001, 0.43214444444444444), 0, 0, 0, 0, 0, 0, 0, 0, 0, 0, (2, 1.666666666666667e-05, 0.00039444444444444444), (3, 0.048083333333333346, 0.01686666666666667), 0, 0, (3, 1.666666666666667e-05, 0.0003444444444444445), 0, (1, 0.0, 0.0002666666666666667), (3, 0.0, 2.2222222222222223e-05), (2, 0.0, 0.0005166666666666667), (1, 0.0, 0.0015500000000000002), (1, 0.0, 0.0557), (1, 0.0012666666666666666, 0.0020055555555555556), (3, 0.0, 2.2222222222222223e-05), (2, 0.00026666666666666673, 0.002455555555555556), (3, 0.0008666666666666667, 0.016138888888888887), (2, 0.0, 0.002416666666666667), (3, 0.0, 0.0006444444444444443)]","[-1, -1, -1, -1, -1, -1, -1, -1, -1, -1, -1, -1, -1, -1, -1, -1, -1, -1, -1, -1, -1, -1, -1, -1, -1, -1, -1, -1, -1, -1, -1, -1, -1, -1, -1, -1, -1, -1, -1, -1, -1, -1, -1, -1, -1, 4, -1, -1, -1, -1, -1, -1, -1, -1, -1, -1, -1, -1, -1, -1, -1, -1, -1, -1, -1, -1, -1, 13, -1, -1, -1, -1, -1, -1, -1, -1, -1, -1, 14, 11, -1, -1, 4, -1, 10, 14, 8, 8, 6, 8, 4, 10, 15, 0, 14]","[False, False, False, False, False, False, False, False, False, False, False, False, False, False, False, False, False, False, False, False, False, False, False, False, False, False, False, False, False, False, False, False, False, False, False, False, False, False, False, False, False, False, False, False, False, True, False, False, False, False, False, False, False, False, False, False, False, False, False, False, False, False, False, False, False, False, False, True, False, False, False, False, False, False, False, False, False, False, True, True, False, False, True, False, True, True, True, True, True, True, True, True, True, True, True]"
69,"[0, 0, 0, 0, 0, 0, 0, 0, 0, 0, 0, 0, 0, 0, 0, 0, 0, 0, 0, 0, 0, 0, 0, 0, 0, 0, 0, 0, 0, 0, 0, 0, 0, 0, 0, 0, 0, 0, 0, 0, 0, 0, 0, 0, 0, 0, 0, 0, 0, 0, 0, 0, 0, 0, 0, 0, 0, 0, 0, 0, 0, 0, 0, 0, 0, 0, 0, 4197.939949575493, 0, 0, 0, 0, 0, 0, 0, 0, 0, 0, 830.7286773725335, 0, 0, 0, 922.7022006380679, 0, 537.5613799689467, 1198.6617929554236, 1055.0894324510223, 567.6115261347555, 804.6726065235, 2038.2522049240424, 1218.6951376844836, 590.4107639942779, 1896.4898516652977, 2266.7025766922616, 1068.445052216534, 390.65025572768, 777.9614183128089]","[0, 0, 0, 0, 0, 0, 1, 1, 1, 2, 2, 2, 2, 2, 3, 3, 3, 3, 3, 3, 3, 3, 4, 4, 4, 4, 4, 4, 5, 5, 5, 5, 5, 6, 6, 6, 6, 6, 6, 7, 7, 7, 8, 8, 8, 8, 8, 8, 8, 9, 9, 9, 10, 10, 10, 10, 10, 10, 11, 11, 12, 12, 12, 12, 12, 12, 13, 13, 13, 13, 13, 14, 14, 14, 14, 15, 16, 16, 16, 16, 16, 17, 17, 17, 17, 18, 18, 18, 19, 19, 19, 19, 19, 19, 20, 20, 21]","[1, 1, 1, 1, 1, 3, 3, 2, 2, 3, 3, 7, 3, 3, 4, 4, 5, 8, 8, 9, 10, 12, 13, 13, 15, 19, 20, 22, 23, 24, 24, 25, 25, 33, 26, 26, 27, 28, 28, 29, 30, 31, 33, 33, 34, 35, 36, 37, 37, 38, 38, 38, 39, 41, 40, 41, 41, 41, 42, 44, 44, 44, 45, 46, 51, 47, 47, 48, 49, 50, 51, 51, 53, 53, 54, 55, 55, 57, 57, 58, 61, 60, 61, 61, 63, 63, 64, 64, 65, 64, 65, 66, 66, 68, 68, 69, 69]","[13, 9, 25, 5, 10, 24, 25, 25, 8, 15, 8, 28, 24, 26, 11, 12, 31, 28, 20, 26, 26, 21, 19, 30, 33, 23, 34, 38, 28, 38, 33, 42, 36, 55, 37, 44, 38, 41, 37, 45, 41, 35, 40, 40, 39, 69, 41, 43, 46, 61, 42, 51, 46, 51, 47, 53, 64, 48, 47, 60, 58, 49, 50, 63, 65, 53, 63, -1, 66, 54, 57, 55, 68, 57, 64, 64, 60, 64, -1, 69, 68, 61, -1, 66, -1, -1, -1, -1, -1, -1, -1, -1, -1, -1, -1, -1, -1]","[0, 0, 0, 0, 0, 0, 0, 0, 0, 0, 0, 0, 0, 0, 0, 0, 0, 0, 0, 0, 0, 0, 0, 0, 0, 0, 0, 0, 0, 0, 0, 0, 0, 0, 0, 0, 0, 0, 0, 0, 0, 0, 0, 0, 0, 0, 0, 0, 0, 0, 0, 0, 0, 0, 0, 0, 0, 0, 0, 0, 0, 0, 0, 0, 0, 0, 0, 4029.0, 0, 0, 0, 0, 0, 0, 0, 0, 0, 0, 1141.1168365243698, 0, 0, 0, 1866.503531476792, 0, 1988.0753079873343, 1509.04995210726, 1177.7717112810822, 690.2938049648155, 4029.0, 2160.9344837541025, 2162.496468523208, 2040.9246920126657, 4029.0, 4029.0, 1378.8332113683703, 4029.0, 4029.0]","[0, 0, 0, 0, 0, 0, 0, 0, 0, 0, 0, 0, 0, 0, 0, 0, 0, 0, 0, 0, 0, 0, 0, 0, 0, 0, 0, 0, 0, 0, 0, 0, 0, 0, 0, 0, 0, 0, 0, 0, 0, 0, 0, 0, 0, 0, 0, 0, 0, 0, 0, 0, 0, 0, 0, 0, 0, 0, 0, 0, 0, 0, 0, 0, 0, 0, 0, (1834.3084, 0.274, 0.7126), 0, 0, 0, 0, 0, 0, 0, 0, 0, 0, (60.11806666666666, 0.0, 0.001), 0, 0, 0, (434.1098, 1.2283333333333333, 0.020466666666666664), 0, (183.15086666666667, 0.00013333333333333334, 6.666666666666668e-05), (29.2284, 11.277066666666668, 11.304066666666667), (461.373, 0.0016666666666666668, 0.0013333333333333333), (113.24566666666668, 0.0007333333333333332, 0.0002666666666666667), (93.8472, 0.0318, 0.0146), (654.3108000000001, 0.7628666666666667, 1.1362666666666668), (30.75773333333333, 11.004733333333336, 11.030333333333335), (311.7758666666666, 0.0011333333333333332, 0.0015333333333333334), (294.3, 0.001066666666666667, 0.005466666666666667), (150.9948, 0.009333333333333334, 0.010933333333333335), (170.56820000000002, 0.0034, 0.0014666666666666665), (499.1218, 0.0004, 0.0003333333333333333), (123.73126666666663, 0.009733333333333332, 0.0028)]","[0, 0, 0, 0, 0, 0, 0, 0, 0, 0, 0, 0, 0, 0, 0, 0, 0, 0, 0, 0, 0, 0, 0, 0, 0, 0, 0, 0, 0, 0, 0, 0, 0, 0, 0, 0, 0, 0, 0, 0, 0, 0, 0, 0, 0, 0, 0, 0, 0, 0, 0, 0, 0, 0, 0, 0, 0, 0, 0, 0, 0, 0, 0, 0, 0, 0, 0, (3, 5e-05, 0.20435555555555557), 0, 0, 0, 0, 0, 0, 0, 0, 0, 0, (2, 0.0, 0.0003888888888888888), 0, 0, 0, (3, 0.0, 0.0004555555555555556), 0, (1, 0.005966666666666668, 0.0008777777777777778), (3, 0.0, 2.2222222222222223e-05), (2, 0.0, 0.01923888888888889), (1, 0.0, 0.0016666666666666668), (1, 0.00011666666666666667, 0.053427777777777775), (1, 0.011416666666666664, 0.047094444444444446), (3, 0.0, 2.2222222222222223e-05), (2, 0.0, 0.002388888888888889), (3, 0.0002, 0.014294444444444445), (2, 0.0, 0.0026888888888888887), (3, 0.0, 0.0005666666666666666), (2, 0.012733333333333334, 0.0036666666666666666), (2, 0.0, 2.2222222222222223e-05)]","[-1, -1, -1, -1, -1, -1, -1, -1, -1, -1, -1, -1, -1, -1, -1, -1, -1, -1, -1, -1, -1, -1, -1, -1, -1, -1, -1, -1, -1, -1, -1, -1, -1, -1, -1, -1, -1, -1, -1, -1, -1, -1, -1, -1, -1, -1, -1, -1, -1, -1, -1, -1, -1, -1, -1, -1, -1, -1, -1, -1, -1, -1, -1, -1, -1, -1, -1, 13, -1, -1, -1, -1, -1, -1, -1, -1, -1, -1, 14, -1, -1, -1, 4, -1, 10, 14, 8, 8, 6, 8, 4, 10, 15, 0, 14, 2, 3]","[False, False, False, False, False, False, False, False, False, False, False, False, False, False, False, False, False, False, False, False, False, False, False, False, False, False, False, False, False, False, False, False, False, False, False, False, False, False, False, False, False, False, False, False, False, False, False, False, False, False, False, False, False, False, False, False, False, False, False, False, False, False, False, False, False, False, False, True, False, False, False, False, False, False, False, False, False, False, True, False, False, False, True, False, True, True, True, True, True, True, True, True, True, True, True, True, True]"
70,"[0, 0, 0, 0, 0, 0, 0, 0, 0, 0, 0, 0, 0, 0, 0, 0, 0, 0, 0, 0, 0, 0, 0, 0, 0, 0, 0, 0, 0, 0, 0, 0, 0, 0, 0, 0, 0, 0, 0, 0, 0, 0, 0, 0, 0, 0, 0, 0, 0, 0, 0, 0, 0, 0, 0, 0, 0, 0, 0, 0, 0, 0, 0, 0, 0, 0, 0, 7242.4329137289415, 0, 0, 0, 0, 0, 0, 0, 0, 0, 0, 836.6624536394801, 0, 0, 0, 1074.0134939902914, 0, 0, 1178.6284482263632, 1038.394979405911, 611.0171134274134, 0, 2070.887975308562, 1191.9840113790701, 534.03988703, 2227.0400194731583, 2248.9012475559352, 1095.1561785219467, 530.8836808606934, 888.1447951553957]","[0, 0, 0, 0, 0, 0, 1, 1, 1, 2, 2, 2, 2, 2, 3, 3, 3, 3, 3, 3, 3, 3, 4, 4, 4, 4, 4, 4, 5, 5, 5, 5, 5, 6, 6, 6, 6, 6, 6, 7, 7, 7, 8, 8, 8, 8, 8, 8, 8, 9, 9, 9, 10, 10, 10, 10, 10, 10, 11, 11, 12, 12, 12, 12, 12, 12, 13, 13, 13, 13, 13, 14, 14, 14, 14, 15, 16, 16, 16, 16, 16, 17, 17, 17, 17, 18, 18, 18, 19, 19, 19, 19, 19, 19, 20, 20, 21]","[1, 1, 1, 1, 1, 3, 3, 2, 2, 3, 3, 7, 3, 3, 4, 4, 5, 8, 8, 9, 10, 12, 13, 13, 15, 19, 20, 22, 23, 24, 24, 25, 25, 33, 26, 26, 27, 28, 28, 29, 30, 31, 33, 33, 34, 35, 36, 37, 37, 38, 38, 38, 39, 41, 40, 41, 41, 41, 42, 44, 44, 44, 45, 46, 51, 47, 47, 48, 49, 50, 51, 51, 53, 53, 54, 55, 55, 57, 57, 58, 61, 60, 61, 61, 63, 63, 64, 64, 65, 64, 65, 66, 66, 68, 68, 69, 69]","[13, 9, 25, 5, 10, 24, 25, 25, 8, 15, 8, 28, 24, 26, 11, 12, 31, 28, 20, 26, 26, 21, 19, 30, 33, 23, 34, 38, 28, 38, 33, 42, 36, 55, 37, 44, 38, 41, 37, 45, 41, 35, 40, 40, 39, 69, 41, 43, 46, 61, 42, 51, 46, 51, 47, 53, 64, 48, 47, 60, 58, 49, 50, 63, 65, 53, 63, -1, 66, 54, 57, 55, 68, 57, 64, 64, 60, 64, -1, 69, 68, 61, -1, 66, -1, -1, -1, -1, -1, -1, -1, -1, -1, -1, -1, -1, -1]","[0, 0, 0, 0, 0, 0, 0, 0, 0, 0, 0, 0, 0, 0, 0, 0, 0, 0, 0, 0, 0, 0, 0, 0, 0, 0, 0, 0, 0, 0, 0, 0, 0, 0, 0, 0, 0, 0, 0, 0, 0, 0, 0, 0, 0, 0, 0, 0, 0, 0, 0, 0, 0, 0, 0, 0, 0, 0, 0, 0, 0, 0, 0, 0, 0, 0, 0, 4029.0, 0, 0, 0, 0, 0, 0, 0, 0, 0, 0, 1142.8467601768834, 0, 0, 0, 1955.5147413056106, 0, 1747.480056485, 1484.8127547637666, 1141.2949566919488, 713.9170907134512, 4029.0, 2173.7879525946, 2073.4852586943894, 2281.519943515, 4029.0, 4029.0, 1401.3404850593502, 4029.0, 4029.0]","[0, 0, 0, 0, 0, 0, 0, 0, 0, 0, 0, 0, 0, 0, 0, 0, 0, 0, 0, 0, 0, 0, 0, 0, 0, 0, 0, 0, 0, 0, 0, 0, 0, 0, 0, 0, 0, 0, 0, 0, 0, 0, 0, 0, 0, 0, 0, 0, 0, 0, 0, 0, 0, 0, 0, 0, 0, 0, 0, 0, 0, 0, 0, 0, 0, 0, 0, (1937.767933333333, 0.2582, 0.7142000000000001), 0, 0, 0, 0, 0, 0, 0, 0, 0, 0, (83.88560000000001, 0.0, 0.001), 0, 0, 0, (243.2694, 1.3356666666666668, 0.18259999999999998), 0, (222.2977333333333, 0.0, 0.0), (27.96146666666667, 11.744666666666664, 11.770666666666664), (450.1881333333334, 0.0015333333333333334, 0.0012), (127.92593333333336, 0.0005333333333333334, 0.0002), (99.0902, 0.043, 0.015133333333333334), (506.11220000000003, 0.7000666666666667, 1.4158), (30.932599999999997, 11.007200000000001, 11.033333333333335), (325.75713333333334, 0.0011333333333333332, 0.0014666666666666665), (234.18133333333338, 0.0016666666666666668, 0.0016), (150.9948, 0.009266666666666668, 0.0106), (170.56820000000002, 0.0033333333333333335, 0.0014), (455.08166666666676, 0.012533333333333334, 0.18906666666666663), (120.93533333333332, 0.045200000000000004, 0.020266666666666665)]","[0, 0, 0, 0, 0, 0, 0, 0, 0, 0, 0, 0, 0, 0, 0, 0, 0, 0, 0, 0, 0, 0, 0, 0, 0, 0, 0, 0, 0, 0, 0, 0, 0, 0, 0, 0, 0, 0, 0, 0, 0, 0, 0, 0, 0, 0, 0, 0, 0, 0, 0, 0, 0, 0, 0, 0, 0, 0, 0, 0, 0, 0, 0, 0, 0, 0, 0, (3, 0.17391666666666664, 0.4805555555555557), 0, 0, 0, 0, 0, 0, 0, 0, 0, 0, (2, 1.666666666666667e-05, 0.0004111111111111111), 0, 0, 0, (3, 0.0, 0.0004166666666666667), 0, (1, 0.0, 0.00019999999999999998), (3, 0.0, 2.2222222222222223e-05), (2, 0.0, 0.0005), (1, 0.0, 0.0015222222222222221), (1, 0.0, 0.05496666666666667), (1, 0.0675, 0.04805), (3, 0.0, 2.2222222222222223e-05), (2, 0.0006666666666666666, 0.0023944444444444447), (3, 0.0006666666666666666, 0.02163888888888889), (2, 0.0, 0.0023555555555555556), (3, 0.0, 0.0008388888888888889), (2, 0.0002833333333333333, 0.0029611111111111123), (2, 0.0, 0.0)]","[-1, -1, -1, -1, -1, -1, -1, -1, -1, -1, -1, -1, -1, -1, -1, -1, -1, -1, -1, -1, -1, -1, -1, -1, -1, -1, -1, -1, -1, -1, -1, -1, -1, -1, -1, -1, -1, -1, -1, -1, -1, -1, -1, -1, -1, -1, -1, -1, -1, -1, -1, -1, -1, -1, -1, -1, -1, -1, -1, -1, -1, -1, -1, -1, -1, -1, -1, 13, -1, -1, -1, -1, -1, -1, -1, -1, -1, -1, 14, -1, -1, -1, 4, -1, 10, 14, 8, 8, 6, 8, 4, 10, 15, 0, 14, 2, 3]","[False, False, False, False, False, False, False, False, False, False, False, False, False, False, False, False, False, False, False, False, False, False, False, False, False, False, False, False, False, False, False, False, False, False, False, False, False, False, False, False, False, False, False, False, False, False, False, False, False, False, False, False, False, False, False, False, False, False, False, False, False, False, False, False, False, False, False, True, False, False, False, False, False, False, False, False, False, False, True, False, False, False, True, False, True, True, True, True, True, True, True, True, True, True, True, True, True]"
71,"[0, 0, 0, 0, 0, 0, 0, 0, 0, 0, 0, 0, 0, 0, 0, 0, 0, 0, 0, 0, 0, 0, 0, 0, 0, 0, 0, 0, 0, 0, 0, 0, 0, 0, 0, 0, 0, 0, 0, 0, 0, 0, 0, 0, 0, 0, 0, 0, 0, 0, 0, 0, 0, 0, 0, 0, 0, 0, 0, 0, 0, 0, 0, 0, 0, 0, 0, 0, 0, 0, 0, 0, 0, 0, 0, 0, 0, 0, 836.6624536394801, 0, 0, 0, 940.5035292677412, 0, 0, 1141.90064955642, 1071.7838854961333, 554.2559608139378, 0, 1964.079999504682, 1198.6617929554236, 522.1723339848888, 1766.2731188925045, 2254.8350239347114, 1105.1728508864767, 0, 851.4170028745334, 599.3113997345512, 80.13338746088]","[0, 0, 0, 0, 0, 0, 1, 1, 1, 2, 2, 2, 2, 2, 3, 3, 3, 3, 3, 3, 3, 3, 4, 4, 4, 4, 4, 4, 5, 5, 5, 5, 5, 6, 6, 6, 6, 6, 6, 7, 7, 7, 8, 8, 8, 8, 8, 8, 8, 9, 9, 9, 10, 10, 10, 10, 10, 10, 11, 11, 12, 12, 12, 12, 12, 12, 13, 13, 13, 13, 13, 14, 14, 14, 14, 15, 16, 16, 16, 16, 16, 17, 17, 17, 17, 18, 18, 18, 19, 19, 19, 19, 19, 19, 20, 20, 21, 21, 21]","[1, 1, 1, 1, 1, 3, 3, 2, 2, 3, 3, 7, 3, 3, 4, 4, 5, 8, 8, 9, 10, 12, 13, 13, 15, 19, 20, 22, 23, 24, 24, 25, 25, 33, 26, 26, 27, 28, 28, 29, 30, 31, 33, 33, 34, 35, 36, 37, 37, 38, 38, 38, 39, 41, 40, 41, 41, 41, 42, 44, 44, 44, 45, 46, 51, 47, 47, 48, 49, 50, 51, 51, 53, 53, 54, 55, 55, 57, 57, 58, 61, 60, 61, 61, 63, 63, 64, 64, 65, 64, 65, 66, 66, 68, 68, 69, 69, 71, 71]","[13, 9, 25, 5, 10, 24, 25, 25, 8, 15, 8, 28, 24, 26, 11, 12, 31, 28, 20, 26, 26, 21, 19, 30, 33, 23, 34, 38, 28, 38, 33, 42, 36, 55, 37, 44, 38, 41, 37, 45, 41, 35, 40, 40, 39, 69, 41, 43, 46, 61, 42, 51, 46, 51, 47, 53, 64, 48, 47, 60, 58, 49, 50, 63, 65, 53, 63, -1, 66, 54, 57, 55, 68, 57, 64, 64, 60, 64, -1, 69, 68, 61, -1, 66, 71, -1, -1, -1, 71, -1, -1, -1, -1, -1, -1, -1, -1, -1, -1]","[0, 0, 0, 0, 0, 0, 0, 0, 0, 0, 0, 0, 0, 0, 0, 0, 0, 0, 0, 0, 0, 0, 0, 0, 0, 0, 0, 0, 0, 0, 0, 0, 0, 0, 0, 0, 0, 0, 0, 0, 0, 0, 0, 0, 0, 0, 0, 0, 0, 0, 0, 0, 0, 0, 0, 0, 0, 0, 0, 0, 0, 0, 0, 0, 0, 0, 0, 4029.0, 0, 0, 0, 0, 0, 0, 0, 0, 0, 0, 1151.7504689453544, 0, 0, 0, 1885.4208681561588, 0, 0, 1456.9886648622944, 1218.077270224549, 700.5493455423535, 0, 2110.3733842330976, 2143.5791318438414, 2235.5194732620043, 2597.9808595789764, 4029.0, 1420.2608661923512, 4029.0, 4029.0, 1431.0191404210232, 1793.4805267379954]","[0, 0, 0, 0, 0, 0, 0, 0, 0, 0, 0, 0, 0, 0, 0, 0, 0, 0, 0, 0, 0, 0, 0, 0, 0, 0, 0, 0, 0, 0, 0, 0, 0, 0, 0, 0, 0, 0, 0, 0, 0, 0, 0, 0, 0, 0, 0, 0, 0, 0, 0, 0, 0, 0, 0, 0, 0, 0, 0, 0, 0, 0, 0, 0, 0, 0, 0, (2088.762666666667, 0.21493333333333337, 0.8076), 0, 0, 0, 0, 0, 0, 0, 0, 0, 0, (83.88560000000001, 6.666666666666668e-05, 0.0016), 0, 0, 0, (178.2574, 0.7554, 0.0208), 0, 0, (28.00533333333333, 10.849266666666667, 10.8736), (471.1595333333333, 0.0023333333333333335, 0.0020666666666666667), (79.69133333333332, 0.0007333333333333332, 0.0002666666666666667), 0, (713.031, 0.7426, 1.2830666666666666), (29.2284, 11.277066666666668, 11.304066666666667), (304.78553333333326, 0.0011333333333333332, 0.0014666666666666665), (242.57, 0.0003333333333333333, 0.0004), (184.5492, 0.009333333333333334, 0.0108), (128.6252, 0.0032, 0.0014), (471.15966666666674, 0.013066666666666664, 0.18946666666666667), (120.23626666666664, 0.034466666666666666, 0.0114), (0.0, 0.004733333333333333, 0.00013333333333333334), (75.84646666666666, 0.0, 0.0)]","[0, 0, 0, 0, 0, 0, 0, 0, 0, 0, 0, 0, 0, 0, 0, 0, 0, 0, 0, 0, 0, 0, 0, 0, 0, 0, 0, 0, 0, 0, 0, 0, 0, 0, 0, 0, 0, 0, 0, 0, 0, 0, 0, 0, 0, 0, 0, 0, 0, 0, 0, 0, 0, 0, 0, 0, 0, 0, 0, 0, 0, 0, 0, 0, 0, 0, 0, (3, 6.666666666666667e-05, 0.18205555555555555), 0, 0, 0, 0, 0, 0, 0, 0, 0, 0, (2, 0.0, 0.0005611111111111111), 0, 0, 0, (3, 0.0, 0.0004444444444444444), 0, 0, (3, 0.0, 1.6666666666666667e-05), (2, 0.0, 0.0004777777777777777), (1, 0.0, 0.0016666666666666668), 0, (1, 0.0019333333333333331, 0.002327777777777778), (3, 0.0, 2.2222222222222223e-05), (2, 6.666666666666667e-05, 0.0023833333333333337), (3, 6.666666666666667e-05, 0.009744444444444444), (2, 0.0, 0.002338888888888889), (3, 0.0, 0.0005555555555555557), (2, 0.00035, 0.0039833333333333335), (2, 0.0, 2.2222222222222223e-05), (3, 0.0, 0.0014222222222222223), (2, 0.00015, 0.0002722222222222222)]","[-1, -1, -1, -1, -1, -1, -1, -1, -1, -1, -1, -1, -1, -1, -1, -1, -1, -1, -1, -1, -1, -1, -1, -1, -1, -1, -1, -1, -1, -1, -1, -1, -1, -1, -1, -1, -1, -1, -1, -1, -1, -1, -1, -1, -1, -1, -1, -1, -1, -1, -1, -1, -1, -1, -1, -1, -1, -1, -1, -1, -1, -1, -1, -1, -1, -1, -1, 13, -1, -1, -1, -1, -1, -1, -1, -1, -1, -1, 14, -1, -1, -1, 4, -1, -1, 14, 8, 8, -1, 8, 4, 10, 15, 0, 14, 2, 3, 15, 10]","[False, False, False, False, False, False, False, False, False, False, False, False, False, False, False, False, False, False, False, False, False, False, False, False, False, False, False, False, False, False, False, False, False, False, False, False, False, False, False, False, False, False, False, False, False, False, False, False, False, False, False, False, False, False, False, False, False, False, False, False, False, False, False, False, False, False, False, True, False, False, False, False, False, False, False, False, False, False, True, False, False, False, True, False, False, True, True, True, False, True, True, True, True, True, True, True, True, True, True]"
72,"[0, 0, 0, 0, 0, 0, 0, 0, 0, 0, 0, 0, 0, 0, 0, 0, 0, 0, 0, 0, 0, 0, 0, 0, 0, 0, 0, 0, 0, 0, 0, 0, 0, 0, 0, 0, 0, 0, 0, 0, 0, 0, 0, 0, 0, 0, 0, 0, 0, 0, 0, 0, 0, 0, 0, 0, 0, 0, 0, 0, 0, 0, 0, 0, 0, 0, 0, 0, 0, 0, 0, 0, 0, 0, 0, 0, 0, 0, 0, 0, 0, 0, 1468.6096119480499, 0, 0, 1148.5784311327734, 1098.4950103683113, 597.6615481065954, 0, 2079.788639958885, 1178.6284482263632, 531.0729987687222, 1993.317678598913, 2248.9012475559352, 1078.4617245810634, 0, 834.7225518377779, 620.0796165570354, 0, 1646.6233023008167, 0]","[0, 0, 0, 0, 0, 0, 1, 1, 1, 2, 2, 2, 2, 2, 3, 3, 3, 3, 3, 3, 3, 3, 4, 4, 4, 4, 4, 4, 5, 5, 5, 5, 5, 6, 6, 6, 6, 6, 6, 7, 7, 7, 8, 8, 8, 8, 8, 8, 8, 9, 9, 9, 10, 10, 10, 10, 10, 10, 11, 11, 12, 12, 12, 12, 12, 12, 13, 13, 13, 13, 13, 14, 14, 14, 14, 15, 16, 16, 16, 16, 16, 17, 17, 17, 17, 18, 18, 18, 19, 19, 19, 19, 19, 19, 20, 20, 21, 21, 21, 21, 21]","[1, 1, 1, 1, 1, 3, 3, 2, 2, 3, 3, 7, 3, 3, 4, 4, 5, 8, 8, 9, 10, 12, 13, 13, 15, 19, 20, 22, 23, 24, 24, 25, 25, 33, 26, 26, 27, 28, 28, 29, 30, 31, 33, 33, 34, 35, 36, 37, 37, 38, 38, 38, 39, 41, 40, 41, 41, 41, 42, 44, 44, 44, 45, 46, 51, 47, 47, 48, 49, 50, 51, 51, 53, 53, 54, 55, 55, 57, 57, 58, 61, 60, 61, 61, 63, 63, 64, 64, 65, 64, 65, 66, 66, 68, 68, 69, 69, 71, 71, 72, 72]","[13, 9, 25, 5, 10, 24, 25, 25, 8, 15, 8, 28, 24, 26, 11, 12, 31, 28, 20, 26, 26, 21, 19, 30, 33, 23, 34, 38, 28, 38, 33, 42, 36, 55, 37, 44, 38, 41, 37, 45, 41, 35, 40, 40, 39, 69, 41, 43, 46, 61, 42, 51, 46, 51, 47, 53, 64, 48, 47, 60, 58, 49, 50, 63, 65, 53, 63, 72, 66, 54, 57, 55, 68, 57, 64, 64, 60, 64, -1, 69, 68, 61, -1, 66, 71, -1, -1, -1, 71, -1, -1, -1, -1, -1, -1, 72, -1, -1, -1, -1, -1]","[0, 0, 0, 0, 0, 0, 0, 0, 0, 0, 0, 0, 0, 0, 0, 0, 0, 0, 0, 0, 0, 0, 0, 0, 0, 0, 0, 0, 0, 0, 0, 0, 0, 0, 0, 0, 0, 0, 0, 0, 0, 0, 0, 0, 0, 0, 0, 0, 0, 0, 0, 0, 0, 0, 0, 0, 0, 0, 0, 0, 0, 0, 0, 0, 0, 0, 0, 0, 0, 0, 0, 0, 0, 0, 0, 0, 0, 0, 600.6532814287211, 0, 0, 0, 2159.490581860843, 0, 0, 1749.2317125614945, 1182.8466108903806, 682.0131486286648, 0, 2164.1402404809546, 1869.5094181391567, 2280.036499384361, 2701.1190310209386, 4029.0, 1679.1150060097846, 0, 4029.0, 1327.880968979061, 1748.9635006156388, 4029.0, 4029.0]","[0, 0, 0, 0, 0, 0, 0, 0, 0, 0, 0, 0, 0, 0, 0, 0, 0, 0, 0, 0, 0, 0, 0, 0, 0, 0, 0, 0, 0, 0, 0, 0, 0, 0, 0, 0, 0, 0, 0, 0, 0, 0, 0, 0, 0, 0, 0, 0, 0, 0, 0, 0, 0, 0, 0, 0, 0, 0, 0, 0, 0, 0, 0, 0, 0, 0, 0, 0, 0, 0, 0, 0, 0, 0, 0, 0, 0, 0, (75.49719999999999, 0.0, 0.001), 0, 0, 0, (344.63140000000004, 3.1724, 0.019733333333333335), 0, 0, (29.18493333333334, 11.238933333333332, 11.264533333333333), (452.98440000000005, 0.0015333333333333334, 0.0012), (121.6344, 0.0005333333333333334, 0.0002), 0, (458.5768, 0.723, 1.306), (27.96146666666667, 11.744666666666664, 11.770666666666664), (258.64813333333325, 0.0011333333333333332, 0.0015333333333333334), (231.3854, 0.0005333333333333334, 0.0008), (218.1036, 0.009266666666666668, 0.010533333333333334), (134.2176, 0.0033333333333333335, 0.0014), 0, (130.722, 0.026466666666666666, 0.011066666666666664), (0.0, 0.004666666666666667, 6.666666666666668e-05), (71.827, 0.0, 0.0), (125.829, 0.9397333333333332, 0.7602666666666668), (75.84646666666666, 0.0, 0.0)]","[0, 0, 0, 0, 0, 0, 0, 0, 0, 0, 0, 0, 0, 0, 0, 0, 0, 0, 0, 0, 0, 0, 0, 0, 0, 0, 0, 0, 0, 0, 0, 0, 0, 0, 0, 0, 0, 0, 0, 0, 0, 0, 0, 0, 0, 0, 0, 0, 0, 0, 0, 0, 0, 0, 0, 0, 0, 0, 0, 0, 0, 0, 0, 0, 0, 0, 0, 0, 0, 0, 0, 0, 0, 0, 0, 0, 0, 0, (2, 1.666666666666667e-05, 0.00043333333333333337), 0, 0, 0, (3, 0.0, 0.0002722222222222222), 0, 0, (3, 0.0, 4.4444444444444447e-05), (2, 0.0, 0.0005055555555555555), (1, 0.0, 0.0015611111111111112), 0, (1, 0.059366666666666665, 0.06801666666666667), (3, 0.0, 2.2222222222222223e-05), (2, 0.0010333333333333334, 0.0024222222222222223), (3, 6.666666666666667e-05, 0.011649999999999999), (2, 0.0, 0.0022555555555555554), (3, 0.0, 0.0007111111111111111), 0, (2, 0.0, 4.4444444444444447e-05), (3, 0.0, 0.001661111111111111), (2, 0.09475, 0.017716666666666665), (2, 0.0, 0.009888888888888888), (2, 0.00015, 0.0002722222222222222)]","[-1, -1, -1, -1, -1, -1, -1, -1, -1, -1, -1, -1, -1, -1, -1, -1, -1, -1, -1, -1, -1, -1, -1, -1, -1, -1, -1, -1, -1, -1, -1, -1, -1, -1, -1, -1, -1, -1, -1, -1, -1, -1, -1, -1, -1, -1, -1, -1, -1, -1, -1, -1, -1, -1, -1, -1, -1, -1, -1, -1, -1, -1, -1, -1, -1, -1, -1, -1, -1, -1, -1, -1, -1, -1, -1, -1, -1, -1, 14, -1, -1, -1, 4, -1, -1, 14, 8, 8, -1, 8, 4, 10, 15, 0, 14, -1, 3, 15, 10, 11, 9]","[False, False, False, False, False, False, False, False, False, False, False, False, False, False, False, False, False, False, False, False, False, False, False, False, False, False, False, False, False, False, False, False, False, False, False, False, False, False, False, False, False, False, False, False, False, False, False, False, False, False, False, False, False, False, False, False, False, False, False, False, False, False, False, False, False, False, False, False, False, False, False, False, False, False, False, False, False, False, True, False, False, False, True, False, False, True, True, True, False, True, True, True, True, True, True, False, True, True, True, True, True]"
73,"[0, 0, 0, 0, 0, 0, 0, 0, 0, 0, 0, 0, 0, 0, 0, 0, 0, 0, 0, 0, 0, 0, 0, 0, 0, 0, 0, 0, 0, 0, 0, 0, 0, 0, 0, 0, 0, 0, 0, 0, 0, 0, 0, 0, 0, 0, 0, 0, 0, 0, 0, 0, 0, 0, 0, 0, 0, 0, 0, 0, 0, 0, 0, 0, 0, 0, 0, 0, 0, 0, 0, 0, 0, 0, 0, 0, 0, 0, 0, 0, 0, 0, 913.8015363232312, 0, 0, 1181.9673390145404, 1041.7338700149332, 560.9337434743467, 0, 2871.947793837662, 1141.90064955642, 0, 1889.8120704974624, 2201.431036525731, 1058.4283798520034, 0, 0, 578.5431829120669, 0, 1622.8881916370212, 0, 1235.3895160495777, 501.40426599866777, 501.40426599866777]","[0, 0, 0, 0, 0, 0, 1, 1, 1, 2, 2, 2, 2, 2, 3, 3, 3, 3, 3, 3, 3, 3, 4, 4, 4, 4, 4, 4, 5, 5, 5, 5, 5, 6, 6, 6, 6, 6, 6, 7, 7, 7, 8, 8, 8, 8, 8, 8, 8, 9, 9, 9, 10, 10, 10, 10, 10, 10, 11, 11, 12, 12, 12, 12, 12, 12, 13, 13, 13, 13, 13, 14, 14, 14, 14, 15, 16, 16, 16, 16, 16, 17, 17, 17, 17, 18, 18, 18, 19, 19, 19, 19, 19, 19, 20, 20, 21, 21, 21, 21, 21, 22, 22, 22]","[1, 1, 1, 1, 1, 3, 3, 2, 2, 3, 3, 7, 3, 3, 4, 4, 5, 8, 8, 9, 10, 12, 13, 13, 15, 19, 20, 22, 23, 24, 24, 25, 25, 33, 26, 26, 27, 28, 28, 29, 30, 31, 33, 33, 34, 35, 36, 37, 37, 38, 38, 38, 39, 41, 40, 41, 41, 41, 42, 44, 44, 44, 45, 46, 51, 47, 47, 48, 49, 50, 51, 51, 53, 53, 54, 55, 55, 57, 57, 58, 61, 60, 61, 61, 63, 63, 64, 64, 65, 64, 65, 66, 66, 68, 68, 69, 69, 71, 71, 72, 72, 73, 73, 73]","[13, 9, 25, 5, 10, 24, 25, 25, 8, 15, 8, 28, 24, 26, 11, 12, 31, 28, 20, 26, 26, 21, 19, 30, 33, 23, 34, 38, 28, 38, 33, 42, 36, 55, 37, 44, 38, 41, 37, 45, 41, 35, 40, 40, 39, 69, 41, 43, 46, 61, 42, 51, 46, 51, 47, 53, 64, 48, 47, 60, 58, 49, 50, 63, 65, 53, 63, 72, 66, 54, 57, 55, 68, 57, 64, 64, 60, 64, 73, 69, 68, 61, -1, 66, 71, -1, -1, -1, 71, -1, -1, -1, -1, -1, -1, 72, -1, -1, 73, -1, 73, -1, -1, -1]","[0, 0, 0, 0, 0, 0, 0, 0, 0, 0, 0, 0, 0, 0, 0, 0, 0, 0, 0, 0, 0, 0, 0, 0, 0, 0, 0, 0, 0, 0, 0, 0, 0, 0, 0, 0, 0, 0, 0, 0, 0, 0, 0, 0, 0, 0, 0, 0, 0, 0, 0, 0, 0, 0, 0, 0, 0, 0, 0, 0, 0, 0, 0, 0, 0, 0, 0, 0, 0, 0, 0, 0, 0, 0, 0, 0, 0, 0, 0, 0, 0, 0, 1900.4504433834056, 0, 0, 1366.3722607091665, 893.1954009059524, 412.3952743653658, 0, 2723.4093247286814, 2128.5495566165946, 4029.0, 2670.1344437926978, 4029.0, 1242.8333015466296, 0, 4029.0, 1358.8655562073022, 0, 2575.2419628191765, 0, 1419.7944377442038, 1453.7580371808233, 4029.0]","[0, 0, 0, 0, 0, 0, 0, 0, 0, 0, 0, 0, 0, 0, 0, 0, 0, 0, 0, 0, 0, 0, 0, 0, 0, 0, 0, 0, 0, 0, 0, 0, 0, 0, 0, 0, 0, 0, 0, 0, 0, 0, 0, 0, 0, 0, 0, 0, 0, 0, 0, 0, 0, 0, 0, 0, 0, 0, 0, 0, 0, 0, 0, 0, 0, 0, 0, 0, 0, 0, 0, 0, 0, 0, 0, 0, 0, 0, 0, 0, 0, 0, (369.0984, 0.713, 0.022), 0, 0, (29.79646666666667, 11.306333333333336, 11.331333333333335), (473.9558, 0.0015333333333333334, 0.0011333333333333332), (127.9256, 0.0007333333333333332, 0.0002666666666666667), 0, (824.879, 0.7441333333333333, 1.3625333333333334), (28.00533333333333, 10.849266666666667, 10.8736), (289.4064, 0.0012, 0.0015333333333333334), (253.7549333333333, 0.0006666666666666666, 0.0008), (268.4352, 0.009333333333333334, 0.0108), (268.4352, 0.0032666666666666664, 0.0013333333333333333), 0, (164.2764, 0.008733333333333333, 0.0061333333333333335), (0.0, 0.004533333333333333, 0.0), 0, (139.81, 0.972, 0.7780666666666667), 0, (267.736, 0.28726666666666667, 0.0504), (0.0, 0.0048, 6.666666666666668e-05), (0.0, 0.0048, 6.666666666666668e-05)]","[0, 0, 0, 0, 0, 0, 0, 0, 0, 0, 0, 0, 0, 0, 0, 0, 0, 0, 0, 0, 0, 0, 0, 0, 0, 0, 0, 0, 0, 0, 0, 0, 0, 0, 0, 0, 0, 0, 0, 0, 0, 0, 0, 0, 0, 0, 0, 0, 0, 0, 0, 0, 0, 0, 0, 0, 0, 0, 0, 0, 0, 0, 0, 0, 0, 0, 0, 0, 0, 0, 0, 0, 0, 0, 0, 0, 0, 0, 0, 0, 0, 0, (3, 0.0, 0.0003888888888888889), 0, 0, (3, 0.0, 1.6666666666666667e-05), (2, 0.0, 0.0005111111111111112), (1, 0.0, 0.0017055555555555554), 0, (1, 1.0255833333333333, 0.54465), (3, 0.0, 1.6666666666666667e-05), (2, 0.00013333333333333334, 0.0024055555555555557), (3, 0.00018333333333333334, 0.015666666666666666), (2, 0.0, 0.0022944444444444444), (3, 0.0, 0.00065), 0, (2, 0.0, 8.88888888888889e-05), (3, 0.0, 0.0012944444444444446), 0, (2, 0.0, 0.011461111111111111), 0, (1, 0.0, 0.0011611111111111112), (2, 0.0, 0.0013222222222222222), (2, 0.0, 0.0013222222222222222)]","[-1, -1, -1, -1, -1, -1, -1, -1, -1, -1, -1, -1, -1, -1, -1, -1, -1, -1, -1, -1, -1, -1, -1, -1, -1, -1, -1, -1, -1, -1, -1, -1, -1, -1, -1, -1, -1, -1, -1, -1, -1, -1, -1, -1, -1, -1, -1, -1, -1, -1, -1, -1, -1, -1, -1, -1, -1, -1, -1, -1, -1, -1, -1, -1, -1, -1, -1, -1, -1, -1, -1, -1, -1, -1, -1, -1, -1, -1, -1, -1, -1, -1, 4, -1, -1, 14, 8, 8, -1, 8, 4, 10, 15, 0, 14, -1, 3, 15, -1, 11, -1, 14, 11, 9]","[False, False, False, False, False, False, False, False, False, False, False, False, False, False, False, False, False, False, False, False, False, False, False, False, False, False, False, False, False, False, False, False, False, False, False, False, False, False, False, False, False, False, False, False, False, False, False, False, False, False, False, False, False, False, False, False, False, False, False, False, False, False, False, False, False, False, False, False, False, False, False, False, False, False, False, False, False, False, False, False, False, False, True, False, False, True, True, True, False, True, True, True, True, True, True, False, True, True, False, True, False, True, True, True]"
74,"[0, 0, 0, 0, 0, 0, 0, 0, 0, 0, 0, 0, 0, 0, 0, 0, 0, 0, 0, 0, 0, 0, 0, 0, 0, 0, 0, 0, 0, 0, 0, 0, 0, 0, 0, 0, 0, 0, 0, 0, 0, 0, 0, 0, 0, 0, 0, 0, 0, 0, 0, 0, 0, 0, 0, 0, 0, 0, 0, 0, 0, 0, 0, 0, 0, 0, 0, 0, 0, 0, 0, 0, 0, 0, 0, 0, 0, 0, 0, 0, 0, 0, 1433.0069546887032, 0, 0, 0, 1045.0727606239554, 597.6615481065954, 0, 1993.7488816724258, 1148.5784311327734, 0, 2103.5010678682, 2248.9012475559352, 1075.1228337928867, 0, 0, 581.5100710295644, 0, 1578.3848591424044, 0, 1235.3895160495777, 498.43737685074666, 498.43737685074666, 3464.41286996805]","[0, 0, 0, 0, 0, 0, 1, 1, 1, 2, 2, 2, 2, 2, 3, 3, 3, 3, 3, 3, 3, 3, 4, 4, 4, 4, 4, 4, 5, 5, 5, 5, 5, 6, 6, 6, 6, 6, 6, 7, 7, 7, 8, 8, 8, 8, 8, 8, 8, 9, 9, 9, 10, 10, 10, 10, 10, 10, 11, 11, 12, 12, 12, 12, 12, 12, 13, 13, 13, 13, 13, 14, 14, 14, 14, 15, 16, 16, 16, 16, 16, 17, 17, 17, 17, 18, 18, 18, 19, 19, 19, 19, 19, 19, 20, 20, 21, 21, 21, 21, 21, 22, 22, 22, 22]","[1, 1, 1, 1, 1, 3, 3, 2, 2, 3, 3, 7, 3, 3, 4, 4, 5, 8, 8, 9, 10, 12, 13, 13, 15, 19, 20, 22, 23, 24, 24, 25, 25, 33, 26, 26, 27, 28, 28, 29, 30, 31, 33, 33, 34, 35, 36, 37, 37, 38, 38, 38, 39, 41, 40, 41, 41, 41, 42, 44, 44, 44, 45, 46, 51, 47, 47, 48, 49, 50, 51, 51, 53, 53, 54, 55, 55, 57, 57, 58, 61, 60, 61, 61, 63, 63, 64, 64, 65, 64, 65, 66, 66, 68, 68, 69, 69, 71, 71, 72, 72, 73, 73, 73, 74]","[13, 9, 25, 5, 10, 24, 25, 25, 8, 15, 8, 28, 24, 26, 11, 12, 31, 28, 20, 26, 26, 21, 19, 30, 33, 23, 34, 38, 28, 38, 33, 42, 36, 55, 37, 44, 38, 41, 37, 45, 41, 35, 40, 40, 39, 69, 41, 43, 46, 61, 42, 51, 46, 51, 47, 53, 64, 48, 47, 60, 58, 49, 50, 63, 65, 53, 63, 72, 66, 54, 57, 55, 68, 57, 64, 64, 60, 64, 73, 69, 68, 61, -1, 66, 71, -1, -1, -1, 71, -1, -1, 74, -1, -1, -1, 72, 74, -1, 73, -1, 73, -1, -1, -1, -1]","[0, 0, 0, 0, 0, 0, 0, 0, 0, 0, 0, 0, 0, 0, 0, 0, 0, 0, 0, 0, 0, 0, 0, 0, 0, 0, 0, 0, 0, 0, 0, 0, 0, 0, 0, 0, 0, 0, 0, 0, 0, 0, 0, 0, 0, 0, 0, 0, 0, 0, 0, 0, 0, 0, 0, 0, 0, 0, 0, 0, 0, 0, 0, 0, 0, 0, 0, 0, 0, 0, 0, 0, 0, 0, 0, 0, 0, 0, 0, 0, 0, 0, 2156.7142617779646, 0, 0, 572.8292167191785, 1175.9116971562967, 728.5004846389365, 0, 2124.587818204767, 1872.285738222035, 0, 2775.4954984193178, 4029.0, 1647.9520505120652, 0, 0, 1253.504501580682, 0, 4029.0, 0, 1808.2187327687561, 4029.0, 4029.0, 4029.0]","[0, 0, 0, 0, 0, 0, 0, 0, 0, 0, 0, 0, 0, 0, 0, 0, 0, 0, 0, 0, 0, 0, 0, 0, 0, 0, 0, 0, 0, 0, 0, 0, 0, 0, 0, 0, 0, 0, 0, 0, 0, 0, 0, 0, 0, 0, 0, 0, 0, 0, 0, 0, 0, 0, 0, 0, 0, 0, 0, 0, 0, 0, 0, 0, 0, 0, 0, 0, 0, 0, 0, 0, 0, 0, 0, 0, 0, 0, 0, 0, 0, 0, (216.70520000000002, 2.985266666666667, 0.017533333333333335), 0, 0, (29.66546666666667, 11.591533333333333, 11.616), (503.316, 0.0016, 0.0013333333333333333), (123.7314, 0.0005333333333333334, 0.0002), 0, (721.4196, 0.7326, 1.4462000000000002), (29.18493333333334, 11.238933333333332, 11.264533333333333), 0, (244.66713333333328, 0.0014666666666666665, 0.0012), (33.5544, 0.009266666666666668, 0.010666666666666666), (248.8618, 0.0033333333333333335, 0.0014), 0, 0, (0.0, 0.004733333333333333, 0.0), 0, (184.5492, 0.9548666666666666, 0.7652666666666668), 0, (279.6198, 0.2951333333333333, 0.05206666666666667), (145.4024, 0.004733333333333333, 6.666666666666668e-05), (145.4024, 0.004733333333333333, 6.666666666666668e-05), (168.47066666666663, 0.27493333333333336, 0.023333333333333327)]","[0, 0, 0, 0, 0, 0, 0, 0, 0, 0, 0, 0, 0, 0, 0, 0, 0, 0, 0, 0, 0, 0, 0, 0, 0, 0, 0, 0, 0, 0, 0, 0, 0, 0, 0, 0, 0, 0, 0, 0, 0, 0, 0, 0, 0, 0, 0, 0, 0, 0, 0, 0, 0, 0, 0, 0, 0, 0, 0, 0, 0, 0, 0, 0, 0, 0, 0, 0, 0, 0, 0, 0, 0, 0, 0, 0, 0, 0, 0, 0, 0, 0, (3, 0.0, 0.0003111111111111111), 0, 0, (3, 0.0, 2.2222222222222223e-05), (2, 0.0, 0.0005055555555555555), (1, 0.0, 0.0016055555555555554), 0, (1, 0.0, 0.0003444444444444444), (3, 0.0, 4.4444444444444447e-05), 0, (3, 0.00015, 0.019816666666666666), (2, 0.0, 0.0023555555555555556), (3, 0.0, 0.0008222222222222222), 0, 0, (3, 0.0, 0.0012333333333333335), 0, (2, 1.666666666666667e-05, 0.010605555555555557), 0, (1, 0.0, 0.0009000000000000001), (2, 0.0, 0.0012666666666666666), (2, 0.0, 0.0012666666666666666), (3, 0.2927833333333333, 0.026605555555555556)]","[-1, -1, -1, -1, -1, -1, -1, -1, -1, -1, -1, -1, -1, -1, -1, -1, -1, -1, -1, -1, -1, -1, -1, -1, -1, -1, -1, -1, -1, -1, -1, -1, -1, -1, -1, -1, -1, -1, -1, -1, -1, -1, -1, -1, -1, -1, -1, -1, -1, -1, -1, -1, -1, -1, -1, -1, -1, -1, -1, -1, -1, -1, -1, -1, -1, -1, -1, -1, -1, -1, -1, -1, -1, -1, -1, -1, -1, -1, -1, -1, -1, -1, 4, -1, -1, 14, 8, 8, -1, 8, 4, -1, 15, 0, 14, -1, -1, 15, -1, 11, -1, 14, 7, 9, 10]","[False, False, False, False, False, False, False, False, False, False, False, False, False, False, False, False, False, False, False, False, False, False, False, False, False, False, False, False, False, False, False, False, False, False, False, False, False, False, False, False, False, False, False, False, False, False, False, False, False, False, False, False, False, False, False, False, False, False, False, False, False, False, False, False, False, False, False, False, False, False, False, False, False, False, False, False, False, False, False, False, False, False, True, False, False, True, True, True, False, True, True, False, True, True, True, False, False, True, False, True, False, True, True, True, True]"
75,"[0, 0, 0, 0, 0, 0, 0, 0, 0, 0, 0, 0, 0, 0, 0, 0, 0, 0, 0, 0, 0, 0, 0, 0, 0, 0, 0, 0, 0, 0, 0, 0, 0, 0, 0, 0, 0, 0, 0, 0, 0, 0, 0, 0, 0, 0, 0, 0, 0, 0, 0, 0, 0, 0, 0, 0, 0, 0, 0, 0, 0, 0, 0, 0, 0, 0, 0, 0, 0, 0, 0, 0, 0, 0, 0, 0, 0, 0, 0, 0, 0, 0, 1041.37772483589, 0, 0, 0, 1045.0727606239554, 554.2559608139378, 0, 2118.3581867769535, 1181.9673390145404, 0, 2073.45105261294, 5046.6768101486105, 1061.76727064018, 0, 0, 578.5431829120669, 0, 1622.8881916370212, 0, 1128.5450173642087, 498.43737685074666, 0, 1364.7688631682443, 4442.116739200141, 517.5280212281833]","[0, 0, 0, 0, 0, 0, 1, 1, 1, 2, 2, 2, 2, 2, 3, 3, 3, 3, 3, 3, 3, 3, 4, 4, 4, 4, 4, 4, 5, 5, 5, 5, 5, 6, 6, 6, 6, 6, 6, 7, 7, 7, 8, 8, 8, 8, 8, 8, 8, 9, 9, 9, 10, 10, 10, 10, 10, 10, 11, 11, 12, 12, 12, 12, 12, 12, 13, 13, 13, 13, 13, 14, 14, 14, 14, 15, 16, 16, 16, 16, 16, 17, 17, 17, 17, 18, 18, 18, 19, 19, 19, 19, 19, 19, 20, 20, 21, 21, 21, 21, 21, 22, 22, 22, 22, 22, 22]","[1, 1, 1, 1, 1, 3, 3, 2, 2, 3, 3, 7, 3, 3, 4, 4, 5, 8, 8, 9, 10, 12, 13, 13, 15, 19, 20, 22, 23, 24, 24, 25, 25, 33, 26, 26, 27, 28, 28, 29, 30, 31, 33, 33, 34, 35, 36, 37, 37, 38, 38, 38, 39, 41, 40, 41, 41, 41, 42, 44, 44, 44, 45, 46, 51, 47, 47, 48, 49, 50, 51, 51, 53, 53, 54, 55, 55, 57, 57, 58, 61, 60, 61, 61, 63, 63, 64, 64, 65, 64, 65, 66, 66, 68, 68, 69, 69, 71, 71, 72, 72, 73, 73, 73, 75, 74, 75]","[13, 9, 25, 5, 10, 24, 25, 25, 8, 15, 8, 28, 24, 26, 11, 12, 31, 28, 20, 26, 26, 21, 19, 30, 33, 23, 34, 38, 28, 38, 33, 42, 36, 55, 37, 44, 38, 41, 37, 45, 41, 35, 40, 40, 39, 69, 41, 43, 46, 61, 42, 51, 46, 51, 47, 53, 64, 48, 47, 60, 58, 49, 50, 63, 65, 53, 63, 72, 66, 54, 57, 55, 68, 57, 64, 64, 60, 64, 73, 69, 68, 61, -1, 66, 71, 75, -1, -1, 71, -1, -1, 74, -1, -1, -1, 72, 74, -1, 73, -1, 73, -1, -1, -1, -1, -1, -1]","[0, 0, 0, 0, 0, 0, 0, 0, 0, 0, 0, 0, 0, 0, 0, 0, 0, 0, 0, 0, 0, 0, 0, 0, 0, 0, 0, 0, 0, 0, 0, 0, 0, 0, 0, 0, 0, 0, 0, 0, 0, 0, 0, 0, 0, 0, 0, 0, 0, 0, 0, 0, 0, 0, 0, 0, 0, 0, 0, 0, 0, 0, 0, 0, 0, 0, 0, 0, 0, 0, 0, 0, 0, 0, 0, 0, 0, 0, 0, 0, 0, 0, 1944.205192910675, 0, 0, 0, 1148.8437912190066, 658.0269914089888, 0, 2222.1292173720044, 2084.7948070893253, 0, 2761.953934850437, 4029.0, 1981.1111266379858, 0, 0, 1267.0460651495634, 0, 4029.0, 0, 2047.8888733620145, 4029.0, 4029.0, 4029.0, 4029.0, 4029.0]","[0, 0, 0, 0, 0, 0, 0, 0, 0, 0, 0, 0, 0, 0, 0, 0, 0, 0, 0, 0, 0, 0, 0, 0, 0, 0, 0, 0, 0, 0, 0, 0, 0, 0, 0, 0, 0, 0, 0, 0, 0, 0, 0, 0, 0, 0, 0, 0, 0, 0, 0, 0, 0, 0, 0, 0, 0, 0, 0, 0, 0, 0, 0, 0, 0, 0, 0, 0, 0, 0, 0, 0, 0, 0, 0, 0, 0, 0, 0, 0, 0, 0, (404.7498, 1.2064000000000001, 0.013733333333333332), 0, 0, 0, (462.77086666666656, 0.0012, 0.0011333333333333332), (111.14853333333335, 0.0007333333333333332, 0.0002666666666666667), 0, (626.3488000000001, 0.7791333333333333, 1.1652666666666667), (29.79646666666667, 11.306333333333336, 11.331333333333335), 0, (254.4540666666667, 0.0026, 0.0088), (369.0984, 0.018533333333333336, 0.025066666666666668), (139.81, 0.0034, 0.0014), 0, 0, (0.0, 0.004733333333333333, 6.666666666666668e-05), 0, (131.4214, 0.9578666666666666, 0.7716000000000001), 0, (271.93059999999997, 0.26839999999999997, 0.0528), (67.1088, 0.004666666666666667, 0.0), (67.1088, 0.004666666666666667, 0.0), (402.65259999999995, 0.0, 0.0), (313.1741333333334, 0.2986666666666667, 0.020266666666666665), (58.7202, 0.004733333333333333, 0.00013333333333333334)]","[0, 0, 0, 0, 0, 0, 0, 0, 0, 0, 0, 0, 0, 0, 0, 0, 0, 0, 0, 0, 0, 0, 0, 0, 0, 0, 0, 0, 0, 0, 0, 0, 0, 0, 0, 0, 0, 0, 0, 0, 0, 0, 0, 0, 0, 0, 0, 0, 0, 0, 0, 0, 0, 0, 0, 0, 0, 0, 0, 0, 0, 0, 0, 0, 0, 0, 0, 0, 0, 0, 0, 0, 0, 0, 0, 0, 0, 0, 0, 0, 0, 0, (3, 0.0, 0.00029444444444444445), 0, 0, 0, (2, 0.0, 0.0005166666666666667), (1, 0.0, 0.00165), 0, (1, 0.0019833333333333335, 0.0026333333333333334), (3, 0.0, 1.6666666666666667e-05), 0, (3, 0.00011666666666666667, 0.017588888888888887), (2, 0.0, 0.0054888888888888895), (3, 0.0, 0.0006222222222222223), 0, 0, (3, 0.0, 0.0012666666666666666), 0, (2, 0.0, 0.010555555555555558), 0, (1, 0.0, 0.00115), (2, 0.0, 0.0012333333333333335), (2, 0.0, 0.0012333333333333335), (3, 0.1085, 0.004066666666666666), (3, 0.10841666666666666, 0.0281), (2, 0.0, 0.0010944444444444443)]","[-1, -1, -1, -1, -1, -1, -1, -1, -1, -1, -1, -1, -1, -1, -1, -1, -1, -1, -1, -1, -1, -1, -1, -1, -1, -1, -1, -1, -1, -1, -1, -1, -1, -1, -1, -1, -1, -1, -1, -1, -1, -1, -1, -1, -1, -1, -1, -1, -1, -1, -1, -1, -1, -1, -1, -1, -1, -1, -1, -1, -1, -1, -1, -1, -1, -1, -1, -1, -1, -1, -1, -1, -1, -1, -1, -1, -1, -1, -1, -1, -1, -1, 4, -1, -1, -1, 8, 8, -1, 8, 4, -1, 15, 0, 14, -1, -1, 15, -1, 11, -1, 14, 7, 9, 13, 10, 2]","[False, False, False, False, False, False, False, False, False, False, False, False, False, False, False, False, False, False, False, False, False, False, False, False, False, False, False, False, False, False, False, False, False, False, False, False, False, False, False, False, False, False, False, False, False, False, False, False, False, False, False, False, False, False, False, False, False, False, False, False, False, False, False, False, False, False, False, False, False, False, False, False, False, False, False, False, False, False, False, False, False, False, True, False, False, False, True, True, False, True, True, False, True, True, True, False, False, True, False, True, False, True, True, True, True, True, True]"
76,"[0, 0, 0, 0, 0, 0, 0, 0, 0, 0, 0, 0, 0, 0, 0, 0, 0, 0, 0, 0, 0, 0, 0, 0, 0, 0, 0, 0, 0, 0, 0, 0, 0, 0, 0, 0, 0, 0, 0, 0, 0, 0, 0, 0, 0, 0, 0, 0, 0, 0, 0, 0, 0, 0, 0, 0, 0, 0, 0, 0, 0, 0, 0, 0, 0, 0, 0, 0, 0, 0, 0, 0, 0, 0, 0, 0, 0, 0, 0, 0, 0, 0, 1293.563213756262, 0, 0, 0, 1051.750541842, 597.6615481065954, 0, 2145.060180727923, 1178.6284482263632, 0, 2293.817831151513, 6361.008278047395, 1081.80061536924, 0, 0, 593.3776234995555, 0, 1596.1861921402513, 0, 1135.2227985320444, 0, 0, 1691.1266347954333, 3143.9889128247596, 510.85024030910995, 1154.1194728238213]","[0, 0, 0, 0, 0, 0, 1, 1, 1, 2, 2, 2, 2, 2, 3, 3, 3, 3, 3, 3, 3, 3, 4, 4, 4, 4, 4, 4, 5, 5, 5, 5, 5, 6, 6, 6, 6, 6, 6, 7, 7, 7, 8, 8, 8, 8, 8, 8, 8, 9, 9, 9, 10, 10, 10, 10, 10, 10, 11, 11, 12, 12, 12, 12, 12, 12, 13, 13, 13, 13, 13, 14, 14, 14, 14, 15, 16, 16, 16, 16, 16, 17, 17, 17, 17, 18, 18, 18, 19, 19, 19, 19, 19, 19, 20, 20, 21, 21, 21, 21, 21, 22, 22, 22, 22, 22, 22, 23]","[1, 1, 1, 1, 1, 3, 3, 2, 2, 3, 3, 7, 3, 3, 4, 4, 5, 8, 8, 9, 10, 12, 13, 13, 15, 19, 20, 22, 23, 24, 24, 25, 25, 33, 26, 26, 27, 28, 28, 29, 30, 31, 33, 33, 34, 35, 36, 37, 37, 38, 38, 38, 39, 41, 40, 41, 41, 41, 42, 44, 44, 44, 45, 46, 51, 47, 47, 48, 49, 50, 51, 51, 53, 53, 54, 55, 55, 57, 57, 58, 61, 60, 61, 61, 63, 63, 64, 64, 65, 64, 65, 66, 66, 68, 68, 69, 69, 71, 71, 72, 72, 73, 73, 73, 75, 74, 75, 76]","[13, 9, 25, 5, 10, 24, 25, 25, 8, 15, 8, 28, 24, 26, 11, 12, 31, 28, 20, 26, 26, 21, 19, 30, 33, 23, 34, 38, 28, 38, 33, 42, 36, 55, 37, 44, 38, 41, 37, 45, 41, 35, 40, 40, 39, 69, 41, 43, 46, 61, 42, 51, 46, 51, 47, 53, 64, 48, 47, 60, 58, 49, 50, 63, 65, 53, 63, 72, 66, 54, 57, 55, 68, 57, 64, 64, 60, 64, 73, 69, 68, 61, -1, 66, 71, 75, -1, -1, 71, -1, -1, 74, -1, -1, -1, 72, 74, -1, 73, -1, 73, -1, -1, 76, -1, -1, -1, -1]","[0, 0, 0, 0, 0, 0, 0, 0, 0, 0, 0, 0, 0, 0, 0, 0, 0, 0, 0, 0, 0, 0, 0, 0, 0, 0, 0, 0, 0, 0, 0, 0, 0, 0, 0, 0, 0, 0, 0, 0, 0, 0, 0, 0, 0, 0, 0, 0, 0, 0, 0, 0, 0, 0, 0, 0, 0, 0, 0, 0, 0, 0, 0, 0, 0, 0, 0, 0, 0, 0, 0, 0, 0, 0, 0, 0, 0, 0, 0, 0, 0, 0, 2071.9673827649494, 0, 0, 0, 1129.9264516164938, 675.8374578810892, 0, 2223.236090502417, 1957.0326172350506, 0, 2864.7201038259786, 4029.0, 1987.7889084185977, 0, 0, 1164.2798961740211, 0, 4029.0, 0, 2041.2110915814021, 4029.0, 0, 4029.0, 4029.0, 4029.0, 4029.0]","[0, 0, 0, 0, 0, 0, 0, 0, 0, 0, 0, 0, 0, 0, 0, 0, 0, 0, 0, 0, 0, 0, 0, 0, 0, 0, 0, 0, 0, 0, 0, 0, 0, 0, 0, 0, 0, 0, 0, 0, 0, 0, 0, 0, 0, 0, 0, 0, 0, 0, 0, 0, 0, 0, 0, 0, 0, 0, 0, 0, 0, 0, 0, 0, 0, 0, 0, 0, 0, 0, 0, 0, 0, 0, 0, 0, 0, 0, 0, 0, 0, 0, (257.9492, 1.6759333333333335, 0.7163333333333335), 0, 0, 0, (490.733, 0.0015333333333333334, 0.0012), (102.75993333333334, 0.0005333333333333334, 0.0002), 0, (542.4628, 0.7475333333333333, 1.4531333333333334), (29.66546666666667, 11.591533333333333, 11.616), 0, (268.435, 0.0018666666666666666, 0.0016), (1157.6274666666666, 0.016533333333333334, 0.022133333333333328), (204.1226, 0.003466666666666667, 0.0014666666666666665), 0, 0, (67.1088, 0.004666666666666667, 6.666666666666668e-05), 0, (153.791, 0.9633999999999999, 0.7669333333333332), 0, (277.5227333333333, 0.25306666666666666, 0.0498), (100.6632, 0.004666666666666667, 6.666666666666668e-05), 0, (339.738, 0.0, 0.0), (205.5204, 0.03793333333333333, 0.025266666666666666), (50.3316, 0.004666666666666667, 0.00013333333333333334), (176.16013333333333, 1.632466666666667, 0.017733333333333334)]","[0, 0, 0, 0, 0, 0, 0, 0, 0, 0, 0, 0, 0, 0, 0, 0, 0, 0, 0, 0, 0, 0, 0, 0, 0, 0, 0, 0, 0, 0, 0, 0, 0, 0, 0, 0, 0, 0, 0, 0, 0, 0, 0, 0, 0, 0, 0, 0, 0, 0, 0, 0, 0, 0, 0, 0, 0, 0, 0, 0, 0, 0, 0, 0, 0, 0, 0, 0, 0, 0, 0, 0, 0, 0, 0, 0, 0, 0, 0, 0, 0, 0, (3, 0.0, 0.0003444444444444445), 0, 0, 0, (2, 0.0, 0.0005277777777777777), (1, 0.0, 0.0015777777777777778), 0, (1, 0.07328333333333333, 0.0468111111111111), (3, 0.0, 2.2222222222222223e-05), 0, (3, 0.00013333333333333334, 0.023688888888888888), (2, 0.0, 0.005333333333333333), (3, 0.0, 0.0008111111111111111), 0, 0, (3, 0.0, 0.0012222222222222224), 0, (2, 0.0, 0.0117), 0, (1, 0.0, 0.001172222222222222), (2, 0.0, 0.001238888888888889), 0, (3, 0.2122, 0.00935), (3, 0.00125, 0.027633333333333336), (2, 0.0, 0.0010555555555555557), (3, 0.0, 0.0001388888888888889)]","[-1, -1, -1, -1, -1, -1, -1, -1, -1, -1, -1, -1, -1, -1, -1, -1, -1, -1, -1, -1, -1, -1, -1, -1, -1, -1, -1, -1, -1, -1, -1, -1, -1, -1, -1, -1, -1, -1, -1, -1, -1, -1, -1, -1, -1, -1, -1, -1, -1, -1, -1, -1, -1, -1, -1, -1, -1, -1, -1, -1, -1, -1, -1, -1, -1, -1, -1, -1, -1, -1, -1, -1, -1, -1, -1, -1, -1, -1, -1, -1, -1, -1, 4, -1, -1, -1, 8, 8, -1, 8, 4, -1, 15, 0, 14, -1, -1, 15, -1, 11, -1, 14, 7, -1, 13, 10, 2, 1]","[False, False, False, False, False, False, False, False, False, False, False, False, False, False, False, False, False, False, False, False, False, False, False, False, False, False, False, False, False, False, False, False, False, False, False, False, False, False, False, False, False, False, False, False, False, False, False, False, False, False, False, False, False, False, False, False, False, False, False, False, False, False, False, False, False, False, False, False, False, False, False, False, False, False, False, False, False, False, False, False, False, False, True, False, False, False, True, True, False, True, True, False, True, True, True, False, False, True, False, True, False, True, True, False, True, True, True, True]"
77,"[0, 0, 0, 0, 0, 0, 0, 0, 0, 0, 0, 0, 0, 0, 0, 0, 0, 0, 0, 0, 0, 0, 0, 0, 0, 0, 0, 0, 0, 0, 0, 0, 0, 0, 0, 0, 0, 0, 0, 0, 0, 0, 0, 0, 0, 0, 0, 0, 0, 0, 0, 0, 0, 0, 0, 0, 0, 0, 0, 0, 0, 0, 0, 0, 0, 0, 0, 0, 0, 0, 0, 0, 0, 0, 0, 0, 0, 0, 0, 0, 0, 0, 0, 0, 0, 0, 1045.0727606239554, 554.2559608139378, 0, 2245.9343800982538, 1005.0061272411768, 0, 2203.667785385733, 2438.7820916767528, 1075.1228337928867, 0, 0, 572.6094066770711, 0, 1655.52396879974, 0, 1208.6783913782356, 0, 0, 1254.9939763481898, 3601.346184986549, 0, 1875.0732823255908, 744.572766635591]","[0, 0, 0, 0, 0, 0, 1, 1, 1, 2, 2, 2, 2, 2, 3, 3, 3, 3, 3, 3, 3, 3, 4, 4, 4, 4, 4, 4, 5, 5, 5, 5, 5, 6, 6, 6, 6, 6, 6, 7, 7, 7, 8, 8, 8, 8, 8, 8, 8, 9, 9, 9, 10, 10, 10, 10, 10, 10, 11, 11, 12, 12, 12, 12, 12, 12, 13, 13, 13, 13, 13, 14, 14, 14, 14, 15, 16, 16, 16, 16, 16, 17, 17, 17, 17, 18, 18, 18, 19, 19, 19, 19, 19, 19, 20, 20, 21, 21, 21, 21, 21, 22, 22, 22, 22, 22, 22, 23, 23]","[1, 1, 1, 1, 1, 3, 3, 2, 2, 3, 3, 7, 3, 3, 4, 4, 5, 8, 8, 9, 10, 12, 13, 13, 15, 19, 20, 22, 23, 24, 24, 25, 25, 33, 26, 26, 27, 28, 28, 29, 30, 31, 33, 33, 34, 35, 36, 37, 37, 38, 38, 38, 39, 41, 40, 41, 41, 41, 42, 44, 44, 44, 45, 46, 51, 47, 47, 48, 49, 50, 51, 51, 53, 53, 54, 55, 55, 57, 57, 58, 61, 60, 61, 61, 63, 63, 64, 64, 65, 64, 65, 66, 66, 68, 68, 69, 69, 71, 71, 72, 72, 73, 73, 73, 75, 74, 75, 76, 77]","[13, 9, 25, 5, 10, 24, 25, 25, 8, 15, 8, 28, 24, 26, 11, 12, 31, 28, 20, 26, 26, 21, 19, 30, 33, 23, 34, 38, 28, 38, 33, 42, 36, 55, 37, 44, 38, 41, 37, 45, 41, 35, 40, 40, 39, 69, 41, 43, 46, 61, 42, 51, 46, 51, 47, 53, 64, 48, 47, 60, 58, 49, 50, 63, 65, 53, 63, 72, 66, 54, 57, 55, 68, 57, 64, 64, 60, 64, 73, 69, 68, 61, -1, 66, 71, 75, -1, -1, 71, -1, -1, 74, -1, -1, -1, 72, 74, -1, 73, -1, 73, -1, 77, 76, -1, -1, -1, -1, -1]","[0, 0, 0, 0, 0, 0, 0, 0, 0, 0, 0, 0, 0, 0, 0, 0, 0, 0, 0, 0, 0, 0, 0, 0, 0, 0, 0, 0, 0, 0, 0, 0, 0, 0, 0, 0, 0, 0, 0, 0, 0, 0, 0, 0, 0, 0, 0, 0, 0, 0, 0, 0, 0, 0, 0, 0, 0, 0, 0, 0, 0, 0, 0, 0, 0, 0, 0, 0, 0, 0, 0, 0, 0, 0, 0, 0, 0, 0, 0, 0, 0, 0, 1511.9969363794116, 0, 0, 0, 1106.3183934452397, 615.5015936352221, 0, 2307.180012919538, 2517.0030636205884, 0, 2830.029189354331, 4029.0, 1947.7222212073254, 0, 0, 1198.970810645669, 0, 4029.0, 0, 2081.2777787926743, 0, 0, 4029.0, 4029.0, 4029.0, 2579.750257845, 1449.2497421550001]","[0, 0, 0, 0, 0, 0, 0, 0, 0, 0, 0, 0, 0, 0, 0, 0, 0, 0, 0, 0, 0, 0, 0, 0, 0, 0, 0, 0, 0, 0, 0, 0, 0, 0, 0, 0, 0, 0, 0, 0, 0, 0, 0, 0, 0, 0, 0, 0, 0, 0, 0, 0, 0, 0, 0, 0, 0, 0, 0, 0, 0, 0, 0, 0, 0, 0, 0, 0, 0, 0, 0, 0, 0, 0, 0, 0, 0, 0, 0, 0, 0, 0, (293.6008, 1.66, 0.18393333333333337), 0, 0, 0, (473.956, 0.0014, 0.0013333333333333333), (130.02306666666664, 0.0007333333333333332, 0.0002666666666666667), 0, (710.2348000000001, 0.9372, 1.3942), (30.01513333333334, 8.723066666666668, 8.7436), 0, (269.134, 0.0016666666666666668, 0.0014666666666666665), (167.772, 0.009333333333333334, 0.0104), (181.753, 0.0032, 0.0012666666666666666), 0, 0, (22.3696, 0.0048, 0.0), 0, (125.829, 0.9370666666666667, 0.7570666666666667), 0, (304.0866, 0.2961333333333333, 0.05726666666666666), 0, 0, (343.93240000000003, 0.0, 0.0), (130.0228, 0.042466666666666666, 0.027733333333333336), (47.5354, 0.004533333333333333, 0.00013333333333333334), (214.6078, 3.082733333333333, 0.04673333333333334), (142.60586666666666, 0.0007333333333333332, 0.0006)]","[0, 0, 0, 0, 0, 0, 0, 0, 0, 0, 0, 0, 0, 0, 0, 0, 0, 0, 0, 0, 0, 0, 0, 0, 0, 0, 0, 0, 0, 0, 0, 0, 0, 0, 0, 0, 0, 0, 0, 0, 0, 0, 0, 0, 0, 0, 0, 0, 0, 0, 0, 0, 0, 0, 0, 0, 0, 0, 0, 0, 0, 0, 0, 0, 0, 0, 0, 0, 0, 0, 0, 0, 0, 0, 0, 0, 0, 0, 0, 0, 0, 0, (3, 0.0, 0.00039999999999999996), 0, 0, 0, (2, 0.0, 0.0005444444444444444), (1, 0.0, 0.001738888888888889), 0, (1, 0.003016666666666666, 0.05234444444444444), (3, 0.0, 2.7777777777777776e-05), 0, (3, 0.00031666666666666665, 0.026144444444444446), (2, 0.0, 0.002172222222222222), (3, 0.0, 0.00046111111111111103), 0, 0, (3, 0.0, 0.0012777777777777776), 0, (2, 0.06273333333333334, 0.031105555555555553), 0, (1, 0.0, 0.0010444444444444444), 0, 0, (3, 0.020033333333333334, 0.0038777777777777777), (3, 0.0008, 0.02777777777777778), (2, 0.0, 0.0011222222222222222), (3, 0.0, 0.00015555555555555556), (1, 0.0, 0.02883888888888889)]","[-1, -1, -1, -1, -1, -1, -1, -1, -1, -1, -1, -1, -1, -1, -1, -1, -1, -1, -1, -1, -1, -1, -1, -1, -1, -1, -1, -1, -1, -1, -1, -1, -1, -1, -1, -1, -1, -1, -1, -1, -1, -1, -1, -1, -1, -1, -1, -1, -1, -1, -1, -1, -1, -1, -1, -1, -1, -1, -1, -1, -1, -1, -1, -1, -1, -1, -1, -1, -1, -1, -1, -1, -1, -1, -1, -1, -1, -1, -1, -1, -1, -1, 4, -1, -1, -1, 8, 8, -1, 8, 4, -1, 15, 0, 14, -1, -1, 15, -1, 11, -1, 14, -1, -1, 13, 10, 2, 1, 1]","[False, False, False, False, False, False, False, False, False, False, False, False, False, False, False, False, False, False, False, False, False, False, False, False, False, False, False, False, False, False, False, False, False, False, False, False, False, False, False, False, False, False, False, False, False, False, False, False, False, False, False, False, False, False, False, False, False, False, False, False, False, False, False, False, False, False, False, False, False, False, False, False, False, False, False, False, False, False, False, False, False, False, True, False, False, False, True, True, False, True, True, False, True, True, True, False, False, True, False, True, False, True, False, False, True, True, True, True, True]"
78,"[0, 0, 0, 0, 0, 0, 0, 0, 0, 0, 0, 0, 0, 0, 0, 0, 0, 0, 0, 0, 0, 0, 0, 0, 0, 0, 0, 0, 0, 0, 0, 0, 0, 0, 0, 0, 0, 0, 0, 0, 0, 0, 0, 0, 0, 0, 0, 0, 0, 0, 0, 0, 0, 0, 0, 0, 0, 0, 0, 0, 0, 0, 0, 0, 0, 0, 0, 0, 0, 0, 0, 0, 0, 0, 0, 0, 0, 0, 0, 0, 0, 0, 0, 0, 0, 0, 1088.4783385412445, 597.6615481065954, 0, 3233.9081562841443, 1215.3562468963066, 0, 2664.4346859663865, 2554.490731062876, 1085.1395061574167, 0, 0, 664.582938319502, 0, 2278.570623724373, 0, 1225.3728442978247, 0, 0, 1266.8615316800874, 3261.75156374067, 0, 1510.1460454172877, 554.2559608139378, 501.40426599866777, 454.0891471920266]","[0, 0, 0, 0, 0, 0, 1, 1, 1, 2, 2, 2, 2, 2, 3, 3, 3, 3, 3, 3, 3, 3, 4, 4, 4, 4, 4, 4, 5, 5, 5, 5, 5, 6, 6, 6, 6, 6, 6, 7, 7, 7, 8, 8, 8, 8, 8, 8, 8, 9, 9, 9, 10, 10, 10, 10, 10, 10, 11, 11, 12, 12, 12, 12, 12, 12, 13, 13, 13, 13, 13, 14, 14, 14, 14, 15, 16, 16, 16, 16, 16, 17, 17, 17, 17, 18, 18, 18, 19, 19, 19, 19, 19, 19, 20, 20, 21, 21, 21, 21, 21, 22, 22, 22, 22, 22, 22, 23, 23, 23, 23]","[1, 1, 1, 1, 1, 3, 3, 2, 2, 3, 3, 7, 3, 3, 4, 4, 5, 8, 8, 9, 10, 12, 13, 13, 15, 19, 20, 22, 23, 24, 24, 25, 25, 33, 26, 26, 27, 28, 28, 29, 30, 31, 33, 33, 34, 35, 36, 37, 37, 38, 38, 38, 39, 41, 40, 41, 41, 41, 42, 44, 44, 44, 45, 46, 51, 47, 47, 48, 49, 50, 51, 51, 53, 53, 54, 55, 55, 57, 57, 58, 61, 60, 61, 61, 63, 63, 64, 64, 65, 64, 65, 66, 66, 68, 68, 69, 69, 71, 71, 72, 72, 73, 73, 73, 75, 74, 75, 76, 77, 78, 78]","[13, 9, 25, 5, 10, 24, 25, 25, 8, 15, 8, 28, 24, 26, 11, 12, 31, 28, 20, 26, 26, 21, 19, 30, 33, 23, 34, 38, 28, 38, 33, 42, 36, 55, 37, 44, 38, 41, 37, 45, 41, 35, 40, 40, 39, 69, 41, 43, 46, 61, 42, 51, 46, 51, 47, 53, 64, 48, 47, 60, 58, 49, 50, 63, 65, 53, 63, 72, 66, 54, 57, 55, 68, 57, 64, 64, 60, 64, 73, 69, 68, 61, 78, 66, 71, 75, -1, -1, 71, -1, -1, 74, -1, -1, -1, 72, 74, -1, 73, -1, 73, -1, 77, 76, -1, -1, 78, -1, -1, -1, -1]","[0, 0, 0, 0, 0, 0, 0, 0, 0, 0, 0, 0, 0, 0, 0, 0, 0, 0, 0, 0, 0, 0, 0, 0, 0, 0, 0, 0, 0, 0, 0, 0, 0, 0, 0, 0, 0, 0, 0, 0, 0, 0, 0, 0, 0, 0, 0, 0, 0, 0, 0, 0, 0, 0, 0, 0, 0, 0, 0, 0, 0, 0, 0, 0, 0, 0, 0, 0, 0, 0, 0, 0, 0, 0, 0, 0, 0, 0, 0, 0, 0, 0, 0, 0, 0, 0, 791.4623242305831, 300.64553379593406, 0, 2936.892141973483, 2371.475990448819, 0, 3014.425873823442, 4029.0, 1944.383330929796, 0, 0, 1014.5741261765578, 0, 4029.0, 0, 2084.616669070204, 0, 0, 4029.0, 3418.3312082743214, 0, 2492.445042301675, 1536.5549576983249, 1657.5240095511806, 610.6687917256781]","[0, 0, 0, 0, 0, 0, 0, 0, 0, 0, 0, 0, 0, 0, 0, 0, 0, 0, 0, 0, 0, 0, 0, 0, 0, 0, 0, 0, 0, 0, 0, 0, 0, 0, 0, 0, 0, 0, 0, 0, 0, 0, 0, 0, 0, 0, 0, 0, 0, 0, 0, 0, 0, 0, 0, 0, 0, 0, 0, 0, 0, 0, 0, 0, 0, 0, 0, 0, 0, 0, 0, 0, 0, 0, 0, 0, 0, 0, 0, 0, 0, 0, 0, 0, 0, 0, (462.7710666666665, 0.001066666666666667, 0.001), (100.66266666666668, 0.0005333333333333334, 0.0002), 0, (478.1502, 1.5555999999999999, 1.8252000000000002), (30.233466666666672, 11.099666666666664, 11.125866666666667), 0, (369.09826666666675, 0.0032, 0.0020666666666666667), (536.8704, 0.009266666666666668, 0.0106), (109.0518, 0.003533333333333333, 0.0013333333333333333), 0, 0, (78.29360000000001, 0.005933333333333334, 0.0014666666666666665), 0, (226.49220000000003, 0.9202666666666668, 0.7430666666666668), 0, (292.20259999999996, 0.28073333333333333, 0.056799999999999996), 0, 0, (306.18359999999996, 0.0, 0.0), (110.44946666666667, 0.04046666666666667, 0.026666666666666672), 0, (434.80906666666664, 2.7484, 0.018466666666666666), (98.56566666666669, 0.0007333333333333332, 0.0002666666666666667), (0.0, 0.0048, 6.666666666666668e-05), (29.621666666666673, 4.1293999999999995, 4.1416)]","[0, 0, 0, 0, 0, 0, 0, 0, 0, 0, 0, 0, 0, 0, 0, 0, 0, 0, 0, 0, 0, 0, 0, 0, 0, 0, 0, 0, 0, 0, 0, 0, 0, 0, 0, 0, 0, 0, 0, 0, 0, 0, 0, 0, 0, 0, 0, 0, 0, 0, 0, 0, 0, 0, 0, 0, 0, 0, 0, 0, 0, 0, 0, 0, 0, 0, 0, 0, 0, 0, 0, 0, 0, 0, 0, 0, 0, 0, 0, 0, 0, 0, 0, 0, 0, 0, (2, 0.0, 0.0004888888888888889), (1, 0.0, 0.0015722222222222223), 0, (1, 0.0011333333333333332, 0.0015055555555555556), (3, 0.0, 2.7777777777777776e-05), 0, (3, 0.2675166666666666, 0.1220111111111111), (2, 0.0, 0.0023777777777777777), (3, 0.0, 0.0006333333333333333), 0, 0, (3, 0.0, 0.0033777777777777777), 0, (2, 0.09268333333333334, 0.011455555555555556), 0, (1, 0.0, 0.001027777777777778), 0, 0, (3, 0.008033333333333333, 0.003372222222222222), (3, 0.00011666666666666667, 0.02971666666666666), 0, (3, 0.0, 0.00023888888888888888), (1, 0.0, 0.0016666666666666668), (2, 0.0, 0.0013222222222222222), (3, 0.0, 1.6666666666666667e-05)]","[-1, -1, -1, -1, -1, -1, -1, -1, -1, -1, -1, -1, -1, -1, -1, -1, -1, -1, -1, -1, -1, -1, -1, -1, -1, -1, -1, -1, -1, -1, -1, -1, -1, -1, -1, -1, -1, -1, -1, -1, -1, -1, -1, -1, -1, -1, -1, -1, -1, -1, -1, -1, -1, -1, -1, -1, -1, -1, -1, -1, -1, -1, -1, -1, -1, -1, -1, -1, -1, -1, -1, -1, -1, -1, -1, -1, -1, -1, -1, -1, -1, -1, -1, -1, -1, -1, 8, 8, -1, 8, 4, -1, 15, 0, 14, -1, -1, 15, -1, 11, -1, 14, -1, -1, 13, 10, -1, 1, 1, 4, 10]","[False, False, False, False, False, False, False, False, False, False, False, False, False, False, False, False, False, False, False, False, False, False, False, False, False, False, False, False, False, False, False, False, False, False, False, False, False, False, False, False, False, False, False, False, False, False, False, False, False, False, False, False, False, False, False, False, False, False, False, False, False, False, False, False, False, False, False, False, False, False, False, False, False, False, False, False, False, False, False, False, False, False, False, False, False, False, True, True, False, True, True, False, True, True, True, False, False, True, False, True, False, True, False, False, True, True, False, True, True, True, True]"
79,"[0, 0, 0, 0, 0, 0, 0, 0, 0, 0, 0, 0, 0, 0, 0, 0, 0, 0, 0, 0, 0, 0, 0, 0, 0, 0, 0, 0, 0, 0, 0, 0, 0, 0, 0, 0, 0, 0, 0, 0, 0, 0, 0, 0, 0, 0, 0, 0, 0, 0, 0, 0, 0, 0, 0, 0, 0, 0, 0, 0, 0, 0, 0, 0, 0, 0, 0, 0, 0, 0, 0, 0, 0, 0, 0, 0, 0, 0, 0, 0, 0, 0, 0, 0, 0, 0, 1035.0560887968888, 0, 0, 4138.80906240035, 1025.0394719702365, 0, 2310.5122840711024, 2450.6496444343047, 1071.7839430047102, 0, 0, 626.0133927920311, 0, 1590.2524144743022, 0, 1228.7117348817424, 0, 0, 1204.5568661876246, 3502.7541981732297, 0, 1501.2453811024511, 597.6615481065954, 498.43737685074666, 1315.5229705416066]","[0, 0, 0, 0, 0, 0, 1, 1, 1, 2, 2, 2, 2, 2, 3, 3, 3, 3, 3, 3, 3, 3, 4, 4, 4, 4, 4, 4, 5, 5, 5, 5, 5, 6, 6, 6, 6, 6, 6, 7, 7, 7, 8, 8, 8, 8, 8, 8, 8, 9, 9, 9, 10, 10, 10, 10, 10, 10, 11, 11, 12, 12, 12, 12, 12, 12, 13, 13, 13, 13, 13, 14, 14, 14, 14, 15, 16, 16, 16, 16, 16, 17, 17, 17, 17, 18, 18, 18, 19, 19, 19, 19, 19, 19, 20, 20, 21, 21, 21, 21, 21, 22, 22, 22, 22, 22, 22, 23, 23, 23, 23]","[1, 1, 1, 1, 1, 3, 3, 2, 2, 3, 3, 7, 3, 3, 4, 4, 5, 8, 8, 9, 10, 12, 13, 13, 15, 19, 20, 22, 23, 24, 24, 25, 25, 33, 26, 26, 27, 28, 28, 29, 30, 31, 33, 33, 34, 35, 36, 37, 37, 38, 38, 38, 39, 41, 40, 41, 41, 41, 42, 44, 44, 44, 45, 46, 51, 47, 47, 48, 49, 50, 51, 51, 53, 53, 54, 55, 55, 57, 57, 58, 61, 60, 61, 61, 63, 63, 64, 64, 65, 64, 65, 66, 66, 68, 68, 69, 69, 71, 71, 72, 72, 73, 73, 73, 75, 74, 75, 76, 77, 78, 78]","[13, 9, 25, 5, 10, 24, 25, 25, 8, 15, 8, 28, 24, 26, 11, 12, 31, 28, 20, 26, 26, 21, 19, 30, 33, 23, 34, 38, 28, 38, 33, 42, 36, 55, 37, 44, 38, 41, 37, 45, 41, 35, 40, 40, 39, 69, 41, 43, 46, 61, 42, 51, 46, 51, 47, 53, 64, 48, 47, 60, 58, 49, 50, 63, 65, 53, 63, 72, 66, 54, 57, 55, 68, 57, 64, 64, 60, 64, 73, 69, 68, 61, 78, 66, 71, 75, -1, -1, 71, -1, -1, 74, -1, -1, -1, 72, 74, -1, 73, -1, 73, -1, 77, 76, -1, -1, 78, -1, -1, -1, -1]","[0, 0, 0, 0, 0, 0, 0, 0, 0, 0, 0, 0, 0, 0, 0, 0, 0, 0, 0, 0, 0, 0, 0, 0, 0, 0, 0, 0, 0, 0, 0, 0, 0, 0, 0, 0, 0, 0, 0, 0, 0, 0, 0, 0, 0, 0, 0, 0, 0, 0, 0, 0, 0, 0, 0, 0, 0, 0, 0, 0, 0, 0, 0, 0, 0, 0, 0, 0, 0, 0, 0, 0, 0, 0, 0, 0, 0, 0, 0, 0, 0, 0, 0, 0, 0, 0, 653.4343717311426, -381.62171706574617, 0, 3757.187345334604, 2277.801047559745, 0, 2856.7494456395357, 4029.0, 1936.036104061484, 0, 0, 1172.2505543604643, 0, 4029.0, 0, 2092.963895938516, 0, 0, 4029.0, 3108.1156138158117, 0, 2466.2919164979276, 1562.708083502072, 1751.1989524402552, 920.8843861841885]","[0, 0, 0, 0, 0, 0, 0, 0, 0, 0, 0, 0, 0, 0, 0, 0, 0, 0, 0, 0, 0, 0, 0, 0, 0, 0, 0, 0, 0, 0, 0, 0, 0, 0, 0, 0, 0, 0, 0, 0, 0, 0, 0, 0, 0, 0, 0, 0, 0, 0, 0, 0, 0, 0, 0, 0, 0, 0, 0, 0, 0, 0, 0, 0, 0, 0, 0, 0, 0, 0, 0, 0, 0, 0, 0, 0, 0, 0, 0, 0, 0, 0, 0, 0, 0, 0, (473.9558, 0.001, 0.001), (132.1199333333333, 0.0007333333333333332, 0.0002666666666666667), 0, (673.8842, 1.5523333333333331, 1.8134000000000001), (28.354599999999998, 8.9748, 8.996333333333334), 0, (364.904, 0.0027333333333333333, 0.0014666666666666665), (738.197, 0.009333333333333334, 0.0108), (150.9948, 0.003466666666666667, 0.0019333333333333331), 0, 0, (44.7392, 0.004666666666666667, 6.666666666666668e-05), 0, (142.6062, 0.9306666666666665, 0.7520666666666668), 0, (276.8236, 0.27726666666666666, 0.054666666666666655), 0, 0, (322.961, 0.0, 0.0), (119.5372, 0.03373333333333334, 0.02686666666666667), 0, (348.1266, 1.8001333333333334, 0.6946), (121.6344, 0.0005333333333333334, 0.0002), (145.4024, 0.004733333333333333, 6.666666666666668e-05), (29.53446666666667, 12.107333333333337, 12.139266666666664)]","[0, 0, 0, 0, 0, 0, 0, 0, 0, 0, 0, 0, 0, 0, 0, 0, 0, 0, 0, 0, 0, 0, 0, 0, 0, 0, 0, 0, 0, 0, 0, 0, 0, 0, 0, 0, 0, 0, 0, 0, 0, 0, 0, 0, 0, 0, 0, 0, 0, 0, 0, 0, 0, 0, 0, 0, 0, 0, 0, 0, 0, 0, 0, 0, 0, 0, 0, 0, 0, 0, 0, 0, 0, 0, 0, 0, 0, 0, 0, 0, 0, 0, 0, 0, 0, 0, (2, 0.0, 0.0005111111111111112), (1, 0.0, 0.00175), 0, (1, 1.0415999999999999, 0.5724111111111111), (3, 0.0, 2.2222222222222223e-05), 0, (3, 0.0012833333333333332, 0.025400000000000002), (2, 0.0, 0.0023666666666666667), (3, 0.0, 0.0008055555555555556), 0, 0, (3, 0.0, 0.0013444444444444443), 0, (2, 0.0, 0.012455555555555557), 0, (1, 0.0, 0.0013833333333333334), 0, 0, (3, 0.007916666666666667, 0.003444444444444445), (3, 0.0013666666666666669, 0.04000555555555556), 0, (3, 0.0, 0.00039999999999999996), (1, 0.0, 0.0015388888888888887), (2, 0.0, 0.0012666666666666666), (3, 0.0, 1.6666666666666667e-05)]","[-1, -1, -1, -1, -1, -1, -1, -1, -1, -1, -1, -1, -1, -1, -1, -1, -1, -1, -1, -1, -1, -1, -1, -1, -1, -1, -1, -1, -1, -1, -1, -1, -1, -1, -1, -1, -1, -1, -1, -1, -1, -1, -1, -1, -1, -1, -1, -1, -1, -1, -1, -1, -1, -1, -1, -1, -1, -1, -1, -1, -1, -1, -1, -1, -1, -1, -1, -1, -1, -1, -1, -1, -1, -1, -1, -1, -1, -1, -1, -1, -1, -1, -1, -1, -1, -1, 8, 8, -1, 8, 4, -1, 15, 0, 14, -1, -1, 15, -1, 11, -1, 14, -1, -1, 13, 10, -1, 1, 1, 4, 10]","[False, False, False, False, False, False, False, False, False, False, False, False, False, False, False, False, False, False, False, False, False, False, False, False, False, False, False, False, False, False, False, False, False, False, False, False, False, False, False, False, False, False, False, False, False, False, False, False, False, False, False, False, False, False, False, False, False, False, False, False, False, False, False, False, False, False, False, False, False, False, False, False, False, False, False, False, False, False, False, False, False, False, False, False, False, False, True, True, False, True, True, False, True, True, True, False, False, True, False, True, False, True, False, False, True, True, False, True, True, True, True]"
80,"[0, 0, 0, 0, 0, 0, 0, 0, 0, 0, 0, 0, 0, 0, 0, 0, 0, 0, 0, 0, 0, 0, 0, 0, 0, 0, 0, 0, 0, 0, 0, 0, 0, 0, 0, 0, 0, 0, 0, 0, 0, 0, 0, 0, 0, 0, 0, 0, 0, 0, 0, 0, 0, 0, 0, 0, 0, 0, 0, 0, 0, 0, 0, 0, 0, 0, 0, 0, 0, 0, 0, 0, 0, 0, 0, 0, 0, 0, 0, 0, 0, 0, 0, 0, 0, 0, 1048.4116512329779, 0, 0, 3308.0803617035053, 1025.0394719702365, 0, 2560.9290778649356, 0, 1078.4617245810634, 0, 0, 593.3776234995555, 0, 1563.5504149775322, 0, 1318.8617806475224, 0, 0, 1252.0270875152155, 2935.85027399664, 0, 976.1061865270877, 554.2559608139378, 498.43737685074666, 1135.2228679800667, 1646.6233023008167]","[0, 0, 0, 0, 0, 0, 1, 1, 1, 2, 2, 2, 2, 2, 3, 3, 3, 3, 3, 3, 3, 3, 4, 4, 4, 4, 4, 4, 5, 5, 5, 5, 5, 6, 6, 6, 6, 6, 6, 7, 7, 7, 8, 8, 8, 8, 8, 8, 8, 9, 9, 9, 10, 10, 10, 10, 10, 10, 11, 11, 12, 12, 12, 12, 12, 12, 13, 13, 13, 13, 13, 14, 14, 14, 14, 15, 16, 16, 16, 16, 16, 17, 17, 17, 17, 18, 18, 18, 19, 19, 19, 19, 19, 19, 20, 20, 21, 21, 21, 21, 21, 22, 22, 22, 22, 22, 22, 23, 23, 23, 23, 24]","[1, 1, 1, 1, 1, 3, 3, 2, 2, 3, 3, 7, 3, 3, 4, 4, 5, 8, 8, 9, 10, 12, 13, 13, 15, 19, 20, 22, 23, 24, 24, 25, 25, 33, 26, 26, 27, 28, 28, 29, 30, 31, 33, 33, 34, 35, 36, 37, 37, 38, 38, 38, 39, 41, 40, 41, 41, 41, 42, 44, 44, 44, 45, 46, 51, 47, 47, 48, 49, 50, 51, 51, 53, 53, 54, 55, 55, 57, 57, 58, 61, 60, 61, 61, 63, 63, 64, 64, 65, 64, 65, 66, 66, 68, 68, 69, 69, 71, 71, 72, 72, 73, 73, 73, 75, 74, 75, 76, 77, 78, 78, 80]","[13, 9, 25, 5, 10, 24, 25, 25, 8, 15, 8, 28, 24, 26, 11, 12, 31, 28, 20, 26, 26, 21, 19, 30, 33, 23, 34, 38, 28, 38, 33, 42, 36, 55, 37, 44, 38, 41, 37, 45, 41, 35, 40, 40, 39, 69, 41, 43, 46, 61, 42, 51, 46, 51, 47, 53, 64, 48, 47, 60, 58, 49, 50, 63, 65, 53, 63, 72, 66, 54, 57, 55, 68, 57, 64, 64, 60, 64, 73, 69, 68, 61, 78, 66, 71, 75, -1, 80, 71, -1, -1, 74, -1, -1, -1, 72, 74, -1, 73, -1, 73, -1, 77, 76, -1, -1, 78, -1, -1, -1, -1, -1]","[0, 0, 0, 0, 0, 0, 0, 0, 0, 0, 0, 0, 0, 0, 0, 0, 0, 0, 0, 0, 0, 0, 0, 0, 0, 0, 0, 0, 0, 0, 0, 0, 0, 0, 0, 0, 0, 0, 0, 0, 0, 0, 0, 0, 0, 0, 0, 0, 0, 0, 0, 0, 0, 0, 0, 0, 0, 0, 0, 0, 0, 0, 0, 0, 0, 0, 0, 0, 0, 0, 0, 0, 0, 0, 0, 0, 0, 0, 0, 0, 0, 0, 0, 0, 0, 0, 884.665644764736, 0, 0, 3144.3343552352635, 2277.801047559745, 0, 2998.27572718269, 4029.0, 1894.2999719667705, 0, 0, 1030.7242728173098, 0, 4029.0, 0, 2134.7000280332295, 0, 0, 4029.0, 2914.8137030082867, 0, 2225.4251128565747, 1803.5748871434248, 1751.1989524402552, 1114.186296991713, 4029.0]","[0, 0, 0, 0, 0, 0, 0, 0, 0, 0, 0, 0, 0, 0, 0, 0, 0, 0, 0, 0, 0, 0, 0, 0, 0, 0, 0, 0, 0, 0, 0, 0, 0, 0, 0, 0, 0, 0, 0, 0, 0, 0, 0, 0, 0, 0, 0, 0, 0, 0, 0, 0, 0, 0, 0, 0, 0, 0, 0, 0, 0, 0, 0, 0, 0, 0, 0, 0, 0, 0, 0, 0, 0, 0, 0, 0, 0, 0, 0, 0, 0, 0, 0, 0, 0, 0, (447.39173333333326, 0.0028, 0.0027333333333333333), 0, 0, (894.7841999999999, 1.598466666666667, 1.968333333333333), (31.1948, 10.048200000000001, 10.073133333333333), 0, (271.9302, 0.0026666666666666666, 0.0020666666666666667), (352.32120000000003, 0.0094, 0.010866666666666667), (156.58720000000002, 0.0034, 0.0014666666666666665), 0, 0, (44.7392, 0.004666666666666667, 0.0), 0, (117.4404, 0.9303333333333335, 0.7412666666666667), 0, (332.04866666666675, 0.30326666666666663, 0.05866666666666666), 0, 0, (301.98940000000005, 0.0, 0.0), (105.55626666666666, 0.03646666666666667, 0.024466666666666664), 0, (230.686, 0.866, 0.3906666666666667), (125.82866666666669, 0.0007333333333333332, 0.0002666666666666667), (67.1088, 0.004666666666666667, 0.0), (31.3258, 10.272666666666666, 10.300266666666666), (125.829, 0.9397333333333332, 0.7602666666666668)]","[0, 0, 0, 0, 0, 0, 0, 0, 0, 0, 0, 0, 0, 0, 0, 0, 0, 0, 0, 0, 0, 0, 0, 0, 0, 0, 0, 0, 0, 0, 0, 0, 0, 0, 0, 0, 0, 0, 0, 0, 0, 0, 0, 0, 0, 0, 0, 0, 0, 0, 0, 0, 0, 0, 0, 0, 0, 0, 0, 0, 0, 0, 0, 0, 0, 0, 0, 0, 0, 0, 0, 0, 0, 0, 0, 0, 0, 0, 0, 0, 0, 0, 0, 0, 0, 0, (2, 0.0, 0.0005), 0, 0, (1, 0.0013, 0.001966666666666667), (3, 0.0, 1.6666666666666667e-05), 0, (3, 0.005633333333333334, 0.03143333333333334), (2, 0.0, 0.002344444444444444), (3, 0.0, 0.0011333333333333332), 0, 0, (3, 0.0, 0.0013), 0, (2, 0.0, 0.010772222222222223), 0, (1, 0.0, 0.0009222222222222221), 0, 0, (3, 0.00785, 0.003533333333333333), (3, 0.0, 0.024422222222222224), 0, (3, 1.666666666666667e-05, 0.0003444444444444445), (1, 0.0, 0.00165), (2, 0.0, 0.0012333333333333335), (3, 0.0, 4.4444444444444447e-05), (2, 0.0, 0.009888888888888888)]","[-1, -1, -1, -1, -1, -1, -1, -1, -1, -1, -1, -1, -1, -1, -1, -1, -1, -1, -1, -1, -1, -1, -1, -1, -1, -1, -1, -1, -1, -1, -1, -1, -1, -1, -1, -1, -1, -1, -1, -1, -1, -1, -1, -1, -1, -1, -1, -1, -1, -1, -1, -1, -1, -1, -1, -1, -1, -1, -1, -1, -1, -1, -1, -1, -1, -1, -1, -1, -1, -1, -1, -1, -1, -1, -1, -1, -1, -1, -1, -1, -1, -1, -1, -1, -1, -1, 8, -1, -1, 8, 4, -1, 15, 0, 14, -1, -1, 15, -1, 11, -1, 14, -1, -1, 13, 10, -1, 1, 1, 4, 10, 3]","[False, False, False, False, False, False, False, False, False, False, False, False, False, False, False, False, False, False, False, False, False, False, False, False, False, False, False, False, False, False, False, False, False, False, False, False, False, False, False, False, False, False, False, False, False, False, False, False, False, False, False, False, False, False, False, False, False, False, False, False, False, False, False, False, False, False, False, False, False, False, False, False, False, False, False, False, False, False, False, False, False, False, False, False, False, False, True, False, False, True, True, False, True, True, True, False, False, True, False, True, False, True, False, False, True, True, False, True, True, True, True, True]"
81,"[0, 0, 0, 0, 0, 0, 0, 0, 0, 0, 0, 0, 0, 0, 0, 0, 0, 0, 0, 0, 0, 0, 0, 0, 0, 0, 0, 0, 0, 0, 0, 0, 0, 0, 0, 0, 0, 0, 0, 0, 0, 0, 0, 0, 0, 0, 0, 0, 0, 0, 0, 0, 0, 0, 0, 0, 0, 0, 0, 0, 0, 0, 0, 0, 0, 0, 0, 0, 0, 0, 0, 0, 0, 0, 0, 0, 0, 0, 0, 0, 0, 0, 0, 0, 0, 0, 1031.7171981878666, 0, 0, 3144.901509780911, 0, 0, 2520.8623908579216, 0, 0, 0, 0, 596.3445116170533, 0, 1554.649748478609, 0, 1228.7117348817424, 0, 0, 1225.3250880184453, 2837.2582871833197, 0, 1465.6427238431045, 597.6615481065954, 498.43737685074666, 1145.2395403445964, 1622.8881916370212, 520.8668579276933]","[0, 0, 0, 0, 0, 0, 1, 1, 1, 2, 2, 2, 2, 2, 3, 3, 3, 3, 3, 3, 3, 3, 4, 4, 4, 4, 4, 4, 5, 5, 5, 5, 5, 6, 6, 6, 6, 6, 6, 7, 7, 7, 8, 8, 8, 8, 8, 8, 8, 9, 9, 9, 10, 10, 10, 10, 10, 10, 11, 11, 12, 12, 12, 12, 12, 12, 13, 13, 13, 13, 13, 14, 14, 14, 14, 15, 16, 16, 16, 16, 16, 17, 17, 17, 17, 18, 18, 18, 19, 19, 19, 19, 19, 19, 20, 20, 21, 21, 21, 21, 21, 22, 22, 22, 22, 22, 22, 23, 23, 23, 23, 24, 24]","[1, 1, 1, 1, 1, 3, 3, 2, 2, 3, 3, 7, 3, 3, 4, 4, 5, 8, 8, 9, 10, 12, 13, 13, 15, 19, 20, 22, 23, 24, 24, 25, 25, 33, 26, 26, 27, 28, 28, 29, 30, 31, 33, 33, 34, 35, 36, 37, 37, 38, 38, 38, 39, 41, 40, 41, 41, 41, 42, 44, 44, 44, 45, 46, 51, 47, 47, 48, 49, 50, 51, 51, 53, 53, 54, 55, 55, 57, 57, 58, 61, 60, 61, 61, 63, 63, 64, 64, 65, 64, 65, 66, 66, 68, 68, 69, 69, 71, 71, 72, 72, 73, 73, 73, 75, 74, 75, 76, 77, 78, 78, 80, 81]","[13, 9, 25, 5, 10, 24, 25, 25, 8, 15, 8, 28, 24, 26, 11, 12, 31, 28, 20, 26, 26, 21, 19, 30, 33, 23, 34, 38, 28, 38, 33, 42, 36, 55, 37, 44, 38, 41, 37, 45, 41, 35, 40, 40, 39, 69, 41, 43, 46, 61, 42, 51, 46, 51, 47, 53, 64, 48, 47, 60, 58, 49, 50, 63, 65, 53, 63, 72, 66, 54, 57, 55, 68, 57, 64, 64, 60, 64, 73, 69, 68, 61, 78, 66, 71, 75, -1, 80, 71, -1, -1, 74, -1, 81, -1, 72, 74, -1, 73, -1, 73, -1, 77, 76, -1, -1, 78, -1, -1, -1, -1, -1, -1]","[0, 0, 0, 0, 0, 0, 0, 0, 0, 0, 0, 0, 0, 0, 0, 0, 0, 0, 0, 0, 0, 0, 0, 0, 0, 0, 0, 0, 0, 0, 0, 0, 0, 0, 0, 0, 0, 0, 0, 0, 0, 0, 0, 0, 0, 0, 0, 0, 0, 0, 0, 0, 0, 0, 0, 0, 0, 0, 0, 0, 0, 0, 0, 0, 0, 0, 0, 0, 0, 0, 0, 0, 0, 0, 0, 0, 0, 0, 0, 0, 0, 0, 0, 0, 0, 0, 957.9078442034777, 0, 0, 3071.092155796522, 1765.2813115746267, 0, 2976.758939620434, 0, 1400.1441325591288, 0, 0, 1052.2410603795659, 0, 4029.0, 0, 2628.8558674408714, 0, 0, 4029.0, 2860.5093734193615, 0, 4029.0, 2052.897345089451, 2263.7186884253733, 1168.4906265806383, 4029.0, 1976.102654910549]","[0, 0, 0, 0, 0, 0, 0, 0, 0, 0, 0, 0, 0, 0, 0, 0, 0, 0, 0, 0, 0, 0, 0, 0, 0, 0, 0, 0, 0, 0, 0, 0, 0, 0, 0, 0, 0, 0, 0, 0, 0, 0, 0, 0, 0, 0, 0, 0, 0, 0, 0, 0, 0, 0, 0, 0, 0, 0, 0, 0, 0, 0, 0, 0, 0, 0, 0, 0, 0, 0, 0, 0, 0, 0, 0, 0, 0, 0, 0, 0, 0, 0, 0, 0, 0, 0, (490.7332, 0.002466666666666667, 0.0023333333333333335), 0, 0, (727.012, 1.5444666666666669, 1.7056666666666669), (28.4422, 11.514866666666666, 11.541), 0, (274.72646666666674, 0.0041333333333333335, 0.009866666666666668), 0, (142.6062, 0.0036, 0.0014), 0, 0, (33.5544, 0.0046, 6.666666666666668e-05), 0, (83.886, 0.8937333333333333, 0.7318666666666667), 0, (318.06759999999997, 0.2734, 0.057466666666666666), 0, 0, (328.5532, 0.0, 0.0), (111.8476, 0.035666666666666666, 0.024), 0, (331.3495333333333, 4.365933333333333, 0.022533333333333336), (98.56533333333331, 0.0005333333333333334, 0.0002), (100.6632, 0.004666666666666667, 6.666666666666668e-05), (31.238400000000002, 10.958333333333334, 10.986266666666667), (139.81, 0.972, 0.7780666666666667), (0.0, 0.0046, 6.666666666666668e-05)]","[0, 0, 0, 0, 0, 0, 0, 0, 0, 0, 0, 0, 0, 0, 0, 0, 0, 0, 0, 0, 0, 0, 0, 0, 0, 0, 0, 0, 0, 0, 0, 0, 0, 0, 0, 0, 0, 0, 0, 0, 0, 0, 0, 0, 0, 0, 0, 0, 0, 0, 0, 0, 0, 0, 0, 0, 0, 0, 0, 0, 0, 0, 0, 0, 0, 0, 0, 0, 0, 0, 0, 0, 0, 0, 0, 0, 0, 0, 0, 0, 0, 0, 0, 0, 0, 0, (2, 0.0, 0.0005055555555555555), 0, 0, (1, 0.0019666666666666665, 0.05048333333333333), (3, 0.0, 3.3333333333333335e-05), 0, (3, 0.0009833333333333335, 0.03336666666666666), 0, (3, 0.0, 0.0011111111111111113), 0, 0, (3, 0.0, 0.001222222222222222), 0, (2, 0.0, 0.007866666666666668), 0, (1, 0.0, 0.0007888888888888889), 0, 0, (3, 0.007816666666666666, 0.003527777777777778), (3, 0.0, 0.028383333333333337), 0, (3, 0.0, 0.00019444444444444446), (1, 0.0, 0.0015500000000000002), (2, 0.0, 0.001238888888888889), (3, 0.0, 2.2222222222222223e-05), (2, 0.0, 0.011461111111111111), (1, 0.0, 0.0008722222222222223)]","[-1, -1, -1, -1, -1, -1, -1, -1, -1, -1, -1, -1, -1, -1, -1, -1, -1, -1, -1, -1, -1, -1, -1, -1, -1, -1, -1, -1, -1, -1, -1, -1, -1, -1, -1, -1, -1, -1, -1, -1, -1, -1, -1, -1, -1, -1, -1, -1, -1, -1, -1, -1, -1, -1, -1, -1, -1, -1, -1, -1, -1, -1, -1, -1, -1, -1, -1, -1, -1, -1, -1, -1, -1, -1, -1, -1, -1, -1, -1, -1, -1, -1, -1, -1, -1, -1, 8, -1, -1, 8, 4, -1, 15, -1, 14, -1, -1, 15, -1, 11, -1, 14, -1, -1, 13, 10, -1, 1, 7, 4, 10, 3, 7]","[False, False, False, False, False, False, False, False, False, False, False, False, False, False, False, False, False, False, False, False, False, False, False, False, False, False, False, False, False, False, False, False, False, False, False, False, False, False, False, False, False, False, False, False, False, False, False, False, False, False, False, False, False, False, False, False, False, False, False, False, False, False, False, False, False, False, False, False, False, False, False, False, False, False, False, False, False, False, False, False, False, False, False, False, False, False, True, False, False, True, True, False, True, False, True, False, False, True, False, True, False, True, False, False, True, True, False, True, True, True, True, True, True]"
82,"[0, 0, 0, 0, 0, 0, 0, 0, 0, 0, 0, 0, 0, 0, 0, 0, 0, 0, 0, 0, 0, 0, 0, 0, 0, 0, 0, 0, 0, 0, 0, 0, 0, 0, 0, 0, 0, 0, 0, 0, 0, 0, 0, 0, 0, 0, 0, 0, 0, 0, 0, 0, 0, 0, 0, 0, 0, 0, 0, 0, 0, 0, 0, 0, 0, 0, 0, 0, 0, 0, 0, 0, 0, 0, 0, 0, 0, 0, 0, 0, 0, 0, 0, 0, 0, 0, 1068.444994887111, 0, 0, 3242.8088209344673, 0, 0, 2607.673546039784, 0, 0, 0, 0, 584.4769591470622, 0, 1554.649748478609, 0, 1175.2894855390578, 0, 0, 1254.9939763481898, 2777.0076285751793, 0, 1851.3381774860268, 567.6115261347555, 495.47048770282555, 1218.6951376844836, 1578.3848591424044, 530.8835282724567, 2006.6731654957287]","[0, 0, 0, 0, 0, 0, 1, 1, 1, 2, 2, 2, 2, 2, 3, 3, 3, 3, 3, 3, 3, 3, 4, 4, 4, 4, 4, 4, 5, 5, 5, 5, 5, 6, 6, 6, 6, 6, 6, 7, 7, 7, 8, 8, 8, 8, 8, 8, 8, 9, 9, 9, 10, 10, 10, 10, 10, 10, 11, 11, 12, 12, 12, 12, 12, 12, 13, 13, 13, 13, 13, 14, 14, 14, 14, 15, 16, 16, 16, 16, 16, 17, 17, 17, 17, 18, 18, 18, 19, 19, 19, 19, 19, 19, 20, 20, 21, 21, 21, 21, 21, 22, 22, 22, 22, 22, 22, 23, 23, 23, 23, 24, 24, 24]","[1, 1, 1, 1, 1, 3, 3, 2, 2, 3, 3, 7, 3, 3, 4, 4, 5, 8, 8, 9, 10, 12, 13, 13, 15, 19, 20, 22, 23, 24, 24, 25, 25, 33, 26, 26, 27, 28, 28, 29, 30, 31, 33, 33, 34, 35, 36, 37, 37, 38, 38, 38, 39, 41, 40, 41, 41, 41, 42, 44, 44, 44, 45, 46, 51, 47, 47, 48, 49, 50, 51, 51, 53, 53, 54, 55, 55, 57, 57, 58, 61, 60, 61, 61, 63, 63, 64, 64, 65, 64, 65, 66, 66, 68, 68, 69, 69, 71, 71, 72, 72, 73, 73, 73, 75, 74, 75, 76, 77, 78, 78, 80, 81, 82]","[13, 9, 25, 5, 10, 24, 25, 25, 8, 15, 8, 28, 24, 26, 11, 12, 31, 28, 20, 26, 26, 21, 19, 30, 33, 23, 34, 38, 28, 38, 33, 42, 36, 55, 37, 44, 38, 41, 37, 45, 41, 35, 40, 40, 39, 69, 41, 43, 46, 61, 42, 51, 46, 51, 47, 53, 64, 48, 47, 60, 58, 49, 50, 63, 65, 53, 63, 72, 66, 54, 57, 55, 68, 57, 64, 64, 60, 64, 73, 69, 68, 61, 78, 66, 71, 75, -1, 80, 71, -1, 82, 74, -1, 81, 82, 72, 74, -1, 73, -1, 73, -1, 77, 76, -1, -1, 78, -1, -1, -1, -1, -1, -1, -1]","[0, 0, 0, 0, 0, 0, 0, 0, 0, 0, 0, 0, 0, 0, 0, 0, 0, 0, 0, 0, 0, 0, 0, 0, 0, 0, 0, 0, 0, 0, 0, 0, 0, 0, 0, 0, 0, 0, 0, 0, 0, 0, 0, 0, 0, 0, 0, 0, 0, 0, 0, 0, 0, 0, 0, 0, 0, 0, 0, 0, 0, 0, 0, 0, 0, 0, 0, 0, 0, 0, 0, 0, 0, 0, 0, 0, 0, 0, 0, 0, 0, 0, 0, 0, 0, 0, 927.3180869763219, 0, 0, 3101.681913023678, 0, 0, 3026.098293446361, 0, 0, 0, 0, 1002.9017065536391, 0, 4029.0, 0, 4029.0, 0, 0, 4029.0, 2793.656245445348, 0, 4029.0, 2032.8639989311496, 1258.8986611035484, 1235.3437545546522, 4029.0, 1996.1360010688506, 2770.1013388964516]","[0, 0, 0, 0, 0, 0, 0, 0, 0, 0, 0, 0, 0, 0, 0, 0, 0, 0, 0, 0, 0, 0, 0, 0, 0, 0, 0, 0, 0, 0, 0, 0, 0, 0, 0, 0, 0, 0, 0, 0, 0, 0, 0, 0, 0, 0, 0, 0, 0, 0, 0, 0, 0, 0, 0, 0, 0, 0, 0, 0, 0, 0, 0, 0, 0, 0, 0, 0, 0, 0, 0, 0, 0, 0, 0, 0, 0, 0, 0, 0, 0, 0, 0, 0, 0, 0, (520.0932, 0.0013333333333333333, 0.001), 0, 0, (578.8134, 1.5288, 1.8861333333333334), 0, 0, (269.13426666666675, 0.0028, 0.002466666666666667), 0, 0, 0, 0, (0.0, 0.0046, 0.0), 0, (92.2746, 0.9142666666666668, 0.7324666666666667), 0, (304.0866, 0.26866666666666666, 0.058866666666666664), 0, 0, (282.41606666666667, 0.0, 0.0), (115.3428, 0.03426666666666667, 0.023266666666666665), 0, (478.1502, 3.8014, 0.020733333333333333), (113.24566666666668, 0.0007333333333333332, 0.0002666666666666667), (0.0, 0.004666666666666667, 6.666666666666668e-05), (30.75773333333333, 11.004733333333336, 11.030333333333335), (184.5492, 0.9548666666666666, 0.7652666666666668), (0.0, 0.004733333333333333, 0.00013333333333333334), (306.18366666666674, 0.5942000000000001, 0.19193333333333337)]","[0, 0, 0, 0, 0, 0, 0, 0, 0, 0, 0, 0, 0, 0, 0, 0, 0, 0, 0, 0, 0, 0, 0, 0, 0, 0, 0, 0, 0, 0, 0, 0, 0, 0, 0, 0, 0, 0, 0, 0, 0, 0, 0, 0, 0, 0, 0, 0, 0, 0, 0, 0, 0, 0, 0, 0, 0, 0, 0, 0, 0, 0, 0, 0, 0, 0, 0, 0, 0, 0, 0, 0, 0, 0, 0, 0, 0, 0, 0, 0, 0, 0, 0, 0, 0, 0, (2, 0.0, 0.0005055555555555555), 0, 0, (1, 0.07088333333333334, 0.05034444444444444), 0, 0, (3, 0.0003333333333333333, 0.03149444444444444), 0, 0, 0, 0, (3, 0.0, 0.0012777777777777776), 0, (2, 0.0, 0.010216666666666666), 0, (1, 0.0, 0.000861111111111111), 0, 0, (3, 0.00675, 0.003411111111111111), (3, 0.0, 0.027411111111111112), 0, (3, 0.0428, 0.01527777777777778), (1, 0.0, 0.0016666666666666668), (2, 0.0, 0.0012722222222222221), (3, 0.0, 2.2222222222222223e-05), (2, 1.666666666666667e-05, 0.010605555555555557), (1, 0.0, 0.0008388888888888889), (3, 0.011550000000000001, 0.43049444444444446)]","[-1, -1, -1, -1, -1, -1, -1, -1, -1, -1, -1, -1, -1, -1, -1, -1, -1, -1, -1, -1, -1, -1, -1, -1, -1, -1, -1, -1, -1, -1, -1, -1, -1, -1, -1, -1, -1, -1, -1, -1, -1, -1, -1, -1, -1, -1, -1, -1, -1, -1, -1, -1, -1, -1, -1, -1, -1, -1, -1, -1, -1, -1, -1, -1, -1, -1, -1, -1, -1, -1, -1, -1, -1, -1, -1, -1, -1, -1, -1, -1, -1, -1, -1, -1, -1, -1, 8, -1, -1, 8, -1, -1, 15, -1, -1, -1, -1, 15, -1, 11, -1, 14, -1, -1, 13, 10, -1, 1, 7, 4, 10, 3, 7, 4]","[False, False, False, False, False, False, False, False, False, False, False, False, False, False, False, False, False, False, False, False, False, False, False, False, False, False, False, False, False, False, False, False, False, False, False, False, False, False, False, False, False, False, False, False, False, False, False, False, False, False, False, False, False, False, False, False, False, False, False, False, False, False, False, False, False, False, False, False, False, False, False, False, False, False, False, False, False, False, False, False, False, False, False, False, False, False, True, False, False, True, False, False, True, False, False, False, False, True, False, True, False, True, False, False, True, True, False, True, True, True, True, True, True, True]"
83,"[0, 0, 0, 0, 0, 0, 0, 0, 0, 0, 0, 0, 0, 0, 0, 0, 0, 0, 0, 0, 0, 0, 0, 0, 0, 0, 0, 0, 0, 0, 0, 0, 0, 0, 0, 0, 0, 0, 0, 0, 0, 0, 0, 0, 0, 0, 0, 0, 0, 0, 0, 0, 0, 0, 0, 0, 0, 0, 0, 0, 0, 0, 0, 0, 0, 0, 0, 0, 0, 0, 0, 0, 0, 0, 0, 0, 0, 0, 0, 0, 0, 0, 0, 0, 0, 0, 1035.0560887968888, 0, 0, 3296.2128088364075, 0, 0, 0, 0, 0, 0, 0, 0, 0, 0, 0, 1252.0839689691668, 0, 0, 0, 3089.2155868173595, 0, 1646.6228982447833, 611.0171134274134, 492.5035985549045, 1191.9840113790701, 1622.8881916370212, 554.2557590769045, 1352.2506356501997, 3121.8625785998443]","[0, 0, 0, 0, 0, 0, 1, 1, 1, 2, 2, 2, 2, 2, 3, 3, 3, 3, 3, 3, 3, 3, 4, 4, 4, 4, 4, 4, 5, 5, 5, 5, 5, 6, 6, 6, 6, 6, 6, 7, 7, 7, 8, 8, 8, 8, 8, 8, 8, 9, 9, 9, 10, 10, 10, 10, 10, 10, 11, 11, 12, 12, 12, 12, 12, 12, 13, 13, 13, 13, 13, 14, 14, 14, 14, 15, 16, 16, 16, 16, 16, 17, 17, 17, 17, 18, 18, 18, 19, 19, 19, 19, 19, 19, 20, 20, 21, 21, 21, 21, 21, 22, 22, 22, 22, 22, 22, 23, 23, 23, 23, 24, 24, 24, 25]","[1, 1, 1, 1, 1, 3, 3, 2, 2, 3, 3, 7, 3, 3, 4, 4, 5, 8, 8, 9, 10, 12, 13, 13, 15, 19, 20, 22, 23, 24, 24, 25, 25, 33, 26, 26, 27, 28, 28, 29, 30, 31, 33, 33, 34, 35, 36, 37, 37, 38, 38, 38, 39, 41, 40, 41, 41, 41, 42, 44, 44, 44, 45, 46, 51, 47, 47, 48, 49, 50, 51, 51, 53, 53, 54, 55, 55, 57, 57, 58, 61, 60, 61, 61, 63, 63, 64, 64, 65, 64, 65, 66, 66, 68, 68, 69, 69, 71, 71, 72, 72, 73, 73, 73, 75, 74, 75, 76, 77, 78, 78, 80, 81, 82, 83]","[13, 9, 25, 5, 10, 24, 25, 25, 8, 15, 8, 28, 24, 26, 11, 12, 31, 28, 20, 26, 26, 21, 19, 30, 33, 23, 34, 38, 28, 38, 33, 42, 36, 55, 37, 44, 38, 41, 37, 45, 41, 35, 40, 40, 39, 69, 41, 43, 46, 61, 42, 51, 46, 51, 47, 53, 64, 48, 47, 60, 58, 49, 50, 63, 65, 53, 63, 72, 66, 54, 57, 55, 68, 57, 64, 64, 60, 64, 73, 69, 68, 61, 78, 66, 71, 75, -1, 80, 71, -1, 82, 74, -1, 81, 82, 72, 74, -1, 73, -1, 73, -1, 77, 76, -1, -1, 78, -1, -1, -1, -1, -1, -1, -1, -1]","[0, 0, 0, 0, 0, 0, 0, 0, 0, 0, 0, 0, 0, 0, 0, 0, 0, 0, 0, 0, 0, 0, 0, 0, 0, 0, 0, 0, 0, 0, 0, 0, 0, 0, 0, 0, 0, 0, 0, 0, 0, 0, 0, 0, 0, 0, 0, 0, 0, 0, 0, 0, 0, 0, 0, 0, 0, 0, 0, 0, 0, 0, 0, 0, 0, 0, 0, 0, 0, 0, 0, 0, 0, 0, 0, 0, 0, 0, 0, 0, 0, 0, 0, 0, 0, 0, 883.9216399802406, 0, 0, 3145.078360019759, 0, 0, 2014.5, 0, 0, 0, 0, 2014.5, 0, 4029.0, 0, 4029.0, 0, 0, 4029.0, 2963.1157877191445, 0, 4029.0, 2042.8806771752543, 4029.0, 1065.884212280855, 4029.0, 1986.1193228247455, 4029.0, 4029.0]","[0, 0, 0, 0, 0, 0, 0, 0, 0, 0, 0, 0, 0, 0, 0, 0, 0, 0, 0, 0, 0, 0, 0, 0, 0, 0, 0, 0, 0, 0, 0, 0, 0, 0, 0, 0, 0, 0, 0, 0, 0, 0, 0, 0, 0, 0, 0, 0, 0, 0, 0, 0, 0, 0, 0, 0, 0, 0, 0, 0, 0, 0, 0, 0, 0, 0, 0, 0, 0, 0, 0, 0, 0, 0, 0, 0, 0, 0, 0, 0, 0, 0, 0, 0, 0, 0, (482.3444, 0.0026666666666666666, 0.0030666666666666668), 0, 0, (746.5854, 1.6389333333333334, 1.749), 0, 0, (272.62946666666676, 0.0018666666666666666, 0.0016), 0, 0, 0, 0, (0.0, 0.004666666666666667, 6.666666666666668e-05), 0, (134.2176, 0.8891333333333333, 0.7291333333333333), 0, (299.8922, 0.2914, 0.05526666666666666), 0, 0, (459.97486666666657, 0.0, 0.0), (111.1486, 0.03153333333333334, 0.0434), 0, (450.887, 3.747866666666667, 0.0224), (127.92593333333336, 0.0005333333333333334, 0.0002), (0.0, 0.0046, 6.666666666666668e-05), (30.932599999999997, 11.007200000000001, 11.033333333333335), (131.4214, 0.9578666666666666, 0.7716000000000001), (0.0, 0.0044, 0.0), (281.018, 0.42160000000000003, 0.13533333333333333), (0.0, 0.0, 0.0)]","[0, 0, 0, 0, 0, 0, 0, 0, 0, 0, 0, 0, 0, 0, 0, 0, 0, 0, 0, 0, 0, 0, 0, 0, 0, 0, 0, 0, 0, 0, 0, 0, 0, 0, 0, 0, 0, 0, 0, 0, 0, 0, 0, 0, 0, 0, 0, 0, 0, 0, 0, 0, 0, 0, 0, 0, 0, 0, 0, 0, 0, 0, 0, 0, 0, 0, 0, 0, 0, 0, 0, 0, 0, 0, 0, 0, 0, 0, 0, 0, 0, 0, 0, 0, 0, 0, (2, 0.0, 0.0005), 0, 0, (1, 0.0016833333333333331, 0.04975), 0, 0, (3, 0.0004166666666666666, 0.026177777777777776), 0, 0, 0, 0, (3, 0.0, 0.0013333333333333333), 0, (2, 1.666666666666667e-05, 0.00786111111111111), 0, (1, 0.0, 0.0008333333333333334), 0, 0, (3, 0.0192, 0.013244444444444444), (3, 0.0009, 0.029877777777777774), 0, (3, 1.666666666666667e-05, 0.0003444444444444445), (1, 0.0, 0.0015222222222222221), (2, 0.0, 0.0012166666666666667), (3, 0.0, 2.2222222222222223e-05), (2, 0.0, 0.010555555555555558), (1, 0.0, 0.0008277777777777778), (3, 1.666666666666667e-05, 0.2272388888888889), (2, 0.0, 0.0)]","[-1, -1, -1, -1, -1, -1, -1, -1, -1, -1, -1, -1, -1, -1, -1, -1, -1, -1, -1, -1, -1, -1, -1, -1, -1, -1, -1, -1, -1, -1, -1, -1, -1, -1, -1, -1, -1, -1, -1, -1, -1, -1, -1, -1, -1, -1, -1, -1, -1, -1, -1, -1, -1, -1, -1, -1, -1, -1, -1, -1, -1, -1, -1, -1, -1, -1, -1, -1, -1, -1, -1, -1, -1, -1, -1, -1, -1, -1, -1, -1, -1, -1, -1, -1, -1, -1, 8, -1, -1, 8, -1, -1, 15, -1, -1, -1, -1, 15, -1, 11, -1, 14, -1, -1, 13, 10, -1, 1, 7, 4, 10, 3, 7, 6, 0]","[False, False, False, False, False, False, False, False, False, False, False, False, False, False, False, False, False, False, False, False, False, False, False, False, False, False, False, False, False, False, False, False, False, False, False, False, False, False, False, False, False, False, False, False, False, False, False, False, False, False, False, False, False, False, False, False, False, False, False, False, False, False, False, False, False, False, False, False, False, False, False, False, False, False, False, False, False, False, False, False, False, False, False, False, False, False, True, False, False, True, False, False, True, False, False, False, False, True, False, True, False, True, False, False, True, True, False, True, True, True, True, True, True, True, True]"
84,"[0, 0, 0, 0, 0, 0, 0, 0, 0, 0, 0, 0, 0, 0, 0, 0, 0, 0, 0, 0, 0, 0, 0, 0, 0, 0, 0, 0, 0, 0, 0, 0, 0, 0, 0, 0, 0, 0, 0, 0, 0, 0, 0, 0, 0, 0, 0, 0, 0, 0, 0, 0, 0, 0, 0, 0, 0, 0, 0, 0, 0, 0, 0, 0, 0, 0, 0, 0, 0, 0, 0, 0, 0, 0, 0, 0, 0, 0, 0, 0, 0, 0, 0, 0, 0, 0, 1098.4950103683113, 0, 0, 3136.0008451305875, 0, 0, 0, 0, 0, 0, 0, 0, 0, 0, 0, 1205.339500794318, 0, 0, 0, 2842.73561978406, 0, 0, 554.2559608139378, 0, 1198.6617929554236, 1596.1861921402513, 520.8668579276933, 1409.0117734429248, 3065.1014408071205, 1646.6233023008167, 520.8668579276933, 744.572766635591]","[0, 0, 0, 0, 0, 0, 1, 1, 1, 2, 2, 2, 2, 2, 3, 3, 3, 3, 3, 3, 3, 3, 4, 4, 4, 4, 4, 4, 5, 5, 5, 5, 5, 6, 6, 6, 6, 6, 6, 7, 7, 7, 8, 8, 8, 8, 8, 8, 8, 9, 9, 9, 10, 10, 10, 10, 10, 10, 11, 11, 12, 12, 12, 12, 12, 12, 13, 13, 13, 13, 13, 14, 14, 14, 14, 15, 16, 16, 16, 16, 16, 17, 17, 17, 17, 18, 18, 18, 19, 19, 19, 19, 19, 19, 20, 20, 21, 21, 21, 21, 21, 22, 22, 22, 22, 22, 22, 23, 23, 23, 23, 24, 24, 24, 25, 25, 25, 25]","[1, 1, 1, 1, 1, 3, 3, 2, 2, 3, 3, 7, 3, 3, 4, 4, 5, 8, 8, 9, 10, 12, 13, 13, 15, 19, 20, 22, 23, 24, 24, 25, 25, 33, 26, 26, 27, 28, 28, 29, 30, 31, 33, 33, 34, 35, 36, 37, 37, 38, 38, 38, 39, 41, 40, 41, 41, 41, 42, 44, 44, 44, 45, 46, 51, 47, 47, 48, 49, 50, 51, 51, 53, 53, 54, 55, 55, 57, 57, 58, 61, 60, 61, 61, 63, 63, 64, 64, 65, 64, 65, 66, 66, 68, 68, 69, 69, 71, 71, 72, 72, 73, 73, 73, 75, 74, 75, 76, 77, 78, 78, 80, 81, 82, 83, 84, 84, 84]","[13, 9, 25, 5, 10, 24, 25, 25, 8, 15, 8, 28, 24, 26, 11, 12, 31, 28, 20, 26, 26, 21, 19, 30, 33, 23, 34, 38, 28, 38, 33, 42, 36, 55, 37, 44, 38, 41, 37, 45, 41, 35, 40, 40, 39, 69, 41, 43, 46, 61, 42, 51, 46, 51, 47, 53, 64, 48, 47, 60, 58, 49, 50, 63, 65, 53, 63, 72, 66, 54, 57, 55, 68, 57, 64, 64, 60, 64, 73, 69, 68, 61, 78, 66, 71, 75, -1, 80, 71, -1, 82, 74, 84, 81, 82, 72, 74, 84, 73, 84, 73, -1, 77, 76, 84, -1, 78, -1, -1, -1, -1, -1, -1, -1, -1, -1, -1, -1]","[0, 0, 0, 0, 0, 0, 0, 0, 0, 0, 0, 0, 0, 0, 0, 0, 0, 0, 0, 0, 0, 0, 0, 0, 0, 0, 0, 0, 0, 0, 0, 0, 0, 0, 0, 0, 0, 0, 0, 0, 0, 0, 0, 0, 0, 0, 0, 0, 0, 0, 0, 0, 0, 0, 0, 0, 0, 0, 0, 0, 0, 0, 0, 0, 0, 0, 0, 0, 0, 0, 0, 0, 0, 0, 0, 0, 0, 0, 0, 0, 0, 0, 0, 0, 0, 0, 995.7470826188619, 0, 0, 3033.252917381138, 0, 0, 0, 0, 0, 0, 0, 0, 0, 0, 0, 4029.0, 0, 0, 0, 2836.5369134143184, 0, 4029.0, 2031.1945514431222, 4029.0, 1192.4630865856818, 4029.0, 1997.8054485568778, 1895.6942355710542, 4029.0, 2133.305764428946, 4029.0, 4029.0]","[0, 0, 0, 0, 0, 0, 0, 0, 0, 0, 0, 0, 0, 0, 0, 0, 0, 0, 0, 0, 0, 0, 0, 0, 0, 0, 0, 0, 0, 0, 0, 0, 0, 0, 0, 0, 0, 0, 0, 0, 0, 0, 0, 0, 0, 0, 0, 0, 0, 0, 0, 0, 0, 0, 0, 0, 0, 0, 0, 0, 0, 0, 0, 0, 0, 0, 0, 0, 0, 0, 0, 0, 0, 0, 0, 0, 0, 0, 0, 0, 0, 0, 0, 0, 0, 0, (464.169, 0.0016666666666666668, 0.0012666666666666666), 0, 0, (606.7754, 1.5655999999999999, 1.7066), 0, 0, 0, 0, 0, 0, 0, 0, 0, 0, 0, (294.2998, 0.28173333333333334, 0.05493333333333333), 0, 0, 0, (97.86666666666669, 0.0338, 0.023066666666666666), 0, (434.1098, 1.2283333333333333, 0.020466666666666664), (79.69133333333332, 0.0007333333333333332, 0.0002666666666666667), (0.0, 0.004666666666666667, 6.666666666666668e-05), (29.2284, 11.277066666666668, 11.304066666666667), (153.791, 0.9633999999999999, 0.7669333333333332), (0.0, 0.0046, 0.00013333333333333334), (255.852, 0.49213333333333326, 0.15953333333333333), (0.0, 0.0, 0.0), (125.829, 0.9397333333333332, 0.7602666666666668), (0.0, 0.0046, 6.666666666666668e-05), (142.60586666666666, 0.0007333333333333332, 0.0006)]","[0, 0, 0, 0, 0, 0, 0, 0, 0, 0, 0, 0, 0, 0, 0, 0, 0, 0, 0, 0, 0, 0, 0, 0, 0, 0, 0, 0, 0, 0, 0, 0, 0, 0, 0, 0, 0, 0, 0, 0, 0, 0, 0, 0, 0, 0, 0, 0, 0, 0, 0, 0, 0, 0, 0, 0, 0, 0, 0, 0, 0, 0, 0, 0, 0, 0, 0, 0, 0, 0, 0, 0, 0, 0, 0, 0, 0, 0, 0, 0, 0, 0, 0, 0, 0, 0, (2, 0.0, 0.0005055555555555555), 0, 0, (1, 0.0, 0.0005055555555555555), 0, 0, 0, 0, 0, 0, 0, 0, 0, 0, 0, (1, 0.0, 0.001), 0, 0, 0, (3, 0.0, 0.02947777777777778), 0, (3, 0.0, 0.0004555555555555556), (1, 0.0, 0.0016666666666666668), (2, 0.0, 0.001261111111111111), (3, 0.0, 2.2222222222222223e-05), (2, 0.0, 0.0117), (1, 0.0, 0.0008111111111111112), (3, 8.333333333333333e-05, 0.28617777777777775), (2, 0.0, 0.0), (2, 0.0, 0.009888888888888888), (1, 0.0, 0.0008722222222222223), (1, 0.0, 0.02883888888888889)]","[-1, -1, -1, -1, -1, -1, -1, -1, -1, -1, -1, -1, -1, -1, -1, -1, -1, -1, -1, -1, -1, -1, -1, -1, -1, -1, -1, -1, -1, -1, -1, -1, -1, -1, -1, -1, -1, -1, -1, -1, -1, -1, -1, -1, -1, -1, -1, -1, -1, -1, -1, -1, -1, -1, -1, -1, -1, -1, -1, -1, -1, -1, -1, -1, -1, -1, -1, -1, -1, -1, -1, -1, -1, -1, -1, -1, -1, -1, -1, -1, -1, -1, -1, -1, -1, -1, 8, -1, -1, 8, -1, -1, -1, -1, -1, -1, -1, -1, -1, -1, -1, 14, -1, -1, -1, 10, -1, 1, 7, 4, 10, 3, 7, 6, 0, 6, 11, 5]","[False, False, False, False, False, False, False, False, False, False, False, False, False, False, False, False, False, False, False, False, False, False, False, False, False, False, False, False, False, False, False, False, False, False, False, False, False, False, False, False, False, False, False, False, False, False, False, False, False, False, False, False, False, False, False, False, False, False, False, False, False, False, False, False, False, False, False, False, False, False, False, False, False, False, False, False, False, False, False, False, False, False, False, False, False, False, True, False, False, True, False, False, False, False, False, False, False, False, False, False, False, True, False, False, False, True, False, True, True, True, True, True, True, True, True, True, True, True]"
85,"[0, 0, 0, 0, 0, 0, 0, 0, 0, 0, 0, 0, 0, 0, 0, 0, 0, 0, 0, 0, 0, 0, 0, 0, 0, 0, 0, 0, 0, 0, 0, 0, 0, 0, 0, 0, 0, 0, 0, 0, 0, 0, 0, 0, 0, 0, 0, 0, 0, 0, 0, 0, 0, 0, 0, 0, 0, 0, 0, 0, 0, 0, 0, 0, 0, 0, 0, 0, 0, 0, 0, 0, 0, 0, 0, 0, 0, 0, 0, 0, 0, 0, 0, 0, 0, 0, 1075.1227761051555, 0, 0, 3097.431298312519, 0, 0, 0, 0, 0, 0, 0, 0, 0, 0, 0, 1238.7284066334953, 0, 0, 0, 2867.38361648739, 0, 0, 0, 0, 1178.6284482263632, 1655.52396879974, 0, 1816.3564093671823, 2911.512479720924, 1622.8881916370212, 530.8835282724567, 2180.662757134983, 554.2559608139378, 922.7020845904912, 1071.7839430047102]","[0, 0, 0, 0, 0, 0, 1, 1, 1, 2, 2, 2, 2, 2, 3, 3, 3, 3, 3, 3, 3, 3, 4, 4, 4, 4, 4, 4, 5, 5, 5, 5, 5, 6, 6, 6, 6, 6, 6, 7, 7, 7, 8, 8, 8, 8, 8, 8, 8, 9, 9, 9, 10, 10, 10, 10, 10, 10, 11, 11, 12, 12, 12, 12, 12, 12, 13, 13, 13, 13, 13, 14, 14, 14, 14, 15, 16, 16, 16, 16, 16, 17, 17, 17, 17, 18, 18, 18, 19, 19, 19, 19, 19, 19, 20, 20, 21, 21, 21, 21, 21, 22, 22, 22, 22, 22, 22, 23, 23, 23, 23, 24, 24, 24, 25, 25, 25, 25, 25, 25, 25]","[1, 1, 1, 1, 1, 3, 3, 2, 2, 3, 3, 7, 3, 3, 4, 4, 5, 8, 8, 9, 10, 12, 13, 13, 15, 19, 20, 22, 23, 24, 24, 25, 25, 33, 26, 26, 27, 28, 28, 29, 30, 31, 33, 33, 34, 35, 36, 37, 37, 38, 38, 38, 39, 41, 40, 41, 41, 41, 42, 44, 44, 44, 45, 46, 51, 47, 47, 48, 49, 50, 51, 51, 53, 53, 54, 55, 55, 57, 57, 58, 61, 60, 61, 61, 63, 63, 64, 64, 65, 64, 65, 66, 66, 68, 68, 69, 69, 71, 71, 72, 72, 73, 73, 73, 75, 74, 75, 76, 77, 78, 78, 80, 81, 82, 83, 84, 84, 85, 84, 85, 85]","[13, 9, 25, 5, 10, 24, 25, 25, 8, 15, 8, 28, 24, 26, 11, 12, 31, 28, 20, 26, 26, 21, 19, 30, 33, 23, 34, 38, 28, 38, 33, 42, 36, 55, 37, 44, 38, 41, 37, 45, 41, 35, 40, 40, 39, 69, 41, 43, 46, 61, 42, 51, 46, 51, 47, 53, 64, 48, 47, 60, 58, 49, 50, 63, 65, 53, 63, 72, 66, 54, 57, 55, 68, 57, 64, 64, 60, 64, 73, 69, 68, 61, 78, 66, 71, 75, -1, 80, 71, -1, 82, 74, 84, 81, 82, 72, 74, 84, 73, 84, 73, -1, 77, 76, 84, -1, 78, 85, -1, 85, -1, -1, -1, -1, -1, -1, -1, -1, -1, -1, -1]","[0, 0, 0, 0, 0, 0, 0, 0, 0, 0, 0, 0, 0, 0, 0, 0, 0, 0, 0, 0, 0, 0, 0, 0, 0, 0, 0, 0, 0, 0, 0, 0, 0, 0, 0, 0, 0, 0, 0, 0, 0, 0, 0, 0, 0, 0, 0, 0, 0, 0, 0, 0, 0, 0, 0, 0, 0, 0, 0, 0, 0, 0, 0, 0, 0, 0, 0, 0, 0, 0, 0, 0, 0, 0, 0, 0, 0, 0, 0, 0, 0, 0, 0, 0, 0, 0, 1003.3457388963184, 0, 0, 3025.654261103682, 0, 0, 0, 0, 0, 0, 0, 0, 0, 0, 0, 2097.972231814392, 0, 0, 0, 2858.8775841305132, 0, 0, 2014.5, 0, 1170.1224158694865, 4029.0, 2014.5, 2111.2341088650805, 4029.0, 1917.7658911349195, 4029.0, 2643.480336272246, 4029.0, 1385.519663727754, 1931.0277681856073]","[0, 0, 0, 0, 0, 0, 0, 0, 0, 0, 0, 0, 0, 0, 0, 0, 0, 0, 0, 0, 0, 0, 0, 0, 0, 0, 0, 0, 0, 0, 0, 0, 0, 0, 0, 0, 0, 0, 0, 0, 0, 0, 0, 0, 0, 0, 0, 0, 0, 0, 0, 0, 0, 0, 0, 0, 0, 0, 0, 0, 0, 0, 0, 0, 0, 0, 0, 0, 0, 0, 0, 0, 0, 0, 0, 0, 0, 0, 0, 0, 0, 0, 0, 0, 0, 0, (479.5481333333334, 0.005333333333333333, 0.005333333333333333), 0, 0, (469.7616, 1.4955999999999998, 1.822733333333333), 0, 0, 0, 0, 0, 0, 0, 0, 0, 0, 0, (281.7169333333334, 0.28753333333333336, 0.054), 0, 0, 0, (98.5656, 0.03406666666666667, 0.023066666666666666), 0, 0, (121.6344, 0.0005333333333333334, 0.0002), 0, (27.96146666666667, 11.744666666666664, 11.770666666666664), (125.829, 0.9370666666666667, 0.7570666666666667), (0.0, 0.004533333333333333, 0.0), (226.49179999999998, 0.6, 0.19540000000000002), (0.0, 0.0, 0.0), (139.81, 0.972, 0.7780666666666667), (0.0, 0.004733333333333333, 0.00013333333333333334), (473.9556, 4.806, 0.02386666666666667), (98.56566666666669, 0.0007333333333333332, 0.0002666666666666667), (97.867, 0.5311333333333333, 0.4374666666666666), (125.829, 0.0033333333333333335, 0.0012666666666666666)]","[0, 0, 0, 0, 0, 0, 0, 0, 0, 0, 0, 0, 0, 0, 0, 0, 0, 0, 0, 0, 0, 0, 0, 0, 0, 0, 0, 0, 0, 0, 0, 0, 0, 0, 0, 0, 0, 0, 0, 0, 0, 0, 0, 0, 0, 0, 0, 0, 0, 0, 0, 0, 0, 0, 0, 0, 0, 0, 0, 0, 0, 0, 0, 0, 0, 0, 0, 0, 0, 0, 0, 0, 0, 0, 0, 0, 0, 0, 0, 0, 0, 0, 0, 0, 0, 0, (2, 0.0, 0.0005222222222222223), 0, 0, (1, 0.24515, 0.08227777777777777), 0, 0, 0, 0, 0, 0, 0, 0, 0, 0, 0, (1, 0.0, 0.00115), 0, 0, 0, (3, 0.0, 0.029166666666666667), 0, 0, (1, 0.0, 0.0015611111111111112), 0, (3, 0.0, 2.2222222222222223e-05), (2, 0.06273333333333334, 0.031105555555555553), (1, 0.0, 0.0008055555555555557), (3, 0.00016666666666666666, 0.37338333333333334), (2, 0.0, 0.0), (2, 0.0, 0.011461111111111111), (1, 0.0, 0.0008388888888888889), (1, 0.0, 0.005094444444444444), (1, 0.0, 0.0016666666666666668), (1, 0.0, 0.0014666666666666662), (3, 0.0, 0.0006444444444444443)]","[-1, -1, -1, -1, -1, -1, -1, -1, -1, -1, -1, -1, -1, -1, -1, -1, -1, -1, -1, -1, -1, -1, -1, -1, -1, -1, -1, -1, -1, -1, -1, -1, -1, -1, -1, -1, -1, -1, -1, -1, -1, -1, -1, -1, -1, -1, -1, -1, -1, -1, -1, -1, -1, -1, -1, -1, -1, -1, -1, -1, -1, -1, -1, -1, -1, -1, -1, -1, -1, -1, -1, -1, -1, -1, -1, -1, -1, -1, -1, -1, -1, -1, -1, -1, -1, -1, 8, -1, -1, 8, -1, -1, -1, -1, -1, -1, -1, -1, -1, -1, -1, 14, -1, -1, -1, 10, -1, -1, 7, -1, 10, 3, 7, 6, 0, 6, 11, 4, 5, 4, 14]","[False, False, False, False, False, False, False, False, False, False, False, False, False, False, False, False, False, False, False, False, False, False, False, False, False, False, False, False, False, False, False, False, False, False, False, False, False, False, False, False, False, False, False, False, False, False, False, False, False, False, False, False, False, False, False, False, False, False, False, False, False, False, False, False, False, False, False, False, False, False, False, False, False, False, False, False, False, False, False, False, False, False, False, False, False, False, True, False, False, True, False, False, False, False, False, False, False, False, False, False, False, True, False, False, False, True, False, False, True, False, True, True, True, True, True, True, True, True, True, True, True]"
86,"[0, 0, 0, 0, 0, 0, 0, 0, 0, 0, 0, 0, 0, 0, 0, 0, 0, 0, 0, 0, 0, 0, 0, 0, 0, 0, 0, 0, 0, 0, 0, 0, 0, 0, 0, 0, 0, 0, 0, 0, 0, 0, 0, 0, 0, 0, 0, 0, 0, 0, 0, 0, 0, 0, 0, 0, 0, 0, 0, 0, 0, 0, 0, 0, 0, 0, 0, 0, 0, 0, 0, 0, 0, 0, 0, 0, 0, 0, 0, 0, 0, 0, 0, 0, 0, 0, 1055.0894324510223, 0, 0, 2097.589969259532, 0, 0, 0, 0, 0, 0, 0, 0, 0, 0, 0, 1255.4228595530844, 0, 0, 0, 3604.08485128692, 0, 0, 0, 0, 1141.90064955642, 2278.570623724373, 0, 2230.3788262082307, 3145.2348118086134, 1578.3848591424044, 0, 1462.6758357381586, 0, 925.6689723222934, 1068.445052216534, 3121.8625785998443, 652.7155422502]","[0, 0, 0, 0, 0, 0, 1, 1, 1, 2, 2, 2, 2, 2, 3, 3, 3, 3, 3, 3, 3, 3, 4, 4, 4, 4, 4, 4, 5, 5, 5, 5, 5, 6, 6, 6, 6, 6, 6, 7, 7, 7, 8, 8, 8, 8, 8, 8, 8, 9, 9, 9, 10, 10, 10, 10, 10, 10, 11, 11, 12, 12, 12, 12, 12, 12, 13, 13, 13, 13, 13, 14, 14, 14, 14, 15, 16, 16, 16, 16, 16, 17, 17, 17, 17, 18, 18, 18, 19, 19, 19, 19, 19, 19, 20, 20, 21, 21, 21, 21, 21, 22, 22, 22, 22, 22, 22, 23, 23, 23, 23, 24, 24, 24, 25, 25, 25, 25, 25, 25, 25, 26, 26]","[1, 1, 1, 1, 1, 3, 3, 2, 2, 3, 3, 7, 3, 3, 4, 4, 5, 8, 8, 9, 10, 12, 13, 13, 15, 19, 20, 22, 23, 24, 24, 25, 25, 33, 26, 26, 27, 28, 28, 29, 30, 31, 33, 33, 34, 35, 36, 37, 37, 38, 38, 38, 39, 41, 40, 41, 41, 41, 42, 44, 44, 44, 45, 46, 51, 47, 47, 48, 49, 50, 51, 51, 53, 53, 54, 55, 55, 57, 57, 58, 61, 60, 61, 61, 63, 63, 64, 64, 65, 64, 65, 66, 66, 68, 68, 69, 69, 71, 71, 72, 72, 73, 73, 73, 75, 74, 75, 76, 77, 78, 78, 80, 81, 82, 83, 84, 84, 85, 84, 85, 85, 86, 86]","[13, 9, 25, 5, 10, 24, 25, 25, 8, 15, 8, 28, 24, 26, 11, 12, 31, 28, 20, 26, 26, 21, 19, 30, 33, 23, 34, 38, 28, 38, 33, 42, 36, 55, 37, 44, 38, 41, 37, 45, 41, 35, 40, 40, 39, 69, 41, 43, 46, 61, 42, 51, 46, 51, 47, 53, 64, 48, 47, 60, 58, 49, 50, 63, 65, 53, 63, 72, 66, 54, 57, 55, 68, 57, 64, 64, 60, 64, 73, 69, 68, 61, 78, 66, 71, 75, -1, 80, 71, -1, 82, 74, 84, 81, 82, 72, 74, 84, 73, 84, 73, -1, 77, 76, 84, -1, 78, 85, 86, 85, -1, -1, 86, -1, -1, -1, -1, -1, -1, -1, -1, -1, -1]","[0, 0, 0, 0, 0, 0, 0, 0, 0, 0, 0, 0, 0, 0, 0, 0, 0, 0, 0, 0, 0, 0, 0, 0, 0, 0, 0, 0, 0, 0, 0, 0, 0, 0, 0, 0, 0, 0, 0, 0, 0, 0, 0, 0, 0, 0, 0, 0, 0, 0, 0, 0, 0, 0, 0, 0, 0, 0, 0, 0, 0, 0, 0, 0, 0, 0, 0, 0, 0, 0, 0, 0, 0, 0, 0, 0, 0, 0, 0, 0, 0, 0, 0, 0, 0, 0, 1493.249731595745, 0, 0, 2535.7502684042547, 0, 0, 0, 0, 0, 0, 0, 0, 0, 0, 0, 2107.9889036682753, 0, 0, 0, 3245.59210086525, 0, 0, 0, 0, 783.4078991347496, 4029.0, 0, 2340.496983532913, 4029.0, 1688.5030164670868, 4029.0, 2283.0034317079326, 4029.0, 1745.9965682920674, 1921.0110963317247, 4029.0, 4029.0]","[0, 0, 0, 0, 0, 0, 0, 0, 0, 0, 0, 0, 0, 0, 0, 0, 0, 0, 0, 0, 0, 0, 0, 0, 0, 0, 0, 0, 0, 0, 0, 0, 0, 0, 0, 0, 0, 0, 0, 0, 0, 0, 0, 0, 0, 0, 0, 0, 0, 0, 0, 0, 0, 0, 0, 0, 0, 0, 0, 0, 0, 0, 0, 0, 0, 0, 0, 0, 0, 0, 0, 0, 0, 0, 0, 0, 0, 0, 0, 0, 0, 0, 0, 0, 0, 0, (520.0932, 0.0015333333333333334, 0.0012), 0, 0, (436.2072, 0.7686666666666665, 1.4219333333333335), 0, 0, 0, 0, 0, 0, 0, 0, 0, 0, 0, (282.41613333333333, 0.3092, 0.0536), 0, 0, 0, (159.383, 0.27046666666666663, 0.022466666666666666), 0, 0, 0, 0, (28.00533333333333, 10.849266666666667, 10.8736), (226.49220000000003, 0.9202666666666668, 0.7430666666666668), 0, (209.7148, 0.7276, 0.23566666666666664), (0.0, 0.0, 0.0), (184.5492, 0.9548666666666666, 0.7652666666666668), (0.0, 0.0044, 0.0), (384.4776, 1.923, 0.024933333333333335), (121.6344, 0.0005333333333333334, 0.0002), (114.6442, 0.5428, 0.4749333333333333), (170.56820000000002, 0.0034, 0.0014666666666666665), (0.0, 0.0, 0.0), (433.41086666666666, 0.0023333333333333335, 0.0030666666666666668)]","[0, 0, 0, 0, 0, 0, 0, 0, 0, 0, 0, 0, 0, 0, 0, 0, 0, 0, 0, 0, 0, 0, 0, 0, 0, 0, 0, 0, 0, 0, 0, 0, 0, 0, 0, 0, 0, 0, 0, 0, 0, 0, 0, 0, 0, 0, 0, 0, 0, 0, 0, 0, 0, 0, 0, 0, 0, 0, 0, 0, 0, 0, 0, 0, 0, 0, 0, 0, 0, 0, 0, 0, 0, 0, 0, 0, 0, 0, 0, 0, 0, 0, 0, 0, 0, 0, (2, 0.0, 0.0005111111111111112), 0, 0, (1, 0.0, 0.0004555555555555556), 0, 0, 0, 0, 0, 0, 0, 0, 0, 0, 0, (1, 0.0, 0.0005888888888888889), 0, 0, 0, (3, 0.0013666666666666669, 0.02918888888888889), 0, 0, 0, 0, (3, 0.0, 1.6666666666666667e-05), (2, 0.09268333333333334, 0.011455555555555556), 0, (3, 0.00021666666666666668, 0.5190777777777777), (2, 0.0, 0.0), (2, 1.666666666666667e-05, 0.010605555555555557), (1, 0.0, 0.0008277777777777778), (1, 0.0, 0.005011111111111111), (1, 0.0, 0.0015388888888888887), (1, 0.0, 0.001527777777777778), (3, 0.0, 0.0005666666666666666), (2, 0.0, 0.0), (1, 0.011300000000000001, 0.0010833333333333333)]","[-1, -1, -1, -1, -1, -1, -1, -1, -1, -1, -1, -1, -1, -1, -1, -1, -1, -1, -1, -1, -1, -1, -1, -1, -1, -1, -1, -1, -1, -1, -1, -1, -1, -1, -1, -1, -1, -1, -1, -1, -1, -1, -1, -1, -1, -1, -1, -1, -1, -1, -1, -1, -1, -1, -1, -1, -1, -1, -1, -1, -1, -1, -1, -1, -1, -1, -1, -1, -1, -1, -1, -1, -1, -1, -1, -1, -1, -1, -1, -1, -1, -1, -1, -1, -1, -1, 8, -1, -1, 8, -1, -1, -1, -1, -1, -1, -1, -1, -1, -1, -1, 14, -1, -1, -1, 10, -1, -1, -1, -1, 10, 3, -1, 6, 0, 6, 11, 4, 5, 4, 14, 1, 7]","[False, False, False, False, False, False, False, False, False, False, False, False, False, False, False, False, False, False, False, False, False, False, False, False, False, False, False, False, False, False, False, False, False, False, False, False, False, False, False, False, False, False, False, False, False, False, False, False, False, False, False, False, False, False, False, False, False, False, False, False, False, False, False, False, False, False, False, False, False, False, False, False, False, False, False, False, False, False, False, False, False, False, False, False, False, False, True, False, False, True, False, False, False, False, False, False, False, False, False, False, False, True, False, False, False, True, False, False, False, False, True, True, False, True, True, True, True, True, True, True, True, True, True]"
87,"[0, 0, 0, 0, 0, 0, 0, 0, 0, 0, 0, 0, 0, 0, 0, 0, 0, 0, 0, 0, 0, 0, 0, 0, 0, 0, 0, 0, 0, 0, 0, 0, 0, 0, 0, 0, 0, 0, 0, 0, 0, 0, 0, 0, 0, 0, 0, 0, 0, 0, 0, 0, 0, 0, 0, 0, 0, 0, 0, 0, 0, 0, 0, 0, 0, 0, 0, 0, 0, 0, 0, 0, 0, 0, 0, 0, 0, 0, 0, 0, 0, 0, 0, 0, 0, 0, 1031.7171981878666, 0, 0, 1744.5302714633733, 0, 0, 0, 0, 0, 0, 0, 0, 0, 0, 0, 0, 0, 0, 0, 4107.999450555, 0, 0, 0, 0, 1148.5784311327734, 1590.2524144743022, 0, 1318.8617310662446, 2988.3069602640226, 1622.8881916370212, 0, 2530.7555535185593, 0, 928.6358600540952, 1095.1561785219467, 3065.1014408071205, 634.9142092797401, 599.3113997345512, 450.7502254398]","[0, 0, 0, 0, 0, 0, 1, 1, 1, 2, 2, 2, 2, 2, 3, 3, 3, 3, 3, 3, 3, 3, 4, 4, 4, 4, 4, 4, 5, 5, 5, 5, 5, 6, 6, 6, 6, 6, 6, 7, 7, 7, 8, 8, 8, 8, 8, 8, 8, 9, 9, 9, 10, 10, 10, 10, 10, 10, 11, 11, 12, 12, 12, 12, 12, 12, 13, 13, 13, 13, 13, 14, 14, 14, 14, 15, 16, 16, 16, 16, 16, 17, 17, 17, 17, 18, 18, 18, 19, 19, 19, 19, 19, 19, 20, 20, 21, 21, 21, 21, 21, 22, 22, 22, 22, 22, 22, 23, 23, 23, 23, 24, 24, 24, 25, 25, 25, 25, 25, 25, 25, 26, 26, 26, 26]","[1, 1, 1, 1, 1, 3, 3, 2, 2, 3, 3, 7, 3, 3, 4, 4, 5, 8, 8, 9, 10, 12, 13, 13, 15, 19, 20, 22, 23, 24, 24, 25, 25, 33, 26, 26, 27, 28, 28, 29, 30, 31, 33, 33, 34, 35, 36, 37, 37, 38, 38, 38, 39, 41, 40, 41, 41, 41, 42, 44, 44, 44, 45, 46, 51, 47, 47, 48, 49, 50, 51, 51, 53, 53, 54, 55, 55, 57, 57, 58, 61, 60, 61, 61, 63, 63, 64, 64, 65, 64, 65, 66, 66, 68, 68, 69, 69, 71, 71, 72, 72, 73, 73, 73, 75, 74, 75, 76, 77, 78, 78, 80, 81, 82, 83, 84, 84, 85, 84, 85, 85, 86, 86, 87, 87]","[13, 9, 25, 5, 10, 24, 25, 25, 8, 15, 8, 28, 24, 26, 11, 12, 31, 28, 20, 26, 26, 21, 19, 30, 33, 23, 34, 38, 28, 38, 33, 42, 36, 55, 37, 44, 38, 41, 37, 45, 41, 35, 40, 40, 39, 69, 41, 43, 46, 61, 42, 51, 46, 51, 47, 53, 64, 48, 47, 60, 58, 49, 50, 63, 65, 53, 63, 72, 66, 54, 57, 55, 68, 57, 64, 64, 60, 64, 73, 69, 68, 61, 78, 66, 71, 75, -1, 80, 71, -1, 82, 74, 84, 81, 82, 72, 74, 84, 73, 84, 73, -1, 77, 76, 84, -1, 78, 85, 86, 85, -1, -1, 86, -1, -1, -1, 87, -1, 87, -1, -1, -1, -1, -1, -1]","[0, 0, 0, 0, 0, 0, 0, 0, 0, 0, 0, 0, 0, 0, 0, 0, 0, 0, 0, 0, 0, 0, 0, 0, 0, 0, 0, 0, 0, 0, 0, 0, 0, 0, 0, 0, 0, 0, 0, 0, 0, 0, 0, 0, 0, 0, 0, 0, 0, 0, 0, 0, 0, 0, 0, 0, 0, 0, 0, 0, 0, 0, 0, 0, 0, 0, 0, 0, 0, 0, 0, 0, 0, 0, 0, 0, 0, 0, 0, 0, 0, 0, 0, 0, 0, 0, 1658.0934633622467, 0, 0, 2370.9065366377536, 0, 0, 0, 0, 0, 0, 0, 0, 0, 0, 0, 1466.9219107390268, 0, 0, 0, 3494.2105097111134, 0, 0, 0, 0, 534.7894902888866, 4029.0, 0, 1862.4867697146117, 4029.0, 2166.513230285388, 0, 2815.559846732232, 0, 1213.440153267768, 2562.0780892609737, 3321.67560768366, 4029.0, 4029.0, 707.3243923163398]","[0, 0, 0, 0, 0, 0, 0, 0, 0, 0, 0, 0, 0, 0, 0, 0, 0, 0, 0, 0, 0, 0, 0, 0, 0, 0, 0, 0, 0, 0, 0, 0, 0, 0, 0, 0, 0, 0, 0, 0, 0, 0, 0, 0, 0, 0, 0, 0, 0, 0, 0, 0, 0, 0, 0, 0, 0, 0, 0, 0, 0, 0, 0, 0, 0, 0, 0, 0, 0, 0, 0, 0, 0, 0, 0, 0, 0, 0, 0, 0, 0, 0, 0, 0, 0, 0, (483.74240000000003, 0.0032, 0.0032), 0, 0, (360.7098, 0.7321333333333333, 1.3404), 0, 0, 0, 0, 0, 0, 0, 0, 0, 0, 0, (264.94006666666667, 0.23893333333333336, 0.04573333333333334), 0, 0, 0, (234.88039999999998, 0.2981333333333333, 0.018066666666666665), 0, 0, 0, 0, (29.18493333333334, 11.238933333333332, 11.264533333333333), (142.6062, 0.9306666666666665, 0.7520666666666668), 0, (255.852, 0.40273333333333333, 0.13053333333333333), (0.0, 0.0, 0.0), (131.4214, 0.9578666666666666, 0.7716000000000001), 0, (419.43, 3.8347333333333333, 0.0464), 0, (109.0518, 0.5416666666666666, 0.5044666666666666), (170.56820000000002, 0.0033333333333333335, 0.0014), (0.0, 0.0, 0.0), (398.45840000000004, 0.0016666666666666668, 0.0003333333333333333), (0.0, 0.004733333333333333, 0.00013333333333333334), (184.549, 0.0, 0.0)]","[0, 0, 0, 0, 0, 0, 0, 0, 0, 0, 0, 0, 0, 0, 0, 0, 0, 0, 0, 0, 0, 0, 0, 0, 0, 0, 0, 0, 0, 0, 0, 0, 0, 0, 0, 0, 0, 0, 0, 0, 0, 0, 0, 0, 0, 0, 0, 0, 0, 0, 0, 0, 0, 0, 0, 0, 0, 0, 0, 0, 0, 0, 0, 0, 0, 0, 0, 0, 0, 0, 0, 0, 0, 0, 0, 0, 0, 0, 0, 0, 0, 0, 0, 0, 0, 0, (2, 0.0, 0.0004944444444444445), 0, 0, (1, 0.0, 0.00023333333333333333), 0, 0, 0, 0, 0, 0, 0, 0, 0, 0, 0, (1, 0.0, 0.0006888888888888888), 0, 0, 0, (3, 8.333333333333333e-05, 0.02883888888888889), 0, 0, 0, 0, (3, 0.0, 4.4444444444444447e-05), (2, 0.0, 0.012455555555555557), 0, (3, 5e-05, 0.20164999999999994), (2, 0.0, 0.0), (2, 0.0, 0.010555555555555558), 0, (1, 0.00031666666666666665, 0.004988888888888889), 0, (1, 0.0, 0.0017222222222222224), (3, 0.0, 0.0008388888888888889), (2, 0.0, 0.0), (1, 0.015133333333333334, 0.0009777777777777777), (3, 0.0, 0.0014222222222222223), (1, 0.0, 0.00029444444444444445)]","[-1, -1, -1, -1, -1, -1, -1, -1, -1, -1, -1, -1, -1, -1, -1, -1, -1, -1, -1, -1, -1, -1, -1, -1, -1, -1, -1, -1, -1, -1, -1, -1, -1, -1, -1, -1, -1, -1, -1, -1, -1, -1, -1, -1, -1, -1, -1, -1, -1, -1, -1, -1, -1, -1, -1, -1, -1, -1, -1, -1, -1, -1, -1, -1, -1, -1, -1, -1, -1, -1, -1, -1, -1, -1, -1, -1, -1, -1, -1, -1, -1, -1, -1, -1, -1, -1, 8, -1, -1, 8, -1, -1, -1, -1, -1, -1, -1, -1, -1, -1, -1, 14, -1, -1, -1, 10, -1, -1, -1, -1, 10, 3, -1, 6, 0, 6, -1, 4, -1, 4, 14, 1, 7, 11, 1]","[False, False, False, False, False, False, False, False, False, False, False, False, False, False, False, False, False, False, False, False, False, False, False, False, False, False, False, False, False, False, False, False, False, False, False, False, False, False, False, False, False, False, False, False, False, False, False, False, False, False, False, False, False, False, False, False, False, False, False, False, False, False, False, False, False, False, False, False, False, False, False, False, False, False, False, False, False, False, False, False, False, False, False, False, False, False, True, False, False, True, False, False, False, False, False, False, False, False, False, False, False, True, False, False, False, True, False, False, False, False, True, True, False, True, True, True, False, True, False, True, True, True, True, True, True]"
88,"[0, 0, 0, 0, 0, 0, 0, 0, 0, 0, 0, 0, 0, 0, 0, 0, 0, 0, 0, 0, 0, 0, 0, 0, 0, 0, 0, 0, 0, 0, 0, 0, 0, 0, 0, 0, 0, 0, 0, 0, 0, 0, 0, 0, 0, 0, 0, 0, 0, 0, 0, 0, 0, 0, 0, 0, 0, 0, 0, 0, 0, 0, 0, 0, 0, 0, 0, 0, 0, 0, 0, 0, 0, 0, 0, 0, 0, 0, 0, 0, 0, 0, 0, 0, 0, 0, 0, 0, 0, 5485.776312815947, 0, 0, 0, 0, 0, 0, 0, 0, 0, 0, 0, 0, 0, 0, 0, 3519.18619597545, 0, 0, 0, 0, 1181.9673390145404, 1563.5504149775322, 0, 1425.7062257349019, 3008.340303014396, 1596.1861921402513, 0, 1379.6029687996834, 0, 931.6027477858978, 1105.1728508864767, 2911.512479720924, 655.6824310786097, 620.0796165570354, 570.9502855570801, 1235.3895160495777]","[0, 0, 0, 0, 0, 0, 1, 1, 1, 2, 2, 2, 2, 2, 3, 3, 3, 3, 3, 3, 3, 3, 4, 4, 4, 4, 4, 4, 5, 5, 5, 5, 5, 6, 6, 6, 6, 6, 6, 7, 7, 7, 8, 8, 8, 8, 8, 8, 8, 9, 9, 9, 10, 10, 10, 10, 10, 10, 11, 11, 12, 12, 12, 12, 12, 12, 13, 13, 13, 13, 13, 14, 14, 14, 14, 15, 16, 16, 16, 16, 16, 17, 17, 17, 17, 18, 18, 18, 19, 19, 19, 19, 19, 19, 20, 20, 21, 21, 21, 21, 21, 22, 22, 22, 22, 22, 22, 23, 23, 23, 23, 24, 24, 24, 25, 25, 25, 25, 25, 25, 25, 26, 26, 26, 26, 27]","[1, 1, 1, 1, 1, 3, 3, 2, 2, 3, 3, 7, 3, 3, 4, 4, 5, 8, 8, 9, 10, 12, 13, 13, 15, 19, 20, 22, 23, 24, 24, 25, 25, 33, 26, 26, 27, 28, 28, 29, 30, 31, 33, 33, 34, 35, 36, 37, 37, 38, 38, 38, 39, 41, 40, 41, 41, 41, 42, 44, 44, 44, 45, 46, 51, 47, 47, 48, 49, 50, 51, 51, 53, 53, 54, 55, 55, 57, 57, 58, 61, 60, 61, 61, 63, 63, 64, 64, 65, 64, 65, 66, 66, 68, 68, 69, 69, 71, 71, 72, 72, 73, 73, 73, 75, 74, 75, 76, 77, 78, 78, 80, 81, 82, 83, 84, 84, 85, 84, 85, 85, 86, 86, 87, 87, 88]","[13, 9, 25, 5, 10, 24, 25, 25, 8, 15, 8, 28, 24, 26, 11, 12, 31, 28, 20, 26, 26, 21, 19, 30, 33, 23, 34, 38, 28, 38, 33, 42, 36, 55, 37, 44, 38, 41, 37, 45, 41, 35, 40, 40, 39, 69, 41, 43, 46, 61, 42, 51, 46, 51, 47, 53, 64, 48, 47, 60, 58, 49, 50, 63, 65, 53, 63, 72, 66, 54, 57, 55, 68, 57, 64, 64, 60, 64, 73, 69, 68, 61, 78, 66, 71, 75, -1, 80, 71, -1, 82, 74, 84, 81, 82, 72, 74, 84, 73, 84, 73, 88, 77, 76, 84, -1, 78, 85, 86, 85, -1, -1, 86, -1, -1, -1, 87, -1, 87, -1, -1, -1, -1, -1, -1, -1]","[0, 0, 0, 0, 0, 0, 0, 0, 0, 0, 0, 0, 0, 0, 0, 0, 0, 0, 0, 0, 0, 0, 0, 0, 0, 0, 0, 0, 0, 0, 0, 0, 0, 0, 0, 0, 0, 0, 0, 0, 0, 0, 0, 0, 0, 0, 0, 0, 0, 0, 0, 0, 0, 0, 0, 0, 0, 0, 0, 0, 0, 0, 0, 0, 0, 0, 0, 0, 0, 0, 0, 0, 0, 0, 0, 0, 0, 0, 0, 0, 0, 0, 0, 0, 0, 0, -728.3881564079734, 0, 0, 4757.388156407973, 0, 0, 0, 0, 0, 0, 0, 0, 0, 0, 0, 0, 0, 0, 0, 3183.109428480455, 0, 0, 0, 0, 845.8905715195451, 4029.0, 0, 1929.2600167973253, 4029.0, 2099.739983202675, 0, 2238.5001105068927, 0, 1790.4998894931073, 4029.0, 3184.781097081922, 4029.0, 4029.0, 844.218902918078, 4029.0]","[0, 0, 0, 0, 0, 0, 0, 0, 0, 0, 0, 0, 0, 0, 0, 0, 0, 0, 0, 0, 0, 0, 0, 0, 0, 0, 0, 0, 0, 0, 0, 0, 0, 0, 0, 0, 0, 0, 0, 0, 0, 0, 0, 0, 0, 0, 0, 0, 0, 0, 0, 0, 0, 0, 0, 0, 0, 0, 0, 0, 0, 0, 0, 0, 0, 0, 0, 0, 0, 0, 0, 0, 0, 0, 0, 0, 0, 0, 0, 0, 0, 0, 0, 0, 0, 0, (493.5292, 0.0016, 0.0012666666666666666), 0, 0, (1040.1868, 0.8433999999999999, 2.1876666666666664), 0, 0, 0, 0, 0, 0, 0, 0, 0, 0, 0, 0, 0, 0, 0, (221.59853333333334, 0.0404, 0.026733333333333335), 0, 0, 0, 0, (29.79646666666667, 11.306333333333336, 11.331333333333335), (117.4404, 0.9303333333333335, 0.7412666666666667), 0, (213.9092, 0.46873333333333334, 0.15180000000000002), (0.0, 0.0, 0.0), (153.791, 0.9633999999999999, 0.7669333333333332), 0, (442.49846666666673, 3.044, 0.055333333333333345), 0, (109.0518, 0.5368666666666667, 0.4758666666666667), (128.6252, 0.0032, 0.0014), (0.0, 0.0, 0.0), (349.5247333333333, 0.0023333333333333335, 0.003), (0.0, 0.004666666666666667, 6.666666666666668e-05), (225.0938, 0.0, 0.0), (267.736, 0.28726666666666667, 0.0504)]","[0, 0, 0, 0, 0, 0, 0, 0, 0, 0, 0, 0, 0, 0, 0, 0, 0, 0, 0, 0, 0, 0, 0, 0, 0, 0, 0, 0, 0, 0, 0, 0, 0, 0, 0, 0, 0, 0, 0, 0, 0, 0, 0, 0, 0, 0, 0, 0, 0, 0, 0, 0, 0, 0, 0, 0, 0, 0, 0, 0, 0, 0, 0, 0, 0, 0, 0, 0, 0, 0, 0, 0, 0, 0, 0, 0, 0, 0, 0, 0, 0, 0, 0, 0, 0, 0, (2, 0.0, 0.0005277777777777777), 0, 0, (1, 1.7971166666666665, 0.24540555555555552), 0, 0, 0, 0, 0, 0, 0, 0, 0, 0, 0, 0, 0, 0, 0, (3, 0.0, 0.02946666666666667), 0, 0, 0, 0, (3, 0.0, 1.6666666666666667e-05), (2, 0.0, 0.010772222222222223), 0, (3, 3.3333333333333335e-05, 0.2765777777777778), (2, 0.0, 0.0), (2, 0.0, 0.0117), 0, (1, 0.0, 0.004972222222222222), 0, (1, 0.0, 0.0017166666666666667), (3, 0.0, 0.0005555555555555557), (2, 0.0, 0.0), (1, 0.01145, 0.0009944444444444447), (3, 0.0, 0.001661111111111111), (1, 0.0, 0.0002833333333333333), (1, 0.0, 0.0011611111111111112)]","[-1, -1, -1, -1, -1, -1, -1, -1, -1, -1, -1, -1, -1, -1, -1, -1, -1, -1, -1, -1, -1, -1, -1, -1, -1, -1, -1, -1, -1, -1, -1, -1, -1, -1, -1, -1, -1, -1, -1, -1, -1, -1, -1, -1, -1, -1, -1, -1, -1, -1, -1, -1, -1, -1, -1, -1, -1, -1, -1, -1, -1, -1, -1, -1, -1, -1, -1, -1, -1, -1, -1, -1, -1, -1, -1, -1, -1, -1, -1, -1, -1, -1, -1, -1, -1, -1, 8, -1, -1, 8, -1, -1, -1, -1, -1, -1, -1, -1, -1, -1, -1, -1, -1, -1, -1, 10, -1, -1, -1, -1, 10, 3, -1, 6, 0, 6, -1, 4, -1, 4, 14, 1, 7, 11, 1, 5]","[False, False, False, False, False, False, False, False, False, False, False, False, False, False, False, False, False, False, False, False, False, False, False, False, False, False, False, False, False, False, False, False, False, False, False, False, False, False, False, False, False, False, False, False, False, False, False, False, False, False, False, False, False, False, False, False, False, False, False, False, False, False, False, False, False, False, False, False, False, False, False, False, False, False, False, False, False, False, False, False, False, False, False, False, False, False, True, False, False, True, False, False, False, False, False, False, False, False, False, False, False, False, False, False, False, True, False, False, False, False, True, True, False, True, True, True, False, True, False, True, True, True, True, True, True, True]"
89,"[0, 0, 0, 0, 0, 0, 0, 0, 0, 0, 0, 0, 0, 0, 0, 0, 0, 0, 0, 0, 0, 0, 0, 0, 0, 0, 0, 0, 0, 0, 0, 0, 0, 0, 0, 0, 0, 0, 0, 0, 0, 0, 0, 0, 0, 0, 0, 0, 0, 0, 0, 0, 0, 0, 0, 0, 0, 0, 0, 0, 0, 0, 0, 0, 0, 0, 0, 0, 0, 0, 0, 0, 0, 0, 0, 0, 0, 0, 0, 0, 0, 0, 0, 0, 0, 0, 0, 0, 0, 8764.187792351708, 0, 0, 0, 0, 0, 0, 0, 0, 0, 0, 0, 0, 0, 0, 0, 3576.69818828322, 0, 0, 0, 0, 1178.6284482263632, 1554.649748478609, 0, 2036.723179621289, 3068.4403312655163, 1655.52396879974, 0, 1530.9142621519063, 0, 925.6689723222934, 1078.4617245810634, 3145.2348118086134, 640.84798693656, 0, 500.8335838220001, 1235.3895160495777]","[0, 0, 0, 0, 0, 0, 1, 1, 1, 2, 2, 2, 2, 2, 3, 3, 3, 3, 3, 3, 3, 3, 4, 4, 4, 4, 4, 4, 5, 5, 5, 5, 5, 6, 6, 6, 6, 6, 6, 7, 7, 7, 8, 8, 8, 8, 8, 8, 8, 9, 9, 9, 10, 10, 10, 10, 10, 10, 11, 11, 12, 12, 12, 12, 12, 12, 13, 13, 13, 13, 13, 14, 14, 14, 14, 15, 16, 16, 16, 16, 16, 17, 17, 17, 17, 18, 18, 18, 19, 19, 19, 19, 19, 19, 20, 20, 21, 21, 21, 21, 21, 22, 22, 22, 22, 22, 22, 23, 23, 23, 23, 24, 24, 24, 25, 25, 25, 25, 25, 25, 25, 26, 26, 26, 26, 27]","[1, 1, 1, 1, 1, 3, 3, 2, 2, 3, 3, 7, 3, 3, 4, 4, 5, 8, 8, 9, 10, 12, 13, 13, 15, 19, 20, 22, 23, 24, 24, 25, 25, 33, 26, 26, 27, 28, 28, 29, 30, 31, 33, 33, 34, 35, 36, 37, 37, 38, 38, 38, 39, 41, 40, 41, 41, 41, 42, 44, 44, 44, 45, 46, 51, 47, 47, 48, 49, 50, 51, 51, 53, 53, 54, 55, 55, 57, 57, 58, 61, 60, 61, 61, 63, 63, 64, 64, 65, 64, 65, 66, 66, 68, 68, 69, 69, 71, 71, 72, 72, 73, 73, 73, 75, 74, 75, 76, 77, 78, 78, 80, 81, 82, 83, 84, 84, 85, 84, 85, 85, 86, 86, 87, 87, 88]","[13, 9, 25, 5, 10, 24, 25, 25, 8, 15, 8, 28, 24, 26, 11, 12, 31, 28, 20, 26, 26, 21, 19, 30, 33, 23, 34, 38, 28, 38, 33, 42, 36, 55, 37, 44, 38, 41, 37, 45, 41, 35, 40, 40, 39, 69, 41, 43, 46, 61, 42, 51, 46, 51, 47, 53, 64, 48, 47, 60, 58, 49, 50, 63, 65, 53, 63, 72, 66, 54, 57, 55, 68, 57, 64, 64, 60, 64, 73, 69, 68, 61, 78, 66, 71, 75, 89, 80, 71, -1, 82, 74, 84, 81, 82, 72, 74, 84, 73, 84, 73, 88, 77, 76, 84, -1, 78, 85, 86, 85, -1, -1, 86, -1, -1, -1, 87, -1, 87, -1, -1, -1, -1, -1, -1, -1]","[0, 0, 0, 0, 0, 0, 0, 0, 0, 0, 0, 0, 0, 0, 0, 0, 0, 0, 0, 0, 0, 0, 0, 0, 0, 0, 0, 0, 0, 0, 0, 0, 0, 0, 0, 0, 0, 0, 0, 0, 0, 0, 0, 0, 0, 0, 0, 0, 0, 0, 0, 0, 0, 0, 0, 0, 0, 0, 0, 0, 0, 0, 0, 0, 0, 0, 0, 0, 0, 0, 0, 0, 0, 0, 0, 0, 0, 0, 0, 0, 0, 0, 0, 0, 0, 0, 0, 0, 0, 4029.0, 0, 0, 0, 0, 0, 0, 0, 0, 0, 0, 0, 0, 0, 0, 0, 3213.5348700284285, 0, 0, 0, 0, 815.4651299715715, 4029.0, 0, 2205.0996054107745, 4029.0, 1823.9003945892255, 0, 2317.122644914806, 0, 1711.8773550851934, 4029.0, 3336.7006139933064, 4029.0, 4029.0, 692.2993860066933, 4029.0]","[0, 0, 0, 0, 0, 0, 0, 0, 0, 0, 0, 0, 0, 0, 0, 0, 0, 0, 0, 0, 0, 0, 0, 0, 0, 0, 0, 0, 0, 0, 0, 0, 0, 0, 0, 0, 0, 0, 0, 0, 0, 0, 0, 0, 0, 0, 0, 0, 0, 0, 0, 0, 0, 0, 0, 0, 0, 0, 0, 0, 0, 0, 0, 0, 0, 0, 0, 0, 0, 0, 0, 0, 0, 0, 0, 0, 0, 0, 0, 0, 0, 0, 0, 0, 0, 0, 0, 0, 0, (1996.488, 0.6658, 1.1106666666666667), 0, 0, 0, 0, 0, 0, 0, 0, 0, 0, 0, 0, 0, 0, 0, (117.44013333333332, 0.04193333333333333, 0.027666666666666673), 0, 0, 0, 0, (29.66546666666667, 11.591533333333333, 11.616), (83.886, 0.8937333333333333, 0.7318666666666667), 0, (212.51093333333333, 0.6914, 0.224), (0.0, 0.0, 0.0), (125.829, 0.9370666666666667, 0.7570666666666667), 0, (440.4012, 3.206266666666667, 0.1867333333333333), 0, (95.0708, 0.5381333333333334, 0.44586666666666674), (134.2176, 0.0033333333333333335, 0.0014), (0.0, 0.0, 0.0), (475.3542666666667, 0.0017333333333333335, 0.0003333333333333333), (0.0, 0.004533333333333333, 0.0), (191.5394, 0.0, 0.0), (279.6198, 0.2951333333333333, 0.05206666666666667)]","[0, 0, 0, 0, 0, 0, 0, 0, 0, 0, 0, 0, 0, 0, 0, 0, 0, 0, 0, 0, 0, 0, 0, 0, 0, 0, 0, 0, 0, 0, 0, 0, 0, 0, 0, 0, 0, 0, 0, 0, 0, 0, 0, 0, 0, 0, 0, 0, 0, 0, 0, 0, 0, 0, 0, 0, 0, 0, 0, 0, 0, 0, 0, 0, 0, 0, 0, 0, 0, 0, 0, 0, 0, 0, 0, 0, 0, 0, 0, 0, 0, 0, 0, 0, 0, 0, 0, 0, 0, (1, 0.7808833333333334, 1.2051888888888886), 0, 0, 0, 0, 0, 0, 0, 0, 0, 0, 0, 0, 0, 0, 0, (3, 0.0027166666666666667, 0.027800000000000002), 0, 0, 0, 0, (3, 0.0, 2.2222222222222223e-05), (2, 0.0, 0.007866666666666668), 0, (3, 0.0002333333333333333, 0.49188333333333323), (2, 0.0, 0.0), (2, 0.06273333333333334, 0.031105555555555553), 0, (1, 1.666666666666667e-05, 0.0052), 0, (1, 0.0, 0.0017277777777777773), (3, 0.0, 0.0007111111111111111), (2, 0.0, 0.0), (1, 0.015333333333333336, 0.0008833333333333333), (3, 0.0, 0.0012944444444444446), (1, 1.666666666666667e-05, 0.0002611111111111111), (1, 0.0, 0.0009000000000000001)]","[-1, -1, -1, -1, -1, -1, -1, -1, -1, -1, -1, -1, -1, -1, -1, -1, -1, -1, -1, -1, -1, -1, -1, -1, -1, -1, -1, -1, -1, -1, -1, -1, -1, -1, -1, -1, -1, -1, -1, -1, -1, -1, -1, -1, -1, -1, -1, -1, -1, -1, -1, -1, -1, -1, -1, -1, -1, -1, -1, -1, -1, -1, -1, -1, -1, -1, -1, -1, -1, -1, -1, -1, -1, -1, -1, -1, -1, -1, -1, -1, -1, -1, -1, -1, -1, -1, -1, -1, -1, 8, -1, -1, -1, -1, -1, -1, -1, -1, -1, -1, -1, -1, -1, -1, -1, 10, -1, -1, -1, -1, 10, 3, -1, 6, 0, 6, -1, 4, -1, 4, 14, 1, 7, 11, 1, 5]","[False, False, False, False, False, False, False, False, False, False, False, False, False, False, False, False, False, False, False, False, False, False, False, False, False, False, False, False, False, False, False, False, False, False, False, False, False, False, False, False, False, False, False, False, False, False, False, False, False, False, False, False, False, False, False, False, False, False, False, False, False, False, False, False, False, False, False, False, False, False, False, False, False, False, False, False, False, False, False, False, False, False, False, False, False, False, False, False, False, True, False, False, False, False, False, False, False, False, False, False, False, False, False, False, False, True, False, False, False, False, True, True, False, True, True, True, False, True, False, True, True, True, True, True, True, True]"
90,"[0, 0, 0, 0, 0, 0, 0, 0, 0, 0, 0, 0, 0, 0, 0, 0, 0, 0, 0, 0, 0, 0, 0, 0, 0, 0, 0, 0, 0, 0, 0, 0, 0, 0, 0, 0, 0, 0, 0, 0, 0, 0, 0, 0, 0, 0, 0, 0, 0, 0, 0, 0, 0, 0, 0, 0, 0, 0, 0, 0, 0, 0, 0, 0, 0, 0, 0, 0, 0, 0, 0, 0, 0, 0, 0, 0, 0, 0, 0, 0, 0, 0, 0, 0, 0, 0, 0, 0, 0, 4251.550814637778, 0, 0, 0, 0, 0, 0, 0, 0, 0, 0, 0, 0, 0, 0, 0, 3261.75156374067, 0, 0, 0, 0, 1005.0061272411768, 0, 0, 1769.6119429496443, 3021.6958648479776, 2278.570623724373, 0, 1483.4440524727775, 0, 934.5696355177, 1058.4283798520034, 2988.3069602640226, 0, 0, 474.12245935149326, 1128.5450173642087]","[0, 0, 0, 0, 0, 0, 1, 1, 1, 2, 2, 2, 2, 2, 3, 3, 3, 3, 3, 3, 3, 3, 4, 4, 4, 4, 4, 4, 5, 5, 5, 5, 5, 6, 6, 6, 6, 6, 6, 7, 7, 7, 8, 8, 8, 8, 8, 8, 8, 9, 9, 9, 10, 10, 10, 10, 10, 10, 11, 11, 12, 12, 12, 12, 12, 12, 13, 13, 13, 13, 13, 14, 14, 14, 14, 15, 16, 16, 16, 16, 16, 17, 17, 17, 17, 18, 18, 18, 19, 19, 19, 19, 19, 19, 20, 20, 21, 21, 21, 21, 21, 22, 22, 22, 22, 22, 22, 23, 23, 23, 23, 24, 24, 24, 25, 25, 25, 25, 25, 25, 25, 26, 26, 26, 26, 27]","[1, 1, 1, 1, 1, 3, 3, 2, 2, 3, 3, 7, 3, 3, 4, 4, 5, 8, 8, 9, 10, 12, 13, 13, 15, 19, 20, 22, 23, 24, 24, 25, 25, 33, 26, 26, 27, 28, 28, 29, 30, 31, 33, 33, 34, 35, 36, 37, 37, 38, 38, 38, 39, 41, 40, 41, 41, 41, 42, 44, 44, 44, 45, 46, 51, 47, 47, 48, 49, 50, 51, 51, 53, 53, 54, 55, 55, 57, 57, 58, 61, 60, 61, 61, 63, 63, 64, 64, 65, 64, 65, 66, 66, 68, 68, 69, 69, 71, 71, 72, 72, 73, 73, 73, 75, 74, 75, 76, 77, 78, 78, 80, 81, 82, 83, 84, 84, 85, 84, 85, 85, 86, 86, 87, 87, 88]","[13, 9, 25, 5, 10, 24, 25, 25, 8, 15, 8, 28, 24, 26, 11, 12, 31, 28, 20, 26, 26, 21, 19, 30, 33, 23, 34, 38, 28, 38, 33, 42, 36, 55, 37, 44, 38, 41, 37, 45, 41, 35, 40, 40, 39, 69, 41, 43, 46, 61, 42, 51, 46, 51, 47, 53, 64, 48, 47, 60, 58, 49, 50, 63, 65, 53, 63, 72, 66, 54, 57, 55, 68, 57, 64, 64, 60, 64, 73, 69, 68, 61, 78, 66, 71, 75, 89, 80, 71, -1, 82, 74, 84, 81, 82, 72, 74, 84, 73, 84, 73, 88, 77, 76, 84, -1, 78, 85, 86, 85, -1, -1, 86, -1, -1, -1, 87, -1, 87, -1, -1, -1, -1, 90, -1, -1]","[0, 0, 0, 0, 0, 0, 0, 0, 0, 0, 0, 0, 0, 0, 0, 0, 0, 0, 0, 0, 0, 0, 0, 0, 0, 0, 0, 0, 0, 0, 0, 0, 0, 0, 0, 0, 0, 0, 0, 0, 0, 0, 0, 0, 0, 0, 0, 0, 0, 0, 0, 0, 0, 0, 0, 0, 0, 0, 0, 0, 0, 0, 0, 0, 0, 0, 0, 0, 0, 0, 0, 0, 0, 0, 0, 0, 0, 0, 0, 0, 0, 0, 0, 0, 0, 0, 0, 0, 0, 4029.0, 0, 0, 0, 0, 0, 0, 0, 0, 0, 0, 0, 0, 0, 0, 0, 3142.8727182497464, 0, 0, 0, 0, 886.1272817502532, 4029.0, 0, 1760.0206596126357, 4029.0, 2268.9793403873646, 0, 2288.9372084775387, 0, 1740.0627915224613, 4029.0, 3271.5922504562645, 4029.0, 0, 757.4077495437352, 4029.0]","[0, 0, 0, 0, 0, 0, 0, 0, 0, 0, 0, 0, 0, 0, 0, 0, 0, 0, 0, 0, 0, 0, 0, 0, 0, 0, 0, 0, 0, 0, 0, 0, 0, 0, 0, 0, 0, 0, 0, 0, 0, 0, 0, 0, 0, 0, 0, 0, 0, 0, 0, 0, 0, 0, 0, 0, 0, 0, 0, 0, 0, 0, 0, 0, 0, 0, 0, 0, 0, 0, 0, 0, 0, 0, 0, 0, 0, 0, 0, 0, 0, 0, 0, 0, 0, 0, 0, 0, 0, (1769.9958000000001, 0.7819333333333333, 1.2317333333333333), 0, 0, 0, 0, 0, 0, 0, 0, 0, 0, 0, 0, 0, 0, 0, (115.3428, 0.04046666666666667, 0.026666666666666672), 0, 0, 0, 0, (30.01513333333334, 8.723066666666668, 8.7436), (92.2746, 0.9142666666666668, 0.7324666666666667), 0, (190.14146666666667, 0.5508, 0.17880000000000001), (0.0, 0.0, 0.0), (226.49220000000003, 0.9202666666666668, 0.7430666666666668), 0, (478.84913333333344, 2.3301999999999996, 0.8102), 0, (92.2746, 0.5394, 0.44333333333333325), (268.4352, 0.0032666666666666664, 0.0013333333333333333), (0.0, 0.0, 0.0), (552.2496, 0.0023333333333333335, 0.0028666666666666667), 0, (225.09366666666662, 0.0, 0.0), (271.93059999999997, 0.26839999999999997, 0.0528)]","[0, 0, 0, 0, 0, 0, 0, 0, 0, 0, 0, 0, 0, 0, 0, 0, 0, 0, 0, 0, 0, 0, 0, 0, 0, 0, 0, 0, 0, 0, 0, 0, 0, 0, 0, 0, 0, 0, 0, 0, 0, 0, 0, 0, 0, 0, 0, 0, 0, 0, 0, 0, 0, 0, 0, 0, 0, 0, 0, 0, 0, 0, 0, 0, 0, 0, 0, 0, 0, 0, 0, 0, 0, 0, 0, 0, 0, 0, 0, 0, 0, 0, 0, 0, 0, 0, 0, 0, 0, (1, 1.4699333333333333, 0.7142388888888889), 0, 0, 0, 0, 0, 0, 0, 0, 0, 0, 0, 0, 0, 0, 0, (3, 0.0, 0.025622222222222223), 0, 0, 0, 0, (3, 0.0, 2.7777777777777776e-05), (2, 0.0, 0.010216666666666666), 0, (3, 0.00013333333333333334, 0.3462888888888889), (2, 0.0, 0.0), (2, 0.09268333333333334, 0.011455555555555556), 0, (1, 0.0, 0.004461111111111111), 0, (1, 0.0, 0.0022722222222222224), (3, 0.0, 0.00065), (2, 0.0, 0.0), (1, 0.0116, 0.001061111111111111), 0, (1, 0.0, 0.0002833333333333333), (1, 0.0, 0.00115)]","[-1, -1, -1, -1, -1, -1, -1, -1, -1, -1, -1, -1, -1, -1, -1, -1, -1, -1, -1, -1, -1, -1, -1, -1, -1, -1, -1, -1, -1, -1, -1, -1, -1, -1, -1, -1, -1, -1, -1, -1, -1, -1, -1, -1, -1, -1, -1, -1, -1, -1, -1, -1, -1, -1, -1, -1, -1, -1, -1, -1, -1, -1, -1, -1, -1, -1, -1, -1, -1, -1, -1, -1, -1, -1, -1, -1, -1, -1, -1, -1, -1, -1, -1, -1, -1, -1, -1, -1, -1, 8, -1, -1, -1, -1, -1, -1, -1, -1, -1, -1, -1, -1, -1, -1, -1, 10, -1, -1, -1, -1, 10, 3, -1, 6, 0, 6, -1, 4, -1, 4, 14, 1, 7, -1, 1, 5]","[False, False, False, False, False, False, False, False, False, False, False, False, False, False, False, False, False, False, False, False, False, False, False, False, False, False, False, False, False, False, False, False, False, False, False, False, False, False, False, False, False, False, False, False, False, False, False, False, False, False, False, False, False, False, False, False, False, False, False, False, False, False, False, False, False, False, False, False, False, False, False, False, False, False, False, False, False, False, False, False, False, False, False, False, False, False, False, False, False, True, False, False, False, False, False, False, False, False, False, False, False, False, False, False, False, True, False, False, False, False, True, True, False, True, True, True, False, True, False, True, True, True, True, False, True, True]"
91,"[0, 0, 0, 0, 0, 0, 0, 0, 0, 0, 0, 0, 0, 0, 0, 0, 0, 0, 0, 0, 0, 0, 0, 0, 0, 0, 0, 0, 0, 0, 0, 0, 0, 0, 0, 0, 0, 0, 0, 0, 0, 0, 0, 0, 0, 0, 0, 0, 0, 0, 0, 0, 0, 0, 0, 0, 0, 0, 0, 0, 0, 0, 0, 0, 0, 0, 0, 0, 0, 0, 0, 0, 0, 0, 0, 0, 0, 0, 0, 0, 0, 0, 0, 0, 0, 0, 0, 0, 0, 2512.954319607954, 0, 0, 0, 0, 0, 0, 0, 0, 0, 0, 0, 0, 0, 0, 0, 3409.63954396065, 0, 0, 0, 0, 1215.3562468963066, 0, 0, 1292.1506073990797, 2894.8180274289466, 1590.2524144743022, 0, 949.4041935825778, 0, 1284.662387870362, 0, 3008.340303014396, 0, 0, 580.9669572335199, 1135.2227985320444, 652.7155422502, 2327.8664038117226, 884.1326637750533]","[0, 0, 0, 0, 0, 0, 1, 1, 1, 2, 2, 2, 2, 2, 3, 3, 3, 3, 3, 3, 3, 3, 4, 4, 4, 4, 4, 4, 5, 5, 5, 5, 5, 6, 6, 6, 6, 6, 6, 7, 7, 7, 8, 8, 8, 8, 8, 8, 8, 9, 9, 9, 10, 10, 10, 10, 10, 10, 11, 11, 12, 12, 12, 12, 12, 12, 13, 13, 13, 13, 13, 14, 14, 14, 14, 15, 16, 16, 16, 16, 16, 17, 17, 17, 17, 18, 18, 18, 19, 19, 19, 19, 19, 19, 20, 20, 21, 21, 21, 21, 21, 22, 22, 22, 22, 22, 22, 23, 23, 23, 23, 24, 24, 24, 25, 25, 25, 25, 25, 25, 25, 26, 26, 26, 26, 27, 27, 27, 27]","[1, 1, 1, 1, 1, 3, 3, 2, 2, 3, 3, 7, 3, 3, 4, 4, 5, 8, 8, 9, 10, 12, 13, 13, 15, 19, 20, 22, 23, 24, 24, 25, 25, 33, 26, 26, 27, 28, 28, 29, 30, 31, 33, 33, 34, 35, 36, 37, 37, 38, 38, 38, 39, 41, 40, 41, 41, 41, 42, 44, 44, 44, 45, 46, 51, 47, 47, 48, 49, 50, 51, 51, 53, 53, 54, 55, 55, 57, 57, 58, 61, 60, 61, 61, 63, 63, 64, 64, 65, 64, 65, 66, 66, 68, 68, 69, 69, 71, 71, 72, 72, 73, 73, 73, 75, 74, 75, 76, 77, 78, 78, 80, 81, 82, 83, 84, 84, 85, 84, 85, 85, 86, 86, 87, 87, 88, 91, 91, 91]","[13, 9, 25, 5, 10, 24, 25, 25, 8, 15, 8, 28, 24, 26, 11, 12, 31, 28, 20, 26, 26, 21, 19, 30, 33, 23, 34, 38, 28, 38, 33, 42, 36, 55, 37, 44, 38, 41, 37, 45, 41, 35, 40, 40, 39, 69, 41, 43, 46, 61, 42, 51, 46, 51, 47, 53, 64, 48, 47, 60, 58, 49, 50, 63, 65, 53, 63, 72, 66, 54, 57, 55, 68, 57, 64, 64, 60, 64, 73, 69, 68, 61, 78, 66, 71, 75, 89, 80, 71, -1, 82, 74, 84, 81, 82, 72, 74, 84, 73, 84, 73, 88, 77, 76, 84, -1, 78, 85, 86, 85, -1, 91, 86, -1, -1, -1, 87, -1, 87, -1, -1, -1, 91, 90, -1, -1, -1, -1, -1]","[0, 0, 0, 0, 0, 0, 0, 0, 0, 0, 0, 0, 0, 0, 0, 0, 0, 0, 0, 0, 0, 0, 0, 0, 0, 0, 0, 0, 0, 0, 0, 0, 0, 0, 0, 0, 0, 0, 0, 0, 0, 0, 0, 0, 0, 0, 0, 0, 0, 0, 0, 0, 0, 0, 0, 0, 0, 0, 0, 0, 0, 0, 0, 0, 0, 0, 0, 0, 0, 0, 0, 0, 0, 0, 0, 0, 0, 0, 0, 0, 0, 0, 0, 0, 0, 0, 0, 0, 0, 4029.0, 0, 0, 0, 0, 0, 0, 0, 0, 0, 0, 0, 0, 0, 0, 0, 3111.6416485321715, 0, 0, 0, 0, 917.3583514678282, 0, 0, 1865.4490964623888, 4029.0, 2163.5509035376112, 0, 1846.870902856108, 0, 2182.129097143892, 4029.0, 3228.186672890438, 0, 0, 800.8133271095619, 4029.0, 1898.7914392375733, 4029.0, 2130.2085607624267]","[0, 0, 0, 0, 0, 0, 0, 0, 0, 0, 0, 0, 0, 0, 0, 0, 0, 0, 0, 0, 0, 0, 0, 0, 0, 0, 0, 0, 0, 0, 0, 0, 0, 0, 0, 0, 0, 0, 0, 0, 0, 0, 0, 0, 0, 0, 0, 0, 0, 0, 0, 0, 0, 0, 0, 0, 0, 0, 0, 0, 0, 0, 0, 0, 0, 0, 0, 0, 0, 0, 0, 0, 0, 0, 0, 0, 0, 0, 0, 0, 0, 0, 0, 0, 0, 0, 0, 0, 0, (1056.9642, 0.7828666666666667, 1.4151333333333334), 0, 0, 0, 0, 0, 0, 0, 0, 0, 0, 0, 0, 0, 0, 0, (132.12006666666667, 0.0338, 0.0268), 0, 0, 0, 0, (30.233466666666672, 11.099666666666664, 11.125866666666667), 0, 0, (198.53, 0.4244, 0.13933333333333334), (0.0, 0.0, 0.0), (142.6062, 0.9306666666666665, 0.7520666666666668), 0, (333.44686666666666, 0.9099333333333333, 0.8626), 0, (226.49220000000003, 0.5299333333333333, 0.43666666666666676), (248.8618, 0.0033333333333333335, 0.0014), (0.0, 0.0, 0.0), 0, 0, (159.38313333333332, 0.0, 0.0), (277.5227333333333, 0.25306666666666666, 0.0498), (433.41086666666666, 0.0023333333333333335, 0.0030666666666666668), (335.544, 0.016466666666666664, 0.009866666666666668), (128.62506666666664, 0.00046666666666666666, 0.0014)]","[0, 0, 0, 0, 0, 0, 0, 0, 0, 0, 0, 0, 0, 0, 0, 0, 0, 0, 0, 0, 0, 0, 0, 0, 0, 0, 0, 0, 0, 0, 0, 0, 0, 0, 0, 0, 0, 0, 0, 0, 0, 0, 0, 0, 0, 0, 0, 0, 0, 0, 0, 0, 0, 0, 0, 0, 0, 0, 0, 0, 0, 0, 0, 0, 0, 0, 0, 0, 0, 0, 0, 0, 0, 0, 0, 0, 0, 0, 0, 0, 0, 0, 0, 0, 0, 0, 0, 0, 0, (1, 0.6694666666666667, 0.31561666666666666), 0, 0, 0, 0, 0, 0, 0, 0, 0, 0, 0, 0, 0, 0, 0, (3, 0.0, 0.03398333333333334), 0, 0, 0, 0, (3, 0.0, 2.7777777777777776e-05), 0, 0, (3, 1.666666666666667e-05, 0.19247222222222224), (2, 0.0, 0.0), (2, 0.0, 0.012455555555555557), 0, (1, 0.0, 0.004088888888888889), 0, (1, 0.0007666666666666667, 0.00215), (3, 0.0, 0.0008222222222222222), (2, 0.0, 0.0), 0, 0, (1, 0.0, 0.0002722222222222222), (1, 0.0, 0.001172222222222222), (1, 0.011300000000000001, 0.0010833333333333333), (3, 0.0, 0.015905555555555555), (2, 0.0705, 0.025599999999999998)]","[-1, -1, -1, -1, -1, -1, -1, -1, -1, -1, -1, -1, -1, -1, -1, -1, -1, -1, -1, -1, -1, -1, -1, -1, -1, -1, -1, -1, -1, -1, -1, -1, -1, -1, -1, -1, -1, -1, -1, -1, -1, -1, -1, -1, -1, -1, -1, -1, -1, -1, -1, -1, -1, -1, -1, -1, -1, -1, -1, -1, -1, -1, -1, -1, -1, -1, -1, -1, -1, -1, -1, -1, -1, -1, -1, -1, -1, -1, -1, -1, -1, -1, -1, -1, -1, -1, -1, -1, -1, 8, -1, -1, -1, -1, -1, -1, -1, -1, -1, -1, -1, -1, -1, -1, -1, 10, -1, -1, -1, -1, 10, -1, -1, 6, 0, 6, -1, 4, -1, 4, 14, 1, -1, -1, 1, 7, 15, 11, 15]","[False, False, False, False, False, False, False, False, False, False, False, False, False, False, False, False, False, False, False, False, False, False, False, False, False, False, False, False, False, False, False, False, False, False, False, False, False, False, False, False, False, False, False, False, False, False, False, False, False, False, False, False, False, False, False, False, False, False, False, False, False, False, False, False, False, False, False, False, False, False, False, False, False, False, False, False, False, False, False, False, False, False, False, False, False, False, False, False, False, True, False, False, False, False, False, False, False, False, False, False, False, False, False, False, False, True, False, False, False, False, True, False, False, True, True, True, False, True, False, True, True, True, False, False, True, True, True, True, True]"
92,"[0, 0, 0, 0, 0, 0, 0, 0, 0, 0, 0, 0, 0, 0, 0, 0, 0, 0, 0, 0, 0, 0, 0, 0, 0, 0, 0, 0, 0, 0, 0, 0, 0, 0, 0, 0, 0, 0, 0, 0, 0, 0, 0, 0, 0, 0, 0, 0, 0, 0, 0, 0, 0, 0, 0, 0, 0, 0, 0, 0, 0, 0, 0, 0, 0, 0, 0, 0, 0, 0, 0, 0, 0, 0, 0, 0, 0, 0, 0, 0, 0, 0, 0, 0, 0, 0, 0, 0, 0, 2533.7225371253753, 0, 0, 0, 0, 0, 0, 0, 0, 0, 0, 0, 0, 0, 0, 0, 2935.85027399664, 0, 0, 0, 0, 1025.0394719702365, 0, 0, 961.60045201792, 3151.912592725404, 1563.5504149775322, 0, 732.8213619215522, 0, 931.6027477858978, 0, 3068.4403312655163, 0, 0, 450.7502254398, 1208.6783913782356, 634.9142092797401, 2503.141050686958, 845.5631180399, 1364.7688631682443]","[0, 0, 0, 0, 0, 0, 1, 1, 1, 2, 2, 2, 2, 2, 3, 3, 3, 3, 3, 3, 3, 3, 4, 4, 4, 4, 4, 4, 5, 5, 5, 5, 5, 6, 6, 6, 6, 6, 6, 7, 7, 7, 8, 8, 8, 8, 8, 8, 8, 9, 9, 9, 10, 10, 10, 10, 10, 10, 11, 11, 12, 12, 12, 12, 12, 12, 13, 13, 13, 13, 13, 14, 14, 14, 14, 15, 16, 16, 16, 16, 16, 17, 17, 17, 17, 18, 18, 18, 19, 19, 19, 19, 19, 19, 20, 20, 21, 21, 21, 21, 21, 22, 22, 22, 22, 22, 22, 23, 23, 23, 23, 24, 24, 24, 25, 25, 25, 25, 25, 25, 25, 26, 26, 26, 26, 27, 27, 27, 27, 27]","[1, 1, 1, 1, 1, 3, 3, 2, 2, 3, 3, 7, 3, 3, 4, 4, 5, 8, 8, 9, 10, 12, 13, 13, 15, 19, 20, 22, 23, 24, 24, 25, 25, 33, 26, 26, 27, 28, 28, 29, 30, 31, 33, 33, 34, 35, 36, 37, 37, 38, 38, 38, 39, 41, 40, 41, 41, 41, 42, 44, 44, 44, 45, 46, 51, 47, 47, 48, 49, 50, 51, 51, 53, 53, 54, 55, 55, 57, 57, 58, 61, 60, 61, 61, 63, 63, 64, 64, 65, 64, 65, 66, 66, 68, 68, 69, 69, 71, 71, 72, 72, 73, 73, 73, 75, 74, 75, 76, 77, 78, 78, 80, 81, 82, 83, 84, 84, 85, 84, 85, 85, 86, 86, 87, 87, 88, 91, 91, 91, 92]","[13, 9, 25, 5, 10, 24, 25, 25, 8, 15, 8, 28, 24, 26, 11, 12, 31, 28, 20, 26, 26, 21, 19, 30, 33, 23, 34, 38, 28, 38, 33, 42, 36, 55, 37, 44, 38, 41, 37, 45, 41, 35, 40, 40, 39, 69, 41, 43, 46, 61, 42, 51, 46, 51, 47, 53, 64, 48, 47, 60, 58, 49, 50, 63, 65, 53, 63, 72, 66, 54, 57, 55, 68, 57, 64, 64, 60, 64, 73, 69, 68, 61, 78, 66, 71, 75, 89, 80, 71, -1, 82, 74, 84, 81, 82, 72, 74, 84, 73, 84, 73, 88, 77, 76, 84, -1, 78, 85, 86, 85, -1, 91, 86, -1, -1, -1, 87, -1, 87, -1, 92, -1, 91, 90, -1, -1, -1, -1, -1, -1]","[0, 0, 0, 0, 0, 0, 0, 0, 0, 0, 0, 0, 0, 0, 0, 0, 0, 0, 0, 0, 0, 0, 0, 0, 0, 0, 0, 0, 0, 0, 0, 0, 0, 0, 0, 0, 0, 0, 0, 0, 0, 0, 0, 0, 0, 0, 0, 0, 0, 0, 0, 0, 0, 0, 0, 0, 0, 0, 0, 0, 0, 0, 0, 0, 0, 0, 0, 0, 0, 0, 0, 0, 0, 0, 0, 0, 0, 0, 0, 0, 0, 0, 0, 0, 0, 0, 0, 0, 0, 4029.0, 0, 0, 0, 0, 0, 0, 0, 0, 0, 0, 0, 0, 0, 0, 0, 2969.9054010132018, 0, 0, 0, 0, 1059.094598986798, 0, 0, 1713.525018520194, 4029.0, 2315.474981479806, 0, 1915.109307067827, 0, 2113.890692932173, 0, 3323.345052912858, 0, 0, 705.6549470871419, 4029.0, 1909.17554561992, 4029.0, 2119.82445438008, 4029.0]","[0, 0, 0, 0, 0, 0, 0, 0, 0, 0, 0, 0, 0, 0, 0, 0, 0, 0, 0, 0, 0, 0, 0, 0, 0, 0, 0, 0, 0, 0, 0, 0, 0, 0, 0, 0, 0, 0, 0, 0, 0, 0, 0, 0, 0, 0, 0, 0, 0, 0, 0, 0, 0, 0, 0, 0, 0, 0, 0, 0, 0, 0, 0, 0, 0, 0, 0, 0, 0, 0, 0, 0, 0, 0, 0, 0, 0, 0, 0, 0, 0, 0, 0, 0, 0, 0, 0, 0, 0, (587.202, 0.7736666666666665, 1.3719333333333334), 0, 0, 0, 0, 0, 0, 0, 0, 0, 0, 0, 0, 0, 0, 0, (107.65339999999999, 0.037200000000000004, 0.024933333333333335), 0, 0, 0, 0, (28.354599999999998, 8.9748, 8.996333333333334), 0, 0, (194.33579999999998, 0.31493333333333334, 0.10186666666666666), (0.0, 0.0, 0.0), (117.4404, 0.9303333333333335, 0.7412666666666667), 0, (199.92773333333332, 0.9031333333333333, 0.010666666666666666), 0, (204.1226, 0.5370666666666667, 0.4422), 0, (0.0, 0.0, 0.0), 0, 0, (201.3262, 0.0, 0.0), (304.0866, 0.2961333333333333, 0.05726666666666666), (398.45840000000004, 0.0016666666666666668, 0.0003333333333333333), (427.8186, 0.011466666666666667, 0.006066666666666666), (120.23626666666664, 0.0, 0.001066666666666667), (402.65259999999995, 0.0, 0.0)]","[0, 0, 0, 0, 0, 0, 0, 0, 0, 0, 0, 0, 0, 0, 0, 0, 0, 0, 0, 0, 0, 0, 0, 0, 0, 0, 0, 0, 0, 0, 0, 0, 0, 0, 0, 0, 0, 0, 0, 0, 0, 0, 0, 0, 0, 0, 0, 0, 0, 0, 0, 0, 0, 0, 0, 0, 0, 0, 0, 0, 0, 0, 0, 0, 0, 0, 0, 0, 0, 0, 0, 0, 0, 0, 0, 0, 0, 0, 0, 0, 0, 0, 0, 0, 0, 0, 0, 0, 0, (1, 0.6713833333333333, 0.2270777777777778), 0, 0, 0, 0, 0, 0, 0, 0, 0, 0, 0, 0, 0, 0, 0, (3, 0.0, 0.03331111111111111), 0, 0, 0, 0, (3, 0.0, 2.2222222222222223e-05), 0, 0, (3, 0.0, 0.12192777777777777), (2, 0.0, 0.0), (2, 0.0, 0.010772222222222223), 0, (1, 0.0, 0.005077777777777777), 0, (1, 0.0, 0.004783333333333333), 0, (2, 0.0, 0.0), 0, 0, (1, 0.0, 0.0002666666666666667), (1, 0.0, 0.0010444444444444444), (1, 0.015133333333333334, 0.0009777777777777777), (3, 1.666666666666667e-05, 0.017866666666666666), (2, 1.666666666666667e-05, 0.0006111111111111112), (3, 0.1085, 0.004066666666666666)]","[-1, -1, -1, -1, -1, -1, -1, -1, -1, -1, -1, -1, -1, -1, -1, -1, -1, -1, -1, -1, -1, -1, -1, -1, -1, -1, -1, -1, -1, -1, -1, -1, -1, -1, -1, -1, -1, -1, -1, -1, -1, -1, -1, -1, -1, -1, -1, -1, -1, -1, -1, -1, -1, -1, -1, -1, -1, -1, -1, -1, -1, -1, -1, -1, -1, -1, -1, -1, -1, -1, -1, -1, -1, -1, -1, -1, -1, -1, -1, -1, -1, -1, -1, -1, -1, -1, -1, -1, -1, 8, -1, -1, -1, -1, -1, -1, -1, -1, -1, -1, -1, -1, -1, -1, -1, 10, -1, -1, -1, -1, 10, -1, -1, 6, 0, 6, -1, 4, -1, 4, -1, 1, -1, -1, 1, 2, 15, 11, 15, 5]","[False, False, False, False, False, False, False, False, False, False, False, False, False, False, False, False, False, False, False, False, False, False, False, False, False, False, False, False, False, False, False, False, False, False, False, False, False, False, False, False, False, False, False, False, False, False, False, False, False, False, False, False, False, False, False, False, False, False, False, False, False, False, False, False, False, False, False, False, False, False, False, False, False, False, False, False, False, False, False, False, False, False, False, False, False, False, False, False, False, True, False, False, False, False, False, False, False, False, False, False, False, False, False, False, False, True, False, False, False, False, True, False, False, True, True, True, False, True, False, True, False, True, False, False, True, True, True, True, True, True]"
93,"[0, 0, 0, 0, 0, 0, 0, 0, 0, 0, 0, 0, 0, 0, 0, 0, 0, 0, 0, 0, 0, 0, 0, 0, 0, 0, 0, 0, 0, 0, 0, 0, 0, 0, 0, 0, 0, 0, 0, 0, 0, 0, 0, 0, 0, 0, 0, 0, 0, 0, 0, 0, 0, 0, 0, 0, 0, 0, 0, 0, 0, 0, 0, 0, 0, 0, 0, 0, 0, 0, 0, 0, 0, 0, 0, 0, 0, 0, 0, 0, 0, 0, 0, 0, 0, 0, 0, 0, 0, 0, 0, 0, 0, 0, 0, 0, 0, 0, 0, 0, 0, 0, 0, 0, 0, 2733.1889677692598, 0, 0, 0, 0, 1025.0394719702365, 0, 0, 1021.7004802690399, 2938.223603388089, 1554.649748478609, 0, 851.4968861193744, 0, 937.5365232495022, 0, 3021.6958648479776, 0, 0, 537.5613799689467, 1225.3728442978247, 655.6824310786097, 2497.663717972107, 809.96046043822, 1691.1266347954333]","[0, 0, 0, 0, 0, 0, 1, 1, 1, 2, 2, 2, 2, 2, 3, 3, 3, 3, 3, 3, 3, 3, 4, 4, 4, 4, 4, 4, 5, 5, 5, 5, 5, 6, 6, 6, 6, 6, 6, 7, 7, 7, 8, 8, 8, 8, 8, 8, 8, 9, 9, 9, 10, 10, 10, 10, 10, 10, 11, 11, 12, 12, 12, 12, 12, 12, 13, 13, 13, 13, 13, 14, 14, 14, 14, 15, 16, 16, 16, 16, 16, 17, 17, 17, 17, 18, 18, 18, 19, 19, 19, 19, 19, 19, 20, 20, 21, 21, 21, 21, 21, 22, 22, 22, 22, 22, 22, 23, 23, 23, 23, 24, 24, 24, 25, 25, 25, 25, 25, 25, 25, 26, 26, 26, 26, 27, 27, 27, 27, 27]","[1, 1, 1, 1, 1, 3, 3, 2, 2, 3, 3, 7, 3, 3, 4, 4, 5, 8, 8, 9, 10, 12, 13, 13, 15, 19, 20, 22, 23, 24, 24, 25, 25, 33, 26, 26, 27, 28, 28, 29, 30, 31, 33, 33, 34, 35, 36, 37, 37, 38, 38, 38, 39, 41, 40, 41, 41, 41, 42, 44, 44, 44, 45, 46, 51, 47, 47, 48, 49, 50, 51, 51, 53, 53, 54, 55, 55, 57, 57, 58, 61, 60, 61, 61, 63, 63, 64, 64, 65, 64, 65, 66, 66, 68, 68, 69, 69, 71, 71, 72, 72, 73, 73, 73, 75, 74, 75, 76, 77, 78, 78, 80, 81, 82, 83, 84, 84, 85, 84, 85, 85, 86, 86, 87, 87, 88, 91, 91, 91, 92]","[13, 9, 25, 5, 10, 24, 25, 25, 8, 15, 8, 28, 24, 26, 11, 12, 31, 28, 20, 26, 26, 21, 19, 30, 33, 23, 34, 38, 28, 38, 33, 42, 36, 55, 37, 44, 38, 41, 37, 45, 41, 35, 40, 40, 39, 69, 41, 43, 46, 61, 42, 51, 46, 51, 47, 53, 64, 48, 47, 60, 58, 49, 50, 63, 65, 53, 63, 72, 66, 54, 57, 55, 68, 57, 64, 64, 60, 64, 73, 69, 68, 61, 78, 66, 71, 75, 89, 80, 71, -1, 82, 74, 84, 81, 82, 72, 74, 84, 73, 84, 73, 88, 77, 76, 84, -1, 78, 85, 86, 85, -1, 91, 86, -1, -1, -1, 87, -1, 87, -1, 92, -1, 91, 90, -1, -1, -1, -1, -1, -1]","[0, 0, 0, 0, 0, 0, 0, 0, 0, 0, 0, 0, 0, 0, 0, 0, 0, 0, 0, 0, 0, 0, 0, 0, 0, 0, 0, 0, 0, 0, 0, 0, 0, 0, 0, 0, 0, 0, 0, 0, 0, 0, 0, 0, 0, 0, 0, 0, 0, 0, 0, 0, 0, 0, 0, 0, 0, 0, 0, 0, 0, 0, 0, 0, 0, 0, 0, 0, 0, 0, 0, 0, 0, 0, 0, 0, 0, 0, 0, 0, 0, 0, 0, 0, 0, 0, 0, 0, 0, 4029.0, 0, 0, 0, 0, 0, 0, 0, 0, 0, 0, 0, 0, 0, 0, 0, 2868.5747478995117, 0, 0, 0, 0, 1160.4252521004885, 0, 0, 1748.0253658952156, 4029.0, 2280.974634104785, 0, 1971.4801814349362, 0, 2057.519818565064, 0, 3256.567242439515, 0, 0, 772.4327575604844, 4029.0, 1937.3609853201947, 4029.0, 2091.639014679805, 4029.0]","[0, 0, 0, 0, 0, 0, 0, 0, 0, 0, 0, 0, 0, 0, 0, 0, 0, 0, 0, 0, 0, 0, 0, 0, 0, 0, 0, 0, 0, 0, 0, 0, 0, 0, 0, 0, 0, 0, 0, 0, 0, 0, 0, 0, 0, 0, 0, 0, 0, 0, 0, 0, 0, 0, 0, 0, 0, 0, 0, 0, 0, 0, 0, 0, 0, 0, 0, 0, 0, 0, 0, 0, 0, 0, 0, 0, 0, 0, 0, 0, 0, 0, 0, 0, 0, 0, 0, 0, 0, (595.5906, 0.7811333333333333, 1.5589333333333335), 0, 0, 0, 0, 0, 0, 0, 0, 0, 0, 0, 0, 0, 0, 0, (99.96353333333334, 0.03306666666666667, 0.022733333333333335), 0, 0, 0, 0, (31.1948, 10.048200000000001, 10.073133333333333), 0, 0, (146.80033333333338, 0.3725333333333334, 0.1176), (0.0, 0.0, 0.0), (83.886, 0.8937333333333333, 0.7318666666666667), 0, (167.77133333333336, 0.8164666666666667, 0.02233333333333333), 0, (131.4214, 0.5352666666666668, 0.49666666666666676), 0, (0.0, 0.0, 0.0), 0, 0, (183.15086666666667, 0.00013333333333333334, 6.666666666666668e-05), (292.20259999999996, 0.28073333333333333, 0.056799999999999996), (349.5247333333333, 0.0023333333333333335, 0.003), (419.43, 0.0086, 0.004933333333333334), (72.7008, 6.666666666666668e-05, 0.0015333333333333334), (339.738, 0.0, 0.0)]","[0, 0, 0, 0, 0, 0, 0, 0, 0, 0, 0, 0, 0, 0, 0, 0, 0, 0, 0, 0, 0, 0, 0, 0, 0, 0, 0, 0, 0, 0, 0, 0, 0, 0, 0, 0, 0, 0, 0, 0, 0, 0, 0, 0, 0, 0, 0, 0, 0, 0, 0, 0, 0, 0, 0, 0, 0, 0, 0, 0, 0, 0, 0, 0, 0, 0, 0, 0, 0, 0, 0, 0, 0, 0, 0, 0, 0, 0, 0, 0, 0, 0, 0, 0, 0, 0, 0, 0, 0, (1, 0.6745166666666667, 0.26855000000000007), 0, 0, 0, 0, 0, 0, 0, 0, 0, 0, 0, 0, 0, 0, 0, (3, 0.0, 0.026605555555555556), 0, 0, 0, 0, (3, 0.0, 1.6666666666666667e-05), 0, 0, (3, 5e-05, 0.20093333333333338), (2, 0.0, 0.0), (2, 0.0, 0.007866666666666668), 0, (1, 0.0, 0.005544444444444444), 0, (1, 1.666666666666667e-05, 0.0021166666666666664), 0, (2, 0.0, 0.0), 0, 0, (1, 0.005966666666666668, 0.0008777777777777778), (1, 0.0, 0.001027777777777778), (1, 0.01145, 0.0009944444444444447), (3, 0.0, 0.021744444444444445), (2, 0.0, 0.0005666666666666668), (3, 0.2122, 0.00935)]","[-1, -1, -1, -1, -1, -1, -1, -1, -1, -1, -1, -1, -1, -1, -1, -1, -1, -1, -1, -1, -1, -1, -1, -1, -1, -1, -1, -1, -1, -1, -1, -1, -1, -1, -1, -1, -1, -1, -1, -1, -1, -1, -1, -1, -1, -1, -1, -1, -1, -1, -1, -1, -1, -1, -1, -1, -1, -1, -1, -1, -1, -1, -1, -1, -1, -1, -1, -1, -1, -1, -1, -1, -1, -1, -1, -1, -1, -1, -1, -1, -1, -1, -1, -1, -1, -1, -1, -1, -1, 8, -1, -1, -1, -1, -1, -1, -1, -1, -1, -1, -1, -1, -1, -1, -1, 10, -1, -1, -1, -1, 10, -1, -1, 6, 0, 6, -1, 4, -1, 4, -1, 1, -1, -1, 1, 2, 15, 11, 15, 5]","[False, False, False, False, False, False, False, False, False, False, False, False, False, False, False, False, False, False, False, False, False, False, False, False, False, False, False, False, False, False, False, False, False, False, False, False, False, False, False, False, False, False, False, False, False, False, False, False, False, False, False, False, False, False, False, False, False, False, False, False, False, False, False, False, False, False, False, False, False, False, False, False, False, False, False, False, False, False, False, False, False, False, False, False, False, False, False, False, False, True, False, False, False, False, False, False, False, False, False, False, False, False, False, False, False, True, False, False, False, False, True, False, False, True, True, True, False, True, False, True, False, True, False, False, True, True, True, True, True, True]"
94,"[0, 0, 0, 0, 0, 0, 0, 0, 0, 0, 0, 0, 0, 0, 0, 0, 0, 0, 0, 0, 0, 0, 0, 0, 0, 0, 0, 0, 0, 0, 0, 0, 0, 0, 0, 0, 0, 0, 0, 0, 0, 0, 0, 0, 0, 0, 0, 0, 0, 0, 0, 0, 0, 0, 0, 0, 0, 0, 0, 0, 0, 0, 0, 0, 0, 0, 0, 0, 0, 0, 0, 0, 0, 0, 0, 0, 0, 0, 0, 0, 0, 0, 0, 0, 0, 0, 0, 0, 0, 0, 0, 0, 0, 0, 0, 0, 0, 0, 0, 0, 0, 0, 0, 0, 0, 2831.7809545825808, 0, 0, 0, 0, 1218.6951376844836, 0, 0, 3549.2405572744774, 2958.2569461384624, 1554.649748478609, 0, 1483.4440524727775, 0, 940.5034109813047, 0, 2894.8180274289466, 0, 0, 527.5447082925066, 0, 640.84798693656, 2664.722365775066, 1317.2983312621604, 1254.9939763481898, 884.1326637750533]","[0, 0, 0, 0, 0, 0, 1, 1, 1, 2, 2, 2, 2, 2, 3, 3, 3, 3, 3, 3, 3, 3, 4, 4, 4, 4, 4, 4, 5, 5, 5, 5, 5, 6, 6, 6, 6, 6, 6, 7, 7, 7, 8, 8, 8, 8, 8, 8, 8, 9, 9, 9, 10, 10, 10, 10, 10, 10, 11, 11, 12, 12, 12, 12, 12, 12, 13, 13, 13, 13, 13, 14, 14, 14, 14, 15, 16, 16, 16, 16, 16, 17, 17, 17, 17, 18, 18, 18, 19, 19, 19, 19, 19, 19, 20, 20, 21, 21, 21, 21, 21, 22, 22, 22, 22, 22, 22, 23, 23, 23, 23, 24, 24, 24, 25, 25, 25, 25, 25, 25, 25, 26, 26, 26, 26, 27, 27, 27, 27, 27, 28]","[1, 1, 1, 1, 1, 3, 3, 2, 2, 3, 3, 7, 3, 3, 4, 4, 5, 8, 8, 9, 10, 12, 13, 13, 15, 19, 20, 22, 23, 24, 24, 25, 25, 33, 26, 26, 27, 28, 28, 29, 30, 31, 33, 33, 34, 35, 36, 37, 37, 38, 38, 38, 39, 41, 40, 41, 41, 41, 42, 44, 44, 44, 45, 46, 51, 47, 47, 48, 49, 50, 51, 51, 53, 53, 54, 55, 55, 57, 57, 58, 61, 60, 61, 61, 63, 63, 64, 64, 65, 64, 65, 66, 66, 68, 68, 69, 69, 71, 71, 72, 72, 73, 73, 73, 75, 74, 75, 76, 77, 78, 78, 80, 81, 82, 83, 84, 84, 85, 84, 85, 85, 86, 86, 87, 87, 88, 91, 91, 91, 92, 94]","[13, 9, 25, 5, 10, 24, 25, 25, 8, 15, 8, 28, 24, 26, 11, 12, 31, 28, 20, 26, 26, 21, 19, 30, 33, 23, 34, 38, 28, 38, 33, 42, 36, 55, 37, 44, 38, 41, 37, 45, 41, 35, 40, 40, 39, 69, 41, 43, 46, 61, 42, 51, 46, 51, 47, 53, 64, 48, 47, 60, 58, 49, 50, 63, 65, 53, 63, 72, 66, 54, 57, 55, 68, 57, 64, 64, 60, 64, 73, 69, 68, 61, 78, 66, 71, 75, 89, 80, 71, 94, 82, 74, 84, 81, 82, 72, 74, 84, 73, 84, 73, 88, 77, 76, 84, -1, 78, 85, 86, 85, -1, 91, 86, -1, -1, -1, 87, -1, 87, -1, 92, -1, 91, 90, -1, -1, -1, -1, -1, -1, -1]","[0, 0, 0, 0, 0, 0, 0, 0, 0, 0, 0, 0, 0, 0, 0, 0, 0, 0, 0, 0, 0, 0, 0, 0, 0, 0, 0, 0, 0, 0, 0, 0, 0, 0, 0, 0, 0, 0, 0, 0, 0, 0, 0, 0, 0, 0, 0, 0, 0, 0, 0, 0, 0, 0, 0, 0, 0, 0, 0, 0, 0, 0, 0, 0, 0, 0, 0, 0, 0, 0, 0, 0, 0, 0, 0, 0, 0, 0, 0, 0, 0, 0, 0, 0, 0, 0, 0, 0, 0, 0, 0, 0, 0, 0, 0, 0, 0, 0, 0, 0, 0, 0, 0, 0, 0, 2821.042908449049, 0, 0, 0, 0, 1207.9570915509514, 0, 0, 3011.7954043979344, 4029.0, 1017.2045956020659, 0, 2285.9703207457364, 0, 1743.0296792542636, 0, 3198.1366595682202, 0, 0, 830.86334043178, 4029.0, 1676.2748278371996, 4029.0, 2352.7251721628, 4029.0, 4029.0]","[0, 0, 0, 0, 0, 0, 0, 0, 0, 0, 0, 0, 0, 0, 0, 0, 0, 0, 0, 0, 0, 0, 0, 0, 0, 0, 0, 0, 0, 0, 0, 0, 0, 0, 0, 0, 0, 0, 0, 0, 0, 0, 0, 0, 0, 0, 0, 0, 0, 0, 0, 0, 0, 0, 0, 0, 0, 0, 0, 0, 0, 0, 0, 0, 0, 0, 0, 0, 0, 0, 0, 0, 0, 0, 0, 0, 0, 0, 0, 0, 0, 0, 0, 0, 0, 0, 0, 0, 0, 0, 0, 0, 0, 0, 0, 0, 0, 0, 0, 0, 0, 0, 0, 0, 0, (103.459, 0.03553333333333333, 0.025), 0, 0, 0, 0, (28.4422, 11.514866666666666, 11.541), 0, 0, (290.8046, 0.5733333333333334, 0.17), (0.0, 0.0, 0.0), (92.2746, 0.9142666666666668, 0.7324666666666667), 0, (186.64606666666668, 3.3434, 0.0272), 0, (109.0518, 0.5446, 0.4834), 0, (0.0, 0.0, 0.0), 0, 0, (222.2977333333333, 0.0, 0.0), (276.8236, 0.27726666666666666, 0.054666666666666655), (475.3542666666667, 0.0017333333333333335, 0.0003333333333333333), (455.7806, 0.011333333333333336, 0.005066666666666666), (75.49706666666667, 0.0, 0.001066666666666667), (343.93240000000003, 0.0, 0.0), (128.62506666666664, 0.00046666666666666666, 0.0014)]","[0, 0, 0, 0, 0, 0, 0, 0, 0, 0, 0, 0, 0, 0, 0, 0, 0, 0, 0, 0, 0, 0, 0, 0, 0, 0, 0, 0, 0, 0, 0, 0, 0, 0, 0, 0, 0, 0, 0, 0, 0, 0, 0, 0, 0, 0, 0, 0, 0, 0, 0, 0, 0, 0, 0, 0, 0, 0, 0, 0, 0, 0, 0, 0, 0, 0, 0, 0, 0, 0, 0, 0, 0, 0, 0, 0, 0, 0, 0, 0, 0, 0, 0, 0, 0, 0, 0, 0, 0, 0, 0, 0, 0, 0, 0, 0, 0, 0, 0, 0, 0, 0, 0, 0, 0, (3, 0.0001, 0.02427222222222222), 0, 0, 0, 0, (3, 0.0, 3.3333333333333335e-05), 0, 0, (3, 0.0017833333333333332, 0.2834388888888889), (2, 0.0, 0.0), (2, 0.0, 0.010216666666666666), 0, (1, 0.0, 0.005394444444444445), 0, (1, 0.0, 0.002838888888888889), 0, (2, 0.0, 0.0), 0, 0, (1, 0.0, 0.00019999999999999998), (1, 0.0, 0.0013833333333333334), (1, 0.015333333333333336, 0.0008833333333333333), (3, 0.0, 0.016805555555555553), (2, 1.666666666666667e-05, 0.0007), (3, 0.020033333333333334, 0.0038777777777777777), (2, 0.0705, 0.025599999999999998)]","[-1, -1, -1, -1, -1, -1, -1, -1, -1, -1, -1, -1, -1, -1, -1, -1, -1, -1, -1, -1, -1, -1, -1, -1, -1, -1, -1, -1, -1, -1, -1, -1, -1, -1, -1, -1, -1, -1, -1, -1, -1, -1, -1, -1, -1, -1, -1, -1, -1, -1, -1, -1, -1, -1, -1, -1, -1, -1, -1, -1, -1, -1, -1, -1, -1, -1, -1, -1, -1, -1, -1, -1, -1, -1, -1, -1, -1, -1, -1, -1, -1, -1, -1, -1, -1, -1, -1, -1, -1, -1, -1, -1, -1, -1, -1, -1, -1, -1, -1, -1, -1, -1, -1, -1, -1, 10, -1, -1, -1, -1, 10, -1, -1, 6, 0, 6, -1, 4, -1, 4, -1, 1, -1, -1, 1, 2, 15, 11, 15, 5, 14]","[False, False, False, False, False, False, False, False, False, False, False, False, False, False, False, False, False, False, False, False, False, False, False, False, False, False, False, False, False, False, False, False, False, False, False, False, False, False, False, False, False, False, False, False, False, False, False, False, False, False, False, False, False, False, False, False, False, False, False, False, False, False, False, False, False, False, False, False, False, False, False, False, False, False, False, False, False, False, False, False, False, False, False, False, False, False, False, False, False, False, False, False, False, False, False, False, False, False, False, False, False, False, False, False, False, True, False, False, False, False, True, False, False, True, True, True, False, True, False, True, False, True, False, False, True, True, True, True, True, True, True]"
95,"[0, 0, 0, 0, 0, 0, 0, 0, 0, 0, 0, 0, 0, 0, 0, 0, 0, 0, 0, 0, 0, 0, 0, 0, 0, 0, 0, 0, 0, 0, 0, 0, 0, 0, 0, 0, 0, 0, 0, 0, 0, 0, 0, 0, 0, 0, 0, 0, 0, 0, 0, 0, 0, 0, 0, 0, 0, 0, 0, 0, 0, 0, 0, 0, 0, 0, 0, 0, 0, 0, 0, 0, 0, 0, 0, 0, 0, 0, 0, 0, 0, 0, 0, 0, 0, 0, 0, 0, 0, 0, 0, 0, 0, 0, 0, 0, 0, 0, 0, 0, 0, 0, 0, 0, 0, 0, 0, 0, 0, 0, 1051.7505982756504, 0, 0, 2160.2621265819243, 3018.356974389583, 1560.5835261445573, 0, 1397.4042974293563, 0, 967.2054005675245, 0, 3151.912592725404, 0, 0, 450.7502254398, 0, 652.7155422502, 3815.4812123039737, 2478.4930534701275, 1459.7089616688797, 1266.8615316800874, 845.5631180399, 0]","[0, 0, 0, 0, 0, 0, 1, 1, 1, 2, 2, 2, 2, 2, 3, 3, 3, 3, 3, 3, 3, 3, 4, 4, 4, 4, 4, 4, 5, 5, 5, 5, 5, 6, 6, 6, 6, 6, 6, 7, 7, 7, 8, 8, 8, 8, 8, 8, 8, 9, 9, 9, 10, 10, 10, 10, 10, 10, 11, 11, 12, 12, 12, 12, 12, 12, 13, 13, 13, 13, 13, 14, 14, 14, 14, 15, 16, 16, 16, 16, 16, 17, 17, 17, 17, 18, 18, 18, 19, 19, 19, 19, 19, 19, 20, 20, 21, 21, 21, 21, 21, 22, 22, 22, 22, 22, 22, 23, 23, 23, 23, 24, 24, 24, 25, 25, 25, 25, 25, 25, 25, 26, 26, 26, 26, 27, 27, 27, 27, 27, 27, 28, 28]","[1, 1, 1, 1, 1, 3, 3, 2, 2, 3, 3, 7, 3, 3, 4, 4, 5, 8, 8, 9, 10, 12, 13, 13, 15, 19, 20, 22, 23, 24, 24, 25, 25, 33, 26, 26, 27, 28, 28, 29, 30, 31, 33, 33, 34, 35, 36, 37, 37, 38, 38, 38, 39, 41, 40, 41, 41, 41, 42, 44, 44, 44, 45, 46, 51, 47, 47, 48, 49, 50, 51, 51, 53, 53, 54, 55, 55, 57, 57, 58, 61, 60, 61, 61, 63, 63, 64, 64, 65, 64, 65, 66, 66, 68, 68, 69, 69, 71, 71, 72, 72, 73, 73, 73, 75, 74, 75, 76, 77, 78, 78, 80, 81, 82, 83, 84, 84, 85, 84, 85, 85, 86, 86, 87, 87, 88, 91, 95, 91, 91, 92, 94, 95]","[13, 9, 25, 5, 10, 24, 25, 25, 8, 15, 8, 28, 24, 26, 11, 12, 31, 28, 20, 26, 26, 21, 19, 30, 33, 23, 34, 38, 28, 38, 33, 42, 36, 55, 37, 44, 38, 41, 37, 45, 41, 35, 40, 40, 39, 69, 41, 43, 46, 61, 42, 51, 46, 51, 47, 53, 64, 48, 47, 60, 58, 49, 50, 63, 65, 53, 63, 72, 66, 54, 57, 55, 68, 57, 64, 64, 60, 64, 73, 69, 68, 61, 78, 66, 71, 75, 89, 80, 71, 94, 82, 74, 84, 81, 82, 72, 74, 84, 73, 84, 73, 88, 77, 76, 84, -1, 78, 85, 86, 85, -1, 91, 86, -1, -1, -1, 87, -1, 87, -1, 92, -1, 91, 90, -1, 95, -1, -1, -1, -1, -1, -1, -1]","[0, 0, 0, 0, 0, 0, 0, 0, 0, 0, 0, 0, 0, 0, 0, 0, 0, 0, 0, 0, 0, 0, 0, 0, 0, 0, 0, 0, 0, 0, 0, 0, 0, 0, 0, 0, 0, 0, 0, 0, 0, 0, 0, 0, 0, 0, 0, 0, 0, 0, 0, 0, 0, 0, 0, 0, 0, 0, 0, 0, 0, 0, 0, 0, 0, 0, 0, 0, 0, 0, 0, 0, 0, 0, 0, 0, 0, 0, 0, 0, 0, 0, 0, 0, 0, 0, 0, 0, 0, 0, 0, 0, 0, 0, 0, 0, 0, 0, 0, 0, 0, 0, 0, 0, 0, 1488.624700862175, 0, 0, 0, 0, 2540.375299137825, 0, 0, 2314.3393002186835, 4029.0, 1714.6606997813165, 0, 2229.599448430916, 0, 1799.4005515690842, 0, 3365.081183642802, 0, 0, 663.918816357198, 0, 1611.00329029066, 4029.0, 4029.0, 2417.99670970934, 4029.0, 4029.0, 4029.0]","[0, 0, 0, 0, 0, 0, 0, 0, 0, 0, 0, 0, 0, 0, 0, 0, 0, 0, 0, 0, 0, 0, 0, 0, 0, 0, 0, 0, 0, 0, 0, 0, 0, 0, 0, 0, 0, 0, 0, 0, 0, 0, 0, 0, 0, 0, 0, 0, 0, 0, 0, 0, 0, 0, 0, 0, 0, 0, 0, 0, 0, 0, 0, 0, 0, 0, 0, 0, 0, 0, 0, 0, 0, 0, 0, 0, 0, 0, 0, 0, 0, 0, 0, 0, 0, 0, 0, 0, 0, 0, 0, 0, 0, 0, 0, 0, 0, 0, 0, 0, 0, 0, 0, 0, 0, (96.46846666666666, 0.0338, 0.023066666666666666), 0, 0, 0, 0, (31.1948, 9.010533333333333, 9.032466666666668), 0, 0, (278.22166666666675, 0.49906666666666666, 0.15853333333333333), (0.0, 0.0, 0.0), (134.2176, 0.8891333333333333, 0.7291333333333333), 0, (441.79940000000005, 3.5278666666666667, 0.02166666666666667), 0, (131.4214, 0.5404, 0.4769333333333333), 0, (0.0, 0.0, 0.0), 0, 0, (257.2502, 0.0, 0.0), 0, (552.2496, 0.0023333333333333335, 0.0028666666666666667), (1426.063, 0.14286666666666667, 0.5943999999999999), (332.7478, 0.012333333333333335, 0.0056), (114.64386666666668, 0.0, 0.0011333333333333332), (306.18359999999996, 0.0, 0.0), (120.23626666666664, 0.0, 0.001066666666666667), (75.84646666666666, 0.0, 0.0)]","[0, 0, 0, 0, 0, 0, 0, 0, 0, 0, 0, 0, 0, 0, 0, 0, 0, 0, 0, 0, 0, 0, 0, 0, 0, 0, 0, 0, 0, 0, 0, 0, 0, 0, 0, 0, 0, 0, 0, 0, 0, 0, 0, 0, 0, 0, 0, 0, 0, 0, 0, 0, 0, 0, 0, 0, 0, 0, 0, 0, 0, 0, 0, 0, 0, 0, 0, 0, 0, 0, 0, 0, 0, 0, 0, 0, 0, 0, 0, 0, 0, 0, 0, 0, 0, 0, 0, 0, 0, 0, 0, 0, 0, 0, 0, 0, 0, 0, 0, 0, 0, 0, 0, 0, 0, (3, 0.0001833333333333333, 0.029927777777777772), 0, 0, 0, 0, (3, 0.0, 2.2222222222222223e-05), 0, 0, (3, 0.04115, 0.5988777777777777), (2, 0.0, 0.0), (2, 1.666666666666667e-05, 0.00786111111111111), 0, (1, 0.0, 0.005505555555555555), 0, (1, 0.06126666666666666, 0.023866666666666675), 0, (2, 0.0, 0.0), 0, 0, (1, 0.0, 0.00023888888888888888), 0, (1, 0.0116, 0.001061111111111111), (3, 0.005116666666666666, 0.1869), (3, 0.0, 0.021144444444444445), (2, 0.0, 0.0006555555555555555), (3, 0.008033333333333333, 0.003372222222222222), (2, 1.666666666666667e-05, 0.0006111111111111112), (2, 0.00015, 0.0002722222222222222)]","[-1, -1, -1, -1, -1, -1, -1, -1, -1, -1, -1, -1, -1, -1, -1, -1, -1, -1, -1, -1, -1, -1, -1, -1, -1, -1, -1, -1, -1, -1, -1, -1, -1, -1, -1, -1, -1, -1, -1, -1, -1, -1, -1, -1, -1, -1, -1, -1, -1, -1, -1, -1, -1, -1, -1, -1, -1, -1, -1, -1, -1, -1, -1, -1, -1, -1, -1, -1, -1, -1, -1, -1, -1, -1, -1, -1, -1, -1, -1, -1, -1, -1, -1, -1, -1, -1, -1, -1, -1, -1, -1, -1, -1, -1, -1, -1, -1, -1, -1, -1, -1, -1, -1, -1, -1, 10, -1, -1, -1, -1, 10, -1, -1, 6, 0, 6, -1, 4, -1, 4, -1, 1, -1, -1, 1, -1, 15, 12, 11, 15, 5, 14, 2]","[False, False, False, False, False, False, False, False, False, False, False, False, False, False, False, False, False, False, False, False, False, False, False, False, False, False, False, False, False, False, False, False, False, False, False, False, False, False, False, False, False, False, False, False, False, False, False, False, False, False, False, False, False, False, False, False, False, False, False, False, False, False, False, False, False, False, False, False, False, False, False, False, False, False, False, False, False, False, False, False, False, False, False, False, False, False, False, False, False, False, False, False, False, False, False, False, False, False, False, False, False, False, False, False, False, True, False, False, False, False, True, False, False, True, True, True, False, True, False, True, False, True, False, False, True, False, True, True, True, True, True, True, True]"
96,"[0, 0, 0, 0, 0, 0, 0, 0, 0, 0, 0, 0, 0, 0, 0, 0, 0, 0, 0, 0, 0, 0, 0, 0, 0, 0, 0, 0, 0, 0, 0, 0, 0, 0, 0, 0, 0, 0, 0, 0, 0, 0, 0, 0, 0, 0, 0, 0, 0, 0, 0, 0, 0, 0, 0, 0, 0, 0, 0, 0, 0, 0, 0, 0, 0, 0, 0, 0, 0, 0, 0, 0, 0, 0, 0, 0, 0, 0, 0, 0, 0, 0, 0, 0, 0, 0, 0, 0, 0, 0, 0, 0, 0, 0, 0, 0, 0, 0, 0, 0, 0, 0, 0, 0, 0, 0, 0, 0, 0, 0, 871.45049571411, 0, 0, 3262.0959778524575, 3148.573702267009, 1530.9146378148132, 0, 1605.0864647755454, 0, 922.7020845904912, 0, 2938.223603388089, 0, 0, 564.2725044394533, 0, 623.0466539661, 2446.521763816231, 2629.1197031285333, 845.5631180399, 1204.5568661876246, 809.96046043822, 0, 1108.5118598755066, 1147.5012037613078]","[0, 0, 0, 0, 0, 0, 1, 1, 1, 2, 2, 2, 2, 2, 3, 3, 3, 3, 3, 3, 3, 3, 4, 4, 4, 4, 4, 4, 5, 5, 5, 5, 5, 6, 6, 6, 6, 6, 6, 7, 7, 7, 8, 8, 8, 8, 8, 8, 8, 9, 9, 9, 10, 10, 10, 10, 10, 10, 11, 11, 12, 12, 12, 12, 12, 12, 13, 13, 13, 13, 13, 14, 14, 14, 14, 15, 16, 16, 16, 16, 16, 17, 17, 17, 17, 18, 18, 18, 19, 19, 19, 19, 19, 19, 20, 20, 21, 21, 21, 21, 21, 22, 22, 22, 22, 22, 22, 23, 23, 23, 23, 24, 24, 24, 25, 25, 25, 25, 25, 25, 25, 26, 26, 26, 26, 27, 27, 27, 27, 27, 27, 28, 28, 28, 29]","[1, 1, 1, 1, 1, 3, 3, 2, 2, 3, 3, 7, 3, 3, 4, 4, 5, 8, 8, 9, 10, 12, 13, 13, 15, 19, 20, 22, 23, 24, 24, 25, 25, 33, 26, 26, 27, 28, 28, 29, 30, 31, 33, 33, 34, 35, 36, 37, 37, 38, 38, 38, 39, 41, 40, 41, 41, 41, 42, 44, 44, 44, 45, 46, 51, 47, 47, 48, 49, 50, 51, 51, 53, 53, 54, 55, 55, 57, 57, 58, 61, 60, 61, 61, 63, 63, 64, 64, 65, 64, 65, 66, 66, 68, 68, 69, 69, 71, 71, 72, 72, 73, 73, 73, 75, 74, 75, 76, 77, 78, 78, 80, 81, 82, 83, 84, 84, 85, 84, 85, 85, 86, 86, 87, 87, 88, 91, 95, 91, 91, 92, 94, 95, 96, 96]","[13, 9, 25, 5, 10, 24, 25, 25, 8, 15, 8, 28, 24, 26, 11, 12, 31, 28, 20, 26, 26, 21, 19, 30, 33, 23, 34, 38, 28, 38, 33, 42, 36, 55, 37, 44, 38, 41, 37, 45, 41, 35, 40, 40, 39, 69, 41, 43, 46, 61, 42, 51, 46, 51, 47, 53, 64, 48, 47, 60, 58, 49, 50, 63, 65, 53, 63, 72, 66, 54, 57, 55, 68, 57, 64, 64, 60, 64, 73, 69, 68, 61, 78, 66, 71, 75, 89, 80, 71, 94, 82, 74, 84, 81, 82, 72, 74, 84, 73, 84, 73, 88, 77, 76, 84, 96, 78, 85, 86, 85, -1, 91, 86, -1, -1, -1, 87, -1, 87, -1, 92, -1, 91, 90, -1, 95, -1, -1, -1, -1, -1, -1, 96, -1, -1]","[0, 0, 0, 0, 0, 0, 0, 0, 0, 0, 0, 0, 0, 0, 0, 0, 0, 0, 0, 0, 0, 0, 0, 0, 0, 0, 0, 0, 0, 0, 0, 0, 0, 0, 0, 0, 0, 0, 0, 0, 0, 0, 0, 0, 0, 0, 0, 0, 0, 0, 0, 0, 0, 0, 0, 0, 0, 0, 0, 0, 0, 0, 0, 0, 0, 0, 0, 0, 0, 0, 0, 0, 0, 0, 0, 0, 0, 0, 0, 0, 0, 0, 0, 0, 0, 0, 0, 0, 0, 0, 0, 0, 0, 0, 0, 0, 0, 0, 0, 0, 0, 0, 0, 0, 0, 0, 0, 0, 0, 0, 1895.9693179193016, 0, 0, 2880.090670018822, 4029.0, 1148.9093299811777, 0, 2355.692190092527, 0, 1673.3078099074728, 0, 3201.4755494743176, 0, 0, 827.5244505256821, 0, 1094.009662043664, 4029.0, 4029.0, 1316.526126117464, 4029.0, 4029.0, 0, 2133.030682080698, 1618.4642118388717]","[0, 0, 0, 0, 0, 0, 0, 0, 0, 0, 0, 0, 0, 0, 0, 0, 0, 0, 0, 0, 0, 0, 0, 0, 0, 0, 0, 0, 0, 0, 0, 0, 0, 0, 0, 0, 0, 0, 0, 0, 0, 0, 0, 0, 0, 0, 0, 0, 0, 0, 0, 0, 0, 0, 0, 0, 0, 0, 0, 0, 0, 0, 0, 0, 0, 0, 0, 0, 0, 0, 0, 0, 0, 0, 0, 0, 0, 0, 0, 0, 0, 0, 0, 0, 0, 0, 0, 0, 0, 0, 0, 0, 0, 0, 0, 0, 0, 0, 0, 0, 0, 0, 0, 0, 0, 0, 0, 0, 0, 0, (28.52946666666667, 7.324866666666668, 7.3436), 0, 0, (392.8656, 0.7547333333333333, 0.24346666666666666), (0.0, 0.0, 0.0), (120.23660000000001, 0.8804666666666667, 0.7153333333333335), 0, (421.5272, 3.163133333333333, 0.021933333333333332), 0, (89.4784, 0.5311333333333333, 0.46186666666666676), 0, (0.0, 0.0, 0.0), 0, 0, (192.93746666666667, 0.0, 0.0), 0, (503.316, 0.0016666666666666668, 0.0003333333333333333), (1311.4188000000001, 0.1956, 0.7402000000000001), (377.487, 0.011333333333333336, 0.0054), (92.27413333333331, 6.666666666666668e-05, 0.0013333333333333333), (322.961, 0.0, 0.0), (72.7008, 6.666666666666668e-05, 0.0015333333333333334), 0, (67.1088, 0.0, 0.001), (386.924, 1.3948666666666665, 0.0056)]","[0, 0, 0, 0, 0, 0, 0, 0, 0, 0, 0, 0, 0, 0, 0, 0, 0, 0, 0, 0, 0, 0, 0, 0, 0, 0, 0, 0, 0, 0, 0, 0, 0, 0, 0, 0, 0, 0, 0, 0, 0, 0, 0, 0, 0, 0, 0, 0, 0, 0, 0, 0, 0, 0, 0, 0, 0, 0, 0, 0, 0, 0, 0, 0, 0, 0, 0, 0, 0, 0, 0, 0, 0, 0, 0, 0, 0, 0, 0, 0, 0, 0, 0, 0, 0, 0, 0, 0, 0, 0, 0, 0, 0, 0, 0, 0, 0, 0, 0, 0, 0, 0, 0, 0, 0, 0, 0, 0, 0, 0, (3, 0.0, 2.7777777777777776e-05), 0, 0, (3, 0.00026666666666666673, 1.4022944444444445), (2, 0.0, 0.0), (2, 5e-05, 0.008244444444444445), 0, (1, 0.04335, 0.02068888888888889), 0, (1, 1.666666666666667e-05, 0.0020666666666666667), 0, (2, 0.0, 0.0), 0, 0, (1, 0.0, 0.0002777777777777778), 0, (1, 0.015533333333333333, 0.0008555555555555556), (3, 0.0006, 0.11304444444444445), (3, 0.0, 0.030616666666666664), (2, 1.666666666666667e-05, 0.003455555555555556), (3, 0.007916666666666667, 0.003444444444444445), (2, 0.0, 0.0005666666666666668), 0, (3, 0.0, 0.0), (1, 0.0, 0.009683333333333334)]","[-1, -1, -1, -1, -1, -1, -1, -1, -1, -1, -1, -1, -1, -1, -1, -1, -1, -1, -1, -1, -1, -1, -1, -1, -1, -1, -1, -1, -1, -1, -1, -1, -1, -1, -1, -1, -1, -1, -1, -1, -1, -1, -1, -1, -1, -1, -1, -1, -1, -1, -1, -1, -1, -1, -1, -1, -1, -1, -1, -1, -1, -1, -1, -1, -1, -1, -1, -1, -1, -1, -1, -1, -1, -1, -1, -1, -1, -1, -1, -1, -1, -1, -1, -1, -1, -1, -1, -1, -1, -1, -1, -1, -1, -1, -1, -1, -1, -1, -1, -1, -1, -1, -1, -1, -1, -1, -1, -1, -1, -1, 10, -1, -1, 6, 0, 6, -1, 4, -1, 4, -1, 1, -1, -1, 1, -1, 15, 12, 11, 15, 5, 14, -1, 10, 15]","[False, False, False, False, False, False, False, False, False, False, False, False, False, False, False, False, False, False, False, False, False, False, False, False, False, False, False, False, False, False, False, False, False, False, False, False, False, False, False, False, False, False, False, False, False, False, False, False, False, False, False, False, False, False, False, False, False, False, False, False, False, False, False, False, False, False, False, False, False, False, False, False, False, False, False, False, False, False, False, False, False, False, False, False, False, False, False, False, False, False, False, False, False, False, False, False, False, False, False, False, False, False, False, False, False, False, False, False, False, False, True, False, False, True, True, True, False, True, False, True, False, True, False, False, True, False, True, True, True, True, True, True, False, True, True]"
97,"[0, 0, 0, 0, 0, 0, 0, 0, 0, 0, 0, 0, 0, 0, 0, 0, 0, 0, 0, 0, 0, 0, 0, 0, 0, 0, 0, 0, 0, 0, 0, 0, 0, 0, 0, 0, 0, 0, 0, 0, 0, 0, 0, 0, 0, 0, 0, 0, 0, 0, 0, 0, 0, 0, 0, 0, 0, 0, 0, 0, 0, 0, 0, 0, 0, 0, 0, 0, 0, 0, 0, 0, 0, 0, 0, 0, 0, 0, 0, 0, 0, 0, 0, 0, 0, 0, 0, 0, 0, 0, 0, 0, 0, 0, 0, 0, 0, 0, 0, 0, 0, 0, 0, 0, 0, 0, 0, 0, 0, 0, 984.972782512117, 0, 0, 3983.2963168658976, 3425.7016103138403, 1572.4510814764558, 0, 0, 0, 913.8014213950846, 0, 2958.2569461384624, 0, 0, 500.8335838220001, 0, 661.6162087354301, 2303.8585840403466, 2505.879717044383, 833.6955655060068, 1252.0270875152155, 1317.2983312621604, 0, 1115.189642163913, 925.6692288098378]","[0, 0, 0, 0, 0, 0, 1, 1, 1, 2, 2, 2, 2, 2, 3, 3, 3, 3, 3, 3, 3, 3, 4, 4, 4, 4, 4, 4, 5, 5, 5, 5, 5, 6, 6, 6, 6, 6, 6, 7, 7, 7, 8, 8, 8, 8, 8, 8, 8, 9, 9, 9, 10, 10, 10, 10, 10, 10, 11, 11, 12, 12, 12, 12, 12, 12, 13, 13, 13, 13, 13, 14, 14, 14, 14, 15, 16, 16, 16, 16, 16, 17, 17, 17, 17, 18, 18, 18, 19, 19, 19, 19, 19, 19, 20, 20, 21, 21, 21, 21, 21, 22, 22, 22, 22, 22, 22, 23, 23, 23, 23, 24, 24, 24, 25, 25, 25, 25, 25, 25, 25, 26, 26, 26, 26, 27, 27, 27, 27, 27, 27, 28, 28, 28, 29]","[1, 1, 1, 1, 1, 3, 3, 2, 2, 3, 3, 7, 3, 3, 4, 4, 5, 8, 8, 9, 10, 12, 13, 13, 15, 19, 20, 22, 23, 24, 24, 25, 25, 33, 26, 26, 27, 28, 28, 29, 30, 31, 33, 33, 34, 35, 36, 37, 37, 38, 38, 38, 39, 41, 40, 41, 41, 41, 42, 44, 44, 44, 45, 46, 51, 47, 47, 48, 49, 50, 51, 51, 53, 53, 54, 55, 55, 57, 57, 58, 61, 60, 61, 61, 63, 63, 64, 64, 65, 64, 65, 66, 66, 68, 68, 69, 69, 71, 71, 72, 72, 73, 73, 73, 75, 74, 75, 76, 77, 78, 78, 80, 81, 82, 83, 84, 84, 85, 84, 85, 85, 86, 86, 87, 87, 88, 91, 95, 91, 91, 92, 94, 95, 96, 96]","[13, 9, 25, 5, 10, 24, 25, 25, 8, 15, 8, 28, 24, 26, 11, 12, 31, 28, 20, 26, 26, 21, 19, 30, 33, 23, 34, 38, 28, 38, 33, 42, 36, 55, 37, 44, 38, 41, 37, 45, 41, 35, 40, 40, 39, 69, 41, 43, 46, 61, 42, 51, 46, 51, 47, 53, 64, 48, 47, 60, 58, 49, 50, 63, 65, 53, 63, 72, 66, 54, 57, 55, 68, 57, 64, 64, 60, 64, 73, 69, 68, 61, 78, 66, 71, 75, 89, 80, 71, 94, 82, 74, 84, 81, 82, 72, 74, 84, 73, 84, 73, 88, 77, 76, 84, 96, 78, 85, 86, 85, -1, 91, 86, -1, -1, -1, 87, -1, 87, -1, 92, -1, 91, 90, -1, 95, -1, -1, -1, -1, -1, -1, 96, -1, -1]","[0, 0, 0, 0, 0, 0, 0, 0, 0, 0, 0, 0, 0, 0, 0, 0, 0, 0, 0, 0, 0, 0, 0, 0, 0, 0, 0, 0, 0, 0, 0, 0, 0, 0, 0, 0, 0, 0, 0, 0, 0, 0, 0, 0, 0, 0, 0, 0, 0, 0, 0, 0, 0, 0, 0, 0, 0, 0, 0, 0, 0, 0, 0, 0, 0, 0, 0, 0, 0, 0, 0, 0, 0, 0, 0, 0, 0, 0, 0, 0, 0, 0, 0, 0, 0, 0, 0, 0, 0, 0, 0, 0, 0, 0, 0, 0, 0, 0, 0, 0, 0, 0, 0, 0, 0, 0, 0, 0, 0, 0, 1949.3915701741018, 0, 0, 3219.922617694721, 4029.0, 809.0773823052791, 0, 1557.5992893024577, 0, 2471.4007106975423, 0, 3243.211681158231, 0, 0, 785.7883188417688, 0, 1197.6225410516718, 4029.0, 4029.0, 1369.7018978222486, 4029.0, 4029.0, 0, 2079.608429825898, 1461.6755611260796]","[0, 0, 0, 0, 0, 0, 0, 0, 0, 0, 0, 0, 0, 0, 0, 0, 0, 0, 0, 0, 0, 0, 0, 0, 0, 0, 0, 0, 0, 0, 0, 0, 0, 0, 0, 0, 0, 0, 0, 0, 0, 0, 0, 0, 0, 0, 0, 0, 0, 0, 0, 0, 0, 0, 0, 0, 0, 0, 0, 0, 0, 0, 0, 0, 0, 0, 0, 0, 0, 0, 0, 0, 0, 0, 0, 0, 0, 0, 0, 0, 0, 0, 0, 0, 0, 0, 0, 0, 0, 0, 0, 0, 0, 0, 0, 0, 0, 0, 0, 0, 0, 0, 0, 0, 0, 0, 0, 0, 0, 0, (30.320933333333343, 9.086799999999998, 9.109399999999999), 0, 0, (432.01279999999997, 0.8446, 0.2776), (0.0, 0.0, 0.0), (117.4404, 0.9407333333333332, 0.7398666666666667), 0, (462.072, 4.105733333333333, 0.02813333333333333), 0, (117.4404, 0.5386666666666666, 0.5020666666666667), 0, (0.0, 0.0, 0.0), 0, 0, (187.3452, 0.0, 0.0), 0, (426.4208, 0.0021333333333333334, 0.002933333333333333), (1255.4948, 0.13406666666666667, 0.4640666666666667), (321.563, 0.0134, 0.007933333333333334), (76.89526666666666, 0.0, 0.001), (301.98940000000005, 0.0, 0.0), (75.49706666666667, 0.0, 0.001066666666666667), 0, (47.5354, 0.0, 0.001), (349.1754, 0.6480666666666667, 0.003466666666666667)]","[0, 0, 0, 0, 0, 0, 0, 0, 0, 0, 0, 0, 0, 0, 0, 0, 0, 0, 0, 0, 0, 0, 0, 0, 0, 0, 0, 0, 0, 0, 0, 0, 0, 0, 0, 0, 0, 0, 0, 0, 0, 0, 0, 0, 0, 0, 0, 0, 0, 0, 0, 0, 0, 0, 0, 0, 0, 0, 0, 0, 0, 0, 0, 0, 0, 0, 0, 0, 0, 0, 0, 0, 0, 0, 0, 0, 0, 0, 0, 0, 0, 0, 0, 0, 0, 0, 0, 0, 0, 0, 0, 0, 0, 0, 0, 0, 0, 0, 0, 0, 0, 0, 0, 0, 0, 0, 0, 0, 0, 0, (3, 0.0, 2.7777777777777776e-05), 0, 0, (3, 0.0, 1.846088888888889), (2, 0.0, 0.0), (2, 0.0, 0.011944444444444445), 0, (1, 0.0, 0.005383333333333333), 0, (1, 0.0, 0.003311111111111111), 0, (2, 0.0, 0.0), 0, 0, (1, 0.0, 0.0002833333333333333), 0, (1, 0.01175, 0.0009611111111111112), (3, 1.666666666666667e-05, 0.12178333333333334), (3, 0.0, 0.017744444444444448), (2, 0.0, 0.0005055555555555555), (3, 0.00785, 0.003533333333333333), (2, 1.666666666666667e-05, 0.0007), 0, (3, 0.0, 0.0), (1, 0.0, 0.00023333333333333333)]","[-1, -1, -1, -1, -1, -1, -1, -1, -1, -1, -1, -1, -1, -1, -1, -1, -1, -1, -1, -1, -1, -1, -1, -1, -1, -1, -1, -1, -1, -1, -1, -1, -1, -1, -1, -1, -1, -1, -1, -1, -1, -1, -1, -1, -1, -1, -1, -1, -1, -1, -1, -1, -1, -1, -1, -1, -1, -1, -1, -1, -1, -1, -1, -1, -1, -1, -1, -1, -1, -1, -1, -1, -1, -1, -1, -1, -1, -1, -1, -1, -1, -1, -1, -1, -1, -1, -1, -1, -1, -1, -1, -1, -1, -1, -1, -1, -1, -1, -1, -1, -1, -1, -1, -1, -1, -1, -1, -1, -1, -1, 10, -1, -1, 6, 0, 6, -1, 4, -1, 4, -1, 1, -1, -1, 1, -1, 15, 12, 11, 15, 5, 14, -1, 10, 15]","[False, False, False, False, False, False, False, False, False, False, False, False, False, False, False, False, False, False, False, False, False, False, False, False, False, False, False, False, False, False, False, False, False, False, False, False, False, False, False, False, False, False, False, False, False, False, False, False, False, False, False, False, False, False, False, False, False, False, False, False, False, False, False, False, False, False, False, False, False, False, False, False, False, False, False, False, False, False, False, False, False, False, False, False, False, False, False, False, False, False, False, False, False, False, False, False, False, False, False, False, False, False, False, False, False, False, False, False, False, False, True, False, False, True, True, True, False, True, False, True, False, True, False, False, True, False, True, True, True, True, True, True, False, True, True]"
98,"[0, 0, 0, 0, 0, 0, 0, 0, 0, 0, 0, 0, 0, 0, 0, 0, 0, 0, 0, 0, 0, 0, 0, 0, 0, 0, 0, 0, 0, 0, 0, 0, 0, 0, 0, 0, 0, 0, 0, 0, 0, 0, 0, 0, 0, 0, 0, 0, 0, 0, 0, 0, 0, 0, 0, 0, 0, 0, 0, 0, 0, 0, 0, 0, 0, 0, 0, 0, 0, 0, 0, 0, 0, 0, 0, 0, 0, 0, 0, 0, 0, 0, 0, 0, 0, 0, 0, 0, 0, 0, 0, 0, 0, 0, 0, 0, 0, 0, 0, 0, 0, 0, 0, 0, 0, 0, 0, 0, 0, 0, 1078.4617245810634, 0, 0, 3906.5018363228, 0, 1560.5835261445573, 0, 0, 0, 922.7020845904912, 0, 3018.356974389583, 0, 0, 510.85025549844005, 0, 634.9142092797401, 2662.034226881929, 2519.573048831511, 827.7617892390601, 0, 1459.7089616688797, 0, 1115.189642163913, 1237.8771935563511, 1646.6233023008167]","[0, 0, 0, 0, 0, 0, 1, 1, 1, 2, 2, 2, 2, 2, 3, 3, 3, 3, 3, 3, 3, 3, 4, 4, 4, 4, 4, 4, 5, 5, 5, 5, 5, 6, 6, 6, 6, 6, 6, 7, 7, 7, 8, 8, 8, 8, 8, 8, 8, 9, 9, 9, 10, 10, 10, 10, 10, 10, 11, 11, 12, 12, 12, 12, 12, 12, 13, 13, 13, 13, 13, 14, 14, 14, 14, 15, 16, 16, 16, 16, 16, 17, 17, 17, 17, 18, 18, 18, 19, 19, 19, 19, 19, 19, 20, 20, 21, 21, 21, 21, 21, 22, 22, 22, 22, 22, 22, 23, 23, 23, 23, 24, 24, 24, 25, 25, 25, 25, 25, 25, 25, 26, 26, 26, 26, 27, 27, 27, 27, 27, 27, 28, 28, 28, 29, 29]","[1, 1, 1, 1, 1, 3, 3, 2, 2, 3, 3, 7, 3, 3, 4, 4, 5, 8, 8, 9, 10, 12, 13, 13, 15, 19, 20, 22, 23, 24, 24, 25, 25, 33, 26, 26, 27, 28, 28, 29, 30, 31, 33, 33, 34, 35, 36, 37, 37, 38, 38, 38, 39, 41, 40, 41, 41, 41, 42, 44, 44, 44, 45, 46, 51, 47, 47, 48, 49, 50, 51, 51, 53, 53, 54, 55, 55, 57, 57, 58, 61, 60, 61, 61, 63, 63, 64, 64, 65, 64, 65, 66, 66, 68, 68, 69, 69, 71, 71, 72, 72, 73, 73, 73, 75, 74, 75, 76, 77, 78, 78, 80, 81, 82, 83, 84, 84, 85, 84, 85, 85, 86, 86, 87, 87, 88, 91, 95, 91, 91, 92, 94, 95, 96, 96, 98]","[13, 9, 25, 5, 10, 24, 25, 25, 8, 15, 8, 28, 24, 26, 11, 12, 31, 28, 20, 26, 26, 21, 19, 30, 33, 23, 34, 38, 28, 38, 33, 42, 36, 55, 37, 44, 38, 41, 37, 45, 41, 35, 40, 40, 39, 69, 41, 43, 46, 61, 42, 51, 46, 51, 47, 53, 64, 48, 47, 60, 58, 49, 50, 63, 65, 53, 63, 72, 66, 54, 57, 55, 68, 57, 64, 64, 60, 64, 73, 69, 68, 61, 78, 66, 71, 75, 89, 80, 71, 94, 82, 74, 84, 81, 82, 72, 74, 84, 73, 84, 73, 88, 77, 76, 84, 96, 78, 85, 86, 85, -1, 91, 86, -1, -1, -1, 87, 98, 87, -1, 92, -1, 91, 90, -1, 95, -1, -1, -1, -1, -1, -1, 96, -1, -1, -1]","[0, 0, 0, 0, 0, 0, 0, 0, 0, 0, 0, 0, 0, 0, 0, 0, 0, 0, 0, 0, 0, 0, 0, 0, 0, 0, 0, 0, 0, 0, 0, 0, 0, 0, 0, 0, 0, 0, 0, 0, 0, 0, 0, 0, 0, 0, 0, 0, 0, 0, 0, 0, 0, 0, 0, 0, 0, 0, 0, 0, 0, 0, 0, 0, 0, 0, 0, 0, 0, 0, 0, 0, 0, 0, 0, 0, 0, 0, 0, 0, 0, 0, 0, 0, 0, 0, 0, 0, 0, 0, 0, 0, 0, 0, 0, 0, 0, 0, 0, 0, 0, 0, 0, 0, 0, 0, 0, 0, 0, 0, 1996.1360412085753, 0, 0, 3187.4591550891214, 4029.0, 841.5408449108786, 0, 0, 0, 1652.5393911448373, 0, 3268.2533594455713, 0, 0, 760.7466405544285, 0, 1077.7298119213563, 4029.0, 4029.0, 1270.5773918806763, 4029.0, 4029.0, 0, 2032.863958791425, 1680.6927961979673, 2376.4606088551627]","[0, 0, 0, 0, 0, 0, 0, 0, 0, 0, 0, 0, 0, 0, 0, 0, 0, 0, 0, 0, 0, 0, 0, 0, 0, 0, 0, 0, 0, 0, 0, 0, 0, 0, 0, 0, 0, 0, 0, 0, 0, 0, 0, 0, 0, 0, 0, 0, 0, 0, 0, 0, 0, 0, 0, 0, 0, 0, 0, 0, 0, 0, 0, 0, 0, 0, 0, 0, 0, 0, 0, 0, 0, 0, 0, 0, 0, 0, 0, 0, 0, 0, 0, 0, 0, 0, 0, 0, 0, 0, 0, 0, 0, 0, 0, 0, 0, 0, 0, 0, 0, 0, 0, 0, 0, 0, 0, 0, 0, 0, (29.840133333333338, 10.411866666666667, 10.435533333333332), 0, 0, (339.7382, 0.8196, 0.2693333333333333), (0.0, 0.0, 0.0), (142.6062, 0.9389333333333333, 0.7352666666666667), 0, 0, 0, (134.2176, 0.5295333333333333, 0.5544666666666667), 0, (0.0, 0.0, 0.0), 0, 0, (160.7812, 0.0, 0.0), 0, (398.45840000000004, 0.0017333333333333335, 0.0004), (1470.8021999999999, 0.18553333333333333, 0.47233333333333327), (343.9326, 0.013333333333333336, 0.0074666666666666675), (79.6912, 6.666666666666668e-05, 0.001), (328.5532, 0.0, 0.0), (114.64386666666668, 0.0, 0.0011333333333333332), 0, (72.7012, 0.0, 0.001), (320.86379999999997, 0.6452, 0.0048), (125.829, 0.9397333333333332, 0.7602666666666668)]","[0, 0, 0, 0, 0, 0, 0, 0, 0, 0, 0, 0, 0, 0, 0, 0, 0, 0, 0, 0, 0, 0, 0, 0, 0, 0, 0, 0, 0, 0, 0, 0, 0, 0, 0, 0, 0, 0, 0, 0, 0, 0, 0, 0, 0, 0, 0, 0, 0, 0, 0, 0, 0, 0, 0, 0, 0, 0, 0, 0, 0, 0, 0, 0, 0, 0, 0, 0, 0, 0, 0, 0, 0, 0, 0, 0, 0, 0, 0, 0, 0, 0, 0, 0, 0, 0, 0, 0, 0, 0, 0, 0, 0, 0, 0, 0, 0, 0, 0, 0, 0, 0, 0, 0, 0, 0, 0, 0, 0, 0, (3, 0.0, 2.2222222222222223e-05), 0, 0, (3, 3.3333333333333335e-05, 1.7759777777777779), (2, 0.0, 0.0), (2, 0.0, 0.013844444444444444), 0, 0, 0, (1, 0.0, 0.002977777777777778), 0, (2, 0.0, 0.0), 0, 0, (1, 0.0, 0.0002666666666666667), 0, (1, 0.015733333333333332, 0.001), (3, 1.666666666666667e-05, 0.1395388888888889), (3, 0.0, 0.017083333333333332), (2, 1.666666666666667e-05, 0.0004111111111111111), (3, 0.007816666666666666, 0.003527777777777778), (2, 0.0, 0.0006555555555555555), 0, (3, 0.0, 0.0), (1, 0.0, 0.0002222222222222222), (2, 0.0, 0.009888888888888888)]","[-1, -1, -1, -1, -1, -1, -1, -1, -1, -1, -1, -1, -1, -1, -1, -1, -1, -1, -1, -1, -1, -1, -1, -1, -1, -1, -1, -1, -1, -1, -1, -1, -1, -1, -1, -1, -1, -1, -1, -1, -1, -1, -1, -1, -1, -1, -1, -1, -1, -1, -1, -1, -1, -1, -1, -1, -1, -1, -1, -1, -1, -1, -1, -1, -1, -1, -1, -1, -1, -1, -1, -1, -1, -1, -1, -1, -1, -1, -1, -1, -1, -1, -1, -1, -1, -1, -1, -1, -1, -1, -1, -1, -1, -1, -1, -1, -1, -1, -1, -1, -1, -1, -1, -1, -1, -1, -1, -1, -1, -1, 10, -1, -1, 6, 0, 6, -1, -1, -1, 4, -1, 1, -1, -1, 1, -1, 15, 12, 11, 15, 5, 14, -1, 10, 15, 4]","[False, False, False, False, False, False, False, False, False, False, False, False, False, False, False, False, False, False, False, False, False, False, False, False, False, False, False, False, False, False, False, False, False, False, False, False, False, False, False, False, False, False, False, False, False, False, False, False, False, False, False, False, False, False, False, False, False, False, False, False, False, False, False, False, False, False, False, False, False, False, False, False, False, False, False, False, False, False, False, False, False, False, False, False, False, False, False, False, False, False, False, False, False, False, False, False, False, False, False, False, False, False, False, False, False, False, False, False, False, False, True, False, False, True, True, True, False, False, False, True, False, True, False, False, True, False, True, True, True, True, True, True, False, True, True, True]"
99,"[0, 0, 0, 0, 0, 0, 0, 0, 0, 0, 0, 0, 0, 0, 0, 0, 0, 0, 0, 0, 0, 0, 0, 0, 0, 0, 0, 0, 0, 0, 0, 0, 0, 0, 0, 0, 0, 0, 0, 0, 0, 0, 0, 0, 0, 0, 0, 0, 0, 0, 0, 0, 0, 0, 0, 0, 0, 0, 0, 0, 0, 0, 0, 0, 0, 0, 0, 0, 0, 0, 0, 0, 0, 0, 0, 0, 0, 0, 0, 0, 0, 0, 0, 0, 0, 0, 0, 0, 0, 0, 0, 0, 0, 0, 0, 0, 0, 0, 0, 0, 0, 0, 0, 0, 0, 0, 0, 0, 0, 0, 1118.5284140391836, 0, 0, 4300.490910413475, 0, 1554.649748478609, 0, 0, 0, 916.7683091268867, 0, 3148.573702267009, 0, 0, 560.93361388064, 0, 0, 2986.820614882346, 2440.1517244661704, 809.96046043822, 0, 845.5631180399, 0, 1105.1729687313032, 1317.298517921692, 1622.8881916370212, 644.4058826961312, 1108.5118598755066]","[0, 0, 0, 0, 0, 0, 1, 1, 1, 2, 2, 2, 2, 2, 3, 3, 3, 3, 3, 3, 3, 3, 4, 4, 4, 4, 4, 4, 5, 5, 5, 5, 5, 6, 6, 6, 6, 6, 6, 7, 7, 7, 8, 8, 8, 8, 8, 8, 8, 9, 9, 9, 10, 10, 10, 10, 10, 10, 11, 11, 12, 12, 12, 12, 12, 12, 13, 13, 13, 13, 13, 14, 14, 14, 14, 15, 16, 16, 16, 16, 16, 17, 17, 17, 17, 18, 18, 18, 19, 19, 19, 19, 19, 19, 20, 20, 21, 21, 21, 21, 21, 22, 22, 22, 22, 22, 22, 23, 23, 23, 23, 24, 24, 24, 25, 25, 25, 25, 25, 25, 25, 26, 26, 26, 26, 27, 27, 27, 27, 27, 27, 28, 28, 28, 29, 29, 29, 29]","[1, 1, 1, 1, 1, 3, 3, 2, 2, 3, 3, 7, 3, 3, 4, 4, 5, 8, 8, 9, 10, 12, 13, 13, 15, 19, 20, 22, 23, 24, 24, 25, 25, 33, 26, 26, 27, 28, 28, 29, 30, 31, 33, 33, 34, 35, 36, 37, 37, 38, 38, 38, 39, 41, 40, 41, 41, 41, 42, 44, 44, 44, 45, 46, 51, 47, 47, 48, 49, 50, 51, 51, 53, 53, 54, 55, 55, 57, 57, 58, 61, 60, 61, 61, 63, 63, 64, 64, 65, 64, 65, 66, 66, 68, 68, 69, 69, 71, 71, 72, 72, 73, 73, 73, 75, 74, 75, 76, 77, 78, 78, 80, 81, 82, 83, 84, 84, 85, 84, 85, 85, 86, 86, 87, 87, 88, 91, 95, 91, 91, 92, 94, 95, 96, 96, 98, 99, 99]","[13, 9, 25, 5, 10, 24, 25, 25, 8, 15, 8, 28, 24, 26, 11, 12, 31, 28, 20, 26, 26, 21, 19, 30, 33, 23, 34, 38, 28, 38, 33, 42, 36, 55, 37, 44, 38, 41, 37, 45, 41, 35, 40, 40, 39, 69, 41, 43, 46, 61, 42, 51, 46, 51, 47, 53, 64, 48, 47, 60, 58, 49, 50, 63, 65, 53, 63, 72, 66, 54, 57, 55, 68, 57, 64, 64, 60, 64, 73, 69, 68, 61, 78, 66, 71, 75, 89, 80, 71, 94, 82, 74, 84, 81, 82, 72, 74, 84, 73, 84, 73, 88, 77, 76, 84, 96, 78, 85, 86, 85, -1, 91, 86, -1, 99, -1, 87, 98, 87, -1, 92, -1, 91, 90, -1, 95, -1, -1, -1, -1, 99, -1, 96, -1, -1, -1, -1, -1]","[0, 0, 0, 0, 0, 0, 0, 0, 0, 0, 0, 0, 0, 0, 0, 0, 0, 0, 0, 0, 0, 0, 0, 0, 0, 0, 0, 0, 0, 0, 0, 0, 0, 0, 0, 0, 0, 0, 0, 0, 0, 0, 0, 0, 0, 0, 0, 0, 0, 0, 0, 0, 0, 0, 0, 0, 0, 0, 0, 0, 0, 0, 0, 0, 0, 0, 0, 0, 0, 0, 0, 0, 0, 0, 0, 0, 0, 0, 0, 0, 0, 0, 0, 0, 0, 0, 0, 0, 0, 0, 0, 0, 0, 0, 0, 0, 0, 0, 0, 0, 0, 0, 0, 0, 0, 0, 0, 0, 0, 0, 2021.1777226539402, 0, 0, 3387.420580967433, 0, 641.5794190325671, 0, 0, 0, 1661.4400587449327, 0, 3308.3200441931845, 0, 0, 720.6799558068153, 0, 1355.850741039154, 4029.0, 4029.0, 4029.0, 0, 4029.0, 0, 2007.8222773460598, 2673.149258960846, 2367.5599412550673, 1782.4470114103124, 2246.5529885896876]","[0, 0, 0, 0, 0, 0, 0, 0, 0, 0, 0, 0, 0, 0, 0, 0, 0, 0, 0, 0, 0, 0, 0, 0, 0, 0, 0, 0, 0, 0, 0, 0, 0, 0, 0, 0, 0, 0, 0, 0, 0, 0, 0, 0, 0, 0, 0, 0, 0, 0, 0, 0, 0, 0, 0, 0, 0, 0, 0, 0, 0, 0, 0, 0, 0, 0, 0, 0, 0, 0, 0, 0, 0, 0, 0, 0, 0, 0, 0, 0, 0, 0, 0, 0, 0, 0, 0, 0, 0, 0, 0, 0, 0, 0, 0, 0, 0, 0, 0, 0, 0, 0, 0, 0, 0, 0, 0, 0, 0, 0, (31.019866666666662, 10.471266666666667, 10.493933333333333), 0, 0, (322.9608666666666, 0.8597333333333332, 0.2828), 0, (125.829, 0.9171333333333334, 0.7279333333333333), 0, 0, 0, (64.3126, 0.5252666666666668, 0.5347333333333333), 0, (0.0, 0.0, 0.0), 0, 0, (209.7147333333333, 0.0, 0.0), 0, (391.4678666666666, 0.0023333333333333335, 0.003), (1311.4188000000001, 0.14286666666666667, 0.5135333333333333), (478.1502, 0.012199999999999999, 0.007066666666666666), (86.68193333333333, 0.0, 0.001), 0, (92.27413333333331, 6.666666666666668e-05, 0.0013333333333333333), 0, (33.5544, 0.0, 0.001), (301.98920000000004, 0.6321333333333333, 0.005666666666666668), (139.81, 0.972, 0.7780666666666667), (32.15606666666666, 0.0009333333333333332, 6.666666666666668e-05), (67.1088, 0.0, 0.001)]","[0, 0, 0, 0, 0, 0, 0, 0, 0, 0, 0, 0, 0, 0, 0, 0, 0, 0, 0, 0, 0, 0, 0, 0, 0, 0, 0, 0, 0, 0, 0, 0, 0, 0, 0, 0, 0, 0, 0, 0, 0, 0, 0, 0, 0, 0, 0, 0, 0, 0, 0, 0, 0, 0, 0, 0, 0, 0, 0, 0, 0, 0, 0, 0, 0, 0, 0, 0, 0, 0, 0, 0, 0, 0, 0, 0, 0, 0, 0, 0, 0, 0, 0, 0, 0, 0, 0, 0, 0, 0, 0, 0, 0, 0, 0, 0, 0, 0, 0, 0, 0, 0, 0, 0, 0, 0, 0, 0, 0, 0, (3, 0.0, 1.1111111111111112e-05), 0, 0, (3, 0.00455, 1.9583666666666668), 0, (2, 0.0, 0.010616666666666667), 0, 0, 0, (1, 0.0, 0.0028777777777777777), 0, (2, 0.0, 0.0), 0, 0, (1, 0.0, 0.00030555555555555555), 0, (1, 0.011933333333333336, 0.001027777777777778), (3, 5e-05, 0.13139444444444442), (3, 0.0009, 0.02215), (2, 0.0, 0.0003888888888888888), 0, (2, 1.666666666666667e-05, 0.003455555555555556), 0, (3, 0.0, 0.0), (1, 0.0, 0.00025), (2, 0.0, 0.011461111111111111), (1, 0.0, 0.000638888888888889), (3, 0.0, 0.0)]","[-1, -1, -1, -1, -1, -1, -1, -1, -1, -1, -1, -1, -1, -1, -1, -1, -1, -1, -1, -1, -1, -1, -1, -1, -1, -1, -1, -1, -1, -1, -1, -1, -1, -1, -1, -1, -1, -1, -1, -1, -1, -1, -1, -1, -1, -1, -1, -1, -1, -1, -1, -1, -1, -1, -1, -1, -1, -1, -1, -1, -1, -1, -1, -1, -1, -1, -1, -1, -1, -1, -1, -1, -1, -1, -1, -1, -1, -1, -1, -1, -1, -1, -1, -1, -1, -1, -1, -1, -1, -1, -1, -1, -1, -1, -1, -1, -1, -1, -1, -1, -1, -1, -1, -1, -1, -1, -1, -1, -1, -1, 10, -1, -1, 6, -1, 6, -1, -1, -1, 4, -1, 1, -1, -1, 1, -1, 15, 12, 11, 7, -1, 14, -1, 10, 15, 4, 0, 0]","[False, False, False, False, False, False, False, False, False, False, False, False, False, False, False, False, False, False, False, False, False, False, False, False, False, False, False, False, False, False, False, False, False, False, False, False, False, False, False, False, False, False, False, False, False, False, False, False, False, False, False, False, False, False, False, False, False, False, False, False, False, False, False, False, False, False, False, False, False, False, False, False, False, False, False, False, False, False, False, False, False, False, False, False, False, False, False, False, False, False, False, False, False, False, False, False, False, False, False, False, False, False, False, False, False, False, False, False, False, False, True, False, False, True, False, True, False, False, False, True, False, True, False, False, True, False, True, True, True, True, False, True, False, True, True, True, True, True]"
100,"[0, 0, 0, 0, 0, 0, 0, 0, 0, 0, 0, 0, 0, 0, 0, 0, 0, 0, 0, 0, 0, 0, 0, 0, 0, 0, 0, 0, 0, 0, 0, 0, 0, 0, 0, 0, 0, 0, 0, 0, 0, 0, 0, 0, 0, 0, 0, 0, 0, 0, 0, 0, 0, 0, 0, 0, 0, 0, 0, 0, 0, 0, 0, 0, 0, 0, 0, 0, 0, 0, 0, 0, 0, 0, 0, 0, 0, 0, 0, 0, 0, 0, 0, 0, 0, 0, 0, 0, 0, 0, 0, 0, 0, 0, 0, 0, 0, 0, 0, 0, 0, 0, 0, 0, 0, 0, 0, 0, 0, 0, 1151.91732192095, 0, 0, 4420.690966915716, 0, 1536.848415480762, 0, 0, 0, 0, 0, 3425.7016103138403, 0, 0, 464.1057876750533, 0, 0, 2953.431360041183, 2429.1970590364676, 0, 0, 0, 0, 1111.8507510197098, 1309.0825188494155, 1578.3848591424044, 647.744773280049, 1115.189642163913, 1578.3845313240047]","[0, 0, 0, 0, 0, 0, 1, 1, 1, 2, 2, 2, 2, 2, 3, 3, 3, 3, 3, 3, 3, 3, 4, 4, 4, 4, 4, 4, 5, 5, 5, 5, 5, 6, 6, 6, 6, 6, 6, 7, 7, 7, 8, 8, 8, 8, 8, 8, 8, 9, 9, 9, 10, 10, 10, 10, 10, 10, 11, 11, 12, 12, 12, 12, 12, 12, 13, 13, 13, 13, 13, 14, 14, 14, 14, 15, 16, 16, 16, 16, 16, 17, 17, 17, 17, 18, 18, 18, 19, 19, 19, 19, 19, 19, 20, 20, 21, 21, 21, 21, 21, 22, 22, 22, 22, 22, 22, 23, 23, 23, 23, 24, 24, 24, 25, 25, 25, 25, 25, 25, 25, 26, 26, 26, 26, 27, 27, 27, 27, 27, 27, 28, 28, 28, 29, 29, 29, 29, 29]","[1, 1, 1, 1, 1, 3, 3, 2, 2, 3, 3, 7, 3, 3, 4, 4, 5, 8, 8, 9, 10, 12, 13, 13, 15, 19, 20, 22, 23, 24, 24, 25, 25, 33, 26, 26, 27, 28, 28, 29, 30, 31, 33, 33, 34, 35, 36, 37, 37, 38, 38, 38, 39, 41, 40, 41, 41, 41, 42, 44, 44, 44, 45, 46, 51, 47, 47, 48, 49, 50, 51, 51, 53, 53, 54, 55, 55, 57, 57, 58, 61, 60, 61, 61, 63, 63, 64, 64, 65, 64, 65, 66, 66, 68, 68, 69, 69, 71, 71, 72, 72, 73, 73, 73, 75, 74, 75, 76, 77, 78, 78, 80, 81, 82, 83, 84, 84, 85, 84, 85, 85, 86, 86, 87, 87, 88, 91, 95, 91, 91, 92, 94, 95, 96, 96, 98, 99, 99, 100]","[13, 9, 25, 5, 10, 24, 25, 25, 8, 15, 8, 28, 24, 26, 11, 12, 31, 28, 20, 26, 26, 21, 19, 30, 33, 23, 34, 38, 28, 38, 33, 42, 36, 55, 37, 44, 38, 41, 37, 45, 41, 35, 40, 40, 39, 69, 41, 43, 46, 61, 42, 51, 46, 51, 47, 53, 64, 48, 47, 60, 58, 49, 50, 63, 65, 53, 63, 72, 66, 54, 57, 55, 68, 57, 64, 64, 60, 64, 73, 69, 68, 61, 78, 66, 71, 75, 89, 80, 71, 94, 82, 74, 84, 81, 82, 72, 74, 84, 73, 84, 73, 88, 77, 76, 84, 96, 78, 85, 86, 85, -1, 91, 86, -1, 99, -1, 87, 98, 87, -1, 92, -1, 91, 90, -1, 95, 100, -1, -1, -1, 99, -1, 96, -1, -1, -1, -1, -1, -1]","[0, 0, 0, 0, 0, 0, 0, 0, 0, 0, 0, 0, 0, 0, 0, 0, 0, 0, 0, 0, 0, 0, 0, 0, 0, 0, 0, 0, 0, 0, 0, 0, 0, 0, 0, 0, 0, 0, 0, 0, 0, 0, 0, 0, 0, 0, 0, 0, 0, 0, 0, 0, 0, 0, 0, 0, 0, 0, 0, 0, 0, 0, 0, 0, 0, 0, 0, 0, 0, 0, 0, 0, 0, 0, 0, 0, 0, 0, 0, 0, 0, 0, 0, 0, 0, 0, 0, 0, 0, 0, 0, 0, 0, 0, 0, 0, 0, 0, 0, 0, 0, 0, 0, 0, 0, 0, 0, 0, 0, 0, 2034.53328545062, 0, 0, 3456.421275717477, 0, 572.5787242825231, 0, 0, 0, 1225.3075704287978, 0, 3495.2979113193933, 0, 0, 533.7020886806065, 0, 0, 4029.0, 4029.0, 4029.0, 0, 4029.0, 0, 1994.46671454938, 1879.8489937627055, 2803.6924295712024, 1780.7775655580679, 2248.222434441932, 2149.1510062372945]","[0, 0, 0, 0, 0, 0, 0, 0, 0, 0, 0, 0, 0, 0, 0, 0, 0, 0, 0, 0, 0, 0, 0, 0, 0, 0, 0, 0, 0, 0, 0, 0, 0, 0, 0, 0, 0, 0, 0, 0, 0, 0, 0, 0, 0, 0, 0, 0, 0, 0, 0, 0, 0, 0, 0, 0, 0, 0, 0, 0, 0, 0, 0, 0, 0, 0, 0, 0, 0, 0, 0, 0, 0, 0, 0, 0, 0, 0, 0, 0, 0, 0, 0, 0, 0, 0, 0, 0, 0, 0, 0, 0, 0, 0, 0, 0, 0, 0, 0, 0, 0, 0, 0, 0, 0, 0, 0, 0, 0, 0, (28.485866666666663, 10.917866666666667, 10.941466666666667), 0, 0, (436.2071333333334, 0.5388, 0.25873333333333337), 0, (114.6442, 0.9067333333333333, 0.7183999999999999), 0, 0, 0, (81.0898, 0.5091333333333332, 0.5423333333333333), 0, (0.0, 0.0, 0.0), 0, 0, (181.75279999999998, 0.0, 0.0), 0, 0, (1311.4188000000001, 0.188, 0.5201333333333333), (461.373, 0.013266666666666668, 0.0067333333333333325), (85.284, 0.0, 0.001), 0, (76.89526666666666, 0.0, 0.001), 0, (39.146800000000006, 0.0, 0.001), (333.44653333333326, 0.6355333333333333, 0.0052), (184.5492, 0.9548666666666666, 0.7652666666666668), (35.6514, 0.001, 0.0), (47.5354, 0.0, 0.001), (223.696, 0.11593333333333333, 0.0992)]","[0, 0, 0, 0, 0, 0, 0, 0, 0, 0, 0, 0, 0, 0, 0, 0, 0, 0, 0, 0, 0, 0, 0, 0, 0, 0, 0, 0, 0, 0, 0, 0, 0, 0, 0, 0, 0, 0, 0, 0, 0, 0, 0, 0, 0, 0, 0, 0, 0, 0, 0, 0, 0, 0, 0, 0, 0, 0, 0, 0, 0, 0, 0, 0, 0, 0, 0, 0, 0, 0, 0, 0, 0, 0, 0, 0, 0, 0, 0, 0, 0, 0, 0, 0, 0, 0, 0, 0, 0, 0, 0, 0, 0, 0, 0, 0, 0, 0, 0, 0, 0, 0, 0, 0, 0, 0, 0, 0, 0, 0, (3, 0.0, 2.2222222222222223e-05), 0, 0, (3, 0.009816666666666666, 1.9489666666666665), 0, (2, 1.666666666666667e-05, 0.011361111111111112), 0, 0, 0, (1, 0.0, 0.0024222222222222223), 0, (2, 0.0, 0.0), 0, 0, (1, 0.0, 0.0002111111111111111), 0, 0, (3, 3.3333333333333335e-05, 0.16156666666666666), (3, 0.0, 0.017055555555555553), (2, 1.666666666666667e-05, 0.00042777777777777774), 0, (2, 0.0, 0.0005055555555555555), 0, (3, 0.0, 0.0), (1, 0.0, 0.0002111111111111111), (2, 1.666666666666667e-05, 0.010605555555555557), (1, 0.0, 0.0006222222222222223), (3, 0.0, 0.0), (2, 0.0, 0.0010277777777777776)]","[-1, -1, -1, -1, -1, -1, -1, -1, -1, -1, -1, -1, -1, -1, -1, -1, -1, -1, -1, -1, -1, -1, -1, -1, -1, -1, -1, -1, -1, -1, -1, -1, -1, -1, -1, -1, -1, -1, -1, -1, -1, -1, -1, -1, -1, -1, -1, -1, -1, -1, -1, -1, -1, -1, -1, -1, -1, -1, -1, -1, -1, -1, -1, -1, -1, -1, -1, -1, -1, -1, -1, -1, -1, -1, -1, -1, -1, -1, -1, -1, -1, -1, -1, -1, -1, -1, -1, -1, -1, -1, -1, -1, -1, -1, -1, -1, -1, -1, -1, -1, -1, -1, -1, -1, -1, -1, -1, -1, -1, -1, 10, -1, -1, 6, -1, 6, -1, -1, -1, 4, -1, 1, -1, -1, 1, -1, -1, 12, 11, 7, -1, 14, -1, 10, 15, 4, 0, 0, 15]","[False, False, False, False, False, False, False, False, False, False, False, False, False, False, False, False, False, False, False, False, False, False, False, False, False, False, False, False, False, False, False, False, False, False, False, False, False, False, False, False, False, False, False, False, False, False, False, False, False, False, False, False, False, False, False, False, False, False, False, False, False, False, False, False, False, False, False, False, False, False, False, False, False, False, False, False, False, False, False, False, False, False, False, False, False, False, False, False, False, False, False, False, False, False, False, False, False, False, False, False, False, False, False, False, False, False, False, False, False, False, True, False, False, True, False, True, False, False, False, True, False, True, False, False, True, False, False, True, True, True, False, True, False, True, True, True, True, True, True]"
101,"[0, 0, 0, 0, 0, 0, 0, 0, 0, 0, 0, 0, 0, 0, 0, 0, 0, 0, 0, 0, 0, 0, 0, 0, 0, 0, 0, 0, 0, 0, 0, 0, 0, 0, 0, 0, 0, 0, 0, 0, 0, 0, 0, 0, 0, 0, 0, 0, 0, 0, 0, 0, 0, 0, 0, 0, 0, 0, 0, 0, 0, 0, 0, 0, 0, 0, 0, 0, 0, 0, 0, 0, 0, 0, 0, 0, 0, 0, 0, 0, 0, 0, 0, 0, 0, 0, 0, 0, 0, 0, 0, 0, 0, 0, 0, 0, 0, 0, 0, 0, 0, 0, 0, 0, 0, 0, 0, 0, 0, 0, 1125.2061956155367, 0, 0, 3412.3460484802577, 0, 1557.6166373115834, 0, 0, 0, 0, 0, 3442.3960626058183, 0, 0, 550.9169422041998, 0, 0, 2989.8560016860883, 2420.981059964191, 0, 0, 0, 0, 1252.08417907625, 1207.75186362467, 1622.8881916370212, 631.0503203604601, 1115.189642163913, 1566.5169784569066, 922.7020845904912, 731.2170323801198, 1155.2559781834066]","[0, 0, 0, 0, 0, 0, 1, 1, 1, 2, 2, 2, 2, 2, 3, 3, 3, 3, 3, 3, 3, 3, 4, 4, 4, 4, 4, 4, 5, 5, 5, 5, 5, 6, 6, 6, 6, 6, 6, 7, 7, 7, 8, 8, 8, 8, 8, 8, 8, 9, 9, 9, 10, 10, 10, 10, 10, 10, 11, 11, 12, 12, 12, 12, 12, 12, 13, 13, 13, 13, 13, 14, 14, 14, 14, 15, 16, 16, 16, 16, 16, 17, 17, 17, 17, 18, 18, 18, 19, 19, 19, 19, 19, 19, 20, 20, 21, 21, 21, 21, 21, 22, 22, 22, 22, 22, 22, 23, 23, 23, 23, 24, 24, 24, 25, 25, 25, 25, 25, 25, 25, 26, 26, 26, 26, 27, 27, 27, 27, 27, 27, 28, 28, 28, 29, 29, 29, 29, 29, 30, 30, 30]","[1, 1, 1, 1, 1, 3, 3, 2, 2, 3, 3, 7, 3, 3, 4, 4, 5, 8, 8, 9, 10, 12, 13, 13, 15, 19, 20, 22, 23, 24, 24, 25, 25, 33, 26, 26, 27, 28, 28, 29, 30, 31, 33, 33, 34, 35, 36, 37, 37, 38, 38, 38, 39, 41, 40, 41, 41, 41, 42, 44, 44, 44, 45, 46, 51, 47, 47, 48, 49, 50, 51, 51, 53, 53, 54, 55, 55, 57, 57, 58, 61, 60, 61, 61, 63, 63, 64, 64, 65, 64, 65, 66, 66, 68, 68, 69, 69, 71, 71, 72, 72, 73, 73, 73, 75, 74, 75, 76, 77, 78, 78, 80, 81, 82, 83, 84, 84, 85, 84, 85, 85, 86, 86, 87, 87, 88, 91, 95, 91, 91, 92, 94, 95, 96, 96, 98, 99, 99, 100, 101, 101, 101]","[13, 9, 25, 5, 10, 24, 25, 25, 8, 15, 8, 28, 24, 26, 11, 12, 31, 28, 20, 26, 26, 21, 19, 30, 33, 23, 34, 38, 28, 38, 33, 42, 36, 55, 37, 44, 38, 41, 37, 45, 41, 35, 40, 40, 39, 69, 41, 43, 46, 61, 42, 51, 46, 51, 47, 53, 64, 48, 47, 60, 58, 49, 50, 63, 65, 53, 63, 72, 66, 54, 57, 55, 68, 57, 64, 64, 60, 64, 73, 69, 68, 61, 78, 66, 71, 75, 89, 80, 71, 94, 82, 74, 84, 81, 82, 72, 74, 84, 73, 84, 73, 88, 77, 76, 84, 96, 78, 85, 86, 85, -1, 91, 86, -1, 99, -1, 87, 98, 87, 101, 92, -1, 91, 90, -1, 95, 100, -1, -1, 101, 99, 101, 96, -1, -1, -1, -1, -1, -1, -1, -1, -1]","[0, 0, 0, 0, 0, 0, 0, 0, 0, 0, 0, 0, 0, 0, 0, 0, 0, 0, 0, 0, 0, 0, 0, 0, 0, 0, 0, 0, 0, 0, 0, 0, 0, 0, 0, 0, 0, 0, 0, 0, 0, 0, 0, 0, 0, 0, 0, 0, 0, 0, 0, 0, 0, 0, 0, 0, 0, 0, 0, 0, 0, 0, 0, 0, 0, 0, 0, 0, 0, 0, 0, 0, 0, 0, 0, 0, 0, 0, 0, 0, 0, 0, 0, 0, 0, 0, 0, 0, 0, 0, 0, 0, 0, 0, 0, 0, 0, 0, 0, 0, 0, 0, 0, 0, 0, 0, 0, 0, 0, 0, 1951.0610082696435, 0, 0, 2941.864705584337, 0, 1087.1352944156629, 0, 0, 0, 0, 0, 3460.239560200809, 0, 0, 568.7604397991906, 0, 0, 4029.0, 4029.0, 0, 0, 0, 0, 2077.938991730357, 1835.1174425838817, 2248.3161067268074, 1772.4303390982734, 2256.5696609017264, 2193.8825574161183, 4029.0, 4029.0, 1780.6838932731926]","[0, 0, 0, 0, 0, 0, 0, 0, 0, 0, 0, 0, 0, 0, 0, 0, 0, 0, 0, 0, 0, 0, 0, 0, 0, 0, 0, 0, 0, 0, 0, 0, 0, 0, 0, 0, 0, 0, 0, 0, 0, 0, 0, 0, 0, 0, 0, 0, 0, 0, 0, 0, 0, 0, 0, 0, 0, 0, 0, 0, 0, 0, 0, 0, 0, 0, 0, 0, 0, 0, 0, 0, 0, 0, 0, 0, 0, 0, 0, 0, 0, 0, 0, 0, 0, 0, 0, 0, 0, 0, 0, 0, 0, 0, 0, 0, 0, 0, 0, 0, 0, 0, 0, 0, 0, 0, 0, 0, 0, 0, (30.45186666666666, 9.886933333333333, 9.908933333333332), 0, 0, (391.46766666666673, 0.6240666666666668, 0.2032), 0, (114.6442, 0.9444666666666667, 0.7338666666666667), 0, 0, 0, 0, 0, (0.0, 0.0, 0.0), 0, 0, (170.56806666666668, 0.0, 0.0), 0, 0, (1177.2012, 0.14893333333333333, 0.6776666666666666), (416.6338, 0.0116, 0.0067333333333333325), 0, 0, 0, 0, (173.3644, 6.666666666666668e-05, 0.0016), (333.44653333333326, 0.7292666666666667, 0.004666666666666667), (131.4214, 0.9578666666666666, 0.7716000000000001), (48.234, 0.001066666666666667, 0.0), (72.7012, 0.0, 0.001), (268.4352, 0.11646666666666668, 0.09953333333333332), (97.867, 0.5311333333333333, 0.4374666666666666), (178.9568, 0.0019333333333333331, 0.0014666666666666665), (67.10839999999999, 0.00013333333333333334, 0.001)]","[0, 0, 0, 0, 0, 0, 0, 0, 0, 0, 0, 0, 0, 0, 0, 0, 0, 0, 0, 0, 0, 0, 0, 0, 0, 0, 0, 0, 0, 0, 0, 0, 0, 0, 0, 0, 0, 0, 0, 0, 0, 0, 0, 0, 0, 0, 0, 0, 0, 0, 0, 0, 0, 0, 0, 0, 0, 0, 0, 0, 0, 0, 0, 0, 0, 0, 0, 0, 0, 0, 0, 0, 0, 0, 0, 0, 0, 0, 0, 0, 0, 0, 0, 0, 0, 0, 0, 0, 0, 0, 0, 0, 0, 0, 0, 0, 0, 0, 0, 0, 0, 0, 0, 0, 0, 0, 0, 0, 0, 0, (3, 0.0, 2.2222222222222223e-05), 0, 0, (3, 0.0, 1.7597444444444446), 0, (2, 0.0, 0.013133333333333334), 0, 0, 0, 0, 0, (2, 0.0, 0.0), 0, 0, (1, 0.0, 0.0002888888888888889), 0, 0, (3, 5e-05, 0.12382222222222221), (3, 0.0, 0.024077777777777778), 0, 0, 0, 0, (3, 0.03166666666666667, 0.0017722222222222221), (1, 0.0, 0.00021666666666666668), (2, 0.0, 0.010555555555555558), (1, 0.0, 0.0006333333333333333), (3, 0.0, 0.0), (2, 0.0, 0.0009611111111111112), (1, 0.0, 0.0014666666666666662), (1, 0.36411666666666676, 0.01315), (1, 0.0, 0.0005722222222222222)]","[-1, -1, -1, -1, -1, -1, -1, -1, -1, -1, -1, -1, -1, -1, -1, -1, -1, -1, -1, -1, -1, -1, -1, -1, -1, -1, -1, -1, -1, -1, -1, -1, -1, -1, -1, -1, -1, -1, -1, -1, -1, -1, -1, -1, -1, -1, -1, -1, -1, -1, -1, -1, -1, -1, -1, -1, -1, -1, -1, -1, -1, -1, -1, -1, -1, -1, -1, -1, -1, -1, -1, -1, -1, -1, -1, -1, -1, -1, -1, -1, -1, -1, -1, -1, -1, -1, -1, -1, -1, -1, -1, -1, -1, -1, -1, -1, -1, -1, -1, -1, -1, -1, -1, -1, -1, -1, -1, -1, -1, -1, 10, -1, -1, 6, -1, 6, -1, -1, -1, -1, -1, 1, -1, -1, 1, -1, -1, 12, 11, -1, -1, -1, -1, 10, 15, 4, 0, 0, 15, 14, 7, 4]","[False, False, False, False, False, False, False, False, False, False, False, False, False, False, False, False, False, False, False, False, False, False, False, False, False, False, False, False, False, False, False, False, False, False, False, False, False, False, False, False, False, False, False, False, False, False, False, False, False, False, False, False, False, False, False, False, False, False, False, False, False, False, False, False, False, False, False, False, False, False, False, False, False, False, False, False, False, False, False, False, False, False, False, False, False, False, False, False, False, False, False, False, False, False, False, False, False, False, False, False, False, False, False, False, False, False, False, False, False, False, True, False, False, True, False, True, False, False, False, False, False, True, False, False, True, False, False, True, True, False, False, False, False, True, True, True, True, True, True, True, True, True]"
