interval,cpu,numcontainers,power,baseips,ipsavailable,ipscap,apparentips,ram,ramavailable,disk,diskavailable
1,"[0.0, 0.0, 0.0, 0.0, 0.0, 0.0, 0.0, 0.0, 100.0, 0.0, 100.0, 0.0, 0.0, 0.0, 99.97517994539588, 0.0]","[0, 0, 0, 0, 0, 0, 0, 0, 1, 0, 2, 0, 0, 0, 2, 0]","[2.45, 2.45, 2.45, 2.45, 2.45, 2.45, 2.45, 2.45, 5.05, 2.65, 5.05, 2.65, 2.65, 2.65, 5.048237776123107, 2.65]","[0, 0, 0, 0, 0, 0, 0, 0, 881.4670876440003, 0, 2165.1553651881977, 0, 0, 0, 2634.75190432701, 0]","[4029, 4029, 4029, 4029, 4029, 4029, 4029, 4029, 3147.5329123559995, 4029, 1863.8446348118023, 4029, 4029, 4029, 1394.24809567299, 4029]","[4029, 4029, 4029, 4029, 4029, 4029, 4029, 4029, 4029, 4029, 4029, 4029, 4029, 4029, 4029, 4029]","[0, 0, 0, 0, 0, 0, 0, 0, 4029, 0, 4029, 0, 0, 0, 4028, 0]","[(0, 0, 0), (0, 0, 0), (0, 0, 0), (0, 0, 0), (0, 0, 0), (0, 0, 0), (0, 0, 0), (0, 0, 0), (95.9442, 0.019933333333333334, 0.0208), (0, 0, 0), (290.0532, 0.28773333333333334, 0.22433333333333338), (0, 0, 0), (0, 0, 0), (0, 0, 0), (503.5772666666667, 8.9354, 4.165466666666667), (0, 0, 0)]","[(4295, 1860.0, 1000.0), (4295, 1860.0, 1000.0), (4295, 1860.0, 1000.0), (4295, 1860.0, 1000.0), (4295, 1860.0, 1000.0), (4295, 1860.0, 1000.0), (4295, 1860.0, 1000.0), (4295, 1860.0, 1000.0), (8096.0558, 1799.9800666666667, 1524.9792), (8192, 1800.0, 1525.0), (7901.9468, 1799.7122666666667, 1524.7756666666667), (8192, 1800.0, 1525.0), (8192, 1800.0, 1525.0), (8192, 1800.0, 1525.0), (7688.422733333333, 1791.0646, 1520.8345333333334), (8192, 1800.0, 1525.0)]","[(0, 0, 0), (0, 0, 0), (0, 0, 0), (0, 0, 0), (0, 0, 0), (0, 0, 0), (0, 0, 0), (0, 0, 0), (1, 0.0012, 0.05558333333333333), (0, 0, 0), (2, 0.0030666666666666663, 0.059005555555555554), (0, 0, 0), (0, 0, 0), (0, 0, 0), (4, 0.0, 0.0051111111111111105), (0, 0, 0)]","[(32212, 67.1, 10.11), (32212, 67.1, 10.11), (32212, 67.1, 10.11), (32212, 67.1, 10.11), (32212, 67.1, 10.11), (32212, 67.1, 10.11), (32212, 67.1, 10.11), (32212, 67.1, 10.11), (32211, 51.89880000000001, 6.134416666666666), (32212, 51.900000000000006, 6.1899999999999995), (32210, 51.89693333333334, 6.130994444444444), (32212, 51.900000000000006, 6.1899999999999995), (32212, 51.900000000000006, 6.1899999999999995), (32212, 51.900000000000006, 6.1899999999999995), (32208, 51.900000000000006, 6.184888888888889), (32212, 51.900000000000006, 6.1899999999999995)]"
2,"[100.0, 0.0, 0.0, 0.0, 0.0, 0.0, 100.0, 0.0, 100.0, 0.0, 100.0, 0.0, 0.0, 0.0, 100.0, 0.0]","[1, 0, 0, 0, 0, 0, 1, 0, 1, 0, 2, 0, 0, 0, 2, 0]","[4.75, 2.45, 2.45, 2.45, 2.45, 2.45, 4.75, 2.45, 5.05, 2.65, 5.05, 2.65, 2.65, 2.65, 5.05, 2.65]","[454.0891471920266, 0, 0, 0, 0, 0, 570.9502855570801, 0, 754.589249271, 0, 3193.28493601442, 0, 0, 0, 2778.1988062797654, 0]","[3574.9108528079732, 4029, 4029, 4029, 4029, 4029, 3458.04971444292, 4029, 3274.410750729, 4029, 835.71506398558, 4029, 4029, 4029, 1250.8011937202346, 4029]","[4029, 4029, 4029, 4029, 4029, 4029, 4029, 4029, 4029, 4029, 4029, 4029, 4029, 4029, 4029, 4029]","[4029, 0, 0, 0, 0, 0, 4029, 0, 4029, 0, 4029, 0, 0, 0, 4029, 0]","[(29.621666666666673, 4.1293999999999995, 4.1416), (0, 0, 0), (0, 0, 0), (0, 0, 0), (0, 0, 0), (0, 0, 0), (225.0938, 0.0, 0.0), (0, 0, 0), (96.9928, 0.020133333333333333, 0.014066666666666665), (0, 0, 0), (149.86099999999996, 0.5048, 0.177), (0, 0, 0), (0, 0, 0), (0, 0, 0), (414.01206666666667, 14.030333333333337, 12.164199999999997), (0, 0, 0)]","[(4265.378333333333, 1855.8706, 995.8584), (4295, 1860.0, 1000.0), (4295, 1860.0, 1000.0), (4295, 1860.0, 1000.0), (4295, 1860.0, 1000.0), (4295, 1860.0, 1000.0), (4069.9062, 1860.0, 1000.0), (4295, 1860.0, 1000.0), (8095.0072, 1799.9798666666666, 1524.9859333333334), (8192, 1800.0, 1525.0), (8042.139, 1799.4952, 1524.823), (8192, 1800.0, 1525.0), (8192, 1800.0, 1525.0), (8192, 1800.0, 1525.0), (7777.987933333334, 1785.9696666666666, 1512.8358), (8192, 1800.0, 1525.0)]","[(3, 0.0, 1.6666666666666667e-05), (0, 0, 0), (0, 0, 0), (0, 0, 0), (0, 0, 0), (0, 0, 0), (1, 0.0, 0.0002833333333333333), (0, 0, 0), (1, 0.0, 0.054338888888888895), (0, 0, 0), (2, 0.0032333333333333333, 0.1122), (0, 0, 0), (0, 0, 0), (0, 0, 0), (4, 0.0, 0.005027777777777778), (0, 0, 0)]","[(32209, 67.1, 10.109983333333332), (32212, 67.1, 10.11), (32212, 67.1, 10.11), (32212, 67.1, 10.11), (32212, 67.1, 10.11), (32212, 67.1, 10.11), (32211, 67.1, 10.109716666666666), (32212, 67.1, 10.11), (32211, 51.900000000000006, 6.13566111111111), (32212, 51.900000000000006, 6.1899999999999995), (32210, 51.89676666666667, 6.0778), (32212, 51.900000000000006, 6.1899999999999995), (32212, 51.900000000000006, 6.1899999999999995), (32212, 51.900000000000006, 6.1899999999999995), (32208, 51.900000000000006, 6.184972222222222), (32212, 51.900000000000006, 6.1899999999999995)]"
3,"[100.0, 100.0, 100.0, 0.0, 0.0, 0.0, 100.0, 0.0, 100.0, 0.0, 100.0, 0.0, 100.0, 0.0, 100.0, 100.0]","[1, 2, 1, 0, 0, 0, 2, 0, 1, 0, 3, 0, 1, 0, 1, 1]","[4.75, 4.75, 4.75, 2.45, 2.45, 2.45, 4.75, 2.45, 5.05, 2.65, 5.05, 2.65, 5.05, 2.65, 5.05, 5.05]","[1315.5229705416066, 3315.88562511505, 3121.8625785998443, 0, 0, 0, 3965.24645379005, 0, 754.589249271, 0, 3622.276528619725, 0, 3121.8625785998443, 0, 2530.7555535185593, 731.2170323801198]","[2713.477029458393, 713.1143748849499, 907.1374214001557, 4029, 4029, 4029, 63.753546209949945, 4029, 3274.410750729, 4029, 406.723471380275, 4029, 907.1374214001557, 4029, 1498.2444464814407, 3297.7829676198803]","[4029, 4029, 4029, 4029, 4029, 4029, 4029, 4029, 4029, 4029, 4029, 4029, 4029, 4029, 4029, 4029]","[4029, 4029, 4029, 0, 0, 0, 4029, 0, 4029, 0, 4029, 0, 4029, 0, 4029, 4029]","[(29.53446666666667, 12.107333333333337, 12.139266666666664), (505.2814, 15.078666666666667, 10.324133333333332), (0.0, 0.0, 0.0), (0, 0, 0), (0, 0, 0), (0, 0, 0), (360.0100666666666, 0.27493333333333336, 0.023333333333333327), (0, 0, 0), (90.177, 0.02, 0.014), (0, 0, 0), (674.2439333333333, 0.42866666666666664, 0.18139999999999998), (0, 0, 0), (0.0, 0.0, 0.0), (0, 0, 0), (419.43, 3.8347333333333333, 0.0464), (178.9568, 0.0019333333333333331, 0.0014666666666666665)]","[(4265.465533333333, 1847.8926666666666, 987.8607333333333), (3789.7186, 1844.9213333333332, 989.6758666666667), (4295.0, 1860.0, 1000.0), (4295, 1860.0, 1000.0), (4295, 1860.0, 1000.0), (4295, 1860.0, 1000.0), (3934.9899333333333, 1859.7250666666666, 999.9766666666667), (4295, 1860.0, 1000.0), (8101.823, 1799.98, 1524.986), (8192, 1800.0, 1525.0), (7517.756066666667, 1799.5713333333333, 1524.8186), (8192, 1800.0, 1525.0), (8192.0, 1800.0, 1525.0), (8192, 1800.0, 1525.0), (7772.57, 1796.1652666666666, 1524.9536), (8013.0432, 1799.9980666666668, 1524.9985333333334)]","[(3, 0.0, 1.6666666666666667e-05), (4, 0.0, 0.005138888888888888), (2, 0.0, 0.0), (0, 0, 0), (0, 0, 0), (0, 0, 0), (4, 0.29279999999999995, 0.026866666666666667), (0, 0, 0), (1, 3.3333333333333335e-05, 0.05506666666666666), (0, 0, 0), (4, 0.013133333333333334, 0.14983333333333335), (0, 0, 0), (2, 0.0, 0.0), (0, 0, 0), (1, 0.00031666666666666665, 0.004988888888888889), (1, 0.36411666666666676, 0.01315)]","[(32209, 67.1, 10.109983333333332), (32208, 67.1, 10.104861111111111), (32210, 67.1, 10.11), (32212, 67.1, 10.11), (32212, 67.1, 10.11), (32212, 67.1, 10.11), (32208, 66.8072, 10.083133333333333), (32212, 67.1, 10.11), (32211, 51.89996666666667, 6.134933333333333), (32212, 51.900000000000006, 6.1899999999999995), (32208, 51.88686666666667, 6.040166666666666), (32212, 51.900000000000006, 6.1899999999999995), (32210, 51.900000000000006, 6.1899999999999995), (32212, 51.900000000000006, 6.1899999999999995), (32211, 51.899683333333336, 6.185011111111111), (32211, 51.53588333333334, 6.176849999999999)]"
4,"[100.0, 100.0, 100.0, 100.0, 0.0, 100.0, 100.0, 0.0, 100.0, 0.0, 100.0, 0.0, 100.0, 0.0, 100.0, 100.0]","[1, 2, 1, 1, 0, 1, 2, 0, 1, 0, 3, 0, 1, 0, 1, 1]","[4.75, 4.75, 4.75, 4.75, 2.45, 4.75, 4.75, 2.45, 5.05, 2.65, 5.05, 2.65, 5.05, 2.65, 5.05, 5.05]","[1135.2228679800667, 2607.915376082755, 3065.1014408071205, 1108.5118598755066, 0, 1071.7839430047102, 4916.239198551634, 0, 0, 0, 3913.136599588421, 0, 3065.1014408071205, 0, 1379.6029687996834, 657.7614400862267]","[2893.7771320199336, 1421.0846239172452, 963.8985591928795, 2920.4881401244934, 4029, 2957.21605699529, -887.2391985516342, 4029, 4029, 4029, 115.86340041157882, 4029, 963.8985591928795, 4029, 2649.3970312003166, 3371.2385599137733]","[4029, 4029, 4029, 4029, 4029, 4029, 4029, 4029, 4029, 4029, 4029, 4029, 4029, 4029, 4029, 4029]","[4029, 4029, 4029, 4029, 0, 4029, 4029, 0, 4029, 0, 4029, 0, 4029, 0, 4029, 4029]","[(31.3258, 10.272666666666666, 10.300266666666666), (415.716, 12.881333333333334, 11.0112), (0.0, 0.0, 0.0), (67.1088, 0.0, 0.001), (0, 0, 0), (125.829, 0.0033333333333333335, 0.0012666666666666666), (538.2678, 0.2986666666666667, 0.020266666666666665), (0, 0, 0), (93.3228, 0.018333333333333333, 0.014133333333333333), (0, 0, 0), (604.3870666666668, 0.43446666666666667, 0.3648666666666666), (0, 0, 0), (0.0, 0.0, 0.0), (0, 0, 0), (442.49846666666673, 3.044, 0.055333333333333345), (192.93779999999998, 0.003933333333333333, 0.0014666666666666665)]","[(4263.6742, 1849.7273333333333, 989.6997333333334), (3879.284, 1847.1186666666667, 988.9888), (4295.0, 1860.0, 1000.0), (4227.8912, 1860.0, 999.999), (4295, 1860.0, 1000.0), (4169.171, 1859.9966666666667, 999.9987333333333), (3756.7322, 1859.7013333333334, 999.9797333333333), (4295, 1860.0, 1000.0), (8098.6772, 1799.9816666666666, 1524.9858666666667), (8192, 1800.0, 1525.0), (7587.612933333333, 1799.5655333333334, 1524.6351333333334), (8192, 1800.0, 1525.0), (8192.0, 1800.0, 1525.0), (8192, 1800.0, 1525.0), (7749.501533333333, 1796.956, 1524.9446666666668), (7999.0622, 1799.9960666666666, 1524.9985333333334)]","[(3, 0.0, 4.4444444444444447e-05), (4, 0.0, 0.005033333333333333), (2, 0.0, 0.0), (3, 0.0, 0.0), (0, 0, 0), (3, 0.0, 0.0006444444444444443), (4, 0.10841666666666666, 0.028383333333333333), (0, 0, 0), (1, 0.0, 0.0557), (0, 0, 0), (4, 0.0002833333333333333, 0.10684444444444444), (0, 0, 0), (2, 0.0, 0.0), (0, 0, 0), (1, 0.0, 0.004972222222222222), (1, 0.26766666666666666, 0.015294444444444444)]","[(32209, 67.1, 10.109955555555555), (32208, 67.1, 10.104966666666666), (32210, 67.1, 10.11), (32209, 67.1, 10.11), (32212, 67.1, 10.11), (32209, 67.1, 10.109355555555554), (32208, 66.99158333333332, 10.081616666666665), (32212, 67.1, 10.11), (32211, 51.900000000000006, 6.1343), (32212, 51.900000000000006, 6.1899999999999995), (32208, 51.89971666666667, 6.083155555555555), (32212, 51.900000000000006, 6.1899999999999995), (32210, 51.900000000000006, 6.1899999999999995), (32212, 51.900000000000006, 6.1899999999999995), (32211, 51.900000000000006, 6.185027777777777), (32211, 51.63233333333334, 6.174705555555555)]"
5,"[100.0, 100.0, 100.0, 100.0, 100.0, 100.0, 100.0, 0.0, 0.0, 0.0, 100.0, 0.0, 100.0, 0.0, 100.0, 100.0]","[1, 2, 1, 1, 1, 1, 2, 0, 0, 0, 3, 0, 1, 0, 1, 1]","[4.75, 4.75, 4.75, 4.75, 4.75, 4.75, 4.75, 2.45, 2.65, 2.65, 5.05, 2.65, 5.05, 2.65, 5.05, 5.05]","[1145.2395403445964, 3749.450691203043, 2911.512479720924, 1115.189642163913, 2047.1528695743666, 1068.445052216534, 3724.9558700582793, 0, 0, 0, 3941.7237136810727, 0, 2911.512479720924, 0, 1530.9142621519063, 711.18368902724]","[2883.760459655404, 279.5493087969571, 1117.4875202790759, 2913.810357836087, 1981.8471304256334, 2960.554947783466, 304.0441299417207, 4029, 4029, 4029, 87.2762863189273, 4029, 1117.4875202790759, 4029, 2498.0857378480937, 3317.81631097276]","[4029, 4029, 4029, 4029, 4029, 4029, 4029, 4029, 4029, 4029, 4029, 4029, 4029, 4029, 4029, 4029]","[4029, 4029, 4029, 4029, 4029, 4029, 4029, 0, 0, 0, 4029, 0, 4029, 0, 4029, 4029]","[(31.238400000000002, 10.958333333333334, 10.986266666666667), (450.1877333333333, 14.83946666666667, 11.076733333333335), (0.0, 0.0, 0.0), (47.5354, 0.0, 0.001), (545.259, 0.6861333333333334, 1.4692), (170.56820000000002, 0.0034, 0.0014666666666666665), (364.9035333333333, 0.03793333333333333, 0.025266666666666666), (0, 0, 0), (0, 0, 0), (0, 0, 0), (612.9964000000001, 0.4342666666666667, 0.3665333333333333), (0, 0, 0), (0.0, 0.0, 0.0), (0, 0, 0), (440.4012, 3.206266666666667, 0.1867333333333333), (134.2176, 0.002, 0.0014)]","[(4263.7616, 1849.0416666666667, 989.0137333333333), (3844.812266666667, 1845.1605333333334, 988.9232666666667), (4295.0, 1860.0, 1000.0), (4247.4646, 1860.0, 999.999), (3749.741, 1859.3138666666666, 998.5308), (4124.4318, 1859.9966, 999.9985333333333), (3930.096466666667, 1859.9620666666667, 999.9747333333333), (4295, 1860.0, 1000.0), (8192, 1800.0, 1525.0), (8192, 1800.0, 1525.0), (7579.0036, 1799.5657333333334, 1524.6334666666667), (8192, 1800.0, 1525.0), (8192.0, 1800.0, 1525.0), (8192, 1800.0, 1525.0), (7751.5988, 1796.7937333333334, 1524.8132666666668), (8057.7824, 1799.998, 1524.9986)]","[(3, 0.0, 2.2222222222222223e-05), (4, 0.00031666666666666665, 0.005011111111111111), (2, 0.0, 0.0), (3, 0.0, 0.0), (1, 0.07585, 0.04698333333333333), (3, 0.0, 0.0005666666666666666), (4, 0.00125, 0.02790555555555556), (0, 0, 0), (0, 0, 0), (0, 0, 0), (4, 0.00036666666666666667, 0.10645), (0, 0, 0), (2, 0.0, 0.0), (0, 0, 0), (1, 1.666666666666667e-05, 0.0052), (1, 0.2701, 0.013050000000000004)]","[(32209, 67.1, 10.109977777777777), (32208, 67.09968333333333, 10.104988888888888), (32210, 67.1, 10.11), (32209, 67.1, 10.11), (32211, 67.02414999999999, 10.063016666666666), (32209, 67.1, 10.109433333333333), (32208, 67.09875, 10.082094444444444), (32212, 67.1, 10.11), (32212, 51.900000000000006, 6.1899999999999995), (32212, 51.900000000000006, 6.1899999999999995), (32208, 51.89963333333334, 6.08355), (32212, 51.900000000000006, 6.1899999999999995), (32210, 51.900000000000006, 6.1899999999999995), (32212, 51.900000000000006, 6.1899999999999995), (32211, 51.89998333333334, 6.184799999999999), (32211, 51.629900000000006, 6.17695)]"
6,"[100.0, 100.0, 100.0, 100.0, 100.0, 100.0, 99.97517994539588, 0.0, 0.0, 0.0, 99.97517994539588, 0.0, 100.0, 0.0, 100.0, 100.0]","[1, 2, 1, 1, 1, 1, 2, 0, 0, 0, 3, 0, 1, 0, 1, 1]","[4.75, 4.75, 4.75, 4.75, 4.75, 4.75, 4.748485976669149, 2.45, 2.65, 2.65, 5.048237776123107, 2.65, 5.05, 2.65, 5.05, 5.05]","[1218.6951376844836, 2571.5869801787535, 3145.2348118086134, 1115.189642163913, 1922.54356446984, 1095.1561785219467, 4052.096410426349, 0, 0, 0, 4019.6068200392724, 0, 3145.2348118086134, 0, 1483.4440524727775, 647.7447684097866]","[2810.3048623155164, 1457.4130198212465, 883.7651881913866, 2913.810357836087, 2106.45643553016, 2933.8438214780535, -23.09641042634894, 4029, 4029, 4029, 9.393179960727593, 4029, 883.7651881913866, 4029, 2545.5559475272225, 3381.2552315902135]","[4029, 4029, 4029, 4029, 4029, 4029, 4029, 4029, 4029, 4029, 4029, 4029, 4029, 4029, 4029, 4029]","[4029, 4029, 4029, 4029, 4029, 4029, 4028, 0, 0, 0, 4028, 0, 4029, 0, 4029, 4029]","[(30.75773333333333, 11.004733333333336, 11.030333333333335), (473.4310666666667, 14.051200000000001, 11.088666666666668), (0.0, 0.0, 0.0), (72.7012, 0.0, 0.001), (738.1968, 0.7232666666666667, 1.2136), (170.56820000000002, 0.0033333333333333335, 0.0014), (331.349, 0.042466666666666666, 0.027733333333333336), (0, 0, 0), (0, 0, 0), (0, 0, 0), (624.7726000000001, 0.47586666666666666, 0.39946666666666664), (0, 0, 0), (0.0, 0.0, 0.0), (0, 0, 0), (478.84913333333344, 2.3301999999999996, 0.8102), (226.49220000000003, 0.0016666666666666668, 0.0014)]","[(4264.242266666667, 1848.9952666666666, 988.9696666666666), (3821.5689333333335, 1845.9488, 988.9113333333333), (4295.0, 1860.0, 1000.0), (4222.2988, 1860.0, 999.999), (3556.8032, 1859.2767333333334, 998.7864), (4124.4318, 1859.9966666666667, 999.9986), (3963.651, 1859.9575333333332, 999.9722666666667), (4295, 1860.0, 1000.0), (8192, 1800.0, 1525.0), (8192, 1800.0, 1525.0), (7567.2274, 1799.5241333333333, 1524.6005333333333), (8192, 1800.0, 1525.0), (8192.0, 1800.0, 1525.0), (8192, 1800.0, 1525.0), (7713.150866666667, 1797.6698, 1524.1898), (7965.5078, 1799.9983333333332, 1524.9986)]","[(3, 0.0, 2.2222222222222223e-05), (4, 0.0, 0.004994444444444444), (2, 0.0, 0.0), (3, 0.0, 0.0), (1, 0.0017166666666666665, 0.0023777777777777777), (3, 0.0, 0.0008388888888888889), (4, 0.0008, 0.028044444444444445), (0, 0, 0), (0, 0, 0), (0, 0, 0), (4, 0.07673333333333336, 0.10721111111111109), (0, 0, 0), (2, 0.0, 0.0), (0, 0, 0), (1, 0.0, 0.004461111111111111), (1, 0.27021666666666666, 0.012733333333333334)]","[(32209, 67.1, 10.109977777777777), (32208, 67.1, 10.105005555555556), (32210, 67.1, 10.11), (32209, 67.1, 10.11), (32211, 67.09828333333333, 10.107622222222222), (32209, 67.1, 10.10916111111111), (32208, 67.0992, 10.081955555555554), (32212, 67.1, 10.11), (32212, 51.900000000000006, 6.1899999999999995), (32212, 51.900000000000006, 6.1899999999999995), (32208, 51.82326666666667, 6.082788888888889), (32212, 51.900000000000006, 6.1899999999999995), (32210, 51.900000000000006, 6.1899999999999995), (32212, 51.900000000000006, 6.1899999999999995), (32211, 51.900000000000006, 6.185538888888888), (32211, 51.629783333333336, 6.177266666666666)]"
7,"[100.0, 100.0, 100.0, 100.0, 100.0, 100.0, 100.0, 0.0, 0.0, 100.0, 99.97517994539588, 0.0, 100.0, 0.0, 100.0, 100.0]","[1, 2, 1, 1, 1, 1, 2, 0, 0, 1, 3, 0, 1, 0, 1, 1]","[4.75, 4.75, 4.75, 4.75, 4.75, 4.75, 4.75, 2.45, 2.65, 5.05, 5.048237776123107, 2.65, 5.05, 2.65, 5.05, 5.05]","[0, 2729.57605510733, 2988.3069602640226, 1105.1729687313032, 2011.5502109730733, 1105.1728508864767, 3799.312943709617, 0, 0, 3815.4812123039737, 4095.426794161705, 0, 2988.3069602640226, 0, 949.4041935825778, 0]","[4029, 1299.42394489267, 1040.6930397359774, 2923.827031268697, 2017.4497890269267, 2923.8271491135233, 229.68705629038323, 4029, 4029, 213.51878769602627, -66.42679416170495, 4029, 1040.6930397359774, 4029, 3079.595806417422, 4029]","[4029, 4029, 4029, 4029, 4029, 4029, 4029, 4029, 4029, 4029, 4029, 4029, 4029, 4029, 4029, 4029]","[4029, 4029, 4029, 4029, 4029, 4029, 4029, 0, 0, 4029, 4028, 0, 4029, 0, 4029, 4029]","[(30.932599999999997, 11.007200000000001, 11.033333333333335), (469.62960000000004, 14.483333333333334, 11.4908), (0.0, 0.0, 0.0), (33.5544, 0.0, 0.001), (564.8324, 0.6947333333333332, 1.3258666666666665), (128.6252, 0.0032, 0.0014), (293.6003333333333, 0.040600000000000004, 0.026733333333333338), (0, 0, 0), (0, 0, 0), (1426.063, 0.14286666666666667, 0.5943999999999999), (623.4644666666667, 0.5114, 0.38539999999999996), (0, 0, 0), (0.0, 0.0, 0.0), (0, 0, 0), (333.44686666666666, 0.9099333333333333, 0.8626), (271.2314, 0.0722, 0.0028666666666666667)]","[(4264.0674, 1848.9928, 988.9666666666667), (3825.3704, 1845.5166666666667, 988.5092), (4295.0, 1860.0, 1000.0), (4261.4456, 1860.0, 999.999), (3730.1675999999998, 1859.3052666666667, 998.6741333333333), (4166.3748, 1859.9968, 999.9986), (4001.3996666666667, 1859.9594, 999.9732666666666), (4295, 1860.0, 1000.0), (8192, 1800.0, 1525.0), (6765.937, 1799.8571333333334, 1524.4056), (7568.535533333334, 1799.4886, 1524.6146), (8192, 1800.0, 1525.0), (8192.0, 1800.0, 1525.0), (8192, 1800.0, 1525.0), (7858.553133333333, 1799.0900666666666, 1524.1374), (7920.7686, 1799.9278, 1524.9971333333333)]","[(3, 0.0, 2.2222222222222223e-05), (4, 1.666666666666667e-05, 0.005222222222222222), (2, 0.0, 0.0), (3, 0.0, 0.0), (1, 0.00225, 0.06516111111111111), (3, 0.0, 0.0005555555555555557), (4, 0.006083333333333335, 0.030594444444444438), (0, 0, 0), (0, 0, 0), (3, 0.005116666666666666, 0.1869), (4, 0.07896666666666667, 0.11037222222222223), (0, 0, 0), (2, 0.0, 0.0), (0, 0, 0), (1, 0.0, 0.004088888888888889), (1, 0.24863333333333332, 0.04668333333333334)]","[(32209, 67.1, 10.109977777777777), (32208, 67.09998333333333, 10.104777777777777), (32210, 67.1, 10.11), (32209, 67.1, 10.11), (32211, 67.09774999999999, 10.044838888888888), (32209, 67.1, 10.109444444444444), (32208, 67.09391666666666, 10.079405555555555), (32212, 67.1, 10.11), (32212, 51.900000000000006, 6.1899999999999995), (32209, 51.89488333333334, 6.0031), (32208, 51.82103333333334, 6.079627777777778), (32212, 51.900000000000006, 6.1899999999999995), (32210, 51.900000000000006, 6.1899999999999995), (32212, 51.900000000000006, 6.1899999999999995), (32211, 51.900000000000006, 6.1859111111111105), (32211, 51.651366666666675, 6.143316666666666)]"
8,"[0.0, 100.0, 100.0, 100.0, 100.0, 100.0, 100.0, 100.0, 0.0, 100.0, 100.0, 0.0, 100.0, 0.0, 100.0, 0.0]","[0, 2, 1, 1, 2, 1, 2, 1, 0, 1, 3, 0, 1, 0, 1, 0]","[2.45, 4.75, 4.75, 4.75, 4.75, 4.75, 4.75, 4.75, 2.65, 5.05, 5.05, 2.65, 5.05, 2.65, 5.05, 2.65]","[0, 2662.0725006991406, 3008.340303014396, 1111.8507510197098, 3539.4976225580253, 1078.4617245810634, 3502.7541981732297, 1714.4051397483977, 0, 2446.521763816231, 3815.970989167682, 0, 3008.340303014396, 0, 732.8213619215522, 0]","[4029, 1366.9274993008594, 1020.6596969856041, 2917.1492489802904, 489.50237744197466, 2950.538275418937, 526.2458018267703, 2314.5948602516023, 4029, 1582.4782361837688, 213.0290108323179, 4029, 1020.6596969856041, 4029, 3296.178638078448, 4029]","[4029, 4029, 4029, 4029, 4029, 4029, 4029, 4029, 4029, 4029, 4029, 4029, 4029, 4029, 4029, 4029]","[0, 4029, 4029, 4029, 4029, 4029, 4029, 4029, 0, 4029, 4029, 0, 4029, 0, 4029, 0]","[(0, 0, 0), (506.81060000000014, 14.074866666666663, 12.580866666666664), (0.0, 0.0, 0.0), (39.146800000000006, 0.0, 0.001), (1015.0211999999999, 0.7184666666666666, 1.3978000000000004), (134.2176, 0.0033333333333333335, 0.0014), (341.8349333333333, 0.03373333333333334, 0.02686666666666667), (105.5042, 0.28773333333333334, 0.22433333333333338), (0, 0, 0), (1311.4188000000001, 0.1956, 0.7402000000000001), (572.6306, 0.5016, 0.38126666666666664), (0, 0, 0), (0.0, 0.0, 0.0), (0, 0, 0), (199.92773333333332, 0.9031333333333333, 0.010666666666666666), (0, 0, 0)]","[(4295, 1860.0, 1000.0), (3788.1893999999998, 1845.9251333333334, 987.4191333333333), (4295.0, 1860.0, 1000.0), (4255.8532, 1860.0, 999.999), (3279.9788, 1859.2815333333333, 998.6022), (4160.7824, 1859.9966666666667, 999.9986), (3953.1650666666665, 1859.9662666666666, 999.9731333333333), (4189.4958, 1859.7122666666667, 999.7756666666667), (8192, 1800.0, 1525.0), (6880.5812, 1799.8044, 1524.2598), (7619.3694, 1799.4984, 1524.6187333333332), (8192, 1800.0, 1525.0), (8192.0, 1800.0, 1525.0), (8192, 1800.0, 1525.0), (7992.072266666667, 1799.0968666666668, 1524.9893333333334), (8192, 1800.0, 1525.0)]","[(0, 0, 0), (4, 0.0, 0.004483333333333333), (2, 0.0, 0.0), (3, 0.0, 0.0), (4, 1.0436000000000003, 0.5165111111111111), (3, 0.0, 0.0007111111111111111), (4, 0.0013666666666666669, 0.04020555555555556), (1, 0.0030666666666666663, 0.05871111111111111), (0, 0, 0), (3, 0.0006, 0.11304444444444445), (4, 0.058866666666666664, 0.10931111111111111), (0, 0, 0), (2, 0.0, 0.0), (0, 0, 0), (1, 0.0, 0.005077777777777777), (0, 0, 0)]","[(32212, 67.1, 10.11), (32208, 67.1, 10.105516666666666), (32210, 67.1, 10.11), (32209, 67.1, 10.11), (32208, 66.0564, 9.593488888888889), (32209, 67.1, 10.109288888888889), (32208, 67.09863333333332, 10.069794444444444), (32211, 67.09693333333333, 10.05128888888889), (32212, 51.900000000000006, 6.1899999999999995), (32209, 51.89940000000001, 6.076955555555555), (32208, 51.84113333333334, 6.080688888888888), (32212, 51.900000000000006, 6.1899999999999995), (32210, 51.900000000000006, 6.1899999999999995), (32212, 51.900000000000006, 6.1899999999999995), (32211, 51.900000000000006, 6.184922222222221), (32212, 51.900000000000006, 6.1899999999999995)]"
9,"[0.0, 100.0, 100.0, 100.0, 100.0, 100.0, 100.0, 100.0, 0.0, 100.0, 100.0, 0.0, 100.0, 0.0, 100.0, 0.0]","[0, 2, 1, 1, 2, 1, 2, 1, 0, 1, 3, 0, 1, 0, 1, 0]","[2.45, 4.75, 4.75, 4.75, 4.75, 4.75, 4.75, 4.75, 2.65, 5.05, 5.05, 2.65, 5.05, 2.65, 5.05, 2.65]","[0, 2091.304843138998, 3068.4403312655163, 1252.08417907625, 2688.000703648823, 1058.4283798520034, 3456.7171319243334, 1429.5838385761401, 0, 2303.8585840403466, 3870.707789355232, 0, 3068.4403312655163, 0, 0, 0]","[4029, 1937.695156861002, 960.5596687344837, 2776.9158209237503, 1340.9992963511768, 2970.5716201479963, 572.2828680756666, 2599.41616142386, 4029, 1725.1414159596534, 158.29221064476815, 4029, 960.5596687344837, 4029, 4029, 4029]","[4029, 4029, 4029, 4029, 4029, 4029, 4029, 4029, 4029, 4029, 4029, 4029, 4029, 4029, 4029, 4029]","[0, 4029, 4029, 4029, 4029, 4029, 4029, 4029, 0, 4029, 4029, 0, 4029, 0, 4029, 0]","[(0, 0, 0), (361.4522, 11.7592, 11.7362), (0.0, 0.0, 0.0), (173.3644, 6.666666666666668e-05, 0.0016), (679.4766, 0.7634666666666666, 1.3357333333333334), (268.4352, 0.0032666666666666664, 0.0013333333333333333), (105.55626666666666, 0.04106666666666667, 0.02453333333333333), (110.71433333333331, 0.20726666666666668, 0.17506666666666665), (0, 0, 0), (1255.4948, 0.13406666666666667, 0.4640666666666667), (650.1115333333333, 0.4584666666666667, 0.18313333333333337), (0, 0, 0), (0.0, 0.0, 0.0), (0, 0, 0), (167.77133333333336, 0.8164666666666667, 0.02233333333333333), (0, 0, 0)]","[(4295, 1860.0, 1000.0), (3933.5478, 1848.2408, 988.2638), (4295.0, 1860.0, 1000.0), (4121.6356, 1859.9999333333333, 999.9984), (3615.5234, 1859.2365333333332, 998.6642666666667), (4026.5648, 1859.9967333333334, 999.9986666666666), (4189.4437333333335, 1859.9589333333333, 999.9754666666666), (4184.285666666667, 1859.7927333333334, 999.8249333333333), (8192, 1800.0, 1525.0), (6936.5052, 1799.8659333333333, 1524.5359333333333), (7541.888466666666, 1799.5415333333333, 1524.8168666666666), (8192, 1800.0, 1525.0), (8192.0, 1800.0, 1525.0), (8192, 1800.0, 1525.0), (8024.228666666667, 1799.1835333333333, 1524.9776666666667), (8192, 1800.0, 1525.0)]","[(0, 0, 0), (4, 0.0, 0.004105555555555556), (2, 0.0, 0.0), (3, 0.03166666666666667, 0.0017722222222222221), (4, 0.0012666666666666666, 0.0036666666666666666), (3, 0.0, 0.00065), (4, 0.0, 0.025294444444444446), (1, 0.0002333333333333333, 0.05122222222222223), (0, 0, 0), (3, 1.666666666666667e-05, 0.12178333333333334), (4, 0.06818333333333332, 0.10725555555555555), (0, 0, 0), (2, 0.0, 0.0), (0, 0, 0), (1, 0.0, 0.005544444444444444), (0, 0, 0)]","[(32212, 67.1, 10.11), (32208, 67.1, 10.105894444444443), (32210, 67.1, 10.11), (32209, 67.06833333333333, 10.108227777777778), (32208, 67.09873333333333, 10.106333333333334), (32209, 67.1, 10.10935), (32208, 67.1, 10.084705555555555), (32211, 67.09976666666667, 10.058777777777777), (32212, 51.900000000000006, 6.1899999999999995), (32209, 51.89998333333334, 6.068216666666666), (32208, 51.831816666666676, 6.082744444444444), (32212, 51.900000000000006, 6.1899999999999995), (32210, 51.900000000000006, 6.1899999999999995), (32212, 51.900000000000006, 6.1899999999999995), (32211, 51.900000000000006, 6.184455555555555), (32212, 51.900000000000006, 6.1899999999999995)]"
10,"[0.0, 100.0, 100.0, 100.0, 100.0, 100.0, 100.0, 100.0, 0.0, 100.0, 100.0, 0.0, 100.0, 0.0, 100.0, 0.0]","[0, 2, 1, 1, 2, 1, 2, 1, 0, 1, 3, 0, 1, 0, 1, 0]","[2.45, 4.75, 4.75, 4.75, 4.75, 4.75, 4.75, 4.75, 2.65, 5.05, 5.05, 2.65, 5.05, 2.65, 5.05, 2.65]","[0, 1881.3997930543255, 3021.6958648479776, 1105.1729687313032, 2616.7953878361095, 0, 3368.1418154557764, 1845.861124904825, 0, 2662.034226881929, 3928.705914817436, 0, 3021.6958648479776, 0, 3752.9130163235823, 0]","[4029, 2147.6002069456745, 1007.3041351520224, 2923.827031268697, 1412.2046121638905, 4029, 660.8581845442236, 2183.138875095175, 4029, 1366.965773118071, 100.29408518256378, 4029, 1007.3041351520224, 4029, 276.08698367641773, 4029]","[4029, 4029, 4029, 4029, 4029, 4029, 4029, 4029, 4029, 4029, 4029, 4029, 4029, 4029, 4029, 4029]","[0, 4029, 4029, 4029, 4029, 4029, 4029, 4029, 0, 4029, 4029, 0, 4029, 0, 4029, 0]","[(0, 0, 0), (229.11266666666666, 12.142066666666665, 11.2752), (0.0, 0.0, 0.0), (156.58720000000002, 6.666666666666668e-05, 0.001066666666666667), (654.3108000000001, 0.7674, 1.1362666666666668), (248.8618, 0.0033333333333333335, 0.0014), (111.8476, 0.0404, 0.024133333333333333), (109.4118, 0.21166666666666664, 0.17653333333333332), (0, 0, 0), (1470.8021999999999, 0.18553333333333333, 0.47233333333333327), (645.6962666666666, 0.4487999999999999, 0.36473333333333335), (0, 0, 0), (0.0, 0.0, 0.0), (0, 0, 0), (388.67179999999996, 7.663399999999999, 2.4918666666666667), (0, 0, 0)]","[(4295, 1860.0, 1000.0), (4065.887333333333, 1847.8579333333332, 988.7248), (4295.0, 1860.0, 1000.0), (4138.4128, 1859.9999333333333, 999.9989333333333), (3640.6892, 1859.2326, 998.8637333333334), (4046.1382, 1859.9966666666667, 999.9986), (4183.1524, 1859.9596, 999.9758666666667), (4185.5882, 1859.7883333333334, 999.8234666666667), (8192, 1800.0, 1525.0), (6721.1978, 1799.8144666666667, 1524.5276666666666), (7546.303733333333, 1799.5512, 1524.6352666666667), (8192, 1800.0, 1525.0), (8192.0, 1800.0, 1525.0), (8192, 1800.0, 1525.0), (7803.3282, 1792.3366, 1522.5081333333333), (8192, 1800.0, 1525.0)]","[(0, 0, 0), (4, 0.0, 0.005122222222222222), (2, 0.0, 0.0), (3, 0.0, 0.0002833333333333333), (4, 0.011416666666666664, 0.04838888888888889), (3, 0.0, 0.0008222222222222222), (4, 0.0, 0.029222222222222226), (1, 0.00011666666666666667, 0.05212222222222222), (0, 0, 0), (3, 1.666666666666667e-05, 0.1395388888888889), (4, 0.08524999999999999, 0.1058111111111111), (0, 0, 0), (2, 0.0, 0.0), (0, 0, 0), (2, 0.0, 0.016355555555555557), (0, 0, 0)]","[(32212, 67.1, 10.11), (32208, 67.1, 10.104877777777777), (32210, 67.1, 10.11), (32209, 67.1, 10.109716666666666), (32208, 67.08858333333333, 10.06161111111111), (32209, 67.1, 10.109177777777777), (32208, 67.1, 10.080777777777778), (32211, 67.09988333333332, 10.057877777777778), (32212, 51.900000000000006, 6.1899999999999995), (32209, 51.89998333333334, 6.050461111111111), (32208, 51.814750000000004, 6.084188888888888), (32212, 51.900000000000006, 6.1899999999999995), (32210, 51.900000000000006, 6.1899999999999995), (32212, 51.900000000000006, 6.1899999999999995), (32210, 51.900000000000006, 6.173644444444444), (32212, 51.900000000000006, 6.1899999999999995)]"
11,"[0.0, 100.0, 100.0, 100.0, 100.0, 0.0, 100.0, 100.0, 0.0, 100.0, 100.0, 0.0, 100.0, 0.0, 100.0, 0.0]","[0, 2, 1, 1, 2, 0, 2, 1, 0, 1, 3, 0, 1, 0, 1, 0]","[2.45, 4.75, 4.75, 4.75, 4.75, 2.45, 4.75, 4.75, 2.65, 5.05, 5.05, 2.65, 5.05, 2.65, 5.05, 2.65]","[0, 2033.4642251339146, 2894.8180274289466, 0, 2652.3980463381267, 0, 3331.263387652084, 1812.9971286157179, 0, 2986.820614882346, 3223.8553601474428, 0, 2894.8180274289466, 0, 2794.65141873918, 0]","[4029, 1995.5357748660854, 1134.1819725710534, 4029, 1376.6019536618733, 4029, 697.736612347916, 2216.002871384282, 4029, 1042.179385117654, 805.1446398525572, 4029, 1134.1819725710534, 4029, 1234.34858126082, 4029]","[4029, 4029, 4029, 4029, 4029, 4029, 4029, 4029, 4029, 4029, 4029, 4029, 4029, 4029, 4029, 4029]","[0, 4029, 4029, 4029, 4029, 0, 4029, 4029, 0, 4029, 4029, 0, 4029, 0, 4029, 0]","[(0, 0, 0), (197.56780000000003, 12.122800000000003, 11.353666666666669), (0.0, 0.0, 0.0), (97.867, 0.0, 0.001), (506.11220000000003, 0.7048000000000001, 1.4158), (0, 0, 0), (115.3428, 0.03866666666666667, 0.023266666666666665), (108.76053333333334, 0.20446666666666666, 0.17406666666666665), (0, 0, 0), (1311.4188000000001, 0.14286666666666667, 0.5135333333333333), (594.0319333333333, 0.44526666666666664, 0.3803333333333333), (0, 0, 0), (0.0, 0.0, 0.0), (0, 0, 0), (651.5146, 19.004533333333335, 2.486266666666667), (0, 0, 0)]","[(4295, 1860.0, 1000.0), (4097.4322, 1847.8772, 988.6463333333334), (4295.0, 1860.0, 1000.0), (4197.133, 1860.0, 999.999), (3788.8878, 1859.2952, 998.5842), (4295, 1860.0, 1000.0), (4179.6572, 1859.9613333333334, 999.9767333333333), (4186.239466666667, 1859.7955333333334, 999.8259333333333), (8192, 1800.0, 1525.0), (6880.5812, 1799.8571333333334, 1524.4864666666667), (7597.968066666666, 1799.5547333333334, 1524.6196666666667), (8192, 1800.0, 1525.0), (8192.0, 1800.0, 1525.0), (8192, 1800.0, 1525.0), (7540.4854, 1780.9954666666667, 1522.5137333333332), (8192, 1800.0, 1525.0)]","[(0, 0, 0), (4, 0.0, 0.00556111111111111), (2, 0.0, 0.0), (3, 0.008, 0.00039999999999999996), (4, 0.0675, 0.04928333333333334), (0, 0, 0), (4, 0.0, 0.02823888888888889), (1, 0.0, 0.05014999999999999), (0, 0, 0), (3, 5e-05, 0.13139444444444442), (4, 0.07925, 0.10755555555555556), (0, 0, 0), (2, 0.0, 0.0), (0, 0, 0), (2, 0.0, 0.0053), (0, 0, 0)]","[(32212, 67.1, 10.11), (32208, 67.1, 10.104438888888888), (32210, 67.1, 10.11), (32209, 67.092, 10.109599999999999), (32208, 67.0325, 10.060716666666666), (32212, 67.1, 10.11), (32208, 67.1, 10.08176111111111), (32211, 67.1, 10.059849999999999), (32212, 51.900000000000006, 6.1899999999999995), (32209, 51.899950000000004, 6.058605555555555), (32208, 51.820750000000004, 6.082444444444444), (32212, 51.900000000000006, 6.1899999999999995), (32210, 51.900000000000006, 6.1899999999999995), (32212, 51.900000000000006, 6.1899999999999995), (32210, 51.900000000000006, 6.184699999999999), (32212, 51.900000000000006, 6.1899999999999995)]"
12,"[0.0, 100.0, 100.0, 0.0, 100.0, 0.0, 100.0, 100.0, 0.0, 100.0, 99.97517994539588, 0.0, 100.0, 100.0, 100.0, 0.0]","[0, 2, 1, 0, 2, 0, 2, 1, 0, 1, 3, 0, 1, 1, 1, 0]","[2.45, 4.75, 4.75, 2.45, 4.75, 2.45, 4.75, 4.75, 2.65, 5.05, 5.048237776123107, 2.65, 5.05, 5.05, 5.05, 2.65]","[0, 1483.4440524727775, 3151.912592725404, 0, 2542.623182416749, 0, 3610.0824447450527, 1886.9411202662081, 0, 2953.431360041183, 3552.908399075909, 0, 3151.912592725404, 1155.2559781834066, 1739.5619942211624, 0]","[4029, 2545.5559475272225, 877.087407274596, 4029, 1486.376817583251, 4029, 418.9175552549473, 2142.058879733792, 4029, 1075.5686399588171, 476.0916009240909, 4029, 877.087407274596, 2873.7440218165934, 2289.4380057788376, 4029]","[4029, 4029, 4029, 4029, 4029, 4029, 4029, 4029, 4029, 4029, 4029, 4029, 4029, 4029, 4029, 4029]","[0, 4029, 4029, 0, 4029, 0, 4029, 4029, 0, 4029, 4028, 0, 4029, 4029, 4029, 0]","[(0, 0, 0), (216.31153333333336, 14.934933333333333, 11.6432), (0.0, 0.0, 0.0), (0, 0, 0), (713.031, 0.7473333333333334, 1.2831333333333332), (0, 0, 0), (111.1486, 0.03613333333333334, 0.043533333333333334), (115.2732, 0.21046666666666666, 0.17566666666666664), (0, 0, 0), (1311.4188000000001, 0.188, 0.5201333333333333), (587.3760666666666, 0.44799999999999995, 0.37473333333333336), (0, 0, 0), (0.0, 0.0, 0.0), (67.10839999999999, 0.00013333333333333334, 0.001), (369.0984, 16.1096, 2.579733333333333), (0, 0, 0)]","[(4295, 1860.0, 1000.0), (4078.6884666666665, 1845.0650666666666, 988.3568), (4295.0, 1860.0, 1000.0), (4295, 1860.0, 1000.0), (3581.969, 1859.2526666666668, 998.7168666666666), (4295, 1860.0, 1000.0), (4183.8514, 1859.9638666666667, 999.9564666666666), (4179.7268, 1859.7895333333333, 999.8243333333334), (8192, 1800.0, 1525.0), (6880.5812, 1799.812, 1524.4798666666666), (7604.623933333333, 1799.552, 1524.6252666666667), (8192, 1800.0, 1525.0), (8192.0, 1800.0, 1525.0), (8124.8916, 1799.9998666666668, 1524.999), (7822.9016, 1783.8904, 1522.4202666666667), (8192, 1800.0, 1525.0)]","[(0, 0, 0), (4, 0.0, 0.005416666666666667), (2, 0.0, 0.0), (0, 0, 0), (4, 0.0019333333333333331, 0.0035944444444444444), (0, 0, 0), (4, 0.0009, 0.030688888888888884), (1, 0.0, 0.05059444444444444), (0, 0, 0), (3, 3.3333333333333335e-05, 0.16156666666666666), (4, 0.08313333333333334, 0.10561111111111111), (0, 0, 0), (2, 0.0, 0.0), (1, 0.0, 0.0005722222222222222), (2, 0.0, 0.00225), (0, 0, 0)]","[(32212, 67.1, 10.11), (32208, 67.1, 10.104583333333332), (32210, 67.1, 10.11), (32212, 67.1, 10.11), (32208, 67.09806666666667, 10.106405555555556), (32212, 67.1, 10.11), (32208, 67.09909999999999, 10.07931111111111), (32211, 67.1, 10.059405555555555), (32212, 51.900000000000006, 6.1899999999999995), (32209, 51.89996666666667, 6.028433333333333), (32208, 51.81686666666667, 6.084388888888888), (32212, 51.900000000000006, 6.1899999999999995), (32210, 51.900000000000006, 6.1899999999999995), (32211, 51.900000000000006, 6.1894277777777775), (32210, 51.900000000000006, 6.187749999999999), (32212, 51.900000000000006, 6.1899999999999995)]"
13,"[0.0, 100.0, 100.0, 0.0, 100.0, 0.0, 100.0, 100.0, 0.0, 100.0, 100.0, 0.0, 100.0, 100.0, 100.0, 100.0]","[0, 1, 1, 0, 3, 0, 2, 1, 0, 1, 3, 0, 1, 1, 1, 1]","[2.45, 4.75, 4.75, 2.45, 4.75, 2.45, 4.75, 4.75, 2.65, 5.05, 5.05, 2.65, 5.05, 5.05, 5.05, 5.05]","[0, 1397.4042974293563, 2938.223603388089, 0, 3404.3832958385606, 0, 3353.5858073669897, 1906.1117847681867, 0, 2989.8560016860883, 4266.424558897539, 0, 2938.223603388089, 1151.9170880730503, 1826.3731494030244, 1071.7839430047102]","[4029, 2631.595702570644, 1090.776396611911, 4029, 624.6167041614394, 4029, 675.4141926330103, 2122.8882152318133, 4029, 1039.1439983139117, -237.4245588975391, 4029, 1090.776396611911, 2877.0829119269497, 2202.6268505969756, 2957.21605699529]","[4029, 4029, 4029, 4029, 4029, 4029, 4029, 4029, 4029, 4029, 4029, 4029, 4029, 4029, 4029, 4029]","[0, 4029, 4029, 0, 4029, 0, 4029, 4029, 0, 4029, 4029, 0, 4029, 4029, 4029, 4029]","[(0, 0, 0), (441.79940000000005, 3.5278666666666667, 0.02166666666666667), (0.0, 0.0, 0.0), (0, 0, 0), (704.6424, 0.7296, 1.3075333333333334), (0, 0, 0), (97.86666666666669, 0.03833333333333333, 0.023066666666666666), (97.689, 0.24573333333333333, 0.20893333333333336), (0, 0, 0), (1177.2012, 0.14893333333333333, 0.6776666666666666), (572.8693333333333, 0.5670000000000001, 0.4337333333333333), (0, 0, 0), (0.0, 0.0, 0.0), (72.70093333333334, 6.666666666666668e-05, 0.001), (268.4352, 13.852799999999998, 1.682), (125.829, 0.0033333333333333335, 0.0012666666666666666)]","[(4295, 1860.0, 1000.0), (3853.2006, 1856.4721333333334, 999.9783333333334), (4295.0, 1860.0, 1000.0), (4295, 1860.0, 1000.0), (3590.3576000000003, 1859.2704, 998.6924666666666), (4295, 1860.0, 1000.0), (4197.133333333333, 1859.9616666666666, 999.9769333333334), (4197.311, 1859.7542666666666, 999.7910666666667), (8192, 1800.0, 1525.0), (7014.7988000000005, 1799.8510666666666, 1524.3223333333333), (7619.130666666667, 1799.433, 1524.5662666666667), (8192, 1800.0, 1525.0), (8192.0, 1800.0, 1525.0), (8119.2990666666665, 1799.9999333333333, 1524.999), (7923.5648, 1786.1472, 1523.318), (8066.171, 1799.9966666666667, 1524.9987333333333)]","[(0, 0, 0), (1, 0.0, 0.005505555555555555), (2, 0.0, 0.0), (0, 0, 0), (5, 0.42348333333333343, 0.08238888888888889), (0, 0, 0), (4, 0.0, 0.030283333333333336), (1, 0.0, 0.05149444444444444), (0, 0, 0), (3, 5e-05, 0.12382222222222221), (4, 0.08, 0.11432777777777779), (0, 0, 0), (2, 0.0, 0.0), (1, 0.0, 0.0005666666666666666), (2, 0.0, 0.005916666666666666), (3, 0.0, 0.0006444444444444443)]","[(32212, 67.1, 10.11), (32211, 67.1, 10.104494444444445), (32210, 67.1, 10.11), (32212, 67.1, 10.11), (32207, 66.67651666666666, 10.02761111111111), (32212, 67.1, 10.11), (32208, 67.1, 10.079716666666666), (32211, 67.1, 10.058505555555556), (32212, 51.900000000000006, 6.1899999999999995), (32209, 51.899950000000004, 6.066177777777777), (32208, 51.82000000000001, 6.075672222222222), (32212, 51.900000000000006, 6.1899999999999995), (32210, 51.900000000000006, 6.1899999999999995), (32211, 51.900000000000006, 6.189433333333333), (32210, 51.900000000000006, 6.184083333333333), (32209, 51.900000000000006, 6.189355555555555)]"
14,"[0.0, 100.0, 100.0, 0.0, 99.97517994539588, 0.0, 100.0, 100.0, 0.0, 100.0, 100.0, 0.0, 100.0, 100.0, 100.0, 100.0]","[0, 1, 1, 0, 3, 0, 2, 1, 0, 1, 3, 0, 1, 1, 1, 1]","[2.45, 4.75, 4.75, 2.45, 4.748485976669149, 2.45, 4.75, 4.75, 2.65, 5.05, 5.05, 2.65, 5.05, 5.05, 5.05, 5.05]","[0, 0, 2958.2569461384624, 0, 4102.31864060096, 0, 3388.2504744150833, 1908.8504511256126, 0, 5888.650399259911, 4786.734633913657, 0, 2958.2569461384624, 1158.5948682937635, 1612.6841520322869, 1068.445052216534]","[4029, 4029, 1070.7430538615376, 4029, -73.31864060095995, 4029, 640.7495255849167, 2120.1495488743876, 4029, -1859.650399259911, -757.7346339136566, 4029, 1070.7430538615376, 2870.4051317062367, 2416.315847967713, 2960.554947783466]","[4029, 4029, 4029, 4029, 4029, 4029, 4029, 4029, 4029, 4029, 4029, 4029, 4029, 4029, 4029, 4029]","[0, 4029, 4029, 0, 4028, 0, 4029, 4029, 0, 4029, 4029, 0, 4029, 4029, 4029, 4029]","[(0, 0, 0), (421.5272, 3.163133333333333, 0.021933333333333332), (0.0, 0.0, 0.0), (0, 0, 0), (1040.1864, 0.7528666666666667, 1.364), (0, 0, 0), (98.5656, 0.03866666666666667, 0.0232), (125.0422, 0.247, 0.19506666666666664), (0, 0, 0), (1269.4758, 0.3529333333333333, 0.49439999999999995), (669.4585333333332, 0.8949333333333334, 0.4798666666666666), (0, 0, 0), (0.0, 0.0, 0.0), (75.49719999999999, 0.0004, 0.0014666666666666665), (383.0794, 15.210066666666668, 1.8525333333333331), (170.56820000000002, 0.0034, 0.0014666666666666665)]","[(4295, 1860.0, 1000.0), (3873.4728, 1856.8368666666668, 999.9780666666667), (4295.0, 1860.0, 1000.0), (4295, 1860.0, 1000.0), (3254.8136, 1859.2471333333333, 998.636), (4295, 1860.0, 1000.0), (4196.4344, 1859.9613333333334, 999.9768), (4169.9578, 1859.753, 999.8049333333333), (8192, 1800.0, 1525.0), (6922.5242, 1799.6470666666667, 1524.5056), (7522.541466666667, 1799.1050666666667, 1524.5201333333334), (8192, 1800.0, 1525.0), (8192.0, 1800.0, 1525.0), (8116.5028, 1799.9996, 1524.9985333333334), (7808.9206, 1784.7899333333332, 1523.1474666666666), (8021.4318, 1799.9966, 1524.9985333333334)]","[(0, 0, 0), (1, 0.04335, 0.02068888888888889), (2, 0.0, 0.0), (0, 0, 0), (5, 1.29325, 0.5612222222222223), (0, 0, 0), (4, 0.0, 0.029983333333333334), (1, 3.3333333333333335e-05, 0.05121666666666667), (0, 0, 0), (3, 0.1731833333333333, 0.38794999999999996), (4, 0.07803333333333333, 0.12671666666666667), (0, 0, 0), (2, 0.0, 0.0), (1, 0.0, 0.0005499999999999999), (2, 0.0, 0.0036999999999999997), (3, 0.0, 0.0005666666666666666)]","[(32212, 67.1, 10.11), (32211, 67.05664999999999, 10.08931111111111), (32210, 67.1, 10.11), (32212, 67.1, 10.11), (32207, 65.80675, 9.548777777777778), (32212, 67.1, 10.11), (32208, 67.1, 10.080016666666666), (32211, 67.09996666666666, 10.058783333333333), (32212, 51.900000000000006, 6.1899999999999995), (32209, 51.72681666666667, 5.8020499999999995), (32208, 51.821966666666675, 6.063283333333333), (32212, 51.900000000000006, 6.1899999999999995), (32210, 51.900000000000006, 6.1899999999999995), (32211, 51.900000000000006, 6.18945), (32210, 51.900000000000006, 6.186299999999999), (32209, 51.900000000000006, 6.189433333333333)]"
15,"[0.0, 0.0, 100.0, 0.0, 100.0, 0.0, 99.97517994539588, 100.0, 0.0, 100.0, 100.0, 0.0, 100.0, 100.0, 100.0, 100.0]","[0, 0, 1, 0, 3, 0, 2, 2, 0, 1, 3, 0, 1, 1, 1, 1]","[2.45, 2.45, 4.75, 2.45, 4.75, 2.45, 4.748485976669149, 4.75, 2.65, 5.05, 5.05, 2.65, 5.05, 5.05, 5.05, 5.05]","[0, 0, 3018.356974389583, 0, 3369.5155090191674, 0, 4114.93503886985, 3966.2732754937206, 0, 4252.576912042853, 4778.14208102933, 0, 3018.356974389583, 1151.9170880730503, 1499.1618721790824, 1095.1561785219467]","[4029, 4029, 1010.6430256104172, 4029, 659.4844909808326, 4029, -85.93503886985036, 62.726724506279425, 4029, -223.5769120428531, -749.1420810293303, 4029, 1010.6430256104172, 2877.0829119269497, 2529.8381278209176, 2933.8438214780535]","[4029, 4029, 4029, 4029, 4029, 4029, 4029, 4029, 4029, 4029, 4029, 4029, 4029, 4029, 4029, 4029]","[0, 0, 4029, 0, 4029, 0, 4028, 4029, 0, 4029, 4029, 0, 4029, 4029, 4029, 4029]","[(0, 0, 0), (0, 0, 0), (0.0, 0.0, 0.0), (0, 0, 0), (933.9307999999999, 0.7405333333333334, 1.449066666666667), (0, 0, 0), (159.383, 0.2750666666666666, 0.022466666666666666), (194.44459999999998, 0.2442666666666667, 0.20146666666666663), (0, 0, 0), (1974.1186, 0.14053333333333334, 0.48906666666666665), (666.2200666666666, 0.8929333333333334, 0.22326666666666667), (0, 0, 0), (0.0, 0.0, 0.0), (75.49719999999999, 0.0003333333333333333, 0.0014), (279.62, 9.749466666666667, 1.610333333333333), (170.56820000000002, 0.0033333333333333335, 0.0014)]","[(4295, 1860.0, 1000.0), (4295, 1860.0, 1000.0), (4295.0, 1860.0, 1000.0), (4295, 1860.0, 1000.0), (3361.0692, 1859.2594666666666, 998.5509333333333), (4295, 1860.0, 1000.0), (4135.617, 1859.7249333333334, 999.9775333333333), (4100.5554, 1859.7557333333334, 999.7985333333334), (8192, 1800.0, 1525.0), (6217.8814, 1799.8594666666668, 1524.5109333333332), (7525.779933333333, 1799.1070666666667, 1524.7767333333334), (8192, 1800.0, 1525.0), (8192.0, 1800.0, 1525.0), (8116.5028, 1799.9996666666666, 1524.9986), (7912.38, 1790.2505333333334, 1523.3896666666667), (8021.4318, 1799.9966666666667, 1524.9986)]","[(0, 0, 0), (0, 0, 0), (2, 0.0, 0.0), (0, 0, 0), (5, 0.2701, 0.016772222222222227), (0, 0, 0), (4, 0.0013666666666666669, 0.03001111111111111), (3, 0.0, 0.0523111111111111), (0, 0, 0), (3, 1.666666666666667e-05, 0.31198333333333333), (4, 0.6218833333333333, 0.2054388888888889), (0, 0, 0), (2, 0.0, 0.0), (1, 0.0, 0.0005611111111111111), (2, 0.05768333333333333, 0.023244444444444446), (3, 0.0, 0.0008388888888888889)]","[(32212, 67.1, 10.11), (32212, 67.1, 10.11), (32210, 67.1, 10.11), (32212, 67.1, 10.11), (32207, 66.8299, 10.093227777777777), (32212, 67.1, 10.11), (32208, 67.09863333333332, 10.079988888888888), (32209, 67.1, 10.057688888888888), (32212, 51.900000000000006, 6.1899999999999995), (32209, 51.89998333333334, 5.8780166666666664), (32208, 51.27811666666667, 5.984561111111111), (32212, 51.900000000000006, 6.1899999999999995), (32210, 51.900000000000006, 6.1899999999999995), (32211, 51.900000000000006, 6.189438888888889), (32210, 51.84231666666667, 6.166755555555555), (32209, 51.900000000000006, 6.189161111111111)]"
16,"[0.0, 0.0, 100.0, 0.0, 100.0, 0.0, 100.0, 100.0, 0.0, 100.0, 100.0, 0.0, 100.0, 100.0, 100.0, 100.0]","[0, 0, 1, 0, 3, 0, 2, 2, 0, 1, 3, 0, 1, 1, 1, 1]","[2.45, 2.45, 4.75, 2.45, 4.75, 2.45, 4.75, 4.75, 2.65, 5.05, 5.05, 2.65, 5.05, 5.05, 5.05, 5.05]","[0, 0, 3148.573702267009, 0, 3392.116347978771, 0, 4632.205198597615, 4118.0410343119365, 0, 3235.722332789209, 4468.072561232295, 0, 3148.573702267009, 1168.6115386248337, 1863.10094582612, 1105.1728508864767]","[4029, 4029, 880.4262977329909, 4029, 636.883652021229, 4029, -603.205198597615, -89.04103431193653, 4029, 793.2776672107912, -439.0725612322949, 4029, 880.4262977329909, 2860.388461375166, 2165.89905417388, 2923.8271491135233]","[4029, 4029, 4029, 4029, 4029, 4029, 4029, 4029, 4029, 4029, 4029, 4029, 4029, 4029, 4029, 4029]","[0, 0, 4029, 0, 4029, 0, 4029, 4029, 0, 4029, 4029, 0, 4029, 4029, 4029, 4029]","[(0, 0, 0), (0, 0, 0), (0.0, 0.0, 0.0), (0, 0, 0), (897.5802000000001, 0.7854666666666668, 1.1667333333333334), (0, 0, 0), (257.25, 0.30279999999999996, 0.018266666666666664), (255.84773333333334, 0.2268, 0.19273333333333334), (0, 0, 0), (1730.8488, 0.18693333333333337, 0.49646666666666667), (593.4707333333333, 0.6346666666666667, 0.25360000000000005), (0, 0, 0), (0.0, 0.0, 0.0), (77.5942, 0.00046666666666666666, 0.0014), (338.34020000000004, 2.189, 3.0638666666666667), (128.6252, 0.0032, 0.0014)]","[(4295, 1860.0, 1000.0), (4295, 1860.0, 1000.0), (4295.0, 1860.0, 1000.0), (4295, 1860.0, 1000.0), (3397.4197999999997, 1859.2145333333333, 998.8332666666666), (4295, 1860.0, 1000.0), (4037.75, 1859.6972, 999.9817333333333), (4039.1522666666665, 1859.7732, 999.8072666666667), (8192, 1800.0, 1525.0), (6461.1512, 1799.8130666666666, 1524.5035333333333), (7598.529266666666, 1799.3653333333334, 1524.7464), (8192, 1800.0, 1525.0), (8192.0, 1800.0, 1525.0), (8114.4058, 1799.9995333333334, 1524.9986), (7853.6598, 1797.811, 1521.9361333333334), (8063.3748, 1799.9968, 1524.9986)]","[(0, 0, 0), (0, 0, 0), (2, 0.0, 0.0), (0, 0, 0), (5, 0.2722, 0.016711111111111114), (0, 0, 0), (4, 8.333333333333333e-05, 0.029705555555555558), (3, 3.3333333333333335e-05, 0.0528), (0, 0, 0), (3, 1.666666666666667e-05, 0.20562222222222223), (4, 0.6212666666666666, 0.12337777777777778), (0, 0, 0), (2, 0.0, 0.0), (1, 0.0, 0.001627777777777778), (2, 1.1261166666666667, 0.002977777777777778), (3, 0.0, 0.0005555555555555557)]","[(32212, 67.1, 10.11), (32212, 67.1, 10.11), (32210, 67.1, 10.11), (32212, 67.1, 10.11), (32207, 66.8278, 10.093288888888889), (32212, 67.1, 10.11), (32208, 67.09991666666666, 10.080294444444444), (32209, 67.09996666666666, 10.0572), (32212, 51.900000000000006, 6.1899999999999995), (32209, 51.89998333333334, 5.984377777777778), (32208, 51.27873333333334, 6.066622222222222), (32212, 51.900000000000006, 6.1899999999999995), (32210, 51.900000000000006, 6.1899999999999995), (32211, 51.900000000000006, 6.188372222222222), (32210, 50.77388333333334, 6.187022222222222), (32209, 51.900000000000006, 6.189444444444444)]"
17,"[0.0, 0.0, 100.0, 0.0, 100.0, 0.0, 100.0, 100.0, 0.0, 100.0, 100.0, 0.0, 100.0, 100.0, 100.0, 100.0]","[0, 0, 1, 0, 3, 0, 2, 2, 0, 1, 3, 0, 1, 1, 1, 1]","[2.45, 2.45, 4.75, 2.45, 4.75, 2.45, 4.75, 4.75, 2.65, 5.05, 5.05, 2.65, 5.05, 5.05, 5.05, 5.05]","[0, 0, 3425.7016103138403, 0, 3462.977055489972, 0, 4036.7141637882223, 4050.9437107419512, 0, 2452.592537423716, 4284.769065961497, 0, 3425.7016103138403, 1165.2726485144767, 2634.3846707111265, 1078.4617245810634]","[4029, 4029, 603.2983896861597, 4029, 566.0229445100281, 4029, -7.714163788222322, -21.943710741951236, 4029, 1576.4074625762842, -255.7690659614973, 4029, 603.2983896861597, 2863.7273514855233, 1394.6153292888735, 2950.538275418937]","[4029, 4029, 4029, 4029, 4029, 4029, 4029, 4029, 4029, 4029, 4029, 4029, 4029, 4029, 4029, 4029]","[0, 0, 4029, 0, 4029, 0, 4029, 4029, 0, 4029, 4029, 0, 4029, 4029, 4029, 4029]","[(0, 0, 0), (0, 0, 0), (0.0, 0.0, 0.0), (0, 0, 0), (858.4334, 0.8244, 1.456), (0, 0, 0), (299.89213333333333, 0.04493333333333333, 0.0268), (249.33506666666665, 0.2219333333333333, 0.18486666666666668), (0, 0, 0), (1356.158, 0.1402, 0.49906666666666666), (525.4117333333334, 0.5673333333333334, 0.2616666666666667), (0, 0, 0), (0.0, 0.0, 0.0), (69.2056, 0.00046666666666666666, 0.0013333333333333333), (408.2452, 3.357266666666667, 2.6136666666666666), (134.2176, 0.0033333333333333335, 0.0014)]","[(4295, 1860.0, 1000.0), (4295, 1860.0, 1000.0), (4295.0, 1860.0, 1000.0), (4295, 1860.0, 1000.0), (3436.5666, 1859.1756, 998.544), (4295, 1860.0, 1000.0), (3995.1078666666667, 1859.9550666666667, 999.9732), (4045.6649333333335, 1859.7780666666667, 999.8151333333333), (8192, 1800.0, 1525.0), (6835.842000000001, 1799.8598, 1524.5009333333333), (7666.588266666667, 1799.4326666666666, 1524.7383333333332), (8192, 1800.0, 1525.0), (8192.0, 1800.0, 1525.0), (8122.7944, 1799.9995333333334, 1524.9986666666666), (7783.7548, 1796.6427333333334, 1522.3863333333334), (8057.7824, 1799.9966666666667, 1524.9986)]","[(0, 0, 0), (0, 0, 0), (2, 0.0, 0.0), (0, 0, 0), (5, 0.32191666666666663, 0.09479444444444445), (0, 0, 0), (4, 0.0, 0.03032777777777778), (3, 0.00011666666666666667, 0.051116666666666664), (0, 0, 0), (3, 8.333333333333333e-05, 0.11315), (4, 0.6186666666666666, 0.11492222222222223), (0, 0, 0), (2, 0.0, 0.0), (1, 0.0, 0.0005499999999999999), (2, 1.092625, 0.013255555555555555), (3, 0.0, 0.0007111111111111111)]","[(32212, 67.1, 10.11), (32212, 67.1, 10.11), (32210, 67.1, 10.11), (32212, 67.1, 10.11), (32207, 66.77808333333333, 10.015205555555555), (32212, 67.1, 10.11), (32208, 67.1, 10.079672222222221), (32209, 67.09988333333332, 10.058883333333332), (32212, 51.900000000000006, 6.1899999999999995), (32209, 51.89991666666667, 6.076849999999999), (32208, 51.281333333333336, 6.075077777777778), (32212, 51.900000000000006, 6.1899999999999995), (32210, 51.900000000000006, 6.1899999999999995), (32211, 51.900000000000006, 6.18945), (32210, 50.80737500000001, 6.176744444444444), (32209, 51.900000000000006, 6.189288888888888)]"
18,"[0.0, 0.0, 100.0, 0.0, 100.0, 0.0, 100.0, 100.0, 0.0, 100.0, 100.0, 0.0, 100.0, 100.0, 100.0, 100.0]","[0, 0, 1, 0, 3, 0, 2, 2, 0, 1, 3, 0, 1, 1, 1, 1]","[2.45, 2.45, 4.75, 2.45, 4.75, 2.45, 4.75, 4.75, 2.65, 5.05, 5.05, 2.65, 5.05, 5.05, 5.05, 5.05]","[0, 0, 3442.3960626058183, 0, 3580.1737052130534, 0, 4094.2261560959923, 3391.381562266317, 0, 2677.21116090064, 4340.217927003443, 0, 3442.3960626058183, 1178.6282089559033, 1779.6286812281753, 0]","[4029, 4029, 586.6039373941817, 4029, 448.8262947869466, 4029, -65.22615609599234, 637.6184377336831, 4029, 1351.7888390993598, -311.21792700344304, 4029, 586.6039373941817, 2850.3717910440964, 2249.371318771825, 4029]","[4029, 4029, 4029, 4029, 4029, 4029, 4029, 4029, 4029, 4029, 4029, 4029, 4029, 4029, 4029, 4029]","[0, 0, 4029, 0, 4029, 0, 4029, 4029, 0, 4029, 4029, 0, 4029, 4029, 4029, 4029]","[(0, 0, 0), (0, 0, 0), (0.0, 0.0, 0.0), (0, 0, 0), (908.7650000000001, 0.9439333333333334, 1.3957333333333335), (0, 0, 0), (117.44013333333332, 0.046599999999999996, 0.027800000000000005), (272.4692, 0.2222, 0.20046666666666663), (0, 0, 0), (1227.5328, 0.18566666666666662, 0.4779333333333333), (456.1098666666666, 0.5628, 0.26646666666666674), (0, 0, 0), (0.0, 0.0, 0.0), (82.4876, 0.0007333333333333332, 0.002), (645.9222, 2.945, 2.129), (268.4352, 0.0032666666666666664, 0.0013333333333333333)]","[(4295, 1860.0, 1000.0), (4295, 1860.0, 1000.0), (4295.0, 1860.0, 1000.0), (4295, 1860.0, 1000.0), (3386.2349999999997, 1859.0560666666668, 998.6042666666667), (4295, 1860.0, 1000.0), (4177.5598666666665, 1859.9534, 999.9722), (4022.5308, 1859.7778, 999.7995333333333), (8192, 1800.0, 1525.0), (6964.4672, 1799.8143333333333, 1524.5220666666667), (7735.890133333333, 1799.4372, 1524.7335333333333), (8192, 1800.0, 1525.0), (8192.0, 1800.0, 1525.0), (8109.5124, 1799.9992666666667, 1524.998), (7546.0778, 1797.055, 1522.871), (7923.5648, 1799.9967333333334, 1524.9986666666666)]","[(0, 0, 0), (0, 0, 0), (2, 0.0, 0.0), (0, 0, 0), (5, 0.24061666666666667, 0.06705555555555555), (0, 0, 0), (4, 0.0027166666666666667, 0.02863888888888889), (3, 0.0, 0.052416666666666674), (0, 0, 0), (3, 3.3333333333333335e-05, 0.15232222222222222), (4, 0.6187, 0.11265555555555554), (0, 0, 0), (2, 0.0, 0.0), (1, 0.0, 0.0005722222222222222), (2, 0.0, 0.0070888888888888885), (3, 0.0, 0.00065)]","[(32212, 67.1, 10.11), (32212, 67.1, 10.11), (32210, 67.1, 10.11), (32212, 67.1, 10.11), (32207, 66.85938333333333, 10.042944444444444), (32212, 67.1, 10.11), (32208, 67.09728333333332, 10.08136111111111), (32209, 67.1, 10.057583333333334), (32212, 51.900000000000006, 6.1899999999999995), (32209, 51.89996666666667, 6.037677777777778), (32208, 51.28130000000001, 6.077344444444444), (32212, 51.900000000000006, 6.1899999999999995), (32210, 51.900000000000006, 6.1899999999999995), (32211, 51.900000000000006, 6.1894277777777775), (32210, 51.900000000000006, 6.18291111111111), (32209, 51.900000000000006, 6.189349999999999)]"
19,"[0.0, 0.0, 100.0, 0.0, 100.0, 0.0, 100.0, 100.0, 100.0, 100.0, 100.0, 0.0, 100.0, 100.0, 100.0, 100.0]","[0, 0, 1, 0, 3, 0, 2, 1, 1, 1, 3, 0, 1, 1, 1, 1]","[2.45, 2.45, 4.75, 2.45, 4.75, 2.45, 4.75, 4.75, 5.05, 5.05, 5.05, 2.65, 5.05, 5.05, 5.05, 5.05]","[0, 0, 3475.784967189774, 0, 4532.90769501726, 0, 3812.6684327026533, 0, 2248.9012475559352, 6028.278192232053, 4160.705182372224, 0, 3475.784967189774, 1165.2726485144767, 2090.1455055325287, 881.4670876440003]","[4029, 4029, 553.2150328102261, 4029, -503.90769501726027, 4029, 216.33156729734674, 4029, 1780.0987524440648, -1999.2781922320528, -131.70518237222404, 4029, 553.2150328102261, 2863.7273514855233, 1938.8544944674713, 3147.5329123559995]","[4029, 4029, 4029, 4029, 4029, 4029, 4029, 4029, 4029, 4029, 4029, 4029, 4029, 4029, 4029, 4029]","[0, 0, 4029, 0, 4029, 0, 4029, 4029, 4029, 4029, 4029, 0, 4029, 4029, 4029, 4029]","[(0, 0, 0), (0, 0, 0), (0.0, 0.0, 0.0), (0, 0, 0), (637.5336, 1.5624666666666664, 1.8270000000000002), (0, 0, 0), (115.3428, 0.04506666666666667, 0.026666666666666672), (83.36113333333331, 0.21606666666666663, 0.18393333333333337), (218.1036, 0.009266666666666668, 0.010533333333333334), (1551.892, 0.19686666666666666, 1.39), (394.30680000000007, 0.5599999999999999, 0.2112), (0, 0, 0), (0.0, 0.0, 0.0), (81.08953333333334, 0.0002666666666666667, 0.001), (402.6528, 3.2084, 1.765466666666667), (95.9442, 0.019933333333333334, 0.0208)]","[(4295, 1860.0, 1000.0), (4295, 1860.0, 1000.0), (4295.0, 1860.0, 1000.0), (4295, 1860.0, 1000.0), (3657.4664000000002, 1858.4375333333332, 998.173), (4295, 1860.0, 1000.0), (4179.6572, 1859.9549333333334, 999.9733333333334), (4211.638866666667, 1859.7839333333334, 999.8160666666666), (7973.8964, 1799.9907333333333, 1524.9894666666667), (6640.108, 1799.8031333333333, 1523.61), (7797.6932, 1799.44, 1524.7888), (8192, 1800.0, 1525.0), (8192.0, 1800.0, 1525.0), (8110.910466666666, 1799.9997333333333, 1524.999), (7789.3472, 1796.7916, 1523.2345333333333), (8096.0558, 1799.9800666666667, 1524.9792)]","[(0, 0, 0), (0, 0, 0), (2, 0.0, 0.0), (0, 0, 0), (5, 0.27144999999999997, 0.015755555555555554), (0, 0, 0), (4, 0.0, 0.026855555555555556), (1, 0.0, 0.04877777777777778), (2, 0.0, 0.0022555555555555554), (3, 0.0001, 0.1530611111111111), (4, 0.34728333333333333, 0.11302222222222223), (0, 0, 0), (2, 0.0, 0.0), (1, 0.0, 0.000538888888888889), (2, 0.0, 0.005355555555555555), (1, 0.0012, 0.05558333333333333)]","[(32212, 67.1, 10.11), (32212, 67.1, 10.11), (32210, 67.1, 10.11), (32212, 67.1, 10.11), (32207, 66.82854999999999, 10.094244444444444), (32212, 67.1, 10.11), (32208, 67.1, 10.083144444444445), (32211, 67.1, 10.061222222222222), (32210, 51.900000000000006, 6.187744444444444), (32209, 51.8999, 6.036938888888889), (32208, 51.552716666666676, 6.076977777777778), (32212, 51.900000000000006, 6.1899999999999995), (32210, 51.900000000000006, 6.1899999999999995), (32211, 51.900000000000006, 6.18946111111111), (32210, 51.900000000000006, 6.184644444444444), (32211, 51.89880000000001, 6.134416666666666)]"
20,"[0.0, 0.0, 100.0, 100.0, 100.0, 0.0, 100.0, 0.0, 100.0, 100.0, 99.97517994539588, 0.0, 100.0, 100.0, 100.0, 100.0]","[0, 0, 1, 1, 3, 0, 2, 0, 1, 1, 3, 0, 1, 1, 1, 1]","[2.45, 2.45, 4.75, 4.75, 4.75, 2.45, 4.75, 2.45, 5.05, 5.05, 5.048237776123107, 2.65, 5.05, 5.05, 5.05, 5.05]","[0, 0, 3732.8795324862313, 2327.8664038117226, 5437.064596250833, 0, 3930.506401888343, 0, 2201.431036525731, 6374.312287858666, 4565.048768802976, 0, 3732.8795324862313, 0, 1232.0506254656602, 754.589249271]","[4029, 4029, 296.12046751376874, 1701.1335961882774, -1408.0645962508333, 4029, 98.49359811165687, 4029, 1827.568963474269, -2345.3122878586664, -536.0487688029762, 4029, 296.12046751376874, 4029, 2796.9493745343398, 3274.410750729]","[4029, 4029, 4029, 4029, 4029, 4029, 4029, 4029, 4029, 4029, 4029, 4029, 4029, 4029, 4029, 4029]","[0, 0, 4029, 4029, 4029, 0, 4029, 0, 4029, 4029, 4028, 0, 4029, 4029, 4029, 4029]","[(0, 0, 0), (0, 0, 0), (0.0, 0.0, 0.0), (335.544, 0.016466666666666664, 0.009866666666666668), (847.2485999999999, 1.5591999999999997, 1.8150666666666668), (0, 0, 0), (132.12006666666667, 0.03846666666666666, 0.026933333333333333), (0, 0, 0), (268.4352, 0.009333333333333334, 0.0108), (1736.4414, 0.2492666666666667, 1.2721333333333333), (569.0270666666668, 0.5803999999999999, 0.4349333333333333), (0, 0, 0), (0.0, 0.0, 0.0), (78.99233333333332, 0.0004, 0.0014), (444.5958, 2.369733333333333, 2.1395999999999997), (96.9928, 0.020133333333333333, 0.014066666666666665)]","[(4295, 1860.0, 1000.0), (4295, 1860.0, 1000.0), (4295.0, 1860.0, 1000.0), (3959.456, 1859.9835333333333, 999.9901333333333), (3447.7514, 1858.4408, 998.1849333333333), (4295, 1860.0, 1000.0), (4162.879933333334, 1859.9615333333334, 999.9730666666667), (4295, 1860.0, 1000.0), (7923.5648, 1799.9906666666666, 1524.9892), (6455.5586, 1799.7507333333333, 1523.7278666666666), (7622.9729333333335, 1799.4196, 1524.5650666666668), (8192, 1800.0, 1525.0), (8192.0, 1800.0, 1525.0), (8113.007666666666, 1799.9996, 1524.9986), (7747.4042, 1797.6302666666666, 1522.8604), (8095.0072, 1799.9798666666666, 1524.9859333333334)]","[(0, 0, 0), (0, 0, 0), (2, 0.0, 0.0), (3, 0.0, 0.015905555555555555), (5, 1.3110166666666665, 0.5868611111111111), (0, 0, 0), (4, 0.0, 0.03480555555555556), (0, 0, 0), (2, 0.0, 0.0022944444444444444), (3, 0.00015, 0.2104), (4, 1.0280500000000001, 0.11249444444444445), (0, 0, 0), (2, 0.0, 0.0), (1, 0.0, 0.0005777777777777778), (2, 0.0, 0.005061111111111111), (1, 0.0, 0.054338888888888895)]","[(32212, 67.1, 10.11), (32212, 67.1, 10.11), (32210, 67.1, 10.11), (32209, 67.1, 10.094094444444444), (32207, 65.78898333333333, 9.523138888888889), (32212, 67.1, 10.11), (32208, 67.1, 10.075194444444444), (32212, 67.1, 10.11), (32210, 51.900000000000006, 6.187705555555555), (32209, 51.89985000000001, 5.9796), (32208, 50.871950000000005, 6.077505555555555), (32212, 51.900000000000006, 6.1899999999999995), (32210, 51.900000000000006, 6.1899999999999995), (32211, 51.900000000000006, 6.1894222222222215), (32210, 51.900000000000006, 6.1849388888888885), (32211, 51.900000000000006, 6.13566111111111)]"
21,"[0.0, 0.0, 100.0, 100.0, 100.0, 0.0, 100.0, 0.0, 100.0, 100.0, 99.97517994539588, 0.0, 100.0, 0.0, 100.0, 100.0]","[0, 0, 1, 1, 3, 0, 2, 0, 1, 1, 3, 0, 1, 0, 1, 1]","[2.45, 2.45, 4.75, 4.75, 4.75, 2.45, 4.75, 2.45, 5.05, 5.05, 5.048237776123107, 2.65, 5.05, 2.65, 5.05, 5.05]","[0, 0, 3782.9628893621643, 2503.141050686958, 4725.038814492981, 0, 3456.7171319243334, 0, 2248.9012475559352, 3703.171900565511, 4412.772064600814, 0, 3782.9628893621643, 0, 2534.217953193593, 754.589249271]","[4029, 4029, 246.03711063783567, 1525.858949313042, -696.0388144929811, 4029, 572.2828680756666, 4029, 1780.0987524440648, 325.8280994344891, -383.7720646008138, 4029, 246.03711063783567, 4029, 1494.782046806407, 3274.410750729]","[4029, 4029, 4029, 4029, 4029, 4029, 4029, 4029, 4029, 4029, 4029, 4029, 4029, 4029, 4029, 4029]","[0, 0, 4029, 4029, 4029, 0, 4029, 0, 4029, 4029, 4028, 0, 4029, 0, 4029, 4029]","[(0, 0, 0), (0, 0, 0), (0.0, 0.0, 0.0), (427.8186, 0.011466666666666667, 0.006066666666666666), (1059.76, 1.6053333333333335, 1.9699999999999998), (0, 0, 0), (107.65339999999999, 0.04166666666666667, 0.025066666666666668), (0, 0, 0), (33.5544, 0.009266666666666668, 0.010666666666666666), (1493.1718, 0.1692, 0.7876000000000001), (803.1913333333334, 0.5806, 0.34906666666666664), (0, 0, 0), (0.0, 0.0, 0.0), (0, 0, 0), (349.525, 5.339466666666667, 2.7218), (90.177, 0.02, 0.014)]","[(4295, 1860.0, 1000.0), (4295, 1860.0, 1000.0), (4295.0, 1860.0, 1000.0), (3867.1814, 1859.9885333333334, 999.9939333333333), (3235.24, 1858.3946666666666, 998.03), (4295, 1860.0, 1000.0), (4187.3466, 1859.9583333333333, 999.9749333333333), (4295, 1860.0, 1000.0), (8158.4456, 1799.9907333333333, 1524.9893333333334), (6698.8282, 1799.8308, 1524.2124), (7388.808666666667, 1799.4194, 1524.6509333333333), (8192, 1800.0, 1525.0), (8192.0, 1800.0, 1525.0), (8192, 1800.0, 1525.0), (7842.475, 1794.6605333333334, 1522.2782), (8101.823, 1799.98, 1524.986)]","[(0, 0, 0), (0, 0, 0), (2, 0.0, 0.0), (3, 1.666666666666667e-05, 0.017866666666666666), (5, 0.3008333333333334, 0.016911111111111113), (0, 0, 0), (4, 0.0, 0.03420555555555556), (0, 0, 0), (2, 0.0, 0.0023555555555555556), (3, 0.0001, 0.13415555555555556), (4, 0.5962999999999999, 0.11546111111111111), (0, 0, 0), (2, 0.0, 0.0), (0, 0, 0), (2, 0.0, 0.01048888888888889), (1, 3.3333333333333335e-05, 0.05506666666666666)]","[(32212, 67.1, 10.11), (32212, 67.1, 10.11), (32210, 67.1, 10.11), (32209, 67.09998333333333, 10.092133333333333), (32207, 66.79916666666666, 10.093088888888888), (32212, 67.1, 10.11), (32208, 67.1, 10.075794444444444), (32212, 67.1, 10.11), (32210, 51.900000000000006, 6.187644444444444), (32209, 51.8999, 6.055844444444444), (32208, 51.303700000000006, 6.074538888888888), (32212, 51.900000000000006, 6.1899999999999995), (32210, 51.900000000000006, 6.1899999999999995), (32212, 51.900000000000006, 6.1899999999999995), (32210, 51.900000000000006, 6.17951111111111), (32211, 51.89996666666667, 6.134933333333333)]"
22,"[0.0, 0.0, 100.0, 100.0, 99.97517994539588, 100.0, 100.0, 0.0, 100.0, 100.0, 100.0, 0.0, 100.0, 0.0, 100.0, 100.0]","[0, 0, 1, 1, 3, 1, 2, 0, 1, 1, 3, 0, 1, 0, 1, 1]","[2.45, 2.45, 4.75, 4.75, 4.748485976669149, 4.75, 4.75, 2.45, 5.05, 5.05, 5.05, 2.65, 5.05, 2.65, 5.05, 5.05]","[0, 0, 3388.973815271489, 2497.663717972107, 4508.074842601085, 2327.8664038117226, 3254.055825696953, 0, 5046.6768101486105, 3949.038231668631, 4518.304293587471, 0, 3388.973815271489, 0, 5161.924842736884, 0]","[4029, 4029, 640.026184728511, 1531.336282027893, -479.07484260108504, 1701.1335961882774, 774.944174303047, 4029, -1017.6768101486105, 79.96176833136906, -489.30429358747097, 4029, 640.026184728511, 4029, -1132.9248427368839, 4029]","[4029, 4029, 4029, 4029, 4029, 4029, 4029, 4029, 4029, 4029, 4029, 4029, 4029, 4029, 4029, 4029]","[0, 0, 4029, 4029, 4028, 4029, 4029, 0, 4029, 4029, 4029, 0, 4029, 0, 4029, 4029]","[(0, 0, 0), (0, 0, 0), (0.0, 0.0, 0.0), (419.43, 0.0086, 0.004933333333333334), (889.1915999999999, 1.5513333333333335, 1.7074000000000003), (335.544, 0.016466666666666664, 0.009866666666666668), (99.96353333333334, 0.037733333333333334, 0.0228), (0, 0, 0), (369.0984, 0.018533333333333336, 0.025066666666666668), (1484.7831999999999, 0.21580000000000002, 0.8416666666666666), (732.8086000000001, 0.5604, 0.389), (0, 0, 0), (0.0, 0.0, 0.0), (0, 0, 0), (553.6476, 10.710466666666667, 4.053266666666667), (93.3228, 0.018333333333333333, 0.014133333333333333)]","[(4295, 1860.0, 1000.0), (4295, 1860.0, 1000.0), (4295.0, 1860.0, 1000.0), (3875.57, 1859.9914, 999.9950666666666), (3405.8084, 1858.4486666666667, 998.2926), (3959.456, 1859.9835333333333, 999.9901333333333), (4195.0364666666665, 1859.9622666666667, 999.9772), (4295, 1860.0, 1000.0), (7822.9016, 1799.9814666666666, 1524.9749333333334), (6707.2168, 1799.7842, 1524.1583333333333), (7459.1914, 1799.4396, 1524.611), (8192, 1800.0, 1525.0), (8192.0, 1800.0, 1525.0), (8192, 1800.0, 1525.0), (7638.3524, 1789.2895333333333, 1520.9467333333334), (8098.6772, 1799.9816666666666, 1524.9858666666667)]","[(0, 0, 0), (0, 0, 0), (2, 0.0, 0.0), (3, 0.0, 0.021744444444444445), (5, 0.27518333333333334, 0.06487222222222222), (3, 0.0, 0.015905555555555555), (4, 0.0, 0.027433333333333334), (0, 0, 0), (2, 0.0, 0.0054888888888888895), (3, 0.0001, 0.17663333333333334), (4, 0.7729166666666666, 0.13388333333333333), (0, 0, 0), (2, 0.0, 0.0), (0, 0, 0), (2, 0.0, 0.008927777777777778), (1, 0.0, 0.0557)]","[(32212, 67.1, 10.11), (32212, 67.1, 10.11), (32210, 67.1, 10.11), (32209, 67.1, 10.088255555555556), (32207, 66.82481666666666, 10.045127777777777), (32209, 67.1, 10.094094444444444), (32208, 67.1, 10.082566666666667), (32212, 67.1, 10.11), (32210, 51.900000000000006, 6.18451111111111), (32209, 51.8999, 6.013366666666666), (32208, 51.12708333333334, 6.056116666666666), (32212, 51.900000000000006, 6.1899999999999995), (32210, 51.900000000000006, 6.1899999999999995), (32212, 51.900000000000006, 6.1899999999999995), (32210, 51.900000000000006, 6.181072222222221), (32211, 51.900000000000006, 6.1343)]"
23,"[0.0, 100.0, 100.0, 100.0, 100.0, 100.0, 100.0, 0.0, 100.0, 100.0, 100.0, 0.0, 100.0, 0.0, 100.0, 0.0]","[0, 1, 1, 1, 3, 1, 2, 0, 1, 1, 3, 0, 1, 0, 1, 0]","[2.45, 4.75, 4.75, 4.75, 4.75, 4.75, 4.75, 2.45, 5.05, 5.05, 5.05, 2.65, 5.05, 2.65, 5.05, 2.65]","[0, 590.9835929581135, 0, 2664.722365775066, 4668.314198461174, 2503.141050686958, 3355.986702625195, 0, 6361.008278047395, 3566.579494397111, 4246.014658580861, 0, 0, 0, 3255.4183193198332, 0]","[4029, 3438.0164070418864, 4029, 1364.277634224934, -639.3141984611739, 1525.858949313042, 673.013297374805, 4029, -2332.008278047395, 462.4205056028891, -217.01465858086067, 4029, 4029, 4029, 773.5816806801668, 4029]","[4029, 4029, 4029, 4029, 4029, 4029, 4029, 4029, 4029, 4029, 4029, 4029, 4029, 4029, 4029, 4029]","[0, 4029, 4029, 4029, 4029, 4029, 4029, 0, 4029, 4029, 4029, 0, 4029, 0, 4029, 0]","[(0, 0, 0), (265.6387333333333, 0.05313333333333333, 0.031266666666666665), (0.0, 0.0, 0.0), (455.7806, 0.011333333333333336, 0.005066666666666666), (808.1018, 1.5359333333333332, 1.8880666666666668), (427.8186, 0.011466666666666667, 0.006066666666666666), (103.459, 0.04006666666666667, 0.025), (0, 0, 0), (1157.6274666666666, 0.016533333333333334, 0.022133333333333328), (1644.1666, 0.15380000000000002, 0.6252666666666667), (723.7159333333334, 0.5371333333333334, 0.38373333333333337), (0, 0, 0), (0.0, 0.0, 0.0), (0, 0, 0), (503.316, 17.2942, 4.714533333333334), (0, 0, 0)]","[(4295, 1860.0, 1000.0), (4029.361266666667, 1859.9468666666667, 999.9687333333334), (4295.0, 1860.0, 1000.0), (3839.2194, 1859.9886666666666, 999.9949333333333), (3486.8982, 1858.4640666666667, 998.1119333333334), (3867.1814, 1859.9885333333334, 999.9939333333333), (4191.541, 1859.9599333333333, 999.975), (4295, 1860.0, 1000.0), (7034.372533333333, 1799.9834666666666, 1524.9778666666666), (6547.8333999999995, 1799.8462, 1524.3747333333333), (7468.284066666667, 1799.4628666666667, 1524.6162666666667), (8192, 1800.0, 1525.0), (8192.0, 1800.0, 1525.0), (8192, 1800.0, 1525.0), (7688.684, 1782.7058, 1520.2854666666667), (8192, 1800.0, 1525.0)]","[(0, 0, 0), (3, 0.0, 0.006316666666666667), (2, 0.0, 0.0), (3, 0.0, 0.016805555555555553), (5, 0.3754, 0.06538888888888889), (3, 1.666666666666667e-05, 0.017866666666666666), (4, 0.0001, 0.02510555555555555), (0, 0, 0), (2, 0.0, 0.005333333333333333), (3, 5e-05, 0.16941111111111112), (4, 0.08106666666666666, 0.11325555555555555), (0, 0, 0), (2, 0.0, 0.0), (0, 0, 0), (2, 2.327875, 0.009094444444444445), (0, 0, 0)]","[(32212, 67.1, 10.11), (32209, 67.1, 10.103683333333333), (32210, 67.1, 10.11), (32209, 67.1, 10.093194444444444), (32207, 66.7246, 10.044611111111111), (32209, 67.09998333333333, 10.092133333333333), (32208, 67.09989999999999, 10.084894444444444), (32212, 67.1, 10.11), (32210, 51.900000000000006, 6.184666666666666), (32209, 51.899950000000004, 6.020588888888889), (32208, 51.81893333333334, 6.076744444444444), (32212, 51.900000000000006, 6.1899999999999995), (32210, 51.900000000000006, 6.1899999999999995), (32212, 51.900000000000006, 6.1899999999999995), (32210, 49.57212500000001, 6.180905555555555), (32212, 51.900000000000006, 6.1899999999999995)]"
24,"[0.0, 100.0, 0.0, 0.0, 99.97517994539588, 100.0, 100.0, 100.0, 100.0, 100.0, 100.0, 100.0, 100.0, 0.0, 100.0, 0.0]","[0, 1, 0, 0, 3, 1, 2, 1, 1, 1, 3, 1, 1, 0, 1, 0]","[2.45, 4.75, 2.45, 2.45, 4.748485976669149, 4.75, 4.75, 4.75, 5.05, 5.05, 5.05, 5.05, 5.05, 2.65, 5.05, 2.65]","[0, 580.9669218910268, 0, 0, 4700.196833244972, 2497.663717972107, 520.8668579276933, 2478.4930534701275, 2438.7820916767528, 4726.09725342664, 644.4059773969423, 1714.4051397483977, 1763.7010974382797, 0, 3689.4740952291445, 0]","[4029, 3448.0330781089733, 4029, 4029, -671.1968332449724, 1531.336282027893, 3508.133142072307, 1550.5069465298725, 1590.2179083232472, -697.0972534266402, 3384.594022603058, 2314.5948602516023, 2265.2989025617203, 4029, 339.5259047708555, 4029]","[4029, 4029, 4029, 4029, 4029, 4029, 4029, 4029, 4029, 4029, 4029, 4029, 4029, 4029, 4029, 4029]","[0, 4029, 0, 0, 4028, 4029, 4029, 4029, 4029, 4029, 4029, 4029, 4029, 0, 4029, 0]","[(0, 0, 0), (272.62933333333325, 0.053200000000000004, 0.03573333333333333), (0, 0, 0), (0, 0, 0), (964.6890000000001, 1.6458666666666666, 1.7508000000000001), (419.43, 0.0086, 0.004933333333333334), (96.46846666666666, 0.0384, 0.023133333333333332), (332.7478, 0.012333333333333335, 0.0056), (167.772, 0.009333333333333334, 0.0104), (1434.4516, 0.22206666666666663, 0.8742666666666667), (598.0651333333333, 0.5481333333333334, 0.39013333333333333), (105.5042, 0.28773333333333334, 0.22433333333333338), (39.146666666666654, 0.29753333333333337, 0.0019333333333333331), (0, 0, 0), (570.4248, 42.85653333333333, 4.105333333333333), (0, 0, 0)]","[(4295, 1860.0, 1000.0), (4022.3706666666667, 1859.9468, 999.9642666666666), (4295, 1860.0, 1000.0), (4295, 1860.0, 1000.0), (3330.3109999999997, 1858.3541333333333, 998.2492), (3875.57, 1859.9914, 999.9950666666666), (4198.531533333334, 1859.9616, 999.9768666666666), (3962.2522, 1859.9876666666667, 999.9944), (8024.228, 1799.9906666666666, 1524.9896), (6757.5484, 1799.7779333333333, 1524.1257333333333), (7593.9348666666665, 1799.4518666666668, 1524.6098666666667), (8086.4958, 1799.7122666666667, 1524.7756666666667), (8152.8533333333335, 1799.7024666666666, 1524.9980666666668), (8192, 1800.0, 1525.0), (7621.5752, 1757.1434666666667, 1520.8946666666666), (8192, 1800.0, 1525.0)]","[(0, 0, 0), (3, 0.0, 0.0011611111111111112), (0, 0, 0), (0, 0, 0), (5, 0.27346666666666664, 0.06472777777777779), (3, 0.0, 0.021744444444444445), (4, 0.0001833333333333333, 0.030749999999999993), (3, 0.0, 0.021144444444444445), (2, 0.0, 0.002172222222222222), (3, 0.0001, 0.21292777777777777), (4, 0.09561666666666667, 0.11232222222222221), (1, 0.0030666666666666663, 0.05871111111111111), (1, 0.003, 0.06097777777777777), (0, 0, 0), (2, 0.0, 0.005988888888888888), (0, 0, 0)]","[(32212, 67.1, 10.11), (32209, 67.1, 10.108838888888888), (32212, 67.1, 10.11), (32212, 67.1, 10.11), (32207, 66.82653333333333, 10.045272222222222), (32209, 67.1, 10.088255555555556), (32208, 67.09981666666665, 10.07925), (32209, 67.1, 10.088855555555554), (32210, 51.900000000000006, 6.187827777777778), (32209, 51.8999, 5.977072222222222), (32208, 51.80438333333334, 6.077677777777778), (32211, 51.89693333333334, 6.131288888888888), (32211, 51.897000000000006, 6.129022222222222), (32212, 51.900000000000006, 6.1899999999999995), (32210, 51.900000000000006, 6.1840111111111105), (32212, 51.900000000000006, 6.1899999999999995)]"
25,"[0.0, 100.0, 0.0, 0.0, 100.0, 100.0, 100.0, 100.0, 100.0, 100.0, 100.0, 100.0, 100.0, 0.0, 100.0, 0.0]","[0, 1, 0, 0, 3, 1, 2, 1, 1, 1, 2, 1, 1, 0, 1, 0]","[2.45, 4.75, 2.45, 2.45, 4.75, 4.75, 4.75, 4.75, 5.05, 5.05, 5.05, 5.05, 5.05, 2.65, 5.05, 2.65]","[0, 557.5946894011578, 0, 0, 4513.6457475099605, 2664.722365775066, 1235.3895160495777, 2629.1197031285333, 2554.490731062876, 3065.7406717796443, 1578.3845313240047, 1429.5838385761401, 1385.7651479872202, 0, 0, 0]","[4029, 3471.4053105988423, 4029, 4029, -484.64574750996053, 1364.277634224934, 2793.6104839504223, 1399.8802968714667, 1474.509268937124, 963.2593282203557, 2450.6154686759955, 2599.41616142386, 2643.23485201278, 4029, 4029, 4029]","[4029, 4029, 4029, 4029, 4029, 4029, 4029, 4029, 4029, 4029, 4029, 4029, 4029, 4029, 4029, 4029]","[0, 4029, 0, 0, 4029, 4029, 4029, 4029, 4029, 4029, 4029, 4029, 4029, 0, 4029, 0]","[(0, 0, 0), (160.78126666666668, 0.05293333333333333, 0.031466666666666664), (0, 0, 0), (0, 0, 0), (766.1587999999999, 1.5723999999999998, 1.7082), (455.7806, 0.011333333333333336, 0.005066666666666666), (267.736, 0.2918, 0.0504), (377.487, 0.011333333333333336, 0.0054), (536.8704, 0.009266666666666668, 0.0106), (1392.5086000000001, 0.1512, 0.6417333333333333), (734.0024, 0.1286, 0.28833333333333333), (110.71433333333331, 0.20726666666666668, 0.17506666666666665), (65.71033333333331, 0.2166, 0.004533333333333333), (0, 0, 0), (394.2642, 30.276, 3.311533333333333), (0, 0, 0)]","[(4295, 1860.0, 1000.0), (4134.218733333333, 1859.9470666666666, 999.9685333333333), (4295, 1860.0, 1000.0), (4295, 1860.0, 1000.0), (3528.8412, 1858.4276, 998.2918), (3839.2194, 1859.9886666666666, 999.9949333333333), (4027.264, 1859.7082, 999.9496), (3917.513, 1859.9886666666666, 999.9946), (7655.1296, 1799.9907333333333, 1524.9894), (6799.4914, 1799.8488, 1524.3582666666666), (7457.9976, 1799.8714, 1524.7116666666666), (8081.285666666667, 1799.7927333333334, 1524.8249333333333), (8126.289666666667, 1799.7834, 1524.9954666666667), (8192, 1800.0, 1525.0), (7797.7358, 1769.724, 1521.6884666666667), (8192, 1800.0, 1525.0)]","[(0, 0, 0), (3, 0.0, 0.0011222222222222222), (0, 0, 0), (0, 0, 0), (5, 0.30378333333333335, 0.015605555555555557), (3, 0.0, 0.016805555555555553), (2, 0.0, 0.0019722222222222224), (3, 0.0, 0.030616666666666664), (2, 0.0, 0.0023777777777777777), (3, 6.666666666666667e-05, 0.11822222222222224), (4, 0.08835, 0.005872222222222222), (1, 0.0002333333333333333, 0.05122222222222223), (1, 0.0002833333333333333, 0.09404444444444444), (0, 0, 0), (2, 0.0, 0.003466666666666667), (0, 0, 0)]","[(32212, 67.1, 10.11), (32209, 67.1, 10.108877777777778), (32212, 67.1, 10.11), (32212, 67.1, 10.11), (32207, 66.79621666666667, 10.094394444444443), (32209, 67.1, 10.093194444444444), (32210, 67.1, 10.108027777777778), (32209, 67.1, 10.079383333333332), (32210, 51.900000000000006, 6.187622222222222), (32209, 51.89993333333334, 6.071777777777777), (32208, 51.81165000000001, 6.1841277777777774), (32211, 51.89976666666667, 6.1387777777777774), (32211, 51.89971666666667, 6.095955555555555), (32212, 51.900000000000006, 6.1899999999999995), (32210, 51.900000000000006, 6.186533333333333), (32212, 51.900000000000006, 6.1899999999999995)]"
26,"[0.0, 100.0, 100.0, 0.0, 100.0, 100.0, 100.0, 100.0, 100.0, 100.0, 100.0, 100.0, 100.0, 0.0, 0.0, 0.0]","[0, 1, 2, 0, 3, 1, 1, 1, 1, 1, 1, 1, 1, 0, 0, 0]","[2.45, 4.75, 4.75, 2.45, 4.75, 4.75, 4.75, 4.75, 5.05, 5.05, 5.05, 5.05, 5.05, 2.65, 2.65, 2.65]","[0, 574.2891411796356, 2354.6846903963933, 0, 4449.853085986648, 2478.4930534701275, 1235.3895160495777, 2505.879717044383, 2450.6496444343047, 5157.122179558036, 1566.5169784569066, 1845.861124904825, 1569.2557901120101, 0, 0, 0]","[4029, 3454.7108588203646, 1674.3153096036067, 4029, -420.8530859866478, 1550.5069465298725, 2793.6104839504223, 1523.1202829556169, 1578.3503555656953, -1128.122179558036, 2462.4830215430934, 2183.138875095175, 2459.74420988799, 4029, 4029, 4029]","[4029, 4029, 4029, 4029, 4029, 4029, 4029, 4029, 4029, 4029, 4029, 4029, 4029, 4029, 4029, 4029]","[0, 4029, 4029, 0, 4029, 4029, 4029, 4029, 4029, 4029, 4029, 4029, 4029, 0, 0, 0]","[(0, 0, 0), (143.3049333333333, 0.05273333333333334, 0.030533333333333336), (304.7853999999999, 0.3506666666666667, 0.0332), (0, 0, 0), (713.031, 1.5044666666666664, 1.8243999999999998), (332.7478, 0.012333333333333335, 0.0056), (279.6198, 0.2951333333333333, 0.05206666666666667), (321.563, 0.0134, 0.007933333333333334), (738.197, 0.009333333333333334, 0.0108), (1632.9818, 0.3732, 0.7381333333333333), (268.4352, 0.11646666666666668, 0.09953333333333332), (109.4118, 0.21166666666666664, 0.17653333333333332), (40.54486666666667, 0.21746666666666667, 0.0017333333333333335), (0, 0, 0), (0, 0, 0), (0, 0, 0)]","[(4295, 1860.0, 1000.0), (4151.695066666667, 1859.9472666666666, 999.9694666666667), (3990.2146000000002, 1859.6493333333333, 999.9668), (4295, 1860.0, 1000.0), (3581.969, 1858.4955333333332, 998.1756), (3962.2522, 1859.9876666666667, 999.9944), (4015.3802, 1859.7048666666667, 999.9479333333334), (3973.437, 1859.9866, 999.9920666666667), (7453.803, 1799.9906666666666, 1524.9892), (6559.0182, 1799.6268, 1524.2618666666667), (7923.5648, 1799.8835333333334, 1524.9004666666667), (8082.5882, 1799.7883333333334, 1524.8234666666667), (8151.455133333333, 1799.7825333333333, 1524.9982666666667), (8192, 1800.0, 1525.0), (8192, 1800.0, 1525.0), (8192, 1800.0, 1525.0)]","[(0, 0, 0), (3, 0.0, 0.0011333333333333332), (4, 0.003, 0.06729444444444443), (0, 0, 0), (5, 0.54545, 0.09901666666666666), (3, 0.0, 0.021144444444444445), (1, 0.0, 0.0009000000000000001), (3, 0.0, 0.017744444444444448), (2, 0.0, 0.0023666666666666667), (3, 0.09808333333333331, 0.2580777777777778), (2, 0.0, 0.0009611111111111112), (1, 0.00011666666666666667, 0.05212222222222222), (1, 0.0, 0.05373333333333333), (0, 0, 0), (0, 0, 0), (0, 0, 0)]","[(32212, 67.1, 10.11), (32209, 67.1, 10.108866666666666), (32208, 67.097, 10.042705555555555), (32212, 67.1, 10.11), (32207, 66.55454999999999, 10.010983333333332), (32209, 67.1, 10.088855555555554), (32211, 67.1, 10.1091), (32209, 67.1, 10.092255555555555), (32210, 51.900000000000006, 6.187633333333332), (32209, 51.80191666666667, 5.931922222222222), (32210, 51.900000000000006, 6.189038888888889), (32211, 51.89988333333334, 6.137877777777777), (32211, 51.900000000000006, 6.136266666666666), (32212, 51.900000000000006, 6.1899999999999995), (32212, 51.900000000000006, 6.1899999999999995), (32212, 51.900000000000006, 6.1899999999999995)]"
27,"[0.0, 100.0, 100.0, 0.0, 99.97517994539588, 100.0, 100.0, 100.0, 100.0, 100.0, 100.0, 100.0, 100.0, 0.0, 0.0, 0.0]","[0, 1, 2, 0, 3, 1, 1, 1, 1, 1, 2, 1, 1, 0, 0, 0]","[2.45, 4.75, 4.75, 2.45, 4.748485976669149, 4.75, 4.75, 4.75, 5.05, 5.05, 5.05, 5.05, 5.05, 2.65, 2.65, 2.65]","[0, 0, 1966.7320698782469, 0, 2905.601484492359, 2629.1197031285333, 1128.5450173642087, 2519.573048831511, 2453.616532623692, 0, 2204.9890847194883, 1812.9971286157179, 1517.22113040498, 0, 0, 0]","[4029, 4029, 2062.267930121753, 4029, 1123.3985155076412, 1399.8802968714667, 2900.4549826357916, 1509.4269511684888, 1575.383467376308, 4029, 1824.0109152805117, 2216.002871384282, 2511.7788695950203, 4029, 4029, 4029]","[4029, 4029, 4029, 4029, 4029, 4029, 4029, 4029, 4029, 4029, 4029, 4029, 4029, 4029, 4029, 4029]","[0, 4029, 4029, 0, 4028, 4029, 4029, 4029, 4029, 4029, 4029, 4029, 4029, 0, 0, 0]","[(0, 0, 0), (167.77166666666662, 0.052866666666666666, 0.030466666666666666), (338.3396666666666, 0.2698, 0.040266666666666666), (0, 0, 0), (699.05, 0.7755999999999998, 1.4236666666666669), (377.487, 0.011333333333333336, 0.0054), (271.93059999999997, 0.26839999999999997, 0.0528), (343.9326, 0.013333333333333336, 0.0074666666666666675), (352.32120000000003, 0.0094, 0.010866666666666667), (1756.0146000000002, 0.15113333333333331, 0.6404), (65.71046666666666, 0.11720000000000001, 0.0996), (108.76053333333334, 0.20446666666666666, 0.17406666666666665), (26.56353333333333, 0.21073333333333333, 0.0014), (0, 0, 0), (0, 0, 0), (0, 0, 0)]","[(4295, 1860.0, 1000.0), (4127.2283333333335, 1859.9471333333333, 999.9695333333333), (3956.6603333333333, 1859.7302, 999.9597333333334), (4295, 1860.0, 1000.0), (3595.95, 1859.2244, 998.5763333333333), (3917.513, 1859.9886666666666, 999.9946), (4023.0694, 1859.7316, 999.9472), (3951.0674, 1859.9866666666667, 999.9925333333333), (7839.6788, 1799.9906, 1524.9891333333333), (6435.9854, 1799.8488666666667, 1524.3596), (8126.289533333334, 1799.8828, 1524.9004), (8083.239466666667, 1799.7955333333334, 1524.8259333333333), (8165.436466666667, 1799.7892666666667, 1524.9986), (8192, 1800.0, 1525.0), (8192, 1800.0, 1525.0), (8192, 1800.0, 1525.0)]","[(0, 0, 0), (3, 1.666666666666667e-05, 0.0011833333333333333), (4, 0.0002833333333333333, 0.09520555555555556), (0, 0, 0), (5, 0.2392, 0.014833333333333332), (3, 0.0, 0.030616666666666664), (1, 0.0, 0.00115), (3, 0.0, 0.017083333333333332), (2, 0.0, 0.002344444444444444), (3, 0.07565000000000001, 0.43214444444444444), (3, 0.0, 0.001611111111111111), (1, 0.0, 0.05014999999999999), (1, 1.666666666666667e-05, 0.05187222222222222), (0, 0, 0), (0, 0, 0), (0, 0, 0)]","[(32212, 67.1, 10.11), (32209, 67.09998333333333, 10.108816666666666), (32208, 67.09971666666667, 10.014794444444444), (32212, 67.1, 10.11), (32207, 66.8608, 10.095166666666666), (32209, 67.1, 10.079383333333332), (32211, 67.1, 10.108849999999999), (32209, 67.1, 10.092916666666666), (32210, 51.900000000000006, 6.187655555555555), (32209, 51.82435, 5.757855555555555), (32209, 51.900000000000006, 6.1883888888888885), (32211, 51.900000000000006, 6.139849999999999), (32211, 51.89998333333334, 6.138127777777777), (32212, 51.900000000000006, 6.1899999999999995), (32212, 51.900000000000006, 6.1899999999999995), (32212, 51.900000000000006, 6.1899999999999995)]"
28,"[0.0, 0.0, 100.0, 0.0, 100.0, 100.0, 100.0, 100.0, 100.0, 0.0, 100.0, 100.0, 100.0, 0.0, 0.0, 0.0]","[0, 0, 2, 0, 2, 1, 2, 1, 1, 0, 2, 1, 2, 0, 0, 0]","[2.45, 2.45, 4.75, 2.45, 4.75, 4.75, 4.75, 4.75, 5.05, 2.65, 5.05, 5.05, 5.05, 2.65, 2.65, 2.65]","[0, 0, 2126.850479513168, 0, 2525.8306622256932, 2505.879717044383, 2282.724002293352, 2440.1517244661704, 2495.1529672751212, 0, 2214.2617517369554, 1886.9411202662081, 2070.660056110678, 0, 0, 0]","[4029, 4029, 1902.149520486832, 4029, 1503.1693377743068, 1523.1202829556169, 1746.275997706648, 1588.8482755338296, 1533.8470327248788, 4029, 1814.7382482630446, 2142.058879733792, 1958.339943889322, 4029, 4029, 4029]","[4029, 4029, 4029, 4029, 4029, 4029, 4029, 4029, 4029, 4029, 4029, 4029, 4029, 4029, 4029, 4029]","[0, 0, 4029, 0, 4029, 4029, 4029, 4029, 4029, 0, 4029, 4029, 4029, 0, 0, 0]","[(0, 0, 0), (0, 0, 0), (201.32613333333336, 0.2704, 0.0332), (0, 0, 0), (576.0172, 0.7343333333333333, 1.3421333333333334), (321.563, 0.0134, 0.007933333333333334), (664.4467333333332, 1.647933333333333, 0.0554), (478.1502, 0.012199999999999999, 0.007066666666666666), (218.1036, 0.009333333333333334, 0.010666666666666666), (0, 0, 0), (35.6514, 0.1166, 0.0996), (115.2732, 0.21046666666666666, 0.17566666666666664), (40.54466666666666, 0.2222, 0.0014), (0, 0, 0), (0, 0, 0), (0, 0, 0)]","[(4295, 1860.0, 1000.0), (4295, 1860.0, 1000.0), (4093.6738666666665, 1859.7296, 999.9668), (4295, 1860.0, 1000.0), (3718.9827999999998, 1859.2656666666667, 998.6578666666667), (3973.437, 1859.9866, 999.9920666666667), (3630.553266666667, 1858.3520666666666, 999.9446), (3816.8498, 1859.9878, 999.9929333333333), (7973.8964, 1799.9906666666666, 1524.9893333333334), (8192, 1800.0, 1525.0), (8156.3486, 1799.8834, 1524.9004), (8076.7268, 1799.7895333333333, 1524.8243333333332), (8151.455333333333, 1799.7778, 1524.9986), (8192, 1800.0, 1525.0), (8192, 1800.0, 1525.0), (8192, 1800.0, 1525.0)]","[(0, 0, 0), (0, 0, 0), (4, 0.0, 0.054855555555555546), (0, 0, 0), (2, 0.30243333333333333, 0.013833333333333333), (3, 0.0, 0.017744444444444448), (2, 0.0, 0.010855555555555556), (3, 0.0009, 0.02215), (2, 0.0, 0.002655555555555556), (0, 0, 0), (3, 0.0, 0.0015722222222222223), (1, 0.0, 0.05059444444444444), (3, 0.00013333333333333334, 0.05382777777777777), (0, 0, 0), (0, 0, 0), (0, 0, 0)]","[(32212, 67.1, 10.11), (32212, 67.1, 10.11), (32208, 67.1, 10.055144444444444), (32212, 67.1, 10.11), (32210, 66.79756666666665, 10.096166666666667), (32209, 67.1, 10.092255555555555), (32210, 67.1, 10.099144444444445), (32209, 67.09909999999999, 10.08785), (32210, 51.900000000000006, 6.187344444444444), (32212, 51.900000000000006, 6.1899999999999995), (32209, 51.900000000000006, 6.188427777777777), (32211, 51.900000000000006, 6.139405555555555), (32209, 51.899866666666675, 6.136172222222222), (32212, 51.900000000000006, 6.1899999999999995), (32212, 51.900000000000006, 6.1899999999999995), (32212, 51.900000000000006, 6.1899999999999995)]"
29,"[100.0, 0.0, 100.0, 0.0, 99.97517994539588, 100.0, 100.0, 100.0, 100.0, 0.0, 100.0, 100.0, 100.0, 0.0, 0.0, 0.0]","[1, 0, 2, 0, 2, 1, 2, 1, 1, 0, 2, 1, 2, 0, 0, 0]","[4.75, 2.45, 4.75, 2.45, 4.748485976669149, 4.75, 4.75, 4.75, 5.05, 2.65, 5.05, 5.05, 5.05, 2.65, 2.65, 2.65]","[3121.8625785998443, 0, 2091.5102715846156, 0, 5485.776312815947, 2519.573048831511, 2134.3476201880735, 2429.1970590364676, 2423.947650729814, 0, 2224.2692927683365, 1906.1117847681867, 2160.8078211753364, 0, 0, 0]","[907.1374214001557, 4029, 1937.4897284153844, 4029, -1456.7763128159468, 1509.4269511684888, 1894.6523798119265, 1599.8029409635324, 1605.052349270186, 4029, 1804.7307072316635, 2122.8882152318133, 1868.1921788246636, 4029, 4029, 4029]","[4029, 4029, 4029, 4029, 4029, 4029, 4029, 4029, 4029, 4029, 4029, 4029, 4029, 4029, 4029, 4029]","[4029, 0, 4029, 0, 4028, 4029, 4029, 4029, 4029, 0, 4029, 4029, 4029, 0, 0, 0]","[(0.0, 0.0, 0.0), (0, 0, 0), (169.86846666666665, 0.2634666666666667, 0.031933333333333334), (0, 0, 0), (1272.2713999999999, 0.8458666666666665, 2.1891999999999996), (343.9326, 0.013333333333333336, 0.0074666666666666675), (653.262, 0.9441999999999999, 0.06073333333333333), (461.373, 0.013266666666666668, 0.0067333333333333325), (134.2176, 0.009266666666666668, 0.010666666666666666), (0, 0, 0), (216.006, 0.11666666666666665, 0.09933333333333332), (97.689, 0.24573333333333333, 0.20893333333333336), (181.75266666666667, 0.25639999999999996, 0.0012666666666666666), (0, 0, 0), (0, 0, 0), (0, 0, 0)]","[(4295.0, 1860.0, 1000.0), (4295, 1860.0, 1000.0), (4125.131533333333, 1859.7365333333332, 999.9680666666667), (4295, 1860.0, 1000.0), (3022.7286000000004, 1859.1541333333332, 997.8108), (3951.0674, 1859.9866666666667, 999.9925333333333), (3641.7380000000003, 1859.0558, 999.9392666666666), (3833.627, 1859.9867333333334, 999.9932666666666), (8057.7824, 1799.9907333333333, 1524.9893333333334), (8192, 1800.0, 1525.0), (7975.994, 1799.8833333333334, 1524.9006666666667), (8094.311, 1799.7542666666666, 1524.7910666666667), (8010.247333333334, 1799.7436, 1524.9987333333333), (8192, 1800.0, 1525.0), (8192, 1800.0, 1525.0), (8192, 1800.0, 1525.0)]","[(2, 0.0, 0.0), (0, 0, 0), (4, 1.666666666666667e-05, 0.053005555555555556), (0, 0, 0), (2, 2.038733333333333, 0.25909999999999994), (3, 0.0, 0.017083333333333332), (2, 0.0, 0.0012777777777777779), (3, 0.0, 0.017055555555555553), (2, 0.0, 0.0023833333333333337), (0, 0, 0), (3, 0.0, 0.00205), (1, 0.0, 0.05149444444444444), (3, 0.0, 0.0566), (0, 0, 0), (0, 0, 0), (0, 0, 0)]","[(32210, 67.1, 10.11), (32212, 67.1, 10.11), (32208, 67.09998333333333, 10.056994444444443), (32212, 67.1, 10.11), (32210, 65.06126666666665, 9.8509), (32209, 67.1, 10.092916666666666), (32210, 67.1, 10.108722222222221), (32209, 67.1, 10.092944444444443), (32210, 51.900000000000006, 6.187616666666666), (32212, 51.900000000000006, 6.1899999999999995), (32209, 51.900000000000006, 6.18795), (32211, 51.900000000000006, 6.138505555555555), (32209, 51.900000000000006, 6.133399999999999), (32212, 51.900000000000006, 6.1899999999999995), (32212, 51.900000000000006, 6.1899999999999995), (32212, 51.900000000000006, 6.1899999999999995)]"
30,"[100.0, 0.0, 99.97517994539588, 0.0, 100.0, 100.0, 100.0, 100.0, 100.0, 0.0, 100.0, 100.0, 100.0, 0.0, 0.0, 0.0]","[1, 0, 2, 0, 1, 2, 2, 1, 1, 0, 2, 1, 2, 0, 0, 0]","[4.75, 2.45, 4.748485976669149, 2.45, 4.75, 4.75, 4.75, 4.75, 5.05, 2.65, 5.05, 5.05, 5.05, 2.65, 2.65, 2.65]","[3065.1014408071205, 0, 2146.8838216473414, 0, 0, 3324.2843882412235, 2463.250037854176, 2420.981059964191, 2423.947650729814, 0, 2207.9559729362636, 1908.8504511256126, 2152.5918222742266, 0, 0, 0]","[963.8985591928795, 4029, 1882.1161783526586, 4029, 4029, 704.7156117587765, 1565.7499621458242, 1608.018940035809, 1605.052349270186, 4029, 1821.0440270637364, 2120.1495488743876, 1876.4081777257734, 4029, 4029, 4029]","[4029, 4029, 4029, 4029, 4029, 4029, 4029, 4029, 4029, 4029, 4029, 4029, 4029, 4029, 4029, 4029]","[4029, 0, 4028, 0, 4029, 4029, 4029, 4029, 4029, 0, 4029, 4029, 4029, 0, 0, 0]","[(0.0, 0.0, 0.0), (0, 0, 0), (208.31633333333326, 0.27026666666666666, 0.0318), (0, 0, 0), (1996.488, 0.6658, 1.1106666666666667), (606.7752666666667, 0.012666666666666666, 0.008466666666666666), (613.0663999999999, 0.9259333333333333, 0.061599999999999995), (416.6338, 0.0116, 0.0067333333333333325), (33.5544, 0.009333333333333334, 0.010466666666666668), (0, 0, 0), (109.05153333333334, 0.11686666666666666, 0.0996), (125.0422, 0.247, 0.19506666666666664), (103.45926666666668, 0.25853333333333334, 0.0013333333333333333), (0, 0, 0), (0, 0, 0), (0, 0, 0)]","[(4295.0, 1860.0, 1000.0), (4295, 1860.0, 1000.0), (4086.683666666667, 1859.7297333333333, 999.9682), (4295, 1860.0, 1000.0), (2298.5119999999997, 1859.3342, 998.8893333333333), (3688.2247333333335, 1859.9873333333333, 999.9915333333333), (3681.9336000000003, 1859.0740666666666, 999.9384), (3878.3662, 1859.9884, 999.9932666666666), (8158.4456, 1799.9906666666666, 1524.9895333333334), (8192, 1800.0, 1525.0), (8082.948466666667, 1799.8831333333333, 1524.9004), (8066.9578, 1799.753, 1524.8049333333333), (8088.540733333333, 1799.7414666666666, 1524.9986666666666), (8192, 1800.0, 1525.0), (8192, 1800.0, 1525.0), (8192, 1800.0, 1525.0)]","[(2, 0.0, 0.0), (0, 0, 0), (4, 0.00015000000000000001, 0.05368888888888888), (0, 0, 0), (1, 0.7808833333333334, 1.2051888888888886), (5, 0.07139999999999999, 0.04775), (2, 0.0, 0.0012500000000000002), (3, 0.0, 0.024077777777777778), (2, 0.0, 0.0022833333333333334), (0, 0, 0), (3, 0.0, 0.0015722222222222223), (1, 3.3333333333333335e-05, 0.05121666666666667), (3, 0.0, 0.057172222222222235), (0, 0, 0), (0, 0, 0), (0, 0, 0)]","[(32210, 67.1, 10.11), (32212, 67.1, 10.11), (32208, 67.09984999999999, 10.05631111111111), (32212, 67.1, 10.11), (32211, 66.31911666666666, 8.90481111111111), (32207, 67.0286, 10.062249999999999), (32210, 67.1, 10.108749999999999), (32209, 67.1, 10.085922222222221), (32210, 51.900000000000006, 6.187716666666666), (32212, 51.900000000000006, 6.1899999999999995), (32209, 51.900000000000006, 6.188427777777777), (32211, 51.89996666666667, 6.138783333333333), (32209, 51.900000000000006, 6.132827777777777), (32212, 51.900000000000006, 6.1899999999999995), (32212, 51.900000000000006, 6.1899999999999995), (32212, 51.900000000000006, 6.1899999999999995)]"
31,"[100.0, 0.0, 100.0, 0.0, 0.0, 100.0, 100.0, 100.0, 100.0, 0.0, 99.97517994539588, 100.0, 100.0, 0.0, 0.0, 100.0]","[1, 0, 2, 0, 0, 2, 2, 1, 1, 0, 2, 1, 2, 0, 0, 1]","[4.75, 2.45, 4.75, 2.45, 2.45, 4.75, 4.75, 4.75, 5.05, 2.65, 5.048237776123107, 5.05, 5.05, 2.65, 2.65, 5.05]","[2911.512479720924, 0, 2226.642914437139, 0, 0, 3274.7601770763677, 2546.0102528034345, 2366.2077328156797, 2394.2787688359367, 0, 2213.5177470026692, 1714.4051397483977, 2177.2398189775568, 0, 0, 777.9614183128089]","[1117.4875202790759, 4029, 1802.357085562861, 4029, 4029, 754.2398229236323, 1482.9897471965655, 1662.7922671843203, 1634.7212311640633, 4029, 1815.4822529973308, 2314.5948602516023, 1851.7601810224432, 4029, 4029, 3251.0385816871913]","[4029, 4029, 4029, 4029, 4029, 4029, 4029, 4029, 4029, 4029, 4029, 4029, 4029, 4029, 4029, 4029]","[4029, 0, 4029, 0, 0, 4029, 4029, 4029, 4029, 0, 4028, 4029, 4029, 0, 0, 4029]","[(0.0, 0.0, 0.0), (0, 0, 0), (186.64566666666667, 0.30426666666666663, 0.03153333333333333), (0, 0, 0), (0, 0, 0), (581.6092666666666, 0.013266666666666668, 0.0078), (578.8128, 0.9094, 0.06033333333333332), (402.6528, 0.011733333333333332, 0.0074666666666666675), (100.6632, 0.009266666666666668, 0.010733333333333333), (0, 0, 0), (140.5088, 0.11653333333333335, 0.09939999999999999), (93.78139999999999, 0.23493333333333336, 0.19066666666666662), (171.966, 0.24553333333333335, 0.0012666666666666666), (0, 0, 0), (0, 0, 0), (123.73126666666663, 0.009733333333333332, 0.0028)]","[(4295.0, 1860.0, 1000.0), (4295, 1860.0, 1000.0), (4108.354333333334, 1859.6957333333332, 999.9684666666667), (4295, 1860.0, 1000.0), (4295, 1860.0, 1000.0), (3713.3907333333336, 1859.9867333333334, 999.9922), (3716.1872, 1859.0906, 999.9396666666667), (3892.3472, 1859.9882666666667, 999.9925333333333), (8091.3368, 1799.9907333333333, 1524.9892666666667), (8192, 1800.0, 1525.0), (8051.4912, 1799.8834666666667, 1524.9006), (8098.2186, 1799.7650666666666, 1524.8093333333334), (8020.034, 1799.7544666666668, 1524.9987333333333), (8192, 1800.0, 1525.0), (8192, 1800.0, 1525.0), (8068.268733333333, 1799.9902666666667, 1524.9972)]","[(2, 0.0, 0.0), (0, 0, 0), (4, 0.0, 0.056438888888888886), (0, 0, 0), (0, 0, 0), (5, 1.666666666666667e-05, 0.017666666666666664), (2, 0.0, 0.0016333333333333334), (3, 1.666666666666667e-05, 0.02868888888888889), (2, 0.0, 0.002338888888888889), (0, 0, 0), (3, 0.0, 0.0016000000000000003), (1, 0.0, 0.049894444444444436), (3, 0.0, 0.05506666666666667), (0, 0, 0), (0, 0, 0), (2, 0.0, 2.2222222222222223e-05)]","[(32210, 67.1, 10.11), (32212, 67.1, 10.11), (32208, 67.1, 10.05356111111111), (32212, 67.1, 10.11), (32212, 67.1, 10.11), (32207, 67.09998333333333, 10.092333333333332), (32210, 67.1, 10.108366666666667), (32209, 67.09998333333333, 10.081311111111111), (32210, 51.900000000000006, 6.187661111111111), (32212, 51.900000000000006, 6.1899999999999995), (32209, 51.900000000000006, 6.1884), (32211, 51.900000000000006, 6.1401055555555555), (32209, 51.900000000000006, 6.134933333333333), (32212, 51.900000000000006, 6.1899999999999995), (32212, 51.900000000000006, 6.1899999999999995), (32210, 51.900000000000006, 6.189977777777777)]"
32,"[100.0, 0.0, 100.0, 0.0, 0.0, 100.0, 100.0, 100.0, 100.0, 0.0, 100.0, 100.0, 100.0, 0.0, 0.0, 100.0]","[1, 0, 2, 0, 0, 2, 2, 1, 1, 0, 2, 1, 2, 0, 0, 1]","[4.75, 2.45, 4.75, 2.45, 2.45, 4.75, 4.75, 4.75, 5.05, 2.65, 5.05, 5.05, 5.05, 2.65, 2.65, 5.05]","[3145.2348118086134, 0, 2208.4102444689424, 0, 0, 3230.941520402411, 2627.9442994969377, 2826.303680863173, 0, 0, 2187.5506270656133, 0, 2111.2836049211255, 0, 0, 888.1447951553957]","[883.7651881913866, 4029, 1820.5897555310576, 4029, 4029, 798.0584795975892, 1401.0557005030623, 1202.6963191368268, 4029, 4029, 1841.4493729343867, 4029, 1917.7163950788745, 4029, 4029, 3140.8552048446045]","[4029, 4029, 4029, 4029, 4029, 4029, 4029, 4029, 4029, 4029, 4029, 4029, 4029, 4029, 4029, 4029]","[4029, 0, 4029, 0, 0, 4029, 4029, 4029, 4029, 0, 4029, 4029, 4029, 0, 0, 4029]","[(0.0, 0.0, 0.0), (0, 0, 0), (141.20746666666668, 0.30673333333333336, 0.031733333333333336), (0, 0, 0), (0, 0, 0), (489.3346, 0.011666666666666665, 0.008266666666666665), (665.4952000000001, 0.9387999999999999, 0.06386666666666665), (363.506, 0.0166, 0.009666666666666665), (117.4404, 0.0092, 0.0106), (0, 0, 0), (78.29333333333332, 0.11699999999999999, 0.0996), (104.85293333333334, 0.21746666666666667, 0.18180000000000002), (46.137, 0.22813333333333335, 0.0014), (0, 0, 0), (0, 0, 0), (120.93533333333332, 0.045200000000000004, 0.020266666666666665)]","[(4295.0, 1860.0, 1000.0), (4295, 1860.0, 1000.0), (4153.792533333333, 1859.6932666666667, 999.9682666666666), (4295, 1860.0, 1000.0), (4295, 1860.0, 1000.0), (3805.6654, 1859.9883333333332, 999.9917333333333), (3629.5047999999997, 1859.0612, 999.9361333333334), (3931.494, 1859.9834, 999.9903333333333), (8074.5596, 1799.9908, 1524.9894), (8192, 1800.0, 1525.0), (8113.706666666667, 1799.883, 1524.9004), (8087.147066666666, 1799.7825333333333, 1524.8182), (8145.863, 1799.7718666666667, 1524.9986), (8192, 1800.0, 1525.0), (8192, 1800.0, 1525.0), (8071.064666666667, 1799.9548, 1524.9797333333333)]","[(2, 0.0, 0.0), (0, 0, 0), (4, 0.0, 0.05706111111111112), (0, 0, 0), (0, 0, 0), (5, 0.0, 0.024644444444444445), (2, 0.0, 0.0011333333333333332), (3, 0.0, 0.017905555555555557), (2, 0.0, 0.0023166666666666665), (0, 0, 0), (3, 0.0, 0.0015944444444444443), (1, 3.3333333333333335e-05, 0.05011111111111111), (3, 5e-05, 0.0553), (0, 0, 0), (0, 0, 0), (2, 0.0, 0.0)]","[(32210, 67.1, 10.11), (32212, 67.1, 10.11), (32208, 67.1, 10.052938888888889), (32212, 67.1, 10.11), (32212, 67.1, 10.11), (32207, 67.1, 10.085355555555555), (32210, 67.1, 10.108866666666666), (32209, 67.1, 10.092094444444443), (32210, 51.900000000000006, 6.187683333333333), (32212, 51.900000000000006, 6.1899999999999995), (32209, 51.900000000000006, 6.188405555555555), (32211, 51.89996666666667, 6.139888888888889), (32209, 51.899950000000004, 6.1347), (32212, 51.900000000000006, 6.1899999999999995), (32212, 51.900000000000006, 6.1899999999999995), (32210, 51.900000000000006, 6.1899999999999995)]"
33,"[100.0, 100.0, 100.0, 0.0, 0.0, 100.0, 100.0, 100.0, 0.0, 0.0, 100.0, 100.0, 100.0, 0.0, 0.0, 100.0]","[1, 1, 2, 0, 0, 2, 3, 1, 0, 0, 2, 1, 2, 0, 0, 1]","[4.75, 4.75, 4.75, 2.45, 2.45, 4.75, 4.75, 4.75, 2.65, 2.65, 5.05, 5.05, 5.05, 2.65, 2.65, 5.05]","[2988.3069602640226, 3815.4812123039737, 2233.0582411722726, 0, 0, 3683.50606407784, 2937.86786450508, 0, 0, 0, 2201.278191768428, 922.7020845904912, 2028.8953930624748, 0, 0, 851.4170028745334]","[1040.6930397359774, 213.51878769602627, 1795.9417588277274, 4029, 4029, 345.49393592215984, 1091.13213549492, 4029, 4029, 4029, 1827.7218082315721, 3106.2979154095087, 2000.1046069375252, 4029, 4029, 3177.5829971254666]","[4029, 4029, 4029, 4029, 4029, 4029, 4029, 4029, 4029, 4029, 4029, 4029, 4029, 4029, 4029, 4029]","[4029, 4029, 4029, 0, 0, 4029, 4029, 4029, 0, 0, 4029, 4029, 4029, 0, 0, 4029]","[(0.0, 0.0, 0.0), (1426.063, 0.14286666666666667, 0.5943999999999999), (322.9604666666666, 0.2936, 0.0316), (0, 0, 0), (0, 0, 0), (478.1498666666667, 0.011733333333333332, 0.008533333333333334), (651.5141333333332, 1.0074666666666667, 0.0622), (422.2262, 0.03953333333333333, 0.018666666666666668), (0, 0, 0), (0, 0, 0), (115.34280000000001, 0.11713333333333333, 0.09946666666666669), (97.867, 0.5311333333333333, 0.4374666666666666), (58.719800000000006, 0.2237333333333333, 0.0012666666666666666), (0, 0, 0), (0, 0, 0), (120.23626666666664, 0.034466666666666666, 0.0114)]","[(4295.0, 1860.0, 1000.0), (2868.937, 1859.8571333333334, 999.4056), (3972.0395333333336, 1859.7064, 999.9684), (4295, 1860.0, 1000.0), (4295, 1860.0, 1000.0), (3816.8501333333334, 1859.9882666666667, 999.9914666666666), (3643.485866666667, 1858.9925333333333, 999.9378), (3872.7738, 1859.9604666666667, 999.9813333333333), (8192, 1800.0, 1525.0), (8192, 1800.0, 1525.0), (8076.6572, 1799.8828666666666, 1524.9005333333334), (8094.133, 1799.4688666666666, 1524.5625333333332), (8133.2802, 1799.7762666666667, 1524.9987333333333), (8192, 1800.0, 1525.0), (8192, 1800.0, 1525.0), (8071.763733333333, 1799.9655333333333, 1524.9886)]","[(2, 0.0, 0.0), (3, 0.005116666666666666, 0.1869), (4, 0.0, 0.05485), (0, 0, 0), (0, 0, 0), (5, 3.333333333333334e-05, 0.029388888888888888), (4, 0.0, 0.0023277777777777776), (3, 0.0, 0.019144444444444443), (0, 0, 0), (0, 0, 0), (3, 0.0, 0.001561111111111111), (1, 0.0, 0.0014666666666666662), (3, 1.666666666666667e-05, 0.05431111111111111), (0, 0, 0), (0, 0, 0), (2, 0.0, 2.2222222222222223e-05)]","[(32210, 67.1, 10.11), (32209, 67.09488333333333, 9.9231), (32208, 67.1, 10.05515), (32212, 67.1, 10.11), (32212, 67.1, 10.11), (32207, 67.09996666666666, 10.08061111111111), (32208, 67.1, 10.107672222222222), (32209, 67.1, 10.090855555555555), (32212, 51.900000000000006, 6.1899999999999995), (32212, 51.900000000000006, 6.1899999999999995), (32209, 51.900000000000006, 6.188438888888888), (32211, 51.900000000000006, 6.188533333333333), (32209, 51.89998333333334, 6.135688888888889), (32212, 51.900000000000006, 6.1899999999999995), (32212, 51.900000000000006, 6.1899999999999995), (32210, 51.900000000000006, 6.189977777777777)]"
34,"[100.0, 100.0, 99.97517994539588, 0.0, 0.0, 100.0, 100.0, 100.0, 0.0, 0.0, 100.0, 100.0, 99.97517994539588, 0.0, 0.0, 100.0]","[1, 1, 2, 0, 0, 2, 3, 1, 0, 0, 2, 1, 2, 0, 0, 1]","[4.75, 4.75, 4.748485976669149, 2.45, 2.45, 4.75, 4.75, 4.75, 2.65, 2.65, 5.05, 5.05, 5.048237776123107, 2.65, 2.65, 5.05]","[3008.340303014396, 2446.521763816231, 2196.780039109327, 0, 0, 4286.012642532053, 2919.8200550184324, 777.9614183128089, 0, 0, 2201.278191768428, 925.6689723222934, 2116.989160369417, 0, 0, 0]","[1020.6596969856041, 1582.4782361837688, 1832.219960890673, 4029, 4029, -257.0126425320532, 1109.1799449815676, 3251.0385816871913, 4029, 4029, 1827.7218082315721, 3103.3310276777065, 1912.0108396305832, 4029, 4029, 4029]","[4029, 4029, 4029, 4029, 4029, 4029, 4029, 4029, 4029, 4029, 4029, 4029, 4029, 4029, 4029, 4029]","[4029, 4029, 4028, 0, 0, 4029, 4029, 4029, 0, 0, 4029, 4029, 4028, 0, 0, 4029]","[(0.0, 0.0, 0.0), (1311.4188000000001, 0.1956, 0.7402000000000001), (276.8232666666667, 0.27680000000000005, 0.03713333333333333), (0, 0, 0), (0, 0, 0), (478.14986666666664, 0.0166, 0.010799999999999999), (864.7244666666668, 0.9849333333333333, 0.0656), (123.73126666666663, 0.009733333333333332, 0.0028), (0, 0, 0), (0, 0, 0), (113.94500000000002, 0.11673333333333333, 0.0996), (114.6442, 0.5428, 0.4749333333333333), (46.1372, 0.2237333333333333, 0.0014), (0, 0, 0), (0, 0, 0), (130.722, 0.026466666666666666, 0.011066666666666664)]","[(4295.0, 1860.0, 1000.0), (2983.5811999999996, 1859.8044, 999.2598), (4018.1767333333332, 1859.7232, 999.9628666666666), (4295, 1860.0, 1000.0), (4295, 1860.0, 1000.0), (3816.8501333333334, 1859.9834, 999.9892), (3430.2755333333334, 1859.0150666666666, 999.9344), (4171.268733333333, 1859.9902666666667, 999.9972), (8192, 1800.0, 1525.0), (8192, 1800.0, 1525.0), (8078.055, 1799.8832666666667, 1524.9004), (8077.3558, 1799.4572, 1524.5250666666666), (8145.8628, 1799.7762666666667, 1524.9986), (8192, 1800.0, 1525.0), (8192, 1800.0, 1525.0), (8061.278, 1799.9735333333333, 1524.9889333333333)]","[(2, 0.0, 0.0), (3, 0.0006, 0.11304444444444445), (4, 5e-05, 0.055155555555555555), (0, 0, 0), (0, 0, 0), (5, 0.0, 0.01856111111111111), (4, 0.0, 0.002694444444444444), (2, 0.0, 2.2222222222222223e-05), (0, 0, 0), (0, 0, 0), (3, 0.0, 0.0015555555555555557), (1, 0.0, 0.001527777777777778), (3, 0.0, 0.05441666666666666), (0, 0, 0), (0, 0, 0), (2, 0.0, 4.4444444444444447e-05)]","[(32210, 67.1, 10.11), (32209, 67.09939999999999, 9.996955555555555), (32208, 67.09994999999999, 10.054844444444443), (32212, 67.1, 10.11), (32212, 67.1, 10.11), (32207, 67.1, 10.091438888888888), (32208, 67.1, 10.107305555555556), (32210, 67.1, 10.109977777777777), (32212, 51.900000000000006, 6.1899999999999995), (32212, 51.900000000000006, 6.1899999999999995), (32209, 51.900000000000006, 6.1884444444444435), (32211, 51.900000000000006, 6.188472222222222), (32209, 51.900000000000006, 6.135583333333333), (32212, 51.900000000000006, 6.1899999999999995), (32212, 51.900000000000006, 6.1899999999999995), (32210, 51.900000000000006, 6.189955555555555)]"
35,"[100.0, 100.0, 100.0, 0.0, 100.0, 100.0, 100.0, 100.0, 0.0, 0.0, 100.0, 100.0, 100.0, 0.0, 0.0, 0.0]","[1, 1, 2, 0, 1, 2, 3, 1, 0, 0, 2, 1, 2, 0, 0, 0]","[4.75, 4.75, 4.75, 2.45, 4.75, 4.75, 4.75, 4.75, 2.65, 2.65, 5.05, 5.05, 5.05, 2.65, 2.65, 2.65]","[3068.4403312655163, 2303.8585840403466, 2164.1031813783347, 0, 1876.4565081617916, 3669.128132545648, 1582.9492543912665, 888.1447951553957, 0, 0, 2191.2615200166747, 928.6358600540952, 2109.0013843158576, 0, 0, 0]","[960.5596687344837, 1725.1414159596534, 1864.8968186216653, 4029, 2152.5434918382084, 359.871867454352, 2446.0507456087335, 3140.8552048446045, 4029, 4029, 1837.7384799833253, 3100.3641399459048, 1919.9986156841424, 4029, 4029, 4029]","[4029, 4029, 4029, 4029, 4029, 4029, 4029, 4029, 4029, 4029, 4029, 4029, 4029, 4029, 4029, 4029]","[4029, 4029, 4029, 0, 4029, 4029, 4029, 4029, 0, 0, 4029, 4029, 4029, 0, 0, 0]","[(0.0, 0.0, 0.0), (1255.4948, 0.13406666666666667, 0.4640666666666667), (348.8254666666668, 0.27186666666666665, 0.031866666666666675), (0, 0, 0), (258.64820000000003, 0.019533333333333337, 0.0016), (514.5003333333333, 0.039599999999999996, 0.02), (569.3754666666666, 0.9892666666666667, 0.06406666666666666), (120.93533333333332, 0.045200000000000004, 0.020266666666666665), (0, 0, 0), (0, 0, 0), (81.7884, 0.11673333333333333, 0.0996), (109.0518, 0.5416666666666666, 0.5044666666666666), (32.15606666666666, 0.22786666666666666, 0.002266666666666667), (0, 0, 0), (0, 0, 0), (0, 0, 0)]","[(4295.0, 1860.0, 1000.0), (3039.5052, 1859.8659333333333, 999.5359333333333), (3946.1745333333333, 1859.7281333333333, 999.9681333333333), (4295, 1860.0, 1000.0), (4036.3518, 1859.9804666666666, 999.9984), (3780.4996666666666, 1859.9604, 999.98), (3725.6245333333336, 1859.0107333333333, 999.9359333333333), (4174.064666666667, 1859.9548, 999.9797333333333), (8192, 1800.0, 1525.0), (8192, 1800.0, 1525.0), (8110.2116, 1799.8832666666667, 1524.9004), (8082.9482, 1799.4583333333333, 1524.4955333333332), (8159.843933333334, 1799.7721333333334, 1524.9977333333334), (8192, 1800.0, 1525.0), (8192, 1800.0, 1525.0), (8192, 1800.0, 1525.0)]","[(2, 0.0, 0.0), (3, 1.666666666666667e-05, 0.12178333333333334), (4, 0.03961666666666667, 0.06814444444444444), (0, 0, 0), (3, 0.05115, 0.03694444444444444), (5, 1.666666666666667e-05, 0.0226), (4, 0.0, 0.0023166666666666665), (2, 0.0, 0.0), (0, 0, 0), (0, 0, 0), (3, 0.0, 0.001638888888888889), (1, 0.0, 0.0017222222222222224), (3, 0.0, 0.05421666666666667), (0, 0, 0), (0, 0, 0), (0, 0, 0)]","[(32210, 67.1, 10.11), (32209, 67.09998333333333, 9.988216666666666), (32208, 67.06038333333333, 10.041855555555555), (32212, 67.1, 10.11), (32209, 67.04884999999999, 10.073055555555555), (32207, 67.09998333333333, 10.087399999999999), (32208, 67.1, 10.107683333333332), (32210, 67.1, 10.11), (32212, 51.900000000000006, 6.1899999999999995), (32212, 51.900000000000006, 6.1899999999999995), (32209, 51.900000000000006, 6.188361111111111), (32211, 51.900000000000006, 6.1882777777777775), (32209, 51.900000000000006, 6.1357833333333325), (32212, 51.900000000000006, 6.1899999999999995), (32212, 51.900000000000006, 6.1899999999999995), (32212, 51.900000000000006, 6.1899999999999995)]"
36,"[100.0, 100.0, 99.97517994539588, 0.0, 100.0, 99.97517994539588, 100.0, 100.0, 0.0, 0.0, 100.0, 100.0, 100.0, 0.0, 0.0, 0.0]","[1, 1, 2, 0, 1, 2, 2, 1, 0, 0, 2, 2, 2, 0, 0, 0]","[4.75, 4.75, 4.748485976669149, 2.45, 4.75, 4.748485976669149, 4.75, 4.75, 2.65, 2.65, 5.05, 5.05, 5.05, 2.65, 2.65, 2.65]","[3021.6958648479776, 2662.034226881929, 1618.55178351867, 0, 1328.8784523992754, 3523.0659284979024, 1728.0985713348211, 851.4170028745334, 0, 0, 2169.00529303068, 1433.0070137845655, 1917.0664102590001, 0, 0, 0]","[1007.3041351520224, 1366.965773118071, 2410.44821648133, 4029, 2700.1215476007246, 505.9340715020976, 2300.901428665179, 3177.5829971254666, 4029, 4029, 1859.9947069693199, 2595.9929862154345, 2111.933589741, 4029, 4029, 4029]","[4029, 4029, 4029, 4029, 4029, 4029, 4029, 4029, 4029, 4029, 4029, 4029, 4029, 4029, 4029, 4029]","[4029, 4029, 4028, 0, 4029, 4028, 4029, 4029, 0, 0, 4029, 4029, 4029, 0, 0, 0]","[(0.0, 0.0, 0.0), (1470.8021999999999, 0.18553333333333333, 0.47233333333333327), (423.62426666666664, 0.2730666666666666, 0.03833333333333333), (0, 0, 0), (328.5534, 0.0005333333333333334, 0.0006), (510.30626666666666, 0.0188, 0.013333333333333336), (206.5688, 0.6603333333333333, 0.006466666666666667), (120.23626666666664, 0.034466666666666666, 0.0114), (0, 0, 0), (0, 0, 0), (58.020799999999994, 0.11659999999999998, 0.09946666666666668), (109.0518, 0.5416666666666667, 0.4759333333333334), (92.27420000000001, 0.3468666666666667, 0.0027333333333333333), (0, 0, 0), (0, 0, 0), (0, 0, 0)]","[(4295.0, 1860.0, 1000.0), (2824.1978, 1859.8144666666667, 999.5276666666666), (3871.3757333333333, 1859.7269333333334, 999.9616666666667), (4295, 1860.0, 1000.0), (3966.4466, 1859.9994666666666, 999.9994), (3784.6937333333335, 1859.9812, 999.9866666666667), (4088.4312, 1859.3396666666667, 999.9935333333333), (4174.763733333333, 1859.9655333333333, 999.9886), (8192, 1800.0, 1525.0), (8192, 1800.0, 1525.0), (8133.9792, 1799.8834, 1524.9005333333334), (8082.9482, 1799.4583333333333, 1524.5240666666666), (8099.7258, 1799.6531333333332, 1524.9972666666667), (8192, 1800.0, 1525.0), (8192, 1800.0, 1525.0), (8192, 1800.0, 1525.0)]","[(2, 0.0, 0.0), (3, 1.666666666666667e-05, 0.1395388888888889), (4, 0.0, 0.054344444444444445), (0, 0, 0), (3, 0.06125, 0.025472222222222222), (5, 0.0, 0.022666666666666665), (3, 0.0, 0.0014444444444444446), (2, 0.0, 2.2222222222222223e-05), (0, 0, 0), (0, 0, 0), (3, 0.0, 0.001572222222222222), (3, 0.0, 0.0030388888888888887), (3, 0.00016666666666666666, 0.06614999999999999), (0, 0, 0), (0, 0, 0), (0, 0, 0)]","[(32210, 67.1, 10.11), (32209, 67.09998333333333, 9.97046111111111), (32208, 67.1, 10.055655555555555), (32212, 67.1, 10.11), (32209, 67.03875, 10.084527777777778), (32207, 67.1, 10.087333333333333), (32209, 67.1, 10.108555555555554), (32210, 67.1, 10.109977777777777), (32212, 51.900000000000006, 6.1899999999999995), (32212, 51.900000000000006, 6.1899999999999995), (32209, 51.900000000000006, 6.188427777777777), (32209, 51.900000000000006, 6.186961111111111), (32209, 51.89983333333334, 6.123849999999999), (32212, 51.900000000000006, 6.1899999999999995), (32212, 51.900000000000006, 6.1899999999999995), (32212, 51.900000000000006, 6.1899999999999995)]"
37,"[100.0, 100.0, 100.0, 0.0, 100.0, 100.0, 100.0, 100.0, 0.0, 0.0, 100.0, 100.0, 100.0, 100.0, 0.0, 0.0]","[1, 1, 1, 0, 1, 2, 2, 1, 0, 0, 2, 2, 2, 1, 0, 0]","[4.75, 4.75, 4.75, 2.45, 4.75, 4.75, 4.75, 4.75, 2.65, 2.65, 5.05, 5.05, 5.05, 5.05, 2.65, 2.65]","[2894.8180274289466, 2986.820614882346, 1607.5971183171898, 0, 2050.0788185255155, 827.7617892390601, 1645.7103578215592, 834.7225518377779, 0, 0, 1587.2851959743275, 1424.1063491730401, 1155.2559781834066, 2180.662757134983, 0, 0]","[1134.1819725710534, 1042.179385117654, 2421.4028816828104, 4029, 1978.9211814744845, 3201.23821076094, 2383.2896421784408, 3194.277448162222, 4029, 4029, 2441.7148040256725, 2604.89365082696, 2873.7440218165934, 1848.3372428650168, 4029, 4029]","[4029, 4029, 4029, 4029, 4029, 4029, 4029, 4029, 4029, 4029, 4029, 4029, 4029, 4029, 4029, 4029]","[4029, 4029, 4029, 0, 4029, 4029, 4029, 4029, 0, 0, 4029, 4029, 4029, 4029, 0, 0]","[(0.0, 0.0, 0.0), (1311.4188000000001, 0.14286666666666667, 0.5135333333333333), (32.15606666666666, 0.22213333333333332, 0.0012666666666666666), (0, 0, 0), (298.49406666666664, 0.0016666666666666668, 0.005466666666666667), (448.7896, 0.017733333333333334, 0.011733333333333332), (111.1484, 0.6315333333333334, 0.004533333333333333), (130.722, 0.026466666666666666, 0.011066666666666664), (0, 0, 0), (0, 0, 0), (200.62713333333332, 0.1174, 0.09973333333333333), (240.47320000000002, 0.5428666666666667, 0.4459333333333334), (96.4682, 0.5572666666666667, 0.0054), (473.9556, 4.806, 0.02386666666666667), (0, 0, 0), (0, 0, 0)]","[(4295.0, 1860.0, 1000.0), (2983.5811999999996, 1859.8571333333334, 999.4864666666666), (4262.843933333334, 1859.7778666666666, 999.9987333333333), (4295, 1860.0, 1000.0), (3996.5059333333334, 1859.9983333333332, 999.9945333333334), (3846.2104, 1859.9822666666666, 999.9882666666666), (4183.8516, 1859.3684666666666, 999.9954666666666), (4164.278, 1859.9735333333333, 999.9889333333333), (8192, 1800.0, 1525.0), (8192, 1800.0, 1525.0), (7991.372866666667, 1799.8826, 1524.9002666666668), (7951.5268, 1799.4571333333333, 1524.5540666666666), (8095.5318, 1799.4427333333333, 1524.9946), (7718.0444, 1795.194, 1524.9761333333333), (8192, 1800.0, 1525.0), (8192, 1800.0, 1525.0)]","[(2, 0.0, 0.0), (3, 5e-05, 0.13139444444444442), (1, 0.0, 0.05301111111111111), (0, 0, 0), (3, 0.0008666666666666667, 0.016138888888888887), (5, 1.666666666666667e-05, 0.018694444444444448), (3, 0.0, 0.0015055555555555556), (2, 0.0, 4.4444444444444447e-05), (0, 0, 0), (0, 0, 0), (3, 0.0, 0.0016555555555555557), (3, 0.0, 0.0029944444444444437), (2, 0.00015, 0.11383333333333333), (1, 0.0, 0.005094444444444444), (0, 0, 0), (0, 0, 0)]","[(32210, 67.1, 10.11), (32209, 67.09994999999999, 9.978605555555555), (32211, 67.1, 10.056988888888888), (32212, 67.1, 10.11), (32209, 67.09913333333333, 10.09386111111111), (32207, 67.09998333333333, 10.091305555555556), (32209, 67.1, 10.108494444444444), (32210, 67.1, 10.109955555555555), (32212, 51.900000000000006, 6.1899999999999995), (32212, 51.900000000000006, 6.1899999999999995), (32209, 51.900000000000006, 6.188344444444444), (32209, 51.900000000000006, 6.187005555555555), (32210, 51.89985000000001, 6.0761666666666665), (32211, 51.900000000000006, 6.184905555555555), (32212, 51.900000000000006, 6.1899999999999995), (32212, 51.900000000000006, 6.1899999999999995)]"
38,"[100.0, 100.0, 100.0, 0.0, 100.0, 100.0, 100.0, 100.0, 0.0, 0.0, 100.0, 100.0, 100.0, 100.0, 0.0, 0.0]","[1, 1, 2, 0, 1, 1, 2, 1, 0, 0, 3, 2, 1, 1, 0, 0]","[4.75, 4.75, 4.75, 2.45, 4.75, 4.75, 4.75, 4.75, 2.65, 2.65, 5.05, 5.05, 5.05, 5.05, 2.65, 2.65]","[3151.912592725404, 2953.431360041183, 3071.1858830828214, 0, 1896.4898516652977, 809.96046043822, 1226.4661823449535, 0, 0, 0, 3358.08861744941, 1433.0070123684468, 1151.9170880730503, 1462.6758357381586, 0, 0]","[877.087407274596, 1075.5686399588171, 957.8141169171786, 4029, 2132.5101483347025, 3219.0395395617797, 2802.5338176550467, 4029, 4029, 4029, 670.9113825505901, 2595.992987631553, 2877.0829119269497, 2566.3241642618414, 4029, 4029]","[4029, 4029, 4029, 4029, 4029, 4029, 4029, 4029, 4029, 4029, 4029, 4029, 4029, 4029, 4029, 4029]","[4029, 4029, 4029, 0, 4029, 4029, 4029, 4029, 0, 0, 4029, 4029, 4029, 4029, 0, 0]","[(0.0, 0.0, 0.0), (1311.4188000000001, 0.188, 0.5201333333333333), (234.87993333333333, 1.9740000000000002, 0.019466666666666667), (0, 0, 0), (294.3, 0.001066666666666667, 0.005466666666666667), (86.68193333333333, 0.0, 0.001), (80.73986666666669, 0.6539333333333334, 0.004266666666666667), (164.2764, 0.008733333333333333, 0.0061333333333333335), (0, 0, 0), (0, 0, 0), (349.12266666666665, 0.4038, 0.3238000000000001), (159.3834, 0.5440666666666667, 0.44333333333333325), (72.70093333333334, 6.666666666666668e-05, 0.001), (384.4776, 1.923, 0.024933333333333335), (0, 0, 0), (0, 0, 0)]","[(4295.0, 1860.0, 1000.0), (2983.5811999999996, 1859.812, 999.4798666666667), (4060.120066666667, 1858.026, 999.9805333333334), (4295, 1860.0, 1000.0), (4000.7, 1859.9989333333333, 999.9945333333334), (4208.318066666667, 1860.0, 999.999), (4214.260133333333, 1859.3460666666667, 999.9957333333333), (4130.7236, 1859.9912666666667, 999.9938666666667), (8192, 1800.0, 1525.0), (8192, 1800.0, 1525.0), (7842.877333333334, 1799.5962, 1524.6762), (8032.6166, 1799.4559333333334, 1524.5566666666666), (8119.2990666666665, 1799.9999333333333, 1524.999), (7807.5224, 1798.077, 1524.9750666666666), (8192, 1800.0, 1525.0), (8192, 1800.0, 1525.0)]","[(2, 0.0, 0.0), (3, 3.3333333333333335e-05, 0.16156666666666666), (4, 0.00016666666666666666, 0.06378333333333332), (0, 0, 0), (3, 0.0002, 0.014294444444444445), (2, 0.0, 0.0003888888888888888), (3, 0.0, 0.0014388888888888889), (2, 0.0, 8.88888888888889e-05), (0, 0, 0), (0, 0, 0), (5, 0.0032166666666666663, 0.059955555555555554), (3, 0.0, 0.003505555555555556), (1, 0.0, 0.0005666666666666666), (1, 0.0, 0.005011111111111111), (0, 0, 0), (0, 0, 0)]","[(32210, 67.1, 10.11), (32209, 67.09996666666666, 9.948433333333332), (32208, 67.09983333333332, 10.046216666666666), (32212, 67.1, 10.11), (32209, 67.09979999999999, 10.095705555555554), (32210, 67.1, 10.10961111111111), (32209, 67.1, 10.108561111111111), (32210, 67.1, 10.10991111111111), (32212, 51.900000000000006, 6.1899999999999995), (32212, 51.900000000000006, 6.1899999999999995), (32207, 51.89678333333334, 6.130044444444444), (32209, 51.900000000000006, 6.186494444444444), (32211, 51.900000000000006, 6.189433333333333), (32211, 51.900000000000006, 6.184988888888888), (32212, 51.900000000000006, 6.1899999999999995), (32212, 51.900000000000006, 6.1899999999999995)]"
39,"[100.0, 100.0, 99.97517994539588, 0.0, 100.0, 100.0, 100.0, 100.0, 0.0, 0.0, 99.97517994539588, 100.0, 100.0, 100.0, 0.0, 0.0]","[1, 1, 2, 0, 1, 1, 2, 1, 0, 0, 3, 2, 1, 1, 0, 0]","[4.75, 4.75, 4.748485976669149, 2.45, 4.75, 4.75, 4.75, 4.75, 2.65, 2.65, 5.048237776123107, 5.05, 5.05, 5.05, 2.65, 2.65]","[2938.223603388089, 2989.8560016860883, 3912.641009800871, 0, 2227.0400194731583, 836.6624536394801, 928.4078951672633, 520.8668579276933, 0, 0, 3085.878874999108, 498.43737685074666, 1158.5948682937635, 2530.7555535185593, 0, 0]","[1090.776396611911, 1039.1439983139117, 116.35899019912904, 4029, 1801.9599805268417, 3192.33754636052, 3100.592104832737, 3508.133142072307, 4029, 4029, 943.1211250008919, 3530.5626231492533, 2870.4051317062367, 1498.2444464814407, 4029, 4029]","[4029, 4029, 4029, 4029, 4029, 4029, 4029, 4029, 4029, 4029, 4029, 4029, 4029, 4029, 4029, 4029]","[4029, 4029, 4028, 0, 4029, 4029, 4029, 4029, 0, 0, 4028, 4029, 4029, 4029, 0, 0]","[(0.0, 0.0, 0.0), (1177.2012, 0.14893333333333333, 0.6776666666666666), (243.9676, 3.6398666666666664, 0.05113333333333334), (0, 0, 0), (234.18133333333338, 0.0016666666666666668, 0.0016), (85.284, 0.0, 0.001), (90.177, 0.6483333333333333, 0.004599999999999999), (0.0, 0.0046, 6.666666666666668e-05), (0, 0, 0), (0, 0, 0), (316.7589333333333, 0.32353333333333334, 0.27446666666666664), (327.15540000000004, 0.5346, 0.4367333333333334), (75.49719999999999, 0.0004, 0.0014666666666666665), (419.43, 3.8347333333333333, 0.0464), (0, 0, 0), (0, 0, 0)]","[(4295.0, 1860.0, 1000.0), (3117.7988, 1859.8510666666666, 999.3223333333333), (4051.0324, 1856.3601333333334, 999.9488666666666), (4295, 1860.0, 1000.0), (4060.8186666666666, 1859.9983333333332, 999.9984), (4209.716, 1860.0, 999.999), (4204.823, 1859.3516666666667, 999.9954), (4295.0, 1859.9954, 999.9999333333334), (8192, 1800.0, 1525.0), (8192, 1800.0, 1525.0), (7875.2410666666665, 1799.6764666666666, 1524.7255333333333), (7864.8446, 1799.4654, 1524.5632666666668), (8116.5028, 1799.9996, 1524.9985333333334), (7772.57, 1796.1652666666666, 1524.9536), (8192, 1800.0, 1525.0), (8192, 1800.0, 1525.0)]","[(2, 0.0, 0.0), (3, 5e-05, 0.12382222222222221), (4, 0.00015, 0.11341666666666667), (0, 0, 0), (3, 0.0006666666666666666, 0.02163888888888889), (2, 1.666666666666667e-05, 0.00042777777777777774), (3, 0.0, 0.0014833333333333332), (1, 0.0, 0.0008722222222222223), (0, 0, 0), (0, 0, 0), (5, 0.09498333333333334, 0.06989444444444445), (3, 0.0007666666666666667, 0.003388888888888889), (1, 0.0, 0.0005499999999999999), (1, 0.00031666666666666665, 0.004988888888888889), (0, 0, 0), (0, 0, 0)]","[(32210, 67.1, 10.11), (32209, 67.09994999999999, 9.986177777777778), (32208, 67.09984999999999, 9.996583333333334), (32212, 67.1, 10.11), (32209, 67.09933333333333, 10.08836111111111), (32210, 67.09998333333333, 10.109572222222221), (32209, 67.1, 10.108516666666667), (32211, 67.1, 10.109127777777777), (32212, 51.900000000000006, 6.1899999999999995), (32212, 51.900000000000006, 6.1899999999999995), (32207, 51.805016666666674, 6.120105555555555), (32209, 51.89923333333334, 6.186611111111111), (32211, 51.900000000000006, 6.18945), (32211, 51.899683333333336, 6.185011111111111), (32212, 51.900000000000006, 6.1899999999999995), (32212, 51.900000000000006, 6.1899999999999995)]"
40,"[100.0, 100.0, 100.0, 0.0, 100.0, 100.0, 100.0, 100.0, 0.0, 100.0, 100.0, 100.0, 100.0, 100.0, 0.0, 0.0]","[1, 1, 2, 0, 1, 1, 1, 1, 0, 1, 3, 1, 1, 1, 0, 0]","[4.75, 4.75, 4.75, 2.45, 4.75, 4.75, 4.75, 4.75, 2.65, 5.05, 5.05, 5.05, 5.05, 5.05, 2.65, 2.65]","[2958.2569461384624, 5888.650399259911, 3388.8711274711077, 0, 1766.2731188925045, 0, 0, 530.8835282724567, 0, 922.7020845904912, 3515.8837288320346, 0, 1151.9170880730503, 1379.6029687996834, 0, 0]","[1070.7430538615376, -1859.650399259911, 640.1288725288923, 4029, 2262.7268811074955, 4029, 4029, 3498.1164717275433, 4029, 3106.2979154095087, 513.1162711679654, 4029, 2877.0829119269497, 2649.3970312003166, 4029, 4029]","[4029, 4029, 4029, 4029, 4029, 4029, 4029, 4029, 4029, 4029, 4029, 4029, 4029, 4029, 4029, 4029]","[4029, 4029, 4029, 0, 4029, 4029, 4029, 4029, 0, 4029, 4029, 4029, 4029, 4029, 0, 0]","[(0.0, 0.0, 0.0), (1269.4758, 0.3529333333333333, 0.49439999999999995), (485.1404666666666, 3.095066666666667, 0.020133333333333333), (0, 0, 0), (242.57, 0.0003333333333333333, 0.0004), (61.51606666666666, 0.0, 0.001), (88.07973333333334, 0.8984, 0.004200000000000001), (0.0, 0.004733333333333333, 0.00013333333333333334), (0, 0, 0), (97.867, 0.5311333333333333, 0.4374666666666666), (384.8371333333333, 0.3276, 0.27573333333333333), (0.0, 0.004666666666666667, 6.666666666666668e-05), (75.49719999999999, 0.0003333333333333333, 0.0014), (442.49846666666673, 3.044, 0.055333333333333345), (0, 0, 0), (0, 0, 0)]","[(4295.0, 1860.0, 1000.0), (3025.5242, 1859.6470666666667, 999.5056), (3809.8595333333333, 1856.9049333333332, 999.9798666666667), (4295, 1860.0, 1000.0), (4052.43, 1859.9996666666666, 999.9996), (4233.483933333333, 1860.0, 999.999), (4206.920266666667, 1859.1016, 999.9958), (4295.0, 1859.9952666666666, 999.9998666666667), (8192, 1800.0, 1525.0), (8094.133, 1799.4688666666666, 1524.5625333333332), (7807.162866666667, 1799.6724, 1524.7242666666666), (8192.0, 1799.9953333333333, 1524.9999333333333), (8116.5028, 1799.9996666666666, 1524.9986), (7749.501533333333, 1796.956, 1524.9446666666668), (8192, 1800.0, 1525.0), (8192, 1800.0, 1525.0)]","[(2, 0.0, 0.0), (3, 0.1731833333333333, 0.38794999999999996), (4, 0.002466666666666667, 0.06176666666666666), (0, 0, 0), (3, 6.666666666666667e-05, 0.009744444444444444), (2, 0.0, 0.00037222222222222225), (1, 0.0, 0.00032777777777777775), (1, 0.0, 0.0008388888888888889), (0, 0, 0), (1, 0.0, 0.0014666666666666662), (5, 0.0007166666666666667, 0.05326111111111111), (2, 0.0, 0.0012722222222222221), (1, 0.0, 0.0005611111111111111), (1, 0.0, 0.004972222222222222), (0, 0, 0), (0, 0, 0)]","[(32210, 67.1, 10.11), (32209, 66.92681666666667, 9.72205), (32208, 67.09753333333333, 10.048233333333332), (32212, 67.1, 10.11), (32209, 67.09993333333333, 10.100255555555554), (32210, 67.1, 10.109627777777778), (32211, 67.1, 10.10967222222222), (32211, 67.1, 10.10916111111111), (32212, 51.900000000000006, 6.1899999999999995), (32211, 51.900000000000006, 6.188533333333333), (32207, 51.89928333333334, 6.136738888888888), (32210, 51.900000000000006, 6.188727777777777), (32211, 51.900000000000006, 6.189438888888889), (32211, 51.900000000000006, 6.185027777777777), (32212, 51.900000000000006, 6.1899999999999995), (32212, 51.900000000000006, 6.1899999999999995)]"
41,"[100.0, 100.0, 100.0, 0.0, 100.0, 0.0, 100.0, 100.0, 0.0, 0.0, 100.0, 100.0, 100.0, 100.0, 100.0, 0.0]","[1, 1, 2, 0, 2, 0, 2, 2, 0, 0, 2, 1, 1, 1, 1, 0]","[4.75, 4.75, 4.75, 2.45, 4.75, 2.45, 4.75, 4.75, 2.65, 2.65, 5.05, 5.05, 5.05, 5.05, 5.05, 2.65]","[3018.356974389583, 4252.576912042853, 3201.957153632221, 0, 3806.314807214631, 0, 1707.823259610058, 2200.879061377721, 0, 0, 0, 2251.868135745323, 1168.6115386248337, 1530.9142621519063, 925.6689723222934, 0]","[1010.6430256104172, -223.5769120428531, 827.042846367779, 4029, 222.68519278536905, 4029, 2321.176740389942, 1828.120938622279, 4029, 4029, 4029, 1777.131864254677, 2860.388461375166, 2498.0857378480937, 3103.3310276777065, 4029]","[4029, 4029, 4029, 4029, 4029, 4029, 4029, 4029, 4029, 4029, 4029, 4029, 4029, 4029, 4029, 4029]","[4029, 4029, 4029, 0, 4029, 0, 4029, 4029, 0, 0, 4029, 4029, 4029, 4029, 4029, 0]","[(0.0, 0.0, 0.0), (1974.1186, 0.14053333333333334, 0.48906666666666665), (402.6524, 2.095266666666667, 0.6958666666666666), (0, 0, 0), (340.14593333333335, 0.205, 0.17486666666666664), (0, 0, 0), (67.1088, 0.004733333333333333, 0.0011333333333333334), (125.829, 0.9441333333333332, 0.7602666666666668), (0, 0, 0), (0, 0, 0), (250.95853333333332, 0.11613333333333334, 0.09953333333333332), (100.6632, 0.009333333333333334, 0.0108), (77.5942, 0.00046666666666666666, 0.0014), (440.4012, 3.206266666666667, 0.1867333333333333), (114.6442, 0.5428, 0.4749333333333333), (0, 0, 0)]","[(4295.0, 1860.0, 1000.0), (2320.8814, 1859.8594666666668, 999.5109333333334), (3892.3476, 1857.9047333333333, 999.3041333333333), (4295, 1860.0, 1000.0), (3954.8540666666668, 1859.795, 999.8251333333334), (4295, 1860.0, 1000.0), (4227.8912, 1859.9952666666666, 999.9988666666667), (4169.171, 1859.0558666666666, 999.2397333333333), (8192, 1800.0, 1525.0), (8192, 1800.0, 1525.0), (7941.041466666667, 1799.8838666666666, 1524.9004666666667), (8091.3368, 1799.9906666666666, 1524.9892), (8114.4058, 1799.9995333333334, 1524.9986), (7751.5988, 1796.7937333333334, 1524.8132666666668), (8077.3558, 1799.4572, 1524.5250666666666), (8192, 1800.0, 1525.0)]","[(2, 0.0, 0.0), (3, 1.666666666666667e-05, 0.31198333333333333), (4, 0.0001, 0.0584611111111111), (0, 0, 0), (4, 6.666666666666667e-05, 0.061799999999999994), (0, 0, 0), (6, 0.0, 0.0014222222222222223), (3, 0.0, 0.010716666666666666), (0, 0, 0), (0, 0, 0), (4, 0.0005833333333333334, 0.0016222222222222224), (2, 0.0, 0.002416666666666667), (1, 0.0, 0.001627777777777778), (1, 1.666666666666667e-05, 0.0052), (1, 0.0, 0.001527777777777778), (0, 0, 0)]","[(32210, 67.1, 10.11), (32209, 67.09998333333333, 9.798016666666665), (32208, 67.09989999999999, 10.051538888888889), (32212, 67.1, 10.11), (32208, 67.09993333333333, 10.0482), (32212, 67.1, 10.11), (32206, 67.1, 10.108577777777777), (32209, 67.1, 10.099283333333332), (32212, 51.900000000000006, 6.1899999999999995), (32212, 51.900000000000006, 6.1899999999999995), (32208, 51.899416666666674, 6.188377777777777), (32210, 51.900000000000006, 6.1875833333333325), (32211, 51.900000000000006, 6.188372222222222), (32211, 51.89998333333334, 6.184799999999999), (32211, 51.900000000000006, 6.188472222222222), (32212, 51.900000000000006, 6.1899999999999995)]"
42,"[100.0, 100.0, 100.0, 0.0, 100.0, 0.0, 100.0, 100.0, 0.0, 0.0, 100.0, 100.0, 100.0, 100.0, 100.0, 0.0]","[1, 1, 2, 0, 2, 0, 2, 2, 0, 0, 1, 1, 1, 1, 1, 0]","[4.75, 4.75, 4.75, 2.45, 4.75, 2.45, 4.75, 4.75, 2.65, 2.65, 5.05, 5.05, 5.05, 5.05, 5.05, 2.65]","[3148.573702267009, 3235.722332789209, 2728.8526187638877, 0, 3776.7531907636703, 0, 1735.2692587209485, 2143.7550495647147, 0, 0, 590.9835929581135, 2266.7025766922616, 0, 1483.4440524727775, 928.6358600540952, 0]","[880.4262977329909, 793.2776672107912, 1300.1473812361123, 4029, 252.24680923632968, 4029, 2293.7307412790515, 1885.2449504352853, 4029, 4029, 3438.0164070418864, 1762.2974233077384, 4029, 2545.5559475272225, 3100.3641399459048, 4029]","[4029, 4029, 4029, 4029, 4029, 4029, 4029, 4029, 4029, 4029, 4029, 4029, 4029, 4029, 4029, 4029]","[4029, 4029, 4029, 0, 4029, 0, 4029, 4029, 0, 0, 4029, 4029, 4029, 4029, 4029, 0]","[(0.0, 0.0, 0.0), (1730.8488, 0.18693333333333337, 0.49646666666666667), (268.43420000000003, 1.1427333333333334, 0.39206666666666673), (0, 0, 0), (369.0281333333333, 0.21113333333333334, 0.17646666666666663), (0, 0, 0), (47.5354, 0.004666666666666667, 0.0010666666666666667), (139.81, 0.9766, 0.7782), (0, 0, 0), (0, 0, 0), (265.6387333333333, 0.05313333333333333, 0.031266666666666665), (150.9948, 0.009333333333333334, 0.010933333333333335), (69.2056, 0.00046666666666666666, 0.0013333333333333333), (478.84913333333344, 2.3301999999999996, 0.8102), (109.0518, 0.5416666666666666, 0.5044666666666666), (0, 0, 0)]","[(4295.0, 1860.0, 1000.0), (2564.1512000000002, 1859.8130666666666, 999.5035333333333), (4026.5658, 1858.8572666666666, 999.6079333333333), (4295, 1860.0, 1000.0), (3925.9718666666668, 1859.7888666666668, 999.8235333333333), (4295, 1860.0, 1000.0), (4247.4646, 1859.9953333333333, 999.9989333333333), (4155.19, 1859.0234, 999.2218), (8192, 1800.0, 1525.0), (8192, 1800.0, 1525.0), (7926.361266666667, 1799.9468666666667, 1524.9687333333334), (8041.0052, 1799.9906666666666, 1524.9890666666668), (8122.7944, 1799.9995333333334, 1524.9986666666666), (7713.150866666667, 1797.6698, 1524.1898), (8082.9482, 1799.4583333333333, 1524.4955333333332), (8192, 1800.0, 1525.0)]","[(2, 0.0, 0.0), (3, 1.666666666666667e-05, 0.20562222222222223), (4, 1.666666666666667e-05, 0.05751666666666666), (0, 0, 0), (4, 0.00018333333333333334, 0.0662611111111111), (0, 0, 0), (6, 0.0, 0.001661111111111111), (3, 0.0, 0.012272222222222223), (0, 0, 0), (0, 0, 0), (3, 0.0, 0.006316666666666667), (2, 0.0, 0.0026888888888888887), (1, 0.0, 0.0005499999999999999), (1, 0.0, 0.004461111111111111), (1, 0.0, 0.0017222222222222224), (0, 0, 0)]","[(32210, 67.1, 10.11), (32209, 67.09998333333333, 9.904377777777777), (32208, 67.09998333333333, 10.052483333333333), (32212, 67.1, 10.11), (32208, 67.09981666666665, 10.043738888888889), (32212, 67.1, 10.11), (32206, 67.1, 10.108338888888888), (32209, 67.1, 10.097727777777777), (32212, 51.900000000000006, 6.1899999999999995), (32212, 51.900000000000006, 6.1899999999999995), (32209, 51.900000000000006, 6.183683333333333), (32210, 51.900000000000006, 6.187311111111111), (32211, 51.900000000000006, 6.18945), (32211, 51.900000000000006, 6.185538888888888), (32211, 51.900000000000006, 6.1882777777777775), (32212, 51.900000000000006, 6.1899999999999995)]"
43,"[100.0, 100.0, 100.0, 0.0, 100.0, 0.0, 100.0, 100.0, 0.0, 0.0, 100.0, 100.0, 0.0, 100.0, 100.0, 0.0]","[1, 1, 2, 0, 2, 0, 2, 2, 0, 0, 1, 1, 0, 1, 1, 0]","[4.75, 4.75, 4.75, 2.45, 4.75, 2.45, 4.75, 4.75, 2.65, 2.65, 5.05, 5.05, 2.65, 5.05, 5.05, 2.65]","[3425.7016103138403, 2452.592537423716, 1465.6427238431045, 0, 4009.612852636387, 0, 1693.73282507598, 2089.235046725334, 0, 0, 580.9669218910268, 2248.9012475559352, 0, 949.4041935825778, 931.6027477858978, 0]","[603.2983896861597, 1576.4074625762842, 2563.3572761568958, 4029, 19.387147363613167, 4029, 2335.26717492402, 1939.764953274666, 4029, 4029, 3448.0330781089733, 1780.0987524440648, 4029, 3079.595806417422, 3097.397252214102, 4029]","[4029, 4029, 4029, 4029, 4029, 4029, 4029, 4029, 4029, 4029, 4029, 4029, 4029, 4029, 4029, 4029]","[4029, 4029, 4029, 0, 4029, 0, 4029, 4029, 0, 0, 4029, 4029, 0, 4029, 4029, 0]","[(0.0, 0.0, 0.0), (1356.158, 0.1402, 0.49906666666666666), (362.1073999999999, 4.657866666666667, 0.023600000000000003), (0, 0, 0), (342.3561333333333, 0.2472, 0.21013333333333337), (0, 0, 0), (72.7012, 0.004533333333333333, 0.001), (184.5492, 0.9593999999999999, 0.7652666666666668), (0, 0, 0), (0, 0, 0), (272.62933333333325, 0.053200000000000004, 0.03573333333333333), (150.9948, 0.009266666666666668, 0.0106), (0, 0, 0), (333.44686666666666, 0.9099333333333333, 0.8626), (109.0518, 0.5368666666666667, 0.4758666666666667), (0, 0, 0)]","[(4295.0, 1860.0, 1000.0), (2938.842, 1859.8598, 999.5009333333334), (3932.8926, 1855.3421333333333, 999.9764), (4295, 1860.0, 1000.0), (3952.643866666667, 1859.7528, 999.7898666666666), (4295, 1860.0, 1000.0), (4222.2988, 1859.9954666666667, 999.999), (4110.4508, 1859.0406, 999.2347333333333), (8192, 1800.0, 1525.0), (8192, 1800.0, 1525.0), (7919.370666666667, 1799.9468, 1524.9642666666666), (8041.0052, 1799.9907333333333, 1524.9894), (8192, 1800.0, 1525.0), (7858.553133333333, 1799.0900666666666, 1524.1374), (8082.9482, 1799.4631333333334, 1524.5241333333333), (8192, 1800.0, 1525.0)]","[(2, 0.0, 0.0), (3, 8.333333333333333e-05, 0.11315), (4, 3.3333333333333335e-05, 0.057394444444444456), (0, 0, 0), (4, 0.00015, 0.0713111111111111), (0, 0, 0), (6, 0.0, 0.0012944444444444446), (3, 1.666666666666667e-05, 0.011411111111111113), (0, 0, 0), (0, 0, 0), (3, 0.0, 0.0011611111111111112), (2, 0.0, 0.0023555555555555556), (0, 0, 0), (1, 0.0, 0.004088888888888889), (1, 0.0, 0.0017166666666666667), (0, 0, 0)]","[(32210, 67.1, 10.11), (32209, 67.09991666666666, 9.99685), (32208, 67.09996666666666, 10.052605555555555), (32212, 67.1, 10.11), (32208, 67.09984999999999, 10.038688888888888), (32212, 67.1, 10.11), (32206, 67.1, 10.108705555555556), (32209, 67.09998333333333, 10.098588888888889), (32212, 51.900000000000006, 6.1899999999999995), (32212, 51.900000000000006, 6.1899999999999995), (32209, 51.900000000000006, 6.188838888888888), (32210, 51.900000000000006, 6.187644444444444), (32212, 51.900000000000006, 6.1899999999999995), (32211, 51.900000000000006, 6.1859111111111105), (32211, 51.900000000000006, 6.188283333333333), (32212, 51.900000000000006, 6.1899999999999995)]"
44,"[100.0, 100.0, 100.0, 0.0, 100.0, 0.0, 100.0, 100.0, 100.0, 100.0, 100.0, 100.0, 0.0, 100.0, 100.0, 100.0]","[1, 1, 1, 0, 2, 0, 2, 2, 1, 1, 1, 1, 0, 1, 1, 1]","[4.75, 4.75, 4.75, 2.45, 4.75, 2.45, 4.75, 4.75, 5.05, 5.05, 5.05, 5.05, 2.65, 5.05, 5.05, 5.05]","[0, 2677.21116090064, 1851.3381774860268, 0, 3982.301503738553, 0, 1686.6830397608676, 2143.7550495647147, 3752.9130163235823, 3815.4812123039737, 557.5946894011578, 2254.8350239347114, 0, 732.8213619215522, 925.6689723222934, 884.1326637750533]","[4029, 1351.7888390993598, 2177.661822513973, 4029, 46.69849626144696, 4029, 2342.3169602391326, 1885.2449504352853, 276.08698367641773, 213.51878769602627, 3471.4053105988423, 1774.1649760652886, 4029, 3296.178638078448, 3103.3310276777065, 3144.8673362249465]","[4029, 4029, 4029, 4029, 4029, 4029, 4029, 4029, 4029, 4029, 4029, 4029, 4029, 4029, 4029, 4029]","[4029, 4029, 4029, 0, 4029, 0, 4029, 4029, 4029, 4029, 4029, 4029, 0, 4029, 4029, 4029]","[(0.0, 0.0, 0.0), (1227.5328, 0.18566666666666662, 0.4779333333333333), (478.1502, 3.8014, 0.020733333333333333), (0, 0, 0), (379.4962666666667, 0.2496, 0.20386666666666664), (0, 0, 0), (33.5544, 0.004733333333333333, 0.001), (131.4214, 0.9624666666666667, 0.7717333333333334), (388.67179999999996, 7.663399999999999, 2.4918666666666667), (1426.063, 0.14286666666666667, 0.5943999999999999), (160.78126666666668, 0.05293333333333333, 0.031466666666666664), (184.5492, 0.009333333333333334, 0.0108), (0, 0, 0), (199.92773333333332, 0.9031333333333333, 0.010666666666666666), (95.0708, 0.5381333333333334, 0.44586666666666674), (128.62506666666664, 0.00046666666666666666, 0.0014)]","[(4295.0, 1860.0, 1000.0), (3067.4672, 1859.8143333333333, 999.5220666666667), (3816.8498, 1856.1986, 999.9792666666667), (4295, 1860.0, 1000.0), (3915.5037333333335, 1859.7504, 999.7961333333334), (4295, 1860.0, 1000.0), (4261.4456, 1859.9952666666666, 999.999), (4163.5786, 1859.0375333333334, 999.2282666666666), (7803.3282, 1792.3366, 1522.5081333333333), (6765.937, 1799.8571333333334, 1524.4056), (8031.218733333333, 1799.9470666666666, 1524.9685333333334), (8007.4508, 1799.9906666666666, 1524.9892), (8192, 1800.0, 1525.0), (7992.072266666667, 1799.0968666666668, 1524.9893333333334), (8096.9292, 1799.4618666666668, 1524.5541333333333), (8063.3749333333335, 1799.9995333333334, 1524.9986)]","[(2, 0.0, 0.0), (3, 3.3333333333333335e-05, 0.15232222222222222), (3, 0.0428, 0.01527777777777778), (0, 0, 0), (4, 0.00015000000000000001, 0.06880555555555555), (0, 0, 0), (6, 0.0, 0.0012333333333333335), (3, 0.0, 0.011372222222222225), (2, 0.0, 0.016355555555555557), (3, 0.005116666666666666, 0.1869), (3, 0.0, 0.0011222222222222222), (2, 0.0, 0.002338888888888889), (0, 0, 0), (1, 0.0, 0.005077777777777777), (1, 0.0, 0.0017277777777777773), (2, 0.0705, 0.025599999999999998)]","[(32210, 67.1, 10.11), (32209, 67.09996666666666, 9.957677777777777), (32209, 67.0572, 10.094722222222222), (32212, 67.1, 10.11), (32208, 67.09984999999999, 10.041194444444445), (32212, 67.1, 10.11), (32206, 67.1, 10.108766666666666), (32209, 67.1, 10.098627777777777), (32210, 51.900000000000006, 6.173644444444444), (32209, 51.89488333333334, 6.0031), (32209, 51.900000000000006, 6.188877777777777), (32210, 51.900000000000006, 6.187661111111111), (32212, 51.900000000000006, 6.1899999999999995), (32211, 51.900000000000006, 6.184922222222221), (32211, 51.900000000000006, 6.1882722222222215), (32210, 51.8295, 6.1644)]"
45,"[100.0, 100.0, 100.0, 0.0, 100.0, 0.0, 100.0, 99.97517994539588, 100.0, 100.0, 100.0, 100.0, 0.0, 100.0, 100.0, 100.0]","[1, 1, 1, 0, 2, 0, 2, 2, 1, 1, 1, 1, 0, 1, 1, 1]","[4.75, 4.75, 4.75, 2.45, 4.75, 2.45, 4.75, 4.748485976669149, 5.05, 5.05, 5.05, 5.05, 2.65, 5.05, 5.05, 5.05]","[731.2170323801198, 6028.278192232053, 1646.6228982447833, 0, 4008.2229708999107, 0, 1690.3939339317767, 1596.1861921402513, 2794.65141873918, 2446.521763816231, 574.2891411796356, 2248.9012475559352, 0, 0, 934.5696355177, 845.5631180399]","[3297.7829676198803, -1999.2781922320528, 2382.3771017552167, 4029, 20.777029100089294, 4029, 2338.6060660682233, 2432.8138078597485, 1234.34858126082, 1582.4782361837688, 3454.7108588203646, 1780.0987524440648, 4029, 4029, 3094.4303644823, 3183.4368819601]","[4029, 4029, 4029, 4029, 4029, 4029, 4029, 4029, 4029, 4029, 4029, 4029, 4029, 4029, 4029, 4029]","[4029, 4029, 4029, 0, 4029, 0, 4029, 4028, 4029, 4029, 4029, 4029, 0, 4029, 4029, 4029]","[(178.9568, 0.0019333333333333331, 0.0014666666666666665), (1551.892, 0.19686666666666666, 1.39), (450.887, 3.747866666666667, 0.0224), (0, 0, 0), (362.2164, 0.2368, 0.1922666666666666), (0, 0, 0), (39.146800000000006, 0.004733333333333333, 0.0010666666666666667), (153.791, 0.968, 0.7669333333333332), (651.5146, 19.004533333333335, 2.486266666666667), (1311.4188000000001, 0.1956, 0.7402000000000001), (143.3049333333333, 0.05273333333333334, 0.030533333333333336), (218.1036, 0.009266666666666668, 0.010533333333333334), (0, 0, 0), (167.77133333333336, 0.8164666666666667, 0.02233333333333333), (92.2746, 0.5394, 0.44333333333333325), (120.23626666666664, 0.0, 0.001066666666666667)]","[(4116.0432, 1859.9980666666668, 999.9985333333333), (2743.108, 1859.8031333333333, 998.61), (3844.113, 1856.2521333333334, 999.9776), (4295, 1860.0, 1000.0), (3932.7835999999998, 1859.7632, 999.8077333333333), (4295, 1860.0, 1000.0), (4255.8532, 1859.9952666666666, 999.9989333333333), (4141.209, 1859.032, 999.2330666666667), (7540.4854, 1780.9954666666667, 1522.5137333333332), (6880.5812, 1799.8044, 1524.2598), (8048.695066666667, 1799.9472666666666, 1524.9694666666667), (7973.8964, 1799.9907333333333, 1524.9894666666667), (8192, 1800.0, 1525.0), (8024.228666666667, 1799.1835333333333, 1524.9776666666667), (8099.7254, 1799.4606, 1524.5566666666666), (8071.763733333333, 1800.0, 1524.9989333333333)]","[(1, 0.36411666666666676, 0.01315), (3, 0.0001, 0.1530611111111111), (3, 1.666666666666667e-05, 0.0003444444444444445), (0, 0, 0), (4, 0.00013333333333333334, 0.07358333333333332), (0, 0, 0), (6, 0.0, 0.0012666666666666666), (3, 0.0, 0.012522222222222223), (2, 0.0, 0.0053), (3, 0.0006, 0.11304444444444445), (3, 0.0, 0.0011333333333333332), (2, 0.0, 0.0022555555555555554), (0, 0, 0), (1, 0.0, 0.005544444444444444), (1, 0.0, 0.0022722222222222224), (2, 1.666666666666667e-05, 0.0006111111111111112)]","[(32211, 66.73588333333333, 10.09685), (32209, 67.09989999999999, 9.956938888888889), (32209, 67.09998333333333, 10.109655555555555), (32212, 67.1, 10.11), (32208, 67.09986666666666, 10.036416666666666), (32212, 67.1, 10.11), (32206, 67.1, 10.108733333333333), (32209, 67.1, 10.097477777777778), (32210, 51.900000000000006, 6.184699999999999), (32209, 51.89940000000001, 6.076955555555555), (32209, 51.900000000000006, 6.188866666666666), (32210, 51.900000000000006, 6.187744444444444), (32212, 51.900000000000006, 6.1899999999999995), (32211, 51.900000000000006, 6.184455555555555), (32211, 51.900000000000006, 6.187727777777777), (32210, 51.89998333333334, 6.189388888888889)]"
46,"[100.0, 100.0, 100.0, 0.0, 100.0, 0.0, 100.0, 100.0, 100.0, 100.0, 100.0, 100.0, 0.0, 0.0, 100.0, 100.0]","[1, 1, 1, 0, 2, 0, 2, 1, 1, 1, 2, 1, 0, 0, 1, 1]","[4.75, 4.75, 4.75, 2.45, 4.75, 2.45, 4.75, 4.75, 5.05, 5.05, 5.05, 5.05, 2.65, 2.65, 5.05, 5.05]","[657.7614400862267, 6374.312287858666, 922.7022006380679, 0, 4055.0062430054086, 0, 1845.4618025758055, 1655.52396879974, 1739.5619942211624, 2303.8585840403466, 1155.2559781834066, 2201.431036525731, 0, 0, 0, 809.96046043822]","[3371.2385599137733, -2345.3122878586664, 3106.297799361932, 4029, -26.006243005408578, 4029, 2183.5381974241945, 2373.47603120026, 2289.4380057788376, 1725.1414159596534, 2873.7440218165934, 1827.568963474269, 4029, 4029, 4029, 3219.0395395617797]","[4029, 4029, 4029, 4029, 4029, 4029, 4029, 4029, 4029, 4029, 4029, 4029, 4029, 4029, 4029, 4029]","[4029, 4029, 4029, 0, 4029, 0, 4029, 4029, 4029, 4029, 4029, 4029, 0, 0, 4029, 4029]","[(192.93779999999998, 0.003933333333333333, 0.0014666666666666665), (1736.4414, 0.2492666666666667, 1.2721333333333333), (434.1098, 1.2283333333333333, 0.020466666666666664), (0, 0, 0), (373.98693333333335, 0.21913333333333335, 0.1832666666666667), (0, 0, 0), (240.4732, 0.004733333333333333, 0.0016666666666666668), (125.829, 0.9370666666666667, 0.7570666666666667), (369.0984, 16.1096, 2.579733333333333), (1255.4948, 0.13406666666666667, 0.4640666666666667), (234.8800666666666, 0.053, 0.031466666666666664), (268.4352, 0.009333333333333334, 0.0108), (0, 0, 0), (0, 0, 0), (226.49220000000003, 0.5299333333333333, 0.43666666666666676), (72.7008, 6.666666666666668e-05, 0.0015333333333333334)]","[(4102.0622, 1859.9960666666666, 999.9985333333333), (2558.5586000000003, 1859.7507333333333, 998.7278666666666), (3860.8902, 1858.7716666666668, 999.9795333333333), (4295, 1860.0, 1000.0), (3921.0130666666664, 1859.7808666666667, 999.8167333333333), (4295, 1860.0, 1000.0), (4054.5268, 1859.9952666666666, 999.9983333333333), (4169.171, 1859.0629333333334, 999.2429333333333), (7822.9016, 1783.8904, 1522.4202666666667), (6936.5052, 1799.8659333333333, 1524.5359333333333), (7957.119933333333, 1799.947, 1524.9685333333334), (7923.5648, 1799.9906666666666, 1524.9892), (8192, 1800.0, 1525.0), (8192, 1800.0, 1525.0), (7965.5078, 1799.4700666666668, 1524.5633333333333), (8119.2992, 1799.9999333333333, 1524.9984666666667)]","[(1, 0.26766666666666666, 0.015294444444444444), (3, 0.00015, 0.2104), (3, 0.0, 0.0004555555555555556), (0, 0, 0), (4, 0.00035, 0.07625555555555556), (0, 0, 0), (6, 0.03166666666666667, 0.0029944444444444445), (2, 0.06273333333333334, 0.031105555555555553), (2, 0.0, 0.00225), (3, 1.666666666666667e-05, 0.12178333333333334), (4, 1.666666666666667e-05, 0.0017555555555555556), (2, 0.0, 0.0022944444444444444), (0, 0, 0), (0, 0, 0), (1, 0.0007666666666666667, 0.00215), (2, 0.0, 0.0005666666666666668)]","[(32211, 66.83233333333332, 10.094705555555555), (32209, 67.09984999999999, 9.8996), (32209, 67.1, 10.109544444444444), (32212, 67.1, 10.11), (32208, 67.09965, 10.033744444444444), (32212, 67.1, 10.11), (32206, 67.06833333333333, 10.107005555555554), (32210, 67.03726666666667, 10.078894444444444), (32210, 51.900000000000006, 6.187749999999999), (32209, 51.89998333333334, 6.068216666666666), (32208, 51.89998333333334, 6.188244444444444), (32210, 51.900000000000006, 6.187705555555555), (32212, 51.900000000000006, 6.1899999999999995), (32212, 51.900000000000006, 6.1899999999999995), (32211, 51.89923333333334, 6.187849999999999), (32210, 51.900000000000006, 6.189433333333333)]"
47,"[100.0, 100.0, 99.97517994539588, 100.0, 100.0, 0.0, 100.0, 100.0, 100.0, 100.0, 100.0, 100.0, 0.0, 0.0, 0.0, 100.0]","[1, 1, 2, 1, 2, 0, 2, 1, 1, 1, 1, 1, 0, 0, 0, 1]","[4.75, 4.75, 4.748485976669149, 4.75, 4.75, 2.45, 4.75, 4.75, 5.05, 5.05, 5.05, 5.05, 2.65, 2.65, 2.65, 5.05]","[711.18368902724, 3703.171900565511, 3080.6866594860203, 881.4670876440003, 4466.4771491524025, 0, 1105.1729687313032, 2278.570623724373, 1826.3731494030244, 2662.034226881929, 1151.9170880730503, 2248.9012475559352, 0, 0, 0, 1317.2983312621604]","[3317.81631097276, 325.8280994344891, 948.3133405139797, 3147.5329123559995, -437.4771491524025, 4029, 2923.827031268697, 1750.429376275627, 2202.6268505969756, 1366.965773118071, 2877.0829119269497, 1780.0987524440648, 4029, 4029, 4029, 2711.7016687378396]","[4029, 4029, 4029, 4029, 4029, 4029, 4029, 4029, 4029, 4029, 4029, 4029, 4029, 4029, 4029, 4029]","[4029, 4029, 4028, 4029, 4029, 0, 4029, 4029, 4029, 4029, 4029, 4029, 0, 0, 0, 4029]","[(134.2176, 0.002, 0.0014), (1493.1718, 0.1692, 0.7876000000000001), (549.4530666666667, 1.9298666666666668, 0.3745333333333334), (95.9442, 0.019933333333333334, 0.0208), (467.4385333333334, 0.21586666666666662, 0.17633333333333334), (0, 0, 0), (178.95680000000002, 0.004866666666666666, 0.001066666666666667), (226.49220000000003, 0.9202666666666668, 0.7430666666666668), (268.4352, 13.852799999999998, 1.682), (1470.8021999999999, 0.18553333333333333, 0.47233333333333327), (72.70093333333334, 6.666666666666668e-05, 0.001), (33.5544, 0.009266666666666668, 0.010666666666666666), (0, 0, 0), (0, 0, 0), (0, 0, 0), (75.49706666666667, 0.0, 0.001066666666666667)]","[(4160.7824, 1859.998, 999.9986), (2801.8282, 1859.8308, 999.2124), (3745.546933333333, 1858.0701333333334, 999.6254666666666), (4199.0558, 1859.9800666666667, 999.9792), (3827.5614666666665, 1859.7841333333333, 999.8236666666667), (4295, 1860.0, 1000.0), (4116.0432, 1859.9951333333333, 999.9989333333333), (4068.5078, 1859.0797333333333, 999.2569333333333), (7923.5648, 1786.1472, 1523.318), (6721.1978, 1799.8144666666667, 1524.5276666666666), (8119.2990666666665, 1799.9999333333333, 1524.999), (8158.4456, 1799.9907333333333, 1524.9893333333334), (8192, 1800.0, 1525.0), (8192, 1800.0, 1525.0), (8192, 1800.0, 1525.0), (8116.502933333333, 1800.0, 1524.9989333333333)]","[(1, 0.2701, 0.013050000000000004), (3, 0.0001, 0.13415555555555556), (6, 0.011550000000000001, 0.43091111111111113), (1, 0.0012, 0.05558333333333333), (4, 0.2676333333333333, 0.17077222222222221), (0, 0, 0), (6, 0.0, 0.001561111111111111), (2, 0.09268333333333334, 0.011455555555555556), (2, 0.0, 0.005916666666666666), (3, 1.666666666666667e-05, 0.1395388888888889), (1, 0.0, 0.0005666666666666666), (2, 0.0, 0.0023555555555555556), (0, 0, 0), (0, 0, 0), (0, 0, 0), (2, 1.666666666666667e-05, 0.0007)]","[(32211, 66.8299, 10.09695), (32209, 67.09989999999999, 9.975844444444444), (32206, 67.08845, 9.679088888888888), (32211, 67.0988, 10.054416666666667), (32208, 66.83236666666666, 9.939227777777777), (32212, 67.1, 10.11), (32206, 67.1, 10.10843888888889), (32210, 67.00731666666667, 10.098544444444444), (32210, 51.900000000000006, 6.184083333333333), (32209, 51.89998333333334, 6.050461111111111), (32211, 51.900000000000006, 6.189433333333333), (32210, 51.900000000000006, 6.187644444444444), (32212, 51.900000000000006, 6.1899999999999995), (32212, 51.900000000000006, 6.1899999999999995), (32212, 51.900000000000006, 6.1899999999999995), (32210, 51.89998333333334, 6.189299999999999)]"
48,"[100.0, 100.0, 99.97517994539588, 100.0, 100.0, 0.0, 100.0, 100.0, 100.0, 100.0, 100.0, 100.0, 0.0, 100.0, 0.0, 100.0]","[1, 1, 2, 1, 2, 0, 1, 1, 1, 1, 1, 1, 0, 1, 0, 1]","[4.75, 4.75, 4.748485976669149, 4.75, 4.75, 2.45, 4.75, 4.75, 5.05, 5.05, 5.05, 5.05, 2.65, 5.05, 2.65, 5.05]","[647.7447684097866, 3949.038231668631, 2292.754164917941, 754.589249271, 3447.058822402708, 0, 1118.528533308117, 1590.2524144743022, 1612.6841520322869, 2986.820614882346, 1158.5948682937635, 5046.6768101486105, 0, 3815.4812123039737, 0, 0]","[3381.2552315902135, 79.96176833136906, 1736.2458350820589, 3274.410750729, 581.9411775972922, 4029, 2910.471466691883, 2438.747585525698, 2416.315847967713, 1042.179385117654, 2870.4051317062367, -1017.6768101486105, 4029, 213.51878769602627, 4029, 4029]","[4029, 4029, 4029, 4029, 4029, 4029, 4029, 4029, 4029, 4029, 4029, 4029, 4029, 4029, 4029, 4029]","[4029, 4029, 4028, 4029, 4029, 0, 4029, 4029, 4029, 4029, 4029, 4029, 0, 4029, 0, 4029]","[(226.49220000000003, 0.0016666666666666668, 0.0014), (1484.7831999999999, 0.21580000000000002, 0.8416666666666666), (459.2754, 1.177, 0.15613333333333335), (96.9928, 0.020133333333333333, 0.014066666666666665), (452.824, 0.2156, 0.1911333333333333), (0, 0, 0), (97.867, 0.0, 0.001), (142.6062, 0.9306666666666665, 0.7520666666666668), (383.0794, 15.210066666666668, 1.8525333333333331), (1311.4188000000001, 0.14286666666666667, 0.5135333333333333), (75.49719999999999, 0.0004, 0.0014666666666666665), (369.0984, 0.018533333333333336, 0.025066666666666668), (0, 0, 0), (1426.063, 0.14286666666666667, 0.5943999999999999), (0, 0, 0), (114.64386666666668, 0.0, 0.0011333333333333332)]","[(4068.5078, 1859.9983333333332, 999.9986), (2810.2168, 1859.7842, 999.1583333333333), (3835.7246, 1858.823, 999.8438666666667), (4198.0072, 1859.9798666666666, 999.9859333333334), (3842.176, 1859.7844, 999.8088666666666), (4295, 1860.0, 1000.0), (4197.133, 1860.0, 999.999), (4152.3938, 1859.0693333333334, 999.2479333333333), (7808.9206, 1784.7899333333332, 1523.1474666666666), (6880.5812, 1799.8571333333334, 1524.4864666666667), (8116.5028, 1799.9996, 1524.9985333333334), (7822.9016, 1799.9814666666666, 1524.9749333333334), (8192, 1800.0, 1525.0), (6765.937, 1799.8571333333334, 1524.4056), (8192, 1800.0, 1525.0), (8077.356133333334, 1800.0, 1524.9988666666666)]","[(1, 0.27021666666666666, 0.012733333333333334), (3, 0.0001, 0.17663333333333334), (6, 1.666666666666667e-05, 0.22768333333333335), (1, 0.0, 0.054338888888888895), (4, 0.0012833333333333332, 0.07547777777777778), (0, 0, 0), (3, 0.008, 0.00039999999999999996), (2, 0.0, 0.012455555555555557), (2, 0.0, 0.0036999999999999997), (3, 5e-05, 0.13139444444444442), (1, 0.0, 0.0005499999999999999), (2, 0.0, 0.0054888888888888895), (0, 0, 0), (3, 0.005116666666666666, 0.1869), (0, 0, 0), (2, 0.0, 0.0006555555555555555)]","[(32211, 66.82978333333332, 10.097266666666666), (32209, 67.09989999999999, 9.933366666666666), (32206, 67.09998333333333, 9.882316666666666), (32211, 67.1, 10.05566111111111), (32208, 67.09871666666666, 10.034522222222222), (32212, 67.1, 10.11), (32209, 67.092, 10.109599999999999), (32210, 67.1, 10.097544444444443), (32210, 51.900000000000006, 6.186299999999999), (32209, 51.899950000000004, 6.058605555555555), (32211, 51.900000000000006, 6.18945), (32210, 51.900000000000006, 6.18451111111111), (32212, 51.900000000000006, 6.1899999999999995), (32209, 51.89488333333334, 6.0031), (32212, 51.900000000000006, 6.1899999999999995), (32210, 51.900000000000006, 6.189344444444444)]"
49,"[100.0, 100.0, 100.0, 100.0, 100.0, 0.0, 100.0, 100.0, 100.0, 100.0, 100.0, 100.0, 0.0, 100.0, 0.0, 0.0]","[1, 1, 2, 1, 2, 0, 1, 1, 1, 1, 2, 1, 0, 1, 0, 0]","[4.75, 4.75, 4.75, 4.75, 4.75, 2.45, 4.75, 4.75, 5.05, 5.05, 5.05, 5.05, 2.65, 5.05, 2.65, 2.65]","[0, 3566.579494397111, 2877.621385390975, 754.589249271, 3987.7742500836503, 0, 1121.86742445232, 1563.5504149775322, 1499.1618721790824, 2953.431360041183, 3158.590253568779, 6361.008278047395, 0, 2446.521763816231, 0, 0]","[4029, 462.4205056028891, 1151.3786146090251, 3274.410750729, 41.22574991634974, 4029, 2907.13257554768, 2465.4495850224675, 2529.8381278209176, 1075.5686399588171, 870.4097464312208, -2332.008278047395, 4029, 1582.4782361837688, 4029, 4029]","[4029, 4029, 4029, 4029, 4029, 4029, 4029, 4029, 4029, 4029, 4029, 4029, 4029, 4029, 4029, 4029]","[4029, 4029, 4029, 4029, 4029, 0, 4029, 4029, 4029, 4029, 4029, 4029, 0, 4029, 0, 0]","[(271.2314, 0.0722, 0.0028666666666666667), (1644.1666, 0.15380000000000002, 0.6252666666666667), (600.4834000000001, 3.6645333333333334, 0.17926666666666666), (90.177, 0.02, 0.014), (355.29133333333334, 0.2187333333333333, 0.18600000000000003), (0, 0, 0), (81.0898, 0.0, 0.001), (117.4404, 0.9303333333333335, 0.7412666666666667), (279.62, 9.749466666666667, 1.610333333333333), (1311.4188000000001, 0.188, 0.5201333333333333), (381.6808666666667, 0.5945333333333334, 0.19333333333333338), (1157.6274666666666, 0.016533333333333334, 0.022133333333333328), (0, 0, 0), (1311.4188000000001, 0.1956, 0.7402000000000001), (0, 0, 0), (0, 0, 0)]","[(4023.7686, 1859.9278, 999.9971333333333), (2650.8334, 1859.8462, 999.3747333333333), (3694.5166, 1856.3354666666667, 999.8207333333334), (4204.823, 1859.98, 999.986), (3939.7086666666664, 1859.7812666666666, 999.814), (4295, 1860.0, 1000.0), (4213.9102, 1860.0, 999.999), (4177.5596, 1859.0696666666668, 999.2587333333333), (7912.38, 1790.2505333333334, 1523.3896666666667), (6880.5812, 1799.812, 1524.4798666666666), (7810.319133333333, 1799.4054666666666, 1524.8066666666666), (7034.372533333333, 1799.9834666666666, 1524.9778666666666), (8192, 1800.0, 1525.0), (6880.5812, 1799.8044, 1524.2598), (8192, 1800.0, 1525.0), (8192, 1800.0, 1525.0)]","[(1, 0.24863333333333332, 0.04668333333333334), (3, 5e-05, 0.16941111111111112), (6, 8.333333333333333e-05, 0.28645), (1, 3.3333333333333335e-05, 0.05506666666666666), (4, 0.005633333333333334, 0.08021111111111112), (0, 0, 0), (3, 0.0, 0.0), (2, 0.0, 0.010772222222222223), (2, 0.05768333333333333, 0.023244444444444446), (3, 3.3333333333333335e-05, 0.16156666666666666), (4, 0.011550000000000001, 0.4310555555555556), (2, 0.0, 0.005333333333333333), (0, 0, 0), (3, 0.0006, 0.11304444444444445), (0, 0, 0), (0, 0, 0)]","[(32211, 66.85136666666666, 10.063316666666665), (32209, 67.09994999999999, 9.940588888888888), (32206, 67.09991666666666, 9.82355), (32211, 67.09996666666666, 10.054933333333333), (32208, 67.09436666666666, 10.029788888888888), (32212, 67.1, 10.11), (32209, 67.1, 10.11), (32210, 67.1, 10.099227777777777), (32210, 51.84231666666667, 6.166755555555555), (32209, 51.89996666666667, 6.028433333333333), (32208, 51.888450000000006, 5.7589444444444435), (32210, 51.900000000000006, 6.184666666666666), (32212, 51.900000000000006, 6.1899999999999995), (32209, 51.89940000000001, 6.076955555555555), (32212, 51.900000000000006, 6.1899999999999995), (32212, 51.900000000000006, 6.1899999999999995)]"
50,"[100.0, 100.0, 100.0, 100.0, 99.97517994539588, 0.0, 100.0, 100.0, 100.0, 100.0, 100.0, 100.0, 0.0, 100.0, 0.0, 0.0]","[1, 1, 2, 1, 2, 0, 1, 1, 1, 1, 2, 1, 0, 1, 0, 0]","[4.75, 4.75, 4.75, 4.75, 4.748485976669149, 2.45, 4.75, 4.75, 5.05, 5.05, 5.05, 5.05, 2.65, 5.05, 2.65, 2.65]","[628.9803113908888, 4726.09725342664, 1816.3564093671823, 741.2336873370001, 4648.806150577579, 0, 0, 1554.649748478609, 1863.10094582612, 2989.8560016860883, 2520.8621742750333, 2438.7820916767528, 0, 2303.8585840403466, 0, 0]","[3400.019688609111, -697.0972534266402, 2212.643590632818, 3287.766312663, -619.8061505775786, 4029, 4029, 2474.3502515213913, 2165.89905417388, 1039.1439983139117, 1508.1378257249667, 1590.2179083232472, 4029, 1725.1414159596534, 4029, 4029]","[4029, 4029, 4029, 4029, 4029, 4029, 4029, 4029, 4029, 4029, 4029, 4029, 4029, 4029, 4029, 4029]","[4029, 4029, 4029, 4029, 4028, 0, 4029, 4029, 4029, 4029, 4029, 4029, 0, 4029, 0, 0]","[(320.1647333333333, 0.0011333333333333332, 0.0015333333333333334), (1434.4516, 0.22206666666666663, 0.8742666666666667), (595.5902, 1.313, 0.2174), (93.3228, 0.018333333333333333, 0.014133333333333333), (365.2515333333334, 0.3362, 0.2531333333333334), (0, 0, 0), (117.4404, 0.0, 0.001), (83.886, 0.8937333333333333, 0.7318666666666667), (338.34020000000004, 2.189, 3.0638666666666667), (1177.2012, 0.14893333333333333, 0.6776666666666666), (358.6122, 0.4220666666666667, 0.13673333333333335), (167.772, 0.009333333333333334, 0.0104), (0, 0, 0), (1255.4948, 0.13406666666666667, 0.4640666666666667), (0, 0, 0), (0, 0, 0)]","[(3974.835266666667, 1859.9988666666666, 999.9984666666667), (2860.5483999999997, 1859.7779333333333, 999.1257333333333), (3699.4098, 1858.687, 999.7826), (4201.6772, 1859.9816666666666, 999.9858666666667), (3929.7484666666664, 1859.6638, 999.7468666666666), (4295, 1860.0, 1000.0), (4177.5596, 1860.0, 999.999), (4211.114, 1859.1062666666667, 999.2681333333334), (7853.6598, 1797.811, 1521.9361333333334), (7014.7988000000005, 1799.8510666666666, 1524.3223333333333), (7833.3878, 1799.5779333333332, 1524.8632666666667), (8024.228, 1799.9906666666666, 1524.9896), (8192, 1800.0, 1525.0), (6936.5052, 1799.8659333333333, 1524.5359333333333), (8192, 1800.0, 1525.0), (8192, 1800.0, 1525.0)]","[(2, 0.0037166666666666667, 0.0028777777777777777), (3, 0.0001, 0.21292777777777777), (6, 0.00016666666666666666, 0.37377222222222223), (1, 0.0, 0.0557), (4, 0.0012166666666666667, 0.09025555555555556), (0, 0, 0), (3, 0.0, 0.0), (2, 0.0, 0.007866666666666668), (2, 1.1261166666666667, 0.002977777777777778), (3, 5e-05, 0.12382222222222221), (4, 1.666666666666667e-05, 0.2288666666666667), (2, 0.0, 0.002172222222222222), (0, 0, 0), (3, 1.666666666666667e-05, 0.12178333333333334), (0, 0, 0), (0, 0, 0)]","[(32210, 67.09628333333333, 10.107122222222221), (32209, 67.09989999999999, 9.897072222222222), (32206, 67.09983333333332, 9.736227777777778), (32211, 67.1, 10.0543), (32208, 67.09878333333333, 10.019744444444443), (32212, 67.1, 10.11), (32209, 67.1, 10.11), (32210, 67.1, 10.102133333333333), (32210, 50.77388333333334, 6.187022222222222), (32209, 51.899950000000004, 6.066177777777777), (32208, 51.89998333333334, 5.961133333333333), (32210, 51.900000000000006, 6.187827777777778), (32212, 51.900000000000006, 6.1899999999999995), (32209, 51.89998333333334, 6.068216666666666), (32212, 51.900000000000006, 6.1899999999999995), (32212, 51.900000000000006, 6.1899999999999995)]"
51,"[100.0, 100.0, 100.0, 100.0, 100.0, 100.0, 0.0, 100.0, 100.0, 100.0, 100.0, 100.0, 0.0, 100.0, 0.0, 100.0]","[1, 1, 1, 1, 2, 1, 0, 1, 1, 1, 3, 1, 0, 1, 0, 1]","[4.75, 4.75, 4.75, 4.75, 4.75, 4.75, 2.45, 4.75, 5.05, 5.05, 5.05, 5.05, 2.65, 5.05, 2.65, 5.05]","[634.9140879134446, 3065.7406717796443, 2230.3788262082307, 804.6726065235, 5053.302603220805, 777.9614183128089, 0, 1554.649748478609, 2634.3846707111265, 5888.650399259911, 3318.8571885929923, 2554.490731062876, 0, 2662.034226881929, 0, 3752.9130163235823]","[3394.0859120865553, 963.2593282203557, 1798.6211737917693, 3224.3273934765, -1024.3026032208054, 3251.0385816871913, 4029, 2474.3502515213913, 1394.6153292888735, -1859.650399259911, 710.1428114070077, 1474.509268937124, 4029, 1366.965773118071, 4029, 276.08698367641773]","[4029, 4029, 4029, 4029, 4029, 4029, 4029, 4029, 4029, 4029, 4029, 4029, 4029, 4029, 4029, 4029]","[4029, 4029, 4029, 4029, 4029, 4029, 0, 4029, 4029, 4029, 4029, 4029, 0, 4029, 0, 4029]","[(300.59133333333324, 0.0011333333333333332, 0.0015333333333333334), (1392.5086000000001, 0.1512, 0.6417333333333333), (209.7148, 0.7276, 0.23566666666666664), (93.8472, 0.0318, 0.0146), (396.1302666666667, 0.5435333333333333, 0.29146666666666665), (123.73126666666663, 0.009733333333333332, 0.0028), (0, 0, 0), (92.2746, 0.9142666666666668, 0.7324666666666667), (408.2452, 3.357266666666667, 2.6136666666666666), (1269.4758, 0.3529333333333333, 0.49439999999999995), (467.66346666666664, 0.49333333333333323, 0.16146666666666668), (536.8704, 0.009266666666666668, 0.0106), (0, 0, 0), (1470.8021999999999, 0.18553333333333333, 0.47233333333333327), (0, 0, 0), (388.67179999999996, 7.663399999999999, 2.4918666666666667)]","[(3994.4086666666667, 1859.9988666666666, 999.9984666666667), (2902.4914, 1859.8488, 999.3582666666666), (4085.2852, 1859.2724, 999.7643333333333), (4201.1528, 1859.9682, 999.9854), (3898.8697333333334, 1859.4564666666668, 999.7085333333333), (4171.268733333333, 1859.9902666666667, 999.9972), (4295, 1860.0, 1000.0), (4202.7254, 1859.0857333333333, 999.2675333333333), (7783.7548, 1796.6427333333334, 1522.3863333333334), (6922.5242, 1799.6470666666667, 1524.5056), (7724.336533333333, 1799.5066666666667, 1524.8385333333333), (7655.1296, 1799.9907333333333, 1524.9894), (8192, 1800.0, 1525.0), (6721.1978, 1799.8144666666667, 1524.5276666666666), (8192, 1800.0, 1525.0), (7803.3282, 1792.3366, 1522.5081333333333)]","[(2, 0.0004, 0.0023666666666666667), (3, 6.666666666666667e-05, 0.11822222222222224), (3, 0.00021666666666666668, 0.5190777777777777), (1, 0.00011666666666666667, 0.053427777777777775), (4, 0.0004333333333333333, 0.09135000000000001), (2, 0.0, 2.2222222222222223e-05), (0, 0, 0), (2, 0.0, 0.010216666666666666), (2, 1.092625, 0.013255555555555555), (3, 0.1731833333333333, 0.38794999999999996), (5, 8.333333333333333e-05, 0.31556666666666666), (2, 0.0, 0.0023777777777777777), (0, 0, 0), (3, 1.666666666666667e-05, 0.1395388888888889), (0, 0, 0), (2, 0.0, 0.016355555555555557)]","[(32210, 67.0996, 10.107633333333332), (32209, 67.09993333333333, 9.991777777777777), (32209, 67.09978333333333, 9.590922222222222), (32211, 67.09988333333332, 10.056572222222222), (32208, 67.09956666666666, 10.01865), (32210, 67.1, 10.109977777777777), (32212, 67.1, 10.11), (32210, 67.1, 10.099783333333333), (32210, 50.80737500000001, 6.176744444444444), (32209, 51.72681666666667, 5.8020499999999995), (32207, 51.89991666666667, 5.874433333333333), (32210, 51.900000000000006, 6.187622222222222), (32212, 51.900000000000006, 6.1899999999999995), (32209, 51.89998333333334, 6.050461111111111), (32212, 51.900000000000006, 6.1899999999999995), (32210, 51.900000000000006, 6.173644444444444)]"
52,"[100.0, 100.0, 100.0, 100.0, 100.0, 100.0, 0.0, 100.0, 100.0, 100.0, 100.0, 100.0, 0.0, 100.0, 0.0, 100.0]","[1, 1, 1, 1, 2, 1, 0, 1, 1, 1, 3, 1, 0, 1, 0, 1]","[4.75, 4.75, 4.75, 4.75, 4.75, 4.75, 2.45, 4.75, 5.05, 5.05, 5.05, 5.05, 2.65, 5.05, 2.65, 5.05]","[557.7749931202221, 5157.122179558036, 1318.8617310662446, 0, 4516.86405980173, 888.1447951553957, 0, 0, 1779.6286812281753, 4252.576912042853, 3549.240579137024, 2450.6496444343047, 0, 2986.820614882346, 0, 2794.65141873918]","[3471.225006879778, -1128.122179558036, 2710.138268933755, 4029, -487.86405980173004, 3140.8552048446045, 4029, 4029, 2249.371318771825, -223.5769120428531, 479.7594208629762, 1578.3503555656953, 4029, 1042.179385117654, 4029, 1234.34858126082]","[4029, 4029, 4029, 4029, 4029, 4029, 4029, 4029, 4029, 4029, 4029, 4029, 4029, 4029, 4029, 4029]","[4029, 4029, 4029, 4029, 4029, 4029, 0, 4029, 4029, 4029, 4029, 4029, 0, 4029, 0, 4029]","[(288.00833333333327, 0.0011333333333333332, 0.0014), (1632.9818, 0.3732, 0.7381333333333333), (255.852, 0.40273333333333333, 0.13053333333333333), (99.0902, 0.043, 0.015133333333333334), (386.6001333333335, 0.3373333333333333, 0.22006666666666666), (120.93533333333332, 0.045200000000000004, 0.020266666666666665), (0, 0, 0), (134.2176, 0.8891333333333333, 0.7291333333333333), (645.9222, 2.945, 2.129), (1974.1186, 0.14053333333333334, 0.48906666666666665), (407.5450666666667, 0.6014666666666666, 0.19766666666666668), (738.197, 0.009333333333333334, 0.0108), (0, 0, 0), (1311.4188000000001, 0.14286666666666667, 0.5135333333333333), (0, 0, 0), (651.5146, 19.004533333333335, 2.486266666666667)]","[(4006.991666666667, 1859.9988666666666, 999.9986), (2662.0182, 1859.6268, 999.2618666666667), (4039.148, 1859.5972666666667, 999.8694666666667), (4195.9098, 1859.957, 999.9848666666667), (3908.3998666666666, 1859.6626666666666, 999.7799333333334), (4174.064666666667, 1859.9548, 999.9797333333333), (4295, 1860.0, 1000.0), (4160.7824, 1859.1108666666667, 999.2708666666666), (7546.0778, 1797.055, 1522.871), (6217.8814, 1799.8594666666668, 1524.5109333333332), (7784.454933333333, 1799.3985333333333, 1524.8023333333333), (7453.803, 1799.9906666666666, 1524.9892), (8192, 1800.0, 1525.0), (6880.5812, 1799.8571333333334, 1524.4864666666667), (8192, 1800.0, 1525.0), (7540.4854, 1780.9954666666667, 1522.5137333333332)]","[(2, 0.00026666666666666673, 0.002455555555555556), (3, 0.09808333333333331, 0.2580777777777778), (3, 5e-05, 0.20164999999999994), (1, 0.0, 0.05496666666666667), (4, 0.0004166666666666666, 0.08037222222222222), (2, 0.0, 0.0), (0, 0, 0), (2, 1.666666666666667e-05, 0.00786111111111111), (2, 0.0, 0.0070888888888888885), (3, 1.666666666666667e-05, 0.31198333333333333), (5, 0.00016666666666666666, 0.37562222222222225), (2, 0.0, 0.0023666666666666667), (0, 0, 0), (3, 5e-05, 0.13139444444444442), (0, 0, 0), (2, 0.0, 0.0053)]","[(32210, 67.09973333333333, 10.107544444444445), (32209, 67.00191666666666, 9.851922222222221), (32209, 67.09994999999999, 9.908349999999999), (32211, 67.1, 10.055033333333332), (32208, 67.09958333333333, 10.029627777777778), (32210, 67.1, 10.11), (32212, 67.1, 10.11), (32210, 67.09998333333333, 10.102138888888888), (32210, 51.900000000000006, 6.18291111111111), (32209, 51.89998333333334, 5.8780166666666664), (32207, 51.89983333333334, 5.814377777777778), (32210, 51.900000000000006, 6.187633333333332), (32212, 51.900000000000006, 6.1899999999999995), (32209, 51.899950000000004, 6.058605555555555), (32212, 51.900000000000006, 6.1899999999999995), (32210, 51.900000000000006, 6.184699999999999)]"
53,"[100.0, 100.0, 100.0, 0.0, 99.97517994539588, 100.0, 0.0, 100.0, 100.0, 100.0, 100.0, 100.0, 0.0, 100.0, 100.0, 100.0]","[1, 1, 2, 0, 2, 1, 0, 1, 1, 1, 2, 1, 0, 1, 1, 1]","[4.75, 4.75, 4.75, 2.45, 4.748485976669149, 4.75, 2.45, 4.75, 5.05, 5.05, 5.05, 5.05, 2.65, 5.05, 5.05, 5.05]","[0, 6377.347674662409, 2023.3677738414972, 0, 4435.753888179106, 851.4170028745334, 0, 881.4670876440003, 2090.1455055325287, 3235.722332789209, 3395.6514747227075, 2453.616532623692, 0, 2953.431360041183, 1364.7688631682443, 1739.5619942211624]","[4029, -2348.347674662409, 2005.6322261585028, 4029, -406.75388817910607, 3177.5829971254666, 4029, 3147.5329123559995, 1938.8544944674713, 793.2776672107912, 633.3485252772925, 1575.383467376308, 4029, 1075.5686399588171, 2664.231136831756, 2289.4380057788376]","[4029, 4029, 4029, 4029, 4029, 4029, 4029, 4029, 4029, 4029, 4029, 4029, 4029, 4029, 4029, 4029]","[4029, 4029, 4029, 0, 4028, 4029, 0, 4029, 4029, 4029, 4029, 4029, 0, 4029, 4029, 4029]","[(311.7758666666666, 0.0011333333333333332, 0.0015333333333333334), (1756.0146000000002, 0.15113333333333331, 0.6404), (335.54359999999997, 0.46926666666666667, 0.15200000000000002), (0, 0, 0), (404.02833333333336, 0.28706666666666664, 0.20620000000000002), (120.23626666666664, 0.034466666666666666, 0.0114), (0, 0, 0), (95.9442, 0.019933333333333334, 0.0208), (402.6528, 3.2084, 1.765466666666667), (1730.8488, 0.18693333333333337, 0.49646666666666667), (290.8043333333333, 0.7278666666666667, 0.23666666666666664), (352.32120000000003, 0.0094, 0.010866666666666667), (0, 0, 0), (1311.4188000000001, 0.188, 0.5201333333333333), (402.65259999999995, 0.0, 0.0), (369.0984, 16.1096, 2.579733333333333)]","[(3983.224133333333, 1859.9988666666666, 999.9984666666667), (2538.9853999999996, 1859.8488666666667, 999.3596), (3959.4564, 1859.5307333333333, 999.848), (4295, 1860.0, 1000.0), (3890.971666666667, 1859.7129333333332, 999.7938), (4174.763733333333, 1859.9655333333333, 999.9886), (4295, 1860.0, 1000.0), (4199.0558, 1859.9800666666667, 999.9792), (7789.3472, 1796.7916, 1523.2345333333333), (6461.1512, 1799.8130666666666, 1524.5035333333333), (7901.1956666666665, 1799.2721333333334, 1524.7633333333333), (7839.6788, 1799.9906, 1524.9891333333333), (8192, 1800.0, 1525.0), (6880.5812, 1799.812, 1524.4798666666666), (7789.3474, 1800.0, 1525.0), (7822.9016, 1783.8904, 1522.4202666666667)]","[(2, 0.0, 0.002388888888888889), (3, 0.07565000000000001, 0.43214444444444444), (4, 3.3333333333333335e-05, 0.2781166666666667), (0, 0, 0), (4, 0.1991166666666667, 0.0789), (2, 0.0, 2.2222222222222223e-05), (0, 0, 0), (1, 0.0012, 0.05558333333333333), (2, 0.0, 0.005355555555555555), (3, 1.666666666666667e-05, 0.20562222222222223), (4, 0.00021666666666666668, 0.5196166666666666), (2, 0.0, 0.002344444444444444), (0, 0, 0), (3, 3.3333333333333335e-05, 0.16156666666666666), (3, 0.1085, 0.004066666666666666), (2, 0.0, 0.00225)]","[(32210, 67.1, 10.10761111111111), (32209, 67.02435, 9.677855555555555), (32208, 67.09996666666666, 9.831883333333332), (32212, 67.1, 10.11), (32208, 66.90088333333333, 10.031099999999999), (32210, 67.1, 10.109977777777777), (32212, 67.1, 10.11), (32211, 67.0988, 10.054416666666667), (32210, 51.900000000000006, 6.184644444444444), (32209, 51.89998333333334, 5.984377777777778), (32208, 51.89978333333334, 5.670383333333333), (32210, 51.900000000000006, 6.187655555555555), (32212, 51.900000000000006, 6.1899999999999995), (32209, 51.89996666666667, 6.028433333333333), (32209, 51.791500000000006, 6.185933333333333), (32210, 51.900000000000006, 6.187749999999999)]"
54,"[100.0, 100.0, 100.0, 0.0, 100.0, 100.0, 0.0, 100.0, 100.0, 100.0, 100.0, 100.0, 100.0, 100.0, 100.0, 100.0]","[1, 1, 1, 0, 2, 1, 0, 1, 1, 1, 2, 1, 1, 1, 1, 1]","[4.75, 4.75, 4.75, 2.45, 4.75, 4.75, 2.45, 4.75, 5.05, 5.05, 5.05, 5.05, 5.05, 5.05, 5.05, 5.05]","[1154.1194728238213, 0, 2036.723179621289, 0, 3859.513405712929, 0, 0, 754.589249271, 1232.0506254656602, 2452.592537423716, 2477.456599360008, 2495.1529672751212, 554.2559608139378, 2989.8560016860883, 1691.1266347954333, 1826.3731494030244]","[2874.8805271761785, 4029, 1992.276820378711, 4029, 169.48659428707106, 4029, 4029, 3274.410750729, 2796.9493745343398, 1576.4074625762842, 1551.543400639992, 1533.8470327248788, 3474.7440391860623, 1039.1439983139117, 2337.8733652045667, 2202.6268505969756]","[4029, 4029, 4029, 4029, 4029, 4029, 4029, 4029, 4029, 4029, 4029, 4029, 4029, 4029, 4029, 4029]","[4029, 4029, 4029, 0, 4029, 4029, 0, 4029, 4029, 4029, 4029, 4029, 4029, 4029, 4029, 4029]","[(176.16013333333333, 1.632466666666667, 0.017733333333333334), (1834.3084, 0.274, 0.7126), (212.51093333333333, 0.6914, 0.224), (0, 0, 0), (391.8933333333333, 0.2677333333333333, 0.1963333333333334), (130.722, 0.026466666666666666, 0.011066666666666664), (0, 0, 0), (96.9928, 0.020133333333333333, 0.014066666666666665), (444.5958, 2.369733333333333, 2.1395999999999997), (1356.158, 0.1402, 0.49906666666666666), (334.84433333333334, 0.40313333333333334, 0.13193333333333335), (218.1036, 0.009333333333333334, 0.010666666666666666), (125.82866666666669, 0.0007333333333333332, 0.0002666666666666667), (1177.2012, 0.14893333333333333, 0.6776666666666666), (339.738, 0.0, 0.0), (268.4352, 13.852799999999998, 1.682)]","[(4118.839866666666, 1858.3675333333333, 999.9822666666666), (2460.6916, 1859.726, 999.2874), (4082.4890666666665, 1859.3086, 999.776), (4295, 1860.0, 1000.0), (3903.1066666666666, 1859.7322666666666, 999.8036666666667), (4164.278, 1859.9735333333333, 999.9889333333333), (4295, 1860.0, 1000.0), (4198.0072, 1859.9798666666666, 999.9859333333334), (7747.4042, 1797.6302666666666, 1522.8604), (6835.842000000001, 1799.8598, 1524.5009333333333), (7857.155666666667, 1799.5968666666668, 1524.8680666666667), (7973.8964, 1799.9906666666666, 1524.9893333333334), (8066.171333333334, 1799.9992666666667, 1524.9997333333333), (7014.7988000000005, 1799.8510666666666, 1524.3223333333333), (7852.262, 1800.0, 1525.0), (7923.5648, 1786.1472, 1523.318)]","[(3, 0.0, 0.0001388888888888889), (3, 5e-05, 0.20435555555555557), (3, 0.0002333333333333333, 0.49188333333333323), (0, 0, 0), (4, 0.04091666666666667, 0.06300555555555556), (2, 0.0, 4.4444444444444447e-05), (0, 0, 0), (1, 0.0, 0.054338888888888895), (2, 0.0, 0.005061111111111111), (3, 8.333333333333333e-05, 0.11315), (4, 5e-05, 0.20222777777777773), (2, 0.0, 0.002655555555555556), (1, 0.0, 0.00165), (3, 5e-05, 0.12382222222222221), (3, 0.2122, 0.00935), (2, 0.0, 0.005916666666666666)]","[(32209, 67.1, 10.10986111111111), (32209, 67.09994999999999, 9.905644444444444), (32209, 67.09976666666667, 9.618116666666666), (32212, 67.1, 10.11), (32208, 67.05908333333333, 10.046994444444444), (32210, 67.1, 10.109955555555555), (32212, 67.1, 10.11), (32211, 67.1, 10.05566111111111), (32210, 51.900000000000006, 6.1849388888888885), (32209, 51.89991666666667, 6.076849999999999), (32208, 51.899950000000004, 5.987772222222222), (32210, 51.900000000000006, 6.187344444444444), (32211, 51.900000000000006, 6.18835), (32209, 51.899950000000004, 6.066177777777777), (32209, 51.6878, 6.180649999999999), (32210, 51.900000000000006, 6.184083333333333)]"
55,"[100.0, 0.0, 100.0, 0.0, 100.0, 100.0, 0.0, 100.0, 100.0, 100.0, 100.0, 100.0, 100.0, 100.0, 100.0, 100.0]","[1, 0, 1, 0, 2, 1, 0, 1, 1, 1, 2, 1, 1, 1, 1, 2]","[4.75, 2.45, 4.75, 2.45, 4.75, 4.75, 2.45, 4.75, 5.05, 5.05, 5.05, 5.05, 5.05, 5.05, 5.05, 5.05]","[1875.0732823255908, 0, 1769.6119429496443, 0, 4460.58902549455, 652.7155422502, 0, 754.589249271, 2534.217953193593, 2677.21116090064, 2594.3177643597355, 2423.947650729814, 597.6615481065954, 5888.650399259911, 1254.9939763481898, 2003.3344077599668]","[2153.9267176744092, 4029, 2259.3880570503557, 4029, -431.5890254945498, 3376.2844577498, 4029, 3274.410750729, 1494.782046806407, 1351.7888390993598, 1434.6822356402645, 1605.052349270186, 3431.3384518934045, -1859.650399259911, 2774.00602365181, 2025.6655922400332]","[4029, 4029, 4029, 4029, 4029, 4029, 4029, 4029, 4029, 4029, 4029, 4029, 4029, 4029, 4029, 4029]","[4029, 0, 4029, 0, 4029, 4029, 0, 4029, 4029, 4029, 4029, 4029, 4029, 4029, 4029, 4029]","[(214.6078, 3.082733333333333, 0.04673333333333334), (0, 0, 0), (190.14146666666667, 0.5508, 0.17880000000000001), (0, 0, 0), (377.1174666666667, 0.28473333333333334, 0.20353333333333337), (433.41086666666666, 0.0023333333333333335, 0.0030666666666666668), (0, 0, 0), (90.177, 0.02, 0.014), (349.525, 5.339466666666667, 2.7218), (1227.5328, 0.18566666666666662, 0.4779333333333333), (281.0174666666667, 0.46913333333333335, 0.1532666666666667), (134.2176, 0.009266666666666668, 0.010666666666666666), (98.56533333333331, 0.0005333333333333334, 0.0002), (1269.4758, 0.3529333333333333, 0.49439999999999995), (343.93240000000003, 0.0, 0.0), (882.2012, 15.210466666666669, 1.8528666666666664)]","[(4080.3922000000002, 1856.9172666666666, 999.9532666666667), (4295, 1860.0, 1000.0), (4104.858533333333, 1859.4492, 999.8212), (4295, 1860.0, 1000.0), (3917.8825333333334, 1859.7152666666666, 999.7964666666667), (3861.5891333333334, 1859.9976666666666, 999.9969333333333), (4295, 1860.0, 1000.0), (4204.823, 1859.98, 999.986), (7842.475, 1794.6605333333334, 1522.2782), (6964.4672, 1799.8143333333333, 1524.5220666666667), (7910.982533333334, 1799.5308666666667, 1524.8467333333333), (8057.7824, 1799.9907333333333, 1524.9893333333334), (8093.434666666667, 1799.9994666666666, 1524.9998), (6922.5242, 1799.6470666666667, 1524.5056), (7848.0676, 1800.0, 1525.0), (7309.7988000000005, 1784.7895333333333, 1523.1471333333334)]","[(3, 0.0, 0.00015555555555555556), (0, 0, 0), (3, 0.00013333333333333334, 0.3462888888888889), (0, 0, 0), (4, 0.0097, 0.08267777777777777), (1, 0.011300000000000001, 0.0010833333333333333), (0, 0, 0), (1, 3.3333333333333335e-05, 0.05506666666666666), (2, 0.0, 0.01048888888888889), (3, 3.3333333333333335e-05, 0.15232222222222222), (4, 3.3333333333333335e-05, 0.27711111111111114), (2, 0.0, 0.0023833333333333337), (1, 0.0, 0.0015500000000000002), (3, 0.1731833333333333, 0.38794999999999996), (3, 0.020033333333333334, 0.0038777777777777777), (4, 0.012733333333333334, 0.007366666666666666)]","[(32209, 67.1, 10.109844444444445), (32212, 67.1, 10.11), (32209, 67.09986666666666, 9.76371111111111), (32212, 67.1, 10.11), (32208, 67.0903, 10.027322222222221), (32211, 67.08869999999999, 10.108916666666666), (32212, 67.1, 10.11), (32211, 67.09996666666666, 10.054933333333333), (32210, 51.900000000000006, 6.17951111111111), (32209, 51.89996666666667, 6.037677777777778), (32208, 51.89996666666667, 5.912888888888888), (32210, 51.900000000000006, 6.187616666666666), (32211, 51.900000000000006, 6.18845), (32209, 51.72681666666667, 5.8020499999999995), (32209, 51.879966666666675, 6.186122222222222), (32208, 51.88726666666667, 6.1826333333333325)]"
56,"[100.0, 0.0, 100.0, 0.0, 100.0, 100.0, 0.0, 100.0, 100.0, 100.0, 100.0, 100.0, 100.0, 100.0, 100.0, 100.0]","[1, 0, 1, 0, 2, 1, 0, 1, 1, 1, 2, 1, 1, 1, 1, 2]","[4.75, 2.45, 4.75, 2.45, 4.75, 4.75, 2.45, 4.75, 5.05, 5.05, 5.05, 5.05, 5.05, 5.05, 5.05, 5.05]","[1510.1460454172877, 0, 1292.1506073990797, 0, 4326.508492587768, 634.9142092797401, 0, 0, 5161.924842736884, 6028.278192232053, 3195.3180479150524, 2423.947650729814, 0, 4252.576912042853, 1266.8615316800874, 2030.0455530397758]","[2518.8539545827125, 4029, 2736.8493926009205, 4029, -297.50849258776816, 3394.08579072026, 4029, 4029, -1132.9248427368839, -1999.2781922320528, 833.6819520849476, 1605.052349270186, 4029, -223.5769120428531, 2762.1384683199126, 1998.9544469602242]","[4029, 4029, 4029, 4029, 4029, 4029, 4029, 4029, 4029, 4029, 4029, 4029, 4029, 4029, 4029, 4029]","[4029, 0, 4029, 0, 4029, 4029, 0, 4029, 4029, 4029, 4029, 4029, 4029, 4029, 4029, 4029]","[(434.80906666666664, 2.7484, 0.018466666666666666), (0, 0, 0), (198.53, 0.4244, 0.13933333333333334), (0, 0, 0), (378.9284666666666, 0.2698666666666667, 0.2056), (398.45840000000004, 0.0016666666666666668, 0.0003333333333333333), (0, 0, 0), (93.3228, 0.018333333333333333, 0.014133333333333333), (553.6476, 10.710466666666667, 4.053266666666667), (1551.892, 0.19686666666666666, 1.39), (311.7754, 0.6918, 0.22540000000000002), (33.5544, 0.009333333333333334, 0.010466666666666668), (113.24566666666668, 0.0007333333333333332, 0.0002666666666666667), (1974.1186, 0.14053333333333334, 0.48906666666666665), (306.18359999999996, 0.0, 0.0), (734.7016666666668, 9.762, 1.7993999999999997)]","[(3860.1909333333333, 1857.2516, 999.9815333333333), (4295, 1860.0, 1000.0), (4096.47, 1859.5756, 999.8606666666667), (4295, 1860.0, 1000.0), (3916.0715333333333, 1859.7301333333332, 999.7944), (3896.5416, 1859.9983333333332, 999.9996666666667), (4295, 1860.0, 1000.0), (4201.6772, 1859.9816666666666, 999.9858666666667), (7638.3524, 1789.2895333333333, 1520.9467333333334), (6640.108, 1799.8031333333333, 1523.61), (7880.2246, 1799.3082, 1524.7746), (8158.4456, 1799.9906666666666, 1524.9895333333334), (8078.754333333333, 1799.9992666666667, 1524.9997333333333), (6217.8814, 1799.8594666666668, 1524.5109333333332), (7885.8164, 1800.0, 1525.0), (7457.298333333333, 1790.238, 1523.2006)]","[(3, 0.0, 0.00023888888888888888), (0, 0, 0), (3, 1.666666666666667e-05, 0.19247222222222224), (0, 0, 0), (4, 0.012433333333333333, 0.07300555555555555), (1, 0.015133333333333334, 0.0009777777777777777), (0, 0, 0), (1, 0.0, 0.0557), (2, 0.0, 0.008927777777777778), (3, 0.0001, 0.1530611111111111), (4, 0.0002333333333333333, 0.49239444444444436), (2, 0.0, 0.0022833333333333334), (1, 0.0, 0.0016666666666666668), (3, 1.666666666666667e-05, 0.31198333333333333), (3, 0.008033333333333333, 0.003372222222222222), (4, 0.05796666666666666, 0.02620555555555556)]","[(32209, 67.1, 10.10976111111111), (32212, 67.1, 10.11), (32209, 67.09998333333333, 9.917527777777778), (32212, 67.1, 10.11), (32208, 67.08756666666666, 10.036994444444444), (32211, 67.08486666666666, 10.109022222222222), (32212, 67.1, 10.11), (32211, 67.1, 10.0543), (32210, 51.900000000000006, 6.181072222222221), (32209, 51.8999, 6.036938888888889), (32208, 51.89976666666667, 5.697605555555555), (32210, 51.900000000000006, 6.187716666666666), (32211, 51.900000000000006, 6.188333333333333), (32209, 51.89998333333334, 5.8780166666666664), (32209, 51.891966666666676, 6.186627777777777), (32208, 51.84203333333334, 6.163794444444444)]"
57,"[100.0, 0.0, 100.0, 0.0, 100.0, 100.0, 0.0, 0.0, 100.0, 100.0, 100.0, 100.0, 100.0, 100.0, 100.0, 100.0]","[1, 0, 1, 0, 2, 1, 0, 0, 1, 1, 2, 1, 1, 1, 2, 2]","[4.75, 2.45, 4.75, 2.45, 4.75, 4.75, 2.45, 2.45, 5.05, 5.05, 5.05, 5.05, 5.05, 5.05, 5.05, 5.05]","[1501.2453811024511, 0, 961.60045201792, 0, 4097.850400300497, 655.6824310786097, 0, 0, 0, 6374.312287858666, 2938.223481574478, 2394.2787688359367, 884.1326637750533, 3235.722332789209, 2088.6895299626776, 2400.6624088360045]","[2527.754618897549, 4029, 3067.39954798208, 4029, -68.85040030049731, 3373.3175689213904, 4029, 4029, 4029, -2345.3122878586664, 1090.7765184255222, 1634.7212311640633, 3144.8673362249465, 793.2776672107912, 1940.3104700373224, 1628.3375911639955]","[4029, 4029, 4029, 4029, 4029, 4029, 4029, 4029, 4029, 4029, 4029, 4029, 4029, 4029, 4029, 4029]","[4029, 0, 4029, 0, 4029, 4029, 0, 0, 4029, 4029, 4029, 4029, 4029, 4029, 4029, 4029]","[(348.1266, 1.8001333333333334, 0.6946), (0, 0, 0), (194.33579999999998, 0.31493333333333334, 0.10186666666666666), (0, 0, 0), (321.5634, 0.29, 0.20453333333333332), (349.5247333333333, 0.0023333333333333335, 0.003), (0, 0, 0), (0, 0, 0), (503.316, 17.2942, 4.714533333333334), (1736.4414, 0.2492666666666667, 1.2721333333333333), (275.42533333333336, 0.5513333333333333, 0.18020000000000003), (100.6632, 0.009266666666666668, 0.010733333333333333), (128.62506666666664, 0.00046666666666666666, 0.0014), (1730.8488, 0.18693333333333337, 0.49646666666666667), (451.5860666666666, 0.00046666666666666666, 0.0014), (809.4998666666668, 2.2020666666666666, 3.2533333333333334)]","[(3946.8734, 1858.1998666666666, 999.3054), (4295, 1860.0, 1000.0), (4100.6642, 1859.6850666666667, 999.8981333333334), (4295, 1860.0, 1000.0), (3973.4366, 1859.71, 999.7954666666667), (3945.475266666667, 1859.9976666666666, 999.997), (4295, 1860.0, 1000.0), (4295, 1860.0, 1000.0), (7688.684, 1782.7058, 1520.2854666666667), (6455.5586, 1799.7507333333333, 1523.7278666666666), (7916.574666666666, 1799.4486666666667, 1524.8198), (8091.3368, 1799.9907333333333, 1524.9892666666667), (8063.3749333333335, 1799.9995333333334, 1524.9986), (6461.1512, 1799.8130666666666, 1524.5035333333333), (7740.413933333333, 1799.9995333333334, 1524.9986), (7382.500133333333, 1797.7979333333333, 1521.7466666666667)]","[(3, 0.0, 0.00039999999999999996), (0, 0, 0), (3, 0.0, 0.12192777777777777), (0, 0, 0), (4, 0.0034666666666666674, 0.06798888888888889), (1, 0.01145, 0.0009944444444444447), (0, 0, 0), (0, 0, 0), (2, 2.327875, 0.009094444444444445), (3, 0.00015, 0.2104), (4, 0.00013333333333333334, 0.3468333333333334), (2, 0.0, 0.002338888888888889), (2, 0.0705, 0.025599999999999998), (3, 1.666666666666667e-05, 0.20562222222222223), (5, 0.07841666666666666, 0.029044444444444442), (4, 1.1264666666666667, 0.0069611111111111115)]","[(32209, 67.1, 10.109599999999999), (32212, 67.1, 10.11), (32209, 67.1, 9.988072222222222), (32212, 67.1, 10.11), (32208, 67.09653333333333, 10.04201111111111), (32211, 67.08855, 10.109005555555555), (32212, 67.1, 10.11), (32212, 67.1, 10.11), (32210, 49.57212500000001, 6.180905555555555), (32209, 51.89985000000001, 5.9796), (32208, 51.899866666666675, 5.843166666666666), (32210, 51.900000000000006, 6.187661111111111), (32210, 51.8295, 6.1644), (32209, 51.89998333333334, 5.984377777777778), (32207, 51.821583333333336, 6.160955555555555), (32208, 50.77353333333334, 6.1830388888888885)]"
58,"[100.0, 0.0, 100.0, 0.0, 100.0, 100.0, 0.0, 0.0, 0.0, 100.0, 100.0, 100.0, 100.0, 100.0, 100.0, 100.0]","[1, 0, 1, 0, 2, 1, 0, 0, 0, 1, 2, 2, 1, 1, 2, 2]","[4.75, 2.45, 4.75, 2.45, 4.75, 4.75, 2.45, 2.45, 2.65, 5.05, 5.05, 5.05, 5.05, 5.05, 5.05, 5.05]","[976.1061865270877, 0, 1021.7004802690399, 0, 3734.8105164007593, 640.84798693656, 0, 0, 0, 3703.171900565511, 2454.0843658032, 3484.9892995751165, 845.5631180399, 2452.592537423716, 2097.5902055551155, 3178.623915870202]","[3052.8938134729124, 4029, 3007.29951973096, 4029, 294.1894835992407, 3388.15201306344, 4029, 4029, 4029, 325.8280994344891, 1574.9156341968, 544.0107004248835, 3183.4368819601, 1576.4074625762842, 1931.4097944448845, 850.3760841297981]","[4029, 4029, 4029, 4029, 4029, 4029, 4029, 4029, 4029, 4029, 4029, 4029, 4029, 4029, 4029, 4029]","[4029, 0, 4029, 0, 4029, 4029, 0, 0, 0, 4029, 4029, 4029, 4029, 4029, 4029, 4029]","[(230.686, 0.866, 0.3906666666666667), (0, 0, 0), (146.80033333333338, 0.3725333333333334, 0.1176), (0, 0, 0), (293.58340000000004, 0.2728666666666667, 0.20033333333333334), (475.3542666666667, 0.0017333333333333335, 0.0003333333333333333), (0, 0, 0), (0, 0, 0), (0, 0, 0), (1493.1718, 0.1692, 0.7876000000000001), (298.494, 0.42493333333333333, 0.14100000000000001), (184.54919999999998, 0.0092, 0.0116), (120.23626666666664, 0.0, 0.001066666666666667), (1356.158, 0.1402, 0.49906666666666666), (422.2256666666667, 0.0, 0.001066666666666667), (894.7841333333336, 3.37, 2.8028666666666666)]","[(4064.314, 1859.134, 999.6093333333333), (4295, 1860.0, 1000.0), (4148.199666666666, 1859.6274666666666, 999.8824), (4295, 1860.0, 1000.0), (4001.4166, 1859.7271333333333, 999.7996666666667), (3819.6457333333333, 1859.9982666666667, 999.9996666666667), (4295, 1860.0, 1000.0), (4295, 1860.0, 1000.0), (8192, 1800.0, 1525.0), (6698.8282, 1799.8308, 1524.2124), (7893.506, 1799.5750666666668, 1524.859), (8007.4508, 1799.9908, 1524.9884), (8071.763733333333, 1800.0, 1524.9989333333333), (6835.842000000001, 1799.8598, 1524.5009333333333), (7769.774333333333, 1800.0, 1524.9989333333333), (7297.215866666666, 1796.63, 1522.1971333333333)]","[(3, 1.666666666666667e-05, 0.0003444444444444445), (0, 0, 0), (3, 5e-05, 0.20093333333333338), (0, 0, 0), (4, 0.003016666666666666, 0.06320555555555556), (1, 0.015333333333333336, 0.0008833333333333333), (0, 0, 0), (0, 0, 0), (0, 0, 0), (3, 0.0001, 0.13415555555555556), (4, 1.666666666666667e-05, 0.19301111111111113), (5, 0.0, 0.0023166666666666665), (2, 1.666666666666667e-05, 0.0006111111111111112), (3, 8.333333333333333e-05, 0.11315), (5, 0.007866666666666666, 0.0041444444444444445), (4, 1.169225, 0.016466666666666664)]","[(32209, 67.09998333333333, 10.109655555555555), (32212, 67.1, 10.11), (32209, 67.09994999999999, 9.909066666666666), (32212, 67.1, 10.11), (32208, 67.09698333333333, 10.046794444444444), (32211, 67.08466666666666, 10.109116666666667), (32212, 67.1, 10.11), (32212, 67.1, 10.11), (32212, 51.900000000000006, 6.1899999999999995), (32209, 51.8999, 6.055844444444444), (32208, 51.89998333333334, 5.996988888888889), (32207, 51.900000000000006, 6.187683333333333), (32210, 51.89998333333334, 6.189388888888889), (32209, 51.89991666666667, 6.076849999999999), (32207, 51.89213333333334, 6.185855555555555), (32208, 50.73077500000001, 6.173533333333332)]"
59,"[100.0, 0.0, 100.0, 0.0, 99.97517994539588, 100.0, 0.0, 0.0, 0.0, 100.0, 100.0, 100.0, 100.0, 100.0, 100.0, 100.0]","[1, 0, 1, 0, 2, 1, 0, 0, 0, 1, 2, 2, 1, 1, 2, 2]","[4.75, 2.45, 4.75, 2.45, 4.748485976669149, 4.75, 2.45, 2.45, 2.65, 5.05, 5.05, 5.05, 5.05, 5.05, 5.05, 5.05]","[1465.6427238431045, 0, 3549.2405572744774, 0, 4289.967836263288, 0, 0, 0, 0, 0, 2173.6179754722766, 3497.6008582422987, 809.96046043822, 2677.21116090064, 2035.2855484566653, 2303.8345799396775]","[2563.3572761568958, 4029, 479.7594427255226, 4029, -260.9678362632876, 4029, 4029, 4029, 4029, 4029, 1855.3820245277234, 531.3991417577013, 3219.0395395617797, 1351.7888390993598, 1993.7144515433347, 1725.1654200603225]","[4029, 4029, 4029, 4029, 4029, 4029, 4029, 4029, 4029, 4029, 4029, 4029, 4029, 4029, 4029, 4029]","[4029, 0, 4029, 0, 4028, 4029, 0, 0, 0, 4029, 4029, 4029, 4029, 4029, 4029, 4029]","[(331.3495333333333, 4.365933333333333, 0.022533333333333336), (0, 0, 0), (290.8046, 0.5733333333333334, 0.17), (0, 0, 0), (312.6793333333334, 0.26813333333333333, 0.20026666666666668), (552.2496, 0.0023333333333333335, 0.0028666666666666667), (0, 0, 0), (0, 0, 0), (0, 0, 0), (1484.7831999999999, 0.21580000000000002, 0.8416666666666666), (267.7358, 0.31543333333333334, 0.10336666666666666), (181.75300000000001, 0.0092, 0.011733333333333332), (72.7008, 6.666666666666668e-05, 0.0015333333333333334), (1227.5328, 0.18566666666666662, 0.4779333333333333), (401.254, 6.666666666666668e-05, 0.0015333333333333334), (1107.9942, 2.957733333333333, 2.3181333333333334)]","[(3963.650466666667, 1855.6340666666667, 999.9774666666667), (4295, 1860.0, 1000.0), (4004.1954, 1859.4266666666667, 999.83), (4295, 1860.0, 1000.0), (3982.3206666666665, 1859.7318666666667, 999.7997333333333), (3742.7504, 1859.9976666666666, 999.9971333333333), (4295, 1860.0, 1000.0), (4295, 1860.0, 1000.0), (8192, 1800.0, 1525.0), (6707.2168, 1799.7842, 1524.1583333333333), (7924.2642, 1799.6845666666666, 1524.8966333333333), (8010.247, 1799.9908, 1524.9882666666667), (8119.2992, 1799.9999333333333, 1524.9984666666667), (6964.4672, 1799.8143333333333, 1524.5220666666667), (7790.746, 1799.9999333333333, 1524.9984666666667), (7084.0058, 1797.0422666666666, 1522.6818666666666)]","[(3, 0.0, 0.00019444444444444446), (0, 0, 0), (3, 0.0017833333333333332, 0.2834388888888889), (0, 0, 0), (4, 0.008616666666666667, 0.07767777777777778), (1, 0.0116, 0.001061111111111111), (0, 0, 0), (0, 0, 0), (0, 0, 0), (3, 0.0001, 0.17663333333333334), (4, 0.0, 0.12309444444444444), (5, 0.0, 0.002361111111111111), (2, 0.0, 0.0005666666666666668), (3, 3.3333333333333335e-05, 0.15232222222222222), (5, 0.007816666666666666, 0.004094444444444445), (4, 0.07893333333333334, 0.010911111111111111)]","[(32209, 67.1, 10.109805555555555), (32212, 67.1, 10.11), (32209, 67.09821666666666, 9.826561111111111), (32212, 67.1, 10.11), (32208, 67.09138333333333, 10.032322222222222), (32211, 67.0884, 10.108938888888888), (32212, 67.1, 10.11), (32212, 67.1, 10.11), (32212, 51.900000000000006, 6.1899999999999995), (32209, 51.8999, 6.013366666666666), (32208, 51.900000000000006, 6.066905555555555), (32207, 51.900000000000006, 6.1876388888888885), (32210, 51.900000000000006, 6.189433333333333), (32209, 51.89996666666667, 6.037677777777778), (32207, 51.89218333333334, 6.185905555555555), (32208, 51.821066666666674, 6.179088888888888)]"
60,"[100.0, 0.0, 100.0, 0.0, 100.0, 0.0, 100.0, 0.0, 0.0, 0.0, 100.0, 100.0, 100.0, 100.0, 100.0, 100.0]","[1, 0, 1, 0, 2, 0, 1, 0, 0, 0, 2, 2, 1, 1, 2, 2]","[4.75, 2.45, 4.75, 2.45, 4.75, 2.45, 4.75, 2.45, 2.65, 2.65, 5.05, 5.05, 5.05, 5.05, 5.05, 5.05]","[1851.3381774860268, 0, 2160.2621265819243, 0, 2534.217953193593, 0, 0, 0, 0, 0, 2193.6513087331696, 3512.435299189238, 1317.2983312621604, 6028.278192232053, 2572.2923076103502, 2537.556909528333]","[2177.661822513973, 4029, 1868.7378734180757, 4029, 1494.782046806407, 4029, 4029, 4029, 4029, 4029, 1835.3486912668304, 516.5647008107621, 2711.7016687378396, -1999.2781922320528, 1456.7076923896498, 1491.443090471667]","[4029, 4029, 4029, 4029, 4029, 4029, 4029, 4029, 4029, 4029, 4029, 4029, 4029, 4029, 4029, 4029]","[4029, 0, 4029, 0, 4029, 0, 4029, 0, 0, 0, 4029, 4029, 4029, 4029, 4029, 4029]","[(478.1502, 3.8014, 0.020733333333333333), (0, 0, 0), (278.22166666666675, 0.49906666666666666, 0.15853333333333333), (0, 0, 0), (376.9864, 0.2506, 0.1952), (0, 0, 0), (75.84646666666666, 0.0, 0.0), (0, 0, 0), (0, 0, 0), (0, 0, 0), (225.79260000000005, 0.3733333333333334, 0.11946666666666667), (341.1364, 0.009333333333333334, 0.0114), (75.49706666666667, 0.0, 0.001066666666666667), (1551.892, 0.19686666666666666, 1.39), (357.91313333333335, 0.0, 0.001066666666666667), (845.1515333333333, 3.2212, 1.9547333333333337)]","[(3816.8498, 1856.1986, 999.9792666666667), (4295, 1860.0, 1000.0), (4016.778333333333, 1859.5009333333333, 999.8414666666666), (4295, 1860.0, 1000.0), (3918.0136, 1859.7494, 999.8048), (4295, 1860.0, 1000.0), (4219.153533333333, 1860.0, 1000.0), (4295, 1860.0, 1000.0), (8192, 1800.0, 1525.0), (8192, 1800.0, 1525.0), (7966.2074, 1799.6266666666668, 1524.8805333333332), (7850.8636, 1799.9906666666666, 1524.9886), (8116.502933333333, 1800.0, 1524.9989333333333), (6640.108, 1799.8031333333333, 1523.61), (7834.0868666666665, 1800.0, 1524.9989333333333), (7346.848466666666, 1796.7788, 1523.0452666666667)]","[(3, 0.0428, 0.01527777777777778), (0, 0, 0), (3, 0.04115, 0.5988777777777777), (0, 0, 0), (4, 0.0034166666666666664, 0.08588333333333334), (0, 0, 0), (2, 0.00015, 0.0002722222222222222), (0, 0, 0), (0, 0, 0), (0, 0, 0), (4, 5e-05, 0.20150000000000004), (5, 0.0, 0.0024055555555555557), (2, 1.666666666666667e-05, 0.0007), (3, 0.0001, 0.1530611111111111), (5, 0.0067666666666666665, 0.0041111111111111105), (4, 0.058866666666666664, 0.008833333333333334)]","[(32209, 67.0572, 10.094722222222222), (32212, 67.1, 10.11), (32209, 67.05884999999999, 9.511122222222221), (32212, 67.1, 10.11), (32208, 67.09658333333333, 10.024116666666666), (32212, 67.1, 10.11), (32210, 67.09984999999999, 10.109727777777778), (32212, 67.1, 10.11), (32212, 51.900000000000006, 6.1899999999999995), (32212, 51.900000000000006, 6.1899999999999995), (32208, 51.899950000000004, 5.988499999999999), (32207, 51.900000000000006, 6.187594444444444), (32210, 51.89998333333334, 6.189299999999999), (32209, 51.8999, 6.036938888888889), (32207, 51.89323333333334, 6.185888888888888), (32208, 51.84113333333334, 6.181166666666666)]"
61,"[100.0, 0.0, 100.0, 0.0, 100.0, 0.0, 100.0, 0.0, 0.0, 0.0, 100.0, 100.0, 100.0, 100.0, 100.0, 99.97517994539588]","[1, 0, 1, 0, 2, 0, 1, 0, 0, 0, 2, 2, 2, 1, 2, 2]","[4.75, 2.45, 4.75, 2.45, 4.75, 2.45, 4.75, 2.45, 2.65, 2.65, 5.05, 5.05, 5.05, 5.05, 5.05, 5.048237776123107]","[1646.6228982447833, 0, 3262.0959778524575, 0, 3584.8318179159633, 0, 731.2170323801198, 0, 0, 0, 4724.530276987793, 3487.584184809689, 2190.9259940489997, 6374.312287858666, 2779.9744923425073, 1572.617515074407]","[2382.3771017552167, 4029, 766.9040221475425, 4029, 444.16818208403674, 4029, 3297.7829676198803, 4029, 4029, 4029, -695.5302769877926, 541.4158151903112, 1838.0740059510003, -2345.3122878586664, 1249.0255076574927, 2456.382484925593]","[4029, 4029, 4029, 4029, 4029, 4029, 4029, 4029, 4029, 4029, 4029, 4029, 4029, 4029, 4029, 4029]","[4029, 0, 4029, 0, 4029, 0, 4029, 0, 0, 0, 4029, 4029, 4029, 4029, 4029, 4028]","[(450.887, 3.747866666666667, 0.0224), (0, 0, 0), (392.8656, 0.7547333333333333, 0.24346666666666666), (0, 0, 0), (423.62373333333335, 1.6346000000000003, 0.019533333333333333), (0, 0, 0), (178.9568, 0.0019333333333333331, 0.0014666666666666665), (0, 0, 0), (0, 0, 0), (0, 0, 0), (376.7874, 0.5738666666666667, 0.17173333333333335), (134.2176, 0.009333333333333334, 0.011466666666666667), (293.60066666666665, 0.0019333333333333331, 0.0026), (1736.4414, 0.2492666666666667, 1.2721333333333333), (574.6187333333332, 0.0, 0.0011333333333333332), (918.5516, 2.3698666666666663, 2.139733333333333)]","[(3844.113, 1856.2521333333334, 999.9776), (4295, 1860.0, 1000.0), (3902.1344, 1859.2452666666666, 999.7565333333333), (4295, 1860.0, 1000.0), (3871.3762666666667, 1858.3654, 999.9804666666666), (4295, 1860.0, 1000.0), (4116.0432, 1859.9980666666668, 999.9985333333333), (4295, 1860.0, 1000.0), (8192, 1800.0, 1525.0), (8192, 1800.0, 1525.0), (7815.2126, 1799.4261333333334, 1524.8282666666667), (8057.7824, 1799.9906666666666, 1524.9885333333334), (7898.399333333334, 1799.9980666666668, 1524.9974), (6455.5586, 1799.7507333333333, 1523.7278666666666), (7617.381266666667, 1800.0, 1524.9988666666666), (7273.4484, 1797.6301333333333, 1522.8602666666666)]","[(3, 1.666666666666667e-05, 0.0003444444444444445), (0, 0, 0), (3, 0.00026666666666666673, 1.4022944444444445), (0, 0, 0), (6, 0.004233333333333334, 0.027783333333333337), (0, 0, 0), (1, 0.36411666666666676, 0.01315), (0, 0, 0), (0, 0, 0), (0, 0, 0), (4, 0.0017833333333333332, 0.28400000000000003), (5, 0.0, 0.0023777777777777777), (3, 0.36411666666666676, 0.013805555555555555), (3, 0.00015, 0.2104), (5, 0.0192, 0.0139), (4, 0.06814999999999999, 0.008377777777777777)]","[(32209, 67.09998333333333, 10.109655555555555), (32212, 67.1, 10.11), (32209, 67.09973333333333, 8.707705555555554), (32212, 67.1, 10.11), (32206, 67.09576666666666, 10.082216666666666), (32212, 67.1, 10.11), (32211, 66.73588333333333, 10.09685), (32212, 67.1, 10.11), (32212, 51.900000000000006, 6.1899999999999995), (32212, 51.900000000000006, 6.1899999999999995), (32208, 51.89821666666667, 5.906), (32207, 51.900000000000006, 6.187622222222222), (32209, 51.53588333333334, 6.176194444444444), (32209, 51.89985000000001, 5.9796), (32207, 51.88080000000001, 6.1761), (32208, 51.83185, 6.181622222222222)]"
62,"[100.0, 0.0, 100.0, 0.0, 100.0, 0.0, 100.0, 0.0, 0.0, 0.0, 100.0, 100.0, 100.0, 100.0, 100.0, 100.0]","[1, 0, 1, 0, 2, 0, 1, 0, 0, 0, 2, 2, 2, 1, 2, 2]","[4.75, 2.45, 4.75, 2.45, 4.75, 2.45, 4.75, 2.45, 2.65, 2.65, 5.05, 5.05, 5.05, 5.05, 5.05, 5.05]","[922.7022006380679, 0, 0, 0, 4506.119062452799, 0, 657.7614400862267, 0, 0, 0, 2160.2621265819243, 3494.2619670980957, 1503.3245581261267, 3703.171900565511, 2115.391538552962, 3045.068287606713]","[3106.297799361932, 4029, 4029, 4029, -477.11906245279897, 4029, 3371.2385599137733, 4029, 4029, 4029, 1868.7378734180757, 534.7380329019043, 2525.6754418738733, 325.8280994344891, 1913.6084614470378, 983.931712393287]","[4029, 4029, 4029, 4029, 4029, 4029, 4029, 4029, 4029, 4029, 4029, 4029, 4029, 4029, 4029, 4029]","[4029, 0, 4029, 0, 4029, 0, 4029, 0, 0, 0, 4029, 4029, 4029, 4029, 4029, 4029]","[(434.1098, 1.2283333333333333, 0.020466666666666664), (0, 0, 0), (432.01279999999997, 0.8446, 0.2776), (0, 0, 0), (469.0616666666667, 3.0871999999999997, 0.05666666666666668), (0, 0, 0), (192.93779999999998, 0.003933333333333333, 0.0014666666666666665), (0, 0, 0), (0, 0, 0), (0, 0, 0), (352.32040000000006, 0.4996, 0.16013333333333332), (240.47320000000002, 0.009066666666666666, 0.011666666666666665), (285.21193333333326, 0.003999999999999999, 0.0027999999999999995), (1493.1718, 0.1692, 0.7876000000000001), (455.77986666666663, 6.666666666666668e-05, 0.0013333333333333333), (850.7439999999999, 5.352133333333334, 2.9109333333333334)]","[(3860.8902, 1858.7716666666668, 999.9795333333333), (4295, 1860.0, 1000.0), (3862.9872, 1859.1554, 999.7224), (4295, 1860.0, 1000.0), (3825.9383333333335, 1856.9128, 999.9433333333334), (4295, 1860.0, 1000.0), (4102.0622, 1859.9960666666666, 999.9985333333333), (4295, 1860.0, 1000.0), (8192, 1800.0, 1525.0), (8192, 1800.0, 1525.0), (7839.6795999999995, 1799.5004, 1524.8398666666667), (7951.5268, 1799.9909333333333, 1524.9883333333332), (7906.788066666667, 1799.996, 1524.9972), (6698.8282, 1799.8308, 1524.2124), (7736.220133333333, 1799.9999333333333, 1524.9986666666666), (7341.256, 1794.6478666666667, 1522.0890666666667)]","[(3, 0.0, 0.0004555555555555556), (0, 0, 0), (3, 0.0, 1.846088888888889), (0, 0, 0), (6, 0.00115, 0.03652777777777778), (0, 0, 0), (1, 0.26766666666666666, 0.015294444444444444), (0, 0, 0), (0, 0, 0), (0, 0, 0), (4, 0.04115, 0.5994444444444444), (5, 0.0, 0.0023555555555555556), (3, 0.26768333333333333, 0.01875), (3, 0.0001, 0.13415555555555556), (5, 0.10528333333333333, 0.015183333333333332), (4, 0.08508333333333333, 0.013511111111111113)]","[(32209, 67.1, 10.109544444444444), (32212, 67.1, 10.11), (32209, 67.1, 8.26391111111111), (32212, 67.1, 10.11), (32206, 67.09885, 10.073472222222222), (32212, 67.1, 10.11), (32211, 66.83233333333332, 10.094705555555555), (32212, 67.1, 10.11), (32212, 51.900000000000006, 6.1899999999999995), (32212, 51.900000000000006, 6.1899999999999995), (32208, 51.858850000000004, 5.5905555555555555), (32207, 51.900000000000006, 6.187644444444444), (32209, 51.632316666666675, 6.17125), (32209, 51.8999, 6.055844444444444), (32207, 51.79471666666667, 6.174816666666666), (32208, 51.814916666666676, 6.176488888888889)]"
63,"[100.0, 0.0, 0.0, 0.0, 100.0, 100.0, 100.0, 0.0, 0.0, 0.0, 100.0, 100.0, 100.0, 100.0, 100.0, 100.0]","[1, 0, 0, 0, 2, 1, 1, 0, 0, 0, 2, 2, 2, 1, 2, 2]","[4.75, 2.45, 2.45, 2.45, 4.75, 4.75, 4.75, 2.45, 2.65, 2.65, 5.05, 5.05, 5.05, 5.05, 5.05, 5.05]","[0, 0, 0, 0, 4074.4140138661414, 454.0891471920266, 711.18368902724, 0, 0, 0, 3712.8462032922575, 1252.08417907625, 711.18368902724, 3949.038231668631, 2073.8550976893243, 5161.924842736884]","[4029, 4029, 4029, 4029, -45.41401386614143, 3574.9108528079732, 3317.81631097276, 4029, 4029, 4029, 316.15379670774246, 2776.9158209237503, 3317.81631097276, 79.96176833136906, 1955.1449023106757, -1132.9248427368839]","[4029, 4029, 4029, 4029, 4029, 4029, 4029, 4029, 4029, 4029, 4029, 4029, 4029, 4029, 4029, 4029]","[4029, 0, 0, 0, 4029, 4029, 4029, 0, 0, 0, 4029, 4029, 4029, 4029, 4029, 4029]","[(243.2694, 1.3356666666666668, 0.18259999999999998), (0, 0, 0), (0, 0, 0), (0, 0, 0), (699.0495999999998, 2.750866666666667, 0.020666666666666667), (29.621666666666673, 4.1293999999999995, 4.1416), (134.2176, 0.002, 0.0014), (0, 0, 0), (0, 0, 0), (0, 0, 0), (577.4146, 0.7547333333333333, 0.24346666666666666), (576.0172, 0.009333333333333334, 0.012333333333333333), (211.11286666666666, 0.002, 0.0024000000000000002), (1484.7831999999999, 0.21580000000000002, 0.8416666666666666), (457.1782666666667, 0.0, 0.001), (1001.0397333333333, 10.723733333333334, 4.242733333333334)]","[(4051.7306, 1858.6643333333334, 999.8174), (4295, 1860.0, 1000.0), (4295, 1860.0, 1000.0), (4295, 1860.0, 1000.0), (3595.9504, 1857.2491333333332, 999.9793333333333), (4265.378333333333, 1855.8706, 995.8584), (4160.7824, 1859.998, 999.9986), (4295, 1860.0, 1000.0), (8192, 1800.0, 1525.0), (8192, 1800.0, 1525.0), (7614.5854, 1799.2452666666666, 1524.7565333333334), (7615.9828, 1799.9906666666666, 1524.9876666666667), (7980.887133333334, 1799.998, 1524.9976), (6707.2168, 1799.7842, 1524.1583333333333), (7734.821733333333, 1800.0, 1524.999), (7190.960266666667, 1789.2762666666667, 1520.7572666666667)]","[(3, 0.0, 0.0004166666666666667), (0, 0, 0), (0, 0, 0), (0, 0, 0), (6, 0.0037, 0.029949999999999997), (3, 0.0, 1.6666666666666667e-05), (1, 0.2701, 0.013050000000000004), (0, 0, 0), (0, 0, 0), (0, 0, 0), (4, 0.00026666666666666673, 1.4025888888888889), (5, 0.03166666666666667, 0.0041), (3, 0.2701, 0.01355555555555556), (3, 0.0001, 0.17663333333333334), (5, 0.006966666666666668, 0.011300000000000001), (4, 0.07923333333333334, 0.01331111111111111)]","[(32209, 67.1, 10.109583333333333), (32212, 67.1, 10.11), (32212, 67.1, 10.11), (32212, 67.1, 10.11), (32206, 67.0963, 10.08005), (32209, 67.1, 10.109983333333332), (32211, 66.8299, 10.09695), (32212, 67.1, 10.11), (32212, 51.900000000000006, 6.1899999999999995), (32212, 51.900000000000006, 6.1899999999999995), (32208, 51.89973333333334, 4.78741111111111), (32207, 51.86833333333334, 6.185899999999999), (32209, 51.629900000000006, 6.176444444444444), (32209, 51.8999, 6.013366666666666), (32207, 51.89303333333334, 6.178699999999999), (32208, 51.82076666666667, 6.176688888888888)]"
64,"[0.0, 0.0, 0.0, 0.0, 100.0, 100.0, 100.0, 0.0, 99.97517994539588, 0.0, 99.97517994539588, 100.0, 100.0, 100.0, 100.0, 100.0]","[0, 0, 0, 0, 2, 1, 1, 0, 3, 0, 2, 1, 1, 1, 2, 1]","[2.45, 2.45, 2.45, 2.45, 4.75, 4.75, 4.75, 2.45, 5.048237776123107, 2.65, 5.048237776123107, 5.05, 5.05, 5.05, 5.05, 5.05]","[0, 0, 0, 0, 3911.924382691087, 1315.5229705416066, 647.7447684097866, 0, 3906.9150996233802, 0, 4554.246602422978, 1105.1729687313032, 647.7447684097866, 3566.579494397111, 2070.888210255352, 0]","[4029, 4029, 4029, 4029, 117.07561730891302, 2713.477029458393, 3381.2552315902135, 4029, 122.08490037661977, 4029, -525.246602422978, 2923.827031268697, 3381.2552315902135, 462.4205056028891, 1958.111789744648, 4029]","[4029, 4029, 4029, 4029, 4029, 4029, 4029, 4029, 4029, 4029, 4029, 4029, 4029, 4029, 4029, 4029]","[0, 0, 0, 0, 4029, 4029, 4029, 0, 4028, 0, 4028, 4029, 4029, 4029, 4029, 4029]","[(0, 0, 0), (0, 0, 0), (0, 0, 0), (0, 0, 0), (593.4926666666668, 1.8024, 0.6966), (29.53446666666667, 12.107333333333337, 12.139266666666664), (226.49220000000003, 0.0016666666666666668, 0.0014), (0, 0, 0), (1186.9866666666667, 0.6885333333333333, 1.4709333333333334), (0, 0, 0), (657.1066, 0.8446, 0.2776), (156.58720000000002, 6.666666666666668e-05, 0.001066666666666667), (226.49220000000003, 0.0016666666666666668, 0.0014), (1644.1666, 0.15380000000000002, 0.6252666666666667), (433.4102, 6.666666666666668e-05, 0.001), (503.316, 17.2942, 4.714533333333334)]","[(4295, 1860.0, 1000.0), (4295, 1860.0, 1000.0), (4295, 1860.0, 1000.0), (4295, 1860.0, 1000.0), (3701.507333333333, 1858.1976, 999.3034), (4265.465533333333, 1847.8926666666666, 987.8607333333333), (4068.5078, 1859.9983333333332, 999.9986), (4295, 1860.0, 1000.0), (7005.013333333333, 1799.3114666666668, 1523.5290666666667), (8192, 1800.0, 1525.0), (7534.8934, 1799.1554, 1524.7224), (8035.4128, 1799.9999333333333, 1524.9989333333333), (7965.5078, 1799.9983333333332, 1524.9986), (6547.8333999999995, 1799.8462, 1524.3747333333333), (7758.5898, 1799.9999333333333, 1524.999), (7688.684, 1782.7058, 1520.2854666666667)]","[(0, 0, 0), (0, 0, 0), (0, 0, 0), (0, 0, 0), (6, 0.002683333333333333, 0.030383333333333335), (3, 0.0, 1.6666666666666667e-05), (1, 0.27021666666666666, 0.012733333333333334), (0, 0, 0), (4, 0.07585, 0.07692222222222223), (0, 0, 0), (4, 0.0, 1.8463722222222223), (3, 0.0, 0.0002833333333333333), (1, 0.27021666666666666, 0.012733333333333334), (3, 5e-05, 0.16941111111111112), (5, 0.043583333333333335, 0.010277777777777778), (2, 2.327875, 0.009094444444444445)]","[(32212, 67.1, 10.11), (32212, 67.1, 10.11), (32212, 67.1, 10.11), (32212, 67.1, 10.11), (32206, 67.09731666666666, 10.079616666666666), (32209, 67.1, 10.109983333333332), (32211, 66.82978333333332, 10.097266666666666), (32212, 67.1, 10.11), (32208, 51.82415, 6.113077777777777), (32212, 51.900000000000006, 6.1899999999999995), (32208, 51.900000000000006, 4.343627777777777), (32209, 51.900000000000006, 6.1897166666666665), (32211, 51.629783333333336, 6.177266666666666), (32209, 51.899950000000004, 6.020588888888889), (32207, 51.856416666666675, 6.179722222222222), (32210, 49.57212500000001, 6.180905555555555)]"
65,"[0.0, 0.0, 0.0, 0.0, 100.0, 0.0, 100.0, 0.0, 100.0, 0.0, 100.0, 100.0, 100.0, 100.0, 100.0, 0.0]","[0, 0, 0, 0, 3, 0, 2, 0, 3, 0, 2, 1, 1, 1, 3, 0]","[2.45, 2.45, 2.45, 2.45, 4.75, 2.45, 4.75, 2.45, 5.05, 2.65, 5.05, 5.05, 5.05, 5.05, 5.05, 2.65]","[0, 0, 0, 0, 4024.5133174232274, 0, 881.4670876440003, 0, 3652.0890196596, 0, 500.8335838220001, 1118.528533308117, 724.5392512624934, 4726.09725342664, 3253.5813037600165, 0]","[4029, 4029, 4029, 4029, 4.486682576772637, 4029, 3147.5329123559995, 4029, 376.9109803403999, 4029, 3528.166416178, 2910.471466691883, 3304.4607487375065, -697.0972534266402, 775.4186962399835, 4029]","[4029, 4029, 4029, 4029, 4029, 4029, 4029, 4029, 4029, 4029, 4029, 4029, 4029, 4029, 4029, 4029]","[0, 0, 0, 0, 4029, 0, 4029, 0, 4029, 0, 4029, 4029, 4029, 4029, 4029, 0]","[(0, 0, 0), (0, 0, 0), (0, 0, 0), (0, 0, 0), (555.3067333333333, 4.997999999999999, 4.5344), (0, 0, 0), (367.17560000000003, 0.09213333333333333, 0.023666666666666666), (0, 0, 0), (1390.4100666666668, 0.7257333333333333, 1.2154), (0, 0, 0), (531.2776, 0.8196, 0.2693333333333333), (97.867, 0.0, 0.001), (271.2314, 0.0722, 0.0028666666666666667), (1434.4516, 0.22206666666666663, 0.8742666666666667), (460.54193333333336, 10.272666666666666, 10.301266666666665), (0, 0, 0)]","[(4295, 1860.0, 1000.0), (4295, 1860.0, 1000.0), (4295, 1860.0, 1000.0), (4295, 1860.0, 1000.0), (3739.6932666666667, 1855.002, 995.4656), (4295, 1860.0, 1000.0), (3927.8244, 1859.9078666666667, 999.9763333333333), (4295, 1860.0, 1000.0), (6801.589933333333, 1799.2742666666666, 1523.7846), (8192, 1800.0, 1525.0), (7660.7224, 1799.1804, 1524.7306666666666), (8094.133, 1800.0, 1524.999), (7920.7686, 1799.9278, 1524.9971333333333), (6757.5484, 1799.7779333333333, 1524.1257333333333), (7731.458066666667, 1789.7273333333333, 1514.6987333333334), (8192, 1800.0, 1525.0)]","[(0, 0, 0), (0, 0, 0), (0, 0, 0), (0, 0, 0), (9, 0.009416666666666667, 0.0314), (0, 0, 0), (2, 0.24983333333333332, 0.10226666666666667), (0, 0, 0), (4, 0.0017166666666666665, 0.004566666666666667), (0, 0, 0), (4, 5.000000000000001e-05, 1.776238888888889), (3, 0.008, 0.00039999999999999996), (1, 0.24863333333333332, 0.04668333333333334), (3, 0.0001, 0.21292777777777777), (8, 0.016566666666666667, 0.01045), (0, 0, 0)]","[(32212, 67.1, 10.11), (32212, 67.1, 10.11), (32212, 67.1, 10.11), (32212, 67.1, 10.11), (32203, 67.09058333333333, 10.0786), (32212, 67.1, 10.11), (32210, 66.85016666666667, 10.007733333333332), (32212, 67.1, 10.11), (32208, 51.89828333333334, 6.185433333333333), (32212, 51.900000000000006, 6.1899999999999995), (32208, 51.899950000000004, 4.413761111111111), (32209, 51.892, 6.1895999999999995), (32211, 51.651366666666675, 6.143316666666666), (32209, 51.8999, 5.977072222222222), (32204, 51.883433333333336, 6.17955), (32212, 51.900000000000006, 6.1899999999999995)]"
66,"[0.0, 0.0, 0.0, 0.0, 100.0, 0.0, 100.0, 0.0, 100.0, 0.0, 100.0, 100.0, 100.0, 100.0, 100.0, 100.0]","[0, 0, 0, 0, 3, 0, 1, 0, 3, 0, 2, 1, 1, 1, 3, 1]","[2.45, 2.45, 2.45, 2.45, 4.75, 2.45, 4.75, 2.45, 5.05, 2.65, 5.05, 5.05, 5.05, 5.05, 5.05, 5.05]","[0, 0, 0, 0, 5145.100227798497, 0, 754.589249271, 0, 3731.0790037111356, 0, 1103.102770742382, 1121.86742445232, 737.8948134977464, 3065.7406717796443, 3388.2073008139632, 1876.4565081617916]","[4029, 4029, 4029, 4029, -1116.1002277984971, 4029, 3274.410750729, 4029, 297.92099628886444, 4029, 2925.897229257618, 2907.13257554768, 3291.1051865022537, 963.2593282203557, 640.7926991860368, 2152.5434918382084]","[4029, 4029, 4029, 4029, 4029, 4029, 4029, 4029, 4029, 4029, 4029, 4029, 4029, 4029, 4029, 4029]","[0, 0, 0, 0, 4029, 0, 4029, 0, 4029, 0, 4029, 4029, 4029, 4029, 4029, 4029]","[(0, 0, 0), (0, 0, 0), (0, 0, 0), (0, 0, 0), (625.1248666666665, 16.47553333333334, 12.163666666666664), (0, 0, 0), (96.9928, 0.020133333333333333, 0.014066666666666665), (0, 0, 0), (1147.8393999999998, 0.7036666666666666, 1.3349333333333333), (0, 0, 0), (545.2583999999999, 0.0011333333333333332, 0.0015333333333333334), (81.0898, 0.0, 0.001), (164.9758, 0.0021333333333333334, 0.0014666666666666665), (1392.5086000000001, 0.1512, 0.6417333333333333), (467.44533333333334, 10.958333333333334, 10.987266666666667), (258.64820000000003, 0.019533333333333337, 0.0016)]","[(4295, 1860.0, 1000.0), (4295, 1860.0, 1000.0), (4295, 1860.0, 1000.0), (4295, 1860.0, 1000.0), (3669.8751333333335, 1843.5244666666667, 987.8363333333333), (4295, 1860.0, 1000.0), (4198.0072, 1859.9798666666666, 999.9859333333334), (4295, 1860.0, 1000.0), (7044.1606, 1799.2963333333332, 1523.6650666666667), (8192, 1800.0, 1525.0), (7646.7416, 1799.9988666666666, 1524.9984666666667), (8110.9102, 1800.0, 1524.999), (8027.0242, 1799.9978666666666, 1524.9985333333334), (6799.4914, 1799.8488, 1524.3582666666666), (7724.554666666667, 1789.0416666666667, 1514.0127333333332), (7933.3518, 1799.9804666666666, 1524.9984)]","[(0, 0, 0), (0, 0, 0), (0, 0, 0), (0, 0, 0), (9, 0.0016166666666666669, 0.027738888888888886), (0, 0, 0), (1, 0.0, 0.054338888888888895), (0, 0, 0), (4, 0.00225, 0.06719444444444445), (0, 0, 0), (3, 0.0037166666666666667, 0.003161111111111111), (3, 0.0, 0.0), (1, 0.2376, 0.013488888888888885), (3, 6.666666666666667e-05, 0.11822222222222224), (8, 0.007033333333333333, 0.010722222222222222), (3, 0.05115, 0.03694444444444444)]","[(32212, 67.1, 10.11), (32212, 67.1, 10.11), (32212, 67.1, 10.11), (32212, 67.1, 10.11), (32203, 67.09838333333333, 10.08226111111111), (32212, 67.1, 10.11), (32211, 67.1, 10.05566111111111), (32212, 67.1, 10.11), (32208, 51.89775000000001, 6.122805555555555), (32212, 51.900000000000006, 6.1899999999999995), (32209, 51.896283333333336, 6.1868388888888886), (32209, 51.900000000000006, 6.1899999999999995), (32211, 51.662400000000005, 6.17651111111111), (32209, 51.89993333333334, 6.071777777777777), (32204, 51.89296666666667, 6.179277777777777), (32209, 51.848850000000006, 6.1530555555555555)]"
67,"[0.0, 0.0, 0.0, 0.0, 99.97517994539588, 0.0, 100.0, 0.0, 100.0, 0.0, 100.0, 100.0, 100.0, 100.0, 99.97517994539588, 100.0]","[0, 0, 0, 0, 3, 0, 1, 0, 3, 0, 2, 1, 1, 1, 3, 1]","[2.45, 2.45, 2.45, 2.45, 4.748485976669149, 2.45, 4.75, 2.45, 5.05, 2.65, 5.05, 5.05, 5.05, 5.05, 5.048237776123107, 5.05]","[0, 0, 0, 0, 5711.095761943001, 0, 754.589249271, 0, 4529.498272434301, 0, 1215.8810451469644, 1105.1729687313032, 0, 5157.122179558036, 2049.4238150570172, 1328.8784523992754]","[4029, 4029, 4029, 4029, -1682.095761943001, 4029, 3274.410750729, 4029, -500.4982724343008, 4029, 2813.1189548530356, 2923.827031268697, 4029, -1128.122179558036, 1979.5761849429828, 2700.1215476007246]","[4029, 4029, 4029, 4029, 4029, 4029, 4029, 4029, 4029, 4029, 4029, 4029, 4029, 4029, 4029, 4029]","[0, 0, 0, 0, 4028, 0, 4029, 0, 4029, 0, 4029, 4029, 4029, 4029, 4028, 4029]","[(0, 0, 0), (0, 0, 0), (0, 0, 0), (0, 0, 0), (768.8233333333334, 14.076933333333333, 10.323266666666667), (0, 0, 0), (90.177, 0.02, 0.014), (0, 0, 0), (1589.6396666666665, 0.7243999999999999, 1.4083333333333337), (0, 0, 0), (459.97446666666656, 0.0011333333333333332, 0.0015333333333333334), (117.4404, 0.0, 0.001), (159.3834, 0.0022666666666666664, 0.0018), (1632.9818, 0.3732, 0.7381333333333333), (515.8978666666667, 11.004733333333336, 11.031333333333334), (328.5534, 0.0005333333333333334, 0.0006)]","[(4295, 1860.0, 1000.0), (4295, 1860.0, 1000.0), (4295, 1860.0, 1000.0), (4295, 1860.0, 1000.0), (3526.1766666666667, 1845.9230666666667, 989.6767333333333), (4295, 1860.0, 1000.0), (4204.823, 1859.98, 999.986), (4295, 1860.0, 1000.0), (6602.360333333334, 1799.2756, 1523.5916666666667), (8192, 1800.0, 1525.0), (7732.025533333333, 1799.9988666666666, 1524.9984666666667), (8074.5596, 1800.0, 1524.999), (8032.6166, 1799.9977333333334, 1524.9982), (6559.0182, 1799.6268, 1524.2618666666667), (7676.102133333334, 1788.9952666666666, 1513.9686666666666), (7863.4466, 1799.9994666666666, 1524.9994)]","[(0, 0, 0), (0, 0, 0), (0, 0, 0), (0, 0, 0), (9, 0.0445, 0.048772222222222224), (0, 0, 0), (1, 3.3333333333333335e-05, 0.05506666666666666), (0, 0, 0), (4, 1.0436000000000003, 0.5172333333333333), (0, 0, 0), (3, 0.0004, 0.002638888888888889), (3, 0.0, 0.0), (1, 0.27031666666666665, 0.012972222222222222), (3, 0.09808333333333331, 0.2580777777777778), (8, 0.06570000000000001, 0.010327777777777778), (3, 0.06125, 0.025472222222222222)]","[(32212, 67.1, 10.11), (32212, 67.1, 10.11), (32212, 67.1, 10.11), (32212, 67.1, 10.11), (32203, 67.0555, 10.061227777777777), (32212, 67.1, 10.11), (32211, 67.09996666666666, 10.054933333333333), (32212, 67.1, 10.11), (32208, 50.85640000000001, 5.672766666666666), (32212, 51.900000000000006, 6.1899999999999995), (32209, 51.89960000000001, 6.187361111111111), (32209, 51.900000000000006, 6.1899999999999995), (32211, 51.62968333333334, 6.177027777777777), (32209, 51.80191666666667, 5.931922222222222), (32204, 51.834300000000006, 6.179672222222222), (32209, 51.838750000000005, 6.164527777777777)]"
68,"[100.0, 0.0, 0.0, 0.0, 100.0, 0.0, 100.0, 0.0, 100.0, 0.0, 100.0, 100.0, 0.0, 100.0, 100.0, 100.0]","[1, 0, 0, 0, 3, 0, 1, 0, 3, 0, 2, 1, 0, 1, 3, 1]","[4.75, 2.45, 2.45, 2.45, 4.75, 2.45, 4.75, 2.45, 5.05, 2.65, 5.05, 5.05, 2.65, 5.05, 5.05, 5.05]","[2251.868135745323, 0, 0, 0, 2791.86243858938, 0, 741.2336873370001, 0, 3717.3331770403834, 0, 1008.525218560022, 0, 0, 6377.347674662409, 3103.397296156734, 2050.0788185255155]","[1777.131864254677, 4029, 4029, 4029, 1237.13756141062, 4029, 3287.766312663, 4029, 311.66682295961664, 4029, 3020.474781439978, 4029, 4029, -2348.347674662409, 925.6027038432662, 1978.9211814744845]","[4029, 4029, 4029, 4029, 4029, 4029, 4029, 4029, 4029, 4029, 4029, 4029, 4029, 4029, 4029, 4029]","[4029, 0, 0, 0, 4029, 0, 4029, 0, 4029, 0, 4029, 4029, 0, 4029, 4029, 4029]","[(100.6632, 0.009333333333333334, 0.0108), (0, 0, 0), (0, 0, 0), (0, 0, 0), (730.9870000000001, 14.709533333333335, 11.017666666666667), (0, 0, 0), (93.3228, 0.018333333333333333, 0.014133333333333333), (0, 0, 0), (1228.2302, 0.7685333333333333, 1.3453333333333335), (0, 0, 0), (489.3345333333333, 0.0011333333333333332, 0.0014), (75.4974, 0.0, 0.001), (0, 0, 0), (1756.0146000000002, 0.15113333333333331, 0.6404), (218.27773333333332, 11.0106, 11.035733333333335), (298.49406666666664, 0.0016666666666666668, 0.005466666666666667)]","[(4194.3368, 1859.9906666666666, 999.9892), (4295, 1860.0, 1000.0), (4295, 1860.0, 1000.0), (4295, 1860.0, 1000.0), (3564.013, 1845.2904666666666, 988.9823333333334), (4295, 1860.0, 1000.0), (4201.6772, 1859.9816666666666, 999.9858666666667), (4295, 1860.0, 1000.0), (6963.7698, 1799.2314666666666, 1523.6546666666666), (8192, 1800.0, 1525.0), (7702.665466666666, 1799.9988666666666, 1524.9986), (8116.5026, 1800.0, 1524.999), (8192, 1800.0, 1525.0), (6435.9854, 1799.8488666666667, 1524.3596), (7973.722266666667, 1788.9894, 1513.9642666666666), (7893.505933333334, 1799.9983333333332, 1524.9945333333333)]","[(2, 0.0, 0.002416666666666667), (0, 0, 0), (0, 0, 0), (0, 0, 0), (9, 0.0028333333333333335, 0.024261111111111115), (0, 0, 0), (1, 0.0, 0.0557), (0, 0, 0), (4, 0.0012666666666666666, 0.004072222222222222), (0, 0, 0), (3, 0.00026666666666666673, 0.0027222222222222227), (3, 0.048083333333333346, 0.01686666666666667), (0, 0, 0), (3, 0.07565000000000001, 0.43214444444444444), (8, 1.666666666666667e-05, 0.001061111111111111), (3, 0.0008666666666666667, 0.016138888888888887)]","[(32210, 67.1, 10.107583333333332), (32212, 67.1, 10.11), (32212, 67.1, 10.11), (32212, 67.1, 10.11), (32203, 67.09716666666667, 10.085738888888889), (32212, 67.1, 10.11), (32211, 67.1, 10.0543), (32212, 67.1, 10.11), (32208, 51.89873333333334, 6.185927777777778), (32212, 51.900000000000006, 6.1899999999999995), (32209, 51.89973333333334, 6.187277777777777), (32209, 51.851916666666675, 6.1731333333333325), (32212, 51.900000000000006, 6.1899999999999995), (32209, 51.82435, 5.757855555555555), (32204, 51.89998333333334, 6.188938888888888), (32209, 51.89913333333334, 6.173861111111111)]"
69,"[100.0, 0.0, 100.0, 100.0, 100.0, 0.0, 100.0, 0.0, 100.0, 0.0, 100.0, 0.0, 0.0, 100.0, 100.0, 100.0]","[1, 0, 1, 1, 2, 0, 1, 0, 3, 0, 2, 0, 0, 1, 3, 1]","[4.75, 2.45, 4.75, 4.75, 4.75, 2.45, 4.75, 2.45, 5.05, 2.65, 5.05, 2.65, 2.65, 5.05, 5.05, 5.05]","[2266.7025766922616, 0, 390.65025572768, 777.9614183128089, 2141.3973383225516, 0, 804.6726065235, 0, 3660.95316350982, 0, 1127.9721439632244, 0, 0, 4197.939949575493, 3097.835522544491, 1896.4898516652977]","[1762.2974233077384, 4029, 3638.34974427232, 3251.0385816871913, 1887.6026616774484, 4029, 3224.3273934765, 4029, 368.0468364901799, 4029, 2901.0278560367756, 4029, 4029, -168.9399495754933, 931.1644774555089, 2132.5101483347025]","[4029, 4029, 4029, 4029, 4029, 4029, 4029, 4029, 4029, 4029, 4029, 4029, 4029, 4029, 4029, 4029]","[4029, 0, 4029, 4029, 4029, 0, 4029, 0, 4029, 0, 4029, 0, 0, 4029, 4029, 4029]","[(150.9948, 0.009333333333333334, 0.010933333333333335), (0, 0, 0), (499.1218, 0.0004, 0.0003333333333333333), (123.73126666666663, 0.009733333333333332, 0.0028), (464.8675333333333, 12.23306666666667, 11.050800000000002), (0, 0, 0), (93.8472, 0.0318, 0.0146), (0, 0, 0), (1228.9294666666667, 0.7652666666666667, 1.1378666666666668), (0, 0, 0), (494.9267333333333, 0.0012666666666666666, 0.0016), (0, 0, 0), (0, 0, 0), (1834.3084, 0.274, 0.7126), (259.9146666666667, 11.280466666666667, 11.306533333333334), (294.3, 0.001066666666666667, 0.005466666666666667)]","[(4144.0052, 1859.9906666666666, 999.9890666666666), (4295, 1860.0, 1000.0), (3795.8782, 1859.9996, 999.9996666666667), (4171.268733333333, 1859.9902666666667, 999.9972), (3830.132466666667, 1847.7669333333333, 988.9492), (4295, 1860.0, 1000.0), (4201.1528, 1859.9682, 999.9854), (4295, 1860.0, 1000.0), (6963.0705333333335, 1799.2347333333332, 1523.8621333333333), (8192, 1800.0, 1525.0), (7697.073266666666, 1799.9987333333333, 1524.9984), (8192, 1800.0, 1525.0), (8192, 1800.0, 1525.0), (6357.6916, 1799.726, 1524.2874), (7932.085333333333, 1788.7195333333334, 1513.6934666666666), (7897.7, 1799.9989333333333, 1524.9945333333333)]","[(2, 0.0, 0.0026888888888888887), (0, 0, 0), (2, 0.012733333333333334, 0.0036666666666666666), (2, 0.0, 2.2222222222222223e-05), (6, 0.0, 0.0004777777777777778), (0, 0, 0), (1, 0.00011666666666666667, 0.053427777777777775), (0, 0, 0), (4, 0.011416666666666664, 0.068), (0, 0, 0), (3, 0.005966666666666668, 0.003266666666666667), (0, 0, 0), (0, 0, 0), (3, 5e-05, 0.20435555555555557), (8, 0.0, 0.0009777777777777777), (3, 0.0002, 0.014294444444444445)]","[(32210, 67.1, 10.10731111111111), (32212, 67.1, 10.11), (32210, 67.08726666666666, 10.106333333333334), (32210, 67.1, 10.109977777777777), (32206, 67.1, 10.109522222222221), (32212, 67.1, 10.11), (32211, 67.09988333333332, 10.056572222222222), (32212, 67.1, 10.11), (32208, 51.88858333333334, 6.122), (32212, 51.900000000000006, 6.1899999999999995), (32209, 51.89403333333334, 6.186733333333333), (32212, 51.900000000000006, 6.1899999999999995), (32212, 51.900000000000006, 6.1899999999999995), (32209, 51.899950000000004, 5.985644444444444), (32204, 51.900000000000006, 6.1890222222222215), (32209, 51.899800000000006, 6.175705555555555)]"
70,"[100.0, 0.0, 100.0, 100.0, 100.0, 0.0, 100.0, 0.0, 100.0, 0.0, 100.0, 0.0, 0.0, 100.0, 100.0, 100.0]","[1, 0, 1, 1, 2, 0, 1, 0, 3, 0, 2, 0, 0, 1, 3, 1]","[4.75, 2.45, 4.75, 4.75, 4.75, 2.45, 4.75, 2.45, 5.05, 2.65, 5.05, 2.65, 2.65, 5.05, 5.05, 5.05]","[2248.9012475559352, 0, 530.8836808606934, 888.1447951553957, 2265.9975053693615, 0, 0, 0, 3720.3000681418866, 0, 534.03988703, 0, 0, 7242.4329137289415, 3110.44708038779, 2227.0400194731583]","[1780.0987524440648, 4029, 3498.1163191393066, 3140.8552048446045, 1763.0024946306385, 4029, 4029, 4029, 308.69993185811336, 4029, 3494.96011297, 4029, 4029, -3213.4329137289415, 918.5529196122102, 1801.9599805268417]","[4029, 4029, 4029, 4029, 4029, 4029, 4029, 4029, 4029, 4029, 4029, 4029, 4029, 4029, 4029, 4029]","[4029, 0, 4029, 4029, 4029, 0, 4029, 0, 4029, 0, 4029, 0, 0, 4029, 4029, 4029]","[(150.9948, 0.009266666666666668, 0.0106), (0, 0, 0), (455.08166666666676, 0.012533333333333334, 0.18906666666666663), (120.93533333333332, 0.045200000000000004, 0.020266666666666665), (274.202, 12.342866666666668, 11.215933333333336), (0, 0, 0), (99.0902, 0.043, 0.015133333333333334), (0, 0, 0), (1084.2262666666668, 0.7021333333333334, 1.4172), (0, 0, 0), (548.0548666666666, 0.0011333333333333332, 0.0014666666666666665), (0, 0, 0), (0, 0, 0), (1937.767933333333, 0.2582, 0.7142000000000001), (282.4152666666667, 11.747999999999998, 11.773066666666663), (234.18133333333338, 0.0016666666666666668, 0.0016)]","[(4144.0052, 1859.9907333333333, 999.9894), (4295, 1860.0, 1000.0), (3839.918333333333, 1859.9874666666667, 999.8109333333333), (4174.064666666667, 1859.9548, 999.9797333333333), (4020.798, 1847.6571333333334, 988.7840666666667), (4295, 1860.0, 1000.0), (4195.9098, 1859.957, 999.9848666666667), (4295, 1860.0, 1000.0), (7107.773733333333, 1799.2978666666668, 1523.5828), (8192, 1800.0, 1525.0), (7643.945133333334, 1799.9988666666666, 1524.9985333333334), (8192, 1800.0, 1525.0), (8192, 1800.0, 1525.0), (6254.232066666667, 1799.7418, 1524.2858), (7909.584733333333, 1788.252, 1513.2269333333334), (7957.818666666667, 1799.9983333333332, 1524.9984)]","[(2, 0.0, 0.0023555555555555556), (0, 0, 0), (2, 0.0002833333333333333, 0.0029611111111111123), (2, 0.0, 0.0), (6, 0.0, 0.00043888888888888894), (0, 0, 0), (1, 0.0, 0.05496666666666667), (0, 0, 0), (4, 0.0675, 0.050072222222222226), (0, 0, 0), (3, 0.0006666666666666666, 0.002594444444444445), (0, 0, 0), (0, 0, 0), (3, 0.17391666666666664, 0.4805555555555557), (8, 1.666666666666667e-05, 0.0012722222222222223), (3, 0.0006666666666666666, 0.02163888888888889)]","[(32210, 67.1, 10.107644444444444), (32212, 67.1, 10.11), (32210, 67.09971666666667, 10.107038888888889), (32210, 67.1, 10.11), (32206, 67.1, 10.10956111111111), (32212, 67.1, 10.11), (32211, 67.1, 10.055033333333332), (32212, 67.1, 10.11), (32208, 51.8325, 6.139927777777777), (32212, 51.900000000000006, 6.1899999999999995), (32209, 51.89933333333334, 6.187405555555555), (32212, 51.900000000000006, 6.1899999999999995), (32212, 51.900000000000006, 6.1899999999999995), (32209, 51.72608333333334, 5.709444444444443), (32204, 51.89998333333334, 6.188727777777777), (32209, 51.89933333333334, 6.1683611111111105)]"
71,"[100.0, 0.0, 100.0, 100.0, 100.0, 0.0, 0.0, 0.0, 100.0, 0.0, 100.0, 0.0, 0.0, 100.0, 100.0, 99.97517994539588]","[1, 0, 1, 1, 2, 0, 0, 0, 3, 0, 2, 0, 0, 1, 3, 2]","[4.75, 2.45, 4.75, 4.75, 4.75, 2.45, 2.45, 2.45, 5.05, 2.65, 5.05, 2.65, 2.65, 5.05, 5.05, 5.048237776123107]","[2254.8350239347114, 0, 0, 851.4170028745334, 2139.165322223165, 0, 0, 0, 3590.119845814753, 0, 602.3057214457689, 0, 0, 0, 3083.735954082377, 2365.584518627056]","[1774.1649760652886, 4029, 4029, 3177.5829971254666, 1889.8346777768352, 4029, 4029, 4029, 438.8801541852472, 4029, 3426.694278554231, 4029, 4029, 4029, 945.2640459176232, 1663.4154813729442]","[4029, 4029, 4029, 4029, 4029, 4029, 4029, 4029, 4029, 4029, 4029, 4029, 4029, 4029, 4029, 4029]","[4029, 0, 4029, 4029, 4029, 0, 0, 0, 4029, 0, 4029, 0, 0, 4029, 4029, 4028]","[(184.5492, 0.009333333333333334, 0.0108), (0, 0, 0), (471.15966666666674, 0.013066666666666664, 0.18946666666666667), (120.23626666666664, 0.034466666666666666, 0.0114), (207.48579999999998, 12.032466666666668, 11.324866666666667), (0, 0, 0), (0, 0, 0), (0, 0, 0), (1263.8818666666666, 0.7456666666666667, 1.2853999999999999), (0, 0, 0), (380.63199999999995, 0.0011333333333333332, 0.0014666666666666665), (0, 0, 0), (0, 0, 0), (2088.762666666667, 0.21493333333333337, 0.8076), (240.51613333333336, 10.852533333333334, 10.8766), (242.57, 0.005066666666666666, 0.0005333333333333334)]","[(4110.4508, 1859.9906666666666, 999.9892), (4295, 1860.0, 1000.0), (3823.840333333333, 1859.9869333333334, 999.8105333333333), (4174.763733333333, 1859.9655333333333, 999.9886), (4087.5142, 1847.9675333333332, 988.6751333333333), (4295, 1860.0, 1000.0), (4295, 1860.0, 1000.0), (4295, 1860.0, 1000.0), (6928.118133333333, 1799.2543333333333, 1523.7146), (8192, 1800.0, 1525.0), (7811.368, 1799.9988666666666, 1524.9985333333334), (8192, 1800.0, 1525.0), (8192, 1800.0, 1525.0), (6103.237333333333, 1799.7850666666666, 1524.1924), (7951.4838666666665, 1789.1474666666666, 1514.1234), (7949.43, 1799.9949333333334, 1524.9994666666666)]","[(2, 0.0, 0.002338888888888889), (0, 0, 0), (2, 0.00035, 0.0039833333333333335), (2, 0.0, 2.2222222222222223e-05), (6, 0.0, 0.00046666666666666666), (0, 0, 0), (0, 0, 0), (0, 0, 0), (4, 0.0019333333333333331, 0.004472222222222223), (0, 0, 0), (4, 0.00021666666666666666, 0.002655555555555556), (0, 0, 0), (0, 0, 0), (3, 6.666666666666667e-05, 0.18205555555555555), (8, 0.0, 0.0011333333333333334), (6, 6.666666666666667e-05, 0.011166666666666667)]","[(32210, 67.1, 10.10766111111111), (32212, 67.1, 10.11), (32210, 67.09965, 10.106016666666665), (32210, 67.1, 10.109977777777777), (32206, 67.1, 10.109533333333333), (32212, 67.1, 10.11), (32212, 67.1, 10.11), (32212, 67.1, 10.11), (32208, 51.89806666666667, 6.185527777777777), (32212, 51.900000000000006, 6.1899999999999995), (32208, 51.89978333333334, 6.187344444444444), (32212, 51.900000000000006, 6.1899999999999995), (32212, 51.900000000000006, 6.1899999999999995), (32209, 51.89993333333334, 6.007944444444444), (32204, 51.900000000000006, 6.188866666666666), (32206, 51.89993333333334, 6.1788333333333325)]"
72,"[100.0, 0.0, 0.0, 100.0, 100.0, 0.0, 0.0, 0.0, 100.0, 100.0, 100.0, 100.0, 0.0, 0.0, 100.0, 99.97517994539588]","[1, 0, 0, 1, 2, 0, 0, 0, 3, 1, 2, 1, 0, 0, 3, 2]","[4.75, 2.45, 2.45, 4.75, 4.75, 2.45, 2.45, 2.45, 5.05, 5.05, 5.05, 5.05, 2.65, 2.65, 5.05, 5.048237776123107]","[2248.9012475559352, 0, 0, 834.7225518377779, 2647.238060174413, 0, 0, 0, 3775.945198433792, 0, 531.0729987687222, 1646.6233023008167, 0, 0, 2227.0401557138366, 2613.3972951559485]","[1780.0987524440648, 4029, 4029, 3194.277448162222, 1381.761939825587, 4029, 4029, 4029, 253.05480156620797, 4029, 3497.9270012312777, 2382.3766976991833, 4029, 4029, 1801.9598442861634, 1415.6027048440515]","[4029, 4029, 4029, 4029, 4029, 4029, 4029, 4029, 4029, 4029, 4029, 4029, 4029, 4029, 4029, 4029]","[4029, 0, 0, 4029, 4029, 0, 0, 0, 4029, 4029, 4029, 4029, 0, 0, 4029, 4028]","[(218.1036, 0.009266666666666668, 0.010533333333333334), (0, 0, 0), (0, 0, 0), (130.722, 0.026466666666666666, 0.011066666666666664), (372.59286666666674, 14.917066666666663, 11.790399999999996), (0, 0, 0), (0, 0, 0), (0, 0, 0), (1033.1956, 0.7250666666666666, 1.3074000000000001), (75.84646666666666, 0.0, 0.0), (330.47513333333325, 0.0011333333333333332, 0.0015333333333333334), (125.829, 0.9397333333333332, 0.7602666666666668), (0, 0, 0), (0, 0, 0), (238.89973333333333, 11.242266666666666, 11.266933333333332), (231.3854, 0.005200000000000001, 0.0008666666666666667)]","[(4076.8964, 1859.9907333333333, 999.9894666666667), (4295, 1860.0, 1000.0), (4295, 1860.0, 1000.0), (4164.278, 1859.9735333333333, 999.9889333333333), (3922.407133333333, 1845.0829333333334, 988.2096), (4295, 1860.0, 1000.0), (4295, 1860.0, 1000.0), (4295, 1860.0, 1000.0), (7158.8044, 1799.2749333333334, 1523.6926), (8116.153533333333, 1800.0, 1525.0), (7861.524866666667, 1799.9988666666666, 1524.9984666666667), (8066.171, 1799.0602666666666, 1524.2397333333333), (8192, 1800.0, 1525.0), (8192, 1800.0, 1525.0), (7953.100266666666, 1788.7577333333334, 1513.7330666666667), (7960.6146, 1799.9948, 1524.9991333333332)]","[(2, 0.0, 0.0022555555555555554), (0, 0, 0), (0, 0, 0), (2, 0.0, 4.4444444444444447e-05), (6, 0.0, 0.0002944444444444444), (0, 0, 0), (0, 0, 0), (0, 0, 0), (4, 0.059366666666666665, 0.07008333333333333), (2, 0.00015, 0.0002722222222222222), (4, 0.09578333333333333, 0.020138888888888887), (2, 0.0, 0.009888888888888888), (0, 0, 0), (0, 0, 0), (8, 1.666666666666667e-05, 0.0011888888888888889), (6, 6.666666666666667e-05, 0.01331111111111111)]","[(32210, 67.1, 10.107744444444444), (32212, 67.1, 10.11), (32212, 67.1, 10.11), (32210, 67.1, 10.109955555555555), (32206, 67.1, 10.109705555555555), (32212, 67.1, 10.11), (32212, 67.1, 10.11), (32212, 67.1, 10.11), (32208, 51.84063333333334, 6.119916666666666), (32210, 51.89985000000001, 6.189727777777778), (32208, 51.804216666666676, 6.169861111111111), (32210, 51.900000000000006, 6.180111111111111), (32212, 51.900000000000006, 6.1899999999999995), (32212, 51.900000000000006, 6.1899999999999995), (32204, 51.89998333333334, 6.188811111111111), (32206, 51.89993333333334, 6.176688888888888)]"
73,"[100.0, 0.0, 0.0, 100.0, 100.0, 0.0, 0.0, 0.0, 99.97517994539588, 100.0, 100.0, 100.0, 0.0, 0.0, 100.0, 100.0]","[1, 0, 0, 1, 2, 0, 0, 0, 3, 1, 1, 2, 0, 0, 3, 2]","[4.75, 2.45, 2.45, 4.75, 4.75, 2.45, 2.45, 2.45, 5.048237776123107, 5.05, 5.05, 5.05, 2.65, 2.65, 5.05, 5.05]","[2201.431036525731, 0, 0, 0, 2055.702185879651, 0, 0, 0, 4474.615407326943, 501.40426599866777, 0, 2124.292457635689, 0, 0, 3475.7852349161217, 2468.3552534095293]","[1827.568963474269, 4029, 4029, 4029, 1973.297814120349, 4029, 4029, 4029, -445.61540732694266, 3527.5957340013324, 4029, 1904.707542364311, 4029, 4029, 553.2147650838783, 1560.6447465904707]","[4029, 4029, 4029, 4029, 4029, 4029, 4029, 4029, 4029, 4029, 4029, 4029, 4029, 4029, 4029, 4029]","[4029, 0, 0, 4029, 4029, 0, 0, 0, 4028, 4029, 4029, 4029, 0, 0, 4029, 4029]","[(268.4352, 0.009333333333333334, 0.0108), (0, 0, 0), (0, 0, 0), (164.2764, 0.008733333333333333, 0.0061333333333333335), (397.10373333333337, 11.562266666666666, 10.8956), (0, 0, 0), (0, 0, 0), (0, 0, 0), (1426.7604000000001, 0.7464, 1.3639333333333334), (0.0, 0.0048, 6.666666666666668e-05), (289.4064, 0.0012, 0.0015333333333333334), (139.81, 0.9768, 0.7781333333333333), (0, 0, 0), (0, 0, 0), (565.9676666666667, 11.59686666666667, 11.383066666666668), (253.7549333333333, 0.0052, 0.0008)]","[(4026.5648, 1859.9906666666666, 999.9892), (4295, 1860.0, 1000.0), (4295, 1860.0, 1000.0), (4130.7236, 1859.9912666666667, 999.9938666666667), (3897.8962666666666, 1848.4377333333334, 989.1044), (4295, 1860.0, 1000.0), (4295, 1860.0, 1000.0), (4295, 1860.0, 1000.0), (6765.2396, 1799.2536, 1523.6360666666667), (8192.0, 1799.9952, 1524.9999333333333), (7902.5936, 1799.9988, 1524.9984666666667), (8052.19, 1799.0232, 1524.2218666666668), (8192, 1800.0, 1525.0), (8192, 1800.0, 1525.0), (7626.032333333334, 1788.4031333333332, 1513.6169333333332), (7938.245066666666, 1799.9948, 1524.9992)]","[(2, 0.0, 0.0022944444444444444), (0, 0, 0), (0, 0, 0), (2, 0.0, 8.88888888888889e-05), (6, 0.0, 0.0004055555555555556), (0, 0, 0), (0, 0, 0), (0, 0, 0), (4, 1.0255833333333333, 0.5468666666666666), (2, 0.0, 0.0013222222222222222), (2, 0.00013333333333333334, 0.0024055555555555557), (4, 0.0, 0.012783333333333334), (0, 0, 0), (0, 0, 0), (7, 0.0, 0.0018277777777777778), (6, 0.00018333333333333334, 0.01696111111111111)]","[(32210, 67.1, 10.107705555555555), (32212, 67.1, 10.11), (32212, 67.1, 10.11), (32210, 67.1, 10.10991111111111), (32206, 67.1, 10.109594444444443), (32212, 67.1, 10.11), (32212, 67.1, 10.11), (32212, 67.1, 10.11), (32208, 50.874416666666676, 5.643133333333333), (32210, 51.900000000000006, 6.1886777777777775), (32210, 51.899866666666675, 6.187594444444444), (32208, 51.900000000000006, 6.177216666666666), (32212, 51.900000000000006, 6.1899999999999995), (32212, 51.900000000000006, 6.1899999999999995), (32205, 51.900000000000006, 6.188172222222222), (32206, 51.89981666666667, 6.173038888888889)]"
74,"[100.0, 0.0, 0.0, 0.0, 99.97517994539588, 0.0, 0.0, 100.0, 100.0, 100.0, 100.0, 100.0, 0.0, 0.0, 100.0, 100.0]","[1, 0, 0, 0, 2, 0, 0, 1, 3, 1, 1, 1, 0, 0, 3, 2]","[4.75, 2.45, 2.45, 2.45, 4.748485976669149, 2.45, 2.45, 4.75, 5.05, 5.05, 5.05, 5.05, 2.65, 2.65, 5.05, 5.05]","[2248.9012475559352, 0, 0, 0, 2581.585385821477, 0, 0, 498.43737685074666, 3636.4831904029766, 498.43737685074666, 3464.41286996805, 1578.3848591424044, 0, 0, 2310.5123498424646, 2685.011138897765]","[1780.0987524440648, 4029, 4029, 4029, 1447.4146141785232, 4029, 4029, 3530.5626231492533, 392.51680959702344, 3530.5626231492533, 564.58713003195, 2450.6151408575956, 4029, 4029, 1718.4876501575354, 1343.9888611022352]","[4029, 4029, 4029, 4029, 4029, 4029, 4029, 4029, 4029, 4029, 4029, 4029, 4029, 4029, 4029, 4029]","[4029, 0, 0, 0, 4028, 0, 0, 4029, 4029, 4029, 4029, 4029, 0, 0, 4029, 4029]","[(33.5544, 0.009266666666666668, 0.010666666666666666), (0, 0, 0), (0, 0, 0), (0, 0, 0), (245.89013333333335, 14.2242, 11.282066666666665), (0, 0, 0), (0, 0, 0), (145.4024, 0.004733333333333333, 6.666666666666668e-05), (1348.4669999999999, 0.7347333333333333, 1.4477333333333335), (145.4024, 0.004733333333333333, 6.666666666666668e-05), (168.47066666666663, 0.27493333333333336, 0.023333333333333327), (184.5492, 0.9548666666666666, 0.7652666666666668), (0, 0, 0), (0, 0, 0), (558.1470666666667, 11.889999999999999, 11.669466666666667), (244.66713333333328, 0.0062, 0.0012)]","[(4261.4456, 1859.9907333333333, 999.9893333333333), (4295, 1860.0, 1000.0), (4295, 1860.0, 1000.0), (4295, 1860.0, 1000.0), (4049.1098666666667, 1845.7758, 988.7179333333333), (4295, 1860.0, 1000.0), (4295, 1860.0, 1000.0), (4149.5976, 1859.9952666666666, 999.9999333333334), (6843.533, 1799.2652666666668, 1523.5522666666666), (8046.5976, 1799.9952666666666, 1524.9999333333333), (8023.529333333333, 1799.7250666666666, 1524.9766666666667), (8007.4508, 1799.0451333333333, 1524.2347333333332), (8192, 1800.0, 1525.0), (8192, 1800.0, 1525.0), (7633.852933333334, 1788.11, 1513.3305333333333), (7947.332866666667, 1799.9938, 1524.9988)]","[(2, 0.0, 0.0023555555555555556), (0, 0, 0), (0, 0, 0), (0, 0, 0), (6, 0.0, 0.00035555555555555557), (0, 0, 0), (0, 0, 0), (2, 0.0, 0.0012666666666666666), (4, 0.0, 0.0024555555555555554), (2, 0.0, 0.0012666666666666666), (3, 0.2927833333333333, 0.026605555555555556), (2, 1.666666666666667e-05, 0.010605555555555557), (0, 0, 0), (0, 0, 0), (7, 0.0, 0.0017444444444444445), (6, 0.00015, 0.02105)]","[(32210, 67.1, 10.107644444444444), (32212, 67.1, 10.11), (32212, 67.1, 10.11), (32212, 67.1, 10.11), (32206, 67.1, 10.109644444444443), (32212, 67.1, 10.11), (32212, 67.1, 10.11), (32210, 67.1, 10.108733333333333), (32208, 51.900000000000006, 6.187544444444444), (32210, 51.900000000000006, 6.1887333333333325), (32209, 51.60721666666667, 6.163394444444444), (32210, 51.89998333333334, 6.179394444444444), (32212, 51.900000000000006, 6.1899999999999995), (32212, 51.900000000000006, 6.1899999999999995), (32205, 51.900000000000006, 6.188255555555555), (32206, 51.89985000000001, 6.16895)]"
75,"[100.0, 0.0, 100.0, 0.0, 100.0, 0.0, 0.0, 100.0, 100.0, 100.0, 100.0, 100.0, 0.0, 100.0, 100.0, 100.0]","[1, 0, 1, 0, 2, 0, 0, 1, 3, 1, 1, 1, 0, 1, 2, 2]","[4.75, 2.45, 4.75, 2.45, 4.75, 2.45, 2.45, 4.75, 5.05, 5.05, 5.05, 5.05, 2.65, 5.05, 5.05, 5.05]","[5046.6768101486105, 0, 517.5280212281833, 0, 2223.34506385043, 0, 0, 498.43737685074666, 3717.686908214847, 0, 4442.116739200141, 1622.8881916370212, 0, 1364.7688631682443, 2190.3122880043884, 2651.994235525007]","[-1017.6768101486105, 4029, 3511.471978771817, 4029, 1805.65493614957, 4029, 4029, 3530.5626231492533, 311.3130917851531, 4029, -413.1167392001407, 2406.111808362979, 4029, 2664.231136831756, 1838.6877119956116, 1377.0057644749932]","[4029, 4029, 4029, 4029, 4029, 4029, 4029, 4029, 4029, 4029, 4029, 4029, 4029, 4029, 4029, 4029]","[4029, 0, 4029, 0, 4029, 0, 0, 4029, 4029, 4029, 4029, 4029, 0, 4029, 4029, 4029]","[(369.0984, 0.018533333333333336, 0.025066666666666668), (0, 0, 0), (58.7202, 0.004733333333333333, 0.00013333333333333334), (0, 0, 0), (434.54626666666667, 12.512733333333337, 11.345066666666668), (0, 0, 0), (0, 0, 0), (67.1088, 0.004666666666666667, 0.0), (1200.2682, 0.7810666666666667, 1.1666666666666667), (67.1088, 0.004666666666666667, 0.0), (313.1741333333334, 0.2986666666666667, 0.020266666666666665), (131.4214, 0.9578666666666666, 0.7716000000000001), (0, 0, 0), (402.65259999999995, 0.0, 0.0), (411.7406, 0.2718, 0.0542), (254.4540666666667, 0.007333333333333333, 0.008866666666666667)]","[(3925.9016, 1859.9814666666666, 999.9749333333333), (4295, 1860.0, 1000.0), (4236.2798, 1859.9952666666666, 999.9998666666667), (4295, 1860.0, 1000.0), (3860.4537333333333, 1847.4872666666668, 988.6549333333334), (4295, 1860.0, 1000.0), (4295, 1860.0, 1000.0), (4227.8912, 1859.9953333333333, 1000.0), (6991.7318, 1799.2189333333333, 1523.8333333333333), (8124.8912, 1799.9953333333333, 1525.0), (7878.825866666667, 1799.7013333333334, 1524.9797333333333), (8060.5786, 1799.0421333333334, 1524.2284), (8192, 1800.0, 1525.0), (7789.3474, 1800.0, 1525.0), (7780.2594, 1799.7282, 1524.9458), (7937.545933333333, 1799.9926666666668, 1524.9911333333334)]","[(2, 0.0, 0.0054888888888888895), (0, 0, 0), (2, 0.0, 0.0010944444444444443), (0, 0, 0), (6, 0.0, 0.0003111111111111111), (0, 0, 0), (0, 0, 0), (2, 0.0, 0.0012333333333333335), (4, 0.0019833333333333335, 0.0048000000000000004), (2, 0.0, 0.0012333333333333335), (3, 0.10841666666666666, 0.0281), (2, 0.0, 0.010555555555555558), (0, 0, 0), (3, 0.1085, 0.004066666666666666), (4, 0.0, 0.0017722222222222223), (6, 0.00011666666666666667, 0.018855555555555552)]","[(32210, 67.1, 10.10451111111111), (32212, 67.1, 10.11), (32210, 67.1, 10.108905555555555), (32212, 67.1, 10.11), (32206, 67.1, 10.109688888888888), (32212, 67.1, 10.11), (32212, 67.1, 10.11), (32210, 67.1, 10.108766666666666), (32208, 51.89801666666667, 6.185199999999999), (32210, 51.900000000000006, 6.188766666666666), (32209, 51.79158333333334, 6.161899999999999), (32210, 51.900000000000006, 6.179444444444444), (32212, 51.900000000000006, 6.1899999999999995), (32209, 51.791500000000006, 6.185933333333333), (32208, 51.900000000000006, 6.188227777777778), (32206, 51.89988333333334, 6.171144444444444)]"
76,"[100.0, 100.0, 100.0, 0.0, 100.0, 0.0, 0.0, 100.0, 100.0, 0.0, 100.0, 100.0, 0.0, 100.0, 100.0, 100.0]","[1, 1, 1, 0, 2, 0, 0, 1, 3, 0, 1, 1, 0, 1, 2, 2]","[4.75, 4.75, 4.75, 2.45, 4.75, 2.45, 2.45, 4.75, 5.05, 2.65, 5.05, 5.05, 2.65, 5.05, 5.05, 5.05]","[6361.008278047395, 1154.1194728238213, 510.85024030910995, 0, 2472.191661982625, 0, 0, 0, 3794.4722706765187, 0, 3143.9889128247596, 1596.1861921402513, 0, 1691.1266347954333, 2217.0234139012846, 2887.1954546510688]","[-2332.008278047395, 2874.8805271761785, 3518.1497596908903, 4029, 1556.8083380173748, 4029, 4029, 4029, 234.52772932348125, 4029, 885.0110871752404, 2432.8138078597485, 4029, 2337.8733652045667, 1811.9765860987154, 1141.8045453489312]","[4029, 4029, 4029, 4029, 4029, 4029, 4029, 4029, 4029, 4029, 4029, 4029, 4029, 4029, 4029, 4029]","[4029, 4029, 4029, 0, 4029, 0, 0, 4029, 4029, 0, 4029, 4029, 0, 4029, 4029, 4029]","[(1157.6274666666666, 0.016533333333333334, 0.022133333333333328), (176.16013333333333, 1.632466666666667, 0.017733333333333334), (50.3316, 0.004666666666666667, 0.00013333333333333334), (0, 0, 0), (287.61466666666666, 13.267466666666666, 12.332333333333333), (0, 0, 0), (0, 0, 0), (100.6632, 0.004666666666666667, 6.666666666666668e-05), (1135.9557333333332, 0.7495999999999999, 1.4545333333333335), (0, 0, 0), (205.5204, 0.03793333333333333, 0.025266666666666666), (153.791, 0.9633999999999999, 0.7669333333333332), (0, 0, 0), (339.738, 0.0, 0.0), (481.64533333333327, 0.25653333333333334, 0.05126666666666666), (335.54380000000003, 0.006533333333333334, 0.0016666666666666668)]","[(3137.372533333333, 1859.9834666666666, 999.9778666666666), (4118.839866666666, 1858.3675333333333, 999.9822666666666), (4244.6684, 1859.9953333333333, 999.9998666666667), (4295, 1860.0, 1000.0), (4007.385333333333, 1846.7325333333333, 987.6676666666667), (4295, 1860.0, 1000.0), (4295, 1860.0, 1000.0), (4194.3368, 1859.9953333333333, 999.9999333333334), (7056.044266666667, 1799.2504, 1523.5454666666667), (8192, 1800.0, 1525.0), (7986.4796, 1799.9620666666667, 1524.9747333333332), (8038.209, 1799.0366, 1524.2330666666667), (8192, 1800.0, 1525.0), (7852.262, 1800.0, 1525.0), (7710.354666666667, 1799.7434666666666, 1524.9487333333334), (7856.4562, 1799.9934666666666, 1524.9983333333332)]","[(2, 0.0, 0.005333333333333333), (3, 0.0, 0.0001388888888888889), (2, 0.0, 0.0010555555555555557), (0, 0, 0), (6, 0.0, 0.0003666666666666667), (0, 0, 0), (0, 0, 0), (2, 0.0, 0.001238888888888889), (4, 0.07328333333333333, 0.04891666666666666), (0, 0, 0), (3, 0.00125, 0.027633333333333336), (2, 0.0, 0.0117), (0, 0, 0), (3, 0.2122, 0.00935), (4, 0.0, 0.001983333333333333), (6, 0.00013333333333333334, 0.02491111111111111)]","[(32210, 67.1, 10.104666666666667), (32209, 67.1, 10.10986111111111), (32210, 67.1, 10.108944444444443), (32212, 67.1, 10.11), (32206, 67.1, 10.109633333333333), (32212, 67.1, 10.11), (32212, 67.1, 10.11), (32210, 67.1, 10.10876111111111), (32208, 51.82671666666667, 6.141083333333333), (32212, 51.900000000000006, 6.1899999999999995), (32209, 51.89875000000001, 6.162366666666666), (32210, 51.900000000000006, 6.178299999999999), (32212, 51.900000000000006, 6.1899999999999995), (32209, 51.6878, 6.180649999999999), (32208, 51.900000000000006, 6.188016666666666), (32206, 51.899866666666675, 6.165088888888889)]"
77,"[100.0, 100.0, 100.0, 0.0, 100.0, 0.0, 0.0, 0.0, 100.0, 0.0, 100.0, 100.0, 0.0, 100.0, 100.0, 100.0]","[1, 2, 1, 0, 2, 0, 0, 0, 3, 0, 1, 1, 0, 1, 2, 2]","[4.75, 4.75, 4.75, 2.45, 4.75, 2.45, 2.45, 2.45, 5.05, 2.65, 5.05, 5.05, 2.65, 5.05, 5.05, 5.05]","[2438.7820916767528, 2619.646048961182, 0, 0, 1005.0061272411768, 0, 0, 0, 3845.263101536147, 0, 3601.346184986549, 1655.52396879974, 0, 1254.9939763481898, 2283.8012251711225, 2776.2771920628043]","[1590.2179083232472, 1409.3539510388182, 4029, 4029, 3023.9938727588233, 4029, 4029, 4029, 183.73689846385287, 4029, 427.6538150134511, 2373.47603120026, 4029, 2774.00602365181, 1745.1987748288775, 1252.7228079371957]","[4029, 4029, 4029, 4029, 4029, 4029, 4029, 4029, 4029, 4029, 4029, 4029, 4029, 4029, 4029, 4029]","[4029, 4029, 4029, 0, 4029, 0, 0, 0, 4029, 0, 4029, 4029, 0, 4029, 4029, 4029]","[(167.772, 0.009333333333333334, 0.0104), (357.21366666666665, 3.0834666666666664, 0.047333333333333345), (47.5354, 0.004533333333333333, 0.00013333333333333334), (0, 0, 0), (323.6159333333333, 10.383066666666668, 8.927533333333335), (0, 0, 0), (0, 0, 0), (0, 0, 0), (1314.2138666666667, 0.9393333333333334, 1.3958000000000002), (0, 0, 0), (130.0228, 0.042466666666666666, 0.027733333333333336), (125.829, 0.9370666666666667, 0.7570666666666667), (0, 0, 0), (343.93240000000003, 0.0, 0.0), (485.83959999999996, 0.2993333333333333, 0.058533333333333326), (291.5036, 0.006466666666666667, 0.0014666666666666665)]","[(4127.228, 1859.9906666666666, 999.9896), (3937.7863333333335, 1856.9165333333333, 999.9526666666667), (4247.4646, 1859.9954666666667, 999.9998666666667), (4295, 1860.0, 1000.0), (3971.3840666666665, 1849.6169333333332, 991.0724666666666), (4295, 1860.0, 1000.0), (4295, 1860.0, 1000.0), (4295, 1860.0, 1000.0), (6877.786133333333, 1799.0606666666667, 1523.6042), (8192, 1800.0, 1525.0), (8061.9772, 1799.9575333333332, 1524.9722666666667), (8066.171, 1799.0629333333334, 1524.2429333333334), (8192, 1800.0, 1525.0), (7848.0676, 1800.0, 1525.0), (7706.1604, 1799.7006666666666, 1524.9414666666667), (7900.4964, 1799.9935333333333, 1524.9985333333334)]","[(2, 0.0, 0.002172222222222222), (4, 0.0, 0.028994444444444444), (2, 0.0, 0.0011222222222222222), (0, 0, 0), (6, 0.0, 0.00042777777777777774), (0, 0, 0), (0, 0, 0), (0, 0, 0), (4, 0.003016666666666666, 0.054627777777777775), (0, 0, 0), (3, 0.0008, 0.02777777777777778), (2, 0.06273333333333334, 0.031105555555555553), (0, 0, 0), (3, 0.020033333333333334, 0.0038777777777777777), (4, 0.0, 0.0015055555555555556), (6, 0.00031666666666666665, 0.027422222222222223)]","[(32210, 67.1, 10.107827777777777), (32208, 67.1, 10.081005555555555), (32210, 67.1, 10.108877777777778), (32212, 67.1, 10.11), (32206, 67.1, 10.109572222222221), (32212, 67.1, 10.11), (32212, 67.1, 10.11), (32212, 67.1, 10.11), (32208, 51.89698333333334, 6.135372222222221), (32212, 51.900000000000006, 6.1899999999999995), (32209, 51.89920000000001, 6.162222222222222), (32210, 51.83726666666667, 6.158894444444444), (32212, 51.900000000000006, 6.1899999999999995), (32209, 51.879966666666675, 6.186122222222222), (32208, 51.900000000000006, 6.188494444444444), (32206, 51.899683333333336, 6.162577777777777)]"
78,"[100.0, 100.0, 0.0, 0.0, 100.0, 0.0, 0.0, 0.0, 100.0, 0.0, 99.97517994539588, 100.0, 0.0, 100.0, 100.0, 100.0]","[1, 2, 0, 0, 2, 0, 0, 0, 3, 0, 2, 1, 0, 1, 2, 2]","[4.75, 4.75, 2.45, 2.45, 4.75, 2.45, 2.45, 2.45, 5.05, 2.65, 5.048237776123107, 5.05, 2.65, 5.05, 5.05, 5.05]","[2554.490731062876, 2064.4020062312256, 0, 0, 1716.7605128949745, 0, 0, 0, 4920.048042931984, 0, 3715.8407109326968, 2278.570623724373, 0, 1266.8615316800874, 2310.512350455241, 3329.0176242858884]","[1474.509268937124, 1964.5979937687744, 4029, 4029, 2312.2394871050255, 4029, 4029, 4029, -891.0480429319841, 4029, 313.15928906730323, 1750.429376275627, 4029, 2762.1384683199126, 1718.4876495447588, 699.9823757141116]","[4029, 4029, 4029, 4029, 4029, 4029, 4029, 4029, 4029, 4029, 4029, 4029, 4029, 4029, 4029, 4029]","[4029, 4029, 0, 0, 4029, 0, 0, 0, 4029, 0, 4028, 4029, 0, 4029, 4029, 4029]","[(536.8704, 0.009266666666666668, 0.0106), (533.3747333333333, 2.7491333333333334, 0.01873333333333333), (0, 0, 0), (0, 0, 0), (30.233466666666672, 11.104466666666664, 11.125933333333334), (0, 0, 0), (0, 0, 0), (0, 0, 0), (1041.583933333333, 1.5572, 1.8264000000000002), (0, 0, 0), (140.07113333333334, 4.169866666666667, 4.168266666666667), (226.49220000000003, 0.9202666666666668, 0.7430666666666668), (0, 0, 0), (306.18359999999996, 0.0, 0.0), (401.2544, 0.28426666666666667, 0.05813333333333333), (447.3918666666668, 0.009133333333333334, 0.003533333333333333)]","[(3758.1296, 1859.9907333333333, 999.9894), (3761.625266666667, 1857.2508666666668, 999.9812666666667), (4295, 1860.0, 1000.0), (4295, 1860.0, 1000.0), (4264.766533333333, 1848.8955333333333, 988.8740666666666), (4295, 1860.0, 1000.0), (4295, 1860.0, 1000.0), (4295, 1860.0, 1000.0), (7150.416066666667, 1798.4428, 1523.1736), (8192, 1800.0, 1525.0), (8051.928866666667, 1795.8301333333334, 1520.8317333333334), (7965.5078, 1799.0797333333333, 1524.2569333333333), (8192, 1800.0, 1525.0), (7885.8164, 1800.0, 1525.0), (7790.7456, 1799.7157333333334, 1524.9418666666666), (7744.608133333333, 1799.9908666666668, 1524.9964666666667)]","[(2, 0.0, 0.0023777777777777777), (4, 0.0, 0.0019055555555555557), (0, 0, 0), (0, 0, 0), (5, 0.0, 0.00135), (0, 0, 0), (0, 0, 0), (0, 0, 0), (4, 0.0011333333333333332, 0.0035666666666666668), (0, 0, 0), (6, 0.00011666666666666667, 0.029733333333333327), (2, 0.09268333333333334, 0.011455555555555556), (0, 0, 0), (3, 0.008033333333333333, 0.003372222222222222), (4, 0.0, 0.0016611111111111115), (6, 0.2675166666666666, 0.12538888888888888)]","[(32210, 67.1, 10.107622222222222), (32208, 67.1, 10.108094444444443), (32212, 67.1, 10.11), (32212, 67.1, 10.11), (32207, 67.1, 10.108649999999999), (32212, 67.1, 10.11), (32212, 67.1, 10.11), (32212, 67.1, 10.11), (32208, 51.89886666666667, 6.186433333333333), (32212, 51.900000000000006, 6.1899999999999995), (32206, 51.89988333333334, 6.160266666666666), (32210, 51.80731666666667, 6.1785444444444435), (32212, 51.900000000000006, 6.1899999999999995), (32209, 51.891966666666676, 6.186627777777777), (32208, 51.900000000000006, 6.188338888888889), (32206, 51.63248333333334, 6.064611111111111)]"
79,"[100.0, 99.97517994539588, 0.0, 0.0, 100.0, 0.0, 0.0, 0.0, 100.0, 0.0, 100.0, 100.0, 0.0, 100.0, 100.0, 100.0]","[1, 2, 0, 0, 2, 0, 0, 0, 3, 0, 2, 1, 0, 1, 2, 2]","[4.75, 4.748485976669149, 2.45, 2.45, 4.75, 2.45, 2.45, 2.45, 5.05, 2.65, 5.05, 5.05, 2.65, 5.05, 5.05, 5.05]","[2450.6496444343047, 2098.9069292090467, 0, 0, 1523.4768488209832, 0, 0, 0, 5173.865151197238, 0, 4818.277168714836, 1590.2524144743022, 0, 1204.5568661876246, 2300.4956778864525, 2936.5256768631334]","[1578.3503555656953, 1930.0930707909533, 4029, 4029, 2505.523151179017, 4029, 4029, 4029, -1144.8651511972384, 4029, -789.2771687148361, 2438.747585525698, 4029, 2824.4431338123754, 1728.5043221135475, 1092.4743231368666]","[4029, 4029, 4029, 4029, 4029, 4029, 4029, 4029, 4029, 4029, 4029, 4029, 4029, 4029, 4029, 4029]","[4029, 4028, 0, 0, 4029, 0, 0, 0, 4029, 0, 4029, 4029, 0, 4029, 4029, 4029]","[(738.197, 0.009333333333333334, 0.0108), (469.76099999999997, 1.8006666666666666, 0.6948), (0, 0, 0), (0, 0, 0), (173.757, 8.979533333333334, 8.996400000000001), (0, 0, 0), (0, 0, 0), (0, 0, 0), (1279.9599333333333, 1.5540666666666665, 1.8146666666666669), (0, 0, 0), (149.07166666666666, 12.14106666666667, 12.166133333333331), (142.6062, 0.9306666666666665, 0.7520666666666668), (0, 0, 0), (322.961, 0.0, 0.0), (427.8184, 0.28073333333333333, 0.05659999999999999), (409.6432, 0.0074, 0.0015333333333333332)]","[(3556.803, 1859.9906666666666, 999.9892), (3825.239, 1858.1993333333332, 999.3052), (4295, 1860.0, 1000.0), (4295, 1860.0, 1000.0), (4121.243, 1851.0204666666666, 991.0036), (4295, 1860.0, 1000.0), (4295, 1860.0, 1000.0), (4295, 1860.0, 1000.0), (6912.0400666666665, 1798.4459333333334, 1523.1853333333333), (8192, 1800.0, 1525.0), (8042.928333333333, 1787.8589333333334, 1512.8338666666666), (8049.3938, 1799.0693333333334, 1524.2479333333333), (8192, 1800.0, 1525.0), (7869.039, 1800.0, 1525.0), (7764.1816, 1799.7192666666667, 1524.9434), (7782.3568, 1799.9926, 1524.9984666666667)]","[(2, 0.0, 0.0023666666666666667), (4, 0.0, 0.0019388888888888886), (0, 0, 0), (0, 0, 0), (5, 0.0, 0.001288888888888889), (0, 0, 0), (0, 0, 0), (0, 0, 0), (4, 1.0415999999999999, 0.5746722222222223), (0, 0, 0), (6, 0.0013666666666666669, 0.04002222222222222), (2, 0.0, 0.012455555555555557), (0, 0, 0), (3, 0.007916666666666667, 0.003444444444444445), (4, 0.0, 0.002188888888888889), (6, 0.0012833333333333332, 0.026744444444444446)]","[(32210, 67.1, 10.107633333333332), (32208, 67.1, 10.10806111111111), (32212, 67.1, 10.11), (32212, 67.1, 10.11), (32207, 67.1, 10.108711111111111), (32212, 67.1, 10.11), (32212, 67.1, 10.11), (32212, 67.1, 10.11), (32208, 50.8584, 5.615327777777777), (32212, 51.900000000000006, 6.1899999999999995), (32206, 51.898633333333336, 6.149977777777777), (32210, 51.900000000000006, 6.177544444444444), (32212, 51.900000000000006, 6.1899999999999995), (32209, 51.89208333333334, 6.186555555555555), (32208, 51.900000000000006, 6.1878111111111105), (32206, 51.89871666666667, 6.163255555555555)]"
80,"[100.0, 99.97517994539588, 0.0, 100.0, 100.0, 0.0, 0.0, 0.0, 99.97517994539588, 0.0, 100.0, 100.0, 0.0, 100.0, 100.0, 100.0]","[1, 2, 0, 1, 2, 0, 0, 0, 2, 0, 2, 1, 0, 1, 2, 2]","[4.75, 4.748485976669149, 2.45, 4.75, 4.75, 2.45, 2.45, 2.45, 5.048237776123107, 2.65, 5.05, 5.05, 2.65, 5.05, 5.05, 5.05]","[0, 1530.3621473410255, 0, 1646.6233023008167, 1523.4768488209832, 0, 0, 0, 4356.492012936484, 0, 4071.073141976707, 1563.5504149775322, 0, 1252.0270875152155, 2397.323505228586, 3154.3067013644913]","[4029, 2498.637852658974, 4029, 2382.3766976991833, 2505.523151179017, 4029, 4029, 4029, -327.49201293648366, 4029, -42.07314197670712, 2465.4495850224675, 4029, 2776.9729124847845, 1631.6764947714141, 874.6932986355087]","[4029, 4029, 4029, 4029, 4029, 4029, 4029, 4029, 4029, 4029, 4029, 4029, 4029, 4029, 4029, 4029]","[4029, 4028, 0, 4029, 4029, 0, 0, 0, 4028, 0, 4029, 4029, 0, 4029, 4029, 4029]","[(352.32120000000003, 0.0094, 0.010866666666666667), (356.5146666666667, 0.8667333333333334, 0.3909333333333334), (0, 0, 0), (125.829, 0.9397333333333332, 0.7602666666666668), (98.3036, 10.052866666666668, 10.073133333333333), (0, 0, 0), (0, 0, 0), (0, 0, 0), (1342.1759333333332, 1.6012666666666668, 1.9710666666666663), (0, 0, 0), (136.88206666666667, 10.309133333333333, 10.324733333333333), (117.4404, 0.9303333333333335, 0.7412666666666667), (0, 0, 0), (301.98940000000005, 0.0, 0.0), (488.63586666666674, 0.30666666666666664, 0.06013333333333332), (316.6694, 0.007333333333333334, 0.0020666666666666667)]","[(3942.6788, 1859.9906, 999.9891333333334), (3938.485333333333, 1859.1332666666667, 999.6090666666666), (4295, 1860.0, 1000.0), (4169.171, 1859.0602666666666, 999.2397333333333), (4196.6964, 1849.9471333333333, 989.9268666666667), (4295, 1860.0, 1000.0), (4295, 1860.0, 1000.0), (4295, 1860.0, 1000.0), (6849.824066666667, 1798.3987333333334, 1523.0289333333333), (8192, 1800.0, 1525.0), (8055.117933333333, 1789.6908666666666, 1514.6752666666666), (8074.5596, 1799.0696666666668, 1524.2587333333333), (8192, 1800.0, 1525.0), (7890.0106, 1800.0, 1525.0), (7703.3641333333335, 1799.6933333333334, 1524.9398666666666), (7875.3306, 1799.9926666666668, 1524.9979333333333)]","[(2, 0.0, 0.002344444444444444), (4, 1.666666666666667e-05, 0.0019944444444444445), (0, 0, 0), (2, 0.0, 0.009888888888888888), (5, 0.0, 0.00125), (0, 0, 0), (0, 0, 0), (0, 0, 0), (3, 0.0013, 0.002466666666666667), (0, 0, 0), (6, 0.0, 0.024466666666666668), (2, 0.0, 0.010772222222222223), (0, 0, 0), (3, 0.00785, 0.003533333333333333), (4, 0.0, 0.0020555555555555553), (6, 0.005633333333333334, 0.03273333333333334)]","[(32210, 67.1, 10.107655555555555), (32208, 67.09998333333333, 10.108005555555556), (32212, 67.1, 10.11), (32210, 67.1, 10.10011111111111), (32207, 67.1, 10.108749999999999), (32212, 67.1, 10.11), (32212, 67.1, 10.11), (32212, 67.1, 10.11), (32209, 51.898700000000005, 6.187533333333333), (32212, 51.900000000000006, 6.1899999999999995), (32206, 51.900000000000006, 6.165533333333332), (32210, 51.900000000000006, 6.179227777777777), (32212, 51.900000000000006, 6.1899999999999995), (32209, 51.89215000000001, 6.186466666666666), (32208, 51.900000000000006, 6.187944444444444), (32206, 51.89436666666667, 6.157266666666666)]"
81,"[0.0, 100.0, 0.0, 100.0, 100.0, 0.0, 0.0, 100.0, 100.0, 0.0, 100.0, 100.0, 0.0, 100.0, 100.0, 100.0]","[0, 1, 0, 1, 2, 0, 0, 2, 2, 0, 2, 1, 0, 1, 2, 2]","[2.45, 4.75, 2.45, 4.75, 4.75, 2.45, 2.45, 4.75, 5.05, 2.65, 5.05, 5.05, 2.65, 5.05, 5.05, 5.05]","[0, 1465.6427238431045, 0, 1622.8881916370212, 498.43737685074666, 0, 0, 1118.5284060342888, 4176.618707968778, 0, 3982.4978275279163, 1554.649748478609, 0, 1225.3250880184453, 1228.7117348817424, 3117.206902474975]","[4029, 2563.3572761568958, 4029, 2406.111808362979, 3530.5626231492533, 4029, 4029, 2910.4715939657112, -147.61870796877793, 4029, 46.50217247208366, 2474.3502515213913, 4029, 2803.674911981555, 2800.2882651182576, 911.7930975250251]","[4029, 4029, 4029, 4029, 4029, 4029, 4029, 4029, 4029, 4029, 4029, 4029, 4029, 4029, 4029, 4029]","[0, 4029, 0, 4029, 4029, 0, 0, 4029, 4029, 0, 4029, 4029, 0, 4029, 4029, 4029]","[(0, 0, 0), (331.3495333333333, 4.365933333333333, 0.022533333333333336), (0, 0, 0), (139.81, 0.972, 0.7780666666666667), (129.1054, 11.519533333333333, 11.541066666666667), (0, 0, 0), (0, 0, 0), (98.56533333333331, 0.0051333333333333335, 0.0002666666666666667), (1217.7451999999998, 1.5469333333333335, 1.7080000000000002), (0, 0, 0), (143.086, 10.994, 11.010266666666666), (83.886, 0.8937333333333333, 0.7318666666666667), (0, 0, 0), (328.5532, 0.0, 0.0), (460.67379999999997, 0.27699999999999997, 0.058866666666666664), (308.2808666666667, 0.008733333333333333, 0.009933333333333334)]","[(4295, 1860.0, 1000.0), (3963.650466666667, 1855.6340666666667, 999.9774666666667), (4295, 1860.0, 1000.0), (4155.19, 1859.028, 999.2219333333334), (4165.8946, 1848.4804666666666, 988.4589333333333), (4295, 1860.0, 1000.0), (4295, 1860.0, 1000.0), (4196.434666666667, 1859.9948666666667, 999.9997333333333), (6974.254800000001, 1798.4530666666667, 1523.292), (8192, 1800.0, 1525.0), (8048.914, 1789.006, 1513.9897333333333), (8108.114, 1799.1062666666667, 1524.2681333333333), (8192, 1800.0, 1525.0), (7863.4468, 1800.0, 1525.0), (7731.3262, 1799.723, 1524.9411333333333), (7883.719133333333, 1799.9912666666667, 1524.9900666666667)]","[(0, 0, 0), (3, 0.0, 0.00019444444444444446), (0, 0, 0), (2, 0.0, 0.011461111111111111), (5, 0.0, 0.0012722222222222223), (0, 0, 0), (0, 0, 0), (2, 0.0, 0.0024222222222222223), (3, 0.0019666666666666665, 0.05098888888888889), (0, 0, 0), (6, 0.0, 0.02840555555555556), (2, 0.0, 0.007866666666666668), (0, 0, 0), (3, 0.007816666666666666, 0.003527777777777778), (4, 0.0, 0.0019000000000000002), (6, 0.0009833333333333335, 0.034588888888888884)]","[(32212, 67.1, 10.11), (32209, 67.1, 10.109805555555555), (32212, 67.1, 10.11), (32210, 67.1, 10.09853888888889), (32207, 67.1, 10.108727777777776), (32212, 67.1, 10.11), (32212, 67.1, 10.11), (32210, 67.1, 10.107577777777777), (32209, 51.89803333333334, 6.1390111111111105), (32212, 51.900000000000006, 6.1899999999999995), (32206, 51.900000000000006, 6.161594444444444), (32210, 51.900000000000006, 6.182133333333333), (32212, 51.900000000000006, 6.1899999999999995), (32209, 51.89218333333334, 6.186472222222222), (32208, 51.900000000000006, 6.1880999999999995), (32206, 51.899016666666675, 6.1554111111111105)]"
82,"[0.0, 100.0, 0.0, 100.0, 100.0, 0.0, 0.0, 100.0, 100.0, 0.0, 100.0, 100.0, 0.0, 100.0, 100.0, 100.0]","[0, 1, 0, 1, 2, 0, 0, 2, 2, 0, 2, 1, 0, 1, 1, 2]","[2.45, 4.75, 2.45, 4.75, 4.75, 2.45, 2.45, 4.75, 5.05, 2.65, 5.05, 5.05, 2.65, 5.05, 5.05, 5.05]","[0, 1851.3381774860268, 0, 1578.3848591424044, 2502.143653198554, 0, 0, 1098.4950544072121, 4311.253815821578, 0, 3995.702766259663, 1554.649748478609, 0, 1254.9939763481898, 1175.2894855390578, 3192.150505186846]","[4029, 2177.661822513973, 4029, 2450.6151408575956, 1526.8563468014459, 4029, 4029, 2930.504945592788, -282.2538158215784, 4029, 33.297233740337106, 2474.3502515213913, 4029, 2774.00602365181, 2853.7105144609422, 836.8494948131538]","[4029, 4029, 4029, 4029, 4029, 4029, 4029, 4029, 4029, 4029, 4029, 4029, 4029, 4029, 4029, 4029]","[0, 4029, 0, 4029, 4029, 0, 0, 4029, 4029, 0, 4029, 4029, 0, 4029, 4029, 4029]","[(0, 0, 0), (478.1502, 3.8014, 0.020733333333333333), (0, 0, 0), (184.5492, 0.9548666666666666, 0.7652666666666668), (306.18366666666674, 0.5988666666666668, 0.19200000000000003), (0, 0, 0), (0, 0, 0), (113.24566666666668, 0.0054666666666666665, 0.0004), (1098.9066, 1.5301333333333333, 1.8871333333333333), (0, 0, 0), (146.10053333333332, 11.039000000000003, 11.053600000000001), (92.2746, 0.9142666666666668, 0.7324666666666667), (0, 0, 0), (282.41606666666667, 0.0, 0.0), (304.0866, 0.26866666666666666, 0.058866666666666664), (269.13426666666675, 0.0074, 0.002466666666666667)]","[(4295, 1860.0, 1000.0), (3816.8498, 1856.1986, 999.9792666666667), (4295, 1860.0, 1000.0), (4110.4508, 1859.0451333333333, 999.2347333333333), (3988.816333333333, 1859.4011333333333, 999.808), (4295, 1860.0, 1000.0), (4295, 1860.0, 1000.0), (4181.754333333333, 1859.9945333333333, 999.9996), (7093.0934, 1798.4698666666666, 1523.1128666666666), (8192, 1800.0, 1525.0), (8045.899466666667, 1788.961, 1513.9464), (8099.7254, 1799.0857333333333, 1524.2675333333334), (8192, 1800.0, 1525.0), (7909.583933333333, 1800.0, 1525.0), (7887.9134, 1799.7313333333334, 1524.9411333333333), (7922.865733333333, 1799.9926, 1524.9975333333334)]","[(0, 0, 0), (3, 0.0428, 0.01527777777777778), (0, 0, 0), (2, 1.666666666666667e-05, 0.010605555555555557), (5, 0.011550000000000001, 0.4317666666666667), (0, 0, 0), (0, 0, 0), (2, 0.0, 0.0025055555555555556), (3, 0.07088333333333334, 0.05085), (0, 0, 0), (6, 0.0, 0.027433333333333334), (2, 0.0, 0.010216666666666666), (0, 0, 0), (3, 0.00675, 0.003411111111111111), (1, 0.0, 0.000861111111111111), (6, 0.0003333333333333333, 0.03277222222222222)]","[(32212, 67.1, 10.11), (32209, 67.0572, 10.094722222222222), (32212, 67.1, 10.11), (32210, 67.09998333333333, 10.099394444444444), (32207, 67.08845, 9.678233333333333), (32212, 67.1, 10.11), (32212, 67.1, 10.11), (32210, 67.1, 10.107494444444443), (32209, 51.82911666666667, 6.13915), (32212, 51.900000000000006, 6.1899999999999995), (32206, 51.900000000000006, 6.162566666666666), (32210, 51.900000000000006, 6.179783333333333), (32212, 51.900000000000006, 6.1899999999999995), (32209, 51.89325000000001, 6.186588888888888), (32211, 51.900000000000006, 6.1891388888888885), (32206, 51.899666666666675, 6.157227777777777)]"
83,"[100.0, 100.0, 0.0, 100.0, 100.0, 0.0, 100.0, 100.0, 100.0, 0.0, 99.97517994539588, 100.0, 0.0, 100.0, 100.0, 100.0]","[1, 1, 0, 1, 1, 0, 1, 2, 2, 0, 2, 1, 0, 1, 1, 2]","[4.75, 4.75, 2.45, 4.75, 4.75, 2.45, 4.75, 4.75, 5.05, 2.65, 5.048237776123107, 5.05, 2.65, 5.05, 5.05, 5.05]","[3121.8625785998443, 1646.6228982447833, 0, 1622.8881916370212, 492.5035985549045, 0, 1352.2506356501997, 1165.272872504318, 4331.268897633297, 0, 4281.19959819643, 0, 0, 0, 1252.0839689691668, 0]","[907.1374214001557, 2382.3771017552167, 4029, 2406.111808362979, 3536.4964014450957, 4029, 2676.7493643498, 2863.727127495682, -302.26889763329655, 4029, -252.1995981964301, 4029, 4029, 4029, 2776.9160310308334, 4029]","[4029, 4029, 4029, 4029, 4029, 4029, 4029, 4029, 4029, 4029, 4029, 4029, 4029, 4029, 4029, 4029]","[4029, 4029, 0, 4029, 4029, 0, 4029, 4029, 4029, 0, 4028, 4029, 0, 4029, 4029, 4029]","[(0.0, 0.0, 0.0), (450.887, 3.747866666666667, 0.0224), (0, 0, 0), (131.4214, 0.9578666666666666, 0.7716000000000001), (0.0, 0.0046, 6.666666666666668e-05), (0, 0, 0), (281.018, 0.42160000000000003, 0.13533333333333333), (127.92593333333336, 0.004933333333333334, 0.0002), (1228.9298000000001, 1.6416, 1.7520666666666669), (0, 0, 0), (142.0812, 11.038733333333335, 11.076733333333335), (134.2176, 0.8891333333333333, 0.7291333333333333), (0, 0, 0), (459.97486666666657, 0.0, 0.0), (299.8922, 0.2914, 0.05526666666666666), (272.62946666666676, 0.006533333333333334, 0.0016666666666666668)]","[(4295.0, 1860.0, 1000.0), (3844.113, 1856.2521333333334, 999.9776), (4295, 1860.0, 1000.0), (4163.5786, 1859.0421333333334, 999.2284), (4295.0, 1859.9954, 999.9999333333334), (4295, 1860.0, 1000.0), (4013.982, 1859.5784, 999.8646666666667), (4167.074066666667, 1859.9950666666666, 999.9998), (6963.0702, 1798.3584, 1523.2479333333333), (8192, 1800.0, 1525.0), (8049.9188, 1788.9612666666667, 1513.9232666666667), (8057.7824, 1799.1108666666667, 1524.2708666666667), (8192, 1800.0, 1525.0), (7732.0251333333335, 1800.0, 1525.0), (7892.1078, 1799.7086, 1524.9447333333333), (7919.370533333333, 1799.9934666666666, 1524.9983333333332)]","[(2, 0.0, 0.0), (3, 1.666666666666667e-05, 0.0003444444444444445), (0, 0, 0), (2, 0.0, 0.010555555555555558), (2, 0.0, 0.0012166666666666667), (0, 0, 0), (3, 1.666666666666667e-05, 0.2272388888888889), (2, 0.0, 0.0023499999999999997), (3, 0.0016833333333333331, 0.05025), (0, 0, 0), (6, 0.0009, 0.029899999999999996), (2, 1.666666666666667e-05, 0.00786111111111111), (0, 0, 0), (3, 0.0192, 0.013244444444444444), (1, 0.0, 0.0008333333333333334), (6, 0.0004166666666666666, 0.027511111111111108)]","[(32210, 67.1, 10.11), (32209, 67.09998333333333, 10.109655555555555), (32212, 67.1, 10.11), (32210, 67.1, 10.099444444444444), (32210, 67.1, 10.108783333333333), (32212, 67.1, 10.11), (32209, 67.09998333333333, 9.88276111111111), (32210, 67.1, 10.10765), (32209, 51.89831666666667, 6.139749999999999), (32212, 51.900000000000006, 6.1899999999999995), (32206, 51.899100000000004, 6.1601), (32210, 51.89998333333334, 6.182138888888888), (32212, 51.900000000000006, 6.1899999999999995), (32209, 51.88080000000001, 6.176755555555555), (32211, 51.900000000000006, 6.189166666666666), (32206, 51.89958333333334, 6.1624888888888885)]"
84,"[100.0, 100.0, 0.0, 100.0, 100.0, 100.0, 100.0, 100.0, 100.0, 0.0, 100.0, 100.0, 0.0, 0.0, 100.0, 0.0]","[1, 1, 0, 1, 1, 1, 2, 2, 2, 0, 2, 1, 0, 0, 1, 0]","[4.75, 4.75, 2.45, 4.75, 4.75, 4.75, 4.75, 4.75, 5.05, 2.65, 5.05, 5.05, 2.65, 2.65, 5.05, 2.65]","[3065.1014408071205, 0, 0, 1596.1861921402513, 0, 744.572766635591, 3055.6350757437413, 1075.1228187416311, 4234.495855498899, 0, 4041.3974127394836, 520.8668579276933, 0, 0, 1205.339500794318, 0]","[963.8985591928795, 4029, 4029, 2432.8138078597485, 4029, 3284.427233364409, 973.3649242562587, 2953.877181258369, -205.4958554988989, 4029, -12.39741273948357, 3508.133142072307, 4029, 4029, 2823.660499205682, 4029]","[4029, 4029, 4029, 4029, 4029, 4029, 4029, 4029, 4029, 4029, 4029, 4029, 4029, 4029, 4029, 4029]","[4029, 4029, 0, 4029, 4029, 4029, 4029, 4029, 4029, 0, 4029, 4029, 0, 0, 4029, 0]","[(0.0, 0.0, 0.0), (434.1098, 1.2283333333333333, 0.020466666666666664), (0, 0, 0), (153.791, 0.9633999999999999, 0.7669333333333332), (0.0, 0.004666666666666667, 6.666666666666668e-05), (142.60586666666666, 0.0007333333333333332, 0.0006), (381.681, 1.4318666666666664, 0.9198000000000001), (79.69133333333332, 0.005333333333333333, 0.0004), (1070.9443999999999, 1.5672666666666666, 1.7078666666666666), (0, 0, 0), (127.0950666666667, 11.310866666666668, 11.327133333333334), (0.0, 0.0046, 6.666666666666668e-05), (0, 0, 0), (0, 0, 0), (294.2998, 0.28173333333333334, 0.05493333333333333), (0, 0, 0)]","[(4295.0, 1860.0, 1000.0), (3860.8902, 1858.7716666666668, 999.9795333333333), (4295, 1860.0, 1000.0), (4141.209, 1859.0366, 999.2330666666667), (4295.0, 1859.9953333333333, 999.9999333333334), (4152.394133333333, 1859.9992666666667, 999.9994), (3913.319, 1858.5681333333334, 999.0802), (4215.308666666667, 1859.9946666666667, 999.9996), (7121.0556, 1798.4327333333333, 1523.2921333333334), (8192, 1800.0, 1525.0), (8064.904933333333, 1788.6891333333333, 1513.6728666666668), (8192.0, 1799.9954, 1524.9999333333333), (8192, 1800.0, 1525.0), (8192, 1800.0, 1525.0), (7897.7002, 1799.7182666666668, 1524.9450666666667), (8192, 1800.0, 1525.0)]","[(2, 0.0, 0.0), (3, 0.0, 0.0004555555555555556), (0, 0, 0), (2, 0.0, 0.0117), (2, 0.0, 0.001261111111111111), (1, 0.0, 0.02883888888888889), (5, 8.333333333333333e-05, 0.29606666666666664), (2, 0.0, 0.002477777777777778), (3, 0.0, 0.001011111111111111), (0, 0, 0), (6, 0.0, 0.029500000000000002), (1, 0.0, 0.0008722222222222223), (0, 0, 0), (0, 0, 0), (1, 0.0, 0.001), (0, 0, 0)]","[(32210, 67.1, 10.11), (32209, 67.1, 10.109544444444444), (32212, 67.1, 10.11), (32210, 67.1, 10.0983), (32210, 67.1, 10.108738888888888), (32211, 67.1, 10.081161111111111), (32207, 67.09991666666666, 9.813933333333333), (32210, 67.1, 10.107522222222222), (32209, 51.900000000000006, 6.188988888888888), (32212, 51.900000000000006, 6.1899999999999995), (32206, 51.900000000000006, 6.1605), (32211, 51.900000000000006, 6.189127777777777), (32212, 51.900000000000006, 6.1899999999999995), (32212, 51.900000000000006, 6.1899999999999995), (32211, 51.900000000000006, 6.188999999999999), (32212, 51.900000000000006, 6.1899999999999995)]"
85,"[100.0, 0.0, 0.0, 100.0, 100.0, 100.0, 100.0, 100.0, 100.0, 0.0, 100.0, 100.0, 0.0, 0.0, 99.97517994539588, 0.0]","[1, 0, 0, 1, 2, 1, 2, 2, 2, 0, 2, 1, 0, 0, 2, 0]","[4.75, 2.45, 2.45, 4.75, 4.75, 4.75, 4.75, 4.75, 5.05, 2.65, 5.05, 5.05, 2.65, 2.65, 5.048237776123107, 2.65]","[2911.512479720924, 0, 0, 1655.52396879974, 3103.3648417254744, 554.2559608139378, 3439.2446010042036, 0, 4172.554074417674, 0, 4046.0120647137533, 530.8835282724567, 0, 0, 2310.5123496382057, 0]","[1117.4875202790759, 4029, 4029, 2373.47603120026, 925.6351582745256, 3474.7440391860623, 589.7553989957964, 4029, -143.5540744176742, 4029, -17.01206471375326, 3498.1164717275433, 4029, 4029, 1718.4876503617943, 4029]","[4029, 4029, 4029, 4029, 4029, 4029, 4029, 4029, 4029, 4029, 4029, 4029, 4029, 4029, 4029, 4029]","[4029, 0, 0, 4029, 4029, 4029, 4029, 4029, 4029, 0, 4029, 4029, 0, 0, 4028, 0]","[(0.0, 0.0, 0.0), (0, 0, 0), (0, 0, 0), (125.829, 0.9370666666666667, 0.7570666666666667), (571.8226, 5.337133333333333, 0.46133333333333326), (98.56566666666669, 0.0007333333333333332, 0.0002666666666666667), (366.30179999999996, 1.572, 0.9734666666666667), (121.6344, 0.005066666666666666, 0.0002), (949.3097333333334, 1.5009333333333332, 1.8280666666666665), (0, 0, 0), (126.52706666666667, 11.77873333333333, 11.79373333333333), (0.0, 0.004733333333333333, 0.00013333333333333334), (0, 0, 0), (0, 0, 0), (407.5459333333334, 0.2908666666666667, 0.055266666666666665), (0, 0, 0)]","[(4295.0, 1860.0, 1000.0), (4295, 1860.0, 1000.0), (4295, 1860.0, 1000.0), (4169.171, 1859.0629333333334, 999.2429333333333), (3723.1774, 1854.6628666666666, 999.5386666666667), (4196.434333333334, 1859.9992666666667, 999.9997333333333), (3928.6982, 1858.428, 999.0265333333333), (4173.3656, 1859.9949333333334, 999.9998), (7242.6902666666665, 1798.4990666666667, 1523.1719333333333), (8192, 1800.0, 1525.0), (8065.4729333333335, 1788.2212666666667, 1513.2062666666666), (8192.0, 1799.9952666666666, 1524.9998666666668), (8192, 1800.0, 1525.0), (8192, 1800.0, 1525.0), (7784.454066666666, 1799.7091333333333, 1524.9447333333333), (8192, 1800.0, 1525.0)]","[(2, 0.0, 0.0), (0, 0, 0), (0, 0, 0), (2, 0.06273333333333334, 0.031105555555555553), (2, 0.0, 0.0065611111111111104), (1, 0.0, 0.0016666666666666668), (5, 0.00016666666666666666, 0.38484444444444443), (2, 0.0, 0.002366666666666667), (3, 0.24515, 0.08279999999999998), (0, 0, 0), (6, 0.0, 0.02918888888888889), (1, 0.0, 0.0008388888888888889), (0, 0, 0), (0, 0, 0), (4, 0.0, 0.0017944444444444444), (0, 0, 0)]","[(32210, 67.1, 10.11), (32212, 67.1, 10.11), (32212, 67.1, 10.11), (32210, 67.03726666666667, 10.078894444444444), (32210, 67.1, 10.103438888888888), (32211, 67.1, 10.108333333333333), (32207, 67.09983333333332, 9.725155555555554), (32210, 67.1, 10.107633333333332), (32209, 51.65485, 6.1072), (32212, 51.900000000000006, 6.1899999999999995), (32206, 51.900000000000006, 6.16081111111111), (32211, 51.900000000000006, 6.189161111111111), (32212, 51.900000000000006, 6.1899999999999995), (32212, 51.900000000000006, 6.1899999999999995), (32208, 51.900000000000006, 6.188205555555555), (32212, 51.900000000000006, 6.1899999999999995)]"
86,"[100.0, 100.0, 0.0, 100.0, 100.0, 100.0, 100.0, 100.0, 100.0, 0.0, 99.97517994539588, 100.0, 0.0, 0.0, 100.0, 0.0]","[1, 1, 0, 1, 2, 1, 2, 1, 2, 0, 2, 1, 0, 0, 2, 0]","[4.75, 4.75, 2.45, 4.75, 4.75, 4.75, 4.75, 4.75, 5.05, 2.65, 5.048237776123107, 5.05, 2.65, 2.65, 5.05, 2.65]","[3145.2348118086134, 3121.8625785998443, 0, 2278.570623724373, 2388.344808060452, 0, 3808.763685350635, 652.7155422502, 3152.6794017105544, 0, 4745.985500843341, 0, 0, 0, 2323.8679117696183, 0]","[883.7651881913866, 907.1374214001557, 4029, 1750.429376275627, 1640.6551919395479, 4029, 220.23631464936489, 3376.2844577498, 876.3205982894456, 4029, -716.9855008433406, 4029, 4029, 4029, 1705.1320882303817, 4029]","[4029, 4029, 4029, 4029, 4029, 4029, 4029, 4029, 4029, 4029, 4029, 4029, 4029, 4029, 4029, 4029]","[4029, 4029, 0, 4029, 4029, 4029, 4029, 4029, 4029, 0, 4028, 4029, 0, 0, 4029, 0]","[(0.0, 0.0, 0.0), (0.0, 0.0, 0.0), (0, 0, 0), (226.49220000000003, 0.9202666666666668, 0.7430666666666668), (499.1218, 2.4657999999999998, 0.4998666666666667), (121.6344, 0.0005333333333333334, 0.0002), (394.264, 1.6824666666666666, 1.0009333333333335), (433.41086666666666, 0.0023333333333333335, 0.0030666666666666668), (956.3004000000001, 0.7701999999999999, 1.4231333333333336), (0, 0, 0), (187.38833333333335, 11.119733333333333, 10.896066666666666), (0.0, 0.0044, 0.0), (0, 0, 0), (0, 0, 0), (452.9843333333333, 0.3126, 0.05506666666666667), (0, 0, 0)]","[(4295.0, 1860.0, 1000.0), (4295.0, 1860.0, 1000.0), (4295, 1860.0, 1000.0), (4068.5078, 1859.0797333333333, 999.2569333333333), (3795.8782, 1857.5342, 999.5001333333333), (4173.3656, 1859.9994666666666, 999.9998), (3900.736, 1858.3175333333334, 998.9990666666666), (3861.5891333333334, 1859.9976666666666, 999.9969333333333), (7235.6996, 1799.2298, 1523.5768666666668), (8192, 1800.0, 1525.0), (8004.611666666667, 1788.8802666666666, 1514.1039333333333), (8192.0, 1799.9956, 1525.0), (8192, 1800.0, 1525.0), (8192, 1800.0, 1525.0), (7739.015666666666, 1799.6874, 1524.9449333333334), (8192, 1800.0, 1525.0)]","[(2, 0.0, 0.0), (2, 0.0, 0.0), (0, 0, 0), (2, 0.09268333333333334, 0.011455555555555556), (2, 0.0, 0.006538888888888889), (1, 0.0, 0.0015388888888888887), (5, 0.00023333333333333336, 0.5296833333333333), (1, 0.011300000000000001, 0.0010833333333333333), (3, 0.0, 0.0009666666666666668), (0, 0, 0), (6, 0.0013666666666666669, 0.029205555555555558), (1, 0.0, 0.0008277777777777778), (0, 0, 0), (0, 0, 0), (4, 0.0, 0.0011555555555555555), (0, 0, 0)]","[(32210, 67.1, 10.11), (32210, 67.1, 10.11), (32212, 67.1, 10.11), (32210, 67.00731666666667, 10.098544444444444), (32210, 67.1, 10.10346111111111), (32211, 67.1, 10.10846111111111), (32207, 67.09976666666667, 9.580316666666667), (32211, 67.08869999999999, 10.108916666666666), (32209, 51.900000000000006, 6.189033333333333), (32212, 51.900000000000006, 6.1899999999999995), (32206, 51.898633333333336, 6.160794444444444), (32211, 51.900000000000006, 6.189172222222222), (32212, 51.900000000000006, 6.1899999999999995), (32212, 51.900000000000006, 6.1899999999999995), (32208, 51.900000000000006, 6.188844444444444), (32212, 51.900000000000006, 6.1899999999999995)]"
87,"[100.0, 100.0, 0.0, 100.0, 100.0, 0.0, 100.0, 100.0, 100.0, 0.0, 100.0, 100.0, 0.0, 0.0, 100.0, 0.0]","[1, 2, 0, 1, 2, 0, 2, 1, 2, 0, 2, 1, 0, 0, 2, 0]","[4.75, 4.75, 2.45, 4.75, 4.75, 2.45, 4.75, 4.75, 5.05, 2.65, 5.05, 5.05, 2.65, 2.65, 5.05, 2.65]","[2988.3069602640226, 3515.8516662469206, 0, 1590.2524144743022, 3459.3914135726545, 0, 2941.749922703266, 634.9142092797401, 2776.24746965124, 0, 5256.577881687774, 599.3113997345512, 0, 0, 1095.1561785219467, 0]","[1040.6930397359774, 513.1483337530794, 4029, 2438.747585525698, 569.6085864273455, 4029, 1087.2500772967342, 3394.08579072026, 1252.75253034876, 4029, -1227.5778816877737, 3429.6886002654487, 4029, 4029, 2933.8438214780535, 4029]","[4029, 4029, 4029, 4029, 4029, 4029, 4029, 4029, 4029, 4029, 4029, 4029, 4029, 4029, 4029, 4029]","[4029, 4029, 0, 4029, 4029, 0, 4029, 4029, 4029, 0, 4029, 4029, 0, 0, 4029, 0]","[(0.0, 0.0, 0.0), (184.549, 0.0, 0.0), (0, 0, 0), (142.6062, 0.9306666666666665, 0.7520666666666668), (528.4818, 4.3764, 0.5508666666666666), (0, 0, 0), (387.27340000000004, 1.3606, 0.9021333333333335), (398.45840000000004, 0.0016666666666666668, 0.0003333333333333333), (844.4522, 0.7353333333333333, 1.3436000000000001), (0, 0, 0), (264.06533333333334, 11.537066666666664, 11.282599999999999), (0.0, 0.004733333333333333, 0.00013333333333333334), (0, 0, 0), (0, 0, 0), (435.5082666666667, 0.24226666666666669, 0.04713333333333334), (0, 0, 0)]","[(4295.0, 1860.0, 1000.0), (4110.451, 1860.0, 1000.0), (4295, 1860.0, 1000.0), (4152.3938, 1859.0693333333334, 999.2479333333333), (3766.5182, 1855.6236, 999.4491333333333), (4295, 1860.0, 1000.0), (3907.7266, 1858.6394, 999.0978666666666), (3896.5416, 1859.9983333333332, 999.9996666666667), (7347.5478, 1799.2646666666667, 1523.6564), (8192, 1800.0, 1525.0), (7927.934666666667, 1788.4629333333332, 1513.7174), (8192.0, 1799.9952666666666, 1524.9998666666668), (8192, 1800.0, 1525.0), (8192, 1800.0, 1525.0), (7756.491733333333, 1799.7577333333334, 1524.9528666666668), (8192, 1800.0, 1525.0)]","[(2, 0.0, 0.0), (3, 0.0, 0.00029444444444444445), (0, 0, 0), (2, 0.0, 0.012455555555555557), (2, 0.00031666666666666665, 0.006711111111111111), (0, 0, 0), (5, 5e-05, 0.2122055555555555), (1, 0.015133333333333334, 0.0009777777777777777), (3, 0.0, 0.0007277777777777778), (0, 0, 0), (6, 8.333333333333333e-05, 0.028883333333333334), (3, 0.0, 0.0014222222222222223), (0, 0, 0), (0, 0, 0), (4, 0.0, 0.0015277777777777776), (0, 0, 0)]","[(32210, 67.1, 10.11), (32209, 67.1, 10.109705555555555), (32212, 67.1, 10.11), (32210, 67.1, 10.097544444444443), (32210, 67.09968333333333, 10.103288888888889), (32212, 67.1, 10.11), (32207, 67.09994999999999, 9.897794444444443), (32211, 67.08486666666666, 10.109022222222222), (32209, 51.900000000000006, 6.189272222222222), (32212, 51.900000000000006, 6.1899999999999995), (32206, 51.89991666666667, 6.161116666666667), (32209, 51.900000000000006, 6.188577777777777), (32212, 51.900000000000006, 6.1899999999999995), (32212, 51.900000000000006, 6.1899999999999995), (32208, 51.900000000000006, 6.188472222222222), (32212, 51.900000000000006, 6.1899999999999995)]"
88,"[100.0, 100.0, 0.0, 100.0, 100.0, 100.0, 100.0, 100.0, 99.97517994539588, 0.0, 100.0, 100.0, 0.0, 0.0, 100.0, 0.0]","[1, 2, 0, 1, 2, 1, 2, 1, 2, 0, 2, 1, 0, 0, 1, 0]","[4.75, 4.75, 2.45, 4.75, 4.75, 4.75, 4.75, 4.75, 5.048237776123107, 2.65, 5.05, 5.05, 2.65, 2.65, 5.05, 2.65]","[3008.340303014396, 3482.462765278004, 0, 1563.5504149775322, 2311.2057165855813, 1235.3895160495777, 3021.892417875153, 655.6824310786097, 5485.776312815947, 0, 4701.1535349899905, 620.0796165570354, 0, 0, 1105.1728508864767, 0]","[1020.6596969856041, 546.5372347219959, 4029, 2465.4495850224675, 1717.7942834144187, 2793.6104839504223, 1007.1075821248469, 3373.3175689213904, -1456.7763128159468, 4029, -672.1535349899905, 3408.9203834429645, 4029, 4029, 2923.8271491135233, 4029]","[4029, 4029, 4029, 4029, 4029, 4029, 4029, 4029, 4029, 4029, 4029, 4029, 4029, 4029, 4029, 4029]","[4029, 4029, 0, 4029, 4029, 4029, 4029, 4029, 4028, 0, 4029, 4029, 0, 0, 4029, 0]","[(0.0, 0.0, 0.0), (225.0938, 0.0, 0.0), (0, 0, 0), (117.4404, 0.9303333333333335, 0.7412666666666667), (551.5502666666667, 3.5808666666666666, 0.5312000000000001), (267.736, 0.28726666666666667, 0.0504), (367.7002, 1.4321333333333333, 0.9187333333333333), (349.5247333333333, 0.0023333333333333335, 0.003), (1533.716, 0.845, 2.188933333333333), (0, 0, 0), (251.395, 11.346733333333336, 11.358066666666668), (0.0, 0.004666666666666667, 6.666666666666668e-05), (0, 0, 0), (0, 0, 0), (128.6252, 0.0032, 0.0014), (0, 0, 0)]","[(4295.0, 1860.0, 1000.0), (4069.9062, 1860.0, 1000.0), (4295, 1860.0, 1000.0), (4177.5596, 1859.0696666666668, 999.2587333333333), (3743.4497333333334, 1856.4191333333333, 999.4688), (4027.264, 1859.7127333333333, 999.9496), (3927.2998, 1858.5678666666668, 999.0812666666667), (3945.475266666667, 1859.9976666666666, 999.997), (6658.284, 1799.155, 1522.8110666666666), (8192, 1800.0, 1525.0), (7940.605, 1788.6532666666667, 1513.6419333333333), (8192.0, 1799.9953333333333, 1524.9999333333333), (8192, 1800.0, 1525.0), (8192, 1800.0, 1525.0), (8063.3748, 1799.9968, 1524.9986), (8192, 1800.0, 1525.0)]","[(2, 0.0, 0.0), (3, 0.0, 0.0002833333333333333), (0, 0, 0), (2, 0.0, 0.010772222222222223), (2, 0.0, 0.006688888888888888), (1, 0.0, 0.0011611111111111112), (5, 3.3333333333333335e-05, 0.2882777777777778), (1, 0.01145, 0.0009944444444444447), (3, 1.7971166666666665, 0.24593333333333328), (0, 0, 0), (6, 0.0, 0.029483333333333337), (3, 0.0, 0.001661111111111111), (0, 0, 0), (0, 0, 0), (3, 0.0, 0.0005555555555555557), (0, 0, 0)]","[(32210, 67.1, 10.11), (32209, 67.1, 10.109716666666666), (32212, 67.1, 10.11), (32210, 67.1, 10.099227777777777), (32210, 67.1, 10.103311111111111), (32211, 67.1, 10.108838888888888), (32207, 67.09996666666666, 9.821722222222222), (32211, 67.08855, 10.109005555555555), (32209, 50.10288333333334, 5.944066666666666), (32212, 51.900000000000006, 6.1899999999999995), (32206, 51.900000000000006, 6.160516666666666), (32209, 51.900000000000006, 6.188338888888889), (32212, 51.900000000000006, 6.1899999999999995), (32212, 51.900000000000006, 6.1899999999999995), (32209, 51.900000000000006, 6.189444444444444), (32212, 51.900000000000006, 6.1899999999999995)]"
89,"[100.0, 100.0, 0.0, 100.0, 99.97517994539588, 100.0, 100.0, 100.0, 100.0, 0.0, 100.0, 100.0, 0.0, 0.0, 100.0, 0.0]","[1, 2, 0, 1, 2, 1, 2, 1, 1, 0, 2, 1, 0, 0, 1, 0]","[4.75, 4.75, 2.45, 4.75, 4.748485976669149, 4.75, 4.75, 4.75, 5.05, 2.65, 5.05, 5.05, 2.65, 2.65, 5.05, 2.65]","[3068.4403312655163, 3646.0683956306134, 0, 1554.649748478609, 2456.5832344742, 1235.3895160495777, 3692.247148421029, 640.84798693656, 8764.187792351708, 0, 4755.326636509583, 0, 0, 0, 1078.4617245810634, 0]","[960.5596687344837, 382.9316043693866, 4029, 2474.3502515213913, 1572.4167655258002, 2793.6104839504223, 336.7528515789709, 3388.15201306344, -4735.187792351708, 4029, -726.3266365095833, 4029, 4029, 4029, 2950.538275418937, 4029]","[4029, 4029, 4029, 4029, 4029, 4029, 4029, 4029, 4029, 4029, 4029, 4029, 4029, 4029, 4029, 4029]","[4029, 4029, 0, 4029, 4028, 4029, 4029, 4029, 4029, 0, 4029, 4029, 0, 0, 4029, 0]","[(0.0, 0.0, 0.0), (191.5394, 0.0, 0.0), (0, 0, 0), (83.886, 0.8937333333333333, 0.7318666666666667), (535.472, 3.7444000000000006, 0.6326), (279.6198, 0.2951333333333333, 0.05206666666666667), (338.3399333333333, 1.6284666666666667, 0.9810666666666666), (475.3542666666667, 0.0017333333333333335, 0.0003333333333333333), (1996.488, 0.6658, 1.1106666666666667), (0, 0, 0), (147.10559999999998, 11.633466666666665, 11.643666666666666), (0.0, 0.004533333333333333, 0.0), (0, 0, 0), (0, 0, 0), (134.2176, 0.0033333333333333335, 0.0014), (0, 0, 0)]","[(4295.0, 1860.0, 1000.0), (4103.4606, 1860.0, 1000.0), (4295, 1860.0, 1000.0), (4211.114, 1859.1062666666667, 999.2681333333334), (3759.5280000000002, 1856.2556, 999.3674), (4015.3802, 1859.7048666666667, 999.9479333333334), (3956.660066666667, 1858.3715333333334, 999.0189333333333), (3819.6457333333333, 1859.9982666666667, 999.9996666666667), (6195.512, 1799.3342, 1523.8893333333333), (8192, 1800.0, 1525.0), (8044.8944, 1788.3665333333333, 1513.3563333333334), (8192.0, 1799.9954666666667, 1525.0), (8192, 1800.0, 1525.0), (8192, 1800.0, 1525.0), (8057.7824, 1799.9966666666667, 1524.9986), (8192, 1800.0, 1525.0)]","[(2, 0.0, 0.0), (3, 1.666666666666667e-05, 0.0002611111111111111), (0, 0, 0), (2, 0.0, 0.007866666666666668), (2, 1.666666666666667e-05, 0.0069277777777777775), (1, 0.0, 0.0009000000000000001), (5, 0.06296666666666667, 0.5229888888888887), (1, 0.015333333333333336, 0.0008833333333333333), (1, 0.7808833333333334, 1.2051888888888886), (0, 0, 0), (6, 0.0027166666666666667, 0.027822222222222224), (3, 0.0, 0.0012944444444444446), (0, 0, 0), (0, 0, 0), (3, 0.0, 0.0007111111111111111), (0, 0, 0)]","[(32210, 67.1, 10.11), (32209, 67.09998333333333, 10.109738888888888), (32212, 67.1, 10.11), (32210, 67.1, 10.102133333333333), (32210, 67.09998333333333, 10.103072222222222), (32211, 67.1, 10.1091), (32207, 67.03703333333333, 9.58701111111111), (32211, 67.08466666666666, 10.109116666666667), (32211, 51.11911666666667, 4.984811111111111), (32212, 51.900000000000006, 6.1899999999999995), (32206, 51.89728333333334, 6.162177777777777), (32209, 51.900000000000006, 6.188705555555555), (32212, 51.900000000000006, 6.1899999999999995), (32212, 51.900000000000006, 6.1899999999999995), (32209, 51.900000000000006, 6.189288888888888), (32212, 51.900000000000006, 6.1899999999999995)]"
90,"[100.0, 100.0, 0.0, 100.0, 100.0, 100.0, 100.0, 100.0, 100.0, 0.0, 99.97517994539588, 0.0, 0.0, 0.0, 100.0, 0.0]","[1, 2, 0, 1, 2, 1, 2, 1, 1, 0, 2, 0, 0, 0, 1, 0]","[4.75, 4.75, 2.45, 4.75, 4.75, 4.75, 4.75, 4.75, 5.05, 2.65, 5.048237776123107, 2.65, 2.65, 2.65, 5.05, 2.65]","[3021.6958648479776, 3462.429419615516, 0, 0, 2418.0136879904776, 1128.5450173642087, 4048.1825666740174, 0, 4251.550814637778, 0, 4266.757690981847, 0, 0, 0, 1058.4283798520034, 0]","[1007.3041351520224, 566.570580384484, 4029, 4029, 1610.9863120095224, 2900.4549826357916, -19.18256667401738, 4029, -222.55081463777788, 4029, -237.7576909818472, 4029, 4029, 4029, 2970.5716201479963, 4029]","[4029, 4029, 4029, 4029, 4029, 4029, 4029, 4029, 4029, 4029, 4029, 4029, 4029, 4029, 4029, 4029]","[4029, 4029, 0, 4029, 4029, 4029, 4029, 4029, 4029, 0, 4028, 0, 0, 0, 4029, 0]","[(0.0, 0.0, 0.0), (225.09366666666662, 0.0, 0.0), (0, 0, 0), (92.2746, 0.9142666666666668, 0.7324666666666667), (571.1237333333335, 2.8695999999999997, 1.2535333333333334), (271.93059999999997, 0.26839999999999997, 0.0528), (416.6336666666667, 1.4710666666666667, 0.9218666666666668), (552.2496, 0.0023333333333333335, 0.0028666666666666667), (1769.9958000000001, 0.7819333333333333, 1.2317333333333333), (0, 0, 0), (145.35793333333334, 8.763533333333335, 8.770266666666668), (0, 0, 0), (0, 0, 0), (0, 0, 0), (268.4352, 0.0032666666666666664, 0.0013333333333333333), (0, 0, 0)]","[(4295.0, 1860.0, 1000.0), (4069.9063333333334, 1860.0, 1000.0), (4295, 1860.0, 1000.0), (4202.7254, 1859.0857333333333, 999.2675333333333), (3723.8762666666667, 1857.1304, 998.7464666666667), (4023.0694, 1859.7316, 999.9472), (3878.3663333333334, 1858.5289333333333, 999.0781333333333), (3742.7504, 1859.9976666666666, 999.9971333333333), (6422.004199999999, 1799.2180666666666, 1523.7682666666667), (8192, 1800.0, 1525.0), (8046.642066666666, 1791.2364666666667, 1516.2297333333333), (8192, 1800.0, 1525.0), (8192, 1800.0, 1525.0), (8192, 1800.0, 1525.0), (7923.5648, 1799.9967333333334, 1524.9986666666666), (8192, 1800.0, 1525.0)]","[(2, 0.0, 0.0), (3, 0.0, 0.0002833333333333333), (0, 0, 0), (2, 0.0, 0.010216666666666666), (2, 0.0, 0.006733333333333333), (1, 0.0, 0.00115), (5, 0.09281666666666667, 0.3577444444444445), (1, 0.0116, 0.001061111111111111), (1, 1.4699333333333333, 0.7142388888888889), (0, 0, 0), (6, 0.0, 0.025650000000000003), (0, 0, 0), (0, 0, 0), (0, 0, 0), (3, 0.0, 0.00065), (0, 0, 0)]","[(32210, 67.1, 10.11), (32209, 67.1, 10.109716666666666), (32212, 67.1, 10.11), (32210, 67.1, 10.099783333333333), (32210, 67.1, 10.103266666666666), (32211, 67.1, 10.108849999999999), (32207, 67.00718333333333, 9.752255555555555), (32211, 67.0884, 10.108938888888888), (32211, 50.430066666666676, 5.475761111111111), (32212, 51.900000000000006, 6.1899999999999995), (32206, 51.900000000000006, 6.16435), (32212, 51.900000000000006, 6.1899999999999995), (32212, 51.900000000000006, 6.1899999999999995), (32212, 51.900000000000006, 6.1899999999999995), (32209, 51.900000000000006, 6.189349999999999), (32212, 51.900000000000006, 6.1899999999999995)]"
91,"[100.0, 100.0, 0.0, 0.0, 100.0, 0.0, 100.0, 100.0, 100.0, 0.0, 100.0, 100.0, 0.0, 0.0, 100.0, 100.0]","[1, 2, 0, 0, 2, 0, 2, 1, 1, 0, 2, 1, 0, 0, 1, 2]","[4.75, 4.75, 2.45, 2.45, 4.75, 2.45, 4.75, 4.75, 5.05, 2.65, 5.05, 5.05, 2.65, 2.65, 5.05, 5.05]","[2894.8180274289466, 3589.307260247916, 0, 0, 2234.0665814529398, 0, 2882.403021873382, 1135.2227985320444, 2512.954319607954, 0, 4624.995790856957, 2327.8664038117226, 0, 0, 0, 1536.8482060252531]","[1134.1819725710534, 439.692739752084, 4029, 4029, 1794.9334185470602, 4029, 1146.596978126618, 2893.777201467956, 1516.045680392046, 4029, -595.9957908569568, 1701.1335961882774, 4029, 4029, 4029, 2492.151793974747]","[4029, 4029, 4029, 4029, 4029, 4029, 4029, 4029, 4029, 4029, 4029, 4029, 4029, 4029, 4029, 4029]","[4029, 4029, 0, 0, 4029, 0, 4029, 4029, 4029, 0, 4029, 4029, 0, 0, 4029, 4029]","[(0.0, 0.0, 0.0), (159.38313333333332, 0.0, 0.0), (0, 0, 0), (0, 0, 0), (559.9390666666667, 1.4398666666666666, 1.2992666666666668), (0, 0, 0), (341.13620000000003, 1.3550666666666666, 0.8914000000000001), (277.5227333333333, 0.25306666666666666, 0.0498), (1056.9642, 0.7828666666666667, 1.4151333333333334), (0, 0, 0), (162.35353333333336, 11.133466666666664, 11.152666666666667), (335.544, 0.016466666666666664, 0.009866666666666668), (0, 0, 0), (0, 0, 0), (248.8618, 0.0033333333333333335, 0.0014), (562.0359333333333, 0.0028000000000000004, 0.0044666666666666665)]","[(4295.0, 1860.0, 1000.0), (4135.616866666666, 1860.0, 1000.0), (4295, 1860.0, 1000.0), (4295, 1860.0, 1000.0), (3735.060933333333, 1858.5601333333334, 998.7007333333333), (4295, 1860.0, 1000.0), (3953.8638, 1858.6449333333333, 999.1086), (4017.4772666666668, 1859.7469333333333, 999.9502), (7135.0358, 1799.2171333333333, 1523.5848666666666), (8192, 1800.0, 1525.0), (8029.646466666667, 1788.8665333333333, 1513.8473333333334), (7856.456, 1799.9835333333333, 1524.9901333333332), (8192, 1800.0, 1525.0), (8192, 1800.0, 1525.0), (7943.1382, 1799.9966666666667, 1524.9986), (7629.964066666666, 1799.9972, 1524.9955333333332)]","[(2, 0.0, 0.0), (3, 0.0, 0.0002722222222222222), (0, 0, 0), (0, 0, 0), (2, 0.0007666666666666667, 0.006238888888888889), (0, 0, 0), (5, 1.666666666666667e-05, 0.2049277777777778), (1, 0.0, 0.001172222222222222), (1, 0.6694666666666667, 0.31561666666666666), (0, 0, 0), (6, 0.0, 0.03401111111111112), (3, 0.0, 0.015905555555555555), (0, 0, 0), (0, 0, 0), (3, 0.0, 0.0008222222222222222), (3, 0.0818, 0.02668333333333333)]","[(32210, 67.1, 10.11), (32209, 67.1, 10.109727777777778), (32212, 67.1, 10.11), (32212, 67.1, 10.11), (32210, 67.09923333333333, 10.10376111111111), (32212, 67.1, 10.11), (32207, 67.09998333333333, 9.905072222222222), (32211, 67.1, 10.108827777777778), (32211, 51.23053333333334, 5.874383333333332), (32212, 51.900000000000006, 6.1899999999999995), (32206, 51.900000000000006, 6.1559888888888885), (32209, 51.900000000000006, 6.174094444444444), (32212, 51.900000000000006, 6.1899999999999995), (32212, 51.900000000000006, 6.1899999999999995), (32209, 51.900000000000006, 6.189177777777777), (32209, 51.818200000000004, 6.163316666666666)]"
92,"[100.0, 100.0, 100.0, 0.0, 100.0, 100.0, 100.0, 0.0, 100.0, 0.0, 100.0, 100.0, 0.0, 0.0, 0.0, 100.0]","[1, 2, 1, 0, 2, 1, 2, 0, 1, 0, 2, 1, 0, 0, 0, 2]","[4.75, 4.75, 4.75, 2.45, 4.75, 4.75, 4.75, 2.45, 5.05, 2.65, 5.05, 5.05, 2.65, 2.65, 2.65, 5.05]","[3151.912592725404, 3519.1905567053163, 1208.6783913782356, 0, 1664.42410970745, 1364.7688631682443, 2525.1508669954524, 0, 2533.7225371253753, 0, 3960.889745966877, 2503.141050686958, 0, 0, 0, 1480.4773273196402]","[877.087407274596, 509.80944329468366, 2820.3216086217644, 4029, 2364.57589029255, 2664.231136831756, 1503.8491330045476, 4029, 1495.2774628746247, 4029, 68.11025403312306, 1525.858949313042, 4029, 4029, 4029, 2548.52267268036]","[4029, 4029, 4029, 4029, 4029, 4029, 4029, 4029, 4029, 4029, 4029, 4029, 4029, 4029, 4029, 4029]","[4029, 4029, 4029, 0, 4029, 4029, 4029, 0, 4029, 0, 4029, 4029, 0, 0, 0, 4029]","[(0.0, 0.0, 0.0), (201.3262, 0.0, 0.0), (304.0866, 0.2961333333333333, 0.05726666666666666), (0, 0, 0), (404.05033333333336, 1.4402, 0.45286666666666664), (402.65259999999995, 0.0, 0.0), (311.77619999999996, 1.2452666666666667, 0.8431333333333334), (0, 0, 0), (587.202, 0.7736666666666665, 1.3719333333333334), (0, 0, 0), (136.00799999999998, 9.012, 9.021266666666667), (427.8186, 0.011466666666666667, 0.006066666666666666), (0, 0, 0), (0, 0, 0), (0, 0, 0), (518.6946666666666, 0.0016666666666666668, 0.0014000000000000002)]","[(4295.0, 1860.0, 1000.0), (4093.6738, 1860.0, 1000.0), (3990.9134, 1859.7038666666667, 999.9427333333333), (4295, 1860.0, 1000.0), (3890.9496666666664, 1858.5598, 999.5471333333334), (3892.3474, 1860.0, 1000.0), (3983.2238, 1858.7547333333334, 999.1568666666667), (4295, 1860.0, 1000.0), (7604.798, 1799.2263333333333, 1523.6280666666667), (8192, 1800.0, 1525.0), (8055.992, 1790.988, 1515.9787333333334), (7764.1814, 1799.9885333333334, 1524.9939333333334), (8192, 1800.0, 1525.0), (8192, 1800.0, 1525.0), (8192, 1800.0, 1525.0), (7673.305333333334, 1799.9983333333332, 1524.9986)]","[(2, 0.0, 0.0), (3, 0.0, 0.0002666666666666667), (1, 0.0, 0.0010444444444444444), (0, 0, 0), (2, 0.0, 0.00986111111111111), (3, 0.1085, 0.004066666666666666), (5, 0.0, 0.13269999999999998), (0, 0, 0), (1, 0.6713833333333333, 0.2270777777777778), (0, 0, 0), (6, 0.0, 0.03333333333333333), (3, 1.666666666666667e-05, 0.017866666666666666), (0, 0, 0), (0, 0, 0), (0, 0, 0), (3, 0.01515, 0.0015888888888888888)]","[(32210, 67.1, 10.11), (32209, 67.1, 10.109733333333333), (32211, 67.1, 10.108955555555555), (32212, 67.1, 10.11), (32210, 67.1, 10.100138888888889), (32209, 66.99149999999999, 10.105933333333333), (32207, 67.1, 9.9773), (32212, 67.1, 10.11), (32211, 51.228616666666674, 5.962922222222222), (32212, 51.900000000000006, 6.1899999999999995), (32206, 51.900000000000006, 6.156666666666666), (32209, 51.89998333333334, 6.172133333333333), (32212, 51.900000000000006, 6.1899999999999995), (32212, 51.900000000000006, 6.1899999999999995), (32212, 51.900000000000006, 6.1899999999999995), (32209, 51.88485000000001, 6.188411111111111)]"
93,"[100.0, 99.97517994539588, 100.0, 0.0, 100.0, 100.0, 100.0, 0.0, 100.0, 0.0, 100.0, 100.0, 0.0, 0.0, 0.0, 99.97517994539588]","[1, 2, 1, 0, 2, 1, 2, 0, 1, 0, 2, 1, 0, 0, 0, 2]","[4.75, 4.748485976669149, 4.75, 2.45, 4.75, 4.75, 4.75, 2.45, 5.05, 2.65, 5.05, 5.05, 2.65, 2.65, 2.65, 5.048237776123107]","[2938.223603388089, 3559.2572448169244, 1225.3728442978247, 0, 1789.0334093688766, 1691.1266347954333, 2576.3502287476485, 0, 0, 0, 3758.228439739496, 2497.663717972107, 0, 0, 0, 1465.6428915168299]","[1090.776396611911, 469.7427551830756, 2803.6271557021755, 4029, 2239.9665906311234, 2337.8733652045667, 1452.6497712523515, 4029, 4029, 4029, 270.771560260504, 1531.336282027893, 4029, 4029, 4029, 2563.35710848317]","[4029, 4029, 4029, 4029, 4029, 4029, 4029, 4029, 4029, 4029, 4029, 4029, 4029, 4029, 4029, 4029]","[4029, 4028, 4029, 0, 4029, 4029, 4029, 0, 4029, 0, 4029, 4029, 0, 0, 0, 4028]","[(0.0, 0.0, 0.0), (183.15086666666667, 0.00013333333333333334, 6.666666666666668e-05), (292.20259999999996, 0.28073333333333333, 0.056799999999999996), (0, 0, 0), (299.19273333333336, 1.3517333333333335, 0.5190000000000001), (339.738, 0.0, 0.0), (230.68633333333338, 1.2662666666666667, 0.8494666666666667), (0, 0, 0), (595.5906, 0.7811333333333333, 1.5589333333333335), (0, 0, 0), (131.15833333333336, 10.081266666666668, 10.095866666666666), (419.43, 0.0086, 0.004933333333333334), (0, 0, 0), (0, 0, 0), (0, 0, 0), (422.2255333333333, 0.0024000000000000002, 0.004533333333333334)]","[(4295.0, 1860.0, 1000.0), (4111.849133333333, 1859.9998666666668, 999.9999333333334), (4002.7974, 1859.7192666666667, 999.9432), (4295, 1860.0, 1000.0), (3995.8072666666667, 1858.6482666666666, 999.481), (3955.262, 1860.0, 1000.0), (4064.3136666666664, 1858.7337333333332, 999.1505333333333), (4295, 1860.0, 1000.0), (7596.4094000000005, 1799.2188666666666, 1523.4410666666668), (8192, 1800.0, 1525.0), (8060.841666666666, 1789.9187333333334, 1514.9041333333334), (7772.57, 1799.9914, 1524.9950666666666), (8192, 1800.0, 1525.0), (8192, 1800.0, 1525.0), (8192, 1800.0, 1525.0), (7769.774466666667, 1799.9976, 1524.9954666666667)]","[(2, 0.0, 0.0), (3, 0.005966666666666668, 0.0008777777777777778), (1, 0.0, 0.001027777777777778), (0, 0, 0), (2, 1.666666666666667e-05, 0.00766111111111111), (3, 0.2122, 0.00935), (5, 5e-05, 0.20880000000000004), (0, 0, 0), (1, 0.6745166666666667, 0.26855000000000007), (0, 0, 0), (6, 0.0, 0.026622222222222224), (3, 0.0, 0.021744444444444445), (0, 0, 0), (0, 0, 0), (0, 0, 0), (3, 0.01145, 0.0015611111111111116)]","[(32210, 67.1, 10.11), (32209, 67.09403333333333, 10.109122222222222), (32211, 67.1, 10.108972222222222), (32212, 67.1, 10.11), (32210, 67.09998333333333, 10.10233888888889), (32209, 66.8878, 10.10065), (32207, 67.09994999999999, 9.9012), (32212, 67.1, 10.11), (32211, 51.22548333333334, 5.921449999999999), (32212, 51.900000000000006, 6.1899999999999995), (32206, 51.900000000000006, 6.163377777777777), (32209, 51.900000000000006, 6.168255555555555), (32212, 51.900000000000006, 6.1899999999999995), (32212, 51.900000000000006, 6.1899999999999995), (32212, 51.900000000000006, 6.1899999999999995), (32209, 51.88855, 6.188438888888888)]"
94,"[100.0, 100.0, 100.0, 0.0, 100.0, 100.0, 100.0, 0.0, 0.0, 0.0, 100.0, 100.0, 0.0, 0.0, 100.0, 99.97517994539588]","[1, 2, 1, 0, 2, 1, 2, 0, 0, 0, 2, 1, 0, 0, 1, 2]","[4.75, 4.75, 4.75, 2.45, 4.75, 4.75, 4.75, 2.45, 2.65, 2.65, 5.05, 5.05, 2.65, 2.65, 5.05, 5.048237776123107]","[2958.2569461384624, 3422.362735721453, 0, 0, 2423.947463454082, 1254.9939763481898, 5103.890305753086, 0, 0, 0, 4050.4760922670644, 2664.722365775066, 0, 0, 884.1326637750533, 1958.1463181987206]","[1070.7430538615376, 606.6372642785468, 4029, 4029, 1605.052536545918, 2774.00602365181, -1074.890305753086, 4029, 4029, 4029, -21.47609226706436, 1364.277634224934, 4029, 4029, 3144.8673362249465, 2070.8536818012794]","[4029, 4029, 4029, 4029, 4029, 4029, 4029, 4029, 4029, 4029, 4029, 4029, 4029, 4029, 4029, 4029]","[4029, 4029, 4029, 0, 4029, 4029, 4029, 0, 0, 0, 4029, 4029, 0, 0, 4029, 4028]","[(0.0, 0.0, 0.0), (222.2977333333333, 0.0, 0.0), (276.8236, 0.27726666666666666, 0.054666666666666655), (0, 0, 0), (295.6978666666667, 3.888, 0.5105999999999999), (343.93240000000003, 0.0, 0.0), (383.0792, 1.4876, 0.9024666666666668), (0, 0, 0), (0, 0, 0), (0, 0, 0), (131.90120000000002, 11.5504, 11.566), (455.7806, 0.011333333333333336, 0.005066666666666666), (0, 0, 0), (0, 0, 0), (128.62506666666664, 0.00046666666666666666, 0.0014), (550.8513333333334, 0.0017333333333333335, 0.0014000000000000002)]","[(4295.0, 1860.0, 1000.0), (4072.7022666666667, 1860.0, 1000.0), (4018.1764, 1859.7227333333333, 999.9453333333333), (4295, 1860.0, 1000.0), (3999.302133333333, 1856.112, 999.4894), (3951.0676, 1860.0, 1000.0), (3911.9208, 1858.5124, 999.0975333333333), (4295, 1860.0, 1000.0), (8192, 1800.0, 1525.0), (8192, 1800.0, 1525.0), (8060.0988, 1788.4496, 1513.434), (7736.2194, 1799.9886666666666, 1524.9949333333334), (8192, 1800.0, 1525.0), (8192, 1800.0, 1525.0), (8063.3749333333335, 1799.9995333333334, 1524.9986), (7641.148666666667, 1799.9982666666667, 1524.9986)]","[(2, 0.0, 0.0), (3, 0.0, 0.00019999999999999998), (1, 0.0, 0.0013833333333333334), (0, 0, 0), (2, 0.0, 0.008233333333333334), (3, 0.020033333333333334, 0.0038777777777777777), (5, 0.0017833333333333332, 0.29365555555555556), (0, 0, 0), (0, 0, 0), (0, 0, 0), (6, 0.0001, 0.024305555555555552), (3, 0.0, 0.016805555555555553), (0, 0, 0), (0, 0, 0), (2, 0.0705, 0.025599999999999998), (3, 0.015350000000000003, 0.0015833333333333333)]","[(32210, 67.1, 10.11), (32209, 67.1, 10.1098), (32211, 67.1, 10.108616666666666), (32212, 67.1, 10.11), (32210, 67.1, 10.101766666666666), (32209, 67.07996666666666, 10.106122222222222), (32207, 67.09821666666666, 9.816344444444443), (32212, 67.1, 10.11), (32212, 51.900000000000006, 6.1899999999999995), (32212, 51.900000000000006, 6.1899999999999995), (32206, 51.8999, 6.165694444444444), (32209, 51.900000000000006, 6.1731944444444435), (32212, 51.900000000000006, 6.1899999999999995), (32212, 51.900000000000006, 6.1899999999999995), (32210, 51.8295, 6.1644), (32209, 51.88465000000001, 6.188416666666666)]"
95,"[100.0, 100.0, 100.0, 0.0, 100.0, 100.0, 100.0, 0.0, 0.0, 0.0, 100.0, 100.0, 100.0, 0.0, 100.0, 100.0]","[1, 2, 1, 0, 2, 1, 2, 0, 0, 0, 2, 1, 1, 0, 1, 2]","[4.75, 4.75, 4.75, 2.45, 4.75, 4.75, 4.75, 2.45, 2.65, 2.65, 5.05, 5.05, 5.05, 2.65, 5.05, 5.05]","[3018.356974389583, 3602.662818165204, 0, 0, 2364.6096979968806, 1266.8615316800874, 3720.8456527264816, 0, 0, 0, 1051.7505982756504, 2478.4930534701275, 3815.4812123039737, 0, 845.5631180399, 2112.4245039190796]","[1010.6430256104172, 426.33718183479596, 4029, 4029, 1664.3903020031194, 2762.1384683199126, 308.1543472735184, 4029, 4029, 4029, 2977.24940172435, 1550.5069465298725, 213.51878769602627, 4029, 3183.4368819601, 1916.5754960809204]","[4029, 4029, 4029, 4029, 4029, 4029, 4029, 4029, 4029, 4029, 4029, 4029, 4029, 4029, 4029, 4029]","[4029, 4029, 4029, 0, 4029, 4029, 4029, 0, 0, 0, 4029, 4029, 4029, 0, 4029, 4029]","[(0.0, 0.0, 0.0), (257.2502, 0.0, 0.0), (75.84646666666666, 0.0, 0.0), (0, 0, 0), (573.2208, 4.068266666666666, 0.4986), (306.18359999999996, 0.0, 0.0), (412.43926666666675, 1.3881999999999999, 0.8876666666666666), (0, 0, 0), (0, 0, 0), (0, 0, 0), (127.66326666666666, 9.044333333333332, 9.055533333333335), (332.7478, 0.012333333333333335, 0.0056), (1426.063, 0.14286666666666667, 0.5943999999999999), (0, 0, 0), (120.23626666666664, 0.0, 0.001066666666666667), (666.8934666666667, 0.0023333333333333335, 0.004)]","[(4295.0, 1860.0, 1000.0), (4037.7498, 1860.0, 1000.0), (4219.153533333333, 1860.0, 1000.0), (4295, 1860.0, 1000.0), (3721.7792, 1855.9317333333333, 999.5014), (3988.8164, 1860.0, 1000.0), (3882.5607333333332, 1858.6118, 999.1123333333334), (4295, 1860.0, 1000.0), (8192, 1800.0, 1525.0), (8192, 1800.0, 1525.0), (8064.3367333333335, 1790.9556666666667, 1515.9444666666666), (7859.2522, 1799.9876666666667, 1524.9944), (6765.937, 1799.8571333333334, 1524.4056), (8192, 1800.0, 1525.0), (8071.763733333333, 1800.0, 1524.9989333333333), (7525.106533333334, 1799.9976666666666, 1524.996)]","[(2, 0.0, 0.0), (3, 0.0, 0.00023888888888888888), (2, 0.00015, 0.0002722222222222222), (0, 0, 0), (2, 0.06126666666666666, 0.02937222222222223), (3, 0.008033333333333333, 0.003372222222222222), (5, 0.041166666666666664, 0.6067388888888888), (0, 0, 0), (0, 0, 0), (0, 0, 0), (6, 0.0001833333333333333, 0.029949999999999994), (3, 0.0, 0.021144444444444445), (3, 0.005116666666666666, 0.1869), (0, 0, 0), (2, 1.666666666666667e-05, 0.0006111111111111112), (3, 0.0116, 0.0017166666666666665)]","[(32210, 67.1, 10.11), (32209, 67.1, 10.10976111111111), (32210, 67.09984999999999, 10.109727777777778), (32212, 67.1, 10.11), (32210, 67.03873333333333, 10.080627777777778), (32209, 67.09196666666666, 10.106627777777778), (32207, 67.05883333333333, 9.50326111111111), (32212, 67.1, 10.11), (32212, 51.900000000000006, 6.1899999999999995), (32212, 51.900000000000006, 6.1899999999999995), (32206, 51.89981666666667, 6.160049999999999), (32209, 51.900000000000006, 6.168855555555555), (32209, 51.89488333333334, 6.0031), (32212, 51.900000000000006, 6.1899999999999995), (32210, 51.89998333333334, 6.189388888888889), (32209, 51.888400000000004, 6.188283333333333)]"
96,"[100.0, 100.0, 0.0, 0.0, 100.0, 100.0, 100.0, 0.0, 0.0, 0.0, 100.0, 100.0, 100.0, 0.0, 100.0, 100.0]","[1, 2, 0, 0, 2, 1, 2, 0, 0, 0, 2, 1, 1, 0, 1, 3]","[4.75, 4.75, 2.45, 2.45, 4.75, 4.75, 4.75, 2.45, 2.65, 2.65, 5.05, 5.05, 5.05, 2.65, 5.05, 5.05]","[3148.573702267009, 3502.4961078275423, 0, 0, 2527.7885493660365, 1204.5568661876246, 4793.010615667271, 0, 0, 0, 1979.9623555896167, 2629.1197031285333, 2446.521763816231, 0, 809.96046043822, 2616.110975767308]","[880.4262977329909, 526.5038921724577, 4029, 4029, 1501.2114506339635, 2824.4431338123754, -764.0106156672709, 4029, 4029, 4029, 2049.037644410383, 1399.8802968714667, 1582.4782361837688, 4029, 3219.0395395617797, 1412.889024232692]","[4029, 4029, 4029, 4029, 4029, 4029, 4029, 4029, 4029, 4029, 4029, 4029, 4029, 4029, 4029, 4029]","[4029, 4029, 0, 0, 4029, 4029, 4029, 0, 0, 0, 4029, 4029, 4029, 0, 4029, 4029]","[(0.0, 0.0, 0.0), (192.93746666666667, 0.0, 0.0), (0, 0, 0), (0, 0, 0), (511.00559999999996, 3.6942666666666666, 0.4838000000000001), (322.961, 0.0, 0.0), (513.1022, 1.6352, 0.9588000000000001), (0, 0, 0), (0, 0, 0), (0, 0, 0), (95.63826666666668, 7.324866666666668, 7.344600000000001), (377.487, 0.011333333333333336, 0.0054), (1311.4188000000001, 0.1956, 0.7402000000000001), (0, 0, 0), (72.7008, 6.666666666666668e-05, 0.0015333333333333334), (982.5141333333332, 1.3965999999999998, 0.007266666666666666)]","[(4295.0, 1860.0, 1000.0), (4102.062533333334, 1860.0, 1000.0), (4295, 1860.0, 1000.0), (4295, 1860.0, 1000.0), (3783.9944, 1856.3057333333334, 999.5162), (3972.0389999999998, 1860.0, 1000.0), (3781.8977999999997, 1858.3648, 999.0412), (4295, 1860.0, 1000.0), (8192, 1800.0, 1525.0), (8192, 1800.0, 1525.0), (8096.361733333333, 1792.6751333333334, 1517.6554), (7814.513, 1799.9886666666666, 1524.9946), (6880.5812, 1799.8044, 1524.2598), (8192, 1800.0, 1525.0), (8119.2992, 1799.9999333333333, 1524.9984666666667), (7209.485866666667, 1798.6034, 1524.9927333333333)]","[(2, 0.0, 0.0), (3, 0.0, 0.0002777777777777778), (0, 0, 0), (0, 0, 0), (2, 0.043366666666666664, 0.022755555555555557), (3, 0.007916666666666667, 0.003444444444444445), (5, 0.00031666666666666676, 1.410538888888889), (0, 0, 0), (0, 0, 0), (0, 0, 0), (6, 0.0, 2.7777777777777776e-05), (3, 0.0, 0.030616666666666664), (3, 0.0006, 0.11304444444444445), (0, 0, 0), (2, 0.0, 0.0005666666666666668), (4, 0.01555, 0.013994444444444445)]","[(32210, 67.1, 10.11), (32209, 67.1, 10.109722222222222), (32212, 67.1, 10.11), (32212, 67.1, 10.11), (32210, 67.05663333333332, 10.087244444444444), (32209, 67.09208333333332, 10.106555555555556), (32207, 67.09968333333333, 8.69946111111111), (32212, 67.1, 10.11), (32212, 51.900000000000006, 6.1899999999999995), (32212, 51.900000000000006, 6.1899999999999995), (32206, 51.900000000000006, 6.189972222222222), (32209, 51.900000000000006, 6.1593833333333325), (32209, 51.89940000000001, 6.076955555555555), (32212, 51.900000000000006, 6.1899999999999995), (32210, 51.900000000000006, 6.189433333333333), (32208, 51.88445000000001, 6.176005555555555)]"
97,"[100.0, 100.0, 0.0, 0.0, 100.0, 100.0, 100.0, 0.0, 0.0, 0.0, 100.0, 100.0, 100.0, 0.0, 100.0, 100.0]","[1, 2, 0, 0, 2, 1, 2, 0, 0, 0, 2, 1, 1, 0, 1, 3]","[4.75, 4.75, 2.45, 2.45, 4.75, 4.75, 4.75, 2.45, 2.65, 2.65, 5.05, 5.05, 5.05, 2.65, 5.05, 5.05]","[3425.7016103138403, 3459.0905299604624, 0, 0, 913.8014213950846, 1252.0270875152155, 5555.747398342353, 0, 0, 0, 2100.1624246760302, 2505.879717044383, 2303.8585840403466, 0, 1317.2983312621604, 2420.981003051275]","[603.2983896861597, 569.9094700395376, 4029, 4029, 3115.1985786049154, 2776.9729124847845, -1526.7473983423533, 4029, 4029, 4029, 1928.8375753239698, 1523.1202829556169, 1725.1414159596534, 4029, 2711.7016687378396, 1608.018996948725]","[4029, 4029, 4029, 4029, 4029, 4029, 4029, 4029, 4029, 4029, 4029, 4029, 4029, 4029, 4029, 4029]","[4029, 4029, 0, 0, 4029, 4029, 4029, 0, 0, 0, 4029, 4029, 4029, 0, 4029, 4029]","[(0.0, 0.0, 0.0), (187.3452, 0.0, 0.0), (0, 0, 0), (0, 0, 0), (579.5124, 4.6444, 0.5302), (301.98940000000005, 0.0, 0.0), (549.4531999999999, 1.7853333333333332, 1.0174666666666667), (0, 0, 0), (0, 0, 0), (0, 0, 0), (77.85633333333334, 9.086799999999998, 9.110399999999998), (321.563, 0.0134, 0.007933333333333334), (1255.4948, 0.13406666666666667, 0.4640666666666667), (0, 0, 0), (75.49706666666667, 0.0, 0.001066666666666667), (852.4914666666666, 0.6502, 0.0074)]","[(4295.0, 1860.0, 1000.0), (4107.6548, 1860.0, 1000.0), (4295, 1860.0, 1000.0), (4295, 1860.0, 1000.0), (3715.4876, 1855.3556, 999.4698), (3993.0106, 1860.0, 1000.0), (3745.5468, 1858.2146666666667, 998.9825333333333), (4295, 1860.0, 1000.0), (8192, 1800.0, 1525.0), (8192, 1800.0, 1525.0), (8114.143666666667, 1790.9132, 1515.8896), (7870.437, 1799.9866, 1524.9920666666667), (6936.5052, 1799.8659333333333, 1524.5359333333333), (8192, 1800.0, 1525.0), (8116.502933333333, 1800.0, 1524.9989333333333), (7339.508533333334, 1799.3498, 1524.9926)]","[(2, 0.0, 0.0), (3, 0.0, 0.0002833333333333333), (0, 0, 0), (0, 0, 0), (2, 0.0, 0.008694444444444444), (3, 0.00785, 0.003533333333333333), (5, 0.0, 1.8580333333333334), (0, 0, 0), (0, 0, 0), (0, 0, 0), (6, 0.0, 2.7777777777777776e-05), (3, 0.0, 0.017744444444444448), (3, 1.666666666666667e-05, 0.12178333333333334), (0, 0, 0), (2, 1.666666666666667e-05, 0.0007), (4, 0.01175, 0.0017000000000000001)]","[(32210, 67.1, 10.11), (32209, 67.1, 10.109716666666666), (32212, 67.1, 10.11), (32212, 67.1, 10.11), (32210, 67.1, 10.101305555555555), (32209, 67.09214999999999, 10.106466666666666), (32207, 67.1, 8.251966666666666), (32212, 67.1, 10.11), (32212, 51.900000000000006, 6.1899999999999995), (32212, 51.900000000000006, 6.1899999999999995), (32206, 51.900000000000006, 6.189972222222222), (32209, 51.900000000000006, 6.172255555555555), (32209, 51.89998333333334, 6.068216666666666), (32212, 51.900000000000006, 6.1899999999999995), (32210, 51.89998333333334, 6.189299999999999), (32208, 51.888250000000006, 6.1883)]"
98,"[100.0, 100.0, 0.0, 0.0, 100.0, 100.0, 100.0, 0.0, 0.0, 0.0, 100.0, 100.0, 100.0, 0.0, 100.0, 100.0]","[1, 2, 0, 0, 2, 1, 2, 0, 0, 0, 2, 1, 1, 0, 1, 3]","[4.75, 4.75, 2.45, 2.45, 4.75, 4.75, 4.75, 2.45, 2.65, 2.65, 5.05, 5.05, 5.05, 2.65, 5.05, 5.05]","[0, 3529.207229888023, 0, 0, 2569.325386891308, 0, 5467.085362467357, 0, 0, 0, 2193.6513667449763, 2519.573048831511, 2662.034226881929, 0, 1459.7089616688797, 2700.5531920751514]","[4029, 499.792770111977, 4029, 4029, 1459.674613108692, 4029, -1438.0853624673573, 4029, 4029, 4029, 1835.3486332550237, 1509.4269511684888, 1366.965773118071, 4029, 2569.29103833112, 1328.4468079248486]","[4029, 4029, 4029, 4029, 4029, 4029, 4029, 4029, 4029, 4029, 4029, 4029, 4029, 4029, 4029, 4029]","[4029, 4029, 0, 0, 4029, 4029, 4029, 0, 0, 0, 4029, 4029, 4029, 0, 4029, 4029]","[(0.0, 0.0, 0.0), (160.7812, 0.0, 0.0), (0, 0, 0), (0, 0, 0), (260.0466, 1.4692666666666665, 1.3147333333333333), (328.5532, 0.0, 0.0), (482.3444, 1.7585333333333333, 1.0046), (0, 0, 0), (0, 0, 0), (0, 0, 0), (102.54133333333334, 10.411866666666667, 10.436533333333331), (343.9326, 0.013333333333333336, 0.0074666666666666675), (1470.8021999999999, 0.18553333333333333, 0.47233333333333327), (0, 0, 0), (114.64386666666668, 0.0, 0.0011333333333333332), (799.0134, 0.647, 0.0062)]","[(4295.0, 1860.0, 1000.0), (4134.2188, 1860.0, 1000.0), (4295, 1860.0, 1000.0), (4295, 1860.0, 1000.0), (4034.9534, 1858.5307333333333, 998.6852666666666), (3966.4468, 1860.0, 1000.0), (3812.6556, 1858.2414666666666, 998.9954), (4295, 1860.0, 1000.0), (8192, 1800.0, 1525.0), (8192, 1800.0, 1525.0), (8089.458666666666, 1789.5881333333334, 1514.5634666666667), (7848.0674, 1799.9866666666667, 1524.9925333333333), (6721.1978, 1799.8144666666667, 1524.5276666666666), (8192, 1800.0, 1525.0), (8077.356133333334, 1800.0, 1524.9988666666666), (7392.9866, 1799.353, 1524.9938)]","[(2, 0.0, 0.0), (3, 0.0, 0.0002666666666666667), (0, 0, 0), (0, 0, 0), (3, 0.0, 0.012866666666666665), (3, 0.007816666666666666, 0.003527777777777778), (5, 3.3333333333333335e-05, 1.7898222222222224), (0, 0, 0), (0, 0, 0), (0, 0, 0), (6, 0.0, 2.2222222222222223e-05), (3, 0.0, 0.017083333333333332), (3, 1.666666666666667e-05, 0.1395388888888889), (0, 0, 0), (2, 0.0, 0.0006555555555555555), (4, 0.01575, 0.0016333333333333334)]","[(32210, 67.1, 10.11), (32209, 67.1, 10.109733333333333), (32212, 67.1, 10.11), (32212, 67.1, 10.11), (32209, 67.1, 10.097133333333332), (32209, 67.09218333333332, 10.106472222222221), (32207, 67.09996666666666, 8.320177777777777), (32212, 67.1, 10.11), (32212, 51.900000000000006, 6.1899999999999995), (32212, 51.900000000000006, 6.1899999999999995), (32206, 51.900000000000006, 6.189977777777777), (32209, 51.900000000000006, 6.172916666666667), (32209, 51.89998333333334, 6.050461111111111), (32212, 51.900000000000006, 6.1899999999999995), (32210, 51.900000000000006, 6.189344444444444), (32208, 51.88425000000001, 6.188366666666666)]"
99,"[100.0, 100.0, 0.0, 0.0, 100.0, 0.0, 100.0, 100.0, 0.0, 0.0, 100.0, 100.0, 100.0, 0.0, 100.0, 100.0]","[2, 2, 0, 0, 2, 0, 2, 1, 0, 0, 2, 1, 1, 0, 1, 2]","[4.75, 4.75, 2.45, 2.45, 4.75, 2.45, 4.75, 4.75, 2.65, 2.65, 5.05, 5.05, 5.05, 2.65, 5.05, 5.05]","[1752.917742571638, 3709.5073161476494, 0, 0, 2539.656500763908, 0, 5855.140658892084, 809.96046043822, 0, 0, 2223.701382770487, 2440.1517244661704, 2986.820614882346, 0, 845.5631180399, 1317.298517921692]","[2276.082257428362, 319.49268385235064, 4029, 4029, 1489.3434992360922, 4029, -1826.1406588920836, 3219.0395395617797, 4029, 4029, 1805.2986172295132, 1588.8482755338296, 1042.179385117654, 4029, 3183.4368819601, 2711.701482078308]","[4029, 4029, 4029, 4029, 4029, 4029, 4029, 4029, 4029, 4029, 4029, 4029, 4029, 4029, 4029, 4029]","[4029, 4029, 0, 0, 4029, 0, 4029, 4029, 0, 0, 4029, 4029, 4029, 0, 4029, 4029]","[(99.26486666666666, 0.0009333333333333332, 0.0010666666666666667), (209.7147333333333, 0.0, 0.0), (0, 0, 0), (0, 0, 0), (204.1226, 1.4972666666666667, 1.3128), (0, 0, 0), (448.7898666666666, 1.7768666666666666, 1.0107333333333333), (86.68193333333333, 0.0, 0.001), (0, 0, 0), (0, 0, 0), (64.57426666666666, 10.471266666666667, 10.494933333333332), (478.1502, 0.012199999999999999, 0.007066666666666666), (1311.4188000000001, 0.14286666666666667, 0.5135333333333333), (0, 0, 0), (92.27413333333331, 6.666666666666668e-05, 0.0013333333333333333), (693.4570666666666, 0.6344666666666666, 0.008666666666666668)]","[(4195.735133333334, 1859.9990666666667, 999.9989333333333), (4085.2852666666668, 1860.0, 1000.0), (4295, 1860.0, 1000.0), (4295, 1860.0, 1000.0), (4090.8774, 1858.5027333333333, 998.6872), (4295, 1860.0, 1000.0), (3846.2101333333335, 1858.2231333333334, 998.9892666666667), (4208.318066666667, 1860.0, 999.999), (8192, 1800.0, 1525.0), (8192, 1800.0, 1525.0), (8127.4257333333335, 1789.5287333333333, 1514.5050666666666), (7713.8498, 1799.9878, 1524.9929333333334), (6880.5812, 1799.8571333333334, 1524.4864666666667), (8192, 1800.0, 1525.0), (8099.725866666667, 1799.9999333333333, 1524.9986666666666), (7498.542933333333, 1799.3655333333334, 1524.9913333333334)]","[(4, 0.0, 0.000638888888888889), (3, 0.0, 0.00030555555555555555), (0, 0, 0), (0, 0, 0), (3, 0.0, 0.014338888888888889), (0, 0, 0), (5, 0.00455, 1.9689833333333335), (2, 0.0, 0.0003888888888888888), (0, 0, 0), (0, 0, 0), (6, 0.0, 1.1111111111111112e-05), (3, 0.0009, 0.02215), (3, 5e-05, 0.13139444444444442), (0, 0, 0), (2, 1.666666666666667e-05, 0.003455555555555556), (2, 0.011933333333333336, 0.001277777777777778)]","[(32208, 67.1, 10.109361111111111), (32209, 67.1, 10.109694444444443), (32212, 67.1, 10.11), (32212, 67.1, 10.11), (32209, 67.1, 10.095661111111111), (32212, 67.1, 10.11), (32207, 67.09545, 8.141016666666665), (32210, 67.1, 10.10961111111111), (32212, 51.900000000000006, 6.1899999999999995), (32212, 51.900000000000006, 6.1899999999999995), (32206, 51.900000000000006, 6.189988888888888), (32209, 51.899100000000004, 6.16785), (32209, 51.899950000000004, 6.058605555555555), (32212, 51.900000000000006, 6.1899999999999995), (32210, 51.89998333333334, 6.1865444444444435), (32210, 51.888066666666674, 6.188722222222221)]"
100,"[100.0, 100.0, 0.0, 0.0, 100.0, 0.0, 100.0, 100.0, 0.0, 0.0, 100.0, 100.0, 100.0, 0.0, 100.0, 100.0]","[2, 2, 0, 0, 2, 0, 2, 1, 0, 0, 2, 1, 1, 0, 1, 2]","[4.75, 4.75, 2.45, 2.45, 4.75, 2.45, 4.75, 4.75, 2.65, 2.65, 5.05, 5.05, 5.05, 2.65, 5.05, 5.05]","[1762.934415443962, 3889.8073979888936, 0, 0, 1578.3848591424044, 0, 5957.539382396478, 0, 0, 0, 2263.7680729406597, 2429.1970590364676, 2953.431360041183, 0, 0, 2887.46705017342]","[2266.0655845560377, 139.19260201110637, 4029, 4029, 2450.6151408575956, 4029, -1928.5393823964778, 4029, 4029, 4029, 1765.2319270593403, 1599.8029409635324, 1075.5686399588171, 4029, 4029, 1141.53294982658]","[4029, 4029, 4029, 4029, 4029, 4029, 4029, 4029, 4029, 4029, 4029, 4029, 4029, 4029, 4029, 4029]","[4029, 4029, 0, 0, 4029, 0, 4029, 4029, 0, 0, 4029, 4029, 4029, 0, 4029, 4029]","[(83.1868, 0.001, 0.001), (181.75279999999998, 0.0, 0.0), (0, 0, 0), (0, 0, 0), (265.639, 1.464, 1.3076), (0, 0, 0), (550.8513333333334, 1.4455333333333331, 0.9771333333333333), (85.284, 0.0, 0.001), (0, 0, 0), (0, 0, 0), (67.63266666666667, 10.917866666666667, 10.942466666666666), (461.373, 0.013266666666666668, 0.0067333333333333325), (1311.4188000000001, 0.188, 0.5201333333333333), (0, 0, 0), (76.89526666666666, 0.0, 0.001), (557.1425333333333, 0.7514666666666666, 0.10439999999999999)]","[(4211.8132, 1859.999, 999.999), (4113.2472, 1860.0, 1000.0), (4295, 1860.0, 1000.0), (4295, 1860.0, 1000.0), (4029.361, 1858.536, 998.6924), (4295, 1860.0, 1000.0), (3744.1486666666665, 1858.5544666666667, 999.0228666666667), (4209.716, 1860.0, 999.999), (8192, 1800.0, 1525.0), (8192, 1800.0, 1525.0), (8124.367333333334, 1789.0821333333333, 1514.0575333333334), (7730.627, 1799.9867333333334, 1524.9932666666666), (6880.5812, 1799.812, 1524.4798666666666), (8192, 1800.0, 1525.0), (8115.104733333334, 1800.0, 1524.999), (7634.857466666666, 1799.2485333333334, 1524.8956)]","[(4, 0.0, 0.0006222222222222223), (3, 0.0, 0.0002111111111111111), (0, 0, 0), (0, 0, 0), (3, 1.666666666666667e-05, 0.01302777777777778), (0, 0, 0), (5, 0.009833333333333333, 1.9603277777777777), (2, 1.666666666666667e-05, 0.00042777777777777774), (0, 0, 0), (0, 0, 0), (6, 0.0, 2.2222222222222223e-05), (3, 0.0, 0.017055555555555553), (3, 3.3333333333333335e-05, 0.16156666666666666), (0, 0, 0), (2, 0.0, 0.0005055555555555555), (3, 0.0, 0.0012388888888888888)]","[(32208, 67.1, 10.109377777777777), (32209, 67.1, 10.109788888888888), (32212, 67.1, 10.11), (32212, 67.1, 10.11), (32209, 67.09998333333333, 10.096972222222222), (32212, 67.1, 10.11), (32207, 67.09016666666666, 8.149672222222222), (32210, 67.09998333333333, 10.109572222222221), (32212, 51.900000000000006, 6.1899999999999995), (32212, 51.900000000000006, 6.1899999999999995), (32206, 51.900000000000006, 6.189977777777777), (32209, 51.900000000000006, 6.172944444444444), (32209, 51.89996666666667, 6.028433333333333), (32212, 51.900000000000006, 6.1899999999999995), (32210, 51.900000000000006, 6.189494444444444), (32209, 51.900000000000006, 6.188761111111111)]"
101,"[100.0, 100.0, 0.0, 0.0, 100.0, 0.0, 100.0, 100.0, 0.0, 0.0, 100.0, 100.0, 100.0, 0.0, 100.0, 100.0]","[2, 2, 0, 0, 2, 0, 2, 1, 0, 0, 2, 1, 1, 0, 1, 2]","[4.75, 4.75, 2.45, 2.45, 4.75, 2.45, 4.75, 4.75, 2.65, 2.65, 5.05, 5.05, 5.05, 2.65, 5.05, 5.05]","[1746.2399625243731, 3993.3130048100184, 0, 0, 2778.144169820428, 0, 4969.962685791841, 731.2170323801198, 0, 0, 2377.2903746917864, 2420.981059964191, 2989.8560016860883, 0, 922.7020845904912, 2774.2688420815766]","[2282.7600374756266, 35.686995189981644, 4029, 4029, 1250.855830179572, 4029, -940.9626857918411, 3297.7829676198803, 4029, 4029, 1651.7096253082136, 1608.018940035809, 1039.1439983139117, 4029, 3106.2979154095087, 1254.7311579184234]","[4029, 4029, 4029, 4029, 4029, 4029, 4029, 4029, 4029, 4029, 4029, 4029, 4029, 4029, 4029, 4029]","[4029, 4029, 0, 0, 4029, 0, 4029, 4029, 0, 0, 4029, 4029, 4029, 0, 4029, 4029]","[(120.93520000000001, 0.001066666666666667, 0.001), (170.56806666666668, 0.0, 0.0), (0, 0, 0), (0, 0, 0), (198.5298, 0.958, 0.7726000000000001), (0, 0, 0), (506.11186666666674, 1.5685333333333333, 0.9370666666666667), (178.9568, 0.0019333333333333331, 0.0014666666666666665), (0, 0, 0), (0, 0, 0), (203.81626666666665, 9.887, 9.910533333333332), (416.6338, 0.0116, 0.0067333333333333325), (1177.2012, 0.14893333333333333, 0.6776666666666666), (0, 0, 0), (97.867, 0.5311333333333333, 0.4374666666666666), (601.8817333333333, 0.8457333333333334, 0.10419999999999999)]","[(4174.0648, 1859.9989333333333, 999.999), (4124.431933333333, 1860.0, 1000.0), (4295, 1860.0, 1000.0), (4295, 1860.0, 1000.0), (4096.4702, 1859.042, 999.2274), (4295, 1860.0, 1000.0), (3788.8881333333334, 1858.4314666666667, 999.0629333333334), (4116.0432, 1859.9980666666668, 999.9985333333333), (8192, 1800.0, 1525.0), (8192, 1800.0, 1525.0), (7988.183733333333, 1790.113, 1515.0894666666666), (7775.3662, 1799.9884, 1524.9932666666666), (7014.7988000000005, 1799.8510666666666, 1524.3223333333333), (8192, 1800.0, 1525.0), (8094.133, 1799.4688666666666, 1524.5625333333332), (7590.118266666666, 1799.1542666666667, 1524.8958)]","[(4, 0.0, 0.0006333333333333333), (3, 0.0, 0.0002888888888888889), (0, 0, 0), (0, 0, 0), (3, 0.0, 0.01112777777777778), (0, 0, 0), (5, 0.0, 1.772877777777778), (1, 0.36411666666666676, 0.01315), (0, 0, 0), (0, 0, 0), (6, 0.03166666666666667, 0.0017944444444444444), (3, 0.0, 0.024077777777777778), (3, 5e-05, 0.12382222222222221), (0, 0, 0), (1, 0.0, 0.0014666666666666662), (3, 0.0, 0.0011777777777777778)]","[(32208, 67.1, 10.109366666666666), (32209, 67.1, 10.10971111111111), (32212, 67.1, 10.11), (32212, 67.1, 10.11), (32209, 67.1, 10.098872222222221), (32212, 67.1, 10.11), (32207, 67.1, 8.337122222222222), (32211, 66.73588333333333, 10.09685), (32212, 51.900000000000006, 6.1899999999999995), (32212, 51.900000000000006, 6.1899999999999995), (32206, 51.86833333333334, 6.188205555555555), (32209, 51.900000000000006, 6.165922222222222), (32209, 51.899950000000004, 6.066177777777777), (32212, 51.900000000000006, 6.1899999999999995), (32211, 51.900000000000006, 6.188533333333333), (32209, 51.900000000000006, 6.188822222222222)]"
