interval,cpu,numcontainers,power,baseips,ipsavailable,ipscap,apparentips,ram,ramavailable,disk,diskavailable
1,"[0.0, 0.0, 0.0, 0.0, 0.0, 0.0, 0.0, 0.0, 0.0, 0.0, 100.0, 100.0, 100.0, 0.0, 0.0, 0.0]","[0, 0, 0, 0, 0, 0, 0, 0, 0, 0, 1, 1, 2, 0, 0, 0]","[2.45, 2.45, 2.45, 2.45, 2.45, 2.45, 2.45, 2.45, 2.65, 2.65, 5.05, 5.05, 5.05, 2.65, 2.65, 2.65]","[0, 0, 0, 0, 0, 0, 0, 0, 0, 0, 731.2170323801198, 1154.1194728238213, 1343.8841663701423, 0, 0, 0]","[4029, 4029, 4029, 4029, 4029, 4029, 4029, 4029, 4029, 4029, 3297.7829676198803, 2874.8805271761785, 2685.1158336298577, 4029, 4029, 4029]","[4029, 4029, 4029, 4029, 4029, 4029, 4029, 4029, 4029, 4029, 4029, 4029, 4029, 4029, 4029, 4029]","[0, 0, 0, 0, 0, 0, 0, 0, 0, 0, 4029, 4029, 4029, 0, 0, 0]","[(0, 0, 0), (0, 0, 0), (0, 0, 0), (0, 0, 0), (0, 0, 0), (0, 0, 0), (0, 0, 0), (0, 0, 0), (0, 0, 0), (0, 0, 0), (178.9568, 0.0019333333333333331, 0.0014666666666666665), (176.16013333333333, 1.632466666666667, 0.017733333333333334), (142.60586666666666, 0.0054666666666666665, 0.0007333333333333332), (0, 0, 0), (0, 0, 0), (0, 0, 0)]","[(4295, 1860.0, 1000.0), (4295, 1860.0, 1000.0), (4295, 1860.0, 1000.0), (4295, 1860.0, 1000.0), (4295, 1860.0, 1000.0), (4295, 1860.0, 1000.0), (4295, 1860.0, 1000.0), (4295, 1860.0, 1000.0), (8192, 1800.0, 1525.0), (8192, 1800.0, 1525.0), (8013.0432, 1799.9980666666668, 1524.9985333333334), (8015.839866666666, 1798.3675333333333, 1524.9822666666666), (8049.394133333333, 1799.9945333333333, 1524.9992666666667), (8192, 1800.0, 1525.0), (8192, 1800.0, 1525.0), (8192, 1800.0, 1525.0)]","[(0, 0, 0), (0, 0, 0), (0, 0, 0), (0, 0, 0), (0, 0, 0), (0, 0, 0), (0, 0, 0), (0, 0, 0), (0, 0, 0), (0, 0, 0), (1, 0.36411666666666676, 0.01315), (3, 0.0, 0.0001388888888888889), (4, 0.0, 0.030261111111111114), (0, 0, 0), (0, 0, 0), (0, 0, 0)]","[(32212, 67.1, 10.11), (32212, 67.1, 10.11), (32212, 67.1, 10.11), (32212, 67.1, 10.11), (32212, 67.1, 10.11), (32212, 67.1, 10.11), (32212, 67.1, 10.11), (32212, 67.1, 10.11), (32212, 51.900000000000006, 6.1899999999999995), (32212, 51.900000000000006, 6.1899999999999995), (32211, 51.53588333333334, 6.176849999999999), (32209, 51.900000000000006, 6.189861111111111), (32208, 51.900000000000006, 6.159738888888889), (32212, 51.900000000000006, 6.1899999999999995), (32212, 51.900000000000006, 6.1899999999999995), (32212, 51.900000000000006, 6.1899999999999995)]"
2,"[100.0, 0.0, 0.0, 0.0, 0.0, 0.0, 100.0, 0.0, 0.0, 0.0, 0.0, 0.0, 100.0, 0.0, 100.0, 0.0]","[3, 0, 0, 0, 0, 0, 1, 0, 0, 0, 0, 0, 2, 0, 1, 0]","[4.75, 2.45, 2.45, 2.45, 2.45, 2.45, 4.75, 2.45, 2.65, 2.65, 2.65, 2.65, 5.05, 2.65, 5.05, 2.65]","[3152.914338968853, 0, 0, 0, 0, 0, 1147.5012037613078, 0, 0, 0, 0, 0, 1708.3754336377592, 0, 3752.9130163235823, 0]","[876.0856610311471, 4029, 4029, 4029, 4029, 4029, 2881.498796238692, 4029, 4029, 4029, 4029, 4029, 2320.624566362241, 4029, 276.08698367641773, 4029]","[4029, 4029, 4029, 4029, 4029, 4029, 4029, 4029, 4029, 4029, 4029, 4029, 4029, 4029, 4029, 4029]","[4029, 0, 0, 0, 0, 0, 4029, 0, 0, 0, 0, 0, 4029, 0, 4029, 0]","[(407.5456, 3.091333333333333, 0.04826666666666667), (0, 0, 0), (0, 0, 0), (0, 0, 0), (0, 0, 0), (0, 0, 0), (386.924, 1.3948666666666665, 0.0056), (0, 0, 0), (0, 0, 0), (0, 0, 0), (0, 0, 0), (0, 0, 0), (274.72580000000005, 1.6332000000000002, 0.018), (0, 0, 0), (388.67179999999996, 7.663399999999999, 2.4918666666666667), (0, 0, 0)]","[(3887.4544, 1856.9086666666667, 999.9517333333333), (4295, 1860.0, 1000.0), (4295, 1860.0, 1000.0), (4295, 1860.0, 1000.0), (4295, 1860.0, 1000.0), (4295, 1860.0, 1000.0), (3908.076, 1858.6051333333332, 999.9944), (4295, 1860.0, 1000.0), (8192, 1800.0, 1525.0), (8192, 1800.0, 1525.0), (8192, 1800.0, 1525.0), (8192, 1800.0, 1525.0), (7917.2742, 1798.3668, 1524.982), (8192, 1800.0, 1525.0), (7803.3282, 1792.3366, 1522.5081333333333), (8192, 1800.0, 1525.0)]","[(7, 0.26766666666666666, 0.01711111111111111), (0, 0, 0), (0, 0, 0), (0, 0, 0), (0, 0, 0), (0, 0, 0), (1, 0.0, 0.009683333333333334), (0, 0, 0), (0, 0, 0), (0, 0, 0), (0, 0, 0), (0, 0, 0), (4, 0.0, 0.0018055555555555557), (0, 0, 0), (2, 0.0, 0.016355555555555557), (0, 0, 0)]","[(32205, 66.83233333333332, 10.092888888888888), (32212, 67.1, 10.11), (32212, 67.1, 10.11), (32212, 67.1, 10.11), (32212, 67.1, 10.11), (32212, 67.1, 10.11), (32211, 67.1, 10.100316666666666), (32212, 67.1, 10.11), (32212, 51.900000000000006, 6.1899999999999995), (32212, 51.900000000000006, 6.1899999999999995), (32212, 51.900000000000006, 6.1899999999999995), (32212, 51.900000000000006, 6.1899999999999995), (32208, 51.900000000000006, 6.188194444444444), (32212, 51.900000000000006, 6.1899999999999995), (32210, 51.900000000000006, 6.173644444444444), (32212, 51.900000000000006, 6.1899999999999995)]"
3,"[100.0, 100.0, 0.0, 100.0, 0.0, 0.0, 100.0, 100.0, 100.0, 0.0, 0.0, 100.0, 99.97517994539588, 0.0, 0.0, 100.0]","[3, 1, 0, 1, 0, 0, 1, 1, 1, 0, 0, 1, 2, 0, 0, 1]","[4.75, 4.75, 2.45, 4.75, 2.45, 2.45, 4.75, 4.75, 5.05, 2.65, 2.65, 5.05, 5.048237776123107, 2.65, 2.65, 5.05]","[3832.078815533627, 2794.65141873918, 0, 881.4670876440003, 0, 0, 711.18368902724, 599.3113997345512, 3815.4812123039737, 0, 0, 501.40426599866777, 2472.7348304321863, 0, 0, 1510.1460454172877]","[196.92118446637278, 1234.34858126082, 4029, 3147.5329123559995, 4029, 4029, 3317.81631097276, 3429.6886002654487, 213.51878769602627, 4029, 4029, 3527.5957340013324, 1556.2651695678137, 4029, 4029, 2518.8539545827125]","[4029, 4029, 4029, 4029, 4029, 4029, 4029, 4029, 4029, 4029, 4029, 4029, 4029, 4029, 4029, 4029]","[4029, 4029, 0, 4029, 0, 0, 4029, 4029, 4029, 0, 0, 4029, 4028, 0, 0, 4029]","[(684.7194, 0.6690666666666666, 0.013333333333333334), (651.5146, 19.004533333333335, 2.486266666666667), (0, 0, 0), (95.9442, 0.019933333333333334, 0.0208), (0, 0, 0), (0, 0, 0), (134.2176, 0.002, 0.0014), (0.0, 0.004733333333333333, 0.00013333333333333334), (1426.063, 0.14286666666666667, 0.5943999999999999), (0, 0, 0), (0, 0, 0), (0.0, 0.0048, 6.666666666666668e-05), (336.2422, 3.0832666666666664, 0.04693333333333334), (0, 0, 0), (0, 0, 0), (434.80906666666664, 2.7484, 0.018466666666666666)]","[(3610.2806, 1859.3309333333334, 999.9866666666667), (3643.4854, 1840.9954666666667, 997.5137333333333), (4295, 1860.0, 1000.0), (4199.0558, 1859.9800666666667, 999.9792), (4295, 1860.0, 1000.0), (4295, 1860.0, 1000.0), (4160.7824, 1859.998, 999.9986), (4295.0, 1859.9952666666666, 999.9998666666667), (6765.937, 1799.8571333333334, 1524.4056), (8192, 1800.0, 1525.0), (8192, 1800.0, 1525.0), (8192.0, 1799.9952, 1524.9999333333333), (7855.7578, 1796.9167333333332, 1524.9530666666667), (8192, 1800.0, 1525.0), (8192, 1800.0, 1525.0), (7757.190933333333, 1797.2516, 1524.9815333333333)]","[(7, 0.0, 0.017433333333333332), (2, 0.0, 0.0053), (0, 0, 0), (1, 0.0012, 0.05558333333333333), (0, 0, 0), (0, 0, 0), (1, 0.2701, 0.013050000000000004), (3, 0.0, 0.0014222222222222223), (3, 0.005116666666666666, 0.1869), (0, 0, 0), (0, 0, 0), (2, 0.0, 0.0013222222222222222), (4, 0.0, 0.0016944444444444442), (0, 0, 0), (0, 0, 0), (3, 0.0, 0.00023888888888888888)]","[(32205, 67.1, 10.092566666666666), (32210, 67.1, 10.1047), (32212, 67.1, 10.11), (32211, 67.0988, 10.054416666666667), (32212, 67.1, 10.11), (32212, 67.1, 10.11), (32211, 66.8299, 10.09695), (32209, 67.1, 10.108577777777777), (32209, 51.89488333333334, 6.0031), (32212, 51.900000000000006, 6.1899999999999995), (32212, 51.900000000000006, 6.1899999999999995), (32210, 51.900000000000006, 6.1886777777777775), (32208, 51.900000000000006, 6.188305555555555), (32212, 51.900000000000006, 6.1899999999999995), (32212, 51.900000000000006, 6.1899999999999995), (32209, 51.900000000000006, 6.18976111111111)]"
4,"[100.0, 100.0, 100.0, 100.0, 0.0, 100.0, 100.0, 0.0, 0.0, 0.0, 0.0, 0.0, 100.0, 0.0, 100.0, 100.0]","[1, 6, 2, 1, 0, 1, 1, 0, 0, 0, 0, 0, 1, 0, 2, 1]","[4.75, 4.75, 4.75, 4.75, 2.45, 4.75, 4.75, 2.45, 2.65, 2.65, 2.65, 2.65, 5.05, 2.65, 5.05, 5.05]","[2503.141050686958, 3656.617042932071, 3956.6678092335187, 1155.2559781834066, 0, 685.3513090824399, 1364.7688631682443, 0, 0, 0, 0, 0, 1739.5619942211624, 0, 3565.743597368074, 1501.2453811024511]","[1525.858949313042, 372.38295706792906, 72.33219076648129, 2873.7440218165934, 4029, 3343.64869091756, 2664.231136831756, 4029, 4029, 4029, 4029, 4029, 2289.4380057788376, 4029, 463.256402631926, 2527.754618897549]","[4029, 4029, 4029, 4029, 4029, 4029, 4029, 4029, 4029, 4029, 4029, 4029, 4029, 4029, 4029, 4029]","[4029, 4029, 4029, 4029, 0, 4029, 4029, 0, 0, 0, 0, 0, 4029, 0, 4029, 4029]","[(427.8186, 0.011466666666666667, 0.006066666666666666), (594.7160666666666, 0.03666666666666667, 0.015866666666666664), (1746.2278666666668, 2.944, 0.7586666666666667), (67.10839999999999, 0.00013333333333333334, 0.001), (0, 0, 0), (232.08433333333338, 0.9976, 0.007), (402.65259999999995, 0.0, 0.0), (0, 0, 0), (0, 0, 0), (0, 0, 0), (0, 0, 0), (0, 0, 0), (369.0984, 16.1096, 2.579733333333333), (0, 0, 0), (656.4078, 0.6616666666666666, 0.014666666666666668), (348.1266, 1.8001333333333334, 0.6946)]","[(3867.1814, 1859.9885333333334, 999.9939333333333), (3700.283933333333, 1859.9633333333334, 999.9841333333334), (2548.772133333333, 1857.056, 999.2413333333334), (4227.8916, 1859.9998666666668, 999.999), (4295, 1860.0, 1000.0), (4062.9156666666668, 1859.0024, 999.993), (3892.3474, 1860.0, 1000.0), (4295, 1860.0, 1000.0), (8192, 1800.0, 1525.0), (8192, 1800.0, 1525.0), (8192, 1800.0, 1525.0), (8192, 1800.0, 1525.0), (7822.9016, 1783.8904, 1522.4202666666667), (8192, 1800.0, 1525.0), (7535.5922, 1799.3383333333334, 1524.9853333333333), (7843.8734, 1798.1998666666666, 1524.3054)]","[(3, 1.666666666666667e-05, 0.017866666666666666), (11, 0.27021666666666666, 0.07288333333333334), (6, 0.0006, 0.11328333333333333), (1, 0.0, 0.0005722222222222222), (0, 0, 0), (3, 0.0, 0.0005111111111111112), (3, 0.1085, 0.004066666666666666), (0, 0, 0), (0, 0, 0), (0, 0, 0), (0, 0, 0), (0, 0, 0), (2, 0.0, 0.00225), (0, 0, 0), (4, 0.0, 0.016127777777777776), (3, 0.0, 0.00039999999999999996)]","[(32209, 67.09998333333333, 10.092133333333333), (32201, 66.82978333333332, 10.037116666666666), (32206, 67.09939999999999, 9.996716666666666), (32211, 67.1, 10.109427777777777), (32212, 67.1, 10.11), (32209, 67.1, 10.109488888888889), (32209, 66.99149999999999, 10.105933333333333), (32212, 67.1, 10.11), (32212, 51.900000000000006, 6.1899999999999995), (32212, 51.900000000000006, 6.1899999999999995), (32212, 51.900000000000006, 6.1899999999999995), (32212, 51.900000000000006, 6.1899999999999995), (32210, 51.900000000000006, 6.187749999999999), (32212, 51.900000000000006, 6.1899999999999995), (32208, 51.900000000000006, 6.173872222222221), (32209, 51.900000000000006, 6.1895999999999995)]"
5,"[100.0, 100.0, 100.0, 100.0, 0.0, 0.0, 0.0, 100.0, 100.0, 0.0, 100.0, 0.0, 100.0, 0.0, 100.0, 100.0]","[3, 2, 1, 2, 0, 0, 0, 2, 1, 0, 1, 0, 1, 0, 2, 1]","[4.75, 4.75, 4.75, 4.75, 2.45, 2.45, 2.45, 4.75, 5.05, 2.65, 5.05, 2.65, 5.05, 2.65, 5.05, 5.05]","[3817.92909686084, 1253.0266261217466, 1501.2453811024511, 2843.0437228684837, 0, 0, 0, 1303.0824341745601, 2303.8585840403466, 0, 597.6615481065954, 0, 1826.3731494030244, 0, 3820.43956860865, 976.1061865270877]","[211.07090313915978, 2775.9733738782534, 2527.754618897549, 1185.9562771315163, 4029, 4029, 4029, 2725.91756582544, 1725.1414159596534, 4029, 3431.3384518934045, 4029, 2202.6268505969756, 4029, 208.56043139135, 3052.8938134729124]","[4029, 4029, 4029, 4029, 4029, 4029, 4029, 4029, 4029, 4029, 4029, 4029, 4029, 4029, 4029, 4029]","[4029, 4029, 4029, 4029, 0, 0, 0, 4029, 4029, 0, 4029, 0, 4029, 0, 4029, 4029]","[(683.6708666666666, 0.7864666666666666, 0.0106), (157.2858, 0.024666666666666667, 0.014), (348.1266, 1.8001333333333334, 0.6946), (412.43893333333335, 6.666666666666668e-05, 0.001), (0, 0, 0), (0, 0, 0), (0, 0, 0), (271.2314, 0.07673333333333333, 0.0028666666666666667), (1255.4948, 0.13406666666666667, 0.4640666666666667), (0, 0, 0), (98.56533333333331, 0.0005333333333333334, 0.0002), (0, 0, 0), (268.4352, 13.852799999999998, 1.682), (0, 0, 0), (729.8078, 0.6436, 0.011733333333333335), (230.686, 0.866, 0.3906666666666667)]","[(3611.3291333333336, 1859.2135333333333, 999.9894), (4137.7142, 1859.9753333333333, 999.986), (3946.8734, 1858.1998666666666, 999.3054), (3882.5610666666666, 1859.9999333333333, 999.999), (4295, 1860.0, 1000.0), (4295, 1860.0, 1000.0), (4295, 1860.0, 1000.0), (4023.7686, 1859.9232666666667, 999.9971333333333), (6936.5052, 1799.8659333333333, 1524.5359333333333), (8192, 1800.0, 1525.0), (8093.434666666667, 1799.9994666666666, 1524.9998), (8192, 1800.0, 1525.0), (7923.5648, 1786.1472, 1523.318), (8192, 1800.0, 1525.0), (7462.1921999999995, 1799.3564, 1524.9882666666667), (7961.314, 1799.134, 1524.6093333333333)]","[(9, 0.0, 0.02363888888888889), (3, 3.3333333333333335e-05, 0.056299999999999996), (3, 0.0, 0.00039999999999999996), (4, 0.2122, 0.009916666666666667), (0, 0, 0), (0, 0, 0), (0, 0, 0), (4, 0.24863333333333332, 0.047977777777777786), (3, 1.666666666666667e-05, 0.12178333333333334), (0, 0, 0), (1, 0.0, 0.0015500000000000002), (0, 0, 0), (2, 0.0, 0.005916666666666666), (0, 0, 0), (4, 1.666666666666667e-05, 0.018116666666666666), (3, 1.666666666666667e-05, 0.0003444444444444445)]","[(32203, 67.1, 10.08636111111111), (32209, 67.09996666666666, 10.0537), (32209, 67.1, 10.109599999999999), (32208, 66.8878, 10.100083333333332), (32212, 67.1, 10.11), (32212, 67.1, 10.11), (32212, 67.1, 10.11), (32208, 66.85136666666666, 10.062022222222222), (32209, 51.89998333333334, 6.068216666666666), (32212, 51.900000000000006, 6.1899999999999995), (32211, 51.900000000000006, 6.18845), (32212, 51.900000000000006, 6.1899999999999995), (32210, 51.900000000000006, 6.184083333333333), (32212, 51.900000000000006, 6.1899999999999995), (32208, 51.89998333333334, 6.171883333333333), (32209, 51.89998333333334, 6.1896555555555555)]"
6,"[100.0, 100.0, 0.0, 0.0, 0.0, 100.0, 100.0, 100.0, 100.0, 0.0, 100.0, 0.0, 100.0, 0.0, 100.0, 100.0]","[1, 4, 0, 0, 0, 2, 1, 2, 1, 0, 1, 0, 1, 0, 2, 1]","[4.75, 4.75, 2.45, 2.45, 2.45, 4.75, 4.75, 4.75, 5.05, 2.65, 5.05, 2.65, 5.05, 2.65, 5.05, 5.05]","[2664.722365775066, 3469.312365657407, 0, 0, 0, 623.0466446204, 1254.9939763481898, 581.5100710295644, 2662.034226881929, 0, 567.6115261347555, 0, 1612.6841520322869, 0, 3806.7462368215224, 1465.6427238431045]","[1364.277634224934, 559.6876343425929, 4029, 4029, 4029, 3405.9533553796, 2774.00602365181, 3447.4899289704354, 1366.965773118071, 4029, 3461.3884738652446, 4029, 2416.315847967713, 4029, 222.25376317847758, 2563.3572761568958]","[4029, 4029, 4029, 4029, 4029, 4029, 4029, 4029, 4029, 4029, 4029, 4029, 4029, 4029, 4029, 4029]","[4029, 4029, 0, 0, 0, 4029, 4029, 4029, 4029, 0, 4029, 0, 4029, 0, 4029, 4029]","[(455.7806, 0.011333333333333336, 0.005066666666666666), (466.61480000000006, 0.8894, 0.4063333333333334), (0, 0, 0), (0, 0, 0), (0, 0, 0), (360.7095333333334, 0.6732666666666667, 0.004933333333333332), (343.93240000000003, 0.0, 0.0), (164.9758, 0.006866666666666667, 0.0014666666666666665), (1470.8021999999999, 0.18553333333333333, 0.47233333333333327), (0, 0, 0), (113.24566666666668, 0.0007333333333333332, 0.0002666666666666667), (0, 0, 0), (383.0794, 15.210066666666668, 1.8525333333333331), (0, 0, 0), (752.8765333333333, 0.6441333333333333, 0.010133333333333334), (331.3495333333333, 4.365933333333333, 0.022533333333333336)]","[(3839.2194, 1859.9886666666666, 999.9949333333333), (3828.3851999999997, 1859.1106, 999.5936666666666), (4295, 1860.0, 1000.0), (4295, 1860.0, 1000.0), (4295, 1860.0, 1000.0), (3934.2904666666664, 1859.3267333333333, 999.9950666666666), (3951.0676, 1860.0, 1000.0), (4130.0242, 1859.9931333333334, 999.9985333333333), (6721.1978, 1799.8144666666667, 1524.5276666666666), (8192, 1800.0, 1525.0), (8078.754333333333, 1799.9992666666667, 1524.9997333333333), (8192, 1800.0, 1525.0), (7808.9206, 1784.7899333333332, 1523.1474666666666), (8192, 1800.0, 1525.0), (7439.123466666667, 1799.3558666666668, 1524.9898666666666), (7860.650466666667, 1795.6340666666667, 1524.9774666666667)]","[(3, 0.0, 0.016805555555555553), (8, 1.666666666666667e-05, 0.05781666666666667), (0, 0, 0), (0, 0, 0), (0, 0, 0), (5, 0.0, 0.0016666666666666668), (3, 0.020033333333333334, 0.0038777777777777777), (4, 0.2376, 0.014722222222222218), (3, 1.666666666666667e-05, 0.1395388888888889), (0, 0, 0), (1, 0.0, 0.0016666666666666668), (0, 0, 0), (2, 0.0, 0.0036999999999999997), (0, 0, 0), (4, 0.0, 0.021955555555555555), (3, 0.0, 0.00019444444444444446)]","[(32209, 67.1, 10.093194444444444), (32204, 67.09998333333333, 10.052183333333332), (32212, 67.1, 10.11), (32212, 67.1, 10.11), (32212, 67.1, 10.11), (32207, 67.1, 10.108333333333333), (32209, 67.07996666666666, 10.106122222222222), (32208, 66.8624, 10.095277777777778), (32209, 51.89998333333334, 6.050461111111111), (32212, 51.900000000000006, 6.1899999999999995), (32211, 51.900000000000006, 6.188333333333333), (32212, 51.900000000000006, 6.1899999999999995), (32210, 51.900000000000006, 6.186299999999999), (32212, 51.900000000000006, 6.1899999999999995), (32208, 51.900000000000006, 6.168044444444444), (32209, 51.900000000000006, 6.189805555555555)]"
7,"[100.0, 100.0, 100.0, 0.0, 0.0, 0.0, 100.0, 0.0, 100.0, 0.0, 100.0, 0.0, 100.0, 0.0, 100.0, 100.0]","[5, 2, 1, 0, 0, 0, 1, 0, 1, 0, 1, 0, 1, 0, 2, 1]","[4.75, 4.75, 4.75, 2.45, 2.45, 2.45, 4.75, 2.45, 5.05, 2.65, 5.05, 2.65, 5.05, 2.65, 5.05, 5.05]","[3038.093877105718, 1956.5896945965503, 2478.4930534701275, 0, 0, 0, 2240.395480738335, 0, 2986.820614882346, 0, 1465.6427238431045, 0, 1499.1618721790824, 0, 3872.474229399736, 1851.3381774860268]","[990.9061228942819, 2072.4103054034495, 1550.5069465298725, 4029, 4029, 4029, 1788.6045192616648, 4029, 1042.179385117654, 4029, 2563.3572761568958, 4029, 2529.8381278209176, 4029, 156.52577060026397, 2177.661822513973]","[4029, 4029, 4029, 4029, 4029, 4029, 4029, 4029, 4029, 4029, 4029, 4029, 4029, 4029, 4029, 4029]","[4029, 4029, 4029, 0, 0, 0, 4029, 0, 4029, 0, 4029, 0, 4029, 0, 4029, 4029]","[(678.7769333333333, 0.6796666666666666, 0.0054), (169.3444, 0.03213333333333333, 0.016), (332.7478, 0.012333333333333335, 0.0056), (0, 0, 0), (0, 0, 0), (0, 0, 0), (973.0777333333333, 0.10640000000000001, 0.744), (0, 0, 0), (1311.4188000000001, 0.14286666666666667, 0.5135333333333333), (0, 0, 0), (331.3495333333333, 4.365933333333333, 0.022533333333333336), (0, 0, 0), (279.62, 9.749466666666667, 1.610333333333333), (0, 0, 0), (789.2271333333333, 0.7406, 0.009733333333333333), (478.1502, 3.8014, 0.020733333333333333)]","[(3616.2230666666665, 1859.3203333333333, 999.9946), (4125.6556, 1859.9678666666666, 999.984), (3962.2522, 1859.9876666666667, 999.9944), (4295, 1860.0, 1000.0), (4295, 1860.0, 1000.0), (4295, 1860.0, 1000.0), (3321.9222666666665, 1859.8936, 999.256), (4295, 1860.0, 1000.0), (6880.5812, 1799.8571333333334, 1524.4864666666667), (8192, 1800.0, 1525.0), (7860.650466666667, 1795.6340666666667, 1524.9774666666667), (8192, 1800.0, 1525.0), (7912.38, 1790.2505333333334, 1523.3896666666667), (8192, 1800.0, 1525.0), (7402.772866666666, 1799.2594, 1524.9902666666667), (7713.8498, 1796.1986, 1524.9792666666667)]","[(13, 0.008033333333333333, 0.00793888888888889), (2, 0.00011666666666666667, 0.053988888888888885), (3, 0.0, 0.021144444444444445), (0, 0, 0), (0, 0, 0), (0, 0, 0), (3, 0.0, 0.025061111111111114), (0, 0, 0), (3, 5e-05, 0.13139444444444442), (0, 0, 0), (3, 0.0, 0.00019444444444444446), (0, 0, 0), (2, 0.05768333333333333, 0.023244444444444446), (0, 0, 0), (4, 0.0, 0.01702222222222222), (3, 0.0428, 0.01527777777777778)]","[(32199, 67.09196666666666, 10.10206111111111), (32210, 67.09988333333332, 10.056011111111111), (32209, 67.1, 10.088855555555554), (32212, 67.1, 10.11), (32212, 67.1, 10.11), (32212, 67.1, 10.11), (32209, 67.1, 10.084938888888889), (32212, 67.1, 10.11), (32209, 51.899950000000004, 6.058605555555555), (32212, 51.900000000000006, 6.1899999999999995), (32209, 51.900000000000006, 6.189805555555555), (32212, 51.900000000000006, 6.1899999999999995), (32210, 51.84231666666667, 6.166755555555555), (32212, 51.900000000000006, 6.1899999999999995), (32208, 51.900000000000006, 6.172977777777778), (32209, 51.857200000000006, 6.174722222222222)]"
8,"[0.0, 100.0, 0.0, 100.0, 0.0, 100.0, 0.0, 0.0, 100.0, 100.0, 100.0, 100.0, 100.0, 0.0, 100.0, 100.0]","[0, 3, 0, 1, 0, 1, 0, 0, 1, 1, 3, 1, 1, 0, 2, 2]","[2.45, 4.75, 2.45, 4.75, 2.45, 4.75, 2.45, 2.45, 5.05, 5.05, 5.05, 5.05, 5.05, 2.65, 5.05, 5.05]","[0, 3345.5681138334867, 0, 2629.1197031285333, 0, 640.8479773238399, 0, 0, 2953.431360041183, 3752.9130163235823, 3655.2064434082026, 664.582938319502, 1863.10094582612, 0, 3724.5862460987555, 1646.6228982447833]","[4029, 683.4318861665133, 4029, 1399.8802968714667, 4029, 3388.15202267616, 4029, 4029, 1075.5686399588171, 276.08698367641773, 373.79355659179737, 3364.417061680498, 2165.89905417388, 4029, 304.4137539012445, 2382.3771017552167]","[4029, 4029, 4029, 4029, 4029, 4029, 4029, 4029, 4029, 4029, 4029, 4029, 4029, 4029, 4029, 4029]","[0, 4029, 0, 4029, 0, 4029, 0, 0, 4029, 4029, 4029, 4029, 4029, 0, 4029, 4029]","[(0, 0, 0), (981.9902666666667, 0.12446666666666667, 0.40599999999999997), (0, 0, 0), (377.487, 0.011333333333333336, 0.0054), (0, 0, 0), (184.54886666666667, 0.6701333333333334, 0.0057333333333333325), (0, 0, 0), (0, 0, 0), (1311.4188000000001, 0.188, 0.5201333333333333), (388.67179999999996, 7.663399999999999, 2.4918666666666667), (801.1112, 3.8061333333333334, 0.020866666666666665), (78.29360000000001, 0.005933333333333334, 0.0014666666666666665), (338.34020000000004, 2.189, 3.0638666666666667), (0, 0, 0), (747.9832666666667, 0.7238666666666667, 0.012266666666666669), (517.9958, 3.7525333333333335, 0.022466666666666666)]","[(4295, 1860.0, 1000.0), (3313.0097333333333, 1859.8755333333334, 999.594), (4295, 1860.0, 1000.0), (3917.513, 1859.9886666666666, 999.9946), (4295, 1860.0, 1000.0), (4110.451133333333, 1859.3298666666667, 999.9942666666667), (4295, 1860.0, 1000.0), (4295, 1860.0, 1000.0), (6880.5812, 1799.812, 1524.4798666666666), (7803.3282, 1792.3366, 1522.5081333333333), (7390.8888, 1796.1938666666667, 1524.9791333333333), (8113.7064, 1799.9940666666666, 1524.9985333333334), (7853.6598, 1797.811, 1521.9361333333334), (8192, 1800.0, 1525.0), (7444.016733333333, 1799.2761333333333, 1524.9877333333334), (7674.0042, 1796.2474666666667, 1524.9775333333334)]","[(0, 0, 0), (5, 0.0, 0.07990555555555556), (0, 0, 0), (3, 0.0, 0.030616666666666664), (0, 0, 0), (3, 0.0, 0.00046111111111111103), (0, 0, 0), (0, 0, 0), (3, 3.3333333333333335e-05, 0.16156666666666666), (2, 0.0, 0.016355555555555557), (9, 0.05071666666666667, 0.020144444444444447), (3, 0.0, 0.0033777777777777777), (2, 1.1261166666666667, 0.002977777777777778), (0, 0, 0), (4, 0.0, 0.02171111111111111), (6, 1.666666666666667e-05, 0.001566666666666667)]","[(32212, 67.1, 10.11), (32207, 67.1, 10.030094444444444), (32212, 67.1, 10.11), (32209, 67.1, 10.079383333333332), (32212, 67.1, 10.11), (32209, 67.1, 10.109538888888888), (32212, 67.1, 10.11), (32212, 67.1, 10.11), (32209, 51.89996666666667, 6.028433333333333), (32210, 51.900000000000006, 6.173644444444444), (32203, 51.84928333333334, 6.169855555555555), (32209, 51.900000000000006, 6.186622222222222), (32210, 50.77388333333334, 6.187022222222222), (32212, 51.900000000000006, 6.1899999999999995), (32208, 51.900000000000006, 6.168288888888888), (32206, 51.89998333333334, 6.188433333333333)]"
9,"[100.0, 100.0, 0.0, 0.0, 0.0, 0.0, 100.0, 0.0, 100.0, 100.0, 100.0, 100.0, 100.0, 0.0, 100.0, 100.0]","[3, 2, 0, 0, 0, 0, 1, 0, 1, 1, 1, 1, 1, 0, 2, 3]","[4.75, 4.75, 2.45, 2.45, 2.45, 2.45, 4.75, 2.45, 5.05, 5.05, 5.05, 5.05, 5.05, 2.65, 5.05, 5.05]","[3746.0390894379116, 1979.9619264884766, 0, 0, 0, 0, 888.1448552554355, 0, 2989.8560016860883, 2794.65141873918, 1646.6228982447833, 0, 2634.3846707111265, 0, 3713.631580669053, 2029.9885058280242]","[282.96091056208843, 2049.038073511523, 4029, 4029, 4029, 4029, 3140.8551447445643, 4029, 1039.1439983139117, 1234.34858126082, 2382.3771017552167, 4029, 1394.6153292888735, 4029, 315.36841933094684, 1999.0114941719758]","[4029, 4029, 4029, 4029, 4029, 4029, 4029, 4029, 4029, 4029, 4029, 4029, 4029, 4029, 4029, 4029]","[4029, 4029, 0, 0, 0, 0, 4029, 0, 4029, 4029, 4029, 4029, 4029, 0, 4029, 4029]","[(504.71393333333333, 0.6907999999999999, 0.013000000000000001), (160.9552, 0.0426, 0.015999999999999997), (0, 0, 0), (0, 0, 0), (0, 0, 0), (0, 0, 0), (624.9507333333332, 0.08693333333333333, 0.30760000000000004), (0, 0, 0), (1177.2012, 0.14893333333333333, 0.6776666666666666), (651.5146, 19.004533333333335, 2.486266666666667), (450.887, 3.747866666666667, 0.0224), (44.7392, 0.004666666666666667, 6.666666666666668e-05), (408.2452, 3.357266666666667, 2.6136666666666666), (0, 0, 0), (579.8614666666667, 0.7045333333333333, 0.0142), (859.8304666666667, 1.2380666666666666, 0.023266666666666665)]","[(3790.2860666666666, 1859.3092, 999.987), (4134.0448, 1859.9574, 999.984), (4295, 1860.0, 1000.0), (4295, 1860.0, 1000.0), (4295, 1860.0, 1000.0), (4295, 1860.0, 1000.0), (3670.049266666667, 1859.9130666666667, 999.6924), (4295, 1860.0, 1000.0), (7014.7988000000005, 1799.8510666666666, 1524.3223333333333), (7540.4854, 1780.9954666666667, 1522.5137333333332), (7741.113, 1796.2521333333334, 1524.9776), (8147.2608, 1799.9953333333333, 1524.9999333333333), (7783.7548, 1796.6427333333334, 1522.3863333333334), (8192, 1800.0, 1525.0), (7612.138533333333, 1799.2954666666667, 1524.9858), (7332.169533333334, 1798.7619333333334, 1524.9767333333334)]","[(9, 0.0, 0.019933333333333334), (2, 0.0, 0.057016666666666674), (0, 0, 0), (0, 0, 0), (0, 0, 0), (0, 0, 0), (3, 0.0, 0.013066666666666667), (0, 0, 0), (3, 5e-05, 0.12382222222222221), (2, 0.0, 0.0053), (3, 1.666666666666667e-05, 0.0003444444444444445), (3, 0.0, 0.0013444444444444443), (2, 1.092625, 0.013255555555555555), (0, 0, 0), (4, 0.0, 0.030866666666666664), (8, 0.00785, 0.004011111111111111)]","[(32203, 67.1, 10.090066666666667), (32210, 67.1, 10.052983333333334), (32212, 67.1, 10.11), (32212, 67.1, 10.11), (32212, 67.1, 10.11), (32212, 67.1, 10.11), (32209, 67.1, 10.096933333333332), (32212, 67.1, 10.11), (32209, 51.899950000000004, 6.066177777777777), (32210, 51.900000000000006, 6.184699999999999), (32209, 51.89998333333334, 6.1896555555555555), (32209, 51.900000000000006, 6.188655555555555), (32210, 50.80737500000001, 6.176744444444444), (32212, 51.900000000000006, 6.1899999999999995), (32208, 51.900000000000006, 6.159133333333333), (32204, 51.89215000000001, 6.185988888888889)]"
10,"[100.0, 100.0, 0.0, 0.0, 0.0, 100.0, 0.0, 0.0, 100.0, 100.0, 100.0, 0.0, 100.0, 0.0, 100.0, 99.97517994539588]","[1, 4, 0, 0, 0, 1, 0, 0, 1, 2, 1, 0, 1, 0, 2, 3]","[4.75, 4.75, 2.45, 2.45, 2.45, 4.75, 2.45, 2.45, 5.05, 5.05, 5.05, 2.65, 5.05, 2.65, 5.05, 5.048237776123107]","[2519.573048831511, 3777.2001178165365, 0, 0, 0, 0, 0, 0, 5888.650399259911, 3979.9574749594976, 922.7022006380679, 0, 1779.6286812281753, 0, 3735.5409115284574, 3691.854414497846]","[1509.4269511684888, 251.79988218346352, 4029, 4029, 4029, 4029, 4029, 4029, -1859.650399259911, 49.04252504050237, 3106.297799361932, 4029, 2249.371318771825, 4029, 293.4590884715426, 337.14558550215406]","[4029, 4029, 4029, 4029, 4029, 4029, 4029, 4029, 4029, 4029, 4029, 4029, 4029, 4029, 4029, 4029]","[4029, 4029, 0, 0, 0, 4029, 0, 0, 4029, 4029, 4029, 0, 4029, 0, 4029, 4028]","[(343.9326, 0.013333333333333336, 0.0074666666666666675), (812.2956666666668, 0.1104, 0.34793333333333337), (0, 0, 0), (0, 0, 0), (0, 0, 0), (211.11286666666666, 0.7809333333333333, 0.005533333333333332), (0, 0, 0), (0, 0, 0), (1269.4758, 0.3529333333333333, 0.49439999999999995), (1342.1761333333334, 16.216, 3.323733333333333), (434.1098, 1.2283333333333333, 0.020466666666666664), (0, 0, 0), (645.9222, 2.945, 2.129), (0, 0, 0), (427.4686, 0.6690666666666666, 0.014333333333333333), (673.1845333333333, 0.16113333333333335, 0.11946666666666667)]","[(3951.0674, 1859.9866666666667, 999.9925333333333), (3482.704333333333, 1859.8896, 999.6520666666667), (4295, 1860.0, 1000.0), (4295, 1860.0, 1000.0), (4295, 1860.0, 1000.0), (4083.887133333333, 1859.2190666666668, 999.9944666666667), (4295, 1860.0, 1000.0), (4295, 1860.0, 1000.0), (6922.5242, 1799.6470666666667, 1524.5056), (6849.823866666667, 1783.784, 1521.6762666666666), (7757.8902, 1798.7716666666668, 1524.9795333333334), (8192, 1800.0, 1525.0), (7546.0778, 1797.055, 1522.871), (8192, 1800.0, 1525.0), (7764.5314, 1799.3309333333334, 1524.9856666666667), (7518.815466666667, 1799.8388666666667, 1524.8805333333332)]","[(3, 0.0, 0.017083333333333332), (8, 0.04375, 0.0893888888888889), (0, 0, 0), (0, 0, 0), (0, 0, 0), (3, 0.0, 0.00045000000000000004), (0, 0, 0), (0, 0, 0), (3, 0.1731833333333333, 0.38794999999999996), (5, 0.0, 0.027311111111111112), (3, 0.0, 0.0004555555555555556), (0, 0, 0), (2, 0.0, 0.0070888888888888885), (0, 0, 0), (4, 0.0, 0.017950000000000004), (7, 0.007816666666666666, 0.004555555555555556)]","[(32209, 67.1, 10.092916666666666), (32204, 67.05624999999999, 10.02061111111111), (32212, 67.1, 10.11), (32212, 67.1, 10.11), (32212, 67.1, 10.11), (32209, 67.1, 10.109549999999999), (32212, 67.1, 10.11), (32212, 67.1, 10.11), (32209, 51.72681666666667, 5.8020499999999995), (32207, 51.900000000000006, 6.162688888888888), (32209, 51.900000000000006, 6.189544444444444), (32212, 51.900000000000006, 6.1899999999999995), (32210, 51.900000000000006, 6.18291111111111), (32212, 51.900000000000006, 6.1899999999999995), (32208, 51.900000000000006, 6.17205), (32205, 51.89218333333334, 6.185444444444444)]"
11,"[100.0, 100.0, 0.0, 0.0, 0.0, 0.0, 100.0, 0.0, 100.0, 100.0, 100.0, 0.0, 100.0, 0.0, 100.0, 100.0]","[1, 2, 0, 0, 0, 0, 1, 0, 1, 2, 2, 0, 1, 0, 2, 3]","[4.75, 4.75, 2.45, 2.45, 2.45, 2.45, 4.75, 2.45, 5.05, 5.05, 5.05, 2.65, 5.05, 2.65, 5.05, 5.05]","[2440.1517244661704, 1959.9285835874766, 0, 0, 0, 0, 1125.2060760191043, 0, 4252.576912042853, 3158.5904322861775, 1655.5235650198558, 0, 2090.1455055325287, 0, 3669.812918950245, 3672.92795767963]","[1588.8482755338296, 2069.0714164125234, 4029, 4029, 4029, 4029, 2903.7939239808957, 4029, -223.5769120428531, 870.4095677138225, 2373.4764349801444, 4029, 1938.8544944674713, 4029, 359.18708104975485, 356.0720423203702]","[4029, 4029, 4029, 4029, 4029, 4029, 4029, 4029, 4029, 4029, 4029, 4029, 4029, 4029, 4029, 4029]","[4029, 4029, 0, 0, 0, 0, 4029, 0, 4029, 4029, 4029, 0, 4029, 0, 4029, 4029]","[(478.1502, 0.012199999999999999, 0.007066666666666666), (171.79093333333333, 0.022666666666666665, 0.015266666666666668), (0, 0, 0), (0, 0, 0), (0, 0, 0), (0, 0, 0), (838.8603333333335, 0.08673333333333332, 0.3268666666666667), (0, 0, 0), (1974.1186, 0.14053333333333334, 0.48906666666666665), (1073.7410666666667, 13.933799999999998, 2.071466666666667), (243.2694, 1.3404, 0.18259999999999998), (0, 0, 0), (402.6528, 3.2084, 1.765466666666667), (0, 0, 0), (455.08099999999996, 0.6402, 0.011933333333333334), (671.0875333333333, 0.15093333333333334, 0.11093333333333333)]","[(3816.8498, 1859.9878, 999.9929333333333), (4123.209066666666, 1859.9773333333333, 999.9847333333333), (4295, 1860.0, 1000.0), (4295, 1860.0, 1000.0), (4295, 1860.0, 1000.0), (4295, 1860.0, 1000.0), (3456.1396666666665, 1859.9132666666667, 999.6731333333333), (4295, 1860.0, 1000.0), (6217.8814, 1799.8594666666668, 1524.5109333333332), (7118.2589333333335, 1786.0662, 1522.9285333333332), (7948.7306, 1798.6596, 1524.8174), (8192, 1800.0, 1525.0), (7789.3472, 1796.7916, 1523.2345333333333), (8192, 1800.0, 1525.0), (7736.919, 1799.3598, 1524.9880666666666), (7520.912466666667, 1799.8490666666667, 1524.8890666666666)]","[(3, 0.0009, 0.02215), (2, 0.0, 0.05332777777777778), (0, 0, 0), (0, 0, 0), (0, 0, 0), (0, 0, 0), (3, 0.0, 0.012833333333333334), (0, 0, 0), (3, 1.666666666666667e-05, 0.31198333333333333), (5, 0.0, 0.02922777777777778), (6, 0.0, 0.0016500000000000002), (0, 0, 0), (2, 0.0, 0.005355555555555555), (0, 0, 0), (4, 0.0, 0.017316666666666664), (7, 0.00675, 0.004394444444444444)]","[(32209, 67.09909999999999, 10.08785), (32210, 67.1, 10.056672222222222), (32212, 67.1, 10.11), (32212, 67.1, 10.11), (32212, 67.1, 10.11), (32212, 67.1, 10.11), (32209, 67.1, 10.097166666666666), (32212, 67.1, 10.11), (32209, 51.89998333333334, 5.8780166666666664), (32207, 51.900000000000006, 6.160772222222222), (32206, 51.900000000000006, 6.18835), (32212, 51.900000000000006, 6.1899999999999995), (32210, 51.900000000000006, 6.184644444444444), (32212, 51.900000000000006, 6.1899999999999995), (32208, 51.900000000000006, 6.172683333333333), (32205, 51.89325000000001, 6.185605555555555)]"
12,"[100.0, 100.0, 0.0, 0.0, 0.0, 0.0, 100.0, 0.0, 100.0, 100.0, 100.0, 0.0, 100.0, 0.0, 100.0, 100.0]","[1, 2, 0, 0, 0, 0, 1, 0, 1, 2, 2, 0, 1, 0, 2, 3]","[4.75, 4.75, 2.45, 2.45, 2.45, 2.45, 4.75, 2.45, 5.05, 5.05, 5.05, 2.65, 5.05, 2.65, 5.05, 5.05]","[2429.1970590364676, 1903.1674461142636, 0, 0, 0, 0, 1045.0727056201176, 0, 3235.722332789209, 2500.8290072877226, 1519.046712179808, 0, 1232.0506254656602, 0, 3174.1143082562194, 3715.5712845347625]","[1599.8029409635324, 2125.832553885736, 4029, 4029, 4029, 4029, 2983.9272943798824, 4029, 793.2776672107912, 1528.1709927122774, 2509.9532878201917, 4029, 2796.9493745343398, 4029, 854.8856917437806, 313.4287154652375]","[4029, 4029, 4029, 4029, 4029, 4029, 4029, 4029, 4029, 4029, 4029, 4029, 4029, 4029, 4029, 4029]","[4029, 4029, 0, 0, 0, 0, 4029, 0, 4029, 4029, 4029, 0, 4029, 0, 4029, 4029]","[(461.373, 0.013266666666666668, 0.0067333333333333325), (177.03373333333332, 0.018666666666666668, 0.015533333333333333), (0, 0, 0), (0, 0, 0), (0, 0, 0), (0, 0, 0), (721.42, 0.07806666666666666, 0.33893333333333336), (0, 0, 0), (1730.8488, 0.18693333333333337, 0.49646666666666667), (1008.0301333333332, 15.297, 2.160133333333333), (178.2574, 0.7601333333333333, 0.020866666666666665), (0, 0, 0), (444.5958, 2.369733333333333, 2.1395999999999997), (0, 0, 0), (558.8900666666667, 0.6615333333333333, 0.011266666666666668), (624.2512666666667, 0.14273333333333335, 0.11059999999999999)]","[(3833.627, 1859.9867333333334, 999.9932666666666), (4117.966266666666, 1859.9813333333334, 999.9844666666667), (4295, 1860.0, 1000.0), (4295, 1860.0, 1000.0), (4295, 1860.0, 1000.0), (4295, 1860.0, 1000.0), (3573.58, 1859.9219333333333, 999.6610666666667), (4295, 1860.0, 1000.0), (6461.1512, 1799.8130666666666, 1524.5035333333333), (7183.969866666666, 1784.703, 1522.8398666666667), (8013.7426, 1799.2398666666666, 1524.9791333333333), (8192, 1800.0, 1525.0), (7747.4042, 1797.6302666666666, 1522.8604), (8192, 1800.0, 1525.0), (7633.109933333333, 1799.3384666666666, 1524.9887333333334), (7567.748733333334, 1799.8572666666666, 1524.8894)]","[(3, 0.0, 0.017055555555555553), (2, 0.0, 0.056961111111111115), (0, 0, 0), (0, 0, 0), (0, 0, 0), (0, 0, 0), (3, 0.0, 0.011183333333333332), (0, 0, 0), (3, 1.666666666666667e-05, 0.20562222222222223), (5, 0.0, 0.016766666666666666), (6, 0.0, 0.001711111111111111), (0, 0, 0), (2, 0.0, 0.005061111111111111), (0, 0, 0), (4, 0.0009, 0.02237222222222222), (7, 0.0192, 0.01426111111111111)]","[(32209, 67.1, 10.092944444444443), (32210, 67.1, 10.053038888888889), (32212, 67.1, 10.11), (32212, 67.1, 10.11), (32212, 67.1, 10.11), (32212, 67.1, 10.11), (32209, 67.1, 10.098816666666666), (32212, 67.1, 10.11), (32209, 51.89998333333334, 5.984377777777778), (32207, 51.900000000000006, 6.173233333333333), (32206, 51.900000000000006, 6.188288888888889), (32212, 51.900000000000006, 6.1899999999999995), (32210, 51.900000000000006, 6.1849388888888885), (32212, 51.900000000000006, 6.1899999999999995), (32208, 51.899100000000004, 6.167627777777778), (32205, 51.88080000000001, 6.175738888888889)]"
13,"[100.0, 99.97517994539588, 0.0, 0.0, 0.0, 100.0, 100.0, 0.0, 100.0, 100.0, 100.0, 0.0, 100.0, 0.0, 100.0, 100.0]","[1, 2, 0, 0, 0, 1, 1, 0, 2, 2, 1, 0, 1, 0, 2, 3]","[4.75, 4.748485976669149, 2.45, 2.45, 2.45, 4.75, 4.75, 2.45, 5.05, 5.05, 5.05, 2.65, 5.05, 2.65, 5.05, 5.05]","[2420.981059964191, 1168.6115386248337, 0, 0, 0, 1364.7688631682443, 1385.6395298158109, 0, 3045.9701609232716, 2600.995715165149, 1468.6096119480499, 0, 2534.217953193593, 0, 3357.604954203731, 3627.662378112182]","[1608.018940035809, 2860.388461375166, 4029, 4029, 4029, 2664.231136831756, 2643.360470184189, 4029, 983.0298390767284, 1428.0042848348512, 2560.39038805195, 4029, 1494.782046806407, 4029, 671.3950457962692, 401.33762188781793]","[4029, 4029, 4029, 4029, 4029, 4029, 4029, 4029, 4029, 4029, 4029, 4029, 4029, 4029, 4029, 4029]","[4029, 4028, 0, 0, 0, 4029, 4029, 0, 4029, 4029, 4029, 0, 4029, 0, 4029, 4029]","[(416.6338, 0.0116, 0.0067333333333333325), (152.04246666666666, 0.027866666666666665, 0.0156), (0, 0, 0), (0, 0, 0), (0, 0, 0), (402.65259999999995, 0.0, 0.0), (671.0880666666666, 0.08573333333333333, 0.32080000000000003), (0, 0, 0), (1423.2667999999999, 0.14486666666666667, 0.4991333333333333), (921.3482666666667, 9.827066666666667, 1.941333333333333), (344.63140000000004, 3.1724, 0.019733333333333335), (0, 0, 0), (349.525, 5.339466666666667, 2.7218), (0, 0, 0), (551.55, 0.6569333333333333, 0.011266666666666664), (527.7821333333333, 0.12433333333333332, 0.10573333333333333)]","[(3878.3662, 1859.9884, 999.9932666666666), (4142.957533333333, 1859.9721333333334, 999.9844), (4295, 1860.0, 1000.0), (4295, 1860.0, 1000.0), (4295, 1860.0, 1000.0), (3892.3474, 1860.0, 1000.0), (3623.9119333333333, 1859.9142666666667, 999.6792), (4295, 1860.0, 1000.0), (6768.733200000001, 1799.8551333333332, 1524.5008666666668), (7270.651733333333, 1790.1729333333333, 1523.0586666666666), (7847.3686, 1796.8276, 1524.9802666666667), (8192, 1800.0, 1525.0), (7842.475, 1794.6605333333334, 1522.2782), (8192, 1800.0, 1525.0), (7640.45, 1799.3430666666666, 1524.9887333333334), (7664.217866666667, 1799.8756666666666, 1524.8942666666667)]","[(3, 0.0, 0.024077777777777778), (2, 0.0, 0.0552611111111111), (0, 0, 0), (0, 0, 0), (0, 0, 0), (3, 0.1085, 0.004066666666666666), (3, 0.0, 0.018272222222222224), (0, 0, 0), (6, 8.333333333333333e-05, 0.11437222222222222), (5, 0.10143333333333332, 0.05538333333333334), (3, 0.0, 0.0002722222222222222), (0, 0, 0), (2, 0.0, 0.01048888888888889), (0, 0, 0), (4, 0.0, 0.017277777777777774), (7, 0.10526666666666666, 0.012766666666666666)]","[(32209, 67.1, 10.085922222222221), (32210, 67.1, 10.054738888888888), (32212, 67.1, 10.11), (32212, 67.1, 10.11), (32212, 67.1, 10.11), (32209, 66.99149999999999, 10.105933333333333), (32209, 67.1, 10.091727777777777), (32212, 67.1, 10.11), (32206, 51.89991666666667, 6.075627777777777), (32207, 51.79856666666667, 6.134616666666666), (32209, 51.900000000000006, 6.189727777777778), (32212, 51.900000000000006, 6.1899999999999995), (32210, 51.900000000000006, 6.17951111111111), (32212, 51.900000000000006, 6.1899999999999995), (32208, 51.900000000000006, 6.172722222222221), (32205, 51.79473333333334, 6.177233333333333)]"
14,"[100.0, 100.0, 0.0, 0.0, 0.0, 100.0, 100.0, 100.0, 100.0, 100.0, 100.0, 0.0, 100.0, 0.0, 100.0, 100.0]","[1, 1, 0, 0, 0, 1, 1, 1, 2, 2, 1, 0, 1, 0, 2, 3]","[4.75, 4.75, 2.45, 2.45, 2.45, 4.75, 4.75, 4.75, 5.05, 5.05, 5.05, 2.65, 5.05, 2.65, 5.05, 5.05]","[2366.2077328156797, 1158.5948682937635, 0, 0, 0, 1691.1266347954333, 1095.1560621194842, 1876.4565081617916, 3249.8205675777112, 2988.3070218452244, 0, 0, 5161.924842736884, 0, 2420.981059964191, 3628.034373940759]","[1662.7922671843203, 2870.4051317062367, 4029, 4029, 4029, 2337.8733652045667, 2933.843937880516, 2152.5434918382084, 779.1794324222888, 1040.6929781547756, 4029, 4029, -1132.9248427368839, 4029, 1608.018940035809, 400.965626059241]","[4029, 4029, 4029, 4029, 4029, 4029, 4029, 4029, 4029, 4029, 4029, 4029, 4029, 4029, 4029, 4029]","[4029, 4029, 0, 0, 0, 4029, 4029, 4029, 4029, 4029, 4029, 0, 4029, 0, 4029, 4029]","[(402.6528, 0.011733333333333332, 0.0074666666666666675), (99.26446666666666, 0.0004, 0.0014), (0, 0, 0), (0, 0, 0), (0, 0, 0), (339.738, 0.0, 0.0), (767.5571333333334, 0.08106666666666666, 0.391), (258.64820000000003, 0.019533333333333337, 0.0016), (1249.9024, 0.19046666666666662, 0.4779333333333333), (1177.2005333333336, 2.275733333333333, 3.3907333333333334), (369.0984, 0.713, 0.022), (0, 0, 0), (553.6476, 10.710466666666667, 4.053266666666667), (0, 0, 0), (504.7135333333333, 0.9099999999999999, 0.010933333333333333), (696.2530666666667, 0.124, 0.10419999999999999)]","[(3892.3472, 1859.9882666666667, 999.9925333333333), (4195.7355333333335, 1859.9996, 999.9986), (4295, 1860.0, 1000.0), (4295, 1860.0, 1000.0), (4295, 1860.0, 1000.0), (3955.262, 1860.0, 1000.0), (3527.4428666666668, 1859.9189333333334, 999.609), (4036.3518, 1859.9804666666666, 999.9984), (6942.0976, 1799.8095333333333, 1524.5220666666667), (7014.799466666666, 1797.7242666666666, 1521.6092666666666), (7822.9016, 1799.287, 1524.978), (8192, 1800.0, 1525.0), (7638.3524, 1789.2895333333333, 1520.9467333333334), (8192, 1800.0, 1525.0), (7687.2864666666665, 1799.09, 1524.9890666666668), (7495.746933333334, 1799.876, 1524.8958)]","[(3, 1.666666666666667e-05, 0.02868888888888889), (1, 0.0, 0.0005111111111111112), (0, 0, 0), (0, 0, 0), (0, 0, 0), (3, 0.2122, 0.00935), (3, 0.0, 0.02345), (3, 0.05115, 0.03694444444444444), (6, 3.3333333333333335e-05, 0.1536), (5, 1.1261166666666667, 0.015811111111111113), (3, 0.0, 0.0003888888888888889), (0, 0, 0), (2, 0.0, 0.008927777777777778), (0, 0, 0), (4, 0.0, 0.024405555555555555), (7, 0.006966666666666668, 0.012211111111111112)]","[(32209, 67.09998333333333, 10.081311111111111), (32211, 67.1, 10.109488888888889), (32212, 67.1, 10.11), (32212, 67.1, 10.11), (32212, 67.1, 10.11), (32209, 66.8878, 10.10065), (32209, 67.1, 10.086549999999999), (32209, 67.04884999999999, 10.073055555555555), (32206, 51.89996666666667, 6.0363999999999995), (32207, 50.77388333333334, 6.174188888888889), (32209, 51.900000000000006, 6.189611111111111), (32212, 51.900000000000006, 6.1899999999999995), (32210, 51.900000000000006, 6.181072222222221), (32212, 51.900000000000006, 6.1899999999999995), (32208, 51.900000000000006, 6.165594444444444), (32205, 51.89303333333334, 6.177788888888888)]"
15,"[100.0, 100.0, 0.0, 0.0, 0.0, 100.0, 100.0, 100.0, 100.0, 100.0, 0.0, 0.0, 100.0, 0.0, 100.0, 100.0]","[1, 1, 0, 0, 0, 2, 1, 1, 2, 2, 0, 0, 1, 0, 1, 3]","[4.75, 4.75, 2.45, 2.45, 2.45, 4.75, 4.75, 4.75, 5.05, 5.05, 2.65, 2.65, 5.05, 2.65, 5.05, 5.05]","[2826.303680863173, 1168.6115386248337, 0, 0, 0, 1986.2110087283095, 931.5504308882199, 1328.8784523992754, 6028.278192232053, 3679.457376331244, 0, 0, 3255.4183193198332, 0, 2366.2077328156797, 3587.9768197765843]","[1202.6963191368268, 2860.388461375166, 4029, 4029, 4029, 2042.7889912716905, 3097.44956911178, 2700.1215476007246, -1999.2781922320528, 349.5426236687558, 4029, 4029, 773.5816806801668, 4029, 1662.7922671843203, 441.0231802234157]","[4029, 4029, 4029, 4029, 4029, 4029, 4029, 4029, 4029, 4029, 4029, 4029, 4029, 4029, 4029, 4029]","[4029, 4029, 0, 0, 0, 4029, 4029, 4029, 4029, 4029, 0, 0, 4029, 0, 4029, 4029]","[(363.506, 0.0166, 0.009666666666666665), (85.28386666666668, 0.0005333333333333334, 0.0014), (0, 0, 0), (0, 0, 0), (0, 0, 0), (522.8892000000001, 0.0019333333333333331, 0.0014666666666666665), (796.9172, 0.0888, 0.33713333333333334), (328.5534, 0.0005333333333333334, 0.0006), (1630.1856, 0.2028, 1.3914666666666666), (1129.6652, 3.4353333333333333, 2.9526), (0, 0, 0), (0, 0, 0), (503.316, 17.2942, 4.714533333333334), (0, 0, 0), (402.6528, 0.011733333333333332, 0.0074666666666666675), (555.0450000000001, 0.1184, 0.10019999999999998)]","[(3931.494, 1859.9834, 999.9903333333333), (4209.716133333333, 1859.9994666666666, 999.9986), (4295, 1860.0, 1000.0), (4295, 1860.0, 1000.0), (4295, 1860.0, 1000.0), (3772.1108, 1859.9980666666668, 999.9985333333333), (3498.0828, 1859.9112, 999.6628666666667), (3966.4466, 1859.9994666666666, 999.9994), (6561.8144, 1799.7972, 1523.6085333333333), (7062.3348000000005, 1796.5646666666667, 1522.0474), (8192, 1800.0, 1525.0), (8192, 1800.0, 1525.0), (7688.684, 1782.7058, 1520.2854666666667), (8192, 1800.0, 1525.0), (7789.3472, 1799.9882666666667, 1524.9925333333333), (7636.955, 1799.8816, 1524.8998)]","[(3, 0.0, 0.017905555555555557), (1, 0.0, 0.0005444444444444444), (0, 0, 0), (0, 0, 0), (0, 0, 0), (4, 0.3841500000000001, 0.017027777777777777), (3, 0.0, 0.019), (3, 0.06125, 0.025472222222222222), (6, 0.0001, 0.15643888888888888), (5, 1.092625, 0.024438888888888885), (0, 0, 0), (0, 0, 0), (2, 2.327875, 0.009094444444444445), (0, 0, 0), (3, 1.666666666666667e-05, 0.02868888888888889), (7, 0.04356666666666667, 0.010861111111111113)]","[(32209, 67.1, 10.092094444444443), (32211, 67.1, 10.109455555555556), (32212, 67.1, 10.11), (32212, 67.1, 10.11), (32212, 67.1, 10.11), (32208, 66.71584999999999, 10.092972222222222), (32209, 67.1, 10.091), (32209, 67.03875, 10.084527777777778), (32206, 51.8999, 6.03356111111111), (32207, 50.80737500000001, 6.165561111111111), (32212, 51.900000000000006, 6.1899999999999995), (32212, 51.900000000000006, 6.1899999999999995), (32210, 49.57212500000001, 6.180905555555555), (32212, 51.900000000000006, 6.1899999999999995), (32209, 51.89998333333334, 6.161311111111111), (32205, 51.85643333333334, 6.179138888888889)]"
16,"[100.0, 100.0, 0.0, 0.0, 0.0, 100.0, 100.0, 100.0, 100.0, 100.0, 100.0, 100.0, 100.0, 0.0, 100.0, 100.0]","[1, 1, 0, 0, 0, 1, 1, 2, 1, 2, 1, 1, 1, 0, 1, 3]","[4.75, 4.75, 2.45, 2.45, 2.45, 4.75, 4.75, 4.75, 5.05, 5.05, 5.05, 5.05, 5.05, 2.65, 5.05, 5.05]","[2823.565014505748, 0, 0, 0, 0, 1266.8615316800874, 1008.3449108539154, 2440.7290742531954, 6374.312287858666, 3165.2682110439864, 657.7614400862267, 3752.9130163235823, 3689.4740952291445, 0, 2826.303680863173, 3698.876831033208]","[1205.434985494252, 4029, 4029, 4029, 4029, 2762.1384683199126, 3020.6550891460847, 1588.2709257468046, -2345.3122878586664, 863.7317889560136, 3371.2385599137733, 276.08698367641773, 339.5259047708555, 4029, 1202.6963191368268, 330.12316896679204]","[4029, 4029, 4029, 4029, 4029, 4029, 4029, 4029, 4029, 4029, 4029, 4029, 4029, 4029, 4029, 4029]","[4029, 4029, 0, 0, 0, 4029, 4029, 4029, 4029, 4029, 4029, 4029, 4029, 0, 4029, 4029]","[(422.2262, 0.03953333333333333, 0.018666666666666668), (99.964, 0.0005333333333333334, 0.0016666666666666668), (0, 0, 0), (0, 0, 0), (0, 0, 0), (306.18359999999996, 0.0, 0.0), (700.4481333333333, 0.07953333333333333, 0.389), (797.6158666666666, 0.0020666666666666667, 0.0058000000000000005), (1736.4414, 0.2492666666666667, 1.2721333333333333), (1317.0102666666667, 3.030733333333333, 2.4498), (192.93779999999998, 0.003933333333333333, 0.0014666666666666665), (388.67179999999996, 7.663399999999999, 2.4918666666666667), (570.4248, 42.85653333333333, 4.105333333333333), (0, 0, 0), (363.506, 0.0166, 0.009666666666666665), (538.9669333333334, 0.1250666666666667, 0.10559999999999999)]","[(3872.7738, 1859.9604666666667, 999.9813333333333), (4195.036, 1859.9994666666666, 999.9983333333333), (4295, 1860.0, 1000.0), (4295, 1860.0, 1000.0), (4295, 1860.0, 1000.0), (3988.8164, 1860.0, 1000.0), (3594.5518666666667, 1859.9204666666667, 999.611), (3497.3841333333335, 1859.9979333333333, 999.9942), (6455.5586, 1799.7507333333333, 1523.7278666666666), (6874.989733333334, 1796.9692666666667, 1522.5502), (7999.0622, 1799.9960666666666, 1524.9985333333334), (7803.3282, 1792.3366, 1522.5081333333333), (7621.5752, 1757.1434666666667, 1520.8946666666666), (8192, 1800.0, 1525.0), (7828.494, 1799.9834, 1524.9903333333334), (7653.033066666667, 1799.8749333333333, 1524.8944)]","[(3, 0.0, 0.019144444444444443), (1, 0.0, 0.000538888888888889), (0, 0, 0), (0, 0, 0), (0, 0, 0), (3, 0.008033333333333333, 0.003372222222222222), (3, 0.0, 0.019427777777777776), (5, 0.013600000000000001, 0.019805555555555552), (3, 0.00015, 0.2104), (5, 0.0, 0.025361111111111112), (1, 0.26766666666666666, 0.015294444444444444), (2, 0.0, 0.016355555555555557), (2, 0.0, 0.005988888888888888), (0, 0, 0), (3, 0.0, 0.017905555555555557), (7, 0.016566666666666667, 0.010977777777777777)]","[(32209, 67.1, 10.090855555555555), (32211, 67.1, 10.109461111111111), (32212, 67.1, 10.11), (32212, 67.1, 10.11), (32212, 67.1, 10.11), (32209, 67.09196666666666, 10.106627777777778), (32209, 67.1, 10.090572222222221), (32207, 67.0864, 10.090194444444444), (32209, 51.89985000000001, 5.9796), (32207, 51.900000000000006, 6.164638888888889), (32211, 51.63233333333334, 6.174705555555555), (32210, 51.900000000000006, 6.173644444444444), (32210, 51.900000000000006, 6.1840111111111105), (32212, 51.900000000000006, 6.1899999999999995), (32209, 51.900000000000006, 6.172094444444444), (32205, 51.883433333333336, 6.179022222222222)]"
17,"[100.0, 0.0, 0.0, 0.0, 0.0, 100.0, 100.0, 99.97517994539588, 100.0, 100.0, 100.0, 0.0, 100.0, 0.0, 100.0, 100.0]","[1, 0, 0, 0, 0, 1, 1, 2, 1, 1, 2, 0, 2, 0, 1, 3]","[4.75, 2.45, 2.45, 2.45, 2.45, 4.75, 4.75, 4.748485976669149, 5.05, 5.05, 5.05, 2.65, 5.05, 2.65, 5.05, 5.05]","[2689.3703629918955, 0, 0, 0, 0, 1204.5568661876246, 1168.611651651889, 2427.3735325259913, 3703.171900565511, 2090.1455055325287, 3505.83510776642, 0, 3606.001781225653, 0, 2823.565014505748, 3757.461484014305]","[1339.6296370081045, 4029, 4029, 4029, 4029, 2824.4431338123754, 2860.3883483481113, 1601.6264674740087, 325.8280994344891, 1938.8544944674713, 523.1648922335798, 4029, 422.99821877434715, 4029, 1205.434985494252, 271.5385159856951]","[4029, 4029, 4029, 4029, 4029, 4029, 4029, 4029, 4029, 4029, 4029, 4029, 4029, 4029, 4029, 4029]","[4029, 0, 0, 0, 0, 4029, 4029, 4028, 4029, 4029, 4029, 0, 4029, 0, 4029, 4029]","[(433.411, 0.0188, 0.012333333333333335), (0, 0, 0), (0, 0, 0), (0, 0, 0), (0, 0, 0), (322.961, 0.0, 0.0), (637.534, 0.09033333333333332, 0.3533333333333333), (749.3816666666668, 0.013600000000000001, 0.1945333333333333), (1493.1718, 0.1692, 0.7876000000000001), (402.6528, 3.2084, 1.765466666666667), (785.7321999999999, 19.006533333333334, 2.4876666666666667), (0, 0, 0), (1161.8213333333333, 30.357066666666668, 3.7025333333333332), (0, 0, 0), (422.2262, 0.03953333333333333, 0.018666666666666668), (487.2374, 0.1176, 0.10019999999999998)]","[(3861.589, 1859.9812, 999.9876666666667), (4295, 1860.0, 1000.0), (4295, 1860.0, 1000.0), (4295, 1860.0, 1000.0), (4295, 1860.0, 1000.0), (3972.0389999999998, 1860.0, 1000.0), (3657.466, 1859.9096666666667, 999.6466666666666), (3545.6183333333333, 1859.9864, 999.8054666666667), (6698.8282, 1799.8308, 1524.2124), (7789.3472, 1796.7916, 1523.2345333333333), (7406.2678, 1780.9934666666666, 1522.5123333333333), (8192, 1800.0, 1525.0), (7030.178666666667, 1769.6429333333333, 1521.2974666666667), (8192, 1800.0, 1525.0), (7769.7738, 1799.9604666666667, 1524.9813333333334), (7704.7626, 1799.8824, 1524.8998)]","[(3, 0.0, 0.02216111111111111), (0, 0, 0), (0, 0, 0), (0, 0, 0), (0, 0, 0), (3, 0.007916666666666667, 0.003444444444444445), (3, 0.0, 0.015172222222222219), (5, 0.00048333333333333334, 0.01725555555555556), (3, 0.0001, 0.13415555555555556), (2, 0.0, 0.005355555555555555), (3, 0.2701, 0.018350000000000005), (0, 0, 0), (5, 0.0, 0.026916666666666665), (0, 0, 0), (3, 0.0, 0.019144444444444443), (7, 0.007016666666666667, 0.011227777777777777)]","[(32209, 67.1, 10.087838888888887), (32212, 67.1, 10.11), (32212, 67.1, 10.11), (32212, 67.1, 10.11), (32212, 67.1, 10.11), (32209, 67.09208333333332, 10.106555555555556), (32209, 67.1, 10.094827777777777), (32207, 67.09951666666666, 10.092744444444444), (32209, 51.8999, 6.055844444444444), (32210, 51.900000000000006, 6.184644444444444), (32209, 51.629900000000006, 6.17165), (32212, 51.900000000000006, 6.1899999999999995), (32207, 51.900000000000006, 6.163083333333333), (32212, 51.900000000000006, 6.1899999999999995), (32209, 51.900000000000006, 6.170855555555555), (32205, 51.89298333333334, 6.1787722222222214)]"
18,"[100.0, 0.0, 0.0, 0.0, 0.0, 100.0, 100.0, 100.0, 100.0, 100.0, 100.0, 0.0, 100.0, 0.0, 100.0, 100.0]","[1, 0, 0, 0, 0, 1, 1, 2, 1, 1, 2, 0, 2, 0, 1, 3]","[4.75, 2.45, 2.45, 2.45, 2.45, 4.75, 4.75, 4.75, 5.05, 5.05, 5.05, 2.65, 5.05, 2.65, 5.05, 5.05]","[2579.823708694874, 0, 0, 0, 0, 1252.0270875152155, 0, 2764.6014824830427, 3949.038231668631, 1232.0506254656602, 2387.306762630949, 0, 3712.846287291729, 0, 2689.3703629918955, 2431.661544151421]","[1449.1762913051261, 4029, 4029, 4029, 4029, 2776.9729124847845, 4029, 1264.3985175169573, 79.96176833136906, 2796.9493745343398, 1641.693237369051, 4029, 316.1537127082711, 4029, 1339.6296370081045, 1597.338455848579]","[4029, 4029, 4029, 4029, 4029, 4029, 4029, 4029, 4029, 4029, 4029, 4029, 4029, 4029, 4029, 4029]","[4029, 0, 0, 0, 0, 4029, 4029, 4029, 4029, 4029, 4029, 0, 4029, 0, 4029, 4029]","[(369.0984, 0.017666666666666667, 0.010733333333333333), (0, 0, 0), (0, 0, 0), (0, 0, 0), (0, 0, 0), (301.98940000000005, 0.0, 0.0), (700.4484666666667, 0.08206666666666666, 0.43860000000000005), (705.3410000000001, 0.014733333333333331, 0.19106666666666666), (1484.7831999999999, 0.21580000000000002, 0.8416666666666666), (444.5958, 2.369733333333333, 2.1395999999999997), (595.5906, 16.111266666666666, 2.581133333333333), (0, 0, 0), (1056.9638, 23.305933333333336, 6.426399999999999), (0, 0, 0), (433.411, 0.0188, 0.012333333333333335), (608.1728, 0.1372, 0.10480000000000002)]","[(3925.9016, 1859.9823333333334, 999.9892666666667), (4295, 1860.0, 1000.0), (4295, 1860.0, 1000.0), (4295, 1860.0, 1000.0), (4295, 1860.0, 1000.0), (3993.0106, 1860.0, 1000.0), (3594.5515333333333, 1859.9179333333334, 999.5614), (3589.6589999999997, 1859.9852666666666, 999.8089333333334), (6707.2168, 1799.7842, 1524.1583333333333), (7747.4042, 1797.6302666666666, 1522.8604), (7596.4094000000005, 1783.8887333333332, 1522.4188666666666), (8192, 1800.0, 1525.0), (7135.0362000000005, 1776.6940666666667, 1518.5736), (8192, 1800.0, 1525.0), (7758.589, 1799.9812, 1524.9876666666667), (7583.8272, 1799.8628, 1524.8952)]","[(3, 0.0, 0.018283333333333335), (0, 0, 0), (0, 0, 0), (0, 0, 0), (0, 0, 0), (3, 0.00785, 0.003533333333333333), (3, 0.0, 0.019766666666666665), (5, 0.0010166666666666666, 0.025622222222222227), (3, 0.0001, 0.17663333333333334), (2, 0.0, 0.005061111111111111), (3, 0.27021666666666666, 0.014983333333333335), (0, 0, 0), (5, 1.4859958333333334, 0.021738888888888887), (0, 0, 0), (3, 0.0, 0.02216111111111111), (7, 0.1056, 0.024911111111111113)]","[(32209, 67.1, 10.091716666666667), (32212, 67.1, 10.11), (32212, 67.1, 10.11), (32212, 67.1, 10.11), (32212, 67.1, 10.11), (32209, 67.09214999999999, 10.106466666666666), (32209, 67.1, 10.090233333333332), (32207, 67.09898333333332, 10.084377777777776), (32209, 51.8999, 6.013366666666666), (32210, 51.900000000000006, 6.1849388888888885), (32209, 51.629783333333336, 6.175016666666666), (32212, 51.900000000000006, 6.1899999999999995), (32207, 50.41400416666667, 6.168261111111111), (32212, 51.900000000000006, 6.1899999999999995), (32209, 51.900000000000006, 6.167838888888888), (32205, 51.7944, 6.165088888888889)]"
19,"[100.0, 0.0, 100.0, 0.0, 0.0, 100.0, 100.0, 100.0, 100.0, 100.0, 100.0, 0.0, 100.0, 0.0, 100.0, 100.0]","[1, 0, 1, 0, 0, 1, 2, 2, 1, 1, 2, 0, 2, 0, 1, 2]","[4.75, 2.45, 4.75, 2.45, 2.45, 4.75, 4.75, 4.75, 5.05, 5.05, 5.05, 2.65, 5.05, 2.65, 5.05, 5.05]","[0, 0, 517.5280212281833, 0, 0, 1225.3250880184453, 1098.495029888158, 2310.51236405158, 3566.579494397111, 2534.217953193593, 1826.3731494030244, 0, 4160.257622072298, 0, 2579.823708694874, 2354.8670693823456]","[4029, 4029, 3511.471978771817, 4029, 4029, 2803.674911981555, 2930.5049701118423, 1718.4876359484201, 462.4205056028891, 1494.782046806407, 2202.6268505969756, 4029, -131.25762207229764, 4029, 1449.1762913051261, 1674.1329306176544]","[4029, 4029, 4029, 4029, 4029, 4029, 4029, 4029, 4029, 4029, 4029, 4029, 4029, 4029, 4029, 4029]","[4029, 0, 4029, 0, 0, 4029, 4029, 4029, 4029, 4029, 4029, 0, 4029, 0, 4029, 4029]","[(346.7288, 0.020133333333333333, 0.010266666666666667), (0, 0, 0), (58.7202, 0.004733333333333333, 0.00013333333333333334), (0, 0, 0), (0, 0, 0), (328.5532, 0.0, 0.0), (61.77773333333333, 4.130333333333333, 4.1416666666666675), (729.1089333333334, 0.013066666666666666, 0.1896), (1644.1666, 0.15380000000000002, 0.6252666666666667), (349.525, 5.339466666666667, 2.7218), (539.6666, 13.924999999999999, 1.6848666666666665), (0, 0, 0), (963.2909333333333, 20.4828, 8.038333333333332), (0, 0, 0), (369.0984, 0.017666666666666667, 0.010733333333333333), (190.14100000000002, 0.12293333333333333, 0.10239999999999999)]","[(3948.2712, 1859.9798666666666, 999.9897333333333), (4295, 1860.0, 1000.0), (4236.2798, 1859.9952666666666, 999.9998666666667), (4295, 1860.0, 1000.0), (4295, 1860.0, 1000.0), (3966.4468, 1860.0, 1000.0), (4233.222266666667, 1855.8696666666667, 995.8583333333333), (3565.8910666666666, 1859.9869333333334, 999.8104), (6547.8333999999995, 1799.8462, 1524.3747333333333), (7842.475, 1794.6605333333334, 1522.2782), (7652.3333999999995, 1786.075, 1523.3151333333333), (8192, 1800.0, 1525.0), (7228.709066666666, 1779.5172, 1516.9616666666666), (8192, 1800.0, 1525.0), (7822.9016, 1799.9823333333334, 1524.9892666666667), (8001.859, 1799.8770666666667, 1524.8976)]","[(3, 0.0, 0.02930555555555556), (0, 0, 0), (2, 0.0, 0.0010944444444444443), (0, 0, 0), (0, 0, 0), (3, 0.007816666666666666, 0.003527777777777778), (4, 0.0, 0.0006555555555555557), (5, 0.0766666666666667, 0.012955555555555555), (3, 5e-05, 0.16941111111111112), (2, 0.0, 0.01048888888888889), (3, 0.24863333333333332, 0.05260000000000001), (0, 0, 0), (5, 0.5451666666666666, 0.02622777777777778), (0, 0, 0), (3, 0.0, 0.018283333333333335), (4, 0.0, 0.0009388888888888888)]","[(32209, 67.1, 10.080694444444443), (32212, 67.1, 10.11), (32210, 67.1, 10.108905555555555), (32212, 67.1, 10.11), (32212, 67.1, 10.11), (32209, 67.09218333333332, 10.106472222222221), (32208, 67.1, 10.109344444444444), (32207, 67.02333333333333, 10.097044444444444), (32209, 51.899950000000004, 6.020588888888889), (32210, 51.900000000000006, 6.17951111111111), (32209, 51.651366666666675, 6.1373999999999995), (32212, 51.900000000000006, 6.1899999999999995), (32207, 51.35483333333334, 6.163772222222222), (32212, 51.900000000000006, 6.1899999999999995), (32209, 51.900000000000006, 6.171716666666666), (32208, 51.900000000000006, 6.18906111111111)]"
20,"[0.0, 0.0, 100.0, 0.0, 100.0, 100.0, 100.0, 100.0, 100.0, 100.0, 100.0, 0.0, 100.0, 0.0, 100.0, 100.0]","[0, 0, 2, 0, 1, 1, 2, 2, 1, 1, 1, 0, 2, 0, 1, 2]","[2.45, 2.45, 4.75, 2.45, 4.75, 4.75, 4.75, 4.75, 5.05, 5.05, 5.05, 2.65, 5.05, 2.65, 5.05, 5.05]","[0, 0, 1875.6191034773542, 0, 3815.4812123039737, 0, 1963.2677438216556, 2517.5235773104155, 4726.09725342664, 5161.924842736884, 1612.6841520322869, 0, 4804.663497538349, 0, 0, 2314.8003868941323]","[4029, 4029, 2153.380896522646, 4029, 213.51878769602627, 4029, 2065.7322561783444, 1511.4764226895845, -697.0972534266402, -1132.9248427368839, 2416.315847967713, 4029, -775.6634975383486, 4029, 4029, 1714.1996131058677]","[4029, 4029, 4029, 4029, 4029, 4029, 4029, 4029, 4029, 4029, 4029, 4029, 4029, 4029, 4029, 4029]","[0, 0, 4029, 0, 4029, 4029, 4029, 4029, 4029, 4029, 4029, 0, 4029, 0, 4029, 4029]","[(0, 0, 0), (0, 0, 0), (452.98419999999993, 0.004666666666666667, 0.00013333333333333334), (0, 0, 0), (1426.063, 0.14286666666666667, 0.5943999999999999), (282.41606666666667, 0.0, 0.0), (65.18586666666667, 12.108333333333336, 12.139266666666664), (693.4574, 0.013266666666666666, 0.18993333333333332), (1434.4516, 0.22206666666666663, 0.8742666666666667), (553.6476, 10.710466666666667, 4.053266666666667), (383.0794, 15.210066666666668, 1.8525333333333331), (0, 0, 0), (1023.4096, 26.741866666666663, 6.263533333333333), (0, 0, 0), (346.7288, 0.020133333333333333, 0.010266666666666667), (172.66519999999997, 0.11746666666666666, 0.10046666666666665)]","[(4295, 1860.0, 1000.0), (4295, 1860.0, 1000.0), (3842.0158, 1859.9953333333333, 999.9998666666667), (4295, 1860.0, 1000.0), (2868.937, 1859.8571333333334, 999.4056), (4012.5839333333333, 1860.0, 1000.0), (4229.814133333333, 1847.8916666666667, 987.8607333333333), (3601.5425999999998, 1859.9867333333334, 999.8100666666667), (6757.5484, 1799.7779333333333, 1524.1257333333333), (7638.3524, 1789.2895333333333, 1520.9467333333334), (7808.9206, 1784.7899333333332, 1523.1474666666666), (8192, 1800.0, 1525.0), (7168.5904, 1773.2581333333333, 1518.7364666666667), (8192, 1800.0, 1525.0), (7845.2712, 1799.9798666666666, 1524.9897333333333), (8019.3348, 1799.8825333333334, 1524.8995333333332)]","[(0, 0, 0), (0, 0, 0), (5, 0.1085, 0.0051222222222222225), (0, 0, 0), (3, 0.005116666666666666, 0.1869), (3, 0.00675, 0.003411111111111111), (4, 0.0, 0.0006388888888888889), (5, 0.07900000000000001, 0.01547222222222222), (3, 0.0001, 0.21292777777777777), (2, 0.0, 0.008927777777777778), (2, 0.0, 0.0036999999999999997), (0, 0, 0), (5, 0.5542222222222222, 0.019527777777777776), (0, 0, 0), (3, 0.0, 0.02930555555555556), (4, 0.0, 0.0010111111111111113)]","[(32212, 67.1, 10.11), (32212, 67.1, 10.11), (32207, 66.99149999999999, 10.104877777777777), (32212, 67.1, 10.11), (32209, 67.09488333333333, 9.9231), (32209, 67.09325, 10.106588888888888), (32208, 67.1, 10.109361111111111), (32207, 67.021, 10.094527777777778), (32209, 51.8999, 5.977072222222222), (32210, 51.900000000000006, 6.181072222222221), (32210, 51.900000000000006, 6.186299999999999), (32212, 51.900000000000006, 6.1899999999999995), (32207, 51.34577777777778, 6.170472222222222), (32212, 51.900000000000006, 6.1899999999999995), (32209, 51.900000000000006, 6.160694444444444), (32208, 51.900000000000006, 6.188988888888888)]"
21,"[0.0, 0.0, 100.0, 0.0, 100.0, 0.0, 99.97517994539588, 100.0, 100.0, 100.0, 100.0, 0.0, 100.0, 0.0, 0.0, 100.0]","[0, 0, 3, 0, 1, 0, 3, 2, 1, 1, 1, 0, 2, 0, 0, 2]","[2.45, 2.45, 4.75, 2.45, 4.75, 2.45, 4.748485976669149, 4.75, 5.05, 5.05, 5.05, 2.65, 5.05, 2.65, 2.65, 5.05]","[0, 0, 2933.193907484663, 0, 2446.521763816231, 0, 2874.785048216034, 2337.2234744932666, 3065.7406717796443, 3255.4183193198332, 1499.1618721790824, 0, 4651.07452570745, 0, 0, 2325.9330634879157]","[4029, 4029, 1095.8060925153368, 4029, 1582.4782361837688, 4029, 1154.2149517839662, 1691.7765255067334, 963.2593282203557, 773.5816806801668, 2529.8381278209176, 4029, -622.0745257074504, 4029, 4029, 1703.0669365120843]","[4029, 4029, 4029, 4029, 4029, 4029, 4029, 4029, 4029, 4029, 4029, 4029, 4029, 4029, 4029, 4029]","[0, 0, 4029, 0, 4029, 0, 4028, 4029, 4029, 4029, 4029, 0, 4029, 0, 0, 4029]","[(0, 0, 0), (0, 0, 0), (566.2302, 0.006466666666666666, 0.0015999999999999999), (0, 0, 0), (1311.4188000000001, 0.1956, 0.7402000000000001), (0, 0, 0), (146.6686, 10.273733333333332, 10.301266666666665), (696.2536666666666, 0.013466666666666667, 0.19006666666666666), (1392.5086000000001, 0.1512, 0.6417333333333333), (503.316, 17.2942, 4.714533333333334), (279.62, 9.749466666666667, 1.610333333333333), (0, 0, 0), (1111.4898666666668, 10.629999999999999, 4.668933333333333), (0, 0, 0), (0, 0, 0), (165.67446666666666, 0.11873333333333332, 0.10006666666666666)]","[(4295, 1860.0, 1000.0), (4295, 1860.0, 1000.0), (3728.7698, 1859.9935333333333, 999.9984), (4295, 1860.0, 1000.0), (2983.5811999999996, 1859.8044, 999.2598), (4295, 1860.0, 1000.0), (4148.3314, 1849.7262666666666, 989.6987333333333), (3598.7463333333335, 1859.9865333333332, 999.8099333333333), (6799.4914, 1799.8488, 1524.3582666666666), (7688.684, 1782.7058, 1520.2854666666667), (7912.38, 1790.2505333333334, 1523.3896666666667), (8192, 1800.0, 1525.0), (7080.510133333333, 1789.37, 1520.3310666666666), (8192, 1800.0, 1525.0), (8192, 1800.0, 1525.0), (8026.325533333334, 1799.8812666666668, 1524.8999333333334)]","[(0, 0, 0), (0, 0, 0), (6, 0.5763166666666668, 0.02362222222222222), (0, 0, 0), (3, 0.0006, 0.11304444444444445), (0, 0, 0), (7, 0.0, 0.0006777777777777778), (5, 0.05905, 0.019144444444444443), (3, 6.666666666666667e-05, 0.11822222222222224), (2, 2.327875, 0.009094444444444445), (2, 0.05768333333333333, 0.023244444444444446), (0, 0, 0), (5, 0.0, 0.029644444444444442), (0, 0, 0), (0, 0, 0), (4, 0.0, 0.0009666666666666666)]","[(32212, 67.1, 10.11), (32212, 67.1, 10.11), (32206, 66.52368333333332, 10.086377777777777), (32212, 67.1, 10.11), (32209, 67.09939999999999, 9.996955555555555), (32212, 67.1, 10.11), (32205, 67.1, 10.109322222222222), (32207, 67.04095, 10.090855555555555), (32209, 51.89993333333334, 6.071777777777777), (32210, 49.57212500000001, 6.180905555555555), (32210, 51.84231666666667, 6.166755555555555), (32212, 51.900000000000006, 6.1899999999999995), (32207, 51.900000000000006, 6.160355555555555), (32212, 51.900000000000006, 6.1899999999999995), (32212, 51.900000000000006, 6.1899999999999995), (32208, 51.900000000000006, 6.189033333333333)]"
22,"[0.0, 0.0, 100.0, 0.0, 100.0, 0.0, 100.0, 99.97517994539588, 100.0, 100.0, 100.0, 0.0, 100.0, 0.0, 0.0, 100.0]","[0, 0, 3, 0, 1, 0, 3, 2, 1, 1, 1, 0, 2, 0, 0, 2]","[2.45, 2.45, 4.75, 2.45, 4.75, 2.45, 4.75, 4.748485976669149, 5.05, 5.05, 5.05, 2.65, 5.05, 2.65, 2.65, 5.05]","[0, 0, 2423.605656743526, 0, 2303.8585840403466, 0, 2904.8350652046406, 2444.067957476947, 5157.122179558036, 0, 1863.10094582612, 0, 4600.991155199805, 0, 0, 2348.552163250381]","[4029, 4029, 1605.3943432564738, 4029, 1725.1414159596534, 4029, 1124.1649347953594, 1584.932042523053, -1128.122179558036, 4029, 2165.89905417388, 4029, -571.9911551998048, 4029, 4029, 1680.447836749619]","[4029, 4029, 4029, 4029, 4029, 4029, 4029, 4029, 4029, 4029, 4029, 4029, 4029, 4029, 4029, 4029]","[0, 0, 4029, 0, 4029, 0, 4029, 4028, 4029, 4029, 4029, 0, 4029, 0, 0, 4029]","[(0, 0, 0), (0, 0, 0), (592.7942, 0.008666666666666666, 0.0015333333333333332), (0, 0, 0), (1255.4948, 0.13406666666666667, 0.4640666666666667), (0, 0, 0), (120.71653333333333, 10.959266666666668, 10.987333333333334), (718.6229333333333, 0.0015999999999999999, 0.0013333333333333333), (1632.9818, 0.3732, 0.7381333333333333), (570.4248, 42.85653333333333, 4.105333333333333), (338.34020000000004, 2.189, 3.0638666666666667), (0, 0, 0), (1207.9585333333334, 31.541866666666667, 6.671799999999998), (0, 0, 0), (0, 0, 0), (302.68846666666667, 0.11753333333333334, 0.1002)]","[(4295, 1860.0, 1000.0), (4295, 1860.0, 1000.0), (3702.2057999999997, 1859.9913333333334, 999.9984666666667), (4295, 1860.0, 1000.0), (3039.5052, 1859.8659333333333, 999.5359333333333), (4295, 1860.0, 1000.0), (4174.283466666667, 1849.0407333333333, 989.0126666666666), (3576.377066666667, 1859.9984, 999.9986666666666), (6559.0182, 1799.6268, 1524.2618666666667), (7621.5752, 1757.1434666666667, 1520.8946666666666), (7853.6598, 1797.811, 1521.9361333333334), (8192, 1800.0, 1525.0), (6984.041466666667, 1768.4581333333333, 1518.3282), (8192, 1800.0, 1525.0), (8192, 1800.0, 1525.0), (7889.3115333333335, 1799.8824666666667, 1524.8998)]","[(0, 0, 0), (0, 0, 0), (6, 0.2877, 0.02022777777777778), (0, 0, 0), (3, 1.666666666666667e-05, 0.12178333333333334), (0, 0, 0), (7, 0.0, 0.0006444444444444444), (5, 0.06829999999999999, 0.023133333333333332), (3, 0.09808333333333331, 0.2580777777777778), (2, 0.0, 0.005988888888888888), (2, 1.1261166666666667, 0.002977777777777778), (0, 0, 0), (5, 0.0, 0.025316666666666668), (0, 0, 0), (0, 0, 0), (4, 0.0, 0.001027777777777778)]","[(32212, 67.1, 10.11), (32212, 67.1, 10.11), (32206, 66.8123, 10.089772222222221), (32212, 67.1, 10.11), (32209, 67.09998333333333, 9.988216666666666), (32212, 67.1, 10.11), (32205, 67.1, 10.109355555555554), (32207, 67.0317, 10.086866666666666), (32209, 51.80191666666667, 5.931922222222222), (32210, 51.900000000000006, 6.1840111111111105), (32210, 50.77388333333334, 6.187022222222222), (32212, 51.900000000000006, 6.1899999999999995), (32207, 51.900000000000006, 6.164683333333333), (32212, 51.900000000000006, 6.1899999999999995), (32212, 51.900000000000006, 6.1899999999999995), (32208, 51.900000000000006, 6.188972222222222)]"
23,"[0.0, 0.0, 100.0, 0.0, 100.0, 0.0, 100.0, 100.0, 100.0, 0.0, 100.0, 0.0, 100.0, 0.0, 100.0, 100.0]","[0, 0, 3, 0, 1, 0, 3, 2, 1, 0, 1, 0, 2, 0, 1, 2]","[2.45, 2.45, 4.75, 2.45, 4.75, 2.45, 4.75, 4.75, 5.05, 2.65, 5.05, 2.65, 5.05, 2.65, 5.05, 5.05]","[0, 0, 2488.8954610164374, 0, 2662.034226881929, 0, 2974.95177196061, 2584.30138702606, 6377.347674662409, 0, 2634.3846707111265, 0, 8313.837362056893, 0, 777.9614183128089, 2354.8670693823456]","[4029, 4029, 1540.1045389835626, 4029, 1366.965773118071, 4029, 1054.0482280393899, 1444.6986129739398, -2348.347674662409, 4029, 1394.6153292888735, 4029, -4284.837362056893, 4029, 3251.0385816871913, 1674.1329306176544]","[4029, 4029, 4029, 4029, 4029, 4029, 4029, 4029, 4029, 4029, 4029, 4029, 4029, 4029, 4029, 4029]","[0, 0, 4029, 0, 4029, 0, 4029, 4029, 4029, 0, 4029, 0, 4029, 0, 4029, 4029]","[(0, 0, 0), (0, 0, 0), (499.12139999999994, 0.0066, 0.0014666666666666667), (0, 0, 0), (1470.8021999999999, 0.18553333333333333, 0.47233333333333327), (0, 0, 0), (143.30453333333332, 11.005600000000003, 11.031400000000001), (755.6730666666667, 0.015266666666666664, 0.19793333333333332), (1756.0146000000002, 0.15113333333333331, 0.6404), (0, 0, 0), (408.2452, 3.357266666666667, 2.6136666666666666), (0, 0, 0), (1458.2188, 44.54813333333334, 5.584733333333333), (0, 0, 0), (123.73126666666663, 0.009733333333333332, 0.0028), (295.6976666666667, 0.1186, 0.10046666666666669)]","[(4295, 1860.0, 1000.0), (4295, 1860.0, 1000.0), (3795.8786, 1859.9934, 999.9985333333333), (4295, 1860.0, 1000.0), (2824.1978, 1859.8144666666667, 999.5276666666666), (4295, 1860.0, 1000.0), (4151.695466666667, 1848.9944, 988.9686), (3539.3269333333333, 1859.9847333333332, 999.8020666666666), (6435.9854, 1799.8488666666667, 1524.3596), (8192, 1800.0, 1525.0), (7783.7548, 1796.6427333333334, 1522.3863333333334), (8192, 1800.0, 1525.0), (6733.781199999999, 1755.4518666666668, 1519.4152666666666), (8192, 1800.0, 1525.0), (8068.268733333333, 1799.9902666666667, 1524.9972), (7896.302333333333, 1799.8814, 1524.8995333333332)]","[(0, 0, 0), (0, 0, 0), (6, 0.27813333333333334, 0.017461111111111115), (0, 0, 0), (3, 1.666666666666667e-05, 0.1395388888888889), (0, 0, 0), (7, 0.0, 0.0006611111111111112), (5, 0.0852, 0.020611111111111108), (3, 0.07565000000000001, 0.43214444444444444), (0, 0, 0), (2, 1.092625, 0.013255555555555555), (0, 0, 0), (5, 0.0, 0.17852222222222222), (0, 0, 0), (2, 0.0, 2.2222222222222223e-05), (4, 0.0, 0.001122222222222222)]","[(32212, 67.1, 10.11), (32212, 67.1, 10.11), (32206, 66.82186666666666, 10.092538888888889), (32212, 67.1, 10.11), (32209, 67.09998333333333, 9.97046111111111), (32212, 67.1, 10.11), (32205, 67.1, 10.109338888888889), (32207, 67.0148, 10.08938888888889), (32209, 51.82435, 5.757855555555555), (32212, 51.900000000000006, 6.1899999999999995), (32210, 50.80737500000001, 6.176744444444444), (32212, 51.900000000000006, 6.1899999999999995), (32207, 51.900000000000006, 6.0114777777777775), (32212, 51.900000000000006, 6.1899999999999995), (32210, 51.900000000000006, 6.189977777777777), (32208, 51.900000000000006, 6.188877777777777)]"
24,"[0.0, 0.0, 100.0, 0.0, 100.0, 0.0, 100.0, 99.97517994539588, 100.0, 0.0, 100.0, 0.0, 100.0, 0.0, 100.0, 100.0]","[0, 0, 3, 0, 1, 0, 3, 2, 1, 0, 1, 0, 2, 0, 1, 2]","[2.45, 2.45, 4.75, 2.45, 4.75, 2.45, 4.75, 4.748485976669149, 5.05, 2.65, 5.05, 2.65, 5.05, 2.65, 5.05, 5.05]","[0, 0, 2363.151874906521, 0, 2986.820614882346, 0, 2918.19062871908, 2844.73485845978, 4197.939949575493, 0, 1779.6286812281753, 0, 2681.129017932762, 0, 888.1447951553957, 2364.1397360232454]","[4029, 4029, 1665.8481250934792, 4029, 1042.179385117654, 4029, 1110.80937128092, 1184.2651415402202, -168.9399495754933, 4029, 2249.371318771825, 4029, 1347.870982067238, 4029, 3140.8552048446045, 1664.8602639767546]","[4029, 4029, 4029, 4029, 4029, 4029, 4029, 4029, 4029, 4029, 4029, 4029, 4029, 4029, 4029, 4029]","[0, 0, 4029, 0, 4029, 0, 4029, 4028, 4029, 0, 4029, 0, 4029, 0, 4029, 4029]","[(0, 0, 0), (0, 0, 0), (557.8418, 0.006266666666666667, 0.0014666666666666667), (0, 0, 0), (1311.4188000000001, 0.14286666666666667, 0.5135333333333333), (0, 0, 0), (120.41073333333333, 11.008133333333335, 11.034400000000002), (715.8271333333333, 0.015133333333333335, 0.19106666666666666), (1834.3084, 0.274, 0.7126), (0, 0, 0), (645.9222, 2.945, 2.129), (0, 0, 0), (2568.3113333333336, 25.943799999999996, 8.258933333333333), (0, 0, 0), (120.93533333333332, 0.045200000000000004, 0.020266666666666665), (237.67646666666667, 0.12033333333333335, 0.10200000000000001)]","[(4295, 1860.0, 1000.0), (4295, 1860.0, 1000.0), (3737.1582, 1859.9937333333332, 999.9985333333333), (4295, 1860.0, 1000.0), (2983.5811999999996, 1859.8571333333334, 999.4864666666666), (4295, 1860.0, 1000.0), (4174.589266666667, 1848.9918666666667, 988.9656), (3579.172866666667, 1859.9848666666667, 999.8089333333334), (6357.6916, 1799.726, 1524.2874), (8192, 1800.0, 1525.0), (7546.0778, 1797.055, 1522.871), (8192, 1800.0, 1525.0), (5623.688666666667, 1774.0562, 1516.7410666666667), (8192, 1800.0, 1525.0), (8071.064666666667, 1799.9548, 1524.9797333333333), (7954.323533333333, 1799.8796666666667, 1524.898)]","[(0, 0, 0), (0, 0, 0), (6, 0.27813333333333334, 0.01722777777777778), (0, 0, 0), (3, 5e-05, 0.13139444444444442), (0, 0, 0), (7, 0.0, 0.0006777777777777777), (5, 0.07936666666666667, 0.02807222222222222), (3, 5e-05, 0.20435555555555557), (0, 0, 0), (2, 0.0, 0.0070888888888888885), (0, 0, 0), (5, 0.0, 0.1847333333333333), (0, 0, 0), (2, 0.0, 0.0), (4, 0.0, 0.0009555555555555555)]","[(32212, 67.1, 10.11), (32212, 67.1, 10.11), (32206, 66.82186666666666, 10.092772222222221), (32212, 67.1, 10.11), (32209, 67.09994999999999, 9.978605555555555), (32212, 67.1, 10.11), (32205, 67.1, 10.109322222222222), (32207, 67.02063333333332, 10.081927777777777), (32209, 51.899950000000004, 5.985644444444444), (32212, 51.900000000000006, 6.1899999999999995), (32210, 51.900000000000006, 6.18291111111111), (32212, 51.900000000000006, 6.1899999999999995), (32207, 51.900000000000006, 6.0052666666666665), (32212, 51.900000000000006, 6.1899999999999995), (32210, 51.900000000000006, 6.1899999999999995), (32208, 51.900000000000006, 6.189044444444444)]"
25,"[0.0, 0.0, 100.0, 0.0, 100.0, 0.0, 100.0, 100.0, 100.0, 0.0, 100.0, 0.0, 100.0, 0.0, 100.0, 100.0]","[0, 0, 4, 0, 1, 0, 3, 2, 1, 0, 1, 0, 1, 0, 1, 2]","[2.45, 2.45, 4.75, 2.45, 4.75, 2.45, 4.75, 4.75, 5.05, 2.65, 5.05, 2.65, 5.05, 2.65, 5.05, 5.05]","[0, 0, 3641.5955637672, 0, 2953.431360041183, 0, 2948.2406455034293, 2711.1792287242574, 7242.4329137289415, 0, 2090.1455055325287, 0, 1161.9338707853067, 0, 851.4170028745334, 1566.5169784569066]","[4029, 4029, 387.4044362328, 4029, 1075.5686399588171, 4029, 1080.7593544965707, 1317.8207712757426, -3213.4329137289415, 4029, 1938.8544944674713, 4029, 2867.0661292146933, 4029, 3177.5829971254666, 2462.4830215430934]","[4029, 4029, 4029, 4029, 4029, 4029, 4029, 4029, 4029, 4029, 4029, 4029, 4029, 4029, 4029, 4029]","[0, 0, 4029, 0, 4029, 0, 4029, 4029, 4029, 0, 4029, 0, 4029, 0, 4029, 4029]","[(0, 0, 0), (0, 0, 0), (982.5144, 1.4715999999999998, 0.008533333333333334), (0, 0, 0), (1311.4188000000001, 0.188, 0.5201333333333333), (0, 0, 0), (116.60920000000002, 11.278133333333335, 11.305066666666667), (727.0117333333333, 0.014533333333333334, 0.19093333333333334), (1937.767933333333, 0.2582, 0.7142000000000001), (0, 0, 0), (402.6528, 3.2084, 1.765466666666667), (0, 0, 0), (1308.6224666666665, 0.08373333333333334, 0.33853333333333335), (0, 0, 0), (120.23626666666664, 0.034466666666666666, 0.0114), (299.1931333333333, 0.12306666666666667, 0.10373333333333333)]","[(4295, 1860.0, 1000.0), (4295, 1860.0, 1000.0), (3312.4856, 1858.5284, 999.9914666666666), (4295, 1860.0, 1000.0), (2983.5811999999996, 1859.812, 999.4798666666667), (4295, 1860.0, 1000.0), (4178.3908, 1848.7218666666668, 988.6949333333333), (3567.9882666666667, 1859.9854666666668, 999.8090666666667), (6254.232066666667, 1799.7418, 1524.2858), (8192, 1800.0, 1525.0), (7789.3472, 1796.7916, 1523.2345333333333), (8192, 1800.0, 1525.0), (6883.377533333333, 1799.9162666666666, 1524.6614666666667), (8192, 1800.0, 1525.0), (8071.763733333333, 1799.9655333333333, 1524.9886), (7892.806866666667, 1799.8769333333332, 1524.8962666666666)]","[(0, 0, 0), (0, 0, 0), (7, 0.25648333333333334, 0.06097222222222223), (0, 0, 0), (3, 3.3333333333333335e-05, 0.16156666666666666), (0, 0, 0), (7, 0.0, 0.0006277777777777778), (5, 0.08345000000000001, 0.029822222222222222), (3, 0.17391666666666664, 0.4805555555555557), (0, 0, 0), (2, 0.0, 0.005355555555555555), (0, 0, 0), (3, 0.0, 0.016483333333333336), (0, 0, 0), (2, 0.0, 2.2222222222222223e-05), (4, 0.0, 0.0009777777777777777)]","[(32212, 67.1, 10.11), (32212, 67.1, 10.11), (32205, 66.84351666666666, 10.049027777777777), (32212, 67.1, 10.11), (32209, 67.09996666666666, 9.948433333333332), (32212, 67.1, 10.11), (32205, 67.1, 10.109372222222222), (32207, 67.01655, 10.080177777777777), (32209, 51.72608333333334, 5.709444444444443), (32212, 51.900000000000006, 6.1899999999999995), (32210, 51.900000000000006, 6.184644444444444), (32212, 51.900000000000006, 6.1899999999999995), (32209, 51.900000000000006, 6.173516666666666), (32212, 51.900000000000006, 6.1899999999999995), (32210, 51.900000000000006, 6.189977777777777), (32208, 51.900000000000006, 6.1890222222222215)]"
26,"[0.0, 0.0, 100.0, 0.0, 100.0, 0.0, 99.97517994539588, 100.0, 100.0, 0.0, 100.0, 0.0, 100.0, 0.0, 100.0, 100.0]","[0, 0, 4, 0, 1, 0, 3, 2, 1, 0, 1, 0, 1, 0, 1, 1]","[2.45, 2.45, 4.75, 2.45, 4.75, 2.45, 4.748485976669149, 4.75, 5.05, 2.65, 5.05, 2.65, 5.05, 2.65, 5.05, 5.05]","[0, 0, 3433.128275230506, 0, 2989.8560016860883, 0, 3068.440728830909, 3195.31836682708, 3861.0120143601066, 0, 1232.0506254656602, 0, 0, 0, 834.7225518377779, 1608.0534134917489]","[4029, 4029, 595.871724769494, 4029, 1039.1439983139117, 4029, 960.5592711690911, 833.6816331729201, 167.9879856398934, 4029, 2796.9493745343398, 4029, 4029, 4029, 3194.277448162222, 2420.946586508251]","[4029, 4029, 4029, 4029, 4029, 4029, 4029, 4029, 4029, 4029, 4029, 4029, 4029, 4029, 4029, 4029]","[0, 0, 4029, 0, 4029, 0, 4028, 4029, 4029, 0, 4029, 0, 4029, 0, 4029, 4029]","[(0, 0, 0), (0, 0, 0), (851.0930000000001, 0.6548, 0.005066666666666666), (0, 0, 0), (1177.2012, 0.14893333333333333, 0.6776666666666666), (0, 0, 0), (236.97726666666665, 11.74573333333333, 11.77233333333333), (819.2864666666667, 0.016, 0.19126666666666664), (2088.762666666667, 0.21493333333333337, 0.8076), (0, 0, 0), (444.5958, 2.369733333333333, 2.1395999999999997), (0, 0, 0), (918.552, 0.091, 0.3313333333333333), (0, 0, 0), (130.722, 0.026466666666666666, 0.011066666666666664), (167.772, 0.11613333333333334, 0.09953333333333332)]","[(4295, 1860.0, 1000.0), (4295, 1860.0, 1000.0), (3443.907, 1859.3452, 999.9949333333333), (4295, 1860.0, 1000.0), (3117.7988, 1859.8510666666666, 999.3223333333333), (4295, 1860.0, 1000.0), (4058.0227333333332, 1848.2542666666666, 988.2276666666667), (3475.7135333333335, 1859.984, 999.8087333333333), (6103.237333333333, 1799.7850666666666, 1524.1924), (8192, 1800.0, 1525.0), (7747.4042, 1797.6302666666666, 1522.8604), (8192, 1800.0, 1525.0), (7273.448, 1799.909, 1524.6686666666667), (8192, 1800.0, 1525.0), (8061.278, 1799.9735333333333, 1524.9889333333333), (8024.228, 1799.8838666666666, 1524.9004666666667)]","[(0, 0, 0), (0, 0, 0), (7, 0.24541666666666667, 0.018699999999999998), (0, 0, 0), (3, 5e-05, 0.12382222222222221), (0, 0, 0), (7, 0.03166666666666667, 0.0024333333333333334), (5, 0.3472833333333333, 0.12643888888888888), (3, 6.666666666666667e-05, 0.18205555555555555), (0, 0, 0), (2, 0.0, 0.005061111111111111), (0, 0, 0), (3, 0.0, 0.016516666666666666), (0, 0, 0), (2, 0.0, 4.4444444444444447e-05), (2, 0.0, 0.001388888888888889)]","[(32212, 67.1, 10.11), (32212, 67.1, 10.11), (32205, 66.85458333333332, 10.091299999999999), (32212, 67.1, 10.11), (32209, 67.09994999999999, 9.986177777777778), (32212, 67.1, 10.11), (32205, 67.06833333333333, 10.107566666666665), (32207, 66.75271666666666, 9.983561111111111), (32209, 51.89993333333334, 6.007944444444444), (32212, 51.900000000000006, 6.1899999999999995), (32210, 51.900000000000006, 6.1849388888888885), (32212, 51.900000000000006, 6.1899999999999995), (32209, 51.900000000000006, 6.1734833333333325), (32212, 51.900000000000006, 6.1899999999999995), (32210, 51.900000000000006, 6.189955555555555), (32210, 51.900000000000006, 6.18861111111111)]"
27,"[0.0, 0.0, 100.0, 0.0, 100.0, 0.0, 100.0, 100.0, 100.0, 0.0, 100.0, 0.0, 0.0, 0.0, 100.0, 100.0]","[0, 0, 4, 0, 1, 0, 3, 2, 1, 0, 1, 0, 0, 0, 1, 1]","[2.45, 2.45, 4.75, 2.45, 4.75, 2.45, 4.75, 4.75, 5.05, 2.65, 5.05, 2.65, 2.65, 2.65, 5.05, 5.05]","[0, 0, 3711.5662088806307, 0, 5888.650399259911, 0, 2874.7850480642655, 2734.551450544738, 4753.41573466032, 0, 2534.217953193593, 0, 0, 0, 0, 0]","[4029, 4029, 317.4337911193693, 4029, -1859.650399259911, 4029, 1154.2149519357345, 1294.4485494552619, -724.4157346603197, 4029, 1494.782046806407, 4029, 4029, 4029, 4029, 4029]","[4029, 4029, 4029, 4029, 4029, 4029, 4029, 4029, 4029, 4029, 4029, 4029, 4029, 4029, 4029, 4029]","[0, 0, 4029, 0, 4029, 0, 4029, 4029, 4029, 0, 4029, 0, 0, 0, 4029, 4029]","[(0, 0, 0), (0, 0, 0), (765.4594666666667, 0.6519999999999999, 0.006666666666666666), (0, 0, 0), (1269.4758, 0.3529333333333333, 0.49439999999999995), (0, 0, 0), (232.82653333333337, 10.850266666666668, 10.874733333333333), (848.6467333333333, 0.015399999999999997, 0.1906), (1599.4273999999998, 0.17526666666666668, 1.018), (0, 0, 0), (349.525, 5.339466666666667, 2.7218), (0, 0, 0), (0, 0, 0), (0, 0, 0), (164.2764, 0.008733333333333333, 0.0061333333333333335), (167.772, 0.11586666666666666, 0.0994)]","[(4295, 1860.0, 1000.0), (4295, 1860.0, 1000.0), (3529.5405333333333, 1859.348, 999.9933333333333), (4295, 1860.0, 1000.0), (3025.5242, 1859.6470666666667, 999.5056), (4295, 1860.0, 1000.0), (4062.1734666666666, 1849.1497333333334, 989.1252666666667), (3446.353266666667, 1859.9846, 999.8094), (6592.5726, 1799.8247333333334, 1523.982), (8192, 1800.0, 1525.0), (7842.475, 1794.6605333333334, 1522.2782), (8192, 1800.0, 1525.0), (8192, 1800.0, 1525.0), (8192, 1800.0, 1525.0), (8027.7236, 1799.9912666666667, 1524.9938666666667), (8024.228, 1799.8841333333332, 1524.9006)]","[(0, 0, 0), (0, 0, 0), (7, 0.27706666666666663, 0.017688888888888886), (0, 0, 0), (3, 0.1731833333333333, 0.38794999999999996), (0, 0, 0), (7, 0.0, 0.0009611111111111112), (5, 0.07905, 0.02861666666666667), (3, 0.0005166666666666667, 0.18142777777777777), (0, 0, 0), (2, 0.0, 0.01048888888888889), (0, 0, 0), (0, 0, 0), (0, 0, 0), (2, 0.0, 8.88888888888889e-05), (2, 0.0, 0.0009611111111111112)]","[(32212, 67.1, 10.11), (32212, 67.1, 10.11), (32205, 66.82293333333332, 10.09231111111111), (32212, 67.1, 10.11), (32209, 66.92681666666667, 9.72205), (32212, 67.1, 10.11), (32205, 67.1, 10.109038888888888), (32207, 67.02095, 10.081383333333333), (32209, 51.899483333333336, 6.008572222222222), (32212, 51.900000000000006, 6.1899999999999995), (32210, 51.900000000000006, 6.17951111111111), (32212, 51.900000000000006, 6.1899999999999995), (32212, 51.900000000000006, 6.1899999999999995), (32212, 51.900000000000006, 6.1899999999999995), (32210, 51.900000000000006, 6.189911111111111), (32210, 51.900000000000006, 6.189038888888889)]"
28,"[0.0, 0.0, 100.0, 100.0, 100.0, 100.0, 100.0, 100.0, 100.0, 0.0, 100.0, 0.0, 0.0, 0.0, 100.0, 100.0]","[0, 0, 4, 1, 1, 1, 2, 2, 1, 0, 1, 0, 0, 0, 1, 1]","[2.45, 2.45, 4.75, 4.75, 4.75, 4.75, 4.75, 4.75, 5.05, 2.65, 5.05, 2.65, 2.65, 2.65, 5.05, 5.05]","[0, 0, 3859.5979778323926, 1154.1194728238213, 4252.576912042853, 0, 2267.1069644408904, 3135.218342695371, 0, 0, 5161.924842736884, 0, 0, 0, 2047.1528695743666, 454.0891471920266]","[4029, 4029, 169.40202216760736, 2874.8805271761785, -223.5769120428531, 4029, 1761.8930355591096, 893.7816573046289, 4029, 4029, -1132.9248427368839, 4029, 4029, 4029, 1981.8471304256334, 3574.9108528079732]","[4029, 4029, 4029, 4029, 4029, 4029, 4029, 4029, 4029, 4029, 4029, 4029, 4029, 4029, 4029, 4029]","[0, 0, 4029, 4029, 4029, 4029, 4029, 4029, 4029, 0, 4029, 0, 0, 0, 4029, 4029]","[(0, 0, 0), (0, 0, 0), (977.2714666666666, 0.6387999999999999, 0.007333333333333334), (176.16013333333333, 1.632466666666667, 0.017733333333333334), (1974.1186, 0.14053333333333334, 0.48906666666666665), (35.651199999999996, 0.001066666666666667, 6.666666666666668e-05), (127.05193333333335, 11.238933333333332, 11.265533333333332), (794.8198, 0.003, 0.002466666666666667), (1652.5552, 0.23406666666666665, 1.0530666666666666), (0, 0, 0), (553.6476, 10.710466666666667, 4.053266666666667), (0, 0, 0), (0, 0, 0), (0, 0, 0), (545.259, 0.6861333333333334, 1.4692), (29.621666666666673, 4.1293999999999995, 4.1416)]","[(4295, 1860.0, 1000.0), (4295, 1860.0, 1000.0), (3317.7285333333334, 1859.3612, 999.9926666666667), (4118.839866666666, 1858.3675333333333, 999.9822666666666), (2320.8814, 1859.8594666666668, 999.5109333333334), (4259.3488, 1859.9989333333333, 999.9999333333334), (4167.948066666667, 1848.7610666666667, 988.7344666666667), (3500.1802, 1859.997, 999.9975333333333), (6539.4448, 1799.7659333333334, 1523.9469333333334), (8192, 1800.0, 1525.0), (7638.3524, 1789.2895333333333, 1520.9467333333334), (8192, 1800.0, 1525.0), (8192, 1800.0, 1525.0), (8192, 1800.0, 1525.0), (7646.741, 1799.3138666666666, 1523.5308), (8162.378333333333, 1795.8706, 1520.8584)]","[(0, 0, 0), (0, 0, 0), (7, 0.2886166666666667, 0.027655555555555558), (3, 0.0, 0.0001388888888888889), (3, 1.666666666666667e-05, 0.31198333333333333), (1, 0.0, 0.0006277777777777777), (6, 0.008, 0.0004444444444444444), (5, 0.6273666666666667, 0.06941666666666668), (3, 6.666666666666667e-05, 0.19762222222222223), (0, 0, 0), (2, 0.0, 0.008927777777777778), (0, 0, 0), (0, 0, 0), (0, 0, 0), (1, 0.07585, 0.04698333333333333), (3, 0.0, 1.6666666666666667e-05)]","[(32212, 67.1, 10.11), (32212, 67.1, 10.11), (32205, 66.81138333333332, 10.082344444444443), (32209, 67.1, 10.10986111111111), (32209, 67.09998333333333, 9.798016666666665), (32211, 67.1, 10.109372222222222), (32206, 67.092, 10.109555555555556), (32207, 66.47263333333333, 10.040583333333332), (32209, 51.89993333333334, 5.992377777777778), (32212, 51.900000000000006, 6.1899999999999995), (32210, 51.900000000000006, 6.181072222222221), (32212, 51.900000000000006, 6.1899999999999995), (32212, 51.900000000000006, 6.1899999999999995), (32212, 51.900000000000006, 6.1899999999999995), (32211, 51.82415, 6.143016666666666), (32209, 51.900000000000006, 6.189983333333333)]"
29,"[0.0, 0.0, 99.97517994539588, 100.0, 100.0, 0.0, 100.0, 100.0, 0.0, 0.0, 100.0, 100.0, 100.0, 0.0, 100.0, 100.0]","[0, 0, 4, 1, 1, 0, 2, 2, 0, 0, 1, 1, 1, 0, 1, 2]","[2.45, 2.45, 4.748485976669149, 4.75, 4.75, 2.45, 4.75, 4.75, 2.65, 2.65, 5.05, 5.05, 5.05, 2.65, 5.05, 5.05]","[0, 0, 3874.400461091998, 1875.0732823255908, 3235.722332789209, 0, 2303.8347634668603, 570.95037375584, 0, 0, 3255.4183193198332, 922.7020845904912, 2180.662757134983, 0, 1922.54356446984, 2962.146272842423]","[4029, 4029, 154.59953890800216, 2153.9267176744092, 793.2776672107912, 4029, 1725.1652365331397, 3458.04962624416, 4029, 4029, 773.5816806801668, 3106.2979154095087, 1848.3372428650168, 4029, 2106.45643553016, 1066.853727157577]","[4029, 4029, 4029, 4029, 4029, 4029, 4029, 4029, 4029, 4029, 4029, 4029, 4029, 4029, 4029, 4029]","[0, 0, 4028, 4029, 4029, 0, 4029, 4029, 0, 0, 4029, 4029, 4029, 0, 4029, 4029]","[(0, 0, 0), (0, 0, 0), (915.0558666666666, 0.6423999999999999, 0.006933333333333333), (214.6078, 3.082733333333333, 0.04673333333333334), (1730.8488, 0.18693333333333337, 0.49646666666666667), (0, 0, 0), (110.88626666666667, 11.306333333333336, 11.332333333333334), (703.2438666666667, 0.007266666666666667, 0.05746666666666667), (0, 0, 0), (0, 0, 0), (503.316, 17.2942, 4.714533333333334), (97.867, 0.5311333333333333, 0.4374666666666666), (473.9556, 4.806, 0.02386666666666667), (0, 0, 0), (738.1968, 0.7232666666666667, 1.2136), (155.36346666666665, 13.04706666666667, 12.89953333333333)]","[(4295, 1860.0, 1000.0), (4295, 1860.0, 1000.0), (3379.9441333333334, 1859.3576, 999.9930666666667), (4080.3922000000002, 1856.9172666666666, 999.9532666666667), (2564.1512000000002, 1859.8130666666666, 999.5035333333333), (4295, 1860.0, 1000.0), (4184.113733333334, 1848.6936666666666, 988.6676666666667), (3591.7561333333333, 1859.9927333333333, 999.9425333333334), (8192, 1800.0, 1525.0), (8192, 1800.0, 1525.0), (7688.684, 1782.7058, 1520.2854666666667), (8094.133, 1799.4688666666666, 1524.5625333333332), (7718.0444, 1795.194, 1524.9761333333333), (8192, 1800.0, 1525.0), (7453.8032, 1799.2767333333334, 1523.7864), (8036.636533333333, 1786.9529333333332, 1512.1004666666668)]","[(0, 0, 0), (0, 0, 0), (7, 0.40480000000000005, 0.026244444444444442), (3, 0.0, 0.00015555555555555556), (3, 1.666666666666667e-05, 0.20562222222222223), (0, 0, 0), (6, 0.0, 1.6666666666666667e-05), (5, 0.61975, 0.04325555555555555), (0, 0, 0), (0, 0, 0), (2, 2.327875, 0.009094444444444445), (1, 0.0, 0.0014666666666666662), (1, 0.0, 0.005094444444444444), (0, 0, 0), (1, 0.0017166666666666665, 0.0023777777777777777), (5, 0.0, 0.009905555555555555)]","[(32212, 67.1, 10.11), (32212, 67.1, 10.11), (32205, 66.6952, 10.083755555555555), (32209, 67.1, 10.109844444444445), (32209, 67.09998333333333, 9.904377777777777), (32212, 67.1, 10.11), (32206, 67.1, 10.109983333333332), (32207, 66.48025, 10.066744444444444), (32212, 51.900000000000006, 6.1899999999999995), (32212, 51.900000000000006, 6.1899999999999995), (32210, 49.57212500000001, 6.180905555555555), (32211, 51.900000000000006, 6.188533333333333), (32211, 51.900000000000006, 6.184905555555555), (32212, 51.900000000000006, 6.1899999999999995), (32211, 51.89828333333334, 6.187622222222222), (32207, 51.900000000000006, 6.180094444444444)]"
30,"[100.0, 0.0, 100.0, 100.0, 100.0, 0.0, 100.0, 100.0, 0.0, 0.0, 100.0, 100.0, 100.0, 0.0, 100.0, 100.0]","[1, 0, 3, 1, 1, 0, 2, 1, 0, 0, 1, 1, 1, 0, 2, 2]","[4.75, 2.45, 4.75, 4.75, 4.75, 2.45, 4.75, 4.75, 2.65, 2.65, 5.05, 5.05, 5.05, 2.65, 5.05, 5.05]","[1115.1894634134223, 0, 1998.0876890339446, 1510.1460454172877, 2452.592537423716, 0, 1105.1729687313032, 617.6948488001779, 0, 0, 0, 925.6689723222934, 1462.6758357381586, 0, 3219.3020745977433, 2758.111059617088]","[2913.8105365865777, 4029, 2030.9123109660554, 2518.8539545827125, 1576.4074625762842, 4029, 2923.827031268697, 3411.305151199822, 4029, 4029, 4029, 3103.3310276777065, 2566.3241642618414, 4029, 809.6979254022567, 1270.888940382912]","[4029, 4029, 4029, 4029, 4029, 4029, 4029, 4029, 4029, 4029, 4029, 4029, 4029, 4029, 4029, 4029]","[4029, 0, 4029, 4029, 4029, 0, 4029, 4029, 0, 0, 4029, 4029, 4029, 0, 4029, 4029]","[(499.1218, 0.0016666666666666668, 0.0011333333333333332), (0, 0, 0), (643.1258, 0.006666666666666666, 0.0018000000000000002), (434.80906666666664, 2.7484, 0.018466666666666666), (1356.158, 0.1402, 0.49906666666666666), (0, 0, 0), (147.10586666666666, 11.591533333333333, 11.616999999999999), (371.8944, 0.0048, 0.06446666666666667), (0, 0, 0), (0, 0, 0), (570.4248, 42.85653333333333, 4.105333333333333), (114.6442, 0.5428, 0.4749333333333333), (384.4776, 1.923, 0.024933333333333335), (0, 0, 0), (898.2789333333333, 1.424, 1.3305333333333331), (171.13580000000002, 11.244666666666665, 11.078333333333333)]","[(3795.8782, 1859.9983333333332, 999.9988666666667), (4295, 1860.0, 1000.0), (3651.8742, 1859.9933333333333, 999.9982), (3860.1909333333333, 1857.2516, 999.9815333333333), (2938.842, 1859.8598, 999.5009333333334), (4295, 1860.0, 1000.0), (4147.894133333333, 1848.4084666666668, 988.383), (3923.1056, 1859.9952, 999.9355333333333), (8192, 1800.0, 1525.0), (8192, 1800.0, 1525.0), (7621.5752, 1757.1434666666667, 1520.8946666666666), (8077.3558, 1799.4572, 1524.5250666666666), (7807.5224, 1798.077, 1524.9750666666666), (8192, 1800.0, 1525.0), (7293.721066666667, 1798.576, 1523.6694666666667), (8020.8642, 1788.7553333333333, 1513.9216666666666)]","[(2, 0.0, 0.0010999999999999998), (0, 0, 0), (6, 0.28018333333333334, 0.025011111111111112), (3, 0.0, 0.00023888888888888888), (3, 8.333333333333333e-05, 0.11315), (0, 0, 0), (6, 0.0, 2.2222222222222223e-05), (2, 0.6185666666666666, 0.005033333333333333), (0, 0, 0), (0, 0, 0), (2, 0.0, 0.005988888888888888), (1, 0.0, 0.001527777777777778), (1, 0.0, 0.005011111111111111), (0, 0, 0), (2, 0.00225, 0.06537777777777778), (5, 0.0, 0.011505555555555555)]","[(32210, 67.1, 10.1089), (32212, 67.1, 10.11), (32206, 66.81981666666667, 10.084988888888889), (32209, 67.1, 10.10976111111111), (32209, 67.09991666666666, 9.99685), (32212, 67.1, 10.11), (32206, 67.1, 10.109977777777777), (32210, 66.48143333333333, 10.104966666666666), (32212, 51.900000000000006, 6.1899999999999995), (32212, 51.900000000000006, 6.1899999999999995), (32210, 51.900000000000006, 6.1840111111111105), (32211, 51.900000000000006, 6.188472222222222), (32211, 51.900000000000006, 6.184988888888888), (32212, 51.900000000000006, 6.1899999999999995), (32210, 51.89775000000001, 6.1246222222222215), (32207, 51.900000000000006, 6.178494444444444)]"
31,"[100.0, 0.0, 100.0, 100.0, 100.0, 0.0, 100.0, 100.0, 0.0, 0.0, 100.0, 100.0, 100.0, 0.0, 100.0, 100.0]","[1, 0, 2, 1, 1, 0, 2, 1, 0, 0, 1, 1, 2, 0, 2, 2]","[4.75, 2.45, 4.75, 4.75, 4.75, 2.45, 4.75, 4.75, 2.65, 2.65, 5.05, 5.05, 5.05, 2.65, 5.05, 5.05]","[1175.2894943758222, 0, 2081.1879512784385, 1501.2453811024511, 2677.21116090064, 0, 1776.2899805810616, 0, 0, 0, 628.9803113908888, 928.6358600540952, 3048.2835747467425, 0, 4186.279415452102, 2723.624399487001]","[2853.710505624178, 4029, 1947.8120487215615, 2527.754618897549, 1351.7888390993598, 4029, 2252.7100194189384, 4029, 4029, 4029, 3400.019688609111, 3100.3641399459048, 980.7164252532575, 4029, -157.2794154521016, 1305.375600512999]","[4029, 4029, 4029, 4029, 4029, 4029, 4029, 4029, 4029, 4029, 4029, 4029, 4029, 4029, 4029, 4029]","[4029, 0, 4029, 4029, 4029, 0, 4029, 4029, 0, 0, 4029, 4029, 4029, 0, 4029, 4029]","[(553.6476, 0.0017333333333333335, 0.0015333333333333334), (0, 0, 0), (583.0074, 0.002533333333333333, 0.0018), (348.1266, 1.8001333333333334, 0.6946), (1227.5328, 0.18566666666666662, 0.4779333333333333), (0, 0, 0), (107.65346666666666, 0.0009333333333333332, 0.0010666666666666667), (318.06759999999997, 0.003933333333333333, 0.06373333333333334), (0, 0, 0), (0, 0, 0), (320.1647333333333, 0.0011333333333333332, 0.0015333333333333334), (109.0518, 0.5416666666666666, 0.5044666666666666), (478.1502, 3.8394666666666666, 0.04653333333333333), (0, 0, 0), (1430.2566666666667, 1.4252666666666665, 1.4043333333333337), (215.78760000000003, 11.9132, 11.751533333333334)]","[(3741.3523999999998, 1859.9982666666667, 999.9984666666667), (4295, 1860.0, 1000.0), (3711.9926, 1859.9974666666667, 999.9982), (3946.8734, 1858.1998666666666, 999.3054), (3067.4672, 1859.8143333333333, 999.5220666666667), (4295, 1860.0, 1000.0), (4187.346533333333, 1859.9990666666667, 999.9989333333333), (3976.9324, 1859.9960666666666, 999.9362666666667), (8192, 1800.0, 1525.0), (8192, 1800.0, 1525.0), (7871.835266666667, 1799.9988666666666, 1524.9984666666667), (8082.9482, 1799.4583333333333, 1524.4955333333332), (7713.8498, 1796.1605333333334, 1524.9534666666666), (8192, 1800.0, 1525.0), (6761.743333333334, 1798.5747333333334, 1523.5956666666666), (7976.2124, 1788.0868, 1513.2484666666667)]","[(2, 0.0, 0.0005222222222222223), (0, 0, 0), (4, 0.3480833333333333, 0.02361111111111111), (3, 0.0, 0.00039999999999999996), (3, 3.3333333333333335e-05, 0.15232222222222222), (0, 0, 0), (4, 0.048083333333333346, 0.01750555555555556), (2, 0.6186833333333334, 0.003605555555555555), (0, 0, 0), (0, 0, 0), (2, 0.0037166666666666667, 0.0028777777777777777), (1, 0.0, 0.0017222222222222224), (3, 0.00031666666666666665, 0.006083333333333333), (0, 0, 0), (2, 1.0436000000000003, 0.5156555555555556), (5, 1.666666666666667e-05, 0.01062777777777778)]","[(32210, 67.1, 10.109477777777776), (32212, 67.1, 10.11), (32208, 66.75191666666666, 10.086388888888889), (32209, 67.1, 10.109599999999999), (32209, 67.09996666666666, 9.957677777777777), (32212, 67.1, 10.11), (32208, 67.05191666666666, 10.092494444444444), (32210, 66.48131666666666, 10.106394444444444), (32212, 51.900000000000006, 6.1899999999999995), (32212, 51.900000000000006, 6.1899999999999995), (32210, 51.896283333333336, 6.1871222222222215), (32211, 51.900000000000006, 6.1882777777777775), (32209, 51.899683333333336, 6.183916666666666), (32212, 51.900000000000006, 6.1899999999999995), (32210, 50.85640000000001, 5.6743444444444435), (32207, 51.89998333333334, 6.179372222222222)]"
32,"[100.0, 0.0, 100.0, 100.0, 100.0, 0.0, 100.0, 0.0, 0.0, 0.0, 100.0, 100.0, 100.0, 0.0, 100.0, 100.0]","[1, 0, 2, 1, 1, 0, 3, 0, 0, 0, 1, 1, 2, 0, 2, 2]","[4.75, 2.45, 4.75, 4.75, 4.75, 2.45, 4.75, 2.45, 2.65, 2.65, 5.05, 5.05, 5.05, 2.65, 5.05, 5.05]","[1121.8672446314667, 0, 2113.0706000157434, 976.1061865270877, 6028.278192232053, 0, 2408.609182555868, 0, 0, 0, 634.9140879134446, 931.6027477858978, 1890.4532091087933, 0, 3152.4329646323076, 2841.5833293215046]","[2907.1327553685333, 4029, 1915.9293999842566, 3052.8938134729124, -1999.2781922320528, 4029, 1620.3908174441322, 4029, 4029, 4029, 3394.0859120865553, 3097.397252214102, 2138.546790891207, 4029, 876.5670353676924, 1187.4166706784954]","[4029, 4029, 4029, 4029, 4029, 4029, 4029, 4029, 4029, 4029, 4029, 4029, 4029, 4029, 4029, 4029]","[4029, 0, 4029, 4029, 4029, 0, 4029, 0, 0, 0, 4029, 4029, 4029, 0, 4029, 4029]","[(461.3726, 0.008400000000000001, 0.008866666666666667), (0, 0, 0), (560.6378, 0.0024, 0.0018), (230.686, 0.866, 0.3906666666666667), (1551.892, 0.19686666666666666, 1.39), (0, 0, 0), (431.31353333333334, 0.0021333333333333334, 0.0025333333333333336), (0, 0, 0), (0, 0, 0), (0, 0, 0), (300.59133333333324, 0.0011333333333333332, 0.0015333333333333334), (109.0518, 0.5368666666666667, 0.4758666666666667), (492.8300666666667, 3.0486666666666666, 0.05546666666666668), (0, 0, 0), (881.8510666666666, 1.452, 1.3444666666666667), (162.17913333333334, 11.962600000000002, 11.801933333333334)]","[(3833.6274, 1859.9916, 999.9911333333333), (4295, 1860.0, 1000.0), (3734.3622, 1859.9976, 999.9982), (4064.314, 1859.134, 999.6093333333333), (2743.108, 1859.8031333333333, 998.61), (4295, 1860.0, 1000.0), (3863.6864666666665, 1859.9978666666666, 999.9974666666667), (4295, 1860.0, 1000.0), (8192, 1800.0, 1525.0), (8192, 1800.0, 1525.0), (7891.408666666667, 1799.9988666666666, 1524.9984666666667), (8082.9482, 1799.4631333333334, 1524.5241333333333), (7699.169933333334, 1796.9513333333334, 1524.9445333333333), (8192, 1800.0, 1525.0), (7310.148933333334, 1798.548, 1523.6555333333333), (8029.820866666667, 1788.0374, 1513.1980666666666)]","[(2, 0.0, 0.0004944444444444445), (0, 0, 0), (4, 0.28835, 0.023738888888888893), (3, 1.666666666666667e-05, 0.0003444444444444445), (3, 0.0001, 0.1530611111111111), (0, 0, 0), (6, 0.0037166666666666667, 0.0035), (0, 0, 0), (0, 0, 0), (0, 0, 0), (2, 0.0004, 0.0023666666666666667), (1, 0.0, 0.0017166666666666667), (3, 0.0, 0.006027777777777778), (0, 0, 0), (2, 0.0012666666666666666, 0.002255555555555556), (5, 0.0, 0.01057777777777778)]","[(32210, 67.1, 10.109505555555556), (32212, 67.1, 10.11), (32208, 66.81165, 10.08626111111111), (32209, 67.09998333333333, 10.109655555555555), (32209, 67.09989999999999, 9.956938888888889), (32212, 67.1, 10.11), (32206, 67.09628333333333, 10.106499999999999), (32212, 67.1, 10.11), (32212, 51.900000000000006, 6.1899999999999995), (32212, 51.900000000000006, 6.1899999999999995), (32210, 51.89960000000001, 6.187633333333332), (32211, 51.900000000000006, 6.188283333333333), (32209, 51.900000000000006, 6.183972222222222), (32212, 51.900000000000006, 6.1899999999999995), (32210, 51.89873333333334, 6.187744444444444), (32207, 51.900000000000006, 6.179422222222222)]"
33,"[100.0, 0.0, 100.0, 100.0, 100.0, 0.0, 99.97517994539588, 0.0, 0.0, 0.0, 100.0, 100.0, 100.0, 0.0, 100.0, 100.0]","[1, 0, 2, 1, 1, 0, 3, 0, 0, 0, 1, 1, 2, 0, 2, 2]","[4.75, 2.45, 4.75, 4.75, 4.75, 2.45, 4.748485976669149, 2.45, 2.65, 2.65, 5.05, 5.05, 5.05, 2.65, 5.05, 5.05]","[1035.0560887968888, 0, 2187.6056975922065, 0, 6374.312287858666, 0, 2377.8151592936147, 0, 0, 0, 0, 925.6689723222934, 2041.7645024610163, 0, 3267.9133994081167, 2788.170203519321]","[2993.9439112031114, 4029, 1841.3943024077935, 4029, -2345.3122878586664, 4029, 1651.1848407063853, 4029, 4029, 4029, 4029, 3103.3310276777065, 1987.2354975389837, 4029, 761.0866005918833, 1240.8297964806789]","[4029, 4029, 4029, 4029, 4029, 4029, 4029, 4029, 4029, 4029, 4029, 4029, 4029, 4029, 4029, 4029]","[4029, 0, 4029, 4029, 4029, 0, 4028, 0, 0, 0, 4029, 4029, 4029, 0, 4029, 4029]","[(448.7898, 0.009933333333333334, 0.0104), (0, 0, 0), (510.3063333333333, 0.0021333333333333334, 0.0016), (331.3495333333333, 4.365933333333333, 0.022533333333333336), (1736.4414, 0.2492666666666667, 1.2721333333333333), (0, 0, 0), (432.7113333333332, 0.0022, 0.0025333333333333336), (0, 0, 0), (0, 0, 0), (0, 0, 0), (288.00833333333327, 0.0011333333333333332, 0.0014), (95.0708, 0.5381333333333334, 0.44586666666666674), (487.9366, 3.2108000000000003, 0.18686666666666665), (0, 0, 0), (760.2164000000001, 1.4185333333333334, 1.1426666666666667), (184.7236, 11.970600000000001, 11.80026666666667)]","[(3846.2102, 1859.9900666666667, 999.9896), (4295, 1860.0, 1000.0), (3784.6936666666666, 1859.9978666666666, 999.9984), (3963.650466666667, 1855.6340666666667, 999.9774666666667), (2558.5586000000003, 1859.7507333333333, 998.7278666666666), (4295, 1860.0, 1000.0), (3862.288666666667, 1859.9978, 999.9974666666667), (4295, 1860.0, 1000.0), (8192, 1800.0, 1525.0), (8192, 1800.0, 1525.0), (7903.991666666667, 1799.9988666666666, 1524.9986), (8096.9292, 1799.4618666666668, 1524.5541333333333), (7704.0634, 1796.7892, 1524.8131333333333), (8192, 1800.0, 1525.0), (7431.7836, 1798.5814666666668, 1523.8573333333334), (8007.2764, 1788.0294, 1513.1997333333334)]","[(2, 0.0, 0.0004944444444444445), (0, 0, 0), (4, 0.3108, 0.024133333333333333), (3, 0.0, 0.00019444444444444446), (3, 0.00015, 0.2104), (0, 0, 0), (6, 0.0004, 0.003022222222222222), (0, 0, 0), (0, 0, 0), (0, 0, 0), (2, 0.00026666666666666673, 0.002455555555555556), (1, 0.0, 0.0017277777777777773), (3, 1.666666666666667e-05, 0.006322222222222222), (0, 0, 0), (2, 0.011416666666666664, 0.0473), (5, 0.0, 0.011722222222222222)]","[(32210, 67.1, 10.109505555555556), (32212, 67.1, 10.11), (32208, 66.7892, 10.085866666666666), (32209, 67.1, 10.109805555555555), (32209, 67.09984999999999, 9.8996), (32212, 67.1, 10.11), (32206, 67.0996, 10.106977777777777), (32212, 67.1, 10.11), (32212, 51.900000000000006, 6.1899999999999995), (32212, 51.900000000000006, 6.1899999999999995), (32210, 51.89973333333334, 6.187544444444444), (32211, 51.900000000000006, 6.1882722222222215), (32209, 51.89998333333334, 6.183677777777778), (32212, 51.900000000000006, 6.1899999999999995), (32210, 51.88858333333334, 6.1427), (32207, 51.900000000000006, 6.178277777777777)]"
34,"[100.0, 100.0, 100.0, 0.0, 100.0, 0.0, 100.0, 0.0, 0.0, 0.0, 0.0, 100.0, 100.0, 0.0, 100.0, 100.0]","[1, 1, 2, 0, 1, 0, 3, 0, 0, 0, 0, 2, 2, 0, 2, 2]","[4.75, 4.75, 4.75, 2.45, 4.75, 2.45, 4.75, 2.45, 2.65, 2.65, 2.65, 5.05, 5.05, 2.65, 5.05, 5.05]","[1051.750541842, 2047.1528695743666, 1435.9741951596309, 0, 3703.171900565511, 0, 2304.0149534034535, 0, 0, 0, 0, 1679.1424021532912, 1994.2942927818874, 0, 3221.127845427296, 2854.1857617551636]","[2977.249458158, 1981.8471304256334, 2593.0258048403693, 4029, 325.8280994344891, 4029, 1724.9850465965465, 4029, 4029, 4029, 4029, 2349.857597846709, 2034.7057072181126, 4029, 807.872154572704, 1174.8142382448364]","[4029, 4029, 4029, 4029, 4029, 4029, 4029, 4029, 4029, 4029, 4029, 4029, 4029, 4029, 4029, 4029]","[4029, 4029, 4029, 0, 4029, 0, 4029, 0, 0, 0, 0, 4029, 4029, 0, 4029, 4029]","[(450.1882666666667, 0.0092, 0.009466666666666667), (545.259, 0.6861333333333334, 1.4692), (666.8934666666667, 0.004200000000000001, 0.0016666666666666668), (0, 0, 0), (1493.1718, 0.1692, 0.7876000000000001), (0, 0, 0), (413.8370666666666, 0.0020666666666666663, 0.0024666666666666665), (0, 0, 0), (0, 0, 0), (0, 0, 0), (0, 0, 0), (234.88046666666668, 0.5401333333333334, 0.44393333333333324), (534.7731333333335, 2.334933333333333, 0.8102666666666667), (0, 0, 0), (617.2606000000001, 1.3269333333333333, 1.4202666666666666), (155.0574, 12.214133333333335, 12.061133333333334)]","[(3844.8117333333334, 1859.9908, 999.9905333333334), (3749.741, 1859.3138666666666, 998.5308), (3628.1065333333336, 1859.9958, 999.9983333333333), (4295, 1860.0, 1000.0), (2801.8282, 1859.8308, 999.2124), (4295, 1860.0, 1000.0), (3881.1629333333335, 1859.9979333333333, 999.9975333333333), (4295, 1860.0, 1000.0), (8192, 1800.0, 1525.0), (8192, 1800.0, 1525.0), (8192, 1800.0, 1525.0), (7957.1195333333335, 1799.4598666666666, 1524.5560666666668), (7657.226866666667, 1797.6650666666667, 1524.1897333333334), (8192, 1800.0, 1525.0), (7574.7394, 1798.6730666666667, 1523.5797333333333), (8036.9426, 1787.7858666666666, 1512.9388666666666)]","[(2, 0.0, 0.0005166666666666667), (1, 0.07585, 0.04698333333333333), (4, 0.366, 0.02538888888888889), (0, 0, 0), (3, 0.0001, 0.13415555555555556), (0, 0, 0), (6, 0.00026666666666666673, 0.0030777777777777782), (0, 0, 0), (0, 0, 0), (0, 0, 0), (0, 0, 0), (2, 0.0, 0.03111111111111111), (3, 0.0, 0.005516666666666666), (0, 0, 0), (2, 0.0675, 0.04828333333333334), (5, 0.06273333333333334, 0.031127777777777775)]","[(32210, 67.1, 10.109483333333333), (32211, 67.02414999999999, 10.063016666666666), (32208, 66.734, 10.08461111111111), (32212, 67.1, 10.11), (32209, 67.09989999999999, 9.975844444444444), (32212, 67.1, 10.11), (32206, 67.09973333333333, 10.106922222222222), (32212, 67.1, 10.11), (32212, 51.900000000000006, 6.1899999999999995), (32212, 51.900000000000006, 6.1899999999999995), (32212, 51.900000000000006, 6.1899999999999995), (32210, 51.900000000000006, 6.158888888888888), (32209, 51.900000000000006, 6.184483333333333), (32212, 51.900000000000006, 6.1899999999999995), (32210, 51.8325, 6.1417166666666665), (32207, 51.83726666666667, 6.158872222222222)]"
35,"[100.0, 100.0, 100.0, 0.0, 100.0, 100.0, 100.0, 0.0, 0.0, 0.0, 0.0, 100.0, 100.0, 0.0, 99.97517994539588, 100.0]","[1, 1, 1, 0, 1, 1, 3, 0, 0, 0, 0, 2, 2, 0, 2, 2]","[4.75, 4.75, 4.75, 2.45, 4.75, 4.75, 4.75, 2.45, 2.65, 2.65, 2.65, 5.05, 5.05, 2.65, 5.048237776123107, 5.05]","[1055.0894324510223, 1922.54356446984, 1421.1397509947585, 0, 3949.038231668631, 3815.4812123039737, 2350.0062894146085, 0, 0, 0, 0, 554.2559608139378, 1460.2544338916878, 0, 2698.0425832947312, 3457.199071950736]","[2973.9105675489777, 2106.45643553016, 2607.8602490052417, 4029, 79.96176833136906, 213.51878769602627, 1678.9937105853915, 4029, 4029, 4029, 4029, 3474.7440391860623, 2568.7455661083122, 4029, 1330.9574167052688, 571.8009280492638]","[4029, 4029, 4029, 4029, 4029, 4029, 4029, 4029, 4029, 4029, 4029, 4029, 4029, 4029, 4029, 4029]","[4029, 4029, 4029, 0, 4029, 4029, 4029, 0, 0, 0, 0, 4029, 4029, 0, 4028, 4029]","[(461.373, 0.0016666666666666668, 0.0013333333333333333), (738.1968, 0.7232666666666667, 1.2136), (528.4818, 0.0, 0.0), (0, 0, 0), (1484.7831999999999, 0.21580000000000002, 0.8416666666666666), (1426.063, 0.14286666666666667, 0.5943999999999999), (435.5074666666666, 0.002, 0.0026), (0, 0, 0), (0, 0, 0), (0, 0, 0), (0, 0, 0), (325.0578666666667, 0.5306666666666666, 0.43693333333333345), (392.16706666666664, 0.9145333333333333, 0.8626666666666667), (0, 0, 0), (793.7708666666666, 1.3919333333333332, 1.2872666666666666), (254.4536666666667, 12.66493333333333, 12.513733333333331)]","[(3833.627, 1859.9983333333332, 999.9986666666666), (3556.8032, 1859.2767333333334, 998.7864), (3766.5182, 1860.0, 1000.0), (4295, 1860.0, 1000.0), (2810.2168, 1859.7842, 999.1583333333333), (2868.937, 1859.8571333333334, 999.4056), (3859.4925333333335, 1859.998, 999.9974), (4295, 1860.0, 1000.0), (8192, 1800.0, 1525.0), (8192, 1800.0, 1525.0), (8192, 1800.0, 1525.0), (7866.942133333333, 1799.4693333333332, 1524.5630666666666), (7799.832933333333, 1799.0854666666667, 1524.1373333333333), (8192, 1800.0, 1525.0), (7398.229133333333, 1798.6080666666667, 1523.7127333333333), (7937.546333333334, 1787.3350666666668, 1512.4862666666668)]","[(2, 0.0, 0.01923888888888889), (1, 0.0017166666666666665, 0.0023777777777777777), (3, 0.012783333333333334, 0.009422222222222222), (0, 0, 0), (3, 0.0001, 0.17663333333333334), (3, 0.005116666666666666, 0.1869), (6, 0.0, 0.003027777777777778), (0, 0, 0), (0, 0, 0), (0, 0, 0), (0, 0, 0), (2, 0.0007666666666666667, 0.003816666666666667), (3, 0.0, 0.005127777777777778), (0, 0, 0), (2, 0.0019333333333333331, 0.00255), (5, 0.09268333333333334, 0.011477777777777778)]","[(32210, 67.1, 10.09076111111111), (32211, 67.09828333333333, 10.107622222222222), (32209, 67.08721666666666, 10.100577777777778), (32212, 67.1, 10.11), (32209, 67.09989999999999, 9.933366666666666), (32209, 67.09488333333333, 9.9231), (32206, 67.1, 10.106972222222222), (32212, 67.1, 10.11), (32212, 51.900000000000006, 6.1899999999999995), (32212, 51.900000000000006, 6.1899999999999995), (32212, 51.900000000000006, 6.1899999999999995), (32210, 51.89923333333334, 6.186183333333333), (32209, 51.900000000000006, 6.184872222222221), (32212, 51.900000000000006, 6.1899999999999995), (32210, 51.89806666666667, 6.187449999999999), (32207, 51.80731666666667, 6.178522222222222)]"
36,"[100.0, 100.0, 100.0, 0.0, 100.0, 100.0, 99.97517994539588, 0.0, 100.0, 0.0, 0.0, 100.0, 100.0, 0.0, 100.0, 100.0]","[1, 1, 1, 0, 1, 1, 3, 0, 1, 0, 0, 1, 2, 0, 2, 2]","[4.75, 4.75, 4.75, 2.45, 4.75, 4.75, 4.748485976669149, 2.45, 5.05, 2.65, 2.65, 5.05, 5.05, 2.65, 5.05, 5.05]","[1038.394979405911, 2011.5502109730733, 0, 0, 3566.579494397111, 2446.521763816231, 2263.5853955142134, 0, 628.9803113908888, 0, 0, 597.6615481065954, 1243.6716022306623, 0, 3008.1965351261483, 2732.153064030722]","[2990.605020594089, 2017.4497890269267, 4029, 4029, 462.4205056028891, 1582.4782361837688, 1765.4146044857866, 4029, 3400.019688609111, 4029, 4029, 3431.3384518934045, 2785.3283977693377, 4029, 1020.8034648738517, 1296.846935969278]","[4029, 4029, 4029, 4029, 4029, 4029, 4029, 4029, 4029, 4029, 4029, 4029, 4029, 4029, 4029, 4029]","[4029, 4029, 4029, 0, 4029, 4029, 4028, 0, 4029, 0, 0, 4029, 4029, 0, 4029, 4029]","[(450.1881333333334, 0.0015333333333333334, 0.0012), (564.8324, 0.6947333333333332, 1.3258666666666665), (429.21633333333324, 0.0, 0.0), (0, 0, 0), (1644.1666, 0.15380000000000002, 0.6252666666666667), (1311.4188000000001, 0.1956, 0.7402000000000001), (423.6238666666667, 0.0020666666666666663, 0.002533333333333333), (0, 0, 0), (320.1647333333333, 0.0011333333333333332, 0.0015333333333333334), (0, 0, 0), (0, 0, 0), (121.6344, 0.0005333333333333334, 0.0002), (208.31633333333332, 0.9077333333333334, 0.010733333333333333), (0, 0, 0), (548.7538, 1.3666666666666667, 1.3105333333333333), (170.61153333333334, 11.779933333333334, 11.625666666666666)]","[(3844.8118666666664, 1859.9984666666667, 999.9988), (3730.1675999999998, 1859.3052666666667, 998.6741333333333), (3865.7836666666667, 1860.0, 1000.0), (4295, 1860.0, 1000.0), (2650.8334, 1859.8462, 999.3747333333333), (2983.5811999999996, 1859.8044, 999.2598), (3871.376133333333, 1859.9979333333333, 999.9974666666667), (4295, 1860.0, 1000.0), (7871.835266666667, 1799.9988666666666, 1524.9984666666667), (8192, 1800.0, 1525.0), (8192, 1800.0, 1525.0), (8070.3656, 1799.9994666666666, 1524.9998), (7983.683666666667, 1799.0922666666668, 1524.9892666666667), (8192, 1800.0, 1525.0), (7643.2462, 1798.6333333333334, 1523.6894666666667), (8021.388466666666, 1788.2200666666668, 1513.3743333333334)]","[(2, 0.0, 0.0005), (1, 0.00225, 0.06516111111111111), (3, 0.381, 0.012), (0, 0, 0), (3, 5e-05, 0.16941111111111112), (3, 0.0006, 0.11304444444444445), (6, 0.0006666666666666666, 0.00305), (0, 0, 0), (2, 0.0037166666666666667, 0.0028777777777777777), (0, 0, 0), (0, 0, 0), (1, 0.0, 0.0015388888888888887), (3, 0.0, 0.006127777777777777), (0, 0, 0), (2, 0.059366666666666665, 0.06823888888888889), (5, 0.0, 0.012472222222222223)]","[(32210, 67.1, 10.109499999999999), (32211, 67.09774999999999, 10.044838888888888), (32209, 66.719, 10.097999999999999), (32212, 67.1, 10.11), (32209, 67.09994999999999, 9.940588888888888), (32209, 67.09939999999999, 9.996955555555555), (32206, 67.09933333333333, 10.10695), (32212, 67.1, 10.11), (32210, 51.896283333333336, 6.1871222222222215), (32212, 51.900000000000006, 6.1899999999999995), (32212, 51.900000000000006, 6.1899999999999995), (32211, 51.900000000000006, 6.188461111111111), (32209, 51.900000000000006, 6.183872222222222), (32212, 51.900000000000006, 6.1899999999999995), (32210, 51.84063333333334, 6.121761111111111), (32207, 51.900000000000006, 6.177527777777777)]"
37,"[100.0, 100.0, 0.0, 0.0, 100.0, 100.0, 100.0, 0.0, 100.0, 0.0, 0.0, 100.0, 100.0, 100.0, 100.0, 99.97517994539588]","[1, 1, 0, 0, 1, 1, 3, 0, 1, 0, 0, 1, 2, 1, 2, 2]","[4.75, 4.75, 2.45, 2.45, 4.75, 4.75, 4.75, 2.45, 5.05, 2.65, 2.65, 5.05, 5.05, 5.05, 5.05, 5.048237776123107]","[0, 2940.186222823474, 0, 0, 4726.09725342664, 2303.8585840403466, 2275.0900776770973, 0, 634.9140879134446, 0, 0, 554.2559608139378, 0, 3815.4812123039737, 4046.8356611732256, 2712.128846110306]","[4029, 1088.813777176526, 4029, 4029, -697.0972534266402, 1725.1414159596534, 1753.9099223229027, 4029, 3394.0859120865553, 4029, 4029, 3474.7440391860623, 4029, 213.51878769602627, -17.835661173225617, 1316.8711538896941]","[4029, 4029, 4029, 4029, 4029, 4029, 4029, 4029, 4029, 4029, 4029, 4029, 4029, 4029, 4029, 4029]","[4029, 4029, 0, 0, 4029, 4029, 4029, 0, 4029, 0, 0, 4029, 4029, 4029, 4029, 4028]","[(471.1595333333333, 0.0023333333333333335, 0.0020666666666666667), (1015.0211999999999, 0.7137333333333332, 1.397666666666667), (0, 0, 0), (0, 0, 0), (1434.4516, 0.22206666666666663, 0.8742666666666667), (1255.4948, 0.13406666666666667, 0.4640666666666667), (394.9625333333332, 0.0022, 0.0024666666666666665), (0, 0, 0), (300.59133333333324, 0.0011333333333333332, 0.0015333333333333334), (0, 0, 0), (0, 0, 0), (125.82866666666669, 0.0007333333333333332, 0.0002666666666666667), (190.14093333333335, 0.821, 0.022399999999999996), (1426.063, 0.14286666666666667, 0.5943999999999999), (912.9587333333334, 1.6425333333333332, 1.3667333333333334), (146.62533333333334, 12.169266666666665, 12.005799999999999)]","[(3823.8404666666665, 1859.9976666666666, 999.9979333333333), (3279.9788, 1859.2862666666667, 998.6023333333334), (4295, 1860.0, 1000.0), (4295, 1860.0, 1000.0), (2860.5483999999997, 1859.7779333333333, 999.1257333333333), (3039.5052, 1859.8659333333333, 999.5359333333333), (3900.0374666666667, 1859.9978, 999.9975333333333), (4295, 1860.0, 1000.0), (7891.408666666667, 1799.9988666666666, 1524.9984666666667), (8192, 1800.0, 1525.0), (8192, 1800.0, 1525.0), (8066.171333333334, 1799.9992666666667, 1524.9997333333333), (8001.859066666667, 1799.179, 1524.9776), (6765.937, 1799.8571333333334, 1524.4056), (7279.041266666667, 1798.3574666666666, 1523.6332666666667), (8045.374666666667, 1787.8307333333332, 1512.9942)]","[(2, 0.0, 0.0004777777777777777), (1, 1.0436000000000003, 0.5150888888888889), (0, 0, 0), (0, 0, 0), (3, 0.0001, 0.21292777777777777), (3, 1.666666666666667e-05, 0.12178333333333334), (6, 6.666666666666667e-05, 0.002988888888888889), (0, 0, 0), (2, 0.0004, 0.0023666666666666667), (0, 0, 0), (0, 0, 0), (1, 0.0, 0.00165), (3, 0.0, 0.0066166666666666665), (3, 0.005116666666666666, 0.1869), (2, 1.0255833333333333, 0.5449777777777778), (5, 0.0, 0.010816666666666667)]","[(32210, 67.1, 10.109522222222221), (32211, 66.0564, 9.594911111111111), (32212, 67.1, 10.11), (32212, 67.1, 10.11), (32209, 67.09989999999999, 9.897072222222222), (32209, 67.09998333333333, 9.988216666666666), (32206, 67.09993333333333, 10.107011111111111), (32212, 67.1, 10.11), (32210, 51.89960000000001, 6.187633333333332), (32212, 51.900000000000006, 6.1899999999999995), (32212, 51.900000000000006, 6.1899999999999995), (32211, 51.900000000000006, 6.18835), (32209, 51.900000000000006, 6.183383333333333), (32209, 51.89488333333334, 6.0031), (32210, 50.874416666666676, 5.645022222222222), (32207, 51.900000000000006, 6.179183333333333)]"
38,"[0.0, 100.0, 0.0, 0.0, 100.0, 100.0, 100.0, 0.0, 100.0, 0.0, 100.0, 100.0, 100.0, 100.0, 100.0, 100.0]","[0, 1, 0, 0, 1, 1, 4, 0, 1, 0, 1, 1, 1, 1, 2, 2]","[2.45, 4.75, 2.45, 2.45, 4.75, 4.75, 4.75, 2.45, 5.05, 2.65, 5.05, 5.05, 5.05, 5.05, 5.05, 5.05]","[0, 2067.9210870917877, 0, 0, 3065.7406717796443, 2662.034226881929, 2928.3966251570623, 0, 0, 0, 0, 2240.395480738335, 652.7155422502, 2446.521763816231, 3360.343394027778, 2736.6170874931495]","[4029, 1961.0789129082123, 4029, 4029, 963.2593282203557, 1366.965773118071, 1100.6033748429377, 4029, 4029, 4029, 4029, 1788.6045192616648, 3376.2844577498, 1582.4782361837688, 668.6566059722222, 1292.3829125068505]","[4029, 4029, 4029, 4029, 4029, 4029, 4029, 4029, 4029, 4029, 4029, 4029, 4029, 4029, 4029, 4029]","[0, 4029, 0, 0, 4029, 4029, 4029, 0, 4029, 0, 4029, 4029, 4029, 4029, 4029, 4029]","[(0, 0, 0), (679.4766, 0.7587999999999999, 1.3356666666666668), (0, 0, 0), (0, 0, 0), (1392.5086000000001, 0.1512, 0.6417333333333333), (1470.8021999999999, 0.18553333333333333, 0.47233333333333327), (401.953, 0.0030666666666666668, 0.0026666666666666666), (0, 0, 0), (288.00833333333327, 0.0011333333333333332, 0.0014), (0, 0, 0), (98.56533333333331, 0.0005333333333333334, 0.0002), (973.0777333333333, 0.10640000000000001, 0.744), (433.41086666666666, 0.0023333333333333335, 0.0030666666666666668), (1311.4188000000001, 0.1956, 0.7402000000000001), (829.4225333333333, 1.9149333333333334, 1.4493333333333336), (113.68246666666667, 12.20006666666667, 12.063200000000002)]","[(4295, 1860.0, 1000.0), (3615.5234, 1859.2412, 998.6643333333334), (4295, 1860.0, 1000.0), (4295, 1860.0, 1000.0), (2902.4914, 1859.8488, 999.3582666666666), (2824.1978, 1859.8144666666667, 999.5276666666666), (3893.047, 1859.9969333333333, 999.9973333333334), (4295, 1860.0, 1000.0), (7903.991666666667, 1799.9988666666666, 1524.9986), (8192, 1800.0, 1525.0), (8093.434666666667, 1799.9994666666666, 1524.9998), (7218.9222666666665, 1799.8936, 1524.256), (7758.589133333333, 1799.9976666666666, 1524.9969333333333), (6880.5812, 1799.8044, 1524.2598), (7362.577466666667, 1798.0850666666668, 1523.5506666666668), (8078.317533333333, 1787.7999333333332, 1512.9368)]","[(0, 0, 0), (1, 0.0012666666666666666, 0.0020055555555555556), (0, 0, 0), (0, 0, 0), (3, 6.666666666666667e-05, 0.11822222222222224), (3, 1.666666666666667e-05, 0.1395388888888889), (7, 0.0010333333333333334, 0.0037), (0, 0, 0), (2, 0.00026666666666666673, 0.002455555555555556), (0, 0, 0), (1, 0.0, 0.0015500000000000002), (3, 0.0, 0.025061111111111114), (1, 0.011300000000000001, 0.0010833333333333333), (3, 0.0006, 0.11304444444444445), (2, 0.0, 0.0005777777777777778), (5, 0.0, 0.007883333333333334)]","[(32212, 67.1, 10.11), (32211, 67.09873333333333, 10.107994444444444), (32212, 67.1, 10.11), (32212, 67.1, 10.11), (32209, 67.09993333333333, 9.991777777777777), (32209, 67.09998333333333, 9.97046111111111), (32205, 67.09896666666666, 10.1063), (32212, 67.1, 10.11), (32210, 51.89973333333334, 6.187544444444444), (32212, 51.900000000000006, 6.1899999999999995), (32211, 51.900000000000006, 6.18845), (32209, 51.900000000000006, 6.164938888888888), (32211, 51.88870000000001, 6.188916666666666), (32209, 51.89940000000001, 6.076955555555555), (32210, 51.900000000000006, 6.1894222222222215), (32207, 51.900000000000006, 6.1821166666666665)]"
39,"[0.0, 100.0, 0.0, 0.0, 100.0, 100.0, 100.0, 0.0, 0.0, 0.0, 100.0, 100.0, 100.0, 100.0, 100.0, 99.97517994539588]","[0, 1, 0, 0, 1, 1, 4, 0, 0, 0, 1, 1, 1, 2, 2, 2]","[2.45, 4.75, 2.45, 2.45, 4.75, 4.75, 4.75, 2.45, 2.65, 2.65, 5.05, 5.05, 5.05, 5.05, 5.05, 5.048237776123107]","[0, 2038.2522049240424, 0, 0, 5157.122179558036, 2986.820614882346, 2910.9581647907653, 0, 0, 0, 731.2170323801198, 1332.217282883153, 634.9142092797401, 3048.4313506759377, 3504.123363634285, 2733.2781967049723]","[4029, 1990.7477950759576, 4029, 4029, -1128.122179558036, 1042.179385117654, 1118.0418352092347, 4029, 4029, 4029, 3297.7829676198803, 2696.782717116847, 3394.08579072026, 980.5686493240623, 524.8766363657151, 1295.7218032950277]","[4029, 4029, 4029, 4029, 4029, 4029, 4029, 4029, 4029, 4029, 4029, 4029, 4029, 4029, 4029, 4029]","[0, 4029, 0, 0, 4029, 4029, 4029, 0, 0, 0, 4029, 4029, 4029, 4029, 4029, 4028]","[(0, 0, 0), (654.3108000000001, 0.7628666666666667, 1.1362666666666668), (0, 0, 0), (0, 0, 0), (1632.9818, 0.3732, 0.7381333333333333), (1311.4188000000001, 0.14286666666666667, 0.5135333333333333), (457.1778, 0.003133333333333333, 0.0026), (0, 0, 0), (0, 0, 0), (0, 0, 0), (178.9568, 0.0019333333333333331, 0.0014666666666666665), (805.3058666666667, 0.081, 0.3894666666666666), (398.45840000000004, 0.0016666666666666668, 0.0003333333333333333), (1398.1006666666667, 0.1348, 0.4646666666666667), (733.3032000000001, 1.6496666666666666, 1.1722666666666666), (121.94006666666668, 12.505799999999999, 12.348466666666667)]","[(4295, 1860.0, 1000.0), (3640.6892, 1859.2371333333333, 998.8637333333334), (4295, 1860.0, 1000.0), (4295, 1860.0, 1000.0), (2662.0182, 1859.6268, 999.2618666666667), (2983.5811999999996, 1859.8571333333334, 999.4864666666666), (3837.8222, 1859.9968666666666, 999.9974), (4295, 1860.0, 1000.0), (8192, 1800.0, 1525.0), (8192, 1800.0, 1525.0), (8013.0432, 1799.9980666666668, 1524.9985333333334), (7386.694133333333, 1799.919, 1524.6105333333333), (7793.5416, 1799.9983333333332, 1524.9996666666666), (6793.899333333333, 1799.8652, 1524.5353333333333), (7458.6968, 1798.3503333333333, 1523.8277333333333), (8070.059933333333, 1787.4942, 1512.6515333333334)]","[(0, 0, 0), (1, 0.011416666666666664, 0.047094444444444446), (0, 0, 0), (0, 0, 0), (3, 0.09808333333333331, 0.2580777777777778), (3, 5e-05, 0.13139444444444442), (7, 0.00013333333333333334, 0.0037), (0, 0, 0), (0, 0, 0), (0, 0, 0), (1, 0.36411666666666676, 0.01315), (3, 0.0, 0.023311111111111112), (1, 0.015133333333333334, 0.0009777777777777777), (4, 1.666666666666667e-05, 0.15062222222222224), (2, 0.0019833333333333335, 0.00285), (5, 0.0, 0.010238888888888888)]","[(32212, 67.1, 10.11), (32211, 67.08858333333333, 10.062905555555554), (32212, 67.1, 10.11), (32212, 67.1, 10.11), (32209, 67.00191666666666, 9.851922222222221), (32209, 67.09994999999999, 9.978605555555555), (32205, 67.09986666666666, 10.1063), (32212, 67.1, 10.11), (32212, 51.900000000000006, 6.1899999999999995), (32212, 51.900000000000006, 6.1899999999999995), (32211, 51.53588333333334, 6.176849999999999), (32209, 51.900000000000006, 6.166688888888888), (32211, 51.884866666666674, 6.1890222222222215), (32208, 51.89998333333334, 6.039377777777777), (32210, 51.89801666666667, 6.18715), (32207, 51.900000000000006, 6.179761111111111)]"
40,"[0.0, 100.0, 0.0, 0.0, 100.0, 100.0, 100.0, 0.0, 0.0, 0.0, 100.0, 100.0, 100.0, 100.0, 100.0, 100.0]","[0, 1, 0, 0, 1, 1, 4, 0, 0, 0, 1, 1, 1, 2, 2, 2]","[2.45, 4.75, 2.45, 2.45, 4.75, 4.75, 4.75, 2.45, 2.65, 2.65, 5.05, 5.05, 5.05, 5.05, 5.05, 5.05]","[0, 2070.887975308562, 0, 0, 6377.347674662409, 2953.431360041183, 2901.3134992836513, 0, 0, 0, 657.7614400862267, 888.1448552554355, 655.6824310786097, 3216.2901876958667, 3443.1880341476367, 2565.589653385734]","[4029, 1958.112024691438, 4029, 4029, -2348.347674662409, 1075.5686399588171, 1127.6865007163487, 4029, 4029, 4029, 3371.2385599137733, 3140.8551447445643, 3373.3175689213904, 812.7098123041333, 585.8119658523633, 1463.410346614266]","[4029, 4029, 4029, 4029, 4029, 4029, 4029, 4029, 4029, 4029, 4029, 4029, 4029, 4029, 4029, 4029]","[0, 4029, 0, 0, 4029, 4029, 4029, 0, 0, 0, 4029, 4029, 4029, 4029, 4029, 4029]","[(0, 0, 0), (506.11220000000003, 0.7000666666666667, 1.4158), (0, 0, 0), (0, 0, 0), (1756.0146000000002, 0.15113333333333331, 0.6404), (1311.4188000000001, 0.188, 0.5201333333333333), (381.67999999999995, 0.003333333333333334, 0.002666666666666667), (0, 0, 0), (0, 0, 0), (0, 0, 0), (192.93779999999998, 0.003933333333333333, 0.0014666666666666665), (624.9507333333332, 0.08693333333333333, 0.30760000000000004), (349.5247333333333, 0.0023333333333333335, 0.003), (1569.3678666666665, 0.18626666666666666, 0.47259999999999996), (643.1258, 1.5080666666666667, 1.4584666666666668), (164.23273333333333, 9.612200000000001, 9.472733333333334)]","[(4295, 1860.0, 1000.0), (3788.8878, 1859.2999333333332, 998.5842), (4295, 1860.0, 1000.0), (4295, 1860.0, 1000.0), (2538.9853999999996, 1859.8488666666667, 999.3596), (2983.5811999999996, 1859.812, 999.4798666666667), (3913.32, 1859.9966666666667, 999.9973333333334), (4295, 1860.0, 1000.0), (8192, 1800.0, 1525.0), (8192, 1800.0, 1525.0), (7999.0622, 1799.9960666666666, 1524.9985333333334), (7567.049266666667, 1799.9130666666667, 1524.6924), (7842.475266666666, 1799.9976666666666, 1524.997), (6622.6321333333335, 1799.8137333333334, 1524.5274), (7548.8742, 1798.4919333333332, 1523.5415333333333), (8027.767266666667, 1790.3878, 1515.5272666666667)]","[(0, 0, 0), (1, 0.0675, 0.04805), (0, 0, 0), (0, 0, 0), (3, 0.07565000000000001, 0.43214444444444444), (3, 3.3333333333333335e-05, 0.16156666666666666), (7, 0.00016666666666666666, 0.0036222222222222224), (0, 0, 0), (0, 0, 0), (0, 0, 0), (1, 0.26766666666666666, 0.015294444444444444), (3, 0.0, 0.013066666666666667), (1, 0.01145, 0.0009944444444444447), (4, 1.666666666666667e-05, 0.14120555555555558), (2, 0.07328333333333333, 0.04704444444444444), (5, 1.666666666666667e-05, 0.007888888888888888)]","[(32212, 67.1, 10.11), (32211, 67.0325, 10.06195), (32212, 67.1, 10.11), (32212, 67.1, 10.11), (32209, 67.02435, 9.677855555555555), (32209, 67.09996666666666, 9.948433333333332), (32205, 67.09983333333332, 10.106377777777777), (32212, 67.1, 10.11), (32212, 51.900000000000006, 6.1899999999999995), (32212, 51.900000000000006, 6.1899999999999995), (32211, 51.63233333333334, 6.174705555555555), (32209, 51.900000000000006, 6.1769333333333325), (32211, 51.88855, 6.189005555555555), (32208, 51.89998333333334, 6.048794444444444), (32210, 51.82671666666667, 6.142955555555555), (32207, 51.89998333333334, 6.1821111111111104)]"
41,"[0.0, 100.0, 0.0, 0.0, 100.0, 100.0, 100.0, 0.0, 0.0, 0.0, 100.0, 100.0, 100.0, 99.97517994539588, 100.0, 99.97517994539588]","[0, 1, 0, 0, 1, 1, 4, 0, 0, 0, 1, 1, 1, 2, 2, 2]","[2.45, 4.75, 2.45, 2.45, 4.75, 4.75, 4.75, 2.45, 2.65, 2.65, 5.05, 5.05, 5.05, 5.048237776123107, 5.05, 5.048237776123107]","[0, 1964.079999504682, 0, 0, 4197.939949575493, 2989.8560016860883, 1786.4958583218067, 0, 0, 0, 711.18368902724, 1101.8338429860667, 0, 3584.4821629889416, 3453.686243722924, 1530.9146378148132]","[4029, 2064.920000495318, 4029, 4029, -168.9399495754933, 1039.1439983139117, 2242.5041416781933, 4029, 4029, 4029, 3317.81631097276, 2927.166157013933, 4029, 444.5178370110584, 575.3137562770762, 2498.0853621851866]","[4029, 4029, 4029, 4029, 4029, 4029, 4029, 4029, 4029, 4029, 4029, 4029, 4029, 4029, 4029, 4029]","[0, 4029, 0, 0, 4029, 4029, 4029, 0, 0, 0, 4029, 4029, 4029, 4028, 4029, 4028]","[(0, 0, 0), (713.031, 0.7426, 1.2830666666666666), (0, 0, 0), (0, 0, 0), (1834.3084, 0.274, 0.7126), (1177.2012, 0.14893333333333333, 0.6776666666666666), (394.9626666666667, 0.0030666666666666663, 0.0026666666666666666), (0, 0, 0), (0, 0, 0), (0, 0, 0), (134.2176, 0.002, 0.0014), (641.7282666666667, 0.07759999999999999, 0.331), (475.3542666666667, 0.0017333333333333335, 0.0003333333333333333), (1433.0532, 0.1434, 0.5137333333333333), (814.0436000000001, 1.6695333333333335, 1.3992666666666669), (150.4700666666667, 11.980133333333331, 11.8412)]","[(4295, 1860.0, 1000.0), (3581.969, 1859.2574, 998.7169333333334), (4295, 1860.0, 1000.0), (4295, 1860.0, 1000.0), (2460.6916, 1859.726, 999.2874), (3117.7988, 1859.8510666666666, 999.3223333333333), (3900.037333333333, 1859.9969333333333, 999.9973333333334), (4295, 1860.0, 1000.0), (8192, 1800.0, 1525.0), (8192, 1800.0, 1525.0), (8057.7824, 1799.998, 1524.9986), (7550.271733333333, 1799.9224, 1524.669), (7716.645733333333, 1799.9982666666667, 1524.9996666666666), (6758.9468, 1799.8566, 1524.4862666666668), (7377.9564, 1798.3304666666668, 1523.6007333333334), (8041.529933333333, 1788.0198666666668, 1513.1588)]","[(0, 0, 0), (1, 0.0019333333333333331, 0.002327777777777778), (0, 0, 0), (0, 0, 0), (3, 5e-05, 0.20435555555555557), (3, 5e-05, 0.12382222222222221), (7, 0.0, 0.0036111111111111114), (0, 0, 0), (0, 0, 0), (0, 0, 0), (1, 0.2701, 0.013050000000000004), (3, 0.04375, 0.0321388888888889), (1, 0.015333333333333336, 0.0008833333333333333), (4, 5e-05, 0.13293333333333332), (2, 0.003016666666666666, 0.05257222222222222), (5, 5e-05, 0.008272222222222222)]","[(32212, 67.1, 10.11), (32211, 67.09806666666667, 10.107672222222222), (32212, 67.1, 10.11), (32212, 67.1, 10.11), (32209, 67.09994999999999, 9.905644444444444), (32209, 67.09994999999999, 9.986177777777778), (32205, 67.1, 10.106388888888889), (32212, 67.1, 10.11), (32212, 51.900000000000006, 6.1899999999999995), (32212, 51.900000000000006, 6.1899999999999995), (32211, 51.629900000000006, 6.17695), (32209, 51.85625, 6.157861111111111), (32211, 51.884666666666675, 6.189116666666666), (32208, 51.899950000000004, 6.057066666666667), (32210, 51.89698333333334, 6.137427777777777), (32207, 51.899950000000004, 6.181727777777778)]"
42,"[0.0, 100.0, 0.0, 0.0, 100.0, 100.0, 100.0, 100.0, 0.0, 0.0, 100.0, 100.0, 0.0, 100.0, 100.0, 100.0]","[0, 1, 0, 0, 1, 1, 4, 1, 0, 0, 1, 1, 0, 2, 2, 2]","[2.45, 4.75, 2.45, 2.45, 4.75, 4.75, 4.75, 4.75, 2.65, 2.65, 5.05, 5.05, 2.65, 5.05, 5.05, 5.05]","[0, 2079.788639958885, 0, 0, 7242.4329137289415, 5888.650399259911, 2431.6274446282, 1714.4051397483977, 0, 0, 0, 1125.2060760191043, 0, 3507.6873208551206, 4411.534689977133, 2807.8405975260334]","[4029, 1949.2113600411149, 4029, 4029, -3213.4329137289415, -1859.650399259911, 1597.3725553718, 2314.5948602516023, 4029, 4029, 4029, 2903.7939239808957, 4029, 521.3126791448794, -382.534689977133, 1221.1594024739666]","[4029, 4029, 4029, 4029, 4029, 4029, 4029, 4029, 4029, 4029, 4029, 4029, 4029, 4029, 4029, 4029]","[0, 4029, 0, 0, 4029, 4029, 4029, 4029, 0, 0, 4029, 4029, 0, 4029, 4029, 4029]","[(0, 0, 0), (458.5768, 0.723, 1.306), (0, 0, 0), (0, 0, 0), (1937.767933333333, 0.2582, 0.7142000000000001), (1269.4758, 0.3529333333333333, 0.49439999999999995), (629.1437999999999, 0.05606666666666667, 0.03293333333333333), (105.5042, 0.28773333333333334, 0.22433333333333338), (0, 0, 0), (0, 0, 0), (226.49220000000003, 0.0016666666666666668, 0.0014), (838.8603333333335, 0.08673333333333332, 0.3268666666666667), (0, 0, 0), (1437.247466666667, 0.18873333333333334, 0.5204), (578.8131999999999, 2.297066666666667, 1.83), (385.1764, 1.2279999999999998, 0.7902666666666667)]","[(4295, 1860.0, 1000.0), (3836.4232, 1859.277, 998.694), (4295, 1860.0, 1000.0), (4295, 1860.0, 1000.0), (2357.232066666667, 1859.7418, 999.2858), (3025.5242, 1859.6470666666667, 999.5056), (3665.8562, 1859.9439333333332, 999.9670666666667), (4189.4958, 1859.7122666666667, 999.7756666666667), (8192, 1800.0, 1525.0), (8192, 1800.0, 1525.0), (7965.5078, 1799.9983333333332, 1524.9986), (7353.139666666666, 1799.9132666666667, 1524.6731333333332), (8192, 1800.0, 1525.0), (6754.752533333333, 1799.8112666666666, 1524.4796), (7613.1868, 1797.7029333333332, 1523.17), (7806.8236, 1798.772, 1524.2097333333334)]","[(0, 0, 0), (1, 0.059366666666666665, 0.06801666666666667), (0, 0, 0), (0, 0, 0), (3, 0.17391666666666664, 0.4805555555555557), (3, 0.1731833333333333, 0.38794999999999996), (7, 0.0005666666666666666, 0.009933333333333334), (1, 0.0030666666666666663, 0.05871111111111111), (0, 0, 0), (0, 0, 0), (1, 0.27021666666666666, 0.012733333333333334), (3, 0.0, 0.012833333333333334), (0, 0, 0), (4, 3.3333333333333335e-05, 0.16321666666666668), (2, 0.0011333333333333332, 0.0017277777777777777), (3, 0.0, 0.013105555555555556)]","[(32212, 67.1, 10.11), (32211, 67.04063333333333, 10.041983333333333), (32212, 67.1, 10.11), (32212, 67.1, 10.11), (32209, 66.92608333333332, 9.629444444444443), (32209, 66.92681666666667, 9.72205), (32205, 67.09943333333332, 10.100066666666667), (32211, 67.09693333333333, 10.05128888888889), (32212, 51.900000000000006, 6.1899999999999995), (32212, 51.900000000000006, 6.1899999999999995), (32211, 51.629783333333336, 6.177266666666666), (32209, 51.900000000000006, 6.1771666666666665), (32212, 51.900000000000006, 6.1899999999999995), (32208, 51.89996666666667, 6.0267833333333325), (32210, 51.89886666666667, 6.1882722222222215), (32209, 51.900000000000006, 6.176894444444444)]"
43,"[0.0, 100.0, 0.0, 0.0, 100.0, 100.0, 100.0, 100.0, 0.0, 0.0, 0.0, 100.0, 0.0, 100.0, 100.0, 100.0]","[0, 1, 0, 0, 1, 1, 4, 1, 0, 0, 0, 1, 0, 2, 2, 2]","[2.45, 4.75, 2.45, 2.45, 4.75, 4.75, 4.75, 4.75, 2.65, 2.65, 2.65, 5.05, 2.65, 5.05, 5.05, 5.05]","[0, 2871.947793837662, 0, 0, 0, 4252.576912042853, 2409.3712181933624, 1429.5838385761401, 0, 0, 0, 1045.0727056201176, 0, 3587.517549792684, 5395.85692045868, 2795.973042194135]","[4029, 1157.0522061623378, 4029, 4029, 4029, -223.5769120428531, 1619.6287818066376, 2599.41616142386, 4029, 4029, 4029, 2983.9272943798824, 4029, 441.4824502073161, -1366.8569204586802, 1233.026957805865]","[4029, 4029, 4029, 4029, 4029, 4029, 4029, 4029, 4029, 4029, 4029, 4029, 4029, 4029, 4029, 4029]","[0, 4029, 0, 0, 4029, 4029, 4029, 4029, 0, 0, 0, 4029, 0, 4029, 4029, 4029]","[(0, 0, 0), (824.879, 0.7441333333333333, 1.3625333333333334), (0, 0, 0), (0, 0, 0), (2088.762666666667, 0.21493333333333337, 0.8076), (1974.1186, 0.14053333333333334, 0.48906666666666665), (629.8429999999998, 0.05620000000000001, 0.03733333333333333), (110.71433333333331, 0.20726666666666668, 0.17506666666666665), (0, 0, 0), (0, 0, 0), (0, 0, 0), (721.42, 0.07806666666666666, 0.33893333333333336), (0, 0, 0), (1275.7665333333332, 0.14946666666666666, 0.6778666666666666), (801.8099333333333, 2.287333333333333, 1.8195333333333334), (422.226, 1.2340666666666666, 0.7873333333333334)]","[(4295, 1860.0, 1000.0), (3470.121, 1859.2558666666666, 998.6374666666667), (4295, 1860.0, 1000.0), (4295, 1860.0, 1000.0), (2206.237333333333, 1859.7850666666666, 999.1924), (2320.8814, 1859.8594666666668, 999.5109333333334), (3665.157, 1859.9438, 999.9626666666667), (4184.285666666667, 1859.7927333333334, 999.8249333333333), (8192, 1800.0, 1525.0), (8192, 1800.0, 1525.0), (8192, 1800.0, 1525.0), (7470.58, 1799.9219333333333, 1524.6610666666666), (8192, 1800.0, 1525.0), (6916.233466666667, 1799.8505333333333, 1524.3221333333333), (7390.190066666667, 1797.7126666666666, 1523.1804666666667), (7769.774, 1798.7659333333334, 1524.2126666666666)]","[(0, 0, 0), (1, 1.0255833333333333, 0.54465), (0, 0, 0), (0, 0, 0), (3, 6.666666666666667e-05, 0.18205555555555555), (3, 1.666666666666667e-05, 0.31198333333333333), (7, 0.0002333333333333333, 0.004788888888888889), (1, 0.0002333333333333333, 0.05122222222222223), (0, 0, 0), (0, 0, 0), (0, 0, 0), (3, 0.0, 0.011183333333333332), (0, 0, 0), (4, 5e-05, 0.12537222222222222), (2, 1.0415999999999999, 0.5728833333333333), (3, 0.0, 0.014744444444444444)]","[(32212, 67.1, 10.11), (32211, 66.07441666666666, 9.565349999999999), (32212, 67.1, 10.11), (32212, 67.1, 10.11), (32209, 67.09993333333333, 9.927944444444444), (32209, 67.09998333333333, 9.798016666666665), (32205, 67.09976666666667, 10.10521111111111), (32211, 67.09976666666667, 10.058777777777777), (32212, 51.900000000000006, 6.1899999999999995), (32212, 51.900000000000006, 6.1899999999999995), (32212, 51.900000000000006, 6.1899999999999995), (32209, 51.900000000000006, 6.178816666666666), (32212, 51.900000000000006, 6.1899999999999995), (32208, 51.899950000000004, 6.064627777777777), (32210, 50.8584, 5.617116666666666), (32209, 51.900000000000006, 6.175255555555555)]"
44,"[0.0, 100.0, 100.0, 0.0, 100.0, 100.0, 100.0, 100.0, 0.0, 0.0, 0.0, 100.0, 0.0, 99.97517994539588, 100.0, 100.0]","[0, 1, 1, 0, 1, 1, 4, 1, 0, 0, 0, 1, 0, 2, 2, 2]","[2.45, 4.75, 4.75, 2.45, 4.75, 4.75, 4.75, 4.75, 2.65, 2.65, 2.65, 5.05, 2.65, 5.048237776123107, 5.05, 5.05]","[0, 1993.7488816724258, 3121.8625785998443, 0, 1364.7688631682443, 3235.722332789209, 2597.0200545768557, 1845.861124904825, 0, 0, 0, 1385.6395298158109, 0, 5888.650399259911, 4529.525557115303, 2683.1947658428176]","[4029, 2035.2511183275742, 907.1374214001557, 4029, 2664.231136831756, 793.2776672107912, 1431.9799454231443, 2183.138875095175, 4029, 4029, 4029, 2643.360470184189, 4029, -1859.650399259911, -500.52555711530295, 1345.8052341571824]","[4029, 4029, 4029, 4029, 4029, 4029, 4029, 4029, 4029, 4029, 4029, 4029, 4029, 4029, 4029, 4029]","[0, 4029, 4029, 0, 4029, 4029, 4029, 4029, 0, 0, 0, 4029, 0, 4028, 4029, 4029]","[(0, 0, 0), (721.4196, 0.7326, 1.4462000000000002), (0.0, 0.0, 0.0), (0, 0, 0), (402.65259999999995, 0.0, 0.0), (1730.8488, 0.18693333333333337, 0.49646666666666667), (615.1626666666667, 0.056266666666666666, 0.03306666666666666), (109.4118, 0.21166666666666664, 0.17653333333333332), (0, 0, 0), (0, 0, 0), (0, 0, 0), (671.0880666666666, 0.08573333333333333, 0.32080000000000003), (0, 0, 0), (1382.7214666666666, 0.35366666666666663, 0.49466666666666664), (1029.0016, 2.354066666666667, 1.972933333333333), (397.7596, 1.1855333333333333, 0.7807333333333333)]","[(4295, 1860.0, 1000.0), (3573.5804, 1859.2674, 998.5538), (4295.0, 1860.0, 1000.0), (4295, 1860.0, 1000.0), (3892.3474, 1860.0, 1000.0), (2564.1512000000002, 1859.8130666666666, 999.5035333333333), (3679.8373333333334, 1859.9437333333333, 999.9669333333334), (4185.5882, 1859.7883333333334, 999.8234666666667), (8192, 1800.0, 1525.0), (8192, 1800.0, 1525.0), (8192, 1800.0, 1525.0), (7520.911933333334, 1799.9142666666667, 1524.6792), (8192, 1800.0, 1525.0), (6809.278533333333, 1799.6463333333334, 1524.5053333333333), (7162.9984, 1797.6459333333332, 1523.0270666666668), (7794.2404, 1798.8144666666667, 1524.2192666666667)]","[(0, 0, 0), (1, 0.0, 0.0003444444444444444), (2, 0.0, 0.0), (0, 0, 0), (3, 0.1085, 0.004066666666666666), (3, 1.666666666666667e-05, 0.20562222222222223), (7, 0.6301, 0.008005555555555556), (1, 0.00011666666666666667, 0.05212222222222222), (0, 0, 0), (0, 0, 0), (0, 0, 0), (3, 0.0, 0.018272222222222224), (0, 0, 0), (4, 0.1731833333333333, 0.3896166666666666), (2, 0.0013, 0.0022055555555555557), (3, 0.0, 0.011766666666666667)]","[(32212, 67.1, 10.11), (32211, 67.1, 10.109655555555555), (32210, 67.1, 10.11), (32212, 67.1, 10.11), (32209, 66.99149999999999, 10.105933333333333), (32209, 67.09998333333333, 9.904377777777777), (32205, 66.4699, 10.101994444444443), (32211, 67.09988333333332, 10.057877777777778), (32212, 51.900000000000006, 6.1899999999999995), (32212, 51.900000000000006, 6.1899999999999995), (32212, 51.900000000000006, 6.1899999999999995), (32209, 51.900000000000006, 6.171727777777777), (32212, 51.900000000000006, 6.1899999999999995), (32208, 51.72681666666667, 5.800383333333333), (32210, 51.898700000000005, 6.187794444444444), (32209, 51.900000000000006, 6.178233333333333)]"
45,"[0.0, 100.0, 100.0, 0.0, 100.0, 100.0, 100.0, 100.0, 0.0, 0.0, 100.0, 100.0, 0.0, 100.0, 99.97517994539588, 100.0]","[0, 1, 1, 0, 1, 1, 4, 1, 0, 0, 1, 1, 0, 1, 2, 2]","[2.45, 4.75, 4.75, 2.45, 4.75, 4.75, 4.75, 4.75, 2.65, 2.65, 5.05, 5.05, 2.65, 5.05, 5.048237776123107, 5.05]","[0, 2118.3581867769535, 3065.1014408071205, 0, 1691.1266347954333, 2452.592537423716, 1212.017242707931, 1812.9971286157179, 0, 0, 1578.3845313240047, 1095.1560621194842, 0, 4252.576912042853, 4347.176040690731, 1135.2227985320444]","[4029, 1910.6418132230465, 963.8985591928795, 4029, 2337.8733652045667, 1576.4074625762842, 2816.982757292069, 2216.002871384282, 4029, 4029, 2450.6154686759955, 2933.843937880516, 4029, -223.5769120428531, -318.1760406907306, 2893.777201467956]","[4029, 4029, 4029, 4029, 4029, 4029, 4029, 4029, 4029, 4029, 4029, 4029, 4029, 4029, 4029, 4029]","[0, 4029, 4029, 0, 4029, 4029, 4029, 4029, 0, 0, 4029, 4029, 0, 4029, 4028, 4029]","[(0, 0, 0), (626.3488000000001, 0.7791333333333333, 1.1652666666666667), (0.0, 0.0, 0.0), (0, 0, 0), (339.738, 0.0, 0.0), (1356.158, 0.1402, 0.49906666666666666), (523.5873333333333, 0.05580000000000001, 0.03233333333333334), (108.76053333333334, 0.20446666666666666, 0.17406666666666665), (0, 0, 0), (0, 0, 0), (223.696, 0.11593333333333333, 0.0992), (767.5571333333334, 0.08106666666666666, 0.391), (0, 0, 0), (1974.1186, 0.14053333333333334, 0.48906666666666665), (815.0917999999999, 2.6885333333333334, 1.7101333333333335), (392.1669333333333, 1.1598, 0.7681999999999999)]","[(4295, 1860.0, 1000.0), (3668.6512, 1859.2208666666668, 998.8347333333334), (4295.0, 1860.0, 1000.0), (4295, 1860.0, 1000.0), (3955.262, 1860.0, 1000.0), (2938.842, 1859.8598, 999.5009333333334), (3771.4126666666666, 1859.9442, 999.9676666666667), (4186.239466666667, 1859.7955333333334, 999.8259333333333), (8192, 1800.0, 1525.0), (8192, 1800.0, 1525.0), (7968.304, 1799.8840666666667, 1524.9008), (7424.442866666666, 1799.9189333333334, 1524.609), (8192, 1800.0, 1525.0), (6217.8814, 1799.8594666666668, 1524.5109333333332), (7376.9082, 1797.3114666666668, 1523.2898666666667), (7799.833066666667, 1798.8402, 1524.2318)]","[(0, 0, 0), (1, 0.0019833333333333335, 0.0026333333333333334), (2, 0.0, 0.0), (0, 0, 0), (3, 0.2122, 0.00935), (3, 8.333333333333333e-05, 0.11315), (7, 0.002916666666666666, 0.004744444444444445), (1, 0.0, 0.05014999999999999), (0, 0, 0), (0, 0, 0), (2, 0.0, 0.0010277777777777776), (3, 0.0, 0.02345), (0, 0, 0), (3, 1.666666666666667e-05, 0.31198333333333333), (2, 0.0019666666666666665, 0.050694444444444445), (3, 1.666666666666667e-05, 0.012533333333333334)]","[(32212, 67.1, 10.11), (32211, 67.09801666666667, 10.107366666666666), (32210, 67.1, 10.11), (32212, 67.1, 10.11), (32209, 66.8878, 10.10065), (32209, 67.09991666666666, 9.99685), (32205, 67.09708333333333, 10.105255555555555), (32211, 67.1, 10.059849999999999), (32212, 51.900000000000006, 6.1899999999999995), (32212, 51.900000000000006, 6.1899999999999995), (32210, 51.900000000000006, 6.188972222222222), (32209, 51.900000000000006, 6.166549999999999), (32212, 51.900000000000006, 6.1899999999999995), (32209, 51.89998333333334, 5.8780166666666664), (32210, 51.89803333333334, 6.139305555555555), (32209, 51.89998333333334, 6.177466666666666)]"
46,"[100.0, 100.0, 100.0, 0.0, 100.0, 100.0, 100.0, 100.0, 0.0, 0.0, 100.0, 100.0, 0.0, 100.0, 100.0, 100.0]","[1, 1, 1, 0, 1, 1, 3, 1, 0, 0, 1, 1, 0, 1, 2, 2]","[4.75, 4.75, 4.75, 2.45, 4.75, 4.75, 4.75, 4.75, 2.65, 2.65, 5.05, 5.05, 2.65, 5.05, 5.05, 5.05]","[3752.9130163235823, 2145.060180727923, 2911.512479720924, 0, 1254.9939763481898, 2677.21116090064, 3081.7959694736646, 1886.9411202662081, 0, 0, 1566.5169784569066, 0, 0, 3235.722332789209, 3242.8088209344673, 2090.145479022236]","[276.08698367641773, 1883.9398192720769, 1117.4875202790759, 4029, 2774.00602365181, 1351.7888390993598, 947.2040305263354, 2142.058879733792, 4029, 4029, 2462.4830215430934, 4029, 4029, 793.2776672107912, 786.1911790655327, 1938.854520977764]","[4029, 4029, 4029, 4029, 4029, 4029, 4029, 4029, 4029, 4029, 4029, 4029, 4029, 4029, 4029, 4029]","[4029, 4029, 4029, 0, 4029, 4029, 4029, 4029, 0, 0, 4029, 4029, 0, 4029, 4029, 4029]","[(388.67179999999996, 7.663399999999999, 2.4918666666666667), (542.4628, 0.7475333333333333, 1.4531333333333334), (0.0, 0.0, 0.0), (0, 0, 0), (343.93240000000003, 0.0, 0.0), (1227.5328, 0.18566666666666662, 0.4779333333333333), (474.6538666666666, 0.07333333333333333, 0.03213333333333333), (115.2732, 0.21046666666666666, 0.17566666666666664), (0, 0, 0), (0, 0, 0), (268.4352, 0.11646666666666668, 0.09953333333333332), (796.9172, 0.0888, 0.33713333333333334), (0, 0, 0), (1730.8488, 0.18693333333333337, 0.49646666666666667), (702.5446666666667, 2.461333333333333, 1.8923333333333334), (400.0308, 0.31606666666666666, 0.07806666666666666)]","[(3906.3282, 1852.3366, 997.5081333333334), (3752.5371999999998, 1859.2524666666666, 998.5468666666667), (4295.0, 1860.0, 1000.0), (4295, 1860.0, 1000.0), (3951.0676, 1860.0, 1000.0), (3067.4672, 1859.8143333333333, 999.5220666666667), (3820.3461333333335, 1859.9266666666667, 999.9678666666666), (4179.7268, 1859.7895333333333, 999.8243333333334), (8192, 1800.0, 1525.0), (8192, 1800.0, 1525.0), (7923.5648, 1799.8835333333334, 1524.9004666666667), (7395.0828, 1799.9112, 1524.6628666666666), (8192, 1800.0, 1525.0), (6461.1512, 1799.8130666666666, 1524.5035333333333), (7489.455333333333, 1797.5386666666666, 1523.1076666666668), (7791.9692, 1799.6839333333332, 1524.9219333333333)]","[(2, 0.0, 0.016355555555555557), (1, 0.07328333333333333, 0.0468111111111111), (2, 0.0, 0.0), (0, 0, 0), (3, 0.020033333333333334, 0.0038777777777777777), (3, 3.3333333333333335e-05, 0.15232222222222222), (7, 0.051166666666666666, 0.03878888888888889), (1, 0.0, 0.05059444444444444), (0, 0, 0), (0, 0, 0), (2, 0.0, 0.0009611111111111112), (3, 0.0, 0.019), (0, 0, 0), (3, 1.666666666666667e-05, 0.20562222222222223), (2, 0.07088333333333334, 0.05060555555555555), (2, 0.0012, 0.05662777777777778)]","[(32210, 67.1, 10.093644444444443), (32211, 67.02671666666666, 10.063188888888888), (32210, 67.1, 10.11), (32212, 67.1, 10.11), (32209, 67.07996666666666, 10.106122222222222), (32209, 67.09996666666666, 9.957677777777777), (32205, 67.04883333333333, 10.071211111111111), (32211, 67.1, 10.059405555555555), (32212, 51.900000000000006, 6.1899999999999995), (32212, 51.900000000000006, 6.1899999999999995), (32210, 51.900000000000006, 6.189038888888889), (32209, 51.900000000000006, 6.170999999999999), (32212, 51.900000000000006, 6.1899999999999995), (32209, 51.89998333333334, 5.984377777777778), (32210, 51.82911666666667, 6.139394444444444), (32210, 51.89880000000001, 6.133372222222222)]"
47,"[100.0, 100.0, 0.0, 0.0, 100.0, 100.0, 100.0, 100.0, 0.0, 100.0, 100.0, 100.0, 0.0, 100.0, 100.0, 100.0]","[1, 1, 0, 0, 1, 1, 3, 1, 0, 1, 1, 1, 0, 1, 2, 2]","[4.75, 4.75, 2.45, 2.45, 4.75, 4.75, 4.75, 4.75, 2.65, 5.05, 5.05, 5.05, 2.65, 5.05, 5.05, 5.05]","[3145.2348118086134, 2245.9343800982538, 0, 0, 1266.8615316800874, 6028.278192232053, 2507.5067899526957, 1906.1117847681867, 0, 2794.65141873918, 1560.5832020233572, 2327.8664038117226, 0, 2452.592537423716, 454.0891471920266, 1979.9620935688247]","[883.7651881913866, 1783.0656199017462, 4029, 4029, 2762.1384683199126, -1999.2781922320528, 1521.4932100473043, 2122.8882152318133, 4029, 1234.34858126082, 2468.4167979766426, 1701.1335961882774, 4029, 1576.4074625762842, 3574.9108528079732, 2049.0379064311755]","[4029, 4029, 4029, 4029, 4029, 4029, 4029, 4029, 4029, 4029, 4029, 4029, 4029, 4029, 4029, 4029]","[4029, 4029, 0, 0, 4029, 4029, 4029, 4029, 0, 4029, 4029, 4029, 0, 4029, 4029, 4029]","[(0.0, 0.0, 0.0), (710.2348000000001, 0.9372, 1.3942), (0, 0, 0), (0, 0, 0), (306.18359999999996, 0.0, 0.0), (1551.892, 0.19686666666666666, 1.39), (514.5, 0.0542, 0.030999999999999996), (97.689, 0.24573333333333333, 0.20893333333333336), (0, 0, 0), (651.5146, 19.004533333333335, 2.486266666666667), (33.5544, 0.11626666666666668, 0.09953333333333332), (335.544, 0.016466666666666664, 0.009866666666666668), (0, 0, 0), (1356.158, 0.1402, 0.49906666666666666), (776.2070666666667, 5.768333333333333, 5.890600000000001), (389.19539999999995, 0.30086666666666667, 0.07086666666666666)]","[(4295.0, 1860.0, 1000.0), (3584.7652, 1859.0628, 998.6058), (4295, 1860.0, 1000.0), (4295, 1860.0, 1000.0), (3988.8164, 1860.0, 1000.0), (2743.108, 1859.8031333333333, 998.61), (3780.5, 1859.9458, 999.969), (4197.311, 1859.7542666666666, 999.7910666666667), (8192, 1800.0, 1525.0), (7540.4854, 1780.9954666666667, 1522.5137333333332), (8158.4456, 1799.8837333333333, 1524.9004666666667), (7856.456, 1799.9835333333333, 1524.9901333333332), (8192, 1800.0, 1525.0), (6835.842000000001, 1799.8598, 1524.5009333333333), (7415.792933333333, 1794.2316666666666, 1519.1094), (7802.8046, 1799.6991333333333, 1524.9291333333333)]","[(2, 0.0, 0.0), (1, 0.003016666666666666, 0.05234444444444444), (0, 0, 0), (0, 0, 0), (3, 0.008033333333333333, 0.003372222222222222), (3, 0.0001, 0.1530611111111111), (7, 0.06125, 0.027205555555555556), (1, 0.0, 0.05149444444444444), (0, 0, 0), (2, 0.0, 0.0053), (2, 0.0, 0.000972222222222222), (3, 0.0, 0.015905555555555555), (0, 0, 0), (3, 8.333333333333333e-05, 0.11315), (4, 0.0016833333333333331, 0.04976666666666667), (2, 0.0, 0.055366666666666675)]","[(32210, 67.1, 10.11), (32211, 67.09698333333333, 10.057655555555556), (32212, 67.1, 10.11), (32212, 67.1, 10.11), (32209, 67.09196666666666, 10.106627777777778), (32209, 67.09989999999999, 9.956938888888889), (32205, 67.03875, 10.082794444444444), (32211, 67.1, 10.058505555555556), (32212, 51.900000000000006, 6.1899999999999995), (32210, 51.900000000000006, 6.184699999999999), (32210, 51.900000000000006, 6.189027777777778), (32209, 51.900000000000006, 6.174094444444444), (32212, 51.900000000000006, 6.1899999999999995), (32209, 51.89991666666667, 6.076849999999999), (32208, 51.89831666666667, 6.140233333333333), (32210, 51.900000000000006, 6.1346333333333325)]"
48,"[100.0, 100.0, 0.0, 0.0, 100.0, 100.0, 100.0, 100.0, 0.0, 100.0, 100.0, 100.0, 0.0, 100.0, 100.0, 100.0]","[1, 1, 0, 0, 1, 1, 3, 1, 0, 1, 1, 1, 0, 1, 2, 2]","[4.75, 4.75, 2.45, 2.45, 4.75, 4.75, 4.75, 4.75, 2.65, 5.05, 5.05, 5.05, 2.65, 5.05, 5.05, 5.05]","[2988.3069602640226, 3233.9081562841443, 0, 0, 1204.5568661876246, 6374.312287858666, 3215.3515944279306, 1908.8504511256126, 0, 1739.5619942211624, 1566.5169784569066, 2503.141050686958, 0, 2677.21116090064, 2463.0241743029146, 1983.3009841527423]","[1040.6930397359774, 795.0918437158557, 4029, 4029, 2824.4431338123754, -2345.3122878586664, 813.6484055720694, 2120.1495488743876, 4029, 2289.4380057788376, 2462.4830215430934, 1525.858949313042, 4029, 1351.7888390993598, 1565.9758256970854, 2045.6990158472577]","[4029, 4029, 4029, 4029, 4029, 4029, 4029, 4029, 4029, 4029, 4029, 4029, 4029, 4029, 4029, 4029]","[4029, 4029, 0, 0, 4029, 4029, 4029, 4029, 0, 4029, 4029, 4029, 0, 4029, 4029, 4029]","[(0.0, 0.0, 0.0), (478.1502, 1.5555999999999999, 1.8252000000000002), (0, 0, 0), (0, 0, 0), (322.961, 0.0, 0.0), (1736.4414, 0.2492666666666667, 1.2721333333333333), (436.20619999999997, 0.055466666666666664, 0.036), (125.0422, 0.247, 0.19506666666666664), (0, 0, 0), (369.0984, 16.1096, 2.579733333333333), (0.0, 0.1156, 0.0996), (427.8186, 0.011466666666666667, 0.006066666666666666), (0, 0, 0), (1227.5328, 0.18566666666666662, 0.4779333333333333), (416.45846666666665, 13.502200000000004, 12.144866666666664), (367.0006, 0.2972666666666667, 0.06866666666666665)]","[(4295.0, 1860.0, 1000.0), (3816.8498, 1858.4444, 998.1748), (4295, 1860.0, 1000.0), (4295, 1860.0, 1000.0), (3972.0389999999998, 1860.0, 1000.0), (2558.5586000000003, 1859.7507333333333, 998.7278666666666), (3858.7938, 1859.9445333333333, 999.964), (4169.9578, 1859.753, 999.8049333333333), (8192, 1800.0, 1525.0), (7822.9016, 1783.8904, 1522.4202666666667), (8192.0, 1799.8844, 1524.9004), (7764.1814, 1799.9885333333334, 1524.9939333333334), (8192, 1800.0, 1525.0), (6964.4672, 1799.8143333333333, 1524.5220666666667), (7775.541533333333, 1786.4978, 1512.8551333333332), (7824.9994, 1799.7027333333333, 1524.9313333333334)]","[(2, 0.0, 0.0), (1, 0.0011333333333333332, 0.0015055555555555556), (0, 0, 0), (0, 0, 0), (3, 0.007916666666666667, 0.003444444444444445), (3, 0.00015, 0.2104), (7, 0.0008666666666666667, 0.017888888888888888), (1, 3.3333333333333335e-05, 0.05121666666666667), (0, 0, 0), (2, 0.0, 0.00225), (2, 0.0, 0.00095), (3, 1.666666666666667e-05, 0.017866666666666666), (0, 0, 0), (3, 3.3333333333333335e-05, 0.15232222222222222), (4, 0.0, 0.0097), (2, 3.3333333333333335e-05, 0.05644999999999999)]","[(32210, 67.1, 10.11), (32211, 67.09886666666667, 10.108494444444444), (32212, 67.1, 10.11), (32212, 67.1, 10.11), (32209, 67.09208333333332, 10.106555555555556), (32209, 67.09984999999999, 9.8996), (32205, 67.09913333333333, 10.09211111111111), (32211, 67.09996666666666, 10.058783333333333), (32212, 51.900000000000006, 6.1899999999999995), (32210, 51.900000000000006, 6.187749999999999), (32210, 51.900000000000006, 6.18905), (32209, 51.89998333333334, 6.172133333333333), (32212, 51.900000000000006, 6.1899999999999995), (32209, 51.89996666666667, 6.037677777777778), (32208, 51.900000000000006, 6.1803), (32210, 51.89996666666667, 6.13355)]"
49,"[100.0, 100.0, 0.0, 0.0, 100.0, 100.0, 100.0, 100.0, 0.0, 100.0, 100.0, 100.0, 0.0, 100.0, 100.0, 100.0]","[1, 1, 0, 0, 1, 1, 3, 1, 0, 1, 1, 1, 0, 1, 2, 2]","[4.75, 4.75, 2.45, 2.45, 4.75, 4.75, 4.75, 4.75, 2.65, 5.05, 5.05, 5.05, 2.65, 5.05, 5.05, 5.05]","[3008.340303014396, 4138.80906240035, 0, 0, 1252.0270875152155, 3703.171900565511, 3071.7792993194666, 1714.4051397483977, 0, 1826.3731494030244, 1593.2189724078767, 2497.663717972107, 0, 6028.278192232053, 2060.8920967899044, 2060.0954679845227]","[1020.6596969856041, -109.80906240034983, 4029, 4029, 2776.9729124847845, 325.8280994344891, 957.2207006805334, 2314.5948602516023, 4029, 2202.6268505969756, 2435.7810275921233, 1531.336282027893, 4029, -1999.2781922320528, 1968.1079032100956, 1968.9045320154773]","[4029, 4029, 4029, 4029, 4029, 4029, 4029, 4029, 4029, 4029, 4029, 4029, 4029, 4029, 4029, 4029]","[4029, 4029, 0, 0, 4029, 4029, 4029, 4029, 0, 4029, 4029, 4029, 0, 4029, 4029, 4029]","[(0.0, 0.0, 0.0), (673.8842, 1.5523333333333331, 1.8134000000000001), (0, 0, 0), (0, 0, 0), (301.98940000000005, 0.0, 0.0), (1493.1718, 0.1692, 0.7876000000000001), (594.1917333333333, 0.05473333333333334, 0.036), (93.78139999999999, 0.23493333333333336, 0.19066666666666662), (0, 0, 0), (268.4352, 13.852799999999998, 1.682), (167.772, 0.1156, 0.09933333333333332), (419.43, 0.0086, 0.004933333333333334), (0, 0, 0), (1551.892, 0.19686666666666666, 1.39), (380.50120000000004, 10.920733333333333, 10.303733333333332), (425.3714666666667, 0.32159999999999994, 0.07279999999999999)]","[(4295.0, 1860.0, 1000.0), (3621.1158, 1858.4476666666667, 998.1866), (4295, 1860.0, 1000.0), (4295, 1860.0, 1000.0), (3993.0106, 1860.0, 1000.0), (2801.8282, 1859.8308, 999.2124), (3700.808266666667, 1859.9452666666666, 999.964), (4201.2186, 1859.7650666666666, 999.8093333333334), (8192, 1800.0, 1525.0), (7923.5648, 1786.1472, 1523.318), (8024.228, 1799.8844, 1524.9006666666667), (7772.57, 1799.9914, 1524.9950666666666), (8192, 1800.0, 1525.0), (6640.108, 1799.8031333333333, 1523.61), (7811.4988, 1789.0792666666666, 1514.6962666666666), (7766.6285333333335, 1799.6784, 1524.9272)]","[(2, 0.0, 0.0), (1, 1.0415999999999999, 0.5724111111111111), (0, 0, 0), (0, 0, 0), (3, 0.00785, 0.003533333333333333), (3, 0.0001, 0.13415555555555556), (7, 0.0002, 0.015966666666666667), (1, 0.0, 0.049894444444444436), (0, 0, 0), (2, 0.0, 0.005916666666666666), (2, 0.0, 0.0014166666666666668), (3, 0.0, 0.021744444444444445), (0, 0, 0), (3, 0.0001, 0.1530611111111111), (4, 0.0, 0.0002777777777777778), (2, 0.0, 0.05662222222222222)]","[(32210, 67.1, 10.11), (32211, 66.05839999999999, 9.53758888888889), (32212, 67.1, 10.11), (32212, 67.1, 10.11), (32209, 67.09214999999999, 10.106466666666666), (32209, 67.09989999999999, 9.975844444444444), (32205, 67.09979999999999, 10.094033333333332), (32211, 67.1, 10.060105555555555), (32212, 51.900000000000006, 6.1899999999999995), (32210, 51.900000000000006, 6.184083333333333), (32210, 51.900000000000006, 6.188583333333333), (32209, 51.900000000000006, 6.168255555555555), (32212, 51.900000000000006, 6.1899999999999995), (32209, 51.8999, 6.036938888888889), (32208, 51.900000000000006, 6.189722222222222), (32210, 51.900000000000006, 6.133377777777778)]"
50,"[100.0, 100.0, 0.0, 0.0, 100.0, 100.0, 99.97517994539588, 100.0, 0.0, 100.0, 100.0, 100.0, 0.0, 100.0, 100.0, 100.0]","[1, 1, 0, 0, 1, 1, 3, 1, 0, 1, 1, 1, 0, 1, 2, 2]","[4.75, 4.75, 2.45, 2.45, 4.75, 4.75, 4.748485976669149, 4.75, 2.65, 5.05, 5.05, 5.05, 2.65, 5.05, 5.05, 5.05]","[3068.4403312655163, 3308.0803617035053, 0, 0, 1225.3250880184453, 3949.038231668631, 3445.7350428924806, 1851.3384576196752, 0, 1612.6841520322869, 1563.5500902401322, 2664.722365775066, 0, 6374.312287858666, 2383.1167339009476, 2033.3843414052424]","[960.5596687344837, 720.9196382964947, 4029, 4029, 2803.674911981555, 79.96176833136906, 583.2649571075194, 2177.661542380325, 4029, 2416.315847967713, 2465.4499097598678, 1364.277634224934, 4029, -2345.3122878586664, 1645.8832660990524, 1995.6156585947576]","[4029, 4029, 4029, 4029, 4029, 4029, 4029, 4029, 4029, 4029, 4029, 4029, 4029, 4029, 4029, 4029]","[4029, 4029, 0, 0, 4029, 4029, 4028, 4029, 0, 4029, 4029, 4029, 0, 4029, 4029, 4029]","[(0.0, 0.0, 0.0), (894.7841999999999, 1.598466666666667, 1.968333333333333), (0, 0, 0), (0, 0, 0), (328.5532, 0.0, 0.0), (1484.7831999999999, 0.21580000000000002, 0.8416666666666666), (508.9074000000001, 0.05593333333333334, 0.03746666666666666), (104.85293333333334, 0.21746666666666667, 0.18180000000000002), (0, 0, 0), (383.0794, 15.210066666666668, 1.8525333333333331), (67.1088, 0.11593333333333333, 0.09953333333333332), (455.7806, 0.011333333333333336, 0.005066666666666666), (0, 0, 0), (1736.4414, 0.2492666666666667, 1.2721333333333333), (352.1022, 11.603533333333335, 10.991066666666667), (411.91479999999996, 0.30519999999999997, 0.07206666666666667)]","[(4295.0, 1860.0, 1000.0), (3400.2158, 1858.4015333333334, 998.0316666666666), (4295, 1860.0, 1000.0), (4295, 1860.0, 1000.0), (3966.4468, 1860.0, 1000.0), (2810.2168, 1859.7842, 999.1583333333333), (3786.0926, 1859.9440666666667, 999.9625333333333), (4190.147066666666, 1859.7825333333333, 999.8182), (8192, 1800.0, 1525.0), (7808.9206, 1784.7899333333332, 1523.1474666666666), (8124.8912, 1799.8840666666667, 1524.9004666666667), (7736.2194, 1799.9886666666666, 1524.9949333333334), (8192, 1800.0, 1525.0), (6455.5586, 1799.7507333333333, 1523.7278666666666), (7839.8978, 1788.3964666666666, 1514.0089333333333), (7780.0852, 1799.6948, 1524.9279333333334)]","[(2, 0.0, 0.0), (1, 0.0013, 0.001966666666666667), (0, 0, 0), (0, 0, 0), (3, 0.007816666666666666, 0.003527777777777778), (3, 0.0001, 0.17663333333333334), (7, 0.0006666666666666666, 0.02337777777777778), (1, 3.3333333333333335e-05, 0.05011111111111111), (0, 0, 0), (2, 0.0, 0.0036999999999999997), (2, 0.0, 0.00095), (3, 0.0, 0.016805555555555553), (0, 0, 0), (3, 0.00015, 0.2104), (4, 0.0, 0.00024444444444444443), (2, 0.00011666666666666667, 0.05421666666666666)]","[(32210, 67.1, 10.11), (32211, 67.0987, 10.108033333333333), (32212, 67.1, 10.11), (32212, 67.1, 10.11), (32209, 67.09218333333332, 10.106472222222221), (32209, 67.09989999999999, 9.933366666666666), (32205, 67.09933333333333, 10.086622222222221), (32211, 67.09996666666666, 10.059888888888889), (32212, 51.900000000000006, 6.1899999999999995), (32210, 51.900000000000006, 6.186299999999999), (32210, 51.900000000000006, 6.18905), (32209, 51.900000000000006, 6.1731944444444435), (32212, 51.900000000000006, 6.1899999999999995), (32209, 51.89985000000001, 5.9796), (32208, 51.900000000000006, 6.189755555555555), (32210, 51.89988333333334, 6.1357833333333325)]"
51,"[100.0, 100.0, 0.0, 0.0, 100.0, 100.0, 100.0, 100.0, 0.0, 100.0, 100.0, 100.0, 0.0, 100.0, 100.0, 100.0]","[1, 1, 0, 0, 1, 1, 3, 1, 0, 1, 1, 1, 0, 1, 2, 2]","[4.75, 4.75, 2.45, 2.45, 4.75, 4.75, 4.75, 4.75, 2.65, 5.05, 5.05, 5.05, 2.65, 5.05, 5.05, 5.05]","[3021.6958648479776, 3144.901509780911, 0, 0, 1254.9939763481898, 3566.579494397111, 3018.357044955894, 0, 0, 1499.1618721790824, 1572.4507548904555, 2478.4930534701275, 0, 3703.171900565511, 2535.9936556061757, 2020.0287778645577]","[1007.3041351520224, 884.098490219089, 4029, 4029, 2774.00602365181, 462.4205056028891, 1010.6429550441062, 4029, 4029, 2529.8381278209176, 2456.5492451095442, 1550.5069465298725, 4029, 325.8280994344891, 1493.0063443938243, 2008.9712221354423]","[4029, 4029, 4029, 4029, 4029, 4029, 4029, 4029, 4029, 4029, 4029, 4029, 4029, 4029, 4029, 4029]","[4029, 4029, 0, 0, 4029, 4029, 4029, 4029, 0, 4029, 4029, 4029, 0, 4029, 4029, 4029]","[(0.0, 0.0, 0.0), (727.012, 1.5444666666666669, 1.7056666666666669), (0, 0, 0), (0, 0, 0), (282.41606666666667, 0.0, 0.0), (1644.1666, 0.15380000000000002, 0.6252666666666667), (561.3364000000001, 0.05413333333333334, 0.031066666666666673), (98.34026666666666, 0.21266666666666662, 0.17426666666666668), (0, 0, 0), (279.62, 9.749466666666667, 1.610333333333333), (100.6632, 0.11566666666666668, 0.09933333333333332), (332.7478, 0.012333333333333335, 0.0056), (0, 0, 0), (1493.1718, 0.1692, 0.7876000000000001), (332.74693333333335, 11.63686666666667, 11.036000000000001), (403.17679999999996, 0.31166666666666665, 0.074)]","[(4295.0, 1860.0, 1000.0), (3567.9880000000003, 1858.4555333333333, 998.2943333333334), (4295, 1860.0, 1000.0), (4295, 1860.0, 1000.0), (4012.5839333333333, 1860.0, 1000.0), (2650.8334, 1859.8462, 999.3747333333333), (3733.6636, 1859.9458666666667, 999.9689333333333), (4196.659733333333, 1859.7873333333334, 999.8257333333333), (8192, 1800.0, 1525.0), (7912.38, 1790.2505333333334, 1523.3896666666667), (8091.3368, 1799.8843333333334, 1524.9006666666667), (7859.2522, 1799.9876666666667, 1524.9944), (8192, 1800.0, 1525.0), (6698.8282, 1799.8308, 1524.2124), (7859.253066666666, 1788.3631333333333, 1513.964), (7788.8232, 1799.6883333333333, 1524.926)]","[(2, 0.0, 0.0), (1, 0.0019666666666666665, 0.05048333333333333), (0, 0, 0), (0, 0, 0), (3, 0.00675, 0.003411111111111111), (3, 5e-05, 0.16941111111111112), (7, 0.03966666666666667, 0.02542777777777778), (1, 0.00011666666666666667, 0.04876111111111111), (0, 0, 0), (2, 0.05768333333333333, 0.023244444444444446), (2, 0.0, 0.0009611111111111112), (3, 0.0, 0.021144444444444445), (0, 0, 0), (3, 0.0001, 0.13415555555555556), (4, 0.0, 0.0002722222222222222), (2, 0.0, 0.05582777777777778)]","[(32210, 67.1, 10.11), (32211, 67.09803333333333, 10.059516666666665), (32212, 67.1, 10.11), (32212, 67.1, 10.11), (32209, 67.09325, 10.106588888888888), (32209, 67.09994999999999, 9.940588888888888), (32205, 67.06033333333333, 10.084572222222222), (32211, 67.09988333333332, 10.061238888888889), (32212, 51.900000000000006, 6.1899999999999995), (32210, 51.84231666666667, 6.166755555555555), (32210, 51.900000000000006, 6.189038888888889), (32209, 51.900000000000006, 6.168855555555555), (32212, 51.900000000000006, 6.1899999999999995), (32209, 51.8999, 6.055844444444444), (32208, 51.900000000000006, 6.189727777777778), (32210, 51.900000000000006, 6.1341722222222215)]"
52,"[100.0, 100.0, 0.0, 0.0, 100.0, 100.0, 100.0, 0.0, 0.0, 100.0, 100.0, 100.0, 0.0, 100.0, 100.0, 100.0]","[1, 1, 0, 0, 1, 1, 3, 0, 0, 1, 1, 1, 0, 1, 2, 2]","[4.75, 4.75, 2.45, 2.45, 4.75, 4.75, 4.75, 2.45, 2.65, 5.05, 5.05, 5.05, 2.65, 5.05, 5.05, 5.05]","[2894.8180274289466, 0, 0, 0, 0, 4726.09725342664, 2597.6568329798088, 0, 0, 1863.10094582612, 1566.5169784569066, 2629.1197031285333, 0, 3949.038231668631, 2501.0665302284856, 2066.7732469431667]","[1134.1819725710534, 4029, 4029, 4029, 4029, -697.0972534266402, 1431.3431670201912, 4029, 4029, 2165.89905417388, 2462.4830215430934, 1399.8802968714667, 4029, 79.96176833136906, 1527.9334697715144, 1962.2267530568333]","[4029, 4029, 4029, 4029, 4029, 4029, 4029, 4029, 4029, 4029, 4029, 4029, 4029, 4029, 4029, 4029]","[4029, 4029, 0, 0, 4029, 4029, 4029, 0, 0, 4029, 4029, 4029, 0, 4029, 4029, 4029]","[(0.0, 0.0, 0.0), (578.8134, 1.5288, 1.8861333333333334), (0, 0, 0), (0, 0, 0), (459.97486666666657, 0.0, 0.0), (1434.4516, 0.22206666666666663, 0.8742666666666667), (644.5236666666667, 0.055466666666666664, 0.03793333333333333), (0, 0, 0), (0, 0, 0), (338.34020000000004, 2.189, 3.0638666666666667), (22.3696, 0.11606666666666667, 0.09953333333333332), (377.487, 0.011333333333333336, 0.0054), (0, 0, 0), (1484.7831999999999, 0.21580000000000002, 0.8416666666666666), (364.37913333333324, 11.642733333333334, 11.038533333333335), (391.6418, 0.33353333333333335, 0.06993333333333332)]","[(4295.0, 1860.0, 1000.0), (3716.1866, 1858.4712, 998.1138666666667), (4295, 1860.0, 1000.0), (4295, 1860.0, 1000.0), (3835.0251333333335, 1860.0, 1000.0), (2860.5483999999997, 1859.7779333333333, 999.1257333333333), (3650.476333333333, 1859.9445333333333, 999.9620666666667), (4295, 1860.0, 1000.0), (8192, 1800.0, 1525.0), (7853.6598, 1797.811, 1521.9361333333334), (8169.6304, 1799.8839333333333, 1524.9004666666667), (7814.513, 1799.9886666666666, 1524.9946), (8192, 1800.0, 1525.0), (6707.2168, 1799.7842, 1524.1583333333333), (7827.620866666667, 1788.3572666666666, 1513.9614666666666), (7800.3582, 1799.6664666666666, 1524.9300666666666)]","[(2, 0.0, 0.0), (1, 0.07088333333333334, 0.05034444444444444), (0, 0, 0), (0, 0, 0), (3, 0.0192, 0.013244444444444444), (3, 0.0001, 0.21292777777777777), (7, 6.666666666666667e-05, 0.01347222222222222), (0, 0, 0), (0, 0, 0), (2, 1.1261166666666667, 0.002977777777777778), (2, 0.0, 0.0009388888888888888), (3, 0.0, 0.030616666666666664), (0, 0, 0), (3, 0.0001, 0.17663333333333334), (4, 0.0, 0.00023333333333333333), (2, 0.0, 0.057300000000000004)]","[(32210, 67.1, 10.11), (32211, 67.02911666666667, 10.059655555555555), (32212, 67.1, 10.11), (32212, 67.1, 10.11), (32209, 67.0808, 10.096755555555555), (32209, 67.09989999999999, 9.897072222222222), (32205, 67.09993333333333, 10.096527777777776), (32212, 67.1, 10.11), (32212, 51.900000000000006, 6.1899999999999995), (32210, 50.77388333333334, 6.187022222222222), (32210, 51.900000000000006, 6.18906111111111), (32209, 51.900000000000006, 6.1593833333333325), (32212, 51.900000000000006, 6.1899999999999995), (32209, 51.8999, 6.013366666666666), (32208, 51.900000000000006, 6.189766666666666), (32210, 51.900000000000006, 6.1327)]"
53,"[100.0, 0.0, 100.0, 0.0, 0.0, 100.0, 100.0, 100.0, 0.0, 100.0, 100.0, 100.0, 0.0, 100.0, 100.0, 100.0]","[1, 0, 1, 0, 0, 1, 2, 1, 0, 1, 1, 1, 0, 1, 2, 2]","[4.75, 2.45, 4.75, 2.45, 2.45, 4.75, 4.75, 4.75, 2.65, 5.05, 5.05, 5.05, 2.65, 5.05, 5.05, 5.05]","[454.0891471920266, 0, 3151.912592725404, 0, 0, 0, 2467.4401020327937, 1071.7839430047102, 0, 2634.3846707111265, 1563.5500902401322, 2505.879717044383, 0, 3566.579494397111, 2406.4136565800936, 2123.5343837568175]","[3574.9108528079732, 4029, 877.087407274596, 4029, 4029, 4029, 1561.5598979672063, 2957.21605699529, 4029, 1394.6153292888735, 2465.4499097598678, 1523.1202829556169, 4029, 462.4205056028891, 1622.5863434199064, 1905.4656162431825]","[4029, 4029, 4029, 4029, 4029, 4029, 4029, 4029, 4029, 4029, 4029, 4029, 4029, 4029, 4029, 4029]","[4029, 0, 4029, 0, 0, 4029, 4029, 4029, 0, 4029, 4029, 4029, 0, 4029, 4029, 4029]","[(29.621666666666673, 4.1293999999999995, 4.1416), (0, 0, 0), (0.0, 0.0, 0.0), (0, 0, 0), (0, 0, 0), (1392.5086000000001, 0.1512, 0.6417333333333333), (505.41280000000006, 0.05346666666666667, 0.03133333333333334), (125.829, 0.0033333333333333335, 0.0012666666666666666), (0, 0, 0), (408.2452, 3.357266666666667, 2.6136666666666666), (67.1088, 0.11606666666666667, 0.09946666666666669), (321.563, 0.0134, 0.007933333333333334), (0, 0, 0), (1644.1666, 0.15380000000000002, 0.6252666666666667), (362.6749333333333, 12.006333333333334, 11.308733333333334), (382.3796, 0.3092666666666667, 0.06986666666666666)]","[(4265.378333333333, 1855.8706, 995.8584), (4295, 1860.0, 1000.0), (4295.0, 1860.0, 1000.0), (4295, 1860.0, 1000.0), (4295, 1860.0, 1000.0), (2902.4914, 1859.8488, 999.3582666666666), (3789.5872, 1859.9465333333333, 999.9686666666666), (4169.171, 1859.9966666666667, 999.9987333333333), (8192, 1800.0, 1525.0), (7783.7548, 1796.6427333333334, 1522.3863333333334), (8124.8912, 1799.8839333333333, 1524.9005333333334), (7870.437, 1799.9866, 1524.9920666666667), (8192, 1800.0, 1525.0), (6547.8333999999995, 1799.8462, 1524.3747333333333), (7829.325066666666, 1787.9936666666667, 1513.6912666666667), (7809.6204, 1799.6907333333334, 1524.9301333333333)]","[(3, 0.0, 1.6666666666666667e-05), (0, 0, 0), (2, 0.0, 0.0), (0, 0, 0), (0, 0, 0), (3, 6.666666666666667e-05, 0.11822222222222224), (6, 0.00018333333333333334, 0.016716666666666664), (3, 0.0, 0.0006444444444444443), (0, 0, 0), (2, 1.092625, 0.013255555555555555), (2, 0.0, 0.0009555555555555554), (3, 0.0, 0.017744444444444448), (0, 0, 0), (3, 5e-05, 0.16941111111111112), (4, 0.0, 0.0002388888888888889), (2, 0.0, 0.056383333333333334)]","[(32209, 67.1, 10.109983333333332), (32212, 67.1, 10.11), (32210, 67.1, 10.11), (32212, 67.1, 10.11), (32212, 67.1, 10.11), (32209, 67.09993333333333, 9.991777777777777), (32206, 67.09981666666665, 10.093283333333332), (32209, 67.1, 10.109355555555554), (32212, 51.900000000000006, 6.1899999999999995), (32210, 50.80737500000001, 6.176744444444444), (32210, 51.900000000000006, 6.189044444444444), (32209, 51.900000000000006, 6.172255555555555), (32212, 51.900000000000006, 6.1899999999999995), (32209, 51.899950000000004, 6.020588888888889), (32208, 51.900000000000006, 6.18976111111111), (32210, 51.900000000000006, 6.133616666666666)]"
54,"[100.0, 0.0, 100.0, 100.0, 0.0, 0.0, 100.0, 100.0, 0.0, 100.0, 100.0, 100.0, 0.0, 100.0, 100.0, 100.0]","[1, 0, 1, 1, 0, 0, 2, 1, 0, 1, 1, 1, 0, 1, 2, 2]","[4.75, 2.45, 4.75, 4.75, 2.45, 2.45, 4.75, 4.75, 2.65, 5.05, 5.05, 5.05, 2.65, 5.05, 5.05, 5.05]","[1315.5229705416066, 0, 2938.223603388089, 2006.6731654957287, 0, 0, 2667.773537980749, 1068.445052216534, 0, 1779.6286812281753, 1563.5500902401322, 2519.573048831511, 0, 4726.09725342664, 2424.721640854991, 2033.3843417064952]","[2713.477029458393, 4029, 1090.776396611911, 2022.3268345042713, 4029, 4029, 1361.226462019251, 2960.554947783466, 4029, 2249.371318771825, 2465.4499097598678, 1509.4269511684888, 4029, -697.0972534266402, 1604.2783591450088, 1995.6156582935048]","[4029, 4029, 4029, 4029, 4029, 4029, 4029, 4029, 4029, 4029, 4029, 4029, 4029, 4029, 4029, 4029]","[4029, 0, 4029, 4029, 0, 0, 4029, 4029, 0, 4029, 4029, 4029, 0, 4029, 4029, 4029]","[(29.53446666666667, 12.107333333333337, 12.139266666666664), (0, 0, 0), (0.0, 0.0, 0.0), (306.18366666666674, 0.5942000000000001, 0.19193333333333337), (0, 0, 0), (0, 0, 0), (401.9531333333333, 0.05446666666666666, 0.031933333333333334), (170.56820000000002, 0.0034, 0.0014666666666666665), (0, 0, 0), (645.9222, 2.945, 2.129), (78.29360000000001, 0.11573333333333333, 0.09953333333333332), (343.9326, 0.013333333333333336, 0.0074666666666666675), (0, 0, 0), (1434.4516, 0.22206666666666663, 0.8742666666666667), (443.19693333333345, 12.456199999999997, 11.77733333333333), (372.41833333333335, 0.30993333333333334, 0.06826666666666667)]","[(4265.465533333333, 1847.8926666666666, 987.8607333333333), (4295, 1860.0, 1000.0), (4295.0, 1860.0, 1000.0), (3988.816333333333, 1859.4058, 999.8080666666667), (4295, 1860.0, 1000.0), (4295, 1860.0, 1000.0), (3893.0468666666666, 1859.9455333333333, 999.9680666666667), (4124.4318, 1859.9966, 999.9985333333333), (8192, 1800.0, 1525.0), (7546.0778, 1797.055, 1522.871), (8113.7064, 1799.8842666666667, 1524.9004666666667), (7848.0674, 1799.9866666666667, 1524.9925333333333), (8192, 1800.0, 1525.0), (6757.5484, 1799.7779333333333, 1524.1257333333333), (7748.803066666666, 1787.5438, 1513.2226666666668), (7819.581666666667, 1799.6900666666668, 1524.9317333333333)]","[(3, 0.0, 1.6666666666666667e-05), (0, 0, 0), (2, 0.0, 0.0), (3, 0.011550000000000001, 0.43049444444444446), (0, 0, 0), (0, 0, 0), (6, 0.00015, 0.021033333333333334), (3, 0.0, 0.0005666666666666666), (0, 0, 0), (2, 0.0, 0.0070888888888888885), (2, 0.0, 0.0009166666666666666), (3, 0.0, 0.017083333333333332), (0, 0, 0), (3, 0.0001, 0.21292777777777777), (4, 0.0, 0.0005888888888888888), (2, 0.0, 0.05393888888888889)]","[(32209, 67.1, 10.109983333333332), (32212, 67.1, 10.11), (32210, 67.1, 10.11), (32209, 67.08845, 9.679505555555554), (32212, 67.1, 10.11), (32212, 67.1, 10.11), (32206, 67.09984999999999, 10.088966666666666), (32209, 67.1, 10.109433333333333), (32212, 51.900000000000006, 6.1899999999999995), (32210, 51.900000000000006, 6.18291111111111), (32210, 51.900000000000006, 6.189083333333333), (32209, 51.900000000000006, 6.172916666666667), (32212, 51.900000000000006, 6.1899999999999995), (32209, 51.8999, 5.977072222222222), (32208, 51.900000000000006, 6.18941111111111), (32210, 51.900000000000006, 6.13606111111111)]"
55,"[100.0, 0.0, 100.0, 100.0, 100.0, 100.0, 100.0, 100.0, 0.0, 100.0, 100.0, 100.0, 0.0, 100.0, 100.0, 100.0]","[1, 0, 1, 1, 1, 1, 2, 1, 0, 1, 1, 1, 0, 1, 2, 2]","[4.75, 2.45, 4.75, 4.75, 4.75, 4.75, 4.75, 4.75, 2.65, 5.05, 5.05, 5.05, 2.65, 5.05, 5.05, 5.05]","[1135.2228679800667, 0, 2958.2569461384624, 1352.2506356501997, 1876.4565081617916, 3464.41286996805, 2073.45105261294, 1095.1561785219467, 0, 2090.1455055325287, 0, 2440.1517244661704, 0, 3065.7406717796443, 2226.41252709694, 1999.9954373735845]","[2893.7771320199336, 4029, 1070.7430538615376, 2676.7493643498, 2152.5434918382084, 564.58713003195, 1955.5489473870598, 2933.8438214780535, 4029, 1938.8544944674713, 4029, 1588.8482755338296, 4029, 963.2593282203557, 1802.5874729030602, 2029.0045626264155]","[4029, 4029, 4029, 4029, 4029, 4029, 4029, 4029, 4029, 4029, 4029, 4029, 4029, 4029, 4029, 4029]","[4029, 0, 4029, 4029, 4029, 4029, 4029, 4029, 0, 4029, 4029, 4029, 0, 4029, 4029, 4029]","[(31.3258, 10.272666666666666, 10.300266666666666), (0, 0, 0), (0.0, 0.0, 0.0), (281.018, 0.42160000000000003, 0.13533333333333333), (258.64820000000003, 0.019533333333333337, 0.0016), (168.47066666666663, 0.27493333333333336, 0.023333333333333327), (376.78740000000005, 0.0554, 0.039266666666666665), (170.56820000000002, 0.0033333333333333335, 0.0014), (0, 0, 0), (402.6528, 3.2084, 1.765466666666667), (33.5544, 0.1158, 0.09953333333333332), (478.1502, 0.012199999999999999, 0.007066666666666666), (0, 0, 0), (1392.5086000000001, 0.1512, 0.6417333333333333), (230.37980000000002, 11.542466666666666, 10.8824), (380.45753333333334, 0.32746666666666663, 0.06773333333333334)]","[(4263.6742, 1849.7273333333333, 989.6997333333334), (4295, 1860.0, 1000.0), (4295.0, 1860.0, 1000.0), (4013.982, 1859.5784, 999.8646666666667), (4036.3518, 1859.9804666666666, 999.9984), (4126.529333333333, 1859.7250666666666, 999.9766666666667), (3918.2126, 1859.9446, 999.9607333333333), (4124.4318, 1859.9966666666667, 999.9986), (8192, 1800.0, 1525.0), (7789.3472, 1796.7916, 1523.2345333333333), (8158.4456, 1799.8842, 1524.9004666666667), (7713.8498, 1799.9878, 1524.9929333333334), (8192, 1800.0, 1525.0), (6799.4914, 1799.8488, 1524.3582666666666), (7961.6202, 1788.4575333333332, 1514.1176), (7811.542466666667, 1799.6725333333334, 1524.9322666666667)]","[(3, 0.0, 4.4444444444444447e-05), (0, 0, 0), (2, 0.0, 0.0), (3, 1.666666666666667e-05, 0.2272388888888889), (3, 0.05115, 0.03694444444444444), (3, 0.2927833333333333, 0.026605555555555556), (6, 0.00011666666666666667, 0.01870555555555555), (3, 0.0, 0.0008388888888888889), (0, 0, 0), (2, 0.0, 0.005355555555555555), (2, 0.0, 0.000977777777777778), (3, 0.0009, 0.02215), (0, 0, 0), (3, 6.666666666666667e-05, 0.11822222222222224), (4, 0.0, 0.0002666666666666667), (2, 0.0, 0.05697222222222222)]","[(32209, 67.1, 10.109955555555555), (32212, 67.1, 10.11), (32210, 67.1, 10.11), (32209, 67.09998333333333, 9.88276111111111), (32209, 67.04884999999999, 10.073055555555555), (32209, 66.80721666666666, 10.083394444444444), (32206, 67.09988333333332, 10.091294444444443), (32209, 67.1, 10.10916111111111), (32212, 51.900000000000006, 6.1899999999999995), (32210, 51.900000000000006, 6.184644444444444), (32210, 51.900000000000006, 6.1890222222222215), (32209, 51.899100000000004, 6.16785), (32212, 51.900000000000006, 6.1899999999999995), (32209, 51.89993333333334, 6.071777777777777), (32208, 51.900000000000006, 6.189733333333333), (32210, 51.900000000000006, 6.1330277777777775)]"
56,"[100.0, 100.0, 100.0, 100.0, 100.0, 100.0, 100.0, 100.0, 0.0, 100.0, 0.0, 100.0, 0.0, 100.0, 100.0, 99.97517994539588]","[1, 1, 1, 1, 1, 1, 1, 1, 0, 1, 0, 2, 0, 1, 2, 2]","[4.75, 4.75, 4.75, 4.75, 4.75, 4.75, 4.75, 4.75, 2.65, 5.05, 2.65, 5.05, 2.65, 5.05, 5.05, 5.048237776123107]","[1145.2395403445964, 744.572766635591, 3018.356974389583, 1409.0117734429248, 1328.8784523992754, 4442.116739200141, 2293.817831151513, 1105.1728508864767, 0, 1232.0506254656602, 0, 3584.453037219874, 0, 5157.122179558036, 2378.2396256168477, 1896.4898277658665]","[2883.760459655404, 3284.427233364409, 1010.6430256104172, 2619.988226557075, 2700.1215476007246, -413.1167392001407, 1735.182168848487, 2923.8271491135233, 4029, 2796.9493745343398, 4029, 444.5469627801258, 4029, -1128.122179558036, 1650.7603743831523, 2132.5101722341333]","[4029, 4029, 4029, 4029, 4029, 4029, 4029, 4029, 4029, 4029, 4029, 4029, 4029, 4029, 4029, 4029]","[4029, 4029, 4029, 4029, 4029, 4029, 4029, 4029, 0, 4029, 0, 4029, 0, 4029, 4029, 4028]","[(31.238400000000002, 10.958333333333334, 10.986266666666667), (142.60586666666666, 0.0007333333333333332, 0.0006), (0.0, 0.0, 0.0), (255.852, 0.49213333333333326, 0.15953333333333333), (328.5534, 0.0005333333333333334, 0.0006), (313.1741333333334, 0.2986666666666667, 0.020266666666666665), (268.435, 0.0018666666666666666, 0.0016), (128.6252, 0.0032, 0.0014), (0, 0, 0), (444.5958, 2.369733333333333, 2.1395999999999997), (0, 0, 0), (528.4814, 0.0134, 0.0077333333333333325), (0, 0, 0), (1632.9818, 0.3732, 0.7381333333333333), (135.09053333333335, 11.894599999999999, 11.270933333333332), (349.8742666666667, 0.2664, 0.05986666666666667)]","[(4263.7616, 1849.0416666666667, 989.0137333333333), (4152.394133333333, 1859.9992666666667, 999.9994), (4295.0, 1860.0, 1000.0), (4039.148, 1859.5078666666666, 999.8404666666667), (3966.4466, 1859.9994666666666, 999.9994), (3981.8258666666666, 1859.7013333333334, 999.9797333333333), (4026.565, 1859.9981333333333, 999.9984), (4166.3748, 1859.9968, 999.9986), (8192, 1800.0, 1525.0), (7747.4042, 1797.6302666666666, 1522.8604), (8192, 1800.0, 1525.0), (7663.5186, 1799.9866, 1524.9922666666666), (8192, 1800.0, 1525.0), (6559.0182, 1799.6268, 1524.2618666666667), (8056.909466666667, 1788.1054, 1513.7290666666668), (7842.125733333333, 1799.7336, 1524.9401333333333)]","[(3, 0.0, 2.2222222222222223e-05), (1, 0.0, 0.02883888888888889), (2, 0.0, 0.0), (3, 8.333333333333333e-05, 0.28617777777777775), (3, 0.06125, 0.025472222222222222), (3, 0.10841666666666666, 0.0281), (3, 0.00013333333333333334, 0.023688888888888888), (3, 0.0, 0.0005555555555555557), (0, 0, 0), (2, 0.0, 0.005061111111111111), (0, 0, 0), (4, 0.0, 0.017627777777777777), (0, 0, 0), (3, 0.09808333333333331, 0.2580777777777778), (4, 0.0, 0.00025), (2, 0.0, 0.05541666666666666)]","[(32209, 67.1, 10.109977777777777), (32211, 67.1, 10.081161111111111), (32210, 67.1, 10.11), (32209, 67.09991666666666, 9.823822222222221), (32209, 67.03875, 10.084527777777778), (32209, 66.99158333333332, 10.0819), (32209, 67.09986666666666, 10.08631111111111), (32209, 67.1, 10.109444444444444), (32212, 51.900000000000006, 6.1899999999999995), (32210, 51.900000000000006, 6.1849388888888885), (32212, 51.900000000000006, 6.1899999999999995), (32208, 51.900000000000006, 6.172372222222222), (32212, 51.900000000000006, 6.1899999999999995), (32209, 51.80191666666667, 5.931922222222222), (32208, 51.900000000000006, 6.189749999999999), (32210, 51.900000000000006, 6.134583333333333)]"
57,"[100.0, 100.0, 100.0, 100.0, 100.0, 100.0, 100.0, 100.0, 0.0, 100.0, 0.0, 100.0, 0.0, 100.0, 100.0, 100.0]","[1, 1, 1, 1, 1, 1, 1, 1, 0, 1, 0, 2, 0, 1, 2, 2]","[4.75, 4.75, 4.75, 4.75, 4.75, 4.75, 4.75, 4.75, 2.65, 5.05, 2.65, 5.05, 2.65, 5.05, 5.05, 5.05]","[1218.6951376844836, 554.2559608139378, 3148.573702267009, 1816.3564093671823, 2050.0788185255155, 3143.9889128247596, 2203.667785385733, 1078.4617245810634, 0, 2534.217953193593, 0, 3572.8981480372413, 0, 6377.347674662409, 2332.207209133274, 841.4004018420001]","[2810.3048623155164, 3474.7440391860623, 880.4262977329909, 2212.643590632818, 1978.9211814744845, 885.0110871752404, 1825.3322146142668, 2950.538275418937, 4029, 1494.782046806407, 4029, 456.1018519627587, 4029, -2348.347674662409, 1696.7927908667261, 3187.599598158]","[4029, 4029, 4029, 4029, 4029, 4029, 4029, 4029, 4029, 4029, 4029, 4029, 4029, 4029, 4029, 4029]","[4029, 4029, 4029, 4029, 4029, 4029, 4029, 4029, 0, 4029, 0, 4029, 0, 4029, 4029, 4029]","[(30.75773333333333, 11.004733333333336, 11.030333333333335), (98.56566666666669, 0.0007333333333333332, 0.0002666666666666667), (0.0, 0.0, 0.0), (226.49179999999998, 0.6, 0.19540000000000002), (298.49406666666664, 0.0016666666666666668, 0.005466666666666667), (205.5204, 0.03793333333333333, 0.025266666666666666), (269.134, 0.0016666666666666668, 0.0014666666666666665), (134.2176, 0.0033333333333333335, 0.0014), (0, 0, 0), (349.525, 5.339466666666667, 2.7218), (0, 0, 0), (489.33473333333336, 0.011666666666666665, 0.0077333333333333325), (0, 0, 0), (1756.0146000000002, 0.15113333333333331, 0.6404), (140.94486666666666, 11.933200000000003, 11.335800000000003), (380.6322, 0.33413333333333334, 0.06673333333333334)]","[(4264.242266666667, 1848.9952666666666, 988.9696666666666), (4196.434333333334, 1859.9992666666667, 999.9997333333333), (4295.0, 1860.0, 1000.0), (4068.5082, 1859.4, 999.8046), (3996.5059333333334, 1859.9983333333332, 999.9945333333334), (4089.4796, 1859.9620666666667, 999.9747333333333), (4025.866, 1859.9983333333332, 999.9985333333333), (4160.7824, 1859.9966666666667, 999.9986), (8192, 1800.0, 1525.0), (7842.475, 1794.6605333333334, 1522.2782), (8192, 1800.0, 1525.0), (7702.665266666667, 1799.9883333333332, 1524.9922666666666), (8192, 1800.0, 1525.0), (6435.9854, 1799.8488666666667, 1524.3596), (8051.055133333333, 1788.0668, 1513.6642), (7811.3678, 1799.6658666666667, 1524.9332666666667)]","[(3, 0.0, 2.2222222222222223e-05), (1, 0.0, 0.0016666666666666668), (2, 0.0, 0.0), (3, 0.00016666666666666666, 0.37338333333333334), (3, 0.0008666666666666667, 0.016138888888888887), (3, 0.00125, 0.027633333333333336), (3, 0.00031666666666666665, 0.026144444444444446), (3, 0.0, 0.0007111111111111111), (0, 0, 0), (2, 0.0, 0.01048888888888889), (0, 0, 0), (4, 0.0, 0.024644444444444445), (0, 0, 0), (3, 0.07565000000000001, 0.43214444444444444), (4, 0.0, 0.00025), (2, 0.0, 0.05689444444444444)]","[(32209, 67.1, 10.109977777777777), (32211, 67.1, 10.108333333333333), (32210, 67.1, 10.11), (32209, 67.09983333333332, 9.736616666666666), (32209, 67.09913333333333, 10.09386111111111), (32209, 67.09875, 10.082366666666665), (32209, 67.09968333333333, 10.083855555555555), (32209, 67.1, 10.109288888888889), (32212, 51.900000000000006, 6.1899999999999995), (32210, 51.900000000000006, 6.17951111111111), (32212, 51.900000000000006, 6.1899999999999995), (32208, 51.900000000000006, 6.165355555555555), (32212, 51.900000000000006, 6.1899999999999995), (32209, 51.82435, 5.757855555555555), (32208, 51.900000000000006, 6.189749999999999), (32210, 51.900000000000006, 6.133105555555555)]"
58,"[100.0, 100.0, 100.0, 100.0, 100.0, 100.0, 100.0, 100.0, 0.0, 100.0, 0.0, 100.0, 0.0, 100.0, 100.0, 100.0]","[1, 1, 1, 1, 1, 1, 1, 1, 0, 1, 0, 2, 0, 1, 2, 1]","[4.75, 4.75, 4.75, 4.75, 4.75, 4.75, 4.75, 4.75, 2.65, 5.05, 2.65, 5.05, 2.65, 5.05, 5.05, 5.05]","[1191.9840113790701, 597.6615481065954, 3425.7016103138403, 2230.3788262082307, 1896.4898516652977, 3601.346184986549, 2664.4346859663865, 0, 0, 5161.924842736884, 0, 3524.8026011094435, 0, 4197.939949575493, 1912.591032016412, 0]","[2837.01598862093, 3431.3384518934045, 603.2983896861597, 1798.6211737917693, 2132.5101483347025, 427.6538150134511, 1364.5653140336135, 4029, 4029, -1132.9248427368839, 4029, 504.19739889055654, 4029, -168.9399495754933, 2116.408967983588, 4029]","[4029, 4029, 4029, 4029, 4029, 4029, 4029, 4029, 4029, 4029, 4029, 4029, 4029, 4029, 4029, 4029]","[4029, 4029, 4029, 4029, 4029, 4029, 4029, 4029, 0, 4029, 0, 4029, 0, 4029, 4029, 4029]","[(30.932599999999997, 11.007200000000001, 11.033333333333335), (121.6344, 0.0005333333333333334, 0.0002), (0.0, 0.0, 0.0), (209.7148, 0.7276, 0.23566666666666664), (294.3, 0.001066666666666667, 0.005466666666666667), (130.0228, 0.042466666666666666, 0.027733333333333336), (369.09826666666675, 0.0032, 0.0020666666666666667), (268.4352, 0.0032666666666666664, 0.0013333333333333333), (0, 0, 0), (553.6476, 10.710466666666667, 4.053266666666667), (0, 0, 0), (478.15, 0.012133333333333331, 0.008933333333333335), (0, 0, 0), (1834.3084, 0.274, 0.7126), (110.40533333333336, 12.240866666666665, 11.6202), (99.0898, 0.018866666666666667, 0.014133333333333333)]","[(4264.0674, 1848.9928, 988.9666666666667), (4173.3656, 1859.9994666666666, 999.9998), (4295.0, 1860.0, 1000.0), (4085.2852, 1859.2724, 999.7643333333333), (4000.7, 1859.9989333333333, 999.9945333333334), (4164.9772, 1859.9575333333332, 999.9722666666667), (3925.901733333333, 1859.9968, 999.9979333333333), (4026.5648, 1859.9967333333334, 999.9986666666666), (8192, 1800.0, 1525.0), (7638.3524, 1789.2895333333333, 1520.9467333333334), (8192, 1800.0, 1525.0), (7713.85, 1799.9878666666666, 1524.9910666666667), (8192, 1800.0, 1525.0), (6357.6916, 1799.726, 1524.2874), (8081.594666666667, 1787.7591333333332, 1513.3798), (8092.9102, 1799.9811333333334, 1524.9858666666667)]","[(3, 0.0, 2.2222222222222223e-05), (1, 0.0, 0.0015388888888888887), (2, 0.0, 0.0), (3, 0.00021666666666666668, 0.5190777777777777), (3, 0.0002, 0.014294444444444445), (3, 0.0008, 0.02777777777777778), (3, 0.2675166666666666, 0.1220111111111111), (3, 0.0, 0.00065), (0, 0, 0), (2, 0.0, 0.008927777777777778), (0, 0, 0), (4, 1.666666666666667e-05, 0.029238888888888887), (0, 0, 0), (3, 5e-05, 0.20435555555555557), (4, 0.0, 0.00024444444444444443), (1, 0.022783333333333336, 0.053844444444444445)]","[(32209, 67.1, 10.109977777777777), (32211, 67.1, 10.10846111111111), (32210, 67.1, 10.11), (32209, 67.09978333333333, 9.590922222222222), (32209, 67.09979999999999, 10.095705555555554), (32209, 67.0992, 10.08222222222222), (32209, 66.83248333333333, 9.987988888888887), (32209, 67.1, 10.10935), (32212, 51.900000000000006, 6.1899999999999995), (32210, 51.900000000000006, 6.181072222222221), (32212, 51.900000000000006, 6.1899999999999995), (32208, 51.89998333333334, 6.1607611111111105), (32212, 51.900000000000006, 6.1899999999999995), (32209, 51.899950000000004, 5.985644444444444), (32208, 51.900000000000006, 6.189755555555555), (32211, 51.87721666666667, 6.136155555555555)]"
59,"[100.0, 100.0, 100.0, 100.0, 100.0, 100.0, 100.0, 100.0, 0.0, 100.0, 0.0, 100.0, 0.0, 100.0, 99.97517994539588, 100.0]","[1, 1, 1, 1, 1, 1, 2, 1, 0, 1, 0, 2, 0, 1, 2, 1]","[4.75, 4.75, 4.75, 4.75, 4.75, 4.75, 4.75, 4.75, 2.65, 5.05, 2.65, 5.05, 2.65, 5.05, 5.048237776123107, 5.05]","[0, 0, 3442.3960626058183, 1318.8617310662446, 2227.0400194731583, 3261.75156374067, 2939.492595461991, 1876.4565081617916, 0, 3255.4183193198332, 0, 3978.2207689362235, 0, 7242.4329137289415, 1933.4140224084401, 884.1326637750533]","[4029, 4029, 586.6039373941817, 2710.138268933755, 1801.9599805268417, 767.24843625933, 1089.5074045380088, 2152.5434918382084, 4029, 773.5816806801668, 4029, 50.77923106377648, 4029, -3213.4329137289415, 2095.5859775915596, 3144.8673362249465]","[4029, 4029, 4029, 4029, 4029, 4029, 4029, 4029, 4029, 4029, 4029, 4029, 4029, 4029, 4029, 4029]","[4029, 4029, 4029, 4029, 4029, 4029, 4029, 4029, 0, 4029, 0, 4029, 0, 4029, 4028, 4029]","[(29.2284, 11.277066666666668, 11.304066666666667), (125.82866666666669, 0.0007333333333333332, 0.0002666666666666667), (0.0, 0.0, 0.0), (255.852, 0.40273333333333333, 0.13053333333333333), (234.18133333333338, 0.0016666666666666668, 0.0016), (110.44946666666667, 0.04046666666666667, 0.026666666666666672), (685.0687333333333, 0.0038666666666666667, 0.003), (258.64820000000003, 0.019533333333333337, 0.0016), (0, 0, 0), (503.316, 17.2942, 4.714533333333334), (0, 0, 0), (439.0032, 0.016933333333333335, 0.011066666666666666), (0, 0, 0), (1937.767933333333, 0.2582, 0.7142000000000001), (120.19213333333335, 9.366733333333334, 8.748133333333334), (128.62506666666664, 0.00046666666666666666, 0.0014)]","[(4265.7716, 1848.7229333333332, 988.6959333333333), (4169.171333333334, 1859.9992666666667, 999.9997333333333), (4295.0, 1860.0, 1000.0), (4039.148, 1859.5972666666667, 999.8694666666667), (4060.8186666666666, 1859.9983333333332, 999.9984), (4184.550533333333, 1859.9595333333334, 999.9733333333334), (3609.9312666666665, 1859.9961333333333, 999.997), (4036.3518, 1859.9804666666666, 999.9984), (8192, 1800.0, 1525.0), (7688.684, 1782.7058, 1520.2854666666667), (8192, 1800.0, 1525.0), (7752.9968, 1799.9830666666667, 1524.9889333333333), (8192, 1800.0, 1525.0), (6254.232066666667, 1799.7418, 1524.2858), (8071.807866666667, 1790.6332666666667, 1516.2518666666667), (8063.3749333333335, 1799.9995333333334, 1524.9986)]","[(3, 0.0, 2.2222222222222223e-05), (1, 0.0, 0.00165), (2, 0.0, 0.0), (3, 5e-05, 0.20164999999999994), (3, 0.0006666666666666666, 0.02163888888888889), (3, 0.00011666666666666667, 0.02971666666666666), (5, 0.005, 0.02827777777777778), (3, 0.05115, 0.03694444444444444), (0, 0, 0), (2, 2.327875, 0.009094444444444445), (0, 0, 0), (4, 0.0, 0.018466666666666666), (0, 0, 0), (3, 0.17391666666666664, 0.4805555555555557), (4, 0.0, 0.00025), (2, 0.0705, 0.025599999999999998)]","[(32209, 67.1, 10.109977777777777), (32211, 67.1, 10.10835), (32210, 67.1, 10.11), (32209, 67.09994999999999, 9.908349999999999), (32209, 67.09933333333333, 10.08836111111111), (32209, 67.09988333333332, 10.080283333333332), (32207, 67.095, 10.081722222222222), (32209, 67.04884999999999, 10.073055555555555), (32212, 51.900000000000006, 6.1899999999999995), (32210, 49.57212500000001, 6.180905555555555), (32212, 51.900000000000006, 6.1899999999999995), (32208, 51.900000000000006, 6.171533333333333), (32212, 51.900000000000006, 6.1899999999999995), (32209, 51.72608333333334, 5.709444444444443), (32208, 51.900000000000006, 6.189749999999999), (32210, 51.8295, 6.1644)]"
60,"[100.0, 0.0, 100.0, 100.0, 100.0, 100.0, 100.0, 100.0, 0.0, 100.0, 0.0, 100.0, 0.0, 100.0, 100.0, 100.0]","[1, 0, 1, 1, 1, 1, 2, 1, 0, 1, 0, 2, 0, 1, 3, 1]","[4.75, 2.45, 4.75, 4.75, 4.75, 4.75, 4.75, 4.75, 2.65, 5.05, 2.65, 5.05, 2.65, 5.05, 5.05, 5.05]","[1364.7688631682443, 0, 3475.784967189774, 1425.7062257349019, 1766.2731188925045, 3502.7541981732297, 3195.8431657783804, 1328.8784523992754, 0, 0, 0, 3992.176553130582, 0, 3861.0120143601066, 3755.0129774001143, 845.5631180399]","[2664.231136831756, 4029, 553.2150328102261, 2603.2937742650984, 2262.7268811074955, 526.2458018267703, 833.1568342216196, 2700.1215476007246, 4029, 4029, 4029, 36.82344686941815, 4029, 167.9879856398934, 273.9870225998857, 3183.4368819601]","[4029, 4029, 4029, 4029, 4029, 4029, 4029, 4029, 4029, 4029, 4029, 4029, 4029, 4029, 4029, 4029]","[4029, 0, 4029, 4029, 4029, 4029, 4029, 4029, 0, 4029, 0, 4029, 0, 4029, 4029, 4029]","[(402.65259999999995, 0.0, 0.0), (0, 0, 0), (0.0, 0.0, 0.0), (213.9092, 0.46873333333333334, 0.15180000000000002), (242.57, 0.0003333333333333333, 0.0004), (119.5372, 0.03373333333333334, 0.02686666666666667), (572.5215333333333, 0.0037999999999999996, 0.0036), (328.5534, 0.0005333333333333334, 0.0006), (0, 0, 0), (570.4248, 42.85653333333333, 4.105333333333333), (0, 0, 0), (499.8204, 0.039999999999999994, 0.020066666666666667), (0, 0, 0), (2088.762666666667, 0.21493333333333337, 0.8076), (520.9658, 11.998066666666665, 11.130066666666668), (120.23626666666664, 0.0, 0.001066666666666667)]","[(3892.3474, 1860.0, 1000.0), (4295, 1860.0, 1000.0), (4295.0, 1860.0, 1000.0), (4081.0908, 1859.5312666666666, 999.8482), (4052.43, 1859.9996666666666, 999.9996), (4175.4628, 1859.9662666666666, 999.9731333333333), (3722.4784666666665, 1859.9962, 999.9964), (3966.4466, 1859.9994666666666, 999.9994), (8192, 1800.0, 1525.0), (7621.5752, 1757.1434666666667, 1520.8946666666666), (8192, 1800.0, 1525.0), (7692.1796, 1799.96, 1524.9799333333333), (8192, 1800.0, 1525.0), (6103.237333333333, 1799.7850666666666, 1524.1924), (7671.0342, 1788.0019333333332, 1513.8699333333334), (8071.763733333333, 1800.0, 1524.9989333333333)]","[(3, 0.1085, 0.004066666666666666), (0, 0, 0), (2, 0.0, 0.0), (3, 3.3333333333333335e-05, 0.2765777777777778), (3, 6.666666666666667e-05, 0.009744444444444444), (3, 0.0013666666666666669, 0.04000555555555556), (5, 0.006033333333333334, 0.03380000000000001), (3, 0.06125, 0.025472222222222222), (0, 0, 0), (2, 0.0, 0.005988888888888888), (0, 0, 0), (4, 0.0, 0.02077222222222222), (0, 0, 0), (3, 6.666666666666667e-05, 0.18205555555555555), (7, 0.1085, 0.0044222222222222215), (2, 1.666666666666667e-05, 0.0006111111111111112)]","[(32209, 66.99149999999999, 10.105933333333333), (32212, 67.1, 10.11), (32210, 67.1, 10.11), (32209, 67.09996666666666, 9.833422222222222), (32209, 67.09993333333333, 10.100255555555554), (32209, 67.09863333333332, 10.069994444444443), (32207, 67.09396666666666, 10.0762), (32209, 67.03875, 10.084527777777778), (32212, 51.900000000000006, 6.1899999999999995), (32210, 51.900000000000006, 6.1840111111111105), (32212, 51.900000000000006, 6.1899999999999995), (32208, 51.900000000000006, 6.1692277777777775), (32212, 51.900000000000006, 6.1899999999999995), (32209, 51.89993333333334, 6.007944444444444), (32205, 51.791500000000006, 6.185577777777778), (32210, 51.89998333333334, 6.189388888888889)]"
61,"[100.0, 0.0, 100.0, 100.0, 100.0, 100.0, 100.0, 100.0, 100.0, 0.0, 0.0, 100.0, 0.0, 100.0, 100.0, 100.0]","[1, 0, 1, 1, 1, 1, 2, 1, 1, 0, 0, 2, 0, 1, 3, 1]","[4.75, 2.45, 4.75, 4.75, 4.75, 4.75, 4.75, 4.75, 5.05, 2.65, 2.65, 5.05, 2.65, 5.05, 5.05, 5.05]","[1691.1266347954333, 0, 3732.8795324862313, 2036.723179621289, 1993.317678598913, 2935.85027399664, 3078.6373839781436, 2050.0788185255155, 731.2170323801198, 0, 0, 3854.643011506372, 0, 4753.41573466032, 4082.7606191210216, 809.96046043822]","[2337.8733652045667, 4029, 296.12046751376874, 1992.276820378711, 2035.682321401087, 1093.1497260033598, 950.3626160218564, 1978.9211814744845, 3297.7829676198803, 4029, 4029, 174.3569884936278, 4029, -724.4157346603197, -53.76061912102159, 3219.0395395617797]","[4029, 4029, 4029, 4029, 4029, 4029, 4029, 4029, 4029, 4029, 4029, 4029, 4029, 4029, 4029, 4029]","[4029, 0, 4029, 4029, 4029, 4029, 4029, 4029, 4029, 0, 0, 4029, 0, 4029, 4029, 4029]","[(339.738, 0.0, 0.0), (0, 0, 0), (0.0, 0.0, 0.0), (212.51093333333333, 0.6914, 0.224), (231.3854, 0.0005333333333333334, 0.0008), (105.55626666666666, 0.03646666666666667, 0.024466666666666664), (562.7348, 0.005266666666666667, 0.011266666666666668), (298.49406666666664, 0.0016666666666666668, 0.005466666666666667), (178.9568, 0.0019333333333333331, 0.0014666666666666665), (0, 0, 0), (0, 0, 0), (502.6166, 0.019266666666666668, 0.013666666666666669), (0, 0, 0), (1599.4273999999998, 0.17526666666666668, 1.018), (476.0955333333333, 10.157133333333334, 8.999466666666667), (72.7008, 6.666666666666668e-05, 0.0015333333333333334)]","[(3955.262, 1860.0, 1000.0), (4295, 1860.0, 1000.0), (4295.0, 1860.0, 1000.0), (4082.4890666666665, 1859.3086, 999.776), (4063.6146, 1859.9994666666666, 999.9992), (4189.4437333333335, 1859.9635333333333, 999.9755333333334), (3732.2652, 1859.9947333333334, 999.9887333333334), (3996.5059333333334, 1859.9983333333332, 999.9945333333334), (8013.0432, 1799.9980666666668, 1524.9985333333334), (8192, 1800.0, 1525.0), (8192, 1800.0, 1525.0), (7689.3834, 1799.9807333333333, 1524.9863333333333), (8192, 1800.0, 1525.0), (6592.5726, 1799.8247333333334, 1523.982), (7715.904466666667, 1789.8428666666666, 1516.0005333333334), (8119.2992, 1799.9999333333333, 1524.9984666666667)]","[(3, 0.2122, 0.00935), (0, 0, 0), (2, 0.0, 0.0), (3, 0.0002333333333333333, 0.49188333333333323), (3, 6.666666666666667e-05, 0.011649999999999999), (3, 0.0, 0.024422222222222224), (5, 0.0012500000000000002, 0.03582222222222222), (3, 0.0008666666666666667, 0.016138888888888887), (1, 0.36411666666666676, 0.01315), (0, 0, 0), (0, 0, 0), (4, 0.0, 0.02271111111111111), (0, 0, 0), (3, 0.0005166666666666667, 0.18142777777777777), (7, 0.2122, 0.009605555555555556), (2, 0.0, 0.0005666666666666668)]","[(32209, 66.8878, 10.10065), (32212, 67.1, 10.11), (32210, 67.1, 10.11), (32209, 67.09976666666667, 9.618116666666666), (32209, 67.09993333333333, 10.09835), (32209, 67.1, 10.085577777777777), (32207, 67.09875, 10.074177777777777), (32209, 67.09913333333333, 10.09386111111111), (32211, 51.53588333333334, 6.176849999999999), (32212, 51.900000000000006, 6.1899999999999995), (32212, 51.900000000000006, 6.1899999999999995), (32208, 51.900000000000006, 6.167288888888889), (32212, 51.900000000000006, 6.1899999999999995), (32209, 51.899483333333336, 6.008572222222222), (32205, 51.6878, 6.180394444444444), (32210, 51.900000000000006, 6.189433333333333)]"
62,"[100.0, 0.0, 100.0, 100.0, 100.0, 100.0, 100.0, 100.0, 100.0, 0.0, 0.0, 100.0, 0.0, 100.0, 100.0, 100.0]","[1, 0, 1, 1, 1, 1, 2, 1, 1, 0, 0, 2, 0, 1, 3, 1]","[4.75, 2.45, 4.75, 4.75, 4.75, 4.75, 4.75, 4.75, 5.05, 2.65, 2.65, 5.05, 2.65, 5.05, 5.05, 5.05]","[1254.9939763481898, 0, 3782.9628893621643, 1769.6119429496443, 1889.8120704974624, 2837.2582871833197, 3198.0843100340617, 1896.4898516652977, 657.7614400862267, 0, 0, 3758.4519176507774, 0, 5117.662151109386, 2640.759153205521, 1317.2983312621604]","[2774.00602365181, 4029, 246.03711063783567, 2259.3880570503557, 2139.1879295025374, 1191.7417128166803, 830.9156899659383, 2132.5101483347025, 3371.2385599137733, 4029, 4029, 270.54808234922257, 4029, -1088.6621511093863, 1388.2408467944788, 2711.7016687378396]","[4029, 4029, 4029, 4029, 4029, 4029, 4029, 4029, 4029, 4029, 4029, 4029, 4029, 4029, 4029, 4029]","[4029, 0, 4029, 4029, 4029, 4029, 4029, 4029, 4029, 0, 0, 4029, 0, 4029, 4029, 4029]","[(343.93240000000003, 0.0, 0.0), (0, 0, 0), (0.0, 0.0, 0.0), (190.14146666666667, 0.5508, 0.17880000000000001), (253.7549333333333, 0.0006666666666666666, 0.0008), (111.8476, 0.035666666666666666, 0.024), (580.9101333333333, 0.003933333333333333, 0.004), (294.3, 0.001066666666666667, 0.005466666666666667), (192.93779999999998, 0.003933333333333333, 0.0014666666666666665), (0, 0, 0), (0, 0, 0), (451.586, 0.0184, 0.012733333333333333), (0, 0, 0), (1652.5552, 0.23406666666666665, 1.0530666666666666), (482.0816, 10.918733333333334, 10.080133333333333), (75.49706666666667, 0.0, 0.001066666666666667)]","[(3951.0676, 1860.0, 1000.0), (4295, 1860.0, 1000.0), (4295.0, 1860.0, 1000.0), (4104.858533333333, 1859.4492, 999.8212), (4041.245066666667, 1859.9993333333334, 999.9992), (4183.1524, 1859.9643333333333, 999.976), (3714.0898666666667, 1859.9960666666666, 999.996), (4000.7, 1859.9989333333333, 999.9945333333334), (7999.0622, 1799.9960666666666, 1524.9985333333334), (8192, 1800.0, 1525.0), (8192, 1800.0, 1525.0), (7740.414, 1799.9816, 1524.9872666666668), (8192, 1800.0, 1525.0), (6539.4448, 1799.7659333333334, 1523.9469333333334), (7709.9184000000005, 1789.0812666666666, 1514.9198666666666), (8116.502933333333, 1800.0, 1524.9989333333333)]","[(3, 0.020033333333333334, 0.0038777777777777777), (0, 0, 0), (2, 0.0, 0.0), (3, 0.00013333333333333334, 0.3462888888888889), (3, 0.00018333333333333334, 0.015666666666666666), (3, 0.0, 0.028383333333333337), (5, 0.0003333333333333333, 0.033883333333333335), (3, 0.0002, 0.014294444444444445), (1, 0.26766666666666666, 0.015294444444444444), (0, 0, 0), (0, 0, 0), (4, 0.0, 0.018855555555555556), (0, 0, 0), (3, 6.666666666666667e-05, 0.19762222222222223), (7, 0.020033333333333334, 0.004111111111111111), (2, 1.666666666666667e-05, 0.0007)]","[(32209, 67.07996666666666, 10.106122222222222), (32212, 67.1, 10.11), (32210, 67.1, 10.11), (32209, 67.09986666666666, 9.76371111111111), (32209, 67.09981666666665, 10.094333333333333), (32209, 67.1, 10.081616666666665), (32207, 67.09966666666666, 10.076116666666666), (32209, 67.09979999999999, 10.095705555555554), (32211, 51.63233333333334, 6.174705555555555), (32212, 51.900000000000006, 6.1899999999999995), (32212, 51.900000000000006, 6.1899999999999995), (32208, 51.900000000000006, 6.171144444444444), (32212, 51.900000000000006, 6.1899999999999995), (32209, 51.89993333333334, 5.992377777777778), (32205, 51.879966666666675, 6.185888888888888), (32210, 51.89998333333334, 6.189299999999999)]"
63,"[100.0, 0.0, 100.0, 100.0, 100.0, 100.0, 100.0, 100.0, 100.0, 0.0, 0.0, 100.0, 100.0, 100.0, 100.0, 100.0]","[1, 0, 1, 1, 1, 1, 2, 1, 1, 0, 0, 2, 1, 1, 2, 1]","[4.75, 2.45, 4.75, 4.75, 4.75, 4.75, 4.75, 4.75, 5.05, 2.65, 2.65, 5.05, 5.05, 5.05, 5.05, 5.05]","[1266.8615316800874, 0, 3388.973815271489, 1292.1506073990797, 2103.5010678682, 2777.0076285751793, 2884.6188581081155, 2227.0400194731583, 711.18368902724, 0, 0, 3605.424372980647, 2240.395480738335, 4122.055279481939, 1266.8615316800874, 0]","[2762.1384683199126, 4029, 640.026184728511, 2736.8493926009205, 1925.4989321317998, 1251.9923714248207, 1144.3811418918845, 1801.9599805268417, 3317.81631097276, 4029, 4029, 423.57562701935285, 1788.6045192616648, -93.05527948193867, 2762.1384683199126, 4029]","[4029, 4029, 4029, 4029, 4029, 4029, 4029, 4029, 4029, 4029, 4029, 4029, 4029, 4029, 4029, 4029]","[4029, 0, 4029, 4029, 4029, 4029, 4029, 4029, 4029, 0, 0, 4029, 4029, 4029, 4029, 4029]","[(306.18359999999996, 0.0, 0.0), (0, 0, 0), (0.0, 0.0, 0.0), (198.53, 0.4244, 0.13933333333333334), (244.66713333333328, 0.0014666666666666665, 0.0012), (115.3428, 0.03426666666666667, 0.023266666666666665), (598.3866, 0.003, 0.0030666666666666663), (234.18133333333338, 0.0016666666666666668, 0.0016), (134.2176, 0.002, 0.0014), (0, 0, 0), (0, 0, 0), (427.8183333333333, 0.020399999999999998, 0.011266666666666668), (973.0777333333333, 0.10640000000000001, 0.744), (1744.8298, 0.16613333333333333, 0.7657333333333333), (406.84659999999997, 0.7605333333333333, 0.005333333333333333), (114.64386666666668, 0.0, 0.0011333333333333332)]","[(3988.8164, 1860.0, 1000.0), (4295, 1860.0, 1000.0), (4295.0, 1860.0, 1000.0), (4096.47, 1859.5756, 999.8606666666667), (4050.3328666666666, 1859.9985333333334, 999.9988), (4179.6572, 1859.9657333333334, 999.9767333333333), (3696.6134, 1859.997, 999.9969333333333), (4060.8186666666666, 1859.9983333333332, 999.9984), (8057.7824, 1799.998, 1524.9986), (8192, 1800.0, 1525.0), (8192, 1800.0, 1525.0), (7764.181666666666, 1799.9796, 1524.9887333333334), (7218.9222666666665, 1799.8936, 1524.256), (6447.1702000000005, 1799.8338666666666, 1524.2342666666666), (7785.1534, 1799.2394666666667, 1524.9946666666667), (8077.356133333334, 1800.0, 1524.9988666666666)]","[(3, 0.008033333333333333, 0.003372222222222222), (0, 0, 0), (2, 0.0, 0.0), (3, 1.666666666666667e-05, 0.19247222222222224), (3, 0.00015, 0.019816666666666666), (3, 0.0, 0.027411111111111112), (5, 0.0010833333333333333, 0.02857222222222222), (3, 0.0006666666666666666, 0.02163888888888889), (1, 0.2701, 0.013050000000000004), (0, 0, 0), (0, 0, 0), (4, 0.0, 0.029844444444444448), (3, 0.0, 0.025061111111111114), (3, 5e-05, 0.15916666666666668), (4, 0.008033333333333333, 0.0036055555555555554), (2, 0.0, 0.0006555555555555555)]","[(32209, 67.09196666666666, 10.106627777777778), (32212, 67.1, 10.11), (32210, 67.1, 10.11), (32209, 67.09998333333333, 9.917527777777778), (32209, 67.09984999999999, 10.090183333333332), (32209, 67.1, 10.082588888888889), (32207, 67.09891666666667, 10.081427777777778), (32209, 67.09933333333333, 10.08836111111111), (32211, 51.629900000000006, 6.17695), (32212, 51.900000000000006, 6.1899999999999995), (32212, 51.900000000000006, 6.1899999999999995), (32208, 51.900000000000006, 6.160155555555555), (32209, 51.900000000000006, 6.164938888888888), (32209, 51.899950000000004, 6.030833333333333), (32208, 51.891966666666676, 6.186394444444444), (32210, 51.900000000000006, 6.189344444444444)]"
64,"[100.0, 0.0, 100.0, 100.0, 100.0, 100.0, 100.0, 100.0, 100.0, 0.0, 0.0, 100.0, 100.0, 100.0, 100.0, 100.0]","[1, 0, 1, 1, 1, 1, 2, 1, 1, 0, 0, 2, 1, 1, 1, 1]","[4.75, 2.45, 4.75, 4.75, 4.75, 4.75, 4.75, 4.75, 5.05, 2.65, 2.65, 5.05, 5.05, 5.05, 5.05, 5.05]","[1204.5568661876246, 0, 0, 961.60045201792, 2073.45105261294, 3089.2155868173595, 2939.5291167413598, 1766.2731188925045, 0, 0, 0, 3300.231959800548, 1332.217282883153, 2995.9267752935734, 1204.5568661876246, 3752.9130163235823]","[2824.4431338123754, 4029, 4029, 3067.39954798208, 1955.5489473870598, 939.7844131826405, 1089.4708832586402, 2262.7268811074955, 4029, 4029, 4029, 728.7680401994521, 2696.782717116847, 1033.0732247064266, 2824.4431338123754, 276.08698367641773]","[4029, 4029, 4029, 4029, 4029, 4029, 4029, 4029, 4029, 4029, 4029, 4029, 4029, 4029, 4029, 4029]","[4029, 0, 4029, 4029, 4029, 4029, 4029, 4029, 4029, 0, 0, 4029, 4029, 4029, 4029, 4029]","[(322.961, 0.0, 0.0), (0, 0, 0), (0.0, 0.0, 0.0), (194.33579999999998, 0.31493333333333334, 0.10186666666666666), (254.4540666666667, 0.0026, 0.0088), (111.1486, 0.03153333333333334, 0.0434), (594.1919333333333, 0.003333333333333333, 0.003333333333333333), (242.57, 0.0003333333333333333, 0.0004), (226.49220000000003, 0.0016666666666666668, 0.0014), (0, 0, 0), (0, 0, 0), (649.4171333333334, 0.0182, 0.0116), (805.3058666666667, 0.081, 0.3894666666666666), (1400.8971999999999, 0.20986666666666667, 0.7470666666666668), (322.961, 0.0, 0.0), (388.67179999999996, 7.663399999999999, 2.4918666666666667)]","[(3972.0389999999998, 1860.0, 1000.0), (4295, 1860.0, 1000.0), (4295.0, 1860.0, 1000.0), (4100.6642, 1859.6850666666667, 999.8981333333334), (4040.5459333333333, 1859.9974, 999.9912), (4183.8514, 1859.9684666666667, 999.9566), (3700.8080666666665, 1859.9966666666667, 999.9966666666667), (4052.43, 1859.9996666666666, 999.9996), (7965.5078, 1799.9983333333332, 1524.9986), (8192, 1800.0, 1525.0), (8192, 1800.0, 1525.0), (7542.582866666667, 1799.9818, 1524.9884), (7386.694133333333, 1799.919, 1524.6105333333333), (6791.102800000001, 1799.7901333333334, 1524.2529333333334), (7869.039, 1800.0, 1525.0), (7803.3282, 1792.3366, 1522.5081333333333)]","[(3, 0.007916666666666667, 0.003444444444444445), (0, 0, 0), (2, 0.0, 0.0), (3, 0.0, 0.12192777777777777), (3, 0.00011666666666666667, 0.017588888888888887), (3, 0.0009, 0.029877777777777774), (5, 0.19915000000000002, 0.029322222222222222), (3, 6.666666666666667e-05, 0.009744444444444444), (1, 0.27021666666666666, 0.012733333333333334), (0, 0, 0), (0, 0, 0), (4, 1.666666666666667e-05, 0.02751111111111111), (3, 0.0, 0.023311111111111112), (3, 5e-05, 0.10956111111111111), (3, 0.007916666666666667, 0.003444444444444445), (2, 0.0, 0.016355555555555557)]","[(32209, 67.09208333333332, 10.106555555555556), (32212, 67.1, 10.11), (32210, 67.1, 10.11), (32209, 67.1, 9.988072222222222), (32209, 67.09988333333332, 10.09241111111111), (32209, 67.09909999999999, 10.080122222222222), (32207, 66.90084999999999, 10.080677777777778), (32209, 67.09993333333333, 10.100255555555554), (32211, 51.629783333333336, 6.177266666666666), (32212, 51.900000000000006, 6.1899999999999995), (32212, 51.900000000000006, 6.1899999999999995), (32208, 51.89998333333334, 6.1624888888888885), (32209, 51.900000000000006, 6.166688888888888), (32209, 51.899950000000004, 6.080438888888889), (32209, 51.89208333333334, 6.186555555555555), (32210, 51.900000000000006, 6.173644444444444)]"
65,"[100.0, 0.0, 0.0, 100.0, 100.0, 100.0, 100.0, 100.0, 100.0, 100.0, 0.0, 99.97517994539588, 100.0, 100.0, 100.0, 100.0]","[1, 0, 0, 2, 1, 1, 2, 1, 1, 1, 0, 2, 1, 1, 1, 1]","[4.75, 2.45, 2.45, 4.75, 4.75, 4.75, 4.75, 4.75, 5.05, 5.05, 2.65, 5.048237776123107, 5.05, 5.05, 5.05, 5.05]","[1252.0270875152155, 0, 0, 1412.3507359967198, 2293.817831151513, 2842.73561978406, 2424.223959850102, 1993.317678598913, 881.4670876440003, 3121.8625785998443, 0, 1168.6115386248337, 888.1448552554355, 3697.1011269580267, 1252.0270875152155, 2794.65141873918]","[2776.9729124847845, 4029, 4029, 2616.64926400328, 1735.182168848487, 1186.26438021594, 1604.776040149898, 2035.682321401087, 3147.5329123559995, 907.1374214001557, 4029, 2860.388461375166, 3140.8551447445643, 331.8988730419733, 2776.9729124847845, 1234.34858126082]","[4029, 4029, 4029, 4029, 4029, 4029, 4029, 4029, 4029, 4029, 4029, 4029, 4029, 4029, 4029, 4029]","[4029, 0, 0, 4029, 4029, 4029, 4029, 4029, 4029, 4029, 0, 4028, 4029, 4029, 4029, 4029]","[(301.98940000000005, 0.0, 0.0), (0, 0, 0), (0, 0, 0), (645.9221333333334, 0.3729333333333334, 0.11793333333333333), (268.435, 0.0018666666666666666, 0.0016), (97.86666666666669, 0.0338, 0.023066666666666666), (551.5499333333332, 0.0014666666666666665, 0.0019333333333333333), (231.3854, 0.0005333333333333334, 0.0008), (95.9442, 0.019933333333333334, 0.0208), (0.0, 0.0, 0.0), (0, 0, 0), (536.8698666666667, 0.015133333333333332, 0.011066666666666666), (624.9507333333332, 0.08693333333333333, 0.30760000000000004), (1361.7504, 0.15293333333333334, 0.6102666666666667), (301.98940000000005, 0.0, 0.0), (651.5146, 19.004533333333335, 2.486266666666667)]","[(3993.0106, 1860.0, 1000.0), (4295, 1860.0, 1000.0), (4295, 1860.0, 1000.0), (3649.0778666666665, 1859.6270666666667, 999.8820666666667), (4026.565, 1859.9981333333333, 999.9984), (4197.133333333333, 1859.9662, 999.9769333333334), (3743.4500666666668, 1859.9985333333334, 999.9980666666667), (4063.6146, 1859.9994666666666, 999.9992), (8096.0558, 1799.9800666666667, 1524.9792), (8192.0, 1800.0, 1525.0), (8192, 1800.0, 1525.0), (7655.130133333333, 1799.9848666666667, 1524.9889333333333), (7567.049266666667, 1799.9130666666667, 1524.6924), (6830.2496, 1799.8470666666667, 1524.3897333333334), (7890.0106, 1800.0, 1525.0), (7540.4854, 1780.9954666666667, 1522.5137333333332)]","[(3, 0.00785, 0.003533333333333333), (0, 0, 0), (0, 0, 0), (5, 0.012783333333333334, 0.20460000000000006), (3, 0.00013333333333333334, 0.023688888888888888), (3, 0.0, 0.02947777777777778), (5, 0.04195, 0.013600000000000001), (3, 6.666666666666667e-05, 0.011649999999999999), (1, 0.0012, 0.05558333333333333), (2, 0.0, 0.0), (0, 0, 0), (4, 0.0, 0.01915), (3, 0.0, 0.013066666666666667), (3, 5e-05, 0.17994444444444446), (3, 0.00785, 0.003533333333333333), (2, 0.0, 0.0053)]","[(32209, 67.09214999999999, 10.106466666666666), (32212, 67.1, 10.11), (32212, 67.1, 10.11), (32207, 67.08721666666666, 9.9054), (32209, 67.09986666666666, 10.08631111111111), (32209, 67.1, 10.080522222222221), (32207, 67.05805, 10.0964), (32209, 67.09993333333333, 10.09835), (32211, 51.89880000000001, 6.134416666666666), (32210, 51.900000000000006, 6.1899999999999995), (32212, 51.900000000000006, 6.1899999999999995), (32208, 51.900000000000006, 6.17085), (32209, 51.900000000000006, 6.1769333333333325), (32209, 51.899950000000004, 6.010055555555555), (32209, 51.89215000000001, 6.186466666666666), (32210, 51.900000000000006, 6.184699999999999)]"
66,"[100.0, 0.0, 0.0, 100.0, 100.0, 100.0, 100.0, 100.0, 100.0, 100.0, 100.0, 100.0, 100.0, 100.0, 100.0, 100.0]","[1, 0, 0, 2, 1, 1, 2, 1, 1, 1, 1, 1, 1, 1, 1, 1]","[4.75, 2.45, 2.45, 4.75, 4.75, 4.75, 4.75, 4.75, 5.05, 5.05, 5.05, 5.05, 5.05, 5.05, 5.05, 5.05]","[1225.3250880184453, 0, 0, 4080.124238135171, 0, 2867.38361648739, 3001.108026222598, 1889.8120704974624, 754.589249271, 3065.1014408071205, 1158.5948682937635, 1763.7010974382797, 1101.8338429860667, 3545.3317867709156, 1225.3250880184453, 1739.5619942211624]","[2803.674911981555, 4029, 4029, -51.1242381351708, 4029, 1161.61638351261, 1027.8919737774022, 2139.1879295025374, 3274.410750729, 963.8985591928795, 2870.4051317062367, 2265.2989025617203, 2927.166157013933, 483.66821322908436, 2803.674911981555, 2289.4380057788376]","[4029, 4029, 4029, 4029, 4029, 4029, 4029, 4029, 4029, 4029, 4029, 4029, 4029, 4029, 4029, 4029]","[4029, 0, 0, 4029, 4029, 4029, 4029, 4029, 4029, 4029, 4029, 4029, 4029, 4029, 4029, 4029]","[(328.5532, 0.0, 0.0), (0, 0, 0), (0, 0, 0), (745.8862666666668, 0.5858666666666666, 0.35906666666666665), (269.134, 0.0016666666666666668, 0.0014666666666666665), (98.5656, 0.03406666666666667, 0.023066666666666666), (566.2298000000001, 0.0037999999999999996, 0.0037333333333333333), (253.7549333333333, 0.0006666666666666666, 0.0008), (96.9928, 0.020133333333333333, 0.014066666666666665), (0.0, 0.0, 0.0), (99.26446666666666, 0.0004, 0.0014), (39.146666666666654, 0.29753333333333337, 0.0019333333333333331), (641.7282666666667, 0.07759999999999999, 0.331), (1420.4706, 0.1998, 0.6669333333333333), (328.5532, 0.0, 0.0), (369.0984, 16.1096, 2.579733333333333)]","[(3966.4468, 1860.0, 1000.0), (4295, 1860.0, 1000.0), (4295, 1860.0, 1000.0), (3549.113733333333, 1859.4141333333334, 999.6409333333334), (4025.866, 1859.9983333333332, 999.9985333333333), (4196.4344, 1859.9659333333334, 999.9769333333334), (3728.7702, 1859.9962, 999.9962666666667), (4041.245066666667, 1859.9993333333334, 999.9992), (8095.0072, 1799.9798666666666, 1524.9859333333334), (8192.0, 1800.0, 1525.0), (8092.7355333333335, 1799.9996, 1524.9986), (8152.8533333333335, 1799.7024666666666, 1524.9980666666668), (7550.271733333333, 1799.9224, 1524.669), (6771.529399999999, 1799.8002, 1524.3330666666666), (7863.4468, 1800.0, 1525.0), (7822.9016, 1783.8904, 1522.4202666666667)]","[(3, 0.007816666666666666, 0.003527777777777778), (0, 0, 0), (0, 0, 0), (5, 0.0020666666666666663, 0.28640000000000004), (3, 0.00031666666666666665, 0.026144444444444446), (3, 0.0, 0.029166666666666667), (5, 0.009816666666666666, 0.03320555555555556), (3, 0.00018333333333333334, 0.015666666666666666), (1, 0.0, 0.054338888888888895), (2, 0.0, 0.0), (1, 0.0, 0.0005111111111111112), (1, 0.003, 0.06097777777777777), (3, 0.04375, 0.0321388888888889), (3, 6.666666666666667e-05, 0.1454888888888889), (3, 0.007816666666666666, 0.003527777777777778), (2, 0.0, 0.00225)]","[(32209, 67.09218333333332, 10.106472222222221), (32212, 67.1, 10.11), (32212, 67.1, 10.11), (32207, 67.09793333333333, 9.823599999999999), (32209, 67.09968333333333, 10.083855555555555), (32209, 67.1, 10.080833333333333), (32207, 67.09018333333333, 10.076794444444443), (32209, 67.09981666666665, 10.094333333333333), (32211, 51.900000000000006, 6.13566111111111), (32210, 51.900000000000006, 6.1899999999999995), (32211, 51.900000000000006, 6.189488888888889), (32211, 51.897000000000006, 6.129022222222222), (32209, 51.85625, 6.157861111111111), (32209, 51.89993333333334, 6.0445111111111105), (32209, 51.89218333333334, 6.186472222222222), (32210, 51.900000000000006, 6.187749999999999)]"
67,"[100.0, 0.0, 0.0, 100.0, 0.0, 100.0, 100.0, 100.0, 100.0, 100.0, 100.0, 99.97517994539588, 100.0, 100.0, 100.0, 100.0]","[1, 0, 0, 2, 0, 1, 2, 1, 1, 1, 1, 2, 1, 1, 1, 1]","[4.75, 2.45, 2.45, 4.75, 2.45, 4.75, 4.75, 4.75, 5.05, 5.05, 5.05, 5.048237776123107, 5.05, 5.05, 5.05, 5.05]","[0, 0, 0, 2697.8235895918087, 0, 3604.08485128692, 534.03988703, 2103.5010678682, 754.589249271, 2911.512479720924, 1168.6115386248337, 2308.4672325777115, 1125.2060760191043, 0, 1254.9939763481898, 1826.3731494030244]","[4029, 4029, 4029, 1331.1764104081913, 4029, 424.9151487130798, 3494.96011297, 1925.4989321317998, 3274.410750729, 1117.4875202790759, 2860.388461375166, 1720.5327674222885, 2903.7939239808957, 4029, 2774.00602365181, 2202.6268505969756]","[4029, 4029, 4029, 4029, 4029, 4029, 4029, 4029, 4029, 4029, 4029, 4029, 4029, 4029, 4029, 4029]","[4029, 0, 0, 4029, 0, 4029, 4029, 4029, 4029, 4029, 4029, 4028, 4029, 4029, 4029, 4029]","[(282.41606666666667, 0.0, 0.0), (0, 0, 0), (0, 0, 0), (749.3813333333335, 0.5121333333333333, 0.348), (0, 0, 0), (159.383, 0.27046666666666663, 0.022466666666666666), (513.8014, 0.004066666666666666, 0.010333333333333333), (244.66713333333328, 0.0014666666666666665, 0.0012), (90.177, 0.02, 0.014), (0.0, 0.0, 0.0), (85.28386666666668, 0.0005333333333333334, 0.0014), (163.5773333333333, 0.7477333333333334, 0.44199999999999995), (838.8603333333335, 0.08673333333333332, 0.3268666666666667), (1563.0768, 0.1732, 0.8919333333333332), (282.41606666666667, 0.0, 0.0), (268.4352, 13.852799999999998, 1.682)]","[(4012.5839333333333, 1860.0, 1000.0), (4295, 1860.0, 1000.0), (4295, 1860.0, 1000.0), (3545.6186666666663, 1859.4878666666666, 999.652), (4295, 1860.0, 1000.0), (4135.617, 1859.7295333333334, 999.9775333333333), (3781.1986, 1859.9959333333334, 999.9896666666667), (4050.3328666666666, 1859.9985333333334, 999.9988), (8101.823, 1799.98, 1524.986), (8192.0, 1800.0, 1525.0), (8106.716133333333, 1799.9994666666666, 1524.9986), (8028.422666666666, 1799.2522666666666, 1524.558), (7353.139666666666, 1799.9132666666667, 1524.6731333333332), (6628.9232, 1799.8268, 1524.1080666666667), (7909.583933333333, 1800.0, 1525.0), (7923.5648, 1786.1472, 1523.318)]","[(3, 0.00675, 0.003411111111111111), (0, 0, 0), (0, 0, 0), (5, 0.0415, 0.6028611111111111), (0, 0, 0), (3, 0.0013666666666666669, 0.02918888888888889), (5, 0.012566666666666667, 0.023988888888888893), (3, 0.00015, 0.019816666666666666), (1, 3.3333333333333335e-05, 0.05506666666666666), (2, 0.0, 0.0), (1, 0.0, 0.0005444444444444444), (2, 0.0002833333333333333, 0.09551111111111112), (3, 0.0, 0.012833333333333334), (3, 5e-05, 0.18912777777777778), (3, 0.00675, 0.003411111111111111), (2, 0.0, 0.005916666666666666)]","[(32209, 67.09325, 10.106588888888888), (32212, 67.1, 10.11), (32212, 67.1, 10.11), (32207, 67.0585, 9.507138888888889), (32212, 67.1, 10.11), (32209, 67.09863333333332, 10.08081111111111), (32207, 67.08743333333332, 10.08601111111111), (32209, 67.09984999999999, 10.090183333333332), (32211, 51.89996666666667, 6.134933333333333), (32210, 51.900000000000006, 6.1899999999999995), (32211, 51.900000000000006, 6.189455555555555), (32210, 51.89971666666667, 6.094488888888888), (32209, 51.900000000000006, 6.1771666666666665), (32209, 51.899950000000004, 6.000872222222222), (32209, 51.89325000000001, 6.186588888888888), (32210, 51.900000000000006, 6.184083333333333)]"
68,"[0.0, 0.0, 0.0, 100.0, 100.0, 100.0, 100.0, 100.0, 100.0, 100.0, 100.0, 100.0, 100.0, 0.0, 100.0, 100.0]","[0, 0, 0, 2, 1, 1, 1, 1, 1, 1, 1, 2, 1, 0, 2, 2]","[2.45, 2.45, 2.45, 4.75, 4.75, 4.75, 4.75, 4.75, 5.05, 5.05, 5.05, 5.05, 5.05, 2.65, 5.05, 5.05]","[0, 0, 0, 3806.335223011533, 644.4058826961312, 4107.999450555, 0, 2073.45105261294, 741.2336873370001, 3145.2348118086134, 1161.9337584041202, 2494.9247624343034, 1045.0727056201176, 0, 2966.888832974444, 2721.1960119077935]","[4029, 4029, 4029, 222.6647769884671, 3384.5941173038686, -78.9994505550003, 4029, 1955.5489473870598, 3287.766312663, 883.7651881913866, 2867.0662415958795, 1534.0752375656966, 2983.9272943798824, 4029, 1062.111167025556, 1307.8039880922065]","[4029, 4029, 4029, 4029, 4029, 4029, 4029, 4029, 4029, 4029, 4029, 4029, 4029, 4029, 4029, 4029]","[0, 0, 0, 4029, 4029, 4029, 4029, 4029, 4029, 4029, 4029, 4029, 4029, 0, 4029, 4029]","[(0, 0, 0), (0, 0, 0), (0, 0, 0), (879.4045333333335, 0.7674666666666666, 0.43266666666666664), (32.15606666666666, 0.0009333333333333332, 6.666666666666668e-05), (234.88039999999998, 0.2981333333333333, 0.018066666666666665), (244.6674, 0.0012, 0.0014666666666666665), (254.4540666666667, 0.0026, 0.0088), (93.3228, 0.018333333333333333, 0.014133333333333333), (0.0, 0.0, 0.0), (99.964, 0.0005333333333333334, 0.0016666666666666668), (155.18906666666666, 0.7602666666666666, 0.4766666666666666), (721.42, 0.07806666666666666, 0.33893333333333336), (0, 0, 0), (585.8038666666665, 0.9397333333333332, 0.7602666666666668), (450.18820000000005, 15.210066666666668, 1.853533333333333)]","[(4295, 1860.0, 1000.0), (4295, 1860.0, 1000.0), (4295, 1860.0, 1000.0), (3415.5954666666667, 1859.2325333333333, 999.5673333333333), (4262.843933333334, 1859.9990666666667, 999.9999333333334), (4060.1196, 1859.7018666666668, 999.9819333333334), (4050.3326, 1859.9988, 999.9985333333333), (4040.5459333333333, 1859.9974, 999.9912), (8098.6772, 1799.9816666666666, 1524.9858666666667), (8192.0, 1800.0, 1525.0), (8092.036, 1799.9994666666666, 1524.9983333333332), (8036.810933333333, 1799.2397333333333, 1524.5233333333333), (7470.58, 1799.9219333333333, 1524.6610666666666), (8192, 1800.0, 1525.0), (7606.196133333334, 1799.0602666666666, 1524.2397333333333), (7741.8117999999995, 1784.7899333333332, 1523.1464666666666)]","[(0, 0, 0), (0, 0, 0), (0, 0, 0), (5, 0.0768666666666667, 1.4055055555555556), (1, 0.0, 0.000638888888888889), (3, 8.333333333333333e-05, 0.02883888888888889), (2, 0.0, 0.002361111111111111), (3, 0.00011666666666666667, 0.017588888888888887), (1, 0.0, 0.0557), (2, 0.0, 0.0), (1, 0.0, 0.000538888888888889), (2, 0.0, 0.05526111111111111), (3, 0.0, 0.011183333333333332), (0, 0, 0), (5, 0.0192, 0.023133333333333332), (5, 0.0, 0.0036999999999999997)]","[(32212, 67.1, 10.11), (32212, 67.1, 10.11), (32212, 67.1, 10.11), (32207, 67.02313333333333, 8.704494444444444), (32211, 67.1, 10.109361111111111), (32209, 67.09991666666666, 10.081161111111111), (32210, 67.1, 10.107638888888888), (32209, 67.09988333333332, 10.09241111111111), (32211, 51.900000000000006, 6.1343), (32210, 51.900000000000006, 6.1899999999999995), (32211, 51.900000000000006, 6.18946111111111), (32210, 51.900000000000006, 6.134738888888888), (32209, 51.900000000000006, 6.178816666666666), (32212, 51.900000000000006, 6.1899999999999995), (32207, 51.88080000000001, 6.1668666666666665), (32207, 51.900000000000006, 6.186299999999999)]"
69,"[0.0, 0.0, 0.0, 100.0, 100.0, 100.0, 0.0, 100.0, 100.0, 100.0, 100.0, 100.0, 100.0, 0.0, 100.0, 100.0]","[0, 0, 0, 2, 1, 1, 0, 1, 1, 1, 1, 2, 1, 0, 2, 2]","[2.45, 2.45, 2.45, 4.75, 4.75, 4.75, 2.45, 4.75, 5.05, 5.05, 5.05, 5.05, 5.05, 2.65, 5.05, 5.05]","[0, 0, 0, 4507.5022155773995, 647.744773280049, 3519.18619597545, 0, 2293.817831151513, 0, 2988.3069602640226, 0, 2445.856990459075, 0, 0, 2892.716612150083, 2614.3515143429954]","[4029, 4029, 4029, -478.5022155773995, 3381.2552267199508, 509.8138040245499, 4029, 1735.182168848487, 4029, 1040.6930397359774, 4029, 1583.143009540925, 4029, 4029, 1136.2833878499168, 1414.6484856570046]","[4029, 4029, 4029, 4029, 4029, 4029, 4029, 4029, 4029, 4029, 4029, 4029, 4029, 4029, 4029, 4029]","[0, 0, 0, 4029, 4029, 4029, 0, 4029, 4029, 4029, 4029, 4029, 4029, 0, 4029, 4029]","[(0, 0, 0), (0, 0, 0), (0, 0, 0), (894.0848, 0.8573333333333334, 0.46673333333333333), (35.6514, 0.001, 0.0), (221.59853333333334, 0.0404, 0.026733333333333335), (0, 0, 0), (268.435, 0.0018666666666666666, 0.0016), (93.8472, 0.0318, 0.0146), (0.0, 0.0, 0.0), (73.4, 0.0005, 0.0015), (135.61533333333333, 0.7524, 0.5058666666666666), (671.0880666666666, 0.08573333333333333, 0.32080000000000003), (0, 0, 0), (503.3157333333333, 0.972, 0.7780666666666667), (327.1554, 9.749466666666667, 1.6113333333333328)]","[(4295, 1860.0, 1000.0), (4295, 1860.0, 1000.0), (4295, 1860.0, 1000.0), (3400.9152, 1859.1426666666666, 999.5332666666667), (4259.3486, 1859.999, 1000.0), (4073.4014666666667, 1859.9596, 999.9732666666666), (4295, 1860.0, 1000.0), (4026.565, 1859.9981333333333, 999.9984), (8098.1528, 1799.9682, 1524.9854), (8192.0, 1800.0, 1525.0), (8118.6, 1799.9995, 1524.9985), (8056.384666666667, 1799.2476, 1524.4941333333334), (7520.911933333334, 1799.9142666666667, 1524.6792), (8192, 1800.0, 1525.0), (7688.684266666667, 1799.028, 1524.2219333333333), (7864.8446, 1790.2505333333334, 1523.3886666666667)]","[(0, 0, 0), (0, 0, 0), (0, 0, 0), (5, 0.07893333333333334, 1.849911111111111), (1, 0.0, 0.0006222222222222223), (3, 0.0, 0.02946666666666667), (0, 0, 0), (3, 0.00013333333333333334, 0.023688888888888888), (1, 0.00011666666666666667, 0.053427777777777775), (2, 0.0, 0.0), (1, 0.0, 0.0011666666666666668), (2, 1.666666666666667e-05, 0.053594444444444445), (3, 0.0, 0.018272222222222224), (0, 0, 0), (5, 0.10526666666666666, 0.023188888888888887), (5, 0.05768333333333333, 0.023244444444444446)]","[(32212, 67.1, 10.11), (32212, 67.1, 10.11), (32212, 67.1, 10.11), (32207, 67.02106666666666, 8.260088888888887), (32211, 67.1, 10.109377777777777), (32209, 67.1, 10.080533333333333), (32212, 67.1, 10.11), (32209, 67.09986666666666, 10.08631111111111), (32211, 51.89988333333334, 6.136572222222222), (32210, 51.900000000000006, 6.1899999999999995), (32211, 51.900000000000006, 6.188833333333333), (32210, 51.89998333333334, 6.136405555555555), (32209, 51.900000000000006, 6.171727777777777), (32212, 51.900000000000006, 6.1899999999999995), (32207, 51.79473333333334, 6.166811111111111), (32207, 51.84231666666667, 6.166755555555555)]"
70,"[100.0, 0.0, 0.0, 99.97517994539588, 100.0, 100.0, 0.0, 100.0, 0.0, 100.0, 0.0, 100.0, 100.0, 0.0, 100.0, 100.0]","[1, 0, 0, 2, 1, 1, 0, 1, 0, 1, 0, 2, 1, 0, 2, 2]","[4.75, 2.45, 2.45, 4.748485976669149, 4.75, 4.75, 2.45, 4.75, 2.65, 5.05, 2.65, 5.05, 5.05, 2.65, 5.05, 5.05]","[1646.6233023008167, 0, 0, 4353.913240318605, 631.0503203604601, 3576.69818828322, 0, 2203.667785385733, 0, 3008.340303014396, 0, 2500.858537897908, 3464.41286996805, 0, 2818.5443913257222, 2978.290587990033]","[2382.3766976991833, 4029, 4029, -324.91324031860495, 3397.9496796395397, 452.30181171677987, 4029, 1825.3322146142668, 4029, 1020.6596969856041, 4029, 1528.1414621020922, 564.58713003195, 4029, 1210.4556086742778, 1050.7094120099669]","[4029, 4029, 4029, 4029, 4029, 4029, 4029, 4029, 4029, 4029, 4029, 4029, 4029, 4029, 4029, 4029]","[4029, 0, 0, 4028, 4029, 4029, 0, 4029, 0, 4029, 0, 4029, 4029, 0, 4029, 4029]","[(125.829, 0.9397333333333332, 0.7602666666666668), (0, 0, 0), (0, 0, 0), (782.2369333333334, 0.8324, 0.4586), (48.234, 0.001066666666666667, 0.0), (117.44013333333332, 0.04193333333333333, 0.027666666666666673), (0, 0, 0), (269.134, 0.0016666666666666668, 0.0014666666666666665), (0, 0, 0), (0.0, 0.0, 0.0), (0, 0, 0), (149.59646666666666, 0.7542666666666668, 0.47720000000000007), (168.47066666666663, 0.27493333333333336, 0.023333333333333327), (0, 0, 0), (564.8322000000001, 0.9548666666666666, 0.7652666666666668), (411.04140000000007, 2.189, 3.0648666666666666)]","[(4169.171, 1859.0602666666666, 999.2397333333333), (4295, 1860.0, 1000.0), (4295, 1860.0, 1000.0), (3512.7630666666664, 1859.1676, 999.5414), (4246.766, 1859.9989333333333, 1000.0), (4177.5598666666665, 1859.9580666666666, 999.9723333333334), (4295, 1860.0, 1000.0), (4025.866, 1859.9983333333332, 999.9985333333333), (8192, 1800.0, 1525.0), (8192.0, 1800.0, 1525.0), (8192, 1800.0, 1525.0), (8042.403533333333, 1799.2457333333334, 1524.5228), (8023.529333333333, 1799.7250666666666, 1524.9766666666667), (8192, 1800.0, 1525.0), (7627.1678, 1799.0451333333333, 1524.2347333333332), (7780.9586, 1797.811, 1521.9351333333334)]","[(2, 0.0, 0.009888888888888888), (0, 0, 0), (0, 0, 0), (5, 0.0589, 1.7794555555555556), (1, 0.0, 0.0006333333333333333), (3, 0.0027166666666666667, 0.027800000000000002), (0, 0, 0), (3, 0.00031666666666666665, 0.026144444444444446), (0, 0, 0), (2, 0.0, 0.0), (0, 0, 0), (2, 0.00013333333333333334, 0.05422222222222221), (3, 0.2927833333333333, 0.026605555555555556), (0, 0, 0), (5, 0.0069833333333333344, 0.021400000000000002), (5, 1.1261166666666667, 0.002977777777777778)]","[(32210, 67.1, 10.10011111111111), (32212, 67.1, 10.11), (32212, 67.1, 10.11), (32207, 67.0411, 8.330544444444444), (32211, 67.1, 10.109366666666666), (32209, 67.09728333333332, 10.0822), (32212, 67.1, 10.11), (32209, 67.09968333333333, 10.083855555555555), (32212, 51.900000000000006, 6.1899999999999995), (32210, 51.900000000000006, 6.1899999999999995), (32212, 51.900000000000006, 6.1899999999999995), (32210, 51.899866666666675, 6.135777777777777), (32209, 51.60721666666667, 6.163394444444444), (32212, 51.900000000000006, 6.1899999999999995), (32207, 51.893016666666675, 6.1686), (32207, 50.77388333333334, 6.187022222222222)]"
71,"[100.0, 100.0, 0.0, 100.0, 100.0, 100.0, 0.0, 100.0, 0.0, 100.0, 0.0, 100.0, 100.0, 0.0, 100.0, 100.0]","[1, 1, 0, 2, 1, 1, 0, 1, 0, 1, 0, 2, 1, 0, 2, 2]","[4.75, 4.75, 2.45, 4.75, 4.75, 4.75, 2.45, 4.75, 2.65, 5.05, 2.65, 5.05, 5.05, 2.65, 5.05, 5.05]","[1622.8881916370212, 2251.868135745323, 0, 4641.057800022221, 0, 3261.75156374067, 0, 0, 0, 3068.4403312655163, 0, 2588.039416646883, 4442.116739200141, 0, 2866.014612653313, 3739.5576394424297]","[2406.111808362979, 1777.131864254677, 4029, -612.0578000222213, 4029, 767.24843625933, 4029, 4029, 4029, 960.5596687344837, 4029, 1440.9605833531168, -413.1167392001407, 4029, 1162.9853873466868, 289.4423605575703]","[4029, 4029, 4029, 4029, 4029, 4029, 4029, 4029, 4029, 4029, 4029, 4029, 4029, 4029, 4029, 4029]","[4029, 4029, 0, 4029, 4029, 4029, 0, 4029, 0, 4029, 0, 4029, 4029, 0, 4029, 4029]","[(139.81, 0.972, 0.7780666666666667), (100.6632, 0.009333333333333334, 0.0108), (0, 0, 0), (796.9166666666666, 0.8598666666666666, 0.2829333333333333), (41.94273333333333, 0.0009333333333333332, 6.666666666666668e-05), (115.3428, 0.04046666666666667, 0.026666666666666672), (0, 0, 0), (369.09826666666675, 0.0032, 0.0020666666666666667), (0, 0, 0), (0.0, 0.0, 0.0), (0, 0, 0), (131.42106666666666, 0.7898000000000001, 0.4470666666666667), (313.1741333333334, 0.2986666666666667, 0.020266666666666665), (0, 0, 0), (485.1404, 0.9578666666666666, 0.7716000000000001), (441.7996, 3.357266666666667, 2.6146666666666665)]","[(4155.19, 1859.028, 999.2219333333334), (4194.3368, 1859.9906666666666, 999.9892), (4295, 1860.0, 1000.0), (3498.0833333333335, 1859.1401333333333, 999.7170666666667), (4253.057266666667, 1859.9990666666667, 999.9999333333334), (4179.6572, 1859.9595333333334, 999.9733333333334), (4295, 1860.0, 1000.0), (3925.901733333333, 1859.9968, 999.9979333333333), (8192, 1800.0, 1525.0), (8192.0, 1800.0, 1525.0), (8192, 1800.0, 1525.0), (8060.578933333333, 1799.2102, 1524.5529333333334), (7878.825866666667, 1799.7013333333334, 1524.9797333333333), (8192, 1800.0, 1525.0), (7706.8596, 1799.0421333333334, 1524.2284), (7750.2004, 1796.6427333333334, 1522.3853333333334)]","[(2, 0.0, 0.011461111111111111), (2, 0.0, 0.002416666666666667), (0, 0, 0), (5, 0.07269999999999999, 1.9616833333333334), (1, 0.0, 0.0006222222222222223), (3, 0.0, 0.025622222222222223), (0, 0, 0), (3, 0.2675166666666666, 0.1220111111111111), (0, 0, 0), (2, 0.0, 0.0), (0, 0, 0), (2, 0.0, 0.05706111111111111), (3, 0.10841666666666666, 0.0281), (0, 0, 0), (5, 0.04356666666666667, 0.020422222222222224), (5, 1.092625, 0.013255555555555555)]","[(32210, 67.1, 10.09853888888889), (32210, 67.1, 10.107583333333332), (32212, 67.1, 10.11), (32207, 67.0273, 8.148316666666666), (32211, 67.1, 10.109377777777777), (32209, 67.1, 10.084377777777776), (32212, 67.1, 10.11), (32209, 66.83248333333333, 9.987988888888887), (32212, 51.900000000000006, 6.1899999999999995), (32210, 51.900000000000006, 6.1899999999999995), (32212, 51.900000000000006, 6.1899999999999995), (32210, 51.900000000000006, 6.132938888888888), (32209, 51.79158333333334, 6.161899999999999), (32212, 51.900000000000006, 6.1899999999999995), (32207, 51.85643333333334, 6.169577777777778), (32207, 50.80737500000001, 6.176744444444444)]"
72,"[100.0, 100.0, 0.0, 99.97517994539588, 100.0, 100.0, 0.0, 0.0, 0.0, 100.0, 0.0, 100.0, 100.0, 0.0, 100.0, 100.0]","[1, 2, 0, 2, 1, 1, 0, 0, 0, 1, 0, 2, 1, 0, 2, 2]","[4.75, 4.75, 2.45, 4.748485976669149, 4.75, 4.75, 2.45, 2.45, 2.65, 5.05, 2.65, 5.05, 5.05, 2.65, 5.05, 5.05]","[1578.3848591424044, 3044.6639950050703, 0, 4931.541301328836, 1763.7010974382797, 3409.63954396065, 0, 0, 0, 3021.6958648479776, 0, 2588.72408094118, 3143.9889128247596, 0, 2904.5841674819812, 2891.479432247885]","[2450.6151408575956, 984.3360049949297, 4029, -902.5413013288362, 2265.2989025617203, 619.3604560393501, 4029, 4029, 4029, 1007.3041351520224, 4029, 1440.27591905882, 885.0110871752404, 4029, 1124.4158325180188, 1137.5205677521149]","[4029, 4029, 4029, 4029, 4029, 4029, 4029, 4029, 4029, 4029, 4029, 4029, 4029, 4029, 4029, 4029]","[4029, 4029, 0, 4028, 4029, 4029, 0, 0, 0, 4029, 0, 4029, 4029, 0, 4029, 4029]","[(184.5492, 0.9548666666666666, 0.7652666666666668), (274.7260666666666, 0.019066666666666666, 0.013733333333333335), (0, 0, 0), (937.4261333333334, 0.5514666666666667, 0.4478666666666667), (39.146666666666654, 0.29753333333333337, 0.0019333333333333331), (132.12006666666667, 0.0338, 0.0268), (0, 0, 0), (0, 0, 0), (0, 0, 0), (0.0, 0.0, 0.0), (0, 0, 0), (128.62506666666667, 0.7932666666666667, 0.4446666666666666), (205.5204, 0.03793333333333333, 0.025266666666666666), (0, 0, 0), (496.3252, 0.9633999999999999, 0.7669333333333332), (685.069, 2.945, 2.13)]","[(4110.4508, 1859.0451333333333, 999.2347333333333), (4020.2739333333334, 1859.9809333333333, 999.9862666666667), (4295, 1860.0, 1000.0), (3357.5738666666666, 1859.4485333333334, 999.5521333333334), (4255.8533333333335, 1859.7024666666666, 999.9980666666667), (4162.879933333334, 1859.9662, 999.9732), (4295, 1860.0, 1000.0), (4295, 1860.0, 1000.0), (8192, 1800.0, 1525.0), (8192.0, 1800.0, 1525.0), (8192, 1800.0, 1525.0), (8063.3749333333335, 1799.2067333333334, 1524.5553333333332), (7986.4796, 1799.9620666666667, 1524.9747333333332), (8192, 1800.0, 1525.0), (7695.6748, 1799.0366, 1524.2330666666667), (7506.9310000000005, 1797.055, 1522.87)]","[(2, 1.666666666666667e-05, 0.010605555555555557), (4, 0.0, 0.0027111111111111108), (0, 0, 0), (5, 0.0949, 1.9519888888888888), (1, 0.003, 0.06097777777777777), (3, 0.0, 0.03398333333333334), (0, 0, 0), (0, 0, 0), (0, 0, 0), (2, 0.0, 0.0), (0, 0, 0), (2, 0.0, 0.05821111111111112), (3, 0.00125, 0.027633333333333336), (0, 0, 0), (5, 0.016566666666666667, 0.02171666666666667), (5, 0.0, 0.0070888888888888885)]","[(32210, 67.09998333333333, 10.099394444444444), (32208, 67.1, 10.107288888888888), (32212, 67.1, 10.11), (32207, 67.0051, 8.158011111111112), (32211, 67.097, 10.049022222222222), (32209, 67.1, 10.076016666666666), (32212, 67.1, 10.11), (32212, 67.1, 10.11), (32212, 51.900000000000006, 6.1899999999999995), (32210, 51.900000000000006, 6.1899999999999995), (32212, 51.900000000000006, 6.1899999999999995), (32210, 51.900000000000006, 6.131788888888888), (32209, 51.89875000000001, 6.162366666666666), (32212, 51.900000000000006, 6.1899999999999995), (32207, 51.883433333333336, 6.168283333333333), (32207, 51.900000000000006, 6.18291111111111)]"
73,"[100.0, 100.0, 0.0, 100.0, 100.0, 100.0, 0.0, 0.0, 0.0, 100.0, 0.0, 100.0, 100.0, 0.0, 100.0, 100.0]","[1, 2, 0, 2, 1, 1, 0, 0, 0, 1, 0, 2, 1, 0, 2, 2]","[4.75, 4.75, 2.45, 4.75, 4.75, 4.75, 2.45, 2.45, 2.65, 5.05, 2.65, 5.05, 5.05, 2.65, 5.05, 5.05]","[1622.8881916370212, 3137.046042711331, 0, 3963.2630757885245, 1385.7651479872202, 2935.85027399664, 0, 0, 0, 2894.8180274289466, 0, 2963.4648299971723, 3601.346184986549, 0, 3061.829275629627, 3342.2296846087784]","[2406.111808362979, 891.9539572886688, 4029, 65.73692421147553, 2643.23485201278, 1093.1497260033598, 4029, 4029, 4029, 1134.1819725710534, 4029, 1065.5351700028277, 427.6538150134511, 4029, 967.1707243703731, 686.7703153912216]","[4029, 4029, 4029, 4029, 4029, 4029, 4029, 4029, 4029, 4029, 4029, 4029, 4029, 4029, 4029, 4029]","[4029, 4029, 0, 4029, 4029, 4029, 0, 0, 0, 4029, 0, 4029, 4029, 0, 4029, 4029]","[(131.4214, 0.9578666666666666, 0.7716000000000001), (271.9301333333333, 0.05446666666666667, 0.030866666666666667), (0, 0, 0), (838.8598000000001, 0.6373333333333334, 0.39266666666666666), (65.71033333333331, 0.2166, 0.004533333333333333), (107.65339999999999, 0.037200000000000004, 0.024933333333333335), (0, 0, 0), (0, 0, 0), (0, 0, 0), (0.0, 0.0, 0.0), (0, 0, 0), (297.795, 0.7707999999999999, 0.43786666666666674), (130.0228, 0.042466666666666666, 0.027733333333333336), (0, 0, 0), (476.75193333333334, 0.9370666666666667, 0.7570666666666667), (576.0172, 3.208466666666667, 1.767066666666667)]","[(4163.5786, 1859.0421333333334, 999.2284), (4023.0698666666667, 1859.9455333333333, 999.9691333333334), (4295, 1860.0, 1000.0), (3456.1402, 1859.3626666666667, 999.6073333333334), (4229.289666666667, 1859.7834, 999.9954666666666), (4187.3466, 1859.9628, 999.9750666666666), (4295, 1860.0, 1000.0), (4295, 1860.0, 1000.0), (8192, 1800.0, 1525.0), (8192.0, 1800.0, 1525.0), (8192, 1800.0, 1525.0), (7894.205, 1799.2292, 1524.5621333333333), (8061.9772, 1799.9575333333332, 1524.9722666666667), (8192, 1800.0, 1525.0), (7715.248066666667, 1799.0629333333334, 1524.2429333333334), (7615.9828, 1796.7915333333333, 1523.2329333333332)]","[(2, 0.0, 0.010555555555555558), (4, 0.0, 0.0023555555555555556), (0, 0, 0), (5, 0.07923333333333334, 1.764127777777778), (1, 0.0002833333333333333, 0.09404444444444444), (3, 0.0, 0.03331111111111111), (0, 0, 0), (0, 0, 0), (0, 0, 0), (2, 0.0, 0.0), (0, 0, 0), (2, 0.0007666666666666667, 0.05597777777777778), (3, 0.0008, 0.02777777777777778), (0, 0, 0), (5, 0.06975, 0.04137777777777778), (5, 0.03166666666666667, 0.007127777777777777)]","[(32210, 67.1, 10.099444444444444), (32208, 67.1, 10.107644444444444), (32212, 67.1, 10.11), (32207, 67.02076666666666, 8.345872222222221), (32211, 67.09971666666667, 10.015955555555555), (32209, 67.1, 10.076688888888889), (32212, 67.1, 10.11), (32212, 67.1, 10.11), (32212, 51.900000000000006, 6.1899999999999995), (32210, 51.900000000000006, 6.1899999999999995), (32212, 51.900000000000006, 6.1899999999999995), (32210, 51.89923333333334, 6.134022222222222), (32209, 51.89920000000001, 6.162222222222222), (32212, 51.900000000000006, 6.1899999999999995), (32207, 51.83025000000001, 6.1486222222222215), (32207, 51.86833333333334, 6.182872222222222)]"
74,"[100.0, 100.0, 0.0, 100.0, 100.0, 100.0, 0.0, 0.0, 0.0, 100.0, 0.0, 100.0, 100.0, 0.0, 100.0, 100.0]","[1, 2, 0, 2, 1, 1, 0, 0, 0, 1, 0, 2, 1, 0, 2, 2]","[4.75, 4.75, 2.45, 4.75, 4.75, 4.75, 2.45, 2.45, 2.65, 5.05, 2.65, 5.05, 5.05, 2.65, 5.05, 5.05]","[1596.1861921402513, 3106.252026809245, 0, 507.51144333852443, 1569.2557901120101, 2733.1889677692598, 0, 0, 0, 3151.912592725404, 0, 2547.4158650041977, 3261.75156374067, 0, 3714.5448188840037, 2337.2235941969634]","[2432.8138078597485, 922.7479731907551, 4029, 3521.4885566614757, 2459.74420988799, 1295.8110322307402, 4029, 4029, 4029, 877.087407274596, 4029, 1481.5841349958023, 767.24843625933, 4029, 314.4551811159963, 1691.7764058030366]","[4029, 4029, 4029, 4029, 4029, 4029, 4029, 4029, 4029, 4029, 4029, 4029, 4029, 4029, 4029, 4029]","[4029, 4029, 0, 4029, 4029, 4029, 0, 0, 0, 4029, 0, 4029, 4029, 0, 4029, 4029]","[(153.791, 0.9633999999999999, 0.7669333333333332), (304.78546666666665, 0.0438, 0.0222), (0, 0, 0), (729.1088666666666, 0.6527333333333334, 0.3976), (40.54486666666667, 0.21746666666666667, 0.0017333333333333335), (99.96353333333334, 0.03306666666666667, 0.022733333333333335), (0, 0, 0), (0, 0, 0), (0, 0, 0), (0.0, 0.0, 0.0), (0, 0, 0), (250.2596, 0.7605333333333334, 0.44353333333333333), (110.44946666666667, 0.04046666666666667, 0.026666666666666672), (0, 0, 0), (650.1162666666667, 0.9202666666666668, 0.7430666666666668), (601.183, 2.3697999999999997, 2.1406666666666663)]","[(4141.209, 1859.0366, 999.2330666666667), (3990.2145333333333, 1859.9562, 999.9778), (4295, 1860.0, 1000.0), (3565.8911333333335, 1859.3472666666667, 999.6024), (4254.455133333333, 1859.7825333333333, 999.9982666666667), (4195.0364666666665, 1859.9669333333334, 999.9772666666667), (4295, 1860.0, 1000.0), (4295, 1860.0, 1000.0), (8192, 1800.0, 1525.0), (8192.0, 1800.0, 1525.0), (8192, 1800.0, 1525.0), (7941.7404, 1799.2394666666667, 1524.5564666666667), (8081.550533333333, 1799.9595333333334, 1524.9733333333334), (8192, 1800.0, 1525.0), (7541.883733333333, 1799.0797333333333, 1524.2569333333333), (7590.817, 1797.6302, 1522.8593333333333)]","[(2, 0.0, 0.0117), (4, 0.0, 0.002361111111111111), (0, 0, 0), (5, 0.08313333333333334, 1.8088666666666666), (1, 0.0, 0.05373333333333333), (3, 0.0, 0.026605555555555556), (0, 0, 0), (0, 0, 0), (0, 0, 0), (2, 0.0, 0.0), (0, 0, 0), (2, 5e-05, 0.05881111111111111), (3, 0.00011666666666666667, 0.02971666666666666), (0, 0, 0), (5, 0.15838333333333335, 0.021388888888888888), (5, 0.0, 0.005344444444444444)]","[(32210, 67.1, 10.0983), (32208, 67.1, 10.107638888888888), (32212, 67.1, 10.11), (32207, 67.01686666666666, 8.301133333333333), (32211, 67.1, 10.056266666666666), (32209, 67.1, 10.083394444444444), (32212, 67.1, 10.11), (32212, 67.1, 10.11), (32212, 51.900000000000006, 6.1899999999999995), (32210, 51.900000000000006, 6.1899999999999995), (32212, 51.900000000000006, 6.1899999999999995), (32210, 51.899950000000004, 6.131188888888889), (32209, 51.89988333333334, 6.160283333333333), (32212, 51.900000000000006, 6.1899999999999995), (32207, 51.74161666666667, 6.168611111111111), (32207, 51.900000000000006, 6.184655555555555)]"
75,"[100.0, 100.0, 0.0, 100.0, 100.0, 100.0, 0.0, 0.0, 0.0, 100.0, 100.0, 100.0, 100.0, 0.0, 100.0, 100.0]","[1, 2, 0, 1, 1, 1, 0, 0, 0, 1, 1, 2, 1, 0, 2, 2]","[4.75, 4.75, 2.45, 4.75, 4.75, 4.75, 2.45, 2.45, 2.65, 5.05, 5.05, 5.05, 5.05, 2.65, 5.05, 5.05]","[1655.52396879974, 3083.623799393713, 0, 530.8836808606934, 1517.22113040498, 2831.7809545825808, 0, 0, 0, 2938.223603388089, 0, 2473.9283177570724, 3502.7541981732297, 0, 1590.2524144743022, 3652.74648650171]","[2373.47603120026, 945.3762006062871, 4029, 3498.1163191393066, 2511.7788695950203, 1197.2190454174192, 4029, 4029, 4029, 1090.776396611911, 4029, 1555.0716822429276, 526.2458018267703, 4029, 2438.747585525698, 376.25351349829]","[4029, 4029, 4029, 4029, 4029, 4029, 4029, 4029, 4029, 4029, 4029, 4029, 4029, 4029, 4029, 4029]","[4029, 4029, 0, 4029, 4029, 4029, 0, 0, 0, 4029, 4029, 4029, 4029, 0, 4029, 4029]","[(125.829, 0.9370666666666667, 0.7570666666666667), (348.8256, 0.03573333333333333, 0.021599999999999998), (0, 0, 0), (450.1882, 0.0128, 0.18919999999999998), (26.56353333333333, 0.21073333333333333, 0.0014), (103.459, 0.03553333333333333, 0.025), (0, 0, 0), (0, 0, 0), (0, 0, 0), (0.0, 0.0, 0.0), (75.84646666666666, 0.0, 0.0), (190.14120000000003, 0.7544000000000001, 0.49786666666666674), (119.5372, 0.03373333333333334, 0.02686666666666667), (0, 0, 0), (671.088, 0.9306666666666665, 0.7520666666666668), (447.392, 5.339466666666667, 2.7228)]","[(4169.171, 1859.0629333333334, 999.2429333333333), (3946.1744, 1859.9642666666666, 999.9784), (4295, 1860.0, 1000.0), (3844.8118, 1859.9872, 999.8108), (4268.436466666667, 1859.7892666666667, 999.9986), (4191.541, 1859.9644666666666, 999.975), (4295, 1860.0, 1000.0), (4295, 1860.0, 1000.0), (8192, 1800.0, 1525.0), (8192.0, 1800.0, 1525.0), (8116.153533333333, 1800.0, 1525.0), (8001.8588, 1799.2456, 1524.5021333333334), (8072.4628, 1799.9662666666666, 1524.9731333333334), (8192, 1800.0, 1525.0), (7520.912, 1799.0693333333334, 1524.2479333333333), (7744.608, 1794.6605333333334, 1522.2772)]","[(2, 0.06273333333333334, 0.031105555555555553), (4, 0.0, 0.0023), (0, 0, 0), (2, 0.07976666666666667, 0.004427777777777778), (1, 1.666666666666667e-05, 0.05187222222222222), (3, 0.0001, 0.02427222222222222), (0, 0, 0), (0, 0, 0), (0, 0, 0), (2, 0.0, 0.0), (2, 0.00015, 0.0002722222222222222), (2, 3.333333333333334e-05, 0.055211111111111114), (3, 0.0013666666666666669, 0.04000555555555556), (0, 0, 0), (5, 0.012783333333333334, 0.02187777777777778), (5, 0.008, 0.010888888888888889)]","[(32210, 67.03726666666667, 10.078894444444444), (32208, 67.1, 10.1077), (32212, 67.1, 10.11), (32210, 67.02023333333332, 10.105572222222222), (32211, 67.09998333333333, 10.058127777777777), (32209, 67.09989999999999, 10.085727777777777), (32212, 67.1, 10.11), (32212, 67.1, 10.11), (32212, 51.900000000000006, 6.1899999999999995), (32210, 51.900000000000006, 6.1899999999999995), (32210, 51.89985000000001, 6.189727777777778), (32210, 51.89996666666667, 6.134788888888888), (32209, 51.898633333333336, 6.149994444444444), (32212, 51.900000000000006, 6.1899999999999995), (32207, 51.887216666666674, 6.168122222222221), (32207, 51.892, 6.17911111111111)]"
76,"[100.0, 100.0, 0.0, 100.0, 99.97517994539588, 100.0, 100.0, 100.0, 0.0, 100.0, 0.0, 100.0, 100.0, 0.0, 100.0, 100.0]","[2, 1, 0, 1, 2, 1, 1, 1, 0, 1, 0, 1, 1, 0, 1, 2]","[4.75, 4.75, 2.45, 4.75, 4.748485976669149, 4.75, 4.75, 4.75, 2.65, 5.05, 2.65, 5.05, 5.05, 2.65, 5.05, 5.05]","[2922.9765064205044, 2201.431036525731, 0, 0, 2509.759201093315, 0, 599.3113997345512, 791.3169791422134, 0, 2958.2569461384624, 0, 1618.55178351867, 2935.85027399664, 0, 1563.5504149775322, 5161.924842736884]","[1106.0234935794956, 1827.568963474269, 4029, 4029, 1519.240798906685, 4029, 3429.6886002654487, 3237.6830208577867, 4029, 1070.7430538615376, 4029, 2410.44821648133, 1093.1497260033598, 4029, 2465.4495850224675, -1132.9248427368839]","[4029, 4029, 4029, 4029, 4029, 4029, 4029, 4029, 4029, 4029, 4029, 4029, 4029, 4029, 4029, 4029]","[4029, 4029, 0, 4029, 4028, 4029, 4029, 4029, 0, 4029, 0, 4029, 4029, 0, 4029, 4029]","[(258.6482666666667, 0.9212000000000001, 0.7431333333333334), (268.4352, 0.009333333333333334, 0.0108), (0, 0, 0), (483.74273333333326, 0.012666666666666665, 0.18913333333333332), (149.59646666666666, 0.762, 0.48473333333333335), (96.46846666666666, 0.0338, 0.023066666666666666), (0.0, 0.004733333333333333, 0.00013333333333333334), (164.2764, 0.008733333333333333, 0.0061333333333333335), (0, 0, 0), (0.0, 0.0, 0.0), (0, 0, 0), (46.1372, 0.21906666666666663, 0.0013333333333333333), (105.55626666666666, 0.03646666666666667, 0.024466666666666664), (0, 0, 0), (117.4404, 0.9303333333333335, 0.7412666666666667), (634.7374, 10.710466666666667, 4.054266666666667)]","[(4036.3517333333334, 1859.0788, 999.2568666666666), (4026.5648, 1859.9906666666666, 999.9892), (4295, 1860.0, 1000.0), (3811.2572666666665, 1859.9873333333333, 999.8108666666667), (4145.403533333333, 1859.238, 999.5152666666667), (4198.531533333334, 1859.9662, 999.9769333333334), (4295.0, 1859.9952666666666, 999.9998666666667), (4130.7236, 1859.9912666666667, 999.9938666666667), (8192, 1800.0, 1525.0), (8192.0, 1800.0, 1525.0), (8192, 1800.0, 1525.0), (8145.8628, 1799.7809333333332, 1524.9986666666666), (8086.4437333333335, 1799.9635333333333, 1524.9755333333333), (8192, 1800.0, 1525.0), (8074.5596, 1799.0696666666668, 1524.2587333333333), (7557.2626, 1789.2895333333333, 1520.9457333333332)]","[(3, 0.09268333333333334, 0.012094444444444444), (2, 0.0, 0.0022944444444444444), (0, 0, 0), (2, 0.07776666666666666, 0.0032166666666666654), (2, 0.00013333333333333334, 0.05534444444444444), (3, 0.0001833333333333333, 0.029927777777777772), (3, 0.0, 0.0014222222222222223), (2, 0.0, 8.88888888888889e-05), (0, 0, 0), (2, 0.0, 0.0), (0, 0, 0), (1, 0.0, 0.05315555555555555), (3, 0.0, 0.024422222222222224), (0, 0, 0), (2, 0.0, 0.010772222222222223), (5, 0.0, 0.008927777777777778)]","[(32209, 67.00731666666667, 10.097905555555554), (32210, 67.1, 10.107705555555555), (32212, 67.1, 10.11), (32210, 67.02223333333333, 10.106783333333333), (32210, 67.09986666666666, 10.054655555555556), (32209, 67.09981666666665, 10.080072222222222), (32209, 67.1, 10.108577777777777), (32210, 67.1, 10.10991111111111), (32212, 51.900000000000006, 6.1899999999999995), (32210, 51.900000000000006, 6.1899999999999995), (32212, 51.900000000000006, 6.1899999999999995), (32211, 51.900000000000006, 6.136844444444444), (32209, 51.900000000000006, 6.165577777777777), (32212, 51.900000000000006, 6.1899999999999995), (32210, 51.900000000000006, 6.179227777777777), (32207, 51.900000000000006, 6.181072222222221)]"
77,"[100.0, 0.0, 0.0, 100.0, 100.0, 0.0, 100.0, 100.0, 0.0, 100.0, 0.0, 100.0, 100.0, 0.0, 100.0, 100.0]","[2, 0, 0, 1, 2, 0, 2, 1, 0, 1, 0, 2, 1, 0, 2, 1]","[4.75, 2.45, 2.45, 4.75, 4.75, 2.45, 4.75, 4.75, 2.65, 5.05, 2.65, 5.05, 5.05, 2.65, 5.05, 5.05]","[2237.997187754351, 0, 0, 3815.4812123039737, 2629.575844892114, 0, 1855.4691326066131, 794.6558693495645, 0, 3018.356974389583, 0, 3856.4983658731253, 2837.2582871833197, 0, 1945.300004206289, 3255.4183193198332]","[1791.0028122456488, 4029, 4029, 213.51878769602627, 1399.4241551078858, 4029, 2173.530867393387, 3234.3441306504355, 4029, 1010.6430256104172, 4029, 172.5016341268747, 1191.7417128166803, 4029, 2083.699995793711, 773.5816806801668]","[4029, 4029, 4029, 4029, 4029, 4029, 4029, 4029, 4029, 4029, 4029, 4029, 4029, 4029, 4029, 4029]","[4029, 0, 0, 4029, 4029, 0, 4029, 4029, 0, 4029, 0, 4029, 4029, 0, 4029, 4029]","[(178.2576, 0.9316666666666665, 0.7520666666666668), (0, 0, 0), (0, 0, 0), (1426.063, 0.14286666666666667, 0.5943999999999999), (167.77166666666668, 0.7920666666666667, 0.4781333333333333), (0, 0, 0), (267.736, 0.2919333333333333, 0.05046666666666667), (148.19806666666668, 0.008400000000000001, 0.004866666666666666), (0, 0, 0), (0.0, 0.0, 0.0), (0, 0, 0), (65.71046666666666, 0.2314, 0.011933333333333332), (111.8476, 0.035666666666666666, 0.024), (0, 0, 0), (583.0078, 0.8941333333333332, 0.7322), (503.316, 17.2942, 4.714533333333334)]","[(4116.7424, 1859.0683333333334, 999.2479333333333), (4295, 1860.0, 1000.0), (4295, 1860.0, 1000.0), (2868.937, 1859.8571333333334, 999.4056), (4127.2283333333335, 1859.2079333333334, 999.5218666666667), (4295, 1860.0, 1000.0), (4027.264, 1859.7080666666666, 999.9495333333333), (4146.801933333333, 1859.9916, 999.9951333333333), (8192, 1800.0, 1525.0), (8192.0, 1800.0, 1525.0), (8192, 1800.0, 1525.0), (8126.289533333334, 1799.7686, 1524.9880666666666), (8080.1524, 1799.9643333333333, 1524.976), (8192, 1800.0, 1525.0), (7608.9922, 1799.1058666666668, 1524.2678), (7688.684, 1782.7058, 1520.2854666666667)]","[(3, 0.0, 0.013077777777777778), (0, 0, 0), (0, 0, 0), (3, 0.005116666666666666, 0.1869), (2, 0.06126666666666666, 0.0792), (0, 0, 0), (4, 0.0, 0.0028222222222222225), (2, 0.0, 0.0), (0, 0, 0), (2, 0.0, 0.0), (0, 0, 0), (3, 0.0, 0.05536666666666667), (3, 0.0, 0.028383333333333337), (0, 0, 0), (4, 0.012733333333333334, 0.011533333333333335), (2, 2.327875, 0.009094444444444445)]","[(32209, 67.1, 10.096922222222222), (32212, 67.1, 10.11), (32212, 67.1, 10.11), (32209, 67.09488333333333, 9.9231), (32210, 67.03873333333333, 10.0308), (32212, 67.1, 10.11), (32208, 67.1, 10.107177777777776), (32210, 67.1, 10.11), (32212, 51.900000000000006, 6.1899999999999995), (32210, 51.900000000000006, 6.1899999999999995), (32212, 51.900000000000006, 6.1899999999999995), (32209, 51.900000000000006, 6.1346333333333325), (32209, 51.900000000000006, 6.161616666666666), (32212, 51.900000000000006, 6.1899999999999995), (32208, 51.88726666666667, 6.178466666666666), (32210, 49.57212500000001, 6.180905555555555)]"
78,"[100.0, 0.0, 100.0, 100.0, 100.0, 0.0, 100.0, 100.0, 0.0, 100.0, 0.0, 100.0, 100.0, 0.0, 99.97517994539588, 100.0]","[2, 0, 1, 1, 2, 0, 2, 1, 0, 1, 0, 2, 1, 0, 2, 1]","[4.75, 2.45, 4.75, 4.75, 4.75, 2.45, 4.75, 4.75, 2.65, 5.05, 2.65, 5.05, 5.05, 2.65, 5.048237776123107, 5.05]","[2194.6007353379923, 0, 2006.6731654957287, 2446.521763816231, 1654.15444542348, 0, 1813.9326989616445, 781.30030852016, 0, 3148.573702267009, 0, 6963.74322040761, 2777.0076285751793, 0, 2085.5334293393025, 3689.4740952291445]","[1834.3992646620077, 4029, 2022.3268345042713, 1582.4782361837688, 2374.84555457652, 4029, 2215.0673010383553, 3247.69969147984, 4029, 880.4262977329909, 4029, -2934.7432204076104, 1251.9923714248207, 4029, 1943.4665706606975, 339.5259047708555]","[4029, 4029, 4029, 4029, 4029, 4029, 4029, 4029, 4029, 4029, 4029, 4029, 4029, 4029, 4029, 4029]","[4029, 0, 4029, 4029, 4029, 0, 4029, 4029, 0, 4029, 0, 4029, 4029, 0, 4028, 4029]","[(165.6744, 0.9314000000000001, 0.7412666666666667), (0, 0, 0), (306.18366666666674, 0.5942000000000001, 0.19193333333333337), (1311.4188000000001, 0.1956, 0.7402000000000001), (125.82886666666667, 0.785, 0.4632000000000001), (0, 0, 0), (279.6198, 0.29966666666666664, 0.05206666666666667), (134.21720000000002, 0.002466666666666667, 0.0006666666666666666), (0, 0, 0), (0.0, 0.0, 0.0), (0, 0, 0), (427.81820000000005, 0.3600666666666667, 0.0268), (115.3428, 0.03426666666666667, 0.023266666666666665), (0, 0, 0), (547.3562666666668, 0.9268000000000001, 0.9215333333333333), (570.4248, 42.85653333333333, 4.105333333333333)]","[(4129.3256, 1859.0686, 999.2587333333333), (4295, 1860.0, 1000.0), (3988.816333333333, 1859.4058, 999.8080666666667), (2983.5811999999996, 1859.8044, 999.2598), (4169.171133333333, 1859.215, 999.5368), (4295, 1860.0, 1000.0), (4015.3802, 1859.7003333333334, 999.9479333333334), (4160.7828, 1859.9975333333334, 999.9993333333333), (8192, 1800.0, 1525.0), (8192.0, 1800.0, 1525.0), (8192, 1800.0, 1525.0), (7764.1818, 1799.6399333333334, 1524.9732), (8076.6572, 1799.9657333333334, 1524.9767333333334), (8192, 1800.0, 1525.0), (7644.643733333333, 1799.0732, 1524.0784666666666), (7621.5752, 1757.1434666666667, 1520.8946666666666)]","[(3, 0.0, 0.011405555555555556), (0, 0, 0), (3, 0.011550000000000001, 0.43049444444444446), (3, 0.0006, 0.11304444444444445), (2, 1.666666666666667e-05, 0.05800555555555557), (0, 0, 0), (4, 0.0, 0.0021944444444444446), (2, 0.0, 4.4444444444444447e-05), (0, 0, 0), (2, 0.0, 0.0), (0, 0, 0), (3, 0.00016666666666666666, 0.06913333333333332), (3, 0.0, 0.027411111111111112), (0, 0, 0), (4, 0.0002833333333333333, 0.013177777777777778), (2, 0.0, 0.005988888888888888)]","[(32209, 67.1, 10.098594444444444), (32212, 67.1, 10.11), (32209, 67.08845, 9.679505555555554), (32209, 67.09939999999999, 9.996955555555555), (32210, 67.09998333333333, 10.051994444444444), (32212, 67.1, 10.11), (32208, 67.1, 10.107805555555554), (32210, 67.1, 10.109955555555555), (32212, 51.900000000000006, 6.1899999999999995), (32210, 51.900000000000006, 6.1899999999999995), (32212, 51.900000000000006, 6.1899999999999995), (32209, 51.89983333333334, 6.120866666666666), (32209, 51.900000000000006, 6.162588888888888), (32212, 51.900000000000006, 6.1899999999999995), (32208, 51.89971666666667, 6.1768222222222215), (32210, 51.900000000000006, 6.1840111111111105)]"
79,"[100.0, 0.0, 100.0, 100.0, 100.0, 0.0, 100.0, 100.0, 0.0, 100.0, 0.0, 100.0, 100.0, 0.0, 100.0, 100.0]","[2, 0, 1, 1, 1, 0, 3, 1, 0, 1, 0, 2, 1, 0, 2, 1]","[4.75, 2.45, 4.75, 4.75, 4.75, 2.45, 4.75, 4.75, 2.65, 5.05, 2.65, 5.05, 5.05, 2.65, 5.05, 5.05]","[644.4058826961312, 0, 1352.2506356501997, 2303.8585840403466, 1678.80244212681, 0, 2454.627855029364, 0, 0, 3425.7016103138403, 0, 6361.008278047395, 3089.2155868173595, 0, 2098.1449891544416, 2510.845719106169]","[3384.5941173038686, 4029, 2676.7493643498, 1725.1414159596534, 2350.19755787319, 4029, 1574.3721449706359, 4029, 4029, 603.2983896861597, 4029, -2332.008278047395, 939.7844131826405, 4029, 1930.8550108455584, 1518.1542808938311]","[4029, 4029, 4029, 4029, 4029, 4029, 4029, 4029, 4029, 4029, 4029, 4029, 4029, 4029, 4029, 4029]","[4029, 0, 4029, 4029, 4029, 0, 4029, 4029, 0, 4029, 0, 4029, 4029, 0, 4029, 4029]","[(125.82873333333333, 0.8946666666666666, 0.7319333333333333), (0, 0, 0), (281.018, 0.42160000000000003, 0.13533333333333333), (1255.4948, 0.13406666666666667, 0.4640666666666667), (71.3028, 0.24086666666666667, 0.0012), (0, 0, 0), (414.5364666666666, 0.2738666666666666, 0.0534), (95.76953333333334, 0.0094, 0.006266666666666668), (0, 0, 0), (0.0, 0.0, 0.0), (0, 0, 0), (1186.9872666666665, 0.5736666666666667, 0.02653333333333333), (111.1486, 0.03153333333333334, 0.0434), (0, 0, 0), (605.3772666666667, 0.9022, 0.9186), (394.2642, 30.276, 3.311533333333333)]","[(4169.171266666666, 1859.1053333333334, 999.2680666666666), (4295, 1860.0, 1000.0), (4013.982, 1859.5784, 999.8646666666667), (3039.5052, 1859.8659333333333, 999.5359333333333), (4223.6972, 1859.7591333333332, 999.9988), (4295, 1860.0, 1000.0), (3880.4635333333335, 1859.7261333333333, 999.9466), (4199.230466666667, 1859.9906, 999.9937333333334), (8192, 1800.0, 1525.0), (8192.0, 1800.0, 1525.0), (8192, 1800.0, 1525.0), (7005.012733333333, 1799.4263333333333, 1524.9734666666666), (8080.8514, 1799.9684666666667, 1524.9566), (8192, 1800.0, 1525.0), (7586.622733333334, 1799.0978, 1524.0814), (7797.7358, 1769.724, 1521.6884666666667)]","[(3, 0.0, 0.00848888888888889), (0, 0, 0), (3, 1.666666666666667e-05, 0.2272388888888889), (3, 1.666666666666667e-05, 0.12178333333333334), (1, 0.0, 0.05382777777777778), (0, 0, 0), (5, 0.0, 0.031222222222222224), (2, 0.0, 0.0), (0, 0, 0), (2, 0.0, 0.0), (0, 0, 0), (3, 0.00015, 0.11859444444444443), (3, 0.0009, 0.029877777777777774), (0, 0, 0), (4, 0.00036666666666666667, 0.011844444444444444), (2, 0.0, 0.003466666666666667)]","[(32209, 67.1, 10.10151111111111), (32212, 67.1, 10.11), (32209, 67.09998333333333, 9.88276111111111), (32209, 67.09998333333333, 9.988216666666666), (32211, 67.1, 10.056172222222221), (32212, 67.1, 10.11), (32207, 67.1, 10.078777777777777), (32210, 67.1, 10.11), (32212, 51.900000000000006, 6.1899999999999995), (32210, 51.900000000000006, 6.1899999999999995), (32212, 51.900000000000006, 6.1899999999999995), (32209, 51.89985000000001, 6.071405555555555), (32209, 51.899100000000004, 6.160122222222221), (32212, 51.900000000000006, 6.1899999999999995), (32208, 51.89963333333334, 6.178155555555555), (32210, 51.900000000000006, 6.186533333333333)]"
80,"[100.0, 100.0, 100.0, 100.0, 100.0, 100.0, 100.0, 0.0, 0.0, 100.0, 0.0, 100.0, 100.0, 0.0, 100.0, 100.0]","[1, 1, 1, 1, 2, 1, 3, 0, 0, 1, 0, 1, 1, 0, 2, 1]","[4.75, 4.75, 4.75, 4.75, 4.75, 4.75, 4.75, 2.45, 2.65, 5.05, 2.65, 5.05, 5.05, 2.65, 5.05, 5.05]","[641.0669921122135, 2047.1528695743666, 1409.0117734429248, 2662.034226881929, 2260.218999914431, 1646.6233023008167, 2268.021942258049, 0, 0, 3442.3960626058183, 0, 2438.7820916767528, 2842.73561978406, 0, 2075.153882973889, 2781.295856403509]","[3387.9330078877865, 1981.8471304256334, 2619.988226557075, 1366.965773118071, 1768.7810000855688, 2382.3766976991833, 1760.978057741951, 4029, 4029, 586.6039373941817, 4029, 1590.2179083232472, 1186.26438021594, 4029, 1953.8461170261112, 1247.7041435964911]","[4029, 4029, 4029, 4029, 4029, 4029, 4029, 4029, 4029, 4029, 4029, 4029, 4029, 4029, 4029, 4029]","[4029, 4029, 4029, 4029, 4029, 4029, 4029, 0, 0, 4029, 0, 4029, 4029, 0, 4029, 4029]","[(39.8456, 0.0008666666666666667, 6.666666666666668e-05), (545.259, 0.6861333333333334, 1.4692), (255.852, 0.49213333333333326, 0.15953333333333333), (1470.8021999999999, 0.18553333333333333, 0.47233333333333327), (78.29306666666666, 0.22440000000000002, 0.0014), (125.829, 0.9397333333333332, 0.7602666666666668), (376.0884, 0.2585333333333333, 0.05013333333333333), (0, 0, 0), (0, 0, 0), (0.0, 0.0, 0.0), (0, 0, 0), (167.772, 0.009333333333333334, 0.0104), (97.86666666666669, 0.0338, 0.023066666666666666), (0, 0, 0), (606.7755333333334, 0.8932000000000001, 0.9045333333333334), (260.0466, 23.217133333333337, 6.089266666666666)]","[(4255.1544, 1859.9991333333332, 999.9999333333334), (3749.741, 1859.3138666666666, 998.5308), (4039.148, 1859.5078666666666, 999.8404666666667), (2824.1978, 1859.8144666666667, 999.5276666666666), (4216.706933333333, 1859.7756, 999.9986), (4169.171, 1859.0602666666666, 999.2397333333333), (3918.9116, 1859.7414666666666, 999.9498666666667), (4295, 1860.0, 1000.0), (8192, 1800.0, 1525.0), (8192.0, 1800.0, 1525.0), (8192, 1800.0, 1525.0), (8024.228, 1799.9906666666666, 1524.9896), (8094.133333333333, 1799.9662, 1524.9769333333334), (8192, 1800.0, 1525.0), (7585.224466666667, 1799.1068, 1524.0954666666667), (7931.9534, 1776.7828666666667, 1518.9107333333334)]","[(1, 0.0, 0.000638888888888889), (1, 0.07585, 0.04698333333333333), (3, 8.333333333333333e-05, 0.28617777777777775), (3, 1.666666666666667e-05, 0.1395388888888889), (2, 5e-05, 0.05466666666666667), (2, 0.0, 0.009888888888888888), (5, 0.0, 0.004105555555555556), (0, 0, 0), (0, 0, 0), (2, 0.0, 0.0), (0, 0, 0), (2, 0.0, 0.002172222222222222), (3, 0.0, 0.02947777777777778), (0, 0, 0), (4, 0.07665000000000002, 0.011455555555555556), (2, 1.4859958333333334, 0.002738888888888889)]","[(32211, 67.1, 10.109361111111111), (32211, 67.02414999999999, 10.063016666666666), (32209, 67.09991666666666, 9.823822222222221), (32209, 67.09998333333333, 9.97046111111111), (32210, 67.09994999999999, 10.055333333333333), (32210, 67.1, 10.10011111111111), (32207, 67.1, 10.105894444444443), (32212, 67.1, 10.11), (32212, 51.900000000000006, 6.1899999999999995), (32210, 51.900000000000006, 6.1899999999999995), (32212, 51.900000000000006, 6.1899999999999995), (32210, 51.900000000000006, 6.187827777777778), (32209, 51.900000000000006, 6.160522222222221), (32212, 51.900000000000006, 6.1899999999999995), (32208, 51.823350000000005, 6.1785444444444435), (32210, 50.41400416666667, 6.187261111111111)]"
81,"[100.0, 100.0, 100.0, 100.0, 100.0, 100.0, 100.0, 100.0, 0.0, 100.0, 0.0, 100.0, 100.0, 0.0, 99.97517994539588, 100.0]","[1, 1, 1, 1, 1, 1, 3, 1, 0, 1, 0, 1, 1, 0, 2, 1]","[4.75, 4.75, 4.75, 4.75, 4.75, 4.75, 4.75, 4.75, 2.65, 5.05, 2.65, 5.05, 5.05, 2.65, 5.048237776123107, 5.05]","[621.0336486087066, 1922.54356446984, 1816.3564093671823, 2986.820614882346, 1536.3917945075702, 1622.8881916370212, 2399.7175629843864, 647.744773280049, 0, 3475.784967189774, 0, 2554.490731062876, 2867.38361648739, 0, 2096.656980187958, 3151.9127112183824]","[3407.9663513912933, 2106.45643553016, 2212.643590632818, 1042.179385117654, 2492.60820549243, 2406.111808362979, 1629.2824370156136, 3381.2552267199508, 4029, 553.2150328102261, 4029, 1474.509268937124, 1161.61638351261, 4029, 1932.3430198120418, 877.0872887816176]","[4029, 4029, 4029, 4029, 4029, 4029, 4029, 4029, 4029, 4029, 4029, 4029, 4029, 4029, 4029, 4029]","[4029, 4029, 4029, 4029, 4029, 4029, 4029, 4029, 0, 4029, 0, 4029, 4029, 0, 4028, 4029]","[(55.92373333333333, 0.0009333333333333332, 6.666666666666668e-05), (738.1968, 0.7232666666666667, 1.2136), (226.49179999999998, 0.6, 0.19540000000000002), (1311.4188000000001, 0.14286666666666667, 0.5135333333333333), (58.719800000000006, 0.21913333333333332, 0.0012), (139.81, 0.972, 0.7780666666666667), (492.8298, 0.3013333333333333, 0.057533333333333325), (35.6514, 0.001, 0.0), (0, 0, 0), (0.0, 0.0, 0.0), (0, 0, 0), (536.8704, 0.009266666666666668, 0.0106), (98.5656, 0.03406666666666667, 0.023066666666666666), (0, 0, 0), (579.5124, 0.9534666666666666, 0.929), (262.8428, 20.403266666666667, 7.649333333333332)]","[(4239.076266666667, 1859.9990666666667, 999.9999333333334), (3556.8032, 1859.2767333333334, 998.7864), (4068.5082, 1859.4, 999.8046), (2983.5811999999996, 1859.8571333333334, 999.4864666666666), (4236.2802, 1859.7808666666667, 999.9988), (4155.19, 1859.028, 999.2219333333334), (3802.1702, 1859.6986666666667, 999.9424666666666), (4259.3486, 1859.999, 1000.0), (8192, 1800.0, 1525.0), (8192.0, 1800.0, 1525.0), (8192, 1800.0, 1525.0), (7655.1296, 1799.9907333333333, 1524.9894), (8093.4344, 1799.9659333333334, 1524.9769333333334), (8192, 1800.0, 1525.0), (7612.4876, 1799.0465333333334, 1524.071), (7929.1572, 1779.5967333333333, 1517.3506666666667)]","[(1, 0.0, 0.0006555555555555555), (1, 0.0017166666666666665, 0.0023777777777777777), (3, 0.00016666666666666666, 0.37338333333333334), (3, 5e-05, 0.13139444444444442), (1, 1.666666666666667e-05, 0.053094444444444444), (2, 0.0, 0.011461111111111111), (5, 0.0, 0.0038055555555555555), (1, 0.0, 0.0006222222222222223), (0, 0, 0), (2, 0.0, 0.0), (0, 0, 0), (2, 0.0, 0.0023777777777777777), (3, 0.0, 0.029166666666666667), (0, 0, 0), (4, 0.07893333333333334, 0.01576666666666667), (2, 0.5451666666666666, 0.006800000000000002)]","[(32211, 67.1, 10.109344444444444), (32211, 67.09828333333333, 10.107622222222222), (32209, 67.09983333333332, 9.736616666666666), (32209, 67.09994999999999, 9.978605555555555), (32211, 67.09998333333333, 10.056905555555556), (32210, 67.1, 10.09853888888889), (32207, 67.1, 10.106194444444444), (32211, 67.1, 10.109377777777777), (32212, 51.900000000000006, 6.1899999999999995), (32210, 51.900000000000006, 6.1899999999999995), (32212, 51.900000000000006, 6.1899999999999995), (32210, 51.900000000000006, 6.187622222222222), (32209, 51.900000000000006, 6.160833333333333), (32212, 51.900000000000006, 6.1899999999999995), (32208, 51.821066666666674, 6.174233333333333), (32210, 51.35483333333334, 6.183199999999999)]"
82,"[100.0, 100.0, 100.0, 100.0, 100.0, 100.0, 100.0, 100.0, 0.0, 100.0, 0.0, 100.0, 100.0, 0.0, 100.0, 100.0]","[1, 1, 1, 1, 1, 1, 3, 1, 0, 1, 0, 1, 1, 0, 2, 1]","[4.75, 4.75, 4.75, 4.75, 4.75, 4.75, 4.75, 4.75, 2.65, 5.05, 2.65, 5.05, 5.05, 2.65, 5.05, 5.05]","[0, 2011.5502109730733, 2230.3788262082307, 2953.431360041183, 1618.55178351867, 1578.3848591424044, 2352.2382117888337, 631.0503203604601, 0, 3732.8795324862313, 0, 2450.6496444343047, 3604.08485128692, 0, 2007.9949301403617, 3636.05184588646]","[4029, 2017.4497890269267, 1798.6211737917693, 1075.5686399588171, 2410.44821648133, 2450.6151408575956, 1676.7617882111663, 3397.9496796395397, 4029, 296.12046751376874, 4029, 1578.3503555656953, 424.9151487130798, 4029, 2021.0050698596383, 392.9481541135401]","[4029, 4029, 4029, 4029, 4029, 4029, 4029, 4029, 4029, 4029, 4029, 4029, 4029, 4029, 4029, 4029]","[4029, 4029, 4029, 4029, 4029, 4029, 4029, 4029, 0, 4029, 0, 4029, 4029, 0, 4029, 4029]","[(48.234, 0.001066666666666667, 0.0), (564.8324, 0.6947333333333332, 1.3258666666666665), (209.7148, 0.7276, 0.23566666666666664), (1311.4188000000001, 0.188, 0.5201333333333333), (46.1372, 0.21906666666666663, 0.0013333333333333333), (184.5492, 0.9548666666666666, 0.7652666666666668), (440.4008666666666, 0.28626666666666667, 0.05706666666666666), (48.234, 0.001066666666666667, 0.0), (0, 0, 0), (0.0, 0.0, 0.0), (0, 0, 0), (738.197, 0.009333333333333334, 0.0108), (159.383, 0.27046666666666663, 0.022466666666666666), (0, 0, 0), (585.1049333333333, 0.9517333333333333, 0.9245333333333334), (385.87559999999996, 26.65153333333333, 5.9102)]","[(4246.766, 1859.9989333333333, 1000.0), (3730.1675999999998, 1859.3052666666667, 998.6741333333333), (4085.2852, 1859.2724, 999.7643333333333), (2983.5811999999996, 1859.812, 999.4798666666667), (4248.8628, 1859.7809333333332, 999.9986666666666), (4110.4508, 1859.0451333333333, 999.2347333333333), (3854.599133333333, 1859.7137333333333, 999.9429333333334), (4246.766, 1859.9989333333333, 1000.0), (8192, 1800.0, 1525.0), (8192.0, 1800.0, 1525.0), (8192, 1800.0, 1525.0), (7453.803, 1799.9906666666666, 1524.9892), (8032.617, 1799.7295333333334, 1524.9775333333334), (8192, 1800.0, 1525.0), (7606.895066666667, 1799.0482666666667, 1524.0754666666667), (7806.1244, 1773.3484666666666, 1519.0898)]","[(1, 0.0, 0.0006055555555555556), (1, 0.00225, 0.06516111111111111), (3, 0.00021666666666666668, 0.5190777777777777), (3, 3.3333333333333335e-05, 0.16156666666666666), (1, 0.0, 0.05315555555555555), (2, 1.666666666666667e-05, 0.010605555555555557), (5, 0.0, 0.003955555555555556), (1, 0.0, 0.0006333333333333333), (0, 0, 0), (2, 0.0, 0.0), (0, 0, 0), (2, 0.0, 0.0023666666666666667), (3, 0.0013666666666666669, 0.02918888888888889), (0, 0, 0), (4, 0.058866666666666664, 0.01732222222222222), (2, 0.5542222222222222, 0.004355555555555555)]","[(32211, 67.1, 10.109394444444444), (32211, 67.09774999999999, 10.044838888888888), (32209, 67.09978333333333, 9.590922222222222), (32209, 67.09996666666666, 9.948433333333332), (32211, 67.1, 10.056844444444444), (32210, 67.09998333333333, 10.099394444444444), (32207, 67.1, 10.106044444444445), (32211, 67.1, 10.109366666666666), (32212, 51.900000000000006, 6.1899999999999995), (32210, 51.900000000000006, 6.1899999999999995), (32212, 51.900000000000006, 6.1899999999999995), (32210, 51.900000000000006, 6.187633333333332), (32209, 51.898633333333336, 6.16081111111111), (32212, 51.900000000000006, 6.1899999999999995), (32208, 51.84113333333334, 6.1726777777777775), (32210, 51.34577777777778, 6.185644444444444)]"
83,"[100.0, 100.0, 100.0, 100.0, 100.0, 100.0, 100.0, 100.0, 0.0, 100.0, 0.0, 100.0, 100.0, 0.0, 100.0, 100.0]","[1, 1, 1, 1, 1, 1, 3, 1, 0, 1, 0, 1, 1, 0, 2, 1]","[4.75, 4.75, 4.75, 4.75, 4.75, 4.75, 4.75, 4.75, 2.65, 5.05, 2.65, 5.05, 5.05, 2.65, 5.05, 5.05]","[3752.9130163235823, 2940.186222823474, 1318.8617310662446, 2989.8560016860883, 1607.5971183171898, 1622.8881916370212, 1826.373282988338, 0, 0, 0, 0, 2453.616532623692, 4107.999450555, 0, 340.5668896087467, 3372.279489756955]","[276.08698367641773, 1088.813777176526, 2710.138268933755, 1039.1439983139117, 2421.4028816828104, 2406.111808362979, 2202.626717011662, 4029, 4029, 4029, 4029, 1575.383467376308, -78.9994505550003, 4029, 3688.433110391253, 656.7205102430448]","[4029, 4029, 4029, 4029, 4029, 4029, 4029, 4029, 4029, 4029, 4029, 4029, 4029, 4029, 4029, 4029]","[4029, 4029, 4029, 4029, 4029, 4029, 4029, 4029, 0, 4029, 0, 4029, 4029, 0, 4029, 4029]","[(388.67179999999996, 7.663399999999999, 2.4918666666666667), (1015.0211999999999, 0.7137333333333332, 1.397666666666667), (255.852, 0.40273333333333333, 0.13053333333333333), (1177.2012, 0.14893333333333333, 0.6776666666666666), (32.15606666666666, 0.22213333333333332, 0.0012666666666666666), (131.4214, 0.9578666666666666, 0.7716000000000001), (453.68253333333337, 0.28373333333333334, 0.05633333333333332), (41.94273333333333, 0.0009333333333333332, 6.666666666666668e-05), (0, 0, 0), (0.0, 0.0, 0.0), (0, 0, 0), (352.32120000000003, 0.0094, 0.010866666666666667), (234.88039999999998, 0.2981333333333333, 0.018066666666666665), (0, 0, 0), (599.7848, 0.9172666666666667, 0.7280666666666666), (411.0414, 10.547933333333333, 4.230333333333333)]","[(3906.3282, 1852.3366, 997.5081333333334), (3279.9788, 1859.2862666666667, 998.6023333333334), (4039.148, 1859.5972666666667, 999.8694666666667), (3117.7988, 1859.8510666666666, 999.3223333333333), (4262.843933333334, 1859.7778666666666, 999.9987333333333), (4163.5786, 1859.0421333333334, 999.2284), (3841.3174666666664, 1859.7162666666666, 999.9436666666667), (4253.057266666667, 1859.9990666666667, 999.9999333333334), (8192, 1800.0, 1525.0), (8192.0, 1800.0, 1525.0), (8192, 1800.0, 1525.0), (7839.6788, 1799.9906, 1524.9891333333333), (7957.1196, 1799.7018666666668, 1524.9819333333332), (8192, 1800.0, 1525.0), (7592.2152, 1799.0827333333334, 1524.2719333333334), (7780.9586, 1789.4520666666667, 1520.7696666666666)]","[(2, 0.0, 0.016355555555555557), (1, 1.0436000000000003, 0.5150888888888889), (3, 5e-05, 0.20164999999999994), (3, 5e-05, 0.12382222222222221), (1, 0.0, 0.05301111111111111), (2, 0.0, 0.010555555555555558), (5, 0.0, 0.006311111111111111), (1, 0.0, 0.0006222222222222223), (0, 0, 0), (2, 0.0, 0.0), (0, 0, 0), (2, 0.0, 0.002344444444444444), (3, 8.333333333333333e-05, 0.02883888888888889), (0, 0, 0), (4, 0.06814999999999999, 0.013933333333333332), (2, 0.0, 0.009877777777777777)]","[(32210, 67.1, 10.093644444444443), (32211, 66.0564, 9.594911111111111), (32209, 67.09994999999999, 9.908349999999999), (32209, 67.09994999999999, 9.986177777777778), (32211, 67.1, 10.056988888888888), (32210, 67.1, 10.099444444444444), (32207, 67.1, 10.103688888888888), (32211, 67.1, 10.109377777777777), (32212, 51.900000000000006, 6.1899999999999995), (32210, 51.900000000000006, 6.1899999999999995), (32212, 51.900000000000006, 6.1899999999999995), (32210, 51.900000000000006, 6.187655555555555), (32209, 51.89991666666667, 6.16116111111111), (32212, 51.900000000000006, 6.1899999999999995), (32208, 51.83185, 6.176066666666666), (32210, 51.900000000000006, 6.180122222222222)]"
84,"[100.0, 100.0, 100.0, 100.0, 99.97517994539588, 100.0, 100.0, 0.0, 0.0, 0.0, 0.0, 100.0, 100.0, 0.0, 100.0, 100.0]","[1, 1, 1, 1, 2, 1, 3, 0, 0, 0, 0, 2, 1, 0, 2, 1]","[4.75, 4.75, 4.75, 4.75, 4.748485976669149, 4.75, 4.75, 2.45, 2.65, 2.65, 2.65, 5.05, 5.05, 2.65, 5.05, 5.05]","[2794.65141873918, 2067.9210870917877, 1425.7062257349019, 5888.650399259911, 3631.471550007398, 1596.1861921402513, 2407.3401647099713, 0, 0, 0, 0, 2575.286354736001, 3519.18619597545, 0, 2691.513091548103, 0]","[1234.34858126082, 1961.0789129082123, 2603.2937742650984, -1859.650399259911, 397.52844999260196, 2432.8138078597485, 1621.6598352900287, 4029, 4029, 4029, 4029, 1453.7136452639988, 509.8138040245499, 4029, 1337.4869084518969, 4029]","[4029, 4029, 4029, 4029, 4029, 4029, 4029, 4029, 4029, 4029, 4029, 4029, 4029, 4029, 4029, 4029]","[4029, 4029, 4029, 4029, 4028, 4029, 4029, 0, 0, 0, 0, 4029, 4029, 0, 4029, 4029]","[(651.5146, 19.004533333333335, 2.486266666666667), (679.4766, 0.7587999999999999, 1.3356666666666668), (213.9092, 0.46873333333333334, 0.15180000000000002), (1269.4758, 0.3529333333333333, 0.49439999999999995), (164.224, 0.6292666666666666, 0.22606666666666672), (153.791, 0.9633999999999999, 0.7669333333333332), (445.29433333333344, 0.30859999999999993, 0.05899999999999999), (0, 0, 0), (0, 0, 0), (0, 0, 0), (0, 0, 0), (293.95006666666666, 0.009333333333333334, 0.010666666666666666), (221.59853333333334, 0.0404, 0.026733333333333335), (0, 0, 0), (975.1746, 4.818666666666667, 0.213), (377.487, 31.443133333333336, 6.020133333333332)]","[(3643.4854, 1840.9954666666667, 997.5137333333333), (3615.5234, 1859.2412, 998.6643333333334), (4081.0908, 1859.5312666666666, 999.8482), (3025.5242, 1859.6470666666667, 999.5056), (4130.776, 1859.3707333333334, 999.7739333333334), (4141.209, 1859.0366, 999.2330666666667), (3849.7056666666667, 1859.6914, 999.941), (4295, 1860.0, 1000.0), (8192, 1800.0, 1525.0), (8192, 1800.0, 1525.0), (8192, 1800.0, 1525.0), (7898.049933333334, 1799.9906666666666, 1524.9893333333334), (7970.401466666666, 1799.9596, 1524.9732666666666), (8192, 1800.0, 1525.0), (7216.8254, 1795.1813333333334, 1524.787), (7814.513, 1768.5568666666666, 1518.9798666666666)]","[(2, 0.0, 0.0053), (1, 0.0012666666666666666, 0.0020055555555555556), (3, 3.3333333333333335e-05, 0.2765777777777778), (3, 0.1731833333333333, 0.38794999999999996), (2, 0.003233333333333333, 0.12235555555555555), (2, 0.0, 0.0117), (3, 0.0, 0.003461111111111111), (0, 0, 0), (0, 0, 0), (0, 0, 0), (0, 0, 0), (4, 0.00015, 0.0029277777777777783), (3, 0.0, 0.02946666666666667), (0, 0, 0), (3, 0.08508333333333333, 0.008116666666666666), (2, 0.0, 0.003505555555555556)]","[(32210, 67.1, 10.1047), (32211, 67.09873333333333, 10.107994444444444), (32209, 67.09996666666666, 9.833422222222222), (32209, 66.92681666666667, 9.72205), (32210, 67.09676666666667, 9.987644444444443), (32210, 67.1, 10.0983), (32209, 67.1, 10.106538888888888), (32212, 67.1, 10.11), (32212, 51.900000000000006, 6.1899999999999995), (32212, 51.900000000000006, 6.1899999999999995), (32212, 51.900000000000006, 6.1899999999999995), (32208, 51.89985000000001, 6.187072222222222), (32209, 51.900000000000006, 6.1605333333333325), (32212, 51.900000000000006, 6.1899999999999995), (32209, 51.814916666666676, 6.1818833333333325), (32210, 51.900000000000006, 6.186494444444444)]"
85,"[100.0, 100.0, 100.0, 100.0, 100.0, 100.0, 100.0, 0.0, 0.0, 0.0, 0.0, 100.0, 100.0, 0.0, 99.97517994539588, 0.0]","[1, 1, 1, 1, 2, 2, 3, 0, 0, 0, 0, 2, 1, 0, 2, 0]","[4.75, 4.75, 4.75, 4.75, 4.75, 4.75, 4.75, 2.45, 2.65, 2.65, 2.65, 5.05, 5.05, 2.65, 5.048237776123107, 2.65]","[1739.5619942211624, 2038.2522049240424, 2036.723179621289, 4252.576912042853, 3467.15156605142, 2809.6434416235616, 2370.6123765816124, 0, 0, 0, 0, 2510.758820479101, 3576.69818828322, 0, 2013.5928630464255, 0]","[2289.4380057788376, 1990.7477950759576, 1992.276820378711, -223.5769120428531, 561.8484339485799, 1219.3565583764384, 1658.3876234183876, 4029, 4029, 4029, 4029, 1518.241179520899, 452.30181171677987, 4029, 2015.4071369535745, 4029]","[4029, 4029, 4029, 4029, 4029, 4029, 4029, 4029, 4029, 4029, 4029, 4029, 4029, 4029, 4029, 4029]","[4029, 4029, 4029, 4029, 4029, 4029, 4029, 0, 0, 0, 0, 4029, 4029, 0, 4028, 0]","[(369.0984, 16.1096, 2.579733333333333), (654.3108000000001, 0.7628666666666667, 1.1362666666666668), (212.51093333333333, 0.6914, 0.224), (1974.1186, 0.14053333333333334, 0.48906666666666665), (140.07413333333332, 0.7644000000000001, 0.17946666666666664), (301.9891333333333, 2.5695333333333337, 0.7748), (445.99353333333335, 0.2786666666666666, 0.0578), (0, 0, 0), (0, 0, 0), (0, 0, 0), (0, 0, 0), (206.0446, 0.009266666666666668, 0.010666666666666666), (117.44013333333332, 0.04193333333333333, 0.027666666666666673), (0, 0, 0), (831.8697333333333, 1.9362666666666668, 0.2144), (0, 0, 0)]","[(3925.9016, 1843.8904, 997.4202666666666), (3640.6892, 1859.2371333333333, 998.8637333333334), (4082.4890666666665, 1859.3086, 999.776), (2320.8814, 1859.8594666666668, 999.5109333333334), (4154.9258666666665, 1859.2356, 999.8205333333333), (3993.0108666666665, 1857.4304666666667, 999.2252), (3849.0064666666667, 1859.7213333333334, 999.9422), (4295, 1860.0, 1000.0), (8192, 1800.0, 1525.0), (8192, 1800.0, 1525.0), (8192, 1800.0, 1525.0), (7985.9554, 1799.9907333333333, 1524.9893333333334), (8074.5598666666665, 1799.9580666666666, 1524.9723333333334), (8192, 1800.0, 1525.0), (7360.130266666667, 1798.0637333333334, 1524.7856), (8192, 1800.0, 1525.0)]","[(2, 0.0, 0.00225), (1, 0.011416666666666664, 0.047094444444444446), (3, 0.0002333333333333333, 0.49188333333333323), (3, 1.666666666666667e-05, 0.31198333333333333), (2, 0.0003833333333333333, 0.16448333333333334), (5, 0.06273333333333334, 0.031244444444444443), (3, 0.0, 0.00315), (0, 0, 0), (0, 0, 0), (0, 0, 0), (0, 0, 0), (4, 0.09475, 0.0201), (3, 0.0027166666666666667, 0.027800000000000002), (0, 0, 0), (3, 0.07923333333333334, 0.009394444444444443), (0, 0, 0)]","[(32210, 67.1, 10.10775), (32211, 67.08858333333333, 10.062905555555554), (32209, 67.09976666666667, 9.618116666666666), (32209, 67.09998333333333, 9.798016666666665), (32210, 67.09961666666666, 9.945516666666666), (32207, 67.03726666666667, 10.078755555555555), (32209, 67.1, 10.10685), (32212, 67.1, 10.11), (32212, 51.900000000000006, 6.1899999999999995), (32212, 51.900000000000006, 6.1899999999999995), (32212, 51.900000000000006, 6.1899999999999995), (32208, 51.80525000000001, 6.169899999999999), (32209, 51.89728333333334, 6.1621999999999995), (32212, 51.900000000000006, 6.1899999999999995), (32209, 51.82076666666667, 6.180605555555555), (32212, 51.900000000000006, 6.1899999999999995)]"
86,"[100.0, 100.0, 100.0, 100.0, 100.0, 100.0, 100.0, 0.0, 0.0, 0.0, 0.0, 100.0, 100.0, 0.0, 100.0, 0.0]","[1, 1, 1, 1, 2, 2, 3, 0, 0, 0, 0, 2, 1, 0, 2, 0]","[4.75, 4.75, 4.75, 4.75, 4.75, 4.75, 4.75, 2.45, 2.65, 2.65, 2.65, 5.05, 5.05, 2.65, 5.05, 2.65]","[1826.3731494030244, 2070.887975308562, 1769.6119429496443, 3235.722332789209, 1845.861124904825, 4153.643906049963, 2283.8012054299, 0, 0, 0, 0, 2423.947650729814, 3261.75156374067, 0, 2530.7555535185593, 0]","[2202.6268505969756, 1958.112024691438, 2259.3880570503557, 793.2776672107912, 2183.138875095175, -124.64390604996333, 1745.1987945700998, 4029, 4029, 4029, 4029, 1605.052349270186, 767.24843625933, 4029, 1498.2444464814407, 4029]","[4029, 4029, 4029, 4029, 4029, 4029, 4029, 4029, 4029, 4029, 4029, 4029, 4029, 4029, 4029, 4029]","[4029, 4029, 4029, 4029, 4029, 4029, 4029, 0, 0, 0, 0, 4029, 4029, 0, 4029, 0]","[(268.4352, 13.852799999999998, 1.682), (506.11220000000003, 0.7000666666666667, 1.4158), (190.14146666666667, 0.5508, 0.17880000000000001), (1730.8488, 0.18693333333333337, 0.49646666666666667), (159.7432, 0.5583333333333333, 0.1782), (441.1, 4.003, 0.7898000000000001), (383.7779333333333, 0.2738, 0.05913333333333333), (0, 0, 0), (0, 0, 0), (0, 0, 0), (0, 0, 0), (141.2077333333333, 0.009333333333333334, 0.010466666666666668), (115.3428, 0.04046666666666667, 0.026666666666666672), (0, 0, 0), (877.3077333333333, 3.8476, 0.23586666666666667), (0, 0, 0)]","[(4026.5648, 1846.1472, 998.318), (3788.8878, 1859.2999333333332, 998.5842), (4104.858533333333, 1859.4492, 999.8212), (2564.1512000000002, 1859.8130666666666, 999.5035333333333), (4135.2568, 1859.4416666666666, 999.8218), (3853.9, 1855.997, 999.2102), (3911.2220666666667, 1859.7262, 999.9408666666667), (4295, 1860.0, 1000.0), (8192, 1800.0, 1525.0), (8192, 1800.0, 1525.0), (8192, 1800.0, 1525.0), (8050.792266666666, 1799.9906666666666, 1524.9895333333334), (8076.6572, 1799.9595333333334, 1524.9733333333334), (8192, 1800.0, 1525.0), (7314.692266666667, 1796.1524, 1524.7641333333333), (8192, 1800.0, 1525.0)]","[(2, 0.0, 0.005916666666666666), (1, 0.0675, 0.04805), (3, 0.00013333333333333334, 0.3462888888888889), (3, 1.666666666666667e-05, 0.20562222222222223), (2, 0.0025833333333333337, 0.11365), (5, 0.09268333333333334, 0.011611111111111112), (3, 0.0, 0.003355555555555555), (0, 0, 0), (0, 0, 0), (0, 0, 0), (0, 0, 0), (4, 0.0006, 0.002466666666666667), (3, 0.0, 0.025622222222222223), (0, 0, 0), (3, 0.08345000000000001, 0.008666666666666666), (0, 0, 0)]","[(32210, 67.1, 10.104083333333334), (32211, 67.0325, 10.06195), (32209, 67.09986666666666, 9.76371111111111), (32209, 67.09998333333333, 9.904377777777777), (32210, 67.09741666666666, 9.99635), (32207, 67.00731666666667, 10.098388888888888), (32209, 67.1, 10.106644444444443), (32212, 67.1, 10.11), (32212, 51.900000000000006, 6.1899999999999995), (32212, 51.900000000000006, 6.1899999999999995), (32212, 51.900000000000006, 6.1899999999999995), (32208, 51.89940000000001, 6.187533333333333), (32209, 51.900000000000006, 6.164377777777777), (32212, 51.900000000000006, 6.1899999999999995), (32209, 51.81655000000001, 6.181333333333333), (32212, 51.900000000000006, 6.1899999999999995)]"
87,"[100.0, 100.0, 100.0, 100.0, 100.0, 100.0, 99.97517994539588, 100.0, 0.0, 0.0, 0.0, 100.0, 100.0, 0.0, 100.0, 100.0]","[1, 1, 1, 1, 1, 1, 3, 1, 0, 0, 0, 1, 1, 0, 2, 1]","[4.75, 4.75, 4.75, 4.75, 4.75, 4.75, 4.748485976669149, 4.75, 2.65, 2.65, 2.65, 5.05, 5.05, 2.65, 5.05, 5.05]","[1612.6841520322869, 1964.079999504682, 1292.1506073990797, 2452.592537423716, 1115.1894634134223, 1590.2524144743022, 2370.612375003456, 1812.9971286157179, 0, 0, 0, 2394.2787688359367, 3409.63954396065, 0, 1881.0072347983512, 1510.1460454172877]","[2416.315847967713, 2064.920000495318, 2736.8493926009205, 1576.4074625762842, 2913.8105365865777, 2438.747585525698, 1658.3876249965442, 2216.002871384282, 4029, 4029, 4029, 1634.7212311640633, 619.3604560393501, 4029, 2147.9927652016486, 2518.8539545827125]","[4029, 4029, 4029, 4029, 4029, 4029, 4029, 4029, 4029, 4029, 4029, 4029, 4029, 4029, 4029, 4029]","[4029, 4029, 4029, 4029, 4029, 4029, 4028, 4029, 0, 0, 0, 4029, 4029, 0, 4029, 4029]","[(383.0794, 15.210066666666668, 1.8525333333333331), (713.031, 0.7426, 1.2830666666666666), (198.53, 0.4244, 0.13933333333333334), (1356.158, 0.1402, 0.49906666666666666), (499.1218, 0.0016666666666666668, 0.0011333333333333332), (142.6062, 0.9306666666666665, 0.7520666666666668), (421.52660000000003, 0.2965333333333333, 0.05559999999999999), (108.76053333333334, 0.20446666666666666, 0.17406666666666665), (0, 0, 0), (0, 0, 0), (0, 0, 0), (100.6632, 0.009266666666666668, 0.010733333333333333), (132.12006666666667, 0.0338, 0.0268), (0, 0, 0), (442.49846666666673, 3.0488, 0.05540000000000001), (434.80906666666664, 2.7484, 0.018466666666666666)]","[(3911.9206, 1844.7899333333332, 998.1474666666667), (3581.969, 1859.2574, 998.7169333333334), (4096.47, 1859.5756, 999.8606666666667), (2938.842, 1859.8598, 999.5009333333334), (3795.8782, 1859.9983333333332, 999.9988666666667), (4152.3938, 1859.0693333333334, 999.2479333333333), (3873.4734, 1859.7034666666666, 999.9444), (4186.239466666667, 1859.7955333333334, 999.8259333333333), (8192, 1800.0, 1525.0), (8192, 1800.0, 1525.0), (8192, 1800.0, 1525.0), (8091.3368, 1799.9907333333333, 1524.9892666666667), (8059.879933333334, 1799.9662, 1524.9732), (8192, 1800.0, 1525.0), (7749.501533333333, 1796.9512, 1524.9446), (7757.190933333333, 1797.2516, 1524.9815333333333)]","[(2, 0.0, 0.0036999999999999997), (1, 0.0019333333333333331, 0.002327777777777778), (3, 1.666666666666667e-05, 0.19247222222222224), (3, 8.333333333333333e-05, 0.11315), (2, 0.0, 0.0010999999999999998), (2, 0.0, 0.012455555555555557), (3, 0.0, 0.0032055555555555557), (1, 0.0, 0.05014999999999999), (0, 0, 0), (0, 0, 0), (0, 0, 0), (2, 0.0, 0.002338888888888889), (3, 0.0, 0.03398333333333334), (0, 0, 0), (3, 0.0, 0.006294444444444444), (3, 0.0, 0.00023888888888888888)]","[(32210, 67.1, 10.1063), (32211, 67.09806666666667, 10.107672222222222), (32209, 67.09998333333333, 9.917527777777778), (32209, 67.09991666666666, 9.99685), (32210, 67.1, 10.1089), (32210, 67.1, 10.097544444444443), (32209, 67.1, 10.106794444444445), (32211, 67.1, 10.059849999999999), (32212, 51.900000000000006, 6.1899999999999995), (32212, 51.900000000000006, 6.1899999999999995), (32212, 51.900000000000006, 6.1899999999999995), (32210, 51.900000000000006, 6.187661111111111), (32209, 51.900000000000006, 6.156016666666666), (32212, 51.900000000000006, 6.1899999999999995), (32209, 51.900000000000006, 6.183705555555555), (32209, 51.900000000000006, 6.18976111111111)]"
88,"[100.0, 100.0, 100.0, 100.0, 100.0, 100.0, 100.0, 100.0, 0.0, 0.0, 100.0, 100.0, 100.0, 0.0, 100.0, 100.0]","[1, 1, 1, 1, 1, 1, 3, 1, 0, 0, 1, 1, 1, 0, 2, 1]","[4.75, 4.75, 4.75, 4.75, 4.75, 4.75, 4.75, 4.75, 2.65, 2.65, 5.05, 5.05, 5.05, 2.65, 5.05, 5.05]","[1499.1618721790824, 2079.788639958885, 961.60045201792, 2677.21116090064, 1175.2894943758222, 1563.5504149775322, 2277.1234318515944, 1886.9411202662081, 0, 0, 1646.6233023008167, 2376.47743969961, 2935.85027399664, 0, 2029.351639002653, 1501.2453811024511]","[2529.8381278209176, 1949.2113600411149, 3067.39954798208, 1351.7888390993598, 2853.710505624178, 2465.4495850224675, 1751.8765681484056, 2142.058879733792, 4029, 4029, 2382.3766976991833, 1652.52256030039, 1093.1497260033598, 4029, 1999.648360997347, 2527.754618897549]","[4029, 4029, 4029, 4029, 4029, 4029, 4029, 4029, 4029, 4029, 4029, 4029, 4029, 4029, 4029, 4029]","[4029, 4029, 4029, 4029, 4029, 4029, 4029, 4029, 0, 0, 4029, 4029, 4029, 0, 4029, 4029]","[(279.62, 9.749466666666667, 1.610333333333333), (458.5768, 0.723, 1.306), (194.33579999999998, 0.31493333333333334, 0.10186666666666666), (1227.5328, 0.18566666666666662, 0.4779333333333333), (553.6476, 0.0017333333333333335, 0.0015333333333333334), (117.4404, 0.9303333333333335, 0.7412666666666667), (422.22540000000004, 0.287, 0.05519999999999999), (115.2732, 0.21046666666666666, 0.17566666666666664), (0, 0, 0), (0, 0, 0), (125.829, 0.9397333333333332, 0.7602666666666668), (117.4404, 0.0092, 0.0106), (107.65339999999999, 0.037200000000000004, 0.024933333333333335), (0, 0, 0), (585.8036, 3.2110000000000003, 0.18679999999999997), (348.1266, 1.8001333333333334, 0.6946)]","[(4015.38, 1850.2505333333334, 998.3896666666667), (3836.4232, 1859.277, 998.694), (4100.6642, 1859.6850666666667, 999.8981333333334), (3067.4672, 1859.8143333333333, 999.5220666666667), (3741.3523999999998, 1859.9982666666667, 999.9984666666667), (4177.5596, 1859.0696666666668, 999.2587333333333), (3872.7745999999997, 1859.713, 999.9448), (4179.7268, 1859.7895333333333, 999.8243333333334), (8192, 1800.0, 1525.0), (8192, 1800.0, 1525.0), (8066.171, 1799.0602666666666, 1524.2397333333333), (8074.5596, 1799.9908, 1524.9894), (8084.3466, 1799.9628, 1524.9750666666666), (8192, 1800.0, 1525.0), (7606.1964, 1796.789, 1524.8132), (7843.8734, 1798.1998666666666, 1524.3054)]","[(2, 0.05768333333333333, 0.023244444444444446), (1, 0.059366666666666665, 0.06801666666666667), (3, 0.0, 0.12192777777777777), (3, 3.3333333333333335e-05, 0.15232222222222222), (2, 0.0, 0.0005222222222222223), (2, 0.0, 0.010772222222222223), (3, 0.0, 0.003511111111111111), (1, 0.0, 0.05059444444444444), (0, 0, 0), (0, 0, 0), (2, 0.0, 0.009888888888888888), (2, 0.0, 0.0023166666666666665), (3, 0.0, 0.03331111111111111), (0, 0, 0), (3, 1.666666666666667e-05, 0.006466666666666667), (3, 0.0, 0.00039999999999999996)]","[(32210, 67.04231666666666, 10.086755555555555), (32211, 67.04063333333333, 10.041983333333333), (32209, 67.1, 9.988072222222222), (32209, 67.09996666666666, 9.957677777777777), (32210, 67.1, 10.109477777777776), (32210, 67.1, 10.099227777777777), (32209, 67.1, 10.106488888888888), (32211, 67.1, 10.059405555555555), (32212, 51.900000000000006, 6.1899999999999995), (32212, 51.900000000000006, 6.1899999999999995), (32210, 51.900000000000006, 6.180111111111111), (32210, 51.900000000000006, 6.187683333333333), (32209, 51.900000000000006, 6.156688888888889), (32212, 51.900000000000006, 6.1899999999999995), (32209, 51.89998333333334, 6.183533333333333), (32209, 51.900000000000006, 6.1895999999999995)]"
89,"[100.0, 100.0, 100.0, 100.0, 100.0, 100.0, 99.97517994539588, 100.0, 0.0, 0.0, 100.0, 100.0, 100.0, 0.0, 100.0, 100.0]","[1, 1, 1, 1, 1, 1, 3, 1, 0, 0, 1, 1, 1, 0, 2, 1]","[4.75, 4.75, 4.75, 4.75, 4.75, 4.75, 4.748485976669149, 4.75, 2.65, 2.65, 5.05, 5.05, 5.05, 2.65, 5.05, 5.05]","[1863.10094582612, 2871.947793837662, 0, 6028.278192232053, 1121.8672446314667, 1554.649748478609, 2357.2568126677843, 1906.1117847681867, 0, 0, 1622.8881916370212, 2382.4112160783857, 0, 0, 1981.8814293235241, 976.1061865270877]","[2165.89905417388, 1157.0522061623378, 4029, -1999.2781922320528, 2907.1327553685333, 2474.3502515213913, 1671.7431873322157, 2122.8882152318133, 4029, 4029, 2406.111808362979, 1646.5887839216143, 4029, 4029, 2047.1185706764759, 3052.8938134729124]","[4029, 4029, 4029, 4029, 4029, 4029, 4029, 4029, 4029, 4029, 4029, 4029, 4029, 4029, 4029, 4029]","[4029, 4029, 4029, 4029, 4029, 4029, 4028, 4029, 0, 0, 4029, 4029, 4029, 0, 4029, 4029]","[(338.34020000000004, 2.189, 3.0638666666666667), (824.879, 0.7441333333333333, 1.3625333333333334), (146.80033333333338, 0.3725333333333334, 0.1176), (1551.892, 0.19686666666666666, 1.39), (461.3726, 0.008400000000000001, 0.008866666666666667), (83.886, 0.8937333333333333, 0.7318666666666667), (405.4483333333334, 0.2926666666666667, 0.05433333333333333), (97.689, 0.24573333333333333, 0.20893333333333336), (0, 0, 0), (0, 0, 0), (139.81, 0.972, 0.7780666666666667), (134.2176, 0.0092, 0.010733333333333333), (99.96353333333334, 0.03306666666666667, 0.022733333333333335), (0, 0, 0), (545.9579333333335, 2.334866666666666, 0.8102), (230.686, 0.866, 0.3906666666666667)]","[(3956.6598, 1857.811, 996.9361333333334), (3470.121, 1859.2558666666666, 998.6374666666667), (4148.199666666666, 1859.6274666666666, 999.8824), (2743.108, 1859.8031333333333, 998.61), (3833.6274, 1859.9916, 999.9911333333333), (4211.114, 1859.1062666666667, 999.2681333333334), (3889.5516666666667, 1859.7073333333333, 999.9456666666666), (4197.311, 1859.7542666666666, 999.7910666666667), (8192, 1800.0, 1525.0), (8192, 1800.0, 1525.0), (8052.19, 1799.028, 1524.2219333333333), (8057.7824, 1799.9908, 1524.9892666666667), (8092.0364666666665, 1799.9669333333334, 1524.9772666666668), (8192, 1800.0, 1525.0), (7646.042066666667, 1797.6651333333334, 1524.1898), (7961.314, 1799.134, 1524.6093333333333)]","[(2, 1.1261166666666667, 0.002977777777777778), (1, 1.0255833333333333, 0.54465), (3, 5e-05, 0.20093333333333338), (3, 0.0001, 0.1530611111111111), (2, 0.0, 0.0004944444444444445), (2, 0.0, 0.007866666666666668), (3, 0.0, 0.0035722222222222223), (1, 0.0, 0.05149444444444444), (0, 0, 0), (0, 0, 0), (2, 0.0, 0.011461111111111111), (2, 0.0, 0.002361111111111111), (3, 0.0, 0.026605555555555556), (0, 0, 0), (3, 0.0, 0.005694444444444445), (3, 1.666666666666667e-05, 0.0003444444444444445)]","[(32210, 65.97388333333333, 10.107022222222222), (32211, 66.07441666666666, 9.565349999999999), (32209, 67.09994999999999, 9.909066666666666), (32209, 67.09989999999999, 9.956938888888889), (32210, 67.1, 10.109505555555556), (32210, 67.1, 10.102133333333333), (32209, 67.1, 10.106427777777776), (32211, 67.1, 10.058505555555556), (32212, 51.900000000000006, 6.1899999999999995), (32212, 51.900000000000006, 6.1899999999999995), (32210, 51.900000000000006, 6.178538888888888), (32210, 51.900000000000006, 6.1876388888888885), (32209, 51.900000000000006, 6.163394444444444), (32212, 51.900000000000006, 6.1899999999999995), (32209, 51.900000000000006, 6.1843055555555555), (32209, 51.89998333333334, 6.1896555555555555)]"
90,"[100.0, 100.0, 0.0, 100.0, 100.0, 100.0, 100.0, 100.0, 0.0, 0.0, 100.0, 100.0, 100.0, 0.0, 99.97517994539588, 100.0]","[1, 1, 0, 1, 1, 1, 3, 1, 0, 0, 1, 1, 1, 0, 2, 2]","[4.75, 4.75, 2.45, 4.75, 4.75, 4.75, 4.75, 4.75, 2.65, 2.65, 5.05, 5.05, 5.05, 2.65, 5.048237776123107, 5.05]","[2634.3846707111265, 1993.7488816724258, 0, 6374.312287858666, 1035.0560887968888, 1554.649748478609, 1766.2730471360142, 1908.8504511256126, 0, 0, 1578.3848591424044, 0, 599.3113997345512, 0, 1447.8415704333245, 2830.4115870113487]","[1394.6153292888735, 2035.2511183275742, 4029, -2345.3122878586664, 2993.9439112031114, 2474.3502515213913, 2262.726952863986, 2120.1495488743876, 4029, 4029, 2450.6151408575956, 4029, 3429.6886002654487, 4029, 2581.1584295666753, 1198.5884129886513]","[4029, 4029, 4029, 4029, 4029, 4029, 4029, 4029, 4029, 4029, 4029, 4029, 4029, 4029, 4029, 4029]","[4029, 4029, 0, 4029, 4029, 4029, 4029, 4029, 0, 0, 4029, 4029, 4029, 0, 4028, 4029]","[(408.2452, 3.357266666666667, 2.6136666666666666), (721.4196, 0.7326, 1.4462000000000002), (0, 0, 0), (1736.4414, 0.2492666666666667, 1.2721333333333333), (448.7898, 0.009933333333333334, 0.0104), (92.2746, 0.9142666666666668, 0.7324666666666667), (393.56466666666665, 0.3145333333333333, 0.05386666666666667), (125.0422, 0.247, 0.19506666666666664), (0, 0, 0), (0, 0, 0), (184.5492, 0.9548666666666666, 0.7652666666666668), (268.4352, 0.009333333333333334, 0.0104), (0.0, 0.004733333333333333, 0.00013333333333333334), (0, 0, 0), (434.1100666666667, 0.9146, 0.8626666666666667), (734.0021333333332, 4.365933333333333, 0.022533333333333336)]","[(3886.7548, 1856.6427333333334, 997.3863333333334), (3573.5804, 1859.2674, 998.5538), (4295, 1860.0, 1000.0), (2558.5586000000003, 1859.7507333333333, 998.7278666666666), (3846.2102, 1859.9900666666667, 999.9896), (4202.7254, 1859.0857333333333, 999.2675333333333), (3901.4353333333333, 1859.6854666666666, 999.9461333333334), (4169.9578, 1859.753, 999.8049333333333), (8192, 1800.0, 1525.0), (8192, 1800.0, 1525.0), (8007.4508, 1799.0451333333333, 1524.2347333333332), (7923.5648, 1799.9906666666666, 1524.9896), (8192.0, 1799.9952666666666, 1524.9998666666668), (8192, 1800.0, 1525.0), (7757.889933333333, 1799.0854, 1524.1373333333333), (7457.997866666667, 1795.6340666666667, 1524.9774666666667)]","[(2, 1.092625, 0.013255555555555555), (1, 0.0, 0.0003444444444444444), (0, 0, 0), (3, 0.00015, 0.2104), (2, 0.0, 0.0004944444444444445), (2, 0.0, 0.010216666666666666), (3, 0.0, 0.0030611111111111112), (1, 3.3333333333333335e-05, 0.05121666666666667), (0, 0, 0), (0, 0, 0), (2, 1.666666666666667e-05, 0.010605555555555557), (2, 0.0, 0.0024055555555555557), (3, 0.0, 0.0014222222222222223), (0, 0, 0), (3, 0.0, 0.0053277777777777785), (6, 0.1085, 0.0042611111111111105)]","[(32210, 66.007375, 10.096744444444443), (32211, 67.1, 10.109655555555555), (32212, 67.1, 10.11), (32209, 67.09984999999999, 9.8996), (32210, 67.1, 10.109505555555556), (32210, 67.1, 10.099783333333333), (32209, 67.1, 10.10693888888889), (32211, 67.09996666666666, 10.058783333333333), (32212, 51.900000000000006, 6.1899999999999995), (32212, 51.900000000000006, 6.1899999999999995), (32210, 51.89998333333334, 6.179394444444444), (32210, 51.900000000000006, 6.187594444444444), (32209, 51.900000000000006, 6.188577777777777), (32212, 51.900000000000006, 6.1899999999999995), (32209, 51.900000000000006, 6.184672222222222), (32206, 51.791500000000006, 6.1857388888888885)]"
91,"[100.0, 100.0, 0.0, 100.0, 100.0, 100.0, 100.0, 100.0, 100.0, 0.0, 100.0, 100.0, 100.0, 0.0, 100.0, 100.0]","[1, 1, 0, 1, 1, 1, 2, 1, 1, 0, 1, 1, 1, 0, 2, 2]","[4.75, 4.75, 2.45, 4.75, 4.75, 4.75, 4.75, 4.75, 5.05, 2.65, 5.05, 5.05, 5.05, 2.65, 5.05, 5.05]","[1779.6286812281753, 2118.3581867769535, 0, 3703.171900565511, 1051.750541842, 0, 1626.039640735481, 1714.4051397483977, 1714.4051397483977, 0, 1622.8881916370212, 884.1326637750533, 620.0796165570354, 0, 1228.2918496243778, 3542.46481228146]","[2249.371318771825, 1910.6418132230465, 4029, 325.8280994344891, 2977.249458158, 4029, 2402.960359264519, 2314.5948602516023, 2314.5948602516023, 4029, 2406.111808362979, 3144.8673362249465, 3408.9203834429645, 4029, 2800.708150375622, 486.5351877185399]","[4029, 4029, 4029, 4029, 4029, 4029, 4029, 4029, 4029, 4029, 4029, 4029, 4029, 4029, 4029, 4029]","[4029, 4029, 0, 4029, 4029, 4029, 4029, 4029, 4029, 0, 4029, 4029, 4029, 0, 4029, 4029]","[(645.9222, 2.945, 2.129), (626.3488000000001, 0.7791333333333333, 1.1652666666666667), (0, 0, 0), (1493.1718, 0.1692, 0.7876000000000001), (450.1882666666667, 0.0092, 0.009466666666666667), (134.2176, 0.8891333333333333, 0.7291333333333333), (287.30966666666666, 0.24360000000000004, 0.04593333333333334), (93.78139999999999, 0.23493333333333336, 0.19066666666666662), (105.5042, 0.28773333333333334, 0.22433333333333338), (0, 0, 0), (131.4214, 0.9578666666666666, 0.7716000000000001), (128.62506666666664, 0.00046666666666666666, 0.0014), (0.0, 0.004666666666666667, 6.666666666666668e-05), (0, 0, 0), (199.92773333333332, 0.9078, 0.010733333333333333), (817.8882, 3.8014, 0.020733333333333333)]","[(3649.0778, 1857.055, 997.871), (3668.6512, 1859.2208666666668, 998.8347333333334), (4295, 1860.0, 1000.0), (2801.8282, 1859.8308, 999.2124), (3844.8117333333334, 1859.9908, 999.9905333333334), (4160.7824, 1859.1108666666667, 999.2708666666666), (4007.6903333333335, 1859.7564, 999.9540666666667), (4201.2186, 1859.7650666666666, 999.8093333333334), (8086.4958, 1799.7122666666667, 1524.7756666666667), (8192, 1800.0, 1525.0), (8060.5786, 1799.0421333333334, 1524.2284), (8063.3749333333335, 1799.9995333333334, 1524.9986), (8192.0, 1799.9953333333333, 1524.9999333333333), (8192, 1800.0, 1525.0), (7992.072266666667, 1799.0922, 1524.9892666666667), (7374.1118, 1796.1986, 1524.9792666666667)]","[(2, 0.0, 0.0070888888888888885), (1, 0.0019833333333333335, 0.0026333333333333334), (0, 0, 0), (3, 0.0001, 0.13415555555555556), (2, 0.0, 0.0005166666666666667), (2, 1.666666666666667e-05, 0.00786111111111111), (2, 0.0, 0.0015555555555555557), (1, 0.0, 0.049894444444444436), (1, 0.0030666666666666663, 0.05871111111111111), (0, 0, 0), (2, 0.0, 0.010555555555555558), (2, 0.0705, 0.025599999999999998), (3, 0.0, 0.001661111111111111), (0, 0, 0), (3, 0.0, 0.00635), (6, 0.255, 0.024627777777777783)]","[(32210, 67.1, 10.10291111111111), (32211, 67.09801666666667, 10.107366666666666), (32212, 67.1, 10.11), (32209, 67.09989999999999, 9.975844444444444), (32210, 67.1, 10.109483333333333), (32210, 67.09998333333333, 10.102138888888888), (32210, 67.1, 10.108444444444444), (32211, 67.1, 10.060105555555555), (32211, 51.89693333333334, 6.131288888888888), (32212, 51.900000000000006, 6.1899999999999995), (32210, 51.900000000000006, 6.179444444444444), (32210, 51.8295, 6.1644), (32209, 51.900000000000006, 6.188338888888889), (32212, 51.900000000000006, 6.1899999999999995), (32209, 51.900000000000006, 6.183649999999999), (32206, 51.645, 6.165372222222222)]"
92,"[100.0, 100.0, 0.0, 100.0, 100.0, 0.0, 100.0, 100.0, 100.0, 0.0, 100.0, 100.0, 100.0, 0.0, 100.0, 100.0]","[1, 1, 0, 1, 1, 0, 2, 1, 1, 0, 2, 1, 1, 0, 2, 2]","[4.75, 4.75, 2.45, 4.75, 4.75, 2.45, 4.75, 4.75, 5.05, 2.65, 5.05, 5.05, 5.05, 2.65, 5.05, 5.05]","[2090.1455055325287, 2145.060180727923, 0, 3949.038231668631, 1055.0894324510223, 0, 1629.3785322573922, 1851.3384576196752, 1429.5838385761401, 0, 3472.6427003020426, 845.5631180399, 0, 0, 1344.0004846742788, 2901.616874592973]","[1938.8544944674713, 1883.9398192720769, 4029, 79.96176833136906, 2973.9105675489777, 4029, 2399.621467742608, 2177.661542380325, 2599.41616142386, 4029, 556.3572996979574, 3183.4368819601, 4029, 4029, 2684.9995153257214, 1127.383125407027]","[4029, 4029, 4029, 4029, 4029, 4029, 4029, 4029, 4029, 4029, 4029, 4029, 4029, 4029, 4029, 4029]","[4029, 4029, 0, 4029, 4029, 0, 4029, 4029, 4029, 0, 4029, 4029, 4029, 0, 4029, 4029]","[(402.6528, 3.2084, 1.765466666666667), (542.4628, 0.7475333333333333, 1.4531333333333334), (0, 0, 0), (1484.7831999999999, 0.21580000000000002, 0.8416666666666666), (461.373, 0.0016666666666666668, 0.0013333333333333333), (0, 0, 0), (357.2144, 0.30013333333333336, 0.051800000000000006), (104.85293333333334, 0.21746666666666667, 0.18180000000000002), (110.71433333333331, 0.20726666666666668, 0.17506666666666665), (0, 0, 0), (412.4392, 0.9829333333333332, 0.7685333333333333), (120.23626666666664, 0.0, 0.001066666666666667), (0.0, 0.004533333333333333, 0.0), (0, 0, 0), (167.77133333333336, 0.8210666666666667, 0.022399999999999996), (794.8194000000001, 3.747866666666667, 0.0224)]","[(3892.3472, 1856.7916, 998.2345333333334), (3752.5371999999998, 1859.2524666666666, 998.5468666666667), (4295, 1860.0, 1000.0), (2810.2168, 1859.7842, 999.1583333333333), (3833.627, 1859.9983333333332, 999.9986666666666), (4295, 1860.0, 1000.0), (3937.7856, 1859.6998666666666, 999.9482), (4190.147066666666, 1859.7825333333333, 999.8182), (8081.285666666667, 1799.7927333333334, 1524.8249333333333), (8192, 1800.0, 1525.0), (7779.5608, 1799.0170666666668, 1524.2314666666666), (8071.763733333333, 1800.0, 1524.9989333333333), (8192.0, 1799.9954666666667, 1525.0), (8192, 1800.0, 1525.0), (8024.228666666667, 1799.1789333333334, 1524.9776), (7397.1806, 1796.2521333333334, 1524.9776)]","[(2, 0.0, 0.005355555555555555), (1, 0.07328333333333333, 0.0468111111111111), (0, 0, 0), (3, 0.0001, 0.17663333333333334), (2, 0.0, 0.01923888888888889), (0, 0, 0), (2, 0.0, 0.0014666666666666665), (1, 3.3333333333333335e-05, 0.05011111111111111), (1, 0.0002333333333333333, 0.05122222222222223), (0, 0, 0), (5, 0.05115, 0.04864444444444444), (2, 1.666666666666667e-05, 0.0006111111111111112), (3, 0.0, 0.0012944444444444446), (0, 0, 0), (3, 0.0, 0.00676111111111111), (6, 0.020050000000000002, 0.004222222222222222)]","[(32210, 67.1, 10.104644444444444), (32211, 67.02671666666666, 10.063188888888888), (32212, 67.1, 10.11), (32209, 67.09989999999999, 9.933366666666666), (32210, 67.1, 10.09076111111111), (32212, 67.1, 10.11), (32210, 67.1, 10.108533333333332), (32211, 67.09996666666666, 10.059888888888889), (32211, 51.89976666666667, 6.1387777777777774), (32212, 51.900000000000006, 6.1899999999999995), (32207, 51.848850000000006, 6.141355555555555), (32210, 51.89998333333334, 6.189388888888889), (32209, 51.900000000000006, 6.188705555555555), (32212, 51.900000000000006, 6.1899999999999995), (32209, 51.900000000000006, 6.183238888888888), (32206, 51.87995000000001, 6.185777777777777)]"
93,"[100.0, 100.0, 0.0, 100.0, 100.0, 0.0, 100.0, 100.0, 100.0, 0.0, 100.0, 100.0, 0.0, 0.0, 100.0, 100.0]","[1, 1, 0, 1, 1, 0, 2, 1, 1, 0, 2, 1, 0, 0, 2, 2]","[4.75, 4.75, 2.45, 4.75, 4.75, 2.45, 4.75, 4.75, 5.05, 2.65, 5.05, 5.05, 2.65, 2.65, 5.05, 5.05]","[1232.0506254656602, 2245.9343800982538, 0, 3566.579494397111, 0, 0, 0, 1802.042463186016, 1845.861124904825, 0, 2984.4024211990154, 809.96046043822, 0, 0, 1981.8814293235241, 2189.5637323181554]","[2796.9493745343398, 1783.0656199017462, 4029, 462.4205056028891, 4029, 4029, 4029, 2226.957536813984, 2183.138875095175, 4029, 1044.5975788009846, 3219.0395395617797, 4029, 4029, 2047.1185706764759, 1839.4362676818446]","[4029, 4029, 4029, 4029, 4029, 4029, 4029, 4029, 4029, 4029, 4029, 4029, 4029, 4029, 4029, 4029]","[4029, 4029, 0, 4029, 4029, 0, 4029, 4029, 4029, 0, 4029, 4029, 0, 0, 4029, 4029]","[(444.5958, 2.369733333333333, 2.1395999999999997), (710.2348000000001, 0.9372, 1.3942), (0, 0, 0), (1644.1666, 0.15380000000000002, 0.6252666666666667), (450.1881333333334, 0.0015333333333333334, 0.0012), (0, 0, 0), (292.9019333333334, 0.31006666666666666, 0.05879999999999999), (98.34026666666666, 0.21266666666666662, 0.17426666666666668), (109.4118, 0.21166666666666664, 0.17653333333333332), (0, 0, 0), (454.3824, 0.9376000000000001, 0.7576666666666667), (72.7008, 6.666666666666668e-05, 0.0015333333333333334), (0, 0, 0), (0, 0, 0), (186.64606666666668, 3.3480666666666665, 0.027266666666666665), (740.2934, 1.2283333333333333, 0.020466666666666664)]","[(3850.4042, 1857.6302666666666, 997.8604), (3584.7652, 1859.0628, 998.6058), (4295, 1860.0, 1000.0), (2650.8334, 1859.8462, 999.3747333333333), (3844.8118666666664, 1859.9984666666667, 999.9988), (4295, 1860.0, 1000.0), (4002.0980666666665, 1859.6899333333333, 999.9412), (4196.659733333333, 1859.7873333333334, 999.8257333333333), (8082.5882, 1799.7883333333334, 1524.8234666666667), (8192, 1800.0, 1525.0), (7737.6176, 1799.0624, 1524.2423333333334), (8119.2992, 1799.9999333333333, 1524.9984666666667), (8192, 1800.0, 1525.0), (8192, 1800.0, 1525.0), (8005.353933333334, 1796.6519333333333, 1524.9727333333333), (7451.7065999999995, 1798.7716666666668, 1524.9795333333334)]","[(2, 0.0, 0.005061111111111111), (1, 0.003016666666666666, 0.05234444444444444), (0, 0, 0), (3, 5e-05, 0.16941111111111112), (2, 0.0, 0.0005), (0, 0, 0), (2, 0.0, 0.001816666666666667), (1, 0.00011666666666666667, 0.04876111111111111), (1, 0.00011666666666666667, 0.05212222222222222), (0, 0, 0), (5, 0.12398333333333333, 0.056577777777777775), (2, 0.0, 0.0005666666666666668), (0, 0, 0), (0, 0, 0), (3, 0.0, 0.006655555555555556), (6, 0.008033333333333333, 0.003827777777777778)]","[(32210, 67.1, 10.104938888888888), (32211, 67.09698333333333, 10.057655555555556), (32212, 67.1, 10.11), (32209, 67.09994999999999, 9.940588888888888), (32210, 67.1, 10.109499999999999), (32212, 67.1, 10.11), (32210, 67.1, 10.108183333333333), (32211, 67.09988333333332, 10.061238888888889), (32211, 51.89988333333334, 6.137877777777777), (32212, 51.900000000000006, 6.1899999999999995), (32207, 51.77601666666667, 6.133422222222221), (32210, 51.900000000000006, 6.189433333333333), (32212, 51.900000000000006, 6.1899999999999995), (32212, 51.900000000000006, 6.1899999999999995), (32209, 51.900000000000006, 6.183344444444444), (32206, 51.891966666666676, 6.186172222222222)]"
94,"[100.0, 100.0, 100.0, 100.0, 0.0, 0.0, 100.0, 100.0, 100.0, 0.0, 99.97517994539588, 100.0, 0.0, 0.0, 100.0, 100.0]","[1, 1, 1, 1, 0, 0, 1, 2, 1, 0, 2, 1, 0, 0, 2, 2]","[4.75, 4.75, 4.75, 4.75, 2.45, 2.45, 4.75, 4.75, 5.05, 2.65, 5.048237776123107, 5.05, 2.65, 2.65, 5.05, 5.05]","[2534.217953193593, 3233.9081562841443, 1714.4051397483977, 4726.09725342664, 0, 0, 2327.8664038117226, 1789.2620805818055, 1812.9971286157179, 0, 4328.649442249889, 1317.2983312621604, 0, 0, 1397.4042974293563, 2278.570360177916]","[1494.782046806407, 795.0918437158557, 2314.5948602516023, -697.0972534266402, 4029, 4029, 1701.1335961882774, 2239.7379194181945, 2216.002871384282, 4029, -299.64944224988903, 2711.7016687378396, 4029, 4029, 2631.595702570644, 1750.429639822084]","[4029, 4029, 4029, 4029, 4029, 4029, 4029, 4029, 4029, 4029, 4029, 4029, 4029, 4029, 4029, 4029]","[4029, 4029, 4029, 4029, 0, 0, 4029, 4029, 4029, 0, 4028, 4029, 0, 0, 4029, 4029]","[(349.525, 5.339466666666667, 2.7218), (478.1502, 1.5555999999999999, 1.8252000000000002), (105.5042, 0.28773333333333334, 0.22433333333333338), (1434.4516, 0.22206666666666663, 0.8742666666666667), (0, 0, 0), (0, 0, 0), (335.544, 0.016466666666666664, 0.009866666666666668), (521.3308666666667, 0.2152, 0.19273333333333328), (108.76053333333334, 0.20446666666666666, 0.17406666666666665), (0, 0, 0), (524.9862666666667, 0.9219333333333335, 0.7485333333333334), (75.49706666666667, 0.0, 0.001066666666666667), (0, 0, 0), (0, 0, 0), (441.79940000000005, 3.5336, 0.022666666666666672), (566.2304, 1.3356666666666668, 0.18259999999999998)]","[(3945.475, 1854.6605333333334, 997.2782), (3816.8498, 1858.4444, 998.1748), (4189.4958, 1859.7122666666667, 999.7756666666667), (2860.5483999999997, 1859.7779333333333, 999.1257333333333), (4295, 1860.0, 1000.0), (4295, 1860.0, 1000.0), (3959.456, 1859.9835333333333, 999.9901333333333), (3773.6691333333333, 1859.7848, 999.8072666666667), (8083.239466666667, 1799.7955333333334, 1524.8259333333333), (8192, 1800.0, 1525.0), (7667.013733333333, 1799.0780666666667, 1524.2514666666666), (8116.502933333333, 1800.0, 1524.9989333333333), (8192, 1800.0, 1525.0), (8192, 1800.0, 1525.0), (7750.2006, 1796.4664, 1524.9773333333333), (7625.7696, 1798.6643333333334, 1524.8174)]","[(2, 0.0, 0.01048888888888889), (1, 0.0011333333333333332, 0.0015055555555555556), (1, 0.0030666666666666663, 0.05871111111111111), (3, 0.0001, 0.21292777777777777), (0, 0, 0), (0, 0, 0), (3, 0.0, 0.015905555555555555), (2, 0.011300000000000001, 0.051161111111111116), (1, 0.0, 0.05014999999999999), (0, 0, 0), (5, 0.09355000000000001, 0.027594444444444442), (2, 1.666666666666667e-05, 0.0007), (0, 0, 0), (0, 0, 0), (3, 0.0, 0.00671111111111111), (6, 0.007916666666666667, 0.0038611111111111116)]","[(32210, 67.1, 10.099511111111111), (32211, 67.09886666666667, 10.108494444444444), (32211, 67.09693333333333, 10.05128888888889), (32209, 67.09989999999999, 9.897072222222222), (32212, 67.1, 10.11), (32212, 67.1, 10.11), (32209, 67.1, 10.094094444444444), (32210, 67.08869999999999, 10.058838888888888), (32211, 51.900000000000006, 6.139849999999999), (32212, 51.900000000000006, 6.1899999999999995), (32207, 51.806450000000005, 6.162405555555555), (32210, 51.89998333333334, 6.189299999999999), (32212, 51.900000000000006, 6.1899999999999995), (32212, 51.900000000000006, 6.1899999999999995), (32209, 51.900000000000006, 6.183288888888889), (32206, 51.89208333333334, 6.186138888888888)]"
95,"[100.0, 100.0, 0.0, 100.0, 100.0, 0.0, 100.0, 100.0, 100.0, 0.0, 100.0, 100.0, 0.0, 0.0, 100.0, 100.0]","[1, 1, 0, 1, 1, 0, 1, 2, 1, 0, 3, 1, 0, 0, 2, 2]","[4.75, 4.75, 2.45, 4.75, 4.75, 2.45, 4.75, 4.75, 5.05, 2.65, 5.05, 5.05, 2.65, 2.65, 5.05, 5.05]","[5161.924842736884, 0, 0, 3065.7406717796443, 1429.5838385761401, 0, 2503.141050686958, 2061.759381498455, 1886.9411202662081, 0, 3877.3925218672803, 1459.7089616688797, 0, 0, 2527.7885493660365, 2192.5306167829567]","[-1132.9248427368839, 4029, 4029, 963.2593282203557, 2599.41616142386, 4029, 1525.858949313042, 1967.2406185015452, 2142.058879733792, 4029, 151.60747813271973, 2569.29103833112, 4029, 4029, 1501.2114506339635, 1836.4693832170433]","[4029, 4029, 4029, 4029, 4029, 4029, 4029, 4029, 4029, 4029, 4029, 4029, 4029, 4029, 4029, 4029]","[4029, 4029, 0, 4029, 4029, 0, 4029, 4029, 4029, 0, 4029, 4029, 0, 0, 4029, 4029]","[(553.6476, 10.710466666666667, 4.053266666666667), (673.8842, 1.5523333333333331, 1.8134000000000001), (0, 0, 0), (1392.5086000000001, 0.1512, 0.6417333333333333), (110.71433333333331, 0.20726666666666668, 0.17506666666666665), (0, 0, 0), (427.8186, 0.011466666666666667, 0.006066666666666666), (481.81953333333337, 0.2177333333333333, 0.1842666666666667), (115.2732, 0.21046666666666666, 0.17566666666666664), (0, 0, 0), (936.028, 0.9321333333333331, 0.7578666666666667), (114.64386666666668, 0.0, 0.0011333333333333332), (0, 0, 0), (0, 0, 0), (519.3942, 3.6942666666666666, 0.4593999999999999), (480.2468, 0.7554, 0.0208)]","[(3741.3523999999998, 1849.2895333333333, 995.9467333333333), (3621.1158, 1858.4476666666667, 998.1866), (4295, 1860.0, 1000.0), (2902.4914, 1859.8488, 999.3582666666666), (4184.285666666667, 1859.7927333333334, 999.8249333333333), (4295, 1860.0, 1000.0), (3867.1814, 1859.9885333333334, 999.9939333333333), (3813.1804666666667, 1859.7822666666666, 999.8157333333334), (8076.7268, 1799.7895333333333, 1524.8243333333332), (8192, 1800.0, 1525.0), (7255.972, 1799.0678666666668, 1524.2421333333334), (8077.356133333334, 1800.0, 1524.9988666666666), (8192, 1800.0, 1525.0), (8192, 1800.0, 1525.0), (7672.6058, 1796.3057333333334, 1524.5406), (7711.7532, 1799.2446, 1524.9792)]","[(2, 0.0, 0.008927777777777778), (1, 1.0415999999999999, 0.5724111111111111), (0, 0, 0), (3, 6.666666666666667e-05, 0.11822222222222224), (1, 0.0002333333333333333, 0.05122222222222223), (0, 0, 0), (3, 1.666666666666667e-05, 0.017866666666666666), (2, 0.015133333333333334, 0.04975555555555556), (1, 0.0, 0.05059444444444444), (0, 0, 0), (7, 0.012933333333333335, 0.030416666666666668), (2, 0.0, 0.0006555555555555555), (0, 0, 0), (0, 0, 0), (2, 0.04335, 0.022155555555555553), (6, 0.00785, 0.003977777777777778)]","[(32210, 67.1, 10.101072222222221), (32211, 66.05839999999999, 9.53758888888889), (32212, 67.1, 10.11), (32209, 67.09993333333333, 9.991777777777777), (32211, 67.09976666666667, 10.058777777777777), (32212, 67.1, 10.11), (32209, 67.09998333333333, 10.092133333333333), (32210, 67.08486666666666, 10.060244444444443), (32211, 51.900000000000006, 6.139405555555555), (32212, 51.900000000000006, 6.1899999999999995), (32205, 51.88706666666667, 6.159583333333333), (32210, 51.900000000000006, 6.189344444444444), (32212, 51.900000000000006, 6.1899999999999995), (32212, 51.900000000000006, 6.1899999999999995), (32210, 51.85665000000001, 6.167844444444444), (32206, 51.89215000000001, 6.186022222222221)]"
96,"[100.0, 0.0, 0.0, 100.0, 100.0, 0.0, 100.0, 100.0, 100.0, 0.0, 100.0, 100.0, 100.0, 0.0, 100.0, 100.0]","[1, 0, 0, 1, 1, 0, 1, 2, 2, 0, 2, 1, 1, 0, 2, 2]","[4.75, 2.45, 2.45, 4.75, 4.75, 2.45, 4.75, 4.75, 5.05, 2.65, 5.05, 5.05, 5.05, 2.65, 5.05, 5.05]","[3255.4183193198332, 0, 0, 5157.122179558036, 1845.861124904825, 0, 2497.663717972107, 2783.626190798266, 3953.2646543425535, 0, 3790.5904344506907, 0, 530.8836808606934, 0, 925.6689723222934, 2693.934699966495]","[773.5816806801668, 4029, 4029, -1128.122179558036, 2183.138875095175, 4029, 1531.336282027893, 1245.3738092017338, 75.73534565744649, 4029, 238.40956554930926, 4029, 3498.1163191393066, 4029, 3103.3310276777065, 1335.065300033505]","[4029, 4029, 4029, 4029, 4029, 4029, 4029, 4029, 4029, 4029, 4029, 4029, 4029, 4029, 4029, 4029]","[4029, 0, 0, 4029, 4029, 0, 4029, 4029, 4029, 0, 4029, 4029, 4029, 0, 4029, 4029]","[(503.316, 17.2942, 4.714533333333334), (0, 0, 0), (0, 0, 0), (1632.9818, 0.3732, 0.7381333333333333), (109.4118, 0.21166666666666664, 0.17653333333333332), (0, 0, 0), (419.43, 0.0086, 0.004933333333333334), (440.04979999999995, 0.33440000000000003, 0.2462666666666667), (642.948, 0.9318666666666667, 1.6781333333333335), (0, 0, 0), (351.6217333333334, 0.9320000000000002, 0.7428666666666668), (92.27413333333331, 6.666666666666668e-05, 0.0013333333333333333), (455.08166666666676, 0.012533333333333334, 0.18906666666666663), (0, 0, 0), (576.7162, 4.648533333333333, 0.5030666666666667), (673.1846, 3.1724, 0.019733333333333335)]","[(3791.684, 1842.7058, 995.2854666666667), (4295, 1860.0, 1000.0), (4295, 1860.0, 1000.0), (2662.0182, 1859.6268, 999.2618666666667), (4185.5882, 1859.7883333333334, 999.8234666666667), (4295, 1860.0, 1000.0), (3875.57, 1859.9914, 999.9950666666666), (3854.9502, 1859.6656, 999.7537333333333), (7549.052, 1799.0681333333334, 1523.3218666666667), (8192, 1800.0, 1525.0), (7840.378266666667, 1799.068, 1524.2571333333333), (8099.725866666667, 1799.9999333333333, 1524.9986666666666), (7736.918333333333, 1799.9874666666667, 1524.8109333333334), (8192, 1800.0, 1525.0), (7615.2838, 1795.3514666666667, 1524.4969333333333), (7518.8153999999995, 1796.8276, 1524.9802666666667)]","[(2, 2.327875, 0.009094444444444445), (0, 0, 0), (0, 0, 0), (3, 0.09808333333333331, 0.2580777777777778), (1, 0.00011666666666666667, 0.05212222222222222), (0, 0, 0), (3, 0.0, 0.021744444444444445), (2, 0.011683333333333334, 0.05788333333333334), (2, 0.07585, 0.09847777777777778), (0, 0, 0), (5, 0.0006666666666666666, 0.03241111111111111), (2, 1.666666666666667e-05, 0.003455555555555556), (2, 0.0002833333333333333, 0.0029611111111111123), (0, 0, 0), (2, 0.0, 0.006911111111111111), (6, 0.007816666666666666, 0.0038000000000000004)]","[(32210, 64.77212499999999, 10.100905555555554), (32212, 67.1, 10.11), (32212, 67.1, 10.11), (32209, 67.00191666666666, 9.851922222222221), (32211, 67.09988333333332, 10.057877777777778), (32212, 67.1, 10.11), (32209, 67.1, 10.088255555555556), (32210, 67.08831666666666, 10.052116666666667), (32210, 51.82415, 6.091522222222221), (32212, 51.900000000000006, 6.1899999999999995), (32207, 51.89933333333334, 6.157588888888888), (32210, 51.89998333333334, 6.1865444444444435), (32210, 51.89971666666667, 6.187038888888888), (32212, 51.900000000000006, 6.1899999999999995), (32210, 51.900000000000006, 6.183088888888888), (32206, 51.89218333333334, 6.1861999999999995)]"
97,"[100.0, 0.0, 0.0, 100.0, 100.0, 0.0, 100.0, 100.0, 100.0, 0.0, 100.0, 0.0, 100.0, 0.0, 100.0, 100.0]","[1, 0, 0, 1, 2, 0, 1, 2, 2, 0, 2, 0, 1, 0, 1, 2]","[4.75, 2.45, 2.45, 4.75, 4.75, 2.45, 4.75, 4.75, 5.05, 2.65, 5.05, 2.65, 5.05, 2.65, 5.05, 5.05]","[3689.4740952291445, 0, 0, 0, 3819.6702941114463, 0, 2664.722365775066, 3086.4770441175815, 3831.3940155954524, 0, 3320.922867371113, 0, 537.5614630098844, 0, 928.6358600540952, 2168.795512671421]","[339.5259047708555, 4029, 4029, 4029, 209.3297058885537, 4029, 1364.277634224934, 942.5229558824185, 197.6059844045476, 4029, 708.0771326288868, 4029, 3491.4385369901156, 4029, 3100.3641399459048, 1860.204487328579]","[4029, 4029, 4029, 4029, 4029, 4029, 4029, 4029, 4029, 4029, 4029, 4029, 4029, 4029, 4029, 4029]","[4029, 0, 0, 4029, 4029, 0, 4029, 4029, 4029, 0, 4029, 0, 4029, 0, 4029, 4029]","[(570.4248, 42.85653333333333, 4.105333333333333), (0, 0, 0), (0, 0, 0), (1756.0146000000002, 0.15113333333333331, 0.6404), (414.9442000000001, 0.7986666666666667, 0.366), (0, 0, 0), (455.7806, 0.011333333333333336, 0.005066666666666666), (602.3502666666667, 0.5424666666666667, 0.28933333333333333), (863.239, 0.9702666666666667, 1.4086666666666667), (0, 0, 0), (326.456, 0.8940666666666666, 0.7322666666666666), (0, 0, 0), (471.15966666666674, 0.013066666666666664, 0.18946666666666667), (0, 0, 0), (109.0518, 0.5416666666666666, 0.5044666666666666), (651.5144666666667, 0.713, 0.022)]","[(3724.5752, 1817.1434666666667, 995.8946666666667), (4295, 1860.0, 1000.0), (4295, 1860.0, 1000.0), (2538.9853999999996, 1859.8488666666667, 999.3596), (3880.0558, 1859.2013333333334, 999.634), (4295, 1860.0, 1000.0), (3839.2194, 1859.9886666666666, 999.9949333333333), (3692.649733333333, 1859.4575333333332, 999.7106666666666), (7328.761, 1799.0297333333333, 1523.5913333333333), (8192, 1800.0, 1525.0), (7865.544, 1799.1059333333333, 1524.2677333333334), (8192, 1800.0, 1525.0), (7720.840333333334, 1799.9869333333334, 1524.8105333333333), (8192, 1800.0, 1525.0), (8082.9482, 1799.4583333333333, 1524.4955333333332), (7540.4855333333335, 1799.287, 1524.978)]","[(2, 0.0, 0.005988888888888888), (0, 0, 0), (0, 0, 0), (3, 0.07565000000000001, 0.43214444444444444), (4, 0.011550000000000001, 0.48064444444444443), (0, 0, 0), (3, 0.0, 0.016805555555555553), (2, 0.015433333333333335, 0.0607388888888889), (2, 0.0017499999999999998, 0.053594444444444445), (0, 0, 0), (5, 6.666666666666667e-05, 0.017611111111111112), (0, 0, 0), (2, 0.00035, 0.0039833333333333335), (0, 0, 0), (1, 0.0, 0.0017222222222222224), (6, 0.00675, 0.0037999999999999996)]","[(32210, 67.1, 10.104011111111111), (32212, 67.1, 10.11), (32212, 67.1, 10.11), (32209, 67.02435, 9.677855555555555), (32208, 67.08845, 9.629355555555556), (32212, 67.1, 10.11), (32209, 67.1, 10.093194444444444), (32210, 67.08456666666666, 10.049261111111111), (32210, 51.898250000000004, 6.136405555555555), (32212, 51.900000000000006, 6.1899999999999995), (32207, 51.89993333333334, 6.1723888888888885), (32212, 51.900000000000006, 6.1899999999999995), (32210, 51.89965000000001, 6.186016666666666), (32212, 51.900000000000006, 6.1899999999999995), (32211, 51.900000000000006, 6.1882777777777775), (32206, 51.89325000000001, 6.1861999999999995)]"
98,"[100.0, 100.0, 0.0, 0.0, 100.0, 0.0, 100.0, 100.0, 100.0, 0.0, 100.0, 0.0, 100.0, 0.0, 100.0, 99.97517994539588]","[1, 2, 0, 0, 2, 0, 1, 2, 2, 0, 2, 0, 1, 0, 1, 2]","[4.75, 4.75, 2.45, 2.45, 4.75, 2.45, 4.75, 4.75, 5.05, 2.65, 5.05, 2.65, 5.05, 2.65, 5.05, 5.048237776123107]","[2510.845719106169, 2004.9661779003995, 0, 0, 2995.4529801417148, 0, 2478.4930534701275, 2819.0006309738146, 3725.955350721471, 0, 3547.967427077522, 0, 544.2392451590755, 0, 931.6027477858978, 1320.2655306736276]","[1518.1542808938311, 2024.0338220996005, 4029, 4029, 1033.5470198582852, 4029, 1550.5069465298725, 1209.9993690261854, 303.04464927852905, 4029, 481.0325729224778, 4029, 3484.7607548409246, 4029, 3097.397252214102, 2708.734469326372]","[4029, 4029, 4029, 4029, 4029, 4029, 4029, 4029, 4029, 4029, 4029, 4029, 4029, 4029, 4029, 4029]","[4029, 4029, 0, 0, 4029, 0, 4029, 4029, 4029, 0, 4029, 0, 4029, 0, 4029, 4028]","[(394.2642, 30.276, 3.311533333333333), (714.4288666666666, 0.4239333333333334, 0.1384), (0, 0, 0), (0, 0, 0), (182.382, 0.21046666666666666, 0.17666666666666664), (0, 0, 0), (332.7478, 0.012333333333333335, 0.0056), (666.2202666666667, 0.3378, 0.22133333333333333), (658.6138, 0.9296666666666665, 1.516533333333333), (0, 0, 0), (323.66, 0.9148000000000002, 0.7332666666666667), (0, 0, 0), (486.5389333333335, 0.012733333333333333, 0.18919999999999998), (0, 0, 0), (109.0518, 0.5368666666666667, 0.4758666666666667), (676.6800666666666, 2.985266666666667, 0.017533333333333335)]","[(3900.7358, 1829.724, 996.6884666666666), (3580.5711333333334, 1859.5760666666667, 999.8616), (4295, 1860.0, 1000.0), (4295, 1860.0, 1000.0), (4112.618, 1859.7895333333333, 999.8233333333334), (4295, 1860.0, 1000.0), (3962.2522, 1859.9876666666667, 999.9944), (3628.7797333333333, 1859.6622, 999.7786666666667), (7533.3862, 1799.0703333333333, 1523.4834666666666), (8192, 1800.0, 1525.0), (7868.34, 1799.0852, 1524.2667333333334), (8192, 1800.0, 1525.0), (7705.461066666667, 1799.9872666666668, 1524.8108), (8192, 1800.0, 1525.0), (8082.9482, 1799.4631333333334, 1524.5241333333333), (7515.319933333333, 1797.0147333333334, 1524.9824666666666)]","[(2, 0.0, 0.003466666666666667), (4, 0.011316666666666668, 0.22832222222222223), (0, 0, 0), (0, 0, 0), (4, 0.0, 0.05059444444444444), (0, 0, 0), (3, 0.0, 0.021144444444444445), (2, 0.0116, 0.05525555555555556), (2, 0.00225, 0.11505555555555555), (0, 0, 0), (5, 6.666666666666667e-05, 0.021866666666666666), (0, 0, 0), (2, 0.07660000000000003, 0.0032111111111111108), (0, 0, 0), (1, 0.0, 0.0017166666666666667), (6, 0.0192, 0.013555555555555555)]","[(32210, 67.1, 10.106533333333333), (32208, 67.08868333333332, 9.881677777777778), (32212, 67.1, 10.11), (32212, 67.1, 10.11), (32208, 67.1, 10.059405555555555), (32212, 67.1, 10.11), (32209, 67.1, 10.088855555555554), (32210, 67.0884, 10.054744444444443), (32210, 51.89775000000001, 6.074944444444444), (32212, 51.900000000000006, 6.1899999999999995), (32207, 51.89993333333334, 6.168133333333333), (32212, 51.900000000000006, 6.1899999999999995), (32210, 51.82340000000001, 6.186788888888889), (32212, 51.900000000000006, 6.1899999999999995), (32211, 51.900000000000006, 6.188283333333333), (32206, 51.88080000000001, 6.176444444444444)]"
99,"[100.0, 100.0, 0.0, 0.0, 100.0, 0.0, 100.0, 100.0, 100.0, 0.0, 100.0, 0.0, 100.0, 0.0, 100.0, 100.0]","[1, 2, 0, 0, 2, 0, 1, 2, 2, 0, 2, 0, 1, 0, 1, 2]","[4.75, 4.75, 2.45, 2.45, 4.75, 2.45, 4.75, 4.75, 5.05, 2.65, 5.05, 2.65, 5.05, 2.65, 5.05, 5.05]","[0, 2043.925982722665, 0, 0, 3021.3014269320997, 0, 2629.1197031285333, 623.0466539661, 4791.524680443149, 0, 1889.8120704974624, 0, 524.2058987115023, 0, 925.6689723222934, 2341.6123635177723]","[4029, 1985.074017277335, 4029, 4029, 1007.6985730679003, 4029, 1399.8802968714667, 3405.9533460339, -762.524680443149, 4029, 2139.1879295025374, 4029, 3504.7941012884976, 4029, 3103.3310276777065, 1687.3876364822277]","[4029, 4029, 4029, 4029, 4029, 4029, 4029, 4029, 4029, 4029, 4029, 4029, 4029, 4029, 4029, 4029]","[4029, 4029, 0, 0, 4029, 0, 4029, 4029, 4029, 0, 4029, 0, 4029, 0, 4029, 4029]","[(260.0466, 23.217133333333337, 6.089266666666666), (654.3104000000001, 0.4937999999999999, 0.15986666666666666), (0, 0, 0), (0, 0, 0), (145.2244, 0.24573333333333333, 0.20993333333333336), (0, 0, 0), (377.487, 0.011333333333333336, 0.0054), (617.9379333333334, 0.2865333333333333, 0.2046666666666667), (1119.8741333333332, 0.9311999999999999, 1.579466666666667), (0, 0, 0), (387.97253333333333, 0.8898, 0.7299333333333333), (0, 0, 0), (462.072, 0.012733333333333333, 0.18913333333333332), (0, 0, 0), (95.0708, 0.5381333333333334, 0.44586666666666674), (489.3347333333333, 0.0033333333333333335, 0.0012666666666666666)]","[(4034.9534, 1836.7828666666667, 993.9107333333334), (3640.6895999999997, 1859.5062, 999.8401333333334), (4295, 1860.0, 1000.0), (4295, 1860.0, 1000.0), (4149.7756, 1859.7542666666666, 999.7900666666667), (4295, 1860.0, 1000.0), (3917.513, 1859.9886666666666, 999.9946), (3677.0620666666664, 1859.7134666666666, 999.7953333333334), (7072.125866666667, 1799.0688, 1523.4205333333334), (8192, 1800.0, 1525.0), (7804.027466666666, 1799.1102, 1524.2700666666667), (8192, 1800.0, 1525.0), (7729.928, 1799.9872666666668, 1524.8108666666667), (8192, 1800.0, 1525.0), (8096.9292, 1799.4618666666668, 1524.5541333333333), (7702.665266666667, 1799.9966666666667, 1524.9987333333333)]","[(2, 1.4859958333333334, 0.002738888888888889), (4, 0.015216666666666667, 0.28715555555555555), (0, 0, 0), (0, 0, 0), (4, 0.0, 0.05149444444444444), (0, 0, 0), (3, 0.0, 0.030616666666666664), (2, 0.015566666666666666, 0.052816666666666665), (2, 1.0436333333333336, 0.5652), (0, 0, 0), (5, 0.0002, 0.023527777777777776), (0, 0, 0), (2, 0.07893333333333334, 0.003822222222222222), (0, 0, 0), (1, 0.0, 0.0017277777777777773), (6, 0.10526666666666666, 0.01237222222222222)]","[(32210, 65.61400416666666, 10.10726111111111), (32208, 67.08478333333333, 9.822844444444444), (32212, 67.1, 10.11), (32212, 67.1, 10.11), (32208, 67.1, 10.058505555555556), (32212, 67.1, 10.11), (32209, 67.1, 10.079383333333332), (32210, 67.08443333333332, 10.057183333333333), (32210, 50.85636666666667, 5.6248), (32212, 51.900000000000006, 6.1899999999999995), (32207, 51.899800000000006, 6.166472222222222), (32212, 51.900000000000006, 6.1899999999999995), (32210, 51.821066666666674, 6.186177777777777), (32212, 51.900000000000006, 6.1899999999999995), (32211, 51.900000000000006, 6.1882722222222215), (32206, 51.79473333333334, 6.1776277777777775)]"
100,"[0.0, 100.0, 0.0, 0.0, 100.0, 0.0, 100.0, 100.0, 100.0, 0.0, 100.0, 0.0, 100.0, 100.0, 100.0, 100.0]","[0, 2, 0, 0, 2, 0, 1, 1, 2, 0, 1, 0, 1, 1, 1, 2]","[2.45, 4.75, 2.45, 2.45, 4.75, 2.45, 4.75, 4.75, 5.05, 2.65, 5.05, 2.65, 5.05, 5.05, 5.05, 5.05]","[0, 2472.038840445792, 0, 0, 3024.0400932895254, 0, 2505.879717044383, 661.6162087354301, 3869.9635502778037, 0, 2103.5010678682, 0, 0, 0, 934.5696355177, 2308.604584399852]","[4029, 1556.9611595542078, 4029, 4029, 1004.9599067104746, 4029, 1523.1202829556169, 3367.38379126457, 159.03644972219627, 4029, 1925.4989321317998, 4029, 4029, 4029, 3094.4303644823, 1720.3954156001482]","[4029, 4029, 4029, 4029, 4029, 4029, 4029, 4029, 4029, 4029, 4029, 4029, 4029, 4029, 4029, 4029]","[0, 4029, 0, 0, 4029, 0, 4029, 4029, 4029, 0, 4029, 0, 4029, 4029, 4029, 4029]","[(0, 0, 0), (576.0165333333333, 0.6023333333333333, 0.19840000000000002), (0, 0, 0), (0, 0, 0), (197.7434, 0.247, 0.19606666666666664), (0, 0, 0), (321.563, 0.0134, 0.007933333333333334), (426.4208, 0.0021333333333333334, 0.002933333333333333), (777.8168666666667, 0.9714666666666665, 1.5099333333333336), (0, 0, 0), (244.66713333333328, 0.0014666666666666665, 0.0012), (0, 0, 0), (442.4987333333333, 0.0128, 0.18926666666666667), (75.84646666666666, 0.0, 0.0), (92.2746, 0.5394, 0.44333333333333325), (550.8512000000001, 0.0034, 0.0014666666666666665)]","[(4295, 1860.0, 1000.0), (3718.9834666666666, 1859.3976666666667, 999.8016), (4295, 1860.0, 1000.0), (4295, 1860.0, 1000.0), (4097.2566, 1859.753, 999.8039333333334), (4295, 1860.0, 1000.0), (3973.437, 1859.9866, 999.9920666666667), (3868.5792, 1859.9978666666666, 999.9970666666667), (7414.183133333333, 1799.0285333333334, 1523.4900666666667), (8192, 1800.0, 1525.0), (7947.332866666667, 1799.9985333333334, 1524.9988), (8192, 1800.0, 1525.0), (7749.501266666667, 1799.9872, 1524.8107333333332), (8116.153533333333, 1800.0, 1525.0), (8099.7254, 1799.4606, 1524.5566666666666), (7641.1488, 1799.9966, 1524.9985333333334)]","[(0, 0, 0), (4, 0.011616666666666668, 0.3743777777777778), (0, 0, 0), (0, 0, 0), (4, 3.3333333333333335e-05, 0.05121666666666667), (0, 0, 0), (3, 0.0, 0.017744444444444448), (1, 0.01175, 0.0009611111111111112), (2, 0.0013833333333333332, 0.05076666666666667), (0, 0, 0), (3, 0.00015, 0.019816666666666666), (0, 0, 0), (2, 0.058866666666666664, 0.003477777777777778), (2, 0.00015, 0.0002722222222222222), (1, 0.0, 0.0022722222222222224), (6, 0.006966666666666668, 0.011361111111111112)]","[(32212, 67.1, 10.11), (32208, 67.08838333333333, 9.735622222222222), (32212, 67.1, 10.11), (32212, 67.1, 10.11), (32208, 67.09996666666666, 10.058783333333333), (32212, 67.1, 10.11), (32209, 67.1, 10.092255555555555), (32211, 67.08824999999999, 10.109038888888888), (32210, 51.89861666666667, 6.139233333333332), (32212, 51.900000000000006, 6.1899999999999995), (32209, 51.89985000000001, 6.170183333333333), (32212, 51.900000000000006, 6.1899999999999995), (32210, 51.84113333333334, 6.186522222222222), (32210, 51.89985000000001, 6.189727777777778), (32211, 51.900000000000006, 6.187727777777777), (32206, 51.89303333333334, 6.178638888888888)]"
101,"[0.0, 0.0, 0.0, 0.0, 100.0, 0.0, 100.0, 100.0, 100.0, 0.0, 100.0, 0.0, 0.0, 0.0, 100.0, 100.0]","[0, 0, 0, 0, 2, 0, 1, 1, 2, 0, 2, 0, 0, 0, 2, 4]","[2.45, 2.45, 2.45, 2.45, 4.75, 2.45, 4.75, 4.75, 5.05, 2.65, 5.05, 2.65, 2.65, 2.65, 5.05, 5.05]","[0, 0, 0, 0, 2819.578108479701, 0, 2519.573048831511, 634.9142092797401, 3174.7987432556483, 0, 3787.856192361338, 0, 0, 0, 2230.3788262082307, 3710.3476188549184]","[4029, 4029, 4029, 4029, 1209.4218915202991, 4029, 1509.4269511684888, 3394.08579072026, 854.2012567443517, 4029, 241.1438076386621, 4029, 4029, 4029, 1798.6211737917693, 318.65238114508156]","[4029, 4029, 4029, 4029, 4029, 4029, 4029, 4029, 4029, 4029, 4029, 4029, 4029, 4029, 4029, 4029]","[0, 0, 0, 0, 4029, 0, 4029, 4029, 4029, 0, 4029, 0, 0, 0, 4029, 4029]","[(0, 0, 0), (0, 0, 0), (0, 0, 0), (0, 0, 0), (127.33579999999999, 0.23493333333333336, 0.19166666666666662), (0, 0, 0), (343.9326, 0.013333333333333336, 0.0074666666666666675), (398.45840000000004, 0.0017333333333333335, 0.0004), (742.2308, 0.9757333333333333, 1.3259333333333334), (0, 0, 0), (359.9582666666667, 0.29033333333333333, 0.2331333333333334), (0, 0, 0), (0, 0, 0), (0, 0, 0), (436.207, 1.2575333333333334, 0.6723333333333334), (1178.5982666666666, 0.007, 0.0031999999999999997)]","[(4295, 1860.0, 1000.0), (4295, 1860.0, 1000.0), (4295, 1860.0, 1000.0), (4295, 1860.0, 1000.0), (4167.6642, 1859.7650666666666, 999.8083333333333), (4295, 1860.0, 1000.0), (3951.0674, 1859.9866666666667, 999.9925333333333), (3896.5416, 1859.9982666666667, 999.9996), (7449.7692, 1799.0242666666666, 1523.6740666666667), (8192, 1800.0, 1525.0), (7832.0417333333335, 1799.7096666666666, 1524.7668666666666), (8192, 1800.0, 1525.0), (8192, 1800.0, 1525.0), (8192, 1800.0, 1525.0), (7755.793, 1798.7424666666666, 1524.3276666666666), (7013.401733333333, 1799.993, 1524.9968)]","[(0, 0, 0), (0, 0, 0), (0, 0, 0), (0, 0, 0), (4, 0.0, 0.049894444444444436), (0, 0, 0), (3, 0.0, 0.017083333333333332), (1, 0.015733333333333332, 0.001), (2, 0.011416666666666664, 0.09717222222222223), (0, 0, 0), (4, 0.003183333333333333, 0.07629999999999999), (0, 0, 0), (0, 0, 0), (0, 0, 0), (4, 0.0009833333333333335, 0.5212277777777777), (8, 0.4230166666666667, 0.02473888888888889)]","[(32212, 67.1, 10.11), (32212, 67.1, 10.11), (32212, 67.1, 10.11), (32212, 67.1, 10.11), (32208, 67.1, 10.060105555555555), (32212, 67.1, 10.11), (32209, 67.1, 10.092916666666666), (32211, 67.08426666666666, 10.109), (32210, 51.88858333333334, 6.092827777777777), (32212, 51.900000000000006, 6.1899999999999995), (32208, 51.89681666666667, 6.1137), (32212, 51.900000000000006, 6.1899999999999995), (32212, 51.900000000000006, 6.1899999999999995), (32212, 51.900000000000006, 6.1899999999999995), (32208, 51.899016666666675, 5.668772222222222), (32204, 51.47698333333334, 6.165261111111111)]"
